Traceback (most recent call last):
  File "/home/ubuntu/trading_bot_phase1/app.py", line 2, in <module>
    from flask import Flask, jsonify, render_template, request
ModuleNotFoundError: No module named 'flask'
 * Serving Flask app 'app'
 * Debug mode: on
[31m[1mWARNING: This is a development server. Do not use it in a production deployment. Use a production WSGI server instead.[0m
 * Running on all addresses (0.0.0.0)
 * Running on http://127.0.0.1:8080
 * Running on http://172.31.34.240:8080
[33mPress CTRL+C to quit[0m
 * Restarting with stat
 * Debugger is active!
 * Debugger PIN: 691-903-281
 * Serving Flask app 'app'
 * Debug mode: on
Address already in use
Port 8080 is in use by another program. Either identify and stop that program, or start the server with a different port.
108.36.243.78 - - [18/Oct/2025 20:09:03] "GET / HTTP/1.1" 200 -
108.36.243.78 - - [18/Oct/2025 20:09:05] "[33mGET /favicon.ico HTTP/1.1[0m" 404 -
 * Serving Flask app 'app'
 * Debug mode: on
Address already in use
Port 8080 is in use by another program. Either identify and stop that program, or start the server with a different port.
108.36.243.78 - - [18/Oct/2025 20:11:50] "GET / HTTP/1.1" 200 -
108.36.243.78 - - [18/Oct/2025 20:11:51] "GET /api/dashboard_data HTTP/1.1" 200 -
108.36.243.78 - - [18/Oct/2025 20:11:51] "GET /api/portfolio_status HTTP/1.1" 200 -
WARNING: All log messages before absl::InitializeLog() is called are written to STDERR
E0000 00:00:1760818312.480551   72129 alts_credentials.cc:93] ALTS creds ignored. Not running on GCP and untrusted ALTS is not enabled.
108.36.243.78 - - [18/Oct/2025 20:11:52] "[35m[1mGET /api/morning_briefing HTTP/1.1[0m" 500 -
108.36.243.78 - - [18/Oct/2025 20:12:21] "GET /api/dashboard_data HTTP/1.1" 200 -
108.36.243.78 - - [18/Oct/2025 20:12:21] "GET /api/portfolio_status HTTP/1.1" 200 -
108.36.243.78 - - [18/Oct/2025 20:12:51] "GET /api/dashboard_data HTTP/1.1" 200 -
108.36.243.78 - - [18/Oct/2025 20:12:51] "GET /api/portfolio_status HTTP/1.1" 200 -
108.36.243.78 - - [18/Oct/2025 20:13:21] "GET /api/dashboard_data HTTP/1.1" 200 -
108.36.243.78 - - [18/Oct/2025 20:13:21] "GET /api/portfolio_status HTTP/1.1" 200 -
108.36.243.78 - - [18/Oct/2025 20:13:51] "GET /api/dashboard_data HTTP/1.1" 200 -
108.36.243.78 - - [18/Oct/2025 20:13:51] "GET /api/portfolio_status HTTP/1.1" 200 -
108.36.243.78 - - [18/Oct/2025 20:14:21] "GET /api/dashboard_data HTTP/1.1" 200 -
108.36.243.78 - - [18/Oct/2025 20:14:21] "GET /api/portfolio_status HTTP/1.1" 200 -
108.36.243.78 - - [18/Oct/2025 20:14:51] "GET /api/dashboard_data HTTP/1.1" 200 -
108.36.243.78 - - [18/Oct/2025 20:14:51] "GET /api/portfolio_status HTTP/1.1" 200 -
108.36.243.78 - - [18/Oct/2025 20:16:07] "GET /api/dashboard_data HTTP/1.1" 200 -
108.36.243.78 - - [18/Oct/2025 20:16:07] "GET /api/portfolio_status HTTP/1.1" 200 -
 * Detected change in '/home/ubuntu/trading_bot_phase1/app.py', reloading
--- Running Market Safety Check ---
SPY Check: Current Price=$664.39, 200-day SMA=$601.96 -> OK
VIX Check: Current Level=20.78, Threshold=<30.0 -> OK
Result: Market is considered SAFE for new trades.
 * Restarting with stat
 * Debugger is active!
 * Debugger PIN: 691-903-281
108.36.243.78 - - [18/Oct/2025 20:17:08] "GET /api/dashboard_data HTTP/1.1" 200 -
108.36.243.78 - - [18/Oct/2025 20:17:08] "GET /api/portfolio_status HTTP/1.1" 200 -
108.36.243.78 - - [18/Oct/2025 20:18:07] "GET /api/dashboard_data HTTP/1.1" 200 -
108.36.243.78 - - [18/Oct/2025 20:18:07] "GET /api/portfolio_status HTTP/1.1" 200 -
 * Serving Flask app 'app'
 * Debug mode: on
Address already in use
Port 8080 is in use by another program. Either identify and stop that program, or start the server with a different port.
108.36.243.78 - - [18/Oct/2025 20:18:14] "GET / HTTP/1.1" 200 -
108.36.243.78 - - [18/Oct/2025 20:18:15] "GET /api/dashboard_data HTTP/1.1" 200 -
108.36.243.78 - - [18/Oct/2025 20:18:15] "GET /api/portfolio_status HTTP/1.1" 200 -
WARNING: All log messages before absl::InitializeLog() is called are written to STDERR
E0000 00:00:1760818696.008014   72183 alts_credentials.cc:93] ALTS creds ignored. Not running on GCP and untrusted ALTS is not enabled.
108.36.243.78 - - [18/Oct/2025 20:18:16] "[35m[1mGET /api/morning_briefing HTTP/1.1[0m" 500 -
108.36.243.78 - - [18/Oct/2025 20:18:45] "GET /api/dashboard_data HTTP/1.1" 200 -
108.36.243.78 - - [18/Oct/2025 20:18:45] "GET /api/portfolio_status HTTP/1.1" 200 -
108.36.243.78 - - [18/Oct/2025 20:19:19] "GET /api/dashboard_data HTTP/1.1" 200 -
108.36.243.78 - - [18/Oct/2025 20:19:19] "GET /api/portfolio_status HTTP/1.1" 200 -
108.36.243.78 - - [18/Oct/2025 20:19:45] "GET /api/dashboard_data HTTP/1.1" 200 -
108.36.243.78 - - [18/Oct/2025 20:19:45] "GET /api/portfolio_status HTTP/1.1" 200 -
 * Detected change in '/home/ubuntu/trading_bot_phase1/app.py', reloading
--- Running Market Safety Check ---
SPY Check: Current Price=$664.39, 200-day SMA=$601.96 -> OK
VIX Check: Current Level=20.78, Threshold=<30.0 -> OK
Result: Market is considered SAFE for new trades.
 * Restarting with stat
 * Serving Flask app 'app'
 * Debug mode: on
 * Debugger is active!
 * Debugger PIN: 691-903-281
Name or service not known
108.36.243.78 - - [18/Oct/2025 20:20:08] "GET / HTTP/1.1" 200 -
108.36.243.78 - - [18/Oct/2025 20:20:09] "GET /api/dashboard_data HTTP/1.1" 200 -
108.36.243.78 - - [18/Oct/2025 20:20:09] "GET /api/portfolio_status HTTP/1.1" 200 -
WARNING: All log messages before absl::InitializeLog() is called are written to STDERR
E0000 00:00:1760818809.564039   72218 alts_credentials.cc:93] ALTS creds ignored. Not running on GCP and untrusted ALTS is not enabled.
108.36.243.78 - - [18/Oct/2025 20:20:09] "[35m[1mGET /api/morning_briefing HTTP/1.1[0m" 500 -
108.36.243.78 - - [18/Oct/2025 20:20:39] "GET /api/dashboard_data HTTP/1.1" 200 -
108.36.243.78 - - [18/Oct/2025 20:20:39] "GET /api/portfolio_status HTTP/1.1" 200 -
108.36.243.78 - - [18/Oct/2025 20:21:09] "GET /api/dashboard_data HTTP/1.1" 200 -
108.36.243.78 - - [18/Oct/2025 20:21:09] "GET /api/portfolio_status HTTP/1.1" 200 -
108.36.243.78 - - [18/Oct/2025 20:21:39] "GET /api/dashboard_data HTTP/1.1" 200 -
108.36.243.78 - - [18/Oct/2025 20:21:39] "GET /api/portfolio_status HTTP/1.1" 200 -
 * Detected change in '/home/ubuntu/trading_bot_phase1/app.py', reloading
--- Running Market Safety Check ---
SPY Check: Current Price=$664.39, 200-day SMA=$601.96 -> OK
VIX Check: Current Level=20.78, Threshold=<30.0 -> OK
Result: Market is considered SAFE for new trades.
 * Restarting with stat
 * Serving Flask app 'app'
 * Debug mode: on
Name or service not known
 * Debugger is active!
 * Debugger PIN: 691-903-281
108.36.243.78 - - [18/Oct/2025 20:22:09] "GET /api/dashboard_data HTTP/1.1" 200 -
108.36.243.78 - - [18/Oct/2025 20:22:09] "GET /api/portfolio_status HTTP/1.1" 200 -
108.36.243.78 - - [18/Oct/2025 20:22:18] "GET / HTTP/1.1" 200 -
108.36.243.78 - - [18/Oct/2025 20:22:18] "GET /api/dashboard_data HTTP/1.1" 200 -
108.36.243.78 - - [18/Oct/2025 20:22:18] "GET /api/portfolio_status HTTP/1.1" 200 -
WARNING: All log messages before absl::InitializeLog() is called are written to STDERR
E0000 00:00:1760818938.987505   72248 alts_credentials.cc:93] ALTS creds ignored. Not running on GCP and untrusted ALTS is not enabled.
108.36.243.78 - - [18/Oct/2025 20:22:31] "GET /api/morning_briefing HTTP/1.1" 200 -
108.36.243.78 - - [18/Oct/2025 20:22:48] "GET /api/dashboard_data HTTP/1.1" 200 -
108.36.243.78 - - [18/Oct/2025 20:22:48] "GET /api/portfolio_status HTTP/1.1" 200 -
108.36.243.78 - - [18/Oct/2025 20:23:18] "GET /api/dashboard_data HTTP/1.1" 200 -
108.36.243.78 - - [18/Oct/2025 20:23:18] "GET /api/portfolio_status HTTP/1.1" 200 -
108.36.243.78 - - [18/Oct/2025 20:23:48] "GET /api/dashboard_data HTTP/1.1" 200 -
108.36.243.78 - - [18/Oct/2025 20:23:48] "GET /api/portfolio_status HTTP/1.1" 200 -
108.36.243.78 - - [18/Oct/2025 20:24:18] "GET /api/dashboard_data HTTP/1.1" 200 -
108.36.243.78 - - [18/Oct/2025 20:24:18] "GET /api/portfolio_status HTTP/1.1" 200 -
108.36.243.78 - - [18/Oct/2025 20:24:48] "GET /api/dashboard_data HTTP/1.1" 200 -
108.36.243.78 - - [18/Oct/2025 20:24:48] "GET /api/portfolio_status HTTP/1.1" 200 -
108.36.243.78 - - [18/Oct/2025 20:25:18] "GET /api/dashboard_data HTTP/1.1" 200 -
108.36.243.78 - - [18/Oct/2025 20:25:18] "GET /api/portfolio_status HTTP/1.1" 200 -
108.36.243.78 - - [18/Oct/2025 20:26:07] "GET /api/dashboard_data HTTP/1.1" 200 -
108.36.243.78 - - [18/Oct/2025 20:26:07] "GET /api/portfolio_status HTTP/1.1" 200 -
108.36.243.78 - - [18/Oct/2025 20:27:08] "GET /api/dashboard_data HTTP/1.1" 200 -
108.36.243.78 - - [18/Oct/2025 20:27:08] "GET /api/portfolio_status HTTP/1.1" 200 -
108.36.243.78 - - [18/Oct/2025 20:28:07] "GET /api/dashboard_data HTTP/1.1" 200 -
108.36.243.78 - - [18/Oct/2025 20:28:07] "GET /api/portfolio_status HTTP/1.1" 200 -
108.36.243.78 - - [18/Oct/2025 20:29:08] "GET /api/dashboard_data HTTP/1.1" 200 -
108.36.243.78 - - [18/Oct/2025 20:29:08] "GET /api/portfolio_status HTTP/1.1" 200 -
108.36.243.78 - - [18/Oct/2025 20:30:07] "GET /api/dashboard_data HTTP/1.1" 200 -
108.36.243.78 - - [18/Oct/2025 20:30:07] "GET /api/portfolio_status HTTP/1.1" 200 -
108.36.243.78 - - [18/Oct/2025 20:31:07] "GET /api/dashboard_data HTTP/1.1" 200 -
108.36.243.78 - - [18/Oct/2025 20:31:07] "GET /api/portfolio_status HTTP/1.1" 200 -
 * Detected change in '/home/ubuntu/trading_bot_phase1/app.py', reloading
--- Running Market Safety Check ---
SPY Check: Current Price=$664.39, 200-day SMA=$601.96 -> OK
VIX Check: Current Level=20.78, Threshold=<30.0 -> OK
Result: Market is considered SAFE for new trades.
 * Restarting with stat
Traceback (most recent call last):
  File "/home/ubuntu/trading_bot_phase1/app.py", line 11, in <module>
    from strategies import get_sma_signal, get_rsi_signal # Import to calculate indicator lines for charts
    ^^^^^^^^^^^^^^^^^^^^^^^^^^^^^^^^^^^^^^^^^^^^^^^^^^^^^
  File "/home/ubuntu/trading_bot_phase1/strategies.py", line 2, in <module>
    from analysis_toolkit import get_sma, get_rsi
  File "/home/ubuntu/trading_bot_phase1/analysis_toolkit.py", line 2, in <module>
    from backtesting import Backtest
ModuleNotFoundError: No module named 'backtesting'
Traceback (most recent call last):
  File "/home/ubuntu/trading_bot_phase1/app.py", line 3, in <module>
    from flask_sock import Sock # NEW: Import Flask-Sock
    ^^^^^^^^^^^^^^^^^^^^^^^^^^^
ModuleNotFoundError: No module named 'flask_sock'
Traceback (most recent call last):
  File "/home/ubuntu/trading_bot_phase1/app.py", line 3, in <module>
    from flask_sock import Sock # NEW: Import Flask-Sock
    ^^^^^^^^^^^^^^^^^^^^^^^^^^^
ModuleNotFoundError: No module named 'flask_sock'
Traceback (most recent call last):
  File "/home/ubuntu/trading_bot_phase1/app.py", line 12, in <module>
    from strategies import get_sma_signal, get_rsi_signal
  File "/home/ubuntu/trading_bot_phase1/strategies.py", line 2, in <module>
    from analysis_toolkit import get_sma, get_rsi
  File "/home/ubuntu/trading_bot_phase1/analysis_toolkit.py", line 2, in <module>
    from backtesting import Backtest
ModuleNotFoundError: No module named 'backtesting'
Traceback (most recent call last):
  File "/home/ubuntu/trading_bot_phase1/app.py", line 12, in <module>
    from strategies import get_sma_signal, get_rsi_signal
  File "/home/ubuntu/trading_bot_phase1/strategies.py", line 2, in <module>
    from analysis_toolkit import get_sma, get_rsi
  File "/home/ubuntu/trading_bot_phase1/analysis_toolkit.py", line 3, in <module>
    from strategies.sma_cross import SmaCross
ModuleNotFoundError: No module named 'strategies.sma_cross'; 'strategies' is not a package
 * Serving Flask app 'app'
 * Debug mode: on
[31m[1mWARNING: This is a development server. Do not use it in a production deployment. Use a production WSGI server instead.[0m
 * Running on all addresses (0.0.0.0)
 * Running on http://127.0.0.1:8080
 * Running on http://172.31.34.240:8080
[33mPress CTRL+C to quit[0m
 * Restarting with stat
 * Debugger is active!
 * Debugger PIN: 691-903-281
108.36.243.78 - - [18/Oct/2025 20:44:32] "GET / HTTP/1.1" 200 -
108.36.243.78 - - [18/Oct/2025 20:44:32] "GET /api/portfolio_status HTTP/1.1" 200 -
108.36.243.78 - - [18/Oct/2025 20:44:39] "GET / HTTP/1.1" 200 -
108.36.243.78 - - [18/Oct/2025 20:44:39] "GET /api/portfolio_status HTTP/1.1" 200 -
error during websocket communication: connection limit exceeded
Traceback (most recent call last):
  File "/home/ubuntu/trading_bot_phase1/venv/lib/python3.12/site-packages/alpaca_trade_api/stream.py", line 251, in _run_forever
    await self._start_ws()
  File "/home/ubuntu/trading_bot_phase1/venv/lib/python3.12/site-packages/alpaca_trade_api/stream.py", line 105, in _start_ws
    await self._auth()
  File "/home/ubuntu/trading_bot_phase1/venv/lib/python3.12/site-packages/alpaca_trade_api/stream.py", line 99, in _auth
    raise ValueError(msg[0].get('msg', 'auth failed'))
ValueError: connection limit exceeded
error during websocket communication: connection limit exceeded
Traceback (most recent call last):
  File "/home/ubuntu/trading_bot_phase1/venv/lib/python3.12/site-packages/alpaca_trade_api/stream.py", line 251, in _run_forever
    await self._start_ws()
  File "/home/ubuntu/trading_bot_phase1/venv/lib/python3.12/site-packages/alpaca_trade_api/stream.py", line 105, in _start_ws
    await self._auth()
  File "/home/ubuntu/trading_bot_phase1/venv/lib/python3.12/site-packages/alpaca_trade_api/stream.py", line 99, in _auth
    raise ValueError(msg[0].get('msg', 'auth failed'))
ValueError: connection limit exceeded
error during websocket communication: connection limit exceeded
Traceback (most recent call last):
  File "/home/ubuntu/trading_bot_phase1/venv/lib/python3.12/site-packages/alpaca_trade_api/stream.py", line 251, in _run_forever
    await self._start_ws()
  File "/home/ubuntu/trading_bot_phase1/venv/lib/python3.12/site-packages/alpaca_trade_api/stream.py", line 105, in _start_ws
    await self._auth()
  File "/home/ubuntu/trading_bot_phase1/venv/lib/python3.12/site-packages/alpaca_trade_api/stream.py", line 99, in _auth
    raise ValueError(msg[0].get('msg', 'auth failed'))
ValueError: connection limit exceeded
error during websocket communication: connection limit exceeded
Traceback (most recent call last):
  File "/home/ubuntu/trading_bot_phase1/venv/lib/python3.12/site-packages/alpaca_trade_api/stream.py", line 251, in _run_forever
    await self._start_ws()
  File "/home/ubuntu/trading_bot_phase1/venv/lib/python3.12/site-packages/alpaca_trade_api/stream.py", line 105, in _start_ws
    await self._auth()
  File "/home/ubuntu/trading_bot_phase1/venv/lib/python3.12/site-packages/alpaca_trade_api/stream.py", line 99, in _auth
    raise ValueError(msg[0].get('msg', 'auth failed'))
ValueError: connection limit exceeded
error during websocket communication: connection limit exceeded
Traceback (most recent call last):
  File "/home/ubuntu/trading_bot_phase1/venv/lib/python3.12/site-packages/alpaca_trade_api/stream.py", line 251, in _run_forever
    await self._start_ws()
  File "/home/ubuntu/trading_bot_phase1/venv/lib/python3.12/site-packages/alpaca_trade_api/stream.py", line 105, in _start_ws
    await self._auth()
  File "/home/ubuntu/trading_bot_phase1/venv/lib/python3.12/site-packages/alpaca_trade_api/stream.py", line 99, in _auth
    raise ValueError(msg[0].get('msg', 'auth failed'))
ValueError: connection limit exceeded
error during websocket communication: connection limit exceeded
Traceback (most recent call last):
  File "/home/ubuntu/trading_bot_phase1/venv/lib/python3.12/site-packages/alpaca_trade_api/stream.py", line 251, in _run_forever
    await self._start_ws()
  File "/home/ubuntu/trading_bot_phase1/venv/lib/python3.12/site-packages/alpaca_trade_api/stream.py", line 105, in _start_ws
    await self._auth()
  File "/home/ubuntu/trading_bot_phase1/venv/lib/python3.12/site-packages/alpaca_trade_api/stream.py", line 99, in _auth
    raise ValueError(msg[0].get('msg', 'auth failed'))
ValueError: connection limit exceeded
error during websocket communication: connection limit exceeded
Traceback (most recent call last):
  File "/home/ubuntu/trading_bot_phase1/venv/lib/python3.12/site-packages/alpaca_trade_api/stream.py", line 251, in _run_forever
    await self._start_ws()
  File "/home/ubuntu/trading_bot_phase1/venv/lib/python3.12/site-packages/alpaca_trade_api/stream.py", line 105, in _start_ws
    await self._auth()
  File "/home/ubuntu/trading_bot_phase1/venv/lib/python3.12/site-packages/alpaca_trade_api/stream.py", line 99, in _auth
    raise ValueError(msg[0].get('msg', 'auth failed'))
ValueError: connection limit exceeded
error during websocket communication: connection limit exceeded
Traceback (most recent call last):
  File "/home/ubuntu/trading_bot_phase1/venv/lib/python3.12/site-packages/alpaca_trade_api/stream.py", line 251, in _run_forever
    await self._start_ws()
  File "/home/ubuntu/trading_bot_phase1/venv/lib/python3.12/site-packages/alpaca_trade_api/stream.py", line 105, in _start_ws
    await self._auth()
  File "/home/ubuntu/trading_bot_phase1/venv/lib/python3.12/site-packages/alpaca_trade_api/stream.py", line 99, in _auth
    raise ValueError(msg[0].get('msg', 'auth failed'))
ValueError: connection limit exceeded
error during websocket communication: connection limit exceeded
Traceback (most recent call last):
  File "/home/ubuntu/trading_bot_phase1/venv/lib/python3.12/site-packages/alpaca_trade_api/stream.py", line 251, in _run_forever
    await self._start_ws()
  File "/home/ubuntu/trading_bot_phase1/venv/lib/python3.12/site-packages/alpaca_trade_api/stream.py", line 105, in _start_ws
    await self._auth()
  File "/home/ubuntu/trading_bot_phase1/venv/lib/python3.12/site-packages/alpaca_trade_api/stream.py", line 99, in _auth
    raise ValueError(msg[0].get('msg', 'auth failed'))
ValueError: connection limit exceeded
error during websocket communication: connection limit exceeded
Traceback (most recent call last):
  File "/home/ubuntu/trading_bot_phase1/venv/lib/python3.12/site-packages/alpaca_trade_api/stream.py", line 251, in _run_forever
    await self._start_ws()
  File "/home/ubuntu/trading_bot_phase1/venv/lib/python3.12/site-packages/alpaca_trade_api/stream.py", line 105, in _start_ws
    await self._auth()
  File "/home/ubuntu/trading_bot_phase1/venv/lib/python3.12/site-packages/alpaca_trade_api/stream.py", line 99, in _auth
    raise ValueError(msg[0].get('msg', 'auth failed'))
ValueError: connection limit exceeded
error during websocket communication: connection limit exceeded
Traceback (most recent call last):
  File "/home/ubuntu/trading_bot_phase1/venv/lib/python3.12/site-packages/alpaca_trade_api/stream.py", line 251, in _run_forever
    await self._start_ws()
  File "/home/ubuntu/trading_bot_phase1/venv/lib/python3.12/site-packages/alpaca_trade_api/stream.py", line 105, in _start_ws
    await self._auth()
  File "/home/ubuntu/trading_bot_phase1/venv/lib/python3.12/site-packages/alpaca_trade_api/stream.py", line 99, in _auth
    raise ValueError(msg[0].get('msg', 'auth failed'))
ValueError: connection limit exceeded
error during websocket communication: connection limit exceeded
Traceback (most recent call last):
  File "/home/ubuntu/trading_bot_phase1/venv/lib/python3.12/site-packages/alpaca_trade_api/stream.py", line 251, in _run_forever
    await self._start_ws()
  File "/home/ubuntu/trading_bot_phase1/venv/lib/python3.12/site-packages/alpaca_trade_api/stream.py", line 105, in _start_ws
    await self._auth()
  File "/home/ubuntu/trading_bot_phase1/venv/lib/python3.12/site-packages/alpaca_trade_api/stream.py", line 99, in _auth
    raise ValueError(msg[0].get('msg', 'auth failed'))
ValueError: connection limit exceeded
error during websocket communication: connection limit exceeded
Traceback (most recent call last):
  File "/home/ubuntu/trading_bot_phase1/venv/lib/python3.12/site-packages/alpaca_trade_api/stream.py", line 251, in _run_forever
    await self._start_ws()
  File "/home/ubuntu/trading_bot_phase1/venv/lib/python3.12/site-packages/alpaca_trade_api/stream.py", line 105, in _start_ws
    await self._auth()
  File "/home/ubuntu/trading_bot_phase1/venv/lib/python3.12/site-packages/alpaca_trade_api/stream.py", line 99, in _auth
    raise ValueError(msg[0].get('msg', 'auth failed'))
ValueError: connection limit exceeded
error during websocket communication: connection limit exceeded
Traceback (most recent call last):
  File "/home/ubuntu/trading_bot_phase1/venv/lib/python3.12/site-packages/alpaca_trade_api/stream.py", line 251, in _run_forever
    await self._start_ws()
  File "/home/ubuntu/trading_bot_phase1/venv/lib/python3.12/site-packages/alpaca_trade_api/stream.py", line 105, in _start_ws
    await self._auth()
  File "/home/ubuntu/trading_bot_phase1/venv/lib/python3.12/site-packages/alpaca_trade_api/stream.py", line 99, in _auth
    raise ValueError(msg[0].get('msg', 'auth failed'))
ValueError: connection limit exceeded
error during websocket communication: connection limit exceeded
Traceback (most recent call last):
  File "/home/ubuntu/trading_bot_phase1/venv/lib/python3.12/site-packages/alpaca_trade_api/stream.py", line 251, in _run_forever
    await self._start_ws()
  File "/home/ubuntu/trading_bot_phase1/venv/lib/python3.12/site-packages/alpaca_trade_api/stream.py", line 105, in _start_ws
    await self._auth()
  File "/home/ubuntu/trading_bot_phase1/venv/lib/python3.12/site-packages/alpaca_trade_api/stream.py", line 99, in _auth
    raise ValueError(msg[0].get('msg', 'auth failed'))
ValueError: connection limit exceeded
error during websocket communication: connection limit exceeded
Traceback (most recent call last):
  File "/home/ubuntu/trading_bot_phase1/venv/lib/python3.12/site-packages/alpaca_trade_api/stream.py", line 251, in _run_forever
    await self._start_ws()
  File "/home/ubuntu/trading_bot_phase1/venv/lib/python3.12/site-packages/alpaca_trade_api/stream.py", line 105, in _start_ws
    await self._auth()
  File "/home/ubuntu/trading_bot_phase1/venv/lib/python3.12/site-packages/alpaca_trade_api/stream.py", line 99, in _auth
    raise ValueError(msg[0].get('msg', 'auth failed'))
ValueError: connection limit exceeded
error during websocket communication: connection limit exceeded
Traceback (most recent call last):
  File "/home/ubuntu/trading_bot_phase1/venv/lib/python3.12/site-packages/alpaca_trade_api/stream.py", line 251, in _run_forever
    await self._start_ws()
  File "/home/ubuntu/trading_bot_phase1/venv/lib/python3.12/site-packages/alpaca_trade_api/stream.py", line 105, in _start_ws
    await self._auth()
  File "/home/ubuntu/trading_bot_phase1/venv/lib/python3.12/site-packages/alpaca_trade_api/stream.py", line 99, in _auth
    raise ValueError(msg[0].get('msg', 'auth failed'))
ValueError: connection limit exceeded
error during websocket communication: connection limit exceeded
Traceback (most recent call last):
  File "/home/ubuntu/trading_bot_phase1/venv/lib/python3.12/site-packages/alpaca_trade_api/stream.py", line 251, in _run_forever
    await self._start_ws()
  File "/home/ubuntu/trading_bot_phase1/venv/lib/python3.12/site-packages/alpaca_trade_api/stream.py", line 105, in _start_ws
    await self._auth()
  File "/home/ubuntu/trading_bot_phase1/venv/lib/python3.12/site-packages/alpaca_trade_api/stream.py", line 99, in _auth
    raise ValueError(msg[0].get('msg', 'auth failed'))
ValueError: connection limit exceeded
error during websocket communication: connection limit exceeded
Traceback (most recent call last):
  File "/home/ubuntu/trading_bot_phase1/venv/lib/python3.12/site-packages/alpaca_trade_api/stream.py", line 251, in _run_forever
    await self._start_ws()
  File "/home/ubuntu/trading_bot_phase1/venv/lib/python3.12/site-packages/alpaca_trade_api/stream.py", line 105, in _start_ws
    await self._auth()
  File "/home/ubuntu/trading_bot_phase1/venv/lib/python3.12/site-packages/alpaca_trade_api/stream.py", line 99, in _auth
    raise ValueError(msg[0].get('msg', 'auth failed'))
ValueError: connection limit exceeded
data websocket error, restarting connection: server rejected WebSocket connection: HTTP 429
error during websocket communication: connection limit exceeded
Traceback (most recent call last):
  File "/home/ubuntu/trading_bot_phase1/venv/lib/python3.12/site-packages/alpaca_trade_api/stream.py", line 251, in _run_forever
    await self._start_ws()
  File "/home/ubuntu/trading_bot_phase1/venv/lib/python3.12/site-packages/alpaca_trade_api/stream.py", line 105, in _start_ws
    await self._auth()
  File "/home/ubuntu/trading_bot_phase1/venv/lib/python3.12/site-packages/alpaca_trade_api/stream.py", line 99, in _auth
    raise ValueError(msg[0].get('msg', 'auth failed'))
ValueError: connection limit exceeded
data websocket error, restarting connection: server rejected WebSocket connection: HTTP 429
error during websocket communication: connection limit exceeded
Traceback (most recent call last):
  File "/home/ubuntu/trading_bot_phase1/venv/lib/python3.12/site-packages/alpaca_trade_api/stream.py", line 251, in _run_forever
    await self._start_ws()
  File "/home/ubuntu/trading_bot_phase1/venv/lib/python3.12/site-packages/alpaca_trade_api/stream.py", line 105, in _start_ws
    await self._auth()
  File "/home/ubuntu/trading_bot_phase1/venv/lib/python3.12/site-packages/alpaca_trade_api/stream.py", line 99, in _auth
    raise ValueError(msg[0].get('msg', 'auth failed'))
ValueError: connection limit exceeded
data websocket error, restarting connection: server rejected WebSocket connection: HTTP 429
error during websocket communication: connection limit exceeded
Traceback (most recent call last):
  File "/home/ubuntu/trading_bot_phase1/venv/lib/python3.12/site-packages/alpaca_trade_api/stream.py", line 251, in _run_forever
    await self._start_ws()
  File "/home/ubuntu/trading_bot_phase1/venv/lib/python3.12/site-packages/alpaca_trade_api/stream.py", line 105, in _start_ws
    await self._auth()
  File "/home/ubuntu/trading_bot_phase1/venv/lib/python3.12/site-packages/alpaca_trade_api/stream.py", line 99, in _auth
    raise ValueError(msg[0].get('msg', 'auth failed'))
ValueError: connection limit exceeded
data websocket error, restarting connection: server rejected WebSocket connection: HTTP 429
data websocket error, restarting connection: server rejected WebSocket connection: HTTP 429
error during websocket communication: connection limit exceeded
Traceback (most recent call last):
  File "/home/ubuntu/trading_bot_phase1/venv/lib/python3.12/site-packages/alpaca_trade_api/stream.py", line 251, in _run_forever
    await self._start_ws()
  File "/home/ubuntu/trading_bot_phase1/venv/lib/python3.12/site-packages/alpaca_trade_api/stream.py", line 105, in _start_ws
    await self._auth()
  File "/home/ubuntu/trading_bot_phase1/venv/lib/python3.12/site-packages/alpaca_trade_api/stream.py", line 99, in _auth
    raise ValueError(msg[0].get('msg', 'auth failed'))
ValueError: connection limit exceeded
data websocket error, restarting connection: server rejected WebSocket connection: HTTP 429
error during websocket communication: connection limit exceeded
Traceback (most recent call last):
  File "/home/ubuntu/trading_bot_phase1/venv/lib/python3.12/site-packages/alpaca_trade_api/stream.py", line 251, in _run_forever
    await self._start_ws()
  File "/home/ubuntu/trading_bot_phase1/venv/lib/python3.12/site-packages/alpaca_trade_api/stream.py", line 105, in _start_ws
    await self._auth()
  File "/home/ubuntu/trading_bot_phase1/venv/lib/python3.12/site-packages/alpaca_trade_api/stream.py", line 99, in _auth
    raise ValueError(msg[0].get('msg', 'auth failed'))
ValueError: connection limit exceeded
data websocket error, restarting connection: server rejected WebSocket connection: HTTP 429
error during websocket communication: connection limit exceeded
Traceback (most recent call last):
  File "/home/ubuntu/trading_bot_phase1/venv/lib/python3.12/site-packages/alpaca_trade_api/stream.py", line 251, in _run_forever
    await self._start_ws()
  File "/home/ubuntu/trading_bot_phase1/venv/lib/python3.12/site-packages/alpaca_trade_api/stream.py", line 105, in _start_ws
    await self._auth()
  File "/home/ubuntu/trading_bot_phase1/venv/lib/python3.12/site-packages/alpaca_trade_api/stream.py", line 99, in _auth
    raise ValueError(msg[0].get('msg', 'auth failed'))
ValueError: connection limit exceeded
data websocket error, restarting connection: server rejected WebSocket connection: HTTP 429
error during websocket communication: connection limit exceeded
Traceback (most recent call last):
  File "/home/ubuntu/trading_bot_phase1/venv/lib/python3.12/site-packages/alpaca_trade_api/stream.py", line 251, in _run_forever
    await self._start_ws()
  File "/home/ubuntu/trading_bot_phase1/venv/lib/python3.12/site-packages/alpaca_trade_api/stream.py", line 105, in _start_ws
    await self._auth()
  File "/home/ubuntu/trading_bot_phase1/venv/lib/python3.12/site-packages/alpaca_trade_api/stream.py", line 99, in _auth
    raise ValueError(msg[0].get('msg', 'auth failed'))
ValueError: connection limit exceeded
data websocket error, restarting connection: server rejected WebSocket connection: HTTP 429
error during websocket communication: connection limit exceeded
Traceback (most recent call last):
  File "/home/ubuntu/trading_bot_phase1/venv/lib/python3.12/site-packages/alpaca_trade_api/stream.py", line 251, in _run_forever
    await self._start_ws()
  File "/home/ubuntu/trading_bot_phase1/venv/lib/python3.12/site-packages/alpaca_trade_api/stream.py", line 105, in _start_ws
    await self._auth()
  File "/home/ubuntu/trading_bot_phase1/venv/lib/python3.12/site-packages/alpaca_trade_api/stream.py", line 99, in _auth
    raise ValueError(msg[0].get('msg', 'auth failed'))
ValueError: connection limit exceeded
data websocket error, restarting connection: server rejected WebSocket connection: HTTP 429
error during websocket communication: connection limit exceeded
Traceback (most recent call last):
  File "/home/ubuntu/trading_bot_phase1/venv/lib/python3.12/site-packages/alpaca_trade_api/stream.py", line 251, in _run_forever
    await self._start_ws()
  File "/home/ubuntu/trading_bot_phase1/venv/lib/python3.12/site-packages/alpaca_trade_api/stream.py", line 105, in _start_ws
    await self._auth()
  File "/home/ubuntu/trading_bot_phase1/venv/lib/python3.12/site-packages/alpaca_trade_api/stream.py", line 99, in _auth
    raise ValueError(msg[0].get('msg', 'auth failed'))
ValueError: connection limit exceeded
data websocket error, restarting connection: server rejected WebSocket connection: HTTP 429
data websocket error, restarting connection: server rejected WebSocket connection: HTTP 429
error during websocket communication: connection limit exceeded
Traceback (most recent call last):
  File "/home/ubuntu/trading_bot_phase1/venv/lib/python3.12/site-packages/alpaca_trade_api/stream.py", line 251, in _run_forever
    await self._start_ws()
  File "/home/ubuntu/trading_bot_phase1/venv/lib/python3.12/site-packages/alpaca_trade_api/stream.py", line 105, in _start_ws
    await self._auth()
  File "/home/ubuntu/trading_bot_phase1/venv/lib/python3.12/site-packages/alpaca_trade_api/stream.py", line 99, in _auth
    raise ValueError(msg[0].get('msg', 'auth failed'))
ValueError: connection limit exceeded
data websocket error, restarting connection: server rejected WebSocket connection: HTTP 429
error during websocket communication: connection limit exceeded
Traceback (most recent call last):
  File "/home/ubuntu/trading_bot_phase1/venv/lib/python3.12/site-packages/alpaca_trade_api/stream.py", line 251, in _run_forever
    await self._start_ws()
  File "/home/ubuntu/trading_bot_phase1/venv/lib/python3.12/site-packages/alpaca_trade_api/stream.py", line 105, in _start_ws
    await self._auth()
  File "/home/ubuntu/trading_bot_phase1/venv/lib/python3.12/site-packages/alpaca_trade_api/stream.py", line 99, in _auth
    raise ValueError(msg[0].get('msg', 'auth failed'))
ValueError: connection limit exceeded
data websocket error, restarting connection: server rejected WebSocket connection: HTTP 429
data websocket error, restarting connection: server rejected WebSocket connection: HTTP 429
error during websocket communication: connection limit exceeded
Traceback (most recent call last):
  File "/home/ubuntu/trading_bot_phase1/venv/lib/python3.12/site-packages/alpaca_trade_api/stream.py", line 251, in _run_forever
    await self._start_ws()
  File "/home/ubuntu/trading_bot_phase1/venv/lib/python3.12/site-packages/alpaca_trade_api/stream.py", line 105, in _start_ws
    await self._auth()
  File "/home/ubuntu/trading_bot_phase1/venv/lib/python3.12/site-packages/alpaca_trade_api/stream.py", line 99, in _auth
    raise ValueError(msg[0].get('msg', 'auth failed'))
ValueError: connection limit exceeded
data websocket error, restarting connection: server rejected WebSocket connection: HTTP 429
error during websocket communication: connection limit exceeded
Traceback (most recent call last):
  File "/home/ubuntu/trading_bot_phase1/venv/lib/python3.12/site-packages/alpaca_trade_api/stream.py", line 251, in _run_forever
    await self._start_ws()
  File "/home/ubuntu/trading_bot_phase1/venv/lib/python3.12/site-packages/alpaca_trade_api/stream.py", line 105, in _start_ws
    await self._auth()
  File "/home/ubuntu/trading_bot_phase1/venv/lib/python3.12/site-packages/alpaca_trade_api/stream.py", line 99, in _auth
    raise ValueError(msg[0].get('msg', 'auth failed'))
ValueError: connection limit exceeded
data websocket error, restarting connection: server rejected WebSocket connection: HTTP 429
data websocket error, restarting connection: server rejected WebSocket connection: HTTP 429
error during websocket communication: connection limit exceeded
Traceback (most recent call last):
  File "/home/ubuntu/trading_bot_phase1/venv/lib/python3.12/site-packages/alpaca_trade_api/stream.py", line 251, in _run_forever
    await self._start_ws()
  File "/home/ubuntu/trading_bot_phase1/venv/lib/python3.12/site-packages/alpaca_trade_api/stream.py", line 105, in _start_ws
    await self._auth()
  File "/home/ubuntu/trading_bot_phase1/venv/lib/python3.12/site-packages/alpaca_trade_api/stream.py", line 99, in _auth
    raise ValueError(msg[0].get('msg', 'auth failed'))
ValueError: connection limit exceeded
data websocket error, restarting connection: server rejected WebSocket connection: HTTP 429
data websocket error, restarting connection: server rejected WebSocket connection: HTTP 429
error during websocket communication: connection limit exceeded
Traceback (most recent call last):
  File "/home/ubuntu/trading_bot_phase1/venv/lib/python3.12/site-packages/alpaca_trade_api/stream.py", line 251, in _run_forever
    await self._start_ws()
  File "/home/ubuntu/trading_bot_phase1/venv/lib/python3.12/site-packages/alpaca_trade_api/stream.py", line 105, in _start_ws
    await self._auth()
  File "/home/ubuntu/trading_bot_phase1/venv/lib/python3.12/site-packages/alpaca_trade_api/stream.py", line 99, in _auth
    raise ValueError(msg[0].get('msg', 'auth failed'))
ValueError: connection limit exceeded
data websocket error, restarting connection: server rejected WebSocket connection: HTTP 429
error during websocket communication: connection limit exceeded
Traceback (most recent call last):
  File "/home/ubuntu/trading_bot_phase1/venv/lib/python3.12/site-packages/alpaca_trade_api/stream.py", line 251, in _run_forever
    await self._start_ws()
  File "/home/ubuntu/trading_bot_phase1/venv/lib/python3.12/site-packages/alpaca_trade_api/stream.py", line 105, in _start_ws
    await self._auth()
  File "/home/ubuntu/trading_bot_phase1/venv/lib/python3.12/site-packages/alpaca_trade_api/stream.py", line 99, in _auth
    raise ValueError(msg[0].get('msg', 'auth failed'))
ValueError: connection limit exceeded
data websocket error, restarting connection: server rejected WebSocket connection: HTTP 429
error during websocket communication: connection limit exceeded
Traceback (most recent call last):
  File "/home/ubuntu/trading_bot_phase1/venv/lib/python3.12/site-packages/alpaca_trade_api/stream.py", line 251, in _run_forever
    await self._start_ws()
  File "/home/ubuntu/trading_bot_phase1/venv/lib/python3.12/site-packages/alpaca_trade_api/stream.py", line 105, in _start_ws
    await self._auth()
  File "/home/ubuntu/trading_bot_phase1/venv/lib/python3.12/site-packages/alpaca_trade_api/stream.py", line 99, in _auth
    raise ValueError(msg[0].get('msg', 'auth failed'))
ValueError: connection limit exceeded
data websocket error, restarting connection: server rejected WebSocket connection: HTTP 429
data websocket error, restarting connection: server rejected WebSocket connection: HTTP 429
error during websocket communication: connection limit exceeded
Traceback (most recent call last):
  File "/home/ubuntu/trading_bot_phase1/venv/lib/python3.12/site-packages/alpaca_trade_api/stream.py", line 251, in _run_forever
    await self._start_ws()
  File "/home/ubuntu/trading_bot_phase1/venv/lib/python3.12/site-packages/alpaca_trade_api/stream.py", line 105, in _start_ws
    await self._auth()
  File "/home/ubuntu/trading_bot_phase1/venv/lib/python3.12/site-packages/alpaca_trade_api/stream.py", line 99, in _auth
    raise ValueError(msg[0].get('msg', 'auth failed'))
ValueError: connection limit exceeded
data websocket error, restarting connection: server rejected WebSocket connection: HTTP 429
error during websocket communication: connection limit exceeded
Traceback (most recent call last):
  File "/home/ubuntu/trading_bot_phase1/venv/lib/python3.12/site-packages/alpaca_trade_api/stream.py", line 251, in _run_forever
    await self._start_ws()
  File "/home/ubuntu/trading_bot_phase1/venv/lib/python3.12/site-packages/alpaca_trade_api/stream.py", line 105, in _start_ws
    await self._auth()
  File "/home/ubuntu/trading_bot_phase1/venv/lib/python3.12/site-packages/alpaca_trade_api/stream.py", line 99, in _auth
    raise ValueError(msg[0].get('msg', 'auth failed'))
ValueError: connection limit exceeded
data websocket error, restarting connection: server rejected WebSocket connection: HTTP 429
data websocket error, restarting connection: server rejected WebSocket connection: HTTP 429
data websocket error, restarting connection: server rejected WebSocket connection: HTTP 429
error during websocket communication: connection limit exceeded
Traceback (most recent call last):
  File "/home/ubuntu/trading_bot_phase1/venv/lib/python3.12/site-packages/alpaca_trade_api/stream.py", line 251, in _run_forever
    await self._start_ws()
  File "/home/ubuntu/trading_bot_phase1/venv/lib/python3.12/site-packages/alpaca_trade_api/stream.py", line 105, in _start_ws
    await self._auth()
  File "/home/ubuntu/trading_bot_phase1/venv/lib/python3.12/site-packages/alpaca_trade_api/stream.py", line 99, in _auth
    raise ValueError(msg[0].get('msg', 'auth failed'))
ValueError: connection limit exceeded
data websocket error, restarting connection: server rejected WebSocket connection: HTTP 429
error during websocket communication: connection limit exceeded
Traceback (most recent call last):
  File "/home/ubuntu/trading_bot_phase1/venv/lib/python3.12/site-packages/alpaca_trade_api/stream.py", line 251, in _run_forever
    await self._start_ws()
  File "/home/ubuntu/trading_bot_phase1/venv/lib/python3.12/site-packages/alpaca_trade_api/stream.py", line 105, in _start_ws
    await self._auth()
  File "/home/ubuntu/trading_bot_phase1/venv/lib/python3.12/site-packages/alpaca_trade_api/stream.py", line 99, in _auth
    raise ValueError(msg[0].get('msg', 'auth failed'))
ValueError: connection limit exceeded
data websocket error, restarting connection: server rejected WebSocket connection: HTTP 429
data websocket error, restarting connection: server rejected WebSocket connection: HTTP 429
error during websocket communication: connection limit exceeded
Traceback (most recent call last):
  File "/home/ubuntu/trading_bot_phase1/venv/lib/python3.12/site-packages/alpaca_trade_api/stream.py", line 251, in _run_forever
    await self._start_ws()
  File "/home/ubuntu/trading_bot_phase1/venv/lib/python3.12/site-packages/alpaca_trade_api/stream.py", line 105, in _start_ws
    await self._auth()
  File "/home/ubuntu/trading_bot_phase1/venv/lib/python3.12/site-packages/alpaca_trade_api/stream.py", line 99, in _auth
    raise ValueError(msg[0].get('msg', 'auth failed'))
ValueError: connection limit exceeded
data websocket error, restarting connection: server rejected WebSocket connection: HTTP 429
error during websocket communication: connection limit exceeded
Traceback (most recent call last):
  File "/home/ubuntu/trading_bot_phase1/venv/lib/python3.12/site-packages/alpaca_trade_api/stream.py", line 251, in _run_forever
    await self._start_ws()
  File "/home/ubuntu/trading_bot_phase1/venv/lib/python3.12/site-packages/alpaca_trade_api/stream.py", line 105, in _start_ws
    await self._auth()
  File "/home/ubuntu/trading_bot_phase1/venv/lib/python3.12/site-packages/alpaca_trade_api/stream.py", line 99, in _auth
    raise ValueError(msg[0].get('msg', 'auth failed'))
ValueError: connection limit exceeded
error during websocket communication: connection limit exceeded
Traceback (most recent call last):
  File "/home/ubuntu/trading_bot_phase1/venv/lib/python3.12/site-packages/alpaca_trade_api/stream.py", line 251, in _run_forever
    await self._start_ws()
  File "/home/ubuntu/trading_bot_phase1/venv/lib/python3.12/site-packages/alpaca_trade_api/stream.py", line 105, in _start_ws
    await self._auth()
  File "/home/ubuntu/trading_bot_phase1/venv/lib/python3.12/site-packages/alpaca_trade_api/stream.py", line 99, in _auth
    raise ValueError(msg[0].get('msg', 'auth failed'))
ValueError: connection limit exceeded
error during websocket communication: connection limit exceeded
Traceback (most recent call last):
  File "/home/ubuntu/trading_bot_phase1/venv/lib/python3.12/site-packages/alpaca_trade_api/stream.py", line 251, in _run_forever
    await self._start_ws()
  File "/home/ubuntu/trading_bot_phase1/venv/lib/python3.12/site-packages/alpaca_trade_api/stream.py", line 105, in _start_ws
    await self._auth()
  File "/home/ubuntu/trading_bot_phase1/venv/lib/python3.12/site-packages/alpaca_trade_api/stream.py", line 99, in _auth
    raise ValueError(msg[0].get('msg', 'auth failed'))
ValueError: connection limit exceeded
error during websocket communication: connection limit exceeded
Traceback (most recent call last):
  File "/home/ubuntu/trading_bot_phase1/venv/lib/python3.12/site-packages/alpaca_trade_api/stream.py", line 251, in _run_forever
    await self._start_ws()
  File "/home/ubuntu/trading_bot_phase1/venv/lib/python3.12/site-packages/alpaca_trade_api/stream.py", line 105, in _start_ws
    await self._auth()
  File "/home/ubuntu/trading_bot_phase1/venv/lib/python3.12/site-packages/alpaca_trade_api/stream.py", line 99, in _auth
    raise ValueError(msg[0].get('msg', 'auth failed'))
ValueError: connection limit exceeded
data websocket error, restarting connection: server rejected WebSocket connection: HTTP 429
data websocket error, restarting connection: server rejected WebSocket connection: HTTP 429
data websocket error, restarting connection: server rejected WebSocket connection: HTTP 429
error during websocket communication: connection limit exceeded
Traceback (most recent call last):
  File "/home/ubuntu/trading_bot_phase1/venv/lib/python3.12/site-packages/alpaca_trade_api/stream.py", line 251, in _run_forever
    await self._start_ws()
  File "/home/ubuntu/trading_bot_phase1/venv/lib/python3.12/site-packages/alpaca_trade_api/stream.py", line 105, in _start_ws
    await self._auth()
  File "/home/ubuntu/trading_bot_phase1/venv/lib/python3.12/site-packages/alpaca_trade_api/stream.py", line 99, in _auth
    raise ValueError(msg[0].get('msg', 'auth failed'))
ValueError: connection limit exceeded
error during websocket communication: connection limit exceeded
Traceback (most recent call last):
  File "/home/ubuntu/trading_bot_phase1/venv/lib/python3.12/site-packages/alpaca_trade_api/stream.py", line 251, in _run_forever
    await self._start_ws()
  File "/home/ubuntu/trading_bot_phase1/venv/lib/python3.12/site-packages/alpaca_trade_api/stream.py", line 105, in _start_ws
    await self._auth()
  File "/home/ubuntu/trading_bot_phase1/venv/lib/python3.12/site-packages/alpaca_trade_api/stream.py", line 99, in _auth
    raise ValueError(msg[0].get('msg', 'auth failed'))
ValueError: connection limit exceeded
error during websocket communication: connection limit exceeded
Traceback (most recent call last):
  File "/home/ubuntu/trading_bot_phase1/venv/lib/python3.12/site-packages/alpaca_trade_api/stream.py", line 251, in _run_forever
    await self._start_ws()
  File "/home/ubuntu/trading_bot_phase1/venv/lib/python3.12/site-packages/alpaca_trade_api/stream.py", line 105, in _start_ws
    await self._auth()
  File "/home/ubuntu/trading_bot_phase1/venv/lib/python3.12/site-packages/alpaca_trade_api/stream.py", line 99, in _auth
    raise ValueError(msg[0].get('msg', 'auth failed'))
ValueError: connection limit exceeded
error during websocket communication: connection limit exceeded
Traceback (most recent call last):
  File "/home/ubuntu/trading_bot_phase1/venv/lib/python3.12/site-packages/alpaca_trade_api/stream.py", line 251, in _run_forever
    await self._start_ws()
  File "/home/ubuntu/trading_bot_phase1/venv/lib/python3.12/site-packages/alpaca_trade_api/stream.py", line 105, in _start_ws
    await self._auth()
  File "/home/ubuntu/trading_bot_phase1/venv/lib/python3.12/site-packages/alpaca_trade_api/stream.py", line 99, in _auth
    raise ValueError(msg[0].get('msg', 'auth failed'))
ValueError: connection limit exceeded
error during websocket communication: connection limit exceeded
Traceback (most recent call last):
  File "/home/ubuntu/trading_bot_phase1/venv/lib/python3.12/site-packages/alpaca_trade_api/stream.py", line 251, in _run_forever
    await self._start_ws()
  File "/home/ubuntu/trading_bot_phase1/venv/lib/python3.12/site-packages/alpaca_trade_api/stream.py", line 105, in _start_ws
    await self._auth()
  File "/home/ubuntu/trading_bot_phase1/venv/lib/python3.12/site-packages/alpaca_trade_api/stream.py", line 99, in _auth
    raise ValueError(msg[0].get('msg', 'auth failed'))
ValueError: connection limit exceeded
data websocket error, restarting connection: server rejected WebSocket connection: HTTP 429
error during websocket communication: connection limit exceeded
Traceback (most recent call last):
  File "/home/ubuntu/trading_bot_phase1/venv/lib/python3.12/site-packages/alpaca_trade_api/stream.py", line 251, in _run_forever
    await self._start_ws()
  File "/home/ubuntu/trading_bot_phase1/venv/lib/python3.12/site-packages/alpaca_trade_api/stream.py", line 105, in _start_ws
    await self._auth()
  File "/home/ubuntu/trading_bot_phase1/venv/lib/python3.12/site-packages/alpaca_trade_api/stream.py", line 99, in _auth
    raise ValueError(msg[0].get('msg', 'auth failed'))
ValueError: connection limit exceeded
error during websocket communication: connection limit exceeded
Traceback (most recent call last):
  File "/home/ubuntu/trading_bot_phase1/venv/lib/python3.12/site-packages/alpaca_trade_api/stream.py", line 251, in _run_forever
    await self._start_ws()
  File "/home/ubuntu/trading_bot_phase1/venv/lib/python3.12/site-packages/alpaca_trade_api/stream.py", line 105, in _start_ws
    await self._auth()
  File "/home/ubuntu/trading_bot_phase1/venv/lib/python3.12/site-packages/alpaca_trade_api/stream.py", line 99, in _auth
    raise ValueError(msg[0].get('msg', 'auth failed'))
ValueError: connection limit exceeded
error during websocket communication: connection limit exceeded
Traceback (most recent call last):
  File "/home/ubuntu/trading_bot_phase1/venv/lib/python3.12/site-packages/alpaca_trade_api/stream.py", line 251, in _run_forever
    await self._start_ws()
  File "/home/ubuntu/trading_bot_phase1/venv/lib/python3.12/site-packages/alpaca_trade_api/stream.py", line 105, in _start_ws
    await self._auth()
  File "/home/ubuntu/trading_bot_phase1/venv/lib/python3.12/site-packages/alpaca_trade_api/stream.py", line 99, in _auth
    raise ValueError(msg[0].get('msg', 'auth failed'))
ValueError: connection limit exceeded
error during websocket communication: connection limit exceeded
Traceback (most recent call last):
  File "/home/ubuntu/trading_bot_phase1/venv/lib/python3.12/site-packages/alpaca_trade_api/stream.py", line 251, in _run_forever
    await self._start_ws()
  File "/home/ubuntu/trading_bot_phase1/venv/lib/python3.12/site-packages/alpaca_trade_api/stream.py", line 105, in _start_ws
    await self._auth()
  File "/home/ubuntu/trading_bot_phase1/venv/lib/python3.12/site-packages/alpaca_trade_api/stream.py", line 99, in _auth
    raise ValueError(msg[0].get('msg', 'auth failed'))
ValueError: connection limit exceeded
error during websocket communication: connection limit exceeded
Traceback (most recent call last):
  File "/home/ubuntu/trading_bot_phase1/venv/lib/python3.12/site-packages/alpaca_trade_api/stream.py", line 251, in _run_forever
    await self._start_ws()
  File "/home/ubuntu/trading_bot_phase1/venv/lib/python3.12/site-packages/alpaca_trade_api/stream.py", line 105, in _start_ws
    await self._auth()
  File "/home/ubuntu/trading_bot_phase1/venv/lib/python3.12/site-packages/alpaca_trade_api/stream.py", line 99, in _auth
    raise ValueError(msg[0].get('msg', 'auth failed'))
ValueError: connection limit exceeded
error during websocket communication: connection limit exceeded
Traceback (most recent call last):
  File "/home/ubuntu/trading_bot_phase1/venv/lib/python3.12/site-packages/alpaca_trade_api/stream.py", line 251, in _run_forever
    await self._start_ws()
  File "/home/ubuntu/trading_bot_phase1/venv/lib/python3.12/site-packages/alpaca_trade_api/stream.py", line 105, in _start_ws
    await self._auth()
  File "/home/ubuntu/trading_bot_phase1/venv/lib/python3.12/site-packages/alpaca_trade_api/stream.py", line 99, in _auth
    raise ValueError(msg[0].get('msg', 'auth failed'))
ValueError: connection limit exceeded
error during websocket communication: connection limit exceeded
Traceback (most recent call last):
  File "/home/ubuntu/trading_bot_phase1/venv/lib/python3.12/site-packages/alpaca_trade_api/stream.py", line 251, in _run_forever
    await self._start_ws()
  File "/home/ubuntu/trading_bot_phase1/venv/lib/python3.12/site-packages/alpaca_trade_api/stream.py", line 105, in _start_ws
    await self._auth()
  File "/home/ubuntu/trading_bot_phase1/venv/lib/python3.12/site-packages/alpaca_trade_api/stream.py", line 99, in _auth
    raise ValueError(msg[0].get('msg', 'auth failed'))
ValueError: connection limit exceeded
error during websocket communication: connection limit exceeded
Traceback (most recent call last):
  File "/home/ubuntu/trading_bot_phase1/venv/lib/python3.12/site-packages/alpaca_trade_api/stream.py", line 251, in _run_forever
    await self._start_ws()
  File "/home/ubuntu/trading_bot_phase1/venv/lib/python3.12/site-packages/alpaca_trade_api/stream.py", line 105, in _start_ws
    await self._auth()
  File "/home/ubuntu/trading_bot_phase1/venv/lib/python3.12/site-packages/alpaca_trade_api/stream.py", line 99, in _auth
    raise ValueError(msg[0].get('msg', 'auth failed'))
ValueError: connection limit exceeded
data websocket error, restarting connection: server rejected WebSocket connection: HTTP 429
error during websocket communication: connection limit exceeded
Traceback (most recent call last):
  File "/home/ubuntu/trading_bot_phase1/venv/lib/python3.12/site-packages/alpaca_trade_api/stream.py", line 251, in _run_forever
    await self._start_ws()
  File "/home/ubuntu/trading_bot_phase1/venv/lib/python3.12/site-packages/alpaca_trade_api/stream.py", line 105, in _start_ws
    await self._auth()
  File "/home/ubuntu/trading_bot_phase1/venv/lib/python3.12/site-packages/alpaca_trade_api/stream.py", line 99, in _auth
    raise ValueError(msg[0].get('msg', 'auth failed'))
ValueError: connection limit exceeded
error during websocket communication: connection limit exceeded
Traceback (most recent call last):
  File "/home/ubuntu/trading_bot_phase1/venv/lib/python3.12/site-packages/alpaca_trade_api/stream.py", line 251, in _run_forever
    await self._start_ws()
  File "/home/ubuntu/trading_bot_phase1/venv/lib/python3.12/site-packages/alpaca_trade_api/stream.py", line 105, in _start_ws
    await self._auth()
  File "/home/ubuntu/trading_bot_phase1/venv/lib/python3.12/site-packages/alpaca_trade_api/stream.py", line 99, in _auth
    raise ValueError(msg[0].get('msg', 'auth failed'))
ValueError: connection limit exceeded
error during websocket communication: connection limit exceeded
Traceback (most recent call last):
  File "/home/ubuntu/trading_bot_phase1/venv/lib/python3.12/site-packages/alpaca_trade_api/stream.py", line 251, in _run_forever
    await self._start_ws()
  File "/home/ubuntu/trading_bot_phase1/venv/lib/python3.12/site-packages/alpaca_trade_api/stream.py", line 105, in _start_ws
    await self._auth()
  File "/home/ubuntu/trading_bot_phase1/venv/lib/python3.12/site-packages/alpaca_trade_api/stream.py", line 99, in _auth
    raise ValueError(msg[0].get('msg', 'auth failed'))
ValueError: connection limit exceeded
error during websocket communication: connection limit exceeded
Traceback (most recent call last):
  File "/home/ubuntu/trading_bot_phase1/venv/lib/python3.12/site-packages/alpaca_trade_api/stream.py", line 251, in _run_forever
    await self._start_ws()
  File "/home/ubuntu/trading_bot_phase1/venv/lib/python3.12/site-packages/alpaca_trade_api/stream.py", line 105, in _start_ws
    await self._auth()
  File "/home/ubuntu/trading_bot_phase1/venv/lib/python3.12/site-packages/alpaca_trade_api/stream.py", line 99, in _auth
    raise ValueError(msg[0].get('msg', 'auth failed'))
ValueError: connection limit exceeded
data websocket error, restarting connection: server rejected WebSocket connection: HTTP 429
error during websocket communication: connection limit exceeded
Traceback (most recent call last):
  File "/home/ubuntu/trading_bot_phase1/venv/lib/python3.12/site-packages/alpaca_trade_api/stream.py", line 251, in _run_forever
    await self._start_ws()
  File "/home/ubuntu/trading_bot_phase1/venv/lib/python3.12/site-packages/alpaca_trade_api/stream.py", line 105, in _start_ws
    await self._auth()
  File "/home/ubuntu/trading_bot_phase1/venv/lib/python3.12/site-packages/alpaca_trade_api/stream.py", line 99, in _auth
    raise ValueError(msg[0].get('msg', 'auth failed'))
ValueError: connection limit exceeded
data websocket error, restarting connection: server rejected WebSocket connection: HTTP 429
error during websocket communication: connection limit exceeded
Traceback (most recent call last):
  File "/home/ubuntu/trading_bot_phase1/venv/lib/python3.12/site-packages/alpaca_trade_api/stream.py", line 251, in _run_forever
    await self._start_ws()
  File "/home/ubuntu/trading_bot_phase1/venv/lib/python3.12/site-packages/alpaca_trade_api/stream.py", line 105, in _start_ws
    await self._auth()
  File "/home/ubuntu/trading_bot_phase1/venv/lib/python3.12/site-packages/alpaca_trade_api/stream.py", line 99, in _auth
    raise ValueError(msg[0].get('msg', 'auth failed'))
ValueError: connection limit exceeded
data websocket error, restarting connection: server rejected WebSocket connection: HTTP 429
error during websocket communication: connection limit exceeded
Traceback (most recent call last):
  File "/home/ubuntu/trading_bot_phase1/venv/lib/python3.12/site-packages/alpaca_trade_api/stream.py", line 251, in _run_forever
    await self._start_ws()
  File "/home/ubuntu/trading_bot_phase1/venv/lib/python3.12/site-packages/alpaca_trade_api/stream.py", line 105, in _start_ws
    await self._auth()
  File "/home/ubuntu/trading_bot_phase1/venv/lib/python3.12/site-packages/alpaca_trade_api/stream.py", line 99, in _auth
    raise ValueError(msg[0].get('msg', 'auth failed'))
ValueError: connection limit exceeded
data websocket error, restarting connection: server rejected WebSocket connection: HTTP 429
error during websocket communication: connection limit exceeded
Traceback (most recent call last):
  File "/home/ubuntu/trading_bot_phase1/venv/lib/python3.12/site-packages/alpaca_trade_api/stream.py", line 251, in _run_forever
    await self._start_ws()
  File "/home/ubuntu/trading_bot_phase1/venv/lib/python3.12/site-packages/alpaca_trade_api/stream.py", line 105, in _start_ws
    await self._auth()
  File "/home/ubuntu/trading_bot_phase1/venv/lib/python3.12/site-packages/alpaca_trade_api/stream.py", line 99, in _auth
    raise ValueError(msg[0].get('msg', 'auth failed'))
ValueError: connection limit exceeded
error during websocket communication: connection limit exceeded
Traceback (most recent call last):
  File "/home/ubuntu/trading_bot_phase1/venv/lib/python3.12/site-packages/alpaca_trade_api/stream.py", line 251, in _run_forever
    await self._start_ws()
  File "/home/ubuntu/trading_bot_phase1/venv/lib/python3.12/site-packages/alpaca_trade_api/stream.py", line 105, in _start_ws
    await self._auth()
  File "/home/ubuntu/trading_bot_phase1/venv/lib/python3.12/site-packages/alpaca_trade_api/stream.py", line 99, in _auth
    raise ValueError(msg[0].get('msg', 'auth failed'))
ValueError: connection limit exceeded
data websocket error, restarting connection: server rejected WebSocket connection: HTTP 429
data websocket error, restarting connection: server rejected WebSocket connection: HTTP 429
error during websocket communication: connection limit exceeded
Traceback (most recent call last):
  File "/home/ubuntu/trading_bot_phase1/venv/lib/python3.12/site-packages/alpaca_trade_api/stream.py", line 251, in _run_forever
    await self._start_ws()
  File "/home/ubuntu/trading_bot_phase1/venv/lib/python3.12/site-packages/alpaca_trade_api/stream.py", line 105, in _start_ws
    await self._auth()
  File "/home/ubuntu/trading_bot_phase1/venv/lib/python3.12/site-packages/alpaca_trade_api/stream.py", line 99, in _auth
    raise ValueError(msg[0].get('msg', 'auth failed'))
ValueError: connection limit exceeded
data websocket error, restarting connection: server rejected WebSocket connection: HTTP 429
data websocket error, restarting connection: server rejected WebSocket connection: HTTP 429
error during websocket communication: connection limit exceeded
Traceback (most recent call last):
  File "/home/ubuntu/trading_bot_phase1/venv/lib/python3.12/site-packages/alpaca_trade_api/stream.py", line 251, in _run_forever
    await self._start_ws()
  File "/home/ubuntu/trading_bot_phase1/venv/lib/python3.12/site-packages/alpaca_trade_api/stream.py", line 105, in _start_ws
    await self._auth()
  File "/home/ubuntu/trading_bot_phase1/venv/lib/python3.12/site-packages/alpaca_trade_api/stream.py", line 99, in _auth
    raise ValueError(msg[0].get('msg', 'auth failed'))
ValueError: connection limit exceeded
data websocket error, restarting connection: server rejected WebSocket connection: HTTP 429
data websocket error, restarting connection: server rejected WebSocket connection: HTTP 429
error during websocket communication: connection limit exceeded
Traceback (most recent call last):
  File "/home/ubuntu/trading_bot_phase1/venv/lib/python3.12/site-packages/alpaca_trade_api/stream.py", line 251, in _run_forever
    await self._start_ws()
  File "/home/ubuntu/trading_bot_phase1/venv/lib/python3.12/site-packages/alpaca_trade_api/stream.py", line 105, in _start_ws
    await self._auth()
  File "/home/ubuntu/trading_bot_phase1/venv/lib/python3.12/site-packages/alpaca_trade_api/stream.py", line 99, in _auth
    raise ValueError(msg[0].get('msg', 'auth failed'))
ValueError: connection limit exceeded
data websocket error, restarting connection: server rejected WebSocket connection: HTTP 429
data websocket error, restarting connection: server rejected WebSocket connection: HTTP 429
error during websocket communication: connection limit exceeded
Traceback (most recent call last):
  File "/home/ubuntu/trading_bot_phase1/venv/lib/python3.12/site-packages/alpaca_trade_api/stream.py", line 251, in _run_forever
    await self._start_ws()
  File "/home/ubuntu/trading_bot_phase1/venv/lib/python3.12/site-packages/alpaca_trade_api/stream.py", line 105, in _start_ws
    await self._auth()
  File "/home/ubuntu/trading_bot_phase1/venv/lib/python3.12/site-packages/alpaca_trade_api/stream.py", line 99, in _auth
    raise ValueError(msg[0].get('msg', 'auth failed'))
ValueError: connection limit exceeded
data websocket error, restarting connection: server rejected WebSocket connection: HTTP 429
data websocket error, restarting connection: server rejected WebSocket connection: HTTP 429
data websocket error, restarting connection: server rejected WebSocket connection: HTTP 429
error during websocket communication: connection limit exceeded
Traceback (most recent call last):
  File "/home/ubuntu/trading_bot_phase1/venv/lib/python3.12/site-packages/alpaca_trade_api/stream.py", line 251, in _run_forever
    await self._start_ws()
  File "/home/ubuntu/trading_bot_phase1/venv/lib/python3.12/site-packages/alpaca_trade_api/stream.py", line 105, in _start_ws
    await self._auth()
  File "/home/ubuntu/trading_bot_phase1/venv/lib/python3.12/site-packages/alpaca_trade_api/stream.py", line 99, in _auth
    raise ValueError(msg[0].get('msg', 'auth failed'))
ValueError: connection limit exceeded
data websocket error, restarting connection: server rejected WebSocket connection: HTTP 429
data websocket error, restarting connection: server rejected WebSocket connection: HTTP 429
error during websocket communication: connection limit exceeded
Traceback (most recent call last):
  File "/home/ubuntu/trading_bot_phase1/venv/lib/python3.12/site-packages/alpaca_trade_api/stream.py", line 251, in _run_forever
    await self._start_ws()
  File "/home/ubuntu/trading_bot_phase1/venv/lib/python3.12/site-packages/alpaca_trade_api/stream.py", line 105, in _start_ws
    await self._auth()
  File "/home/ubuntu/trading_bot_phase1/venv/lib/python3.12/site-packages/alpaca_trade_api/stream.py", line 99, in _auth
    raise ValueError(msg[0].get('msg', 'auth failed'))
ValueError: connection limit exceeded
data websocket error, restarting connection: server rejected WebSocket connection: HTTP 429
data websocket error, restarting connection: server rejected WebSocket connection: HTTP 429
data websocket error, restarting connection: server rejected WebSocket connection: HTTP 429
error during websocket communication: connection limit exceeded
Traceback (most recent call last):
  File "/home/ubuntu/trading_bot_phase1/venv/lib/python3.12/site-packages/alpaca_trade_api/stream.py", line 251, in _run_forever
    await self._start_ws()
  File "/home/ubuntu/trading_bot_phase1/venv/lib/python3.12/site-packages/alpaca_trade_api/stream.py", line 105, in _start_ws
    await self._auth()
  File "/home/ubuntu/trading_bot_phase1/venv/lib/python3.12/site-packages/alpaca_trade_api/stream.py", line 99, in _auth
    raise ValueError(msg[0].get('msg', 'auth failed'))
ValueError: connection limit exceeded
data websocket error, restarting connection: server rejected WebSocket connection: HTTP 429
error during websocket communication: connection limit exceeded
Traceback (most recent call last):
  File "/home/ubuntu/trading_bot_phase1/venv/lib/python3.12/site-packages/alpaca_trade_api/stream.py", line 251, in _run_forever
    await self._start_ws()
  File "/home/ubuntu/trading_bot_phase1/venv/lib/python3.12/site-packages/alpaca_trade_api/stream.py", line 105, in _start_ws
    await self._auth()
  File "/home/ubuntu/trading_bot_phase1/venv/lib/python3.12/site-packages/alpaca_trade_api/stream.py", line 99, in _auth
    raise ValueError(msg[0].get('msg', 'auth failed'))
ValueError: connection limit exceeded
data websocket error, restarting connection: server rejected WebSocket connection: HTTP 429
data websocket error, restarting connection: server rejected WebSocket connection: HTTP 429
error during websocket communication: connection limit exceeded
Traceback (most recent call last):
  File "/home/ubuntu/trading_bot_phase1/venv/lib/python3.12/site-packages/alpaca_trade_api/stream.py", line 251, in _run_forever
    await self._start_ws()
  File "/home/ubuntu/trading_bot_phase1/venv/lib/python3.12/site-packages/alpaca_trade_api/stream.py", line 105, in _start_ws
    await self._auth()
  File "/home/ubuntu/trading_bot_phase1/venv/lib/python3.12/site-packages/alpaca_trade_api/stream.py", line 99, in _auth
    raise ValueError(msg[0].get('msg', 'auth failed'))
ValueError: connection limit exceeded
data websocket error, restarting connection: server rejected WebSocket connection: HTTP 429
data websocket error, restarting connection: server rejected WebSocket connection: HTTP 429
error during websocket communication: connection limit exceeded
Traceback (most recent call last):
  File "/home/ubuntu/trading_bot_phase1/venv/lib/python3.12/site-packages/alpaca_trade_api/stream.py", line 251, in _run_forever
    await self._start_ws()
  File "/home/ubuntu/trading_bot_phase1/venv/lib/python3.12/site-packages/alpaca_trade_api/stream.py", line 105, in _start_ws
    await self._auth()
  File "/home/ubuntu/trading_bot_phase1/venv/lib/python3.12/site-packages/alpaca_trade_api/stream.py", line 99, in _auth
    raise ValueError(msg[0].get('msg', 'auth failed'))
ValueError: connection limit exceeded
data websocket error, restarting connection: server rejected WebSocket connection: HTTP 429
data websocket error, restarting connection: server rejected WebSocket connection: HTTP 429
error during websocket communication: connection limit exceeded
Traceback (most recent call last):
  File "/home/ubuntu/trading_bot_phase1/venv/lib/python3.12/site-packages/alpaca_trade_api/stream.py", line 251, in _run_forever
    await self._start_ws()
  File "/home/ubuntu/trading_bot_phase1/venv/lib/python3.12/site-packages/alpaca_trade_api/stream.py", line 105, in _start_ws
    await self._auth()
  File "/home/ubuntu/trading_bot_phase1/venv/lib/python3.12/site-packages/alpaca_trade_api/stream.py", line 99, in _auth
    raise ValueError(msg[0].get('msg', 'auth failed'))
ValueError: connection limit exceeded
data websocket error, restarting connection: server rejected WebSocket connection: HTTP 429
error during websocket communication: connection limit exceeded
Traceback (most recent call last):
  File "/home/ubuntu/trading_bot_phase1/venv/lib/python3.12/site-packages/alpaca_trade_api/stream.py", line 251, in _run_forever
    await self._start_ws()
  File "/home/ubuntu/trading_bot_phase1/venv/lib/python3.12/site-packages/alpaca_trade_api/stream.py", line 105, in _start_ws
    await self._auth()
  File "/home/ubuntu/trading_bot_phase1/venv/lib/python3.12/site-packages/alpaca_trade_api/stream.py", line 99, in _auth
    raise ValueError(msg[0].get('msg', 'auth failed'))
ValueError: connection limit exceeded
data websocket error, restarting connection: server rejected WebSocket connection: HTTP 429
data websocket error, restarting connection: server rejected WebSocket connection: HTTP 429
error during websocket communication: connection limit exceeded
Traceback (most recent call last):
  File "/home/ubuntu/trading_bot_phase1/venv/lib/python3.12/site-packages/alpaca_trade_api/stream.py", line 251, in _run_forever
    await self._start_ws()
  File "/home/ubuntu/trading_bot_phase1/venv/lib/python3.12/site-packages/alpaca_trade_api/stream.py", line 105, in _start_ws
    await self._auth()
  File "/home/ubuntu/trading_bot_phase1/venv/lib/python3.12/site-packages/alpaca_trade_api/stream.py", line 99, in _auth
    raise ValueError(msg[0].get('msg', 'auth failed'))
ValueError: connection limit exceeded
data websocket error, restarting connection: server rejected WebSocket connection: HTTP 429
error during websocket communication: connection limit exceeded
Traceback (most recent call last):
  File "/home/ubuntu/trading_bot_phase1/venv/lib/python3.12/site-packages/alpaca_trade_api/stream.py", line 251, in _run_forever
    await self._start_ws()
  File "/home/ubuntu/trading_bot_phase1/venv/lib/python3.12/site-packages/alpaca_trade_api/stream.py", line 105, in _start_ws
    await self._auth()
  File "/home/ubuntu/trading_bot_phase1/venv/lib/python3.12/site-packages/alpaca_trade_api/stream.py", line 99, in _auth
    raise ValueError(msg[0].get('msg', 'auth failed'))
ValueError: connection limit exceeded
error during websocket communication: connection limit exceeded
Traceback (most recent call last):
  File "/home/ubuntu/trading_bot_phase1/venv/lib/python3.12/site-packages/alpaca_trade_api/stream.py", line 251, in _run_forever
    await self._start_ws()
  File "/home/ubuntu/trading_bot_phase1/venv/lib/python3.12/site-packages/alpaca_trade_api/stream.py", line 105, in _start_ws
    await self._auth()
  File "/home/ubuntu/trading_bot_phase1/venv/lib/python3.12/site-packages/alpaca_trade_api/stream.py", line 99, in _auth
    raise ValueError(msg[0].get('msg', 'auth failed'))
ValueError: connection limit exceeded
error during websocket communication: connection limit exceeded
Traceback (most recent call last):
  File "/home/ubuntu/trading_bot_phase1/venv/lib/python3.12/site-packages/alpaca_trade_api/stream.py", line 251, in _run_forever
    await self._start_ws()
  File "/home/ubuntu/trading_bot_phase1/venv/lib/python3.12/site-packages/alpaca_trade_api/stream.py", line 105, in _start_ws
    await self._auth()
  File "/home/ubuntu/trading_bot_phase1/venv/lib/python3.12/site-packages/alpaca_trade_api/stream.py", line 99, in _auth
    raise ValueError(msg[0].get('msg', 'auth failed'))
ValueError: connection limit exceeded
data websocket error, restarting connection: server rejected WebSocket connection: HTTP 429
error during websocket communication: connection limit exceeded
Traceback (most recent call last):
  File "/home/ubuntu/trading_bot_phase1/venv/lib/python3.12/site-packages/alpaca_trade_api/stream.py", line 251, in _run_forever
    await self._start_ws()
  File "/home/ubuntu/trading_bot_phase1/venv/lib/python3.12/site-packages/alpaca_trade_api/stream.py", line 105, in _start_ws
    await self._auth()
  File "/home/ubuntu/trading_bot_phase1/venv/lib/python3.12/site-packages/alpaca_trade_api/stream.py", line 99, in _auth
    raise ValueError(msg[0].get('msg', 'auth failed'))
ValueError: connection limit exceeded
error during websocket communication: connection limit exceeded
Traceback (most recent call last):
  File "/home/ubuntu/trading_bot_phase1/venv/lib/python3.12/site-packages/alpaca_trade_api/stream.py", line 251, in _run_forever
    await self._start_ws()
  File "/home/ubuntu/trading_bot_phase1/venv/lib/python3.12/site-packages/alpaca_trade_api/stream.py", line 105, in _start_ws
    await self._auth()
  File "/home/ubuntu/trading_bot_phase1/venv/lib/python3.12/site-packages/alpaca_trade_api/stream.py", line 99, in _auth
    raise ValueError(msg[0].get('msg', 'auth failed'))
ValueError: connection limit exceeded
data websocket error, restarting connection: server rejected WebSocket connection: HTTP 429
data websocket error, restarting connection: server rejected WebSocket connection: HTTP 429
error during websocket communication: connection limit exceeded
Traceback (most recent call last):
  File "/home/ubuntu/trading_bot_phase1/venv/lib/python3.12/site-packages/alpaca_trade_api/stream.py", line 251, in _run_forever
    await self._start_ws()
  File "/home/ubuntu/trading_bot_phase1/venv/lib/python3.12/site-packages/alpaca_trade_api/stream.py", line 105, in _start_ws
    await self._auth()
  File "/home/ubuntu/trading_bot_phase1/venv/lib/python3.12/site-packages/alpaca_trade_api/stream.py", line 99, in _auth
    raise ValueError(msg[0].get('msg', 'auth failed'))
ValueError: connection limit exceeded
error during websocket communication: connection limit exceeded
Traceback (most recent call last):
  File "/home/ubuntu/trading_bot_phase1/venv/lib/python3.12/site-packages/alpaca_trade_api/stream.py", line 251, in _run_forever
    await self._start_ws()
  File "/home/ubuntu/trading_bot_phase1/venv/lib/python3.12/site-packages/alpaca_trade_api/stream.py", line 105, in _start_ws
    await self._auth()
  File "/home/ubuntu/trading_bot_phase1/venv/lib/python3.12/site-packages/alpaca_trade_api/stream.py", line 99, in _auth
    raise ValueError(msg[0].get('msg', 'auth failed'))
ValueError: connection limit exceeded
error during websocket communication: connection limit exceeded
Traceback (most recent call last):
  File "/home/ubuntu/trading_bot_phase1/venv/lib/python3.12/site-packages/alpaca_trade_api/stream.py", line 251, in _run_forever
    await self._start_ws()
  File "/home/ubuntu/trading_bot_phase1/venv/lib/python3.12/site-packages/alpaca_trade_api/stream.py", line 105, in _start_ws
    await self._auth()
  File "/home/ubuntu/trading_bot_phase1/venv/lib/python3.12/site-packages/alpaca_trade_api/stream.py", line 99, in _auth
    raise ValueError(msg[0].get('msg', 'auth failed'))
ValueError: connection limit exceeded
error during websocket communication: connection limit exceeded
Traceback (most recent call last):
  File "/home/ubuntu/trading_bot_phase1/venv/lib/python3.12/site-packages/alpaca_trade_api/stream.py", line 251, in _run_forever
    await self._start_ws()
  File "/home/ubuntu/trading_bot_phase1/venv/lib/python3.12/site-packages/alpaca_trade_api/stream.py", line 105, in _start_ws
    await self._auth()
  File "/home/ubuntu/trading_bot_phase1/venv/lib/python3.12/site-packages/alpaca_trade_api/stream.py", line 99, in _auth
    raise ValueError(msg[0].get('msg', 'auth failed'))
ValueError: connection limit exceeded
data websocket error, restarting connection: server rejected WebSocket connection: HTTP 429
error during websocket communication: connection limit exceeded
Traceback (most recent call last):
  File "/home/ubuntu/trading_bot_phase1/venv/lib/python3.12/site-packages/alpaca_trade_api/stream.py", line 251, in _run_forever
    await self._start_ws()
  File "/home/ubuntu/trading_bot_phase1/venv/lib/python3.12/site-packages/alpaca_trade_api/stream.py", line 105, in _start_ws
    await self._auth()
  File "/home/ubuntu/trading_bot_phase1/venv/lib/python3.12/site-packages/alpaca_trade_api/stream.py", line 99, in _auth
    raise ValueError(msg[0].get('msg', 'auth failed'))
ValueError: connection limit exceeded
error during websocket communication: connection limit exceeded
Traceback (most recent call last):
  File "/home/ubuntu/trading_bot_phase1/venv/lib/python3.12/site-packages/alpaca_trade_api/stream.py", line 251, in _run_forever
    await self._start_ws()
  File "/home/ubuntu/trading_bot_phase1/venv/lib/python3.12/site-packages/alpaca_trade_api/stream.py", line 105, in _start_ws
    await self._auth()
  File "/home/ubuntu/trading_bot_phase1/venv/lib/python3.12/site-packages/alpaca_trade_api/stream.py", line 99, in _auth
    raise ValueError(msg[0].get('msg', 'auth failed'))
ValueError: connection limit exceeded
error during websocket communication: connection limit exceeded
Traceback (most recent call last):
  File "/home/ubuntu/trading_bot_phase1/venv/lib/python3.12/site-packages/alpaca_trade_api/stream.py", line 251, in _run_forever
    await self._start_ws()
  File "/home/ubuntu/trading_bot_phase1/venv/lib/python3.12/site-packages/alpaca_trade_api/stream.py", line 105, in _start_ws
    await self._auth()
  File "/home/ubuntu/trading_bot_phase1/venv/lib/python3.12/site-packages/alpaca_trade_api/stream.py", line 99, in _auth
    raise ValueError(msg[0].get('msg', 'auth failed'))
ValueError: connection limit exceeded
error during websocket communication: connection limit exceeded
Traceback (most recent call last):
  File "/home/ubuntu/trading_bot_phase1/venv/lib/python3.12/site-packages/alpaca_trade_api/stream.py", line 251, in _run_forever
    await self._start_ws()
  File "/home/ubuntu/trading_bot_phase1/venv/lib/python3.12/site-packages/alpaca_trade_api/stream.py", line 105, in _start_ws
    await self._auth()
  File "/home/ubuntu/trading_bot_phase1/venv/lib/python3.12/site-packages/alpaca_trade_api/stream.py", line 99, in _auth
    raise ValueError(msg[0].get('msg', 'auth failed'))
ValueError: connection limit exceeded
error during websocket communication: connection limit exceeded
Traceback (most recent call last):
  File "/home/ubuntu/trading_bot_phase1/venv/lib/python3.12/site-packages/alpaca_trade_api/stream.py", line 251, in _run_forever
    await self._start_ws()
  File "/home/ubuntu/trading_bot_phase1/venv/lib/python3.12/site-packages/alpaca_trade_api/stream.py", line 105, in _start_ws
    await self._auth()
  File "/home/ubuntu/trading_bot_phase1/venv/lib/python3.12/site-packages/alpaca_trade_api/stream.py", line 99, in _auth
    raise ValueError(msg[0].get('msg', 'auth failed'))
ValueError: connection limit exceeded
error during websocket communication: connection limit exceeded
Traceback (most recent call last):
  File "/home/ubuntu/trading_bot_phase1/venv/lib/python3.12/site-packages/alpaca_trade_api/stream.py", line 251, in _run_forever
    await self._start_ws()
  File "/home/ubuntu/trading_bot_phase1/venv/lib/python3.12/site-packages/alpaca_trade_api/stream.py", line 105, in _start_ws
    await self._auth()
  File "/home/ubuntu/trading_bot_phase1/venv/lib/python3.12/site-packages/alpaca_trade_api/stream.py", line 99, in _auth
    raise ValueError(msg[0].get('msg', 'auth failed'))
ValueError: connection limit exceeded
error during websocket communication: connection limit exceeded
Traceback (most recent call last):
  File "/home/ubuntu/trading_bot_phase1/venv/lib/python3.12/site-packages/alpaca_trade_api/stream.py", line 251, in _run_forever
    await self._start_ws()
  File "/home/ubuntu/trading_bot_phase1/venv/lib/python3.12/site-packages/alpaca_trade_api/stream.py", line 105, in _start_ws
    await self._auth()
  File "/home/ubuntu/trading_bot_phase1/venv/lib/python3.12/site-packages/alpaca_trade_api/stream.py", line 99, in _auth
    raise ValueError(msg[0].get('msg', 'auth failed'))
ValueError: connection limit exceeded
error during websocket communication: connection limit exceeded
Traceback (most recent call last):
  File "/home/ubuntu/trading_bot_phase1/venv/lib/python3.12/site-packages/alpaca_trade_api/stream.py", line 251, in _run_forever
    await self._start_ws()
  File "/home/ubuntu/trading_bot_phase1/venv/lib/python3.12/site-packages/alpaca_trade_api/stream.py", line 105, in _start_ws
    await self._auth()
  File "/home/ubuntu/trading_bot_phase1/venv/lib/python3.12/site-packages/alpaca_trade_api/stream.py", line 99, in _auth
    raise ValueError(msg[0].get('msg', 'auth failed'))
ValueError: connection limit exceeded
error during websocket communication: connection limit exceeded
Traceback (most recent call last):
  File "/home/ubuntu/trading_bot_phase1/venv/lib/python3.12/site-packages/alpaca_trade_api/stream.py", line 251, in _run_forever
    await self._start_ws()
  File "/home/ubuntu/trading_bot_phase1/venv/lib/python3.12/site-packages/alpaca_trade_api/stream.py", line 105, in _start_ws
    await self._auth()
  File "/home/ubuntu/trading_bot_phase1/venv/lib/python3.12/site-packages/alpaca_trade_api/stream.py", line 99, in _auth
    raise ValueError(msg[0].get('msg', 'auth failed'))
ValueError: connection limit exceeded
error during websocket communication: connection limit exceeded
Traceback (most recent call last):
  File "/home/ubuntu/trading_bot_phase1/venv/lib/python3.12/site-packages/alpaca_trade_api/stream.py", line 251, in _run_forever
    await self._start_ws()
  File "/home/ubuntu/trading_bot_phase1/venv/lib/python3.12/site-packages/alpaca_trade_api/stream.py", line 105, in _start_ws
    await self._auth()
  File "/home/ubuntu/trading_bot_phase1/venv/lib/python3.12/site-packages/alpaca_trade_api/stream.py", line 99, in _auth
    raise ValueError(msg[0].get('msg', 'auth failed'))
ValueError: connection limit exceeded
error during websocket communication: connection limit exceeded
Traceback (most recent call last):
  File "/home/ubuntu/trading_bot_phase1/venv/lib/python3.12/site-packages/alpaca_trade_api/stream.py", line 251, in _run_forever
    await self._start_ws()
  File "/home/ubuntu/trading_bot_phase1/venv/lib/python3.12/site-packages/alpaca_trade_api/stream.py", line 105, in _start_ws
    await self._auth()
  File "/home/ubuntu/trading_bot_phase1/venv/lib/python3.12/site-packages/alpaca_trade_api/stream.py", line 99, in _auth
    raise ValueError(msg[0].get('msg', 'auth failed'))
ValueError: connection limit exceeded
data websocket error, restarting connection: server rejected WebSocket connection: HTTP 429
error during websocket communication: connection limit exceeded
Traceback (most recent call last):
  File "/home/ubuntu/trading_bot_phase1/venv/lib/python3.12/site-packages/alpaca_trade_api/stream.py", line 251, in _run_forever
    await self._start_ws()
  File "/home/ubuntu/trading_bot_phase1/venv/lib/python3.12/site-packages/alpaca_trade_api/stream.py", line 105, in _start_ws
    await self._auth()
  File "/home/ubuntu/trading_bot_phase1/venv/lib/python3.12/site-packages/alpaca_trade_api/stream.py", line 99, in _auth
    raise ValueError(msg[0].get('msg', 'auth failed'))
ValueError: connection limit exceeded
error during websocket communication: connection limit exceeded
Traceback (most recent call last):
  File "/home/ubuntu/trading_bot_phase1/venv/lib/python3.12/site-packages/alpaca_trade_api/stream.py", line 251, in _run_forever
    await self._start_ws()
  File "/home/ubuntu/trading_bot_phase1/venv/lib/python3.12/site-packages/alpaca_trade_api/stream.py", line 105, in _start_ws
    await self._auth()
  File "/home/ubuntu/trading_bot_phase1/venv/lib/python3.12/site-packages/alpaca_trade_api/stream.py", line 99, in _auth
    raise ValueError(msg[0].get('msg', 'auth failed'))
ValueError: connection limit exceeded
data websocket error, restarting connection: server rejected WebSocket connection: HTTP 429
error during websocket communication: connection limit exceeded
Traceback (most recent call last):
  File "/home/ubuntu/trading_bot_phase1/venv/lib/python3.12/site-packages/alpaca_trade_api/stream.py", line 251, in _run_forever
    await self._start_ws()
  File "/home/ubuntu/trading_bot_phase1/venv/lib/python3.12/site-packages/alpaca_trade_api/stream.py", line 105, in _start_ws
    await self._auth()
  File "/home/ubuntu/trading_bot_phase1/venv/lib/python3.12/site-packages/alpaca_trade_api/stream.py", line 99, in _auth
    raise ValueError(msg[0].get('msg', 'auth failed'))
ValueError: connection limit exceeded
data websocket error, restarting connection: server rejected WebSocket connection: HTTP 429
data websocket error, restarting connection: server rejected WebSocket connection: HTTP 429
data websocket error, restarting connection: server rejected WebSocket connection: HTTP 429
data websocket error, restarting connection: server rejected WebSocket connection: HTTP 429
data websocket error, restarting connection: server rejected WebSocket connection: HTTP 429
error during websocket communication: connection limit exceeded
Traceback (most recent call last):
  File "/home/ubuntu/trading_bot_phase1/venv/lib/python3.12/site-packages/alpaca_trade_api/stream.py", line 251, in _run_forever
    await self._start_ws()
  File "/home/ubuntu/trading_bot_phase1/venv/lib/python3.12/site-packages/alpaca_trade_api/stream.py", line 105, in _start_ws
    await self._auth()
  File "/home/ubuntu/trading_bot_phase1/venv/lib/python3.12/site-packages/alpaca_trade_api/stream.py", line 99, in _auth
    raise ValueError(msg[0].get('msg', 'auth failed'))
ValueError: connection limit exceeded
error during websocket communication: connection limit exceeded
Traceback (most recent call last):
  File "/home/ubuntu/trading_bot_phase1/venv/lib/python3.12/site-packages/alpaca_trade_api/stream.py", line 251, in _run_forever
    await self._start_ws()
  File "/home/ubuntu/trading_bot_phase1/venv/lib/python3.12/site-packages/alpaca_trade_api/stream.py", line 105, in _start_ws
    await self._auth()
  File "/home/ubuntu/trading_bot_phase1/venv/lib/python3.12/site-packages/alpaca_trade_api/stream.py", line 99, in _auth
    raise ValueError(msg[0].get('msg', 'auth failed'))
ValueError: connection limit exceeded
data websocket error, restarting connection: server rejected WebSocket connection: HTTP 429
error during websocket communication: connection limit exceeded
Traceback (most recent call last):
  File "/home/ubuntu/trading_bot_phase1/venv/lib/python3.12/site-packages/alpaca_trade_api/stream.py", line 251, in _run_forever
    await self._start_ws()
  File "/home/ubuntu/trading_bot_phase1/venv/lib/python3.12/site-packages/alpaca_trade_api/stream.py", line 105, in _start_ws
    await self._auth()
  File "/home/ubuntu/trading_bot_phase1/venv/lib/python3.12/site-packages/alpaca_trade_api/stream.py", line 99, in _auth
    raise ValueError(msg[0].get('msg', 'auth failed'))
ValueError: connection limit exceeded
data websocket error, restarting connection: server rejected WebSocket connection: HTTP 429
data websocket error, restarting connection: server rejected WebSocket connection: HTTP 429
error during websocket communication: connection limit exceeded
Traceback (most recent call last):
  File "/home/ubuntu/trading_bot_phase1/venv/lib/python3.12/site-packages/alpaca_trade_api/stream.py", line 251, in _run_forever
    await self._start_ws()
  File "/home/ubuntu/trading_bot_phase1/venv/lib/python3.12/site-packages/alpaca_trade_api/stream.py", line 105, in _start_ws
    await self._auth()
  File "/home/ubuntu/trading_bot_phase1/venv/lib/python3.12/site-packages/alpaca_trade_api/stream.py", line 99, in _auth
    raise ValueError(msg[0].get('msg', 'auth failed'))
ValueError: connection limit exceeded
data websocket error, restarting connection: server rejected WebSocket connection: HTTP 429
data websocket error, restarting connection: server rejected WebSocket connection: HTTP 429
error during websocket communication: connection limit exceeded
Traceback (most recent call last):
  File "/home/ubuntu/trading_bot_phase1/venv/lib/python3.12/site-packages/alpaca_trade_api/stream.py", line 251, in _run_forever
    await self._start_ws()
  File "/home/ubuntu/trading_bot_phase1/venv/lib/python3.12/site-packages/alpaca_trade_api/stream.py", line 105, in _start_ws
    await self._auth()
  File "/home/ubuntu/trading_bot_phase1/venv/lib/python3.12/site-packages/alpaca_trade_api/stream.py", line 99, in _auth
    raise ValueError(msg[0].get('msg', 'auth failed'))
ValueError: connection limit exceeded
data websocket error, restarting connection: server rejected WebSocket connection: HTTP 429
error during websocket communication: connection limit exceeded
Traceback (most recent call last):
  File "/home/ubuntu/trading_bot_phase1/venv/lib/python3.12/site-packages/alpaca_trade_api/stream.py", line 251, in _run_forever
    await self._start_ws()
  File "/home/ubuntu/trading_bot_phase1/venv/lib/python3.12/site-packages/alpaca_trade_api/stream.py", line 105, in _start_ws
    await self._auth()
  File "/home/ubuntu/trading_bot_phase1/venv/lib/python3.12/site-packages/alpaca_trade_api/stream.py", line 99, in _auth
    raise ValueError(msg[0].get('msg', 'auth failed'))
ValueError: connection limit exceeded
data websocket error, restarting connection: server rejected WebSocket connection: HTTP 429
data websocket error, restarting connection: server rejected WebSocket connection: HTTP 429
data websocket error, restarting connection: server rejected WebSocket connection: HTTP 429
error during websocket communication: connection limit exceeded
Traceback (most recent call last):
  File "/home/ubuntu/trading_bot_phase1/venv/lib/python3.12/site-packages/alpaca_trade_api/stream.py", line 251, in _run_forever
    await self._start_ws()
  File "/home/ubuntu/trading_bot_phase1/venv/lib/python3.12/site-packages/alpaca_trade_api/stream.py", line 105, in _start_ws
    await self._auth()
  File "/home/ubuntu/trading_bot_phase1/venv/lib/python3.12/site-packages/alpaca_trade_api/stream.py", line 99, in _auth
    raise ValueError(msg[0].get('msg', 'auth failed'))
ValueError: connection limit exceeded
data websocket error, restarting connection: server rejected WebSocket connection: HTTP 429
error during websocket communication: connection limit exceeded
Traceback (most recent call last):
  File "/home/ubuntu/trading_bot_phase1/venv/lib/python3.12/site-packages/alpaca_trade_api/stream.py", line 251, in _run_forever
    await self._start_ws()
  File "/home/ubuntu/trading_bot_phase1/venv/lib/python3.12/site-packages/alpaca_trade_api/stream.py", line 105, in _start_ws
    await self._auth()
  File "/home/ubuntu/trading_bot_phase1/venv/lib/python3.12/site-packages/alpaca_trade_api/stream.py", line 99, in _auth
    raise ValueError(msg[0].get('msg', 'auth failed'))
ValueError: connection limit exceeded
data websocket error, restarting connection: server rejected WebSocket connection: HTTP 429
data websocket error, restarting connection: server rejected WebSocket connection: HTTP 429
error during websocket communication: connection limit exceeded
Traceback (most recent call last):
  File "/home/ubuntu/trading_bot_phase1/venv/lib/python3.12/site-packages/alpaca_trade_api/stream.py", line 251, in _run_forever
    await self._start_ws()
  File "/home/ubuntu/trading_bot_phase1/venv/lib/python3.12/site-packages/alpaca_trade_api/stream.py", line 105, in _start_ws
    await self._auth()
  File "/home/ubuntu/trading_bot_phase1/venv/lib/python3.12/site-packages/alpaca_trade_api/stream.py", line 99, in _auth
    raise ValueError(msg[0].get('msg', 'auth failed'))
ValueError: connection limit exceeded
data websocket error, restarting connection: server rejected WebSocket connection: HTTP 429
error during websocket communication: connection limit exceeded
Traceback (most recent call last):
  File "/home/ubuntu/trading_bot_phase1/venv/lib/python3.12/site-packages/alpaca_trade_api/stream.py", line 251, in _run_forever
    await self._start_ws()
  File "/home/ubuntu/trading_bot_phase1/venv/lib/python3.12/site-packages/alpaca_trade_api/stream.py", line 105, in _start_ws
    await self._auth()
  File "/home/ubuntu/trading_bot_phase1/venv/lib/python3.12/site-packages/alpaca_trade_api/stream.py", line 99, in _auth
    raise ValueError(msg[0].get('msg', 'auth failed'))
ValueError: connection limit exceeded
data websocket error, restarting connection: server rejected WebSocket connection: HTTP 429
error during websocket communication: connection limit exceeded
Traceback (most recent call last):
  File "/home/ubuntu/trading_bot_phase1/venv/lib/python3.12/site-packages/alpaca_trade_api/stream.py", line 251, in _run_forever
    await self._start_ws()
  File "/home/ubuntu/trading_bot_phase1/venv/lib/python3.12/site-packages/alpaca_trade_api/stream.py", line 105, in _start_ws
    await self._auth()
  File "/home/ubuntu/trading_bot_phase1/venv/lib/python3.12/site-packages/alpaca_trade_api/stream.py", line 99, in _auth
    raise ValueError(msg[0].get('msg', 'auth failed'))
ValueError: connection limit exceeded
data websocket error, restarting connection: server rejected WebSocket connection: HTTP 429
error during websocket communication: connection limit exceeded
Traceback (most recent call last):
  File "/home/ubuntu/trading_bot_phase1/venv/lib/python3.12/site-packages/alpaca_trade_api/stream.py", line 251, in _run_forever
    await self._start_ws()
  File "/home/ubuntu/trading_bot_phase1/venv/lib/python3.12/site-packages/alpaca_trade_api/stream.py", line 105, in _start_ws
    await self._auth()
  File "/home/ubuntu/trading_bot_phase1/venv/lib/python3.12/site-packages/alpaca_trade_api/stream.py", line 99, in _auth
    raise ValueError(msg[0].get('msg', 'auth failed'))
ValueError: connection limit exceeded
data websocket error, restarting connection: server rejected WebSocket connection: HTTP 429
error during websocket communication: connection limit exceeded
Traceback (most recent call last):
  File "/home/ubuntu/trading_bot_phase1/venv/lib/python3.12/site-packages/alpaca_trade_api/stream.py", line 251, in _run_forever
    await self._start_ws()
  File "/home/ubuntu/trading_bot_phase1/venv/lib/python3.12/site-packages/alpaca_trade_api/stream.py", line 105, in _start_ws
    await self._auth()
  File "/home/ubuntu/trading_bot_phase1/venv/lib/python3.12/site-packages/alpaca_trade_api/stream.py", line 99, in _auth
    raise ValueError(msg[0].get('msg', 'auth failed'))
ValueError: connection limit exceeded
data websocket error, restarting connection: server rejected WebSocket connection: HTTP 429
data websocket error, restarting connection: server rejected WebSocket connection: HTTP 429
error during websocket communication: connection limit exceeded
Traceback (most recent call last):
  File "/home/ubuntu/trading_bot_phase1/venv/lib/python3.12/site-packages/alpaca_trade_api/stream.py", line 251, in _run_forever
    await self._start_ws()
  File "/home/ubuntu/trading_bot_phase1/venv/lib/python3.12/site-packages/alpaca_trade_api/stream.py", line 105, in _start_ws
    await self._auth()
  File "/home/ubuntu/trading_bot_phase1/venv/lib/python3.12/site-packages/alpaca_trade_api/stream.py", line 99, in _auth
    raise ValueError(msg[0].get('msg', 'auth failed'))
ValueError: connection limit exceeded
data websocket error, restarting connection: server rejected WebSocket connection: HTTP 429
data websocket error, restarting connection: server rejected WebSocket connection: HTTP 429
error during websocket communication: connection limit exceeded
Traceback (most recent call last):
  File "/home/ubuntu/trading_bot_phase1/venv/lib/python3.12/site-packages/alpaca_trade_api/stream.py", line 251, in _run_forever
    await self._start_ws()
  File "/home/ubuntu/trading_bot_phase1/venv/lib/python3.12/site-packages/alpaca_trade_api/stream.py", line 105, in _start_ws
    await self._auth()
  File "/home/ubuntu/trading_bot_phase1/venv/lib/python3.12/site-packages/alpaca_trade_api/stream.py", line 99, in _auth
    raise ValueError(msg[0].get('msg', 'auth failed'))
ValueError: connection limit exceeded
data websocket error, restarting connection: server rejected WebSocket connection: HTTP 429
error during websocket communication: connection limit exceeded
Traceback (most recent call last):
  File "/home/ubuntu/trading_bot_phase1/venv/lib/python3.12/site-packages/alpaca_trade_api/stream.py", line 251, in _run_forever
    await self._start_ws()
  File "/home/ubuntu/trading_bot_phase1/venv/lib/python3.12/site-packages/alpaca_trade_api/stream.py", line 105, in _start_ws
    await self._auth()
  File "/home/ubuntu/trading_bot_phase1/venv/lib/python3.12/site-packages/alpaca_trade_api/stream.py", line 99, in _auth
    raise ValueError(msg[0].get('msg', 'auth failed'))
ValueError: connection limit exceeded
data websocket error, restarting connection: server rejected WebSocket connection: HTTP 429
data websocket error, restarting connection: server rejected WebSocket connection: HTTP 429
data websocket error, restarting connection: server rejected WebSocket connection: HTTP 429
error during websocket communication: connection limit exceeded
Traceback (most recent call last):
  File "/home/ubuntu/trading_bot_phase1/venv/lib/python3.12/site-packages/alpaca_trade_api/stream.py", line 251, in _run_forever
    await self._start_ws()
  File "/home/ubuntu/trading_bot_phase1/venv/lib/python3.12/site-packages/alpaca_trade_api/stream.py", line 105, in _start_ws
    await self._auth()
  File "/home/ubuntu/trading_bot_phase1/venv/lib/python3.12/site-packages/alpaca_trade_api/stream.py", line 99, in _auth
    raise ValueError(msg[0].get('msg', 'auth failed'))
ValueError: connection limit exceeded
error during websocket communication: connection limit exceeded
Traceback (most recent call last):
  File "/home/ubuntu/trading_bot_phase1/venv/lib/python3.12/site-packages/alpaca_trade_api/stream.py", line 251, in _run_forever
    await self._start_ws()
  File "/home/ubuntu/trading_bot_phase1/venv/lib/python3.12/site-packages/alpaca_trade_api/stream.py", line 105, in _start_ws
    await self._auth()
  File "/home/ubuntu/trading_bot_phase1/venv/lib/python3.12/site-packages/alpaca_trade_api/stream.py", line 99, in _auth
    raise ValueError(msg[0].get('msg', 'auth failed'))
ValueError: connection limit exceeded
error during websocket communication: connection limit exceeded
Traceback (most recent call last):
  File "/home/ubuntu/trading_bot_phase1/venv/lib/python3.12/site-packages/alpaca_trade_api/stream.py", line 251, in _run_forever
    await self._start_ws()
  File "/home/ubuntu/trading_bot_phase1/venv/lib/python3.12/site-packages/alpaca_trade_api/stream.py", line 105, in _start_ws
    await self._auth()
  File "/home/ubuntu/trading_bot_phase1/venv/lib/python3.12/site-packages/alpaca_trade_api/stream.py", line 99, in _auth
    raise ValueError(msg[0].get('msg', 'auth failed'))
ValueError: connection limit exceeded
data websocket error, restarting connection: server rejected WebSocket connection: HTTP 429
error during websocket communication: connection limit exceeded
Traceback (most recent call last):
  File "/home/ubuntu/trading_bot_phase1/venv/lib/python3.12/site-packages/alpaca_trade_api/stream.py", line 251, in _run_forever
    await self._start_ws()
  File "/home/ubuntu/trading_bot_phase1/venv/lib/python3.12/site-packages/alpaca_trade_api/stream.py", line 105, in _start_ws
    await self._auth()
  File "/home/ubuntu/trading_bot_phase1/venv/lib/python3.12/site-packages/alpaca_trade_api/stream.py", line 99, in _auth
    raise ValueError(msg[0].get('msg', 'auth failed'))
ValueError: connection limit exceeded
data websocket error, restarting connection: server rejected WebSocket connection: HTTP 429
error during websocket communication: connection limit exceeded
Traceback (most recent call last):
  File "/home/ubuntu/trading_bot_phase1/venv/lib/python3.12/site-packages/alpaca_trade_api/stream.py", line 251, in _run_forever
    await self._start_ws()
  File "/home/ubuntu/trading_bot_phase1/venv/lib/python3.12/site-packages/alpaca_trade_api/stream.py", line 105, in _start_ws
    await self._auth()
  File "/home/ubuntu/trading_bot_phase1/venv/lib/python3.12/site-packages/alpaca_trade_api/stream.py", line 99, in _auth
    raise ValueError(msg[0].get('msg', 'auth failed'))
ValueError: connection limit exceeded
error during websocket communication: connection limit exceeded
Traceback (most recent call last):
  File "/home/ubuntu/trading_bot_phase1/venv/lib/python3.12/site-packages/alpaca_trade_api/stream.py", line 251, in _run_forever
    await self._start_ws()
  File "/home/ubuntu/trading_bot_phase1/venv/lib/python3.12/site-packages/alpaca_trade_api/stream.py", line 105, in _start_ws
    await self._auth()
  File "/home/ubuntu/trading_bot_phase1/venv/lib/python3.12/site-packages/alpaca_trade_api/stream.py", line 99, in _auth
    raise ValueError(msg[0].get('msg', 'auth failed'))
ValueError: connection limit exceeded
error during websocket communication: connection limit exceeded
Traceback (most recent call last):
  File "/home/ubuntu/trading_bot_phase1/venv/lib/python3.12/site-packages/alpaca_trade_api/stream.py", line 251, in _run_forever
    await self._start_ws()
  File "/home/ubuntu/trading_bot_phase1/venv/lib/python3.12/site-packages/alpaca_trade_api/stream.py", line 105, in _start_ws
    await self._auth()
  File "/home/ubuntu/trading_bot_phase1/venv/lib/python3.12/site-packages/alpaca_trade_api/stream.py", line 99, in _auth
    raise ValueError(msg[0].get('msg', 'auth failed'))
ValueError: connection limit exceeded
error during websocket communication: connection limit exceeded
Traceback (most recent call last):
  File "/home/ubuntu/trading_bot_phase1/venv/lib/python3.12/site-packages/alpaca_trade_api/stream.py", line 251, in _run_forever
    await self._start_ws()
  File "/home/ubuntu/trading_bot_phase1/venv/lib/python3.12/site-packages/alpaca_trade_api/stream.py", line 105, in _start_ws
    await self._auth()
  File "/home/ubuntu/trading_bot_phase1/venv/lib/python3.12/site-packages/alpaca_trade_api/stream.py", line 99, in _auth
    raise ValueError(msg[0].get('msg', 'auth failed'))
ValueError: connection limit exceeded
data websocket error, restarting connection: server rejected WebSocket connection: HTTP 429
error during websocket communication: connection limit exceeded
Traceback (most recent call last):
  File "/home/ubuntu/trading_bot_phase1/venv/lib/python3.12/site-packages/alpaca_trade_api/stream.py", line 251, in _run_forever
    await self._start_ws()
  File "/home/ubuntu/trading_bot_phase1/venv/lib/python3.12/site-packages/alpaca_trade_api/stream.py", line 105, in _start_ws
    await self._auth()
  File "/home/ubuntu/trading_bot_phase1/venv/lib/python3.12/site-packages/alpaca_trade_api/stream.py", line 99, in _auth
    raise ValueError(msg[0].get('msg', 'auth failed'))
ValueError: connection limit exceeded
error during websocket communication: connection limit exceeded
Traceback (most recent call last):
  File "/home/ubuntu/trading_bot_phase1/venv/lib/python3.12/site-packages/alpaca_trade_api/stream.py", line 251, in _run_forever
    await self._start_ws()
  File "/home/ubuntu/trading_bot_phase1/venv/lib/python3.12/site-packages/alpaca_trade_api/stream.py", line 105, in _start_ws
    await self._auth()
  File "/home/ubuntu/trading_bot_phase1/venv/lib/python3.12/site-packages/alpaca_trade_api/stream.py", line 99, in _auth
    raise ValueError(msg[0].get('msg', 'auth failed'))
ValueError: connection limit exceeded
error during websocket communication: connection limit exceeded
Traceback (most recent call last):
  File "/home/ubuntu/trading_bot_phase1/venv/lib/python3.12/site-packages/alpaca_trade_api/stream.py", line 251, in _run_forever
    await self._start_ws()
  File "/home/ubuntu/trading_bot_phase1/venv/lib/python3.12/site-packages/alpaca_trade_api/stream.py", line 105, in _start_ws
    await self._auth()
  File "/home/ubuntu/trading_bot_phase1/venv/lib/python3.12/site-packages/alpaca_trade_api/stream.py", line 99, in _auth
    raise ValueError(msg[0].get('msg', 'auth failed'))
ValueError: connection limit exceeded
data websocket error, restarting connection: server rejected WebSocket connection: HTTP 429
error during websocket communication: connection limit exceeded
Traceback (most recent call last):
  File "/home/ubuntu/trading_bot_phase1/venv/lib/python3.12/site-packages/alpaca_trade_api/stream.py", line 251, in _run_forever
    await self._start_ws()
  File "/home/ubuntu/trading_bot_phase1/venv/lib/python3.12/site-packages/alpaca_trade_api/stream.py", line 105, in _start_ws
    await self._auth()
  File "/home/ubuntu/trading_bot_phase1/venv/lib/python3.12/site-packages/alpaca_trade_api/stream.py", line 99, in _auth
    raise ValueError(msg[0].get('msg', 'auth failed'))
ValueError: connection limit exceeded
error during websocket communication: connection limit exceeded
Traceback (most recent call last):
  File "/home/ubuntu/trading_bot_phase1/venv/lib/python3.12/site-packages/alpaca_trade_api/stream.py", line 251, in _run_forever
    await self._start_ws()
  File "/home/ubuntu/trading_bot_phase1/venv/lib/python3.12/site-packages/alpaca_trade_api/stream.py", line 105, in _start_ws
    await self._auth()
  File "/home/ubuntu/trading_bot_phase1/venv/lib/python3.12/site-packages/alpaca_trade_api/stream.py", line 99, in _auth
    raise ValueError(msg[0].get('msg', 'auth failed'))
ValueError: connection limit exceeded
error during websocket communication: connection limit exceeded
Traceback (most recent call last):
  File "/home/ubuntu/trading_bot_phase1/venv/lib/python3.12/site-packages/alpaca_trade_api/stream.py", line 251, in _run_forever
    await self._start_ws()
  File "/home/ubuntu/trading_bot_phase1/venv/lib/python3.12/site-packages/alpaca_trade_api/stream.py", line 105, in _start_ws
    await self._auth()
  File "/home/ubuntu/trading_bot_phase1/venv/lib/python3.12/site-packages/alpaca_trade_api/stream.py", line 99, in _auth
    raise ValueError(msg[0].get('msg', 'auth failed'))
ValueError: connection limit exceeded
error during websocket communication: connection limit exceeded
Traceback (most recent call last):
  File "/home/ubuntu/trading_bot_phase1/venv/lib/python3.12/site-packages/alpaca_trade_api/stream.py", line 251, in _run_forever
    await self._start_ws()
  File "/home/ubuntu/trading_bot_phase1/venv/lib/python3.12/site-packages/alpaca_trade_api/stream.py", line 105, in _start_ws
    await self._auth()
  File "/home/ubuntu/trading_bot_phase1/venv/lib/python3.12/site-packages/alpaca_trade_api/stream.py", line 99, in _auth
    raise ValueError(msg[0].get('msg', 'auth failed'))
ValueError: connection limit exceeded
error during websocket communication: connection limit exceeded
Traceback (most recent call last):
  File "/home/ubuntu/trading_bot_phase1/venv/lib/python3.12/site-packages/alpaca_trade_api/stream.py", line 251, in _run_forever
    await self._start_ws()
  File "/home/ubuntu/trading_bot_phase1/venv/lib/python3.12/site-packages/alpaca_trade_api/stream.py", line 105, in _start_ws
    await self._auth()
  File "/home/ubuntu/trading_bot_phase1/venv/lib/python3.12/site-packages/alpaca_trade_api/stream.py", line 99, in _auth
    raise ValueError(msg[0].get('msg', 'auth failed'))
ValueError: connection limit exceeded
error during websocket communication: connection limit exceeded
Traceback (most recent call last):
  File "/home/ubuntu/trading_bot_phase1/venv/lib/python3.12/site-packages/alpaca_trade_api/stream.py", line 251, in _run_forever
    await self._start_ws()
  File "/home/ubuntu/trading_bot_phase1/venv/lib/python3.12/site-packages/alpaca_trade_api/stream.py", line 105, in _start_ws
    await self._auth()
  File "/home/ubuntu/trading_bot_phase1/venv/lib/python3.12/site-packages/alpaca_trade_api/stream.py", line 99, in _auth
    raise ValueError(msg[0].get('msg', 'auth failed'))
ValueError: connection limit exceeded
error during websocket communication: connection limit exceeded
Traceback (most recent call last):
  File "/home/ubuntu/trading_bot_phase1/venv/lib/python3.12/site-packages/alpaca_trade_api/stream.py", line 251, in _run_forever
    await self._start_ws()
  File "/home/ubuntu/trading_bot_phase1/venv/lib/python3.12/site-packages/alpaca_trade_api/stream.py", line 105, in _start_ws
    await self._auth()
  File "/home/ubuntu/trading_bot_phase1/venv/lib/python3.12/site-packages/alpaca_trade_api/stream.py", line 99, in _auth
    raise ValueError(msg[0].get('msg', 'auth failed'))
ValueError: connection limit exceeded
error during websocket communication: connection limit exceeded
Traceback (most recent call last):
  File "/home/ubuntu/trading_bot_phase1/venv/lib/python3.12/site-packages/alpaca_trade_api/stream.py", line 251, in _run_forever
    await self._start_ws()
  File "/home/ubuntu/trading_bot_phase1/venv/lib/python3.12/site-packages/alpaca_trade_api/stream.py", line 105, in _start_ws
    await self._auth()
  File "/home/ubuntu/trading_bot_phase1/venv/lib/python3.12/site-packages/alpaca_trade_api/stream.py", line 99, in _auth
    raise ValueError(msg[0].get('msg', 'auth failed'))
ValueError: connection limit exceeded
error during websocket communication: connection limit exceeded
Traceback (most recent call last):
  File "/home/ubuntu/trading_bot_phase1/venv/lib/python3.12/site-packages/alpaca_trade_api/stream.py", line 251, in _run_forever
    await self._start_ws()
  File "/home/ubuntu/trading_bot_phase1/venv/lib/python3.12/site-packages/alpaca_trade_api/stream.py", line 105, in _start_ws
    await self._auth()
  File "/home/ubuntu/trading_bot_phase1/venv/lib/python3.12/site-packages/alpaca_trade_api/stream.py", line 99, in _auth
    raise ValueError(msg[0].get('msg', 'auth failed'))
ValueError: connection limit exceeded
error during websocket communication: connection limit exceeded
Traceback (most recent call last):
  File "/home/ubuntu/trading_bot_phase1/venv/lib/python3.12/site-packages/alpaca_trade_api/stream.py", line 251, in _run_forever
    await self._start_ws()
  File "/home/ubuntu/trading_bot_phase1/venv/lib/python3.12/site-packages/alpaca_trade_api/stream.py", line 105, in _start_ws
    await self._auth()
  File "/home/ubuntu/trading_bot_phase1/venv/lib/python3.12/site-packages/alpaca_trade_api/stream.py", line 99, in _auth
    raise ValueError(msg[0].get('msg', 'auth failed'))
ValueError: connection limit exceeded
error during websocket communication: connection limit exceeded
Traceback (most recent call last):
  File "/home/ubuntu/trading_bot_phase1/venv/lib/python3.12/site-packages/alpaca_trade_api/stream.py", line 251, in _run_forever
    await self._start_ws()
  File "/home/ubuntu/trading_bot_phase1/venv/lib/python3.12/site-packages/alpaca_trade_api/stream.py", line 105, in _start_ws
    await self._auth()
  File "/home/ubuntu/trading_bot_phase1/venv/lib/python3.12/site-packages/alpaca_trade_api/stream.py", line 99, in _auth
    raise ValueError(msg[0].get('msg', 'auth failed'))
ValueError: connection limit exceeded
data websocket error, restarting connection: server rejected WebSocket connection: HTTP 429
data websocket error, restarting connection: server rejected WebSocket connection: HTTP 429
error during websocket communication: connection limit exceeded
Traceback (most recent call last):
  File "/home/ubuntu/trading_bot_phase1/venv/lib/python3.12/site-packages/alpaca_trade_api/stream.py", line 251, in _run_forever
    await self._start_ws()
  File "/home/ubuntu/trading_bot_phase1/venv/lib/python3.12/site-packages/alpaca_trade_api/stream.py", line 105, in _start_ws
    await self._auth()
  File "/home/ubuntu/trading_bot_phase1/venv/lib/python3.12/site-packages/alpaca_trade_api/stream.py", line 99, in _auth
    raise ValueError(msg[0].get('msg', 'auth failed'))
ValueError: connection limit exceeded
data websocket error, restarting connection: server rejected WebSocket connection: HTTP 429
error during websocket communication: connection limit exceeded
Traceback (most recent call last):
  File "/home/ubuntu/trading_bot_phase1/venv/lib/python3.12/site-packages/alpaca_trade_api/stream.py", line 251, in _run_forever
    await self._start_ws()
  File "/home/ubuntu/trading_bot_phase1/venv/lib/python3.12/site-packages/alpaca_trade_api/stream.py", line 105, in _start_ws
    await self._auth()
  File "/home/ubuntu/trading_bot_phase1/venv/lib/python3.12/site-packages/alpaca_trade_api/stream.py", line 99, in _auth
    raise ValueError(msg[0].get('msg', 'auth failed'))
ValueError: connection limit exceeded
data websocket error, restarting connection: server rejected WebSocket connection: HTTP 429
error during websocket communication: connection limit exceeded
Traceback (most recent call last):
  File "/home/ubuntu/trading_bot_phase1/venv/lib/python3.12/site-packages/alpaca_trade_api/stream.py", line 251, in _run_forever
    await self._start_ws()
  File "/home/ubuntu/trading_bot_phase1/venv/lib/python3.12/site-packages/alpaca_trade_api/stream.py", line 105, in _start_ws
    await self._auth()
  File "/home/ubuntu/trading_bot_phase1/venv/lib/python3.12/site-packages/alpaca_trade_api/stream.py", line 99, in _auth
    raise ValueError(msg[0].get('msg', 'auth failed'))
ValueError: connection limit exceeded
data websocket error, restarting connection: server rejected WebSocket connection: HTTP 429
data websocket error, restarting connection: server rejected WebSocket connection: HTTP 429
error during websocket communication: connection limit exceeded
Traceback (most recent call last):
  File "/home/ubuntu/trading_bot_phase1/venv/lib/python3.12/site-packages/alpaca_trade_api/stream.py", line 251, in _run_forever
    await self._start_ws()
  File "/home/ubuntu/trading_bot_phase1/venv/lib/python3.12/site-packages/alpaca_trade_api/stream.py", line 105, in _start_ws
    await self._auth()
  File "/home/ubuntu/trading_bot_phase1/venv/lib/python3.12/site-packages/alpaca_trade_api/stream.py", line 99, in _auth
    raise ValueError(msg[0].get('msg', 'auth failed'))
ValueError: connection limit exceeded
error during websocket communication: connection limit exceeded
Traceback (most recent call last):
  File "/home/ubuntu/trading_bot_phase1/venv/lib/python3.12/site-packages/alpaca_trade_api/stream.py", line 251, in _run_forever
    await self._start_ws()
  File "/home/ubuntu/trading_bot_phase1/venv/lib/python3.12/site-packages/alpaca_trade_api/stream.py", line 105, in _start_ws
    await self._auth()
  File "/home/ubuntu/trading_bot_phase1/venv/lib/python3.12/site-packages/alpaca_trade_api/stream.py", line 99, in _auth
    raise ValueError(msg[0].get('msg', 'auth failed'))
ValueError: connection limit exceeded
data websocket error, restarting connection: server rejected WebSocket connection: HTTP 429
data websocket error, restarting connection: server rejected WebSocket connection: HTTP 429
error during websocket communication: connection limit exceeded
Traceback (most recent call last):
  File "/home/ubuntu/trading_bot_phase1/venv/lib/python3.12/site-packages/alpaca_trade_api/stream.py", line 251, in _run_forever
    await self._start_ws()
  File "/home/ubuntu/trading_bot_phase1/venv/lib/python3.12/site-packages/alpaca_trade_api/stream.py", line 105, in _start_ws
    await self._auth()
  File "/home/ubuntu/trading_bot_phase1/venv/lib/python3.12/site-packages/alpaca_trade_api/stream.py", line 99, in _auth
    raise ValueError(msg[0].get('msg', 'auth failed'))
ValueError: connection limit exceeded
data websocket error, restarting connection: server rejected WebSocket connection: HTTP 429
error during websocket communication: connection limit exceeded
Traceback (most recent call last):
  File "/home/ubuntu/trading_bot_phase1/venv/lib/python3.12/site-packages/alpaca_trade_api/stream.py", line 251, in _run_forever
    await self._start_ws()
  File "/home/ubuntu/trading_bot_phase1/venv/lib/python3.12/site-packages/alpaca_trade_api/stream.py", line 105, in _start_ws
    await self._auth()
  File "/home/ubuntu/trading_bot_phase1/venv/lib/python3.12/site-packages/alpaca_trade_api/stream.py", line 99, in _auth
    raise ValueError(msg[0].get('msg', 'auth failed'))
ValueError: connection limit exceeded
data websocket error, restarting connection: server rejected WebSocket connection: HTTP 429
data websocket error, restarting connection: server rejected WebSocket connection: HTTP 429
data websocket error, restarting connection: server rejected WebSocket connection: HTTP 429
error during websocket communication: connection limit exceeded
Traceback (most recent call last):
  File "/home/ubuntu/trading_bot_phase1/venv/lib/python3.12/site-packages/alpaca_trade_api/stream.py", line 251, in _run_forever
    await self._start_ws()
  File "/home/ubuntu/trading_bot_phase1/venv/lib/python3.12/site-packages/alpaca_trade_api/stream.py", line 105, in _start_ws
    await self._auth()
  File "/home/ubuntu/trading_bot_phase1/venv/lib/python3.12/site-packages/alpaca_trade_api/stream.py", line 99, in _auth
    raise ValueError(msg[0].get('msg', 'auth failed'))
ValueError: connection limit exceeded
data websocket error, restarting connection: server rejected WebSocket connection: HTTP 429
error during websocket communication: connection limit exceeded
Traceback (most recent call last):
  File "/home/ubuntu/trading_bot_phase1/venv/lib/python3.12/site-packages/alpaca_trade_api/stream.py", line 251, in _run_forever
    await self._start_ws()
  File "/home/ubuntu/trading_bot_phase1/venv/lib/python3.12/site-packages/alpaca_trade_api/stream.py", line 105, in _start_ws
    await self._auth()
  File "/home/ubuntu/trading_bot_phase1/venv/lib/python3.12/site-packages/alpaca_trade_api/stream.py", line 99, in _auth
    raise ValueError(msg[0].get('msg', 'auth failed'))
ValueError: connection limit exceeded
data websocket error, restarting connection: server rejected WebSocket connection: HTTP 429
error during websocket communication: connection limit exceeded
Traceback (most recent call last):
  File "/home/ubuntu/trading_bot_phase1/venv/lib/python3.12/site-packages/alpaca_trade_api/stream.py", line 251, in _run_forever
    await self._start_ws()
  File "/home/ubuntu/trading_bot_phase1/venv/lib/python3.12/site-packages/alpaca_trade_api/stream.py", line 105, in _start_ws
    await self._auth()
  File "/home/ubuntu/trading_bot_phase1/venv/lib/python3.12/site-packages/alpaca_trade_api/stream.py", line 99, in _auth
    raise ValueError(msg[0].get('msg', 'auth failed'))
ValueError: connection limit exceeded
data websocket error, restarting connection: server rejected WebSocket connection: HTTP 429
data websocket error, restarting connection: server rejected WebSocket connection: HTTP 429
data websocket error, restarting connection: server rejected WebSocket connection: HTTP 429
data websocket error, restarting connection: server rejected WebSocket connection: HTTP 429
data websocket error, restarting connection: server rejected WebSocket connection: HTTP 429
data websocket error, restarting connection: server rejected WebSocket connection: HTTP 429
data websocket error, restarting connection: server rejected WebSocket connection: HTTP 429
data websocket error, restarting connection: server rejected WebSocket connection: HTTP 429
error during websocket communication: connection limit exceeded
Traceback (most recent call last):
  File "/home/ubuntu/trading_bot_phase1/venv/lib/python3.12/site-packages/alpaca_trade_api/stream.py", line 251, in _run_forever
    await self._start_ws()
  File "/home/ubuntu/trading_bot_phase1/venv/lib/python3.12/site-packages/alpaca_trade_api/stream.py", line 105, in _start_ws
    await self._auth()
  File "/home/ubuntu/trading_bot_phase1/venv/lib/python3.12/site-packages/alpaca_trade_api/stream.py", line 99, in _auth
    raise ValueError(msg[0].get('msg', 'auth failed'))
ValueError: connection limit exceeded
data websocket error, restarting connection: server rejected WebSocket connection: HTTP 429
error during websocket communication: connection limit exceeded
Traceback (most recent call last):
  File "/home/ubuntu/trading_bot_phase1/venv/lib/python3.12/site-packages/alpaca_trade_api/stream.py", line 251, in _run_forever
    await self._start_ws()
  File "/home/ubuntu/trading_bot_phase1/venv/lib/python3.12/site-packages/alpaca_trade_api/stream.py", line 105, in _start_ws
    await self._auth()
  File "/home/ubuntu/trading_bot_phase1/venv/lib/python3.12/site-packages/alpaca_trade_api/stream.py", line 99, in _auth
    raise ValueError(msg[0].get('msg', 'auth failed'))
ValueError: connection limit exceeded
data websocket error, restarting connection: server rejected WebSocket connection: HTTP 429
data websocket error, restarting connection: server rejected WebSocket connection: HTTP 429
data websocket error, restarting connection: server rejected WebSocket connection: HTTP 429
data websocket error, restarting connection: server rejected WebSocket connection: HTTP 429
data websocket error, restarting connection: server rejected WebSocket connection: HTTP 429
error during websocket communication: connection limit exceeded
Traceback (most recent call last):
  File "/home/ubuntu/trading_bot_phase1/venv/lib/python3.12/site-packages/alpaca_trade_api/stream.py", line 251, in _run_forever
    await self._start_ws()
  File "/home/ubuntu/trading_bot_phase1/venv/lib/python3.12/site-packages/alpaca_trade_api/stream.py", line 105, in _start_ws
    await self._auth()
  File "/home/ubuntu/trading_bot_phase1/venv/lib/python3.12/site-packages/alpaca_trade_api/stream.py", line 99, in _auth
    raise ValueError(msg[0].get('msg', 'auth failed'))
ValueError: connection limit exceeded
data websocket error, restarting connection: server rejected WebSocket connection: HTTP 429
error during websocket communication: connection limit exceeded
Traceback (most recent call last):
  File "/home/ubuntu/trading_bot_phase1/venv/lib/python3.12/site-packages/alpaca_trade_api/stream.py", line 251, in _run_forever
    await self._start_ws()
  File "/home/ubuntu/trading_bot_phase1/venv/lib/python3.12/site-packages/alpaca_trade_api/stream.py", line 105, in _start_ws
    await self._auth()
  File "/home/ubuntu/trading_bot_phase1/venv/lib/python3.12/site-packages/alpaca_trade_api/stream.py", line 99, in _auth
    raise ValueError(msg[0].get('msg', 'auth failed'))
ValueError: connection limit exceeded
data websocket error, restarting connection: server rejected WebSocket connection: HTTP 429
data websocket error, restarting connection: server rejected WebSocket connection: HTTP 429
data websocket error, restarting connection: server rejected WebSocket connection: HTTP 429
error during websocket communication: connection limit exceeded
Traceback (most recent call last):
  File "/home/ubuntu/trading_bot_phase1/venv/lib/python3.12/site-packages/alpaca_trade_api/stream.py", line 251, in _run_forever
    await self._start_ws()
  File "/home/ubuntu/trading_bot_phase1/venv/lib/python3.12/site-packages/alpaca_trade_api/stream.py", line 105, in _start_ws
    await self._auth()
  File "/home/ubuntu/trading_bot_phase1/venv/lib/python3.12/site-packages/alpaca_trade_api/stream.py", line 99, in _auth
    raise ValueError(msg[0].get('msg', 'auth failed'))
ValueError: connection limit exceeded
data websocket error, restarting connection: server rejected WebSocket connection: HTTP 429
data websocket error, restarting connection: server rejected WebSocket connection: HTTP 429
data websocket error, restarting connection: server rejected WebSocket connection: HTTP 429
error during websocket communication: connection limit exceeded
Traceback (most recent call last):
  File "/home/ubuntu/trading_bot_phase1/venv/lib/python3.12/site-packages/alpaca_trade_api/stream.py", line 251, in _run_forever
    await self._start_ws()
  File "/home/ubuntu/trading_bot_phase1/venv/lib/python3.12/site-packages/alpaca_trade_api/stream.py", line 105, in _start_ws
    await self._auth()
  File "/home/ubuntu/trading_bot_phase1/venv/lib/python3.12/site-packages/alpaca_trade_api/stream.py", line 99, in _auth
    raise ValueError(msg[0].get('msg', 'auth failed'))
ValueError: connection limit exceeded
error during websocket communication: connection limit exceeded
Traceback (most recent call last):
  File "/home/ubuntu/trading_bot_phase1/venv/lib/python3.12/site-packages/alpaca_trade_api/stream.py", line 251, in _run_forever
    await self._start_ws()
  File "/home/ubuntu/trading_bot_phase1/venv/lib/python3.12/site-packages/alpaca_trade_api/stream.py", line 105, in _start_ws
    await self._auth()
  File "/home/ubuntu/trading_bot_phase1/venv/lib/python3.12/site-packages/alpaca_trade_api/stream.py", line 99, in _auth
    raise ValueError(msg[0].get('msg', 'auth failed'))
ValueError: connection limit exceeded
error during websocket communication: connection limit exceeded
Traceback (most recent call last):
  File "/home/ubuntu/trading_bot_phase1/venv/lib/python3.12/site-packages/alpaca_trade_api/stream.py", line 251, in _run_forever
    await self._start_ws()
  File "/home/ubuntu/trading_bot_phase1/venv/lib/python3.12/site-packages/alpaca_trade_api/stream.py", line 105, in _start_ws
    await self._auth()
  File "/home/ubuntu/trading_bot_phase1/venv/lib/python3.12/site-packages/alpaca_trade_api/stream.py", line 99, in _auth
    raise ValueError(msg[0].get('msg', 'auth failed'))
ValueError: connection limit exceeded
data websocket error, restarting connection: server rejected WebSocket connection: HTTP 429
error during websocket communication: connection limit exceeded
Traceback (most recent call last):
  File "/home/ubuntu/trading_bot_phase1/venv/lib/python3.12/site-packages/alpaca_trade_api/stream.py", line 251, in _run_forever
    await self._start_ws()
  File "/home/ubuntu/trading_bot_phase1/venv/lib/python3.12/site-packages/alpaca_trade_api/stream.py", line 105, in _start_ws
    await self._auth()
  File "/home/ubuntu/trading_bot_phase1/venv/lib/python3.12/site-packages/alpaca_trade_api/stream.py", line 99, in _auth
    raise ValueError(msg[0].get('msg', 'auth failed'))
ValueError: connection limit exceeded
error during websocket communication: connection limit exceeded
Traceback (most recent call last):
  File "/home/ubuntu/trading_bot_phase1/venv/lib/python3.12/site-packages/alpaca_trade_api/stream.py", line 251, in _run_forever
    await self._start_ws()
  File "/home/ubuntu/trading_bot_phase1/venv/lib/python3.12/site-packages/alpaca_trade_api/stream.py", line 105, in _start_ws
    await self._auth()
  File "/home/ubuntu/trading_bot_phase1/venv/lib/python3.12/site-packages/alpaca_trade_api/stream.py", line 99, in _auth
    raise ValueError(msg[0].get('msg', 'auth failed'))
ValueError: connection limit exceeded
data websocket error, restarting connection: server rejected WebSocket connection: HTTP 429
error during websocket communication: connection limit exceeded
Traceback (most recent call last):
  File "/home/ubuntu/trading_bot_phase1/venv/lib/python3.12/site-packages/alpaca_trade_api/stream.py", line 251, in _run_forever
    await self._start_ws()
  File "/home/ubuntu/trading_bot_phase1/venv/lib/python3.12/site-packages/alpaca_trade_api/stream.py", line 105, in _start_ws
    await self._auth()
  File "/home/ubuntu/trading_bot_phase1/venv/lib/python3.12/site-packages/alpaca_trade_api/stream.py", line 99, in _auth
    raise ValueError(msg[0].get('msg', 'auth failed'))
ValueError: connection limit exceeded
data websocket error, restarting connection: server rejected WebSocket connection: HTTP 429
error during websocket communication: connection limit exceeded
Traceback (most recent call last):
  File "/home/ubuntu/trading_bot_phase1/venv/lib/python3.12/site-packages/alpaca_trade_api/stream.py", line 251, in _run_forever
    await self._start_ws()
  File "/home/ubuntu/trading_bot_phase1/venv/lib/python3.12/site-packages/alpaca_trade_api/stream.py", line 105, in _start_ws
    await self._auth()
  File "/home/ubuntu/trading_bot_phase1/venv/lib/python3.12/site-packages/alpaca_trade_api/stream.py", line 99, in _auth
    raise ValueError(msg[0].get('msg', 'auth failed'))
ValueError: connection limit exceeded
error during websocket communication: connection limit exceeded
Traceback (most recent call last):
  File "/home/ubuntu/trading_bot_phase1/venv/lib/python3.12/site-packages/alpaca_trade_api/stream.py", line 251, in _run_forever
    await self._start_ws()
  File "/home/ubuntu/trading_bot_phase1/venv/lib/python3.12/site-packages/alpaca_trade_api/stream.py", line 105, in _start_ws
    await self._auth()
  File "/home/ubuntu/trading_bot_phase1/venv/lib/python3.12/site-packages/alpaca_trade_api/stream.py", line 99, in _auth
    raise ValueError(msg[0].get('msg', 'auth failed'))
ValueError: connection limit exceeded
error during websocket communication: connection limit exceeded
Traceback (most recent call last):
  File "/home/ubuntu/trading_bot_phase1/venv/lib/python3.12/site-packages/alpaca_trade_api/stream.py", line 251, in _run_forever
    await self._start_ws()
  File "/home/ubuntu/trading_bot_phase1/venv/lib/python3.12/site-packages/alpaca_trade_api/stream.py", line 105, in _start_ws
    await self._auth()
  File "/home/ubuntu/trading_bot_phase1/venv/lib/python3.12/site-packages/alpaca_trade_api/stream.py", line 99, in _auth
    raise ValueError(msg[0].get('msg', 'auth failed'))
ValueError: connection limit exceeded
error during websocket communication: connection limit exceeded
Traceback (most recent call last):
  File "/home/ubuntu/trading_bot_phase1/venv/lib/python3.12/site-packages/alpaca_trade_api/stream.py", line 251, in _run_forever
    await self._start_ws()
  File "/home/ubuntu/trading_bot_phase1/venv/lib/python3.12/site-packages/alpaca_trade_api/stream.py", line 105, in _start_ws
    await self._auth()
  File "/home/ubuntu/trading_bot_phase1/venv/lib/python3.12/site-packages/alpaca_trade_api/stream.py", line 99, in _auth
    raise ValueError(msg[0].get('msg', 'auth failed'))
ValueError: connection limit exceeded
error during websocket communication: connection limit exceeded
Traceback (most recent call last):
  File "/home/ubuntu/trading_bot_phase1/venv/lib/python3.12/site-packages/alpaca_trade_api/stream.py", line 251, in _run_forever
    await self._start_ws()
  File "/home/ubuntu/trading_bot_phase1/venv/lib/python3.12/site-packages/alpaca_trade_api/stream.py", line 105, in _start_ws
    await self._auth()
  File "/home/ubuntu/trading_bot_phase1/venv/lib/python3.12/site-packages/alpaca_trade_api/stream.py", line 99, in _auth
    raise ValueError(msg[0].get('msg', 'auth failed'))
ValueError: connection limit exceeded
data websocket error, restarting connection: server rejected WebSocket connection: HTTP 429
error during websocket communication: connection limit exceeded
Traceback (most recent call last):
  File "/home/ubuntu/trading_bot_phase1/venv/lib/python3.12/site-packages/alpaca_trade_api/stream.py", line 251, in _run_forever
    await self._start_ws()
  File "/home/ubuntu/trading_bot_phase1/venv/lib/python3.12/site-packages/alpaca_trade_api/stream.py", line 105, in _start_ws
    await self._auth()
  File "/home/ubuntu/trading_bot_phase1/venv/lib/python3.12/site-packages/alpaca_trade_api/stream.py", line 99, in _auth
    raise ValueError(msg[0].get('msg', 'auth failed'))
ValueError: connection limit exceeded
error during websocket communication: connection limit exceeded
Traceback (most recent call last):
  File "/home/ubuntu/trading_bot_phase1/venv/lib/python3.12/site-packages/alpaca_trade_api/stream.py", line 251, in _run_forever
    await self._start_ws()
  File "/home/ubuntu/trading_bot_phase1/venv/lib/python3.12/site-packages/alpaca_trade_api/stream.py", line 105, in _start_ws
    await self._auth()
  File "/home/ubuntu/trading_bot_phase1/venv/lib/python3.12/site-packages/alpaca_trade_api/stream.py", line 99, in _auth
    raise ValueError(msg[0].get('msg', 'auth failed'))
ValueError: connection limit exceeded
error during websocket communication: connection limit exceeded
Traceback (most recent call last):
  File "/home/ubuntu/trading_bot_phase1/venv/lib/python3.12/site-packages/alpaca_trade_api/stream.py", line 251, in _run_forever
    await self._start_ws()
  File "/home/ubuntu/trading_bot_phase1/venv/lib/python3.12/site-packages/alpaca_trade_api/stream.py", line 105, in _start_ws
    await self._auth()
  File "/home/ubuntu/trading_bot_phase1/venv/lib/python3.12/site-packages/alpaca_trade_api/stream.py", line 99, in _auth
    raise ValueError(msg[0].get('msg', 'auth failed'))
ValueError: connection limit exceeded
error during websocket communication: connection limit exceeded
Traceback (most recent call last):
  File "/home/ubuntu/trading_bot_phase1/venv/lib/python3.12/site-packages/alpaca_trade_api/stream.py", line 251, in _run_forever
    await self._start_ws()
  File "/home/ubuntu/trading_bot_phase1/venv/lib/python3.12/site-packages/alpaca_trade_api/stream.py", line 105, in _start_ws
    await self._auth()
  File "/home/ubuntu/trading_bot_phase1/venv/lib/python3.12/site-packages/alpaca_trade_api/stream.py", line 99, in _auth
    raise ValueError(msg[0].get('msg', 'auth failed'))
ValueError: connection limit exceeded
error during websocket communication: connection limit exceeded
Traceback (most recent call last):
  File "/home/ubuntu/trading_bot_phase1/venv/lib/python3.12/site-packages/alpaca_trade_api/stream.py", line 251, in _run_forever
    await self._start_ws()
  File "/home/ubuntu/trading_bot_phase1/venv/lib/python3.12/site-packages/alpaca_trade_api/stream.py", line 105, in _start_ws
    await self._auth()
  File "/home/ubuntu/trading_bot_phase1/venv/lib/python3.12/site-packages/alpaca_trade_api/stream.py", line 99, in _auth
    raise ValueError(msg[0].get('msg', 'auth failed'))
ValueError: connection limit exceeded
error during websocket communication: connection limit exceeded
Traceback (most recent call last):
  File "/home/ubuntu/trading_bot_phase1/venv/lib/python3.12/site-packages/alpaca_trade_api/stream.py", line 251, in _run_forever
    await self._start_ws()
  File "/home/ubuntu/trading_bot_phase1/venv/lib/python3.12/site-packages/alpaca_trade_api/stream.py", line 105, in _start_ws
    await self._auth()
  File "/home/ubuntu/trading_bot_phase1/venv/lib/python3.12/site-packages/alpaca_trade_api/stream.py", line 99, in _auth
    raise ValueError(msg[0].get('msg', 'auth failed'))
ValueError: connection limit exceeded
error during websocket communication: connection limit exceeded
Traceback (most recent call last):
  File "/home/ubuntu/trading_bot_phase1/venv/lib/python3.12/site-packages/alpaca_trade_api/stream.py", line 251, in _run_forever
    await self._start_ws()
  File "/home/ubuntu/trading_bot_phase1/venv/lib/python3.12/site-packages/alpaca_trade_api/stream.py", line 105, in _start_ws
    await self._auth()
  File "/home/ubuntu/trading_bot_phase1/venv/lib/python3.12/site-packages/alpaca_trade_api/stream.py", line 99, in _auth
    raise ValueError(msg[0].get('msg', 'auth failed'))
ValueError: connection limit exceeded
error during websocket communication: connection limit exceeded
Traceback (most recent call last):
  File "/home/ubuntu/trading_bot_phase1/venv/lib/python3.12/site-packages/alpaca_trade_api/stream.py", line 251, in _run_forever
    await self._start_ws()
  File "/home/ubuntu/trading_bot_phase1/venv/lib/python3.12/site-packages/alpaca_trade_api/stream.py", line 105, in _start_ws
    await self._auth()
  File "/home/ubuntu/trading_bot_phase1/venv/lib/python3.12/site-packages/alpaca_trade_api/stream.py", line 99, in _auth
    raise ValueError(msg[0].get('msg', 'auth failed'))
ValueError: connection limit exceeded
data websocket error, restarting connection: server rejected WebSocket connection: HTTP 429
error during websocket communication: connection limit exceeded
Traceback (most recent call last):
  File "/home/ubuntu/trading_bot_phase1/venv/lib/python3.12/site-packages/alpaca_trade_api/stream.py", line 251, in _run_forever
    await self._start_ws()
  File "/home/ubuntu/trading_bot_phase1/venv/lib/python3.12/site-packages/alpaca_trade_api/stream.py", line 105, in _start_ws
    await self._auth()
  File "/home/ubuntu/trading_bot_phase1/venv/lib/python3.12/site-packages/alpaca_trade_api/stream.py", line 99, in _auth
    raise ValueError(msg[0].get('msg', 'auth failed'))
ValueError: connection limit exceeded
data websocket error, restarting connection: server rejected WebSocket connection: HTTP 429
error during websocket communication: connection limit exceeded
Traceback (most recent call last):
  File "/home/ubuntu/trading_bot_phase1/venv/lib/python3.12/site-packages/alpaca_trade_api/stream.py", line 251, in _run_forever
    await self._start_ws()
  File "/home/ubuntu/trading_bot_phase1/venv/lib/python3.12/site-packages/alpaca_trade_api/stream.py", line 105, in _start_ws
    await self._auth()
  File "/home/ubuntu/trading_bot_phase1/venv/lib/python3.12/site-packages/alpaca_trade_api/stream.py", line 99, in _auth
    raise ValueError(msg[0].get('msg', 'auth failed'))
ValueError: connection limit exceeded
error during websocket communication: connection limit exceeded
Traceback (most recent call last):
  File "/home/ubuntu/trading_bot_phase1/venv/lib/python3.12/site-packages/alpaca_trade_api/stream.py", line 251, in _run_forever
    await self._start_ws()
  File "/home/ubuntu/trading_bot_phase1/venv/lib/python3.12/site-packages/alpaca_trade_api/stream.py", line 105, in _start_ws
    await self._auth()
  File "/home/ubuntu/trading_bot_phase1/venv/lib/python3.12/site-packages/alpaca_trade_api/stream.py", line 99, in _auth
    raise ValueError(msg[0].get('msg', 'auth failed'))
ValueError: connection limit exceeded
data websocket error, restarting connection: server rejected WebSocket connection: HTTP 429
error during websocket communication: connection limit exceeded
Traceback (most recent call last):
  File "/home/ubuntu/trading_bot_phase1/venv/lib/python3.12/site-packages/alpaca_trade_api/stream.py", line 251, in _run_forever
    await self._start_ws()
  File "/home/ubuntu/trading_bot_phase1/venv/lib/python3.12/site-packages/alpaca_trade_api/stream.py", line 105, in _start_ws
    await self._auth()
  File "/home/ubuntu/trading_bot_phase1/venv/lib/python3.12/site-packages/alpaca_trade_api/stream.py", line 99, in _auth
    raise ValueError(msg[0].get('msg', 'auth failed'))
ValueError: connection limit exceeded
error during websocket communication: connection limit exceeded
Traceback (most recent call last):
  File "/home/ubuntu/trading_bot_phase1/venv/lib/python3.12/site-packages/alpaca_trade_api/stream.py", line 251, in _run_forever
    await self._start_ws()
  File "/home/ubuntu/trading_bot_phase1/venv/lib/python3.12/site-packages/alpaca_trade_api/stream.py", line 105, in _start_ws
    await self._auth()
  File "/home/ubuntu/trading_bot_phase1/venv/lib/python3.12/site-packages/alpaca_trade_api/stream.py", line 99, in _auth
    raise ValueError(msg[0].get('msg', 'auth failed'))
ValueError: connection limit exceeded
error during websocket communication: connection limit exceeded
Traceback (most recent call last):
  File "/home/ubuntu/trading_bot_phase1/venv/lib/python3.12/site-packages/alpaca_trade_api/stream.py", line 251, in _run_forever
    await self._start_ws()
  File "/home/ubuntu/trading_bot_phase1/venv/lib/python3.12/site-packages/alpaca_trade_api/stream.py", line 105, in _start_ws
    await self._auth()
  File "/home/ubuntu/trading_bot_phase1/venv/lib/python3.12/site-packages/alpaca_trade_api/stream.py", line 99, in _auth
    raise ValueError(msg[0].get('msg', 'auth failed'))
ValueError: connection limit exceeded
data websocket error, restarting connection: server rejected WebSocket connection: HTTP 429
data websocket error, restarting connection: server rejected WebSocket connection: HTTP 429
data websocket error, restarting connection: server rejected WebSocket connection: HTTP 429
error during websocket communication: connection limit exceeded
Traceback (most recent call last):
  File "/home/ubuntu/trading_bot_phase1/venv/lib/python3.12/site-packages/alpaca_trade_api/stream.py", line 251, in _run_forever
    await self._start_ws()
  File "/home/ubuntu/trading_bot_phase1/venv/lib/python3.12/site-packages/alpaca_trade_api/stream.py", line 105, in _start_ws
    await self._auth()
  File "/home/ubuntu/trading_bot_phase1/venv/lib/python3.12/site-packages/alpaca_trade_api/stream.py", line 99, in _auth
    raise ValueError(msg[0].get('msg', 'auth failed'))
ValueError: connection limit exceeded
data websocket error, restarting connection: server rejected WebSocket connection: HTTP 429
data websocket error, restarting connection: server rejected WebSocket connection: HTTP 429
data websocket error, restarting connection: server rejected WebSocket connection: HTTP 429
data websocket error, restarting connection: server rejected WebSocket connection: HTTP 429
error during websocket communication: connection limit exceeded
Traceback (most recent call last):
  File "/home/ubuntu/trading_bot_phase1/venv/lib/python3.12/site-packages/alpaca_trade_api/stream.py", line 251, in _run_forever
    await self._start_ws()
  File "/home/ubuntu/trading_bot_phase1/venv/lib/python3.12/site-packages/alpaca_trade_api/stream.py", line 105, in _start_ws
    await self._auth()
  File "/home/ubuntu/trading_bot_phase1/venv/lib/python3.12/site-packages/alpaca_trade_api/stream.py", line 99, in _auth
    raise ValueError(msg[0].get('msg', 'auth failed'))
ValueError: connection limit exceeded
data websocket error, restarting connection: server rejected WebSocket connection: HTTP 429
data websocket error, restarting connection: server rejected WebSocket connection: HTTP 429
data websocket error, restarting connection: server rejected WebSocket connection: HTTP 429
error during websocket communication: connection limit exceeded
Traceback (most recent call last):
  File "/home/ubuntu/trading_bot_phase1/venv/lib/python3.12/site-packages/alpaca_trade_api/stream.py", line 251, in _run_forever
    await self._start_ws()
  File "/home/ubuntu/trading_bot_phase1/venv/lib/python3.12/site-packages/alpaca_trade_api/stream.py", line 105, in _start_ws
    await self._auth()
  File "/home/ubuntu/trading_bot_phase1/venv/lib/python3.12/site-packages/alpaca_trade_api/stream.py", line 99, in _auth
    raise ValueError(msg[0].get('msg', 'auth failed'))
ValueError: connection limit exceeded
error during websocket communication: connection limit exceeded
Traceback (most recent call last):
  File "/home/ubuntu/trading_bot_phase1/venv/lib/python3.12/site-packages/alpaca_trade_api/stream.py", line 251, in _run_forever
    await self._start_ws()
  File "/home/ubuntu/trading_bot_phase1/venv/lib/python3.12/site-packages/alpaca_trade_api/stream.py", line 105, in _start_ws
    await self._auth()
  File "/home/ubuntu/trading_bot_phase1/venv/lib/python3.12/site-packages/alpaca_trade_api/stream.py", line 99, in _auth
    raise ValueError(msg[0].get('msg', 'auth failed'))
ValueError: connection limit exceeded
data websocket error, restarting connection: server rejected WebSocket connection: HTTP 429
error during websocket communication: connection limit exceeded
Traceback (most recent call last):
  File "/home/ubuntu/trading_bot_phase1/venv/lib/python3.12/site-packages/alpaca_trade_api/stream.py", line 251, in _run_forever
    await self._start_ws()
  File "/home/ubuntu/trading_bot_phase1/venv/lib/python3.12/site-packages/alpaca_trade_api/stream.py", line 105, in _start_ws
    await self._auth()
  File "/home/ubuntu/trading_bot_phase1/venv/lib/python3.12/site-packages/alpaca_trade_api/stream.py", line 99, in _auth
    raise ValueError(msg[0].get('msg', 'auth failed'))
ValueError: connection limit exceeded
data websocket error, restarting connection: server rejected WebSocket connection: HTTP 429
data websocket error, restarting connection: server rejected WebSocket connection: HTTP 429
error during websocket communication: connection limit exceeded
Traceback (most recent call last):
  File "/home/ubuntu/trading_bot_phase1/venv/lib/python3.12/site-packages/alpaca_trade_api/stream.py", line 251, in _run_forever
    await self._start_ws()
  File "/home/ubuntu/trading_bot_phase1/venv/lib/python3.12/site-packages/alpaca_trade_api/stream.py", line 105, in _start_ws
    await self._auth()
  File "/home/ubuntu/trading_bot_phase1/venv/lib/python3.12/site-packages/alpaca_trade_api/stream.py", line 99, in _auth
    raise ValueError(msg[0].get('msg', 'auth failed'))
ValueError: connection limit exceeded
data websocket error, restarting connection: server rejected WebSocket connection: HTTP 429
data websocket error, restarting connection: server rejected WebSocket connection: HTTP 429
data websocket error, restarting connection: server rejected WebSocket connection: HTTP 429
error during websocket communication: connection limit exceeded
Traceback (most recent call last):
  File "/home/ubuntu/trading_bot_phase1/venv/lib/python3.12/site-packages/alpaca_trade_api/stream.py", line 251, in _run_forever
    await self._start_ws()
  File "/home/ubuntu/trading_bot_phase1/venv/lib/python3.12/site-packages/alpaca_trade_api/stream.py", line 105, in _start_ws
    await self._auth()
  File "/home/ubuntu/trading_bot_phase1/venv/lib/python3.12/site-packages/alpaca_trade_api/stream.py", line 99, in _auth
    raise ValueError(msg[0].get('msg', 'auth failed'))
ValueError: connection limit exceeded
data websocket error, restarting connection: server rejected WebSocket connection: HTTP 429
data websocket error, restarting connection: server rejected WebSocket connection: HTTP 429
data websocket error, restarting connection: server rejected WebSocket connection: HTTP 429
error during websocket communication: connection limit exceeded
Traceback (most recent call last):
  File "/home/ubuntu/trading_bot_phase1/venv/lib/python3.12/site-packages/alpaca_trade_api/stream.py", line 251, in _run_forever
    await self._start_ws()
  File "/home/ubuntu/trading_bot_phase1/venv/lib/python3.12/site-packages/alpaca_trade_api/stream.py", line 105, in _start_ws
    await self._auth()
  File "/home/ubuntu/trading_bot_phase1/venv/lib/python3.12/site-packages/alpaca_trade_api/stream.py", line 99, in _auth
    raise ValueError(msg[0].get('msg', 'auth failed'))
ValueError: connection limit exceeded
data websocket error, restarting connection: server rejected WebSocket connection: HTTP 429
error during websocket communication: connection limit exceeded
Traceback (most recent call last):
  File "/home/ubuntu/trading_bot_phase1/venv/lib/python3.12/site-packages/alpaca_trade_api/stream.py", line 251, in _run_forever
    await self._start_ws()
  File "/home/ubuntu/trading_bot_phase1/venv/lib/python3.12/site-packages/alpaca_trade_api/stream.py", line 105, in _start_ws
    await self._auth()
  File "/home/ubuntu/trading_bot_phase1/venv/lib/python3.12/site-packages/alpaca_trade_api/stream.py", line 99, in _auth
    raise ValueError(msg[0].get('msg', 'auth failed'))
ValueError: connection limit exceeded
data websocket error, restarting connection: server rejected WebSocket connection: HTTP 429
error during websocket communication: connection limit exceeded
Traceback (most recent call last):
  File "/home/ubuntu/trading_bot_phase1/venv/lib/python3.12/site-packages/alpaca_trade_api/stream.py", line 251, in _run_forever
    await self._start_ws()
  File "/home/ubuntu/trading_bot_phase1/venv/lib/python3.12/site-packages/alpaca_trade_api/stream.py", line 105, in _start_ws
    await self._auth()
  File "/home/ubuntu/trading_bot_phase1/venv/lib/python3.12/site-packages/alpaca_trade_api/stream.py", line 99, in _auth
    raise ValueError(msg[0].get('msg', 'auth failed'))
ValueError: connection limit exceeded
data websocket error, restarting connection: server rejected WebSocket connection: HTTP 429
error during websocket communication: connection limit exceeded
Traceback (most recent call last):
  File "/home/ubuntu/trading_bot_phase1/venv/lib/python3.12/site-packages/alpaca_trade_api/stream.py", line 251, in _run_forever
    await self._start_ws()
  File "/home/ubuntu/trading_bot_phase1/venv/lib/python3.12/site-packages/alpaca_trade_api/stream.py", line 105, in _start_ws
    await self._auth()
  File "/home/ubuntu/trading_bot_phase1/venv/lib/python3.12/site-packages/alpaca_trade_api/stream.py", line 99, in _auth
    raise ValueError(msg[0].get('msg', 'auth failed'))
ValueError: connection limit exceeded
data websocket error, restarting connection: server rejected WebSocket connection: HTTP 429
error during websocket communication: connection limit exceeded
Traceback (most recent call last):
  File "/home/ubuntu/trading_bot_phase1/venv/lib/python3.12/site-packages/alpaca_trade_api/stream.py", line 251, in _run_forever
    await self._start_ws()
  File "/home/ubuntu/trading_bot_phase1/venv/lib/python3.12/site-packages/alpaca_trade_api/stream.py", line 105, in _start_ws
    await self._auth()
  File "/home/ubuntu/trading_bot_phase1/venv/lib/python3.12/site-packages/alpaca_trade_api/stream.py", line 99, in _auth
    raise ValueError(msg[0].get('msg', 'auth failed'))
ValueError: connection limit exceeded
data websocket error, restarting connection: server rejected WebSocket connection: HTTP 429
error during websocket communication: connection limit exceeded
Traceback (most recent call last):
  File "/home/ubuntu/trading_bot_phase1/venv/lib/python3.12/site-packages/alpaca_trade_api/stream.py", line 251, in _run_forever
    await self._start_ws()
  File "/home/ubuntu/trading_bot_phase1/venv/lib/python3.12/site-packages/alpaca_trade_api/stream.py", line 105, in _start_ws
    await self._auth()
  File "/home/ubuntu/trading_bot_phase1/venv/lib/python3.12/site-packages/alpaca_trade_api/stream.py", line 99, in _auth
    raise ValueError(msg[0].get('msg', 'auth failed'))
ValueError: connection limit exceeded
data websocket error, restarting connection: server rejected WebSocket connection: HTTP 429
data websocket error, restarting connection: server rejected WebSocket connection: HTTP 429
error during websocket communication: connection limit exceeded
Traceback (most recent call last):
  File "/home/ubuntu/trading_bot_phase1/venv/lib/python3.12/site-packages/alpaca_trade_api/stream.py", line 251, in _run_forever
    await self._start_ws()
  File "/home/ubuntu/trading_bot_phase1/venv/lib/python3.12/site-packages/alpaca_trade_api/stream.py", line 105, in _start_ws
    await self._auth()
  File "/home/ubuntu/trading_bot_phase1/venv/lib/python3.12/site-packages/alpaca_trade_api/stream.py", line 99, in _auth
    raise ValueError(msg[0].get('msg', 'auth failed'))
ValueError: connection limit exceeded
data websocket error, restarting connection: server rejected WebSocket connection: HTTP 429
error during websocket communication: connection limit exceeded
Traceback (most recent call last):
  File "/home/ubuntu/trading_bot_phase1/venv/lib/python3.12/site-packages/alpaca_trade_api/stream.py", line 251, in _run_forever
    await self._start_ws()
  File "/home/ubuntu/trading_bot_phase1/venv/lib/python3.12/site-packages/alpaca_trade_api/stream.py", line 105, in _start_ws
    await self._auth()
  File "/home/ubuntu/trading_bot_phase1/venv/lib/python3.12/site-packages/alpaca_trade_api/stream.py", line 99, in _auth
    raise ValueError(msg[0].get('msg', 'auth failed'))
ValueError: connection limit exceeded
error during websocket communication: connection limit exceeded
Traceback (most recent call last):
  File "/home/ubuntu/trading_bot_phase1/venv/lib/python3.12/site-packages/alpaca_trade_api/stream.py", line 251, in _run_forever
    await self._start_ws()
  File "/home/ubuntu/trading_bot_phase1/venv/lib/python3.12/site-packages/alpaca_trade_api/stream.py", line 105, in _start_ws
    await self._auth()
  File "/home/ubuntu/trading_bot_phase1/venv/lib/python3.12/site-packages/alpaca_trade_api/stream.py", line 99, in _auth
    raise ValueError(msg[0].get('msg', 'auth failed'))
ValueError: connection limit exceeded
error during websocket communication: connection limit exceeded
Traceback (most recent call last):
  File "/home/ubuntu/trading_bot_phase1/venv/lib/python3.12/site-packages/alpaca_trade_api/stream.py", line 251, in _run_forever
    await self._start_ws()
  File "/home/ubuntu/trading_bot_phase1/venv/lib/python3.12/site-packages/alpaca_trade_api/stream.py", line 105, in _start_ws
    await self._auth()
  File "/home/ubuntu/trading_bot_phase1/venv/lib/python3.12/site-packages/alpaca_trade_api/stream.py", line 99, in _auth
    raise ValueError(msg[0].get('msg', 'auth failed'))
ValueError: connection limit exceeded
data websocket error, restarting connection: server rejected WebSocket connection: HTTP 429
data websocket error, restarting connection: server rejected WebSocket connection: HTTP 429
error during websocket communication: connection limit exceeded
Traceback (most recent call last):
  File "/home/ubuntu/trading_bot_phase1/venv/lib/python3.12/site-packages/alpaca_trade_api/stream.py", line 251, in _run_forever
    await self._start_ws()
  File "/home/ubuntu/trading_bot_phase1/venv/lib/python3.12/site-packages/alpaca_trade_api/stream.py", line 105, in _start_ws
    await self._auth()
  File "/home/ubuntu/trading_bot_phase1/venv/lib/python3.12/site-packages/alpaca_trade_api/stream.py", line 99, in _auth
    raise ValueError(msg[0].get('msg', 'auth failed'))
ValueError: connection limit exceeded
error during websocket communication: connection limit exceeded
Traceback (most recent call last):
  File "/home/ubuntu/trading_bot_phase1/venv/lib/python3.12/site-packages/alpaca_trade_api/stream.py", line 251, in _run_forever
    await self._start_ws()
  File "/home/ubuntu/trading_bot_phase1/venv/lib/python3.12/site-packages/alpaca_trade_api/stream.py", line 105, in _start_ws
    await self._auth()
  File "/home/ubuntu/trading_bot_phase1/venv/lib/python3.12/site-packages/alpaca_trade_api/stream.py", line 99, in _auth
    raise ValueError(msg[0].get('msg', 'auth failed'))
ValueError: connection limit exceeded
error during websocket communication: connection limit exceeded
Traceback (most recent call last):
  File "/home/ubuntu/trading_bot_phase1/venv/lib/python3.12/site-packages/alpaca_trade_api/stream.py", line 251, in _run_forever
    await self._start_ws()
  File "/home/ubuntu/trading_bot_phase1/venv/lib/python3.12/site-packages/alpaca_trade_api/stream.py", line 105, in _start_ws
    await self._auth()
  File "/home/ubuntu/trading_bot_phase1/venv/lib/python3.12/site-packages/alpaca_trade_api/stream.py", line 99, in _auth
    raise ValueError(msg[0].get('msg', 'auth failed'))
ValueError: connection limit exceeded
data websocket error, restarting connection: server rejected WebSocket connection: HTTP 429
error during websocket communication: connection limit exceeded
Traceback (most recent call last):
  File "/home/ubuntu/trading_bot_phase1/venv/lib/python3.12/site-packages/alpaca_trade_api/stream.py", line 251, in _run_forever
    await self._start_ws()
  File "/home/ubuntu/trading_bot_phase1/venv/lib/python3.12/site-packages/alpaca_trade_api/stream.py", line 105, in _start_ws
    await self._auth()
  File "/home/ubuntu/trading_bot_phase1/venv/lib/python3.12/site-packages/alpaca_trade_api/stream.py", line 99, in _auth
    raise ValueError(msg[0].get('msg', 'auth failed'))
ValueError: connection limit exceeded
data websocket error, restarting connection: server rejected WebSocket connection: HTTP 429
error during websocket communication: connection limit exceeded
Traceback (most recent call last):
  File "/home/ubuntu/trading_bot_phase1/venv/lib/python3.12/site-packages/alpaca_trade_api/stream.py", line 251, in _run_forever
    await self._start_ws()
  File "/home/ubuntu/trading_bot_phase1/venv/lib/python3.12/site-packages/alpaca_trade_api/stream.py", line 105, in _start_ws
    await self._auth()
  File "/home/ubuntu/trading_bot_phase1/venv/lib/python3.12/site-packages/alpaca_trade_api/stream.py", line 99, in _auth
    raise ValueError(msg[0].get('msg', 'auth failed'))
ValueError: connection limit exceeded
data websocket error, restarting connection: server rejected WebSocket connection: HTTP 429
error during websocket communication: connection limit exceeded
Traceback (most recent call last):
  File "/home/ubuntu/trading_bot_phase1/venv/lib/python3.12/site-packages/alpaca_trade_api/stream.py", line 251, in _run_forever
    await self._start_ws()
  File "/home/ubuntu/trading_bot_phase1/venv/lib/python3.12/site-packages/alpaca_trade_api/stream.py", line 105, in _start_ws
    await self._auth()
  File "/home/ubuntu/trading_bot_phase1/venv/lib/python3.12/site-packages/alpaca_trade_api/stream.py", line 99, in _auth
    raise ValueError(msg[0].get('msg', 'auth failed'))
ValueError: connection limit exceeded
error during websocket communication: connection limit exceeded
Traceback (most recent call last):
  File "/home/ubuntu/trading_bot_phase1/venv/lib/python3.12/site-packages/alpaca_trade_api/stream.py", line 251, in _run_forever
    await self._start_ws()
  File "/home/ubuntu/trading_bot_phase1/venv/lib/python3.12/site-packages/alpaca_trade_api/stream.py", line 105, in _start_ws
    await self._auth()
  File "/home/ubuntu/trading_bot_phase1/venv/lib/python3.12/site-packages/alpaca_trade_api/stream.py", line 99, in _auth
    raise ValueError(msg[0].get('msg', 'auth failed'))
ValueError: connection limit exceeded
error during websocket communication: connection limit exceeded
Traceback (most recent call last):
  File "/home/ubuntu/trading_bot_phase1/venv/lib/python3.12/site-packages/alpaca_trade_api/stream.py", line 251, in _run_forever
    await self._start_ws()
  File "/home/ubuntu/trading_bot_phase1/venv/lib/python3.12/site-packages/alpaca_trade_api/stream.py", line 105, in _start_ws
    await self._auth()
  File "/home/ubuntu/trading_bot_phase1/venv/lib/python3.12/site-packages/alpaca_trade_api/stream.py", line 99, in _auth
    raise ValueError(msg[0].get('msg', 'auth failed'))
ValueError: connection limit exceeded
error during websocket communication: connection limit exceeded
Traceback (most recent call last):
  File "/home/ubuntu/trading_bot_phase1/venv/lib/python3.12/site-packages/alpaca_trade_api/stream.py", line 251, in _run_forever
    await self._start_ws()
  File "/home/ubuntu/trading_bot_phase1/venv/lib/python3.12/site-packages/alpaca_trade_api/stream.py", line 105, in _start_ws
    await self._auth()
  File "/home/ubuntu/trading_bot_phase1/venv/lib/python3.12/site-packages/alpaca_trade_api/stream.py", line 99, in _auth
    raise ValueError(msg[0].get('msg', 'auth failed'))
ValueError: connection limit exceeded
error during websocket communication: connection limit exceeded
Traceback (most recent call last):
  File "/home/ubuntu/trading_bot_phase1/venv/lib/python3.12/site-packages/alpaca_trade_api/stream.py", line 251, in _run_forever
    await self._start_ws()
  File "/home/ubuntu/trading_bot_phase1/venv/lib/python3.12/site-packages/alpaca_trade_api/stream.py", line 105, in _start_ws
    await self._auth()
  File "/home/ubuntu/trading_bot_phase1/venv/lib/python3.12/site-packages/alpaca_trade_api/stream.py", line 99, in _auth
    raise ValueError(msg[0].get('msg', 'auth failed'))
ValueError: connection limit exceeded
error during websocket communication: connection limit exceeded
Traceback (most recent call last):
  File "/home/ubuntu/trading_bot_phase1/venv/lib/python3.12/site-packages/alpaca_trade_api/stream.py", line 251, in _run_forever
    await self._start_ws()
  File "/home/ubuntu/trading_bot_phase1/venv/lib/python3.12/site-packages/alpaca_trade_api/stream.py", line 105, in _start_ws
    await self._auth()
  File "/home/ubuntu/trading_bot_phase1/venv/lib/python3.12/site-packages/alpaca_trade_api/stream.py", line 99, in _auth
    raise ValueError(msg[0].get('msg', 'auth failed'))
ValueError: connection limit exceeded
error during websocket communication: connection limit exceeded
Traceback (most recent call last):
  File "/home/ubuntu/trading_bot_phase1/venv/lib/python3.12/site-packages/alpaca_trade_api/stream.py", line 251, in _run_forever
    await self._start_ws()
  File "/home/ubuntu/trading_bot_phase1/venv/lib/python3.12/site-packages/alpaca_trade_api/stream.py", line 105, in _start_ws
    await self._auth()
  File "/home/ubuntu/trading_bot_phase1/venv/lib/python3.12/site-packages/alpaca_trade_api/stream.py", line 99, in _auth
    raise ValueError(msg[0].get('msg', 'auth failed'))
ValueError: connection limit exceeded
error during websocket communication: connection limit exceeded
Traceback (most recent call last):
  File "/home/ubuntu/trading_bot_phase1/venv/lib/python3.12/site-packages/alpaca_trade_api/stream.py", line 251, in _run_forever
    await self._start_ws()
  File "/home/ubuntu/trading_bot_phase1/venv/lib/python3.12/site-packages/alpaca_trade_api/stream.py", line 105, in _start_ws
    await self._auth()
  File "/home/ubuntu/trading_bot_phase1/venv/lib/python3.12/site-packages/alpaca_trade_api/stream.py", line 99, in _auth
    raise ValueError(msg[0].get('msg', 'auth failed'))
ValueError: connection limit exceeded
error during websocket communication: connection limit exceeded
Traceback (most recent call last):
  File "/home/ubuntu/trading_bot_phase1/venv/lib/python3.12/site-packages/alpaca_trade_api/stream.py", line 251, in _run_forever
    await self._start_ws()
  File "/home/ubuntu/trading_bot_phase1/venv/lib/python3.12/site-packages/alpaca_trade_api/stream.py", line 105, in _start_ws
    await self._auth()
  File "/home/ubuntu/trading_bot_phase1/venv/lib/python3.12/site-packages/alpaca_trade_api/stream.py", line 99, in _auth
    raise ValueError(msg[0].get('msg', 'auth failed'))
ValueError: connection limit exceeded
error during websocket communication: connection limit exceeded
Traceback (most recent call last):
  File "/home/ubuntu/trading_bot_phase1/venv/lib/python3.12/site-packages/alpaca_trade_api/stream.py", line 251, in _run_forever
    await self._start_ws()
  File "/home/ubuntu/trading_bot_phase1/venv/lib/python3.12/site-packages/alpaca_trade_api/stream.py", line 105, in _start_ws
    await self._auth()
  File "/home/ubuntu/trading_bot_phase1/venv/lib/python3.12/site-packages/alpaca_trade_api/stream.py", line 99, in _auth
    raise ValueError(msg[0].get('msg', 'auth failed'))
ValueError: connection limit exceeded
error during websocket communication: connection limit exceeded
Traceback (most recent call last):
  File "/home/ubuntu/trading_bot_phase1/venv/lib/python3.12/site-packages/alpaca_trade_api/stream.py", line 251, in _run_forever
    await self._start_ws()
  File "/home/ubuntu/trading_bot_phase1/venv/lib/python3.12/site-packages/alpaca_trade_api/stream.py", line 105, in _start_ws
    await self._auth()
  File "/home/ubuntu/trading_bot_phase1/venv/lib/python3.12/site-packages/alpaca_trade_api/stream.py", line 99, in _auth
    raise ValueError(msg[0].get('msg', 'auth failed'))
ValueError: connection limit exceeded
data websocket error, restarting connection: server rejected WebSocket connection: HTTP 429
data websocket error, restarting connection: server rejected WebSocket connection: HTTP 429
error during websocket communication: connection limit exceeded
Traceback (most recent call last):
  File "/home/ubuntu/trading_bot_phase1/venv/lib/python3.12/site-packages/alpaca_trade_api/stream.py", line 251, in _run_forever
    await self._start_ws()
  File "/home/ubuntu/trading_bot_phase1/venv/lib/python3.12/site-packages/alpaca_trade_api/stream.py", line 105, in _start_ws
    await self._auth()
  File "/home/ubuntu/trading_bot_phase1/venv/lib/python3.12/site-packages/alpaca_trade_api/stream.py", line 99, in _auth
    raise ValueError(msg[0].get('msg', 'auth failed'))
ValueError: connection limit exceeded
data websocket error, restarting connection: server rejected WebSocket connection: HTTP 429
data websocket error, restarting connection: server rejected WebSocket connection: HTTP 429
error during websocket communication: connection limit exceeded
Traceback (most recent call last):
  File "/home/ubuntu/trading_bot_phase1/venv/lib/python3.12/site-packages/alpaca_trade_api/stream.py", line 251, in _run_forever
    await self._start_ws()
  File "/home/ubuntu/trading_bot_phase1/venv/lib/python3.12/site-packages/alpaca_trade_api/stream.py", line 105, in _start_ws
    await self._auth()
  File "/home/ubuntu/trading_bot_phase1/venv/lib/python3.12/site-packages/alpaca_trade_api/stream.py", line 99, in _auth
    raise ValueError(msg[0].get('msg', 'auth failed'))
ValueError: connection limit exceeded
error during websocket communication: connection limit exceeded
Traceback (most recent call last):
  File "/home/ubuntu/trading_bot_phase1/venv/lib/python3.12/site-packages/alpaca_trade_api/stream.py", line 251, in _run_forever
    await self._start_ws()
  File "/home/ubuntu/trading_bot_phase1/venv/lib/python3.12/site-packages/alpaca_trade_api/stream.py", line 105, in _start_ws
    await self._auth()
  File "/home/ubuntu/trading_bot_phase1/venv/lib/python3.12/site-packages/alpaca_trade_api/stream.py", line 99, in _auth
    raise ValueError(msg[0].get('msg', 'auth failed'))
ValueError: connection limit exceeded
error during websocket communication: connection limit exceeded
Traceback (most recent call last):
  File "/home/ubuntu/trading_bot_phase1/venv/lib/python3.12/site-packages/alpaca_trade_api/stream.py", line 251, in _run_forever
    await self._start_ws()
  File "/home/ubuntu/trading_bot_phase1/venv/lib/python3.12/site-packages/alpaca_trade_api/stream.py", line 105, in _start_ws
    await self._auth()
  File "/home/ubuntu/trading_bot_phase1/venv/lib/python3.12/site-packages/alpaca_trade_api/stream.py", line 99, in _auth
    raise ValueError(msg[0].get('msg', 'auth failed'))
ValueError: connection limit exceeded
error during websocket communication: connection limit exceeded
Traceback (most recent call last):
  File "/home/ubuntu/trading_bot_phase1/venv/lib/python3.12/site-packages/alpaca_trade_api/stream.py", line 251, in _run_forever
    await self._start_ws()
  File "/home/ubuntu/trading_bot_phase1/venv/lib/python3.12/site-packages/alpaca_trade_api/stream.py", line 105, in _start_ws
    await self._auth()
  File "/home/ubuntu/trading_bot_phase1/venv/lib/python3.12/site-packages/alpaca_trade_api/stream.py", line 99, in _auth
    raise ValueError(msg[0].get('msg', 'auth failed'))
ValueError: connection limit exceeded
data websocket error, restarting connection: server rejected WebSocket connection: HTTP 429
error during websocket communication: connection limit exceeded
Traceback (most recent call last):
  File "/home/ubuntu/trading_bot_phase1/venv/lib/python3.12/site-packages/alpaca_trade_api/stream.py", line 251, in _run_forever
    await self._start_ws()
  File "/home/ubuntu/trading_bot_phase1/venv/lib/python3.12/site-packages/alpaca_trade_api/stream.py", line 105, in _start_ws
    await self._auth()
  File "/home/ubuntu/trading_bot_phase1/venv/lib/python3.12/site-packages/alpaca_trade_api/stream.py", line 99, in _auth
    raise ValueError(msg[0].get('msg', 'auth failed'))
ValueError: connection limit exceeded
data websocket error, restarting connection: server rejected WebSocket connection: HTTP 429
error during websocket communication: connection limit exceeded
Traceback (most recent call last):
  File "/home/ubuntu/trading_bot_phase1/venv/lib/python3.12/site-packages/alpaca_trade_api/stream.py", line 251, in _run_forever
    await self._start_ws()
  File "/home/ubuntu/trading_bot_phase1/venv/lib/python3.12/site-packages/alpaca_trade_api/stream.py", line 105, in _start_ws
    await self._auth()
  File "/home/ubuntu/trading_bot_phase1/venv/lib/python3.12/site-packages/alpaca_trade_api/stream.py", line 99, in _auth
    raise ValueError(msg[0].get('msg', 'auth failed'))
ValueError: connection limit exceeded
data websocket error, restarting connection: server rejected WebSocket connection: HTTP 429
error during websocket communication: connection limit exceeded
Traceback (most recent call last):
  File "/home/ubuntu/trading_bot_phase1/venv/lib/python3.12/site-packages/alpaca_trade_api/stream.py", line 251, in _run_forever
    await self._start_ws()
  File "/home/ubuntu/trading_bot_phase1/venv/lib/python3.12/site-packages/alpaca_trade_api/stream.py", line 105, in _start_ws
    await self._auth()
  File "/home/ubuntu/trading_bot_phase1/venv/lib/python3.12/site-packages/alpaca_trade_api/stream.py", line 99, in _auth
    raise ValueError(msg[0].get('msg', 'auth failed'))
ValueError: connection limit exceeded
data websocket error, restarting connection: server rejected WebSocket connection: HTTP 429
data websocket error, restarting connection: server rejected WebSocket connection: HTTP 429
error during websocket communication: connection limit exceeded
Traceback (most recent call last):
  File "/home/ubuntu/trading_bot_phase1/venv/lib/python3.12/site-packages/alpaca_trade_api/stream.py", line 251, in _run_forever
    await self._start_ws()
  File "/home/ubuntu/trading_bot_phase1/venv/lib/python3.12/site-packages/alpaca_trade_api/stream.py", line 105, in _start_ws
    await self._auth()
  File "/home/ubuntu/trading_bot_phase1/venv/lib/python3.12/site-packages/alpaca_trade_api/stream.py", line 99, in _auth
    raise ValueError(msg[0].get('msg', 'auth failed'))
ValueError: connection limit exceeded
data websocket error, restarting connection: server rejected WebSocket connection: HTTP 429
data websocket error, restarting connection: server rejected WebSocket connection: HTTP 429
data websocket error, restarting connection: server rejected WebSocket connection: HTTP 429
data websocket error, restarting connection: server rejected WebSocket connection: HTTP 429
data websocket error, restarting connection: server rejected WebSocket connection: HTTP 429
data websocket error, restarting connection: server rejected WebSocket connection: HTTP 429
data websocket error, restarting connection: server rejected WebSocket connection: HTTP 429
data websocket error, restarting connection: server rejected WebSocket connection: HTTP 429
data websocket error, restarting connection: server rejected WebSocket connection: HTTP 429
error during websocket communication: connection limit exceeded
Traceback (most recent call last):
  File "/home/ubuntu/trading_bot_phase1/venv/lib/python3.12/site-packages/alpaca_trade_api/stream.py", line 251, in _run_forever
    await self._start_ws()
  File "/home/ubuntu/trading_bot_phase1/venv/lib/python3.12/site-packages/alpaca_trade_api/stream.py", line 105, in _start_ws
    await self._auth()
  File "/home/ubuntu/trading_bot_phase1/venv/lib/python3.12/site-packages/alpaca_trade_api/stream.py", line 99, in _auth
    raise ValueError(msg[0].get('msg', 'auth failed'))
ValueError: connection limit exceeded
data websocket error, restarting connection: server rejected WebSocket connection: HTTP 429
data websocket error, restarting connection: server rejected WebSocket connection: HTTP 429
data websocket error, restarting connection: server rejected WebSocket connection: HTTP 429
error during websocket communication: connection limit exceeded
Traceback (most recent call last):
  File "/home/ubuntu/trading_bot_phase1/venv/lib/python3.12/site-packages/alpaca_trade_api/stream.py", line 251, in _run_forever
    await self._start_ws()
  File "/home/ubuntu/trading_bot_phase1/venv/lib/python3.12/site-packages/alpaca_trade_api/stream.py", line 105, in _start_ws
    await self._auth()
  File "/home/ubuntu/trading_bot_phase1/venv/lib/python3.12/site-packages/alpaca_trade_api/stream.py", line 99, in _auth
    raise ValueError(msg[0].get('msg', 'auth failed'))
ValueError: connection limit exceeded
error during websocket communication: connection limit exceeded
Traceback (most recent call last):
  File "/home/ubuntu/trading_bot_phase1/venv/lib/python3.12/site-packages/alpaca_trade_api/stream.py", line 251, in _run_forever
    await self._start_ws()
  File "/home/ubuntu/trading_bot_phase1/venv/lib/python3.12/site-packages/alpaca_trade_api/stream.py", line 105, in _start_ws
    await self._auth()
  File "/home/ubuntu/trading_bot_phase1/venv/lib/python3.12/site-packages/alpaca_trade_api/stream.py", line 99, in _auth
    raise ValueError(msg[0].get('msg', 'auth failed'))
ValueError: connection limit exceeded
data websocket error, restarting connection: server rejected WebSocket connection: HTTP 429
error during websocket communication: connection limit exceeded
Traceback (most recent call last):
  File "/home/ubuntu/trading_bot_phase1/venv/lib/python3.12/site-packages/alpaca_trade_api/stream.py", line 251, in _run_forever
    await self._start_ws()
  File "/home/ubuntu/trading_bot_phase1/venv/lib/python3.12/site-packages/alpaca_trade_api/stream.py", line 105, in _start_ws
    await self._auth()
  File "/home/ubuntu/trading_bot_phase1/venv/lib/python3.12/site-packages/alpaca_trade_api/stream.py", line 99, in _auth
    raise ValueError(msg[0].get('msg', 'auth failed'))
ValueError: connection limit exceeded
data websocket error, restarting connection: server rejected WebSocket connection: HTTP 429
error during websocket communication: connection limit exceeded
Traceback (most recent call last):
  File "/home/ubuntu/trading_bot_phase1/venv/lib/python3.12/site-packages/alpaca_trade_api/stream.py", line 251, in _run_forever
    await self._start_ws()
  File "/home/ubuntu/trading_bot_phase1/venv/lib/python3.12/site-packages/alpaca_trade_api/stream.py", line 105, in _start_ws
    await self._auth()
  File "/home/ubuntu/trading_bot_phase1/venv/lib/python3.12/site-packages/alpaca_trade_api/stream.py", line 99, in _auth
    raise ValueError(msg[0].get('msg', 'auth failed'))
ValueError: connection limit exceeded
data websocket error, restarting connection: server rejected WebSocket connection: HTTP 429
data websocket error, restarting connection: server rejected WebSocket connection: HTTP 429
data websocket error, restarting connection: server rejected WebSocket connection: HTTP 429
data websocket error, restarting connection: server rejected WebSocket connection: HTTP 429
error during websocket communication: connection limit exceeded
Traceback (most recent call last):
  File "/home/ubuntu/trading_bot_phase1/venv/lib/python3.12/site-packages/alpaca_trade_api/stream.py", line 251, in _run_forever
    await self._start_ws()
  File "/home/ubuntu/trading_bot_phase1/venv/lib/python3.12/site-packages/alpaca_trade_api/stream.py", line 105, in _start_ws
    await self._auth()
  File "/home/ubuntu/trading_bot_phase1/venv/lib/python3.12/site-packages/alpaca_trade_api/stream.py", line 99, in _auth
    raise ValueError(msg[0].get('msg', 'auth failed'))
ValueError: connection limit exceeded
data websocket error, restarting connection: server rejected WebSocket connection: HTTP 429
error during websocket communication: connection limit exceeded
Traceback (most recent call last):
  File "/home/ubuntu/trading_bot_phase1/venv/lib/python3.12/site-packages/alpaca_trade_api/stream.py", line 251, in _run_forever
    await self._start_ws()
  File "/home/ubuntu/trading_bot_phase1/venv/lib/python3.12/site-packages/alpaca_trade_api/stream.py", line 105, in _start_ws
    await self._auth()
  File "/home/ubuntu/trading_bot_phase1/venv/lib/python3.12/site-packages/alpaca_trade_api/stream.py", line 99, in _auth
    raise ValueError(msg[0].get('msg', 'auth failed'))
ValueError: connection limit exceeded
data websocket error, restarting connection: server rejected WebSocket connection: HTTP 429
error during websocket communication: connection limit exceeded
Traceback (most recent call last):
  File "/home/ubuntu/trading_bot_phase1/venv/lib/python3.12/site-packages/alpaca_trade_api/stream.py", line 251, in _run_forever
    await self._start_ws()
  File "/home/ubuntu/trading_bot_phase1/venv/lib/python3.12/site-packages/alpaca_trade_api/stream.py", line 105, in _start_ws
    await self._auth()
  File "/home/ubuntu/trading_bot_phase1/venv/lib/python3.12/site-packages/alpaca_trade_api/stream.py", line 99, in _auth
    raise ValueError(msg[0].get('msg', 'auth failed'))
ValueError: connection limit exceeded
data websocket error, restarting connection: server rejected WebSocket connection: HTTP 429
error during websocket communication: connection limit exceeded
Traceback (most recent call last):
  File "/home/ubuntu/trading_bot_phase1/venv/lib/python3.12/site-packages/alpaca_trade_api/stream.py", line 251, in _run_forever
    await self._start_ws()
  File "/home/ubuntu/trading_bot_phase1/venv/lib/python3.12/site-packages/alpaca_trade_api/stream.py", line 105, in _start_ws
    await self._auth()
  File "/home/ubuntu/trading_bot_phase1/venv/lib/python3.12/site-packages/alpaca_trade_api/stream.py", line 99, in _auth
    raise ValueError(msg[0].get('msg', 'auth failed'))
ValueError: connection limit exceeded
error during websocket communication: connection limit exceeded
Traceback (most recent call last):
  File "/home/ubuntu/trading_bot_phase1/venv/lib/python3.12/site-packages/alpaca_trade_api/stream.py", line 251, in _run_forever
    await self._start_ws()
  File "/home/ubuntu/trading_bot_phase1/venv/lib/python3.12/site-packages/alpaca_trade_api/stream.py", line 105, in _start_ws
    await self._auth()
  File "/home/ubuntu/trading_bot_phase1/venv/lib/python3.12/site-packages/alpaca_trade_api/stream.py", line 99, in _auth
    raise ValueError(msg[0].get('msg', 'auth failed'))
ValueError: connection limit exceeded
data websocket error, restarting connection: server rejected WebSocket connection: HTTP 429
data websocket error, restarting connection: server rejected WebSocket connection: HTTP 429
error during websocket communication: connection limit exceeded
Traceback (most recent call last):
  File "/home/ubuntu/trading_bot_phase1/venv/lib/python3.12/site-packages/alpaca_trade_api/stream.py", line 251, in _run_forever
    await self._start_ws()
  File "/home/ubuntu/trading_bot_phase1/venv/lib/python3.12/site-packages/alpaca_trade_api/stream.py", line 105, in _start_ws
    await self._auth()
  File "/home/ubuntu/trading_bot_phase1/venv/lib/python3.12/site-packages/alpaca_trade_api/stream.py", line 99, in _auth
    raise ValueError(msg[0].get('msg', 'auth failed'))
ValueError: connection limit exceeded
error during websocket communication: connection limit exceeded
Traceback (most recent call last):
  File "/home/ubuntu/trading_bot_phase1/venv/lib/python3.12/site-packages/alpaca_trade_api/stream.py", line 251, in _run_forever
    await self._start_ws()
  File "/home/ubuntu/trading_bot_phase1/venv/lib/python3.12/site-packages/alpaca_trade_api/stream.py", line 105, in _start_ws
    await self._auth()
  File "/home/ubuntu/trading_bot_phase1/venv/lib/python3.12/site-packages/alpaca_trade_api/stream.py", line 99, in _auth
    raise ValueError(msg[0].get('msg', 'auth failed'))
ValueError: connection limit exceeded
data websocket error, restarting connection: server rejected WebSocket connection: HTTP 429
error during websocket communication: connection limit exceeded
Traceback (most recent call last):
  File "/home/ubuntu/trading_bot_phase1/venv/lib/python3.12/site-packages/alpaca_trade_api/stream.py", line 251, in _run_forever
    await self._start_ws()
  File "/home/ubuntu/trading_bot_phase1/venv/lib/python3.12/site-packages/alpaca_trade_api/stream.py", line 105, in _start_ws
    await self._auth()
  File "/home/ubuntu/trading_bot_phase1/venv/lib/python3.12/site-packages/alpaca_trade_api/stream.py", line 99, in _auth
    raise ValueError(msg[0].get('msg', 'auth failed'))
ValueError: connection limit exceeded
error during websocket communication: connection limit exceeded
Traceback (most recent call last):
  File "/home/ubuntu/trading_bot_phase1/venv/lib/python3.12/site-packages/alpaca_trade_api/stream.py", line 251, in _run_forever
    await self._start_ws()
  File "/home/ubuntu/trading_bot_phase1/venv/lib/python3.12/site-packages/alpaca_trade_api/stream.py", line 105, in _start_ws
    await self._auth()
  File "/home/ubuntu/trading_bot_phase1/venv/lib/python3.12/site-packages/alpaca_trade_api/stream.py", line 99, in _auth
    raise ValueError(msg[0].get('msg', 'auth failed'))
ValueError: connection limit exceeded
data websocket error, restarting connection: server rejected WebSocket connection: HTTP 429
error during websocket communication: connection limit exceeded
Traceback (most recent call last):
  File "/home/ubuntu/trading_bot_phase1/venv/lib/python3.12/site-packages/alpaca_trade_api/stream.py", line 251, in _run_forever
    await self._start_ws()
  File "/home/ubuntu/trading_bot_phase1/venv/lib/python3.12/site-packages/alpaca_trade_api/stream.py", line 105, in _start_ws
    await self._auth()
  File "/home/ubuntu/trading_bot_phase1/venv/lib/python3.12/site-packages/alpaca_trade_api/stream.py", line 99, in _auth
    raise ValueError(msg[0].get('msg', 'auth failed'))
ValueError: connection limit exceeded
data websocket error, restarting connection: server rejected WebSocket connection: HTTP 429
error during websocket communication: connection limit exceeded
Traceback (most recent call last):
  File "/home/ubuntu/trading_bot_phase1/venv/lib/python3.12/site-packages/alpaca_trade_api/stream.py", line 251, in _run_forever
    await self._start_ws()
  File "/home/ubuntu/trading_bot_phase1/venv/lib/python3.12/site-packages/alpaca_trade_api/stream.py", line 105, in _start_ws
    await self._auth()
  File "/home/ubuntu/trading_bot_phase1/venv/lib/python3.12/site-packages/alpaca_trade_api/stream.py", line 99, in _auth
    raise ValueError(msg[0].get('msg', 'auth failed'))
ValueError: connection limit exceeded
108.36.243.78 - - [18/Oct/2025 20:45:42] "GET /api/portfolio_status HTTP/1.1" 200 -
data websocket error, restarting connection: server rejected WebSocket connection: HTTP 429
error during websocket communication: connection limit exceeded
Traceback (most recent call last):
  File "/home/ubuntu/trading_bot_phase1/venv/lib/python3.12/site-packages/alpaca_trade_api/stream.py", line 251, in _run_forever
    await self._start_ws()
  File "/home/ubuntu/trading_bot_phase1/venv/lib/python3.12/site-packages/alpaca_trade_api/stream.py", line 105, in _start_ws
    await self._auth()
  File "/home/ubuntu/trading_bot_phase1/venv/lib/python3.12/site-packages/alpaca_trade_api/stream.py", line 99, in _auth
    raise ValueError(msg[0].get('msg', 'auth failed'))
ValueError: connection limit exceeded
error during websocket communication: connection limit exceeded
Traceback (most recent call last):
  File "/home/ubuntu/trading_bot_phase1/venv/lib/python3.12/site-packages/alpaca_trade_api/stream.py", line 251, in _run_forever
    await self._start_ws()
  File "/home/ubuntu/trading_bot_phase1/venv/lib/python3.12/site-packages/alpaca_trade_api/stream.py", line 105, in _start_ws
    await self._auth()
  File "/home/ubuntu/trading_bot_phase1/venv/lib/python3.12/site-packages/alpaca_trade_api/stream.py", line 99, in _auth
    raise ValueError(msg[0].get('msg', 'auth failed'))
ValueError: connection limit exceeded
error during websocket communication: connection limit exceeded
Traceback (most recent call last):
  File "/home/ubuntu/trading_bot_phase1/venv/lib/python3.12/site-packages/alpaca_trade_api/stream.py", line 251, in _run_forever
    await self._start_ws()
  File "/home/ubuntu/trading_bot_phase1/venv/lib/python3.12/site-packages/alpaca_trade_api/stream.py", line 105, in _start_ws
    await self._auth()
  File "/home/ubuntu/trading_bot_phase1/venv/lib/python3.12/site-packages/alpaca_trade_api/stream.py", line 99, in _auth
    raise ValueError(msg[0].get('msg', 'auth failed'))
ValueError: connection limit exceeded
data websocket error, restarting connection: server rejected WebSocket connection: HTTP 429
error during websocket communication: connection limit exceeded
Traceback (most recent call last):
  File "/home/ubuntu/trading_bot_phase1/venv/lib/python3.12/site-packages/alpaca_trade_api/stream.py", line 251, in _run_forever
    await self._start_ws()
  File "/home/ubuntu/trading_bot_phase1/venv/lib/python3.12/site-packages/alpaca_trade_api/stream.py", line 105, in _start_ws
    await self._auth()
  File "/home/ubuntu/trading_bot_phase1/venv/lib/python3.12/site-packages/alpaca_trade_api/stream.py", line 99, in _auth
    raise ValueError(msg[0].get('msg', 'auth failed'))
ValueError: connection limit exceeded
error during websocket communication: connection limit exceeded
Traceback (most recent call last):
  File "/home/ubuntu/trading_bot_phase1/venv/lib/python3.12/site-packages/alpaca_trade_api/stream.py", line 251, in _run_forever
    await self._start_ws()
  File "/home/ubuntu/trading_bot_phase1/venv/lib/python3.12/site-packages/alpaca_trade_api/stream.py", line 105, in _start_ws
    await self._auth()
  File "/home/ubuntu/trading_bot_phase1/venv/lib/python3.12/site-packages/alpaca_trade_api/stream.py", line 99, in _auth
    raise ValueError(msg[0].get('msg', 'auth failed'))
ValueError: connection limit exceeded
data websocket error, restarting connection: server rejected WebSocket connection: HTTP 429
error during websocket communication: connection limit exceeded
Traceback (most recent call last):
  File "/home/ubuntu/trading_bot_phase1/venv/lib/python3.12/site-packages/alpaca_trade_api/stream.py", line 251, in _run_forever
    await self._start_ws()
  File "/home/ubuntu/trading_bot_phase1/venv/lib/python3.12/site-packages/alpaca_trade_api/stream.py", line 105, in _start_ws
    await self._auth()
  File "/home/ubuntu/trading_bot_phase1/venv/lib/python3.12/site-packages/alpaca_trade_api/stream.py", line 99, in _auth
    raise ValueError(msg[0].get('msg', 'auth failed'))
ValueError: connection limit exceeded
error during websocket communication: connection limit exceeded
Traceback (most recent call last):
  File "/home/ubuntu/trading_bot_phase1/venv/lib/python3.12/site-packages/alpaca_trade_api/stream.py", line 251, in _run_forever
    await self._start_ws()
  File "/home/ubuntu/trading_bot_phase1/venv/lib/python3.12/site-packages/alpaca_trade_api/stream.py", line 105, in _start_ws
    await self._auth()
  File "/home/ubuntu/trading_bot_phase1/venv/lib/python3.12/site-packages/alpaca_trade_api/stream.py", line 99, in _auth
    raise ValueError(msg[0].get('msg', 'auth failed'))
ValueError: connection limit exceeded
error during websocket communication: connection limit exceeded
Traceback (most recent call last):
  File "/home/ubuntu/trading_bot_phase1/venv/lib/python3.12/site-packages/alpaca_trade_api/stream.py", line 251, in _run_forever
    await self._start_ws()
  File "/home/ubuntu/trading_bot_phase1/venv/lib/python3.12/site-packages/alpaca_trade_api/stream.py", line 105, in _start_ws
    await self._auth()
  File "/home/ubuntu/trading_bot_phase1/venv/lib/python3.12/site-packages/alpaca_trade_api/stream.py", line 99, in _auth
    raise ValueError(msg[0].get('msg', 'auth failed'))
ValueError: connection limit exceeded
error during websocket communication: connection limit exceeded
Traceback (most recent call last):
  File "/home/ubuntu/trading_bot_phase1/venv/lib/python3.12/site-packages/alpaca_trade_api/stream.py", line 251, in _run_forever
    await self._start_ws()
  File "/home/ubuntu/trading_bot_phase1/venv/lib/python3.12/site-packages/alpaca_trade_api/stream.py", line 105, in _start_ws
    await self._auth()
  File "/home/ubuntu/trading_bot_phase1/venv/lib/python3.12/site-packages/alpaca_trade_api/stream.py", line 99, in _auth
    raise ValueError(msg[0].get('msg', 'auth failed'))
ValueError: connection limit exceeded
error during websocket communication: connection limit exceeded
Traceback (most recent call last):
  File "/home/ubuntu/trading_bot_phase1/venv/lib/python3.12/site-packages/alpaca_trade_api/stream.py", line 251, in _run_forever
    await self._start_ws()
  File "/home/ubuntu/trading_bot_phase1/venv/lib/python3.12/site-packages/alpaca_trade_api/stream.py", line 105, in _start_ws
    await self._auth()
  File "/home/ubuntu/trading_bot_phase1/venv/lib/python3.12/site-packages/alpaca_trade_api/stream.py", line 99, in _auth
    raise ValueError(msg[0].get('msg', 'auth failed'))
ValueError: connection limit exceeded
error during websocket communication: connection limit exceeded
Traceback (most recent call last):
  File "/home/ubuntu/trading_bot_phase1/venv/lib/python3.12/site-packages/alpaca_trade_api/stream.py", line 251, in _run_forever
    await self._start_ws()
  File "/home/ubuntu/trading_bot_phase1/venv/lib/python3.12/site-packages/alpaca_trade_api/stream.py", line 105, in _start_ws
    await self._auth()
  File "/home/ubuntu/trading_bot_phase1/venv/lib/python3.12/site-packages/alpaca_trade_api/stream.py", line 99, in _auth
    raise ValueError(msg[0].get('msg', 'auth failed'))
ValueError: connection limit exceeded
error during websocket communication: connection limit exceeded
Traceback (most recent call last):
  File "/home/ubuntu/trading_bot_phase1/venv/lib/python3.12/site-packages/alpaca_trade_api/stream.py", line 251, in _run_forever
    await self._start_ws()
  File "/home/ubuntu/trading_bot_phase1/venv/lib/python3.12/site-packages/alpaca_trade_api/stream.py", line 105, in _start_ws
    await self._auth()
  File "/home/ubuntu/trading_bot_phase1/venv/lib/python3.12/site-packages/alpaca_trade_api/stream.py", line 99, in _auth
    raise ValueError(msg[0].get('msg', 'auth failed'))
ValueError: connection limit exceeded
error during websocket communication: connection limit exceeded
Traceback (most recent call last):
  File "/home/ubuntu/trading_bot_phase1/venv/lib/python3.12/site-packages/alpaca_trade_api/stream.py", line 251, in _run_forever
    await self._start_ws()
  File "/home/ubuntu/trading_bot_phase1/venv/lib/python3.12/site-packages/alpaca_trade_api/stream.py", line 105, in _start_ws
    await self._auth()
  File "/home/ubuntu/trading_bot_phase1/venv/lib/python3.12/site-packages/alpaca_trade_api/stream.py", line 99, in _auth
    raise ValueError(msg[0].get('msg', 'auth failed'))
ValueError: connection limit exceeded
error during websocket communication: connection limit exceeded
Traceback (most recent call last):
  File "/home/ubuntu/trading_bot_phase1/venv/lib/python3.12/site-packages/alpaca_trade_api/stream.py", line 251, in _run_forever
    await self._start_ws()
  File "/home/ubuntu/trading_bot_phase1/venv/lib/python3.12/site-packages/alpaca_trade_api/stream.py", line 105, in _start_ws
    await self._auth()
  File "/home/ubuntu/trading_bot_phase1/venv/lib/python3.12/site-packages/alpaca_trade_api/stream.py", line 99, in _auth
    raise ValueError(msg[0].get('msg', 'auth failed'))
ValueError: connection limit exceeded
error during websocket communication: connection limit exceeded
Traceback (most recent call last):
  File "/home/ubuntu/trading_bot_phase1/venv/lib/python3.12/site-packages/alpaca_trade_api/stream.py", line 251, in _run_forever
    await self._start_ws()
  File "/home/ubuntu/trading_bot_phase1/venv/lib/python3.12/site-packages/alpaca_trade_api/stream.py", line 105, in _start_ws
    await self._auth()
  File "/home/ubuntu/trading_bot_phase1/venv/lib/python3.12/site-packages/alpaca_trade_api/stream.py", line 99, in _auth
    raise ValueError(msg[0].get('msg', 'auth failed'))
ValueError: connection limit exceeded
data websocket error, restarting connection: server rejected WebSocket connection: HTTP 429
error during websocket communication: connection limit exceeded
Traceback (most recent call last):
  File "/home/ubuntu/trading_bot_phase1/venv/lib/python3.12/site-packages/alpaca_trade_api/stream.py", line 251, in _run_forever
    await self._start_ws()
  File "/home/ubuntu/trading_bot_phase1/venv/lib/python3.12/site-packages/alpaca_trade_api/stream.py", line 105, in _start_ws
    await self._auth()
  File "/home/ubuntu/trading_bot_phase1/venv/lib/python3.12/site-packages/alpaca_trade_api/stream.py", line 99, in _auth
    raise ValueError(msg[0].get('msg', 'auth failed'))
ValueError: connection limit exceeded
data websocket error, restarting connection: server rejected WebSocket connection: HTTP 429
error during websocket communication: connection limit exceeded
Traceback (most recent call last):
  File "/home/ubuntu/trading_bot_phase1/venv/lib/python3.12/site-packages/alpaca_trade_api/stream.py", line 251, in _run_forever
    await self._start_ws()
  File "/home/ubuntu/trading_bot_phase1/venv/lib/python3.12/site-packages/alpaca_trade_api/stream.py", line 105, in _start_ws
    await self._auth()
  File "/home/ubuntu/trading_bot_phase1/venv/lib/python3.12/site-packages/alpaca_trade_api/stream.py", line 99, in _auth
    raise ValueError(msg[0].get('msg', 'auth failed'))
ValueError: connection limit exceeded
error during websocket communication: connection limit exceeded
Traceback (most recent call last):
  File "/home/ubuntu/trading_bot_phase1/venv/lib/python3.12/site-packages/alpaca_trade_api/stream.py", line 251, in _run_forever
    await self._start_ws()
  File "/home/ubuntu/trading_bot_phase1/venv/lib/python3.12/site-packages/alpaca_trade_api/stream.py", line 105, in _start_ws
    await self._auth()
  File "/home/ubuntu/trading_bot_phase1/venv/lib/python3.12/site-packages/alpaca_trade_api/stream.py", line 99, in _auth
    raise ValueError(msg[0].get('msg', 'auth failed'))
ValueError: connection limit exceeded
data websocket error, restarting connection: server rejected WebSocket connection: HTTP 429
error during websocket communication: connection limit exceeded
Traceback (most recent call last):
  File "/home/ubuntu/trading_bot_phase1/venv/lib/python3.12/site-packages/alpaca_trade_api/stream.py", line 251, in _run_forever
    await self._start_ws()
  File "/home/ubuntu/trading_bot_phase1/venv/lib/python3.12/site-packages/alpaca_trade_api/stream.py", line 105, in _start_ws
    await self._auth()
  File "/home/ubuntu/trading_bot_phase1/venv/lib/python3.12/site-packages/alpaca_trade_api/stream.py", line 99, in _auth
    raise ValueError(msg[0].get('msg', 'auth failed'))
ValueError: connection limit exceeded
data websocket error, restarting connection: server rejected WebSocket connection: HTTP 429
error during websocket communication: connection limit exceeded
Traceback (most recent call last):
  File "/home/ubuntu/trading_bot_phase1/venv/lib/python3.12/site-packages/alpaca_trade_api/stream.py", line 251, in _run_forever
    await self._start_ws()
  File "/home/ubuntu/trading_bot_phase1/venv/lib/python3.12/site-packages/alpaca_trade_api/stream.py", line 105, in _start_ws
    await self._auth()
  File "/home/ubuntu/trading_bot_phase1/venv/lib/python3.12/site-packages/alpaca_trade_api/stream.py", line 99, in _auth
    raise ValueError(msg[0].get('msg', 'auth failed'))
ValueError: connection limit exceeded
data websocket error, restarting connection: server rejected WebSocket connection: HTTP 429
error during websocket communication: connection limit exceeded
Traceback (most recent call last):
  File "/home/ubuntu/trading_bot_phase1/venv/lib/python3.12/site-packages/alpaca_trade_api/stream.py", line 251, in _run_forever
    await self._start_ws()
  File "/home/ubuntu/trading_bot_phase1/venv/lib/python3.12/site-packages/alpaca_trade_api/stream.py", line 105, in _start_ws
    await self._auth()
  File "/home/ubuntu/trading_bot_phase1/venv/lib/python3.12/site-packages/alpaca_trade_api/stream.py", line 99, in _auth
    raise ValueError(msg[0].get('msg', 'auth failed'))
ValueError: connection limit exceeded
data websocket error, restarting connection: server rejected WebSocket connection: HTTP 429
error during websocket communication: connection limit exceeded
Traceback (most recent call last):
  File "/home/ubuntu/trading_bot_phase1/venv/lib/python3.12/site-packages/alpaca_trade_api/stream.py", line 251, in _run_forever
    await self._start_ws()
  File "/home/ubuntu/trading_bot_phase1/venv/lib/python3.12/site-packages/alpaca_trade_api/stream.py", line 105, in _start_ws
    await self._auth()
  File "/home/ubuntu/trading_bot_phase1/venv/lib/python3.12/site-packages/alpaca_trade_api/stream.py", line 99, in _auth
    raise ValueError(msg[0].get('msg', 'auth failed'))
ValueError: connection limit exceeded
error during websocket communication: connection limit exceeded
Traceback (most recent call last):
  File "/home/ubuntu/trading_bot_phase1/venv/lib/python3.12/site-packages/alpaca_trade_api/stream.py", line 251, in _run_forever
    await self._start_ws()
  File "/home/ubuntu/trading_bot_phase1/venv/lib/python3.12/site-packages/alpaca_trade_api/stream.py", line 105, in _start_ws
    await self._auth()
  File "/home/ubuntu/trading_bot_phase1/venv/lib/python3.12/site-packages/alpaca_trade_api/stream.py", line 99, in _auth
    raise ValueError(msg[0].get('msg', 'auth failed'))
ValueError: connection limit exceeded
data websocket error, restarting connection: server rejected WebSocket connection: HTTP 429
error during websocket communication: connection limit exceeded
Traceback (most recent call last):
  File "/home/ubuntu/trading_bot_phase1/venv/lib/python3.12/site-packages/alpaca_trade_api/stream.py", line 251, in _run_forever
    await self._start_ws()
  File "/home/ubuntu/trading_bot_phase1/venv/lib/python3.12/site-packages/alpaca_trade_api/stream.py", line 105, in _start_ws
    await self._auth()
  File "/home/ubuntu/trading_bot_phase1/venv/lib/python3.12/site-packages/alpaca_trade_api/stream.py", line 99, in _auth
    raise ValueError(msg[0].get('msg', 'auth failed'))
ValueError: connection limit exceeded
data websocket error, restarting connection: server rejected WebSocket connection: HTTP 429
data websocket error, restarting connection: server rejected WebSocket connection: HTTP 429
error during websocket communication: connection limit exceeded
Traceback (most recent call last):
  File "/home/ubuntu/trading_bot_phase1/venv/lib/python3.12/site-packages/alpaca_trade_api/stream.py", line 251, in _run_forever
    await self._start_ws()
  File "/home/ubuntu/trading_bot_phase1/venv/lib/python3.12/site-packages/alpaca_trade_api/stream.py", line 105, in _start_ws
    await self._auth()
  File "/home/ubuntu/trading_bot_phase1/venv/lib/python3.12/site-packages/alpaca_trade_api/stream.py", line 99, in _auth
    raise ValueError(msg[0].get('msg', 'auth failed'))
ValueError: connection limit exceeded
data websocket error, restarting connection: server rejected WebSocket connection: HTTP 429
data websocket error, restarting connection: server rejected WebSocket connection: HTTP 429
error during websocket communication: connection limit exceeded
Traceback (most recent call last):
  File "/home/ubuntu/trading_bot_phase1/venv/lib/python3.12/site-packages/alpaca_trade_api/stream.py", line 251, in _run_forever
    await self._start_ws()
  File "/home/ubuntu/trading_bot_phase1/venv/lib/python3.12/site-packages/alpaca_trade_api/stream.py", line 105, in _start_ws
    await self._auth()
  File "/home/ubuntu/trading_bot_phase1/venv/lib/python3.12/site-packages/alpaca_trade_api/stream.py", line 99, in _auth
    raise ValueError(msg[0].get('msg', 'auth failed'))
ValueError: connection limit exceeded
data websocket error, restarting connection: server rejected WebSocket connection: HTTP 429
error during websocket communication: connection limit exceeded
Traceback (most recent call last):
  File "/home/ubuntu/trading_bot_phase1/venv/lib/python3.12/site-packages/alpaca_trade_api/stream.py", line 251, in _run_forever
    await self._start_ws()
  File "/home/ubuntu/trading_bot_phase1/venv/lib/python3.12/site-packages/alpaca_trade_api/stream.py", line 105, in _start_ws
    await self._auth()
  File "/home/ubuntu/trading_bot_phase1/venv/lib/python3.12/site-packages/alpaca_trade_api/stream.py", line 99, in _auth
    raise ValueError(msg[0].get('msg', 'auth failed'))
ValueError: connection limit exceeded
data websocket error, restarting connection: server rejected WebSocket connection: HTTP 429
error during websocket communication: connection limit exceeded
Traceback (most recent call last):
  File "/home/ubuntu/trading_bot_phase1/venv/lib/python3.12/site-packages/alpaca_trade_api/stream.py", line 251, in _run_forever
    await self._start_ws()
  File "/home/ubuntu/trading_bot_phase1/venv/lib/python3.12/site-packages/alpaca_trade_api/stream.py", line 105, in _start_ws
    await self._auth()
  File "/home/ubuntu/trading_bot_phase1/venv/lib/python3.12/site-packages/alpaca_trade_api/stream.py", line 99, in _auth
    raise ValueError(msg[0].get('msg', 'auth failed'))
ValueError: connection limit exceeded
data websocket error, restarting connection: server rejected WebSocket connection: HTTP 429
error during websocket communication: connection limit exceeded
Traceback (most recent call last):
  File "/home/ubuntu/trading_bot_phase1/venv/lib/python3.12/site-packages/alpaca_trade_api/stream.py", line 251, in _run_forever
    await self._start_ws()
  File "/home/ubuntu/trading_bot_phase1/venv/lib/python3.12/site-packages/alpaca_trade_api/stream.py", line 105, in _start_ws
    await self._auth()
  File "/home/ubuntu/trading_bot_phase1/venv/lib/python3.12/site-packages/alpaca_trade_api/stream.py", line 99, in _auth
    raise ValueError(msg[0].get('msg', 'auth failed'))
ValueError: connection limit exceeded
error during websocket communication: connection limit exceeded
Traceback (most recent call last):
  File "/home/ubuntu/trading_bot_phase1/venv/lib/python3.12/site-packages/alpaca_trade_api/stream.py", line 251, in _run_forever
    await self._start_ws()
  File "/home/ubuntu/trading_bot_phase1/venv/lib/python3.12/site-packages/alpaca_trade_api/stream.py", line 105, in _start_ws
    await self._auth()
  File "/home/ubuntu/trading_bot_phase1/venv/lib/python3.12/site-packages/alpaca_trade_api/stream.py", line 99, in _auth
    raise ValueError(msg[0].get('msg', 'auth failed'))
ValueError: connection limit exceeded
data websocket error, restarting connection: server rejected WebSocket connection: HTTP 429
error during websocket communication: connection limit exceeded
Traceback (most recent call last):
  File "/home/ubuntu/trading_bot_phase1/venv/lib/python3.12/site-packages/alpaca_trade_api/stream.py", line 251, in _run_forever
    await self._start_ws()
  File "/home/ubuntu/trading_bot_phase1/venv/lib/python3.12/site-packages/alpaca_trade_api/stream.py", line 105, in _start_ws
    await self._auth()
  File "/home/ubuntu/trading_bot_phase1/venv/lib/python3.12/site-packages/alpaca_trade_api/stream.py", line 99, in _auth
    raise ValueError(msg[0].get('msg', 'auth failed'))
ValueError: connection limit exceeded
data websocket error, restarting connection: server rejected WebSocket connection: HTTP 429
data websocket error, restarting connection: server rejected WebSocket connection: HTTP 429
error during websocket communication: connection limit exceeded
Traceback (most recent call last):
  File "/home/ubuntu/trading_bot_phase1/venv/lib/python3.12/site-packages/alpaca_trade_api/stream.py", line 251, in _run_forever
    await self._start_ws()
  File "/home/ubuntu/trading_bot_phase1/venv/lib/python3.12/site-packages/alpaca_trade_api/stream.py", line 105, in _start_ws
    await self._auth()
  File "/home/ubuntu/trading_bot_phase1/venv/lib/python3.12/site-packages/alpaca_trade_api/stream.py", line 99, in _auth
    raise ValueError(msg[0].get('msg', 'auth failed'))
ValueError: connection limit exceeded
data websocket error, restarting connection: server rejected WebSocket connection: HTTP 429
data websocket error, restarting connection: server rejected WebSocket connection: HTTP 429
data websocket error, restarting connection: server rejected WebSocket connection: HTTP 429
error during websocket communication: connection limit exceeded
Traceback (most recent call last):
  File "/home/ubuntu/trading_bot_phase1/venv/lib/python3.12/site-packages/alpaca_trade_api/stream.py", line 251, in _run_forever
    await self._start_ws()
  File "/home/ubuntu/trading_bot_phase1/venv/lib/python3.12/site-packages/alpaca_trade_api/stream.py", line 105, in _start_ws
    await self._auth()
  File "/home/ubuntu/trading_bot_phase1/venv/lib/python3.12/site-packages/alpaca_trade_api/stream.py", line 99, in _auth
    raise ValueError(msg[0].get('msg', 'auth failed'))
ValueError: connection limit exceeded
data websocket error, restarting connection: server rejected WebSocket connection: HTTP 429
error during websocket communication: connection limit exceeded
Traceback (most recent call last):
  File "/home/ubuntu/trading_bot_phase1/venv/lib/python3.12/site-packages/alpaca_trade_api/stream.py", line 251, in _run_forever
    await self._start_ws()
  File "/home/ubuntu/trading_bot_phase1/venv/lib/python3.12/site-packages/alpaca_trade_api/stream.py", line 105, in _start_ws
    await self._auth()
  File "/home/ubuntu/trading_bot_phase1/venv/lib/python3.12/site-packages/alpaca_trade_api/stream.py", line 99, in _auth
    raise ValueError(msg[0].get('msg', 'auth failed'))
ValueError: connection limit exceeded
data websocket error, restarting connection: server rejected WebSocket connection: HTTP 429
error during websocket communication: connection limit exceeded
Traceback (most recent call last):
  File "/home/ubuntu/trading_bot_phase1/venv/lib/python3.12/site-packages/alpaca_trade_api/stream.py", line 251, in _run_forever
    await self._start_ws()
  File "/home/ubuntu/trading_bot_phase1/venv/lib/python3.12/site-packages/alpaca_trade_api/stream.py", line 105, in _start_ws
    await self._auth()
  File "/home/ubuntu/trading_bot_phase1/venv/lib/python3.12/site-packages/alpaca_trade_api/stream.py", line 99, in _auth
    raise ValueError(msg[0].get('msg', 'auth failed'))
ValueError: connection limit exceeded
data websocket error, restarting connection: server rejected WebSocket connection: HTTP 429
error during websocket communication: connection limit exceeded
Traceback (most recent call last):
  File "/home/ubuntu/trading_bot_phase1/venv/lib/python3.12/site-packages/alpaca_trade_api/stream.py", line 251, in _run_forever
    await self._start_ws()
  File "/home/ubuntu/trading_bot_phase1/venv/lib/python3.12/site-packages/alpaca_trade_api/stream.py", line 105, in _start_ws
    await self._auth()
  File "/home/ubuntu/trading_bot_phase1/venv/lib/python3.12/site-packages/alpaca_trade_api/stream.py", line 99, in _auth
    raise ValueError(msg[0].get('msg', 'auth failed'))
ValueError: connection limit exceeded
data websocket error, restarting connection: server rejected WebSocket connection: HTTP 429
data websocket error, restarting connection: server rejected WebSocket connection: HTTP 429
error during websocket communication: connection limit exceeded
Traceback (most recent call last):
  File "/home/ubuntu/trading_bot_phase1/venv/lib/python3.12/site-packages/alpaca_trade_api/stream.py", line 251, in _run_forever
    await self._start_ws()
  File "/home/ubuntu/trading_bot_phase1/venv/lib/python3.12/site-packages/alpaca_trade_api/stream.py", line 105, in _start_ws
    await self._auth()
  File "/home/ubuntu/trading_bot_phase1/venv/lib/python3.12/site-packages/alpaca_trade_api/stream.py", line 99, in _auth
    raise ValueError(msg[0].get('msg', 'auth failed'))
ValueError: connection limit exceeded
error during websocket communication: connection limit exceeded
Traceback (most recent call last):
  File "/home/ubuntu/trading_bot_phase1/venv/lib/python3.12/site-packages/alpaca_trade_api/stream.py", line 251, in _run_forever
    await self._start_ws()
  File "/home/ubuntu/trading_bot_phase1/venv/lib/python3.12/site-packages/alpaca_trade_api/stream.py", line 105, in _start_ws
    await self._auth()
  File "/home/ubuntu/trading_bot_phase1/venv/lib/python3.12/site-packages/alpaca_trade_api/stream.py", line 99, in _auth
    raise ValueError(msg[0].get('msg', 'auth failed'))
ValueError: connection limit exceeded
data websocket error, restarting connection: server rejected WebSocket connection: HTTP 429
error during websocket communication: connection limit exceeded
Traceback (most recent call last):
  File "/home/ubuntu/trading_bot_phase1/venv/lib/python3.12/site-packages/alpaca_trade_api/stream.py", line 251, in _run_forever
    await self._start_ws()
  File "/home/ubuntu/trading_bot_phase1/venv/lib/python3.12/site-packages/alpaca_trade_api/stream.py", line 105, in _start_ws
    await self._auth()
  File "/home/ubuntu/trading_bot_phase1/venv/lib/python3.12/site-packages/alpaca_trade_api/stream.py", line 99, in _auth
    raise ValueError(msg[0].get('msg', 'auth failed'))
ValueError: connection limit exceeded
data websocket error, restarting connection: server rejected WebSocket connection: HTTP 429
error during websocket communication: connection limit exceeded
Traceback (most recent call last):
  File "/home/ubuntu/trading_bot_phase1/venv/lib/python3.12/site-packages/alpaca_trade_api/stream.py", line 251, in _run_forever
    await self._start_ws()
  File "/home/ubuntu/trading_bot_phase1/venv/lib/python3.12/site-packages/alpaca_trade_api/stream.py", line 105, in _start_ws
    await self._auth()
  File "/home/ubuntu/trading_bot_phase1/venv/lib/python3.12/site-packages/alpaca_trade_api/stream.py", line 99, in _auth
    raise ValueError(msg[0].get('msg', 'auth failed'))
ValueError: connection limit exceeded
data websocket error, restarting connection: server rejected WebSocket connection: HTTP 429
error during websocket communication: connection limit exceeded
Traceback (most recent call last):
  File "/home/ubuntu/trading_bot_phase1/venv/lib/python3.12/site-packages/alpaca_trade_api/stream.py", line 251, in _run_forever
    await self._start_ws()
  File "/home/ubuntu/trading_bot_phase1/venv/lib/python3.12/site-packages/alpaca_trade_api/stream.py", line 105, in _start_ws
    await self._auth()
  File "/home/ubuntu/trading_bot_phase1/venv/lib/python3.12/site-packages/alpaca_trade_api/stream.py", line 99, in _auth
    raise ValueError(msg[0].get('msg', 'auth failed'))
ValueError: connection limit exceeded
data websocket error, restarting connection: server rejected WebSocket connection: HTTP 429
data websocket error, restarting connection: server rejected WebSocket connection: HTTP 429
error during websocket communication: connection limit exceeded
Traceback (most recent call last):
  File "/home/ubuntu/trading_bot_phase1/venv/lib/python3.12/site-packages/alpaca_trade_api/stream.py", line 251, in _run_forever
    await self._start_ws()
  File "/home/ubuntu/trading_bot_phase1/venv/lib/python3.12/site-packages/alpaca_trade_api/stream.py", line 105, in _start_ws
    await self._auth()
  File "/home/ubuntu/trading_bot_phase1/venv/lib/python3.12/site-packages/alpaca_trade_api/stream.py", line 99, in _auth
    raise ValueError(msg[0].get('msg', 'auth failed'))
ValueError: connection limit exceeded
error during websocket communication: connection limit exceeded
Traceback (most recent call last):
  File "/home/ubuntu/trading_bot_phase1/venv/lib/python3.12/site-packages/alpaca_trade_api/stream.py", line 251, in _run_forever
    await self._start_ws()
  File "/home/ubuntu/trading_bot_phase1/venv/lib/python3.12/site-packages/alpaca_trade_api/stream.py", line 105, in _start_ws
    await self._auth()
  File "/home/ubuntu/trading_bot_phase1/venv/lib/python3.12/site-packages/alpaca_trade_api/stream.py", line 99, in _auth
    raise ValueError(msg[0].get('msg', 'auth failed'))
ValueError: connection limit exceeded
data websocket error, restarting connection: server rejected WebSocket connection: HTTP 429
error during websocket communication: connection limit exceeded
Traceback (most recent call last):
  File "/home/ubuntu/trading_bot_phase1/venv/lib/python3.12/site-packages/alpaca_trade_api/stream.py", line 251, in _run_forever
    await self._start_ws()
  File "/home/ubuntu/trading_bot_phase1/venv/lib/python3.12/site-packages/alpaca_trade_api/stream.py", line 105, in _start_ws
    await self._auth()
  File "/home/ubuntu/trading_bot_phase1/venv/lib/python3.12/site-packages/alpaca_trade_api/stream.py", line 99, in _auth
    raise ValueError(msg[0].get('msg', 'auth failed'))
ValueError: connection limit exceeded
error during websocket communication: connection limit exceeded
Traceback (most recent call last):
  File "/home/ubuntu/trading_bot_phase1/venv/lib/python3.12/site-packages/alpaca_trade_api/stream.py", line 251, in _run_forever
    await self._start_ws()
  File "/home/ubuntu/trading_bot_phase1/venv/lib/python3.12/site-packages/alpaca_trade_api/stream.py", line 105, in _start_ws
    await self._auth()
  File "/home/ubuntu/trading_bot_phase1/venv/lib/python3.12/site-packages/alpaca_trade_api/stream.py", line 99, in _auth
    raise ValueError(msg[0].get('msg', 'auth failed'))
ValueError: connection limit exceeded
data websocket error, restarting connection: server rejected WebSocket connection: HTTP 429
error during websocket communication: connection limit exceeded
Traceback (most recent call last):
  File "/home/ubuntu/trading_bot_phase1/venv/lib/python3.12/site-packages/alpaca_trade_api/stream.py", line 251, in _run_forever
    await self._start_ws()
  File "/home/ubuntu/trading_bot_phase1/venv/lib/python3.12/site-packages/alpaca_trade_api/stream.py", line 105, in _start_ws
    await self._auth()
  File "/home/ubuntu/trading_bot_phase1/venv/lib/python3.12/site-packages/alpaca_trade_api/stream.py", line 99, in _auth
    raise ValueError(msg[0].get('msg', 'auth failed'))
ValueError: connection limit exceeded
error during websocket communication: connection limit exceeded
Traceback (most recent call last):
  File "/home/ubuntu/trading_bot_phase1/venv/lib/python3.12/site-packages/alpaca_trade_api/stream.py", line 251, in _run_forever
    await self._start_ws()
  File "/home/ubuntu/trading_bot_phase1/venv/lib/python3.12/site-packages/alpaca_trade_api/stream.py", line 105, in _start_ws
    await self._auth()
  File "/home/ubuntu/trading_bot_phase1/venv/lib/python3.12/site-packages/alpaca_trade_api/stream.py", line 99, in _auth
    raise ValueError(msg[0].get('msg', 'auth failed'))
ValueError: connection limit exceeded
error during websocket communication: connection limit exceeded
Traceback (most recent call last):
  File "/home/ubuntu/trading_bot_phase1/venv/lib/python3.12/site-packages/alpaca_trade_api/stream.py", line 251, in _run_forever
    await self._start_ws()
  File "/home/ubuntu/trading_bot_phase1/venv/lib/python3.12/site-packages/alpaca_trade_api/stream.py", line 105, in _start_ws
    await self._auth()
  File "/home/ubuntu/trading_bot_phase1/venv/lib/python3.12/site-packages/alpaca_trade_api/stream.py", line 99, in _auth
    raise ValueError(msg[0].get('msg', 'auth failed'))
ValueError: connection limit exceeded
error during websocket communication: connection limit exceeded
Traceback (most recent call last):
  File "/home/ubuntu/trading_bot_phase1/venv/lib/python3.12/site-packages/alpaca_trade_api/stream.py", line 251, in _run_forever
    await self._start_ws()
  File "/home/ubuntu/trading_bot_phase1/venv/lib/python3.12/site-packages/alpaca_trade_api/stream.py", line 105, in _start_ws
    await self._auth()
  File "/home/ubuntu/trading_bot_phase1/venv/lib/python3.12/site-packages/alpaca_trade_api/stream.py", line 99, in _auth
    raise ValueError(msg[0].get('msg', 'auth failed'))
ValueError: connection limit exceeded
error during websocket communication: connection limit exceeded
Traceback (most recent call last):
  File "/home/ubuntu/trading_bot_phase1/venv/lib/python3.12/site-packages/alpaca_trade_api/stream.py", line 251, in _run_forever
    await self._start_ws()
  File "/home/ubuntu/trading_bot_phase1/venv/lib/python3.12/site-packages/alpaca_trade_api/stream.py", line 105, in _start_ws
    await self._auth()
  File "/home/ubuntu/trading_bot_phase1/venv/lib/python3.12/site-packages/alpaca_trade_api/stream.py", line 99, in _auth
    raise ValueError(msg[0].get('msg', 'auth failed'))
ValueError: connection limit exceeded
error during websocket communication: connection limit exceeded
Traceback (most recent call last):
  File "/home/ubuntu/trading_bot_phase1/venv/lib/python3.12/site-packages/alpaca_trade_api/stream.py", line 251, in _run_forever
    await self._start_ws()
  File "/home/ubuntu/trading_bot_phase1/venv/lib/python3.12/site-packages/alpaca_trade_api/stream.py", line 105, in _start_ws
    await self._auth()
  File "/home/ubuntu/trading_bot_phase1/venv/lib/python3.12/site-packages/alpaca_trade_api/stream.py", line 99, in _auth
    raise ValueError(msg[0].get('msg', 'auth failed'))
ValueError: connection limit exceeded
error during websocket communication: connection limit exceeded
Traceback (most recent call last):
  File "/home/ubuntu/trading_bot_phase1/venv/lib/python3.12/site-packages/alpaca_trade_api/stream.py", line 251, in _run_forever
    await self._start_ws()
  File "/home/ubuntu/trading_bot_phase1/venv/lib/python3.12/site-packages/alpaca_trade_api/stream.py", line 105, in _start_ws
    await self._auth()
  File "/home/ubuntu/trading_bot_phase1/venv/lib/python3.12/site-packages/alpaca_trade_api/stream.py", line 99, in _auth
    raise ValueError(msg[0].get('msg', 'auth failed'))
ValueError: connection limit exceeded
error during websocket communication: connection limit exceeded
Traceback (most recent call last):
  File "/home/ubuntu/trading_bot_phase1/venv/lib/python3.12/site-packages/alpaca_trade_api/stream.py", line 251, in _run_forever
    await self._start_ws()
  File "/home/ubuntu/trading_bot_phase1/venv/lib/python3.12/site-packages/alpaca_trade_api/stream.py", line 105, in _start_ws
    await self._auth()
  File "/home/ubuntu/trading_bot_phase1/venv/lib/python3.12/site-packages/alpaca_trade_api/stream.py", line 99, in _auth
    raise ValueError(msg[0].get('msg', 'auth failed'))
ValueError: connection limit exceeded
error during websocket communication: connection limit exceeded
Traceback (most recent call last):
  File "/home/ubuntu/trading_bot_phase1/venv/lib/python3.12/site-packages/alpaca_trade_api/stream.py", line 251, in _run_forever
    await self._start_ws()
  File "/home/ubuntu/trading_bot_phase1/venv/lib/python3.12/site-packages/alpaca_trade_api/stream.py", line 105, in _start_ws
    await self._auth()
  File "/home/ubuntu/trading_bot_phase1/venv/lib/python3.12/site-packages/alpaca_trade_api/stream.py", line 99, in _auth
    raise ValueError(msg[0].get('msg', 'auth failed'))
ValueError: connection limit exceeded
error during websocket communication: connection limit exceeded
Traceback (most recent call last):
  File "/home/ubuntu/trading_bot_phase1/venv/lib/python3.12/site-packages/alpaca_trade_api/stream.py", line 251, in _run_forever
    await self._start_ws()
  File "/home/ubuntu/trading_bot_phase1/venv/lib/python3.12/site-packages/alpaca_trade_api/stream.py", line 105, in _start_ws
    await self._auth()
  File "/home/ubuntu/trading_bot_phase1/venv/lib/python3.12/site-packages/alpaca_trade_api/stream.py", line 99, in _auth
    raise ValueError(msg[0].get('msg', 'auth failed'))
ValueError: connection limit exceeded
data websocket error, restarting connection: server rejected WebSocket connection: HTTP 429
error during websocket communication: connection limit exceeded
Traceback (most recent call last):
  File "/home/ubuntu/trading_bot_phase1/venv/lib/python3.12/site-packages/alpaca_trade_api/stream.py", line 251, in _run_forever
    await self._start_ws()
  File "/home/ubuntu/trading_bot_phase1/venv/lib/python3.12/site-packages/alpaca_trade_api/stream.py", line 105, in _start_ws
    await self._auth()
  File "/home/ubuntu/trading_bot_phase1/venv/lib/python3.12/site-packages/alpaca_trade_api/stream.py", line 99, in _auth
    raise ValueError(msg[0].get('msg', 'auth failed'))
ValueError: connection limit exceeded
error during websocket communication: connection limit exceeded
Traceback (most recent call last):
  File "/home/ubuntu/trading_bot_phase1/venv/lib/python3.12/site-packages/alpaca_trade_api/stream.py", line 251, in _run_forever
    await self._start_ws()
  File "/home/ubuntu/trading_bot_phase1/venv/lib/python3.12/site-packages/alpaca_trade_api/stream.py", line 105, in _start_ws
    await self._auth()
  File "/home/ubuntu/trading_bot_phase1/venv/lib/python3.12/site-packages/alpaca_trade_api/stream.py", line 99, in _auth
    raise ValueError(msg[0].get('msg', 'auth failed'))
ValueError: connection limit exceeded
data websocket error, restarting connection: server rejected WebSocket connection: HTTP 429
error during websocket communication: connection limit exceeded
Traceback (most recent call last):
  File "/home/ubuntu/trading_bot_phase1/venv/lib/python3.12/site-packages/alpaca_trade_api/stream.py", line 251, in _run_forever
    await self._start_ws()
  File "/home/ubuntu/trading_bot_phase1/venv/lib/python3.12/site-packages/alpaca_trade_api/stream.py", line 105, in _start_ws
    await self._auth()
  File "/home/ubuntu/trading_bot_phase1/venv/lib/python3.12/site-packages/alpaca_trade_api/stream.py", line 99, in _auth
    raise ValueError(msg[0].get('msg', 'auth failed'))
ValueError: connection limit exceeded
error during websocket communication: connection limit exceeded
Traceback (most recent call last):
  File "/home/ubuntu/trading_bot_phase1/venv/lib/python3.12/site-packages/alpaca_trade_api/stream.py", line 251, in _run_forever
    await self._start_ws()
  File "/home/ubuntu/trading_bot_phase1/venv/lib/python3.12/site-packages/alpaca_trade_api/stream.py", line 105, in _start_ws
    await self._auth()
  File "/home/ubuntu/trading_bot_phase1/venv/lib/python3.12/site-packages/alpaca_trade_api/stream.py", line 99, in _auth
    raise ValueError(msg[0].get('msg', 'auth failed'))
ValueError: connection limit exceeded
data websocket error, restarting connection: server rejected WebSocket connection: HTTP 429
error during websocket communication: connection limit exceeded
Traceback (most recent call last):
  File "/home/ubuntu/trading_bot_phase1/venv/lib/python3.12/site-packages/alpaca_trade_api/stream.py", line 251, in _run_forever
    await self._start_ws()
  File "/home/ubuntu/trading_bot_phase1/venv/lib/python3.12/site-packages/alpaca_trade_api/stream.py", line 105, in _start_ws
    await self._auth()
  File "/home/ubuntu/trading_bot_phase1/venv/lib/python3.12/site-packages/alpaca_trade_api/stream.py", line 99, in _auth
    raise ValueError(msg[0].get('msg', 'auth failed'))
ValueError: connection limit exceeded
error during websocket communication: connection limit exceeded
Traceback (most recent call last):
  File "/home/ubuntu/trading_bot_phase1/venv/lib/python3.12/site-packages/alpaca_trade_api/stream.py", line 251, in _run_forever
    await self._start_ws()
  File "/home/ubuntu/trading_bot_phase1/venv/lib/python3.12/site-packages/alpaca_trade_api/stream.py", line 105, in _start_ws
    await self._auth()
  File "/home/ubuntu/trading_bot_phase1/venv/lib/python3.12/site-packages/alpaca_trade_api/stream.py", line 99, in _auth
    raise ValueError(msg[0].get('msg', 'auth failed'))
ValueError: connection limit exceeded
data websocket error, restarting connection: server rejected WebSocket connection: HTTP 429
error during websocket communication: connection limit exceeded
Traceback (most recent call last):
  File "/home/ubuntu/trading_bot_phase1/venv/lib/python3.12/site-packages/alpaca_trade_api/stream.py", line 251, in _run_forever
    await self._start_ws()
  File "/home/ubuntu/trading_bot_phase1/venv/lib/python3.12/site-packages/alpaca_trade_api/stream.py", line 105, in _start_ws
    await self._auth()
  File "/home/ubuntu/trading_bot_phase1/venv/lib/python3.12/site-packages/alpaca_trade_api/stream.py", line 99, in _auth
    raise ValueError(msg[0].get('msg', 'auth failed'))
ValueError: connection limit exceeded
data websocket error, restarting connection: server rejected WebSocket connection: HTTP 429
error during websocket communication: connection limit exceeded
Traceback (most recent call last):
  File "/home/ubuntu/trading_bot_phase1/venv/lib/python3.12/site-packages/alpaca_trade_api/stream.py", line 251, in _run_forever
    await self._start_ws()
  File "/home/ubuntu/trading_bot_phase1/venv/lib/python3.12/site-packages/alpaca_trade_api/stream.py", line 105, in _start_ws
    await self._auth()
  File "/home/ubuntu/trading_bot_phase1/venv/lib/python3.12/site-packages/alpaca_trade_api/stream.py", line 99, in _auth
    raise ValueError(msg[0].get('msg', 'auth failed'))
ValueError: connection limit exceeded
data websocket error, restarting connection: server rejected WebSocket connection: HTTP 429
error during websocket communication: connection limit exceeded
Traceback (most recent call last):
  File "/home/ubuntu/trading_bot_phase1/venv/lib/python3.12/site-packages/alpaca_trade_api/stream.py", line 251, in _run_forever
    await self._start_ws()
  File "/home/ubuntu/trading_bot_phase1/venv/lib/python3.12/site-packages/alpaca_trade_api/stream.py", line 105, in _start_ws
    await self._auth()
  File "/home/ubuntu/trading_bot_phase1/venv/lib/python3.12/site-packages/alpaca_trade_api/stream.py", line 99, in _auth
    raise ValueError(msg[0].get('msg', 'auth failed'))
ValueError: connection limit exceeded
error during websocket communication: connection limit exceeded
Traceback (most recent call last):
  File "/home/ubuntu/trading_bot_phase1/venv/lib/python3.12/site-packages/alpaca_trade_api/stream.py", line 251, in _run_forever
    await self._start_ws()
  File "/home/ubuntu/trading_bot_phase1/venv/lib/python3.12/site-packages/alpaca_trade_api/stream.py", line 105, in _start_ws
    await self._auth()
  File "/home/ubuntu/trading_bot_phase1/venv/lib/python3.12/site-packages/alpaca_trade_api/stream.py", line 99, in _auth
    raise ValueError(msg[0].get('msg', 'auth failed'))
ValueError: connection limit exceeded
data websocket error, restarting connection: server rejected WebSocket connection: HTTP 429
error during websocket communication: connection limit exceeded
Traceback (most recent call last):
  File "/home/ubuntu/trading_bot_phase1/venv/lib/python3.12/site-packages/alpaca_trade_api/stream.py", line 251, in _run_forever
    await self._start_ws()
  File "/home/ubuntu/trading_bot_phase1/venv/lib/python3.12/site-packages/alpaca_trade_api/stream.py", line 105, in _start_ws
    await self._auth()
  File "/home/ubuntu/trading_bot_phase1/venv/lib/python3.12/site-packages/alpaca_trade_api/stream.py", line 99, in _auth
    raise ValueError(msg[0].get('msg', 'auth failed'))
ValueError: connection limit exceeded
error during websocket communication: connection limit exceeded
Traceback (most recent call last):
  File "/home/ubuntu/trading_bot_phase1/venv/lib/python3.12/site-packages/alpaca_trade_api/stream.py", line 251, in _run_forever
    await self._start_ws()
  File "/home/ubuntu/trading_bot_phase1/venv/lib/python3.12/site-packages/alpaca_trade_api/stream.py", line 105, in _start_ws
    await self._auth()
  File "/home/ubuntu/trading_bot_phase1/venv/lib/python3.12/site-packages/alpaca_trade_api/stream.py", line 99, in _auth
    raise ValueError(msg[0].get('msg', 'auth failed'))
ValueError: connection limit exceeded
data websocket error, restarting connection: server rejected WebSocket connection: HTTP 429
data websocket error, restarting connection: server rejected WebSocket connection: HTTP 429
error during websocket communication: connection limit exceeded
Traceback (most recent call last):
  File "/home/ubuntu/trading_bot_phase1/venv/lib/python3.12/site-packages/alpaca_trade_api/stream.py", line 251, in _run_forever
    await self._start_ws()
  File "/home/ubuntu/trading_bot_phase1/venv/lib/python3.12/site-packages/alpaca_trade_api/stream.py", line 105, in _start_ws
    await self._auth()
  File "/home/ubuntu/trading_bot_phase1/venv/lib/python3.12/site-packages/alpaca_trade_api/stream.py", line 99, in _auth
    raise ValueError(msg[0].get('msg', 'auth failed'))
ValueError: connection limit exceeded
data websocket error, restarting connection: server rejected WebSocket connection: HTTP 429
data websocket error, restarting connection: server rejected WebSocket connection: HTTP 429
error during websocket communication: connection limit exceeded
Traceback (most recent call last):
  File "/home/ubuntu/trading_bot_phase1/venv/lib/python3.12/site-packages/alpaca_trade_api/stream.py", line 251, in _run_forever
    await self._start_ws()
  File "/home/ubuntu/trading_bot_phase1/venv/lib/python3.12/site-packages/alpaca_trade_api/stream.py", line 105, in _start_ws
    await self._auth()
  File "/home/ubuntu/trading_bot_phase1/venv/lib/python3.12/site-packages/alpaca_trade_api/stream.py", line 99, in _auth
    raise ValueError(msg[0].get('msg', 'auth failed'))
ValueError: connection limit exceeded
data websocket error, restarting connection: server rejected WebSocket connection: HTTP 429
error during websocket communication: connection limit exceeded
Traceback (most recent call last):
  File "/home/ubuntu/trading_bot_phase1/venv/lib/python3.12/site-packages/alpaca_trade_api/stream.py", line 251, in _run_forever
    await self._start_ws()
  File "/home/ubuntu/trading_bot_phase1/venv/lib/python3.12/site-packages/alpaca_trade_api/stream.py", line 105, in _start_ws
    await self._auth()
  File "/home/ubuntu/trading_bot_phase1/venv/lib/python3.12/site-packages/alpaca_trade_api/stream.py", line 99, in _auth
    raise ValueError(msg[0].get('msg', 'auth failed'))
ValueError: connection limit exceeded
error during websocket communication: connection limit exceeded
Traceback (most recent call last):
  File "/home/ubuntu/trading_bot_phase1/venv/lib/python3.12/site-packages/alpaca_trade_api/stream.py", line 251, in _run_forever
    await self._start_ws()
  File "/home/ubuntu/trading_bot_phase1/venv/lib/python3.12/site-packages/alpaca_trade_api/stream.py", line 105, in _start_ws
    await self._auth()
  File "/home/ubuntu/trading_bot_phase1/venv/lib/python3.12/site-packages/alpaca_trade_api/stream.py", line 99, in _auth
    raise ValueError(msg[0].get('msg', 'auth failed'))
ValueError: connection limit exceeded
data websocket error, restarting connection: server rejected WebSocket connection: HTTP 429
data websocket error, restarting connection: server rejected WebSocket connection: HTTP 429
data websocket error, restarting connection: server rejected WebSocket connection: HTTP 429
data websocket error, restarting connection: server rejected WebSocket connection: HTTP 429
data websocket error, restarting connection: server rejected WebSocket connection: HTTP 429
data websocket error, restarting connection: server rejected WebSocket connection: HTTP 429
data websocket error, restarting connection: server rejected WebSocket connection: HTTP 429
error during websocket communication: connection limit exceeded
Traceback (most recent call last):
  File "/home/ubuntu/trading_bot_phase1/venv/lib/python3.12/site-packages/alpaca_trade_api/stream.py", line 251, in _run_forever
    await self._start_ws()
  File "/home/ubuntu/trading_bot_phase1/venv/lib/python3.12/site-packages/alpaca_trade_api/stream.py", line 105, in _start_ws
    await self._auth()
  File "/home/ubuntu/trading_bot_phase1/venv/lib/python3.12/site-packages/alpaca_trade_api/stream.py", line 99, in _auth
    raise ValueError(msg[0].get('msg', 'auth failed'))
ValueError: connection limit exceeded
data websocket error, restarting connection: server rejected WebSocket connection: HTTP 429
error during websocket communication: connection limit exceeded
Traceback (most recent call last):
  File "/home/ubuntu/trading_bot_phase1/venv/lib/python3.12/site-packages/alpaca_trade_api/stream.py", line 251, in _run_forever
    await self._start_ws()
  File "/home/ubuntu/trading_bot_phase1/venv/lib/python3.12/site-packages/alpaca_trade_api/stream.py", line 105, in _start_ws
    await self._auth()
  File "/home/ubuntu/trading_bot_phase1/venv/lib/python3.12/site-packages/alpaca_trade_api/stream.py", line 99, in _auth
    raise ValueError(msg[0].get('msg', 'auth failed'))
ValueError: connection limit exceeded
data websocket error, restarting connection: server rejected WebSocket connection: HTTP 429
error during websocket communication: connection limit exceeded
Traceback (most recent call last):
  File "/home/ubuntu/trading_bot_phase1/venv/lib/python3.12/site-packages/alpaca_trade_api/stream.py", line 251, in _run_forever
    await self._start_ws()
  File "/home/ubuntu/trading_bot_phase1/venv/lib/python3.12/site-packages/alpaca_trade_api/stream.py", line 105, in _start_ws
    await self._auth()
  File "/home/ubuntu/trading_bot_phase1/venv/lib/python3.12/site-packages/alpaca_trade_api/stream.py", line 99, in _auth
    raise ValueError(msg[0].get('msg', 'auth failed'))
ValueError: connection limit exceeded
data websocket error, restarting connection: server rejected WebSocket connection: HTTP 429
error during websocket communication: connection limit exceeded
Traceback (most recent call last):
  File "/home/ubuntu/trading_bot_phase1/venv/lib/python3.12/site-packages/alpaca_trade_api/stream.py", line 251, in _run_forever
    await self._start_ws()
  File "/home/ubuntu/trading_bot_phase1/venv/lib/python3.12/site-packages/alpaca_trade_api/stream.py", line 105, in _start_ws
    await self._auth()
  File "/home/ubuntu/trading_bot_phase1/venv/lib/python3.12/site-packages/alpaca_trade_api/stream.py", line 99, in _auth
    raise ValueError(msg[0].get('msg', 'auth failed'))
ValueError: connection limit exceeded
data websocket error, restarting connection: server rejected WebSocket connection: HTTP 429
error during websocket communication: connection limit exceeded
Traceback (most recent call last):
  File "/home/ubuntu/trading_bot_phase1/venv/lib/python3.12/site-packages/alpaca_trade_api/stream.py", line 251, in _run_forever
    await self._start_ws()
  File "/home/ubuntu/trading_bot_phase1/venv/lib/python3.12/site-packages/alpaca_trade_api/stream.py", line 105, in _start_ws
    await self._auth()
  File "/home/ubuntu/trading_bot_phase1/venv/lib/python3.12/site-packages/alpaca_trade_api/stream.py", line 99, in _auth
    raise ValueError(msg[0].get('msg', 'auth failed'))
ValueError: connection limit exceeded
error during websocket communication: connection limit exceeded
Traceback (most recent call last):
  File "/home/ubuntu/trading_bot_phase1/venv/lib/python3.12/site-packages/alpaca_trade_api/stream.py", line 251, in _run_forever
    await self._start_ws()
  File "/home/ubuntu/trading_bot_phase1/venv/lib/python3.12/site-packages/alpaca_trade_api/stream.py", line 105, in _start_ws
    await self._auth()
  File "/home/ubuntu/trading_bot_phase1/venv/lib/python3.12/site-packages/alpaca_trade_api/stream.py", line 99, in _auth
    raise ValueError(msg[0].get('msg', 'auth failed'))
ValueError: connection limit exceeded
data websocket error, restarting connection: server rejected WebSocket connection: HTTP 429
error during websocket communication: connection limit exceeded
Traceback (most recent call last):
  File "/home/ubuntu/trading_bot_phase1/venv/lib/python3.12/site-packages/alpaca_trade_api/stream.py", line 251, in _run_forever
    await self._start_ws()
  File "/home/ubuntu/trading_bot_phase1/venv/lib/python3.12/site-packages/alpaca_trade_api/stream.py", line 105, in _start_ws
    await self._auth()
  File "/home/ubuntu/trading_bot_phase1/venv/lib/python3.12/site-packages/alpaca_trade_api/stream.py", line 99, in _auth
    raise ValueError(msg[0].get('msg', 'auth failed'))
ValueError: connection limit exceeded
data websocket error, restarting connection: server rejected WebSocket connection: HTTP 429
error during websocket communication: connection limit exceeded
Traceback (most recent call last):
  File "/home/ubuntu/trading_bot_phase1/venv/lib/python3.12/site-packages/alpaca_trade_api/stream.py", line 251, in _run_forever
    await self._start_ws()
  File "/home/ubuntu/trading_bot_phase1/venv/lib/python3.12/site-packages/alpaca_trade_api/stream.py", line 105, in _start_ws
    await self._auth()
  File "/home/ubuntu/trading_bot_phase1/venv/lib/python3.12/site-packages/alpaca_trade_api/stream.py", line 99, in _auth
    raise ValueError(msg[0].get('msg', 'auth failed'))
ValueError: connection limit exceeded
data websocket error, restarting connection: server rejected WebSocket connection: HTTP 429
data websocket error, restarting connection: server rejected WebSocket connection: HTTP 429
error during websocket communication: connection limit exceeded
Traceback (most recent call last):
  File "/home/ubuntu/trading_bot_phase1/venv/lib/python3.12/site-packages/alpaca_trade_api/stream.py", line 251, in _run_forever
    await self._start_ws()
  File "/home/ubuntu/trading_bot_phase1/venv/lib/python3.12/site-packages/alpaca_trade_api/stream.py", line 105, in _start_ws
    await self._auth()
  File "/home/ubuntu/trading_bot_phase1/venv/lib/python3.12/site-packages/alpaca_trade_api/stream.py", line 99, in _auth
    raise ValueError(msg[0].get('msg', 'auth failed'))
ValueError: connection limit exceeded
data websocket error, restarting connection: server rejected WebSocket connection: HTTP 429
error during websocket communication: connection limit exceeded
Traceback (most recent call last):
  File "/home/ubuntu/trading_bot_phase1/venv/lib/python3.12/site-packages/alpaca_trade_api/stream.py", line 251, in _run_forever
    await self._start_ws()
  File "/home/ubuntu/trading_bot_phase1/venv/lib/python3.12/site-packages/alpaca_trade_api/stream.py", line 105, in _start_ws
    await self._auth()
  File "/home/ubuntu/trading_bot_phase1/venv/lib/python3.12/site-packages/alpaca_trade_api/stream.py", line 99, in _auth
    raise ValueError(msg[0].get('msg', 'auth failed'))
ValueError: connection limit exceeded
data websocket error, restarting connection: server rejected WebSocket connection: HTTP 429
error during websocket communication: connection limit exceeded
Traceback (most recent call last):
  File "/home/ubuntu/trading_bot_phase1/venv/lib/python3.12/site-packages/alpaca_trade_api/stream.py", line 251, in _run_forever
    await self._start_ws()
  File "/home/ubuntu/trading_bot_phase1/venv/lib/python3.12/site-packages/alpaca_trade_api/stream.py", line 105, in _start_ws
    await self._auth()
  File "/home/ubuntu/trading_bot_phase1/venv/lib/python3.12/site-packages/alpaca_trade_api/stream.py", line 99, in _auth
    raise ValueError(msg[0].get('msg', 'auth failed'))
ValueError: connection limit exceeded
error during websocket communication: connection limit exceeded
Traceback (most recent call last):
  File "/home/ubuntu/trading_bot_phase1/venv/lib/python3.12/site-packages/alpaca_trade_api/stream.py", line 251, in _run_forever
    await self._start_ws()
  File "/home/ubuntu/trading_bot_phase1/venv/lib/python3.12/site-packages/alpaca_trade_api/stream.py", line 105, in _start_ws
    await self._auth()
  File "/home/ubuntu/trading_bot_phase1/venv/lib/python3.12/site-packages/alpaca_trade_api/stream.py", line 99, in _auth
    raise ValueError(msg[0].get('msg', 'auth failed'))
ValueError: connection limit exceeded
data websocket error, restarting connection: server rejected WebSocket connection: HTTP 429
data websocket error, restarting connection: server rejected WebSocket connection: HTTP 429
error during websocket communication: connection limit exceeded
Traceback (most recent call last):
  File "/home/ubuntu/trading_bot_phase1/venv/lib/python3.12/site-packages/alpaca_trade_api/stream.py", line 251, in _run_forever
    await self._start_ws()
  File "/home/ubuntu/trading_bot_phase1/venv/lib/python3.12/site-packages/alpaca_trade_api/stream.py", line 105, in _start_ws
    await self._auth()
  File "/home/ubuntu/trading_bot_phase1/venv/lib/python3.12/site-packages/alpaca_trade_api/stream.py", line 99, in _auth
    raise ValueError(msg[0].get('msg', 'auth failed'))
ValueError: connection limit exceeded
error during websocket communication: connection limit exceeded
Traceback (most recent call last):
  File "/home/ubuntu/trading_bot_phase1/venv/lib/python3.12/site-packages/alpaca_trade_api/stream.py", line 251, in _run_forever
    await self._start_ws()
  File "/home/ubuntu/trading_bot_phase1/venv/lib/python3.12/site-packages/alpaca_trade_api/stream.py", line 105, in _start_ws
    await self._auth()
  File "/home/ubuntu/trading_bot_phase1/venv/lib/python3.12/site-packages/alpaca_trade_api/stream.py", line 99, in _auth
    raise ValueError(msg[0].get('msg', 'auth failed'))
ValueError: connection limit exceeded
data websocket error, restarting connection: server rejected WebSocket connection: HTTP 429
data websocket error, restarting connection: server rejected WebSocket connection: HTTP 429
error during websocket communication: connection limit exceeded
Traceback (most recent call last):
  File "/home/ubuntu/trading_bot_phase1/venv/lib/python3.12/site-packages/alpaca_trade_api/stream.py", line 251, in _run_forever
    await self._start_ws()
  File "/home/ubuntu/trading_bot_phase1/venv/lib/python3.12/site-packages/alpaca_trade_api/stream.py", line 105, in _start_ws
    await self._auth()
  File "/home/ubuntu/trading_bot_phase1/venv/lib/python3.12/site-packages/alpaca_trade_api/stream.py", line 99, in _auth
    raise ValueError(msg[0].get('msg', 'auth failed'))
ValueError: connection limit exceeded
error during websocket communication: connection limit exceeded
Traceback (most recent call last):
  File "/home/ubuntu/trading_bot_phase1/venv/lib/python3.12/site-packages/alpaca_trade_api/stream.py", line 251, in _run_forever
    await self._start_ws()
  File "/home/ubuntu/trading_bot_phase1/venv/lib/python3.12/site-packages/alpaca_trade_api/stream.py", line 105, in _start_ws
    await self._auth()
  File "/home/ubuntu/trading_bot_phase1/venv/lib/python3.12/site-packages/alpaca_trade_api/stream.py", line 99, in _auth
    raise ValueError(msg[0].get('msg', 'auth failed'))
ValueError: connection limit exceeded
error during websocket communication: connection limit exceeded
Traceback (most recent call last):
  File "/home/ubuntu/trading_bot_phase1/venv/lib/python3.12/site-packages/alpaca_trade_api/stream.py", line 251, in _run_forever
    await self._start_ws()
  File "/home/ubuntu/trading_bot_phase1/venv/lib/python3.12/site-packages/alpaca_trade_api/stream.py", line 105, in _start_ws
    await self._auth()
  File "/home/ubuntu/trading_bot_phase1/venv/lib/python3.12/site-packages/alpaca_trade_api/stream.py", line 99, in _auth
    raise ValueError(msg[0].get('msg', 'auth failed'))
ValueError: connection limit exceeded
error during websocket communication: connection limit exceeded
Traceback (most recent call last):
  File "/home/ubuntu/trading_bot_phase1/venv/lib/python3.12/site-packages/alpaca_trade_api/stream.py", line 251, in _run_forever
    await self._start_ws()
  File "/home/ubuntu/trading_bot_phase1/venv/lib/python3.12/site-packages/alpaca_trade_api/stream.py", line 105, in _start_ws
    await self._auth()
  File "/home/ubuntu/trading_bot_phase1/venv/lib/python3.12/site-packages/alpaca_trade_api/stream.py", line 99, in _auth
    raise ValueError(msg[0].get('msg', 'auth failed'))
ValueError: connection limit exceeded
error during websocket communication: connection limit exceeded
Traceback (most recent call last):
  File "/home/ubuntu/trading_bot_phase1/venv/lib/python3.12/site-packages/alpaca_trade_api/stream.py", line 251, in _run_forever
    await self._start_ws()
  File "/home/ubuntu/trading_bot_phase1/venv/lib/python3.12/site-packages/alpaca_trade_api/stream.py", line 105, in _start_ws
    await self._auth()
  File "/home/ubuntu/trading_bot_phase1/venv/lib/python3.12/site-packages/alpaca_trade_api/stream.py", line 99, in _auth
    raise ValueError(msg[0].get('msg', 'auth failed'))
ValueError: connection limit exceeded
error during websocket communication: connection limit exceeded
Traceback (most recent call last):
  File "/home/ubuntu/trading_bot_phase1/venv/lib/python3.12/site-packages/alpaca_trade_api/stream.py", line 251, in _run_forever
    await self._start_ws()
  File "/home/ubuntu/trading_bot_phase1/venv/lib/python3.12/site-packages/alpaca_trade_api/stream.py", line 105, in _start_ws
    await self._auth()
  File "/home/ubuntu/trading_bot_phase1/venv/lib/python3.12/site-packages/alpaca_trade_api/stream.py", line 99, in _auth
    raise ValueError(msg[0].get('msg', 'auth failed'))
ValueError: connection limit exceeded
error during websocket communication: connection limit exceeded
Traceback (most recent call last):
  File "/home/ubuntu/trading_bot_phase1/venv/lib/python3.12/site-packages/alpaca_trade_api/stream.py", line 251, in _run_forever
    await self._start_ws()
  File "/home/ubuntu/trading_bot_phase1/venv/lib/python3.12/site-packages/alpaca_trade_api/stream.py", line 105, in _start_ws
    await self._auth()
  File "/home/ubuntu/trading_bot_phase1/venv/lib/python3.12/site-packages/alpaca_trade_api/stream.py", line 99, in _auth
    raise ValueError(msg[0].get('msg', 'auth failed'))
ValueError: connection limit exceeded
error during websocket communication: connection limit exceeded
Traceback (most recent call last):
  File "/home/ubuntu/trading_bot_phase1/venv/lib/python3.12/site-packages/alpaca_trade_api/stream.py", line 251, in _run_forever
    await self._start_ws()
  File "/home/ubuntu/trading_bot_phase1/venv/lib/python3.12/site-packages/alpaca_trade_api/stream.py", line 105, in _start_ws
    await self._auth()
  File "/home/ubuntu/trading_bot_phase1/venv/lib/python3.12/site-packages/alpaca_trade_api/stream.py", line 99, in _auth
    raise ValueError(msg[0].get('msg', 'auth failed'))
ValueError: connection limit exceeded
error during websocket communication: connection limit exceeded
Traceback (most recent call last):
  File "/home/ubuntu/trading_bot_phase1/venv/lib/python3.12/site-packages/alpaca_trade_api/stream.py", line 251, in _run_forever
    await self._start_ws()
  File "/home/ubuntu/trading_bot_phase1/venv/lib/python3.12/site-packages/alpaca_trade_api/stream.py", line 105, in _start_ws
    await self._auth()
  File "/home/ubuntu/trading_bot_phase1/venv/lib/python3.12/site-packages/alpaca_trade_api/stream.py", line 99, in _auth
    raise ValueError(msg[0].get('msg', 'auth failed'))
ValueError: connection limit exceeded
error during websocket communication: connection limit exceeded
Traceback (most recent call last):
  File "/home/ubuntu/trading_bot_phase1/venv/lib/python3.12/site-packages/alpaca_trade_api/stream.py", line 251, in _run_forever
    await self._start_ws()
  File "/home/ubuntu/trading_bot_phase1/venv/lib/python3.12/site-packages/alpaca_trade_api/stream.py", line 105, in _start_ws
    await self._auth()
  File "/home/ubuntu/trading_bot_phase1/venv/lib/python3.12/site-packages/alpaca_trade_api/stream.py", line 99, in _auth
    raise ValueError(msg[0].get('msg', 'auth failed'))
ValueError: connection limit exceeded
data websocket error, restarting connection: server rejected WebSocket connection: HTTP 429
error during websocket communication: connection limit exceeded
Traceback (most recent call last):
  File "/home/ubuntu/trading_bot_phase1/venv/lib/python3.12/site-packages/alpaca_trade_api/stream.py", line 251, in _run_forever
    await self._start_ws()
  File "/home/ubuntu/trading_bot_phase1/venv/lib/python3.12/site-packages/alpaca_trade_api/stream.py", line 105, in _start_ws
    await self._auth()
  File "/home/ubuntu/trading_bot_phase1/venv/lib/python3.12/site-packages/alpaca_trade_api/stream.py", line 99, in _auth
    raise ValueError(msg[0].get('msg', 'auth failed'))
ValueError: connection limit exceeded
error during websocket communication: connection limit exceeded
Traceback (most recent call last):
  File "/home/ubuntu/trading_bot_phase1/venv/lib/python3.12/site-packages/alpaca_trade_api/stream.py", line 251, in _run_forever
    await self._start_ws()
  File "/home/ubuntu/trading_bot_phase1/venv/lib/python3.12/site-packages/alpaca_trade_api/stream.py", line 105, in _start_ws
    await self._auth()
  File "/home/ubuntu/trading_bot_phase1/venv/lib/python3.12/site-packages/alpaca_trade_api/stream.py", line 99, in _auth
    raise ValueError(msg[0].get('msg', 'auth failed'))
ValueError: connection limit exceeded
data websocket error, restarting connection: server rejected WebSocket connection: HTTP 429
data websocket error, restarting connection: server rejected WebSocket connection: HTTP 429
data websocket error, restarting connection: server rejected WebSocket connection: HTTP 429
error during websocket communication: connection limit exceeded
Traceback (most recent call last):
  File "/home/ubuntu/trading_bot_phase1/venv/lib/python3.12/site-packages/alpaca_trade_api/stream.py", line 251, in _run_forever
    await self._start_ws()
  File "/home/ubuntu/trading_bot_phase1/venv/lib/python3.12/site-packages/alpaca_trade_api/stream.py", line 105, in _start_ws
    await self._auth()
  File "/home/ubuntu/trading_bot_phase1/venv/lib/python3.12/site-packages/alpaca_trade_api/stream.py", line 99, in _auth
    raise ValueError(msg[0].get('msg', 'auth failed'))
ValueError: connection limit exceeded
data websocket error, restarting connection: server rejected WebSocket connection: HTTP 429
error during websocket communication: connection limit exceeded
Traceback (most recent call last):
  File "/home/ubuntu/trading_bot_phase1/venv/lib/python3.12/site-packages/alpaca_trade_api/stream.py", line 251, in _run_forever
    await self._start_ws()
  File "/home/ubuntu/trading_bot_phase1/venv/lib/python3.12/site-packages/alpaca_trade_api/stream.py", line 105, in _start_ws
    await self._auth()
  File "/home/ubuntu/trading_bot_phase1/venv/lib/python3.12/site-packages/alpaca_trade_api/stream.py", line 99, in _auth
    raise ValueError(msg[0].get('msg', 'auth failed'))
ValueError: connection limit exceeded
error during websocket communication: connection limit exceeded
Traceback (most recent call last):
  File "/home/ubuntu/trading_bot_phase1/venv/lib/python3.12/site-packages/alpaca_trade_api/stream.py", line 251, in _run_forever
    await self._start_ws()
  File "/home/ubuntu/trading_bot_phase1/venv/lib/python3.12/site-packages/alpaca_trade_api/stream.py", line 105, in _start_ws
    await self._auth()
  File "/home/ubuntu/trading_bot_phase1/venv/lib/python3.12/site-packages/alpaca_trade_api/stream.py", line 99, in _auth
    raise ValueError(msg[0].get('msg', 'auth failed'))
ValueError: connection limit exceeded
data websocket error, restarting connection: server rejected WebSocket connection: HTTP 429
error during websocket communication: connection limit exceeded
Traceback (most recent call last):
  File "/home/ubuntu/trading_bot_phase1/venv/lib/python3.12/site-packages/alpaca_trade_api/stream.py", line 251, in _run_forever
    await self._start_ws()
  File "/home/ubuntu/trading_bot_phase1/venv/lib/python3.12/site-packages/alpaca_trade_api/stream.py", line 105, in _start_ws
    await self._auth()
  File "/home/ubuntu/trading_bot_phase1/venv/lib/python3.12/site-packages/alpaca_trade_api/stream.py", line 99, in _auth
    raise ValueError(msg[0].get('msg', 'auth failed'))
ValueError: connection limit exceeded
data websocket error, restarting connection: server rejected WebSocket connection: HTTP 429
error during websocket communication: connection limit exceeded
Traceback (most recent call last):
  File "/home/ubuntu/trading_bot_phase1/venv/lib/python3.12/site-packages/alpaca_trade_api/stream.py", line 251, in _run_forever
    await self._start_ws()
  File "/home/ubuntu/trading_bot_phase1/venv/lib/python3.12/site-packages/alpaca_trade_api/stream.py", line 105, in _start_ws
    await self._auth()
  File "/home/ubuntu/trading_bot_phase1/venv/lib/python3.12/site-packages/alpaca_trade_api/stream.py", line 99, in _auth
    raise ValueError(msg[0].get('msg', 'auth failed'))
ValueError: connection limit exceeded
error during websocket communication: connection limit exceeded
Traceback (most recent call last):
  File "/home/ubuntu/trading_bot_phase1/venv/lib/python3.12/site-packages/alpaca_trade_api/stream.py", line 251, in _run_forever
    await self._start_ws()
  File "/home/ubuntu/trading_bot_phase1/venv/lib/python3.12/site-packages/alpaca_trade_api/stream.py", line 105, in _start_ws
    await self._auth()
  File "/home/ubuntu/trading_bot_phase1/venv/lib/python3.12/site-packages/alpaca_trade_api/stream.py", line 99, in _auth
    raise ValueError(msg[0].get('msg', 'auth failed'))
ValueError: connection limit exceeded
data websocket error, restarting connection: server rejected WebSocket connection: HTTP 429
error during websocket communication: connection limit exceeded
Traceback (most recent call last):
  File "/home/ubuntu/trading_bot_phase1/venv/lib/python3.12/site-packages/alpaca_trade_api/stream.py", line 251, in _run_forever
    await self._start_ws()
  File "/home/ubuntu/trading_bot_phase1/venv/lib/python3.12/site-packages/alpaca_trade_api/stream.py", line 105, in _start_ws
    await self._auth()
  File "/home/ubuntu/trading_bot_phase1/venv/lib/python3.12/site-packages/alpaca_trade_api/stream.py", line 99, in _auth
    raise ValueError(msg[0].get('msg', 'auth failed'))
ValueError: connection limit exceeded
data websocket error, restarting connection: server rejected WebSocket connection: HTTP 429
error during websocket communication: connection limit exceeded
Traceback (most recent call last):
  File "/home/ubuntu/trading_bot_phase1/venv/lib/python3.12/site-packages/alpaca_trade_api/stream.py", line 251, in _run_forever
    await self._start_ws()
  File "/home/ubuntu/trading_bot_phase1/venv/lib/python3.12/site-packages/alpaca_trade_api/stream.py", line 105, in _start_ws
    await self._auth()
  File "/home/ubuntu/trading_bot_phase1/venv/lib/python3.12/site-packages/alpaca_trade_api/stream.py", line 99, in _auth
    raise ValueError(msg[0].get('msg', 'auth failed'))
ValueError: connection limit exceeded
error during websocket communication: connection limit exceeded
Traceback (most recent call last):
  File "/home/ubuntu/trading_bot_phase1/venv/lib/python3.12/site-packages/alpaca_trade_api/stream.py", line 251, in _run_forever
    await self._start_ws()
  File "/home/ubuntu/trading_bot_phase1/venv/lib/python3.12/site-packages/alpaca_trade_api/stream.py", line 105, in _start_ws
    await self._auth()
  File "/home/ubuntu/trading_bot_phase1/venv/lib/python3.12/site-packages/alpaca_trade_api/stream.py", line 99, in _auth
    raise ValueError(msg[0].get('msg', 'auth failed'))
ValueError: connection limit exceeded
data websocket error, restarting connection: server rejected WebSocket connection: HTTP 429
error during websocket communication: connection limit exceeded
Traceback (most recent call last):
  File "/home/ubuntu/trading_bot_phase1/venv/lib/python3.12/site-packages/alpaca_trade_api/stream.py", line 251, in _run_forever
    await self._start_ws()
  File "/home/ubuntu/trading_bot_phase1/venv/lib/python3.12/site-packages/alpaca_trade_api/stream.py", line 105, in _start_ws
    await self._auth()
  File "/home/ubuntu/trading_bot_phase1/venv/lib/python3.12/site-packages/alpaca_trade_api/stream.py", line 99, in _auth
    raise ValueError(msg[0].get('msg', 'auth failed'))
ValueError: connection limit exceeded
data websocket error, restarting connection: server rejected WebSocket connection: HTTP 429
error during websocket communication: connection limit exceeded
Traceback (most recent call last):
  File "/home/ubuntu/trading_bot_phase1/venv/lib/python3.12/site-packages/alpaca_trade_api/stream.py", line 251, in _run_forever
    await self._start_ws()
  File "/home/ubuntu/trading_bot_phase1/venv/lib/python3.12/site-packages/alpaca_trade_api/stream.py", line 105, in _start_ws
    await self._auth()
  File "/home/ubuntu/trading_bot_phase1/venv/lib/python3.12/site-packages/alpaca_trade_api/stream.py", line 99, in _auth
    raise ValueError(msg[0].get('msg', 'auth failed'))
ValueError: connection limit exceeded
data websocket error, restarting connection: server rejected WebSocket connection: HTTP 429
error during websocket communication: connection limit exceeded
Traceback (most recent call last):
  File "/home/ubuntu/trading_bot_phase1/venv/lib/python3.12/site-packages/alpaca_trade_api/stream.py", line 251, in _run_forever
    await self._start_ws()
  File "/home/ubuntu/trading_bot_phase1/venv/lib/python3.12/site-packages/alpaca_trade_api/stream.py", line 105, in _start_ws
    await self._auth()
  File "/home/ubuntu/trading_bot_phase1/venv/lib/python3.12/site-packages/alpaca_trade_api/stream.py", line 99, in _auth
    raise ValueError(msg[0].get('msg', 'auth failed'))
ValueError: connection limit exceeded
error during websocket communication: connection limit exceeded
Traceback (most recent call last):
  File "/home/ubuntu/trading_bot_phase1/venv/lib/python3.12/site-packages/alpaca_trade_api/stream.py", line 251, in _run_forever
    await self._start_ws()
  File "/home/ubuntu/trading_bot_phase1/venv/lib/python3.12/site-packages/alpaca_trade_api/stream.py", line 105, in _start_ws
    await self._auth()
  File "/home/ubuntu/trading_bot_phase1/venv/lib/python3.12/site-packages/alpaca_trade_api/stream.py", line 99, in _auth
    raise ValueError(msg[0].get('msg', 'auth failed'))
ValueError: connection limit exceeded
error during websocket communication: connection limit exceeded
Traceback (most recent call last):
  File "/home/ubuntu/trading_bot_phase1/venv/lib/python3.12/site-packages/alpaca_trade_api/stream.py", line 251, in _run_forever
    await self._start_ws()
  File "/home/ubuntu/trading_bot_phase1/venv/lib/python3.12/site-packages/alpaca_trade_api/stream.py", line 105, in _start_ws
    await self._auth()
  File "/home/ubuntu/trading_bot_phase1/venv/lib/python3.12/site-packages/alpaca_trade_api/stream.py", line 99, in _auth
    raise ValueError(msg[0].get('msg', 'auth failed'))
ValueError: connection limit exceeded
data websocket error, restarting connection: server rejected WebSocket connection: HTTP 429
data websocket error, restarting connection: server rejected WebSocket connection: HTTP 429
error during websocket communication: connection limit exceeded
Traceback (most recent call last):
  File "/home/ubuntu/trading_bot_phase1/venv/lib/python3.12/site-packages/alpaca_trade_api/stream.py", line 251, in _run_forever
    await self._start_ws()
  File "/home/ubuntu/trading_bot_phase1/venv/lib/python3.12/site-packages/alpaca_trade_api/stream.py", line 105, in _start_ws
    await self._auth()
  File "/home/ubuntu/trading_bot_phase1/venv/lib/python3.12/site-packages/alpaca_trade_api/stream.py", line 99, in _auth
    raise ValueError(msg[0].get('msg', 'auth failed'))
ValueError: connection limit exceeded
data websocket error, restarting connection: server rejected WebSocket connection: HTTP 429
data websocket error, restarting connection: server rejected WebSocket connection: HTTP 429
error during websocket communication: connection limit exceeded
Traceback (most recent call last):
  File "/home/ubuntu/trading_bot_phase1/venv/lib/python3.12/site-packages/alpaca_trade_api/stream.py", line 251, in _run_forever
    await self._start_ws()
  File "/home/ubuntu/trading_bot_phase1/venv/lib/python3.12/site-packages/alpaca_trade_api/stream.py", line 105, in _start_ws
    await self._auth()
  File "/home/ubuntu/trading_bot_phase1/venv/lib/python3.12/site-packages/alpaca_trade_api/stream.py", line 99, in _auth
    raise ValueError(msg[0].get('msg', 'auth failed'))
ValueError: connection limit exceeded
data websocket error, restarting connection: server rejected WebSocket connection: HTTP 429
data websocket error, restarting connection: server rejected WebSocket connection: HTTP 429
error during websocket communication: connection limit exceeded
Traceback (most recent call last):
  File "/home/ubuntu/trading_bot_phase1/venv/lib/python3.12/site-packages/alpaca_trade_api/stream.py", line 251, in _run_forever
    await self._start_ws()
  File "/home/ubuntu/trading_bot_phase1/venv/lib/python3.12/site-packages/alpaca_trade_api/stream.py", line 105, in _start_ws
    await self._auth()
  File "/home/ubuntu/trading_bot_phase1/venv/lib/python3.12/site-packages/alpaca_trade_api/stream.py", line 99, in _auth
    raise ValueError(msg[0].get('msg', 'auth failed'))
ValueError: connection limit exceeded
data websocket error, restarting connection: server rejected WebSocket connection: HTTP 429
error during websocket communication: connection limit exceeded
Traceback (most recent call last):
  File "/home/ubuntu/trading_bot_phase1/venv/lib/python3.12/site-packages/alpaca_trade_api/stream.py", line 251, in _run_forever
    await self._start_ws()
  File "/home/ubuntu/trading_bot_phase1/venv/lib/python3.12/site-packages/alpaca_trade_api/stream.py", line 105, in _start_ws
    await self._auth()
  File "/home/ubuntu/trading_bot_phase1/venv/lib/python3.12/site-packages/alpaca_trade_api/stream.py", line 99, in _auth
    raise ValueError(msg[0].get('msg', 'auth failed'))
ValueError: connection limit exceeded
data websocket error, restarting connection: server rejected WebSocket connection: HTTP 429
error during websocket communication: connection limit exceeded
Traceback (most recent call last):
  File "/home/ubuntu/trading_bot_phase1/venv/lib/python3.12/site-packages/alpaca_trade_api/stream.py", line 251, in _run_forever
    await self._start_ws()
  File "/home/ubuntu/trading_bot_phase1/venv/lib/python3.12/site-packages/alpaca_trade_api/stream.py", line 105, in _start_ws
    await self._auth()
  File "/home/ubuntu/trading_bot_phase1/venv/lib/python3.12/site-packages/alpaca_trade_api/stream.py", line 99, in _auth
    raise ValueError(msg[0].get('msg', 'auth failed'))
ValueError: connection limit exceeded
error during websocket communication: connection limit exceeded
Traceback (most recent call last):
  File "/home/ubuntu/trading_bot_phase1/venv/lib/python3.12/site-packages/alpaca_trade_api/stream.py", line 251, in _run_forever
    await self._start_ws()
  File "/home/ubuntu/trading_bot_phase1/venv/lib/python3.12/site-packages/alpaca_trade_api/stream.py", line 105, in _start_ws
    await self._auth()
  File "/home/ubuntu/trading_bot_phase1/venv/lib/python3.12/site-packages/alpaca_trade_api/stream.py", line 99, in _auth
    raise ValueError(msg[0].get('msg', 'auth failed'))
ValueError: connection limit exceeded
data websocket error, restarting connection: server rejected WebSocket connection: HTTP 429
data websocket error, restarting connection: server rejected WebSocket connection: HTTP 429
data websocket error, restarting connection: server rejected WebSocket connection: HTTP 429
data websocket error, restarting connection: server rejected WebSocket connection: HTTP 429
error during websocket communication: connection limit exceeded
Traceback (most recent call last):
  File "/home/ubuntu/trading_bot_phase1/venv/lib/python3.12/site-packages/alpaca_trade_api/stream.py", line 251, in _run_forever
    await self._start_ws()
  File "/home/ubuntu/trading_bot_phase1/venv/lib/python3.12/site-packages/alpaca_trade_api/stream.py", line 105, in _start_ws
    await self._auth()
  File "/home/ubuntu/trading_bot_phase1/venv/lib/python3.12/site-packages/alpaca_trade_api/stream.py", line 99, in _auth
    raise ValueError(msg[0].get('msg', 'auth failed'))
ValueError: connection limit exceeded
data websocket error, restarting connection: server rejected WebSocket connection: HTTP 429
error during websocket communication: connection limit exceeded
Traceback (most recent call last):
  File "/home/ubuntu/trading_bot_phase1/venv/lib/python3.12/site-packages/alpaca_trade_api/stream.py", line 251, in _run_forever
    await self._start_ws()
  File "/home/ubuntu/trading_bot_phase1/venv/lib/python3.12/site-packages/alpaca_trade_api/stream.py", line 105, in _start_ws
    await self._auth()
  File "/home/ubuntu/trading_bot_phase1/venv/lib/python3.12/site-packages/alpaca_trade_api/stream.py", line 99, in _auth
    raise ValueError(msg[0].get('msg', 'auth failed'))
ValueError: connection limit exceeded
data websocket error, restarting connection: server rejected WebSocket connection: HTTP 429
error during websocket communication: connection limit exceeded
Traceback (most recent call last):
  File "/home/ubuntu/trading_bot_phase1/venv/lib/python3.12/site-packages/alpaca_trade_api/stream.py", line 251, in _run_forever
    await self._start_ws()
  File "/home/ubuntu/trading_bot_phase1/venv/lib/python3.12/site-packages/alpaca_trade_api/stream.py", line 105, in _start_ws
    await self._auth()
  File "/home/ubuntu/trading_bot_phase1/venv/lib/python3.12/site-packages/alpaca_trade_api/stream.py", line 99, in _auth
    raise ValueError(msg[0].get('msg', 'auth failed'))
ValueError: connection limit exceeded
data websocket error, restarting connection: server rejected WebSocket connection: HTTP 429
data websocket error, restarting connection: server rejected WebSocket connection: HTTP 429
error during websocket communication: connection limit exceeded
Traceback (most recent call last):
  File "/home/ubuntu/trading_bot_phase1/venv/lib/python3.12/site-packages/alpaca_trade_api/stream.py", line 251, in _run_forever
    await self._start_ws()
  File "/home/ubuntu/trading_bot_phase1/venv/lib/python3.12/site-packages/alpaca_trade_api/stream.py", line 105, in _start_ws
    await self._auth()
  File "/home/ubuntu/trading_bot_phase1/venv/lib/python3.12/site-packages/alpaca_trade_api/stream.py", line 99, in _auth
    raise ValueError(msg[0].get('msg', 'auth failed'))
ValueError: connection limit exceeded
data websocket error, restarting connection: server rejected WebSocket connection: HTTP 429
error during websocket communication: connection limit exceeded
Traceback (most recent call last):
  File "/home/ubuntu/trading_bot_phase1/venv/lib/python3.12/site-packages/alpaca_trade_api/stream.py", line 251, in _run_forever
    await self._start_ws()
  File "/home/ubuntu/trading_bot_phase1/venv/lib/python3.12/site-packages/alpaca_trade_api/stream.py", line 105, in _start_ws
    await self._auth()
  File "/home/ubuntu/trading_bot_phase1/venv/lib/python3.12/site-packages/alpaca_trade_api/stream.py", line 99, in _auth
    raise ValueError(msg[0].get('msg', 'auth failed'))
ValueError: connection limit exceeded
data websocket error, restarting connection: server rejected WebSocket connection: HTTP 429
error during websocket communication: connection limit exceeded
Traceback (most recent call last):
  File "/home/ubuntu/trading_bot_phase1/venv/lib/python3.12/site-packages/alpaca_trade_api/stream.py", line 251, in _run_forever
    await self._start_ws()
  File "/home/ubuntu/trading_bot_phase1/venv/lib/python3.12/site-packages/alpaca_trade_api/stream.py", line 105, in _start_ws
    await self._auth()
  File "/home/ubuntu/trading_bot_phase1/venv/lib/python3.12/site-packages/alpaca_trade_api/stream.py", line 99, in _auth
    raise ValueError(msg[0].get('msg', 'auth failed'))
ValueError: connection limit exceeded
error during websocket communication: connection limit exceeded
Traceback (most recent call last):
  File "/home/ubuntu/trading_bot_phase1/venv/lib/python3.12/site-packages/alpaca_trade_api/stream.py", line 251, in _run_forever
    await self._start_ws()
  File "/home/ubuntu/trading_bot_phase1/venv/lib/python3.12/site-packages/alpaca_trade_api/stream.py", line 105, in _start_ws
    await self._auth()
  File "/home/ubuntu/trading_bot_phase1/venv/lib/python3.12/site-packages/alpaca_trade_api/stream.py", line 99, in _auth
    raise ValueError(msg[0].get('msg', 'auth failed'))
ValueError: connection limit exceeded
error during websocket communication: connection limit exceeded
Traceback (most recent call last):
  File "/home/ubuntu/trading_bot_phase1/venv/lib/python3.12/site-packages/alpaca_trade_api/stream.py", line 251, in _run_forever
    await self._start_ws()
  File "/home/ubuntu/trading_bot_phase1/venv/lib/python3.12/site-packages/alpaca_trade_api/stream.py", line 105, in _start_ws
    await self._auth()
  File "/home/ubuntu/trading_bot_phase1/venv/lib/python3.12/site-packages/alpaca_trade_api/stream.py", line 99, in _auth
    raise ValueError(msg[0].get('msg', 'auth failed'))
ValueError: connection limit exceeded
data websocket error, restarting connection: server rejected WebSocket connection: HTTP 429
data websocket error, restarting connection: server rejected WebSocket connection: HTTP 429
error during websocket communication: connection limit exceeded
Traceback (most recent call last):
  File "/home/ubuntu/trading_bot_phase1/venv/lib/python3.12/site-packages/alpaca_trade_api/stream.py", line 251, in _run_forever
    await self._start_ws()
  File "/home/ubuntu/trading_bot_phase1/venv/lib/python3.12/site-packages/alpaca_trade_api/stream.py", line 105, in _start_ws
    await self._auth()
  File "/home/ubuntu/trading_bot_phase1/venv/lib/python3.12/site-packages/alpaca_trade_api/stream.py", line 99, in _auth
    raise ValueError(msg[0].get('msg', 'auth failed'))
ValueError: connection limit exceeded
error during websocket communication: connection limit exceeded
Traceback (most recent call last):
  File "/home/ubuntu/trading_bot_phase1/venv/lib/python3.12/site-packages/alpaca_trade_api/stream.py", line 251, in _run_forever
    await self._start_ws()
  File "/home/ubuntu/trading_bot_phase1/venv/lib/python3.12/site-packages/alpaca_trade_api/stream.py", line 105, in _start_ws
    await self._auth()
  File "/home/ubuntu/trading_bot_phase1/venv/lib/python3.12/site-packages/alpaca_trade_api/stream.py", line 99, in _auth
    raise ValueError(msg[0].get('msg', 'auth failed'))
ValueError: connection limit exceeded
error during websocket communication: connection limit exceeded
Traceback (most recent call last):
  File "/home/ubuntu/trading_bot_phase1/venv/lib/python3.12/site-packages/alpaca_trade_api/stream.py", line 251, in _run_forever
    await self._start_ws()
  File "/home/ubuntu/trading_bot_phase1/venv/lib/python3.12/site-packages/alpaca_trade_api/stream.py", line 105, in _start_ws
    await self._auth()
  File "/home/ubuntu/trading_bot_phase1/venv/lib/python3.12/site-packages/alpaca_trade_api/stream.py", line 99, in _auth
    raise ValueError(msg[0].get('msg', 'auth failed'))
ValueError: connection limit exceeded
error during websocket communication: connection limit exceeded
Traceback (most recent call last):
  File "/home/ubuntu/trading_bot_phase1/venv/lib/python3.12/site-packages/alpaca_trade_api/stream.py", line 251, in _run_forever
    await self._start_ws()
  File "/home/ubuntu/trading_bot_phase1/venv/lib/python3.12/site-packages/alpaca_trade_api/stream.py", line 105, in _start_ws
    await self._auth()
  File "/home/ubuntu/trading_bot_phase1/venv/lib/python3.12/site-packages/alpaca_trade_api/stream.py", line 99, in _auth
    raise ValueError(msg[0].get('msg', 'auth failed'))
ValueError: connection limit exceeded
error during websocket communication: connection limit exceeded
Traceback (most recent call last):
  File "/home/ubuntu/trading_bot_phase1/venv/lib/python3.12/site-packages/alpaca_trade_api/stream.py", line 251, in _run_forever
    await self._start_ws()
  File "/home/ubuntu/trading_bot_phase1/venv/lib/python3.12/site-packages/alpaca_trade_api/stream.py", line 105, in _start_ws
    await self._auth()
  File "/home/ubuntu/trading_bot_phase1/venv/lib/python3.12/site-packages/alpaca_trade_api/stream.py", line 99, in _auth
    raise ValueError(msg[0].get('msg', 'auth failed'))
ValueError: connection limit exceeded
error during websocket communication: connection limit exceeded
Traceback (most recent call last):
  File "/home/ubuntu/trading_bot_phase1/venv/lib/python3.12/site-packages/alpaca_trade_api/stream.py", line 251, in _run_forever
    await self._start_ws()
  File "/home/ubuntu/trading_bot_phase1/venv/lib/python3.12/site-packages/alpaca_trade_api/stream.py", line 105, in _start_ws
    await self._auth()
  File "/home/ubuntu/trading_bot_phase1/venv/lib/python3.12/site-packages/alpaca_trade_api/stream.py", line 99, in _auth
    raise ValueError(msg[0].get('msg', 'auth failed'))
ValueError: connection limit exceeded
error during websocket communication: connection limit exceeded
Traceback (most recent call last):
  File "/home/ubuntu/trading_bot_phase1/venv/lib/python3.12/site-packages/alpaca_trade_api/stream.py", line 251, in _run_forever
    await self._start_ws()
  File "/home/ubuntu/trading_bot_phase1/venv/lib/python3.12/site-packages/alpaca_trade_api/stream.py", line 105, in _start_ws
    await self._auth()
  File "/home/ubuntu/trading_bot_phase1/venv/lib/python3.12/site-packages/alpaca_trade_api/stream.py", line 99, in _auth
    raise ValueError(msg[0].get('msg', 'auth failed'))
ValueError: connection limit exceeded
data websocket error, restarting connection: server rejected WebSocket connection: HTTP 429
error during websocket communication: connection limit exceeded
Traceback (most recent call last):
  File "/home/ubuntu/trading_bot_phase1/venv/lib/python3.12/site-packages/alpaca_trade_api/stream.py", line 251, in _run_forever
    await self._start_ws()
  File "/home/ubuntu/trading_bot_phase1/venv/lib/python3.12/site-packages/alpaca_trade_api/stream.py", line 105, in _start_ws
    await self._auth()
  File "/home/ubuntu/trading_bot_phase1/venv/lib/python3.12/site-packages/alpaca_trade_api/stream.py", line 99, in _auth
    raise ValueError(msg[0].get('msg', 'auth failed'))
ValueError: connection limit exceeded
error during websocket communication: connection limit exceeded
Traceback (most recent call last):
  File "/home/ubuntu/trading_bot_phase1/venv/lib/python3.12/site-packages/alpaca_trade_api/stream.py", line 251, in _run_forever
    await self._start_ws()
  File "/home/ubuntu/trading_bot_phase1/venv/lib/python3.12/site-packages/alpaca_trade_api/stream.py", line 105, in _start_ws
    await self._auth()
  File "/home/ubuntu/trading_bot_phase1/venv/lib/python3.12/site-packages/alpaca_trade_api/stream.py", line 99, in _auth
    raise ValueError(msg[0].get('msg', 'auth failed'))
ValueError: connection limit exceeded
error during websocket communication: connection limit exceeded
Traceback (most recent call last):
  File "/home/ubuntu/trading_bot_phase1/venv/lib/python3.12/site-packages/alpaca_trade_api/stream.py", line 251, in _run_forever
    await self._start_ws()
  File "/home/ubuntu/trading_bot_phase1/venv/lib/python3.12/site-packages/alpaca_trade_api/stream.py", line 105, in _start_ws
    await self._auth()
  File "/home/ubuntu/trading_bot_phase1/venv/lib/python3.12/site-packages/alpaca_trade_api/stream.py", line 99, in _auth
    raise ValueError(msg[0].get('msg', 'auth failed'))
ValueError: connection limit exceeded
error during websocket communication: connection limit exceeded
Traceback (most recent call last):
  File "/home/ubuntu/trading_bot_phase1/venv/lib/python3.12/site-packages/alpaca_trade_api/stream.py", line 251, in _run_forever
    await self._start_ws()
  File "/home/ubuntu/trading_bot_phase1/venv/lib/python3.12/site-packages/alpaca_trade_api/stream.py", line 105, in _start_ws
    await self._auth()
  File "/home/ubuntu/trading_bot_phase1/venv/lib/python3.12/site-packages/alpaca_trade_api/stream.py", line 99, in _auth
    raise ValueError(msg[0].get('msg', 'auth failed'))
ValueError: connection limit exceeded
error during websocket communication: connection limit exceeded
Traceback (most recent call last):
  File "/home/ubuntu/trading_bot_phase1/venv/lib/python3.12/site-packages/alpaca_trade_api/stream.py", line 251, in _run_forever
    await self._start_ws()
  File "/home/ubuntu/trading_bot_phase1/venv/lib/python3.12/site-packages/alpaca_trade_api/stream.py", line 105, in _start_ws
    await self._auth()
  File "/home/ubuntu/trading_bot_phase1/venv/lib/python3.12/site-packages/alpaca_trade_api/stream.py", line 99, in _auth
    raise ValueError(msg[0].get('msg', 'auth failed'))
ValueError: connection limit exceeded
data websocket error, restarting connection: server rejected WebSocket connection: HTTP 429
error during websocket communication: connection limit exceeded
Traceback (most recent call last):
  File "/home/ubuntu/trading_bot_phase1/venv/lib/python3.12/site-packages/alpaca_trade_api/stream.py", line 251, in _run_forever
    await self._start_ws()
  File "/home/ubuntu/trading_bot_phase1/venv/lib/python3.12/site-packages/alpaca_trade_api/stream.py", line 105, in _start_ws
    await self._auth()
  File "/home/ubuntu/trading_bot_phase1/venv/lib/python3.12/site-packages/alpaca_trade_api/stream.py", line 99, in _auth
    raise ValueError(msg[0].get('msg', 'auth failed'))
ValueError: connection limit exceeded
data websocket error, restarting connection: server rejected WebSocket connection: HTTP 429
error during websocket communication: connection limit exceeded
Traceback (most recent call last):
  File "/home/ubuntu/trading_bot_phase1/venv/lib/python3.12/site-packages/alpaca_trade_api/stream.py", line 251, in _run_forever
    await self._start_ws()
  File "/home/ubuntu/trading_bot_phase1/venv/lib/python3.12/site-packages/alpaca_trade_api/stream.py", line 105, in _start_ws
    await self._auth()
  File "/home/ubuntu/trading_bot_phase1/venv/lib/python3.12/site-packages/alpaca_trade_api/stream.py", line 99, in _auth
    raise ValueError(msg[0].get('msg', 'auth failed'))
ValueError: connection limit exceeded
error during websocket communication: connection limit exceeded
Traceback (most recent call last):
  File "/home/ubuntu/trading_bot_phase1/venv/lib/python3.12/site-packages/alpaca_trade_api/stream.py", line 251, in _run_forever
    await self._start_ws()
  File "/home/ubuntu/trading_bot_phase1/venv/lib/python3.12/site-packages/alpaca_trade_api/stream.py", line 105, in _start_ws
    await self._auth()
  File "/home/ubuntu/trading_bot_phase1/venv/lib/python3.12/site-packages/alpaca_trade_api/stream.py", line 99, in _auth
    raise ValueError(msg[0].get('msg', 'auth failed'))
ValueError: connection limit exceeded
data websocket error, restarting connection: server rejected WebSocket connection: HTTP 429
data websocket error, restarting connection: server rejected WebSocket connection: HTTP 429
data websocket error, restarting connection: server rejected WebSocket connection: HTTP 429
error during websocket communication: connection limit exceeded
Traceback (most recent call last):
  File "/home/ubuntu/trading_bot_phase1/venv/lib/python3.12/site-packages/alpaca_trade_api/stream.py", line 251, in _run_forever
    await self._start_ws()
  File "/home/ubuntu/trading_bot_phase1/venv/lib/python3.12/site-packages/alpaca_trade_api/stream.py", line 105, in _start_ws
    await self._auth()
  File "/home/ubuntu/trading_bot_phase1/venv/lib/python3.12/site-packages/alpaca_trade_api/stream.py", line 99, in _auth
    raise ValueError(msg[0].get('msg', 'auth failed'))
ValueError: connection limit exceeded
data websocket error, restarting connection: server rejected WebSocket connection: HTTP 429
error during websocket communication: connection limit exceeded
Traceback (most recent call last):
  File "/home/ubuntu/trading_bot_phase1/venv/lib/python3.12/site-packages/alpaca_trade_api/stream.py", line 251, in _run_forever
    await self._start_ws()
  File "/home/ubuntu/trading_bot_phase1/venv/lib/python3.12/site-packages/alpaca_trade_api/stream.py", line 105, in _start_ws
    await self._auth()
  File "/home/ubuntu/trading_bot_phase1/venv/lib/python3.12/site-packages/alpaca_trade_api/stream.py", line 99, in _auth
    raise ValueError(msg[0].get('msg', 'auth failed'))
ValueError: connection limit exceeded
data websocket error, restarting connection: server rejected WebSocket connection: HTTP 429
error during websocket communication: connection limit exceeded
Traceback (most recent call last):
  File "/home/ubuntu/trading_bot_phase1/venv/lib/python3.12/site-packages/alpaca_trade_api/stream.py", line 251, in _run_forever
    await self._start_ws()
  File "/home/ubuntu/trading_bot_phase1/venv/lib/python3.12/site-packages/alpaca_trade_api/stream.py", line 105, in _start_ws
    await self._auth()
  File "/home/ubuntu/trading_bot_phase1/venv/lib/python3.12/site-packages/alpaca_trade_api/stream.py", line 99, in _auth
    raise ValueError(msg[0].get('msg', 'auth failed'))
ValueError: connection limit exceeded
error during websocket communication: connection limit exceeded
Traceback (most recent call last):
  File "/home/ubuntu/trading_bot_phase1/venv/lib/python3.12/site-packages/alpaca_trade_api/stream.py", line 251, in _run_forever
    await self._start_ws()
  File "/home/ubuntu/trading_bot_phase1/venv/lib/python3.12/site-packages/alpaca_trade_api/stream.py", line 105, in _start_ws
    await self._auth()
  File "/home/ubuntu/trading_bot_phase1/venv/lib/python3.12/site-packages/alpaca_trade_api/stream.py", line 99, in _auth
    raise ValueError(msg[0].get('msg', 'auth failed'))
ValueError: connection limit exceeded
data websocket error, restarting connection: server rejected WebSocket connection: HTTP 429
error during websocket communication: connection limit exceeded
Traceback (most recent call last):
  File "/home/ubuntu/trading_bot_phase1/venv/lib/python3.12/site-packages/alpaca_trade_api/stream.py", line 251, in _run_forever
    await self._start_ws()
  File "/home/ubuntu/trading_bot_phase1/venv/lib/python3.12/site-packages/alpaca_trade_api/stream.py", line 105, in _start_ws
    await self._auth()
  File "/home/ubuntu/trading_bot_phase1/venv/lib/python3.12/site-packages/alpaca_trade_api/stream.py", line 99, in _auth
    raise ValueError(msg[0].get('msg', 'auth failed'))
ValueError: connection limit exceeded
data websocket error, restarting connection: server rejected WebSocket connection: HTTP 429
data websocket error, restarting connection: server rejected WebSocket connection: HTTP 429
error during websocket communication: connection limit exceeded
Traceback (most recent call last):
  File "/home/ubuntu/trading_bot_phase1/venv/lib/python3.12/site-packages/alpaca_trade_api/stream.py", line 251, in _run_forever
    await self._start_ws()
  File "/home/ubuntu/trading_bot_phase1/venv/lib/python3.12/site-packages/alpaca_trade_api/stream.py", line 105, in _start_ws
    await self._auth()
  File "/home/ubuntu/trading_bot_phase1/venv/lib/python3.12/site-packages/alpaca_trade_api/stream.py", line 99, in _auth
    raise ValueError(msg[0].get('msg', 'auth failed'))
ValueError: connection limit exceeded
error during websocket communication: connection limit exceeded
Traceback (most recent call last):
  File "/home/ubuntu/trading_bot_phase1/venv/lib/python3.12/site-packages/alpaca_trade_api/stream.py", line 251, in _run_forever
    await self._start_ws()
  File "/home/ubuntu/trading_bot_phase1/venv/lib/python3.12/site-packages/alpaca_trade_api/stream.py", line 105, in _start_ws
    await self._auth()
  File "/home/ubuntu/trading_bot_phase1/venv/lib/python3.12/site-packages/alpaca_trade_api/stream.py", line 99, in _auth
    raise ValueError(msg[0].get('msg', 'auth failed'))
ValueError: connection limit exceeded
data websocket error, restarting connection: server rejected WebSocket connection: HTTP 429
data websocket error, restarting connection: server rejected WebSocket connection: HTTP 429
data websocket error, restarting connection: server rejected WebSocket connection: HTTP 429
data websocket error, restarting connection: server rejected WebSocket connection: HTTP 429
data websocket error, restarting connection: server rejected WebSocket connection: HTTP 429
error during websocket communication: connection limit exceeded
Traceback (most recent call last):
  File "/home/ubuntu/trading_bot_phase1/venv/lib/python3.12/site-packages/alpaca_trade_api/stream.py", line 251, in _run_forever
    await self._start_ws()
  File "/home/ubuntu/trading_bot_phase1/venv/lib/python3.12/site-packages/alpaca_trade_api/stream.py", line 105, in _start_ws
    await self._auth()
  File "/home/ubuntu/trading_bot_phase1/venv/lib/python3.12/site-packages/alpaca_trade_api/stream.py", line 99, in _auth
    raise ValueError(msg[0].get('msg', 'auth failed'))
ValueError: connection limit exceeded
data websocket error, restarting connection: server rejected WebSocket connection: HTTP 429
error during websocket communication: connection limit exceeded
Traceback (most recent call last):
  File "/home/ubuntu/trading_bot_phase1/venv/lib/python3.12/site-packages/alpaca_trade_api/stream.py", line 251, in _run_forever
    await self._start_ws()
  File "/home/ubuntu/trading_bot_phase1/venv/lib/python3.12/site-packages/alpaca_trade_api/stream.py", line 105, in _start_ws
    await self._auth()
  File "/home/ubuntu/trading_bot_phase1/venv/lib/python3.12/site-packages/alpaca_trade_api/stream.py", line 99, in _auth
    raise ValueError(msg[0].get('msg', 'auth failed'))
ValueError: connection limit exceeded
data websocket error, restarting connection: server rejected WebSocket connection: HTTP 429
error during websocket communication: connection limit exceeded
Traceback (most recent call last):
  File "/home/ubuntu/trading_bot_phase1/venv/lib/python3.12/site-packages/alpaca_trade_api/stream.py", line 251, in _run_forever
    await self._start_ws()
  File "/home/ubuntu/trading_bot_phase1/venv/lib/python3.12/site-packages/alpaca_trade_api/stream.py", line 105, in _start_ws
    await self._auth()
  File "/home/ubuntu/trading_bot_phase1/venv/lib/python3.12/site-packages/alpaca_trade_api/stream.py", line 99, in _auth
    raise ValueError(msg[0].get('msg', 'auth failed'))
ValueError: connection limit exceeded
error during websocket communication: connection limit exceeded
Traceback (most recent call last):
  File "/home/ubuntu/trading_bot_phase1/venv/lib/python3.12/site-packages/alpaca_trade_api/stream.py", line 251, in _run_forever
    await self._start_ws()
  File "/home/ubuntu/trading_bot_phase1/venv/lib/python3.12/site-packages/alpaca_trade_api/stream.py", line 105, in _start_ws
    await self._auth()
  File "/home/ubuntu/trading_bot_phase1/venv/lib/python3.12/site-packages/alpaca_trade_api/stream.py", line 99, in _auth
    raise ValueError(msg[0].get('msg', 'auth failed'))
ValueError: connection limit exceeded
error during websocket communication: connection limit exceeded
Traceback (most recent call last):
  File "/home/ubuntu/trading_bot_phase1/venv/lib/python3.12/site-packages/alpaca_trade_api/stream.py", line 251, in _run_forever
    await self._start_ws()
  File "/home/ubuntu/trading_bot_phase1/venv/lib/python3.12/site-packages/alpaca_trade_api/stream.py", line 105, in _start_ws
    await self._auth()
  File "/home/ubuntu/trading_bot_phase1/venv/lib/python3.12/site-packages/alpaca_trade_api/stream.py", line 99, in _auth
    raise ValueError(msg[0].get('msg', 'auth failed'))
ValueError: connection limit exceeded
data websocket error, restarting connection: server rejected WebSocket connection: HTTP 429
error during websocket communication: connection limit exceeded
Traceback (most recent call last):
  File "/home/ubuntu/trading_bot_phase1/venv/lib/python3.12/site-packages/alpaca_trade_api/stream.py", line 251, in _run_forever
    await self._start_ws()
  File "/home/ubuntu/trading_bot_phase1/venv/lib/python3.12/site-packages/alpaca_trade_api/stream.py", line 105, in _start_ws
    await self._auth()
  File "/home/ubuntu/trading_bot_phase1/venv/lib/python3.12/site-packages/alpaca_trade_api/stream.py", line 99, in _auth
    raise ValueError(msg[0].get('msg', 'auth failed'))
ValueError: connection limit exceeded
data websocket error, restarting connection: server rejected WebSocket connection: HTTP 429
error during websocket communication: connection limit exceeded
Traceback (most recent call last):
  File "/home/ubuntu/trading_bot_phase1/venv/lib/python3.12/site-packages/alpaca_trade_api/stream.py", line 251, in _run_forever
    await self._start_ws()
  File "/home/ubuntu/trading_bot_phase1/venv/lib/python3.12/site-packages/alpaca_trade_api/stream.py", line 105, in _start_ws
    await self._auth()
  File "/home/ubuntu/trading_bot_phase1/venv/lib/python3.12/site-packages/alpaca_trade_api/stream.py", line 99, in _auth
    raise ValueError(msg[0].get('msg', 'auth failed'))
ValueError: connection limit exceeded
data websocket error, restarting connection: server rejected WebSocket connection: HTTP 429
error during websocket communication: connection limit exceeded
Traceback (most recent call last):
  File "/home/ubuntu/trading_bot_phase1/venv/lib/python3.12/site-packages/alpaca_trade_api/stream.py", line 251, in _run_forever
    await self._start_ws()
  File "/home/ubuntu/trading_bot_phase1/venv/lib/python3.12/site-packages/alpaca_trade_api/stream.py", line 105, in _start_ws
    await self._auth()
  File "/home/ubuntu/trading_bot_phase1/venv/lib/python3.12/site-packages/alpaca_trade_api/stream.py", line 99, in _auth
    raise ValueError(msg[0].get('msg', 'auth failed'))
ValueError: connection limit exceeded
data websocket error, restarting connection: server rejected WebSocket connection: HTTP 429
error during websocket communication: connection limit exceeded
Traceback (most recent call last):
  File "/home/ubuntu/trading_bot_phase1/venv/lib/python3.12/site-packages/alpaca_trade_api/stream.py", line 251, in _run_forever
    await self._start_ws()
  File "/home/ubuntu/trading_bot_phase1/venv/lib/python3.12/site-packages/alpaca_trade_api/stream.py", line 105, in _start_ws
    await self._auth()
  File "/home/ubuntu/trading_bot_phase1/venv/lib/python3.12/site-packages/alpaca_trade_api/stream.py", line 99, in _auth
    raise ValueError(msg[0].get('msg', 'auth failed'))
ValueError: connection limit exceeded
data websocket error, restarting connection: server rejected WebSocket connection: HTTP 429
error during websocket communication: connection limit exceeded
Traceback (most recent call last):
  File "/home/ubuntu/trading_bot_phase1/venv/lib/python3.12/site-packages/alpaca_trade_api/stream.py", line 251, in _run_forever
    await self._start_ws()
  File "/home/ubuntu/trading_bot_phase1/venv/lib/python3.12/site-packages/alpaca_trade_api/stream.py", line 105, in _start_ws
    await self._auth()
  File "/home/ubuntu/trading_bot_phase1/venv/lib/python3.12/site-packages/alpaca_trade_api/stream.py", line 99, in _auth
    raise ValueError(msg[0].get('msg', 'auth failed'))
ValueError: connection limit exceeded
data websocket error, restarting connection: server rejected WebSocket connection: HTTP 429
error during websocket communication: connection limit exceeded
Traceback (most recent call last):
  File "/home/ubuntu/trading_bot_phase1/venv/lib/python3.12/site-packages/alpaca_trade_api/stream.py", line 251, in _run_forever
    await self._start_ws()
  File "/home/ubuntu/trading_bot_phase1/venv/lib/python3.12/site-packages/alpaca_trade_api/stream.py", line 105, in _start_ws
    await self._auth()
  File "/home/ubuntu/trading_bot_phase1/venv/lib/python3.12/site-packages/alpaca_trade_api/stream.py", line 99, in _auth
    raise ValueError(msg[0].get('msg', 'auth failed'))
ValueError: connection limit exceeded
error during websocket communication: connection limit exceeded
Traceback (most recent call last):
  File "/home/ubuntu/trading_bot_phase1/venv/lib/python3.12/site-packages/alpaca_trade_api/stream.py", line 251, in _run_forever
    await self._start_ws()
  File "/home/ubuntu/trading_bot_phase1/venv/lib/python3.12/site-packages/alpaca_trade_api/stream.py", line 105, in _start_ws
    await self._auth()
  File "/home/ubuntu/trading_bot_phase1/venv/lib/python3.12/site-packages/alpaca_trade_api/stream.py", line 99, in _auth
    raise ValueError(msg[0].get('msg', 'auth failed'))
ValueError: connection limit exceeded
data websocket error, restarting connection: server rejected WebSocket connection: HTTP 429
data websocket error, restarting connection: server rejected WebSocket connection: HTTP 429
data websocket error, restarting connection: server rejected WebSocket connection: HTTP 429
data websocket error, restarting connection: server rejected WebSocket connection: HTTP 429
error during websocket communication: connection limit exceeded
Traceback (most recent call last):
  File "/home/ubuntu/trading_bot_phase1/venv/lib/python3.12/site-packages/alpaca_trade_api/stream.py", line 251, in _run_forever
    await self._start_ws()
  File "/home/ubuntu/trading_bot_phase1/venv/lib/python3.12/site-packages/alpaca_trade_api/stream.py", line 105, in _start_ws
    await self._auth()
  File "/home/ubuntu/trading_bot_phase1/venv/lib/python3.12/site-packages/alpaca_trade_api/stream.py", line 99, in _auth
    raise ValueError(msg[0].get('msg', 'auth failed'))
ValueError: connection limit exceeded
data websocket error, restarting connection: server rejected WebSocket connection: HTTP 429
error during websocket communication: connection limit exceeded
Traceback (most recent call last):
  File "/home/ubuntu/trading_bot_phase1/venv/lib/python3.12/site-packages/alpaca_trade_api/stream.py", line 251, in _run_forever
    await self._start_ws()
  File "/home/ubuntu/trading_bot_phase1/venv/lib/python3.12/site-packages/alpaca_trade_api/stream.py", line 105, in _start_ws
    await self._auth()
  File "/home/ubuntu/trading_bot_phase1/venv/lib/python3.12/site-packages/alpaca_trade_api/stream.py", line 99, in _auth
    raise ValueError(msg[0].get('msg', 'auth failed'))
ValueError: connection limit exceeded
data websocket error, restarting connection: server rejected WebSocket connection: HTTP 429
data websocket error, restarting connection: server rejected WebSocket connection: HTTP 429
data websocket error, restarting connection: server rejected WebSocket connection: HTTP 429
error during websocket communication: connection limit exceeded
Traceback (most recent call last):
  File "/home/ubuntu/trading_bot_phase1/venv/lib/python3.12/site-packages/alpaca_trade_api/stream.py", line 251, in _run_forever
    await self._start_ws()
  File "/home/ubuntu/trading_bot_phase1/venv/lib/python3.12/site-packages/alpaca_trade_api/stream.py", line 105, in _start_ws
    await self._auth()
  File "/home/ubuntu/trading_bot_phase1/venv/lib/python3.12/site-packages/alpaca_trade_api/stream.py", line 99, in _auth
    raise ValueError(msg[0].get('msg', 'auth failed'))
ValueError: connection limit exceeded
error during websocket communication: connection limit exceeded
Traceback (most recent call last):
  File "/home/ubuntu/trading_bot_phase1/venv/lib/python3.12/site-packages/alpaca_trade_api/stream.py", line 251, in _run_forever
    await self._start_ws()
  File "/home/ubuntu/trading_bot_phase1/venv/lib/python3.12/site-packages/alpaca_trade_api/stream.py", line 105, in _start_ws
    await self._auth()
  File "/home/ubuntu/trading_bot_phase1/venv/lib/python3.12/site-packages/alpaca_trade_api/stream.py", line 99, in _auth
    raise ValueError(msg[0].get('msg', 'auth failed'))
ValueError: connection limit exceeded
data websocket error, restarting connection: server rejected WebSocket connection: HTTP 429
data websocket error, restarting connection: server rejected WebSocket connection: HTTP 429
error during websocket communication: connection limit exceeded
Traceback (most recent call last):
  File "/home/ubuntu/trading_bot_phase1/venv/lib/python3.12/site-packages/alpaca_trade_api/stream.py", line 251, in _run_forever
    await self._start_ws()
  File "/home/ubuntu/trading_bot_phase1/venv/lib/python3.12/site-packages/alpaca_trade_api/stream.py", line 105, in _start_ws
    await self._auth()
  File "/home/ubuntu/trading_bot_phase1/venv/lib/python3.12/site-packages/alpaca_trade_api/stream.py", line 99, in _auth
    raise ValueError(msg[0].get('msg', 'auth failed'))
ValueError: connection limit exceeded
error during websocket communication: connection limit exceeded
Traceback (most recent call last):
  File "/home/ubuntu/trading_bot_phase1/venv/lib/python3.12/site-packages/alpaca_trade_api/stream.py", line 251, in _run_forever
    await self._start_ws()
  File "/home/ubuntu/trading_bot_phase1/venv/lib/python3.12/site-packages/alpaca_trade_api/stream.py", line 105, in _start_ws
    await self._auth()
  File "/home/ubuntu/trading_bot_phase1/venv/lib/python3.12/site-packages/alpaca_trade_api/stream.py", line 99, in _auth
    raise ValueError(msg[0].get('msg', 'auth failed'))
ValueError: connection limit exceeded
data websocket error, restarting connection: server rejected WebSocket connection: HTTP 429
data websocket error, restarting connection: server rejected WebSocket connection: HTTP 429
error during websocket communication: connection limit exceeded
Traceback (most recent call last):
  File "/home/ubuntu/trading_bot_phase1/venv/lib/python3.12/site-packages/alpaca_trade_api/stream.py", line 251, in _run_forever
    await self._start_ws()
  File "/home/ubuntu/trading_bot_phase1/venv/lib/python3.12/site-packages/alpaca_trade_api/stream.py", line 105, in _start_ws
    await self._auth()
  File "/home/ubuntu/trading_bot_phase1/venv/lib/python3.12/site-packages/alpaca_trade_api/stream.py", line 99, in _auth
    raise ValueError(msg[0].get('msg', 'auth failed'))
ValueError: connection limit exceeded
error during websocket communication: connection limit exceeded
Traceback (most recent call last):
  File "/home/ubuntu/trading_bot_phase1/venv/lib/python3.12/site-packages/alpaca_trade_api/stream.py", line 251, in _run_forever
    await self._start_ws()
  File "/home/ubuntu/trading_bot_phase1/venv/lib/python3.12/site-packages/alpaca_trade_api/stream.py", line 105, in _start_ws
    await self._auth()
  File "/home/ubuntu/trading_bot_phase1/venv/lib/python3.12/site-packages/alpaca_trade_api/stream.py", line 99, in _auth
    raise ValueError(msg[0].get('msg', 'auth failed'))
ValueError: connection limit exceeded
error during websocket communication: connection limit exceeded
Traceback (most recent call last):
  File "/home/ubuntu/trading_bot_phase1/venv/lib/python3.12/site-packages/alpaca_trade_api/stream.py", line 251, in _run_forever
    await self._start_ws()
  File "/home/ubuntu/trading_bot_phase1/venv/lib/python3.12/site-packages/alpaca_trade_api/stream.py", line 105, in _start_ws
    await self._auth()
  File "/home/ubuntu/trading_bot_phase1/venv/lib/python3.12/site-packages/alpaca_trade_api/stream.py", line 99, in _auth
    raise ValueError(msg[0].get('msg', 'auth failed'))
ValueError: connection limit exceeded
error during websocket communication: connection limit exceeded
Traceback (most recent call last):
  File "/home/ubuntu/trading_bot_phase1/venv/lib/python3.12/site-packages/alpaca_trade_api/stream.py", line 251, in _run_forever
    await self._start_ws()
  File "/home/ubuntu/trading_bot_phase1/venv/lib/python3.12/site-packages/alpaca_trade_api/stream.py", line 105, in _start_ws
    await self._auth()
  File "/home/ubuntu/trading_bot_phase1/venv/lib/python3.12/site-packages/alpaca_trade_api/stream.py", line 99, in _auth
    raise ValueError(msg[0].get('msg', 'auth failed'))
ValueError: connection limit exceeded
error during websocket communication: connection limit exceeded
Traceback (most recent call last):
  File "/home/ubuntu/trading_bot_phase1/venv/lib/python3.12/site-packages/alpaca_trade_api/stream.py", line 251, in _run_forever
    await self._start_ws()
  File "/home/ubuntu/trading_bot_phase1/venv/lib/python3.12/site-packages/alpaca_trade_api/stream.py", line 105, in _start_ws
    await self._auth()
  File "/home/ubuntu/trading_bot_phase1/venv/lib/python3.12/site-packages/alpaca_trade_api/stream.py", line 99, in _auth
    raise ValueError(msg[0].get('msg', 'auth failed'))
ValueError: connection limit exceeded
data websocket error, restarting connection: server rejected WebSocket connection: HTTP 429
error during websocket communication: connection limit exceeded
Traceback (most recent call last):
  File "/home/ubuntu/trading_bot_phase1/venv/lib/python3.12/site-packages/alpaca_trade_api/stream.py", line 251, in _run_forever
    await self._start_ws()
  File "/home/ubuntu/trading_bot_phase1/venv/lib/python3.12/site-packages/alpaca_trade_api/stream.py", line 105, in _start_ws
    await self._auth()
  File "/home/ubuntu/trading_bot_phase1/venv/lib/python3.12/site-packages/alpaca_trade_api/stream.py", line 99, in _auth
    raise ValueError(msg[0].get('msg', 'auth failed'))
ValueError: connection limit exceeded
error during websocket communication: connection limit exceeded
Traceback (most recent call last):
  File "/home/ubuntu/trading_bot_phase1/venv/lib/python3.12/site-packages/alpaca_trade_api/stream.py", line 251, in _run_forever
    await self._start_ws()
  File "/home/ubuntu/trading_bot_phase1/venv/lib/python3.12/site-packages/alpaca_trade_api/stream.py", line 105, in _start_ws
    await self._auth()
  File "/home/ubuntu/trading_bot_phase1/venv/lib/python3.12/site-packages/alpaca_trade_api/stream.py", line 99, in _auth
    raise ValueError(msg[0].get('msg', 'auth failed'))
ValueError: connection limit exceeded
error during websocket communication: connection limit exceeded
Traceback (most recent call last):
  File "/home/ubuntu/trading_bot_phase1/venv/lib/python3.12/site-packages/alpaca_trade_api/stream.py", line 251, in _run_forever
    await self._start_ws()
  File "/home/ubuntu/trading_bot_phase1/venv/lib/python3.12/site-packages/alpaca_trade_api/stream.py", line 105, in _start_ws
    await self._auth()
  File "/home/ubuntu/trading_bot_phase1/venv/lib/python3.12/site-packages/alpaca_trade_api/stream.py", line 99, in _auth
    raise ValueError(msg[0].get('msg', 'auth failed'))
ValueError: connection limit exceeded
data websocket error, restarting connection: server rejected WebSocket connection: HTTP 429
data websocket error, restarting connection: server rejected WebSocket connection: HTTP 429
error during websocket communication: connection limit exceeded
Traceback (most recent call last):
  File "/home/ubuntu/trading_bot_phase1/venv/lib/python3.12/site-packages/alpaca_trade_api/stream.py", line 251, in _run_forever
    await self._start_ws()
  File "/home/ubuntu/trading_bot_phase1/venv/lib/python3.12/site-packages/alpaca_trade_api/stream.py", line 105, in _start_ws
    await self._auth()
  File "/home/ubuntu/trading_bot_phase1/venv/lib/python3.12/site-packages/alpaca_trade_api/stream.py", line 99, in _auth
    raise ValueError(msg[0].get('msg', 'auth failed'))
ValueError: connection limit exceeded
error during websocket communication: connection limit exceeded
Traceback (most recent call last):
  File "/home/ubuntu/trading_bot_phase1/venv/lib/python3.12/site-packages/alpaca_trade_api/stream.py", line 251, in _run_forever
    await self._start_ws()
  File "/home/ubuntu/trading_bot_phase1/venv/lib/python3.12/site-packages/alpaca_trade_api/stream.py", line 105, in _start_ws
    await self._auth()
  File "/home/ubuntu/trading_bot_phase1/venv/lib/python3.12/site-packages/alpaca_trade_api/stream.py", line 99, in _auth
    raise ValueError(msg[0].get('msg', 'auth failed'))
ValueError: connection limit exceeded
error during websocket communication: connection limit exceeded
Traceback (most recent call last):
  File "/home/ubuntu/trading_bot_phase1/venv/lib/python3.12/site-packages/alpaca_trade_api/stream.py", line 251, in _run_forever
    await self._start_ws()
  File "/home/ubuntu/trading_bot_phase1/venv/lib/python3.12/site-packages/alpaca_trade_api/stream.py", line 105, in _start_ws
    await self._auth()
  File "/home/ubuntu/trading_bot_phase1/venv/lib/python3.12/site-packages/alpaca_trade_api/stream.py", line 99, in _auth
    raise ValueError(msg[0].get('msg', 'auth failed'))
ValueError: connection limit exceeded
error during websocket communication: connection limit exceeded
Traceback (most recent call last):
  File "/home/ubuntu/trading_bot_phase1/venv/lib/python3.12/site-packages/alpaca_trade_api/stream.py", line 251, in _run_forever
    await self._start_ws()
  File "/home/ubuntu/trading_bot_phase1/venv/lib/python3.12/site-packages/alpaca_trade_api/stream.py", line 105, in _start_ws
    await self._auth()
  File "/home/ubuntu/trading_bot_phase1/venv/lib/python3.12/site-packages/alpaca_trade_api/stream.py", line 99, in _auth
    raise ValueError(msg[0].get('msg', 'auth failed'))
ValueError: connection limit exceeded
error during websocket communication: connection limit exceeded
Traceback (most recent call last):
  File "/home/ubuntu/trading_bot_phase1/venv/lib/python3.12/site-packages/alpaca_trade_api/stream.py", line 251, in _run_forever
    await self._start_ws()
  File "/home/ubuntu/trading_bot_phase1/venv/lib/python3.12/site-packages/alpaca_trade_api/stream.py", line 105, in _start_ws
    await self._auth()
  File "/home/ubuntu/trading_bot_phase1/venv/lib/python3.12/site-packages/alpaca_trade_api/stream.py", line 99, in _auth
    raise ValueError(msg[0].get('msg', 'auth failed'))
ValueError: connection limit exceeded
error during websocket communication: connection limit exceeded
Traceback (most recent call last):
  File "/home/ubuntu/trading_bot_phase1/venv/lib/python3.12/site-packages/alpaca_trade_api/stream.py", line 251, in _run_forever
    await self._start_ws()
  File "/home/ubuntu/trading_bot_phase1/venv/lib/python3.12/site-packages/alpaca_trade_api/stream.py", line 105, in _start_ws
    await self._auth()
  File "/home/ubuntu/trading_bot_phase1/venv/lib/python3.12/site-packages/alpaca_trade_api/stream.py", line 99, in _auth
    raise ValueError(msg[0].get('msg', 'auth failed'))
ValueError: connection limit exceeded
data websocket error, restarting connection: server rejected WebSocket connection: HTTP 429
data websocket error, restarting connection: server rejected WebSocket connection: HTTP 429
error during websocket communication: connection limit exceeded
Traceback (most recent call last):
  File "/home/ubuntu/trading_bot_phase1/venv/lib/python3.12/site-packages/alpaca_trade_api/stream.py", line 251, in _run_forever
    await self._start_ws()
  File "/home/ubuntu/trading_bot_phase1/venv/lib/python3.12/site-packages/alpaca_trade_api/stream.py", line 105, in _start_ws
    await self._auth()
  File "/home/ubuntu/trading_bot_phase1/venv/lib/python3.12/site-packages/alpaca_trade_api/stream.py", line 99, in _auth
    raise ValueError(msg[0].get('msg', 'auth failed'))
ValueError: connection limit exceeded
data websocket error, restarting connection: server rejected WebSocket connection: HTTP 429
error during websocket communication: connection limit exceeded
Traceback (most recent call last):
  File "/home/ubuntu/trading_bot_phase1/venv/lib/python3.12/site-packages/alpaca_trade_api/stream.py", line 251, in _run_forever
    await self._start_ws()
  File "/home/ubuntu/trading_bot_phase1/venv/lib/python3.12/site-packages/alpaca_trade_api/stream.py", line 105, in _start_ws
    await self._auth()
  File "/home/ubuntu/trading_bot_phase1/venv/lib/python3.12/site-packages/alpaca_trade_api/stream.py", line 99, in _auth
    raise ValueError(msg[0].get('msg', 'auth failed'))
ValueError: connection limit exceeded
data websocket error, restarting connection: server rejected WebSocket connection: HTTP 429
data websocket error, restarting connection: server rejected WebSocket connection: HTTP 429
error during websocket communication: connection limit exceeded
Traceback (most recent call last):
  File "/home/ubuntu/trading_bot_phase1/venv/lib/python3.12/site-packages/alpaca_trade_api/stream.py", line 251, in _run_forever
    await self._start_ws()
  File "/home/ubuntu/trading_bot_phase1/venv/lib/python3.12/site-packages/alpaca_trade_api/stream.py", line 105, in _start_ws
    await self._auth()
  File "/home/ubuntu/trading_bot_phase1/venv/lib/python3.12/site-packages/alpaca_trade_api/stream.py", line 99, in _auth
    raise ValueError(msg[0].get('msg', 'auth failed'))
ValueError: connection limit exceeded
data websocket error, restarting connection: server rejected WebSocket connection: HTTP 429
error during websocket communication: connection limit exceeded
Traceback (most recent call last):
  File "/home/ubuntu/trading_bot_phase1/venv/lib/python3.12/site-packages/alpaca_trade_api/stream.py", line 251, in _run_forever
    await self._start_ws()
  File "/home/ubuntu/trading_bot_phase1/venv/lib/python3.12/site-packages/alpaca_trade_api/stream.py", line 105, in _start_ws
    await self._auth()
  File "/home/ubuntu/trading_bot_phase1/venv/lib/python3.12/site-packages/alpaca_trade_api/stream.py", line 99, in _auth
    raise ValueError(msg[0].get('msg', 'auth failed'))
ValueError: connection limit exceeded
error during websocket communication: connection limit exceeded
Traceback (most recent call last):
  File "/home/ubuntu/trading_bot_phase1/venv/lib/python3.12/site-packages/alpaca_trade_api/stream.py", line 251, in _run_forever
    await self._start_ws()
  File "/home/ubuntu/trading_bot_phase1/venv/lib/python3.12/site-packages/alpaca_trade_api/stream.py", line 105, in _start_ws
    await self._auth()
  File "/home/ubuntu/trading_bot_phase1/venv/lib/python3.12/site-packages/alpaca_trade_api/stream.py", line 99, in _auth
    raise ValueError(msg[0].get('msg', 'auth failed'))
ValueError: connection limit exceeded
data websocket error, restarting connection: server rejected WebSocket connection: HTTP 429
error during websocket communication: connection limit exceeded
Traceback (most recent call last):
  File "/home/ubuntu/trading_bot_phase1/venv/lib/python3.12/site-packages/alpaca_trade_api/stream.py", line 251, in _run_forever
    await self._start_ws()
  File "/home/ubuntu/trading_bot_phase1/venv/lib/python3.12/site-packages/alpaca_trade_api/stream.py", line 105, in _start_ws
    await self._auth()
  File "/home/ubuntu/trading_bot_phase1/venv/lib/python3.12/site-packages/alpaca_trade_api/stream.py", line 99, in _auth
    raise ValueError(msg[0].get('msg', 'auth failed'))
ValueError: connection limit exceeded
data websocket error, restarting connection: server rejected WebSocket connection: HTTP 429
data websocket error, restarting connection: server rejected WebSocket connection: HTTP 429
data websocket error, restarting connection: server rejected WebSocket connection: HTTP 429
error during websocket communication: connection limit exceeded
Traceback (most recent call last):
  File "/home/ubuntu/trading_bot_phase1/venv/lib/python3.12/site-packages/alpaca_trade_api/stream.py", line 251, in _run_forever
    await self._start_ws()
  File "/home/ubuntu/trading_bot_phase1/venv/lib/python3.12/site-packages/alpaca_trade_api/stream.py", line 105, in _start_ws
    await self._auth()
  File "/home/ubuntu/trading_bot_phase1/venv/lib/python3.12/site-packages/alpaca_trade_api/stream.py", line 99, in _auth
    raise ValueError(msg[0].get('msg', 'auth failed'))
ValueError: connection limit exceeded
error during websocket communication: connection limit exceeded
Traceback (most recent call last):
  File "/home/ubuntu/trading_bot_phase1/venv/lib/python3.12/site-packages/alpaca_trade_api/stream.py", line 251, in _run_forever
    await self._start_ws()
  File "/home/ubuntu/trading_bot_phase1/venv/lib/python3.12/site-packages/alpaca_trade_api/stream.py", line 105, in _start_ws
    await self._auth()
  File "/home/ubuntu/trading_bot_phase1/venv/lib/python3.12/site-packages/alpaca_trade_api/stream.py", line 99, in _auth
    raise ValueError(msg[0].get('msg', 'auth failed'))
ValueError: connection limit exceeded
data websocket error, restarting connection: server rejected WebSocket connection: HTTP 429
error during websocket communication: connection limit exceeded
Traceback (most recent call last):
  File "/home/ubuntu/trading_bot_phase1/venv/lib/python3.12/site-packages/alpaca_trade_api/stream.py", line 251, in _run_forever
    await self._start_ws()
  File "/home/ubuntu/trading_bot_phase1/venv/lib/python3.12/site-packages/alpaca_trade_api/stream.py", line 105, in _start_ws
    await self._auth()
  File "/home/ubuntu/trading_bot_phase1/venv/lib/python3.12/site-packages/alpaca_trade_api/stream.py", line 99, in _auth
    raise ValueError(msg[0].get('msg', 'auth failed'))
ValueError: connection limit exceeded
error during websocket communication: connection limit exceeded
Traceback (most recent call last):
  File "/home/ubuntu/trading_bot_phase1/venv/lib/python3.12/site-packages/alpaca_trade_api/stream.py", line 251, in _run_forever
    await self._start_ws()
  File "/home/ubuntu/trading_bot_phase1/venv/lib/python3.12/site-packages/alpaca_trade_api/stream.py", line 105, in _start_ws
    await self._auth()
  File "/home/ubuntu/trading_bot_phase1/venv/lib/python3.12/site-packages/alpaca_trade_api/stream.py", line 99, in _auth
    raise ValueError(msg[0].get('msg', 'auth failed'))
ValueError: connection limit exceeded
data websocket error, restarting connection: server rejected WebSocket connection: HTTP 429
error during websocket communication: connection limit exceeded
Traceback (most recent call last):
  File "/home/ubuntu/trading_bot_phase1/venv/lib/python3.12/site-packages/alpaca_trade_api/stream.py", line 251, in _run_forever
    await self._start_ws()
  File "/home/ubuntu/trading_bot_phase1/venv/lib/python3.12/site-packages/alpaca_trade_api/stream.py", line 105, in _start_ws
    await self._auth()
  File "/home/ubuntu/trading_bot_phase1/venv/lib/python3.12/site-packages/alpaca_trade_api/stream.py", line 99, in _auth
    raise ValueError(msg[0].get('msg', 'auth failed'))
ValueError: connection limit exceeded
data websocket error, restarting connection: server rejected WebSocket connection: HTTP 429
error during websocket communication: connection limit exceeded
Traceback (most recent call last):
  File "/home/ubuntu/trading_bot_phase1/venv/lib/python3.12/site-packages/alpaca_trade_api/stream.py", line 251, in _run_forever
    await self._start_ws()
  File "/home/ubuntu/trading_bot_phase1/venv/lib/python3.12/site-packages/alpaca_trade_api/stream.py", line 105, in _start_ws
    await self._auth()
  File "/home/ubuntu/trading_bot_phase1/venv/lib/python3.12/site-packages/alpaca_trade_api/stream.py", line 99, in _auth
    raise ValueError(msg[0].get('msg', 'auth failed'))
ValueError: connection limit exceeded
data websocket error, restarting connection: server rejected WebSocket connection: HTTP 429
error during websocket communication: connection limit exceeded
Traceback (most recent call last):
  File "/home/ubuntu/trading_bot_phase1/venv/lib/python3.12/site-packages/alpaca_trade_api/stream.py", line 251, in _run_forever
    await self._start_ws()
  File "/home/ubuntu/trading_bot_phase1/venv/lib/python3.12/site-packages/alpaca_trade_api/stream.py", line 105, in _start_ws
    await self._auth()
  File "/home/ubuntu/trading_bot_phase1/venv/lib/python3.12/site-packages/alpaca_trade_api/stream.py", line 99, in _auth
    raise ValueError(msg[0].get('msg', 'auth failed'))
ValueError: connection limit exceeded
data websocket error, restarting connection: server rejected WebSocket connection: HTTP 429
error during websocket communication: connection limit exceeded
Traceback (most recent call last):
  File "/home/ubuntu/trading_bot_phase1/venv/lib/python3.12/site-packages/alpaca_trade_api/stream.py", line 251, in _run_forever
    await self._start_ws()
  File "/home/ubuntu/trading_bot_phase1/venv/lib/python3.12/site-packages/alpaca_trade_api/stream.py", line 105, in _start_ws
    await self._auth()
  File "/home/ubuntu/trading_bot_phase1/venv/lib/python3.12/site-packages/alpaca_trade_api/stream.py", line 99, in _auth
    raise ValueError(msg[0].get('msg', 'auth failed'))
ValueError: connection limit exceeded
data websocket error, restarting connection: server rejected WebSocket connection: HTTP 429
error during websocket communication: connection limit exceeded
Traceback (most recent call last):
  File "/home/ubuntu/trading_bot_phase1/venv/lib/python3.12/site-packages/alpaca_trade_api/stream.py", line 251, in _run_forever
    await self._start_ws()
  File "/home/ubuntu/trading_bot_phase1/venv/lib/python3.12/site-packages/alpaca_trade_api/stream.py", line 105, in _start_ws
    await self._auth()
  File "/home/ubuntu/trading_bot_phase1/venv/lib/python3.12/site-packages/alpaca_trade_api/stream.py", line 99, in _auth
    raise ValueError(msg[0].get('msg', 'auth failed'))
ValueError: connection limit exceeded
data websocket error, restarting connection: server rejected WebSocket connection: HTTP 429
error during websocket communication: connection limit exceeded
Traceback (most recent call last):
  File "/home/ubuntu/trading_bot_phase1/venv/lib/python3.12/site-packages/alpaca_trade_api/stream.py", line 251, in _run_forever
    await self._start_ws()
  File "/home/ubuntu/trading_bot_phase1/venv/lib/python3.12/site-packages/alpaca_trade_api/stream.py", line 105, in _start_ws
    await self._auth()
  File "/home/ubuntu/trading_bot_phase1/venv/lib/python3.12/site-packages/alpaca_trade_api/stream.py", line 99, in _auth
    raise ValueError(msg[0].get('msg', 'auth failed'))
ValueError: connection limit exceeded
data websocket error, restarting connection: server rejected WebSocket connection: HTTP 429
error during websocket communication: connection limit exceeded
Traceback (most recent call last):
  File "/home/ubuntu/trading_bot_phase1/venv/lib/python3.12/site-packages/alpaca_trade_api/stream.py", line 251, in _run_forever
    await self._start_ws()
  File "/home/ubuntu/trading_bot_phase1/venv/lib/python3.12/site-packages/alpaca_trade_api/stream.py", line 105, in _start_ws
    await self._auth()
  File "/home/ubuntu/trading_bot_phase1/venv/lib/python3.12/site-packages/alpaca_trade_api/stream.py", line 99, in _auth
    raise ValueError(msg[0].get('msg', 'auth failed'))
ValueError: connection limit exceeded
error during websocket communication: connection limit exceeded
Traceback (most recent call last):
  File "/home/ubuntu/trading_bot_phase1/venv/lib/python3.12/site-packages/alpaca_trade_api/stream.py", line 251, in _run_forever
    await self._start_ws()
  File "/home/ubuntu/trading_bot_phase1/venv/lib/python3.12/site-packages/alpaca_trade_api/stream.py", line 105, in _start_ws
    await self._auth()
  File "/home/ubuntu/trading_bot_phase1/venv/lib/python3.12/site-packages/alpaca_trade_api/stream.py", line 99, in _auth
    raise ValueError(msg[0].get('msg', 'auth failed'))
ValueError: connection limit exceeded
data websocket error, restarting connection: server rejected WebSocket connection: HTTP 429
error during websocket communication: connection limit exceeded
Traceback (most recent call last):
  File "/home/ubuntu/trading_bot_phase1/venv/lib/python3.12/site-packages/alpaca_trade_api/stream.py", line 251, in _run_forever
    await self._start_ws()
  File "/home/ubuntu/trading_bot_phase1/venv/lib/python3.12/site-packages/alpaca_trade_api/stream.py", line 105, in _start_ws
    await self._auth()
  File "/home/ubuntu/trading_bot_phase1/venv/lib/python3.12/site-packages/alpaca_trade_api/stream.py", line 99, in _auth
    raise ValueError(msg[0].get('msg', 'auth failed'))
ValueError: connection limit exceeded
error during websocket communication: connection limit exceeded
Traceback (most recent call last):
  File "/home/ubuntu/trading_bot_phase1/venv/lib/python3.12/site-packages/alpaca_trade_api/stream.py", line 251, in _run_forever
    await self._start_ws()
  File "/home/ubuntu/trading_bot_phase1/venv/lib/python3.12/site-packages/alpaca_trade_api/stream.py", line 105, in _start_ws
    await self._auth()
  File "/home/ubuntu/trading_bot_phase1/venv/lib/python3.12/site-packages/alpaca_trade_api/stream.py", line 99, in _auth
    raise ValueError(msg[0].get('msg', 'auth failed'))
ValueError: connection limit exceeded
data websocket error, restarting connection: server rejected WebSocket connection: HTTP 429
error during websocket communication: connection limit exceeded
Traceback (most recent call last):
  File "/home/ubuntu/trading_bot_phase1/venv/lib/python3.12/site-packages/alpaca_trade_api/stream.py", line 251, in _run_forever
    await self._start_ws()
  File "/home/ubuntu/trading_bot_phase1/venv/lib/python3.12/site-packages/alpaca_trade_api/stream.py", line 105, in _start_ws
    await self._auth()
  File "/home/ubuntu/trading_bot_phase1/venv/lib/python3.12/site-packages/alpaca_trade_api/stream.py", line 99, in _auth
    raise ValueError(msg[0].get('msg', 'auth failed'))
ValueError: connection limit exceeded
data websocket error, restarting connection: server rejected WebSocket connection: HTTP 429
error during websocket communication: connection limit exceeded
Traceback (most recent call last):
  File "/home/ubuntu/trading_bot_phase1/venv/lib/python3.12/site-packages/alpaca_trade_api/stream.py", line 251, in _run_forever
    await self._start_ws()
  File "/home/ubuntu/trading_bot_phase1/venv/lib/python3.12/site-packages/alpaca_trade_api/stream.py", line 105, in _start_ws
    await self._auth()
  File "/home/ubuntu/trading_bot_phase1/venv/lib/python3.12/site-packages/alpaca_trade_api/stream.py", line 99, in _auth
    raise ValueError(msg[0].get('msg', 'auth failed'))
ValueError: connection limit exceeded
data websocket error, restarting connection: server rejected WebSocket connection: HTTP 429
error during websocket communication: connection limit exceeded
Traceback (most recent call last):
  File "/home/ubuntu/trading_bot_phase1/venv/lib/python3.12/site-packages/alpaca_trade_api/stream.py", line 251, in _run_forever
    await self._start_ws()
  File "/home/ubuntu/trading_bot_phase1/venv/lib/python3.12/site-packages/alpaca_trade_api/stream.py", line 105, in _start_ws
    await self._auth()
  File "/home/ubuntu/trading_bot_phase1/venv/lib/python3.12/site-packages/alpaca_trade_api/stream.py", line 99, in _auth
    raise ValueError(msg[0].get('msg', 'auth failed'))
ValueError: connection limit exceeded
data websocket error, restarting connection: server rejected WebSocket connection: HTTP 429
data websocket error, restarting connection: server rejected WebSocket connection: HTTP 429
data websocket error, restarting connection: server rejected WebSocket connection: HTTP 429
data websocket error, restarting connection: server rejected WebSocket connection: HTTP 429
error during websocket communication: connection limit exceeded
Traceback (most recent call last):
  File "/home/ubuntu/trading_bot_phase1/venv/lib/python3.12/site-packages/alpaca_trade_api/stream.py", line 251, in _run_forever
    await self._start_ws()
  File "/home/ubuntu/trading_bot_phase1/venv/lib/python3.12/site-packages/alpaca_trade_api/stream.py", line 105, in _start_ws
    await self._auth()
  File "/home/ubuntu/trading_bot_phase1/venv/lib/python3.12/site-packages/alpaca_trade_api/stream.py", line 99, in _auth
    raise ValueError(msg[0].get('msg', 'auth failed'))
ValueError: connection limit exceeded
error during websocket communication: connection limit exceeded
Traceback (most recent call last):
  File "/home/ubuntu/trading_bot_phase1/venv/lib/python3.12/site-packages/alpaca_trade_api/stream.py", line 251, in _run_forever
    await self._start_ws()
  File "/home/ubuntu/trading_bot_phase1/venv/lib/python3.12/site-packages/alpaca_trade_api/stream.py", line 105, in _start_ws
    await self._auth()
  File "/home/ubuntu/trading_bot_phase1/venv/lib/python3.12/site-packages/alpaca_trade_api/stream.py", line 99, in _auth
    raise ValueError(msg[0].get('msg', 'auth failed'))
ValueError: connection limit exceeded
data websocket error, restarting connection: server rejected WebSocket connection: HTTP 429
data websocket error, restarting connection: server rejected WebSocket connection: HTTP 429
data websocket error, restarting connection: server rejected WebSocket connection: HTTP 429
error during websocket communication: connection limit exceeded
Traceback (most recent call last):
  File "/home/ubuntu/trading_bot_phase1/venv/lib/python3.12/site-packages/alpaca_trade_api/stream.py", line 251, in _run_forever
    await self._start_ws()
  File "/home/ubuntu/trading_bot_phase1/venv/lib/python3.12/site-packages/alpaca_trade_api/stream.py", line 105, in _start_ws
    await self._auth()
  File "/home/ubuntu/trading_bot_phase1/venv/lib/python3.12/site-packages/alpaca_trade_api/stream.py", line 99, in _auth
    raise ValueError(msg[0].get('msg', 'auth failed'))
ValueError: connection limit exceeded
error during websocket communication: connection limit exceeded
Traceback (most recent call last):
  File "/home/ubuntu/trading_bot_phase1/venv/lib/python3.12/site-packages/alpaca_trade_api/stream.py", line 251, in _run_forever
    await self._start_ws()
  File "/home/ubuntu/trading_bot_phase1/venv/lib/python3.12/site-packages/alpaca_trade_api/stream.py", line 105, in _start_ws
    await self._auth()
  File "/home/ubuntu/trading_bot_phase1/venv/lib/python3.12/site-packages/alpaca_trade_api/stream.py", line 99, in _auth
    raise ValueError(msg[0].get('msg', 'auth failed'))
ValueError: connection limit exceeded
data websocket error, restarting connection: server rejected WebSocket connection: HTTP 429
error during websocket communication: connection limit exceeded
Traceback (most recent call last):
  File "/home/ubuntu/trading_bot_phase1/venv/lib/python3.12/site-packages/alpaca_trade_api/stream.py", line 251, in _run_forever
    await self._start_ws()
  File "/home/ubuntu/trading_bot_phase1/venv/lib/python3.12/site-packages/alpaca_trade_api/stream.py", line 105, in _start_ws
    await self._auth()
  File "/home/ubuntu/trading_bot_phase1/venv/lib/python3.12/site-packages/alpaca_trade_api/stream.py", line 99, in _auth
    raise ValueError(msg[0].get('msg', 'auth failed'))
ValueError: connection limit exceeded
error during websocket communication: connection limit exceeded
Traceback (most recent call last):
  File "/home/ubuntu/trading_bot_phase1/venv/lib/python3.12/site-packages/alpaca_trade_api/stream.py", line 251, in _run_forever
    await self._start_ws()
  File "/home/ubuntu/trading_bot_phase1/venv/lib/python3.12/site-packages/alpaca_trade_api/stream.py", line 105, in _start_ws
    await self._auth()
  File "/home/ubuntu/trading_bot_phase1/venv/lib/python3.12/site-packages/alpaca_trade_api/stream.py", line 99, in _auth
    raise ValueError(msg[0].get('msg', 'auth failed'))
ValueError: connection limit exceeded
data websocket error, restarting connection: server rejected WebSocket connection: HTTP 429
error during websocket communication: connection limit exceeded
Traceback (most recent call last):
  File "/home/ubuntu/trading_bot_phase1/venv/lib/python3.12/site-packages/alpaca_trade_api/stream.py", line 251, in _run_forever
    await self._start_ws()
  File "/home/ubuntu/trading_bot_phase1/venv/lib/python3.12/site-packages/alpaca_trade_api/stream.py", line 105, in _start_ws
    await self._auth()
  File "/home/ubuntu/trading_bot_phase1/venv/lib/python3.12/site-packages/alpaca_trade_api/stream.py", line 99, in _auth
    raise ValueError(msg[0].get('msg', 'auth failed'))
ValueError: connection limit exceeded
error during websocket communication: connection limit exceeded
Traceback (most recent call last):
  File "/home/ubuntu/trading_bot_phase1/venv/lib/python3.12/site-packages/alpaca_trade_api/stream.py", line 251, in _run_forever
    await self._start_ws()
  File "/home/ubuntu/trading_bot_phase1/venv/lib/python3.12/site-packages/alpaca_trade_api/stream.py", line 105, in _start_ws
    await self._auth()
  File "/home/ubuntu/trading_bot_phase1/venv/lib/python3.12/site-packages/alpaca_trade_api/stream.py", line 99, in _auth
    raise ValueError(msg[0].get('msg', 'auth failed'))
ValueError: connection limit exceeded
error during websocket communication: connection limit exceeded
Traceback (most recent call last):
  File "/home/ubuntu/trading_bot_phase1/venv/lib/python3.12/site-packages/alpaca_trade_api/stream.py", line 251, in _run_forever
    await self._start_ws()
  File "/home/ubuntu/trading_bot_phase1/venv/lib/python3.12/site-packages/alpaca_trade_api/stream.py", line 105, in _start_ws
    await self._auth()
  File "/home/ubuntu/trading_bot_phase1/venv/lib/python3.12/site-packages/alpaca_trade_api/stream.py", line 99, in _auth
    raise ValueError(msg[0].get('msg', 'auth failed'))
ValueError: connection limit exceeded
data websocket error, restarting connection: server rejected WebSocket connection: HTTP 429
error during websocket communication: connection limit exceeded
Traceback (most recent call last):
  File "/home/ubuntu/trading_bot_phase1/venv/lib/python3.12/site-packages/alpaca_trade_api/stream.py", line 251, in _run_forever
    await self._start_ws()
  File "/home/ubuntu/trading_bot_phase1/venv/lib/python3.12/site-packages/alpaca_trade_api/stream.py", line 105, in _start_ws
    await self._auth()
  File "/home/ubuntu/trading_bot_phase1/venv/lib/python3.12/site-packages/alpaca_trade_api/stream.py", line 99, in _auth
    raise ValueError(msg[0].get('msg', 'auth failed'))
ValueError: connection limit exceeded
error during websocket communication: connection limit exceeded
Traceback (most recent call last):
  File "/home/ubuntu/trading_bot_phase1/venv/lib/python3.12/site-packages/alpaca_trade_api/stream.py", line 251, in _run_forever
    await self._start_ws()
  File "/home/ubuntu/trading_bot_phase1/venv/lib/python3.12/site-packages/alpaca_trade_api/stream.py", line 105, in _start_ws
    await self._auth()
  File "/home/ubuntu/trading_bot_phase1/venv/lib/python3.12/site-packages/alpaca_trade_api/stream.py", line 99, in _auth
    raise ValueError(msg[0].get('msg', 'auth failed'))
ValueError: connection limit exceeded
error during websocket communication: connection limit exceeded
Traceback (most recent call last):
  File "/home/ubuntu/trading_bot_phase1/venv/lib/python3.12/site-packages/alpaca_trade_api/stream.py", line 251, in _run_forever
    await self._start_ws()
  File "/home/ubuntu/trading_bot_phase1/venv/lib/python3.12/site-packages/alpaca_trade_api/stream.py", line 105, in _start_ws
    await self._auth()
  File "/home/ubuntu/trading_bot_phase1/venv/lib/python3.12/site-packages/alpaca_trade_api/stream.py", line 99, in _auth
    raise ValueError(msg[0].get('msg', 'auth failed'))
ValueError: connection limit exceeded
error during websocket communication: connection limit exceeded
Traceback (most recent call last):
  File "/home/ubuntu/trading_bot_phase1/venv/lib/python3.12/site-packages/alpaca_trade_api/stream.py", line 251, in _run_forever
    await self._start_ws()
  File "/home/ubuntu/trading_bot_phase1/venv/lib/python3.12/site-packages/alpaca_trade_api/stream.py", line 105, in _start_ws
    await self._auth()
  File "/home/ubuntu/trading_bot_phase1/venv/lib/python3.12/site-packages/alpaca_trade_api/stream.py", line 99, in _auth
    raise ValueError(msg[0].get('msg', 'auth failed'))
ValueError: connection limit exceeded
error during websocket communication: connection limit exceeded
Traceback (most recent call last):
  File "/home/ubuntu/trading_bot_phase1/venv/lib/python3.12/site-packages/alpaca_trade_api/stream.py", line 251, in _run_forever
    await self._start_ws()
  File "/home/ubuntu/trading_bot_phase1/venv/lib/python3.12/site-packages/alpaca_trade_api/stream.py", line 105, in _start_ws
    await self._auth()
  File "/home/ubuntu/trading_bot_phase1/venv/lib/python3.12/site-packages/alpaca_trade_api/stream.py", line 99, in _auth
    raise ValueError(msg[0].get('msg', 'auth failed'))
ValueError: connection limit exceeded
error during websocket communication: connection limit exceeded
Traceback (most recent call last):
  File "/home/ubuntu/trading_bot_phase1/venv/lib/python3.12/site-packages/alpaca_trade_api/stream.py", line 251, in _run_forever
    await self._start_ws()
  File "/home/ubuntu/trading_bot_phase1/venv/lib/python3.12/site-packages/alpaca_trade_api/stream.py", line 105, in _start_ws
    await self._auth()
  File "/home/ubuntu/trading_bot_phase1/venv/lib/python3.12/site-packages/alpaca_trade_api/stream.py", line 99, in _auth
    raise ValueError(msg[0].get('msg', 'auth failed'))
ValueError: connection limit exceeded
data websocket error, restarting connection: server rejected WebSocket connection: HTTP 429
error during websocket communication: connection limit exceeded
Traceback (most recent call last):
  File "/home/ubuntu/trading_bot_phase1/venv/lib/python3.12/site-packages/alpaca_trade_api/stream.py", line 251, in _run_forever
    await self._start_ws()
  File "/home/ubuntu/trading_bot_phase1/venv/lib/python3.12/site-packages/alpaca_trade_api/stream.py", line 105, in _start_ws
    await self._auth()
  File "/home/ubuntu/trading_bot_phase1/venv/lib/python3.12/site-packages/alpaca_trade_api/stream.py", line 99, in _auth
    raise ValueError(msg[0].get('msg', 'auth failed'))
ValueError: connection limit exceeded
error during websocket communication: connection limit exceeded
Traceback (most recent call last):
  File "/home/ubuntu/trading_bot_phase1/venv/lib/python3.12/site-packages/alpaca_trade_api/stream.py", line 251, in _run_forever
    await self._start_ws()
  File "/home/ubuntu/trading_bot_phase1/venv/lib/python3.12/site-packages/alpaca_trade_api/stream.py", line 105, in _start_ws
    await self._auth()
  File "/home/ubuntu/trading_bot_phase1/venv/lib/python3.12/site-packages/alpaca_trade_api/stream.py", line 99, in _auth
    raise ValueError(msg[0].get('msg', 'auth failed'))
ValueError: connection limit exceeded
error during websocket communication: connection limit exceeded
Traceback (most recent call last):
  File "/home/ubuntu/trading_bot_phase1/venv/lib/python3.12/site-packages/alpaca_trade_api/stream.py", line 251, in _run_forever
    await self._start_ws()
  File "/home/ubuntu/trading_bot_phase1/venv/lib/python3.12/site-packages/alpaca_trade_api/stream.py", line 105, in _start_ws
    await self._auth()
  File "/home/ubuntu/trading_bot_phase1/venv/lib/python3.12/site-packages/alpaca_trade_api/stream.py", line 99, in _auth
    raise ValueError(msg[0].get('msg', 'auth failed'))
ValueError: connection limit exceeded
error during websocket communication: connection limit exceeded
Traceback (most recent call last):
  File "/home/ubuntu/trading_bot_phase1/venv/lib/python3.12/site-packages/alpaca_trade_api/stream.py", line 251, in _run_forever
    await self._start_ws()
  File "/home/ubuntu/trading_bot_phase1/venv/lib/python3.12/site-packages/alpaca_trade_api/stream.py", line 105, in _start_ws
    await self._auth()
  File "/home/ubuntu/trading_bot_phase1/venv/lib/python3.12/site-packages/alpaca_trade_api/stream.py", line 99, in _auth
    raise ValueError(msg[0].get('msg', 'auth failed'))
ValueError: connection limit exceeded
data websocket error, restarting connection: server rejected WebSocket connection: HTTP 429
error during websocket communication: connection limit exceeded
Traceback (most recent call last):
  File "/home/ubuntu/trading_bot_phase1/venv/lib/python3.12/site-packages/alpaca_trade_api/stream.py", line 251, in _run_forever
    await self._start_ws()
  File "/home/ubuntu/trading_bot_phase1/venv/lib/python3.12/site-packages/alpaca_trade_api/stream.py", line 105, in _start_ws
    await self._auth()
  File "/home/ubuntu/trading_bot_phase1/venv/lib/python3.12/site-packages/alpaca_trade_api/stream.py", line 99, in _auth
    raise ValueError(msg[0].get('msg', 'auth failed'))
ValueError: connection limit exceeded
data websocket error, restarting connection: server rejected WebSocket connection: HTTP 429
error during websocket communication: connection limit exceeded
Traceback (most recent call last):
  File "/home/ubuntu/trading_bot_phase1/venv/lib/python3.12/site-packages/alpaca_trade_api/stream.py", line 251, in _run_forever
    await self._start_ws()
  File "/home/ubuntu/trading_bot_phase1/venv/lib/python3.12/site-packages/alpaca_trade_api/stream.py", line 105, in _start_ws
    await self._auth()
  File "/home/ubuntu/trading_bot_phase1/venv/lib/python3.12/site-packages/alpaca_trade_api/stream.py", line 99, in _auth
    raise ValueError(msg[0].get('msg', 'auth failed'))
ValueError: connection limit exceeded
data websocket error, restarting connection: server rejected WebSocket connection: HTTP 429
error during websocket communication: connection limit exceeded
Traceback (most recent call last):
  File "/home/ubuntu/trading_bot_phase1/venv/lib/python3.12/site-packages/alpaca_trade_api/stream.py", line 251, in _run_forever
    await self._start_ws()
  File "/home/ubuntu/trading_bot_phase1/venv/lib/python3.12/site-packages/alpaca_trade_api/stream.py", line 105, in _start_ws
    await self._auth()
  File "/home/ubuntu/trading_bot_phase1/venv/lib/python3.12/site-packages/alpaca_trade_api/stream.py", line 99, in _auth
    raise ValueError(msg[0].get('msg', 'auth failed'))
ValueError: connection limit exceeded
data websocket error, restarting connection: server rejected WebSocket connection: HTTP 429
error during websocket communication: connection limit exceeded
Traceback (most recent call last):
  File "/home/ubuntu/trading_bot_phase1/venv/lib/python3.12/site-packages/alpaca_trade_api/stream.py", line 251, in _run_forever
    await self._start_ws()
  File "/home/ubuntu/trading_bot_phase1/venv/lib/python3.12/site-packages/alpaca_trade_api/stream.py", line 105, in _start_ws
    await self._auth()
  File "/home/ubuntu/trading_bot_phase1/venv/lib/python3.12/site-packages/alpaca_trade_api/stream.py", line 99, in _auth
    raise ValueError(msg[0].get('msg', 'auth failed'))
ValueError: connection limit exceeded
error during websocket communication: connection limit exceeded
Traceback (most recent call last):
  File "/home/ubuntu/trading_bot_phase1/venv/lib/python3.12/site-packages/alpaca_trade_api/stream.py", line 251, in _run_forever
    await self._start_ws()
  File "/home/ubuntu/trading_bot_phase1/venv/lib/python3.12/site-packages/alpaca_trade_api/stream.py", line 105, in _start_ws
    await self._auth()
  File "/home/ubuntu/trading_bot_phase1/venv/lib/python3.12/site-packages/alpaca_trade_api/stream.py", line 99, in _auth
    raise ValueError(msg[0].get('msg', 'auth failed'))
ValueError: connection limit exceeded
data websocket error, restarting connection: server rejected WebSocket connection: HTTP 429
error during websocket communication: connection limit exceeded
Traceback (most recent call last):
  File "/home/ubuntu/trading_bot_phase1/venv/lib/python3.12/site-packages/alpaca_trade_api/stream.py", line 251, in _run_forever
    await self._start_ws()
  File "/home/ubuntu/trading_bot_phase1/venv/lib/python3.12/site-packages/alpaca_trade_api/stream.py", line 105, in _start_ws
    await self._auth()
  File "/home/ubuntu/trading_bot_phase1/venv/lib/python3.12/site-packages/alpaca_trade_api/stream.py", line 99, in _auth
    raise ValueError(msg[0].get('msg', 'auth failed'))
ValueError: connection limit exceeded
data websocket error, restarting connection: server rejected WebSocket connection: HTTP 429
error during websocket communication: connection limit exceeded
Traceback (most recent call last):
  File "/home/ubuntu/trading_bot_phase1/venv/lib/python3.12/site-packages/alpaca_trade_api/stream.py", line 251, in _run_forever
    await self._start_ws()
  File "/home/ubuntu/trading_bot_phase1/venv/lib/python3.12/site-packages/alpaca_trade_api/stream.py", line 105, in _start_ws
    await self._auth()
  File "/home/ubuntu/trading_bot_phase1/venv/lib/python3.12/site-packages/alpaca_trade_api/stream.py", line 99, in _auth
    raise ValueError(msg[0].get('msg', 'auth failed'))
ValueError: connection limit exceeded
data websocket error, restarting connection: server rejected WebSocket connection: HTTP 429
error during websocket communication: connection limit exceeded
Traceback (most recent call last):
  File "/home/ubuntu/trading_bot_phase1/venv/lib/python3.12/site-packages/alpaca_trade_api/stream.py", line 251, in _run_forever
    await self._start_ws()
  File "/home/ubuntu/trading_bot_phase1/venv/lib/python3.12/site-packages/alpaca_trade_api/stream.py", line 105, in _start_ws
    await self._auth()
  File "/home/ubuntu/trading_bot_phase1/venv/lib/python3.12/site-packages/alpaca_trade_api/stream.py", line 99, in _auth
    raise ValueError(msg[0].get('msg', 'auth failed'))
ValueError: connection limit exceeded
error during websocket communication: connection limit exceeded
Traceback (most recent call last):
  File "/home/ubuntu/trading_bot_phase1/venv/lib/python3.12/site-packages/alpaca_trade_api/stream.py", line 251, in _run_forever
    await self._start_ws()
  File "/home/ubuntu/trading_bot_phase1/venv/lib/python3.12/site-packages/alpaca_trade_api/stream.py", line 105, in _start_ws
    await self._auth()
  File "/home/ubuntu/trading_bot_phase1/venv/lib/python3.12/site-packages/alpaca_trade_api/stream.py", line 99, in _auth
    raise ValueError(msg[0].get('msg', 'auth failed'))
ValueError: connection limit exceeded
data websocket error, restarting connection: server rejected WebSocket connection: HTTP 429
data websocket error, restarting connection: server rejected WebSocket connection: HTTP 429
data websocket error, restarting connection: server rejected WebSocket connection: HTTP 429
data websocket error, restarting connection: server rejected WebSocket connection: HTTP 429
error during websocket communication: connection limit exceeded
Traceback (most recent call last):
  File "/home/ubuntu/trading_bot_phase1/venv/lib/python3.12/site-packages/alpaca_trade_api/stream.py", line 251, in _run_forever
    await self._start_ws()
  File "/home/ubuntu/trading_bot_phase1/venv/lib/python3.12/site-packages/alpaca_trade_api/stream.py", line 105, in _start_ws
    await self._auth()
  File "/home/ubuntu/trading_bot_phase1/venv/lib/python3.12/site-packages/alpaca_trade_api/stream.py", line 99, in _auth
    raise ValueError(msg[0].get('msg', 'auth failed'))
ValueError: connection limit exceeded
data websocket error, restarting connection: server rejected WebSocket connection: HTTP 429
data websocket error, restarting connection: server rejected WebSocket connection: HTTP 429
error during websocket communication: connection limit exceeded
Traceback (most recent call last):
  File "/home/ubuntu/trading_bot_phase1/venv/lib/python3.12/site-packages/alpaca_trade_api/stream.py", line 251, in _run_forever
    await self._start_ws()
  File "/home/ubuntu/trading_bot_phase1/venv/lib/python3.12/site-packages/alpaca_trade_api/stream.py", line 105, in _start_ws
    await self._auth()
  File "/home/ubuntu/trading_bot_phase1/venv/lib/python3.12/site-packages/alpaca_trade_api/stream.py", line 99, in _auth
    raise ValueError(msg[0].get('msg', 'auth failed'))
ValueError: connection limit exceeded
data websocket error, restarting connection: server rejected WebSocket connection: HTTP 429
data websocket error, restarting connection: server rejected WebSocket connection: HTTP 429
data websocket error, restarting connection: server rejected WebSocket connection: HTTP 429
data websocket error, restarting connection: server rejected WebSocket connection: HTTP 429
data websocket error, restarting connection: server rejected WebSocket connection: HTTP 429
data websocket error, restarting connection: server rejected WebSocket connection: HTTP 429
error during websocket communication: connection limit exceeded
Traceback (most recent call last):
  File "/home/ubuntu/trading_bot_phase1/venv/lib/python3.12/site-packages/alpaca_trade_api/stream.py", line 251, in _run_forever
    await self._start_ws()
  File "/home/ubuntu/trading_bot_phase1/venv/lib/python3.12/site-packages/alpaca_trade_api/stream.py", line 105, in _start_ws
    await self._auth()
  File "/home/ubuntu/trading_bot_phase1/venv/lib/python3.12/site-packages/alpaca_trade_api/stream.py", line 99, in _auth
    raise ValueError(msg[0].get('msg', 'auth failed'))
ValueError: connection limit exceeded
error during websocket communication: connection limit exceeded
Traceback (most recent call last):
  File "/home/ubuntu/trading_bot_phase1/venv/lib/python3.12/site-packages/alpaca_trade_api/stream.py", line 251, in _run_forever
    await self._start_ws()
  File "/home/ubuntu/trading_bot_phase1/venv/lib/python3.12/site-packages/alpaca_trade_api/stream.py", line 105, in _start_ws
    await self._auth()
  File "/home/ubuntu/trading_bot_phase1/venv/lib/python3.12/site-packages/alpaca_trade_api/stream.py", line 99, in _auth
    raise ValueError(msg[0].get('msg', 'auth failed'))
ValueError: connection limit exceeded
error during websocket communication: connection limit exceeded
Traceback (most recent call last):
  File "/home/ubuntu/trading_bot_phase1/venv/lib/python3.12/site-packages/alpaca_trade_api/stream.py", line 251, in _run_forever
    await self._start_ws()
  File "/home/ubuntu/trading_bot_phase1/venv/lib/python3.12/site-packages/alpaca_trade_api/stream.py", line 105, in _start_ws
    await self._auth()
  File "/home/ubuntu/trading_bot_phase1/venv/lib/python3.12/site-packages/alpaca_trade_api/stream.py", line 99, in _auth
    raise ValueError(msg[0].get('msg', 'auth failed'))
ValueError: connection limit exceeded
108.36.243.78 - - [18/Oct/2025 20:46:40] "GET /api/portfolio_status HTTP/1.1" 200 -
data websocket error, restarting connection: server rejected WebSocket connection: HTTP 429
error during websocket communication: connection limit exceeded
Traceback (most recent call last):
  File "/home/ubuntu/trading_bot_phase1/venv/lib/python3.12/site-packages/alpaca_trade_api/stream.py", line 251, in _run_forever
    await self._start_ws()
  File "/home/ubuntu/trading_bot_phase1/venv/lib/python3.12/site-packages/alpaca_trade_api/stream.py", line 105, in _start_ws
    await self._auth()
  File "/home/ubuntu/trading_bot_phase1/venv/lib/python3.12/site-packages/alpaca_trade_api/stream.py", line 99, in _auth
    raise ValueError(msg[0].get('msg', 'auth failed'))
ValueError: connection limit exceeded
error during websocket communication: connection limit exceeded
Traceback (most recent call last):
  File "/home/ubuntu/trading_bot_phase1/venv/lib/python3.12/site-packages/alpaca_trade_api/stream.py", line 251, in _run_forever
    await self._start_ws()
  File "/home/ubuntu/trading_bot_phase1/venv/lib/python3.12/site-packages/alpaca_trade_api/stream.py", line 105, in _start_ws
    await self._auth()
  File "/home/ubuntu/trading_bot_phase1/venv/lib/python3.12/site-packages/alpaca_trade_api/stream.py", line 99, in _auth
    raise ValueError(msg[0].get('msg', 'auth failed'))
ValueError: connection limit exceeded
data websocket error, restarting connection: server rejected WebSocket connection: HTTP 429
error during websocket communication: connection limit exceeded
Traceback (most recent call last):
  File "/home/ubuntu/trading_bot_phase1/venv/lib/python3.12/site-packages/alpaca_trade_api/stream.py", line 251, in _run_forever
    await self._start_ws()
  File "/home/ubuntu/trading_bot_phase1/venv/lib/python3.12/site-packages/alpaca_trade_api/stream.py", line 105, in _start_ws
    await self._auth()
  File "/home/ubuntu/trading_bot_phase1/venv/lib/python3.12/site-packages/alpaca_trade_api/stream.py", line 99, in _auth
    raise ValueError(msg[0].get('msg', 'auth failed'))
ValueError: connection limit exceeded
data websocket error, restarting connection: server rejected WebSocket connection: HTTP 429
data websocket error, restarting connection: server rejected WebSocket connection: HTTP 429
data websocket error, restarting connection: server rejected WebSocket connection: HTTP 429
data websocket error, restarting connection: server rejected WebSocket connection: HTTP 429
data websocket error, restarting connection: server rejected WebSocket connection: HTTP 429
data websocket error, restarting connection: server rejected WebSocket connection: HTTP 429
error during websocket communication: connection limit exceeded
Traceback (most recent call last):
  File "/home/ubuntu/trading_bot_phase1/venv/lib/python3.12/site-packages/alpaca_trade_api/stream.py", line 251, in _run_forever
    await self._start_ws()
  File "/home/ubuntu/trading_bot_phase1/venv/lib/python3.12/site-packages/alpaca_trade_api/stream.py", line 105, in _start_ws
    await self._auth()
  File "/home/ubuntu/trading_bot_phase1/venv/lib/python3.12/site-packages/alpaca_trade_api/stream.py", line 99, in _auth
    raise ValueError(msg[0].get('msg', 'auth failed'))
ValueError: connection limit exceeded
data websocket error, restarting connection: server rejected WebSocket connection: HTTP 429
data websocket error, restarting connection: server rejected WebSocket connection: HTTP 429
data websocket error, restarting connection: server rejected WebSocket connection: HTTP 429
data websocket error, restarting connection: server rejected WebSocket connection: HTTP 429
data websocket error, restarting connection: server rejected WebSocket connection: HTTP 429
data websocket error, restarting connection: server rejected WebSocket connection: HTTP 429
data websocket error, restarting connection: server rejected WebSocket connection: HTTP 429
error during websocket communication: connection limit exceeded
Traceback (most recent call last):
  File "/home/ubuntu/trading_bot_phase1/venv/lib/python3.12/site-packages/alpaca_trade_api/stream.py", line 251, in _run_forever
    await self._start_ws()
  File "/home/ubuntu/trading_bot_phase1/venv/lib/python3.12/site-packages/alpaca_trade_api/stream.py", line 105, in _start_ws
    await self._auth()
  File "/home/ubuntu/trading_bot_phase1/venv/lib/python3.12/site-packages/alpaca_trade_api/stream.py", line 99, in _auth
    raise ValueError(msg[0].get('msg', 'auth failed'))
ValueError: connection limit exceeded
error during websocket communication: connection limit exceeded
Traceback (most recent call last):
  File "/home/ubuntu/trading_bot_phase1/venv/lib/python3.12/site-packages/alpaca_trade_api/stream.py", line 251, in _run_forever
    await self._start_ws()
  File "/home/ubuntu/trading_bot_phase1/venv/lib/python3.12/site-packages/alpaca_trade_api/stream.py", line 105, in _start_ws
    await self._auth()
  File "/home/ubuntu/trading_bot_phase1/venv/lib/python3.12/site-packages/alpaca_trade_api/stream.py", line 99, in _auth
    raise ValueError(msg[0].get('msg', 'auth failed'))
ValueError: connection limit exceeded
data websocket error, restarting connection: server rejected WebSocket connection: HTTP 429
error during websocket communication: connection limit exceeded
Traceback (most recent call last):
  File "/home/ubuntu/trading_bot_phase1/venv/lib/python3.12/site-packages/alpaca_trade_api/stream.py", line 251, in _run_forever
    await self._start_ws()
  File "/home/ubuntu/trading_bot_phase1/venv/lib/python3.12/site-packages/alpaca_trade_api/stream.py", line 105, in _start_ws
    await self._auth()
  File "/home/ubuntu/trading_bot_phase1/venv/lib/python3.12/site-packages/alpaca_trade_api/stream.py", line 99, in _auth
    raise ValueError(msg[0].get('msg', 'auth failed'))
ValueError: connection limit exceeded
error during websocket communication: connection limit exceeded
Traceback (most recent call last):
  File "/home/ubuntu/trading_bot_phase1/venv/lib/python3.12/site-packages/alpaca_trade_api/stream.py", line 251, in _run_forever
    await self._start_ws()
  File "/home/ubuntu/trading_bot_phase1/venv/lib/python3.12/site-packages/alpaca_trade_api/stream.py", line 105, in _start_ws
    await self._auth()
  File "/home/ubuntu/trading_bot_phase1/venv/lib/python3.12/site-packages/alpaca_trade_api/stream.py", line 99, in _auth
    raise ValueError(msg[0].get('msg', 'auth failed'))
ValueError: connection limit exceeded
error during websocket communication: connection limit exceeded
Traceback (most recent call last):
  File "/home/ubuntu/trading_bot_phase1/venv/lib/python3.12/site-packages/alpaca_trade_api/stream.py", line 251, in _run_forever
    await self._start_ws()
  File "/home/ubuntu/trading_bot_phase1/venv/lib/python3.12/site-packages/alpaca_trade_api/stream.py", line 105, in _start_ws
    await self._auth()
  File "/home/ubuntu/trading_bot_phase1/venv/lib/python3.12/site-packages/alpaca_trade_api/stream.py", line 99, in _auth
    raise ValueError(msg[0].get('msg', 'auth failed'))
ValueError: connection limit exceeded
data websocket error, restarting connection: server rejected WebSocket connection: HTTP 429
error during websocket communication: connection limit exceeded
Traceback (most recent call last):
  File "/home/ubuntu/trading_bot_phase1/venv/lib/python3.12/site-packages/alpaca_trade_api/stream.py", line 251, in _run_forever
    await self._start_ws()
  File "/home/ubuntu/trading_bot_phase1/venv/lib/python3.12/site-packages/alpaca_trade_api/stream.py", line 105, in _start_ws
    await self._auth()
  File "/home/ubuntu/trading_bot_phase1/venv/lib/python3.12/site-packages/alpaca_trade_api/stream.py", line 99, in _auth
    raise ValueError(msg[0].get('msg', 'auth failed'))
ValueError: connection limit exceeded
data websocket error, restarting connection: server rejected WebSocket connection: HTTP 429
error during websocket communication: connection limit exceeded
Traceback (most recent call last):
  File "/home/ubuntu/trading_bot_phase1/venv/lib/python3.12/site-packages/alpaca_trade_api/stream.py", line 251, in _run_forever
    await self._start_ws()
  File "/home/ubuntu/trading_bot_phase1/venv/lib/python3.12/site-packages/alpaca_trade_api/stream.py", line 105, in _start_ws
    await self._auth()
  File "/home/ubuntu/trading_bot_phase1/venv/lib/python3.12/site-packages/alpaca_trade_api/stream.py", line 99, in _auth
    raise ValueError(msg[0].get('msg', 'auth failed'))
ValueError: connection limit exceeded
error during websocket communication: connection limit exceeded
Traceback (most recent call last):
  File "/home/ubuntu/trading_bot_phase1/venv/lib/python3.12/site-packages/alpaca_trade_api/stream.py", line 251, in _run_forever
    await self._start_ws()
  File "/home/ubuntu/trading_bot_phase1/venv/lib/python3.12/site-packages/alpaca_trade_api/stream.py", line 105, in _start_ws
    await self._auth()
  File "/home/ubuntu/trading_bot_phase1/venv/lib/python3.12/site-packages/alpaca_trade_api/stream.py", line 99, in _auth
    raise ValueError(msg[0].get('msg', 'auth failed'))
ValueError: connection limit exceeded
error during websocket communication: connection limit exceeded
Traceback (most recent call last):
  File "/home/ubuntu/trading_bot_phase1/venv/lib/python3.12/site-packages/alpaca_trade_api/stream.py", line 251, in _run_forever
    await self._start_ws()
  File "/home/ubuntu/trading_bot_phase1/venv/lib/python3.12/site-packages/alpaca_trade_api/stream.py", line 105, in _start_ws
    await self._auth()
  File "/home/ubuntu/trading_bot_phase1/venv/lib/python3.12/site-packages/alpaca_trade_api/stream.py", line 99, in _auth
    raise ValueError(msg[0].get('msg', 'auth failed'))
ValueError: connection limit exceeded
error during websocket communication: connection limit exceeded
Traceback (most recent call last):
  File "/home/ubuntu/trading_bot_phase1/venv/lib/python3.12/site-packages/alpaca_trade_api/stream.py", line 251, in _run_forever
    await self._start_ws()
  File "/home/ubuntu/trading_bot_phase1/venv/lib/python3.12/site-packages/alpaca_trade_api/stream.py", line 105, in _start_ws
    await self._auth()
  File "/home/ubuntu/trading_bot_phase1/venv/lib/python3.12/site-packages/alpaca_trade_api/stream.py", line 99, in _auth
    raise ValueError(msg[0].get('msg', 'auth failed'))
ValueError: connection limit exceeded
error during websocket communication: connection limit exceeded
Traceback (most recent call last):
  File "/home/ubuntu/trading_bot_phase1/venv/lib/python3.12/site-packages/alpaca_trade_api/stream.py", line 251, in _run_forever
    await self._start_ws()
  File "/home/ubuntu/trading_bot_phase1/venv/lib/python3.12/site-packages/alpaca_trade_api/stream.py", line 105, in _start_ws
    await self._auth()
  File "/home/ubuntu/trading_bot_phase1/venv/lib/python3.12/site-packages/alpaca_trade_api/stream.py", line 99, in _auth
    raise ValueError(msg[0].get('msg', 'auth failed'))
ValueError: connection limit exceeded
error during websocket communication: connection limit exceeded
Traceback (most recent call last):
  File "/home/ubuntu/trading_bot_phase1/venv/lib/python3.12/site-packages/alpaca_trade_api/stream.py", line 251, in _run_forever
    await self._start_ws()
  File "/home/ubuntu/trading_bot_phase1/venv/lib/python3.12/site-packages/alpaca_trade_api/stream.py", line 105, in _start_ws
    await self._auth()
  File "/home/ubuntu/trading_bot_phase1/venv/lib/python3.12/site-packages/alpaca_trade_api/stream.py", line 99, in _auth
    raise ValueError(msg[0].get('msg', 'auth failed'))
ValueError: connection limit exceeded
error during websocket communication: connection limit exceeded
Traceback (most recent call last):
  File "/home/ubuntu/trading_bot_phase1/venv/lib/python3.12/site-packages/alpaca_trade_api/stream.py", line 251, in _run_forever
    await self._start_ws()
  File "/home/ubuntu/trading_bot_phase1/venv/lib/python3.12/site-packages/alpaca_trade_api/stream.py", line 105, in _start_ws
    await self._auth()
  File "/home/ubuntu/trading_bot_phase1/venv/lib/python3.12/site-packages/alpaca_trade_api/stream.py", line 99, in _auth
    raise ValueError(msg[0].get('msg', 'auth failed'))
ValueError: connection limit exceeded
error during websocket communication: connection limit exceeded
Traceback (most recent call last):
  File "/home/ubuntu/trading_bot_phase1/venv/lib/python3.12/site-packages/alpaca_trade_api/stream.py", line 251, in _run_forever
    await self._start_ws()
  File "/home/ubuntu/trading_bot_phase1/venv/lib/python3.12/site-packages/alpaca_trade_api/stream.py", line 105, in _start_ws
    await self._auth()
  File "/home/ubuntu/trading_bot_phase1/venv/lib/python3.12/site-packages/alpaca_trade_api/stream.py", line 99, in _auth
    raise ValueError(msg[0].get('msg', 'auth failed'))
ValueError: connection limit exceeded
error during websocket communication: connection limit exceeded
Traceback (most recent call last):
  File "/home/ubuntu/trading_bot_phase1/venv/lib/python3.12/site-packages/alpaca_trade_api/stream.py", line 251, in _run_forever
    await self._start_ws()
  File "/home/ubuntu/trading_bot_phase1/venv/lib/python3.12/site-packages/alpaca_trade_api/stream.py", line 105, in _start_ws
    await self._auth()
  File "/home/ubuntu/trading_bot_phase1/venv/lib/python3.12/site-packages/alpaca_trade_api/stream.py", line 99, in _auth
    raise ValueError(msg[0].get('msg', 'auth failed'))
ValueError: connection limit exceeded
error during websocket communication: connection limit exceeded
Traceback (most recent call last):
  File "/home/ubuntu/trading_bot_phase1/venv/lib/python3.12/site-packages/alpaca_trade_api/stream.py", line 251, in _run_forever
    await self._start_ws()
  File "/home/ubuntu/trading_bot_phase1/venv/lib/python3.12/site-packages/alpaca_trade_api/stream.py", line 105, in _start_ws
    await self._auth()
  File "/home/ubuntu/trading_bot_phase1/venv/lib/python3.12/site-packages/alpaca_trade_api/stream.py", line 99, in _auth
    raise ValueError(msg[0].get('msg', 'auth failed'))
ValueError: connection limit exceeded
data websocket error, restarting connection: server rejected WebSocket connection: HTTP 429
data websocket error, restarting connection: server rejected WebSocket connection: HTTP 429
data websocket error, restarting connection: server rejected WebSocket connection: HTTP 429
error during websocket communication: connection limit exceeded
Traceback (most recent call last):
  File "/home/ubuntu/trading_bot_phase1/venv/lib/python3.12/site-packages/alpaca_trade_api/stream.py", line 251, in _run_forever
    await self._start_ws()
  File "/home/ubuntu/trading_bot_phase1/venv/lib/python3.12/site-packages/alpaca_trade_api/stream.py", line 105, in _start_ws
    await self._auth()
  File "/home/ubuntu/trading_bot_phase1/venv/lib/python3.12/site-packages/alpaca_trade_api/stream.py", line 99, in _auth
    raise ValueError(msg[0].get('msg', 'auth failed'))
ValueError: connection limit exceeded
error during websocket communication: connection limit exceeded
Traceback (most recent call last):
  File "/home/ubuntu/trading_bot_phase1/venv/lib/python3.12/site-packages/alpaca_trade_api/stream.py", line 251, in _run_forever
    await self._start_ws()
  File "/home/ubuntu/trading_bot_phase1/venv/lib/python3.12/site-packages/alpaca_trade_api/stream.py", line 105, in _start_ws
    await self._auth()
  File "/home/ubuntu/trading_bot_phase1/venv/lib/python3.12/site-packages/alpaca_trade_api/stream.py", line 99, in _auth
    raise ValueError(msg[0].get('msg', 'auth failed'))
ValueError: connection limit exceeded
data websocket error, restarting connection: server rejected WebSocket connection: HTTP 429
error during websocket communication: connection limit exceeded
Traceback (most recent call last):
  File "/home/ubuntu/trading_bot_phase1/venv/lib/python3.12/site-packages/alpaca_trade_api/stream.py", line 251, in _run_forever
    await self._start_ws()
  File "/home/ubuntu/trading_bot_phase1/venv/lib/python3.12/site-packages/alpaca_trade_api/stream.py", line 105, in _start_ws
    await self._auth()
  File "/home/ubuntu/trading_bot_phase1/venv/lib/python3.12/site-packages/alpaca_trade_api/stream.py", line 99, in _auth
    raise ValueError(msg[0].get('msg', 'auth failed'))
ValueError: connection limit exceeded
error during websocket communication: connection limit exceeded
Traceback (most recent call last):
  File "/home/ubuntu/trading_bot_phase1/venv/lib/python3.12/site-packages/alpaca_trade_api/stream.py", line 251, in _run_forever
    await self._start_ws()
  File "/home/ubuntu/trading_bot_phase1/venv/lib/python3.12/site-packages/alpaca_trade_api/stream.py", line 105, in _start_ws
    await self._auth()
  File "/home/ubuntu/trading_bot_phase1/venv/lib/python3.12/site-packages/alpaca_trade_api/stream.py", line 99, in _auth
    raise ValueError(msg[0].get('msg', 'auth failed'))
ValueError: connection limit exceeded
error during websocket communication: connection limit exceeded
Traceback (most recent call last):
  File "/home/ubuntu/trading_bot_phase1/venv/lib/python3.12/site-packages/alpaca_trade_api/stream.py", line 251, in _run_forever
    await self._start_ws()
  File "/home/ubuntu/trading_bot_phase1/venv/lib/python3.12/site-packages/alpaca_trade_api/stream.py", line 105, in _start_ws
    await self._auth()
  File "/home/ubuntu/trading_bot_phase1/venv/lib/python3.12/site-packages/alpaca_trade_api/stream.py", line 99, in _auth
    raise ValueError(msg[0].get('msg', 'auth failed'))
ValueError: connection limit exceeded
data websocket error, restarting connection: server rejected WebSocket connection: HTTP 429
data websocket error, restarting connection: server rejected WebSocket connection: HTTP 429
error during websocket communication: connection limit exceeded
Traceback (most recent call last):
  File "/home/ubuntu/trading_bot_phase1/venv/lib/python3.12/site-packages/alpaca_trade_api/stream.py", line 251, in _run_forever
    await self._start_ws()
  File "/home/ubuntu/trading_bot_phase1/venv/lib/python3.12/site-packages/alpaca_trade_api/stream.py", line 105, in _start_ws
    await self._auth()
  File "/home/ubuntu/trading_bot_phase1/venv/lib/python3.12/site-packages/alpaca_trade_api/stream.py", line 99, in _auth
    raise ValueError(msg[0].get('msg', 'auth failed'))
ValueError: connection limit exceeded
data websocket error, restarting connection: server rejected WebSocket connection: HTTP 429
data websocket error, restarting connection: server rejected WebSocket connection: HTTP 429
data websocket error, restarting connection: server rejected WebSocket connection: HTTP 429
data websocket error, restarting connection: server rejected WebSocket connection: HTTP 429
error during websocket communication: connection limit exceeded
Traceback (most recent call last):
  File "/home/ubuntu/trading_bot_phase1/venv/lib/python3.12/site-packages/alpaca_trade_api/stream.py", line 251, in _run_forever
    await self._start_ws()
  File "/home/ubuntu/trading_bot_phase1/venv/lib/python3.12/site-packages/alpaca_trade_api/stream.py", line 105, in _start_ws
    await self._auth()
  File "/home/ubuntu/trading_bot_phase1/venv/lib/python3.12/site-packages/alpaca_trade_api/stream.py", line 99, in _auth
    raise ValueError(msg[0].get('msg', 'auth failed'))
ValueError: connection limit exceeded
data websocket error, restarting connection: server rejected WebSocket connection: HTTP 429
error during websocket communication: connection limit exceeded
Traceback (most recent call last):
  File "/home/ubuntu/trading_bot_phase1/venv/lib/python3.12/site-packages/alpaca_trade_api/stream.py", line 251, in _run_forever
    await self._start_ws()
  File "/home/ubuntu/trading_bot_phase1/venv/lib/python3.12/site-packages/alpaca_trade_api/stream.py", line 105, in _start_ws
    await self._auth()
  File "/home/ubuntu/trading_bot_phase1/venv/lib/python3.12/site-packages/alpaca_trade_api/stream.py", line 99, in _auth
    raise ValueError(msg[0].get('msg', 'auth failed'))
ValueError: connection limit exceeded
data websocket error, restarting connection: server rejected WebSocket connection: HTTP 429
error during websocket communication: connection limit exceeded
Traceback (most recent call last):
  File "/home/ubuntu/trading_bot_phase1/venv/lib/python3.12/site-packages/alpaca_trade_api/stream.py", line 251, in _run_forever
    await self._start_ws()
  File "/home/ubuntu/trading_bot_phase1/venv/lib/python3.12/site-packages/alpaca_trade_api/stream.py", line 105, in _start_ws
    await self._auth()
  File "/home/ubuntu/trading_bot_phase1/venv/lib/python3.12/site-packages/alpaca_trade_api/stream.py", line 99, in _auth
    raise ValueError(msg[0].get('msg', 'auth failed'))
ValueError: connection limit exceeded
error during websocket communication: connection limit exceeded
Traceback (most recent call last):
  File "/home/ubuntu/trading_bot_phase1/venv/lib/python3.12/site-packages/alpaca_trade_api/stream.py", line 251, in _run_forever
    await self._start_ws()
  File "/home/ubuntu/trading_bot_phase1/venv/lib/python3.12/site-packages/alpaca_trade_api/stream.py", line 105, in _start_ws
    await self._auth()
  File "/home/ubuntu/trading_bot_phase1/venv/lib/python3.12/site-packages/alpaca_trade_api/stream.py", line 99, in _auth
    raise ValueError(msg[0].get('msg', 'auth failed'))
ValueError: connection limit exceeded
data websocket error, restarting connection: server rejected WebSocket connection: HTTP 429
data websocket error, restarting connection: server rejected WebSocket connection: HTTP 429
data websocket error, restarting connection: server rejected WebSocket connection: HTTP 429
error during websocket communication: connection limit exceeded
Traceback (most recent call last):
  File "/home/ubuntu/trading_bot_phase1/venv/lib/python3.12/site-packages/alpaca_trade_api/stream.py", line 251, in _run_forever
    await self._start_ws()
  File "/home/ubuntu/trading_bot_phase1/venv/lib/python3.12/site-packages/alpaca_trade_api/stream.py", line 105, in _start_ws
    await self._auth()
  File "/home/ubuntu/trading_bot_phase1/venv/lib/python3.12/site-packages/alpaca_trade_api/stream.py", line 99, in _auth
    raise ValueError(msg[0].get('msg', 'auth failed'))
ValueError: connection limit exceeded
data websocket error, restarting connection: server rejected WebSocket connection: HTTP 429
error during websocket communication: connection limit exceeded
Traceback (most recent call last):
  File "/home/ubuntu/trading_bot_phase1/venv/lib/python3.12/site-packages/alpaca_trade_api/stream.py", line 251, in _run_forever
    await self._start_ws()
  File "/home/ubuntu/trading_bot_phase1/venv/lib/python3.12/site-packages/alpaca_trade_api/stream.py", line 105, in _start_ws
    await self._auth()
  File "/home/ubuntu/trading_bot_phase1/venv/lib/python3.12/site-packages/alpaca_trade_api/stream.py", line 99, in _auth
    raise ValueError(msg[0].get('msg', 'auth failed'))
ValueError: connection limit exceeded
error during websocket communication: connection limit exceeded
Traceback (most recent call last):
  File "/home/ubuntu/trading_bot_phase1/venv/lib/python3.12/site-packages/alpaca_trade_api/stream.py", line 251, in _run_forever
    await self._start_ws()
  File "/home/ubuntu/trading_bot_phase1/venv/lib/python3.12/site-packages/alpaca_trade_api/stream.py", line 105, in _start_ws
    await self._auth()
  File "/home/ubuntu/trading_bot_phase1/venv/lib/python3.12/site-packages/alpaca_trade_api/stream.py", line 99, in _auth
    raise ValueError(msg[0].get('msg', 'auth failed'))
ValueError: connection limit exceeded
data websocket error, restarting connection: server rejected WebSocket connection: HTTP 429
error during websocket communication: connection limit exceeded
Traceback (most recent call last):
  File "/home/ubuntu/trading_bot_phase1/venv/lib/python3.12/site-packages/alpaca_trade_api/stream.py", line 251, in _run_forever
    await self._start_ws()
  File "/home/ubuntu/trading_bot_phase1/venv/lib/python3.12/site-packages/alpaca_trade_api/stream.py", line 105, in _start_ws
    await self._auth()
  File "/home/ubuntu/trading_bot_phase1/venv/lib/python3.12/site-packages/alpaca_trade_api/stream.py", line 99, in _auth
    raise ValueError(msg[0].get('msg', 'auth failed'))
ValueError: connection limit exceeded
data websocket error, restarting connection: server rejected WebSocket connection: HTTP 429
data websocket error, restarting connection: server rejected WebSocket connection: HTTP 429
data websocket error, restarting connection: server rejected WebSocket connection: HTTP 429
data websocket error, restarting connection: server rejected WebSocket connection: HTTP 429
error during websocket communication: connection limit exceeded
Traceback (most recent call last):
  File "/home/ubuntu/trading_bot_phase1/venv/lib/python3.12/site-packages/alpaca_trade_api/stream.py", line 251, in _run_forever
    await self._start_ws()
  File "/home/ubuntu/trading_bot_phase1/venv/lib/python3.12/site-packages/alpaca_trade_api/stream.py", line 105, in _start_ws
    await self._auth()
  File "/home/ubuntu/trading_bot_phase1/venv/lib/python3.12/site-packages/alpaca_trade_api/stream.py", line 99, in _auth
    raise ValueError(msg[0].get('msg', 'auth failed'))
ValueError: connection limit exceeded
data websocket error, restarting connection: server rejected WebSocket connection: HTTP 429
error during websocket communication: connection limit exceeded
Traceback (most recent call last):
  File "/home/ubuntu/trading_bot_phase1/venv/lib/python3.12/site-packages/alpaca_trade_api/stream.py", line 251, in _run_forever
    await self._start_ws()
  File "/home/ubuntu/trading_bot_phase1/venv/lib/python3.12/site-packages/alpaca_trade_api/stream.py", line 105, in _start_ws
    await self._auth()
  File "/home/ubuntu/trading_bot_phase1/venv/lib/python3.12/site-packages/alpaca_trade_api/stream.py", line 99, in _auth
    raise ValueError(msg[0].get('msg', 'auth failed'))
ValueError: connection limit exceeded
error during websocket communication: connection limit exceeded
Traceback (most recent call last):
  File "/home/ubuntu/trading_bot_phase1/venv/lib/python3.12/site-packages/alpaca_trade_api/stream.py", line 251, in _run_forever
    await self._start_ws()
  File "/home/ubuntu/trading_bot_phase1/venv/lib/python3.12/site-packages/alpaca_trade_api/stream.py", line 105, in _start_ws
    await self._auth()
  File "/home/ubuntu/trading_bot_phase1/venv/lib/python3.12/site-packages/alpaca_trade_api/stream.py", line 99, in _auth
    raise ValueError(msg[0].get('msg', 'auth failed'))
ValueError: connection limit exceeded
data websocket error, restarting connection: server rejected WebSocket connection: HTTP 429
error during websocket communication: connection limit exceeded
Traceback (most recent call last):
  File "/home/ubuntu/trading_bot_phase1/venv/lib/python3.12/site-packages/alpaca_trade_api/stream.py", line 251, in _run_forever
    await self._start_ws()
  File "/home/ubuntu/trading_bot_phase1/venv/lib/python3.12/site-packages/alpaca_trade_api/stream.py", line 105, in _start_ws
    await self._auth()
  File "/home/ubuntu/trading_bot_phase1/venv/lib/python3.12/site-packages/alpaca_trade_api/stream.py", line 99, in _auth
    raise ValueError(msg[0].get('msg', 'auth failed'))
ValueError: connection limit exceeded
data websocket error, restarting connection: server rejected WebSocket connection: HTTP 429
error during websocket communication: connection limit exceeded
Traceback (most recent call last):
  File "/home/ubuntu/trading_bot_phase1/venv/lib/python3.12/site-packages/alpaca_trade_api/stream.py", line 251, in _run_forever
    await self._start_ws()
  File "/home/ubuntu/trading_bot_phase1/venv/lib/python3.12/site-packages/alpaca_trade_api/stream.py", line 105, in _start_ws
    await self._auth()
  File "/home/ubuntu/trading_bot_phase1/venv/lib/python3.12/site-packages/alpaca_trade_api/stream.py", line 99, in _auth
    raise ValueError(msg[0].get('msg', 'auth failed'))
ValueError: connection limit exceeded
error during websocket communication: connection limit exceeded
Traceback (most recent call last):
  File "/home/ubuntu/trading_bot_phase1/venv/lib/python3.12/site-packages/alpaca_trade_api/stream.py", line 251, in _run_forever
    await self._start_ws()
  File "/home/ubuntu/trading_bot_phase1/venv/lib/python3.12/site-packages/alpaca_trade_api/stream.py", line 105, in _start_ws
    await self._auth()
  File "/home/ubuntu/trading_bot_phase1/venv/lib/python3.12/site-packages/alpaca_trade_api/stream.py", line 99, in _auth
    raise ValueError(msg[0].get('msg', 'auth failed'))
ValueError: connection limit exceeded
data websocket error, restarting connection: server rejected WebSocket connection: HTTP 429
error during websocket communication: connection limit exceeded
Traceback (most recent call last):
  File "/home/ubuntu/trading_bot_phase1/venv/lib/python3.12/site-packages/alpaca_trade_api/stream.py", line 251, in _run_forever
    await self._start_ws()
  File "/home/ubuntu/trading_bot_phase1/venv/lib/python3.12/site-packages/alpaca_trade_api/stream.py", line 105, in _start_ws
    await self._auth()
  File "/home/ubuntu/trading_bot_phase1/venv/lib/python3.12/site-packages/alpaca_trade_api/stream.py", line 99, in _auth
    raise ValueError(msg[0].get('msg', 'auth failed'))
ValueError: connection limit exceeded
data websocket error, restarting connection: server rejected WebSocket connection: HTTP 429
error during websocket communication: connection limit exceeded
Traceback (most recent call last):
  File "/home/ubuntu/trading_bot_phase1/venv/lib/python3.12/site-packages/alpaca_trade_api/stream.py", line 251, in _run_forever
    await self._start_ws()
  File "/home/ubuntu/trading_bot_phase1/venv/lib/python3.12/site-packages/alpaca_trade_api/stream.py", line 105, in _start_ws
    await self._auth()
  File "/home/ubuntu/trading_bot_phase1/venv/lib/python3.12/site-packages/alpaca_trade_api/stream.py", line 99, in _auth
    raise ValueError(msg[0].get('msg', 'auth failed'))
ValueError: connection limit exceeded
data websocket error, restarting connection: server rejected WebSocket connection: HTTP 429
error during websocket communication: connection limit exceeded
Traceback (most recent call last):
  File "/home/ubuntu/trading_bot_phase1/venv/lib/python3.12/site-packages/alpaca_trade_api/stream.py", line 251, in _run_forever
    await self._start_ws()
  File "/home/ubuntu/trading_bot_phase1/venv/lib/python3.12/site-packages/alpaca_trade_api/stream.py", line 105, in _start_ws
    await self._auth()
  File "/home/ubuntu/trading_bot_phase1/venv/lib/python3.12/site-packages/alpaca_trade_api/stream.py", line 99, in _auth
    raise ValueError(msg[0].get('msg', 'auth failed'))
ValueError: connection limit exceeded
data websocket error, restarting connection: server rejected WebSocket connection: HTTP 429
data websocket error, restarting connection: server rejected WebSocket connection: HTTP 429
error during websocket communication: connection limit exceeded
Traceback (most recent call last):
  File "/home/ubuntu/trading_bot_phase1/venv/lib/python3.12/site-packages/alpaca_trade_api/stream.py", line 251, in _run_forever
    await self._start_ws()
  File "/home/ubuntu/trading_bot_phase1/venv/lib/python3.12/site-packages/alpaca_trade_api/stream.py", line 105, in _start_ws
    await self._auth()
  File "/home/ubuntu/trading_bot_phase1/venv/lib/python3.12/site-packages/alpaca_trade_api/stream.py", line 99, in _auth
    raise ValueError(msg[0].get('msg', 'auth failed'))
ValueError: connection limit exceeded
error during websocket communication: connection limit exceeded
Traceback (most recent call last):
  File "/home/ubuntu/trading_bot_phase1/venv/lib/python3.12/site-packages/alpaca_trade_api/stream.py", line 251, in _run_forever
    await self._start_ws()
  File "/home/ubuntu/trading_bot_phase1/venv/lib/python3.12/site-packages/alpaca_trade_api/stream.py", line 105, in _start_ws
    await self._auth()
  File "/home/ubuntu/trading_bot_phase1/venv/lib/python3.12/site-packages/alpaca_trade_api/stream.py", line 99, in _auth
    raise ValueError(msg[0].get('msg', 'auth failed'))
ValueError: connection limit exceeded
data websocket error, restarting connection: server rejected WebSocket connection: HTTP 429
error during websocket communication: connection limit exceeded
Traceback (most recent call last):
  File "/home/ubuntu/trading_bot_phase1/venv/lib/python3.12/site-packages/alpaca_trade_api/stream.py", line 251, in _run_forever
    await self._start_ws()
  File "/home/ubuntu/trading_bot_phase1/venv/lib/python3.12/site-packages/alpaca_trade_api/stream.py", line 105, in _start_ws
    await self._auth()
  File "/home/ubuntu/trading_bot_phase1/venv/lib/python3.12/site-packages/alpaca_trade_api/stream.py", line 99, in _auth
    raise ValueError(msg[0].get('msg', 'auth failed'))
ValueError: connection limit exceeded
data websocket error, restarting connection: server rejected WebSocket connection: HTTP 429
error during websocket communication: connection limit exceeded
Traceback (most recent call last):
  File "/home/ubuntu/trading_bot_phase1/venv/lib/python3.12/site-packages/alpaca_trade_api/stream.py", line 251, in _run_forever
    await self._start_ws()
  File "/home/ubuntu/trading_bot_phase1/venv/lib/python3.12/site-packages/alpaca_trade_api/stream.py", line 105, in _start_ws
    await self._auth()
  File "/home/ubuntu/trading_bot_phase1/venv/lib/python3.12/site-packages/alpaca_trade_api/stream.py", line 99, in _auth
    raise ValueError(msg[0].get('msg', 'auth failed'))
ValueError: connection limit exceeded
data websocket error, restarting connection: server rejected WebSocket connection: HTTP 429
error during websocket communication: connection limit exceeded
Traceback (most recent call last):
  File "/home/ubuntu/trading_bot_phase1/venv/lib/python3.12/site-packages/alpaca_trade_api/stream.py", line 251, in _run_forever
    await self._start_ws()
  File "/home/ubuntu/trading_bot_phase1/venv/lib/python3.12/site-packages/alpaca_trade_api/stream.py", line 105, in _start_ws
    await self._auth()
  File "/home/ubuntu/trading_bot_phase1/venv/lib/python3.12/site-packages/alpaca_trade_api/stream.py", line 99, in _auth
    raise ValueError(msg[0].get('msg', 'auth failed'))
ValueError: connection limit exceeded
error during websocket communication: connection limit exceeded
Traceback (most recent call last):
  File "/home/ubuntu/trading_bot_phase1/venv/lib/python3.12/site-packages/alpaca_trade_api/stream.py", line 251, in _run_forever
    await self._start_ws()
  File "/home/ubuntu/trading_bot_phase1/venv/lib/python3.12/site-packages/alpaca_trade_api/stream.py", line 105, in _start_ws
    await self._auth()
  File "/home/ubuntu/trading_bot_phase1/venv/lib/python3.12/site-packages/alpaca_trade_api/stream.py", line 99, in _auth
    raise ValueError(msg[0].get('msg', 'auth failed'))
ValueError: connection limit exceeded
data websocket error, restarting connection: server rejected WebSocket connection: HTTP 429
error during websocket communication: connection limit exceeded
Traceback (most recent call last):
  File "/home/ubuntu/trading_bot_phase1/venv/lib/python3.12/site-packages/alpaca_trade_api/stream.py", line 251, in _run_forever
    await self._start_ws()
  File "/home/ubuntu/trading_bot_phase1/venv/lib/python3.12/site-packages/alpaca_trade_api/stream.py", line 105, in _start_ws
    await self._auth()
  File "/home/ubuntu/trading_bot_phase1/venv/lib/python3.12/site-packages/alpaca_trade_api/stream.py", line 99, in _auth
    raise ValueError(msg[0].get('msg', 'auth failed'))
ValueError: connection limit exceeded
data websocket error, restarting connection: server rejected WebSocket connection: HTTP 429
data websocket error, restarting connection: server rejected WebSocket connection: HTTP 429
error during websocket communication: connection limit exceeded
Traceback (most recent call last):
  File "/home/ubuntu/trading_bot_phase1/venv/lib/python3.12/site-packages/alpaca_trade_api/stream.py", line 251, in _run_forever
    await self._start_ws()
  File "/home/ubuntu/trading_bot_phase1/venv/lib/python3.12/site-packages/alpaca_trade_api/stream.py", line 105, in _start_ws
    await self._auth()
  File "/home/ubuntu/trading_bot_phase1/venv/lib/python3.12/site-packages/alpaca_trade_api/stream.py", line 99, in _auth
    raise ValueError(msg[0].get('msg', 'auth failed'))
ValueError: connection limit exceeded
error during websocket communication: connection limit exceeded
Traceback (most recent call last):
  File "/home/ubuntu/trading_bot_phase1/venv/lib/python3.12/site-packages/alpaca_trade_api/stream.py", line 251, in _run_forever
    await self._start_ws()
  File "/home/ubuntu/trading_bot_phase1/venv/lib/python3.12/site-packages/alpaca_trade_api/stream.py", line 105, in _start_ws
    await self._auth()
  File "/home/ubuntu/trading_bot_phase1/venv/lib/python3.12/site-packages/alpaca_trade_api/stream.py", line 99, in _auth
    raise ValueError(msg[0].get('msg', 'auth failed'))
ValueError: connection limit exceeded
data websocket error, restarting connection: server rejected WebSocket connection: HTTP 429
error during websocket communication: connection limit exceeded
Traceback (most recent call last):
  File "/home/ubuntu/trading_bot_phase1/venv/lib/python3.12/site-packages/alpaca_trade_api/stream.py", line 251, in _run_forever
    await self._start_ws()
  File "/home/ubuntu/trading_bot_phase1/venv/lib/python3.12/site-packages/alpaca_trade_api/stream.py", line 105, in _start_ws
    await self._auth()
  File "/home/ubuntu/trading_bot_phase1/venv/lib/python3.12/site-packages/alpaca_trade_api/stream.py", line 99, in _auth
    raise ValueError(msg[0].get('msg', 'auth failed'))
ValueError: connection limit exceeded
error during websocket communication: connection limit exceeded
Traceback (most recent call last):
  File "/home/ubuntu/trading_bot_phase1/venv/lib/python3.12/site-packages/alpaca_trade_api/stream.py", line 251, in _run_forever
    await self._start_ws()
  File "/home/ubuntu/trading_bot_phase1/venv/lib/python3.12/site-packages/alpaca_trade_api/stream.py", line 105, in _start_ws
    await self._auth()
  File "/home/ubuntu/trading_bot_phase1/venv/lib/python3.12/site-packages/alpaca_trade_api/stream.py", line 99, in _auth
    raise ValueError(msg[0].get('msg', 'auth failed'))
ValueError: connection limit exceeded
error during websocket communication: connection limit exceeded
Traceback (most recent call last):
  File "/home/ubuntu/trading_bot_phase1/venv/lib/python3.12/site-packages/alpaca_trade_api/stream.py", line 251, in _run_forever
    await self._start_ws()
  File "/home/ubuntu/trading_bot_phase1/venv/lib/python3.12/site-packages/alpaca_trade_api/stream.py", line 105, in _start_ws
    await self._auth()
  File "/home/ubuntu/trading_bot_phase1/venv/lib/python3.12/site-packages/alpaca_trade_api/stream.py", line 99, in _auth
    raise ValueError(msg[0].get('msg', 'auth failed'))
ValueError: connection limit exceeded
data websocket error, restarting connection: server rejected WebSocket connection: HTTP 429
error during websocket communication: connection limit exceeded
Traceback (most recent call last):
  File "/home/ubuntu/trading_bot_phase1/venv/lib/python3.12/site-packages/alpaca_trade_api/stream.py", line 251, in _run_forever
    await self._start_ws()
  File "/home/ubuntu/trading_bot_phase1/venv/lib/python3.12/site-packages/alpaca_trade_api/stream.py", line 105, in _start_ws
    await self._auth()
  File "/home/ubuntu/trading_bot_phase1/venv/lib/python3.12/site-packages/alpaca_trade_api/stream.py", line 99, in _auth
    raise ValueError(msg[0].get('msg', 'auth failed'))
ValueError: connection limit exceeded
error during websocket communication: connection limit exceeded
Traceback (most recent call last):
  File "/home/ubuntu/trading_bot_phase1/venv/lib/python3.12/site-packages/alpaca_trade_api/stream.py", line 251, in _run_forever
    await self._start_ws()
  File "/home/ubuntu/trading_bot_phase1/venv/lib/python3.12/site-packages/alpaca_trade_api/stream.py", line 105, in _start_ws
    await self._auth()
  File "/home/ubuntu/trading_bot_phase1/venv/lib/python3.12/site-packages/alpaca_trade_api/stream.py", line 99, in _auth
    raise ValueError(msg[0].get('msg', 'auth failed'))
ValueError: connection limit exceeded
data websocket error, restarting connection: server rejected WebSocket connection: HTTP 429
error during websocket communication: connection limit exceeded
Traceback (most recent call last):
  File "/home/ubuntu/trading_bot_phase1/venv/lib/python3.12/site-packages/alpaca_trade_api/stream.py", line 251, in _run_forever
    await self._start_ws()
  File "/home/ubuntu/trading_bot_phase1/venv/lib/python3.12/site-packages/alpaca_trade_api/stream.py", line 105, in _start_ws
    await self._auth()
  File "/home/ubuntu/trading_bot_phase1/venv/lib/python3.12/site-packages/alpaca_trade_api/stream.py", line 99, in _auth
    raise ValueError(msg[0].get('msg', 'auth failed'))
ValueError: connection limit exceeded
data websocket error, restarting connection: server rejected WebSocket connection: HTTP 429
error during websocket communication: connection limit exceeded
Traceback (most recent call last):
  File "/home/ubuntu/trading_bot_phase1/venv/lib/python3.12/site-packages/alpaca_trade_api/stream.py", line 251, in _run_forever
    await self._start_ws()
  File "/home/ubuntu/trading_bot_phase1/venv/lib/python3.12/site-packages/alpaca_trade_api/stream.py", line 105, in _start_ws
    await self._auth()
  File "/home/ubuntu/trading_bot_phase1/venv/lib/python3.12/site-packages/alpaca_trade_api/stream.py", line 99, in _auth
    raise ValueError(msg[0].get('msg', 'auth failed'))
ValueError: connection limit exceeded
data websocket error, restarting connection: server rejected WebSocket connection: HTTP 429
error during websocket communication: connection limit exceeded
Traceback (most recent call last):
  File "/home/ubuntu/trading_bot_phase1/venv/lib/python3.12/site-packages/alpaca_trade_api/stream.py", line 251, in _run_forever
    await self._start_ws()
  File "/home/ubuntu/trading_bot_phase1/venv/lib/python3.12/site-packages/alpaca_trade_api/stream.py", line 105, in _start_ws
    await self._auth()
  File "/home/ubuntu/trading_bot_phase1/venv/lib/python3.12/site-packages/alpaca_trade_api/stream.py", line 99, in _auth
    raise ValueError(msg[0].get('msg', 'auth failed'))
ValueError: connection limit exceeded
error during websocket communication: connection limit exceeded
Traceback (most recent call last):
  File "/home/ubuntu/trading_bot_phase1/venv/lib/python3.12/site-packages/alpaca_trade_api/stream.py", line 251, in _run_forever
    await self._start_ws()
  File "/home/ubuntu/trading_bot_phase1/venv/lib/python3.12/site-packages/alpaca_trade_api/stream.py", line 105, in _start_ws
    await self._auth()
  File "/home/ubuntu/trading_bot_phase1/venv/lib/python3.12/site-packages/alpaca_trade_api/stream.py", line 99, in _auth
    raise ValueError(msg[0].get('msg', 'auth failed'))
ValueError: connection limit exceeded
error during websocket communication: connection limit exceeded
Traceback (most recent call last):
  File "/home/ubuntu/trading_bot_phase1/venv/lib/python3.12/site-packages/alpaca_trade_api/stream.py", line 251, in _run_forever
    await self._start_ws()
  File "/home/ubuntu/trading_bot_phase1/venv/lib/python3.12/site-packages/alpaca_trade_api/stream.py", line 105, in _start_ws
    await self._auth()
  File "/home/ubuntu/trading_bot_phase1/venv/lib/python3.12/site-packages/alpaca_trade_api/stream.py", line 99, in _auth
    raise ValueError(msg[0].get('msg', 'auth failed'))
ValueError: connection limit exceeded
error during websocket communication: connection limit exceeded
Traceback (most recent call last):
  File "/home/ubuntu/trading_bot_phase1/venv/lib/python3.12/site-packages/alpaca_trade_api/stream.py", line 251, in _run_forever
    await self._start_ws()
  File "/home/ubuntu/trading_bot_phase1/venv/lib/python3.12/site-packages/alpaca_trade_api/stream.py", line 105, in _start_ws
    await self._auth()
  File "/home/ubuntu/trading_bot_phase1/venv/lib/python3.12/site-packages/alpaca_trade_api/stream.py", line 99, in _auth
    raise ValueError(msg[0].get('msg', 'auth failed'))
ValueError: connection limit exceeded
error during websocket communication: connection limit exceeded
Traceback (most recent call last):
  File "/home/ubuntu/trading_bot_phase1/venv/lib/python3.12/site-packages/alpaca_trade_api/stream.py", line 251, in _run_forever
    await self._start_ws()
  File "/home/ubuntu/trading_bot_phase1/venv/lib/python3.12/site-packages/alpaca_trade_api/stream.py", line 105, in _start_ws
    await self._auth()
  File "/home/ubuntu/trading_bot_phase1/venv/lib/python3.12/site-packages/alpaca_trade_api/stream.py", line 99, in _auth
    raise ValueError(msg[0].get('msg', 'auth failed'))
ValueError: connection limit exceeded
error during websocket communication: connection limit exceeded
Traceback (most recent call last):
  File "/home/ubuntu/trading_bot_phase1/venv/lib/python3.12/site-packages/alpaca_trade_api/stream.py", line 251, in _run_forever
    await self._start_ws()
  File "/home/ubuntu/trading_bot_phase1/venv/lib/python3.12/site-packages/alpaca_trade_api/stream.py", line 105, in _start_ws
    await self._auth()
  File "/home/ubuntu/trading_bot_phase1/venv/lib/python3.12/site-packages/alpaca_trade_api/stream.py", line 99, in _auth
    raise ValueError(msg[0].get('msg', 'auth failed'))
ValueError: connection limit exceeded
error during websocket communication: connection limit exceeded
Traceback (most recent call last):
  File "/home/ubuntu/trading_bot_phase1/venv/lib/python3.12/site-packages/alpaca_trade_api/stream.py", line 251, in _run_forever
    await self._start_ws()
  File "/home/ubuntu/trading_bot_phase1/venv/lib/python3.12/site-packages/alpaca_trade_api/stream.py", line 105, in _start_ws
    await self._auth()
  File "/home/ubuntu/trading_bot_phase1/venv/lib/python3.12/site-packages/alpaca_trade_api/stream.py", line 99, in _auth
    raise ValueError(msg[0].get('msg', 'auth failed'))
ValueError: connection limit exceeded
error during websocket communication: connection limit exceeded
Traceback (most recent call last):
  File "/home/ubuntu/trading_bot_phase1/venv/lib/python3.12/site-packages/alpaca_trade_api/stream.py", line 251, in _run_forever
    await self._start_ws()
  File "/home/ubuntu/trading_bot_phase1/venv/lib/python3.12/site-packages/alpaca_trade_api/stream.py", line 105, in _start_ws
    await self._auth()
  File "/home/ubuntu/trading_bot_phase1/venv/lib/python3.12/site-packages/alpaca_trade_api/stream.py", line 99, in _auth
    raise ValueError(msg[0].get('msg', 'auth failed'))
ValueError: connection limit exceeded
error during websocket communication: connection limit exceeded
Traceback (most recent call last):
  File "/home/ubuntu/trading_bot_phase1/venv/lib/python3.12/site-packages/alpaca_trade_api/stream.py", line 251, in _run_forever
    await self._start_ws()
  File "/home/ubuntu/trading_bot_phase1/venv/lib/python3.12/site-packages/alpaca_trade_api/stream.py", line 105, in _start_ws
    await self._auth()
  File "/home/ubuntu/trading_bot_phase1/venv/lib/python3.12/site-packages/alpaca_trade_api/stream.py", line 99, in _auth
    raise ValueError(msg[0].get('msg', 'auth failed'))
ValueError: connection limit exceeded
data websocket error, restarting connection: server rejected WebSocket connection: HTTP 429
error during websocket communication: connection limit exceeded
Traceback (most recent call last):
  File "/home/ubuntu/trading_bot_phase1/venv/lib/python3.12/site-packages/alpaca_trade_api/stream.py", line 251, in _run_forever
    await self._start_ws()
  File "/home/ubuntu/trading_bot_phase1/venv/lib/python3.12/site-packages/alpaca_trade_api/stream.py", line 105, in _start_ws
    await self._auth()
  File "/home/ubuntu/trading_bot_phase1/venv/lib/python3.12/site-packages/alpaca_trade_api/stream.py", line 99, in _auth
    raise ValueError(msg[0].get('msg', 'auth failed'))
ValueError: connection limit exceeded
data websocket error, restarting connection: server rejected WebSocket connection: HTTP 429
data websocket error, restarting connection: server rejected WebSocket connection: HTTP 429
error during websocket communication: connection limit exceeded
Traceback (most recent call last):
  File "/home/ubuntu/trading_bot_phase1/venv/lib/python3.12/site-packages/alpaca_trade_api/stream.py", line 251, in _run_forever
    await self._start_ws()
  File "/home/ubuntu/trading_bot_phase1/venv/lib/python3.12/site-packages/alpaca_trade_api/stream.py", line 105, in _start_ws
    await self._auth()
  File "/home/ubuntu/trading_bot_phase1/venv/lib/python3.12/site-packages/alpaca_trade_api/stream.py", line 99, in _auth
    raise ValueError(msg[0].get('msg', 'auth failed'))
ValueError: connection limit exceeded
data websocket error, restarting connection: server rejected WebSocket connection: HTTP 429
error during websocket communication: connection limit exceeded
Traceback (most recent call last):
  File "/home/ubuntu/trading_bot_phase1/venv/lib/python3.12/site-packages/alpaca_trade_api/stream.py", line 251, in _run_forever
    await self._start_ws()
  File "/home/ubuntu/trading_bot_phase1/venv/lib/python3.12/site-packages/alpaca_trade_api/stream.py", line 105, in _start_ws
    await self._auth()
  File "/home/ubuntu/trading_bot_phase1/venv/lib/python3.12/site-packages/alpaca_trade_api/stream.py", line 99, in _auth
    raise ValueError(msg[0].get('msg', 'auth failed'))
ValueError: connection limit exceeded
error during websocket communication: connection limit exceeded
Traceback (most recent call last):
  File "/home/ubuntu/trading_bot_phase1/venv/lib/python3.12/site-packages/alpaca_trade_api/stream.py", line 251, in _run_forever
    await self._start_ws()
  File "/home/ubuntu/trading_bot_phase1/venv/lib/python3.12/site-packages/alpaca_trade_api/stream.py", line 105, in _start_ws
    await self._auth()
  File "/home/ubuntu/trading_bot_phase1/venv/lib/python3.12/site-packages/alpaca_trade_api/stream.py", line 99, in _auth
    raise ValueError(msg[0].get('msg', 'auth failed'))
ValueError: connection limit exceeded
data websocket error, restarting connection: server rejected WebSocket connection: HTTP 429
data websocket error, restarting connection: server rejected WebSocket connection: HTTP 429
error during websocket communication: connection limit exceeded
Traceback (most recent call last):
  File "/home/ubuntu/trading_bot_phase1/venv/lib/python3.12/site-packages/alpaca_trade_api/stream.py", line 251, in _run_forever
    await self._start_ws()
  File "/home/ubuntu/trading_bot_phase1/venv/lib/python3.12/site-packages/alpaca_trade_api/stream.py", line 105, in _start_ws
    await self._auth()
  File "/home/ubuntu/trading_bot_phase1/venv/lib/python3.12/site-packages/alpaca_trade_api/stream.py", line 99, in _auth
    raise ValueError(msg[0].get('msg', 'auth failed'))
ValueError: connection limit exceeded
data websocket error, restarting connection: server rejected WebSocket connection: HTTP 429
error during websocket communication: connection limit exceeded
Traceback (most recent call last):
  File "/home/ubuntu/trading_bot_phase1/venv/lib/python3.12/site-packages/alpaca_trade_api/stream.py", line 251, in _run_forever
    await self._start_ws()
  File "/home/ubuntu/trading_bot_phase1/venv/lib/python3.12/site-packages/alpaca_trade_api/stream.py", line 105, in _start_ws
    await self._auth()
  File "/home/ubuntu/trading_bot_phase1/venv/lib/python3.12/site-packages/alpaca_trade_api/stream.py", line 99, in _auth
    raise ValueError(msg[0].get('msg', 'auth failed'))
ValueError: connection limit exceeded
data websocket error, restarting connection: server rejected WebSocket connection: HTTP 429
error during websocket communication: connection limit exceeded
Traceback (most recent call last):
  File "/home/ubuntu/trading_bot_phase1/venv/lib/python3.12/site-packages/alpaca_trade_api/stream.py", line 251, in _run_forever
    await self._start_ws()
  File "/home/ubuntu/trading_bot_phase1/venv/lib/python3.12/site-packages/alpaca_trade_api/stream.py", line 105, in _start_ws
    await self._auth()
  File "/home/ubuntu/trading_bot_phase1/venv/lib/python3.12/site-packages/alpaca_trade_api/stream.py", line 99, in _auth
    raise ValueError(msg[0].get('msg', 'auth failed'))
ValueError: connection limit exceeded
data websocket error, restarting connection: server rejected WebSocket connection: HTTP 429
error during websocket communication: connection limit exceeded
Traceback (most recent call last):
  File "/home/ubuntu/trading_bot_phase1/venv/lib/python3.12/site-packages/alpaca_trade_api/stream.py", line 251, in _run_forever
    await self._start_ws()
  File "/home/ubuntu/trading_bot_phase1/venv/lib/python3.12/site-packages/alpaca_trade_api/stream.py", line 105, in _start_ws
    await self._auth()
  File "/home/ubuntu/trading_bot_phase1/venv/lib/python3.12/site-packages/alpaca_trade_api/stream.py", line 99, in _auth
    raise ValueError(msg[0].get('msg', 'auth failed'))
ValueError: connection limit exceeded
data websocket error, restarting connection: server rejected WebSocket connection: HTTP 429
error during websocket communication: connection limit exceeded
Traceback (most recent call last):
  File "/home/ubuntu/trading_bot_phase1/venv/lib/python3.12/site-packages/alpaca_trade_api/stream.py", line 251, in _run_forever
    await self._start_ws()
  File "/home/ubuntu/trading_bot_phase1/venv/lib/python3.12/site-packages/alpaca_trade_api/stream.py", line 105, in _start_ws
    await self._auth()
  File "/home/ubuntu/trading_bot_phase1/venv/lib/python3.12/site-packages/alpaca_trade_api/stream.py", line 99, in _auth
    raise ValueError(msg[0].get('msg', 'auth failed'))
ValueError: connection limit exceeded
error during websocket communication: connection limit exceeded
Traceback (most recent call last):
  File "/home/ubuntu/trading_bot_phase1/venv/lib/python3.12/site-packages/alpaca_trade_api/stream.py", line 251, in _run_forever
    await self._start_ws()
  File "/home/ubuntu/trading_bot_phase1/venv/lib/python3.12/site-packages/alpaca_trade_api/stream.py", line 105, in _start_ws
    await self._auth()
  File "/home/ubuntu/trading_bot_phase1/venv/lib/python3.12/site-packages/alpaca_trade_api/stream.py", line 99, in _auth
    raise ValueError(msg[0].get('msg', 'auth failed'))
ValueError: connection limit exceeded
data websocket error, restarting connection: server rejected WebSocket connection: HTTP 429
error during websocket communication: connection limit exceeded
Traceback (most recent call last):
  File "/home/ubuntu/trading_bot_phase1/venv/lib/python3.12/site-packages/alpaca_trade_api/stream.py", line 251, in _run_forever
    await self._start_ws()
  File "/home/ubuntu/trading_bot_phase1/venv/lib/python3.12/site-packages/alpaca_trade_api/stream.py", line 105, in _start_ws
    await self._auth()
  File "/home/ubuntu/trading_bot_phase1/venv/lib/python3.12/site-packages/alpaca_trade_api/stream.py", line 99, in _auth
    raise ValueError(msg[0].get('msg', 'auth failed'))
ValueError: connection limit exceeded
data websocket error, restarting connection: server rejected WebSocket connection: HTTP 429
error during websocket communication: connection limit exceeded
Traceback (most recent call last):
  File "/home/ubuntu/trading_bot_phase1/venv/lib/python3.12/site-packages/alpaca_trade_api/stream.py", line 251, in _run_forever
    await self._start_ws()
  File "/home/ubuntu/trading_bot_phase1/venv/lib/python3.12/site-packages/alpaca_trade_api/stream.py", line 105, in _start_ws
    await self._auth()
  File "/home/ubuntu/trading_bot_phase1/venv/lib/python3.12/site-packages/alpaca_trade_api/stream.py", line 99, in _auth
    raise ValueError(msg[0].get('msg', 'auth failed'))
ValueError: connection limit exceeded
data websocket error, restarting connection: server rejected WebSocket connection: HTTP 429
error during websocket communication: connection limit exceeded
Traceback (most recent call last):
  File "/home/ubuntu/trading_bot_phase1/venv/lib/python3.12/site-packages/alpaca_trade_api/stream.py", line 251, in _run_forever
    await self._start_ws()
  File "/home/ubuntu/trading_bot_phase1/venv/lib/python3.12/site-packages/alpaca_trade_api/stream.py", line 105, in _start_ws
    await self._auth()
  File "/home/ubuntu/trading_bot_phase1/venv/lib/python3.12/site-packages/alpaca_trade_api/stream.py", line 99, in _auth
    raise ValueError(msg[0].get('msg', 'auth failed'))
ValueError: connection limit exceeded
data websocket error, restarting connection: server rejected WebSocket connection: HTTP 429
error during websocket communication: connection limit exceeded
Traceback (most recent call last):
  File "/home/ubuntu/trading_bot_phase1/venv/lib/python3.12/site-packages/alpaca_trade_api/stream.py", line 251, in _run_forever
    await self._start_ws()
  File "/home/ubuntu/trading_bot_phase1/venv/lib/python3.12/site-packages/alpaca_trade_api/stream.py", line 105, in _start_ws
    await self._auth()
  File "/home/ubuntu/trading_bot_phase1/venv/lib/python3.12/site-packages/alpaca_trade_api/stream.py", line 99, in _auth
    raise ValueError(msg[0].get('msg', 'auth failed'))
ValueError: connection limit exceeded
error during websocket communication: connection limit exceeded
Traceback (most recent call last):
  File "/home/ubuntu/trading_bot_phase1/venv/lib/python3.12/site-packages/alpaca_trade_api/stream.py", line 251, in _run_forever
    await self._start_ws()
  File "/home/ubuntu/trading_bot_phase1/venv/lib/python3.12/site-packages/alpaca_trade_api/stream.py", line 105, in _start_ws
    await self._auth()
  File "/home/ubuntu/trading_bot_phase1/venv/lib/python3.12/site-packages/alpaca_trade_api/stream.py", line 99, in _auth
    raise ValueError(msg[0].get('msg', 'auth failed'))
ValueError: connection limit exceeded
error during websocket communication: connection limit exceeded
Traceback (most recent call last):
  File "/home/ubuntu/trading_bot_phase1/venv/lib/python3.12/site-packages/alpaca_trade_api/stream.py", line 251, in _run_forever
    await self._start_ws()
  File "/home/ubuntu/trading_bot_phase1/venv/lib/python3.12/site-packages/alpaca_trade_api/stream.py", line 105, in _start_ws
    await self._auth()
  File "/home/ubuntu/trading_bot_phase1/venv/lib/python3.12/site-packages/alpaca_trade_api/stream.py", line 99, in _auth
    raise ValueError(msg[0].get('msg', 'auth failed'))
ValueError: connection limit exceeded
data websocket error, restarting connection: server rejected WebSocket connection: HTTP 429
data websocket error, restarting connection: server rejected WebSocket connection: HTTP 429
error during websocket communication: connection limit exceeded
Traceback (most recent call last):
  File "/home/ubuntu/trading_bot_phase1/venv/lib/python3.12/site-packages/alpaca_trade_api/stream.py", line 251, in _run_forever
    await self._start_ws()
  File "/home/ubuntu/trading_bot_phase1/venv/lib/python3.12/site-packages/alpaca_trade_api/stream.py", line 105, in _start_ws
    await self._auth()
  File "/home/ubuntu/trading_bot_phase1/venv/lib/python3.12/site-packages/alpaca_trade_api/stream.py", line 99, in _auth
    raise ValueError(msg[0].get('msg', 'auth failed'))
ValueError: connection limit exceeded
error during websocket communication: connection limit exceeded
Traceback (most recent call last):
  File "/home/ubuntu/trading_bot_phase1/venv/lib/python3.12/site-packages/alpaca_trade_api/stream.py", line 251, in _run_forever
    await self._start_ws()
  File "/home/ubuntu/trading_bot_phase1/venv/lib/python3.12/site-packages/alpaca_trade_api/stream.py", line 105, in _start_ws
    await self._auth()
  File "/home/ubuntu/trading_bot_phase1/venv/lib/python3.12/site-packages/alpaca_trade_api/stream.py", line 99, in _auth
    raise ValueError(msg[0].get('msg', 'auth failed'))
ValueError: connection limit exceeded
data websocket error, restarting connection: server rejected WebSocket connection: HTTP 429
data websocket error, restarting connection: server rejected WebSocket connection: HTTP 429
data websocket error, restarting connection: server rejected WebSocket connection: HTTP 429
error during websocket communication: connection limit exceeded
Traceback (most recent call last):
  File "/home/ubuntu/trading_bot_phase1/venv/lib/python3.12/site-packages/alpaca_trade_api/stream.py", line 251, in _run_forever
    await self._start_ws()
  File "/home/ubuntu/trading_bot_phase1/venv/lib/python3.12/site-packages/alpaca_trade_api/stream.py", line 105, in _start_ws
    await self._auth()
  File "/home/ubuntu/trading_bot_phase1/venv/lib/python3.12/site-packages/alpaca_trade_api/stream.py", line 99, in _auth
    raise ValueError(msg[0].get('msg', 'auth failed'))
ValueError: connection limit exceeded
data websocket error, restarting connection: server rejected WebSocket connection: HTTP 429
error during websocket communication: connection limit exceeded
Traceback (most recent call last):
  File "/home/ubuntu/trading_bot_phase1/venv/lib/python3.12/site-packages/alpaca_trade_api/stream.py", line 251, in _run_forever
    await self._start_ws()
  File "/home/ubuntu/trading_bot_phase1/venv/lib/python3.12/site-packages/alpaca_trade_api/stream.py", line 105, in _start_ws
    await self._auth()
  File "/home/ubuntu/trading_bot_phase1/venv/lib/python3.12/site-packages/alpaca_trade_api/stream.py", line 99, in _auth
    raise ValueError(msg[0].get('msg', 'auth failed'))
ValueError: connection limit exceeded
data websocket error, restarting connection: server rejected WebSocket connection: HTTP 429
error during websocket communication: connection limit exceeded
Traceback (most recent call last):
  File "/home/ubuntu/trading_bot_phase1/venv/lib/python3.12/site-packages/alpaca_trade_api/stream.py", line 251, in _run_forever
    await self._start_ws()
  File "/home/ubuntu/trading_bot_phase1/venv/lib/python3.12/site-packages/alpaca_trade_api/stream.py", line 105, in _start_ws
    await self._auth()
  File "/home/ubuntu/trading_bot_phase1/venv/lib/python3.12/site-packages/alpaca_trade_api/stream.py", line 99, in _auth
    raise ValueError(msg[0].get('msg', 'auth failed'))
ValueError: connection limit exceeded
data websocket error, restarting connection: server rejected WebSocket connection: HTTP 429
data websocket error, restarting connection: server rejected WebSocket connection: HTTP 429
data websocket error, restarting connection: server rejected WebSocket connection: HTTP 429
data websocket error, restarting connection: server rejected WebSocket connection: HTTP 429
error during websocket communication: connection limit exceeded
Traceback (most recent call last):
  File "/home/ubuntu/trading_bot_phase1/venv/lib/python3.12/site-packages/alpaca_trade_api/stream.py", line 251, in _run_forever
    await self._start_ws()
  File "/home/ubuntu/trading_bot_phase1/venv/lib/python3.12/site-packages/alpaca_trade_api/stream.py", line 105, in _start_ws
    await self._auth()
  File "/home/ubuntu/trading_bot_phase1/venv/lib/python3.12/site-packages/alpaca_trade_api/stream.py", line 99, in _auth
    raise ValueError(msg[0].get('msg', 'auth failed'))
ValueError: connection limit exceeded
data websocket error, restarting connection: server rejected WebSocket connection: HTTP 429
error during websocket communication: connection limit exceeded
Traceback (most recent call last):
  File "/home/ubuntu/trading_bot_phase1/venv/lib/python3.12/site-packages/alpaca_trade_api/stream.py", line 251, in _run_forever
    await self._start_ws()
  File "/home/ubuntu/trading_bot_phase1/venv/lib/python3.12/site-packages/alpaca_trade_api/stream.py", line 105, in _start_ws
    await self._auth()
  File "/home/ubuntu/trading_bot_phase1/venv/lib/python3.12/site-packages/alpaca_trade_api/stream.py", line 99, in _auth
    raise ValueError(msg[0].get('msg', 'auth failed'))
ValueError: connection limit exceeded
data websocket error, restarting connection: server rejected WebSocket connection: HTTP 429
error during websocket communication: connection limit exceeded
Traceback (most recent call last):
  File "/home/ubuntu/trading_bot_phase1/venv/lib/python3.12/site-packages/alpaca_trade_api/stream.py", line 251, in _run_forever
    await self._start_ws()
  File "/home/ubuntu/trading_bot_phase1/venv/lib/python3.12/site-packages/alpaca_trade_api/stream.py", line 105, in _start_ws
    await self._auth()
  File "/home/ubuntu/trading_bot_phase1/venv/lib/python3.12/site-packages/alpaca_trade_api/stream.py", line 99, in _auth
    raise ValueError(msg[0].get('msg', 'auth failed'))
ValueError: connection limit exceeded
error during websocket communication: connection limit exceeded
Traceback (most recent call last):
  File "/home/ubuntu/trading_bot_phase1/venv/lib/python3.12/site-packages/alpaca_trade_api/stream.py", line 251, in _run_forever
    await self._start_ws()
  File "/home/ubuntu/trading_bot_phase1/venv/lib/python3.12/site-packages/alpaca_trade_api/stream.py", line 105, in _start_ws
    await self._auth()
  File "/home/ubuntu/trading_bot_phase1/venv/lib/python3.12/site-packages/alpaca_trade_api/stream.py", line 99, in _auth
    raise ValueError(msg[0].get('msg', 'auth failed'))
ValueError: connection limit exceeded
error during websocket communication: connection limit exceeded
Traceback (most recent call last):
  File "/home/ubuntu/trading_bot_phase1/venv/lib/python3.12/site-packages/alpaca_trade_api/stream.py", line 251, in _run_forever
    await self._start_ws()
  File "/home/ubuntu/trading_bot_phase1/venv/lib/python3.12/site-packages/alpaca_trade_api/stream.py", line 105, in _start_ws
    await self._auth()
  File "/home/ubuntu/trading_bot_phase1/venv/lib/python3.12/site-packages/alpaca_trade_api/stream.py", line 99, in _auth
    raise ValueError(msg[0].get('msg', 'auth failed'))
ValueError: connection limit exceeded
error during websocket communication: connection limit exceeded
Traceback (most recent call last):
  File "/home/ubuntu/trading_bot_phase1/venv/lib/python3.12/site-packages/alpaca_trade_api/stream.py", line 251, in _run_forever
    await self._start_ws()
  File "/home/ubuntu/trading_bot_phase1/venv/lib/python3.12/site-packages/alpaca_trade_api/stream.py", line 105, in _start_ws
    await self._auth()
  File "/home/ubuntu/trading_bot_phase1/venv/lib/python3.12/site-packages/alpaca_trade_api/stream.py", line 99, in _auth
    raise ValueError(msg[0].get('msg', 'auth failed'))
ValueError: connection limit exceeded
data websocket error, restarting connection: server rejected WebSocket connection: HTTP 429
error during websocket communication: connection limit exceeded
Traceback (most recent call last):
  File "/home/ubuntu/trading_bot_phase1/venv/lib/python3.12/site-packages/alpaca_trade_api/stream.py", line 251, in _run_forever
    await self._start_ws()
  File "/home/ubuntu/trading_bot_phase1/venv/lib/python3.12/site-packages/alpaca_trade_api/stream.py", line 105, in _start_ws
    await self._auth()
  File "/home/ubuntu/trading_bot_phase1/venv/lib/python3.12/site-packages/alpaca_trade_api/stream.py", line 99, in _auth
    raise ValueError(msg[0].get('msg', 'auth failed'))
ValueError: connection limit exceeded
error during websocket communication: connection limit exceeded
Traceback (most recent call last):
  File "/home/ubuntu/trading_bot_phase1/venv/lib/python3.12/site-packages/alpaca_trade_api/stream.py", line 251, in _run_forever
    await self._start_ws()
  File "/home/ubuntu/trading_bot_phase1/venv/lib/python3.12/site-packages/alpaca_trade_api/stream.py", line 105, in _start_ws
    await self._auth()
  File "/home/ubuntu/trading_bot_phase1/venv/lib/python3.12/site-packages/alpaca_trade_api/stream.py", line 99, in _auth
    raise ValueError(msg[0].get('msg', 'auth failed'))
ValueError: connection limit exceeded
data websocket error, restarting connection: server rejected WebSocket connection: HTTP 429
error during websocket communication: connection limit exceeded
Traceback (most recent call last):
  File "/home/ubuntu/trading_bot_phase1/venv/lib/python3.12/site-packages/alpaca_trade_api/stream.py", line 251, in _run_forever
    await self._start_ws()
  File "/home/ubuntu/trading_bot_phase1/venv/lib/python3.12/site-packages/alpaca_trade_api/stream.py", line 105, in _start_ws
    await self._auth()
  File "/home/ubuntu/trading_bot_phase1/venv/lib/python3.12/site-packages/alpaca_trade_api/stream.py", line 99, in _auth
    raise ValueError(msg[0].get('msg', 'auth failed'))
ValueError: connection limit exceeded
error during websocket communication: connection limit exceeded
Traceback (most recent call last):
  File "/home/ubuntu/trading_bot_phase1/venv/lib/python3.12/site-packages/alpaca_trade_api/stream.py", line 251, in _run_forever
    await self._start_ws()
  File "/home/ubuntu/trading_bot_phase1/venv/lib/python3.12/site-packages/alpaca_trade_api/stream.py", line 105, in _start_ws
    await self._auth()
  File "/home/ubuntu/trading_bot_phase1/venv/lib/python3.12/site-packages/alpaca_trade_api/stream.py", line 99, in _auth
    raise ValueError(msg[0].get('msg', 'auth failed'))
ValueError: connection limit exceeded
error during websocket communication: connection limit exceeded
Traceback (most recent call last):
  File "/home/ubuntu/trading_bot_phase1/venv/lib/python3.12/site-packages/alpaca_trade_api/stream.py", line 251, in _run_forever
    await self._start_ws()
  File "/home/ubuntu/trading_bot_phase1/venv/lib/python3.12/site-packages/alpaca_trade_api/stream.py", line 105, in _start_ws
    await self._auth()
  File "/home/ubuntu/trading_bot_phase1/venv/lib/python3.12/site-packages/alpaca_trade_api/stream.py", line 99, in _auth
    raise ValueError(msg[0].get('msg', 'auth failed'))
ValueError: connection limit exceeded
data websocket error, restarting connection: server rejected WebSocket connection: HTTP 429
error during websocket communication: connection limit exceeded
Traceback (most recent call last):
  File "/home/ubuntu/trading_bot_phase1/venv/lib/python3.12/site-packages/alpaca_trade_api/stream.py", line 251, in _run_forever
    await self._start_ws()
  File "/home/ubuntu/trading_bot_phase1/venv/lib/python3.12/site-packages/alpaca_trade_api/stream.py", line 105, in _start_ws
    await self._auth()
  File "/home/ubuntu/trading_bot_phase1/venv/lib/python3.12/site-packages/alpaca_trade_api/stream.py", line 99, in _auth
    raise ValueError(msg[0].get('msg', 'auth failed'))
ValueError: connection limit exceeded
error during websocket communication: connection limit exceeded
Traceback (most recent call last):
  File "/home/ubuntu/trading_bot_phase1/venv/lib/python3.12/site-packages/alpaca_trade_api/stream.py", line 251, in _run_forever
    await self._start_ws()
  File "/home/ubuntu/trading_bot_phase1/venv/lib/python3.12/site-packages/alpaca_trade_api/stream.py", line 105, in _start_ws
    await self._auth()
  File "/home/ubuntu/trading_bot_phase1/venv/lib/python3.12/site-packages/alpaca_trade_api/stream.py", line 99, in _auth
    raise ValueError(msg[0].get('msg', 'auth failed'))
ValueError: connection limit exceeded
error during websocket communication: connection limit exceeded
Traceback (most recent call last):
  File "/home/ubuntu/trading_bot_phase1/venv/lib/python3.12/site-packages/alpaca_trade_api/stream.py", line 251, in _run_forever
    await self._start_ws()
  File "/home/ubuntu/trading_bot_phase1/venv/lib/python3.12/site-packages/alpaca_trade_api/stream.py", line 105, in _start_ws
    await self._auth()
  File "/home/ubuntu/trading_bot_phase1/venv/lib/python3.12/site-packages/alpaca_trade_api/stream.py", line 99, in _auth
    raise ValueError(msg[0].get('msg', 'auth failed'))
ValueError: connection limit exceeded
error during websocket communication: connection limit exceeded
Traceback (most recent call last):
  File "/home/ubuntu/trading_bot_phase1/venv/lib/python3.12/site-packages/alpaca_trade_api/stream.py", line 251, in _run_forever
    await self._start_ws()
  File "/home/ubuntu/trading_bot_phase1/venv/lib/python3.12/site-packages/alpaca_trade_api/stream.py", line 105, in _start_ws
    await self._auth()
  File "/home/ubuntu/trading_bot_phase1/venv/lib/python3.12/site-packages/alpaca_trade_api/stream.py", line 99, in _auth
    raise ValueError(msg[0].get('msg', 'auth failed'))
ValueError: connection limit exceeded
error during websocket communication: connection limit exceeded
Traceback (most recent call last):
  File "/home/ubuntu/trading_bot_phase1/venv/lib/python3.12/site-packages/alpaca_trade_api/stream.py", line 251, in _run_forever
    await self._start_ws()
  File "/home/ubuntu/trading_bot_phase1/venv/lib/python3.12/site-packages/alpaca_trade_api/stream.py", line 105, in _start_ws
    await self._auth()
  File "/home/ubuntu/trading_bot_phase1/venv/lib/python3.12/site-packages/alpaca_trade_api/stream.py", line 99, in _auth
    raise ValueError(msg[0].get('msg', 'auth failed'))
ValueError: connection limit exceeded
data websocket error, restarting connection: server rejected WebSocket connection: HTTP 429
error during websocket communication: connection limit exceeded
Traceback (most recent call last):
  File "/home/ubuntu/trading_bot_phase1/venv/lib/python3.12/site-packages/alpaca_trade_api/stream.py", line 251, in _run_forever
    await self._start_ws()
  File "/home/ubuntu/trading_bot_phase1/venv/lib/python3.12/site-packages/alpaca_trade_api/stream.py", line 105, in _start_ws
    await self._auth()
  File "/home/ubuntu/trading_bot_phase1/venv/lib/python3.12/site-packages/alpaca_trade_api/stream.py", line 99, in _auth
    raise ValueError(msg[0].get('msg', 'auth failed'))
ValueError: connection limit exceeded
data websocket error, restarting connection: server rejected WebSocket connection: HTTP 429
error during websocket communication: connection limit exceeded
Traceback (most recent call last):
  File "/home/ubuntu/trading_bot_phase1/venv/lib/python3.12/site-packages/alpaca_trade_api/stream.py", line 251, in _run_forever
    await self._start_ws()
  File "/home/ubuntu/trading_bot_phase1/venv/lib/python3.12/site-packages/alpaca_trade_api/stream.py", line 105, in _start_ws
    await self._auth()
  File "/home/ubuntu/trading_bot_phase1/venv/lib/python3.12/site-packages/alpaca_trade_api/stream.py", line 99, in _auth
    raise ValueError(msg[0].get('msg', 'auth failed'))
ValueError: connection limit exceeded
data websocket error, restarting connection: server rejected WebSocket connection: HTTP 429
error during websocket communication: connection limit exceeded
Traceback (most recent call last):
  File "/home/ubuntu/trading_bot_phase1/venv/lib/python3.12/site-packages/alpaca_trade_api/stream.py", line 251, in _run_forever
    await self._start_ws()
  File "/home/ubuntu/trading_bot_phase1/venv/lib/python3.12/site-packages/alpaca_trade_api/stream.py", line 105, in _start_ws
    await self._auth()
  File "/home/ubuntu/trading_bot_phase1/venv/lib/python3.12/site-packages/alpaca_trade_api/stream.py", line 99, in _auth
    raise ValueError(msg[0].get('msg', 'auth failed'))
ValueError: connection limit exceeded
error during websocket communication: connection limit exceeded
Traceback (most recent call last):
  File "/home/ubuntu/trading_bot_phase1/venv/lib/python3.12/site-packages/alpaca_trade_api/stream.py", line 251, in _run_forever
    await self._start_ws()
  File "/home/ubuntu/trading_bot_phase1/venv/lib/python3.12/site-packages/alpaca_trade_api/stream.py", line 105, in _start_ws
    await self._auth()
  File "/home/ubuntu/trading_bot_phase1/venv/lib/python3.12/site-packages/alpaca_trade_api/stream.py", line 99, in _auth
    raise ValueError(msg[0].get('msg', 'auth failed'))
ValueError: connection limit exceeded
data websocket error, restarting connection: server rejected WebSocket connection: HTTP 429
error during websocket communication: connection limit exceeded
Traceback (most recent call last):
  File "/home/ubuntu/trading_bot_phase1/venv/lib/python3.12/site-packages/alpaca_trade_api/stream.py", line 251, in _run_forever
    await self._start_ws()
  File "/home/ubuntu/trading_bot_phase1/venv/lib/python3.12/site-packages/alpaca_trade_api/stream.py", line 105, in _start_ws
    await self._auth()
  File "/home/ubuntu/trading_bot_phase1/venv/lib/python3.12/site-packages/alpaca_trade_api/stream.py", line 99, in _auth
    raise ValueError(msg[0].get('msg', 'auth failed'))
ValueError: connection limit exceeded
data websocket error, restarting connection: server rejected WebSocket connection: HTTP 429
error during websocket communication: connection limit exceeded
Traceback (most recent call last):
  File "/home/ubuntu/trading_bot_phase1/venv/lib/python3.12/site-packages/alpaca_trade_api/stream.py", line 251, in _run_forever
    await self._start_ws()
  File "/home/ubuntu/trading_bot_phase1/venv/lib/python3.12/site-packages/alpaca_trade_api/stream.py", line 105, in _start_ws
    await self._auth()
  File "/home/ubuntu/trading_bot_phase1/venv/lib/python3.12/site-packages/alpaca_trade_api/stream.py", line 99, in _auth
    raise ValueError(msg[0].get('msg', 'auth failed'))
ValueError: connection limit exceeded
data websocket error, restarting connection: server rejected WebSocket connection: HTTP 429
data websocket error, restarting connection: server rejected WebSocket connection: HTTP 429
error during websocket communication: connection limit exceeded
Traceback (most recent call last):
  File "/home/ubuntu/trading_bot_phase1/venv/lib/python3.12/site-packages/alpaca_trade_api/stream.py", line 251, in _run_forever
    await self._start_ws()
  File "/home/ubuntu/trading_bot_phase1/venv/lib/python3.12/site-packages/alpaca_trade_api/stream.py", line 105, in _start_ws
    await self._auth()
  File "/home/ubuntu/trading_bot_phase1/venv/lib/python3.12/site-packages/alpaca_trade_api/stream.py", line 99, in _auth
    raise ValueError(msg[0].get('msg', 'auth failed'))
ValueError: connection limit exceeded
error during websocket communication: connection limit exceeded
Traceback (most recent call last):
  File "/home/ubuntu/trading_bot_phase1/venv/lib/python3.12/site-packages/alpaca_trade_api/stream.py", line 251, in _run_forever
    await self._start_ws()
  File "/home/ubuntu/trading_bot_phase1/venv/lib/python3.12/site-packages/alpaca_trade_api/stream.py", line 105, in _start_ws
    await self._auth()
  File "/home/ubuntu/trading_bot_phase1/venv/lib/python3.12/site-packages/alpaca_trade_api/stream.py", line 99, in _auth
    raise ValueError(msg[0].get('msg', 'auth failed'))
ValueError: connection limit exceeded
error during websocket communication: connection limit exceeded
Traceback (most recent call last):
  File "/home/ubuntu/trading_bot_phase1/venv/lib/python3.12/site-packages/alpaca_trade_api/stream.py", line 251, in _run_forever
    await self._start_ws()
  File "/home/ubuntu/trading_bot_phase1/venv/lib/python3.12/site-packages/alpaca_trade_api/stream.py", line 105, in _start_ws
    await self._auth()
  File "/home/ubuntu/trading_bot_phase1/venv/lib/python3.12/site-packages/alpaca_trade_api/stream.py", line 99, in _auth
    raise ValueError(msg[0].get('msg', 'auth failed'))
ValueError: connection limit exceeded
data websocket error, restarting connection: server rejected WebSocket connection: HTTP 429
data websocket error, restarting connection: server rejected WebSocket connection: HTTP 429
data websocket error, restarting connection: server rejected WebSocket connection: HTTP 429
data websocket error, restarting connection: server rejected WebSocket connection: HTTP 429
data websocket error, restarting connection: server rejected WebSocket connection: HTTP 429
data websocket error, restarting connection: server rejected WebSocket connection: HTTP 429
data websocket error, restarting connection: server rejected WebSocket connection: HTTP 429
data websocket error, restarting connection: server rejected WebSocket connection: HTTP 429
error during websocket communication: connection limit exceeded
Traceback (most recent call last):
  File "/home/ubuntu/trading_bot_phase1/venv/lib/python3.12/site-packages/alpaca_trade_api/stream.py", line 251, in _run_forever
    await self._start_ws()
  File "/home/ubuntu/trading_bot_phase1/venv/lib/python3.12/site-packages/alpaca_trade_api/stream.py", line 105, in _start_ws
    await self._auth()
  File "/home/ubuntu/trading_bot_phase1/venv/lib/python3.12/site-packages/alpaca_trade_api/stream.py", line 99, in _auth
    raise ValueError(msg[0].get('msg', 'auth failed'))
ValueError: connection limit exceeded
data websocket error, restarting connection: server rejected WebSocket connection: HTTP 429
error during websocket communication: connection limit exceeded
Traceback (most recent call last):
  File "/home/ubuntu/trading_bot_phase1/venv/lib/python3.12/site-packages/alpaca_trade_api/stream.py", line 251, in _run_forever
    await self._start_ws()
  File "/home/ubuntu/trading_bot_phase1/venv/lib/python3.12/site-packages/alpaca_trade_api/stream.py", line 105, in _start_ws
    await self._auth()
  File "/home/ubuntu/trading_bot_phase1/venv/lib/python3.12/site-packages/alpaca_trade_api/stream.py", line 99, in _auth
    raise ValueError(msg[0].get('msg', 'auth failed'))
ValueError: connection limit exceeded
error during websocket communication: connection limit exceeded
Traceback (most recent call last):
  File "/home/ubuntu/trading_bot_phase1/venv/lib/python3.12/site-packages/alpaca_trade_api/stream.py", line 251, in _run_forever
    await self._start_ws()
  File "/home/ubuntu/trading_bot_phase1/venv/lib/python3.12/site-packages/alpaca_trade_api/stream.py", line 105, in _start_ws
    await self._auth()
  File "/home/ubuntu/trading_bot_phase1/venv/lib/python3.12/site-packages/alpaca_trade_api/stream.py", line 99, in _auth
    raise ValueError(msg[0].get('msg', 'auth failed'))
ValueError: connection limit exceeded
error during websocket communication: connection limit exceeded
Traceback (most recent call last):
  File "/home/ubuntu/trading_bot_phase1/venv/lib/python3.12/site-packages/alpaca_trade_api/stream.py", line 251, in _run_forever
    await self._start_ws()
  File "/home/ubuntu/trading_bot_phase1/venv/lib/python3.12/site-packages/alpaca_trade_api/stream.py", line 105, in _start_ws
    await self._auth()
  File "/home/ubuntu/trading_bot_phase1/venv/lib/python3.12/site-packages/alpaca_trade_api/stream.py", line 99, in _auth
    raise ValueError(msg[0].get('msg', 'auth failed'))
ValueError: connection limit exceeded
data websocket error, restarting connection: server rejected WebSocket connection: HTTP 429
data websocket error, restarting connection: server rejected WebSocket connection: HTTP 429
data websocket error, restarting connection: server rejected WebSocket connection: HTTP 429
error during websocket communication: connection limit exceeded
Traceback (most recent call last):
  File "/home/ubuntu/trading_bot_phase1/venv/lib/python3.12/site-packages/alpaca_trade_api/stream.py", line 251, in _run_forever
    await self._start_ws()
  File "/home/ubuntu/trading_bot_phase1/venv/lib/python3.12/site-packages/alpaca_trade_api/stream.py", line 105, in _start_ws
    await self._auth()
  File "/home/ubuntu/trading_bot_phase1/venv/lib/python3.12/site-packages/alpaca_trade_api/stream.py", line 99, in _auth
    raise ValueError(msg[0].get('msg', 'auth failed'))
ValueError: connection limit exceeded
error during websocket communication: connection limit exceeded
Traceback (most recent call last):
  File "/home/ubuntu/trading_bot_phase1/venv/lib/python3.12/site-packages/alpaca_trade_api/stream.py", line 251, in _run_forever
    await self._start_ws()
  File "/home/ubuntu/trading_bot_phase1/venv/lib/python3.12/site-packages/alpaca_trade_api/stream.py", line 105, in _start_ws
    await self._auth()
  File "/home/ubuntu/trading_bot_phase1/venv/lib/python3.12/site-packages/alpaca_trade_api/stream.py", line 99, in _auth
    raise ValueError(msg[0].get('msg', 'auth failed'))
ValueError: connection limit exceeded
data websocket error, restarting connection: server rejected WebSocket connection: HTTP 429
error during websocket communication: connection limit exceeded
Traceback (most recent call last):
  File "/home/ubuntu/trading_bot_phase1/venv/lib/python3.12/site-packages/alpaca_trade_api/stream.py", line 251, in _run_forever
    await self._start_ws()
  File "/home/ubuntu/trading_bot_phase1/venv/lib/python3.12/site-packages/alpaca_trade_api/stream.py", line 105, in _start_ws
    await self._auth()
  File "/home/ubuntu/trading_bot_phase1/venv/lib/python3.12/site-packages/alpaca_trade_api/stream.py", line 99, in _auth
    raise ValueError(msg[0].get('msg', 'auth failed'))
ValueError: connection limit exceeded
error during websocket communication: connection limit exceeded
Traceback (most recent call last):
  File "/home/ubuntu/trading_bot_phase1/venv/lib/python3.12/site-packages/alpaca_trade_api/stream.py", line 251, in _run_forever
    await self._start_ws()
  File "/home/ubuntu/trading_bot_phase1/venv/lib/python3.12/site-packages/alpaca_trade_api/stream.py", line 105, in _start_ws
    await self._auth()
  File "/home/ubuntu/trading_bot_phase1/venv/lib/python3.12/site-packages/alpaca_trade_api/stream.py", line 99, in _auth
    raise ValueError(msg[0].get('msg', 'auth failed'))
ValueError: connection limit exceeded
data websocket error, restarting connection: server rejected WebSocket connection: HTTP 429
error during websocket communication: connection limit exceeded
Traceback (most recent call last):
  File "/home/ubuntu/trading_bot_phase1/venv/lib/python3.12/site-packages/alpaca_trade_api/stream.py", line 251, in _run_forever
    await self._start_ws()
  File "/home/ubuntu/trading_bot_phase1/venv/lib/python3.12/site-packages/alpaca_trade_api/stream.py", line 105, in _start_ws
    await self._auth()
  File "/home/ubuntu/trading_bot_phase1/venv/lib/python3.12/site-packages/alpaca_trade_api/stream.py", line 99, in _auth
    raise ValueError(msg[0].get('msg', 'auth failed'))
ValueError: connection limit exceeded
error during websocket communication: connection limit exceeded
Traceback (most recent call last):
  File "/home/ubuntu/trading_bot_phase1/venv/lib/python3.12/site-packages/alpaca_trade_api/stream.py", line 251, in _run_forever
    await self._start_ws()
  File "/home/ubuntu/trading_bot_phase1/venv/lib/python3.12/site-packages/alpaca_trade_api/stream.py", line 105, in _start_ws
    await self._auth()
  File "/home/ubuntu/trading_bot_phase1/venv/lib/python3.12/site-packages/alpaca_trade_api/stream.py", line 99, in _auth
    raise ValueError(msg[0].get('msg', 'auth failed'))
ValueError: connection limit exceeded
data websocket error, restarting connection: server rejected WebSocket connection: HTTP 429
error during websocket communication: connection limit exceeded
Traceback (most recent call last):
  File "/home/ubuntu/trading_bot_phase1/venv/lib/python3.12/site-packages/alpaca_trade_api/stream.py", line 251, in _run_forever
    await self._start_ws()
  File "/home/ubuntu/trading_bot_phase1/venv/lib/python3.12/site-packages/alpaca_trade_api/stream.py", line 105, in _start_ws
    await self._auth()
  File "/home/ubuntu/trading_bot_phase1/venv/lib/python3.12/site-packages/alpaca_trade_api/stream.py", line 99, in _auth
    raise ValueError(msg[0].get('msg', 'auth failed'))
ValueError: connection limit exceeded
data websocket error, restarting connection: server rejected WebSocket connection: HTTP 429
error during websocket communication: connection limit exceeded
Traceback (most recent call last):
  File "/home/ubuntu/trading_bot_phase1/venv/lib/python3.12/site-packages/alpaca_trade_api/stream.py", line 251, in _run_forever
    await self._start_ws()
  File "/home/ubuntu/trading_bot_phase1/venv/lib/python3.12/site-packages/alpaca_trade_api/stream.py", line 105, in _start_ws
    await self._auth()
  File "/home/ubuntu/trading_bot_phase1/venv/lib/python3.12/site-packages/alpaca_trade_api/stream.py", line 99, in _auth
    raise ValueError(msg[0].get('msg', 'auth failed'))
ValueError: connection limit exceeded
data websocket error, restarting connection: server rejected WebSocket connection: HTTP 429
error during websocket communication: connection limit exceeded
Traceback (most recent call last):
  File "/home/ubuntu/trading_bot_phase1/venv/lib/python3.12/site-packages/alpaca_trade_api/stream.py", line 251, in _run_forever
    await self._start_ws()
  File "/home/ubuntu/trading_bot_phase1/venv/lib/python3.12/site-packages/alpaca_trade_api/stream.py", line 105, in _start_ws
    await self._auth()
  File "/home/ubuntu/trading_bot_phase1/venv/lib/python3.12/site-packages/alpaca_trade_api/stream.py", line 99, in _auth
    raise ValueError(msg[0].get('msg', 'auth failed'))
ValueError: connection limit exceeded
data websocket error, restarting connection: server rejected WebSocket connection: HTTP 429
data websocket error, restarting connection: server rejected WebSocket connection: HTTP 429
data websocket error, restarting connection: server rejected WebSocket connection: HTTP 429
error during websocket communication: connection limit exceeded
Traceback (most recent call last):
  File "/home/ubuntu/trading_bot_phase1/venv/lib/python3.12/site-packages/alpaca_trade_api/stream.py", line 251, in _run_forever
    await self._start_ws()
  File "/home/ubuntu/trading_bot_phase1/venv/lib/python3.12/site-packages/alpaca_trade_api/stream.py", line 105, in _start_ws
    await self._auth()
  File "/home/ubuntu/trading_bot_phase1/venv/lib/python3.12/site-packages/alpaca_trade_api/stream.py", line 99, in _auth
    raise ValueError(msg[0].get('msg', 'auth failed'))
ValueError: connection limit exceeded
data websocket error, restarting connection: server rejected WebSocket connection: HTTP 429
data websocket error, restarting connection: server rejected WebSocket connection: HTTP 429
error during websocket communication: connection limit exceeded
Traceback (most recent call last):
  File "/home/ubuntu/trading_bot_phase1/venv/lib/python3.12/site-packages/alpaca_trade_api/stream.py", line 251, in _run_forever
    await self._start_ws()
  File "/home/ubuntu/trading_bot_phase1/venv/lib/python3.12/site-packages/alpaca_trade_api/stream.py", line 105, in _start_ws
    await self._auth()
  File "/home/ubuntu/trading_bot_phase1/venv/lib/python3.12/site-packages/alpaca_trade_api/stream.py", line 99, in _auth
    raise ValueError(msg[0].get('msg', 'auth failed'))
ValueError: connection limit exceeded
data websocket error, restarting connection: server rejected WebSocket connection: HTTP 429
error during websocket communication: connection limit exceeded
Traceback (most recent call last):
  File "/home/ubuntu/trading_bot_phase1/venv/lib/python3.12/site-packages/alpaca_trade_api/stream.py", line 251, in _run_forever
    await self._start_ws()
  File "/home/ubuntu/trading_bot_phase1/venv/lib/python3.12/site-packages/alpaca_trade_api/stream.py", line 105, in _start_ws
    await self._auth()
  File "/home/ubuntu/trading_bot_phase1/venv/lib/python3.12/site-packages/alpaca_trade_api/stream.py", line 99, in _auth
    raise ValueError(msg[0].get('msg', 'auth failed'))
ValueError: connection limit exceeded
error during websocket communication: connection limit exceeded
Traceback (most recent call last):
  File "/home/ubuntu/trading_bot_phase1/venv/lib/python3.12/site-packages/alpaca_trade_api/stream.py", line 251, in _run_forever
    await self._start_ws()
  File "/home/ubuntu/trading_bot_phase1/venv/lib/python3.12/site-packages/alpaca_trade_api/stream.py", line 105, in _start_ws
    await self._auth()
  File "/home/ubuntu/trading_bot_phase1/venv/lib/python3.12/site-packages/alpaca_trade_api/stream.py", line 99, in _auth
    raise ValueError(msg[0].get('msg', 'auth failed'))
ValueError: connection limit exceeded
error during websocket communication: connection limit exceeded
Traceback (most recent call last):
  File "/home/ubuntu/trading_bot_phase1/venv/lib/python3.12/site-packages/alpaca_trade_api/stream.py", line 251, in _run_forever
    await self._start_ws()
  File "/home/ubuntu/trading_bot_phase1/venv/lib/python3.12/site-packages/alpaca_trade_api/stream.py", line 105, in _start_ws
    await self._auth()
  File "/home/ubuntu/trading_bot_phase1/venv/lib/python3.12/site-packages/alpaca_trade_api/stream.py", line 99, in _auth
    raise ValueError(msg[0].get('msg', 'auth failed'))
ValueError: connection limit exceeded
error during websocket communication: connection limit exceeded
Traceback (most recent call last):
  File "/home/ubuntu/trading_bot_phase1/venv/lib/python3.12/site-packages/alpaca_trade_api/stream.py", line 251, in _run_forever
    await self._start_ws()
  File "/home/ubuntu/trading_bot_phase1/venv/lib/python3.12/site-packages/alpaca_trade_api/stream.py", line 105, in _start_ws
    await self._auth()
  File "/home/ubuntu/trading_bot_phase1/venv/lib/python3.12/site-packages/alpaca_trade_api/stream.py", line 99, in _auth
    raise ValueError(msg[0].get('msg', 'auth failed'))
ValueError: connection limit exceeded
data websocket error, restarting connection: server rejected WebSocket connection: HTTP 429
data websocket error, restarting connection: server rejected WebSocket connection: HTTP 429
error during websocket communication: connection limit exceeded
Traceback (most recent call last):
  File "/home/ubuntu/trading_bot_phase1/venv/lib/python3.12/site-packages/alpaca_trade_api/stream.py", line 251, in _run_forever
    await self._start_ws()
  File "/home/ubuntu/trading_bot_phase1/venv/lib/python3.12/site-packages/alpaca_trade_api/stream.py", line 105, in _start_ws
    await self._auth()
  File "/home/ubuntu/trading_bot_phase1/venv/lib/python3.12/site-packages/alpaca_trade_api/stream.py", line 99, in _auth
    raise ValueError(msg[0].get('msg', 'auth failed'))
ValueError: connection limit exceeded
data websocket error, restarting connection: server rejected WebSocket connection: HTTP 429
error during websocket communication: connection limit exceeded
Traceback (most recent call last):
  File "/home/ubuntu/trading_bot_phase1/venv/lib/python3.12/site-packages/alpaca_trade_api/stream.py", line 251, in _run_forever
    await self._start_ws()
  File "/home/ubuntu/trading_bot_phase1/venv/lib/python3.12/site-packages/alpaca_trade_api/stream.py", line 105, in _start_ws
    await self._auth()
  File "/home/ubuntu/trading_bot_phase1/venv/lib/python3.12/site-packages/alpaca_trade_api/stream.py", line 99, in _auth
    raise ValueError(msg[0].get('msg', 'auth failed'))
ValueError: connection limit exceeded
error during websocket communication: connection limit exceeded
Traceback (most recent call last):
  File "/home/ubuntu/trading_bot_phase1/venv/lib/python3.12/site-packages/alpaca_trade_api/stream.py", line 251, in _run_forever
    await self._start_ws()
  File "/home/ubuntu/trading_bot_phase1/venv/lib/python3.12/site-packages/alpaca_trade_api/stream.py", line 105, in _start_ws
    await self._auth()
  File "/home/ubuntu/trading_bot_phase1/venv/lib/python3.12/site-packages/alpaca_trade_api/stream.py", line 99, in _auth
    raise ValueError(msg[0].get('msg', 'auth failed'))
ValueError: connection limit exceeded
data websocket error, restarting connection: server rejected WebSocket connection: HTTP 429
error during websocket communication: connection limit exceeded
Traceback (most recent call last):
  File "/home/ubuntu/trading_bot_phase1/venv/lib/python3.12/site-packages/alpaca_trade_api/stream.py", line 251, in _run_forever
    await self._start_ws()
  File "/home/ubuntu/trading_bot_phase1/venv/lib/python3.12/site-packages/alpaca_trade_api/stream.py", line 105, in _start_ws
    await self._auth()
  File "/home/ubuntu/trading_bot_phase1/venv/lib/python3.12/site-packages/alpaca_trade_api/stream.py", line 99, in _auth
    raise ValueError(msg[0].get('msg', 'auth failed'))
ValueError: connection limit exceeded
data websocket error, restarting connection: server rejected WebSocket connection: HTTP 429
error during websocket communication: connection limit exceeded
Traceback (most recent call last):
  File "/home/ubuntu/trading_bot_phase1/venv/lib/python3.12/site-packages/alpaca_trade_api/stream.py", line 251, in _run_forever
    await self._start_ws()
  File "/home/ubuntu/trading_bot_phase1/venv/lib/python3.12/site-packages/alpaca_trade_api/stream.py", line 105, in _start_ws
    await self._auth()
  File "/home/ubuntu/trading_bot_phase1/venv/lib/python3.12/site-packages/alpaca_trade_api/stream.py", line 99, in _auth
    raise ValueError(msg[0].get('msg', 'auth failed'))
ValueError: connection limit exceeded
error during websocket communication: connection limit exceeded
Traceback (most recent call last):
  File "/home/ubuntu/trading_bot_phase1/venv/lib/python3.12/site-packages/alpaca_trade_api/stream.py", line 251, in _run_forever
    await self._start_ws()
  File "/home/ubuntu/trading_bot_phase1/venv/lib/python3.12/site-packages/alpaca_trade_api/stream.py", line 105, in _start_ws
    await self._auth()
  File "/home/ubuntu/trading_bot_phase1/venv/lib/python3.12/site-packages/alpaca_trade_api/stream.py", line 99, in _auth
    raise ValueError(msg[0].get('msg', 'auth failed'))
ValueError: connection limit exceeded
error during websocket communication: connection limit exceeded
Traceback (most recent call last):
  File "/home/ubuntu/trading_bot_phase1/venv/lib/python3.12/site-packages/alpaca_trade_api/stream.py", line 251, in _run_forever
    await self._start_ws()
  File "/home/ubuntu/trading_bot_phase1/venv/lib/python3.12/site-packages/alpaca_trade_api/stream.py", line 105, in _start_ws
    await self._auth()
  File "/home/ubuntu/trading_bot_phase1/venv/lib/python3.12/site-packages/alpaca_trade_api/stream.py", line 99, in _auth
    raise ValueError(msg[0].get('msg', 'auth failed'))
ValueError: connection limit exceeded
data websocket error, restarting connection: server rejected WebSocket connection: HTTP 429
data websocket error, restarting connection: server rejected WebSocket connection: HTTP 429
error during websocket communication: connection limit exceeded
Traceback (most recent call last):
  File "/home/ubuntu/trading_bot_phase1/venv/lib/python3.12/site-packages/alpaca_trade_api/stream.py", line 251, in _run_forever
    await self._start_ws()
  File "/home/ubuntu/trading_bot_phase1/venv/lib/python3.12/site-packages/alpaca_trade_api/stream.py", line 105, in _start_ws
    await self._auth()
  File "/home/ubuntu/trading_bot_phase1/venv/lib/python3.12/site-packages/alpaca_trade_api/stream.py", line 99, in _auth
    raise ValueError(msg[0].get('msg', 'auth failed'))
ValueError: connection limit exceeded
data websocket error, restarting connection: server rejected WebSocket connection: HTTP 429
error during websocket communication: connection limit exceeded
Traceback (most recent call last):
  File "/home/ubuntu/trading_bot_phase1/venv/lib/python3.12/site-packages/alpaca_trade_api/stream.py", line 251, in _run_forever
    await self._start_ws()
  File "/home/ubuntu/trading_bot_phase1/venv/lib/python3.12/site-packages/alpaca_trade_api/stream.py", line 105, in _start_ws
    await self._auth()
  File "/home/ubuntu/trading_bot_phase1/venv/lib/python3.12/site-packages/alpaca_trade_api/stream.py", line 99, in _auth
    raise ValueError(msg[0].get('msg', 'auth failed'))
ValueError: connection limit exceeded
error during websocket communication: connection limit exceeded
Traceback (most recent call last):
  File "/home/ubuntu/trading_bot_phase1/venv/lib/python3.12/site-packages/alpaca_trade_api/stream.py", line 251, in _run_forever
    await self._start_ws()
  File "/home/ubuntu/trading_bot_phase1/venv/lib/python3.12/site-packages/alpaca_trade_api/stream.py", line 105, in _start_ws
    await self._auth()
  File "/home/ubuntu/trading_bot_phase1/venv/lib/python3.12/site-packages/alpaca_trade_api/stream.py", line 99, in _auth
    raise ValueError(msg[0].get('msg', 'auth failed'))
ValueError: connection limit exceeded
error during websocket communication: connection limit exceeded
Traceback (most recent call last):
  File "/home/ubuntu/trading_bot_phase1/venv/lib/python3.12/site-packages/alpaca_trade_api/stream.py", line 251, in _run_forever
    await self._start_ws()
  File "/home/ubuntu/trading_bot_phase1/venv/lib/python3.12/site-packages/alpaca_trade_api/stream.py", line 105, in _start_ws
    await self._auth()
  File "/home/ubuntu/trading_bot_phase1/venv/lib/python3.12/site-packages/alpaca_trade_api/stream.py", line 99, in _auth
    raise ValueError(msg[0].get('msg', 'auth failed'))
ValueError: connection limit exceeded
error during websocket communication: connection limit exceeded
Traceback (most recent call last):
  File "/home/ubuntu/trading_bot_phase1/venv/lib/python3.12/site-packages/alpaca_trade_api/stream.py", line 251, in _run_forever
    await self._start_ws()
  File "/home/ubuntu/trading_bot_phase1/venv/lib/python3.12/site-packages/alpaca_trade_api/stream.py", line 105, in _start_ws
    await self._auth()
  File "/home/ubuntu/trading_bot_phase1/venv/lib/python3.12/site-packages/alpaca_trade_api/stream.py", line 99, in _auth
    raise ValueError(msg[0].get('msg', 'auth failed'))
ValueError: connection limit exceeded
error during websocket communication: connection limit exceeded
Traceback (most recent call last):
  File "/home/ubuntu/trading_bot_phase1/venv/lib/python3.12/site-packages/alpaca_trade_api/stream.py", line 251, in _run_forever
    await self._start_ws()
  File "/home/ubuntu/trading_bot_phase1/venv/lib/python3.12/site-packages/alpaca_trade_api/stream.py", line 105, in _start_ws
    await self._auth()
  File "/home/ubuntu/trading_bot_phase1/venv/lib/python3.12/site-packages/alpaca_trade_api/stream.py", line 99, in _auth
    raise ValueError(msg[0].get('msg', 'auth failed'))
ValueError: connection limit exceeded
data websocket error, restarting connection: server rejected WebSocket connection: HTTP 429
error during websocket communication: connection limit exceeded
Traceback (most recent call last):
  File "/home/ubuntu/trading_bot_phase1/venv/lib/python3.12/site-packages/alpaca_trade_api/stream.py", line 251, in _run_forever
    await self._start_ws()
  File "/home/ubuntu/trading_bot_phase1/venv/lib/python3.12/site-packages/alpaca_trade_api/stream.py", line 105, in _start_ws
    await self._auth()
  File "/home/ubuntu/trading_bot_phase1/venv/lib/python3.12/site-packages/alpaca_trade_api/stream.py", line 99, in _auth
    raise ValueError(msg[0].get('msg', 'auth failed'))
ValueError: connection limit exceeded
error during websocket communication: connection limit exceeded
Traceback (most recent call last):
  File "/home/ubuntu/trading_bot_phase1/venv/lib/python3.12/site-packages/alpaca_trade_api/stream.py", line 251, in _run_forever
    await self._start_ws()
  File "/home/ubuntu/trading_bot_phase1/venv/lib/python3.12/site-packages/alpaca_trade_api/stream.py", line 105, in _start_ws
    await self._auth()
  File "/home/ubuntu/trading_bot_phase1/venv/lib/python3.12/site-packages/alpaca_trade_api/stream.py", line 99, in _auth
    raise ValueError(msg[0].get('msg', 'auth failed'))
ValueError: connection limit exceeded
data websocket error, restarting connection: server rejected WebSocket connection: HTTP 429
error during websocket communication: connection limit exceeded
Traceback (most recent call last):
  File "/home/ubuntu/trading_bot_phase1/venv/lib/python3.12/site-packages/alpaca_trade_api/stream.py", line 251, in _run_forever
    await self._start_ws()
  File "/home/ubuntu/trading_bot_phase1/venv/lib/python3.12/site-packages/alpaca_trade_api/stream.py", line 105, in _start_ws
    await self._auth()
  File "/home/ubuntu/trading_bot_phase1/venv/lib/python3.12/site-packages/alpaca_trade_api/stream.py", line 99, in _auth
    raise ValueError(msg[0].get('msg', 'auth failed'))
ValueError: connection limit exceeded
data websocket error, restarting connection: server rejected WebSocket connection: HTTP 429
error during websocket communication: connection limit exceeded
Traceback (most recent call last):
  File "/home/ubuntu/trading_bot_phase1/venv/lib/python3.12/site-packages/alpaca_trade_api/stream.py", line 251, in _run_forever
    await self._start_ws()
  File "/home/ubuntu/trading_bot_phase1/venv/lib/python3.12/site-packages/alpaca_trade_api/stream.py", line 105, in _start_ws
    await self._auth()
  File "/home/ubuntu/trading_bot_phase1/venv/lib/python3.12/site-packages/alpaca_trade_api/stream.py", line 99, in _auth
    raise ValueError(msg[0].get('msg', 'auth failed'))
ValueError: connection limit exceeded
data websocket error, restarting connection: server rejected WebSocket connection: HTTP 429
error during websocket communication: connection limit exceeded
Traceback (most recent call last):
  File "/home/ubuntu/trading_bot_phase1/venv/lib/python3.12/site-packages/alpaca_trade_api/stream.py", line 251, in _run_forever
    await self._start_ws()
  File "/home/ubuntu/trading_bot_phase1/venv/lib/python3.12/site-packages/alpaca_trade_api/stream.py", line 105, in _start_ws
    await self._auth()
  File "/home/ubuntu/trading_bot_phase1/venv/lib/python3.12/site-packages/alpaca_trade_api/stream.py", line 99, in _auth
    raise ValueError(msg[0].get('msg', 'auth failed'))
ValueError: connection limit exceeded
data websocket error, restarting connection: server rejected WebSocket connection: HTTP 429
error during websocket communication: connection limit exceeded
Traceback (most recent call last):
  File "/home/ubuntu/trading_bot_phase1/venv/lib/python3.12/site-packages/alpaca_trade_api/stream.py", line 251, in _run_forever
    await self._start_ws()
  File "/home/ubuntu/trading_bot_phase1/venv/lib/python3.12/site-packages/alpaca_trade_api/stream.py", line 105, in _start_ws
    await self._auth()
  File "/home/ubuntu/trading_bot_phase1/venv/lib/python3.12/site-packages/alpaca_trade_api/stream.py", line 99, in _auth
    raise ValueError(msg[0].get('msg', 'auth failed'))
ValueError: connection limit exceeded
error during websocket communication: connection limit exceeded
Traceback (most recent call last):
  File "/home/ubuntu/trading_bot_phase1/venv/lib/python3.12/site-packages/alpaca_trade_api/stream.py", line 251, in _run_forever
    await self._start_ws()
  File "/home/ubuntu/trading_bot_phase1/venv/lib/python3.12/site-packages/alpaca_trade_api/stream.py", line 105, in _start_ws
    await self._auth()
  File "/home/ubuntu/trading_bot_phase1/venv/lib/python3.12/site-packages/alpaca_trade_api/stream.py", line 99, in _auth
    raise ValueError(msg[0].get('msg', 'auth failed'))
ValueError: connection limit exceeded
data websocket error, restarting connection: server rejected WebSocket connection: HTTP 429
error during websocket communication: connection limit exceeded
Traceback (most recent call last):
  File "/home/ubuntu/trading_bot_phase1/venv/lib/python3.12/site-packages/alpaca_trade_api/stream.py", line 251, in _run_forever
    await self._start_ws()
  File "/home/ubuntu/trading_bot_phase1/venv/lib/python3.12/site-packages/alpaca_trade_api/stream.py", line 105, in _start_ws
    await self._auth()
  File "/home/ubuntu/trading_bot_phase1/venv/lib/python3.12/site-packages/alpaca_trade_api/stream.py", line 99, in _auth
    raise ValueError(msg[0].get('msg', 'auth failed'))
ValueError: connection limit exceeded
data websocket error, restarting connection: server rejected WebSocket connection: HTTP 429
error during websocket communication: connection limit exceeded
Traceback (most recent call last):
  File "/home/ubuntu/trading_bot_phase1/venv/lib/python3.12/site-packages/alpaca_trade_api/stream.py", line 251, in _run_forever
    await self._start_ws()
  File "/home/ubuntu/trading_bot_phase1/venv/lib/python3.12/site-packages/alpaca_trade_api/stream.py", line 105, in _start_ws
    await self._auth()
  File "/home/ubuntu/trading_bot_phase1/venv/lib/python3.12/site-packages/alpaca_trade_api/stream.py", line 99, in _auth
    raise ValueError(msg[0].get('msg', 'auth failed'))
ValueError: connection limit exceeded
error during websocket communication: connection limit exceeded
Traceback (most recent call last):
  File "/home/ubuntu/trading_bot_phase1/venv/lib/python3.12/site-packages/alpaca_trade_api/stream.py", line 251, in _run_forever
    await self._start_ws()
  File "/home/ubuntu/trading_bot_phase1/venv/lib/python3.12/site-packages/alpaca_trade_api/stream.py", line 105, in _start_ws
    await self._auth()
  File "/home/ubuntu/trading_bot_phase1/venv/lib/python3.12/site-packages/alpaca_trade_api/stream.py", line 99, in _auth
    raise ValueError(msg[0].get('msg', 'auth failed'))
ValueError: connection limit exceeded
error during websocket communication: connection limit exceeded
Traceback (most recent call last):
  File "/home/ubuntu/trading_bot_phase1/venv/lib/python3.12/site-packages/alpaca_trade_api/stream.py", line 251, in _run_forever
    await self._start_ws()
  File "/home/ubuntu/trading_bot_phase1/venv/lib/python3.12/site-packages/alpaca_trade_api/stream.py", line 105, in _start_ws
    await self._auth()
  File "/home/ubuntu/trading_bot_phase1/venv/lib/python3.12/site-packages/alpaca_trade_api/stream.py", line 99, in _auth
    raise ValueError(msg[0].get('msg', 'auth failed'))
ValueError: connection limit exceeded
error during websocket communication: connection limit exceeded
Traceback (most recent call last):
  File "/home/ubuntu/trading_bot_phase1/venv/lib/python3.12/site-packages/alpaca_trade_api/stream.py", line 251, in _run_forever
    await self._start_ws()
  File "/home/ubuntu/trading_bot_phase1/venv/lib/python3.12/site-packages/alpaca_trade_api/stream.py", line 105, in _start_ws
    await self._auth()
  File "/home/ubuntu/trading_bot_phase1/venv/lib/python3.12/site-packages/alpaca_trade_api/stream.py", line 99, in _auth
    raise ValueError(msg[0].get('msg', 'auth failed'))
ValueError: connection limit exceeded
data websocket error, restarting connection: server rejected WebSocket connection: HTTP 429
data websocket error, restarting connection: server rejected WebSocket connection: HTTP 429
data websocket error, restarting connection: server rejected WebSocket connection: HTTP 429
error during websocket communication: connection limit exceeded
Traceback (most recent call last):
  File "/home/ubuntu/trading_bot_phase1/venv/lib/python3.12/site-packages/alpaca_trade_api/stream.py", line 251, in _run_forever
    await self._start_ws()
  File "/home/ubuntu/trading_bot_phase1/venv/lib/python3.12/site-packages/alpaca_trade_api/stream.py", line 105, in _start_ws
    await self._auth()
  File "/home/ubuntu/trading_bot_phase1/venv/lib/python3.12/site-packages/alpaca_trade_api/stream.py", line 99, in _auth
    raise ValueError(msg[0].get('msg', 'auth failed'))
ValueError: connection limit exceeded
data websocket error, restarting connection: server rejected WebSocket connection: HTTP 429
error during websocket communication: connection limit exceeded
Traceback (most recent call last):
  File "/home/ubuntu/trading_bot_phase1/venv/lib/python3.12/site-packages/alpaca_trade_api/stream.py", line 251, in _run_forever
    await self._start_ws()
  File "/home/ubuntu/trading_bot_phase1/venv/lib/python3.12/site-packages/alpaca_trade_api/stream.py", line 105, in _start_ws
    await self._auth()
  File "/home/ubuntu/trading_bot_phase1/venv/lib/python3.12/site-packages/alpaca_trade_api/stream.py", line 99, in _auth
    raise ValueError(msg[0].get('msg', 'auth failed'))
ValueError: connection limit exceeded
data websocket error, restarting connection: server rejected WebSocket connection: HTTP 429
data websocket error, restarting connection: server rejected WebSocket connection: HTTP 429
data websocket error, restarting connection: server rejected WebSocket connection: HTTP 429
error during websocket communication: connection limit exceeded
Traceback (most recent call last):
  File "/home/ubuntu/trading_bot_phase1/venv/lib/python3.12/site-packages/alpaca_trade_api/stream.py", line 251, in _run_forever
    await self._start_ws()
  File "/home/ubuntu/trading_bot_phase1/venv/lib/python3.12/site-packages/alpaca_trade_api/stream.py", line 105, in _start_ws
    await self._auth()
  File "/home/ubuntu/trading_bot_phase1/venv/lib/python3.12/site-packages/alpaca_trade_api/stream.py", line 99, in _auth
    raise ValueError(msg[0].get('msg', 'auth failed'))
ValueError: connection limit exceeded
error during websocket communication: connection limit exceeded
Traceback (most recent call last):
  File "/home/ubuntu/trading_bot_phase1/venv/lib/python3.12/site-packages/alpaca_trade_api/stream.py", line 251, in _run_forever
    await self._start_ws()
  File "/home/ubuntu/trading_bot_phase1/venv/lib/python3.12/site-packages/alpaca_trade_api/stream.py", line 105, in _start_ws
    await self._auth()
  File "/home/ubuntu/trading_bot_phase1/venv/lib/python3.12/site-packages/alpaca_trade_api/stream.py", line 99, in _auth
    raise ValueError(msg[0].get('msg', 'auth failed'))
ValueError: connection limit exceeded
error during websocket communication: connection limit exceeded
Traceback (most recent call last):
  File "/home/ubuntu/trading_bot_phase1/venv/lib/python3.12/site-packages/alpaca_trade_api/stream.py", line 251, in _run_forever
    await self._start_ws()
  File "/home/ubuntu/trading_bot_phase1/venv/lib/python3.12/site-packages/alpaca_trade_api/stream.py", line 105, in _start_ws
    await self._auth()
  File "/home/ubuntu/trading_bot_phase1/venv/lib/python3.12/site-packages/alpaca_trade_api/stream.py", line 99, in _auth
    raise ValueError(msg[0].get('msg', 'auth failed'))
ValueError: connection limit exceeded
data websocket error, restarting connection: server rejected WebSocket connection: HTTP 429
data websocket error, restarting connection: server rejected WebSocket connection: HTTP 429
error during websocket communication: connection limit exceeded
Traceback (most recent call last):
  File "/home/ubuntu/trading_bot_phase1/venv/lib/python3.12/site-packages/alpaca_trade_api/stream.py", line 251, in _run_forever
    await self._start_ws()
  File "/home/ubuntu/trading_bot_phase1/venv/lib/python3.12/site-packages/alpaca_trade_api/stream.py", line 105, in _start_ws
    await self._auth()
  File "/home/ubuntu/trading_bot_phase1/venv/lib/python3.12/site-packages/alpaca_trade_api/stream.py", line 99, in _auth
    raise ValueError(msg[0].get('msg', 'auth failed'))
ValueError: connection limit exceeded
data websocket error, restarting connection: server rejected WebSocket connection: HTTP 429
error during websocket communication: connection limit exceeded
Traceback (most recent call last):
  File "/home/ubuntu/trading_bot_phase1/venv/lib/python3.12/site-packages/alpaca_trade_api/stream.py", line 251, in _run_forever
    await self._start_ws()
  File "/home/ubuntu/trading_bot_phase1/venv/lib/python3.12/site-packages/alpaca_trade_api/stream.py", line 105, in _start_ws
    await self._auth()
  File "/home/ubuntu/trading_bot_phase1/venv/lib/python3.12/site-packages/alpaca_trade_api/stream.py", line 99, in _auth
    raise ValueError(msg[0].get('msg', 'auth failed'))
ValueError: connection limit exceeded
data websocket error, restarting connection: server rejected WebSocket connection: HTTP 429
error during websocket communication: connection limit exceeded
Traceback (most recent call last):
  File "/home/ubuntu/trading_bot_phase1/venv/lib/python3.12/site-packages/alpaca_trade_api/stream.py", line 251, in _run_forever
    await self._start_ws()
  File "/home/ubuntu/trading_bot_phase1/venv/lib/python3.12/site-packages/alpaca_trade_api/stream.py", line 105, in _start_ws
    await self._auth()
  File "/home/ubuntu/trading_bot_phase1/venv/lib/python3.12/site-packages/alpaca_trade_api/stream.py", line 99, in _auth
    raise ValueError(msg[0].get('msg', 'auth failed'))
ValueError: connection limit exceeded
data websocket error, restarting connection: server rejected WebSocket connection: HTTP 429
error during websocket communication: connection limit exceeded
Traceback (most recent call last):
  File "/home/ubuntu/trading_bot_phase1/venv/lib/python3.12/site-packages/alpaca_trade_api/stream.py", line 251, in _run_forever
    await self._start_ws()
  File "/home/ubuntu/trading_bot_phase1/venv/lib/python3.12/site-packages/alpaca_trade_api/stream.py", line 105, in _start_ws
    await self._auth()
  File "/home/ubuntu/trading_bot_phase1/venv/lib/python3.12/site-packages/alpaca_trade_api/stream.py", line 99, in _auth
    raise ValueError(msg[0].get('msg', 'auth failed'))
ValueError: connection limit exceeded
error during websocket communication: connection limit exceeded
Traceback (most recent call last):
  File "/home/ubuntu/trading_bot_phase1/venv/lib/python3.12/site-packages/alpaca_trade_api/stream.py", line 251, in _run_forever
    await self._start_ws()
  File "/home/ubuntu/trading_bot_phase1/venv/lib/python3.12/site-packages/alpaca_trade_api/stream.py", line 105, in _start_ws
    await self._auth()
  File "/home/ubuntu/trading_bot_phase1/venv/lib/python3.12/site-packages/alpaca_trade_api/stream.py", line 99, in _auth
    raise ValueError(msg[0].get('msg', 'auth failed'))
ValueError: connection limit exceeded
data websocket error, restarting connection: server rejected WebSocket connection: HTTP 429
error during websocket communication: connection limit exceeded
Traceback (most recent call last):
  File "/home/ubuntu/trading_bot_phase1/venv/lib/python3.12/site-packages/alpaca_trade_api/stream.py", line 251, in _run_forever
    await self._start_ws()
  File "/home/ubuntu/trading_bot_phase1/venv/lib/python3.12/site-packages/alpaca_trade_api/stream.py", line 105, in _start_ws
    await self._auth()
  File "/home/ubuntu/trading_bot_phase1/venv/lib/python3.12/site-packages/alpaca_trade_api/stream.py", line 99, in _auth
    raise ValueError(msg[0].get('msg', 'auth failed'))
ValueError: connection limit exceeded
data websocket error, restarting connection: server rejected WebSocket connection: HTTP 429
data websocket error, restarting connection: server rejected WebSocket connection: HTTP 429
data websocket error, restarting connection: server rejected WebSocket connection: HTTP 429
data websocket error, restarting connection: server rejected WebSocket connection: HTTP 429
error during websocket communication: connection limit exceeded
Traceback (most recent call last):
  File "/home/ubuntu/trading_bot_phase1/venv/lib/python3.12/site-packages/alpaca_trade_api/stream.py", line 251, in _run_forever
    await self._start_ws()
  File "/home/ubuntu/trading_bot_phase1/venv/lib/python3.12/site-packages/alpaca_trade_api/stream.py", line 105, in _start_ws
    await self._auth()
  File "/home/ubuntu/trading_bot_phase1/venv/lib/python3.12/site-packages/alpaca_trade_api/stream.py", line 99, in _auth
    raise ValueError(msg[0].get('msg', 'auth failed'))
ValueError: connection limit exceeded
error during websocket communication: connection limit exceeded
Traceback (most recent call last):
  File "/home/ubuntu/trading_bot_phase1/venv/lib/python3.12/site-packages/alpaca_trade_api/stream.py", line 251, in _run_forever
    await self._start_ws()
  File "/home/ubuntu/trading_bot_phase1/venv/lib/python3.12/site-packages/alpaca_trade_api/stream.py", line 105, in _start_ws
    await self._auth()
  File "/home/ubuntu/trading_bot_phase1/venv/lib/python3.12/site-packages/alpaca_trade_api/stream.py", line 99, in _auth
    raise ValueError(msg[0].get('msg', 'auth failed'))
ValueError: connection limit exceeded
error during websocket communication: connection limit exceeded
Traceback (most recent call last):
  File "/home/ubuntu/trading_bot_phase1/venv/lib/python3.12/site-packages/alpaca_trade_api/stream.py", line 251, in _run_forever
    await self._start_ws()
  File "/home/ubuntu/trading_bot_phase1/venv/lib/python3.12/site-packages/alpaca_trade_api/stream.py", line 105, in _start_ws
    await self._auth()
  File "/home/ubuntu/trading_bot_phase1/venv/lib/python3.12/site-packages/alpaca_trade_api/stream.py", line 99, in _auth
    raise ValueError(msg[0].get('msg', 'auth failed'))
ValueError: connection limit exceeded
data websocket error, restarting connection: server rejected WebSocket connection: HTTP 429
error during websocket communication: connection limit exceeded
Traceback (most recent call last):
  File "/home/ubuntu/trading_bot_phase1/venv/lib/python3.12/site-packages/alpaca_trade_api/stream.py", line 251, in _run_forever
    await self._start_ws()
  File "/home/ubuntu/trading_bot_phase1/venv/lib/python3.12/site-packages/alpaca_trade_api/stream.py", line 105, in _start_ws
    await self._auth()
  File "/home/ubuntu/trading_bot_phase1/venv/lib/python3.12/site-packages/alpaca_trade_api/stream.py", line 99, in _auth
    raise ValueError(msg[0].get('msg', 'auth failed'))
ValueError: connection limit exceeded
data websocket error, restarting connection: server rejected WebSocket connection: HTTP 429
data websocket error, restarting connection: server rejected WebSocket connection: HTTP 429
error during websocket communication: connection limit exceeded
Traceback (most recent call last):
  File "/home/ubuntu/trading_bot_phase1/venv/lib/python3.12/site-packages/alpaca_trade_api/stream.py", line 251, in _run_forever
    await self._start_ws()
  File "/home/ubuntu/trading_bot_phase1/venv/lib/python3.12/site-packages/alpaca_trade_api/stream.py", line 105, in _start_ws
    await self._auth()
  File "/home/ubuntu/trading_bot_phase1/venv/lib/python3.12/site-packages/alpaca_trade_api/stream.py", line 99, in _auth
    raise ValueError(msg[0].get('msg', 'auth failed'))
ValueError: connection limit exceeded
data websocket error, restarting connection: server rejected WebSocket connection: HTTP 429
error during websocket communication: connection limit exceeded
Traceback (most recent call last):
  File "/home/ubuntu/trading_bot_phase1/venv/lib/python3.12/site-packages/alpaca_trade_api/stream.py", line 251, in _run_forever
    await self._start_ws()
  File "/home/ubuntu/trading_bot_phase1/venv/lib/python3.12/site-packages/alpaca_trade_api/stream.py", line 105, in _start_ws
    await self._auth()
  File "/home/ubuntu/trading_bot_phase1/venv/lib/python3.12/site-packages/alpaca_trade_api/stream.py", line 99, in _auth
    raise ValueError(msg[0].get('msg', 'auth failed'))
ValueError: connection limit exceeded
error during websocket communication: connection limit exceeded
Traceback (most recent call last):
  File "/home/ubuntu/trading_bot_phase1/venv/lib/python3.12/site-packages/alpaca_trade_api/stream.py", line 251, in _run_forever
    await self._start_ws()
  File "/home/ubuntu/trading_bot_phase1/venv/lib/python3.12/site-packages/alpaca_trade_api/stream.py", line 105, in _start_ws
    await self._auth()
  File "/home/ubuntu/trading_bot_phase1/venv/lib/python3.12/site-packages/alpaca_trade_api/stream.py", line 99, in _auth
    raise ValueError(msg[0].get('msg', 'auth failed'))
ValueError: connection limit exceeded
data websocket error, restarting connection: server rejected WebSocket connection: HTTP 429
error during websocket communication: connection limit exceeded
Traceback (most recent call last):
  File "/home/ubuntu/trading_bot_phase1/venv/lib/python3.12/site-packages/alpaca_trade_api/stream.py", line 251, in _run_forever
    await self._start_ws()
  File "/home/ubuntu/trading_bot_phase1/venv/lib/python3.12/site-packages/alpaca_trade_api/stream.py", line 105, in _start_ws
    await self._auth()
  File "/home/ubuntu/trading_bot_phase1/venv/lib/python3.12/site-packages/alpaca_trade_api/stream.py", line 99, in _auth
    raise ValueError(msg[0].get('msg', 'auth failed'))
ValueError: connection limit exceeded
data websocket error, restarting connection: server rejected WebSocket connection: HTTP 429
error during websocket communication: connection limit exceeded
Traceback (most recent call last):
  File "/home/ubuntu/trading_bot_phase1/venv/lib/python3.12/site-packages/alpaca_trade_api/stream.py", line 251, in _run_forever
    await self._start_ws()
  File "/home/ubuntu/trading_bot_phase1/venv/lib/python3.12/site-packages/alpaca_trade_api/stream.py", line 105, in _start_ws
    await self._auth()
  File "/home/ubuntu/trading_bot_phase1/venv/lib/python3.12/site-packages/alpaca_trade_api/stream.py", line 99, in _auth
    raise ValueError(msg[0].get('msg', 'auth failed'))
ValueError: connection limit exceeded
error during websocket communication: connection limit exceeded
Traceback (most recent call last):
  File "/home/ubuntu/trading_bot_phase1/venv/lib/python3.12/site-packages/alpaca_trade_api/stream.py", line 251, in _run_forever
    await self._start_ws()
  File "/home/ubuntu/trading_bot_phase1/venv/lib/python3.12/site-packages/alpaca_trade_api/stream.py", line 105, in _start_ws
    await self._auth()
  File "/home/ubuntu/trading_bot_phase1/venv/lib/python3.12/site-packages/alpaca_trade_api/stream.py", line 99, in _auth
    raise ValueError(msg[0].get('msg', 'auth failed'))
ValueError: connection limit exceeded
data websocket error, restarting connection: server rejected WebSocket connection: HTTP 429
error during websocket communication: connection limit exceeded
Traceback (most recent call last):
  File "/home/ubuntu/trading_bot_phase1/venv/lib/python3.12/site-packages/alpaca_trade_api/stream.py", line 251, in _run_forever
    await self._start_ws()
  File "/home/ubuntu/trading_bot_phase1/venv/lib/python3.12/site-packages/alpaca_trade_api/stream.py", line 105, in _start_ws
    await self._auth()
  File "/home/ubuntu/trading_bot_phase1/venv/lib/python3.12/site-packages/alpaca_trade_api/stream.py", line 99, in _auth
    raise ValueError(msg[0].get('msg', 'auth failed'))
ValueError: connection limit exceeded
data websocket error, restarting connection: server rejected WebSocket connection: HTTP 429
error during websocket communication: connection limit exceeded
Traceback (most recent call last):
  File "/home/ubuntu/trading_bot_phase1/venv/lib/python3.12/site-packages/alpaca_trade_api/stream.py", line 251, in _run_forever
    await self._start_ws()
  File "/home/ubuntu/trading_bot_phase1/venv/lib/python3.12/site-packages/alpaca_trade_api/stream.py", line 105, in _start_ws
    await self._auth()
  File "/home/ubuntu/trading_bot_phase1/venv/lib/python3.12/site-packages/alpaca_trade_api/stream.py", line 99, in _auth
    raise ValueError(msg[0].get('msg', 'auth failed'))
ValueError: connection limit exceeded
data websocket error, restarting connection: server rejected WebSocket connection: HTTP 429
error during websocket communication: connection limit exceeded
Traceback (most recent call last):
  File "/home/ubuntu/trading_bot_phase1/venv/lib/python3.12/site-packages/alpaca_trade_api/stream.py", line 251, in _run_forever
    await self._start_ws()
  File "/home/ubuntu/trading_bot_phase1/venv/lib/python3.12/site-packages/alpaca_trade_api/stream.py", line 105, in _start_ws
    await self._auth()
  File "/home/ubuntu/trading_bot_phase1/venv/lib/python3.12/site-packages/alpaca_trade_api/stream.py", line 99, in _auth
    raise ValueError(msg[0].get('msg', 'auth failed'))
ValueError: connection limit exceeded
error during websocket communication: connection limit exceeded
Traceback (most recent call last):
  File "/home/ubuntu/trading_bot_phase1/venv/lib/python3.12/site-packages/alpaca_trade_api/stream.py", line 251, in _run_forever
    await self._start_ws()
  File "/home/ubuntu/trading_bot_phase1/venv/lib/python3.12/site-packages/alpaca_trade_api/stream.py", line 105, in _start_ws
    await self._auth()
  File "/home/ubuntu/trading_bot_phase1/venv/lib/python3.12/site-packages/alpaca_trade_api/stream.py", line 99, in _auth
    raise ValueError(msg[0].get('msg', 'auth failed'))
ValueError: connection limit exceeded
error during websocket communication: connection limit exceeded
Traceback (most recent call last):
  File "/home/ubuntu/trading_bot_phase1/venv/lib/python3.12/site-packages/alpaca_trade_api/stream.py", line 251, in _run_forever
    await self._start_ws()
  File "/home/ubuntu/trading_bot_phase1/venv/lib/python3.12/site-packages/alpaca_trade_api/stream.py", line 105, in _start_ws
    await self._auth()
  File "/home/ubuntu/trading_bot_phase1/venv/lib/python3.12/site-packages/alpaca_trade_api/stream.py", line 99, in _auth
    raise ValueError(msg[0].get('msg', 'auth failed'))
ValueError: connection limit exceeded
error during websocket communication: connection limit exceeded
Traceback (most recent call last):
  File "/home/ubuntu/trading_bot_phase1/venv/lib/python3.12/site-packages/alpaca_trade_api/stream.py", line 251, in _run_forever
    await self._start_ws()
  File "/home/ubuntu/trading_bot_phase1/venv/lib/python3.12/site-packages/alpaca_trade_api/stream.py", line 105, in _start_ws
    await self._auth()
  File "/home/ubuntu/trading_bot_phase1/venv/lib/python3.12/site-packages/alpaca_trade_api/stream.py", line 99, in _auth
    raise ValueError(msg[0].get('msg', 'auth failed'))
ValueError: connection limit exceeded
error during websocket communication: connection limit exceeded
Traceback (most recent call last):
  File "/home/ubuntu/trading_bot_phase1/venv/lib/python3.12/site-packages/alpaca_trade_api/stream.py", line 251, in _run_forever
    await self._start_ws()
  File "/home/ubuntu/trading_bot_phase1/venv/lib/python3.12/site-packages/alpaca_trade_api/stream.py", line 105, in _start_ws
    await self._auth()
  File "/home/ubuntu/trading_bot_phase1/venv/lib/python3.12/site-packages/alpaca_trade_api/stream.py", line 99, in _auth
    raise ValueError(msg[0].get('msg', 'auth failed'))
ValueError: connection limit exceeded
data websocket error, restarting connection: server rejected WebSocket connection: HTTP 429
data websocket error, restarting connection: server rejected WebSocket connection: HTTP 429
error during websocket communication: connection limit exceeded
Traceback (most recent call last):
  File "/home/ubuntu/trading_bot_phase1/venv/lib/python3.12/site-packages/alpaca_trade_api/stream.py", line 251, in _run_forever
    await self._start_ws()
  File "/home/ubuntu/trading_bot_phase1/venv/lib/python3.12/site-packages/alpaca_trade_api/stream.py", line 105, in _start_ws
    await self._auth()
  File "/home/ubuntu/trading_bot_phase1/venv/lib/python3.12/site-packages/alpaca_trade_api/stream.py", line 99, in _auth
    raise ValueError(msg[0].get('msg', 'auth failed'))
ValueError: connection limit exceeded
error during websocket communication: connection limit exceeded
Traceback (most recent call last):
  File "/home/ubuntu/trading_bot_phase1/venv/lib/python3.12/site-packages/alpaca_trade_api/stream.py", line 251, in _run_forever
    await self._start_ws()
  File "/home/ubuntu/trading_bot_phase1/venv/lib/python3.12/site-packages/alpaca_trade_api/stream.py", line 105, in _start_ws
    await self._auth()
  File "/home/ubuntu/trading_bot_phase1/venv/lib/python3.12/site-packages/alpaca_trade_api/stream.py", line 99, in _auth
    raise ValueError(msg[0].get('msg', 'auth failed'))
ValueError: connection limit exceeded
error during websocket communication: connection limit exceeded
Traceback (most recent call last):
  File "/home/ubuntu/trading_bot_phase1/venv/lib/python3.12/site-packages/alpaca_trade_api/stream.py", line 251, in _run_forever
    await self._start_ws()
  File "/home/ubuntu/trading_bot_phase1/venv/lib/python3.12/site-packages/alpaca_trade_api/stream.py", line 105, in _start_ws
    await self._auth()
  File "/home/ubuntu/trading_bot_phase1/venv/lib/python3.12/site-packages/alpaca_trade_api/stream.py", line 99, in _auth
    raise ValueError(msg[0].get('msg', 'auth failed'))
ValueError: connection limit exceeded
data websocket error, restarting connection: server rejected WebSocket connection: HTTP 429
data websocket error, restarting connection: server rejected WebSocket connection: HTTP 429
error during websocket communication: connection limit exceeded
Traceback (most recent call last):
  File "/home/ubuntu/trading_bot_phase1/venv/lib/python3.12/site-packages/alpaca_trade_api/stream.py", line 251, in _run_forever
    await self._start_ws()
  File "/home/ubuntu/trading_bot_phase1/venv/lib/python3.12/site-packages/alpaca_trade_api/stream.py", line 105, in _start_ws
    await self._auth()
  File "/home/ubuntu/trading_bot_phase1/venv/lib/python3.12/site-packages/alpaca_trade_api/stream.py", line 99, in _auth
    raise ValueError(msg[0].get('msg', 'auth failed'))
ValueError: connection limit exceeded
error during websocket communication: connection limit exceeded
Traceback (most recent call last):
  File "/home/ubuntu/trading_bot_phase1/venv/lib/python3.12/site-packages/alpaca_trade_api/stream.py", line 251, in _run_forever
    await self._start_ws()
  File "/home/ubuntu/trading_bot_phase1/venv/lib/python3.12/site-packages/alpaca_trade_api/stream.py", line 105, in _start_ws
    await self._auth()
  File "/home/ubuntu/trading_bot_phase1/venv/lib/python3.12/site-packages/alpaca_trade_api/stream.py", line 99, in _auth
    raise ValueError(msg[0].get('msg', 'auth failed'))
ValueError: connection limit exceeded
data websocket error, restarting connection: server rejected WebSocket connection: HTTP 429
error during websocket communication: connection limit exceeded
Traceback (most recent call last):
  File "/home/ubuntu/trading_bot_phase1/venv/lib/python3.12/site-packages/alpaca_trade_api/stream.py", line 251, in _run_forever
    await self._start_ws()
  File "/home/ubuntu/trading_bot_phase1/venv/lib/python3.12/site-packages/alpaca_trade_api/stream.py", line 105, in _start_ws
    await self._auth()
  File "/home/ubuntu/trading_bot_phase1/venv/lib/python3.12/site-packages/alpaca_trade_api/stream.py", line 99, in _auth
    raise ValueError(msg[0].get('msg', 'auth failed'))
ValueError: connection limit exceeded
data websocket error, restarting connection: server rejected WebSocket connection: HTTP 429
error during websocket communication: connection limit exceeded
Traceback (most recent call last):
  File "/home/ubuntu/trading_bot_phase1/venv/lib/python3.12/site-packages/alpaca_trade_api/stream.py", line 251, in _run_forever
    await self._start_ws()
  File "/home/ubuntu/trading_bot_phase1/venv/lib/python3.12/site-packages/alpaca_trade_api/stream.py", line 105, in _start_ws
    await self._auth()
  File "/home/ubuntu/trading_bot_phase1/venv/lib/python3.12/site-packages/alpaca_trade_api/stream.py", line 99, in _auth
    raise ValueError(msg[0].get('msg', 'auth failed'))
ValueError: connection limit exceeded
error during websocket communication: connection limit exceeded
Traceback (most recent call last):
  File "/home/ubuntu/trading_bot_phase1/venv/lib/python3.12/site-packages/alpaca_trade_api/stream.py", line 251, in _run_forever
    await self._start_ws()
  File "/home/ubuntu/trading_bot_phase1/venv/lib/python3.12/site-packages/alpaca_trade_api/stream.py", line 105, in _start_ws
    await self._auth()
  File "/home/ubuntu/trading_bot_phase1/venv/lib/python3.12/site-packages/alpaca_trade_api/stream.py", line 99, in _auth
    raise ValueError(msg[0].get('msg', 'auth failed'))
ValueError: connection limit exceeded
data websocket error, restarting connection: server rejected WebSocket connection: HTTP 429
error during websocket communication: connection limit exceeded
Traceback (most recent call last):
  File "/home/ubuntu/trading_bot_phase1/venv/lib/python3.12/site-packages/alpaca_trade_api/stream.py", line 251, in _run_forever
    await self._start_ws()
  File "/home/ubuntu/trading_bot_phase1/venv/lib/python3.12/site-packages/alpaca_trade_api/stream.py", line 105, in _start_ws
    await self._auth()
  File "/home/ubuntu/trading_bot_phase1/venv/lib/python3.12/site-packages/alpaca_trade_api/stream.py", line 99, in _auth
    raise ValueError(msg[0].get('msg', 'auth failed'))
ValueError: connection limit exceeded
error during websocket communication: connection limit exceeded
Traceback (most recent call last):
  File "/home/ubuntu/trading_bot_phase1/venv/lib/python3.12/site-packages/alpaca_trade_api/stream.py", line 251, in _run_forever
    await self._start_ws()
  File "/home/ubuntu/trading_bot_phase1/venv/lib/python3.12/site-packages/alpaca_trade_api/stream.py", line 105, in _start_ws
    await self._auth()
  File "/home/ubuntu/trading_bot_phase1/venv/lib/python3.12/site-packages/alpaca_trade_api/stream.py", line 99, in _auth
    raise ValueError(msg[0].get('msg', 'auth failed'))
ValueError: connection limit exceeded
error during websocket communication: connection limit exceeded
Traceback (most recent call last):
  File "/home/ubuntu/trading_bot_phase1/venv/lib/python3.12/site-packages/alpaca_trade_api/stream.py", line 251, in _run_forever
    await self._start_ws()
  File "/home/ubuntu/trading_bot_phase1/venv/lib/python3.12/site-packages/alpaca_trade_api/stream.py", line 105, in _start_ws
    await self._auth()
  File "/home/ubuntu/trading_bot_phase1/venv/lib/python3.12/site-packages/alpaca_trade_api/stream.py", line 99, in _auth
    raise ValueError(msg[0].get('msg', 'auth failed'))
ValueError: connection limit exceeded
error during websocket communication: connection limit exceeded
Traceback (most recent call last):
  File "/home/ubuntu/trading_bot_phase1/venv/lib/python3.12/site-packages/alpaca_trade_api/stream.py", line 251, in _run_forever
    await self._start_ws()
  File "/home/ubuntu/trading_bot_phase1/venv/lib/python3.12/site-packages/alpaca_trade_api/stream.py", line 105, in _start_ws
    await self._auth()
  File "/home/ubuntu/trading_bot_phase1/venv/lib/python3.12/site-packages/alpaca_trade_api/stream.py", line 99, in _auth
    raise ValueError(msg[0].get('msg', 'auth failed'))
ValueError: connection limit exceeded
data websocket error, restarting connection: server rejected WebSocket connection: HTTP 429
data websocket error, restarting connection: server rejected WebSocket connection: HTTP 429
error during websocket communication: connection limit exceeded
Traceback (most recent call last):
  File "/home/ubuntu/trading_bot_phase1/venv/lib/python3.12/site-packages/alpaca_trade_api/stream.py", line 251, in _run_forever
    await self._start_ws()
  File "/home/ubuntu/trading_bot_phase1/venv/lib/python3.12/site-packages/alpaca_trade_api/stream.py", line 105, in _start_ws
    await self._auth()
  File "/home/ubuntu/trading_bot_phase1/venv/lib/python3.12/site-packages/alpaca_trade_api/stream.py", line 99, in _auth
    raise ValueError(msg[0].get('msg', 'auth failed'))
ValueError: connection limit exceeded
data websocket error, restarting connection: server rejected WebSocket connection: HTTP 429
data websocket error, restarting connection: server rejected WebSocket connection: HTTP 429
data websocket error, restarting connection: server rejected WebSocket connection: HTTP 429
data websocket error, restarting connection: server rejected WebSocket connection: HTTP 429
data websocket error, restarting connection: server rejected WebSocket connection: HTTP 429
data websocket error, restarting connection: server rejected WebSocket connection: HTTP 429
data websocket error, restarting connection: server rejected WebSocket connection: HTTP 429
data websocket error, restarting connection: server rejected WebSocket connection: HTTP 429
data websocket error, restarting connection: server rejected WebSocket connection: HTTP 429
data websocket error, restarting connection: server rejected WebSocket connection: HTTP 429
data websocket error, restarting connection: server rejected WebSocket connection: HTTP 429
data websocket error, restarting connection: server rejected WebSocket connection: HTTP 429
data websocket error, restarting connection: server rejected WebSocket connection: HTTP 429
data websocket error, restarting connection: server rejected WebSocket connection: HTTP 429
error during websocket communication: connection limit exceeded
Traceback (most recent call last):
  File "/home/ubuntu/trading_bot_phase1/venv/lib/python3.12/site-packages/alpaca_trade_api/stream.py", line 251, in _run_forever
    await self._start_ws()
  File "/home/ubuntu/trading_bot_phase1/venv/lib/python3.12/site-packages/alpaca_trade_api/stream.py", line 105, in _start_ws
    await self._auth()
  File "/home/ubuntu/trading_bot_phase1/venv/lib/python3.12/site-packages/alpaca_trade_api/stream.py", line 99, in _auth
    raise ValueError(msg[0].get('msg', 'auth failed'))
ValueError: connection limit exceeded
error during websocket communication: connection limit exceeded
Traceback (most recent call last):
  File "/home/ubuntu/trading_bot_phase1/venv/lib/python3.12/site-packages/alpaca_trade_api/stream.py", line 251, in _run_forever
    await self._start_ws()
  File "/home/ubuntu/trading_bot_phase1/venv/lib/python3.12/site-packages/alpaca_trade_api/stream.py", line 105, in _start_ws
    await self._auth()
  File "/home/ubuntu/trading_bot_phase1/venv/lib/python3.12/site-packages/alpaca_trade_api/stream.py", line 99, in _auth
    raise ValueError(msg[0].get('msg', 'auth failed'))
ValueError: connection limit exceeded
data websocket error, restarting connection: server rejected WebSocket connection: HTTP 429
error during websocket communication: connection limit exceeded
Traceback (most recent call last):
  File "/home/ubuntu/trading_bot_phase1/venv/lib/python3.12/site-packages/alpaca_trade_api/stream.py", line 251, in _run_forever
    await self._start_ws()
  File "/home/ubuntu/trading_bot_phase1/venv/lib/python3.12/site-packages/alpaca_trade_api/stream.py", line 105, in _start_ws
    await self._auth()
  File "/home/ubuntu/trading_bot_phase1/venv/lib/python3.12/site-packages/alpaca_trade_api/stream.py", line 99, in _auth
    raise ValueError(msg[0].get('msg', 'auth failed'))
ValueError: connection limit exceeded
error during websocket communication: connection limit exceeded
Traceback (most recent call last):
  File "/home/ubuntu/trading_bot_phase1/venv/lib/python3.12/site-packages/alpaca_trade_api/stream.py", line 251, in _run_forever
    await self._start_ws()
  File "/home/ubuntu/trading_bot_phase1/venv/lib/python3.12/site-packages/alpaca_trade_api/stream.py", line 105, in _start_ws
    await self._auth()
  File "/home/ubuntu/trading_bot_phase1/venv/lib/python3.12/site-packages/alpaca_trade_api/stream.py", line 99, in _auth
    raise ValueError(msg[0].get('msg', 'auth failed'))
ValueError: connection limit exceeded
error during websocket communication: connection limit exceeded
Traceback (most recent call last):
  File "/home/ubuntu/trading_bot_phase1/venv/lib/python3.12/site-packages/alpaca_trade_api/stream.py", line 251, in _run_forever
    await self._start_ws()
  File "/home/ubuntu/trading_bot_phase1/venv/lib/python3.12/site-packages/alpaca_trade_api/stream.py", line 105, in _start_ws
    await self._auth()
  File "/home/ubuntu/trading_bot_phase1/venv/lib/python3.12/site-packages/alpaca_trade_api/stream.py", line 99, in _auth
    raise ValueError(msg[0].get('msg', 'auth failed'))
ValueError: connection limit exceeded
data websocket error, restarting connection: server rejected WebSocket connection: HTTP 429
error during websocket communication: connection limit exceeded
Traceback (most recent call last):
  File "/home/ubuntu/trading_bot_phase1/venv/lib/python3.12/site-packages/alpaca_trade_api/stream.py", line 251, in _run_forever
    await self._start_ws()
  File "/home/ubuntu/trading_bot_phase1/venv/lib/python3.12/site-packages/alpaca_trade_api/stream.py", line 105, in _start_ws
    await self._auth()
  File "/home/ubuntu/trading_bot_phase1/venv/lib/python3.12/site-packages/alpaca_trade_api/stream.py", line 99, in _auth
    raise ValueError(msg[0].get('msg', 'auth failed'))
ValueError: connection limit exceeded
data websocket error, restarting connection: server rejected WebSocket connection: HTTP 429
data websocket error, restarting connection: server rejected WebSocket connection: HTTP 429
error during websocket communication: connection limit exceeded
Traceback (most recent call last):
  File "/home/ubuntu/trading_bot_phase1/venv/lib/python3.12/site-packages/alpaca_trade_api/stream.py", line 251, in _run_forever
    await self._start_ws()
  File "/home/ubuntu/trading_bot_phase1/venv/lib/python3.12/site-packages/alpaca_trade_api/stream.py", line 105, in _start_ws
    await self._auth()
  File "/home/ubuntu/trading_bot_phase1/venv/lib/python3.12/site-packages/alpaca_trade_api/stream.py", line 99, in _auth
    raise ValueError(msg[0].get('msg', 'auth failed'))
ValueError: connection limit exceeded
data websocket error, restarting connection: server rejected WebSocket connection: HTTP 429
error during websocket communication: connection limit exceeded
Traceback (most recent call last):
  File "/home/ubuntu/trading_bot_phase1/venv/lib/python3.12/site-packages/alpaca_trade_api/stream.py", line 251, in _run_forever
    await self._start_ws()
  File "/home/ubuntu/trading_bot_phase1/venv/lib/python3.12/site-packages/alpaca_trade_api/stream.py", line 105, in _start_ws
    await self._auth()
  File "/home/ubuntu/trading_bot_phase1/venv/lib/python3.12/site-packages/alpaca_trade_api/stream.py", line 99, in _auth
    raise ValueError(msg[0].get('msg', 'auth failed'))
ValueError: connection limit exceeded
error during websocket communication: connection limit exceeded
Traceback (most recent call last):
  File "/home/ubuntu/trading_bot_phase1/venv/lib/python3.12/site-packages/alpaca_trade_api/stream.py", line 251, in _run_forever
    await self._start_ws()
  File "/home/ubuntu/trading_bot_phase1/venv/lib/python3.12/site-packages/alpaca_trade_api/stream.py", line 105, in _start_ws
    await self._auth()
  File "/home/ubuntu/trading_bot_phase1/venv/lib/python3.12/site-packages/alpaca_trade_api/stream.py", line 99, in _auth
    raise ValueError(msg[0].get('msg', 'auth failed'))
ValueError: connection limit exceeded
data websocket error, restarting connection: server rejected WebSocket connection: HTTP 429
error during websocket communication: connection limit exceeded
Traceback (most recent call last):
  File "/home/ubuntu/trading_bot_phase1/venv/lib/python3.12/site-packages/alpaca_trade_api/stream.py", line 251, in _run_forever
    await self._start_ws()
  File "/home/ubuntu/trading_bot_phase1/venv/lib/python3.12/site-packages/alpaca_trade_api/stream.py", line 105, in _start_ws
    await self._auth()
  File "/home/ubuntu/trading_bot_phase1/venv/lib/python3.12/site-packages/alpaca_trade_api/stream.py", line 99, in _auth
    raise ValueError(msg[0].get('msg', 'auth failed'))
ValueError: connection limit exceeded
error during websocket communication: connection limit exceeded
Traceback (most recent call last):
  File "/home/ubuntu/trading_bot_phase1/venv/lib/python3.12/site-packages/alpaca_trade_api/stream.py", line 251, in _run_forever
    await self._start_ws()
  File "/home/ubuntu/trading_bot_phase1/venv/lib/python3.12/site-packages/alpaca_trade_api/stream.py", line 105, in _start_ws
    await self._auth()
  File "/home/ubuntu/trading_bot_phase1/venv/lib/python3.12/site-packages/alpaca_trade_api/stream.py", line 99, in _auth
    raise ValueError(msg[0].get('msg', 'auth failed'))
ValueError: connection limit exceeded
data websocket error, restarting connection: server rejected WebSocket connection: HTTP 429
error during websocket communication: connection limit exceeded
Traceback (most recent call last):
  File "/home/ubuntu/trading_bot_phase1/venv/lib/python3.12/site-packages/alpaca_trade_api/stream.py", line 251, in _run_forever
    await self._start_ws()
  File "/home/ubuntu/trading_bot_phase1/venv/lib/python3.12/site-packages/alpaca_trade_api/stream.py", line 105, in _start_ws
    await self._auth()
  File "/home/ubuntu/trading_bot_phase1/venv/lib/python3.12/site-packages/alpaca_trade_api/stream.py", line 99, in _auth
    raise ValueError(msg[0].get('msg', 'auth failed'))
ValueError: connection limit exceeded
error during websocket communication: connection limit exceeded
Traceback (most recent call last):
  File "/home/ubuntu/trading_bot_phase1/venv/lib/python3.12/site-packages/alpaca_trade_api/stream.py", line 251, in _run_forever
    await self._start_ws()
  File "/home/ubuntu/trading_bot_phase1/venv/lib/python3.12/site-packages/alpaca_trade_api/stream.py", line 105, in _start_ws
    await self._auth()
  File "/home/ubuntu/trading_bot_phase1/venv/lib/python3.12/site-packages/alpaca_trade_api/stream.py", line 99, in _auth
    raise ValueError(msg[0].get('msg', 'auth failed'))
ValueError: connection limit exceeded
data websocket error, restarting connection: server rejected WebSocket connection: HTTP 429
error during websocket communication: connection limit exceeded
Traceback (most recent call last):
  File "/home/ubuntu/trading_bot_phase1/venv/lib/python3.12/site-packages/alpaca_trade_api/stream.py", line 251, in _run_forever
    await self._start_ws()
  File "/home/ubuntu/trading_bot_phase1/venv/lib/python3.12/site-packages/alpaca_trade_api/stream.py", line 105, in _start_ws
    await self._auth()
  File "/home/ubuntu/trading_bot_phase1/venv/lib/python3.12/site-packages/alpaca_trade_api/stream.py", line 99, in _auth
    raise ValueError(msg[0].get('msg', 'auth failed'))
ValueError: connection limit exceeded
data websocket error, restarting connection: server rejected WebSocket connection: HTTP 429
error during websocket communication: connection limit exceeded
Traceback (most recent call last):
  File "/home/ubuntu/trading_bot_phase1/venv/lib/python3.12/site-packages/alpaca_trade_api/stream.py", line 251, in _run_forever
    await self._start_ws()
  File "/home/ubuntu/trading_bot_phase1/venv/lib/python3.12/site-packages/alpaca_trade_api/stream.py", line 105, in _start_ws
    await self._auth()
  File "/home/ubuntu/trading_bot_phase1/venv/lib/python3.12/site-packages/alpaca_trade_api/stream.py", line 99, in _auth
    raise ValueError(msg[0].get('msg', 'auth failed'))
ValueError: connection limit exceeded
data websocket error, restarting connection: server rejected WebSocket connection: HTTP 429
error during websocket communication: connection limit exceeded
Traceback (most recent call last):
  File "/home/ubuntu/trading_bot_phase1/venv/lib/python3.12/site-packages/alpaca_trade_api/stream.py", line 251, in _run_forever
    await self._start_ws()
  File "/home/ubuntu/trading_bot_phase1/venv/lib/python3.12/site-packages/alpaca_trade_api/stream.py", line 105, in _start_ws
    await self._auth()
  File "/home/ubuntu/trading_bot_phase1/venv/lib/python3.12/site-packages/alpaca_trade_api/stream.py", line 99, in _auth
    raise ValueError(msg[0].get('msg', 'auth failed'))
ValueError: connection limit exceeded
error during websocket communication: connection limit exceeded
Traceback (most recent call last):
  File "/home/ubuntu/trading_bot_phase1/venv/lib/python3.12/site-packages/alpaca_trade_api/stream.py", line 251, in _run_forever
    await self._start_ws()
  File "/home/ubuntu/trading_bot_phase1/venv/lib/python3.12/site-packages/alpaca_trade_api/stream.py", line 105, in _start_ws
    await self._auth()
  File "/home/ubuntu/trading_bot_phase1/venv/lib/python3.12/site-packages/alpaca_trade_api/stream.py", line 99, in _auth
    raise ValueError(msg[0].get('msg', 'auth failed'))
ValueError: connection limit exceeded
data websocket error, restarting connection: server rejected WebSocket connection: HTTP 429
error during websocket communication: connection limit exceeded
Traceback (most recent call last):
  File "/home/ubuntu/trading_bot_phase1/venv/lib/python3.12/site-packages/alpaca_trade_api/stream.py", line 251, in _run_forever
    await self._start_ws()
  File "/home/ubuntu/trading_bot_phase1/venv/lib/python3.12/site-packages/alpaca_trade_api/stream.py", line 105, in _start_ws
    await self._auth()
  File "/home/ubuntu/trading_bot_phase1/venv/lib/python3.12/site-packages/alpaca_trade_api/stream.py", line 99, in _auth
    raise ValueError(msg[0].get('msg', 'auth failed'))
ValueError: connection limit exceeded
data websocket error, restarting connection: server rejected WebSocket connection: HTTP 429
data websocket error, restarting connection: server rejected WebSocket connection: HTTP 429
error during websocket communication: connection limit exceeded
Traceback (most recent call last):
  File "/home/ubuntu/trading_bot_phase1/venv/lib/python3.12/site-packages/alpaca_trade_api/stream.py", line 251, in _run_forever
    await self._start_ws()
  File "/home/ubuntu/trading_bot_phase1/venv/lib/python3.12/site-packages/alpaca_trade_api/stream.py", line 105, in _start_ws
    await self._auth()
  File "/home/ubuntu/trading_bot_phase1/venv/lib/python3.12/site-packages/alpaca_trade_api/stream.py", line 99, in _auth
    raise ValueError(msg[0].get('msg', 'auth failed'))
ValueError: connection limit exceeded
error during websocket communication: connection limit exceeded
Traceback (most recent call last):
  File "/home/ubuntu/trading_bot_phase1/venv/lib/python3.12/site-packages/alpaca_trade_api/stream.py", line 251, in _run_forever
    await self._start_ws()
  File "/home/ubuntu/trading_bot_phase1/venv/lib/python3.12/site-packages/alpaca_trade_api/stream.py", line 105, in _start_ws
    await self._auth()
  File "/home/ubuntu/trading_bot_phase1/venv/lib/python3.12/site-packages/alpaca_trade_api/stream.py", line 99, in _auth
    raise ValueError(msg[0].get('msg', 'auth failed'))
ValueError: connection limit exceeded
data websocket error, restarting connection: server rejected WebSocket connection: HTTP 429
error during websocket communication: connection limit exceeded
Traceback (most recent call last):
  File "/home/ubuntu/trading_bot_phase1/venv/lib/python3.12/site-packages/alpaca_trade_api/stream.py", line 251, in _run_forever
    await self._start_ws()
  File "/home/ubuntu/trading_bot_phase1/venv/lib/python3.12/site-packages/alpaca_trade_api/stream.py", line 105, in _start_ws
    await self._auth()
  File "/home/ubuntu/trading_bot_phase1/venv/lib/python3.12/site-packages/alpaca_trade_api/stream.py", line 99, in _auth
    raise ValueError(msg[0].get('msg', 'auth failed'))
ValueError: connection limit exceeded
data websocket error, restarting connection: server rejected WebSocket connection: HTTP 429
data websocket error, restarting connection: server rejected WebSocket connection: HTTP 429
error during websocket communication: connection limit exceeded
Traceback (most recent call last):
  File "/home/ubuntu/trading_bot_phase1/venv/lib/python3.12/site-packages/alpaca_trade_api/stream.py", line 251, in _run_forever
    await self._start_ws()
  File "/home/ubuntu/trading_bot_phase1/venv/lib/python3.12/site-packages/alpaca_trade_api/stream.py", line 105, in _start_ws
    await self._auth()
  File "/home/ubuntu/trading_bot_phase1/venv/lib/python3.12/site-packages/alpaca_trade_api/stream.py", line 99, in _auth
    raise ValueError(msg[0].get('msg', 'auth failed'))
ValueError: connection limit exceeded
error during websocket communication: connection limit exceeded
Traceback (most recent call last):
  File "/home/ubuntu/trading_bot_phase1/venv/lib/python3.12/site-packages/alpaca_trade_api/stream.py", line 251, in _run_forever
    await self._start_ws()
  File "/home/ubuntu/trading_bot_phase1/venv/lib/python3.12/site-packages/alpaca_trade_api/stream.py", line 105, in _start_ws
    await self._auth()
  File "/home/ubuntu/trading_bot_phase1/venv/lib/python3.12/site-packages/alpaca_trade_api/stream.py", line 99, in _auth
    raise ValueError(msg[0].get('msg', 'auth failed'))
ValueError: connection limit exceeded
data websocket error, restarting connection: server rejected WebSocket connection: HTTP 429
data websocket error, restarting connection: server rejected WebSocket connection: HTTP 429
data websocket error, restarting connection: server rejected WebSocket connection: HTTP 429
data websocket error, restarting connection: server rejected WebSocket connection: HTTP 429
108.36.243.78 - - [18/Oct/2025 20:47:39] "GET /api/portfolio_status HTTP/1.1" 200 -
error during websocket communication: connection limit exceeded
Traceback (most recent call last):
  File "/home/ubuntu/trading_bot_phase1/venv/lib/python3.12/site-packages/alpaca_trade_api/stream.py", line 251, in _run_forever
    await self._start_ws()
  File "/home/ubuntu/trading_bot_phase1/venv/lib/python3.12/site-packages/alpaca_trade_api/stream.py", line 105, in _start_ws
    await self._auth()
  File "/home/ubuntu/trading_bot_phase1/venv/lib/python3.12/site-packages/alpaca_trade_api/stream.py", line 99, in _auth
    raise ValueError(msg[0].get('msg', 'auth failed'))
ValueError: connection limit exceeded
error during websocket communication: connection limit exceeded
Traceback (most recent call last):
  File "/home/ubuntu/trading_bot_phase1/venv/lib/python3.12/site-packages/alpaca_trade_api/stream.py", line 251, in _run_forever
    await self._start_ws()
  File "/home/ubuntu/trading_bot_phase1/venv/lib/python3.12/site-packages/alpaca_trade_api/stream.py", line 105, in _start_ws
    await self._auth()
  File "/home/ubuntu/trading_bot_phase1/venv/lib/python3.12/site-packages/alpaca_trade_api/stream.py", line 99, in _auth
    raise ValueError(msg[0].get('msg', 'auth failed'))
ValueError: connection limit exceeded
error during websocket communication: connection limit exceeded
Traceback (most recent call last):
  File "/home/ubuntu/trading_bot_phase1/venv/lib/python3.12/site-packages/alpaca_trade_api/stream.py", line 251, in _run_forever
    await self._start_ws()
  File "/home/ubuntu/trading_bot_phase1/venv/lib/python3.12/site-packages/alpaca_trade_api/stream.py", line 105, in _start_ws
    await self._auth()
  File "/home/ubuntu/trading_bot_phase1/venv/lib/python3.12/site-packages/alpaca_trade_api/stream.py", line 99, in _auth
    raise ValueError(msg[0].get('msg', 'auth failed'))
ValueError: connection limit exceeded
error during websocket communication: connection limit exceeded
Traceback (most recent call last):
  File "/home/ubuntu/trading_bot_phase1/venv/lib/python3.12/site-packages/alpaca_trade_api/stream.py", line 251, in _run_forever
    await self._start_ws()
  File "/home/ubuntu/trading_bot_phase1/venv/lib/python3.12/site-packages/alpaca_trade_api/stream.py", line 105, in _start_ws
    await self._auth()
  File "/home/ubuntu/trading_bot_phase1/venv/lib/python3.12/site-packages/alpaca_trade_api/stream.py", line 99, in _auth
    raise ValueError(msg[0].get('msg', 'auth failed'))
ValueError: connection limit exceeded
data websocket error, restarting connection: server rejected WebSocket connection: HTTP 429
error during websocket communication: connection limit exceeded
Traceback (most recent call last):
  File "/home/ubuntu/trading_bot_phase1/venv/lib/python3.12/site-packages/alpaca_trade_api/stream.py", line 251, in _run_forever
    await self._start_ws()
  File "/home/ubuntu/trading_bot_phase1/venv/lib/python3.12/site-packages/alpaca_trade_api/stream.py", line 105, in _start_ws
    await self._auth()
  File "/home/ubuntu/trading_bot_phase1/venv/lib/python3.12/site-packages/alpaca_trade_api/stream.py", line 99, in _auth
    raise ValueError(msg[0].get('msg', 'auth failed'))
ValueError: connection limit exceeded
error during websocket communication: connection limit exceeded
Traceback (most recent call last):
  File "/home/ubuntu/trading_bot_phase1/venv/lib/python3.12/site-packages/alpaca_trade_api/stream.py", line 251, in _run_forever
    await self._start_ws()
  File "/home/ubuntu/trading_bot_phase1/venv/lib/python3.12/site-packages/alpaca_trade_api/stream.py", line 105, in _start_ws
    await self._auth()
  File "/home/ubuntu/trading_bot_phase1/venv/lib/python3.12/site-packages/alpaca_trade_api/stream.py", line 99, in _auth
    raise ValueError(msg[0].get('msg', 'auth failed'))
ValueError: connection limit exceeded
error during websocket communication: connection limit exceeded
Traceback (most recent call last):
  File "/home/ubuntu/trading_bot_phase1/venv/lib/python3.12/site-packages/alpaca_trade_api/stream.py", line 251, in _run_forever
    await self._start_ws()
  File "/home/ubuntu/trading_bot_phase1/venv/lib/python3.12/site-packages/alpaca_trade_api/stream.py", line 105, in _start_ws
    await self._auth()
  File "/home/ubuntu/trading_bot_phase1/venv/lib/python3.12/site-packages/alpaca_trade_api/stream.py", line 99, in _auth
    raise ValueError(msg[0].get('msg', 'auth failed'))
ValueError: connection limit exceeded
data websocket error, restarting connection: server rejected WebSocket connection: HTTP 429
error during websocket communication: connection limit exceeded
Traceback (most recent call last):
  File "/home/ubuntu/trading_bot_phase1/venv/lib/python3.12/site-packages/alpaca_trade_api/stream.py", line 251, in _run_forever
    await self._start_ws()
  File "/home/ubuntu/trading_bot_phase1/venv/lib/python3.12/site-packages/alpaca_trade_api/stream.py", line 105, in _start_ws
    await self._auth()
  File "/home/ubuntu/trading_bot_phase1/venv/lib/python3.12/site-packages/alpaca_trade_api/stream.py", line 99, in _auth
    raise ValueError(msg[0].get('msg', 'auth failed'))
ValueError: connection limit exceeded
error during websocket communication: connection limit exceeded
Traceback (most recent call last):
  File "/home/ubuntu/trading_bot_phase1/venv/lib/python3.12/site-packages/alpaca_trade_api/stream.py", line 251, in _run_forever
    await self._start_ws()
  File "/home/ubuntu/trading_bot_phase1/venv/lib/python3.12/site-packages/alpaca_trade_api/stream.py", line 105, in _start_ws
    await self._auth()
  File "/home/ubuntu/trading_bot_phase1/venv/lib/python3.12/site-packages/alpaca_trade_api/stream.py", line 99, in _auth
    raise ValueError(msg[0].get('msg', 'auth failed'))
ValueError: connection limit exceeded
data websocket error, restarting connection: server rejected WebSocket connection: HTTP 429
error during websocket communication: connection limit exceeded
Traceback (most recent call last):
  File "/home/ubuntu/trading_bot_phase1/venv/lib/python3.12/site-packages/alpaca_trade_api/stream.py", line 251, in _run_forever
    await self._start_ws()
  File "/home/ubuntu/trading_bot_phase1/venv/lib/python3.12/site-packages/alpaca_trade_api/stream.py", line 105, in _start_ws
    await self._auth()
  File "/home/ubuntu/trading_bot_phase1/venv/lib/python3.12/site-packages/alpaca_trade_api/stream.py", line 99, in _auth
    raise ValueError(msg[0].get('msg', 'auth failed'))
ValueError: connection limit exceeded
data websocket error, restarting connection: server rejected WebSocket connection: HTTP 429
error during websocket communication: connection limit exceeded
Traceback (most recent call last):
  File "/home/ubuntu/trading_bot_phase1/venv/lib/python3.12/site-packages/alpaca_trade_api/stream.py", line 251, in _run_forever
    await self._start_ws()
  File "/home/ubuntu/trading_bot_phase1/venv/lib/python3.12/site-packages/alpaca_trade_api/stream.py", line 105, in _start_ws
    await self._auth()
  File "/home/ubuntu/trading_bot_phase1/venv/lib/python3.12/site-packages/alpaca_trade_api/stream.py", line 99, in _auth
    raise ValueError(msg[0].get('msg', 'auth failed'))
ValueError: connection limit exceeded
error during websocket communication: connection limit exceeded
Traceback (most recent call last):
  File "/home/ubuntu/trading_bot_phase1/venv/lib/python3.12/site-packages/alpaca_trade_api/stream.py", line 251, in _run_forever
    await self._start_ws()
  File "/home/ubuntu/trading_bot_phase1/venv/lib/python3.12/site-packages/alpaca_trade_api/stream.py", line 105, in _start_ws
    await self._auth()
  File "/home/ubuntu/trading_bot_phase1/venv/lib/python3.12/site-packages/alpaca_trade_api/stream.py", line 99, in _auth
    raise ValueError(msg[0].get('msg', 'auth failed'))
ValueError: connection limit exceeded
error during websocket communication: connection limit exceeded
Traceback (most recent call last):
  File "/home/ubuntu/trading_bot_phase1/venv/lib/python3.12/site-packages/alpaca_trade_api/stream.py", line 251, in _run_forever
    await self._start_ws()
  File "/home/ubuntu/trading_bot_phase1/venv/lib/python3.12/site-packages/alpaca_trade_api/stream.py", line 105, in _start_ws
    await self._auth()
  File "/home/ubuntu/trading_bot_phase1/venv/lib/python3.12/site-packages/alpaca_trade_api/stream.py", line 99, in _auth
    raise ValueError(msg[0].get('msg', 'auth failed'))
ValueError: connection limit exceeded
error during websocket communication: connection limit exceeded
Traceback (most recent call last):
  File "/home/ubuntu/trading_bot_phase1/venv/lib/python3.12/site-packages/alpaca_trade_api/stream.py", line 251, in _run_forever
    await self._start_ws()
  File "/home/ubuntu/trading_bot_phase1/venv/lib/python3.12/site-packages/alpaca_trade_api/stream.py", line 105, in _start_ws
    await self._auth()
  File "/home/ubuntu/trading_bot_phase1/venv/lib/python3.12/site-packages/alpaca_trade_api/stream.py", line 99, in _auth
    raise ValueError(msg[0].get('msg', 'auth failed'))
ValueError: connection limit exceeded
data websocket error, restarting connection: server rejected WebSocket connection: HTTP 429
data websocket error, restarting connection: server rejected WebSocket connection: HTTP 429
error during websocket communication: connection limit exceeded
Traceback (most recent call last):
  File "/home/ubuntu/trading_bot_phase1/venv/lib/python3.12/site-packages/alpaca_trade_api/stream.py", line 251, in _run_forever
    await self._start_ws()
  File "/home/ubuntu/trading_bot_phase1/venv/lib/python3.12/site-packages/alpaca_trade_api/stream.py", line 105, in _start_ws
    await self._auth()
  File "/home/ubuntu/trading_bot_phase1/venv/lib/python3.12/site-packages/alpaca_trade_api/stream.py", line 99, in _auth
    raise ValueError(msg[0].get('msg', 'auth failed'))
ValueError: connection limit exceeded
data websocket error, restarting connection: server rejected WebSocket connection: HTTP 429
data websocket error, restarting connection: server rejected WebSocket connection: HTTP 429
error during websocket communication: connection limit exceeded
Traceback (most recent call last):
  File "/home/ubuntu/trading_bot_phase1/venv/lib/python3.12/site-packages/alpaca_trade_api/stream.py", line 251, in _run_forever
    await self._start_ws()
  File "/home/ubuntu/trading_bot_phase1/venv/lib/python3.12/site-packages/alpaca_trade_api/stream.py", line 105, in _start_ws
    await self._auth()
  File "/home/ubuntu/trading_bot_phase1/venv/lib/python3.12/site-packages/alpaca_trade_api/stream.py", line 99, in _auth
    raise ValueError(msg[0].get('msg', 'auth failed'))
ValueError: connection limit exceeded
data websocket error, restarting connection: server rejected WebSocket connection: HTTP 429
error during websocket communication: connection limit exceeded
Traceback (most recent call last):
  File "/home/ubuntu/trading_bot_phase1/venv/lib/python3.12/site-packages/alpaca_trade_api/stream.py", line 251, in _run_forever
    await self._start_ws()
  File "/home/ubuntu/trading_bot_phase1/venv/lib/python3.12/site-packages/alpaca_trade_api/stream.py", line 105, in _start_ws
    await self._auth()
  File "/home/ubuntu/trading_bot_phase1/venv/lib/python3.12/site-packages/alpaca_trade_api/stream.py", line 99, in _auth
    raise ValueError(msg[0].get('msg', 'auth failed'))
ValueError: connection limit exceeded
data websocket error, restarting connection: server rejected WebSocket connection: HTTP 429
error during websocket communication: connection limit exceeded
Traceback (most recent call last):
  File "/home/ubuntu/trading_bot_phase1/venv/lib/python3.12/site-packages/alpaca_trade_api/stream.py", line 251, in _run_forever
    await self._start_ws()
  File "/home/ubuntu/trading_bot_phase1/venv/lib/python3.12/site-packages/alpaca_trade_api/stream.py", line 105, in _start_ws
    await self._auth()
  File "/home/ubuntu/trading_bot_phase1/venv/lib/python3.12/site-packages/alpaca_trade_api/stream.py", line 99, in _auth
    raise ValueError(msg[0].get('msg', 'auth failed'))
ValueError: connection limit exceeded
data websocket error, restarting connection: server rejected WebSocket connection: HTTP 429
error during websocket communication: connection limit exceeded
Traceback (most recent call last):
  File "/home/ubuntu/trading_bot_phase1/venv/lib/python3.12/site-packages/alpaca_trade_api/stream.py", line 251, in _run_forever
    await self._start_ws()
  File "/home/ubuntu/trading_bot_phase1/venv/lib/python3.12/site-packages/alpaca_trade_api/stream.py", line 105, in _start_ws
    await self._auth()
  File "/home/ubuntu/trading_bot_phase1/venv/lib/python3.12/site-packages/alpaca_trade_api/stream.py", line 99, in _auth
    raise ValueError(msg[0].get('msg', 'auth failed'))
ValueError: connection limit exceeded
data websocket error, restarting connection: server rejected WebSocket connection: HTTP 429
error during websocket communication: connection limit exceeded
Traceback (most recent call last):
  File "/home/ubuntu/trading_bot_phase1/venv/lib/python3.12/site-packages/alpaca_trade_api/stream.py", line 251, in _run_forever
    await self._start_ws()
  File "/home/ubuntu/trading_bot_phase1/venv/lib/python3.12/site-packages/alpaca_trade_api/stream.py", line 105, in _start_ws
    await self._auth()
  File "/home/ubuntu/trading_bot_phase1/venv/lib/python3.12/site-packages/alpaca_trade_api/stream.py", line 99, in _auth
    raise ValueError(msg[0].get('msg', 'auth failed'))
ValueError: connection limit exceeded
error during websocket communication: connection limit exceeded
Traceback (most recent call last):
  File "/home/ubuntu/trading_bot_phase1/venv/lib/python3.12/site-packages/alpaca_trade_api/stream.py", line 251, in _run_forever
    await self._start_ws()
  File "/home/ubuntu/trading_bot_phase1/venv/lib/python3.12/site-packages/alpaca_trade_api/stream.py", line 105, in _start_ws
    await self._auth()
  File "/home/ubuntu/trading_bot_phase1/venv/lib/python3.12/site-packages/alpaca_trade_api/stream.py", line 99, in _auth
    raise ValueError(msg[0].get('msg', 'auth failed'))
ValueError: connection limit exceeded
data websocket error, restarting connection: server rejected WebSocket connection: HTTP 429
data websocket error, restarting connection: server rejected WebSocket connection: HTTP 429
error during websocket communication: connection limit exceeded
Traceback (most recent call last):
  File "/home/ubuntu/trading_bot_phase1/venv/lib/python3.12/site-packages/alpaca_trade_api/stream.py", line 251, in _run_forever
    await self._start_ws()
  File "/home/ubuntu/trading_bot_phase1/venv/lib/python3.12/site-packages/alpaca_trade_api/stream.py", line 105, in _start_ws
    await self._auth()
  File "/home/ubuntu/trading_bot_phase1/venv/lib/python3.12/site-packages/alpaca_trade_api/stream.py", line 99, in _auth
    raise ValueError(msg[0].get('msg', 'auth failed'))
ValueError: connection limit exceeded
data websocket error, restarting connection: server rejected WebSocket connection: HTTP 429
data websocket error, restarting connection: server rejected WebSocket connection: HTTP 429
error during websocket communication: connection limit exceeded
Traceback (most recent call last):
  File "/home/ubuntu/trading_bot_phase1/venv/lib/python3.12/site-packages/alpaca_trade_api/stream.py", line 251, in _run_forever
    await self._start_ws()
  File "/home/ubuntu/trading_bot_phase1/venv/lib/python3.12/site-packages/alpaca_trade_api/stream.py", line 105, in _start_ws
    await self._auth()
  File "/home/ubuntu/trading_bot_phase1/venv/lib/python3.12/site-packages/alpaca_trade_api/stream.py", line 99, in _auth
    raise ValueError(msg[0].get('msg', 'auth failed'))
ValueError: connection limit exceeded
error during websocket communication: connection limit exceeded
Traceback (most recent call last):
  File "/home/ubuntu/trading_bot_phase1/venv/lib/python3.12/site-packages/alpaca_trade_api/stream.py", line 251, in _run_forever
    await self._start_ws()
  File "/home/ubuntu/trading_bot_phase1/venv/lib/python3.12/site-packages/alpaca_trade_api/stream.py", line 105, in _start_ws
    await self._auth()
  File "/home/ubuntu/trading_bot_phase1/venv/lib/python3.12/site-packages/alpaca_trade_api/stream.py", line 99, in _auth
    raise ValueError(msg[0].get('msg', 'auth failed'))
ValueError: connection limit exceeded
data websocket error, restarting connection: server rejected WebSocket connection: HTTP 429
data websocket error, restarting connection: server rejected WebSocket connection: HTTP 429
error during websocket communication: connection limit exceeded
Traceback (most recent call last):
  File "/home/ubuntu/trading_bot_phase1/venv/lib/python3.12/site-packages/alpaca_trade_api/stream.py", line 251, in _run_forever
    await self._start_ws()
  File "/home/ubuntu/trading_bot_phase1/venv/lib/python3.12/site-packages/alpaca_trade_api/stream.py", line 105, in _start_ws
    await self._auth()
  File "/home/ubuntu/trading_bot_phase1/venv/lib/python3.12/site-packages/alpaca_trade_api/stream.py", line 99, in _auth
    raise ValueError(msg[0].get('msg', 'auth failed'))
ValueError: connection limit exceeded
data websocket error, restarting connection: server rejected WebSocket connection: HTTP 429
error during websocket communication: connection limit exceeded
Traceback (most recent call last):
  File "/home/ubuntu/trading_bot_phase1/venv/lib/python3.12/site-packages/alpaca_trade_api/stream.py", line 251, in _run_forever
    await self._start_ws()
  File "/home/ubuntu/trading_bot_phase1/venv/lib/python3.12/site-packages/alpaca_trade_api/stream.py", line 105, in _start_ws
    await self._auth()
  File "/home/ubuntu/trading_bot_phase1/venv/lib/python3.12/site-packages/alpaca_trade_api/stream.py", line 99, in _auth
    raise ValueError(msg[0].get('msg', 'auth failed'))
ValueError: connection limit exceeded
error during websocket communication: connection limit exceeded
Traceback (most recent call last):
  File "/home/ubuntu/trading_bot_phase1/venv/lib/python3.12/site-packages/alpaca_trade_api/stream.py", line 251, in _run_forever
    await self._start_ws()
  File "/home/ubuntu/trading_bot_phase1/venv/lib/python3.12/site-packages/alpaca_trade_api/stream.py", line 105, in _start_ws
    await self._auth()
  File "/home/ubuntu/trading_bot_phase1/venv/lib/python3.12/site-packages/alpaca_trade_api/stream.py", line 99, in _auth
    raise ValueError(msg[0].get('msg', 'auth failed'))
ValueError: connection limit exceeded
error during websocket communication: connection limit exceeded
Traceback (most recent call last):
  File "/home/ubuntu/trading_bot_phase1/venv/lib/python3.12/site-packages/alpaca_trade_api/stream.py", line 251, in _run_forever
    await self._start_ws()
  File "/home/ubuntu/trading_bot_phase1/venv/lib/python3.12/site-packages/alpaca_trade_api/stream.py", line 105, in _start_ws
    await self._auth()
  File "/home/ubuntu/trading_bot_phase1/venv/lib/python3.12/site-packages/alpaca_trade_api/stream.py", line 99, in _auth
    raise ValueError(msg[0].get('msg', 'auth failed'))
ValueError: connection limit exceeded
error during websocket communication: connection limit exceeded
Traceback (most recent call last):
  File "/home/ubuntu/trading_bot_phase1/venv/lib/python3.12/site-packages/alpaca_trade_api/stream.py", line 251, in _run_forever
    await self._start_ws()
  File "/home/ubuntu/trading_bot_phase1/venv/lib/python3.12/site-packages/alpaca_trade_api/stream.py", line 105, in _start_ws
    await self._auth()
  File "/home/ubuntu/trading_bot_phase1/venv/lib/python3.12/site-packages/alpaca_trade_api/stream.py", line 99, in _auth
    raise ValueError(msg[0].get('msg', 'auth failed'))
ValueError: connection limit exceeded
data websocket error, restarting connection: server rejected WebSocket connection: HTTP 429
error during websocket communication: connection limit exceeded
Traceback (most recent call last):
  File "/home/ubuntu/trading_bot_phase1/venv/lib/python3.12/site-packages/alpaca_trade_api/stream.py", line 251, in _run_forever
    await self._start_ws()
  File "/home/ubuntu/trading_bot_phase1/venv/lib/python3.12/site-packages/alpaca_trade_api/stream.py", line 105, in _start_ws
    await self._auth()
  File "/home/ubuntu/trading_bot_phase1/venv/lib/python3.12/site-packages/alpaca_trade_api/stream.py", line 99, in _auth
    raise ValueError(msg[0].get('msg', 'auth failed'))
ValueError: connection limit exceeded
error during websocket communication: connection limit exceeded
Traceback (most recent call last):
  File "/home/ubuntu/trading_bot_phase1/venv/lib/python3.12/site-packages/alpaca_trade_api/stream.py", line 251, in _run_forever
    await self._start_ws()
  File "/home/ubuntu/trading_bot_phase1/venv/lib/python3.12/site-packages/alpaca_trade_api/stream.py", line 105, in _start_ws
    await self._auth()
  File "/home/ubuntu/trading_bot_phase1/venv/lib/python3.12/site-packages/alpaca_trade_api/stream.py", line 99, in _auth
    raise ValueError(msg[0].get('msg', 'auth failed'))
ValueError: connection limit exceeded
data websocket error, restarting connection: server rejected WebSocket connection: HTTP 429
data websocket error, restarting connection: server rejected WebSocket connection: HTTP 429
data websocket error, restarting connection: server rejected WebSocket connection: HTTP 429
data websocket error, restarting connection: server rejected WebSocket connection: HTTP 429
error during websocket communication: connection limit exceeded
Traceback (most recent call last):
  File "/home/ubuntu/trading_bot_phase1/venv/lib/python3.12/site-packages/alpaca_trade_api/stream.py", line 251, in _run_forever
    await self._start_ws()
  File "/home/ubuntu/trading_bot_phase1/venv/lib/python3.12/site-packages/alpaca_trade_api/stream.py", line 105, in _start_ws
    await self._auth()
  File "/home/ubuntu/trading_bot_phase1/venv/lib/python3.12/site-packages/alpaca_trade_api/stream.py", line 99, in _auth
    raise ValueError(msg[0].get('msg', 'auth failed'))
ValueError: connection limit exceeded
error during websocket communication: connection limit exceeded
Traceback (most recent call last):
  File "/home/ubuntu/trading_bot_phase1/venv/lib/python3.12/site-packages/alpaca_trade_api/stream.py", line 251, in _run_forever
    await self._start_ws()
  File "/home/ubuntu/trading_bot_phase1/venv/lib/python3.12/site-packages/alpaca_trade_api/stream.py", line 105, in _start_ws
    await self._auth()
  File "/home/ubuntu/trading_bot_phase1/venv/lib/python3.12/site-packages/alpaca_trade_api/stream.py", line 99, in _auth
    raise ValueError(msg[0].get('msg', 'auth failed'))
ValueError: connection limit exceeded
data websocket error, restarting connection: server rejected WebSocket connection: HTTP 429
error during websocket communication: connection limit exceeded
Traceback (most recent call last):
  File "/home/ubuntu/trading_bot_phase1/venv/lib/python3.12/site-packages/alpaca_trade_api/stream.py", line 251, in _run_forever
    await self._start_ws()
  File "/home/ubuntu/trading_bot_phase1/venv/lib/python3.12/site-packages/alpaca_trade_api/stream.py", line 105, in _start_ws
    await self._auth()
  File "/home/ubuntu/trading_bot_phase1/venv/lib/python3.12/site-packages/alpaca_trade_api/stream.py", line 99, in _auth
    raise ValueError(msg[0].get('msg', 'auth failed'))
ValueError: connection limit exceeded
data websocket error, restarting connection: server rejected WebSocket connection: HTTP 429
error during websocket communication: connection limit exceeded
Traceback (most recent call last):
  File "/home/ubuntu/trading_bot_phase1/venv/lib/python3.12/site-packages/alpaca_trade_api/stream.py", line 251, in _run_forever
    await self._start_ws()
  File "/home/ubuntu/trading_bot_phase1/venv/lib/python3.12/site-packages/alpaca_trade_api/stream.py", line 105, in _start_ws
    await self._auth()
  File "/home/ubuntu/trading_bot_phase1/venv/lib/python3.12/site-packages/alpaca_trade_api/stream.py", line 99, in _auth
    raise ValueError(msg[0].get('msg', 'auth failed'))
ValueError: connection limit exceeded
data websocket error, restarting connection: server rejected WebSocket connection: HTTP 429
data websocket error, restarting connection: server rejected WebSocket connection: HTTP 429
error during websocket communication: connection limit exceeded
Traceback (most recent call last):
  File "/home/ubuntu/trading_bot_phase1/venv/lib/python3.12/site-packages/alpaca_trade_api/stream.py", line 251, in _run_forever
    await self._start_ws()
  File "/home/ubuntu/trading_bot_phase1/venv/lib/python3.12/site-packages/alpaca_trade_api/stream.py", line 105, in _start_ws
    await self._auth()
  File "/home/ubuntu/trading_bot_phase1/venv/lib/python3.12/site-packages/alpaca_trade_api/stream.py", line 99, in _auth
    raise ValueError(msg[0].get('msg', 'auth failed'))
ValueError: connection limit exceeded
error during websocket communication: connection limit exceeded
Traceback (most recent call last):
  File "/home/ubuntu/trading_bot_phase1/venv/lib/python3.12/site-packages/alpaca_trade_api/stream.py", line 251, in _run_forever
    await self._start_ws()
  File "/home/ubuntu/trading_bot_phase1/venv/lib/python3.12/site-packages/alpaca_trade_api/stream.py", line 105, in _start_ws
    await self._auth()
  File "/home/ubuntu/trading_bot_phase1/venv/lib/python3.12/site-packages/alpaca_trade_api/stream.py", line 99, in _auth
    raise ValueError(msg[0].get('msg', 'auth failed'))
ValueError: connection limit exceeded
data websocket error, restarting connection: server rejected WebSocket connection: HTTP 429
error during websocket communication: connection limit exceeded
Traceback (most recent call last):
  File "/home/ubuntu/trading_bot_phase1/venv/lib/python3.12/site-packages/alpaca_trade_api/stream.py", line 251, in _run_forever
    await self._start_ws()
  File "/home/ubuntu/trading_bot_phase1/venv/lib/python3.12/site-packages/alpaca_trade_api/stream.py", line 105, in _start_ws
    await self._auth()
  File "/home/ubuntu/trading_bot_phase1/venv/lib/python3.12/site-packages/alpaca_trade_api/stream.py", line 99, in _auth
    raise ValueError(msg[0].get('msg', 'auth failed'))
ValueError: connection limit exceeded
error during websocket communication: connection limit exceeded
Traceback (most recent call last):
  File "/home/ubuntu/trading_bot_phase1/venv/lib/python3.12/site-packages/alpaca_trade_api/stream.py", line 251, in _run_forever
    await self._start_ws()
  File "/home/ubuntu/trading_bot_phase1/venv/lib/python3.12/site-packages/alpaca_trade_api/stream.py", line 105, in _start_ws
    await self._auth()
  File "/home/ubuntu/trading_bot_phase1/venv/lib/python3.12/site-packages/alpaca_trade_api/stream.py", line 99, in _auth
    raise ValueError(msg[0].get('msg', 'auth failed'))
ValueError: connection limit exceeded
data websocket error, restarting connection: server rejected WebSocket connection: HTTP 429
error during websocket communication: connection limit exceeded
Traceback (most recent call last):
  File "/home/ubuntu/trading_bot_phase1/venv/lib/python3.12/site-packages/alpaca_trade_api/stream.py", line 251, in _run_forever
    await self._start_ws()
  File "/home/ubuntu/trading_bot_phase1/venv/lib/python3.12/site-packages/alpaca_trade_api/stream.py", line 105, in _start_ws
    await self._auth()
  File "/home/ubuntu/trading_bot_phase1/venv/lib/python3.12/site-packages/alpaca_trade_api/stream.py", line 99, in _auth
    raise ValueError(msg[0].get('msg', 'auth failed'))
ValueError: connection limit exceeded
data websocket error, restarting connection: server rejected WebSocket connection: HTTP 429
error during websocket communication: connection limit exceeded
Traceback (most recent call last):
  File "/home/ubuntu/trading_bot_phase1/venv/lib/python3.12/site-packages/alpaca_trade_api/stream.py", line 251, in _run_forever
    await self._start_ws()
  File "/home/ubuntu/trading_bot_phase1/venv/lib/python3.12/site-packages/alpaca_trade_api/stream.py", line 105, in _start_ws
    await self._auth()
  File "/home/ubuntu/trading_bot_phase1/venv/lib/python3.12/site-packages/alpaca_trade_api/stream.py", line 99, in _auth
    raise ValueError(msg[0].get('msg', 'auth failed'))
ValueError: connection limit exceeded
error during websocket communication: connection limit exceeded
Traceback (most recent call last):
  File "/home/ubuntu/trading_bot_phase1/venv/lib/python3.12/site-packages/alpaca_trade_api/stream.py", line 251, in _run_forever
    await self._start_ws()
  File "/home/ubuntu/trading_bot_phase1/venv/lib/python3.12/site-packages/alpaca_trade_api/stream.py", line 105, in _start_ws
    await self._auth()
  File "/home/ubuntu/trading_bot_phase1/venv/lib/python3.12/site-packages/alpaca_trade_api/stream.py", line 99, in _auth
    raise ValueError(msg[0].get('msg', 'auth failed'))
ValueError: connection limit exceeded
data websocket error, restarting connection: server rejected WebSocket connection: HTTP 429
error during websocket communication: connection limit exceeded
Traceback (most recent call last):
  File "/home/ubuntu/trading_bot_phase1/venv/lib/python3.12/site-packages/alpaca_trade_api/stream.py", line 251, in _run_forever
    await self._start_ws()
  File "/home/ubuntu/trading_bot_phase1/venv/lib/python3.12/site-packages/alpaca_trade_api/stream.py", line 105, in _start_ws
    await self._auth()
  File "/home/ubuntu/trading_bot_phase1/venv/lib/python3.12/site-packages/alpaca_trade_api/stream.py", line 99, in _auth
    raise ValueError(msg[0].get('msg', 'auth failed'))
ValueError: connection limit exceeded
data websocket error, restarting connection: server rejected WebSocket connection: HTTP 429
error during websocket communication: connection limit exceeded
Traceback (most recent call last):
  File "/home/ubuntu/trading_bot_phase1/venv/lib/python3.12/site-packages/alpaca_trade_api/stream.py", line 251, in _run_forever
    await self._start_ws()
  File "/home/ubuntu/trading_bot_phase1/venv/lib/python3.12/site-packages/alpaca_trade_api/stream.py", line 105, in _start_ws
    await self._auth()
  File "/home/ubuntu/trading_bot_phase1/venv/lib/python3.12/site-packages/alpaca_trade_api/stream.py", line 99, in _auth
    raise ValueError(msg[0].get('msg', 'auth failed'))
ValueError: connection limit exceeded
error during websocket communication: connection limit exceeded
Traceback (most recent call last):
  File "/home/ubuntu/trading_bot_phase1/venv/lib/python3.12/site-packages/alpaca_trade_api/stream.py", line 251, in _run_forever
    await self._start_ws()
  File "/home/ubuntu/trading_bot_phase1/venv/lib/python3.12/site-packages/alpaca_trade_api/stream.py", line 105, in _start_ws
    await self._auth()
  File "/home/ubuntu/trading_bot_phase1/venv/lib/python3.12/site-packages/alpaca_trade_api/stream.py", line 99, in _auth
    raise ValueError(msg[0].get('msg', 'auth failed'))
ValueError: connection limit exceeded
error during websocket communication: connection limit exceeded
Traceback (most recent call last):
  File "/home/ubuntu/trading_bot_phase1/venv/lib/python3.12/site-packages/alpaca_trade_api/stream.py", line 251, in _run_forever
    await self._start_ws()
  File "/home/ubuntu/trading_bot_phase1/venv/lib/python3.12/site-packages/alpaca_trade_api/stream.py", line 105, in _start_ws
    await self._auth()
  File "/home/ubuntu/trading_bot_phase1/venv/lib/python3.12/site-packages/alpaca_trade_api/stream.py", line 99, in _auth
    raise ValueError(msg[0].get('msg', 'auth failed'))
ValueError: connection limit exceeded
error during websocket communication: connection limit exceeded
Traceback (most recent call last):
  File "/home/ubuntu/trading_bot_phase1/venv/lib/python3.12/site-packages/alpaca_trade_api/stream.py", line 251, in _run_forever
    await self._start_ws()
  File "/home/ubuntu/trading_bot_phase1/venv/lib/python3.12/site-packages/alpaca_trade_api/stream.py", line 105, in _start_ws
    await self._auth()
  File "/home/ubuntu/trading_bot_phase1/venv/lib/python3.12/site-packages/alpaca_trade_api/stream.py", line 99, in _auth
    raise ValueError(msg[0].get('msg', 'auth failed'))
ValueError: connection limit exceeded
data websocket error, restarting connection: server rejected WebSocket connection: HTTP 429
error during websocket communication: connection limit exceeded
Traceback (most recent call last):
  File "/home/ubuntu/trading_bot_phase1/venv/lib/python3.12/site-packages/alpaca_trade_api/stream.py", line 251, in _run_forever
    await self._start_ws()
  File "/home/ubuntu/trading_bot_phase1/venv/lib/python3.12/site-packages/alpaca_trade_api/stream.py", line 105, in _start_ws
    await self._auth()
  File "/home/ubuntu/trading_bot_phase1/venv/lib/python3.12/site-packages/alpaca_trade_api/stream.py", line 99, in _auth
    raise ValueError(msg[0].get('msg', 'auth failed'))
ValueError: connection limit exceeded
error during websocket communication: connection limit exceeded
Traceback (most recent call last):
  File "/home/ubuntu/trading_bot_phase1/venv/lib/python3.12/site-packages/alpaca_trade_api/stream.py", line 251, in _run_forever
    await self._start_ws()
  File "/home/ubuntu/trading_bot_phase1/venv/lib/python3.12/site-packages/alpaca_trade_api/stream.py", line 105, in _start_ws
    await self._auth()
  File "/home/ubuntu/trading_bot_phase1/venv/lib/python3.12/site-packages/alpaca_trade_api/stream.py", line 99, in _auth
    raise ValueError(msg[0].get('msg', 'auth failed'))
ValueError: connection limit exceeded
data websocket error, restarting connection: server rejected WebSocket connection: HTTP 429
error during websocket communication: connection limit exceeded
Traceback (most recent call last):
  File "/home/ubuntu/trading_bot_phase1/venv/lib/python3.12/site-packages/alpaca_trade_api/stream.py", line 251, in _run_forever
    await self._start_ws()
  File "/home/ubuntu/trading_bot_phase1/venv/lib/python3.12/site-packages/alpaca_trade_api/stream.py", line 105, in _start_ws
    await self._auth()
  File "/home/ubuntu/trading_bot_phase1/venv/lib/python3.12/site-packages/alpaca_trade_api/stream.py", line 99, in _auth
    raise ValueError(msg[0].get('msg', 'auth failed'))
ValueError: connection limit exceeded
error during websocket communication: connection limit exceeded
Traceback (most recent call last):
  File "/home/ubuntu/trading_bot_phase1/venv/lib/python3.12/site-packages/alpaca_trade_api/stream.py", line 251, in _run_forever
    await self._start_ws()
  File "/home/ubuntu/trading_bot_phase1/venv/lib/python3.12/site-packages/alpaca_trade_api/stream.py", line 105, in _start_ws
    await self._auth()
  File "/home/ubuntu/trading_bot_phase1/venv/lib/python3.12/site-packages/alpaca_trade_api/stream.py", line 99, in _auth
    raise ValueError(msg[0].get('msg', 'auth failed'))
ValueError: connection limit exceeded
error during websocket communication: connection limit exceeded
Traceback (most recent call last):
  File "/home/ubuntu/trading_bot_phase1/venv/lib/python3.12/site-packages/alpaca_trade_api/stream.py", line 251, in _run_forever
    await self._start_ws()
  File "/home/ubuntu/trading_bot_phase1/venv/lib/python3.12/site-packages/alpaca_trade_api/stream.py", line 105, in _start_ws
    await self._auth()
  File "/home/ubuntu/trading_bot_phase1/venv/lib/python3.12/site-packages/alpaca_trade_api/stream.py", line 99, in _auth
    raise ValueError(msg[0].get('msg', 'auth failed'))
ValueError: connection limit exceeded
data websocket error, restarting connection: server rejected WebSocket connection: HTTP 429
data websocket error, restarting connection: server rejected WebSocket connection: HTTP 429
error during websocket communication: connection limit exceeded
Traceback (most recent call last):
  File "/home/ubuntu/trading_bot_phase1/venv/lib/python3.12/site-packages/alpaca_trade_api/stream.py", line 251, in _run_forever
    await self._start_ws()
  File "/home/ubuntu/trading_bot_phase1/venv/lib/python3.12/site-packages/alpaca_trade_api/stream.py", line 105, in _start_ws
    await self._auth()
  File "/home/ubuntu/trading_bot_phase1/venv/lib/python3.12/site-packages/alpaca_trade_api/stream.py", line 99, in _auth
    raise ValueError(msg[0].get('msg', 'auth failed'))
ValueError: connection limit exceeded
data websocket error, restarting connection: server rejected WebSocket connection: HTTP 429
data websocket error, restarting connection: server rejected WebSocket connection: HTTP 429
data websocket error, restarting connection: server rejected WebSocket connection: HTTP 429
error during websocket communication: connection limit exceeded
Traceback (most recent call last):
  File "/home/ubuntu/trading_bot_phase1/venv/lib/python3.12/site-packages/alpaca_trade_api/stream.py", line 251, in _run_forever
    await self._start_ws()
  File "/home/ubuntu/trading_bot_phase1/venv/lib/python3.12/site-packages/alpaca_trade_api/stream.py", line 105, in _start_ws
    await self._auth()
  File "/home/ubuntu/trading_bot_phase1/venv/lib/python3.12/site-packages/alpaca_trade_api/stream.py", line 99, in _auth
    raise ValueError(msg[0].get('msg', 'auth failed'))
ValueError: connection limit exceeded
error during websocket communication: connection limit exceeded
Traceback (most recent call last):
  File "/home/ubuntu/trading_bot_phase1/venv/lib/python3.12/site-packages/alpaca_trade_api/stream.py", line 251, in _run_forever
    await self._start_ws()
  File "/home/ubuntu/trading_bot_phase1/venv/lib/python3.12/site-packages/alpaca_trade_api/stream.py", line 105, in _start_ws
    await self._auth()
  File "/home/ubuntu/trading_bot_phase1/venv/lib/python3.12/site-packages/alpaca_trade_api/stream.py", line 99, in _auth
    raise ValueError(msg[0].get('msg', 'auth failed'))
ValueError: connection limit exceeded
error during websocket communication: connection limit exceeded
Traceback (most recent call last):
  File "/home/ubuntu/trading_bot_phase1/venv/lib/python3.12/site-packages/alpaca_trade_api/stream.py", line 251, in _run_forever
    await self._start_ws()
  File "/home/ubuntu/trading_bot_phase1/venv/lib/python3.12/site-packages/alpaca_trade_api/stream.py", line 105, in _start_ws
    await self._auth()
  File "/home/ubuntu/trading_bot_phase1/venv/lib/python3.12/site-packages/alpaca_trade_api/stream.py", line 99, in _auth
    raise ValueError(msg[0].get('msg', 'auth failed'))
ValueError: connection limit exceeded
data websocket error, restarting connection: server rejected WebSocket connection: HTTP 429
data websocket error, restarting connection: server rejected WebSocket connection: HTTP 429
data websocket error, restarting connection: server rejected WebSocket connection: HTTP 429
data websocket error, restarting connection: server rejected WebSocket connection: HTTP 429
data websocket error, restarting connection: server rejected WebSocket connection: HTTP 429
data websocket error, restarting connection: server rejected WebSocket connection: HTTP 429
error during websocket communication: connection limit exceeded
Traceback (most recent call last):
  File "/home/ubuntu/trading_bot_phase1/venv/lib/python3.12/site-packages/alpaca_trade_api/stream.py", line 251, in _run_forever
    await self._start_ws()
  File "/home/ubuntu/trading_bot_phase1/venv/lib/python3.12/site-packages/alpaca_trade_api/stream.py", line 105, in _start_ws
    await self._auth()
  File "/home/ubuntu/trading_bot_phase1/venv/lib/python3.12/site-packages/alpaca_trade_api/stream.py", line 99, in _auth
    raise ValueError(msg[0].get('msg', 'auth failed'))
ValueError: connection limit exceeded
data websocket error, restarting connection: server rejected WebSocket connection: HTTP 429
error during websocket communication: connection limit exceeded
Traceback (most recent call last):
  File "/home/ubuntu/trading_bot_phase1/venv/lib/python3.12/site-packages/alpaca_trade_api/stream.py", line 251, in _run_forever
    await self._start_ws()
  File "/home/ubuntu/trading_bot_phase1/venv/lib/python3.12/site-packages/alpaca_trade_api/stream.py", line 105, in _start_ws
    await self._auth()
  File "/home/ubuntu/trading_bot_phase1/venv/lib/python3.12/site-packages/alpaca_trade_api/stream.py", line 99, in _auth
    raise ValueError(msg[0].get('msg', 'auth failed'))
ValueError: connection limit exceeded
data websocket error, restarting connection: server rejected WebSocket connection: HTTP 429
error during websocket communication: connection limit exceeded
Traceback (most recent call last):
  File "/home/ubuntu/trading_bot_phase1/venv/lib/python3.12/site-packages/alpaca_trade_api/stream.py", line 251, in _run_forever
    await self._start_ws()
  File "/home/ubuntu/trading_bot_phase1/venv/lib/python3.12/site-packages/alpaca_trade_api/stream.py", line 105, in _start_ws
    await self._auth()
  File "/home/ubuntu/trading_bot_phase1/venv/lib/python3.12/site-packages/alpaca_trade_api/stream.py", line 99, in _auth
    raise ValueError(msg[0].get('msg', 'auth failed'))
ValueError: connection limit exceeded
data websocket error, restarting connection: server rejected WebSocket connection: HTTP 429
error during websocket communication: connection limit exceeded
Traceback (most recent call last):
  File "/home/ubuntu/trading_bot_phase1/venv/lib/python3.12/site-packages/alpaca_trade_api/stream.py", line 251, in _run_forever
    await self._start_ws()
  File "/home/ubuntu/trading_bot_phase1/venv/lib/python3.12/site-packages/alpaca_trade_api/stream.py", line 105, in _start_ws
    await self._auth()
  File "/home/ubuntu/trading_bot_phase1/venv/lib/python3.12/site-packages/alpaca_trade_api/stream.py", line 99, in _auth
    raise ValueError(msg[0].get('msg', 'auth failed'))
ValueError: connection limit exceeded
error during websocket communication: connection limit exceeded
Traceback (most recent call last):
  File "/home/ubuntu/trading_bot_phase1/venv/lib/python3.12/site-packages/alpaca_trade_api/stream.py", line 251, in _run_forever
    await self._start_ws()
  File "/home/ubuntu/trading_bot_phase1/venv/lib/python3.12/site-packages/alpaca_trade_api/stream.py", line 105, in _start_ws
    await self._auth()
  File "/home/ubuntu/trading_bot_phase1/venv/lib/python3.12/site-packages/alpaca_trade_api/stream.py", line 99, in _auth
    raise ValueError(msg[0].get('msg', 'auth failed'))
ValueError: connection limit exceeded
error during websocket communication: connection limit exceeded
Traceback (most recent call last):
  File "/home/ubuntu/trading_bot_phase1/venv/lib/python3.12/site-packages/alpaca_trade_api/stream.py", line 251, in _run_forever
    await self._start_ws()
  File "/home/ubuntu/trading_bot_phase1/venv/lib/python3.12/site-packages/alpaca_trade_api/stream.py", line 105, in _start_ws
    await self._auth()
  File "/home/ubuntu/trading_bot_phase1/venv/lib/python3.12/site-packages/alpaca_trade_api/stream.py", line 99, in _auth
    raise ValueError(msg[0].get('msg', 'auth failed'))
ValueError: connection limit exceeded
data websocket error, restarting connection: server rejected WebSocket connection: HTTP 429
error during websocket communication: connection limit exceeded
Traceback (most recent call last):
  File "/home/ubuntu/trading_bot_phase1/venv/lib/python3.12/site-packages/alpaca_trade_api/stream.py", line 251, in _run_forever
    await self._start_ws()
  File "/home/ubuntu/trading_bot_phase1/venv/lib/python3.12/site-packages/alpaca_trade_api/stream.py", line 105, in _start_ws
    await self._auth()
  File "/home/ubuntu/trading_bot_phase1/venv/lib/python3.12/site-packages/alpaca_trade_api/stream.py", line 99, in _auth
    raise ValueError(msg[0].get('msg', 'auth failed'))
ValueError: connection limit exceeded
data websocket error, restarting connection: server rejected WebSocket connection: HTTP 429
error during websocket communication: connection limit exceeded
Traceback (most recent call last):
  File "/home/ubuntu/trading_bot_phase1/venv/lib/python3.12/site-packages/alpaca_trade_api/stream.py", line 251, in _run_forever
    await self._start_ws()
  File "/home/ubuntu/trading_bot_phase1/venv/lib/python3.12/site-packages/alpaca_trade_api/stream.py", line 105, in _start_ws
    await self._auth()
  File "/home/ubuntu/trading_bot_phase1/venv/lib/python3.12/site-packages/alpaca_trade_api/stream.py", line 99, in _auth
    raise ValueError(msg[0].get('msg', 'auth failed'))
ValueError: connection limit exceeded
data websocket error, restarting connection: server rejected WebSocket connection: HTTP 429
error during websocket communication: connection limit exceeded
Traceback (most recent call last):
  File "/home/ubuntu/trading_bot_phase1/venv/lib/python3.12/site-packages/alpaca_trade_api/stream.py", line 251, in _run_forever
    await self._start_ws()
  File "/home/ubuntu/trading_bot_phase1/venv/lib/python3.12/site-packages/alpaca_trade_api/stream.py", line 105, in _start_ws
    await self._auth()
  File "/home/ubuntu/trading_bot_phase1/venv/lib/python3.12/site-packages/alpaca_trade_api/stream.py", line 99, in _auth
    raise ValueError(msg[0].get('msg', 'auth failed'))
ValueError: connection limit exceeded
data websocket error, restarting connection: server rejected WebSocket connection: HTTP 429
error during websocket communication: connection limit exceeded
Traceback (most recent call last):
  File "/home/ubuntu/trading_bot_phase1/venv/lib/python3.12/site-packages/alpaca_trade_api/stream.py", line 251, in _run_forever
    await self._start_ws()
  File "/home/ubuntu/trading_bot_phase1/venv/lib/python3.12/site-packages/alpaca_trade_api/stream.py", line 105, in _start_ws
    await self._auth()
  File "/home/ubuntu/trading_bot_phase1/venv/lib/python3.12/site-packages/alpaca_trade_api/stream.py", line 99, in _auth
    raise ValueError(msg[0].get('msg', 'auth failed'))
ValueError: connection limit exceeded
data websocket error, restarting connection: server rejected WebSocket connection: HTTP 429
error during websocket communication: connection limit exceeded
Traceback (most recent call last):
  File "/home/ubuntu/trading_bot_phase1/venv/lib/python3.12/site-packages/alpaca_trade_api/stream.py", line 251, in _run_forever
    await self._start_ws()
  File "/home/ubuntu/trading_bot_phase1/venv/lib/python3.12/site-packages/alpaca_trade_api/stream.py", line 105, in _start_ws
    await self._auth()
  File "/home/ubuntu/trading_bot_phase1/venv/lib/python3.12/site-packages/alpaca_trade_api/stream.py", line 99, in _auth
    raise ValueError(msg[0].get('msg', 'auth failed'))
ValueError: connection limit exceeded
error during websocket communication: connection limit exceeded
Traceback (most recent call last):
  File "/home/ubuntu/trading_bot_phase1/venv/lib/python3.12/site-packages/alpaca_trade_api/stream.py", line 251, in _run_forever
    await self._start_ws()
  File "/home/ubuntu/trading_bot_phase1/venv/lib/python3.12/site-packages/alpaca_trade_api/stream.py", line 105, in _start_ws
    await self._auth()
  File "/home/ubuntu/trading_bot_phase1/venv/lib/python3.12/site-packages/alpaca_trade_api/stream.py", line 99, in _auth
    raise ValueError(msg[0].get('msg', 'auth failed'))
ValueError: connection limit exceeded
error during websocket communication: connection limit exceeded
Traceback (most recent call last):
  File "/home/ubuntu/trading_bot_phase1/venv/lib/python3.12/site-packages/alpaca_trade_api/stream.py", line 251, in _run_forever
    await self._start_ws()
  File "/home/ubuntu/trading_bot_phase1/venv/lib/python3.12/site-packages/alpaca_trade_api/stream.py", line 105, in _start_ws
    await self._auth()
  File "/home/ubuntu/trading_bot_phase1/venv/lib/python3.12/site-packages/alpaca_trade_api/stream.py", line 99, in _auth
    raise ValueError(msg[0].get('msg', 'auth failed'))
ValueError: connection limit exceeded
error during websocket communication: connection limit exceeded
Traceback (most recent call last):
  File "/home/ubuntu/trading_bot_phase1/venv/lib/python3.12/site-packages/alpaca_trade_api/stream.py", line 251, in _run_forever
    await self._start_ws()
  File "/home/ubuntu/trading_bot_phase1/venv/lib/python3.12/site-packages/alpaca_trade_api/stream.py", line 105, in _start_ws
    await self._auth()
  File "/home/ubuntu/trading_bot_phase1/venv/lib/python3.12/site-packages/alpaca_trade_api/stream.py", line 99, in _auth
    raise ValueError(msg[0].get('msg', 'auth failed'))
ValueError: connection limit exceeded
data websocket error, restarting connection: server rejected WebSocket connection: HTTP 429
error during websocket communication: connection limit exceeded
Traceback (most recent call last):
  File "/home/ubuntu/trading_bot_phase1/venv/lib/python3.12/site-packages/alpaca_trade_api/stream.py", line 251, in _run_forever
    await self._start_ws()
  File "/home/ubuntu/trading_bot_phase1/venv/lib/python3.12/site-packages/alpaca_trade_api/stream.py", line 105, in _start_ws
    await self._auth()
  File "/home/ubuntu/trading_bot_phase1/venv/lib/python3.12/site-packages/alpaca_trade_api/stream.py", line 99, in _auth
    raise ValueError(msg[0].get('msg', 'auth failed'))
ValueError: connection limit exceeded
error during websocket communication: connection limit exceeded
Traceback (most recent call last):
  File "/home/ubuntu/trading_bot_phase1/venv/lib/python3.12/site-packages/alpaca_trade_api/stream.py", line 251, in _run_forever
    await self._start_ws()
  File "/home/ubuntu/trading_bot_phase1/venv/lib/python3.12/site-packages/alpaca_trade_api/stream.py", line 105, in _start_ws
    await self._auth()
  File "/home/ubuntu/trading_bot_phase1/venv/lib/python3.12/site-packages/alpaca_trade_api/stream.py", line 99, in _auth
    raise ValueError(msg[0].get('msg', 'auth failed'))
ValueError: connection limit exceeded
data websocket error, restarting connection: server rejected WebSocket connection: HTTP 429
data websocket error, restarting connection: server rejected WebSocket connection: HTTP 429
data websocket error, restarting connection: server rejected WebSocket connection: HTTP 429
error during websocket communication: connection limit exceeded
Traceback (most recent call last):
  File "/home/ubuntu/trading_bot_phase1/venv/lib/python3.12/site-packages/alpaca_trade_api/stream.py", line 251, in _run_forever
    await self._start_ws()
  File "/home/ubuntu/trading_bot_phase1/venv/lib/python3.12/site-packages/alpaca_trade_api/stream.py", line 105, in _start_ws
    await self._auth()
  File "/home/ubuntu/trading_bot_phase1/venv/lib/python3.12/site-packages/alpaca_trade_api/stream.py", line 99, in _auth
    raise ValueError(msg[0].get('msg', 'auth failed'))
ValueError: connection limit exceeded
data websocket error, restarting connection: server rejected WebSocket connection: HTTP 429
error during websocket communication: connection limit exceeded
Traceback (most recent call last):
  File "/home/ubuntu/trading_bot_phase1/venv/lib/python3.12/site-packages/alpaca_trade_api/stream.py", line 251, in _run_forever
    await self._start_ws()
  File "/home/ubuntu/trading_bot_phase1/venv/lib/python3.12/site-packages/alpaca_trade_api/stream.py", line 105, in _start_ws
    await self._auth()
  File "/home/ubuntu/trading_bot_phase1/venv/lib/python3.12/site-packages/alpaca_trade_api/stream.py", line 99, in _auth
    raise ValueError(msg[0].get('msg', 'auth failed'))
ValueError: connection limit exceeded
data websocket error, restarting connection: server rejected WebSocket connection: HTTP 429
data websocket error, restarting connection: server rejected WebSocket connection: HTTP 429
error during websocket communication: connection limit exceeded
Traceback (most recent call last):
  File "/home/ubuntu/trading_bot_phase1/venv/lib/python3.12/site-packages/alpaca_trade_api/stream.py", line 251, in _run_forever
    await self._start_ws()
  File "/home/ubuntu/trading_bot_phase1/venv/lib/python3.12/site-packages/alpaca_trade_api/stream.py", line 105, in _start_ws
    await self._auth()
  File "/home/ubuntu/trading_bot_phase1/venv/lib/python3.12/site-packages/alpaca_trade_api/stream.py", line 99, in _auth
    raise ValueError(msg[0].get('msg', 'auth failed'))
ValueError: connection limit exceeded
error during websocket communication: connection limit exceeded
Traceback (most recent call last):
  File "/home/ubuntu/trading_bot_phase1/venv/lib/python3.12/site-packages/alpaca_trade_api/stream.py", line 251, in _run_forever
    await self._start_ws()
  File "/home/ubuntu/trading_bot_phase1/venv/lib/python3.12/site-packages/alpaca_trade_api/stream.py", line 105, in _start_ws
    await self._auth()
  File "/home/ubuntu/trading_bot_phase1/venv/lib/python3.12/site-packages/alpaca_trade_api/stream.py", line 99, in _auth
    raise ValueError(msg[0].get('msg', 'auth failed'))
ValueError: connection limit exceeded
error during websocket communication: connection limit exceeded
Traceback (most recent call last):
  File "/home/ubuntu/trading_bot_phase1/venv/lib/python3.12/site-packages/alpaca_trade_api/stream.py", line 251, in _run_forever
    await self._start_ws()
  File "/home/ubuntu/trading_bot_phase1/venv/lib/python3.12/site-packages/alpaca_trade_api/stream.py", line 105, in _start_ws
    await self._auth()
  File "/home/ubuntu/trading_bot_phase1/venv/lib/python3.12/site-packages/alpaca_trade_api/stream.py", line 99, in _auth
    raise ValueError(msg[0].get('msg', 'auth failed'))
ValueError: connection limit exceeded
error during websocket communication: connection limit exceeded
Traceback (most recent call last):
  File "/home/ubuntu/trading_bot_phase1/venv/lib/python3.12/site-packages/alpaca_trade_api/stream.py", line 251, in _run_forever
    await self._start_ws()
  File "/home/ubuntu/trading_bot_phase1/venv/lib/python3.12/site-packages/alpaca_trade_api/stream.py", line 105, in _start_ws
    await self._auth()
  File "/home/ubuntu/trading_bot_phase1/venv/lib/python3.12/site-packages/alpaca_trade_api/stream.py", line 99, in _auth
    raise ValueError(msg[0].get('msg', 'auth failed'))
ValueError: connection limit exceeded
data websocket error, restarting connection: server rejected WebSocket connection: HTTP 429
error during websocket communication: connection limit exceeded
Traceback (most recent call last):
  File "/home/ubuntu/trading_bot_phase1/venv/lib/python3.12/site-packages/alpaca_trade_api/stream.py", line 251, in _run_forever
    await self._start_ws()
  File "/home/ubuntu/trading_bot_phase1/venv/lib/python3.12/site-packages/alpaca_trade_api/stream.py", line 105, in _start_ws
    await self._auth()
  File "/home/ubuntu/trading_bot_phase1/venv/lib/python3.12/site-packages/alpaca_trade_api/stream.py", line 99, in _auth
    raise ValueError(msg[0].get('msg', 'auth failed'))
ValueError: connection limit exceeded
data websocket error, restarting connection: server rejected WebSocket connection: HTTP 429
error during websocket communication: connection limit exceeded
Traceback (most recent call last):
  File "/home/ubuntu/trading_bot_phase1/venv/lib/python3.12/site-packages/alpaca_trade_api/stream.py", line 251, in _run_forever
    await self._start_ws()
  File "/home/ubuntu/trading_bot_phase1/venv/lib/python3.12/site-packages/alpaca_trade_api/stream.py", line 105, in _start_ws
    await self._auth()
  File "/home/ubuntu/trading_bot_phase1/venv/lib/python3.12/site-packages/alpaca_trade_api/stream.py", line 99, in _auth
    raise ValueError(msg[0].get('msg', 'auth failed'))
ValueError: connection limit exceeded
error during websocket communication: connection limit exceeded
Traceback (most recent call last):
  File "/home/ubuntu/trading_bot_phase1/venv/lib/python3.12/site-packages/alpaca_trade_api/stream.py", line 251, in _run_forever
    await self._start_ws()
  File "/home/ubuntu/trading_bot_phase1/venv/lib/python3.12/site-packages/alpaca_trade_api/stream.py", line 105, in _start_ws
    await self._auth()
  File "/home/ubuntu/trading_bot_phase1/venv/lib/python3.12/site-packages/alpaca_trade_api/stream.py", line 99, in _auth
    raise ValueError(msg[0].get('msg', 'auth failed'))
ValueError: connection limit exceeded
data websocket error, restarting connection: server rejected WebSocket connection: HTTP 429
data websocket error, restarting connection: server rejected WebSocket connection: HTTP 429
data websocket error, restarting connection: server rejected WebSocket connection: HTTP 429
data websocket error, restarting connection: server rejected WebSocket connection: HTTP 429
error during websocket communication: connection limit exceeded
Traceback (most recent call last):
  File "/home/ubuntu/trading_bot_phase1/venv/lib/python3.12/site-packages/alpaca_trade_api/stream.py", line 251, in _run_forever
    await self._start_ws()
  File "/home/ubuntu/trading_bot_phase1/venv/lib/python3.12/site-packages/alpaca_trade_api/stream.py", line 105, in _start_ws
    await self._auth()
  File "/home/ubuntu/trading_bot_phase1/venv/lib/python3.12/site-packages/alpaca_trade_api/stream.py", line 99, in _auth
    raise ValueError(msg[0].get('msg', 'auth failed'))
ValueError: connection limit exceeded
error during websocket communication: connection limit exceeded
Traceback (most recent call last):
  File "/home/ubuntu/trading_bot_phase1/venv/lib/python3.12/site-packages/alpaca_trade_api/stream.py", line 251, in _run_forever
    await self._start_ws()
  File "/home/ubuntu/trading_bot_phase1/venv/lib/python3.12/site-packages/alpaca_trade_api/stream.py", line 105, in _start_ws
    await self._auth()
  File "/home/ubuntu/trading_bot_phase1/venv/lib/python3.12/site-packages/alpaca_trade_api/stream.py", line 99, in _auth
    raise ValueError(msg[0].get('msg', 'auth failed'))
ValueError: connection limit exceeded
error during websocket communication: connection limit exceeded
Traceback (most recent call last):
  File "/home/ubuntu/trading_bot_phase1/venv/lib/python3.12/site-packages/alpaca_trade_api/stream.py", line 251, in _run_forever
    await self._start_ws()
  File "/home/ubuntu/trading_bot_phase1/venv/lib/python3.12/site-packages/alpaca_trade_api/stream.py", line 105, in _start_ws
    await self._auth()
  File "/home/ubuntu/trading_bot_phase1/venv/lib/python3.12/site-packages/alpaca_trade_api/stream.py", line 99, in _auth
    raise ValueError(msg[0].get('msg', 'auth failed'))
ValueError: connection limit exceeded
data websocket error, restarting connection: server rejected WebSocket connection: HTTP 429
error during websocket communication: connection limit exceeded
Traceback (most recent call last):
  File "/home/ubuntu/trading_bot_phase1/venv/lib/python3.12/site-packages/alpaca_trade_api/stream.py", line 251, in _run_forever
    await self._start_ws()
  File "/home/ubuntu/trading_bot_phase1/venv/lib/python3.12/site-packages/alpaca_trade_api/stream.py", line 105, in _start_ws
    await self._auth()
  File "/home/ubuntu/trading_bot_phase1/venv/lib/python3.12/site-packages/alpaca_trade_api/stream.py", line 99, in _auth
    raise ValueError(msg[0].get('msg', 'auth failed'))
ValueError: connection limit exceeded
error during websocket communication: connection limit exceeded
Traceback (most recent call last):
  File "/home/ubuntu/trading_bot_phase1/venv/lib/python3.12/site-packages/alpaca_trade_api/stream.py", line 251, in _run_forever
    await self._start_ws()
  File "/home/ubuntu/trading_bot_phase1/venv/lib/python3.12/site-packages/alpaca_trade_api/stream.py", line 105, in _start_ws
    await self._auth()
  File "/home/ubuntu/trading_bot_phase1/venv/lib/python3.12/site-packages/alpaca_trade_api/stream.py", line 99, in _auth
    raise ValueError(msg[0].get('msg', 'auth failed'))
ValueError: connection limit exceeded
data websocket error, restarting connection: server rejected WebSocket connection: HTTP 429
error during websocket communication: connection limit exceeded
Traceback (most recent call last):
  File "/home/ubuntu/trading_bot_phase1/venv/lib/python3.12/site-packages/alpaca_trade_api/stream.py", line 251, in _run_forever
    await self._start_ws()
  File "/home/ubuntu/trading_bot_phase1/venv/lib/python3.12/site-packages/alpaca_trade_api/stream.py", line 105, in _start_ws
    await self._auth()
  File "/home/ubuntu/trading_bot_phase1/venv/lib/python3.12/site-packages/alpaca_trade_api/stream.py", line 99, in _auth
    raise ValueError(msg[0].get('msg', 'auth failed'))
ValueError: connection limit exceeded
error during websocket communication: connection limit exceeded
Traceback (most recent call last):
  File "/home/ubuntu/trading_bot_phase1/venv/lib/python3.12/site-packages/alpaca_trade_api/stream.py", line 251, in _run_forever
    await self._start_ws()
  File "/home/ubuntu/trading_bot_phase1/venv/lib/python3.12/site-packages/alpaca_trade_api/stream.py", line 105, in _start_ws
    await self._auth()
  File "/home/ubuntu/trading_bot_phase1/venv/lib/python3.12/site-packages/alpaca_trade_api/stream.py", line 99, in _auth
    raise ValueError(msg[0].get('msg', 'auth failed'))
ValueError: connection limit exceeded
error during websocket communication: connection limit exceeded
Traceback (most recent call last):
  File "/home/ubuntu/trading_bot_phase1/venv/lib/python3.12/site-packages/alpaca_trade_api/stream.py", line 251, in _run_forever
    await self._start_ws()
  File "/home/ubuntu/trading_bot_phase1/venv/lib/python3.12/site-packages/alpaca_trade_api/stream.py", line 105, in _start_ws
    await self._auth()
  File "/home/ubuntu/trading_bot_phase1/venv/lib/python3.12/site-packages/alpaca_trade_api/stream.py", line 99, in _auth
    raise ValueError(msg[0].get('msg', 'auth failed'))
ValueError: connection limit exceeded
data websocket error, restarting connection: server rejected WebSocket connection: HTTP 429
data websocket error, restarting connection: server rejected WebSocket connection: HTTP 429
error during websocket communication: connection limit exceeded
Traceback (most recent call last):
  File "/home/ubuntu/trading_bot_phase1/venv/lib/python3.12/site-packages/alpaca_trade_api/stream.py", line 251, in _run_forever
    await self._start_ws()
  File "/home/ubuntu/trading_bot_phase1/venv/lib/python3.12/site-packages/alpaca_trade_api/stream.py", line 105, in _start_ws
    await self._auth()
  File "/home/ubuntu/trading_bot_phase1/venv/lib/python3.12/site-packages/alpaca_trade_api/stream.py", line 99, in _auth
    raise ValueError(msg[0].get('msg', 'auth failed'))
ValueError: connection limit exceeded
data websocket error, restarting connection: server rejected WebSocket connection: HTTP 429
error during websocket communication: connection limit exceeded
Traceback (most recent call last):
  File "/home/ubuntu/trading_bot_phase1/venv/lib/python3.12/site-packages/alpaca_trade_api/stream.py", line 251, in _run_forever
    await self._start_ws()
  File "/home/ubuntu/trading_bot_phase1/venv/lib/python3.12/site-packages/alpaca_trade_api/stream.py", line 105, in _start_ws
    await self._auth()
  File "/home/ubuntu/trading_bot_phase1/venv/lib/python3.12/site-packages/alpaca_trade_api/stream.py", line 99, in _auth
    raise ValueError(msg[0].get('msg', 'auth failed'))
ValueError: connection limit exceeded
data websocket error, restarting connection: server rejected WebSocket connection: HTTP 429
error during websocket communication: connection limit exceeded
Traceback (most recent call last):
  File "/home/ubuntu/trading_bot_phase1/venv/lib/python3.12/site-packages/alpaca_trade_api/stream.py", line 251, in _run_forever
    await self._start_ws()
  File "/home/ubuntu/trading_bot_phase1/venv/lib/python3.12/site-packages/alpaca_trade_api/stream.py", line 105, in _start_ws
    await self._auth()
  File "/home/ubuntu/trading_bot_phase1/venv/lib/python3.12/site-packages/alpaca_trade_api/stream.py", line 99, in _auth
    raise ValueError(msg[0].get('msg', 'auth failed'))
ValueError: connection limit exceeded
data websocket error, restarting connection: server rejected WebSocket connection: HTTP 429
error during websocket communication: connection limit exceeded
Traceback (most recent call last):
  File "/home/ubuntu/trading_bot_phase1/venv/lib/python3.12/site-packages/alpaca_trade_api/stream.py", line 251, in _run_forever
    await self._start_ws()
  File "/home/ubuntu/trading_bot_phase1/venv/lib/python3.12/site-packages/alpaca_trade_api/stream.py", line 105, in _start_ws
    await self._auth()
  File "/home/ubuntu/trading_bot_phase1/venv/lib/python3.12/site-packages/alpaca_trade_api/stream.py", line 99, in _auth
    raise ValueError(msg[0].get('msg', 'auth failed'))
ValueError: connection limit exceeded
error during websocket communication: connection limit exceeded
Traceback (most recent call last):
  File "/home/ubuntu/trading_bot_phase1/venv/lib/python3.12/site-packages/alpaca_trade_api/stream.py", line 251, in _run_forever
    await self._start_ws()
  File "/home/ubuntu/trading_bot_phase1/venv/lib/python3.12/site-packages/alpaca_trade_api/stream.py", line 105, in _start_ws
    await self._auth()
  File "/home/ubuntu/trading_bot_phase1/venv/lib/python3.12/site-packages/alpaca_trade_api/stream.py", line 99, in _auth
    raise ValueError(msg[0].get('msg', 'auth failed'))
ValueError: connection limit exceeded
error during websocket communication: connection limit exceeded
Traceback (most recent call last):
  File "/home/ubuntu/trading_bot_phase1/venv/lib/python3.12/site-packages/alpaca_trade_api/stream.py", line 251, in _run_forever
    await self._start_ws()
  File "/home/ubuntu/trading_bot_phase1/venv/lib/python3.12/site-packages/alpaca_trade_api/stream.py", line 105, in _start_ws
    await self._auth()
  File "/home/ubuntu/trading_bot_phase1/venv/lib/python3.12/site-packages/alpaca_trade_api/stream.py", line 99, in _auth
    raise ValueError(msg[0].get('msg', 'auth failed'))
ValueError: connection limit exceeded
error during websocket communication: connection limit exceeded
Traceback (most recent call last):
  File "/home/ubuntu/trading_bot_phase1/venv/lib/python3.12/site-packages/alpaca_trade_api/stream.py", line 251, in _run_forever
    await self._start_ws()
  File "/home/ubuntu/trading_bot_phase1/venv/lib/python3.12/site-packages/alpaca_trade_api/stream.py", line 105, in _start_ws
    await self._auth()
  File "/home/ubuntu/trading_bot_phase1/venv/lib/python3.12/site-packages/alpaca_trade_api/stream.py", line 99, in _auth
    raise ValueError(msg[0].get('msg', 'auth failed'))
ValueError: connection limit exceeded
data websocket error, restarting connection: server rejected WebSocket connection: HTTP 429
data websocket error, restarting connection: server rejected WebSocket connection: HTTP 429
error during websocket communication: connection limit exceeded
Traceback (most recent call last):
  File "/home/ubuntu/trading_bot_phase1/venv/lib/python3.12/site-packages/alpaca_trade_api/stream.py", line 251, in _run_forever
    await self._start_ws()
  File "/home/ubuntu/trading_bot_phase1/venv/lib/python3.12/site-packages/alpaca_trade_api/stream.py", line 105, in _start_ws
    await self._auth()
  File "/home/ubuntu/trading_bot_phase1/venv/lib/python3.12/site-packages/alpaca_trade_api/stream.py", line 99, in _auth
    raise ValueError(msg[0].get('msg', 'auth failed'))
ValueError: connection limit exceeded
data websocket error, restarting connection: server rejected WebSocket connection: HTTP 429
error during websocket communication: connection limit exceeded
Traceback (most recent call last):
  File "/home/ubuntu/trading_bot_phase1/venv/lib/python3.12/site-packages/alpaca_trade_api/stream.py", line 251, in _run_forever
    await self._start_ws()
  File "/home/ubuntu/trading_bot_phase1/venv/lib/python3.12/site-packages/alpaca_trade_api/stream.py", line 105, in _start_ws
    await self._auth()
  File "/home/ubuntu/trading_bot_phase1/venv/lib/python3.12/site-packages/alpaca_trade_api/stream.py", line 99, in _auth
    raise ValueError(msg[0].get('msg', 'auth failed'))
ValueError: connection limit exceeded
data websocket error, restarting connection: server rejected WebSocket connection: HTTP 429
data websocket error, restarting connection: server rejected WebSocket connection: HTTP 429
error during websocket communication: connection limit exceeded
Traceback (most recent call last):
  File "/home/ubuntu/trading_bot_phase1/venv/lib/python3.12/site-packages/alpaca_trade_api/stream.py", line 251, in _run_forever
    await self._start_ws()
  File "/home/ubuntu/trading_bot_phase1/venv/lib/python3.12/site-packages/alpaca_trade_api/stream.py", line 105, in _start_ws
    await self._auth()
  File "/home/ubuntu/trading_bot_phase1/venv/lib/python3.12/site-packages/alpaca_trade_api/stream.py", line 99, in _auth
    raise ValueError(msg[0].get('msg', 'auth failed'))
ValueError: connection limit exceeded
data websocket error, restarting connection: server rejected WebSocket connection: HTTP 429
error during websocket communication: connection limit exceeded
Traceback (most recent call last):
  File "/home/ubuntu/trading_bot_phase1/venv/lib/python3.12/site-packages/alpaca_trade_api/stream.py", line 251, in _run_forever
    await self._start_ws()
  File "/home/ubuntu/trading_bot_phase1/venv/lib/python3.12/site-packages/alpaca_trade_api/stream.py", line 105, in _start_ws
    await self._auth()
  File "/home/ubuntu/trading_bot_phase1/venv/lib/python3.12/site-packages/alpaca_trade_api/stream.py", line 99, in _auth
    raise ValueError(msg[0].get('msg', 'auth failed'))
ValueError: connection limit exceeded
error during websocket communication: connection limit exceeded
Traceback (most recent call last):
  File "/home/ubuntu/trading_bot_phase1/venv/lib/python3.12/site-packages/alpaca_trade_api/stream.py", line 251, in _run_forever
    await self._start_ws()
  File "/home/ubuntu/trading_bot_phase1/venv/lib/python3.12/site-packages/alpaca_trade_api/stream.py", line 105, in _start_ws
    await self._auth()
  File "/home/ubuntu/trading_bot_phase1/venv/lib/python3.12/site-packages/alpaca_trade_api/stream.py", line 99, in _auth
    raise ValueError(msg[0].get('msg', 'auth failed'))
ValueError: connection limit exceeded
data websocket error, restarting connection: server rejected WebSocket connection: HTTP 429
data websocket error, restarting connection: server rejected WebSocket connection: HTTP 429
error during websocket communication: connection limit exceeded
Traceback (most recent call last):
  File "/home/ubuntu/trading_bot_phase1/venv/lib/python3.12/site-packages/alpaca_trade_api/stream.py", line 251, in _run_forever
    await self._start_ws()
  File "/home/ubuntu/trading_bot_phase1/venv/lib/python3.12/site-packages/alpaca_trade_api/stream.py", line 105, in _start_ws
    await self._auth()
  File "/home/ubuntu/trading_bot_phase1/venv/lib/python3.12/site-packages/alpaca_trade_api/stream.py", line 99, in _auth
    raise ValueError(msg[0].get('msg', 'auth failed'))
ValueError: connection limit exceeded
error during websocket communication: connection limit exceeded
Traceback (most recent call last):
  File "/home/ubuntu/trading_bot_phase1/venv/lib/python3.12/site-packages/alpaca_trade_api/stream.py", line 251, in _run_forever
    await self._start_ws()
  File "/home/ubuntu/trading_bot_phase1/venv/lib/python3.12/site-packages/alpaca_trade_api/stream.py", line 105, in _start_ws
    await self._auth()
  File "/home/ubuntu/trading_bot_phase1/venv/lib/python3.12/site-packages/alpaca_trade_api/stream.py", line 99, in _auth
    raise ValueError(msg[0].get('msg', 'auth failed'))
ValueError: connection limit exceeded
data websocket error, restarting connection: server rejected WebSocket connection: HTTP 429
data websocket error, restarting connection: server rejected WebSocket connection: HTTP 429
error during websocket communication: connection limit exceeded
Traceback (most recent call last):
  File "/home/ubuntu/trading_bot_phase1/venv/lib/python3.12/site-packages/alpaca_trade_api/stream.py", line 251, in _run_forever
    await self._start_ws()
  File "/home/ubuntu/trading_bot_phase1/venv/lib/python3.12/site-packages/alpaca_trade_api/stream.py", line 105, in _start_ws
    await self._auth()
  File "/home/ubuntu/trading_bot_phase1/venv/lib/python3.12/site-packages/alpaca_trade_api/stream.py", line 99, in _auth
    raise ValueError(msg[0].get('msg', 'auth failed'))
ValueError: connection limit exceeded
data websocket error, restarting connection: server rejected WebSocket connection: HTTP 429
error during websocket communication: connection limit exceeded
Traceback (most recent call last):
  File "/home/ubuntu/trading_bot_phase1/venv/lib/python3.12/site-packages/alpaca_trade_api/stream.py", line 251, in _run_forever
    await self._start_ws()
  File "/home/ubuntu/trading_bot_phase1/venv/lib/python3.12/site-packages/alpaca_trade_api/stream.py", line 105, in _start_ws
    await self._auth()
  File "/home/ubuntu/trading_bot_phase1/venv/lib/python3.12/site-packages/alpaca_trade_api/stream.py", line 99, in _auth
    raise ValueError(msg[0].get('msg', 'auth failed'))
ValueError: connection limit exceeded
data websocket error, restarting connection: server rejected WebSocket connection: HTTP 429
data websocket error, restarting connection: server rejected WebSocket connection: HTTP 429
error during websocket communication: connection limit exceeded
Traceback (most recent call last):
  File "/home/ubuntu/trading_bot_phase1/venv/lib/python3.12/site-packages/alpaca_trade_api/stream.py", line 251, in _run_forever
    await self._start_ws()
  File "/home/ubuntu/trading_bot_phase1/venv/lib/python3.12/site-packages/alpaca_trade_api/stream.py", line 105, in _start_ws
    await self._auth()
  File "/home/ubuntu/trading_bot_phase1/venv/lib/python3.12/site-packages/alpaca_trade_api/stream.py", line 99, in _auth
    raise ValueError(msg[0].get('msg', 'auth failed'))
ValueError: connection limit exceeded
error during websocket communication: connection limit exceeded
Traceback (most recent call last):
  File "/home/ubuntu/trading_bot_phase1/venv/lib/python3.12/site-packages/alpaca_trade_api/stream.py", line 251, in _run_forever
    await self._start_ws()
  File "/home/ubuntu/trading_bot_phase1/venv/lib/python3.12/site-packages/alpaca_trade_api/stream.py", line 105, in _start_ws
    await self._auth()
  File "/home/ubuntu/trading_bot_phase1/venv/lib/python3.12/site-packages/alpaca_trade_api/stream.py", line 99, in _auth
    raise ValueError(msg[0].get('msg', 'auth failed'))
ValueError: connection limit exceeded
error during websocket communication: connection limit exceeded
Traceback (most recent call last):
  File "/home/ubuntu/trading_bot_phase1/venv/lib/python3.12/site-packages/alpaca_trade_api/stream.py", line 251, in _run_forever
    await self._start_ws()
  File "/home/ubuntu/trading_bot_phase1/venv/lib/python3.12/site-packages/alpaca_trade_api/stream.py", line 105, in _start_ws
    await self._auth()
  File "/home/ubuntu/trading_bot_phase1/venv/lib/python3.12/site-packages/alpaca_trade_api/stream.py", line 99, in _auth
    raise ValueError(msg[0].get('msg', 'auth failed'))
ValueError: connection limit exceeded
error during websocket communication: connection limit exceeded
Traceback (most recent call last):
  File "/home/ubuntu/trading_bot_phase1/venv/lib/python3.12/site-packages/alpaca_trade_api/stream.py", line 251, in _run_forever
    await self._start_ws()
  File "/home/ubuntu/trading_bot_phase1/venv/lib/python3.12/site-packages/alpaca_trade_api/stream.py", line 105, in _start_ws
    await self._auth()
  File "/home/ubuntu/trading_bot_phase1/venv/lib/python3.12/site-packages/alpaca_trade_api/stream.py", line 99, in _auth
    raise ValueError(msg[0].get('msg', 'auth failed'))
ValueError: connection limit exceeded
error during websocket communication: connection limit exceeded
Traceback (most recent call last):
  File "/home/ubuntu/trading_bot_phase1/venv/lib/python3.12/site-packages/alpaca_trade_api/stream.py", line 251, in _run_forever
    await self._start_ws()
  File "/home/ubuntu/trading_bot_phase1/venv/lib/python3.12/site-packages/alpaca_trade_api/stream.py", line 105, in _start_ws
    await self._auth()
  File "/home/ubuntu/trading_bot_phase1/venv/lib/python3.12/site-packages/alpaca_trade_api/stream.py", line 99, in _auth
    raise ValueError(msg[0].get('msg', 'auth failed'))
ValueError: connection limit exceeded
data websocket error, restarting connection: server rejected WebSocket connection: HTTP 429
error during websocket communication: connection limit exceeded
Traceback (most recent call last):
  File "/home/ubuntu/trading_bot_phase1/venv/lib/python3.12/site-packages/alpaca_trade_api/stream.py", line 251, in _run_forever
    await self._start_ws()
  File "/home/ubuntu/trading_bot_phase1/venv/lib/python3.12/site-packages/alpaca_trade_api/stream.py", line 105, in _start_ws
    await self._auth()
  File "/home/ubuntu/trading_bot_phase1/venv/lib/python3.12/site-packages/alpaca_trade_api/stream.py", line 99, in _auth
    raise ValueError(msg[0].get('msg', 'auth failed'))
ValueError: connection limit exceeded
data websocket error, restarting connection: server rejected WebSocket connection: HTTP 429
error during websocket communication: connection limit exceeded
Traceback (most recent call last):
  File "/home/ubuntu/trading_bot_phase1/venv/lib/python3.12/site-packages/alpaca_trade_api/stream.py", line 251, in _run_forever
    await self._start_ws()
  File "/home/ubuntu/trading_bot_phase1/venv/lib/python3.12/site-packages/alpaca_trade_api/stream.py", line 105, in _start_ws
    await self._auth()
  File "/home/ubuntu/trading_bot_phase1/venv/lib/python3.12/site-packages/alpaca_trade_api/stream.py", line 99, in _auth
    raise ValueError(msg[0].get('msg', 'auth failed'))
ValueError: connection limit exceeded
data websocket error, restarting connection: server rejected WebSocket connection: HTTP 429
data websocket error, restarting connection: server rejected WebSocket connection: HTTP 429
error during websocket communication: connection limit exceeded
Traceback (most recent call last):
  File "/home/ubuntu/trading_bot_phase1/venv/lib/python3.12/site-packages/alpaca_trade_api/stream.py", line 251, in _run_forever
    await self._start_ws()
  File "/home/ubuntu/trading_bot_phase1/venv/lib/python3.12/site-packages/alpaca_trade_api/stream.py", line 105, in _start_ws
    await self._auth()
  File "/home/ubuntu/trading_bot_phase1/venv/lib/python3.12/site-packages/alpaca_trade_api/stream.py", line 99, in _auth
    raise ValueError(msg[0].get('msg', 'auth failed'))
ValueError: connection limit exceeded
data websocket error, restarting connection: server rejected WebSocket connection: HTTP 429
data websocket error, restarting connection: server rejected WebSocket connection: HTTP 429
data websocket error, restarting connection: server rejected WebSocket connection: HTTP 429
error during websocket communication: connection limit exceeded
Traceback (most recent call last):
  File "/home/ubuntu/trading_bot_phase1/venv/lib/python3.12/site-packages/alpaca_trade_api/stream.py", line 251, in _run_forever
    await self._start_ws()
  File "/home/ubuntu/trading_bot_phase1/venv/lib/python3.12/site-packages/alpaca_trade_api/stream.py", line 105, in _start_ws
    await self._auth()
  File "/home/ubuntu/trading_bot_phase1/venv/lib/python3.12/site-packages/alpaca_trade_api/stream.py", line 99, in _auth
    raise ValueError(msg[0].get('msg', 'auth failed'))
ValueError: connection limit exceeded
error during websocket communication: connection limit exceeded
Traceback (most recent call last):
  File "/home/ubuntu/trading_bot_phase1/venv/lib/python3.12/site-packages/alpaca_trade_api/stream.py", line 251, in _run_forever
    await self._start_ws()
  File "/home/ubuntu/trading_bot_phase1/venv/lib/python3.12/site-packages/alpaca_trade_api/stream.py", line 105, in _start_ws
    await self._auth()
  File "/home/ubuntu/trading_bot_phase1/venv/lib/python3.12/site-packages/alpaca_trade_api/stream.py", line 99, in _auth
    raise ValueError(msg[0].get('msg', 'auth failed'))
ValueError: connection limit exceeded
error during websocket communication: connection limit exceeded
Traceback (most recent call last):
  File "/home/ubuntu/trading_bot_phase1/venv/lib/python3.12/site-packages/alpaca_trade_api/stream.py", line 251, in _run_forever
    await self._start_ws()
  File "/home/ubuntu/trading_bot_phase1/venv/lib/python3.12/site-packages/alpaca_trade_api/stream.py", line 105, in _start_ws
    await self._auth()
  File "/home/ubuntu/trading_bot_phase1/venv/lib/python3.12/site-packages/alpaca_trade_api/stream.py", line 99, in _auth
    raise ValueError(msg[0].get('msg', 'auth failed'))
ValueError: connection limit exceeded
data websocket error, restarting connection: server rejected WebSocket connection: HTTP 429
error during websocket communication: connection limit exceeded
Traceback (most recent call last):
  File "/home/ubuntu/trading_bot_phase1/venv/lib/python3.12/site-packages/alpaca_trade_api/stream.py", line 251, in _run_forever
    await self._start_ws()
  File "/home/ubuntu/trading_bot_phase1/venv/lib/python3.12/site-packages/alpaca_trade_api/stream.py", line 105, in _start_ws
    await self._auth()
  File "/home/ubuntu/trading_bot_phase1/venv/lib/python3.12/site-packages/alpaca_trade_api/stream.py", line 99, in _auth
    raise ValueError(msg[0].get('msg', 'auth failed'))
ValueError: connection limit exceeded
data websocket error, restarting connection: server rejected WebSocket connection: HTTP 429
error during websocket communication: connection limit exceeded
Traceback (most recent call last):
  File "/home/ubuntu/trading_bot_phase1/venv/lib/python3.12/site-packages/alpaca_trade_api/stream.py", line 251, in _run_forever
    await self._start_ws()
  File "/home/ubuntu/trading_bot_phase1/venv/lib/python3.12/site-packages/alpaca_trade_api/stream.py", line 105, in _start_ws
    await self._auth()
  File "/home/ubuntu/trading_bot_phase1/venv/lib/python3.12/site-packages/alpaca_trade_api/stream.py", line 99, in _auth
    raise ValueError(msg[0].get('msg', 'auth failed'))
ValueError: connection limit exceeded
data websocket error, restarting connection: server rejected WebSocket connection: HTTP 429
error during websocket communication: connection limit exceeded
Traceback (most recent call last):
  File "/home/ubuntu/trading_bot_phase1/venv/lib/python3.12/site-packages/alpaca_trade_api/stream.py", line 251, in _run_forever
    await self._start_ws()
  File "/home/ubuntu/trading_bot_phase1/venv/lib/python3.12/site-packages/alpaca_trade_api/stream.py", line 105, in _start_ws
    await self._auth()
  File "/home/ubuntu/trading_bot_phase1/venv/lib/python3.12/site-packages/alpaca_trade_api/stream.py", line 99, in _auth
    raise ValueError(msg[0].get('msg', 'auth failed'))
ValueError: connection limit exceeded
error during websocket communication: connection limit exceeded
Traceback (most recent call last):
  File "/home/ubuntu/trading_bot_phase1/venv/lib/python3.12/site-packages/alpaca_trade_api/stream.py", line 251, in _run_forever
    await self._start_ws()
  File "/home/ubuntu/trading_bot_phase1/venv/lib/python3.12/site-packages/alpaca_trade_api/stream.py", line 105, in _start_ws
    await self._auth()
  File "/home/ubuntu/trading_bot_phase1/venv/lib/python3.12/site-packages/alpaca_trade_api/stream.py", line 99, in _auth
    raise ValueError(msg[0].get('msg', 'auth failed'))
ValueError: connection limit exceeded
data websocket error, restarting connection: server rejected WebSocket connection: HTTP 429
error during websocket communication: connection limit exceeded
Traceback (most recent call last):
  File "/home/ubuntu/trading_bot_phase1/venv/lib/python3.12/site-packages/alpaca_trade_api/stream.py", line 251, in _run_forever
    await self._start_ws()
  File "/home/ubuntu/trading_bot_phase1/venv/lib/python3.12/site-packages/alpaca_trade_api/stream.py", line 105, in _start_ws
    await self._auth()
  File "/home/ubuntu/trading_bot_phase1/venv/lib/python3.12/site-packages/alpaca_trade_api/stream.py", line 99, in _auth
    raise ValueError(msg[0].get('msg', 'auth failed'))
ValueError: connection limit exceeded
error during websocket communication: connection limit exceeded
Traceback (most recent call last):
  File "/home/ubuntu/trading_bot_phase1/venv/lib/python3.12/site-packages/alpaca_trade_api/stream.py", line 251, in _run_forever
    await self._start_ws()
  File "/home/ubuntu/trading_bot_phase1/venv/lib/python3.12/site-packages/alpaca_trade_api/stream.py", line 105, in _start_ws
    await self._auth()
  File "/home/ubuntu/trading_bot_phase1/venv/lib/python3.12/site-packages/alpaca_trade_api/stream.py", line 99, in _auth
    raise ValueError(msg[0].get('msg', 'auth failed'))
ValueError: connection limit exceeded
error during websocket communication: connection limit exceeded
Traceback (most recent call last):
  File "/home/ubuntu/trading_bot_phase1/venv/lib/python3.12/site-packages/alpaca_trade_api/stream.py", line 251, in _run_forever
    await self._start_ws()
  File "/home/ubuntu/trading_bot_phase1/venv/lib/python3.12/site-packages/alpaca_trade_api/stream.py", line 105, in _start_ws
    await self._auth()
  File "/home/ubuntu/trading_bot_phase1/venv/lib/python3.12/site-packages/alpaca_trade_api/stream.py", line 99, in _auth
    raise ValueError(msg[0].get('msg', 'auth failed'))
ValueError: connection limit exceeded
error during websocket communication: connection limit exceeded
Traceback (most recent call last):
  File "/home/ubuntu/trading_bot_phase1/venv/lib/python3.12/site-packages/alpaca_trade_api/stream.py", line 251, in _run_forever
    await self._start_ws()
  File "/home/ubuntu/trading_bot_phase1/venv/lib/python3.12/site-packages/alpaca_trade_api/stream.py", line 105, in _start_ws
    await self._auth()
  File "/home/ubuntu/trading_bot_phase1/venv/lib/python3.12/site-packages/alpaca_trade_api/stream.py", line 99, in _auth
    raise ValueError(msg[0].get('msg', 'auth failed'))
ValueError: connection limit exceeded
error during websocket communication: connection limit exceeded
Traceback (most recent call last):
  File "/home/ubuntu/trading_bot_phase1/venv/lib/python3.12/site-packages/alpaca_trade_api/stream.py", line 251, in _run_forever
    await self._start_ws()
  File "/home/ubuntu/trading_bot_phase1/venv/lib/python3.12/site-packages/alpaca_trade_api/stream.py", line 105, in _start_ws
    await self._auth()
  File "/home/ubuntu/trading_bot_phase1/venv/lib/python3.12/site-packages/alpaca_trade_api/stream.py", line 99, in _auth
    raise ValueError(msg[0].get('msg', 'auth failed'))
ValueError: connection limit exceeded
error during websocket communication: connection limit exceeded
Traceback (most recent call last):
  File "/home/ubuntu/trading_bot_phase1/venv/lib/python3.12/site-packages/alpaca_trade_api/stream.py", line 251, in _run_forever
    await self._start_ws()
  File "/home/ubuntu/trading_bot_phase1/venv/lib/python3.12/site-packages/alpaca_trade_api/stream.py", line 105, in _start_ws
    await self._auth()
  File "/home/ubuntu/trading_bot_phase1/venv/lib/python3.12/site-packages/alpaca_trade_api/stream.py", line 99, in _auth
    raise ValueError(msg[0].get('msg', 'auth failed'))
ValueError: connection limit exceeded
data websocket error, restarting connection: server rejected WebSocket connection: HTTP 429
error during websocket communication: connection limit exceeded
Traceback (most recent call last):
  File "/home/ubuntu/trading_bot_phase1/venv/lib/python3.12/site-packages/alpaca_trade_api/stream.py", line 251, in _run_forever
    await self._start_ws()
  File "/home/ubuntu/trading_bot_phase1/venv/lib/python3.12/site-packages/alpaca_trade_api/stream.py", line 105, in _start_ws
    await self._auth()
  File "/home/ubuntu/trading_bot_phase1/venv/lib/python3.12/site-packages/alpaca_trade_api/stream.py", line 99, in _auth
    raise ValueError(msg[0].get('msg', 'auth failed'))
ValueError: connection limit exceeded
error during websocket communication: connection limit exceeded
Traceback (most recent call last):
  File "/home/ubuntu/trading_bot_phase1/venv/lib/python3.12/site-packages/alpaca_trade_api/stream.py", line 251, in _run_forever
    await self._start_ws()
  File "/home/ubuntu/trading_bot_phase1/venv/lib/python3.12/site-packages/alpaca_trade_api/stream.py", line 105, in _start_ws
    await self._auth()
  File "/home/ubuntu/trading_bot_phase1/venv/lib/python3.12/site-packages/alpaca_trade_api/stream.py", line 99, in _auth
    raise ValueError(msg[0].get('msg', 'auth failed'))
ValueError: connection limit exceeded
data websocket error, restarting connection: server rejected WebSocket connection: HTTP 429
error during websocket communication: connection limit exceeded
Traceback (most recent call last):
  File "/home/ubuntu/trading_bot_phase1/venv/lib/python3.12/site-packages/alpaca_trade_api/stream.py", line 251, in _run_forever
    await self._start_ws()
  File "/home/ubuntu/trading_bot_phase1/venv/lib/python3.12/site-packages/alpaca_trade_api/stream.py", line 105, in _start_ws
    await self._auth()
  File "/home/ubuntu/trading_bot_phase1/venv/lib/python3.12/site-packages/alpaca_trade_api/stream.py", line 99, in _auth
    raise ValueError(msg[0].get('msg', 'auth failed'))
ValueError: connection limit exceeded
data websocket error, restarting connection: server rejected WebSocket connection: HTTP 429
data websocket error, restarting connection: server rejected WebSocket connection: HTTP 429
data websocket error, restarting connection: server rejected WebSocket connection: HTTP 429
error during websocket communication: connection limit exceeded
Traceback (most recent call last):
  File "/home/ubuntu/trading_bot_phase1/venv/lib/python3.12/site-packages/alpaca_trade_api/stream.py", line 251, in _run_forever
    await self._start_ws()
  File "/home/ubuntu/trading_bot_phase1/venv/lib/python3.12/site-packages/alpaca_trade_api/stream.py", line 105, in _start_ws
    await self._auth()
  File "/home/ubuntu/trading_bot_phase1/venv/lib/python3.12/site-packages/alpaca_trade_api/stream.py", line 99, in _auth
    raise ValueError(msg[0].get('msg', 'auth failed'))
ValueError: connection limit exceeded
data websocket error, restarting connection: server rejected WebSocket connection: HTTP 429
error during websocket communication: connection limit exceeded
Traceback (most recent call last):
  File "/home/ubuntu/trading_bot_phase1/venv/lib/python3.12/site-packages/alpaca_trade_api/stream.py", line 251, in _run_forever
    await self._start_ws()
  File "/home/ubuntu/trading_bot_phase1/venv/lib/python3.12/site-packages/alpaca_trade_api/stream.py", line 105, in _start_ws
    await self._auth()
  File "/home/ubuntu/trading_bot_phase1/venv/lib/python3.12/site-packages/alpaca_trade_api/stream.py", line 99, in _auth
    raise ValueError(msg[0].get('msg', 'auth failed'))
ValueError: connection limit exceeded
error during websocket communication: connection limit exceeded
Traceback (most recent call last):
  File "/home/ubuntu/trading_bot_phase1/venv/lib/python3.12/site-packages/alpaca_trade_api/stream.py", line 251, in _run_forever
    await self._start_ws()
  File "/home/ubuntu/trading_bot_phase1/venv/lib/python3.12/site-packages/alpaca_trade_api/stream.py", line 105, in _start_ws
    await self._auth()
  File "/home/ubuntu/trading_bot_phase1/venv/lib/python3.12/site-packages/alpaca_trade_api/stream.py", line 99, in _auth
    raise ValueError(msg[0].get('msg', 'auth failed'))
ValueError: connection limit exceeded
data websocket error, restarting connection: server rejected WebSocket connection: HTTP 429
error during websocket communication: connection limit exceeded
Traceback (most recent call last):
  File "/home/ubuntu/trading_bot_phase1/venv/lib/python3.12/site-packages/alpaca_trade_api/stream.py", line 251, in _run_forever
    await self._start_ws()
  File "/home/ubuntu/trading_bot_phase1/venv/lib/python3.12/site-packages/alpaca_trade_api/stream.py", line 105, in _start_ws
    await self._auth()
  File "/home/ubuntu/trading_bot_phase1/venv/lib/python3.12/site-packages/alpaca_trade_api/stream.py", line 99, in _auth
    raise ValueError(msg[0].get('msg', 'auth failed'))
ValueError: connection limit exceeded
data websocket error, restarting connection: server rejected WebSocket connection: HTTP 429
data websocket error, restarting connection: server rejected WebSocket connection: HTTP 429
error during websocket communication: connection limit exceeded
Traceback (most recent call last):
  File "/home/ubuntu/trading_bot_phase1/venv/lib/python3.12/site-packages/alpaca_trade_api/stream.py", line 251, in _run_forever
    await self._start_ws()
  File "/home/ubuntu/trading_bot_phase1/venv/lib/python3.12/site-packages/alpaca_trade_api/stream.py", line 105, in _start_ws
    await self._auth()
  File "/home/ubuntu/trading_bot_phase1/venv/lib/python3.12/site-packages/alpaca_trade_api/stream.py", line 99, in _auth
    raise ValueError(msg[0].get('msg', 'auth failed'))
ValueError: connection limit exceeded
data websocket error, restarting connection: server rejected WebSocket connection: HTTP 429
error during websocket communication: connection limit exceeded
Traceback (most recent call last):
  File "/home/ubuntu/trading_bot_phase1/venv/lib/python3.12/site-packages/alpaca_trade_api/stream.py", line 251, in _run_forever
    await self._start_ws()
  File "/home/ubuntu/trading_bot_phase1/venv/lib/python3.12/site-packages/alpaca_trade_api/stream.py", line 105, in _start_ws
    await self._auth()
  File "/home/ubuntu/trading_bot_phase1/venv/lib/python3.12/site-packages/alpaca_trade_api/stream.py", line 99, in _auth
    raise ValueError(msg[0].get('msg', 'auth failed'))
ValueError: connection limit exceeded
data websocket error, restarting connection: server rejected WebSocket connection: HTTP 429
error during websocket communication: connection limit exceeded
Traceback (most recent call last):
  File "/home/ubuntu/trading_bot_phase1/venv/lib/python3.12/site-packages/alpaca_trade_api/stream.py", line 251, in _run_forever
    await self._start_ws()
  File "/home/ubuntu/trading_bot_phase1/venv/lib/python3.12/site-packages/alpaca_trade_api/stream.py", line 105, in _start_ws
    await self._auth()
  File "/home/ubuntu/trading_bot_phase1/venv/lib/python3.12/site-packages/alpaca_trade_api/stream.py", line 99, in _auth
    raise ValueError(msg[0].get('msg', 'auth failed'))
ValueError: connection limit exceeded
error during websocket communication: connection limit exceeded
Traceback (most recent call last):
  File "/home/ubuntu/trading_bot_phase1/venv/lib/python3.12/site-packages/alpaca_trade_api/stream.py", line 251, in _run_forever
    await self._start_ws()
  File "/home/ubuntu/trading_bot_phase1/venv/lib/python3.12/site-packages/alpaca_trade_api/stream.py", line 105, in _start_ws
    await self._auth()
  File "/home/ubuntu/trading_bot_phase1/venv/lib/python3.12/site-packages/alpaca_trade_api/stream.py", line 99, in _auth
    raise ValueError(msg[0].get('msg', 'auth failed'))
ValueError: connection limit exceeded
error during websocket communication: connection limit exceeded
Traceback (most recent call last):
  File "/home/ubuntu/trading_bot_phase1/venv/lib/python3.12/site-packages/alpaca_trade_api/stream.py", line 251, in _run_forever
    await self._start_ws()
  File "/home/ubuntu/trading_bot_phase1/venv/lib/python3.12/site-packages/alpaca_trade_api/stream.py", line 105, in _start_ws
    await self._auth()
  File "/home/ubuntu/trading_bot_phase1/venv/lib/python3.12/site-packages/alpaca_trade_api/stream.py", line 99, in _auth
    raise ValueError(msg[0].get('msg', 'auth failed'))
ValueError: connection limit exceeded
data websocket error, restarting connection: server rejected WebSocket connection: HTTP 429
error during websocket communication: connection limit exceeded
Traceback (most recent call last):
  File "/home/ubuntu/trading_bot_phase1/venv/lib/python3.12/site-packages/alpaca_trade_api/stream.py", line 251, in _run_forever
    await self._start_ws()
  File "/home/ubuntu/trading_bot_phase1/venv/lib/python3.12/site-packages/alpaca_trade_api/stream.py", line 105, in _start_ws
    await self._auth()
  File "/home/ubuntu/trading_bot_phase1/venv/lib/python3.12/site-packages/alpaca_trade_api/stream.py", line 99, in _auth
    raise ValueError(msg[0].get('msg', 'auth failed'))
ValueError: connection limit exceeded
error during websocket communication: connection limit exceeded
Traceback (most recent call last):
  File "/home/ubuntu/trading_bot_phase1/venv/lib/python3.12/site-packages/alpaca_trade_api/stream.py", line 251, in _run_forever
    await self._start_ws()
  File "/home/ubuntu/trading_bot_phase1/venv/lib/python3.12/site-packages/alpaca_trade_api/stream.py", line 105, in _start_ws
    await self._auth()
  File "/home/ubuntu/trading_bot_phase1/venv/lib/python3.12/site-packages/alpaca_trade_api/stream.py", line 99, in _auth
    raise ValueError(msg[0].get('msg', 'auth failed'))
ValueError: connection limit exceeded
data websocket error, restarting connection: server rejected WebSocket connection: HTTP 429
error during websocket communication: connection limit exceeded
Traceback (most recent call last):
  File "/home/ubuntu/trading_bot_phase1/venv/lib/python3.12/site-packages/alpaca_trade_api/stream.py", line 251, in _run_forever
    await self._start_ws()
  File "/home/ubuntu/trading_bot_phase1/venv/lib/python3.12/site-packages/alpaca_trade_api/stream.py", line 105, in _start_ws
    await self._auth()
  File "/home/ubuntu/trading_bot_phase1/venv/lib/python3.12/site-packages/alpaca_trade_api/stream.py", line 99, in _auth
    raise ValueError(msg[0].get('msg', 'auth failed'))
ValueError: connection limit exceeded
data websocket error, restarting connection: server rejected WebSocket connection: HTTP 429
error during websocket communication: connection limit exceeded
Traceback (most recent call last):
  File "/home/ubuntu/trading_bot_phase1/venv/lib/python3.12/site-packages/alpaca_trade_api/stream.py", line 251, in _run_forever
    await self._start_ws()
  File "/home/ubuntu/trading_bot_phase1/venv/lib/python3.12/site-packages/alpaca_trade_api/stream.py", line 105, in _start_ws
    await self._auth()
  File "/home/ubuntu/trading_bot_phase1/venv/lib/python3.12/site-packages/alpaca_trade_api/stream.py", line 99, in _auth
    raise ValueError(msg[0].get('msg', 'auth failed'))
ValueError: connection limit exceeded
data websocket error, restarting connection: server rejected WebSocket connection: HTTP 429
error during websocket communication: connection limit exceeded
Traceback (most recent call last):
  File "/home/ubuntu/trading_bot_phase1/venv/lib/python3.12/site-packages/alpaca_trade_api/stream.py", line 251, in _run_forever
    await self._start_ws()
  File "/home/ubuntu/trading_bot_phase1/venv/lib/python3.12/site-packages/alpaca_trade_api/stream.py", line 105, in _start_ws
    await self._auth()
  File "/home/ubuntu/trading_bot_phase1/venv/lib/python3.12/site-packages/alpaca_trade_api/stream.py", line 99, in _auth
    raise ValueError(msg[0].get('msg', 'auth failed'))
ValueError: connection limit exceeded
data websocket error, restarting connection: server rejected WebSocket connection: HTTP 429
error during websocket communication: connection limit exceeded
Traceback (most recent call last):
  File "/home/ubuntu/trading_bot_phase1/venv/lib/python3.12/site-packages/alpaca_trade_api/stream.py", line 251, in _run_forever
    await self._start_ws()
  File "/home/ubuntu/trading_bot_phase1/venv/lib/python3.12/site-packages/alpaca_trade_api/stream.py", line 105, in _start_ws
    await self._auth()
  File "/home/ubuntu/trading_bot_phase1/venv/lib/python3.12/site-packages/alpaca_trade_api/stream.py", line 99, in _auth
    raise ValueError(msg[0].get('msg', 'auth failed'))
ValueError: connection limit exceeded
data websocket error, restarting connection: server rejected WebSocket connection: HTTP 429
error during websocket communication: connection limit exceeded
Traceback (most recent call last):
  File "/home/ubuntu/trading_bot_phase1/venv/lib/python3.12/site-packages/alpaca_trade_api/stream.py", line 251, in _run_forever
    await self._start_ws()
  File "/home/ubuntu/trading_bot_phase1/venv/lib/python3.12/site-packages/alpaca_trade_api/stream.py", line 105, in _start_ws
    await self._auth()
  File "/home/ubuntu/trading_bot_phase1/venv/lib/python3.12/site-packages/alpaca_trade_api/stream.py", line 99, in _auth
    raise ValueError(msg[0].get('msg', 'auth failed'))
ValueError: connection limit exceeded
error during websocket communication: connection limit exceeded
Traceback (most recent call last):
  File "/home/ubuntu/trading_bot_phase1/venv/lib/python3.12/site-packages/alpaca_trade_api/stream.py", line 251, in _run_forever
    await self._start_ws()
  File "/home/ubuntu/trading_bot_phase1/venv/lib/python3.12/site-packages/alpaca_trade_api/stream.py", line 105, in _start_ws
    await self._auth()
  File "/home/ubuntu/trading_bot_phase1/venv/lib/python3.12/site-packages/alpaca_trade_api/stream.py", line 99, in _auth
    raise ValueError(msg[0].get('msg', 'auth failed'))
ValueError: connection limit exceeded
error during websocket communication: connection limit exceeded
Traceback (most recent call last):
  File "/home/ubuntu/trading_bot_phase1/venv/lib/python3.12/site-packages/alpaca_trade_api/stream.py", line 251, in _run_forever
    await self._start_ws()
  File "/home/ubuntu/trading_bot_phase1/venv/lib/python3.12/site-packages/alpaca_trade_api/stream.py", line 105, in _start_ws
    await self._auth()
  File "/home/ubuntu/trading_bot_phase1/venv/lib/python3.12/site-packages/alpaca_trade_api/stream.py", line 99, in _auth
    raise ValueError(msg[0].get('msg', 'auth failed'))
ValueError: connection limit exceeded
error during websocket communication: connection limit exceeded
Traceback (most recent call last):
  File "/home/ubuntu/trading_bot_phase1/venv/lib/python3.12/site-packages/alpaca_trade_api/stream.py", line 251, in _run_forever
    await self._start_ws()
  File "/home/ubuntu/trading_bot_phase1/venv/lib/python3.12/site-packages/alpaca_trade_api/stream.py", line 105, in _start_ws
    await self._auth()
  File "/home/ubuntu/trading_bot_phase1/venv/lib/python3.12/site-packages/alpaca_trade_api/stream.py", line 99, in _auth
    raise ValueError(msg[0].get('msg', 'auth failed'))
ValueError: connection limit exceeded
data websocket error, restarting connection: server rejected WebSocket connection: HTTP 429
error during websocket communication: connection limit exceeded
Traceback (most recent call last):
  File "/home/ubuntu/trading_bot_phase1/venv/lib/python3.12/site-packages/alpaca_trade_api/stream.py", line 251, in _run_forever
    await self._start_ws()
  File "/home/ubuntu/trading_bot_phase1/venv/lib/python3.12/site-packages/alpaca_trade_api/stream.py", line 105, in _start_ws
    await self._auth()
  File "/home/ubuntu/trading_bot_phase1/venv/lib/python3.12/site-packages/alpaca_trade_api/stream.py", line 99, in _auth
    raise ValueError(msg[0].get('msg', 'auth failed'))
ValueError: connection limit exceeded
error during websocket communication: connection limit exceeded
Traceback (most recent call last):
  File "/home/ubuntu/trading_bot_phase1/venv/lib/python3.12/site-packages/alpaca_trade_api/stream.py", line 251, in _run_forever
    await self._start_ws()
  File "/home/ubuntu/trading_bot_phase1/venv/lib/python3.12/site-packages/alpaca_trade_api/stream.py", line 105, in _start_ws
    await self._auth()
  File "/home/ubuntu/trading_bot_phase1/venv/lib/python3.12/site-packages/alpaca_trade_api/stream.py", line 99, in _auth
    raise ValueError(msg[0].get('msg', 'auth failed'))
ValueError: connection limit exceeded
error during websocket communication: connection limit exceeded
Traceback (most recent call last):
  File "/home/ubuntu/trading_bot_phase1/venv/lib/python3.12/site-packages/alpaca_trade_api/stream.py", line 251, in _run_forever
    await self._start_ws()
  File "/home/ubuntu/trading_bot_phase1/venv/lib/python3.12/site-packages/alpaca_trade_api/stream.py", line 105, in _start_ws
    await self._auth()
  File "/home/ubuntu/trading_bot_phase1/venv/lib/python3.12/site-packages/alpaca_trade_api/stream.py", line 99, in _auth
    raise ValueError(msg[0].get('msg', 'auth failed'))
ValueError: connection limit exceeded
data websocket error, restarting connection: server rejected WebSocket connection: HTTP 429
error during websocket communication: connection limit exceeded
Traceback (most recent call last):
  File "/home/ubuntu/trading_bot_phase1/venv/lib/python3.12/site-packages/alpaca_trade_api/stream.py", line 251, in _run_forever
    await self._start_ws()
  File "/home/ubuntu/trading_bot_phase1/venv/lib/python3.12/site-packages/alpaca_trade_api/stream.py", line 105, in _start_ws
    await self._auth()
  File "/home/ubuntu/trading_bot_phase1/venv/lib/python3.12/site-packages/alpaca_trade_api/stream.py", line 99, in _auth
    raise ValueError(msg[0].get('msg', 'auth failed'))
ValueError: connection limit exceeded
data websocket error, restarting connection: server rejected WebSocket connection: HTTP 429
data websocket error, restarting connection: server rejected WebSocket connection: HTTP 429
data websocket error, restarting connection: server rejected WebSocket connection: HTTP 429
error during websocket communication: connection limit exceeded
Traceback (most recent call last):
  File "/home/ubuntu/trading_bot_phase1/venv/lib/python3.12/site-packages/alpaca_trade_api/stream.py", line 251, in _run_forever
    await self._start_ws()
  File "/home/ubuntu/trading_bot_phase1/venv/lib/python3.12/site-packages/alpaca_trade_api/stream.py", line 105, in _start_ws
    await self._auth()
  File "/home/ubuntu/trading_bot_phase1/venv/lib/python3.12/site-packages/alpaca_trade_api/stream.py", line 99, in _auth
    raise ValueError(msg[0].get('msg', 'auth failed'))
ValueError: connection limit exceeded
data websocket error, restarting connection: server rejected WebSocket connection: HTTP 429
data websocket error, restarting connection: server rejected WebSocket connection: HTTP 429
error during websocket communication: connection limit exceeded
Traceback (most recent call last):
  File "/home/ubuntu/trading_bot_phase1/venv/lib/python3.12/site-packages/alpaca_trade_api/stream.py", line 251, in _run_forever
    await self._start_ws()
  File "/home/ubuntu/trading_bot_phase1/venv/lib/python3.12/site-packages/alpaca_trade_api/stream.py", line 105, in _start_ws
    await self._auth()
  File "/home/ubuntu/trading_bot_phase1/venv/lib/python3.12/site-packages/alpaca_trade_api/stream.py", line 99, in _auth
    raise ValueError(msg[0].get('msg', 'auth failed'))
ValueError: connection limit exceeded
data websocket error, restarting connection: server rejected WebSocket connection: HTTP 429
error during websocket communication: connection limit exceeded
Traceback (most recent call last):
  File "/home/ubuntu/trading_bot_phase1/venv/lib/python3.12/site-packages/alpaca_trade_api/stream.py", line 251, in _run_forever
    await self._start_ws()
  File "/home/ubuntu/trading_bot_phase1/venv/lib/python3.12/site-packages/alpaca_trade_api/stream.py", line 105, in _start_ws
    await self._auth()
  File "/home/ubuntu/trading_bot_phase1/venv/lib/python3.12/site-packages/alpaca_trade_api/stream.py", line 99, in _auth
    raise ValueError(msg[0].get('msg', 'auth failed'))
ValueError: connection limit exceeded
data websocket error, restarting connection: server rejected WebSocket connection: HTTP 429
error during websocket communication: connection limit exceeded
Traceback (most recent call last):
  File "/home/ubuntu/trading_bot_phase1/venv/lib/python3.12/site-packages/alpaca_trade_api/stream.py", line 251, in _run_forever
    await self._start_ws()
  File "/home/ubuntu/trading_bot_phase1/venv/lib/python3.12/site-packages/alpaca_trade_api/stream.py", line 105, in _start_ws
    await self._auth()
  File "/home/ubuntu/trading_bot_phase1/venv/lib/python3.12/site-packages/alpaca_trade_api/stream.py", line 99, in _auth
    raise ValueError(msg[0].get('msg', 'auth failed'))
ValueError: connection limit exceeded
data websocket error, restarting connection: server rejected WebSocket connection: HTTP 429
error during websocket communication: connection limit exceeded
Traceback (most recent call last):
  File "/home/ubuntu/trading_bot_phase1/venv/lib/python3.12/site-packages/alpaca_trade_api/stream.py", line 251, in _run_forever
    await self._start_ws()
  File "/home/ubuntu/trading_bot_phase1/venv/lib/python3.12/site-packages/alpaca_trade_api/stream.py", line 105, in _start_ws
    await self._auth()
  File "/home/ubuntu/trading_bot_phase1/venv/lib/python3.12/site-packages/alpaca_trade_api/stream.py", line 99, in _auth
    raise ValueError(msg[0].get('msg', 'auth failed'))
ValueError: connection limit exceeded
error during websocket communication: connection limit exceeded
Traceback (most recent call last):
  File "/home/ubuntu/trading_bot_phase1/venv/lib/python3.12/site-packages/alpaca_trade_api/stream.py", line 251, in _run_forever
    await self._start_ws()
  File "/home/ubuntu/trading_bot_phase1/venv/lib/python3.12/site-packages/alpaca_trade_api/stream.py", line 105, in _start_ws
    await self._auth()
  File "/home/ubuntu/trading_bot_phase1/venv/lib/python3.12/site-packages/alpaca_trade_api/stream.py", line 99, in _auth
    raise ValueError(msg[0].get('msg', 'auth failed'))
ValueError: connection limit exceeded
data websocket error, restarting connection: server rejected WebSocket connection: HTTP 429
error during websocket communication: connection limit exceeded
Traceback (most recent call last):
  File "/home/ubuntu/trading_bot_phase1/venv/lib/python3.12/site-packages/alpaca_trade_api/stream.py", line 251, in _run_forever
    await self._start_ws()
  File "/home/ubuntu/trading_bot_phase1/venv/lib/python3.12/site-packages/alpaca_trade_api/stream.py", line 105, in _start_ws
    await self._auth()
  File "/home/ubuntu/trading_bot_phase1/venv/lib/python3.12/site-packages/alpaca_trade_api/stream.py", line 99, in _auth
    raise ValueError(msg[0].get('msg', 'auth failed'))
ValueError: connection limit exceeded
data websocket error, restarting connection: server rejected WebSocket connection: HTTP 429
error during websocket communication: connection limit exceeded
Traceback (most recent call last):
  File "/home/ubuntu/trading_bot_phase1/venv/lib/python3.12/site-packages/alpaca_trade_api/stream.py", line 251, in _run_forever
    await self._start_ws()
  File "/home/ubuntu/trading_bot_phase1/venv/lib/python3.12/site-packages/alpaca_trade_api/stream.py", line 105, in _start_ws
    await self._auth()
  File "/home/ubuntu/trading_bot_phase1/venv/lib/python3.12/site-packages/alpaca_trade_api/stream.py", line 99, in _auth
    raise ValueError(msg[0].get('msg', 'auth failed'))
ValueError: connection limit exceeded
data websocket error, restarting connection: server rejected WebSocket connection: HTTP 429
error during websocket communication: connection limit exceeded
Traceback (most recent call last):
  File "/home/ubuntu/trading_bot_phase1/venv/lib/python3.12/site-packages/alpaca_trade_api/stream.py", line 251, in _run_forever
    await self._start_ws()
  File "/home/ubuntu/trading_bot_phase1/venv/lib/python3.12/site-packages/alpaca_trade_api/stream.py", line 105, in _start_ws
    await self._auth()
  File "/home/ubuntu/trading_bot_phase1/venv/lib/python3.12/site-packages/alpaca_trade_api/stream.py", line 99, in _auth
    raise ValueError(msg[0].get('msg', 'auth failed'))
ValueError: connection limit exceeded
data websocket error, restarting connection: server rejected WebSocket connection: HTTP 429
error during websocket communication: connection limit exceeded
Traceback (most recent call last):
  File "/home/ubuntu/trading_bot_phase1/venv/lib/python3.12/site-packages/alpaca_trade_api/stream.py", line 251, in _run_forever
    await self._start_ws()
  File "/home/ubuntu/trading_bot_phase1/venv/lib/python3.12/site-packages/alpaca_trade_api/stream.py", line 105, in _start_ws
    await self._auth()
  File "/home/ubuntu/trading_bot_phase1/venv/lib/python3.12/site-packages/alpaca_trade_api/stream.py", line 99, in _auth
    raise ValueError(msg[0].get('msg', 'auth failed'))
ValueError: connection limit exceeded
error during websocket communication: connection limit exceeded
Traceback (most recent call last):
  File "/home/ubuntu/trading_bot_phase1/venv/lib/python3.12/site-packages/alpaca_trade_api/stream.py", line 251, in _run_forever
    await self._start_ws()
  File "/home/ubuntu/trading_bot_phase1/venv/lib/python3.12/site-packages/alpaca_trade_api/stream.py", line 105, in _start_ws
    await self._auth()
  File "/home/ubuntu/trading_bot_phase1/venv/lib/python3.12/site-packages/alpaca_trade_api/stream.py", line 99, in _auth
    raise ValueError(msg[0].get('msg', 'auth failed'))
ValueError: connection limit exceeded
error during websocket communication: connection limit exceeded
Traceback (most recent call last):
  File "/home/ubuntu/trading_bot_phase1/venv/lib/python3.12/site-packages/alpaca_trade_api/stream.py", line 251, in _run_forever
    await self._start_ws()
  File "/home/ubuntu/trading_bot_phase1/venv/lib/python3.12/site-packages/alpaca_trade_api/stream.py", line 105, in _start_ws
    await self._auth()
  File "/home/ubuntu/trading_bot_phase1/venv/lib/python3.12/site-packages/alpaca_trade_api/stream.py", line 99, in _auth
    raise ValueError(msg[0].get('msg', 'auth failed'))
ValueError: connection limit exceeded
error during websocket communication: connection limit exceeded
Traceback (most recent call last):
  File "/home/ubuntu/trading_bot_phase1/venv/lib/python3.12/site-packages/alpaca_trade_api/stream.py", line 251, in _run_forever
    await self._start_ws()
  File "/home/ubuntu/trading_bot_phase1/venv/lib/python3.12/site-packages/alpaca_trade_api/stream.py", line 105, in _start_ws
    await self._auth()
  File "/home/ubuntu/trading_bot_phase1/venv/lib/python3.12/site-packages/alpaca_trade_api/stream.py", line 99, in _auth
    raise ValueError(msg[0].get('msg', 'auth failed'))
ValueError: connection limit exceeded
error during websocket communication: connection limit exceeded
Traceback (most recent call last):
  File "/home/ubuntu/trading_bot_phase1/venv/lib/python3.12/site-packages/alpaca_trade_api/stream.py", line 251, in _run_forever
    await self._start_ws()
  File "/home/ubuntu/trading_bot_phase1/venv/lib/python3.12/site-packages/alpaca_trade_api/stream.py", line 105, in _start_ws
    await self._auth()
  File "/home/ubuntu/trading_bot_phase1/venv/lib/python3.12/site-packages/alpaca_trade_api/stream.py", line 99, in _auth
    raise ValueError(msg[0].get('msg', 'auth failed'))
ValueError: connection limit exceeded
error during websocket communication: connection limit exceeded
Traceback (most recent call last):
  File "/home/ubuntu/trading_bot_phase1/venv/lib/python3.12/site-packages/alpaca_trade_api/stream.py", line 251, in _run_forever
    await self._start_ws()
  File "/home/ubuntu/trading_bot_phase1/venv/lib/python3.12/site-packages/alpaca_trade_api/stream.py", line 105, in _start_ws
    await self._auth()
  File "/home/ubuntu/trading_bot_phase1/venv/lib/python3.12/site-packages/alpaca_trade_api/stream.py", line 99, in _auth
    raise ValueError(msg[0].get('msg', 'auth failed'))
ValueError: connection limit exceeded
data websocket error, restarting connection: server rejected WebSocket connection: HTTP 429
error during websocket communication: connection limit exceeded
Traceback (most recent call last):
  File "/home/ubuntu/trading_bot_phase1/venv/lib/python3.12/site-packages/alpaca_trade_api/stream.py", line 251, in _run_forever
    await self._start_ws()
  File "/home/ubuntu/trading_bot_phase1/venv/lib/python3.12/site-packages/alpaca_trade_api/stream.py", line 105, in _start_ws
    await self._auth()
  File "/home/ubuntu/trading_bot_phase1/venv/lib/python3.12/site-packages/alpaca_trade_api/stream.py", line 99, in _auth
    raise ValueError(msg[0].get('msg', 'auth failed'))
ValueError: connection limit exceeded
error during websocket communication: connection limit exceeded
Traceback (most recent call last):
  File "/home/ubuntu/trading_bot_phase1/venv/lib/python3.12/site-packages/alpaca_trade_api/stream.py", line 251, in _run_forever
    await self._start_ws()
  File "/home/ubuntu/trading_bot_phase1/venv/lib/python3.12/site-packages/alpaca_trade_api/stream.py", line 105, in _start_ws
    await self._auth()
  File "/home/ubuntu/trading_bot_phase1/venv/lib/python3.12/site-packages/alpaca_trade_api/stream.py", line 99, in _auth
    raise ValueError(msg[0].get('msg', 'auth failed'))
ValueError: connection limit exceeded
error during websocket communication: connection limit exceeded
Traceback (most recent call last):
  File "/home/ubuntu/trading_bot_phase1/venv/lib/python3.12/site-packages/alpaca_trade_api/stream.py", line 251, in _run_forever
    await self._start_ws()
  File "/home/ubuntu/trading_bot_phase1/venv/lib/python3.12/site-packages/alpaca_trade_api/stream.py", line 105, in _start_ws
    await self._auth()
  File "/home/ubuntu/trading_bot_phase1/venv/lib/python3.12/site-packages/alpaca_trade_api/stream.py", line 99, in _auth
    raise ValueError(msg[0].get('msg', 'auth failed'))
ValueError: connection limit exceeded
error during websocket communication: connection limit exceeded
Traceback (most recent call last):
  File "/home/ubuntu/trading_bot_phase1/venv/lib/python3.12/site-packages/alpaca_trade_api/stream.py", line 251, in _run_forever
    await self._start_ws()
  File "/home/ubuntu/trading_bot_phase1/venv/lib/python3.12/site-packages/alpaca_trade_api/stream.py", line 105, in _start_ws
    await self._auth()
  File "/home/ubuntu/trading_bot_phase1/venv/lib/python3.12/site-packages/alpaca_trade_api/stream.py", line 99, in _auth
    raise ValueError(msg[0].get('msg', 'auth failed'))
ValueError: connection limit exceeded
data websocket error, restarting connection: server rejected WebSocket connection: HTTP 429
data websocket error, restarting connection: server rejected WebSocket connection: HTTP 429
data websocket error, restarting connection: server rejected WebSocket connection: HTTP 429
error during websocket communication: connection limit exceeded
Traceback (most recent call last):
  File "/home/ubuntu/trading_bot_phase1/venv/lib/python3.12/site-packages/alpaca_trade_api/stream.py", line 251, in _run_forever
    await self._start_ws()
  File "/home/ubuntu/trading_bot_phase1/venv/lib/python3.12/site-packages/alpaca_trade_api/stream.py", line 105, in _start_ws
    await self._auth()
  File "/home/ubuntu/trading_bot_phase1/venv/lib/python3.12/site-packages/alpaca_trade_api/stream.py", line 99, in _auth
    raise ValueError(msg[0].get('msg', 'auth failed'))
ValueError: connection limit exceeded
data websocket error, restarting connection: server rejected WebSocket connection: HTTP 429
error during websocket communication: connection limit exceeded
Traceback (most recent call last):
  File "/home/ubuntu/trading_bot_phase1/venv/lib/python3.12/site-packages/alpaca_trade_api/stream.py", line 251, in _run_forever
    await self._start_ws()
  File "/home/ubuntu/trading_bot_phase1/venv/lib/python3.12/site-packages/alpaca_trade_api/stream.py", line 105, in _start_ws
    await self._auth()
  File "/home/ubuntu/trading_bot_phase1/venv/lib/python3.12/site-packages/alpaca_trade_api/stream.py", line 99, in _auth
    raise ValueError(msg[0].get('msg', 'auth failed'))
ValueError: connection limit exceeded
data websocket error, restarting connection: server rejected WebSocket connection: HTTP 429
error during websocket communication: connection limit exceeded
Traceback (most recent call last):
  File "/home/ubuntu/trading_bot_phase1/venv/lib/python3.12/site-packages/alpaca_trade_api/stream.py", line 251, in _run_forever
    await self._start_ws()
  File "/home/ubuntu/trading_bot_phase1/venv/lib/python3.12/site-packages/alpaca_trade_api/stream.py", line 105, in _start_ws
    await self._auth()
  File "/home/ubuntu/trading_bot_phase1/venv/lib/python3.12/site-packages/alpaca_trade_api/stream.py", line 99, in _auth
    raise ValueError(msg[0].get('msg', 'auth failed'))
ValueError: connection limit exceeded
error during websocket communication: connection limit exceeded
Traceback (most recent call last):
  File "/home/ubuntu/trading_bot_phase1/venv/lib/python3.12/site-packages/alpaca_trade_api/stream.py", line 251, in _run_forever
    await self._start_ws()
  File "/home/ubuntu/trading_bot_phase1/venv/lib/python3.12/site-packages/alpaca_trade_api/stream.py", line 105, in _start_ws
    await self._auth()
  File "/home/ubuntu/trading_bot_phase1/venv/lib/python3.12/site-packages/alpaca_trade_api/stream.py", line 99, in _auth
    raise ValueError(msg[0].get('msg', 'auth failed'))
ValueError: connection limit exceeded
data websocket error, restarting connection: server rejected WebSocket connection: HTTP 429
data websocket error, restarting connection: server rejected WebSocket connection: HTTP 429
error during websocket communication: connection limit exceeded
Traceback (most recent call last):
  File "/home/ubuntu/trading_bot_phase1/venv/lib/python3.12/site-packages/alpaca_trade_api/stream.py", line 251, in _run_forever
    await self._start_ws()
  File "/home/ubuntu/trading_bot_phase1/venv/lib/python3.12/site-packages/alpaca_trade_api/stream.py", line 105, in _start_ws
    await self._auth()
  File "/home/ubuntu/trading_bot_phase1/venv/lib/python3.12/site-packages/alpaca_trade_api/stream.py", line 99, in _auth
    raise ValueError(msg[0].get('msg', 'auth failed'))
ValueError: connection limit exceeded
error during websocket communication: connection limit exceeded
Traceback (most recent call last):
  File "/home/ubuntu/trading_bot_phase1/venv/lib/python3.12/site-packages/alpaca_trade_api/stream.py", line 251, in _run_forever
    await self._start_ws()
  File "/home/ubuntu/trading_bot_phase1/venv/lib/python3.12/site-packages/alpaca_trade_api/stream.py", line 105, in _start_ws
    await self._auth()
  File "/home/ubuntu/trading_bot_phase1/venv/lib/python3.12/site-packages/alpaca_trade_api/stream.py", line 99, in _auth
    raise ValueError(msg[0].get('msg', 'auth failed'))
ValueError: connection limit exceeded
data websocket error, restarting connection: server rejected WebSocket connection: HTTP 429
error during websocket communication: connection limit exceeded
Traceback (most recent call last):
  File "/home/ubuntu/trading_bot_phase1/venv/lib/python3.12/site-packages/alpaca_trade_api/stream.py", line 251, in _run_forever
    await self._start_ws()
  File "/home/ubuntu/trading_bot_phase1/venv/lib/python3.12/site-packages/alpaca_trade_api/stream.py", line 105, in _start_ws
    await self._auth()
  File "/home/ubuntu/trading_bot_phase1/venv/lib/python3.12/site-packages/alpaca_trade_api/stream.py", line 99, in _auth
    raise ValueError(msg[0].get('msg', 'auth failed'))
ValueError: connection limit exceeded
error during websocket communication: connection limit exceeded
Traceback (most recent call last):
  File "/home/ubuntu/trading_bot_phase1/venv/lib/python3.12/site-packages/alpaca_trade_api/stream.py", line 251, in _run_forever
    await self._start_ws()
  File "/home/ubuntu/trading_bot_phase1/venv/lib/python3.12/site-packages/alpaca_trade_api/stream.py", line 105, in _start_ws
    await self._auth()
  File "/home/ubuntu/trading_bot_phase1/venv/lib/python3.12/site-packages/alpaca_trade_api/stream.py", line 99, in _auth
    raise ValueError(msg[0].get('msg', 'auth failed'))
ValueError: connection limit exceeded
data websocket error, restarting connection: server rejected WebSocket connection: HTTP 429
error during websocket communication: connection limit exceeded
Traceback (most recent call last):
  File "/home/ubuntu/trading_bot_phase1/venv/lib/python3.12/site-packages/alpaca_trade_api/stream.py", line 251, in _run_forever
    await self._start_ws()
  File "/home/ubuntu/trading_bot_phase1/venv/lib/python3.12/site-packages/alpaca_trade_api/stream.py", line 105, in _start_ws
    await self._auth()
  File "/home/ubuntu/trading_bot_phase1/venv/lib/python3.12/site-packages/alpaca_trade_api/stream.py", line 99, in _auth
    raise ValueError(msg[0].get('msg', 'auth failed'))
ValueError: connection limit exceeded
data websocket error, restarting connection: server rejected WebSocket connection: HTTP 429
data websocket error, restarting connection: server rejected WebSocket connection: HTTP 429
data websocket error, restarting connection: server rejected WebSocket connection: HTTP 429
data websocket error, restarting connection: server rejected WebSocket connection: HTTP 429
error during websocket communication: connection limit exceeded
Traceback (most recent call last):
  File "/home/ubuntu/trading_bot_phase1/venv/lib/python3.12/site-packages/alpaca_trade_api/stream.py", line 251, in _run_forever
    await self._start_ws()
  File "/home/ubuntu/trading_bot_phase1/venv/lib/python3.12/site-packages/alpaca_trade_api/stream.py", line 105, in _start_ws
    await self._auth()
  File "/home/ubuntu/trading_bot_phase1/venv/lib/python3.12/site-packages/alpaca_trade_api/stream.py", line 99, in _auth
    raise ValueError(msg[0].get('msg', 'auth failed'))
ValueError: connection limit exceeded
error during websocket communication: connection limit exceeded
Traceback (most recent call last):
  File "/home/ubuntu/trading_bot_phase1/venv/lib/python3.12/site-packages/alpaca_trade_api/stream.py", line 251, in _run_forever
    await self._start_ws()
  File "/home/ubuntu/trading_bot_phase1/venv/lib/python3.12/site-packages/alpaca_trade_api/stream.py", line 105, in _start_ws
    await self._auth()
  File "/home/ubuntu/trading_bot_phase1/venv/lib/python3.12/site-packages/alpaca_trade_api/stream.py", line 99, in _auth
    raise ValueError(msg[0].get('msg', 'auth failed'))
ValueError: connection limit exceeded
data websocket error, restarting connection: server rejected WebSocket connection: HTTP 429
data websocket error, restarting connection: server rejected WebSocket connection: HTTP 429
error during websocket communication: connection limit exceeded
Traceback (most recent call last):
  File "/home/ubuntu/trading_bot_phase1/venv/lib/python3.12/site-packages/alpaca_trade_api/stream.py", line 251, in _run_forever
    await self._start_ws()
  File "/home/ubuntu/trading_bot_phase1/venv/lib/python3.12/site-packages/alpaca_trade_api/stream.py", line 105, in _start_ws
    await self._auth()
  File "/home/ubuntu/trading_bot_phase1/venv/lib/python3.12/site-packages/alpaca_trade_api/stream.py", line 99, in _auth
    raise ValueError(msg[0].get('msg', 'auth failed'))
ValueError: connection limit exceeded
data websocket error, restarting connection: server rejected WebSocket connection: HTTP 429
error during websocket communication: connection limit exceeded
Traceback (most recent call last):
  File "/home/ubuntu/trading_bot_phase1/venv/lib/python3.12/site-packages/alpaca_trade_api/stream.py", line 251, in _run_forever
    await self._start_ws()
  File "/home/ubuntu/trading_bot_phase1/venv/lib/python3.12/site-packages/alpaca_trade_api/stream.py", line 105, in _start_ws
    await self._auth()
  File "/home/ubuntu/trading_bot_phase1/venv/lib/python3.12/site-packages/alpaca_trade_api/stream.py", line 99, in _auth
    raise ValueError(msg[0].get('msg', 'auth failed'))
ValueError: connection limit exceeded
error during websocket communication: connection limit exceeded
Traceback (most recent call last):
  File "/home/ubuntu/trading_bot_phase1/venv/lib/python3.12/site-packages/alpaca_trade_api/stream.py", line 251, in _run_forever
    await self._start_ws()
  File "/home/ubuntu/trading_bot_phase1/venv/lib/python3.12/site-packages/alpaca_trade_api/stream.py", line 105, in _start_ws
    await self._auth()
  File "/home/ubuntu/trading_bot_phase1/venv/lib/python3.12/site-packages/alpaca_trade_api/stream.py", line 99, in _auth
    raise ValueError(msg[0].get('msg', 'auth failed'))
ValueError: connection limit exceeded
data websocket error, restarting connection: server rejected WebSocket connection: HTTP 429
data websocket error, restarting connection: server rejected WebSocket connection: HTTP 429
data websocket error, restarting connection: server rejected WebSocket connection: HTTP 429
data websocket error, restarting connection: server rejected WebSocket connection: HTTP 429
error during websocket communication: connection limit exceeded
Traceback (most recent call last):
  File "/home/ubuntu/trading_bot_phase1/venv/lib/python3.12/site-packages/alpaca_trade_api/stream.py", line 251, in _run_forever
    await self._start_ws()
  File "/home/ubuntu/trading_bot_phase1/venv/lib/python3.12/site-packages/alpaca_trade_api/stream.py", line 105, in _start_ws
    await self._auth()
  File "/home/ubuntu/trading_bot_phase1/venv/lib/python3.12/site-packages/alpaca_trade_api/stream.py", line 99, in _auth
    raise ValueError(msg[0].get('msg', 'auth failed'))
ValueError: connection limit exceeded
error during websocket communication: connection limit exceeded
Traceback (most recent call last):
  File "/home/ubuntu/trading_bot_phase1/venv/lib/python3.12/site-packages/alpaca_trade_api/stream.py", line 251, in _run_forever
    await self._start_ws()
  File "/home/ubuntu/trading_bot_phase1/venv/lib/python3.12/site-packages/alpaca_trade_api/stream.py", line 105, in _start_ws
    await self._auth()
  File "/home/ubuntu/trading_bot_phase1/venv/lib/python3.12/site-packages/alpaca_trade_api/stream.py", line 99, in _auth
    raise ValueError(msg[0].get('msg', 'auth failed'))
ValueError: connection limit exceeded
error during websocket communication: connection limit exceeded
Traceback (most recent call last):
  File "/home/ubuntu/trading_bot_phase1/venv/lib/python3.12/site-packages/alpaca_trade_api/stream.py", line 251, in _run_forever
    await self._start_ws()
  File "/home/ubuntu/trading_bot_phase1/venv/lib/python3.12/site-packages/alpaca_trade_api/stream.py", line 105, in _start_ws
    await self._auth()
  File "/home/ubuntu/trading_bot_phase1/venv/lib/python3.12/site-packages/alpaca_trade_api/stream.py", line 99, in _auth
    raise ValueError(msg[0].get('msg', 'auth failed'))
ValueError: connection limit exceeded
data websocket error, restarting connection: server rejected WebSocket connection: HTTP 429
error during websocket communication: connection limit exceeded
Traceback (most recent call last):
  File "/home/ubuntu/trading_bot_phase1/venv/lib/python3.12/site-packages/alpaca_trade_api/stream.py", line 251, in _run_forever
    await self._start_ws()
  File "/home/ubuntu/trading_bot_phase1/venv/lib/python3.12/site-packages/alpaca_trade_api/stream.py", line 105, in _start_ws
    await self._auth()
  File "/home/ubuntu/trading_bot_phase1/venv/lib/python3.12/site-packages/alpaca_trade_api/stream.py", line 99, in _auth
    raise ValueError(msg[0].get('msg', 'auth failed'))
ValueError: connection limit exceeded
data websocket error, restarting connection: server rejected WebSocket connection: HTTP 429
error during websocket communication: connection limit exceeded
Traceback (most recent call last):
  File "/home/ubuntu/trading_bot_phase1/venv/lib/python3.12/site-packages/alpaca_trade_api/stream.py", line 251, in _run_forever
    await self._start_ws()
  File "/home/ubuntu/trading_bot_phase1/venv/lib/python3.12/site-packages/alpaca_trade_api/stream.py", line 105, in _start_ws
    await self._auth()
  File "/home/ubuntu/trading_bot_phase1/venv/lib/python3.12/site-packages/alpaca_trade_api/stream.py", line 99, in _auth
    raise ValueError(msg[0].get('msg', 'auth failed'))
ValueError: connection limit exceeded
data websocket error, restarting connection: server rejected WebSocket connection: HTTP 429
error during websocket communication: connection limit exceeded
Traceback (most recent call last):
  File "/home/ubuntu/trading_bot_phase1/venv/lib/python3.12/site-packages/alpaca_trade_api/stream.py", line 251, in _run_forever
    await self._start_ws()
  File "/home/ubuntu/trading_bot_phase1/venv/lib/python3.12/site-packages/alpaca_trade_api/stream.py", line 105, in _start_ws
    await self._auth()
  File "/home/ubuntu/trading_bot_phase1/venv/lib/python3.12/site-packages/alpaca_trade_api/stream.py", line 99, in _auth
    raise ValueError(msg[0].get('msg', 'auth failed'))
ValueError: connection limit exceeded
error during websocket communication: connection limit exceeded
Traceback (most recent call last):
  File "/home/ubuntu/trading_bot_phase1/venv/lib/python3.12/site-packages/alpaca_trade_api/stream.py", line 251, in _run_forever
    await self._start_ws()
  File "/home/ubuntu/trading_bot_phase1/venv/lib/python3.12/site-packages/alpaca_trade_api/stream.py", line 105, in _start_ws
    await self._auth()
  File "/home/ubuntu/trading_bot_phase1/venv/lib/python3.12/site-packages/alpaca_trade_api/stream.py", line 99, in _auth
    raise ValueError(msg[0].get('msg', 'auth failed'))
ValueError: connection limit exceeded
error during websocket communication: connection limit exceeded
Traceback (most recent call last):
  File "/home/ubuntu/trading_bot_phase1/venv/lib/python3.12/site-packages/alpaca_trade_api/stream.py", line 251, in _run_forever
    await self._start_ws()
  File "/home/ubuntu/trading_bot_phase1/venv/lib/python3.12/site-packages/alpaca_trade_api/stream.py", line 105, in _start_ws
    await self._auth()
  File "/home/ubuntu/trading_bot_phase1/venv/lib/python3.12/site-packages/alpaca_trade_api/stream.py", line 99, in _auth
    raise ValueError(msg[0].get('msg', 'auth failed'))
ValueError: connection limit exceeded
data websocket error, restarting connection: server rejected WebSocket connection: HTTP 429
error during websocket communication: connection limit exceeded
Traceback (most recent call last):
  File "/home/ubuntu/trading_bot_phase1/venv/lib/python3.12/site-packages/alpaca_trade_api/stream.py", line 251, in _run_forever
    await self._start_ws()
  File "/home/ubuntu/trading_bot_phase1/venv/lib/python3.12/site-packages/alpaca_trade_api/stream.py", line 105, in _start_ws
    await self._auth()
  File "/home/ubuntu/trading_bot_phase1/venv/lib/python3.12/site-packages/alpaca_trade_api/stream.py", line 99, in _auth
    raise ValueError(msg[0].get('msg', 'auth failed'))
ValueError: connection limit exceeded
data websocket error, restarting connection: server rejected WebSocket connection: HTTP 429
data websocket error, restarting connection: server rejected WebSocket connection: HTTP 429
error during websocket communication: connection limit exceeded
Traceback (most recent call last):
  File "/home/ubuntu/trading_bot_phase1/venv/lib/python3.12/site-packages/alpaca_trade_api/stream.py", line 251, in _run_forever
    await self._start_ws()
  File "/home/ubuntu/trading_bot_phase1/venv/lib/python3.12/site-packages/alpaca_trade_api/stream.py", line 105, in _start_ws
    await self._auth()
  File "/home/ubuntu/trading_bot_phase1/venv/lib/python3.12/site-packages/alpaca_trade_api/stream.py", line 99, in _auth
    raise ValueError(msg[0].get('msg', 'auth failed'))
ValueError: connection limit exceeded
data websocket error, restarting connection: server rejected WebSocket connection: HTTP 429
error during websocket communication: connection limit exceeded
Traceback (most recent call last):
  File "/home/ubuntu/trading_bot_phase1/venv/lib/python3.12/site-packages/alpaca_trade_api/stream.py", line 251, in _run_forever
    await self._start_ws()
  File "/home/ubuntu/trading_bot_phase1/venv/lib/python3.12/site-packages/alpaca_trade_api/stream.py", line 105, in _start_ws
    await self._auth()
  File "/home/ubuntu/trading_bot_phase1/venv/lib/python3.12/site-packages/alpaca_trade_api/stream.py", line 99, in _auth
    raise ValueError(msg[0].get('msg', 'auth failed'))
ValueError: connection limit exceeded
error during websocket communication: connection limit exceeded
Traceback (most recent call last):
  File "/home/ubuntu/trading_bot_phase1/venv/lib/python3.12/site-packages/alpaca_trade_api/stream.py", line 251, in _run_forever
    await self._start_ws()
  File "/home/ubuntu/trading_bot_phase1/venv/lib/python3.12/site-packages/alpaca_trade_api/stream.py", line 105, in _start_ws
    await self._auth()
  File "/home/ubuntu/trading_bot_phase1/venv/lib/python3.12/site-packages/alpaca_trade_api/stream.py", line 99, in _auth
    raise ValueError(msg[0].get('msg', 'auth failed'))
ValueError: connection limit exceeded
data websocket error, restarting connection: server rejected WebSocket connection: HTTP 429
error during websocket communication: connection limit exceeded
Traceback (most recent call last):
  File "/home/ubuntu/trading_bot_phase1/venv/lib/python3.12/site-packages/alpaca_trade_api/stream.py", line 251, in _run_forever
    await self._start_ws()
  File "/home/ubuntu/trading_bot_phase1/venv/lib/python3.12/site-packages/alpaca_trade_api/stream.py", line 105, in _start_ws
    await self._auth()
  File "/home/ubuntu/trading_bot_phase1/venv/lib/python3.12/site-packages/alpaca_trade_api/stream.py", line 99, in _auth
    raise ValueError(msg[0].get('msg', 'auth failed'))
ValueError: connection limit exceeded
data websocket error, restarting connection: server rejected WebSocket connection: HTTP 429
data websocket error, restarting connection: server rejected WebSocket connection: HTTP 429
error during websocket communication: connection limit exceeded
Traceback (most recent call last):
  File "/home/ubuntu/trading_bot_phase1/venv/lib/python3.12/site-packages/alpaca_trade_api/stream.py", line 251, in _run_forever
    await self._start_ws()
  File "/home/ubuntu/trading_bot_phase1/venv/lib/python3.12/site-packages/alpaca_trade_api/stream.py", line 105, in _start_ws
    await self._auth()
  File "/home/ubuntu/trading_bot_phase1/venv/lib/python3.12/site-packages/alpaca_trade_api/stream.py", line 99, in _auth
    raise ValueError(msg[0].get('msg', 'auth failed'))
ValueError: connection limit exceeded
data websocket error, restarting connection: server rejected WebSocket connection: HTTP 429
error during websocket communication: connection limit exceeded
Traceback (most recent call last):
  File "/home/ubuntu/trading_bot_phase1/venv/lib/python3.12/site-packages/alpaca_trade_api/stream.py", line 251, in _run_forever
    await self._start_ws()
  File "/home/ubuntu/trading_bot_phase1/venv/lib/python3.12/site-packages/alpaca_trade_api/stream.py", line 105, in _start_ws
    await self._auth()
  File "/home/ubuntu/trading_bot_phase1/venv/lib/python3.12/site-packages/alpaca_trade_api/stream.py", line 99, in _auth
    raise ValueError(msg[0].get('msg', 'auth failed'))
ValueError: connection limit exceeded
data websocket error, restarting connection: server rejected WebSocket connection: HTTP 429
data websocket error, restarting connection: server rejected WebSocket connection: HTTP 429
error during websocket communication: connection limit exceeded
Traceback (most recent call last):
  File "/home/ubuntu/trading_bot_phase1/venv/lib/python3.12/site-packages/alpaca_trade_api/stream.py", line 251, in _run_forever
    await self._start_ws()
  File "/home/ubuntu/trading_bot_phase1/venv/lib/python3.12/site-packages/alpaca_trade_api/stream.py", line 105, in _start_ws
    await self._auth()
  File "/home/ubuntu/trading_bot_phase1/venv/lib/python3.12/site-packages/alpaca_trade_api/stream.py", line 99, in _auth
    raise ValueError(msg[0].get('msg', 'auth failed'))
ValueError: connection limit exceeded
data websocket error, restarting connection: server rejected WebSocket connection: HTTP 429
error during websocket communication: connection limit exceeded
Traceback (most recent call last):
  File "/home/ubuntu/trading_bot_phase1/venv/lib/python3.12/site-packages/alpaca_trade_api/stream.py", line 251, in _run_forever
    await self._start_ws()
  File "/home/ubuntu/trading_bot_phase1/venv/lib/python3.12/site-packages/alpaca_trade_api/stream.py", line 105, in _start_ws
    await self._auth()
  File "/home/ubuntu/trading_bot_phase1/venv/lib/python3.12/site-packages/alpaca_trade_api/stream.py", line 99, in _auth
    raise ValueError(msg[0].get('msg', 'auth failed'))
ValueError: connection limit exceeded
error during websocket communication: connection limit exceeded
Traceback (most recent call last):
  File "/home/ubuntu/trading_bot_phase1/venv/lib/python3.12/site-packages/alpaca_trade_api/stream.py", line 251, in _run_forever
    await self._start_ws()
  File "/home/ubuntu/trading_bot_phase1/venv/lib/python3.12/site-packages/alpaca_trade_api/stream.py", line 105, in _start_ws
    await self._auth()
  File "/home/ubuntu/trading_bot_phase1/venv/lib/python3.12/site-packages/alpaca_trade_api/stream.py", line 99, in _auth
    raise ValueError(msg[0].get('msg', 'auth failed'))
ValueError: connection limit exceeded
data websocket error, restarting connection: server rejected WebSocket connection: HTTP 429
error during websocket communication: connection limit exceeded
Traceback (most recent call last):
  File "/home/ubuntu/trading_bot_phase1/venv/lib/python3.12/site-packages/alpaca_trade_api/stream.py", line 251, in _run_forever
    await self._start_ws()
  File "/home/ubuntu/trading_bot_phase1/venv/lib/python3.12/site-packages/alpaca_trade_api/stream.py", line 105, in _start_ws
    await self._auth()
  File "/home/ubuntu/trading_bot_phase1/venv/lib/python3.12/site-packages/alpaca_trade_api/stream.py", line 99, in _auth
    raise ValueError(msg[0].get('msg', 'auth failed'))
ValueError: connection limit exceeded
data websocket error, restarting connection: server rejected WebSocket connection: HTTP 429
error during websocket communication: connection limit exceeded
Traceback (most recent call last):
  File "/home/ubuntu/trading_bot_phase1/venv/lib/python3.12/site-packages/alpaca_trade_api/stream.py", line 251, in _run_forever
    await self._start_ws()
  File "/home/ubuntu/trading_bot_phase1/venv/lib/python3.12/site-packages/alpaca_trade_api/stream.py", line 105, in _start_ws
    await self._auth()
  File "/home/ubuntu/trading_bot_phase1/venv/lib/python3.12/site-packages/alpaca_trade_api/stream.py", line 99, in _auth
    raise ValueError(msg[0].get('msg', 'auth failed'))
ValueError: connection limit exceeded
error during websocket communication: connection limit exceeded
Traceback (most recent call last):
  File "/home/ubuntu/trading_bot_phase1/venv/lib/python3.12/site-packages/alpaca_trade_api/stream.py", line 251, in _run_forever
    await self._start_ws()
  File "/home/ubuntu/trading_bot_phase1/venv/lib/python3.12/site-packages/alpaca_trade_api/stream.py", line 105, in _start_ws
    await self._auth()
  File "/home/ubuntu/trading_bot_phase1/venv/lib/python3.12/site-packages/alpaca_trade_api/stream.py", line 99, in _auth
    raise ValueError(msg[0].get('msg', 'auth failed'))
ValueError: connection limit exceeded
error during websocket communication: connection limit exceeded
Traceback (most recent call last):
  File "/home/ubuntu/trading_bot_phase1/venv/lib/python3.12/site-packages/alpaca_trade_api/stream.py", line 251, in _run_forever
    await self._start_ws()
  File "/home/ubuntu/trading_bot_phase1/venv/lib/python3.12/site-packages/alpaca_trade_api/stream.py", line 105, in _start_ws
    await self._auth()
  File "/home/ubuntu/trading_bot_phase1/venv/lib/python3.12/site-packages/alpaca_trade_api/stream.py", line 99, in _auth
    raise ValueError(msg[0].get('msg', 'auth failed'))
ValueError: connection limit exceeded
error during websocket communication: connection limit exceeded
Traceback (most recent call last):
  File "/home/ubuntu/trading_bot_phase1/venv/lib/python3.12/site-packages/alpaca_trade_api/stream.py", line 251, in _run_forever
    await self._start_ws()
  File "/home/ubuntu/trading_bot_phase1/venv/lib/python3.12/site-packages/alpaca_trade_api/stream.py", line 105, in _start_ws
    await self._auth()
  File "/home/ubuntu/trading_bot_phase1/venv/lib/python3.12/site-packages/alpaca_trade_api/stream.py", line 99, in _auth
    raise ValueError(msg[0].get('msg', 'auth failed'))
ValueError: connection limit exceeded
error during websocket communication: connection limit exceeded
Traceback (most recent call last):
  File "/home/ubuntu/trading_bot_phase1/venv/lib/python3.12/site-packages/alpaca_trade_api/stream.py", line 251, in _run_forever
    await self._start_ws()
  File "/home/ubuntu/trading_bot_phase1/venv/lib/python3.12/site-packages/alpaca_trade_api/stream.py", line 105, in _start_ws
    await self._auth()
  File "/home/ubuntu/trading_bot_phase1/venv/lib/python3.12/site-packages/alpaca_trade_api/stream.py", line 99, in _auth
    raise ValueError(msg[0].get('msg', 'auth failed'))
ValueError: connection limit exceeded
error during websocket communication: connection limit exceeded
Traceback (most recent call last):
  File "/home/ubuntu/trading_bot_phase1/venv/lib/python3.12/site-packages/alpaca_trade_api/stream.py", line 251, in _run_forever
    await self._start_ws()
  File "/home/ubuntu/trading_bot_phase1/venv/lib/python3.12/site-packages/alpaca_trade_api/stream.py", line 105, in _start_ws
    await self._auth()
  File "/home/ubuntu/trading_bot_phase1/venv/lib/python3.12/site-packages/alpaca_trade_api/stream.py", line 99, in _auth
    raise ValueError(msg[0].get('msg', 'auth failed'))
ValueError: connection limit exceeded
error during websocket communication: connection limit exceeded
Traceback (most recent call last):
  File "/home/ubuntu/trading_bot_phase1/venv/lib/python3.12/site-packages/alpaca_trade_api/stream.py", line 251, in _run_forever
    await self._start_ws()
  File "/home/ubuntu/trading_bot_phase1/venv/lib/python3.12/site-packages/alpaca_trade_api/stream.py", line 105, in _start_ws
    await self._auth()
  File "/home/ubuntu/trading_bot_phase1/venv/lib/python3.12/site-packages/alpaca_trade_api/stream.py", line 99, in _auth
    raise ValueError(msg[0].get('msg', 'auth failed'))
ValueError: connection limit exceeded
data websocket error, restarting connection: server rejected WebSocket connection: HTTP 429
error during websocket communication: connection limit exceeded
Traceback (most recent call last):
  File "/home/ubuntu/trading_bot_phase1/venv/lib/python3.12/site-packages/alpaca_trade_api/stream.py", line 251, in _run_forever
    await self._start_ws()
  File "/home/ubuntu/trading_bot_phase1/venv/lib/python3.12/site-packages/alpaca_trade_api/stream.py", line 105, in _start_ws
    await self._auth()
  File "/home/ubuntu/trading_bot_phase1/venv/lib/python3.12/site-packages/alpaca_trade_api/stream.py", line 99, in _auth
    raise ValueError(msg[0].get('msg', 'auth failed'))
ValueError: connection limit exceeded
error during websocket communication: connection limit exceeded
Traceback (most recent call last):
  File "/home/ubuntu/trading_bot_phase1/venv/lib/python3.12/site-packages/alpaca_trade_api/stream.py", line 251, in _run_forever
    await self._start_ws()
  File "/home/ubuntu/trading_bot_phase1/venv/lib/python3.12/site-packages/alpaca_trade_api/stream.py", line 105, in _start_ws
    await self._auth()
  File "/home/ubuntu/trading_bot_phase1/venv/lib/python3.12/site-packages/alpaca_trade_api/stream.py", line 99, in _auth
    raise ValueError(msg[0].get('msg', 'auth failed'))
ValueError: connection limit exceeded
data websocket error, restarting connection: server rejected WebSocket connection: HTTP 429
error during websocket communication: connection limit exceeded
Traceback (most recent call last):
  File "/home/ubuntu/trading_bot_phase1/venv/lib/python3.12/site-packages/alpaca_trade_api/stream.py", line 251, in _run_forever
    await self._start_ws()
  File "/home/ubuntu/trading_bot_phase1/venv/lib/python3.12/site-packages/alpaca_trade_api/stream.py", line 105, in _start_ws
    await self._auth()
  File "/home/ubuntu/trading_bot_phase1/venv/lib/python3.12/site-packages/alpaca_trade_api/stream.py", line 99, in _auth
    raise ValueError(msg[0].get('msg', 'auth failed'))
ValueError: connection limit exceeded
error during websocket communication: connection limit exceeded
Traceback (most recent call last):
  File "/home/ubuntu/trading_bot_phase1/venv/lib/python3.12/site-packages/alpaca_trade_api/stream.py", line 251, in _run_forever
    await self._start_ws()
  File "/home/ubuntu/trading_bot_phase1/venv/lib/python3.12/site-packages/alpaca_trade_api/stream.py", line 105, in _start_ws
    await self._auth()
  File "/home/ubuntu/trading_bot_phase1/venv/lib/python3.12/site-packages/alpaca_trade_api/stream.py", line 99, in _auth
    raise ValueError(msg[0].get('msg', 'auth failed'))
ValueError: connection limit exceeded
data websocket error, restarting connection: server rejected WebSocket connection: HTTP 429
data websocket error, restarting connection: server rejected WebSocket connection: HTTP 429
data websocket error, restarting connection: server rejected WebSocket connection: HTTP 429
error during websocket communication: connection limit exceeded
Traceback (most recent call last):
  File "/home/ubuntu/trading_bot_phase1/venv/lib/python3.12/site-packages/alpaca_trade_api/stream.py", line 251, in _run_forever
    await self._start_ws()
  File "/home/ubuntu/trading_bot_phase1/venv/lib/python3.12/site-packages/alpaca_trade_api/stream.py", line 105, in _start_ws
    await self._auth()
  File "/home/ubuntu/trading_bot_phase1/venv/lib/python3.12/site-packages/alpaca_trade_api/stream.py", line 99, in _auth
    raise ValueError(msg[0].get('msg', 'auth failed'))
ValueError: connection limit exceeded
data websocket error, restarting connection: server rejected WebSocket connection: HTTP 429
data websocket error, restarting connection: server rejected WebSocket connection: HTTP 429
 * Detected change in '/home/ubuntu/trading_bot_phase1/app.py', reloading
WebSocket connection established.
Subscribing to live trades for: B
WebSocket connection established.
Subscribing to live trades for: B
 * Restarting with stat
 * Debugger is active!
 * Debugger PIN: 691-903-281
108.36.243.78 - - [18/Oct/2025 20:48:39] "GET /api/portfolio_status HTTP/1.1" 200 -
 * Serving Flask app 'app'
 * Debug mode: on
Address already in use
Port 8080 is in use by another program. Either identify and stop that program, or start the server with a different port.
108.36.243.78 - - [18/Oct/2025 20:48:48] "GET / HTTP/1.1" 200 -
108.36.243.78 - - [18/Oct/2025 20:48:49] "GET /api/morning_briefing HTTP/1.1" 200 -
108.36.243.78 - - [18/Oct/2025 20:48:49] "GET /api/portfolio_status HTTP/1.1" 200 -
108.36.243.78 - - [18/Oct/2025 20:48:49] "GET /api/dashboard_data HTTP/1.1" 200 -
108.36.243.78 - - [18/Oct/2025 20:49:21] "GET /api/dashboard_data HTTP/1.1" 200 -
108.36.243.78 - - [18/Oct/2025 20:49:21] "GET /api/portfolio_status HTTP/1.1" 200 -
108.36.243.78 - - [18/Oct/2025 20:49:49] "GET /api/dashboard_data HTTP/1.1" 200 -
108.36.243.78 - - [18/Oct/2025 20:49:49] "GET /api/portfolio_status HTTP/1.1" 200 -
108.36.243.78 - - [18/Oct/2025 20:50:19] "GET /api/portfolio_status HTTP/1.1" 200 -
108.36.243.78 - - [18/Oct/2025 20:50:19] "GET /api/dashboard_data HTTP/1.1" 200 -
 * Detected change in '/home/ubuntu/trading_bot_phase1/app.py', reloading
WebSocket connection established.
Subscribing to live trades for: B
 * Restarting with stat
 * Debugger is active!
 * Debugger PIN: 691-903-281
 * Serving Flask app 'app'
 * Debug mode: on
Address already in use
Port 8080 is in use by another program. Either identify and stop that program, or start the server with a different port.
108.36.243.78 - - [18/Oct/2025 20:50:46] "GET / HTTP/1.1" 200 -
108.36.243.78 - - [18/Oct/2025 20:50:47] "GET /api/dashboard_data HTTP/1.1" 200 -
108.36.243.78 - - [18/Oct/2025 20:50:47] "GET /api/portfolio_status HTTP/1.1" 200 -
WARNING: All log messages before absl::InitializeLog() is called are written to STDERR
E0000 00:00:1760820647.590029   72464 alts_credentials.cc:93] ALTS creds ignored. Not running on GCP and untrusted ALTS is not enabled.
108.36.243.78 - - [18/Oct/2025 20:50:57] "GET /api/morning_briefing HTTP/1.1" 200 -
108.36.243.78 - - [18/Oct/2025 20:51:17] "GET /api/dashboard_data HTTP/1.1" 200 -
108.36.243.78 - - [18/Oct/2025 20:51:17] "GET /api/portfolio_status HTTP/1.1" 200 -
108.36.243.78 - - [18/Oct/2025 20:51:47] "GET /api/dashboard_data HTTP/1.1" 200 -
108.36.243.78 - - [18/Oct/2025 20:51:47] "GET /api/portfolio_status HTTP/1.1" 200 -
108.36.243.78 - - [18/Oct/2025 20:52:17] "GET /api/dashboard_data HTTP/1.1" 200 -
108.36.243.78 - - [18/Oct/2025 20:52:17] "GET /api/portfolio_status HTTP/1.1" 200 -
108.36.243.78 - - [18/Oct/2025 20:52:49] "GET /api/dashboard_data HTTP/1.1" 200 -
108.36.243.78 - - [18/Oct/2025 20:52:49] "GET /api/portfolio_status HTTP/1.1" 200 -
108.36.243.78 - - [18/Oct/2025 20:53:21] "GET /api/dashboard_data HTTP/1.1" 200 -
108.36.243.78 - - [18/Oct/2025 20:53:21] "GET /api/portfolio_status HTTP/1.1" 200 -
108.36.243.78 - - [18/Oct/2025 20:53:48] "GET /api/dashboard_data HTTP/1.1" 200 -
108.36.243.78 - - [18/Oct/2025 20:53:48] "GET /api/portfolio_status HTTP/1.1" 200 -
108.36.243.78 - - [18/Oct/2025 20:55:07] "GET /api/dashboard_data HTTP/1.1" 200 -
108.36.243.78 - - [18/Oct/2025 20:55:07] "GET /api/portfolio_status HTTP/1.1" 200 -
108.36.243.78 - - [18/Oct/2025 20:56:07] "GET /api/dashboard_data HTTP/1.1" 200 -
108.36.243.78 - - [18/Oct/2025 20:56:07] "GET /api/portfolio_status HTTP/1.1" 200 -
108.36.243.78 - - [18/Oct/2025 20:57:07] "GET /api/dashboard_data HTTP/1.1" 200 -
108.36.243.78 - - [18/Oct/2025 20:57:07] "GET /api/portfolio_status HTTP/1.1" 200 -
108.36.243.78 - - [18/Oct/2025 20:58:07] "GET /api/dashboard_data HTTP/1.1" 200 -
108.36.243.78 - - [18/Oct/2025 20:58:07] "GET /api/portfolio_status HTTP/1.1" 200 -
108.36.243.78 - - [18/Oct/2025 20:59:07] "GET /api/dashboard_data HTTP/1.1" 200 -
108.36.243.78 - - [18/Oct/2025 20:59:07] "GET /api/portfolio_status HTTP/1.1" 200 -
 * Detected change in '/home/ubuntu/trading_bot_phase1/app.py', reloading
--- Running Market Safety Check ---
SPY Check: Current Price=$664.39, 200-day SMA=$601.96 -> OK
VIX Check: Current Level=20.78, Threshold=<30.0 -> OK
Result: Market is considered SAFE for new trades.
 * Restarting with stat
 * Debugger is active!
 * Debugger PIN: 691-903-281
108.36.243.78 - - [18/Oct/2025 21:00:08] "GET /api/dashboard_data HTTP/1.1" 200 -
108.36.243.78 - - [18/Oct/2025 21:00:08] "GET /api/portfolio_status HTTP/1.1" 200 -
108.36.243.78 - - [18/Oct/2025 21:00:22] "GET /api/dashboard_data HTTP/1.1" 200 -
108.36.243.78 - - [18/Oct/2025 21:00:22] "GET /api/portfolio_status HTTP/1.1" 200 -
108.36.243.78 - - [18/Oct/2025 21:00:23] "GET / HTTP/1.1" 200 -
108.36.243.78 - - [18/Oct/2025 21:00:25] "GET / HTTP/1.1" 200 -
108.36.243.78 - - [18/Oct/2025 21:01:15] "GET / HTTP/1.1" 200 -
108.36.243.78 - - [18/Oct/2025 21:03:25] "GET / HTTP/1.1" 200 -
108.36.243.78 - - [18/Oct/2025 21:03:25] "GET /api/dashboard_data HTTP/1.1" 200 -
108.36.243.78 - - [18/Oct/2025 21:03:26] "GET /api/portfolio_status HTTP/1.1" 200 -
WARNING: All log messages before absl::InitializeLog() is called are written to STDERR
E0000 00:00:1760821406.293522   72541 alts_credentials.cc:93] ALTS creds ignored. Not running on GCP and untrusted ALTS is not enabled.
108.36.243.78 - - [18/Oct/2025 21:03:26] "GET /ws HTTP/1.1" 200 -
108.36.243.78 - - [18/Oct/2025 21:03:31] "GET /ws HTTP/1.1" 200 -
108.36.243.78 - - [18/Oct/2025 21:03:35] "GET /api/morning_briefing HTTP/1.1" 200 -
108.36.243.78 - - [18/Oct/2025 21:03:36] "GET /ws HTTP/1.1" 200 -
108.36.243.78 - - [18/Oct/2025 21:03:41] "GET /ws HTTP/1.1" 200 -
108.36.243.78 - - [18/Oct/2025 21:03:46] "GET /ws HTTP/1.1" 200 -
108.36.243.78 - - [18/Oct/2025 21:03:53] "GET /ws HTTP/1.1" 200 -
108.36.243.78 - - [18/Oct/2025 21:03:59] "GET /ws HTTP/1.1" 200 -
108.36.243.78 - - [18/Oct/2025 21:04:04] "GET /ws HTTP/1.1" 200 -
108.36.243.78 - - [18/Oct/2025 21:04:10] "GET /ws HTTP/1.1" 200 -
108.36.243.78 - - [18/Oct/2025 21:04:16] "GET /ws HTTP/1.1" 200 -
108.36.243.78 - - [18/Oct/2025 21:04:22] "GET /ws HTTP/1.1" 200 -
108.36.243.78 - - [18/Oct/2025 21:04:26] "GET /api/dashboard_data HTTP/1.1" 200 -
108.36.243.78 - - [18/Oct/2025 21:04:26] "GET /api/portfolio_status HTTP/1.1" 200 -
108.36.243.78 - - [18/Oct/2025 21:04:28] "GET /ws HTTP/1.1" 200 -
108.36.243.78 - - [18/Oct/2025 21:04:35] "GET /ws HTTP/1.1" 200 -
108.36.243.78 - - [18/Oct/2025 21:04:40] "GET /ws HTTP/1.1" 200 -
108.36.243.78 - - [18/Oct/2025 21:04:47] "GET /ws HTTP/1.1" 200 -
108.36.243.78 - - [18/Oct/2025 21:04:52] "GET /ws HTTP/1.1" 200 -
108.36.243.78 - - [18/Oct/2025 21:04:58] "GET /ws HTTP/1.1" 200 -
108.36.243.78 - - [18/Oct/2025 21:05:04] "GET /ws HTTP/1.1" 200 -
108.36.243.78 - - [18/Oct/2025 21:05:10] "GET /ws HTTP/1.1" 200 -
108.36.243.78 - - [18/Oct/2025 21:05:16] "GET /ws HTTP/1.1" 200 -
108.36.243.78 - - [18/Oct/2025 21:05:22] "GET /ws HTTP/1.1" 200 -
108.36.243.78 - - [18/Oct/2025 21:05:26] "GET /api/dashboard_data HTTP/1.1" 200 -
108.36.243.78 - - [18/Oct/2025 21:05:26] "GET /api/portfolio_status HTTP/1.1" 200 -
108.36.243.78 - - [18/Oct/2025 21:05:28] "GET /ws HTTP/1.1" 200 -
108.36.243.78 - - [18/Oct/2025 21:05:34] "GET /ws HTTP/1.1" 200 -
 * Detected change in '/home/ubuntu/trading_bot_phase1/database_setup.py', reloading
--- Running Market Safety Check ---
SPY Check: Current Price=$664.39, 200-day SMA=$601.96 -> OK
VIX Check: Current Level=20.78, Threshold=<30.0 -> OK
Result: Market is considered SAFE for new trades.
WebSocket connection established.
Error in WebSocket handler: Stream.__init__() got an unexpected keyword argument 'data_stream'
WebSocket connection closed.
WebSocket connection established.
Error in WebSocket handler: Stream.__init__() got an unexpected keyword argument 'data_stream'
WebSocket connection closed.
WebSocket connection established.
Error in WebSocket handler: Stream.__init__() got an unexpected keyword argument 'data_stream'
WebSocket connection closed.
WebSocket connection established.
Error in WebSocket handler: Stream.__init__() got an unexpected keyword argument 'data_stream'
WebSocket connection closed.
WebSocket connection established.
Error in WebSocket handler: Stream.__init__() got an unexpected keyword argument 'data_stream'
WebSocket connection closed.
WebSocket connection established.
Error in WebSocket handler: Stream.__init__() got an unexpected keyword argument 'data_stream'
WebSocket connection closed.
WebSocket connection established.
Error in WebSocket handler: Stream.__init__() got an unexpected keyword argument 'data_stream'
WebSocket connection closed.
WebSocket connection established.
Error in WebSocket handler: Stream.__init__() got an unexpected keyword argument 'data_stream'
WebSocket connection closed.
WebSocket connection established.
Error in WebSocket handler: Stream.__init__() got an unexpected keyword argument 'data_stream'
WebSocket connection closed.
WebSocket connection established.
Error in WebSocket handler: Stream.__init__() got an unexpected keyword argument 'data_stream'
WebSocket connection closed.
WebSocket connection established.
Error in WebSocket handler: Stream.__init__() got an unexpected keyword argument 'data_stream'
WebSocket connection closed.
WebSocket connection established.
Error in WebSocket handler: Stream.__init__() got an unexpected keyword argument 'data_stream'
WebSocket connection closed.
WebSocket connection established.
Error in WebSocket handler: Stream.__init__() got an unexpected keyword argument 'data_stream'
WebSocket connection closed.
WebSocket connection established.
Error in WebSocket handler: Stream.__init__() got an unexpected keyword argument 'data_stream'
WebSocket connection closed.
WebSocket connection established.
Error in WebSocket handler: Stream.__init__() got an unexpected keyword argument 'data_stream'
WebSocket connection closed.
WebSocket connection established.
Error in WebSocket handler: Stream.__init__() got an unexpected keyword argument 'data_stream'
WebSocket connection closed.
WebSocket connection established.
Error in WebSocket handler: Stream.__init__() got an unexpected keyword argument 'data_stream'
WebSocket connection closed.
WebSocket connection established.
Error in WebSocket handler: Stream.__init__() got an unexpected keyword argument 'data_stream'
WebSocket connection closed.
WebSocket connection established.
Error in WebSocket handler: Stream.__init__() got an unexpected keyword argument 'data_stream'
WebSocket connection closed.
WebSocket connection established.
Error in WebSocket handler: Stream.__init__() got an unexpected keyword argument 'data_stream'
WebSocket connection closed.
WebSocket connection established.
Error in WebSocket handler: Stream.__init__() got an unexpected keyword argument 'data_stream'
WebSocket connection closed.
WebSocket connection established.
Error in WebSocket handler: Stream.__init__() got an unexpected keyword argument 'data_stream'
WebSocket connection closed.
WebSocket connection established.
Error in WebSocket handler: Stream.__init__() got an unexpected keyword argument 'data_stream'
WebSocket connection closed.
 * Restarting with stat
 * Debugger is active!
 * Debugger PIN: 691-903-281
108.36.243.78 - - [18/Oct/2025 21:05:43] "GET /ws HTTP/1.1" 200 -
108.36.243.78 - - [18/Oct/2025 21:05:49] "GET /ws HTTP/1.1" 200 -
108.36.243.78 - - [18/Oct/2025 21:05:55] "GET /ws HTTP/1.1" 200 -
108.36.243.78 - - [18/Oct/2025 21:06:01] "GET /ws HTTP/1.1" 200 -
108.36.243.78 - - [18/Oct/2025 21:06:07] "GET /ws HTTP/1.1" 200 -
108.36.243.78 - - [18/Oct/2025 21:06:14] "GET /ws HTTP/1.1" 200 -
108.36.243.78 - - [18/Oct/2025 21:06:19] "GET /ws HTTP/1.1" 200 -
108.36.243.78 - - [18/Oct/2025 21:06:25] "GET /ws HTTP/1.1" 200 -
108.36.243.78 - - [18/Oct/2025 21:06:27] "GET /api/dashboard_data HTTP/1.1" 200 -
108.36.243.78 - - [18/Oct/2025 21:06:27] "GET /api/portfolio_status HTTP/1.1" 200 -
108.36.243.78 - - [18/Oct/2025 21:06:31] "GET /ws HTTP/1.1" 200 -
108.36.243.78 - - [18/Oct/2025 21:06:37] "GET /ws HTTP/1.1" 200 -
108.36.243.78 - - [18/Oct/2025 21:06:43] "GET /ws HTTP/1.1" 200 -
108.36.243.78 - - [18/Oct/2025 21:06:49] "GET /ws HTTP/1.1" 200 -
108.36.243.78 - - [18/Oct/2025 21:06:56] "GET /ws HTTP/1.1" 200 -
108.36.243.78 - - [18/Oct/2025 21:07:01] "GET /ws HTTP/1.1" 200 -
108.36.243.78 - - [18/Oct/2025 21:07:07] "GET /ws HTTP/1.1" 200 -
108.36.243.78 - - [18/Oct/2025 21:07:14] "GET /ws HTTP/1.1" 200 -
108.36.243.78 - - [18/Oct/2025 21:07:20] "GET /ws HTTP/1.1" 200 -
108.36.243.78 - - [18/Oct/2025 21:07:25] "GET /ws HTTP/1.1" 200 -
108.36.243.78 - - [18/Oct/2025 21:07:26] "GET /api/dashboard_data HTTP/1.1" 200 -
108.36.243.78 - - [18/Oct/2025 21:07:26] "GET /api/portfolio_status HTTP/1.1" 200 -
108.36.243.78 - - [18/Oct/2025 21:07:31] "GET /ws HTTP/1.1" 200 -
108.36.243.78 - - [18/Oct/2025 21:07:37] "GET /ws HTTP/1.1" 200 -
 * Detected change in '/home/ubuntu/trading_bot_phase1/database_setup.py', reloading
WebSocket connection established.
Error in WebSocket handler: Stream.__init__() got an unexpected keyword argument 'data_stream'
WebSocket connection closed.
WebSocket connection established.
Error in WebSocket handler: Stream.__init__() got an unexpected keyword argument 'data_stream'
WebSocket connection closed.
WebSocket connection established.
Error in WebSocket handler: Stream.__init__() got an unexpected keyword argument 'data_stream'
WebSocket connection closed.
WebSocket connection established.
Error in WebSocket handler: Stream.__init__() got an unexpected keyword argument 'data_stream'
WebSocket connection closed.
WebSocket connection established.
Error in WebSocket handler: Stream.__init__() got an unexpected keyword argument 'data_stream'
WebSocket connection closed.
WebSocket connection established.
Error in WebSocket handler: Stream.__init__() got an unexpected keyword argument 'data_stream'
WebSocket connection closed.
WebSocket connection established.
Error in WebSocket handler: Stream.__init__() got an unexpected keyword argument 'data_stream'
WebSocket connection closed.
WebSocket connection established.
Error in WebSocket handler: Stream.__init__() got an unexpected keyword argument 'data_stream'
WebSocket connection closed.
WebSocket connection established.
Error in WebSocket handler: Stream.__init__() got an unexpected keyword argument 'data_stream'
WebSocket connection closed.
WebSocket connection established.
Error in WebSocket handler: Stream.__init__() got an unexpected keyword argument 'data_stream'
WebSocket connection closed.
WebSocket connection established.
Error in WebSocket handler: Stream.__init__() got an unexpected keyword argument 'data_stream'
WebSocket connection closed.
WebSocket connection established.
Error in WebSocket handler: Stream.__init__() got an unexpected keyword argument 'data_stream'
WebSocket connection closed.
WebSocket connection established.
Error in WebSocket handler: Stream.__init__() got an unexpected keyword argument 'data_stream'
WebSocket connection closed.
WebSocket connection established.
Error in WebSocket handler: Stream.__init__() got an unexpected keyword argument 'data_stream'
WebSocket connection closed.
WebSocket connection established.
Error in WebSocket handler: Stream.__init__() got an unexpected keyword argument 'data_stream'
WebSocket connection closed.
WebSocket connection established.
Error in WebSocket handler: Stream.__init__() got an unexpected keyword argument 'data_stream'
WebSocket connection closed.
WebSocket connection established.
Error in WebSocket handler: Stream.__init__() got an unexpected keyword argument 'data_stream'
WebSocket connection closed.
WebSocket connection established.
Error in WebSocket handler: Stream.__init__() got an unexpected keyword argument 'data_stream'
WebSocket connection closed.
WebSocket connection established.
Error in WebSocket handler: Stream.__init__() got an unexpected keyword argument 'data_stream'
WebSocket connection closed.
WebSocket connection established.
Error in WebSocket handler: Stream.__init__() got an unexpected keyword argument 'data_stream'
WebSocket connection closed.
 * Restarting with stat
 * Debugger is active!
 * Debugger PIN: 691-903-281
108.36.243.78 - - [18/Oct/2025 21:07:43] "GET /ws HTTP/1.1" 200 -
108.36.243.78 - - [18/Oct/2025 21:07:49] "GET /ws HTTP/1.1" 200 -
108.36.243.78 - - [18/Oct/2025 21:07:55] "GET /ws HTTP/1.1" 200 -
108.36.243.78 - - [18/Oct/2025 21:08:01] "GET /ws HTTP/1.1" 200 -
108.36.243.78 - - [18/Oct/2025 21:08:07] "GET /ws HTTP/1.1" 200 -
108.36.243.78 - - [18/Oct/2025 21:08:14] "GET /ws HTTP/1.1" 200 -
108.36.243.78 - - [18/Oct/2025 21:08:19] "GET /ws HTTP/1.1" 200 -
108.36.243.78 - - [18/Oct/2025 21:08:26] "GET /ws HTTP/1.1" 200 -
108.36.243.78 - - [18/Oct/2025 21:08:26] "GET /api/dashboard_data HTTP/1.1" 200 -
108.36.243.78 - - [18/Oct/2025 21:08:26] "GET /api/portfolio_status HTTP/1.1" 200 -
108.36.243.78 - - [18/Oct/2025 21:08:32] "GET /ws HTTP/1.1" 200 -
108.36.243.78 - - [18/Oct/2025 21:08:38] "GET /ws HTTP/1.1" 200 -
108.36.243.78 - - [18/Oct/2025 21:08:44] "GET /ws HTTP/1.1" 200 -
108.36.243.78 - - [18/Oct/2025 21:08:50] "GET /ws HTTP/1.1" 200 -
108.36.243.78 - - [18/Oct/2025 21:08:56] "GET /ws HTTP/1.1" 200 -
108.36.243.78 - - [18/Oct/2025 21:09:02] "GET /ws HTTP/1.1" 200 -
108.36.243.78 - - [18/Oct/2025 21:09:08] "GET /ws HTTP/1.1" 200 -
108.36.243.78 - - [18/Oct/2025 21:09:14] "GET /ws HTTP/1.1" 200 -
108.36.243.78 - - [18/Oct/2025 21:09:20] "GET /ws HTTP/1.1" 200 -
108.36.243.78 - - [18/Oct/2025 21:09:26] "GET /ws HTTP/1.1" 200 -
108.36.243.78 - - [18/Oct/2025 21:09:26] "GET /api/dashboard_data HTTP/1.1" 200 -
108.36.243.78 - - [18/Oct/2025 21:09:26] "GET /api/portfolio_status HTTP/1.1" 200 -
 * Detected change in '/home/ubuntu/trading_bot_phase1/app.py', reloading
WebSocket connection established.
Error in WebSocket handler: Stream.__init__() got an unexpected keyword argument 'data_stream'
WebSocket connection closed.
WebSocket connection established.
Error in WebSocket handler: Stream.__init__() got an unexpected keyword argument 'data_stream'
WebSocket connection closed.
WebSocket connection established.
Error in WebSocket handler: Stream.__init__() got an unexpected keyword argument 'data_stream'
WebSocket connection closed.
WebSocket connection established.
Error in WebSocket handler: Stream.__init__() got an unexpected keyword argument 'data_stream'
WebSocket connection closed.
WebSocket connection established.
Error in WebSocket handler: Stream.__init__() got an unexpected keyword argument 'data_stream'
WebSocket connection closed.
WebSocket connection established.
Error in WebSocket handler: Stream.__init__() got an unexpected keyword argument 'data_stream'
WebSocket connection closed.
WebSocket connection established.
Error in WebSocket handler: Stream.__init__() got an unexpected keyword argument 'data_stream'
WebSocket connection closed.
WebSocket connection established.
Error in WebSocket handler: Stream.__init__() got an unexpected keyword argument 'data_stream'
WebSocket connection closed.
WebSocket connection established.
Error in WebSocket handler: Stream.__init__() got an unexpected keyword argument 'data_stream'
WebSocket connection closed.
WebSocket connection established.
Error in WebSocket handler: Stream.__init__() got an unexpected keyword argument 'data_stream'
WebSocket connection closed.
WebSocket connection established.
Error in WebSocket handler: Stream.__init__() got an unexpected keyword argument 'data_stream'
WebSocket connection closed.
WebSocket connection established.
Error in WebSocket handler: Stream.__init__() got an unexpected keyword argument 'data_stream'
WebSocket connection closed.
WebSocket connection established.
Error in WebSocket handler: Stream.__init__() got an unexpected keyword argument 'data_stream'
WebSocket connection closed.
WebSocket connection established.
Error in WebSocket handler: Stream.__init__() got an unexpected keyword argument 'data_stream'
WebSocket connection closed.
WebSocket connection established.
Error in WebSocket handler: Stream.__init__() got an unexpected keyword argument 'data_stream'
WebSocket connection closed.
WebSocket connection established.
Error in WebSocket handler: Stream.__init__() got an unexpected keyword argument 'data_stream'
WebSocket connection closed.
WebSocket connection established.
Error in WebSocket handler: Stream.__init__() got an unexpected keyword argument 'data_stream'
WebSocket connection closed.
WebSocket connection established.
Error in WebSocket handler: Stream.__init__() got an unexpected keyword argument 'data_stream'
WebSocket connection closed.
 * Restarting with stat
 * Debugger is active!
 * Debugger PIN: 691-903-281
108.36.243.78 - - [18/Oct/2025 21:09:32] "GET /ws HTTP/1.1" 200 -
108.36.243.78 - - [18/Oct/2025 21:09:38] "GET /ws HTTP/1.1" 200 -
108.36.243.78 - - [18/Oct/2025 21:09:44] "GET /ws HTTP/1.1" 200 -
108.36.243.78 - - [18/Oct/2025 21:09:50] "GET /ws HTTP/1.1" 200 -
108.36.243.78 - - [18/Oct/2025 21:09:56] "GET /ws HTTP/1.1" 200 -
108.36.243.78 - - [18/Oct/2025 21:10:02] "GET /ws HTTP/1.1" 200 -
108.36.243.78 - - [18/Oct/2025 21:10:08] "GET /ws HTTP/1.1" 200 -
108.36.243.78 - - [18/Oct/2025 21:10:14] "GET /ws HTTP/1.1" 200 -
 * Serving Flask app 'app'
 * Debug mode: on
Address already in use
Port 8080 is in use by another program. Either identify and stop that program, or start the server with a different port.
108.36.243.78 - - [18/Oct/2025 21:10:19] "GET / HTTP/1.1" 200 -
108.36.243.78 - - [18/Oct/2025 21:10:20] "GET /api/breaking_news HTTP/1.1" 200 -
108.36.243.78 - - [18/Oct/2025 21:10:24] "GET / HTTP/1.1" 200 -
108.36.243.78 - - [18/Oct/2025 21:10:25] "GET /api/breaking_news HTTP/1.1" 200 -
108.36.243.78 - - [18/Oct/2025 21:11:25] "GET /api/breaking_news HTTP/1.1" 200 -
108.36.243.78 - - [18/Oct/2025 21:12:25] "GET /api/breaking_news HTTP/1.1" 200 -
 * Detected change in '/home/ubuntu/trading_bot_phase1/database_setup.py', reloading
 * Restarting with stat
 * Debugger is active!
 * Debugger PIN: 691-903-281
108.36.243.78 - - [18/Oct/2025 21:13:25] "GET /api/breaking_news HTTP/1.1" 200 -
108.36.243.78 - - [18/Oct/2025 21:14:25] "GET /api/breaking_news HTTP/1.1" 200 -
 * Detected change in '/home/ubuntu/trading_bot_phase1/master_bot.py', reloading
 * Restarting with stat
 * Debugger is active!
 * Debugger PIN: 691-903-281
108.36.243.78 - - [18/Oct/2025 21:15:25] "GET /api/breaking_news HTTP/1.1" 200 -
108.36.243.78 - - [18/Oct/2025 21:16:25] "GET /api/breaking_news HTTP/1.1" 200 -
 * Detected change in '/home/ubuntu/trading_bot_phase1/app.py', reloading
 * Restarting with stat
 * Debugger is active!
 * Debugger PIN: 691-903-281
 * Serving Flask app 'app'
 * Debug mode: on
Address already in use
Port 8080 is in use by another program. Either identify and stop that program, or start the server with a different port.
108.36.243.78 - - [18/Oct/2025 21:16:45] "GET / HTTP/1.1" 200 -
 * Detected change in '/home/ubuntu/trading_bot_phase1/app.py', reloading
 * Restarting with stat
 * Debugger is active!
 * Debugger PIN: 691-903-281
 * Serving Flask app 'app'
 * Debug mode: on
Address already in use
Port 8080 is in use by another program. Either identify and stop that program, or start the server with a different port.
108.36.243.78 - - [18/Oct/2025 21:23:58] "GET / HTTP/1.1" 200 -
108.36.243.78 - - [18/Oct/2025 21:23:58] "GET /api/dashboard_data HTTP/1.1" 200 -
108.36.243.78 - - [18/Oct/2025 21:23:58] "GET /api/breaking_news HTTP/1.1" 200 -
108.36.243.78 - - [18/Oct/2025 21:23:59] "GET /api/portfolio_status HTTP/1.1" 200 -
WARNING: All log messages before absl::InitializeLog() is called are written to STDERR
E0000 00:00:1760822639.404517   72814 alts_credentials.cc:93] ALTS creds ignored. Not running on GCP and untrusted ALTS is not enabled.
108.36.243.78 - - [18/Oct/2025 21:23:59] "GET /ws HTTP/1.1" 200 -
108.36.243.78 - - [18/Oct/2025 21:24:04] "GET /ws HTTP/1.1" 200 -
108.36.243.78 - - [18/Oct/2025 21:24:05] "GET /api/morning_briefing HTTP/1.1" 200 -
108.36.243.78 - - [18/Oct/2025 21:24:09] "GET /ws HTTP/1.1" 200 -
108.36.243.78 - - [18/Oct/2025 21:24:15] "GET /ws HTTP/1.1" 200 -
108.36.243.78 - - [18/Oct/2025 21:24:20] "GET /ws HTTP/1.1" 200 -
108.36.243.78 - - [18/Oct/2025 21:24:25] "GET /ws HTTP/1.1" 200 -
108.36.243.78 - - [18/Oct/2025 21:24:27] "GET /api/analyze_behavior HTTP/1.1" 200 -
108.36.243.78 - - [18/Oct/2025 21:24:30] "GET /ws HTTP/1.1" 200 -
108.36.243.78 - - [18/Oct/2025 21:24:35] "GET /ws HTTP/1.1" 200 -
108.36.243.78 - - [18/Oct/2025 21:24:40] "GET /ws HTTP/1.1" 200 -
108.36.243.78 - - [18/Oct/2025 21:24:45] "GET /ws HTTP/1.1" 200 -
108.36.243.78 - - [18/Oct/2025 21:24:50] "GET /ws HTTP/1.1" 200 -
108.36.243.78 - - [18/Oct/2025 21:24:56] "GET /ws HTTP/1.1" 200 -
108.36.243.78 - - [18/Oct/2025 21:24:59] "GET /api/dashboard_data HTTP/1.1" 200 -
108.36.243.78 - - [18/Oct/2025 21:24:59] "GET /api/breaking_news HTTP/1.1" 200 -
108.36.243.78 - - [18/Oct/2025 21:24:59] "GET /api/portfolio_status HTTP/1.1" 200 -
108.36.243.78 - - [18/Oct/2025 21:25:02] "GET /ws HTTP/1.1" 200 -
108.36.243.78 - - [18/Oct/2025 21:25:08] "GET /ws HTTP/1.1" 200 -
108.36.243.78 - - [18/Oct/2025 21:25:14] "GET /ws HTTP/1.1" 200 -
108.36.243.78 - - [18/Oct/2025 21:25:20] "GET /ws HTTP/1.1" 200 -
108.36.243.78 - - [18/Oct/2025 21:25:26] "GET /ws HTTP/1.1" 200 -
108.36.243.78 - - [18/Oct/2025 21:25:32] "GET /ws HTTP/1.1" 200 -
108.36.243.78 - - [18/Oct/2025 21:25:38] "GET /ws HTTP/1.1" 200 -
108.36.243.78 - - [18/Oct/2025 21:25:44] "GET /ws HTTP/1.1" 200 -
108.36.243.78 - - [18/Oct/2025 21:25:50] "GET /ws HTTP/1.1" 200 -
108.36.243.78 - - [18/Oct/2025 21:25:56] "GET /ws HTTP/1.1" 200 -
108.36.243.78 - - [18/Oct/2025 21:25:59] "GET /api/dashboard_data HTTP/1.1" 200 -
108.36.243.78 - - [18/Oct/2025 21:25:59] "GET /api/breaking_news HTTP/1.1" 200 -
108.36.243.78 - - [18/Oct/2025 21:25:59] "GET /api/portfolio_status HTTP/1.1" 200 -
108.36.243.78 - - [18/Oct/2025 21:26:02] "GET /ws HTTP/1.1" 200 -
108.36.243.78 - - [18/Oct/2025 21:26:08] "GET /ws HTTP/1.1" 200 -
108.36.243.78 - - [18/Oct/2025 21:26:14] "GET /ws HTTP/1.1" 200 -
108.36.243.78 - - [18/Oct/2025 21:26:20] "GET /ws HTTP/1.1" 200 -
108.36.243.78 - - [18/Oct/2025 21:26:26] "GET /ws HTTP/1.1" 200 -
108.36.243.78 - - [18/Oct/2025 21:26:32] "GET /ws HTTP/1.1" 200 -
108.36.243.78 - - [18/Oct/2025 21:26:38] "GET /ws HTTP/1.1" 200 -
108.36.243.78 - - [18/Oct/2025 21:26:44] "GET /ws HTTP/1.1" 200 -
108.36.243.78 - - [18/Oct/2025 21:26:50] "GET /ws HTTP/1.1" 200 -
108.36.243.78 - - [18/Oct/2025 21:26:56] "GET /ws HTTP/1.1" 200 -
108.36.243.78 - - [18/Oct/2025 21:26:59] "GET /api/breaking_news HTTP/1.1" 200 -
108.36.243.78 - - [18/Oct/2025 21:26:59] "GET /api/dashboard_data HTTP/1.1" 200 -
108.36.243.78 - - [18/Oct/2025 21:26:59] "GET /api/portfolio_status HTTP/1.1" 200 -
108.36.243.78 - - [18/Oct/2025 21:27:02] "GET /ws HTTP/1.1" 200 -
108.36.243.78 - - [18/Oct/2025 21:27:08] "GET /ws HTTP/1.1" 200 -
 * Serving Flask app 'app'
 * Debug mode: on
Address already in use
Port 8080 is in use by another program. Either identify and stop that program, or start the server with a different port.
108.36.243.78 - - [18/Oct/2025 21:27:13] "GET /ws HTTP/1.1" 200 -
108.36.243.78 - - [18/Oct/2025 21:27:15] "GET / HTTP/1.1" 200 -
108.36.243.78 - - [18/Oct/2025 21:27:15] "GET /api/breaking_news HTTP/1.1" 200 -
108.36.243.78 - - [18/Oct/2025 21:27:15] "GET /api/dashboard_data HTTP/1.1" 200 -
108.36.243.78 - - [18/Oct/2025 21:27:15] "GET /api/portfolio_status HTTP/1.1" 200 -
108.36.243.78 - - [18/Oct/2025 21:27:16] "GET /ws HTTP/1.1" 200 -
108.36.243.78 - - [18/Oct/2025 21:27:21] "GET /ws HTTP/1.1" 200 -
108.36.243.78 - - [18/Oct/2025 21:27:25] "GET /api/morning_briefing HTTP/1.1" 200 -
108.36.243.78 - - [18/Oct/2025 21:27:26] "GET /ws HTTP/1.1" 200 -
108.36.243.78 - - [18/Oct/2025 21:27:30] "POST /api/ask_gemini HTTP/1.1" 200 -
108.36.243.78 - - [18/Oct/2025 21:27:31] "GET /ws HTTP/1.1" 200 -
108.36.243.78 - - [18/Oct/2025 21:27:36] "GET /ws HTTP/1.1" 200 -
108.36.243.78 - - [18/Oct/2025 21:27:42] "GET /ws HTTP/1.1" 200 -
108.36.243.78 - - [18/Oct/2025 21:27:47] "GET /ws HTTP/1.1" 200 -
108.36.243.78 - - [18/Oct/2025 21:27:52] "GET /ws HTTP/1.1" 200 -
108.36.243.78 - - [18/Oct/2025 21:27:53] "POST /api/ask_gemini HTTP/1.1" 200 -
108.36.243.78 - - [18/Oct/2025 21:27:57] "GET /ws HTTP/1.1" 200 -
108.36.243.78 - - [18/Oct/2025 21:28:02] "GET /ws HTTP/1.1" 200 -
108.36.243.78 - - [18/Oct/2025 21:28:07] "GET /ws HTTP/1.1" 200 -
108.36.243.78 - - [18/Oct/2025 21:28:12] "GET /ws HTTP/1.1" 200 -
108.36.243.78 - - [18/Oct/2025 21:28:15] "GET /api/dashboard_data HTTP/1.1" 200 -
108.36.243.78 - - [18/Oct/2025 21:28:15] "GET /api/breaking_news HTTP/1.1" 200 -
108.36.243.78 - - [18/Oct/2025 21:28:15] "GET /api/portfolio_status HTTP/1.1" 200 -
108.36.243.78 - - [18/Oct/2025 21:28:17] "GET /ws HTTP/1.1" 200 -
108.36.243.78 - - [18/Oct/2025 21:28:22] "GET /ws HTTP/1.1" 200 -
--- Running Market Safety Check ---
SPY Check: Current Price=$664.39, 200-day SMA=$601.96 -> OK
VIX Check: Current Level=20.78, Threshold=<30.0 -> OK
Result: Market is considered SAFE for new trades.
WebSocket connection established.
Error in WebSocket handler: Stream.__init__() got an unexpected keyword argument 'data_stream'
WebSocket connection closed.
WebSocket connection established.
Error in WebSocket handler: Stream.__init__() got an unexpected keyword argument 'data_stream'
WebSocket connection closed.
WebSocket connection established.
Error in WebSocket handler: Stream.__init__() got an unexpected keyword argument 'data_stream'
WebSocket connection closed.
WebSocket connection established.
Error in WebSocket handler: Stream.__init__() got an unexpected keyword argument 'data_stream'
WebSocket connection closed.
WebSocket connection established.
Error in WebSocket handler: Stream.__init__() got an unexpected keyword argument 'data_stream'
WebSocket connection closed.
WebSocket connection established.
Error in WebSocket handler: Stream.__init__() got an unexpected keyword argument 'data_stream'
WebSocket connection closed.
WebSocket connection established.
Error in WebSocket handler: Stream.__init__() got an unexpected keyword argument 'data_stream'
WebSocket connection closed.
WebSocket connection established.
Error in WebSocket handler: Stream.__init__() got an unexpected keyword argument 'data_stream'
WebSocket connection closed.
WebSocket connection established.
Error in WebSocket handler: Stream.__init__() got an unexpected keyword argument 'data_stream'
WebSocket connection closed.
WebSocket connection established.
Error in WebSocket handler: Stream.__init__() got an unexpected keyword argument 'data_stream'
WebSocket connection closed.
WebSocket connection established.
Error in WebSocket handler: Stream.__init__() got an unexpected keyword argument 'data_stream'
WebSocket connection closed.
WebSocket connection established.
Error in WebSocket handler: Stream.__init__() got an unexpected keyword argument 'data_stream'
WebSocket connection closed.
WebSocket connection established.
Error in WebSocket handler: Stream.__init__() got an unexpected keyword argument 'data_stream'
WebSocket connection closed.
WebSocket connection established.
Error in WebSocket handler: Stream.__init__() got an unexpected keyword argument 'data_stream'
WebSocket connection closed.
WebSocket connection established.
Error in WebSocket handler: Stream.__init__() got an unexpected keyword argument 'data_stream'
WebSocket connection closed.
WebSocket connection established.
Error in WebSocket handler: Stream.__init__() got an unexpected keyword argument 'data_stream'
WebSocket connection closed.
WebSocket connection established.
Error in WebSocket handler: Stream.__init__() got an unexpected keyword argument 'data_stream'
WebSocket connection closed.
WebSocket connection established.
Error in WebSocket handler: Stream.__init__() got an unexpected keyword argument 'data_stream'
WebSocket connection closed.
WebSocket connection established.
Error in WebSocket handler: Stream.__init__() got an unexpected keyword argument 'data_stream'
WebSocket connection closed.
WebSocket connection established.
Error in WebSocket handler: Stream.__init__() got an unexpected keyword argument 'data_stream'
WebSocket connection closed.
WebSocket connection established.
Error in WebSocket handler: Stream.__init__() got an unexpected keyword argument 'data_stream'
WebSocket connection closed.
WebSocket connection established.
Error in WebSocket handler: Stream.__init__() got an unexpected keyword argument 'data_stream'
WebSocket connection closed.
WebSocket connection established.
Error in WebSocket handler: Stream.__init__() got an unexpected keyword argument 'data_stream'
WebSocket connection closed.
WebSocket connection established.
Error in WebSocket handler: Stream.__init__() got an unexpected keyword argument 'data_stream'
WebSocket connection closed.
WebSocket connection established.
Error in WebSocket handler: Stream.__init__() got an unexpected keyword argument 'data_stream'
WebSocket connection closed.
WebSocket connection established.
Error in WebSocket handler: Stream.__init__() got an unexpected keyword argument 'data_stream'
WebSocket connection closed.
WebSocket connection established.
Error in WebSocket handler: Stream.__init__() got an unexpected keyword argument 'data_stream'
WebSocket connection closed.
WebSocket connection established.
Error in WebSocket handler: Stream.__init__() got an unexpected keyword argument 'data_stream'
WebSocket connection closed.
WebSocket connection established.
Error in WebSocket handler: Stream.__init__() got an unexpected keyword argument 'data_stream'
WebSocket connection closed.
WebSocket connection established.
Error in WebSocket handler: Stream.__init__() got an unexpected keyword argument 'data_stream'
WebSocket connection closed.
WebSocket connection established.
Error in WebSocket handler: Stream.__init__() got an unexpected keyword argument 'data_stream'
WebSocket connection closed.
WebSocket connection established.
Error in WebSocket handler: Stream.__init__() got an unexpected keyword argument 'data_stream'
WebSocket connection closed.
WebSocket connection established.
Error in WebSocket handler: Stream.__init__() got an unexpected keyword argument 'data_stream'
WebSocket connection closed.
WebSocket connection established.
Error in WebSocket handler: Stream.__init__() got an unexpected keyword argument 'data_stream'
WebSocket connection closed.
WebSocket connection established.
Error in WebSocket handler: Stream.__init__() got an unexpected keyword argument 'data_stream'
WebSocket connection closed.
--- Running Market Safety Check ---
SPY Check: Current Price=$664.39, 200-day SMA=$601.96 -> OK
VIX Check: Current Level=20.78, Threshold=<30.0 -> OK
Result: Market is considered SAFE for new trades.
WebSocket connection established.
Error in WebSocket handler: Stream.__init__() got an unexpected keyword argument 'data_stream'
WebSocket connection closed.
WebSocket connection established.
Error in WebSocket handler: Stream.__init__() got an unexpected keyword argument 'data_stream'
WebSocket connection closed.
WebSocket connection established.
Error in WebSocket handler: Stream.__init__() got an unexpected keyword argument 'data_stream'
WebSocket connection closed.
WebSocket connection established.
Error in WebSocket handler: Stream.__init__() got an unexpected keyword argument 'data_stream'
WebSocket connection closed.
WebSocket connection established.
Error in WebSocket handler: Stream.__init__() got an unexpected keyword argument 'data_stream'
WebSocket connection closed.
WebSocket connection established.
Error in WebSocket handler: Stream.__init__() got an unexpected keyword argument 'data_stream'
WebSocket connection closed.
WebSocket connection established.
Error in WebSocket handler: Stream.__init__() got an unexpected keyword argument 'data_stream'
WebSocket connection closed.
WebSocket connection established.
Error in WebSocket handler: Stream.__init__() got an unexpected keyword argument 'data_stream'
WebSocket connection closed.
WebSocket connection established.
Error in WebSocket handler: Stream.__init__() got an unexpected keyword argument 'data_stream'
WebSocket connection closed.
WebSocket connection established.
Error in WebSocket handler: Stream.__init__() got an unexpected keyword argument 'data_stream'
WebSocket connection closed.
WebSocket connection established.
Error in WebSocket handler: Stream.__init__() got an unexpected keyword argument 'data_stream'
WebSocket connection closed.
WebSocket connection established.
Error in WebSocket handler: Stream.__init__() got an unexpected keyword argument 'data_stream'
WebSocket connection closed.
WebSocket connection established.
Error in WebSocket handler: Stream.__init__() got an unexpected keyword argument 'data_stream'
WebSocket connection closed.
WebSocket connection established.
Error in WebSocket handler: Stream.__init__() got an unexpected keyword argument 'data_stream'
WebSocket connection closed.
WebSocket connection established.
108.36.243.78 - - [18/Oct/2025 21:28:27] "GET /ws HTTP/1.1" 200 -
108.36.243.78 - - [18/Oct/2025 21:28:32] "GET /ws HTTP/1.1" 200 -
108.36.243.78 - - [18/Oct/2025 21:28:35] "GET /api/analyze_behavior HTTP/1.1" 200 -
108.36.243.78 - - [18/Oct/2025 21:28:37] "GET /ws HTTP/1.1" 200 -
108.36.243.78 - - [18/Oct/2025 21:28:43] "GET /ws HTTP/1.1" 200 -
108.36.243.78 - - [18/Oct/2025 21:28:48] "GET /ws HTTP/1.1" 200 -
108.36.243.78 - - [18/Oct/2025 21:28:53] "GET /ws HTTP/1.1" 200 -
108.36.243.78 - - [18/Oct/2025 21:28:59] "GET /ws HTTP/1.1" 200 -
108.36.243.78 - - [18/Oct/2025 21:29:05] "GET /ws HTTP/1.1" 200 -
108.36.243.78 - - [18/Oct/2025 21:29:11] "GET /ws HTTP/1.1" 200 -
108.36.243.78 - - [18/Oct/2025 21:29:16] "GET /api/breaking_news HTTP/1.1" 200 -
108.36.243.78 - - [18/Oct/2025 21:29:16] "GET /api/dashboard_data HTTP/1.1" 200 -
108.36.243.78 - - [18/Oct/2025 21:29:16] "GET /api/portfolio_status HTTP/1.1" 200 -
108.36.243.78 - - [18/Oct/2025 21:29:17] "GET /ws HTTP/1.1" 200 -
108.36.243.78 - - [18/Oct/2025 21:29:23] "GET /ws HTTP/1.1" 200 -
108.36.243.78 - - [18/Oct/2025 21:29:29] "GET /ws HTTP/1.1" 200 -
108.36.243.78 - - [18/Oct/2025 21:29:35] "GET /ws HTTP/1.1" 200 -
108.36.243.78 - - [18/Oct/2025 21:29:41] "GET /ws HTTP/1.1" 200 -
108.36.243.78 - - [18/Oct/2025 21:29:47] "GET /ws HTTP/1.1" 200 -
108.36.243.78 - - [18/Oct/2025 21:29:53] "GET /ws HTTP/1.1" 200 -
108.36.243.78 - - [18/Oct/2025 21:29:59] "GET /ws HTTP/1.1" 200 -
108.36.243.78 - - [18/Oct/2025 21:30:05] "GET /ws HTTP/1.1" 200 -
108.36.243.78 - - [18/Oct/2025 21:30:11] "GET /ws HTTP/1.1" 200 -
108.36.243.78 - - [18/Oct/2025 21:30:16] "GET /api/breaking_news HTTP/1.1" 200 -
108.36.243.78 - - [18/Oct/2025 21:30:16] "GET /api/dashboard_data HTTP/1.1" 200 -
108.36.243.78 - - [18/Oct/2025 21:30:16] "GET /api/portfolio_status HTTP/1.1" 200 -
108.36.243.78 - - [18/Oct/2025 21:30:17] "GET /ws HTTP/1.1" 200 -
108.36.243.78 - - [18/Oct/2025 21:30:23] "GET /ws HTTP/1.1" 200 -
108.36.243.78 - - [18/Oct/2025 21:30:29] "GET /ws HTTP/1.1" 200 -
108.36.243.78 - - [18/Oct/2025 21:30:35] "GET /ws HTTP/1.1" 200 -
108.36.243.78 - - [18/Oct/2025 21:30:41] "GET /ws HTTP/1.1" 200 -
108.36.243.78 - - [18/Oct/2025 21:30:48] "GET /ws HTTP/1.1" 200 -
108.36.243.78 - - [18/Oct/2025 21:30:55] "GET /ws HTTP/1.1" 200 -
108.36.243.78 - - [18/Oct/2025 21:31:01] "GET /ws HTTP/1.1" 200 -
108.36.243.78 - - [18/Oct/2025 21:31:07] "GET /ws HTTP/1.1" 200 -
108.36.243.78 - - [18/Oct/2025 21:31:13] "GET /ws HTTP/1.1" 200 -
108.36.243.78 - - [18/Oct/2025 21:31:16] "GET /api/dashboard_data HTTP/1.1" 200 -
108.36.243.78 - - [18/Oct/2025 21:31:16] "GET /api/breaking_news HTTP/1.1" 200 -
108.36.243.78 - - [18/Oct/2025 21:31:16] "GET /api/portfolio_status HTTP/1.1" 200 -
108.36.243.78 - - [18/Oct/2025 21:31:20] "GET /ws HTTP/1.1" 200 -
108.36.243.78 - - [18/Oct/2025 21:31:25] "GET /ws HTTP/1.1" 200 -
108.36.243.78 - - [18/Oct/2025 21:31:31] "GET /ws HTTP/1.1" 200 -
108.36.243.78 - - [18/Oct/2025 21:31:43] "GET /ws HTTP/1.1" 200 -
108.36.243.78 - - [18/Oct/2025 21:31:48] "GET /ws HTTP/1.1" 200 -
108.36.243.78 - - [18/Oct/2025 21:31:54] "GET /ws HTTP/1.1" 200 -
108.36.243.78 - - [18/Oct/2025 21:32:00] "GET /ws HTTP/1.1" 200 -
108.36.243.78 - - [18/Oct/2025 21:32:06] "GET /ws HTTP/1.1" 200 -
108.36.243.78 - - [18/Oct/2025 21:32:13] "GET /ws HTTP/1.1" 200 -
108.36.243.78 - - [18/Oct/2025 21:32:18] "GET /api/dashboard_data HTTP/1.1" 200 -
108.36.243.78 - - [18/Oct/2025 21:32:18] "GET /ws HTTP/1.1" 200 -
108.36.243.78 - - [18/Oct/2025 21:32:18] "GET /api/breaking_news HTTP/1.1" 200 -
108.36.243.78 - - [18/Oct/2025 21:32:18] "GET /api/portfolio_status HTTP/1.1" 200 -
108.36.243.78 - - [18/Oct/2025 21:32:23] "GET /ws HTTP/1.1" 200 -
108.36.243.78 - - [18/Oct/2025 21:32:29] "GET /ws HTTP/1.1" 200 -
108.36.243.78 - - [18/Oct/2025 21:32:35] "GET /ws HTTP/1.1" 200 -
108.36.243.78 - - [18/Oct/2025 21:32:41] "GET /ws HTTP/1.1" 200 -
108.36.243.78 - - [18/Oct/2025 21:32:47] "GET /ws HTTP/1.1" 200 -
108.36.243.78 - - [18/Oct/2025 21:32:57] "GET /ws HTTP/1.1" 200 -
108.36.243.78 - - [18/Oct/2025 21:33:07] "GET /ws HTTP/1.1" 200 -
108.36.243.78 - - [18/Oct/2025 21:33:13] "GET /ws HTTP/1.1" 200 -
108.36.243.78 - - [18/Oct/2025 21:33:18] "GET /api/breaking_news HTTP/1.1" 200 -
108.36.243.78 - - [18/Oct/2025 21:33:18] "GET /api/dashboard_data HTTP/1.1" 200 -
108.36.243.78 - - [18/Oct/2025 21:33:18] "GET /api/portfolio_status HTTP/1.1" 200 -
108.36.243.78 - - [18/Oct/2025 21:33:22] "GET /ws HTTP/1.1" 200 -
108.36.243.78 - - [18/Oct/2025 21:33:27] "GET /ws HTTP/1.1" 200 -
108.36.243.78 - - [18/Oct/2025 21:33:37] "GET /ws HTTP/1.1" 200 -
108.36.243.78 - - [18/Oct/2025 21:33:43] "GET /ws HTTP/1.1" 200 -
108.36.243.78 - - [18/Oct/2025 21:33:49] "GET /ws HTTP/1.1" 200 -
Error in WebSocket handler: Stream.__init__() got an unexpected keyword argument 'data_stream'
WebSocket connection closed.
WebSocket connection established.
Error in WebSocket handler: Stream.__init__() got an unexpected keyword argument 'data_stream'
WebSocket connection closed.
WebSocket connection established.
Error in WebSocket handler: Stream.__init__() got an unexpected keyword argument 'data_stream'
WebSocket connection closed.
WebSocket connection established.
Error in WebSocket handler: Stream.__init__() got an unexpected keyword argument 'data_stream'
WebSocket connection closed.
WebSocket connection established.
Error in WebSocket handler: Stream.__init__() got an unexpected keyword argument 'data_stream'
WebSocket connection closed.
WebSocket connection established.
Error in WebSocket handler: Stream.__init__() got an unexpected keyword argument 'data_stream'
WebSocket connection closed.
WebSocket connection established.
Error in WebSocket handler: Stream.__init__() got an unexpected keyword argument 'data_stream'
WebSocket connection closed.
WebSocket connection established.
Error in WebSocket handler: Stream.__init__() got an unexpected keyword argument 'data_stream'
WebSocket connection closed.
WebSocket connection established.
Error in WebSocket handler: Stream.__init__() got an unexpected keyword argument 'data_stream'
WebSocket connection closed.
WebSocket connection established.
Error in WebSocket handler: Stream.__init__() got an unexpected keyword argument 'data_stream'
WebSocket connection closed.
WebSocket connection established.
Error in WebSocket handler: Stream.__init__() got an unexpected keyword argument 'data_stream'
WebSocket connection closed.
WebSocket connection established.
Error in WebSocket handler: Stream.__init__() got an unexpected keyword argument 'data_stream'
WebSocket connection closed.
WebSocket connection established.
Error in WebSocket handler: Stream.__init__() got an unexpected keyword argument 'data_stream'
WebSocket connection closed.
WebSocket connection established.
Error in WebSocket handler: Stream.__init__() got an unexpected keyword argument 'data_stream'
WebSocket connection closed.
WebSocket connection established.
Error in WebSocket handler: Stream.__init__() got an unexpected keyword argument 'data_stream'
WebSocket connection closed.
WebSocket connection established.
Error in WebSocket handler: Stream.__init__() got an unexpected keyword argument 'data_stream'
WebSocket connection closed.
WebSocket connection established.
Error in WebSocket handler: Stream.__init__() got an unexpected keyword argument 'data_stream'
WebSocket connection closed.
WebSocket connection established.
Error in WebSocket handler: Stream.__init__() got an unexpected keyword argument 'data_stream'
WebSocket connection closed.
WebSocket connection established.
Error in WebSocket handler: Stream.__init__() got an unexpected keyword argument 'data_stream'
WebSocket connection closed.
WebSocket connection established.
Error in WebSocket handler: Stream.__init__() got an unexpected keyword argument 'data_stream'
WebSocket connection closed.
WebSocket connection established.
Error in WebSocket handler: Stream.__init__() got an unexpected keyword argument 'data_stream'
WebSocket connection closed.
WebSocket connection established.
Error in WebSocket handler: Stream.__init__() got an unexpected keyword argument 'data_stream'
WebSocket connection closed.
WebSocket connection established.
Error in WebSocket handler: Stream.__init__() got an unexpected keyword argument 'data_stream'
WebSocket connection closed.
WebSocket connection established.
Error in WebSocket handler: Stream.__init__() got an unexpected keyword argument 'data_stream'
WebSocket connection closed.
WebSocket connection established.
Error in WebSocket handler: Stream.__init__() got an unexpected keyword argument 'data_stream'
WebSocket connection closed.
WebSocket connection established.
Error in WebSocket handler: Stream.__init__() got an unexpected keyword argument 'data_stream'
WebSocket connection closed.
WebSocket connection established.
Error in WebSocket handler: Stream.__init__() got an unexpected keyword argument 'data_stream'
WebSocket connection closed.
WebSocket connection established.
Error in WebSocket handler: Stream.__init__() got an unexpected keyword argument 'data_stream'
WebSocket connection closed.
WebSocket connection established.
Error in WebSocket handler: Stream.__init__() got an unexpected keyword argument 'data_stream'
WebSocket connection closed.
WebSocket connection established.
Error in WebSocket handler: Stream.__init__() got an unexpected keyword argument 'data_stream'
WebSocket connection closed.
WebSocket connection established.
Error in WebSocket handler: Stream.__init__() got an unexpected keyword argument 'data_stream'
WebSocket connection closed.
WebSocket connection established.
Error in WebSocket handler: Stream.__init__() got an unexpected keyword argument 'data_stream'
WebSocket connection closed.
WebSocket connection established.
Error in WebSocket handler: Stream.__init__() got an unexpected keyword argument 'data_stream'
WebSocket connection closed.
WebSocket connection established.
Error in WebSocket handler: Stream.__init__() got an unexpected keyword argument 'data_stream'
WebSocket connection closed.
WebSocket connection established.
Error in WebSocket handler: Stream.__init__() got an unexpected keyword argument 'data_stream'
WebSocket connection closed.
WebSocket connection established.
Error in WebSocket handler: Stream.__init__() got an unexpected keyword argument 'data_stream'
WebSocket connection closed.
WebSocket connection established.
Error in WebSocket handler: Stream.__init__() got an unexpected keyword argument 'data_stream'
WebSocket connection closed.
WebSocket connection established.
Error in WebSocket handler: Stream.__init__() got an unexpected keyword argument 'data_stream'
WebSocket connection closed.
WebSocket connection established.
Error in WebSocket handler: Stream.__init__() got an unexpected keyword argument 'data_stream'
WebSocket connection closed.
WebSocket connection established.
Error in WebSocket handler: Stream.__init__() got an unexpected keyword argument 'data_stream'
WebSocket connection closed.
WebSocket connection established.
Error in WebSocket handler: Stream.__init__() got an unexpected keyword argument 'data_stream'
WebSocket connection closed.
WebSocket connection established.
Error in WebSocket handler: Stream.__init__() got an unexpected keyword argument 'data_stream'
WebSocket connection closed.
WebSocket connection established.
Error in WebSocket handler: Stream.__init__() got an unexpected keyword argument 'data_stream'
WebSocket connection closed.
WebSocket connection established.
Error in WebSocket handler: Stream.__init__() got an unexpected keyword argument 'data_stream'
WebSocket connection closed.
WebSocket connection established.
Error in WebSocket handler: Stream.__init__() got an unexpected keyword argument 'data_stream'
WebSocket connection closed.
WebSocket connection established.
Error in WebSocket handler: Stream.__init__() got an unexpected keyword argument 'data_stream'
WebSocket connection closed.
WebSocket connection established.
Error in WebSocket handler: Stream.__init__() got an unexpected keyword argument 'data_stream'
WebSocket connection closed.
WebSocket connection established.
Error in WebSocket handler: Stream.__init__() got an unexpected keyword argument 'data_stream'
WebSocket connection closed.
WebSocket connection established.
Error in WebSocket handler: Stream.__init__() got an unexpected keyword argument 'data_stream'
WebSocket connection closed.
WebSocket connection established.
Error in WebSocket handler: Stream.__init__() got an unexpected keyword argument 'data_stream'
WebSocket connection closed.
WebSocket connection established.
Error in WebSocket handler: Stream.__init__() got an unexpected keyword argument 'data_stream'
WebSocket connection closed.
WebSocket connection established.
Error in WebSocket handler: Stream.__init__() got an unexpected keyword argument 'data_stream'
WebSocket connection closed.
108.36.243.78 - - [18/Oct/2025 21:33:55] "GET /ws HTTP/1.1" 200 -
108.36.243.78 - - [18/Oct/2025 21:34:07] "GET /ws HTTP/1.1" 200 -
108.36.243.78 - - [18/Oct/2025 21:34:13] "GET /ws HTTP/1.1" 200 -
108.36.243.78 - - [18/Oct/2025 21:34:25] "GET /ws HTTP/1.1" 200 -
108.36.243.78 - - [18/Oct/2025 21:34:30] "GET /ws HTTP/1.1" 200 -
108.36.243.78 - - [18/Oct/2025 21:34:36] "GET /ws HTTP/1.1" 200 -
108.36.243.78 - - [18/Oct/2025 21:34:42] "GET /ws HTTP/1.1" 200 -
108.36.243.78 - - [18/Oct/2025 21:34:48] "GET /ws HTTP/1.1" 200 -
108.36.243.78 - - [18/Oct/2025 21:34:58] "GET /ws HTTP/1.1" 200 -
108.36.243.78 - - [18/Oct/2025 21:35:03] "GET /ws HTTP/1.1" 200 -
108.36.243.78 - - [18/Oct/2025 21:35:07] "GET /api/breaking_news HTTP/1.1" 200 -
108.36.243.78 - - [18/Oct/2025 21:35:07] "GET /api/dashboard_data HTTP/1.1" 200 -
108.36.243.78 - - [18/Oct/2025 21:35:08] "GET /api/portfolio_status HTTP/1.1" 200 -
108.36.243.78 - - [18/Oct/2025 21:35:09] "GET /ws HTTP/1.1" 200 -
108.36.243.78 - - [18/Oct/2025 21:35:16] "GET /ws HTTP/1.1" 200 -
108.36.243.78 - - [18/Oct/2025 21:35:21] "GET /ws HTTP/1.1" 200 -
108.36.243.78 - - [18/Oct/2025 21:35:27] "GET /ws HTTP/1.1" 200 -
108.36.243.78 - - [18/Oct/2025 21:35:33] "GET /ws HTTP/1.1" 200 -
108.36.243.78 - - [18/Oct/2025 21:35:42] "GET /ws HTTP/1.1" 200 -
108.36.243.78 - - [18/Oct/2025 21:35:48] "GET /ws HTTP/1.1" 200 -
108.36.243.78 - - [18/Oct/2025 21:35:54] "GET /ws HTTP/1.1" 200 -
108.36.243.78 - - [18/Oct/2025 21:36:00] "GET /ws HTTP/1.1" 200 -
108.36.243.78 - - [18/Oct/2025 21:36:06] "GET /ws HTTP/1.1" 200 -
108.36.243.78 - - [18/Oct/2025 21:36:07] "GET /api/dashboard_data HTTP/1.1" 200 -
108.36.243.78 - - [18/Oct/2025 21:36:07] "GET /api/breaking_news HTTP/1.1" 200 -
108.36.243.78 - - [18/Oct/2025 21:36:07] "GET /api/portfolio_status HTTP/1.1" 200 -
108.36.243.78 - - [18/Oct/2025 21:36:12] "GET /ws HTTP/1.1" 200 -
108.36.243.78 - - [18/Oct/2025 21:36:18] "GET /ws HTTP/1.1" 200 -
108.36.243.78 - - [18/Oct/2025 21:36:24] "GET /ws HTTP/1.1" 200 -
 * Detected change in '/home/ubuntu/trading_bot_phase1/database_setup.py', reloading
WebSocket connection established.
Error in WebSocket handler: Stream.__init__() got an unexpected keyword argument 'data_stream'
WebSocket connection closed.
WebSocket connection established.
Error in WebSocket handler: Stream.__init__() got an unexpected keyword argument 'data_stream'
WebSocket connection closed.
WebSocket connection established.
Error in WebSocket handler: Stream.__init__() got an unexpected keyword argument 'data_stream'
WebSocket connection closed.
WebSocket connection established.
Error in WebSocket handler: Stream.__init__() got an unexpected keyword argument 'data_stream'
WebSocket connection closed.
WebSocket connection established.
Error in WebSocket handler: Stream.__init__() got an unexpected keyword argument 'data_stream'
WebSocket connection closed.
WebSocket connection established.
Error in WebSocket handler: Stream.__init__() got an unexpected keyword argument 'data_stream'
WebSocket connection closed.
WebSocket connection established.
Error in WebSocket handler: Stream.__init__() got an unexpected keyword argument 'data_stream'
WebSocket connection closed.
WebSocket connection established.
Error in WebSocket handler: Stream.__init__() got an unexpected keyword argument 'data_stream'
WebSocket connection closed.
WebSocket connection established.
Error in WebSocket handler: Stream.__init__() got an unexpected keyword argument 'data_stream'
WebSocket connection closed.
WebSocket connection established.
Error in WebSocket handler: Stream.__init__() got an unexpected keyword argument 'data_stream'
WebSocket connection closed.
WebSocket connection established.
Error in WebSocket handler: Stream.__init__() got an unexpected keyword argument 'data_stream'
WebSocket connection closed.
WebSocket connection established.
Error in WebSocket handler: Stream.__init__() got an unexpected keyword argument 'data_stream'
WebSocket connection closed.
WebSocket connection established.
Error in WebSocket handler: Stream.__init__() got an unexpected keyword argument 'data_stream'
WebSocket connection closed.
WebSocket connection established.
Error in WebSocket handler: Stream.__init__() got an unexpected keyword argument 'data_stream'
WebSocket connection closed.
WebSocket connection established.
Error in WebSocket handler: Stream.__init__() got an unexpected keyword argument 'data_stream'
WebSocket connection closed.
WebSocket connection established.
Error in WebSocket handler: Stream.__init__() got an unexpected keyword argument 'data_stream'
WebSocket connection closed.
WebSocket connection established.
Error in WebSocket handler: Stream.__init__() got an unexpected keyword argument 'data_stream'
WebSocket connection closed.
WebSocket connection established.
Error in WebSocket handler: Stream.__init__() got an unexpected keyword argument 'data_stream'
WebSocket connection closed.
WebSocket connection established.
Error in WebSocket handler: Stream.__init__() got an unexpected keyword argument 'data_stream'
WebSocket connection closed.
WebSocket connection established.
Error in WebSocket handler: Stream.__init__() got an unexpected keyword argument 'data_stream'
WebSocket connection closed.
WebSocket connection established.
Error in WebSocket handler: Stream.__init__() got an unexpected keyword argument 'data_stream'
WebSocket connection closed.
WebSocket connection established.
Error in WebSocket handler: Stream.__init__() got an unexpected keyword argument 'data_stream'
WebSocket connection closed.
WebSocket connection established.
Error in WebSocket handler: Stream.__init__() got an unexpected keyword argument 'data_stream'
WebSocket connection closed.
 * Restarting with stat
 * Debugger is active!
 * Debugger PIN: 691-903-281
108.36.243.78 - - [18/Oct/2025 21:36:32] "GET /ws HTTP/1.1" 200 -
108.36.243.78 - - [18/Oct/2025 21:36:37] "GET /ws HTTP/1.1" 200 -
108.36.243.78 - - [18/Oct/2025 21:36:43] "GET /ws HTTP/1.1" 200 -
108.36.243.78 - - [18/Oct/2025 21:36:49] "GET /ws HTTP/1.1" 200 -
108.36.243.78 - - [18/Oct/2025 21:36:55] "GET /ws HTTP/1.1" 200 -
108.36.243.78 - - [18/Oct/2025 21:37:06] "GET /ws HTTP/1.1" 200 -
108.36.243.78 - - [18/Oct/2025 21:37:08] "GET /api/dashboard_data HTTP/1.1" 200 -
108.36.243.78 - - [18/Oct/2025 21:37:08] "GET /api/breaking_news HTTP/1.1" 200 -
108.36.243.78 - - [18/Oct/2025 21:37:08] "GET /api/portfolio_status HTTP/1.1" 200 -
108.36.243.78 - - [18/Oct/2025 21:37:13] "GET /ws HTTP/1.1" 200 -
108.36.243.78 - - [18/Oct/2025 21:37:19] "GET /ws HTTP/1.1" 200 -
108.36.243.78 - - [18/Oct/2025 21:37:24] "GET /ws HTTP/1.1" 200 -
108.36.243.78 - - [18/Oct/2025 21:37:31] "GET /ws HTTP/1.1" 200 -
108.36.243.78 - - [18/Oct/2025 21:37:36] "GET /ws HTTP/1.1" 200 -
108.36.243.78 - - [18/Oct/2025 21:37:42] "GET /ws HTTP/1.1" 200 -
108.36.243.78 - - [18/Oct/2025 21:37:48] "GET /ws HTTP/1.1" 200 -
108.36.243.78 - - [18/Oct/2025 21:37:54] "GET /ws HTTP/1.1" 200 -
 * Detected change in '/home/ubuntu/trading_bot_phase1/master_bot.py', reloading
WebSocket connection established.
Error in WebSocket handler: Stream.__init__() got an unexpected keyword argument 'data_stream'
WebSocket connection closed.
WebSocket connection established.
Error in WebSocket handler: Stream.__init__() got an unexpected keyword argument 'data_stream'
WebSocket connection closed.
WebSocket connection established.
Error in WebSocket handler: Stream.__init__() got an unexpected keyword argument 'data_stream'
WebSocket connection closed.
WebSocket connection established.
Error in WebSocket handler: Stream.__init__() got an unexpected keyword argument 'data_stream'
WebSocket connection closed.
WebSocket connection established.
Error in WebSocket handler: Stream.__init__() got an unexpected keyword argument 'data_stream'
WebSocket connection closed.
WebSocket connection established.
Error in WebSocket handler: Stream.__init__() got an unexpected keyword argument 'data_stream'
WebSocket connection closed.
WebSocket connection established.
Error in WebSocket handler: Stream.__init__() got an unexpected keyword argument 'data_stream'
WebSocket connection closed.
WebSocket connection established.
Error in WebSocket handler: Stream.__init__() got an unexpected keyword argument 'data_stream'
WebSocket connection closed.
WebSocket connection established.
Error in WebSocket handler: Stream.__init__() got an unexpected keyword argument 'data_stream'
WebSocket connection closed.
WebSocket connection established.
Error in WebSocket handler: Stream.__init__() got an unexpected keyword argument 'data_stream'
WebSocket connection closed.
WebSocket connection established.
Error in WebSocket handler: Stream.__init__() got an unexpected keyword argument 'data_stream'
WebSocket connection closed.
WebSocket connection established.
Error in WebSocket handler: Stream.__init__() got an unexpected keyword argument 'data_stream'
WebSocket connection closed.
WebSocket connection established.
Error in WebSocket handler: Stream.__init__() got an unexpected keyword argument 'data_stream'
WebSocket connection closed.
WebSocket connection established.
Error in WebSocket handler: Stream.__init__() got an unexpected keyword argument 'data_stream'
WebSocket connection closed.
 * Restarting with stat
 * Debugger is active!
 * Debugger PIN: 691-903-281
108.36.243.78 - - [18/Oct/2025 21:38:00] "GET /ws HTTP/1.1" 200 -
108.36.243.78 - - [18/Oct/2025 21:38:06] "GET /ws HTTP/1.1" 200 -
108.36.243.78 - - [18/Oct/2025 21:38:07] "GET /api/dashboard_data HTTP/1.1" 200 -
108.36.243.78 - - [18/Oct/2025 21:38:07] "GET /api/breaking_news HTTP/1.1" 200 -
108.36.243.78 - - [18/Oct/2025 21:38:07] "GET /api/portfolio_status HTTP/1.1" 200 -
108.36.243.78 - - [18/Oct/2025 21:38:12] "GET /ws HTTP/1.1" 200 -
108.36.243.78 - - [18/Oct/2025 21:38:18] "GET /ws HTTP/1.1" 200 -
108.36.243.78 - - [18/Oct/2025 21:38:24] "GET /ws HTTP/1.1" 200 -
108.36.243.78 - - [18/Oct/2025 21:38:31] "GET /ws HTTP/1.1" 200 -
108.36.243.78 - - [18/Oct/2025 21:38:36] "GET /ws HTTP/1.1" 200 -
108.36.243.78 - - [18/Oct/2025 21:38:42] "GET /ws HTTP/1.1" 200 -
108.36.243.78 - - [18/Oct/2025 21:38:48] "GET /ws HTTP/1.1" 200 -
108.36.243.78 - - [18/Oct/2025 21:38:54] "GET /ws HTTP/1.1" 200 -
108.36.243.78 - - [18/Oct/2025 21:39:08] "GET /ws HTTP/1.1" 200 -
108.36.243.78 - - [18/Oct/2025 21:39:08] "GET /api/dashboard_data HTTP/1.1" 200 -
108.36.243.78 - - [18/Oct/2025 21:39:08] "GET /api/breaking_news HTTP/1.1" 200 -
108.36.243.78 - - [18/Oct/2025 21:39:08] "GET /api/portfolio_status HTTP/1.1" 200 -
108.36.243.78 - - [18/Oct/2025 21:39:13] "GET /ws HTTP/1.1" 200 -
108.36.243.78 - - [18/Oct/2025 21:39:19] "GET /ws HTTP/1.1" 200 -
108.36.243.78 - - [18/Oct/2025 21:39:25] "GET /ws HTTP/1.1" 200 -
108.36.243.78 - - [18/Oct/2025 21:39:32] "GET /ws HTTP/1.1" 200 -
108.36.243.78 - - [18/Oct/2025 21:39:37] "GET /ws HTTP/1.1" 200 -
108.36.243.78 - - [18/Oct/2025 21:39:43] "GET /ws HTTP/1.1" 200 -
108.36.243.78 - - [18/Oct/2025 21:39:49] "GET /ws HTTP/1.1" 200 -
108.36.243.78 - - [18/Oct/2025 21:39:55] "GET /ws HTTP/1.1" 200 -
108.36.243.78 - - [18/Oct/2025 21:40:01] "GET /ws HTTP/1.1" 200 -
108.36.243.78 - - [18/Oct/2025 21:40:07] "GET /ws HTTP/1.1" 200 -
108.36.243.78 - - [18/Oct/2025 21:40:07] "GET /api/dashboard_data HTTP/1.1" 200 -
108.36.243.78 - - [18/Oct/2025 21:40:07] "GET /api/breaking_news HTTP/1.1" 200 -
108.36.243.78 - - [18/Oct/2025 21:40:07] "GET /api/portfolio_status HTTP/1.1" 200 -
108.36.243.78 - - [18/Oct/2025 21:40:16] "GET /ws HTTP/1.1" 200 -
108.36.243.78 - - [18/Oct/2025 21:40:24] "GET /ws HTTP/1.1" 200 -
108.36.243.78 - - [18/Oct/2025 21:40:30] "GET /ws HTTP/1.1" 200 -
108.36.243.78 - - [18/Oct/2025 21:40:36] "GET /ws HTTP/1.1" 200 -
108.36.243.78 - - [18/Oct/2025 21:40:42] "GET /ws HTTP/1.1" 200 -
108.36.243.78 - - [18/Oct/2025 21:40:48] "GET /ws HTTP/1.1" 200 -
108.36.243.78 - - [18/Oct/2025 21:40:54] "GET /ws HTTP/1.1" 200 -
108.36.243.78 - - [18/Oct/2025 21:41:00] "GET /ws HTTP/1.1" 200 -
108.36.243.78 - - [18/Oct/2025 21:41:06] "GET /ws HTTP/1.1" 200 -
108.36.243.78 - - [18/Oct/2025 21:41:07] "GET /api/dashboard_data HTTP/1.1" 200 -
108.36.243.78 - - [18/Oct/2025 21:41:07] "GET /api/breaking_news HTTP/1.1" 200 -
108.36.243.78 - - [18/Oct/2025 21:41:08] "GET /api/portfolio_status HTTP/1.1" 200 -
 * Detected change in '/home/ubuntu/trading_bot_phase1/master_bot.py', reloading
WebSocket connection established.
Error in WebSocket handler: Stream.__init__() got an unexpected keyword argument 'data_stream'
WebSocket connection closed.
WebSocket connection established.
Error in WebSocket handler: Stream.__init__() got an unexpected keyword argument 'data_stream'
WebSocket connection closed.
WebSocket connection established.
Error in WebSocket handler: Stream.__init__() got an unexpected keyword argument 'data_stream'
WebSocket connection closed.
WebSocket connection established.
Error in WebSocket handler: Stream.__init__() got an unexpected keyword argument 'data_stream'
WebSocket connection closed.
WebSocket connection established.
Error in WebSocket handler: Stream.__init__() got an unexpected keyword argument 'data_stream'
WebSocket connection closed.
WebSocket connection established.
Error in WebSocket handler: Stream.__init__() got an unexpected keyword argument 'data_stream'
WebSocket connection closed.
WebSocket connection established.
Error in WebSocket handler: Stream.__init__() got an unexpected keyword argument 'data_stream'
WebSocket connection closed.
WebSocket connection established.
Error in WebSocket handler: Stream.__init__() got an unexpected keyword argument 'data_stream'
WebSocket connection closed.
WebSocket connection established.
Error in WebSocket handler: Stream.__init__() got an unexpected keyword argument 'data_stream'
WebSocket connection closed.
WebSocket connection established.
Error in WebSocket handler: Stream.__init__() got an unexpected keyword argument 'data_stream'
WebSocket connection closed.
WebSocket connection established.
Error in WebSocket handler: Stream.__init__() got an unexpected keyword argument 'data_stream'
WebSocket connection closed.
WebSocket connection established.
Error in WebSocket handler: Stream.__init__() got an unexpected keyword argument 'data_stream'
WebSocket connection closed.
WebSocket connection established.
Error in WebSocket handler: Stream.__init__() got an unexpected keyword argument 'data_stream'
WebSocket connection closed.
WebSocket connection established.
Error in WebSocket handler: Stream.__init__() got an unexpected keyword argument 'data_stream'
WebSocket connection closed.
WebSocket connection established.
Error in WebSocket handler: Stream.__init__() got an unexpected keyword argument 'data_stream'
WebSocket connection closed.
WebSocket connection established.
Error in WebSocket handler: Stream.__init__() got an unexpected keyword argument 'data_stream'
WebSocket connection closed.
WebSocket connection established.
Error in WebSocket handler: Stream.__init__() got an unexpected keyword argument 'data_stream'
WebSocket connection closed.
WebSocket connection established.
Error in WebSocket handler: Stream.__init__() got an unexpected keyword argument 'data_stream'
WebSocket connection closed.
WebSocket connection established.
Error in WebSocket handler: Stream.__init__() got an unexpected keyword argument 'data_stream'
WebSocket connection closed.
WebSocket connection established.
Error in WebSocket handler: Stream.__init__() got an unexpected keyword argument 'data_stream'
WebSocket connection closed.
WebSocket connection established.
Error in WebSocket handler: Stream.__init__() got an unexpected keyword argument 'data_stream'
WebSocket connection closed.
WebSocket connection established.
Error in WebSocket handler: Stream.__init__() got an unexpected keyword argument 'data_stream'
WebSocket connection closed.
WebSocket connection established.
Error in WebSocket handler: Stream.__init__() got an unexpected keyword argument 'data_stream'
WebSocket connection closed.
WebSocket connection established.
Error in WebSocket handler: Stream.__init__() got an unexpected keyword argument 'data_stream'
WebSocket connection closed.
WebSocket connection established.
Error in WebSocket handler: Stream.__init__() got an unexpected keyword argument 'data_stream'
WebSocket connection closed.
WebSocket connection established.
Error in WebSocket handler: Stream.__init__() got an unexpected keyword argument 'data_stream'
WebSocket connection closed.
WebSocket connection established.
Error in WebSocket handler: Stream.__init__() got an unexpected keyword argument 'data_stream'
WebSocket connection closed.
WebSocket connection established.
Error in WebSocket handler: Stream.__init__() got an unexpected keyword argument 'data_stream'
WebSocket connection closed.
WebSocket connection established.
Error in WebSocket handler: Stream.__init__() got an unexpected keyword argument 'data_stream'
WebSocket connection closed.
WebSocket connection established.
Error in WebSocket handler: Stream.__init__() got an unexpected keyword argument 'data_stream'
WebSocket connection closed.
 * Restarting with stat
 * Debugger is active!
 * Debugger PIN: 691-903-281
108.36.243.78 - - [18/Oct/2025 21:41:12] "GET /ws HTTP/1.1" 200 -
108.36.243.78 - - [18/Oct/2025 21:41:20] "GET /ws HTTP/1.1" 200 -
108.36.243.78 - - [18/Oct/2025 21:41:27] "GET /ws HTTP/1.1" 200 -
108.36.243.78 - - [18/Oct/2025 21:41:33] "GET /ws HTTP/1.1" 200 -
108.36.243.78 - - [18/Oct/2025 21:41:39] "GET /ws HTTP/1.1" 200 -
108.36.243.78 - - [18/Oct/2025 21:41:45] "GET /ws HTTP/1.1" 200 -
 * Detected change in '/home/ubuntu/trading_bot_phase1/app.py', reloading
WebSocket connection established.
Error in WebSocket handler: Stream.__init__() got an unexpected keyword argument 'data_stream'
WebSocket connection closed.
WebSocket connection established.
Error in WebSocket handler: Stream.__init__() got an unexpected keyword argument 'data_stream'
WebSocket connection closed.
WebSocket connection established.
Error in WebSocket handler: Stream.__init__() got an unexpected keyword argument 'data_stream'
WebSocket connection closed.
WebSocket connection established.
Error in WebSocket handler: Stream.__init__() got an unexpected keyword argument 'data_stream'
WebSocket connection closed.
WebSocket connection established.
Error in WebSocket handler: Stream.__init__() got an unexpected keyword argument 'data_stream'
WebSocket connection closed.
WebSocket connection established.
Error in WebSocket handler: Stream.__init__() got an unexpected keyword argument 'data_stream'
WebSocket connection closed.
 * Restarting with stat
 * Debugger is active!
 * Debugger PIN: 691-903-281
108.36.243.78 - - [18/Oct/2025 21:41:53] "GET /ws HTTP/1.1" 200 -
108.36.243.78 - - [18/Oct/2025 21:41:59] "GET /ws HTTP/1.1" 200 -
108.36.243.78 - - [18/Oct/2025 21:42:05] "GET /ws HTTP/1.1" 200 -
108.36.243.78 - - [18/Oct/2025 21:42:07] "GET /api/dashboard_data HTTP/1.1" 200 -
108.36.243.78 - - [18/Oct/2025 21:42:07] "GET /api/portfolio_status HTTP/1.1" 200 -
108.36.243.78 - - [18/Oct/2025 21:42:07] "GET /api/breaking_news HTTP/1.1" 200 -
108.36.243.78 - - [18/Oct/2025 21:42:13] "GET /ws HTTP/1.1" 200 -
108.36.243.78 - - [18/Oct/2025 21:42:21] "GET /ws HTTP/1.1" 200 -
108.36.243.78 - - [18/Oct/2025 21:42:26] "GET /ws HTTP/1.1" 200 -
108.36.243.78 - - [18/Oct/2025 21:42:34] "GET /ws HTTP/1.1" 200 -
108.36.243.78 - - [18/Oct/2025 21:42:39] "GET /ws HTTP/1.1" 200 -
108.36.243.78 - - [18/Oct/2025 21:42:45] "GET /ws HTTP/1.1" 200 -
108.36.243.78 - - [18/Oct/2025 21:42:51] "GET /ws HTTP/1.1" 200 -
108.36.243.78 - - [18/Oct/2025 21:42:57] "GET /ws HTTP/1.1" 200 -
108.36.243.78 - - [18/Oct/2025 21:43:03] "GET /ws HTTP/1.1" 200 -
108.36.243.78 - - [18/Oct/2025 21:43:07] "GET /api/portfolio_status HTTP/1.1" 200 -
108.36.243.78 - - [18/Oct/2025 21:43:07] "GET /api/dashboard_data HTTP/1.1" 200 -
108.36.243.78 - - [18/Oct/2025 21:43:07] "GET /api/breaking_news HTTP/1.1" 200 -
 * Detected change in '/home/ubuntu/trading_bot_phase1/app.py', reloading
 * Restarting with stat
 * Debugger is active!
 * Debugger PIN: 691-903-281
108.36.243.78 - - [18/Oct/2025 21:43:10] "GET /ws HTTP/1.1" 200 -
108.36.243.78 - - [18/Oct/2025 21:43:17] "GET /ws HTTP/1.1" 200 -
108.36.243.78 - - [18/Oct/2025 21:43:22] "GET /ws HTTP/1.1" 200 -
108.36.243.78 - - [18/Oct/2025 21:43:28] "GET /ws HTTP/1.1" 200 -
108.36.243.78 - - [18/Oct/2025 21:43:34] "GET /ws HTTP/1.1" 200 -
108.36.243.78 - - [18/Oct/2025 21:43:40] "GET /ws HTTP/1.1" 200 -
108.36.243.78 - - [18/Oct/2025 21:43:47] "GET /ws HTTP/1.1" 200 -
108.36.243.78 - - [18/Oct/2025 21:43:52] "GET /ws HTTP/1.1" 200 -
108.36.243.78 - - [18/Oct/2025 21:43:58] "GET /ws HTTP/1.1" 200 -
108.36.243.78 - - [18/Oct/2025 21:44:04] "GET /ws HTTP/1.1" 200 -
108.36.243.78 - - [18/Oct/2025 21:44:07] "GET /api/dashboard_data HTTP/1.1" 200 -
108.36.243.78 - - [18/Oct/2025 21:44:07] "GET /api/breaking_news HTTP/1.1" 200 -
108.36.243.78 - - [18/Oct/2025 21:44:07] "GET /api/portfolio_status HTTP/1.1" 200 -
108.36.243.78 - - [18/Oct/2025 21:44:11] "GET /ws HTTP/1.1" 200 -
108.36.243.78 - - [18/Oct/2025 21:44:16] "GET /ws HTTP/1.1" 200 -
108.36.243.78 - - [18/Oct/2025 21:44:22] "GET /ws HTTP/1.1" 200 -
108.36.243.78 - - [18/Oct/2025 21:44:28] "GET /ws HTTP/1.1" 200 -
108.36.243.78 - - [18/Oct/2025 21:44:34] "GET /ws HTTP/1.1" 200 -
108.36.243.78 - - [18/Oct/2025 21:44:42] "GET /ws HTTP/1.1" 200 -
108.36.243.78 - - [18/Oct/2025 21:44:47] "GET /ws HTTP/1.1" 200 -
108.36.243.78 - - [18/Oct/2025 21:44:53] "GET /ws HTTP/1.1" 200 -
108.36.243.78 - - [18/Oct/2025 21:45:01] "GET /ws HTTP/1.1" 200 -
108.36.243.78 - - [18/Oct/2025 21:45:07] "GET /ws HTTP/1.1" 200 -
108.36.243.78 - - [18/Oct/2025 21:45:09] "GET /api/breaking_news HTTP/1.1" 200 -
108.36.243.78 - - [18/Oct/2025 21:45:09] "GET /api/dashboard_data HTTP/1.1" 200 -
108.36.243.78 - - [18/Oct/2025 21:45:09] "GET /api/portfolio_status HTTP/1.1" 200 -
108.36.243.78 - - [18/Oct/2025 21:45:12] "GET /ws HTTP/1.1" 200 -
108.36.243.78 - - [18/Oct/2025 21:45:20] "GET /ws HTTP/1.1" 200 -
108.36.243.78 - - [18/Oct/2025 21:45:25] "GET /ws HTTP/1.1" 200 -
108.36.243.78 - - [18/Oct/2025 21:45:32] "GET /ws HTTP/1.1" 200 -
108.36.243.78 - - [18/Oct/2025 21:45:38] "GET /ws HTTP/1.1" 200 -
108.36.243.78 - - [18/Oct/2025 21:45:44] "GET /ws HTTP/1.1" 200 -
108.36.243.78 - - [18/Oct/2025 21:45:51] "GET /ws HTTP/1.1" 200 -
108.36.243.78 - - [18/Oct/2025 21:45:56] "GET /ws HTTP/1.1" 200 -
 * Detected change in '/home/ubuntu/trading_bot_phase1/screener.py', reloading
WebSocket connection established.
Error in WebSocket handler: Stream.__init__() got an unexpected keyword argument 'data_stream'
WebSocket connection closed.
WebSocket connection established.
Error in WebSocket handler: Stream.__init__() got an unexpected keyword argument 'data_stream'
WebSocket connection closed.
WebSocket connection established.
Error in WebSocket handler: Stream.__init__() got an unexpected keyword argument 'data_stream'
WebSocket connection closed.
WebSocket connection established.
Error in WebSocket handler: Stream.__init__() got an unexpected keyword argument 'data_stream'
WebSocket connection closed.
WebSocket connection established.
Error in WebSocket handler: Stream.__init__() got an unexpected keyword argument 'data_stream'
WebSocket connection closed.
WebSocket connection established.
Error in WebSocket handler: Stream.__init__() got an unexpected keyword argument 'data_stream'
WebSocket connection closed.
WebSocket connection established.
Error in WebSocket handler: Stream.__init__() got an unexpected keyword argument 'data_stream'
WebSocket connection closed.
WebSocket connection established.
Error in WebSocket handler: Stream.__init__() got an unexpected keyword argument 'data_stream'
WebSocket connection closed.
WebSocket connection established.
Error in WebSocket handler: Stream.__init__() got an unexpected keyword argument 'data_stream'
WebSocket connection closed.
WebSocket connection established.
Error in WebSocket handler: Stream.__init__() got an unexpected keyword argument 'data_stream'
WebSocket connection closed.
WebSocket connection established.
Error in WebSocket handler: Stream.__init__() got an unexpected keyword argument 'data_stream'
WebSocket connection closed.
WebSocket connection established.
Error in WebSocket handler: Stream.__init__() got an unexpected keyword argument 'data_stream'
WebSocket connection closed.
WebSocket connection established.
Error in WebSocket handler: Stream.__init__() got an unexpected keyword argument 'data_stream'
WebSocket connection closed.
WebSocket connection established.
Error in WebSocket handler: Stream.__init__() got an unexpected keyword argument 'data_stream'
WebSocket connection closed.
WebSocket connection established.
Error in WebSocket handler: Stream.__init__() got an unexpected keyword argument 'data_stream'
WebSocket connection closed.
WebSocket connection established.
Error in WebSocket handler: Stream.__init__() got an unexpected keyword argument 'data_stream'
WebSocket connection closed.
WebSocket connection established.
Error in WebSocket handler: Stream.__init__() got an unexpected keyword argument 'data_stream'
WebSocket connection closed.
WebSocket connection established.
Error in WebSocket handler: Stream.__init__() got an unexpected keyword argument 'data_stream'
WebSocket connection closed.
WebSocket connection established.
Error in WebSocket handler: Stream.__init__() got an unexpected keyword argument 'data_stream'
WebSocket connection closed.
WebSocket connection established.
Error in WebSocket handler: Stream.__init__() got an unexpected keyword argument 'data_stream'
WebSocket connection closed.
WebSocket connection established.
Error in WebSocket handler: Stream.__init__() got an unexpected keyword argument 'data_stream'
WebSocket connection closed.
WebSocket connection established.
Error in WebSocket handler: Stream.__init__() got an unexpected keyword argument 'data_stream'
WebSocket connection closed.
WebSocket connection established.
Error in WebSocket handler: Stream.__init__() got an unexpected keyword argument 'data_stream'
WebSocket connection closed.
WebSocket connection established.
Error in WebSocket handler: Stream.__init__() got an unexpected keyword argument 'data_stream'
WebSocket connection closed.
WebSocket connection established.
Error in WebSocket handler: Stream.__init__() got an unexpected keyword argument 'data_stream'
WebSocket connection closed.
WebSocket connection established.
Error in WebSocket handler: Stream.__init__() got an unexpected keyword argument 'data_stream'
WebSocket connection closed.
WebSocket connection established.
Error in WebSocket handler: Stream.__init__() got an unexpected keyword argument 'data_stream'
WebSocket connection closed.
WebSocket connection established.
Error in WebSocket handler: Stream.__init__() got an unexpected keyword argument 'data_stream'
WebSocket connection closed.
 * Restarting with stat
 * Debugger is active!
 * Debugger PIN: 691-903-281
108.36.243.78 - - [18/Oct/2025 21:46:06] "GET /ws HTTP/1.1" 200 -
108.36.243.78 - - [18/Oct/2025 21:46:07] "GET /api/dashboard_data HTTP/1.1" 200 -
108.36.243.78 - - [18/Oct/2025 21:46:07] "GET /api/breaking_news HTTP/1.1" 200 -
108.36.243.78 - - [18/Oct/2025 21:46:07] "GET /api/portfolio_status HTTP/1.1" 200 -
108.36.243.78 - - [18/Oct/2025 21:46:11] "GET /ws HTTP/1.1" 200 -
108.36.243.78 - - [18/Oct/2025 21:46:17] "GET /ws HTTP/1.1" 200 -
108.36.243.78 - - [18/Oct/2025 21:46:23] "GET /ws HTTP/1.1" 200 -
108.36.243.78 - - [18/Oct/2025 21:46:29] "GET /ws HTTP/1.1" 200 -
108.36.243.78 - - [18/Oct/2025 21:46:35] "GET /ws HTTP/1.1" 200 -
108.36.243.78 - - [18/Oct/2025 21:46:41] "GET /ws HTTP/1.1" 200 -
108.36.243.78 - - [18/Oct/2025 21:46:48] "GET /ws HTTP/1.1" 200 -
108.36.243.78 - - [18/Oct/2025 21:46:53] "GET /ws HTTP/1.1" 200 -
108.36.243.78 - - [18/Oct/2025 21:46:59] "GET /ws HTTP/1.1" 200 -
 * Detected change in '/home/ubuntu/trading_bot_phase1/master_bot.py', reloading
WebSocket connection established.
Error in WebSocket handler: Stream.__init__() got an unexpected keyword argument 'data_stream'
WebSocket connection closed.
WebSocket connection established.
Error in WebSocket handler: Stream.__init__() got an unexpected keyword argument 'data_stream'
WebSocket connection closed.
WebSocket connection established.
Error in WebSocket handler: Stream.__init__() got an unexpected keyword argument 'data_stream'
WebSocket connection closed.
WebSocket connection established.
Error in WebSocket handler: Stream.__init__() got an unexpected keyword argument 'data_stream'
WebSocket connection closed.
WebSocket connection established.
Error in WebSocket handler: Stream.__init__() got an unexpected keyword argument 'data_stream'
WebSocket connection closed.
WebSocket connection established.
Error in WebSocket handler: Stream.__init__() got an unexpected keyword argument 'data_stream'
WebSocket connection closed.
WebSocket connection established.
Error in WebSocket handler: Stream.__init__() got an unexpected keyword argument 'data_stream'
WebSocket connection closed.
WebSocket connection established.
Error in WebSocket handler: Stream.__init__() got an unexpected keyword argument 'data_stream'
WebSocket connection closed.
WebSocket connection established.
Error in WebSocket handler: Stream.__init__() got an unexpected keyword argument 'data_stream'
WebSocket connection closed.
WebSocket connection established.
Error in WebSocket handler: Stream.__init__() got an unexpected keyword argument 'data_stream'
WebSocket connection closed.
 * Restarting with stat
 * Debugger is active!
 * Debugger PIN: 691-903-281
108.36.243.78 - - [18/Oct/2025 21:47:05] "GET /ws HTTP/1.1" 200 -
108.36.243.78 - - [18/Oct/2025 21:47:07] "GET /api/dashboard_data HTTP/1.1" 200 -
108.36.243.78 - - [18/Oct/2025 21:47:07] "GET /api/breaking_news HTTP/1.1" 200 -
108.36.243.78 - - [18/Oct/2025 21:47:07] "GET /api/portfolio_status HTTP/1.1" 200 -
108.36.243.78 - - [18/Oct/2025 21:47:11] "GET /ws HTTP/1.1" 200 -
108.36.243.78 - - [18/Oct/2025 21:47:17] "GET /ws HTTP/1.1" 200 -
108.36.243.78 - - [18/Oct/2025 21:47:23] "GET /ws HTTP/1.1" 200 -
108.36.243.78 - - [18/Oct/2025 21:47:29] "GET /ws HTTP/1.1" 200 -
108.36.243.78 - - [18/Oct/2025 21:47:35] "GET /ws HTTP/1.1" 200 -
108.36.243.78 - - [18/Oct/2025 21:47:42] "GET /ws HTTP/1.1" 200 -
108.36.243.78 - - [18/Oct/2025 21:47:48] "GET /ws HTTP/1.1" 200 -
 * Detected change in '/home/ubuntu/trading_bot_phase1/strategies.py', reloading
WebSocket connection established.
Error in WebSocket handler: Stream.__init__() got an unexpected keyword argument 'data_stream'
WebSocket connection closed.
WebSocket connection established.
Error in WebSocket handler: Stream.__init__() got an unexpected keyword argument 'data_stream'
WebSocket connection closed.
WebSocket connection established.
Error in WebSocket handler: Stream.__init__() got an unexpected keyword argument 'data_stream'
WebSocket connection closed.
WebSocket connection established.
Error in WebSocket handler: Stream.__init__() got an unexpected keyword argument 'data_stream'
WebSocket connection closed.
WebSocket connection established.
Error in WebSocket handler: Stream.__init__() got an unexpected keyword argument 'data_stream'
WebSocket connection closed.
WebSocket connection established.
Error in WebSocket handler: Stream.__init__() got an unexpected keyword argument 'data_stream'
WebSocket connection closed.
WebSocket connection established.
Error in WebSocket handler: Stream.__init__() got an unexpected keyword argument 'data_stream'
WebSocket connection closed.
WebSocket connection established.
Error in WebSocket handler: Stream.__init__() got an unexpected keyword argument 'data_stream'
WebSocket connection closed.
 * Restarting with stat
 * Debugger is active!
 * Debugger PIN: 691-903-281
108.36.243.78 - - [18/Oct/2025 21:47:53] "GET /ws HTTP/1.1" 200 -
108.36.243.78 - - [18/Oct/2025 21:48:05] "GET /ws HTTP/1.1" 200 -
108.36.243.78 - - [18/Oct/2025 21:48:07] "GET /api/dashboard_data HTTP/1.1" 200 -
108.36.243.78 - - [18/Oct/2025 21:48:07] "GET /api/breaking_news HTTP/1.1" 200 -
108.36.243.78 - - [18/Oct/2025 21:48:07] "GET /api/portfolio_status HTTP/1.1" 200 -
108.36.243.78 - - [18/Oct/2025 21:48:10] "GET /ws HTTP/1.1" 200 -
108.36.243.78 - - [18/Oct/2025 21:48:16] "GET /ws HTTP/1.1" 200 -
108.36.243.78 - - [18/Oct/2025 21:48:22] "GET /ws HTTP/1.1" 200 -
108.36.243.78 - - [18/Oct/2025 21:48:28] "GET /ws HTTP/1.1" 200 -
108.36.243.78 - - [18/Oct/2025 21:48:35] "GET /ws HTTP/1.1" 200 -
108.36.243.78 - - [18/Oct/2025 21:48:42] "GET /ws HTTP/1.1" 200 -
108.36.243.78 - - [18/Oct/2025 21:48:48] "GET /ws HTTP/1.1" 200 -
108.36.243.78 - - [18/Oct/2025 21:48:53] "GET /ws HTTP/1.1" 200 -
108.36.243.78 - - [18/Oct/2025 21:48:59] "GET /ws HTTP/1.1" 200 -
108.36.243.78 - - [18/Oct/2025 21:49:06] "GET /ws HTTP/1.1" 200 -
108.36.243.78 - - [18/Oct/2025 21:49:08] "GET /api/dashboard_data HTTP/1.1" 200 -
108.36.243.78 - - [18/Oct/2025 21:49:08] "GET /api/breaking_news HTTP/1.1" 200 -
108.36.243.78 - - [18/Oct/2025 21:49:08] "GET /api/portfolio_status HTTP/1.1" 200 -
108.36.243.78 - - [18/Oct/2025 21:49:11] "GET /ws HTTP/1.1" 200 -
108.36.243.78 - - [18/Oct/2025 21:49:21] "GET /ws HTTP/1.1" 200 -
108.36.243.78 - - [18/Oct/2025 21:49:28] "GET /ws HTTP/1.1" 200 -
108.36.243.78 - - [18/Oct/2025 21:49:34] "GET /ws HTTP/1.1" 200 -
108.36.243.78 - - [18/Oct/2025 21:49:47] "GET /ws HTTP/1.1" 200 -
108.36.243.78 - - [18/Oct/2025 21:49:52] "GET /ws HTTP/1.1" 200 -
108.36.243.78 - - [18/Oct/2025 21:49:58] "GET /ws HTTP/1.1" 200 -
108.36.243.78 - - [18/Oct/2025 21:50:04] "GET /ws HTTP/1.1" 200 -
108.36.243.78 - - [18/Oct/2025 21:50:07] "GET /api/dashboard_data HTTP/1.1" 200 -
108.36.243.78 - - [18/Oct/2025 21:50:07] "GET /api/breaking_news HTTP/1.1" 200 -
108.36.243.78 - - [18/Oct/2025 21:50:07] "GET /api/portfolio_status HTTP/1.1" 200 -
108.36.243.78 - - [18/Oct/2025 21:50:11] "GET /ws HTTP/1.1" 200 -
108.36.243.78 - - [18/Oct/2025 21:50:16] "GET /ws HTTP/1.1" 200 -
108.36.243.78 - - [18/Oct/2025 21:50:28] "GET /ws HTTP/1.1" 200 -
108.36.243.78 - - [18/Oct/2025 21:50:36] "GET /ws HTTP/1.1" 200 -
108.36.243.78 - - [18/Oct/2025 21:50:41] "GET /ws HTTP/1.1" 200 -
108.36.243.78 - - [18/Oct/2025 21:50:48] "GET /ws HTTP/1.1" 200 -
108.36.243.78 - - [18/Oct/2025 21:51:02] "GET /ws HTTP/1.1" 200 -
108.36.243.78 - - [18/Oct/2025 21:51:07] "GET /api/dashboard_data HTTP/1.1" 200 -
108.36.243.78 - - [18/Oct/2025 21:51:07] "GET /api/breaking_news HTTP/1.1" 200 -
108.36.243.78 - - [18/Oct/2025 21:51:07] "GET /api/portfolio_status HTTP/1.1" 200 -
108.36.243.78 - - [18/Oct/2025 21:51:13] "GET /ws HTTP/1.1" 200 -
108.36.243.78 - - [18/Oct/2025 21:51:18] "GET /ws HTTP/1.1" 200 -
108.36.243.78 - - [18/Oct/2025 21:51:26] "GET /ws HTTP/1.1" 200 -
108.36.243.78 - - [18/Oct/2025 21:51:32] "GET /ws HTTP/1.1" 200 -
108.36.243.78 - - [18/Oct/2025 21:51:38] "GET /ws HTTP/1.1" 200 -
108.36.243.78 - - [18/Oct/2025 21:51:44] "GET /ws HTTP/1.1" 200 -
108.36.243.78 - - [18/Oct/2025 21:51:49] "GET /ws HTTP/1.1" 200 -
108.36.243.78 - - [18/Oct/2025 21:51:55] "GET /ws HTTP/1.1" 200 -
108.36.243.78 - - [18/Oct/2025 21:52:06] "GET /ws HTTP/1.1" 200 -
108.36.243.78 - - [18/Oct/2025 21:52:07] "GET /api/dashboard_data HTTP/1.1" 200 -
108.36.243.78 - - [18/Oct/2025 21:52:07] "GET /api/breaking_news HTTP/1.1" 200 -
108.36.243.78 - - [18/Oct/2025 21:52:07] "GET /api/portfolio_status HTTP/1.1" 200 -
108.36.243.78 - - [18/Oct/2025 21:52:11] "GET /ws HTTP/1.1" 200 -
108.36.243.78 - - [18/Oct/2025 21:52:18] "GET /ws HTTP/1.1" 200 -
108.36.243.78 - - [18/Oct/2025 21:52:23] "GET /ws HTTP/1.1" 200 -
108.36.243.78 - - [18/Oct/2025 21:52:35] "GET /ws HTTP/1.1" 200 -
108.36.243.78 - - [18/Oct/2025 21:52:47] "GET /ws HTTP/1.1" 200 -
108.36.243.78 - - [18/Oct/2025 21:52:56] "GET /ws HTTP/1.1" 200 -
108.36.243.78 - - [18/Oct/2025 21:53:06] "GET /ws HTTP/1.1" 200 -
108.36.243.78 - - [18/Oct/2025 21:53:07] "GET /api/breaking_news HTTP/1.1" 200 -
108.36.243.78 - - [18/Oct/2025 21:53:07] "GET /api/dashboard_data HTTP/1.1" 200 -
108.36.243.78 - - [18/Oct/2025 21:53:07] "GET /api/portfolio_status HTTP/1.1" 200 -
108.36.243.78 - - [18/Oct/2025 21:53:16] "GET /ws HTTP/1.1" 200 -
108.36.243.78 - - [18/Oct/2025 21:53:22] "GET /ws HTTP/1.1" 200 -
108.36.243.78 - - [18/Oct/2025 21:53:28] "GET /ws HTTP/1.1" 200 -
108.36.243.78 - - [18/Oct/2025 21:53:34] "GET /ws HTTP/1.1" 200 -
108.36.243.78 - - [18/Oct/2025 21:53:40] "GET /ws HTTP/1.1" 200 -
108.36.243.78 - - [18/Oct/2025 21:53:46] "GET /ws HTTP/1.1" 200 -
108.36.243.78 - - [18/Oct/2025 21:53:52] "GET /ws HTTP/1.1" 200 -
108.36.243.78 - - [18/Oct/2025 21:53:58] "GET /ws HTTP/1.1" 200 -
WebSocket connection established.
Error in WebSocket handler: Stream.__init__() got an unexpected keyword argument 'data_stream'
WebSocket connection closed.
WebSocket connection established.
Error in WebSocket handler: Stream.__init__() got an unexpected keyword argument 'data_stream'
WebSocket connection closed.
WebSocket connection established.
Error in WebSocket handler: Stream.__init__() got an unexpected keyword argument 'data_stream'
WebSocket connection closed.
WebSocket connection established.
Error in WebSocket handler: Stream.__init__() got an unexpected keyword argument 'data_stream'
WebSocket connection closed.
WebSocket connection established.
Error in WebSocket handler: Stream.__init__() got an unexpected keyword argument 'data_stream'
WebSocket connection closed.
WebSocket connection established.
Error in WebSocket handler: Stream.__init__() got an unexpected keyword argument 'data_stream'
WebSocket connection closed.
WebSocket connection established.
Error in WebSocket handler: Stream.__init__() got an unexpected keyword argument 'data_stream'
WebSocket connection closed.
WebSocket connection established.
Error in WebSocket handler: Stream.__init__() got an unexpected keyword argument 'data_stream'
WebSocket connection closed.
WebSocket connection established.
Error in WebSocket handler: Stream.__init__() got an unexpected keyword argument 'data_stream'
WebSocket connection closed.
WebSocket connection established.
Error in WebSocket handler: Stream.__init__() got an unexpected keyword argument 'data_stream'
WebSocket connection closed.
WebSocket connection established.
Error in WebSocket handler: Stream.__init__() got an unexpected keyword argument 'data_stream'
WebSocket connection closed.
WebSocket connection established.
Error in WebSocket handler: Stream.__init__() got an unexpected keyword argument 'data_stream'
WebSocket connection closed.
WebSocket connection established.
Error in WebSocket handler: Stream.__init__() got an unexpected keyword argument 'data_stream'
WebSocket connection closed.
WebSocket connection established.
Error in WebSocket handler: Stream.__init__() got an unexpected keyword argument 'data_stream'
WebSocket connection closed.
WebSocket connection established.
Error in WebSocket handler: Stream.__init__() got an unexpected keyword argument 'data_stream'
WebSocket connection closed.
WebSocket connection established.
Error in WebSocket handler: Stream.__init__() got an unexpected keyword argument 'data_stream'
WebSocket connection closed.
WebSocket connection established.
Error in WebSocket handler: Stream.__init__() got an unexpected keyword argument 'data_stream'
WebSocket connection closed.
WebSocket connection established.
Error in WebSocket handler: Stream.__init__() got an unexpected keyword argument 'data_stream'
WebSocket connection closed.
WebSocket connection established.
Error in WebSocket handler: Stream.__init__() got an unexpected keyword argument 'data_stream'
WebSocket connection closed.
WebSocket connection established.
Error in WebSocket handler: Stream.__init__() got an unexpected keyword argument 'data_stream'
WebSocket connection closed.
WebSocket connection established.
Error in WebSocket handler: Stream.__init__() got an unexpected keyword argument 'data_stream'
WebSocket connection closed.
WebSocket connection established.
Error in WebSocket handler: Stream.__init__() got an unexpected keyword argument 'data_stream'
WebSocket connection closed.
WebSocket connection established.
Error in WebSocket handler: Stream.__init__() got an unexpected keyword argument 'data_stream'
WebSocket connection closed.
WebSocket connection established.
Error in WebSocket handler: Stream.__init__() got an unexpected keyword argument 'data_stream'
WebSocket connection closed.
WebSocket connection established.
Error in WebSocket handler: Stream.__init__() got an unexpected keyword argument 'data_stream'
WebSocket connection closed.
WebSocket connection established.
Error in WebSocket handler: Stream.__init__() got an unexpected keyword argument 'data_stream'
WebSocket connection closed.
WebSocket connection established.
Error in WebSocket handler: Stream.__init__() got an unexpected keyword argument 'data_stream'
WebSocket connection closed.
WebSocket connection established.
Error in WebSocket handler: Stream.__init__() got an unexpected keyword argument 'data_stream'
WebSocket connection closed.
WebSocket connection established.
Error in WebSocket handler: Stream.__init__() got an unexpected keyword argument 'data_stream'
WebSocket connection closed.
WebSocket connection established.
Error in WebSocket handler: Stream.__init__() got an unexpected keyword argument 'data_stream'
WebSocket connection closed.
WebSocket connection established.
Error in WebSocket handler: Stream.__init__() got an unexpected keyword argument 'data_stream'
WebSocket connection closed.
WebSocket connection established.
Error in WebSocket handler: Stream.__init__() got an unexpected keyword argument 'data_stream'
WebSocket connection closed.
WebSocket connection established.
Error in WebSocket handler: Stream.__init__() got an unexpected keyword argument 'data_stream'
WebSocket connection closed.
WebSocket connection established.
Error in WebSocket handler: Stream.__init__() got an unexpected keyword argument 'data_stream'
WebSocket connection closed.
WebSocket connection established.
Error in WebSocket handler: Stream.__init__() got an unexpected keyword argument 'data_stream'
WebSocket connection closed.
WebSocket connection established.
Error in WebSocket handler: Stream.__init__() got an unexpected keyword argument 'data_stream'
WebSocket connection closed.
WebSocket connection established.
Error in WebSocket handler: Stream.__init__() got an unexpected keyword argument 'data_stream'
WebSocket connection closed.
WebSocket connection established.
Error in WebSocket handler: Stream.__init__() got an unexpected keyword argument 'data_stream'
WebSocket connection closed.
WebSocket connection established.
Error in WebSocket handler: Stream.__init__() got an unexpected keyword argument 'data_stream'
WebSocket connection closed.
WebSocket connection established.
Error in WebSocket handler: Stream.__init__() got an unexpected keyword argument 'data_stream'
WebSocket connection closed.
WebSocket connection established.
Error in WebSocket handler: Stream.__init__() got an unexpected keyword argument 'data_stream'
WebSocket connection closed.
WebSocket connection established.
Error in WebSocket handler: Stream.__init__() got an unexpected keyword argument 'data_stream'
WebSocket connection closed.
WebSocket connection established.
Error in WebSocket handler: Stream.__init__() got an unexpected keyword argument 'data_stream'
WebSocket connection closed.
WebSocket connection established.
Error in WebSocket handler: Stream.__init__() got an unexpected keyword argument 'data_stream'
WebSocket connection closed.
WebSocket connection established.
Error in WebSocket handler: Stream.__init__() got an unexpected keyword argument 'data_stream'
WebSocket connection closed.
WebSocket connection established.
Error in WebSocket handler: Stream.__init__() got an unexpected keyword argument 'data_stream'
WebSocket connection closed.
WebSocket connection established.
Error in WebSocket handler: Stream.__init__() got an unexpected keyword argument 'data_stream'
WebSocket connection closed.
WebSocket connection established.
Error in WebSocket handler: Stream.__init__() got an unexpected keyword argument 'data_stream'
WebSocket connection closed.
WebSocket connection established.
Error in WebSocket handler: Stream.__init__() got an unexpected keyword argument 'data_stream'
WebSocket connection closed.
WebSocket connection established.
Error in WebSocket handler: Stream.__init__() got an unexpected keyword argument 'data_stream'
WebSocket connection closed.
WebSocket connection established.
Error in WebSocket handler: Stream.__init__() got an unexpected keyword argument 'data_stream'
WebSocket connection closed.
WebSocket connection established.
Error in WebSocket handler: Stream.__init__() got an unexpected keyword argument 'data_stream'
108.36.243.78 - - [18/Oct/2025 21:54:05] "GET /ws HTTP/1.1" 200 -
108.36.243.78 - - [18/Oct/2025 21:54:08] "GET /api/breaking_news HTTP/1.1" 200 -
108.36.243.78 - - [18/Oct/2025 21:54:08] "GET /api/dashboard_data HTTP/1.1" 200 -
108.36.243.78 - - [18/Oct/2025 21:54:08] "GET /api/portfolio_status HTTP/1.1" 200 -
108.36.243.78 - - [18/Oct/2025 21:54:11] "GET /ws HTTP/1.1" 200 -
108.36.243.78 - - [18/Oct/2025 21:54:17] "GET /ws HTTP/1.1" 200 -
108.36.243.78 - - [18/Oct/2025 21:54:26] "GET /ws HTTP/1.1" 200 -
108.36.243.78 - - [18/Oct/2025 21:54:32] "GET /ws HTTP/1.1" 200 -
108.36.243.78 - - [18/Oct/2025 21:54:40] "GET /ws HTTP/1.1" 200 -
108.36.243.78 - - [18/Oct/2025 21:54:45] "GET /ws HTTP/1.1" 200 -
108.36.243.78 - - [18/Oct/2025 21:54:51] "GET /ws HTTP/1.1" 200 -
108.36.243.78 - - [18/Oct/2025 21:54:57] "GET /ws HTTP/1.1" 200 -
108.36.243.78 - - [18/Oct/2025 21:55:03] "GET /ws HTTP/1.1" 200 -
108.36.243.78 - - [18/Oct/2025 21:55:07] "GET /api/dashboard_data HTTP/1.1" 200 -
108.36.243.78 - - [18/Oct/2025 21:55:07] "GET /api/breaking_news HTTP/1.1" 200 -
108.36.243.78 - - [18/Oct/2025 21:55:07] "GET /api/portfolio_status HTTP/1.1" 200 -
108.36.243.78 - - [18/Oct/2025 21:55:09] "GET /ws HTTP/1.1" 200 -
108.36.243.78 - - [18/Oct/2025 21:55:15] "GET /ws HTTP/1.1" 200 -
108.36.243.78 - - [18/Oct/2025 21:55:21] "GET /ws HTTP/1.1" 200 -
108.36.243.78 - - [18/Oct/2025 21:55:27] "GET /ws HTTP/1.1" 200 -
108.36.243.78 - - [18/Oct/2025 21:55:33] "GET /ws HTTP/1.1" 200 -
108.36.243.78 - - [18/Oct/2025 21:55:39] "GET /ws HTTP/1.1" 200 -
108.36.243.78 - - [18/Oct/2025 21:55:45] "GET /ws HTTP/1.1" 200 -
108.36.243.78 - - [18/Oct/2025 21:55:51] "GET /ws HTTP/1.1" 200 -
108.36.243.78 - - [18/Oct/2025 21:55:57] "GET /ws HTTP/1.1" 200 -
108.36.243.78 - - [18/Oct/2025 21:56:03] "GET /ws HTTP/1.1" 200 -
108.36.243.78 - - [18/Oct/2025 21:56:07] "GET /api/dashboard_data HTTP/1.1" 200 -
108.36.243.78 - - [18/Oct/2025 21:56:07] "GET /api/breaking_news HTTP/1.1" 200 -
108.36.243.78 - - [18/Oct/2025 21:56:07] "GET /api/portfolio_status HTTP/1.1" 200 -
108.36.243.78 - - [18/Oct/2025 21:56:09] "GET /ws HTTP/1.1" 200 -
108.36.243.78 - - [18/Oct/2025 21:56:15] "GET /ws HTTP/1.1" 200 -
108.36.243.78 - - [18/Oct/2025 21:56:21] "GET /ws HTTP/1.1" 200 -
108.36.243.78 - - [18/Oct/2025 21:56:27] "GET /ws HTTP/1.1" 200 -
108.36.243.78 - - [18/Oct/2025 21:56:33] "GET /ws HTTP/1.1" 200 -
108.36.243.78 - - [18/Oct/2025 21:56:39] "GET /ws HTTP/1.1" 200 -
108.36.243.78 - - [18/Oct/2025 21:56:47] "GET /ws HTTP/1.1" 200 -
108.36.243.78 - - [18/Oct/2025 21:56:57] "GET /ws HTTP/1.1" 200 -
108.36.243.78 - - [18/Oct/2025 21:57:03] "GET /ws HTTP/1.1" 200 -
108.36.243.78 - - [18/Oct/2025 21:57:07] "GET /api/dashboard_data HTTP/1.1" 200 -
108.36.243.78 - - [18/Oct/2025 21:57:07] "GET /api/breaking_news HTTP/1.1" 200 -
108.36.243.78 - - [18/Oct/2025 21:57:07] "GET /api/portfolio_status HTTP/1.1" 200 -
108.36.243.78 - - [18/Oct/2025 21:57:09] "GET /ws HTTP/1.1" 200 -
108.36.243.78 - - [18/Oct/2025 21:57:15] "GET /ws HTTP/1.1" 200 -
108.36.243.78 - - [18/Oct/2025 21:57:21] "GET /ws HTTP/1.1" 200 -
108.36.243.78 - - [18/Oct/2025 21:57:27] "GET /ws HTTP/1.1" 200 -
108.36.243.78 - - [18/Oct/2025 21:57:33] "GET /ws HTTP/1.1" 200 -
108.36.243.78 - - [18/Oct/2025 21:57:41] "GET /ws HTTP/1.1" 200 -
108.36.243.78 - - [18/Oct/2025 21:57:48] "GET /ws HTTP/1.1" 200 -
108.36.243.78 - - [18/Oct/2025 21:57:53] "GET /ws HTTP/1.1" 200 -
 * Detected change in '/home/ubuntu/trading_bot_phase1/database_setup.py', reloading
WebSocket connection closed.
WebSocket connection established.
Error in WebSocket handler: Stream.__init__() got an unexpected keyword argument 'data_stream'
WebSocket connection closed.
WebSocket connection established.
Error in WebSocket handler: Stream.__init__() got an unexpected keyword argument 'data_stream'
WebSocket connection closed.
WebSocket connection established.
Error in WebSocket handler: Stream.__init__() got an unexpected keyword argument 'data_stream'
WebSocket connection closed.
WebSocket connection established.
Error in WebSocket handler: Stream.__init__() got an unexpected keyword argument 'data_stream'
WebSocket connection closed.
WebSocket connection established.
Error in WebSocket handler: Stream.__init__() got an unexpected keyword argument 'data_stream'
WebSocket connection closed.
WebSocket connection established.
Error in WebSocket handler: Stream.__init__() got an unexpected keyword argument 'data_stream'
WebSocket connection closed.
WebSocket connection established.
Error in WebSocket handler: Stream.__init__() got an unexpected keyword argument 'data_stream'
WebSocket connection closed.
WebSocket connection established.
Error in WebSocket handler: Stream.__init__() got an unexpected keyword argument 'data_stream'
WebSocket connection closed.
WebSocket connection established.
Error in WebSocket handler: Stream.__init__() got an unexpected keyword argument 'data_stream'
WebSocket connection closed.
WebSocket connection established.
Error in WebSocket handler: Stream.__init__() got an unexpected keyword argument 'data_stream'
WebSocket connection closed.
WebSocket connection established.
Error in WebSocket handler: Stream.__init__() got an unexpected keyword argument 'data_stream'
WebSocket connection closed.
WebSocket connection established.
Error in WebSocket handler: Stream.__init__() got an unexpected keyword argument 'data_stream'
WebSocket connection closed.
WebSocket connection established.
Error in WebSocket handler: Stream.__init__() got an unexpected keyword argument 'data_stream'
WebSocket connection closed.
WebSocket connection established.
Error in WebSocket handler: Stream.__init__() got an unexpected keyword argument 'data_stream'
WebSocket connection closed.
WebSocket connection established.
Error in WebSocket handler: Stream.__init__() got an unexpected keyword argument 'data_stream'
WebSocket connection closed.
WebSocket connection established.
Error in WebSocket handler: Stream.__init__() got an unexpected keyword argument 'data_stream'
WebSocket connection closed.
WebSocket connection established.
Error in WebSocket handler: Stream.__init__() got an unexpected keyword argument 'data_stream'
WebSocket connection closed.
WebSocket connection established.
Error in WebSocket handler: Stream.__init__() got an unexpected keyword argument 'data_stream'
WebSocket connection closed.
WebSocket connection established.
Error in WebSocket handler: Stream.__init__() got an unexpected keyword argument 'data_stream'
WebSocket connection closed.
WebSocket connection established.
Error in WebSocket handler: Stream.__init__() got an unexpected keyword argument 'data_stream'
WebSocket connection closed.
WebSocket connection established.
Error in WebSocket handler: Stream.__init__() got an unexpected keyword argument 'data_stream'
WebSocket connection closed.
WebSocket connection established.
Error in WebSocket handler: Stream.__init__() got an unexpected keyword argument 'data_stream'
WebSocket connection closed.
WebSocket connection established.
Error in WebSocket handler: Stream.__init__() got an unexpected keyword argument 'data_stream'
WebSocket connection closed.
WebSocket connection established.
Error in WebSocket handler: Stream.__init__() got an unexpected keyword argument 'data_stream'
WebSocket connection closed.
WebSocket connection established.
Error in WebSocket handler: Stream.__init__() got an unexpected keyword argument 'data_stream'
WebSocket connection closed.
WebSocket connection established.
Error in WebSocket handler: Stream.__init__() got an unexpected keyword argument 'data_stream'
WebSocket connection closed.
WebSocket connection established.
Error in WebSocket handler: Stream.__init__() got an unexpected keyword argument 'data_stream'
WebSocket connection closed.
WebSocket connection established.
Error in WebSocket handler: Stream.__init__() got an unexpected keyword argument 'data_stream'
WebSocket connection closed.
WebSocket connection established.
Error in WebSocket handler: Stream.__init__() got an unexpected keyword argument 'data_stream'
WebSocket connection closed.
WebSocket connection established.
Error in WebSocket handler: Stream.__init__() got an unexpected keyword argument 'data_stream'
WebSocket connection closed.
WebSocket connection established.
Error in WebSocket handler: Stream.__init__() got an unexpected keyword argument 'data_stream'
WebSocket connection closed.
WebSocket connection established.
Error in WebSocket handler: Stream.__init__() got an unexpected keyword argument 'data_stream'
WebSocket connection closed.
WebSocket connection established.
Error in WebSocket handler: Stream.__init__() got an unexpected keyword argument 'data_stream'
WebSocket connection closed.
WebSocket connection established.
Error in WebSocket handler: Stream.__init__() got an unexpected keyword argument 'data_stream'
WebSocket connection closed.
WebSocket connection established.
Error in WebSocket handler: Stream.__init__() got an unexpected keyword argument 'data_stream'
WebSocket connection closed.
WebSocket connection established.
Error in WebSocket handler: Stream.__init__() got an unexpected keyword argument 'data_stream'
WebSocket connection closed.
 * Restarting with stat
 * Debugger is active!
 * Debugger PIN: 691-903-281
108.36.243.78 - - [18/Oct/2025 21:57:59] "GET /ws HTTP/1.1" 200 -
108.36.243.78 - - [18/Oct/2025 21:58:05] "GET /ws HTTP/1.1" 200 -
108.36.243.78 - - [18/Oct/2025 21:58:07] "GET /api/dashboard_data HTTP/1.1" 200 -
108.36.243.78 - - [18/Oct/2025 21:58:07] "GET /api/breaking_news HTTP/1.1" 200 -
108.36.243.78 - - [18/Oct/2025 21:58:07] "GET /api/portfolio_status HTTP/1.1" 200 -
108.36.243.78 - - [18/Oct/2025 21:58:12] "GET /ws HTTP/1.1" 200 -
108.36.243.78 - - [18/Oct/2025 21:58:17] "GET /ws HTTP/1.1" 200 -
108.36.243.78 - - [18/Oct/2025 21:58:23] "GET /ws HTTP/1.1" 200 -
108.36.243.78 - - [18/Oct/2025 21:58:29] "GET /ws HTTP/1.1" 200 -
108.36.243.78 - - [18/Oct/2025 21:58:35] "GET /ws HTTP/1.1" 200 -
108.36.243.78 - - [18/Oct/2025 21:58:41] "GET /ws HTTP/1.1" 200 -
108.36.243.78 - - [18/Oct/2025 21:58:48] "GET /ws HTTP/1.1" 200 -
108.36.243.78 - - [18/Oct/2025 21:58:53] "GET /ws HTTP/1.1" 200 -
108.36.243.78 - - [18/Oct/2025 21:58:59] "GET /ws HTTP/1.1" 200 -
108.36.243.78 - - [18/Oct/2025 21:59:05] "GET /ws HTTP/1.1" 200 -
 * Detected change in '/home/ubuntu/trading_bot_phase1/screener.py', reloading
WebSocket connection established.
Error in WebSocket handler: Stream.__init__() got an unexpected keyword argument 'data_stream'
WebSocket connection closed.
WebSocket connection established.
Error in WebSocket handler: Stream.__init__() got an unexpected keyword argument 'data_stream'
WebSocket connection closed.
WebSocket connection established.
Error in WebSocket handler: Stream.__init__() got an unexpected keyword argument 'data_stream'
WebSocket connection closed.
WebSocket connection established.
Error in WebSocket handler: Stream.__init__() got an unexpected keyword argument 'data_stream'
WebSocket connection closed.
WebSocket connection established.
Error in WebSocket handler: Stream.__init__() got an unexpected keyword argument 'data_stream'
WebSocket connection closed.
WebSocket connection established.
Error in WebSocket handler: Stream.__init__() got an unexpected keyword argument 'data_stream'
WebSocket connection closed.
WebSocket connection established.
Error in WebSocket handler: Stream.__init__() got an unexpected keyword argument 'data_stream'
WebSocket connection closed.
WebSocket connection established.
Error in WebSocket handler: Stream.__init__() got an unexpected keyword argument 'data_stream'
WebSocket connection closed.
WebSocket connection established.
Error in WebSocket handler: Stream.__init__() got an unexpected keyword argument 'data_stream'
WebSocket connection closed.
WebSocket connection established.
Error in WebSocket handler: Stream.__init__() got an unexpected keyword argument 'data_stream'
WebSocket connection closed.
WebSocket connection established.
Error in WebSocket handler: Stream.__init__() got an unexpected keyword argument 'data_stream'
WebSocket connection closed.
WebSocket connection established.
Error in WebSocket handler: Stream.__init__() got an unexpected keyword argument 'data_stream'
WebSocket connection closed.
 * Restarting with stat
 * Debugger is active!
 * Debugger PIN: 691-903-281
108.36.243.78 - - [18/Oct/2025 21:59:08] "GET /api/dashboard_data HTTP/1.1" 200 -
108.36.243.78 - - [18/Oct/2025 21:59:08] "GET /api/breaking_news HTTP/1.1" 200 -
108.36.243.78 - - [18/Oct/2025 21:59:08] "GET /api/portfolio_status HTTP/1.1" 200 -
108.36.243.78 - - [18/Oct/2025 21:59:11] "GET /ws HTTP/1.1" 200 -
108.36.243.78 - - [18/Oct/2025 21:59:17] "GET /ws HTTP/1.1" 200 -
108.36.243.78 - - [18/Oct/2025 21:59:23] "GET /ws HTTP/1.1" 200 -
108.36.243.78 - - [18/Oct/2025 21:59:38] "GET /ws HTTP/1.1" 200 -
108.36.243.78 - - [18/Oct/2025 21:59:44] "GET /ws HTTP/1.1" 200 -
108.36.243.78 - - [18/Oct/2025 21:59:50] "GET /ws HTTP/1.1" 200 -
108.36.243.78 - - [18/Oct/2025 21:59:56] "GET /ws HTTP/1.1" 200 -
108.36.243.78 - - [18/Oct/2025 22:00:02] "GET /ws HTTP/1.1" 200 -
108.36.243.78 - - [18/Oct/2025 22:00:07] "GET /api/breaking_news HTTP/1.1" 200 -
108.36.243.78 - - [18/Oct/2025 22:00:07] "GET /api/dashboard_data HTTP/1.1" 200 -
108.36.243.78 - - [18/Oct/2025 22:00:07] "GET /api/portfolio_status HTTP/1.1" 200 -
108.36.243.78 - - [18/Oct/2025 22:00:08] "GET /ws HTTP/1.1" 200 -
108.36.243.78 - - [18/Oct/2025 22:00:14] "GET /ws HTTP/1.1" 200 -
 * Detected change in '/home/ubuntu/trading_bot_phase1/daily_signal_report.py', reloading
WebSocket connection established.
Error in WebSocket handler: Stream.__init__() got an unexpected keyword argument 'data_stream'
WebSocket connection closed.
WebSocket connection established.
Error in WebSocket handler: Stream.__init__() got an unexpected keyword argument 'data_stream'
WebSocket connection closed.
WebSocket connection established.
Error in WebSocket handler: Stream.__init__() got an unexpected keyword argument 'data_stream'
WebSocket connection closed.
WebSocket connection established.
Error in WebSocket handler: Stream.__init__() got an unexpected keyword argument 'data_stream'
WebSocket connection closed.
WebSocket connection established.
Error in WebSocket handler: Stream.__init__() got an unexpected keyword argument 'data_stream'
WebSocket connection closed.
WebSocket connection established.
Error in WebSocket handler: Stream.__init__() got an unexpected keyword argument 'data_stream'
WebSocket connection closed.
WebSocket connection established.
Error in WebSocket handler: Stream.__init__() got an unexpected keyword argument 'data_stream'
WebSocket connection closed.
WebSocket connection established.
Error in WebSocket handler: Stream.__init__() got an unexpected keyword argument 'data_stream'
WebSocket connection closed.
WebSocket connection established.
Error in WebSocket handler: Stream.__init__() got an unexpected keyword argument 'data_stream'
WebSocket connection closed.
WebSocket connection established.
Error in WebSocket handler: Stream.__init__() got an unexpected keyword argument 'data_stream'
WebSocket connection closed.
 * Restarting with stat
 * Debugger is active!
 * Debugger PIN: 691-903-281
108.36.243.78 - - [18/Oct/2025 22:00:20] "GET /ws HTTP/1.1" 200 -
108.36.243.78 - - [18/Oct/2025 22:00:26] "GET /ws HTTP/1.1" 200 -
108.36.243.78 - - [18/Oct/2025 22:00:32] "GET /ws HTTP/1.1" 200 -
108.36.243.78 - - [18/Oct/2025 22:00:38] "GET /ws HTTP/1.1" 200 -
108.36.243.78 - - [18/Oct/2025 22:00:44] "GET /ws HTTP/1.1" 200 -
108.36.243.78 - - [18/Oct/2025 22:00:50] "GET /ws HTTP/1.1" 200 -
108.36.243.78 - - [18/Oct/2025 22:00:56] "GET /ws HTTP/1.1" 200 -
108.36.243.78 - - [18/Oct/2025 22:01:02] "GET /ws HTTP/1.1" 200 -
108.36.243.78 - - [18/Oct/2025 22:01:07] "GET /api/dashboard_data HTTP/1.1" 200 -
108.36.243.78 - - [18/Oct/2025 22:01:07] "GET /api/breaking_news HTTP/1.1" 200 -
108.36.243.78 - - [18/Oct/2025 22:01:07] "GET /api/portfolio_status HTTP/1.1" 200 -
108.36.243.78 - - [18/Oct/2025 22:01:08] "GET /ws HTTP/1.1" 200 -
108.36.243.78 - - [18/Oct/2025 22:01:14] "GET /ws HTTP/1.1" 200 -
108.36.243.78 - - [18/Oct/2025 22:01:26] "GET /ws HTTP/1.1" 200 -
108.36.243.78 - - [18/Oct/2025 22:01:32] "GET /ws HTTP/1.1" 200 -
108.36.243.78 - - [18/Oct/2025 22:01:38] "GET /ws HTTP/1.1" 200 -
108.36.243.78 - - [18/Oct/2025 22:01:44] "GET /ws HTTP/1.1" 200 -
108.36.243.78 - - [18/Oct/2025 22:01:50] "GET /ws HTTP/1.1" 200 -
108.36.243.78 - - [18/Oct/2025 22:01:56] "GET /ws HTTP/1.1" 200 -
108.36.243.78 - - [18/Oct/2025 22:02:02] "GET /ws HTTP/1.1" 200 -
108.36.243.78 - - [18/Oct/2025 22:02:07] "GET /api/breaking_news HTTP/1.1" 200 -
108.36.243.78 - - [18/Oct/2025 22:02:07] "GET /api/dashboard_data HTTP/1.1" 200 -
108.36.243.78 - - [18/Oct/2025 22:02:07] "GET /api/portfolio_status HTTP/1.1" 200 -
108.36.243.78 - - [18/Oct/2025 22:02:10] "GET /ws HTTP/1.1" 200 -
108.36.243.78 - - [18/Oct/2025 22:02:18] "GET /ws HTTP/1.1" 200 -
108.36.243.78 - - [18/Oct/2025 22:02:24] "GET /ws HTTP/1.1" 200 -
108.36.243.78 - - [18/Oct/2025 22:02:30] "GET /ws HTTP/1.1" 200 -
108.36.243.78 - - [18/Oct/2025 22:02:36] "GET /ws HTTP/1.1" 200 -
108.36.243.78 - - [18/Oct/2025 22:02:42] "GET /ws HTTP/1.1" 200 -
108.36.243.78 - - [18/Oct/2025 22:02:48] "GET /ws HTTP/1.1" 200 -
108.36.243.78 - - [18/Oct/2025 22:02:54] "GET /ws HTTP/1.1" 200 -
108.36.243.78 - - [18/Oct/2025 22:03:03] "GET /ws HTTP/1.1" 200 -
108.36.243.78 - - [18/Oct/2025 22:03:07] "GET /api/breaking_news HTTP/1.1" 200 -
108.36.243.78 - - [18/Oct/2025 22:03:07] "GET /api/dashboard_data HTTP/1.1" 200 -
108.36.243.78 - - [18/Oct/2025 22:03:08] "GET /api/portfolio_status HTTP/1.1" 200 -
108.36.243.78 - - [18/Oct/2025 22:03:09] "GET /ws HTTP/1.1" 200 -
108.36.243.78 - - [18/Oct/2025 22:03:15] "GET /ws HTTP/1.1" 200 -
108.36.243.78 - - [18/Oct/2025 22:03:21] "GET /ws HTTP/1.1" 200 -
108.36.243.78 - - [18/Oct/2025 22:03:28] "GET /ws HTTP/1.1" 200 -
108.36.243.78 - - [18/Oct/2025 22:03:34] "GET /ws HTTP/1.1" 200 -
108.36.243.78 - - [18/Oct/2025 22:03:40] "GET /ws HTTP/1.1" 200 -
108.36.243.78 - - [18/Oct/2025 22:03:46] "GET /ws HTTP/1.1" 200 -
108.36.243.78 - - [18/Oct/2025 22:03:52] "GET /ws HTTP/1.1" 200 -
108.36.243.78 - - [18/Oct/2025 22:04:05] "GET /ws HTTP/1.1" 200 -
108.36.243.78 - - [18/Oct/2025 22:04:07] "GET /api/dashboard_data HTTP/1.1" 200 -
108.36.243.78 - - [18/Oct/2025 22:04:07] "GET /api/breaking_news HTTP/1.1" 200 -
108.36.243.78 - - [18/Oct/2025 22:04:07] "GET /api/portfolio_status HTTP/1.1" 200 -
108.36.243.78 - - [18/Oct/2025 22:04:10] "GET /ws HTTP/1.1" 200 -
108.36.243.78 - - [18/Oct/2025 22:04:17] "GET /ws HTTP/1.1" 200 -
108.36.243.78 - - [18/Oct/2025 22:04:22] "GET /ws HTTP/1.1" 200 -
108.36.243.78 - - [18/Oct/2025 22:04:28] "GET /ws HTTP/1.1" 200 -
108.36.243.78 - - [18/Oct/2025 22:04:34] "GET /ws HTTP/1.1" 200 -
108.36.243.78 - - [18/Oct/2025 22:04:40] "GET /ws HTTP/1.1" 200 -
108.36.243.78 - - [18/Oct/2025 22:04:46] "GET /ws HTTP/1.1" 200 -
108.36.243.78 - - [18/Oct/2025 22:04:52] "GET /ws HTTP/1.1" 200 -
108.36.243.78 - - [18/Oct/2025 22:05:05] "GET /ws HTTP/1.1" 200 -
108.36.243.78 - - [18/Oct/2025 22:05:07] "GET /api/dashboard_data HTTP/1.1" 200 -
108.36.243.78 - - [18/Oct/2025 22:05:07] "GET /api/breaking_news HTTP/1.1" 200 -
108.36.243.78 - - [18/Oct/2025 22:05:07] "GET /api/portfolio_status HTTP/1.1" 200 -
108.36.243.78 - - [18/Oct/2025 22:05:10] "GET /ws HTTP/1.1" 200 -
108.36.243.78 - - [18/Oct/2025 22:05:17] "GET /ws HTTP/1.1" 200 -
108.36.243.78 - - [18/Oct/2025 22:05:22] "GET /ws HTTP/1.1" 200 -
108.36.243.78 - - [18/Oct/2025 22:05:28] "GET /ws HTTP/1.1" 200 -
108.36.243.78 - - [18/Oct/2025 22:05:34] "GET /ws HTTP/1.1" 200 -
108.36.243.78 - - [18/Oct/2025 22:05:41] "GET /ws HTTP/1.1" 200 -
108.36.243.78 - - [18/Oct/2025 22:05:47] "GET /ws HTTP/1.1" 200 -
WebSocket connection established.
Error in WebSocket handler: Stream.__init__() got an unexpected keyword argument 'data_stream'
WebSocket connection closed.
WebSocket connection established.
Error in WebSocket handler: Stream.__init__() got an unexpected keyword argument 'data_stream'
WebSocket connection closed.
WebSocket connection established.
Error in WebSocket handler: Stream.__init__() got an unexpected keyword argument 'data_stream'
WebSocket connection closed.
WebSocket connection established.
Error in WebSocket handler: Stream.__init__() got an unexpected keyword argument 'data_stream'
WebSocket connection closed.
WebSocket connection established.
Error in WebSocket handler: Stream.__init__() got an unexpected keyword argument 'data_stream'
WebSocket connection closed.
WebSocket connection established.
Error in WebSocket handler: Stream.__init__() got an unexpected keyword argument 'data_stream'
WebSocket connection closed.
WebSocket connection established.
Error in WebSocket handler: Stream.__init__() got an unexpected keyword argument 'data_stream'
WebSocket connection closed.
WebSocket connection established.
Error in WebSocket handler: Stream.__init__() got an unexpected keyword argument 'data_stream'
WebSocket connection closed.
WebSocket connection established.
Error in WebSocket handler: Stream.__init__() got an unexpected keyword argument 'data_stream'
WebSocket connection closed.
WebSocket connection established.
Error in WebSocket handler: Stream.__init__() got an unexpected keyword argument 'data_stream'
WebSocket connection closed.
WebSocket connection established.
Error in WebSocket handler: Stream.__init__() got an unexpected keyword argument 'data_stream'
WebSocket connection closed.
WebSocket connection established.
Error in WebSocket handler: Stream.__init__() got an unexpected keyword argument 'data_stream'
WebSocket connection closed.
WebSocket connection established.
Error in WebSocket handler: Stream.__init__() got an unexpected keyword argument 'data_stream'
WebSocket connection closed.
WebSocket connection established.
Error in WebSocket handler: Stream.__init__() got an unexpected keyword argument 'data_stream'
WebSocket connection closed.
WebSocket connection established.
Error in WebSocket handler: Stream.__init__() got an unexpected keyword argument 'data_stream'
WebSocket connection closed.
WebSocket connection established.
Error in WebSocket handler: Stream.__init__() got an unexpected keyword argument 'data_stream'
WebSocket connection closed.
WebSocket connection established.
Error in WebSocket handler: Stream.__init__() got an unexpected keyword argument 'data_stream'
WebSocket connection closed.
WebSocket connection established.
Error in WebSocket handler: Stream.__init__() got an unexpected keyword argument 'data_stream'
WebSocket connection closed.
WebSocket connection established.
Error in WebSocket handler: Stream.__init__() got an unexpected keyword argument 'data_stream'
WebSocket connection closed.
WebSocket connection established.
Error in WebSocket handler: Stream.__init__() got an unexpected keyword argument 'data_stream'
WebSocket connection closed.
WebSocket connection established.
Error in WebSocket handler: Stream.__init__() got an unexpected keyword argument 'data_stream'
WebSocket connection closed.
WebSocket connection established.
Error in WebSocket handler: Stream.__init__() got an unexpected keyword argument 'data_stream'
WebSocket connection closed.
WebSocket connection established.
Error in WebSocket handler: Stream.__init__() got an unexpected keyword argument 'data_stream'
WebSocket connection closed.
WebSocket connection established.
Error in WebSocket handler: Stream.__init__() got an unexpected keyword argument 'data_stream'
WebSocket connection closed.
WebSocket connection established.
Error in WebSocket handler: Stream.__init__() got an unexpected keyword argument 'data_stream'
WebSocket connection closed.
WebSocket connection established.
Error in WebSocket handler: Stream.__init__() got an unexpected keyword argument 'data_stream'
WebSocket connection closed.
WebSocket connection established.
Error in WebSocket handler: Stream.__init__() got an unexpected keyword argument 'data_stream'
WebSocket connection closed.
WebSocket connection established.
Error in WebSocket handler: Stream.__init__() got an unexpected keyword argument 'data_stream'
WebSocket connection closed.
WebSocket connection established.
Error in WebSocket handler: Stream.__init__() got an unexpected keyword argument 'data_stream'
WebSocket connection closed.
WebSocket connection established.
Error in WebSocket handler: Stream.__init__() got an unexpected keyword argument 'data_stream'
WebSocket connection closed.
WebSocket connection established.
Error in WebSocket handler: Stream.__init__() got an unexpected keyword argument 'data_stream'
WebSocket connection closed.
WebSocket connection established.
Error in WebSocket handler: Stream.__init__() got an unexpected keyword argument 'data_stream'
WebSocket connection closed.
WebSocket connection established.
Error in WebSocket handler: Stream.__init__() got an unexpected keyword argument 'data_stream'
WebSocket connection closed.
WebSocket connection established.
Error in WebSocket handler: Stream.__init__() got an unexpected keyword argument 'data_stream'
WebSocket connection closed.
WebSocket connection established.
Error in WebSocket handler: Stream.__init__() got an unexpected keyword argument 'data_stream'
WebSocket connection closed.
WebSocket connection established.
Error in WebSocket handler: Stream.__init__() got an unexpected keyword argument 'data_stream'
WebSocket connection closed.
WebSocket connection established.
Error in WebSocket handler: Stream.__init__() got an unexpected keyword argument 'data_stream'
WebSocket connection closed.
WebSocket connection established.
Error in WebSocket handler: Stream.__init__() got an unexpected keyword argument 'data_stream'
WebSocket connection closed.
WebSocket connection established.
Error in WebSocket handler: Stream.__init__() got an unexpected keyword argument 'data_stream'
WebSocket connection closed.
WebSocket connection established.
Error in WebSocket handler: Stream.__init__() got an unexpected keyword argument 'data_stream'
WebSocket connection closed.
WebSocket connection established.
Error in WebSocket handler: Stream.__init__() got an unexpected keyword argument 'data_stream'
WebSocket connection closed.
WebSocket connection established.
Error in WebSocket handler: Stream.__init__() got an unexpected keyword argument 'data_stream'
WebSocket connection closed.
WebSocket connection established.
Error in WebSocket handler: Stream.__init__() got an unexpected keyword argument 'data_stream'
WebSocket connection closed.
WebSocket connection established.
Error in WebSocket handler: Stream.__init__() got an unexpected keyword argument 'data_stream'
WebSocket connection closed.
WebSocket connection established.
Error in WebSocket handler: Stream.__init__() got an unexpected keyword argument 'data_stream'
WebSocket connection closed.
WebSocket connection established.
Error in WebSocket handler: Stream.__init__() got an unexpected keyword argument 'data_stream'
WebSocket connection closed.
WebSocket connection established.
Error in WebSocket handler: Stream.__init__() got an unexpected keyword argument 'data_stream'
WebSocket connection closed.
WebSocket connection established.
Error in WebSocket handler: Stream.__init__() got an unexpected keyword argument 'data_stream'
WebSocket connection closed.
WebSocket connection established.
Error in WebSocket handler: Stream.__init__() got an unexpected keyword argument 'data_stream'
WebSocket connection closed.
WebSocket connection established.
Error in WebSocket handler: Stream.__init__() got an unexpected keyword argument 'data_stream'
WebSocket connection closed.
WebSocket connection established.
Error in WebSocket handler: Stream.__init__() got an unexpected keyword argument 'data_stream'
WebSocket connection closed.
WebSocket connection established.
Error in WebSocket handler: Stream.__init__() got an unexpected keyword argument 'data_stream'
108.36.243.78 - - [18/Oct/2025 22:05:52] "GET /ws HTTP/1.1" 200 -
108.36.243.78 - - [18/Oct/2025 22:05:59] "GET /ws HTTP/1.1" 200 -
108.36.243.78 - - [18/Oct/2025 22:06:04] "GET /ws HTTP/1.1" 200 -
108.36.243.78 - - [18/Oct/2025 22:06:07] "GET /api/breaking_news HTTP/1.1" 200 -
108.36.243.78 - - [18/Oct/2025 22:06:07] "GET /api/dashboard_data HTTP/1.1" 200 -
108.36.243.78 - - [18/Oct/2025 22:06:07] "GET /api/portfolio_status HTTP/1.1" 200 -
108.36.243.78 - - [18/Oct/2025 22:06:10] "GET /ws HTTP/1.1" 200 -
108.36.243.78 - - [18/Oct/2025 22:06:17] "GET /ws HTTP/1.1" 200 -
108.36.243.78 - - [18/Oct/2025 22:06:22] "GET /ws HTTP/1.1" 200 -
108.36.243.78 - - [18/Oct/2025 22:06:28] "GET /ws HTTP/1.1" 200 -
108.36.243.78 - - [18/Oct/2025 22:06:34] "GET /ws HTTP/1.1" 200 -
108.36.243.78 - - [18/Oct/2025 22:06:40] "GET /ws HTTP/1.1" 200 -
108.36.243.78 - - [18/Oct/2025 22:06:47] "GET /ws HTTP/1.1" 200 -
108.36.243.78 - - [18/Oct/2025 22:06:53] "GET /ws HTTP/1.1" 200 -
108.36.243.78 - - [18/Oct/2025 22:06:58] "GET /ws HTTP/1.1" 200 -
108.36.243.78 - - [18/Oct/2025 22:07:04] "GET /ws HTTP/1.1" 200 -
108.36.243.78 - - [18/Oct/2025 22:07:07] "GET /api/dashboard_data HTTP/1.1" 200 -
108.36.243.78 - - [18/Oct/2025 22:07:07] "GET /api/breaking_news HTTP/1.1" 200 -
108.36.243.78 - - [18/Oct/2025 22:07:08] "GET /api/portfolio_status HTTP/1.1" 200 -
108.36.243.78 - - [18/Oct/2025 22:07:10] "GET /ws HTTP/1.1" 200 -
108.36.243.78 - - [18/Oct/2025 22:07:16] "GET /ws HTTP/1.1" 200 -
108.36.243.78 - - [18/Oct/2025 22:07:22] "GET /ws HTTP/1.1" 200 -
108.36.243.78 - - [18/Oct/2025 22:07:28] "GET /ws HTTP/1.1" 200 -
108.36.243.78 - - [18/Oct/2025 22:07:34] "GET /ws HTTP/1.1" 200 -
108.36.243.78 - - [18/Oct/2025 22:07:41] "GET /ws HTTP/1.1" 200 -
108.36.243.78 - - [18/Oct/2025 22:07:47] "GET /ws HTTP/1.1" 200 -
108.36.243.78 - - [18/Oct/2025 22:07:53] "GET /ws HTTP/1.1" 200 -
108.36.243.78 - - [18/Oct/2025 22:07:59] "GET /ws HTTP/1.1" 200 -
108.36.243.78 - - [18/Oct/2025 22:08:06] "GET /ws HTTP/1.1" 200 -
108.36.243.78 - - [18/Oct/2025 22:08:07] "GET /api/breaking_news HTTP/1.1" 200 -
108.36.243.78 - - [18/Oct/2025 22:08:07] "GET /api/dashboard_data HTTP/1.1" 200 -
108.36.243.78 - - [18/Oct/2025 22:08:07] "GET /api/portfolio_status HTTP/1.1" 200 -
108.36.243.78 - - [18/Oct/2025 22:08:11] "GET /ws HTTP/1.1" 200 -
108.36.243.78 - - [18/Oct/2025 22:08:17] "GET /ws HTTP/1.1" 200 -
108.36.243.78 - - [18/Oct/2025 22:08:23] "GET /ws HTTP/1.1" 200 -
108.36.243.78 - - [18/Oct/2025 22:08:29] "GET /ws HTTP/1.1" 200 -
108.36.243.78 - - [18/Oct/2025 22:08:35] "GET /ws HTTP/1.1" 200 -
108.36.243.78 - - [18/Oct/2025 22:08:41] "GET /ws HTTP/1.1" 200 -
108.36.243.78 - - [18/Oct/2025 22:08:47] "GET /ws HTTP/1.1" 200 -
108.36.243.78 - - [18/Oct/2025 22:08:53] "GET /ws HTTP/1.1" 200 -
108.36.243.78 - - [18/Oct/2025 22:08:59] "GET /ws HTTP/1.1" 200 -
108.36.243.78 - - [18/Oct/2025 22:09:05] "GET /ws HTTP/1.1" 200 -
108.36.243.78 - - [18/Oct/2025 22:09:07] "GET /api/breaking_news HTTP/1.1" 200 -
108.36.243.78 - - [18/Oct/2025 22:09:07] "GET /api/dashboard_data HTTP/1.1" 200 -
108.36.243.78 - - [18/Oct/2025 22:09:07] "GET /api/portfolio_status HTTP/1.1" 200 -
108.36.243.78 - - [18/Oct/2025 22:09:11] "GET /ws HTTP/1.1" 200 -
108.36.243.78 - - [18/Oct/2025 22:09:17] "GET /ws HTTP/1.1" 200 -
108.36.243.78 - - [18/Oct/2025 22:09:23] "GET /ws HTTP/1.1" 200 -
108.36.243.78 - - [18/Oct/2025 22:09:29] "GET /ws HTTP/1.1" 200 -
108.36.243.78 - - [18/Oct/2025 22:09:35] "GET /ws HTTP/1.1" 200 -
 * Detected change in '/home/ubuntu/trading_bot_phase1/database_setup.py', reloading
WebSocket connection closed.
WebSocket connection established.
Error in WebSocket handler: Stream.__init__() got an unexpected keyword argument 'data_stream'
WebSocket connection closed.
WebSocket connection established.
Error in WebSocket handler: Stream.__init__() got an unexpected keyword argument 'data_stream'
WebSocket connection closed.
WebSocket connection established.
Error in WebSocket handler: Stream.__init__() got an unexpected keyword argument 'data_stream'
WebSocket connection closed.
WebSocket connection established.
Error in WebSocket handler: Stream.__init__() got an unexpected keyword argument 'data_stream'
WebSocket connection closed.
WebSocket connection established.
Error in WebSocket handler: Stream.__init__() got an unexpected keyword argument 'data_stream'
WebSocket connection closed.
WebSocket connection established.
Error in WebSocket handler: Stream.__init__() got an unexpected keyword argument 'data_stream'
WebSocket connection closed.
WebSocket connection established.
Error in WebSocket handler: Stream.__init__() got an unexpected keyword argument 'data_stream'
WebSocket connection closed.
WebSocket connection established.
Error in WebSocket handler: Stream.__init__() got an unexpected keyword argument 'data_stream'
WebSocket connection closed.
WebSocket connection established.
Error in WebSocket handler: Stream.__init__() got an unexpected keyword argument 'data_stream'
WebSocket connection closed.
WebSocket connection established.
Error in WebSocket handler: Stream.__init__() got an unexpected keyword argument 'data_stream'
WebSocket connection closed.
WebSocket connection established.
Error in WebSocket handler: Stream.__init__() got an unexpected keyword argument 'data_stream'
WebSocket connection closed.
WebSocket connection established.
Error in WebSocket handler: Stream.__init__() got an unexpected keyword argument 'data_stream'
WebSocket connection closed.
WebSocket connection established.
Error in WebSocket handler: Stream.__init__() got an unexpected keyword argument 'data_stream'
WebSocket connection closed.
WebSocket connection established.
Error in WebSocket handler: Stream.__init__() got an unexpected keyword argument 'data_stream'
WebSocket connection closed.
WebSocket connection established.
Error in WebSocket handler: Stream.__init__() got an unexpected keyword argument 'data_stream'
WebSocket connection closed.
WebSocket connection established.
Error in WebSocket handler: Stream.__init__() got an unexpected keyword argument 'data_stream'
WebSocket connection closed.
WebSocket connection established.
Error in WebSocket handler: Stream.__init__() got an unexpected keyword argument 'data_stream'
WebSocket connection closed.
WebSocket connection established.
Error in WebSocket handler: Stream.__init__() got an unexpected keyword argument 'data_stream'
WebSocket connection closed.
WebSocket connection established.
Error in WebSocket handler: Stream.__init__() got an unexpected keyword argument 'data_stream'
WebSocket connection closed.
WebSocket connection established.
Error in WebSocket handler: Stream.__init__() got an unexpected keyword argument 'data_stream'
WebSocket connection closed.
WebSocket connection established.
Error in WebSocket handler: Stream.__init__() got an unexpected keyword argument 'data_stream'
WebSocket connection closed.
WebSocket connection established.
Error in WebSocket handler: Stream.__init__() got an unexpected keyword argument 'data_stream'
WebSocket connection closed.
WebSocket connection established.
Error in WebSocket handler: Stream.__init__() got an unexpected keyword argument 'data_stream'
WebSocket connection closed.
WebSocket connection established.
Error in WebSocket handler: Stream.__init__() got an unexpected keyword argument 'data_stream'
WebSocket connection closed.
WebSocket connection established.
Error in WebSocket handler: Stream.__init__() got an unexpected keyword argument 'data_stream'
WebSocket connection closed.
WebSocket connection established.
Error in WebSocket handler: Stream.__init__() got an unexpected keyword argument 'data_stream'
WebSocket connection closed.
WebSocket connection established.
Error in WebSocket handler: Stream.__init__() got an unexpected keyword argument 'data_stream'
WebSocket connection closed.
WebSocket connection established.
Error in WebSocket handler: Stream.__init__() got an unexpected keyword argument 'data_stream'
WebSocket connection closed.
WebSocket connection established.
Error in WebSocket handler: Stream.__init__() got an unexpected keyword argument 'data_stream'
WebSocket connection closed.
WebSocket connection established.
Error in WebSocket handler: Stream.__init__() got an unexpected keyword argument 'data_stream'
WebSocket connection closed.
WebSocket connection established.
Error in WebSocket handler: Stream.__init__() got an unexpected keyword argument 'data_stream'
WebSocket connection closed.
WebSocket connection established.
Error in WebSocket handler: Stream.__init__() got an unexpected keyword argument 'data_stream'
WebSocket connection closed.
WebSocket connection established.
Error in WebSocket handler: Stream.__init__() got an unexpected keyword argument 'data_stream'
WebSocket connection closed.
WebSocket connection established.
Error in WebSocket handler: Stream.__init__() got an unexpected keyword argument 'data_stream'
WebSocket connection closed.
WebSocket connection established.
Error in WebSocket handler: Stream.__init__() got an unexpected keyword argument 'data_stream'
WebSocket connection closed.
WebSocket connection established.
Error in WebSocket handler: Stream.__init__() got an unexpected keyword argument 'data_stream'
WebSocket connection closed.
WebSocket connection established.
Error in WebSocket handler: Stream.__init__() got an unexpected keyword argument 'data_stream'
WebSocket connection closed.
 * Restarting with stat
 * Debugger is active!
 * Debugger PIN: 691-903-281
108.36.243.78 - - [18/Oct/2025 22:09:42] "GET /ws HTTP/1.1" 200 -
108.36.243.78 - - [18/Oct/2025 22:09:47] "GET /ws HTTP/1.1" 200 -
108.36.243.78 - - [18/Oct/2025 22:09:53] "GET /ws HTTP/1.1" 200 -
108.36.243.78 - - [18/Oct/2025 22:09:59] "GET /ws HTTP/1.1" 200 -
108.36.243.78 - - [18/Oct/2025 22:10:05] "GET /ws HTTP/1.1" 200 -
108.36.243.78 - - [18/Oct/2025 22:10:07] "GET /api/dashboard_data HTTP/1.1" 200 -
108.36.243.78 - - [18/Oct/2025 22:10:07] "GET /api/breaking_news HTTP/1.1" 200 -
108.36.243.78 - - [18/Oct/2025 22:10:08] "GET /api/portfolio_status HTTP/1.1" 200 -
108.36.243.78 - - [18/Oct/2025 22:10:11] "GET /ws HTTP/1.1" 200 -
108.36.243.78 - - [18/Oct/2025 22:10:17] "GET /ws HTTP/1.1" 200 -
108.36.243.78 - - [18/Oct/2025 22:10:23] "GET /ws HTTP/1.1" 200 -
 * Detected change in '/home/ubuntu/trading_bot_phase1/live_news_monitor.py', reloading
WebSocket connection established.
Error in WebSocket handler: Stream.__init__() got an unexpected keyword argument 'data_stream'
WebSocket connection closed.
WebSocket connection established.
Error in WebSocket handler: Stream.__init__() got an unexpected keyword argument 'data_stream'
WebSocket connection closed.
WebSocket connection established.
Error in WebSocket handler: Stream.__init__() got an unexpected keyword argument 'data_stream'
WebSocket connection closed.
WebSocket connection established.
Error in WebSocket handler: Stream.__init__() got an unexpected keyword argument 'data_stream'
WebSocket connection closed.
WebSocket connection established.
Error in WebSocket handler: Stream.__init__() got an unexpected keyword argument 'data_stream'
WebSocket connection closed.
WebSocket connection established.
Error in WebSocket handler: Stream.__init__() got an unexpected keyword argument 'data_stream'
WebSocket connection closed.
WebSocket connection established.
Error in WebSocket handler: Stream.__init__() got an unexpected keyword argument 'data_stream'
WebSocket connection closed.
WebSocket connection established.
Error in WebSocket handler: Stream.__init__() got an unexpected keyword argument 'data_stream'
WebSocket connection closed.
 * Restarting with stat
 * Debugger is active!
 * Debugger PIN: 691-903-281
108.36.243.78 - - [18/Oct/2025 22:10:29] "GET /ws HTTP/1.1" 200 -
108.36.243.78 - - [18/Oct/2025 22:10:35] "GET /ws HTTP/1.1" 200 -
108.36.243.78 - - [18/Oct/2025 22:10:41] "GET /ws HTTP/1.1" 200 -
108.36.243.78 - - [18/Oct/2025 22:10:47] "GET /ws HTTP/1.1" 200 -
108.36.243.78 - - [18/Oct/2025 22:10:53] "GET /ws HTTP/1.1" 200 -
108.36.243.78 - - [18/Oct/2025 22:10:59] "GET /ws HTTP/1.1" 200 -
108.36.243.78 - - [18/Oct/2025 22:11:05] "GET /ws HTTP/1.1" 200 -
108.36.243.78 - - [18/Oct/2025 22:11:07] "GET /api/dashboard_data HTTP/1.1" 200 -
108.36.243.78 - - [18/Oct/2025 22:11:07] "GET /api/breaking_news HTTP/1.1" 200 -
108.36.243.78 - - [18/Oct/2025 22:11:07] "GET /api/portfolio_status HTTP/1.1" 200 -
108.36.243.78 - - [18/Oct/2025 22:11:11] "GET /ws HTTP/1.1" 200 -
108.36.243.78 - - [18/Oct/2025 22:11:17] "GET /ws HTTP/1.1" 200 -
108.36.243.78 - - [18/Oct/2025 22:11:23] "GET /ws HTTP/1.1" 200 -
108.36.243.78 - - [18/Oct/2025 22:11:29] "GET /ws HTTP/1.1" 200 -
 * Detected change in '/home/ubuntu/trading_bot_phase1/risk_manager.py', reloading
WebSocket connection established.
Error in WebSocket handler: Stream.__init__() got an unexpected keyword argument 'data_stream'
WebSocket connection closed.
WebSocket connection established.
Error in WebSocket handler: Stream.__init__() got an unexpected keyword argument 'data_stream'
WebSocket connection closed.
WebSocket connection established.
Error in WebSocket handler: Stream.__init__() got an unexpected keyword argument 'data_stream'
WebSocket connection closed.
WebSocket connection established.
Error in WebSocket handler: Stream.__init__() got an unexpected keyword argument 'data_stream'
WebSocket connection closed.
WebSocket connection established.
Error in WebSocket handler: Stream.__init__() got an unexpected keyword argument 'data_stream'
WebSocket connection closed.
WebSocket connection established.
Error in WebSocket handler: Stream.__init__() got an unexpected keyword argument 'data_stream'
WebSocket connection closed.
WebSocket connection established.
Error in WebSocket handler: Stream.__init__() got an unexpected keyword argument 'data_stream'
WebSocket connection closed.
WebSocket connection established.
Error in WebSocket handler: Stream.__init__() got an unexpected keyword argument 'data_stream'
WebSocket connection closed.
WebSocket connection established.
Error in WebSocket handler: Stream.__init__() got an unexpected keyword argument 'data_stream'
WebSocket connection closed.
WebSocket connection established.
Error in WebSocket handler: Stream.__init__() got an unexpected keyword argument 'data_stream'
WebSocket connection closed.
WebSocket connection established.
Error in WebSocket handler: Stream.__init__() got an unexpected keyword argument 'data_stream'
WebSocket connection closed.
 * Restarting with stat
 * Debugger is active!
 * Debugger PIN: 691-903-281
108.36.243.78 - - [18/Oct/2025 22:11:37] "GET /ws HTTP/1.1" 200 -
108.36.243.78 - - [18/Oct/2025 22:11:43] "GET /ws HTTP/1.1" 200 -
108.36.243.78 - - [18/Oct/2025 22:11:49] "GET /ws HTTP/1.1" 200 -
108.36.243.78 - - [18/Oct/2025 22:11:55] "GET /ws HTTP/1.1" 200 -
108.36.243.78 - - [18/Oct/2025 22:12:01] "GET /ws HTTP/1.1" 200 -
108.36.243.78 - - [18/Oct/2025 22:12:07] "GET /ws HTTP/1.1" 200 -
108.36.243.78 - - [18/Oct/2025 22:12:07] "GET /api/dashboard_data HTTP/1.1" 200 -
108.36.243.78 - - [18/Oct/2025 22:12:07] "GET /api/breaking_news HTTP/1.1" 200 -
108.36.243.78 - - [18/Oct/2025 22:12:07] "GET /api/portfolio_status HTTP/1.1" 200 -
108.36.243.78 - - [18/Oct/2025 22:12:14] "GET /ws HTTP/1.1" 200 -
108.36.243.78 - - [18/Oct/2025 22:12:19] "GET /ws HTTP/1.1" 200 -
108.36.243.78 - - [18/Oct/2025 22:12:25] "GET /ws HTTP/1.1" 200 -
108.36.243.78 - - [18/Oct/2025 22:12:31] "GET /ws HTTP/1.1" 200 -
108.36.243.78 - - [18/Oct/2025 22:12:37] "GET /ws HTTP/1.1" 200 -
108.36.243.78 - - [18/Oct/2025 22:12:43] "GET /ws HTTP/1.1" 200 -
108.36.243.78 - - [18/Oct/2025 22:12:49] "GET /ws HTTP/1.1" 200 -
108.36.243.78 - - [18/Oct/2025 22:12:56] "GET /ws HTTP/1.1" 200 -
108.36.243.78 - - [18/Oct/2025 22:13:01] "GET /ws HTTP/1.1" 200 -
108.36.243.78 - - [18/Oct/2025 22:13:07] "GET /ws HTTP/1.1" 200 -
108.36.243.78 - - [18/Oct/2025 22:13:07] "GET /api/dashboard_data HTTP/1.1" 200 -
108.36.243.78 - - [18/Oct/2025 22:13:07] "GET /api/breaking_news HTTP/1.1" 200 -
108.36.243.78 - - [18/Oct/2025 22:13:07] "GET /api/portfolio_status HTTP/1.1" 200 -
108.36.243.78 - - [18/Oct/2025 22:13:14] "GET /ws HTTP/1.1" 200 -
108.36.243.78 - - [18/Oct/2025 22:13:20] "GET /ws HTTP/1.1" 200 -
108.36.243.78 - - [18/Oct/2025 22:13:26] "GET /ws HTTP/1.1" 200 -
108.36.243.78 - - [18/Oct/2025 22:13:32] "GET /ws HTTP/1.1" 200 -
108.36.243.78 - - [18/Oct/2025 22:13:38] "GET /ws HTTP/1.1" 200 -
108.36.243.78 - - [18/Oct/2025 22:13:44] "GET /ws HTTP/1.1" 200 -
108.36.243.78 - - [18/Oct/2025 22:13:50] "GET /ws HTTP/1.1" 200 -
108.36.243.78 - - [18/Oct/2025 22:13:56] "GET /ws HTTP/1.1" 200 -
108.36.243.78 - - [18/Oct/2025 22:14:02] "GET /ws HTTP/1.1" 200 -
108.36.243.78 - - [18/Oct/2025 22:14:07] "GET /api/dashboard_data HTTP/1.1" 200 -
108.36.243.78 - - [18/Oct/2025 22:14:07] "GET /api/breaking_news HTTP/1.1" 200 -
108.36.243.78 - - [18/Oct/2025 22:14:07] "GET /api/portfolio_status HTTP/1.1" 200 -
108.36.243.78 - - [18/Oct/2025 22:14:08] "GET /ws HTTP/1.1" 200 -
108.36.243.78 - - [18/Oct/2025 22:14:14] "GET /ws HTTP/1.1" 200 -
108.36.243.78 - - [18/Oct/2025 22:14:21] "GET /ws HTTP/1.1" 200 -
108.36.243.78 - - [18/Oct/2025 22:14:26] "GET /ws HTTP/1.1" 200 -
108.36.243.78 - - [18/Oct/2025 22:14:32] "GET /ws HTTP/1.1" 200 -
108.36.243.78 - - [18/Oct/2025 22:14:38] "GET /ws HTTP/1.1" 200 -
108.36.243.78 - - [18/Oct/2025 22:14:44] "GET /ws HTTP/1.1" 200 -
108.36.243.78 - - [18/Oct/2025 22:14:51] "GET /ws HTTP/1.1" 200 -
108.36.243.78 - - [18/Oct/2025 22:14:57] "GET /ws HTTP/1.1" 200 -
108.36.243.78 - - [18/Oct/2025 22:15:03] "GET /ws HTTP/1.1" 200 -
108.36.243.78 - - [18/Oct/2025 22:15:07] "GET /api/dashboard_data HTTP/1.1" 200 -
108.36.243.78 - - [18/Oct/2025 22:15:07] "GET /api/breaking_news HTTP/1.1" 200 -
108.36.243.78 - - [18/Oct/2025 22:15:07] "GET /api/portfolio_status HTTP/1.1" 200 -
108.36.243.78 - - [18/Oct/2025 22:15:09] "GET /ws HTTP/1.1" 200 -
108.36.243.78 - - [18/Oct/2025 22:15:15] "GET /ws HTTP/1.1" 200 -
108.36.243.78 - - [18/Oct/2025 22:15:21] "GET /ws HTTP/1.1" 200 -
108.36.243.78 - - [18/Oct/2025 22:15:28] "GET /ws HTTP/1.1" 200 -
108.36.243.78 - - [18/Oct/2025 22:15:33] "GET /ws HTTP/1.1" 200 -
108.36.243.78 - - [18/Oct/2025 22:15:39] "GET /ws HTTP/1.1" 200 -
108.36.243.78 - - [18/Oct/2025 22:15:45] "GET /ws HTTP/1.1" 200 -
108.36.243.78 - - [18/Oct/2025 22:15:51] "GET /ws HTTP/1.1" 200 -
108.36.243.78 - - [18/Oct/2025 22:15:57] "GET /ws HTTP/1.1" 200 -
108.36.243.78 - - [18/Oct/2025 22:16:04] "GET /ws HTTP/1.1" 200 -
108.36.243.78 - - [18/Oct/2025 22:16:07] "GET /api/breaking_news HTTP/1.1" 200 -
108.36.243.78 - - [18/Oct/2025 22:16:07] "GET /api/dashboard_data HTTP/1.1" 200 -
108.36.243.78 - - [18/Oct/2025 22:16:08] "GET /api/portfolio_status HTTP/1.1" 200 -
108.36.243.78 - - [18/Oct/2025 22:16:10] "GET /ws HTTP/1.1" 200 -
108.36.243.78 - - [18/Oct/2025 22:16:15] "GET /ws HTTP/1.1" 200 -
108.36.243.78 - - [18/Oct/2025 22:16:21] "GET /ws HTTP/1.1" 200 -
108.36.243.78 - - [18/Oct/2025 22:16:27] "GET /ws HTTP/1.1" 200 -
108.36.243.78 - - [18/Oct/2025 22:16:33] "GET /ws HTTP/1.1" 200 -
108.36.243.78 - - [18/Oct/2025 22:16:39] "GET /ws HTTP/1.1" 200 -
WebSocket connection established.
Error in WebSocket handler: Stream.__init__() got an unexpected keyword argument 'data_stream'
WebSocket connection closed.
WebSocket connection established.
Error in WebSocket handler: Stream.__init__() got an unexpected keyword argument 'data_stream'
WebSocket connection closed.
WebSocket connection established.
Error in WebSocket handler: Stream.__init__() got an unexpected keyword argument 'data_stream'
WebSocket connection closed.
WebSocket connection established.
Error in WebSocket handler: Stream.__init__() got an unexpected keyword argument 'data_stream'
WebSocket connection closed.
WebSocket connection established.
Error in WebSocket handler: Stream.__init__() got an unexpected keyword argument 'data_stream'
WebSocket connection closed.
WebSocket connection established.
Error in WebSocket handler: Stream.__init__() got an unexpected keyword argument 'data_stream'
WebSocket connection closed.
WebSocket connection established.
Error in WebSocket handler: Stream.__init__() got an unexpected keyword argument 'data_stream'
WebSocket connection closed.
WebSocket connection established.
Error in WebSocket handler: Stream.__init__() got an unexpected keyword argument 'data_stream'
WebSocket connection closed.
WebSocket connection established.
Error in WebSocket handler: Stream.__init__() got an unexpected keyword argument 'data_stream'
WebSocket connection closed.
WebSocket connection established.
Error in WebSocket handler: Stream.__init__() got an unexpected keyword argument 'data_stream'
WebSocket connection closed.
WebSocket connection established.
Error in WebSocket handler: Stream.__init__() got an unexpected keyword argument 'data_stream'
WebSocket connection closed.
WebSocket connection established.
Error in WebSocket handler: Stream.__init__() got an unexpected keyword argument 'data_stream'
WebSocket connection closed.
WebSocket connection established.
Error in WebSocket handler: Stream.__init__() got an unexpected keyword argument 'data_stream'
WebSocket connection closed.
WebSocket connection established.
Error in WebSocket handler: Stream.__init__() got an unexpected keyword argument 'data_stream'
WebSocket connection closed.
WebSocket connection established.
Error in WebSocket handler: Stream.__init__() got an unexpected keyword argument 'data_stream'
WebSocket connection closed.
WebSocket connection established.
Error in WebSocket handler: Stream.__init__() got an unexpected keyword argument 'data_stream'
WebSocket connection closed.
WebSocket connection established.
Error in WebSocket handler: Stream.__init__() got an unexpected keyword argument 'data_stream'
WebSocket connection closed.
WebSocket connection established.
Error in WebSocket handler: Stream.__init__() got an unexpected keyword argument 'data_stream'
WebSocket connection closed.
WebSocket connection established.
Error in WebSocket handler: Stream.__init__() got an unexpected keyword argument 'data_stream'
WebSocket connection closed.
WebSocket connection established.
Error in WebSocket handler: Stream.__init__() got an unexpected keyword argument 'data_stream'
WebSocket connection closed.
WebSocket connection established.
Error in WebSocket handler: Stream.__init__() got an unexpected keyword argument 'data_stream'
WebSocket connection closed.
WebSocket connection established.
Error in WebSocket handler: Stream.__init__() got an unexpected keyword argument 'data_stream'
WebSocket connection closed.
WebSocket connection established.
Error in WebSocket handler: Stream.__init__() got an unexpected keyword argument 'data_stream'
WebSocket connection closed.
WebSocket connection established.
Error in WebSocket handler: Stream.__init__() got an unexpected keyword argument 'data_stream'
WebSocket connection closed.
WebSocket connection established.
Error in WebSocket handler: Stream.__init__() got an unexpected keyword argument 'data_stream'
WebSocket connection closed.
WebSocket connection established.
Error in WebSocket handler: Stream.__init__() got an unexpected keyword argument 'data_stream'
WebSocket connection closed.
WebSocket connection established.
Error in WebSocket handler: Stream.__init__() got an unexpected keyword argument 'data_stream'
WebSocket connection closed.
WebSocket connection established.
Error in WebSocket handler: Stream.__init__() got an unexpected keyword argument 'data_stream'
WebSocket connection closed.
WebSocket connection established.
Error in WebSocket handler: Stream.__init__() got an unexpected keyword argument 'data_stream'
WebSocket connection closed.
WebSocket connection established.
Error in WebSocket handler: Stream.__init__() got an unexpected keyword argument 'data_stream'
WebSocket connection closed.
WebSocket connection established.
Error in WebSocket handler: Stream.__init__() got an unexpected keyword argument 'data_stream'
WebSocket connection closed.
WebSocket connection established.
Error in WebSocket handler: Stream.__init__() got an unexpected keyword argument 'data_stream'
WebSocket connection closed.
WebSocket connection established.
Error in WebSocket handler: Stream.__init__() got an unexpected keyword argument 'data_stream'
WebSocket connection closed.
WebSocket connection established.
Error in WebSocket handler: Stream.__init__() got an unexpected keyword argument 'data_stream'
WebSocket connection closed.
WebSocket connection established.
Error in WebSocket handler: Stream.__init__() got an unexpected keyword argument 'data_stream'
WebSocket connection closed.
WebSocket connection established.
Error in WebSocket handler: Stream.__init__() got an unexpected keyword argument 'data_stream'
WebSocket connection closed.
WebSocket connection established.
Error in WebSocket handler: Stream.__init__() got an unexpected keyword argument 'data_stream'
WebSocket connection closed.
WebSocket connection established.
Error in WebSocket handler: Stream.__init__() got an unexpected keyword argument 'data_stream'
WebSocket connection closed.
WebSocket connection established.
Error in WebSocket handler: Stream.__init__() got an unexpected keyword argument 'data_stream'
WebSocket connection closed.
WebSocket connection established.
Error in WebSocket handler: Stream.__init__() got an unexpected keyword argument 'data_stream'
WebSocket connection closed.
WebSocket connection established.
Error in WebSocket handler: Stream.__init__() got an unexpected keyword argument 'data_stream'
WebSocket connection closed.
WebSocket connection established.
Error in WebSocket handler: Stream.__init__() got an unexpected keyword argument 'data_stream'
WebSocket connection closed.
WebSocket connection established.
Error in WebSocket handler: Stream.__init__() got an unexpected keyword argument 'data_stream'
WebSocket connection closed.
WebSocket connection established.
Error in WebSocket handler: Stream.__init__() got an unexpected keyword argument 'data_stream'
WebSocket connection closed.
WebSocket connection established.
Error in WebSocket handler: Stream.__init__() got an unexpected keyword argument 'data_stream'
WebSocket connection closed.
WebSocket connection established.
Error in WebSocket handler: Stream.__init__() got an unexpected keyword argument 'data_stream'
WebSocket connection closed.
WebSocket connection established.
Error in WebSocket handler: Stream.__init__() got an unexpected keyword argument 'data_stream'
WebSocket connection closed.
WebSocket connection established.
Error in WebSocket handler: Stream.__init__() got an unexpected keyword argument 'data_stream'
WebSocket connection closed.
WebSocket connection established.
Error in WebSocket handler: Stream.__init__() got an unexpected keyword argument 'data_stream'
WebSocket connection closed.
WebSocket connection established.
Error in WebSocket handler: Stream.__init__() got an unexpected keyword argument 'data_stream'
WebSocket connection closed.
WebSocket connection established.
Error in WebSocket handler: Stream.__init__() got an unexpected keyword argument 'data_stream'
WebSocket connection closed.
WebSocket connection established.
Error in WebSocket handler: Stream.__init__() got an unexpected keyword argument 'data_stream'
108.36.243.78 - - [18/Oct/2025 22:16:45] "GET /ws HTTP/1.1" 200 -
108.36.243.78 - - [18/Oct/2025 22:16:51] "GET /ws HTTP/1.1" 200 -
108.36.243.78 - - [18/Oct/2025 22:16:57] "GET /ws HTTP/1.1" 200 -
108.36.243.78 - - [18/Oct/2025 22:17:03] "GET /ws HTTP/1.1" 200 -
108.36.243.78 - - [18/Oct/2025 22:17:07] "GET /api/breaking_news HTTP/1.1" 200 -
108.36.243.78 - - [18/Oct/2025 22:17:07] "GET /api/dashboard_data HTTP/1.1" 200 -
108.36.243.78 - - [18/Oct/2025 22:17:07] "GET /api/portfolio_status HTTP/1.1" 200 -
108.36.243.78 - - [18/Oct/2025 22:17:09] "GET /ws HTTP/1.1" 200 -
 * Detected change in '/home/ubuntu/trading_bot_phase1/screener.py', reloading
WebSocket connection closed.
WebSocket connection established.
Error in WebSocket handler: Stream.__init__() got an unexpected keyword argument 'data_stream'
WebSocket connection closed.
WebSocket connection established.
Error in WebSocket handler: Stream.__init__() got an unexpected keyword argument 'data_stream'
WebSocket connection closed.
WebSocket connection established.
Error in WebSocket handler: Stream.__init__() got an unexpected keyword argument 'data_stream'
WebSocket connection closed.
WebSocket connection established.
Error in WebSocket handler: Stream.__init__() got an unexpected keyword argument 'data_stream'
WebSocket connection closed.
 * Restarting with stat
 * Debugger is active!
 * Debugger PIN: 691-903-281
108.36.243.78 - - [18/Oct/2025 22:17:15] "GET /ws HTTP/1.1" 200 -
108.36.243.78 - - [18/Oct/2025 22:17:25] "GET /ws HTTP/1.1" 200 -
108.36.243.78 - - [18/Oct/2025 22:17:32] "GET /ws HTTP/1.1" 200 -
108.36.243.78 - - [18/Oct/2025 22:17:39] "GET /ws HTTP/1.1" 200 -
108.36.243.78 - - [18/Oct/2025 22:17:45] "GET /ws HTTP/1.1" 200 -
108.36.243.78 - - [18/Oct/2025 22:17:55] "GET /ws HTTP/1.1" 200 -
108.36.243.78 - - [18/Oct/2025 22:18:02] "GET /ws HTTP/1.1" 200 -
108.36.243.78 - - [18/Oct/2025 22:18:07] "GET /api/dashboard_data HTTP/1.1" 200 -
108.36.243.78 - - [18/Oct/2025 22:18:07] "GET /api/breaking_news HTTP/1.1" 200 -
108.36.243.78 - - [18/Oct/2025 22:18:07] "GET /ws HTTP/1.1" 200 -
108.36.243.78 - - [18/Oct/2025 22:18:07] "GET /api/portfolio_status HTTP/1.1" 200 -
108.36.243.78 - - [18/Oct/2025 22:18:13] "GET /ws HTTP/1.1" 200 -
108.36.243.78 - - [18/Oct/2025 22:18:19] "GET /ws HTTP/1.1" 200 -
108.36.243.78 - - [18/Oct/2025 22:18:25] "GET /ws HTTP/1.1" 200 -
108.36.243.78 - - [18/Oct/2025 22:18:35] "GET /ws HTTP/1.1" 200 -
108.36.243.78 - - [18/Oct/2025 22:18:40] "GET /ws HTTP/1.1" 200 -
108.36.243.78 - - [18/Oct/2025 22:18:47] "GET /ws HTTP/1.1" 200 -
108.36.243.78 - - [18/Oct/2025 22:18:52] "GET /ws HTTP/1.1" 200 -
108.36.243.78 - - [18/Oct/2025 22:18:58] "GET /ws HTTP/1.1" 200 -
108.36.243.78 - - [18/Oct/2025 22:19:04] "GET /ws HTTP/1.1" 200 -
108.36.243.78 - - [18/Oct/2025 22:19:07] "GET /api/dashboard_data HTTP/1.1" 200 -
108.36.243.78 - - [18/Oct/2025 22:19:07] "GET /api/breaking_news HTTP/1.1" 200 -
108.36.243.78 - - [18/Oct/2025 22:19:07] "GET /api/portfolio_status HTTP/1.1" 200 -
108.36.243.78 - - [18/Oct/2025 22:19:10] "GET /ws HTTP/1.1" 200 -
108.36.243.78 - - [18/Oct/2025 22:19:18] "GET /ws HTTP/1.1" 200 -
108.36.243.78 - - [18/Oct/2025 22:19:24] "GET /ws HTTP/1.1" 200 -
108.36.243.78 - - [18/Oct/2025 22:19:30] "GET /ws HTTP/1.1" 200 -
 * Detected change in '/home/ubuntu/trading_bot_phase1/strategies.py', reloading
WebSocket connection established.
Error in WebSocket handler: Stream.__init__() got an unexpected keyword argument 'data_stream'
WebSocket connection closed.
WebSocket connection established.
Error in WebSocket handler: Stream.__init__() got an unexpected keyword argument 'data_stream'
WebSocket connection closed.
WebSocket connection established.
Error in WebSocket handler: Stream.__init__() got an unexpected keyword argument 'data_stream'
WebSocket connection closed.
WebSocket connection established.
Error in WebSocket handler: Stream.__init__() got an unexpected keyword argument 'data_stream'
WebSocket connection closed.
WebSocket connection established.
Error in WebSocket handler: Stream.__init__() got an unexpected keyword argument 'data_stream'
WebSocket connection closed.
WebSocket connection established.
Error in WebSocket handler: Stream.__init__() got an unexpected keyword argument 'data_stream'
WebSocket connection closed.
WebSocket connection established.
Error in WebSocket handler: Stream.__init__() got an unexpected keyword argument 'data_stream'
WebSocket connection closed.
WebSocket connection established.
Error in WebSocket handler: Stream.__init__() got an unexpected keyword argument 'data_stream'
WebSocket connection closed.
WebSocket connection established.
Error in WebSocket handler: Stream.__init__() got an unexpected keyword argument 'data_stream'
WebSocket connection closed.
WebSocket connection established.
Error in WebSocket handler: Stream.__init__() got an unexpected keyword argument 'data_stream'
WebSocket connection closed.
WebSocket connection established.
Error in WebSocket handler: Stream.__init__() got an unexpected keyword argument 'data_stream'
WebSocket connection closed.
WebSocket connection established.
Error in WebSocket handler: Stream.__init__() got an unexpected keyword argument 'data_stream'
WebSocket connection closed.
WebSocket connection established.
Error in WebSocket handler: Stream.__init__() got an unexpected keyword argument 'data_stream'
WebSocket connection closed.
WebSocket connection established.
Error in WebSocket handler: Stream.__init__() got an unexpected keyword argument 'data_stream'
WebSocket connection closed.
WebSocket connection established.
Error in WebSocket handler: Stream.__init__() got an unexpected keyword argument 'data_stream'
WebSocket connection closed.
WebSocket connection established.
Error in WebSocket handler: Stream.__init__() got an unexpected keyword argument 'data_stream'
WebSocket connection closed.
WebSocket connection established.
Error in WebSocket handler: Stream.__init__() got an unexpected keyword argument 'data_stream'
WebSocket connection closed.
WebSocket connection established.
Error in WebSocket handler: Stream.__init__() got an unexpected keyword argument 'data_stream'
WebSocket connection closed.
WebSocket connection established.
Error in WebSocket handler: Stream.__init__() got an unexpected keyword argument 'data_stream'
WebSocket connection closed.
WebSocket connection established.
Error in WebSocket handler: Stream.__init__() got an unexpected keyword argument 'data_stream'
WebSocket connection closed.
WebSocket connection established.
Error in WebSocket handler: Stream.__init__() got an unexpected keyword argument 'data_stream'
WebSocket connection closed.
 * Restarting with stat
 * Debugger is active!
 * Debugger PIN: 691-903-281
108.36.243.78 - - [18/Oct/2025 22:19:37] "GET /ws HTTP/1.1" 200 -
108.36.243.78 - - [18/Oct/2025 22:19:45] "GET /ws HTTP/1.1" 200 -
108.36.243.78 - - [18/Oct/2025 22:19:51] "GET /ws HTTP/1.1" 200 -
108.36.243.78 - - [18/Oct/2025 22:19:57] "GET /ws HTTP/1.1" 200 -
108.36.243.78 - - [18/Oct/2025 22:20:03] "GET /ws HTTP/1.1" 200 -
108.36.243.78 - - [18/Oct/2025 22:20:07] "GET /api/breaking_news HTTP/1.1" 200 -
108.36.243.78 - - [18/Oct/2025 22:20:07] "GET /api/dashboard_data HTTP/1.1" 200 -
108.36.243.78 - - [18/Oct/2025 22:20:07] "GET /api/portfolio_status HTTP/1.1" 200 -
108.36.243.78 - - [18/Oct/2025 22:20:11] "GET /ws HTTP/1.1" 200 -
108.36.243.78 - - [18/Oct/2025 22:20:16] "GET /ws HTTP/1.1" 200 -
108.36.243.78 - - [18/Oct/2025 22:20:22] "GET /ws HTTP/1.1" 200 -
108.36.243.78 - - [18/Oct/2025 22:20:28] "GET /ws HTTP/1.1" 200 -
108.36.243.78 - - [18/Oct/2025 22:20:34] "GET /ws HTTP/1.1" 200 -
108.36.243.78 - - [18/Oct/2025 22:20:40] "GET /ws HTTP/1.1" 200 -
108.36.243.78 - - [18/Oct/2025 22:20:46] "GET /ws HTTP/1.1" 200 -
108.36.243.78 - - [18/Oct/2025 22:20:52] "GET /ws HTTP/1.1" 200 -
108.36.243.78 - - [18/Oct/2025 22:21:03] "GET /ws HTTP/1.1" 200 -
108.36.243.78 - - [18/Oct/2025 22:21:07] "GET /api/breaking_news HTTP/1.1" 200 -
108.36.243.78 - - [18/Oct/2025 22:21:07] "GET /api/dashboard_data HTTP/1.1" 200 -
108.36.243.78 - - [18/Oct/2025 22:21:07] "GET /api/portfolio_status HTTP/1.1" 200 -
108.36.243.78 - - [18/Oct/2025 22:21:09] "GET /ws HTTP/1.1" 200 -
108.36.243.78 - - [18/Oct/2025 22:21:15] "GET /ws HTTP/1.1" 200 -
108.36.243.78 - - [18/Oct/2025 22:21:24] "GET /ws HTTP/1.1" 200 -
108.36.243.78 - - [18/Oct/2025 22:21:29] "GET /ws HTTP/1.1" 200 -
108.36.243.78 - - [18/Oct/2025 22:21:37] "GET /ws HTTP/1.1" 200 -
108.36.243.78 - - [18/Oct/2025 22:21:42] "GET /ws HTTP/1.1" 200 -
108.36.243.78 - - [18/Oct/2025 22:21:48] "GET /ws HTTP/1.1" 200 -
108.36.243.78 - - [18/Oct/2025 22:21:54] "GET /ws HTTP/1.1" 200 -
108.36.243.78 - - [18/Oct/2025 22:22:00] "GET /ws HTTP/1.1" 200 -
108.36.243.78 - - [18/Oct/2025 22:22:06] "GET /ws HTTP/1.1" 200 -
108.36.243.78 - - [18/Oct/2025 22:22:07] "GET /api/dashboard_data HTTP/1.1" 200 -
108.36.243.78 - - [18/Oct/2025 22:22:07] "GET /api/breaking_news HTTP/1.1" 200 -
108.36.243.78 - - [18/Oct/2025 22:22:07] "GET /api/portfolio_status HTTP/1.1" 200 -
108.36.243.78 - - [18/Oct/2025 22:22:12] "GET /ws HTTP/1.1" 200 -
108.36.243.78 - - [18/Oct/2025 22:22:19] "GET /ws HTTP/1.1" 200 -
108.36.243.78 - - [18/Oct/2025 22:22:24] "GET /ws HTTP/1.1" 200 -
108.36.243.78 - - [18/Oct/2025 22:22:32] "GET /ws HTTP/1.1" 200 -
108.36.243.78 - - [18/Oct/2025 22:22:37] "GET /ws HTTP/1.1" 200 -
108.36.243.78 - - [18/Oct/2025 22:22:44] "GET /ws HTTP/1.1" 200 -
108.36.243.78 - - [18/Oct/2025 22:22:49] "GET /ws HTTP/1.1" 200 -
108.36.243.78 - - [18/Oct/2025 22:22:55] "GET /ws HTTP/1.1" 200 -
108.36.243.78 - - [18/Oct/2025 22:23:02] "GET /ws HTTP/1.1" 200 -
108.36.243.78 - - [18/Oct/2025 22:23:07] "GET /api/dashboard_data HTTP/1.1" 200 -
108.36.243.78 - - [18/Oct/2025 22:23:07] "GET /api/breaking_news HTTP/1.1" 200 -
108.36.243.78 - - [18/Oct/2025 22:23:07] "GET /api/portfolio_status HTTP/1.1" 200 -
108.36.243.78 - - [18/Oct/2025 22:23:11] "GET /ws HTTP/1.1" 200 -
108.36.243.78 - - [18/Oct/2025 22:23:16] "GET /ws HTTP/1.1" 200 -
108.36.243.78 - - [18/Oct/2025 22:23:23] "GET /ws HTTP/1.1" 200 -
108.36.243.78 - - [18/Oct/2025 22:23:28] "GET /ws HTTP/1.1" 200 -
108.36.243.78 - - [18/Oct/2025 22:23:34] "GET /ws HTTP/1.1" 200 -
108.36.243.78 - - [18/Oct/2025 22:23:40] "GET /ws HTTP/1.1" 200 -
108.36.243.78 - - [18/Oct/2025 22:23:46] "GET /ws HTTP/1.1" 200 -
108.36.243.78 - - [18/Oct/2025 22:23:53] "GET /ws HTTP/1.1" 200 -
108.36.243.78 - - [18/Oct/2025 22:25:33] "GET /ws HTTP/1.1" 200 -
 * Detected change in '/home/ubuntu/trading_bot_phase1/master_bot.py', reloading
WebSocket connection established.
Error in WebSocket handler: Stream.__init__() got an unexpected keyword argument 'data_stream'
WebSocket connection closed.
WebSocket connection established.
Error in WebSocket handler: Stream.__init__() got an unexpected keyword argument 'data_stream'
WebSocket connection closed.
WebSocket connection established.
Error in WebSocket handler: Stream.__init__() got an unexpected keyword argument 'data_stream'
WebSocket connection closed.
WebSocket connection established.
Error in WebSocket handler: Stream.__init__() got an unexpected keyword argument 'data_stream'
WebSocket connection closed.
WebSocket connection established.
Error in WebSocket handler: Stream.__init__() got an unexpected keyword argument 'data_stream'
WebSocket connection closed.
WebSocket connection established.
Error in WebSocket handler: Stream.__init__() got an unexpected keyword argument 'data_stream'
WebSocket connection closed.
WebSocket connection established.
Error in WebSocket handler: Stream.__init__() got an unexpected keyword argument 'data_stream'
WebSocket connection closed.
WebSocket connection established.
Error in WebSocket handler: Stream.__init__() got an unexpected keyword argument 'data_stream'
WebSocket connection closed.
WebSocket connection established.
Error in WebSocket handler: Stream.__init__() got an unexpected keyword argument 'data_stream'
WebSocket connection closed.
WebSocket connection established.
Error in WebSocket handler: Stream.__init__() got an unexpected keyword argument 'data_stream'
WebSocket connection closed.
WebSocket connection established.
Error in WebSocket handler: Stream.__init__() got an unexpected keyword argument 'data_stream'
WebSocket connection closed.
WebSocket connection established.
Error in WebSocket handler: Stream.__init__() got an unexpected keyword argument 'data_stream'
WebSocket connection closed.
WebSocket connection established.
Error in WebSocket handler: Stream.__init__() got an unexpected keyword argument 'data_stream'
WebSocket connection closed.
WebSocket connection established.
Error in WebSocket handler: Stream.__init__() got an unexpected keyword argument 'data_stream'
WebSocket connection closed.
WebSocket connection established.
Error in WebSocket handler: Stream.__init__() got an unexpected keyword argument 'data_stream'
WebSocket connection closed.
WebSocket connection established.
Error in WebSocket handler: Stream.__init__() got an unexpected keyword argument 'data_stream'
WebSocket connection closed.
WebSocket connection established.
Error in WebSocket handler: Stream.__init__() got an unexpected keyword argument 'data_stream'
WebSocket connection closed.
WebSocket connection established.
Error in WebSocket handler: Stream.__init__() got an unexpected keyword argument 'data_stream'
WebSocket connection closed.
WebSocket connection established.
Error in WebSocket handler: Stream.__init__() got an unexpected keyword argument 'data_stream'
WebSocket connection closed.
WebSocket connection established.
Error in WebSocket handler: Stream.__init__() got an unexpected keyword argument 'data_stream'
WebSocket connection closed.
WebSocket connection established.
Error in WebSocket handler: Stream.__init__() got an unexpected keyword argument 'data_stream'
WebSocket connection closed.
WebSocket connection established.
Error in WebSocket handler: Stream.__init__() got an unexpected keyword argument 'data_stream'
WebSocket connection closed.
WebSocket connection established.
Error in WebSocket handler: Stream.__init__() got an unexpected keyword argument 'data_stream'
WebSocket connection closed.
WebSocket connection established.
Error in WebSocket handler: Stream.__init__() got an unexpected keyword argument 'data_stream'
WebSocket connection closed.
WebSocket connection established.
Error in WebSocket handler: Stream.__init__() got an unexpected keyword argument 'data_stream'
WebSocket connection closed.
WebSocket connection established.
Error in WebSocket handler: Stream.__init__() got an unexpected keyword argument 'data_stream'
WebSocket connection closed.
WebSocket connection established.
Error in WebSocket handler: Stream.__init__() got an unexpected keyword argument 'data_stream'
WebSocket connection closed.
WebSocket connection established.
Error in WebSocket handler: Stream.__init__() got an unexpected keyword argument 'data_stream'
WebSocket connection closed.
WebSocket connection established.
Error in WebSocket handler: Stream.__init__() got an unexpected keyword argument 'data_stream'
WebSocket connection closed.
WebSocket connection established.
Error in WebSocket handler: Stream.__init__() got an unexpected keyword argument 'data_stream'
WebSocket connection closed.
WebSocket connection established.
Error in WebSocket handler: Stream.__init__() got an unexpected keyword argument 'data_stream'
WebSocket connection closed.
WebSocket connection established.
Error in WebSocket handler: Stream.__init__() got an unexpected keyword argument 'data_stream'
WebSocket connection closed.
WebSocket connection established.
Error in WebSocket handler: Stream.__init__() got an unexpected keyword argument 'data_stream'
WebSocket connection closed.
WebSocket connection established.
Error in WebSocket handler: Stream.__init__() got an unexpected keyword argument 'data_stream'
WebSocket connection closed.
WebSocket connection established.
Error in WebSocket handler: Stream.__init__() got an unexpected keyword argument 'data_stream'
WebSocket connection closed.
WebSocket connection established.
Error in WebSocket handler: Stream.__init__() got an unexpected keyword argument 'data_stream'
WebSocket connection closed.
WebSocket connection established.
Error in WebSocket handler: Stream.__init__() got an unexpected keyword argument 'data_stream'
WebSocket connection closed.
WebSocket connection established.
Error in WebSocket handler: Stream.__init__() got an unexpected keyword argument 'data_stream'
WebSocket connection closed.
WebSocket connection established.
Error in WebSocket handler: Stream.__init__() got an unexpected keyword argument 'data_stream'
WebSocket connection closed.
WebSocket connection established.
Error in WebSocket handler: Stream.__init__() got an unexpected keyword argument 'data_stream'
WebSocket connection closed.
WebSocket connection established.
Error in WebSocket handler: Stream.__init__() got an unexpected keyword argument 'data_stream'
WebSocket connection closed.
WebSocket connection established.
Error in WebSocket handler: Stream.__init__() got an unexpected keyword argument 'data_stream'
WebSocket connection closed.
 * Restarting with stat
 * Debugger is active!
 * Debugger PIN: 691-903-281
 * Detected change in '/home/ubuntu/trading_bot_phase1/daily_signal_report.py', reloading
 * Restarting with stat
 * Debugger is active!
 * Debugger PIN: 691-903-281
 * Detected change in '/home/ubuntu/trading_bot_phase1/risk_manager.py', reloading
 * Restarting with stat
Traceback (most recent call last):
  File "/home/ubuntu/trading_bot_phase1/app.py", line 11, in <module>
    from risk_manager import is_market_safe
ImportError: cannot import name 'is_market_safe' from 'risk_manager' (/home/ubuntu/trading_bot_phase1/risk_manager.py)
 * Serving Flask app 'app'
 * Debug mode: on
[31m[1mWARNING: This is a development server. Do not use it in a production deployment. Use a production WSGI server instead.[0m
 * Running on all addresses (0.0.0.0)
 * Running on http://127.0.0.1:8080
 * Running on http://172.31.34.240:8080
[33mPress CTRL+C to quit[0m
 * Restarting with stat
 * Debugger is active!
 * Debugger PIN: 691-903-281
108.36.243.78 - - [18/Oct/2025 23:11:18] "GET / HTTP/1.1" 200 -
108.36.243.78 - - [18/Oct/2025 23:11:18] "[33mGET /api/portfolio_status HTTP/1.1[0m" 404 -
108.36.243.78 - - [18/Oct/2025 23:11:18] "[35m[1mGET /api/dashboard_data HTTP/1.1[0m" 500 -
Traceback (most recent call last):
  File "/home/ubuntu/trading_bot_phase1/venv/lib/python3.12/site-packages/flask/app.py", line 1536, in __call__
    return self.wsgi_app(environ, start_response)
           ^^^^^^^^^^^^^^^^^^^^^^^^^^^^^^^^^^^^^^
  File "/home/ubuntu/trading_bot_phase1/venv/lib/python3.12/site-packages/flask/app.py", line 1514, in wsgi_app
    response = self.handle_exception(e)
               ^^^^^^^^^^^^^^^^^^^^^^^^
  File "/home/ubuntu/trading_bot_phase1/venv/lib/python3.12/site-packages/flask/app.py", line 1511, in wsgi_app
    response = self.full_dispatch_request()
               ^^^^^^^^^^^^^^^^^^^^^^^^^^^^
  File "/home/ubuntu/trading_bot_phase1/venv/lib/python3.12/site-packages/flask/app.py", line 919, in full_dispatch_request
    rv = self.handle_user_exception(e)
         ^^^^^^^^^^^^^^^^^^^^^^^^^^^^^
  File "/home/ubuntu/trading_bot_phase1/venv/lib/python3.12/site-packages/flask/app.py", line 917, in full_dispatch_request
    rv = self.dispatch_request()
         ^^^^^^^^^^^^^^^^^^^^^^^
  File "/home/ubuntu/trading_bot_phase1/venv/lib/python3.12/site-packages/flask/app.py", line 902, in dispatch_request
    return self.ensure_sync(self.view_functions[rule.endpoint])(**view_args)  # type: ignore[no-any-return]
           ^^^^^^^^^^^^^^^^^^^^^^^^^^^^^^^^^^^^^^^^^^^^^^^^^^^^^^^^^^^^^^^^^^^^^^^^^^^^^^^^^^^^^^^^^^^^^^^^
  File "/home/ubuntu/trading_bot_phase1/app.py", line 170, in get_dashboard_data
    today = datetime.now().strftime('%Y-%m-%d')
            ^^^^^^^^^^^^^^^^^^^^^^^^^^^^^^^^^^^
NameError: name 'datetime' is not defined. Did you forget to import 'datetime'
108.36.243.78 - - [18/Oct/2025 23:11:19] "GET /ws_prices HTTP/1.1" 200 -
108.36.243.78 - - [18/Oct/2025 23:11:19] "[33mGET /favicon.ico HTTP/1.1[0m" 404 -
108.36.243.78 - - [18/Oct/2025 23:11:19] "[35m[1mGET /api/daily_trade_plan HTTP/1.1[0m" 500 -
108.36.243.78 - - [18/Oct/2025 23:11:24] "GET /ws_prices HTTP/1.1" 200 -
108.36.243.78 - - [18/Oct/2025 23:11:28] "GET /api/correlation_matrix HTTP/1.1" 200 -
108.36.243.78 - - [18/Oct/2025 23:11:29] "GET /ws_prices HTTP/1.1" 200 -
108.36.243.78 - - [18/Oct/2025 23:11:34] "GET /ws_prices HTTP/1.1" 200 -
108.36.243.78 - - [18/Oct/2025 23:11:40] "GET /ws_prices HTTP/1.1" 200 -
108.36.243.78 - - [18/Oct/2025 23:11:45] "GET /ws_prices HTTP/1.1" 200 -
108.36.243.78 - - [18/Oct/2025 23:11:51] "GET /ws_prices HTTP/1.1" 200 -
108.36.243.78 - - [18/Oct/2025 23:11:53] "GET /api/trade_history HTTP/1.1" 200 -
108.36.243.78 - - [18/Oct/2025 23:11:54] "GET /api/performance_stats HTTP/1.1" 200 -
108.36.243.78 - - [18/Oct/2025 23:11:56] "GET /api/trade_history HTTP/1.1" 200 -
108.36.243.78 - - [18/Oct/2025 23:11:56] "GET /ws_prices HTTP/1.1" 200 -
108.36.243.78 - - [18/Oct/2025 23:11:57] "GET /api/performance_stats HTTP/1.1" 200 -
108.36.243.78 - - [18/Oct/2025 23:11:57] "GET /api/correlation_matrix HTTP/1.1" 200 -
108.36.243.78 - - [18/Oct/2025 23:12:01] "GET /ws_prices HTTP/1.1" 200 -
108.36.243.78 - - [18/Oct/2025 23:12:07] "GET /ws_prices HTTP/1.1" 200 -
108.36.243.78 - - [18/Oct/2025 23:12:21] "GET /ws_prices HTTP/1.1" 200 -
108.36.243.78 - - [18/Oct/2025 23:12:21] "[33mGET /api/portfolio_status HTTP/1.1[0m" 404 -
108.36.243.78 - - [18/Oct/2025 23:12:21] "[35m[1mGET /api/dashboard_data HTTP/1.1[0m" 500 -
Traceback (most recent call last):
  File "/home/ubuntu/trading_bot_phase1/venv/lib/python3.12/site-packages/flask/app.py", line 1536, in __call__
    return self.wsgi_app(environ, start_response)
           ^^^^^^^^^^^^^^^^^^^^^^^^^^^^^^^^^^^^^^
  File "/home/ubuntu/trading_bot_phase1/venv/lib/python3.12/site-packages/flask/app.py", line 1514, in wsgi_app
    response = self.handle_exception(e)
               ^^^^^^^^^^^^^^^^^^^^^^^^
  File "/home/ubuntu/trading_bot_phase1/venv/lib/python3.12/site-packages/flask/app.py", line 1511, in wsgi_app
    response = self.full_dispatch_request()
               ^^^^^^^^^^^^^^^^^^^^^^^^^^^^
  File "/home/ubuntu/trading_bot_phase1/venv/lib/python3.12/site-packages/flask/app.py", line 919, in full_dispatch_request
    rv = self.handle_user_exception(e)
         ^^^^^^^^^^^^^^^^^^^^^^^^^^^^^
  File "/home/ubuntu/trading_bot_phase1/venv/lib/python3.12/site-packages/flask/app.py", line 917, in full_dispatch_request
    rv = self.dispatch_request()
         ^^^^^^^^^^^^^^^^^^^^^^^
  File "/home/ubuntu/trading_bot_phase1/venv/lib/python3.12/site-packages/flask/app.py", line 902, in dispatch_request
    return self.ensure_sync(self.view_functions[rule.endpoint])(**view_args)  # type: ignore[no-any-return]
           ^^^^^^^^^^^^^^^^^^^^^^^^^^^^^^^^^^^^^^^^^^^^^^^^^^^^^^^^^^^^^^^^^^^^^^^^^^^^^^^^^^^^^^^^^^^^^^^^
  File "/home/ubuntu/trading_bot_phase1/app.py", line 170, in get_dashboard_data
    today = datetime.now().strftime('%Y-%m-%d')
            ^^^^^^^^^^^^^^^^^^^^^^^^^^^^^^^^^^^
NameError: name 'datetime' is not defined. Did you forget to import 'datetime'
108.36.243.78 - - [18/Oct/2025 23:12:27] "GET /ws_prices HTTP/1.1" 200 -
108.36.243.78 - - [18/Oct/2025 23:12:38] "GET /ws_prices HTTP/1.1" 200 -
108.36.243.78 - - [18/Oct/2025 23:12:44] "GET /ws_prices HTTP/1.1" 200 -
108.36.243.78 - - [18/Oct/2025 23:12:51] "GET /ws_prices HTTP/1.1" 200 -
108.36.243.78 - - [18/Oct/2025 23:12:57] "GET /ws_prices HTTP/1.1" 200 -
108.36.243.78 - - [18/Oct/2025 23:13:04] "GET /ws_prices HTTP/1.1" 200 -
108.36.243.78 - - [18/Oct/2025 23:13:09] "GET /ws_prices HTTP/1.1" 200 -
108.36.243.78 - - [18/Oct/2025 23:13:15] "GET /ws_prices HTTP/1.1" 200 -
108.36.243.78 - - [18/Oct/2025 23:13:19] "[33mGET /api/portfolio_status HTTP/1.1[0m" 404 -
108.36.243.78 - - [18/Oct/2025 23:13:19] "[35m[1mGET /api/dashboard_data HTTP/1.1[0m" 500 -
Traceback (most recent call last):
  File "/home/ubuntu/trading_bot_phase1/venv/lib/python3.12/site-packages/flask/app.py", line 1536, in __call__
    return self.wsgi_app(environ, start_response)
           ^^^^^^^^^^^^^^^^^^^^^^^^^^^^^^^^^^^^^^
  File "/home/ubuntu/trading_bot_phase1/venv/lib/python3.12/site-packages/flask/app.py", line 1514, in wsgi_app
    response = self.handle_exception(e)
               ^^^^^^^^^^^^^^^^^^^^^^^^
  File "/home/ubuntu/trading_bot_phase1/venv/lib/python3.12/site-packages/flask/app.py", line 1511, in wsgi_app
    response = self.full_dispatch_request()
               ^^^^^^^^^^^^^^^^^^^^^^^^^^^^
  File "/home/ubuntu/trading_bot_phase1/venv/lib/python3.12/site-packages/flask/app.py", line 919, in full_dispatch_request
    rv = self.handle_user_exception(e)
         ^^^^^^^^^^^^^^^^^^^^^^^^^^^^^
  File "/home/ubuntu/trading_bot_phase1/venv/lib/python3.12/site-packages/flask/app.py", line 917, in full_dispatch_request
    rv = self.dispatch_request()
         ^^^^^^^^^^^^^^^^^^^^^^^
  File "/home/ubuntu/trading_bot_phase1/venv/lib/python3.12/site-packages/flask/app.py", line 902, in dispatch_request
    return self.ensure_sync(self.view_functions[rule.endpoint])(**view_args)  # type: ignore[no-any-return]
           ^^^^^^^^^^^^^^^^^^^^^^^^^^^^^^^^^^^^^^^^^^^^^^^^^^^^^^^^^^^^^^^^^^^^^^^^^^^^^^^^^^^^^^^^^^^^^^^^
  File "/home/ubuntu/trading_bot_phase1/app.py", line 170, in get_dashboard_data
    today = datetime.now().strftime('%Y-%m-%d')
            ^^^^^^^^^^^^^^^^^^^^^^^^^^^^^^^^^^^
NameError: name 'datetime' is not defined. Did you forget to import 'datetime'
108.36.243.78 - - [18/Oct/2025 23:13:21] "GET /ws_prices HTTP/1.1" 200 -
108.36.243.78 - - [18/Oct/2025 23:13:27] "GET /ws_prices HTTP/1.1" 200 -
108.36.243.78 - - [18/Oct/2025 23:13:33] "GET /ws_prices HTTP/1.1" 200 -
108.36.243.78 - - [18/Oct/2025 23:13:39] "GET /ws_prices HTTP/1.1" 200 -
108.36.243.78 - - [18/Oct/2025 23:13:45] "GET /ws_prices HTTP/1.1" 200 -
 * Detected change in '/home/ubuntu/trading_bot_phase1/app.py', reloading
--- Running Market Condition Analysis ---
SPY Trend Check: Price=$664.39, SMA=$601.96 -> UPTREND
Price streaming client connected.
Price streaming error: Stream.__init__() got an unexpected keyword argument 'data_stream'
Price streaming client disconnected.
VIX Fear Check: Level=20.78, Threshold=<35.0 -> NORMAL
Yield Curve Check: 10Y=4.01%, 3M=3.83% -> NORMAL
Result: Market condition is BULLISH.
Log streaming client connected.
Price streaming client connected.
Price streaming error: Stream.__init__() got an unexpected keyword argument 'data_stream'
Price streaming client disconnected.
Price streaming client connected.
Price streaming error: Stream.__init__() got an unexpected keyword argument 'data_stream'
Price streaming client disconnected.
Price streaming client connected.
Price streaming error: Stream.__init__() got an unexpected keyword argument 'data_stream'
Price streaming client disconnected.
Price streaming client connected.
Price streaming error: Stream.__init__() got an unexpected keyword argument 'data_stream'
Price streaming client disconnected.
Price streaming client connected.
Price streaming error: Stream.__init__() got an unexpected keyword argument 'data_stream'
Price streaming client disconnected.
Price streaming client connected.
Price streaming error: Stream.__init__() got an unexpected keyword argument 'data_stream'
Price streaming client disconnected.
Price streaming client connected.
Price streaming error: Stream.__init__() got an unexpected keyword argument 'data_stream'
Price streaming client disconnected.
Price streaming client connected.
Price streaming error: Stream.__init__() got an unexpected keyword argument 'data_stream'
Price streaming client disconnected.
Price streaming client connected.
Price streaming error: Stream.__init__() got an unexpected keyword argument 'data_stream'
Price streaming client disconnected.
Price streaming client connected.
Price streaming error: Stream.__init__() got an unexpected keyword argument 'data_stream'
Price streaming client disconnected.
Price streaming client connected.
Price streaming error: Stream.__init__() got an unexpected keyword argument 'data_stream'
Price streaming client disconnected.
Price streaming client connected.
Price streaming error: Stream.__init__() got an unexpected keyword argument 'data_stream'
Price streaming client disconnected.
Price streaming client connected.
Price streaming error: Stream.__init__() got an unexpected keyword argument 'data_stream'
Price streaming client disconnected.
Price streaming client connected.
Price streaming error: Stream.__init__() got an unexpected keyword argument 'data_stream'
Price streaming client disconnected.
Price streaming client connected.
Price streaming error: Stream.__init__() got an unexpected keyword argument 'data_stream'
Price streaming client disconnected.
Price streaming client connected.
Price streaming error: Stream.__init__() got an unexpected keyword argument 'data_stream'
Price streaming client disconnected.
Price streaming client connected.
Price streaming error: Stream.__init__() got an unexpected keyword argument 'data_stream'
Price streaming client disconnected.
Price streaming client connected.
Price streaming error: Stream.__init__() got an unexpected keyword argument 'data_stream'
Price streaming client disconnected.
Price streaming client connected.
Price streaming error: Stream.__init__() got an unexpected keyword argument 'data_stream'
Price streaming client disconnected.
Price streaming client connected.
Price streaming error: Stream.__init__() got an unexpected keyword argument 'data_stream'
Price streaming client disconnected.
Price streaming client connected.
Price streaming error: Stream.__init__() got an unexpected keyword argument 'data_stream'
Price streaming client disconnected.
Price streaming client connected.
Price streaming error: Stream.__init__() got an unexpected keyword argument 'data_stream'
Price streaming client disconnected.
Price streaming client connected.
Price streaming error: Stream.__init__() got an unexpected keyword argument 'data_stream'
Price streaming client disconnected.
 * Restarting with stat
 * Debugger is active!
 * Debugger PIN: 691-903-281
108.36.243.78 - - [18/Oct/2025 23:13:52] "GET /ws_prices HTTP/1.1" 200 -
108.36.243.78 - - [18/Oct/2025 23:13:58] "GET /ws_prices HTTP/1.1" 200 -
 * Serving Flask app 'app'
 * Debug mode: on
Address already in use
Port 8080 is in use by another program. Either identify and stop that program, or start the server with a different port.
108.36.243.78 - - [18/Oct/2025 23:14:03] "GET / HTTP/1.1" 200 -
108.36.243.78 - - [18/Oct/2025 23:14:03] "[33mGET /api/portfolio_status HTTP/1.1[0m" 404 -
108.36.243.78 - - [18/Oct/2025 23:14:03] "GET /api/dashboard_data HTTP/1.1" 200 -
108.36.243.78 - - [18/Oct/2025 23:14:04] "GET /ws_logs HTTP/1.1" 200 -
WARNING: All log messages before absl::InitializeLog() is called are written to STDERR
E0000 00:00:1760829244.436634   74564 alts_credentials.cc:93] ALTS creds ignored. Not running on GCP and untrusted ALTS is not enabled.
108.36.243.78 - - [18/Oct/2025 23:14:04] "GET /ws_prices HTTP/1.1" 200 -
108.36.243.78 - - [18/Oct/2025 23:14:09] "GET /ws_prices HTTP/1.1" 200 -
108.36.243.78 - - [18/Oct/2025 23:14:10] "GET /api/trade_history HTTP/1.1" 200 -
108.36.243.78 - - [18/Oct/2025 23:14:12] "GET /api/performance_stats HTTP/1.1" 200 -
108.36.243.78 - - [18/Oct/2025 23:14:14] "GET /api/correlation_matrix HTTP/1.1" 200 -
108.36.243.78 - - [18/Oct/2025 23:14:14] "GET /ws_prices HTTP/1.1" 200 -
108.36.243.78 - - [18/Oct/2025 23:14:18] "GET /api/performance_stats HTTP/1.1" 200 -
108.36.243.78 - - [18/Oct/2025 23:14:20] "GET /ws_prices HTTP/1.1" 200 -
108.36.243.78 - - [18/Oct/2025 23:14:25] "GET /ws_prices HTTP/1.1" 200 -
108.36.243.78 - - [18/Oct/2025 23:14:30] "GET /ws_prices HTTP/1.1" 200 -
108.36.243.78 - - [18/Oct/2025 23:14:35] "GET /ws_prices HTTP/1.1" 200 -
108.36.243.78 - - [18/Oct/2025 23:14:36] "GET /api/trade_history HTTP/1.1" 200 -
108.36.243.78 - - [18/Oct/2025 23:14:39] "GET /api/performance_stats HTTP/1.1" 200 -
108.36.243.78 - - [18/Oct/2025 23:14:40] "GET /api/daily_trade_plan HTTP/1.1" 200 -
108.36.243.78 - - [18/Oct/2025 23:14:40] "GET /ws_prices HTTP/1.1" 200 -
108.36.243.78 - - [18/Oct/2025 23:14:41] "GET /api/correlation_matrix HTTP/1.1" 200 -
108.36.243.78 - - [18/Oct/2025 23:14:45] "GET /ws_prices HTTP/1.1" 200 -
108.36.243.78 - - [18/Oct/2025 23:14:50] "GET /ws_prices HTTP/1.1" 200 -
108.36.243.78 - - [18/Oct/2025 23:14:55] "GET /ws_prices HTTP/1.1" 200 -
108.36.243.78 - - [18/Oct/2025 23:15:00] "GET /ws_prices HTTP/1.1" 200 -
108.36.243.78 - - [18/Oct/2025 23:15:05] "[33mGET /api/portfolio_status HTTP/1.1[0m" 404 -
108.36.243.78 - - [18/Oct/2025 23:15:05] "GET /ws_prices HTTP/1.1" 200 -
108.36.243.78 - - [18/Oct/2025 23:15:05] "GET /api/dashboard_data HTTP/1.1" 200 -
108.36.243.78 - - [18/Oct/2025 23:15:11] "GET /ws_prices HTTP/1.1" 200 -
108.36.243.78 - - [18/Oct/2025 23:15:17] "GET /ws_prices HTTP/1.1" 200 -
108.36.243.78 - - [18/Oct/2025 23:15:23] "GET /ws_prices HTTP/1.1" 200 -
108.36.243.78 - - [18/Oct/2025 23:15:35] "GET /ws_prices HTTP/1.1" 200 -
108.36.243.78 - - [18/Oct/2025 23:15:42] "GET /ws_prices HTTP/1.1" 200 -
108.36.243.78 - - [18/Oct/2025 23:15:51] "GET /ws_prices HTTP/1.1" 200 -
108.36.243.78 - - [18/Oct/2025 23:16:00] "GET /ws_prices HTTP/1.1" 200 -
108.36.243.78 - - [18/Oct/2025 23:16:05] "[33mGET /api/portfolio_status HTTP/1.1[0m" 404 -
108.36.243.78 - - [18/Oct/2025 23:16:05] "GET /ws_prices HTTP/1.1" 200 -
108.36.243.78 - - [18/Oct/2025 23:16:05] "GET /api/dashboard_data HTTP/1.1" 200 -
108.36.243.78 - - [18/Oct/2025 23:16:13] "GET /ws_prices HTTP/1.1" 200 -
108.36.243.78 - - [18/Oct/2025 23:16:19] "GET /ws_prices HTTP/1.1" 200 -
108.36.243.78 - - [18/Oct/2025 23:16:27] "GET /ws_prices HTTP/1.1" 200 -
108.36.243.78 - - [18/Oct/2025 23:16:33] "GET /ws_prices HTTP/1.1" 200 -
108.36.243.78 - - [18/Oct/2025 23:16:39] "GET /ws_prices HTTP/1.1" 200 -
108.36.243.78 - - [18/Oct/2025 23:16:45] "GET /ws_prices HTTP/1.1" 200 -
108.36.243.78 - - [18/Oct/2025 23:16:51] "GET /ws_prices HTTP/1.1" 200 -
108.36.243.78 - - [18/Oct/2025 23:17:00] "GET /ws_prices HTTP/1.1" 200 -
108.36.243.78 - - [18/Oct/2025 23:17:04] "[33mGET /api/portfolio_status HTTP/1.1[0m" 404 -
108.36.243.78 - - [18/Oct/2025 23:17:04] "GET /api/dashboard_data HTTP/1.1" 200 -
108.36.243.78 - - [18/Oct/2025 23:17:06] "GET /ws_prices HTTP/1.1" 200 -
108.36.243.78 - - [18/Oct/2025 23:17:12] "GET /ws_prices HTTP/1.1" 200 -
108.36.243.78 - - [18/Oct/2025 23:17:19] "GET /ws_prices HTTP/1.1" 200 -
108.36.243.78 - - [18/Oct/2025 23:17:24] "GET /ws_prices HTTP/1.1" 200 -
108.36.243.78 - - [18/Oct/2025 23:17:30] "GET /ws_prices HTTP/1.1" 200 -
108.36.243.78 - - [18/Oct/2025 23:17:36] "GET /ws_prices HTTP/1.1" 200 -
108.36.243.78 - - [18/Oct/2025 23:17:43] "GET /ws_prices HTTP/1.1" 200 -
108.36.243.78 - - [18/Oct/2025 23:17:49] "GET /ws_prices HTTP/1.1" 200 -
108.36.243.78 - - [18/Oct/2025 23:17:55] "GET /ws_prices HTTP/1.1" 200 -
108.36.243.78 - - [18/Oct/2025 23:18:01] "GET /ws_prices HTTP/1.1" 200 -
108.36.243.78 - - [18/Oct/2025 23:18:05] "[33mGET /api/portfolio_status HTTP/1.1[0m" 404 -
108.36.243.78 - - [18/Oct/2025 23:18:05] "GET /api/dashboard_data HTTP/1.1" 200 -
108.36.243.78 - - [18/Oct/2025 23:18:07] "GET /ws_prices HTTP/1.1" 200 -
108.36.243.78 - - [18/Oct/2025 23:18:13] "GET /ws_prices HTTP/1.1" 200 -
108.36.243.78 - - [18/Oct/2025 23:18:19] "GET /ws_prices HTTP/1.1" 200 -
108.36.243.78 - - [18/Oct/2025 23:18:28] "GET /ws_prices HTTP/1.1" 200 -
108.36.243.78 - - [18/Oct/2025 23:18:34] "GET /ws_prices HTTP/1.1" 200 -
108.36.243.78 - - [18/Oct/2025 23:18:40] "GET /ws_prices HTTP/1.1" 200 -
108.36.243.78 - - [18/Oct/2025 23:18:46] "GET /ws_prices HTTP/1.1" 200 -
Price streaming client connected.
Price streaming error: Stream.__init__() got an unexpected keyword argument 'data_stream'
Price streaming client disconnected.
Log streaming client connected.
Price streaming client connected.
Price streaming error: Stream.__init__() got an unexpected keyword argument 'data_stream'
Price streaming client disconnected.
--- Running Market Condition Analysis ---
Log streaming error: Connection closed: 1001 
Log streaming client disconnected.
SPY Trend Check: Price=$664.39, SMA=$601.96 -> UPTREND
VIX Fear Check: Level=20.78, Threshold=<35.0 -> NORMAL
Yield Curve Check: 10Y=4.01%, 3M=3.83% -> NORMAL
Result: Market condition is BULLISH.
Price streaming client connected.
Price streaming error: Stream.__init__() got an unexpected keyword argument 'data_stream'
Price streaming client disconnected.
Price streaming client connected.
Price streaming error: Stream.__init__() got an unexpected keyword argument 'data_stream'
Price streaming client disconnected.
Price streaming client connected.
Price streaming error: Stream.__init__() got an unexpected keyword argument 'data_stream'
Price streaming client disconnected.
Log streaming client connected.
Price streaming client connected.
Price streaming error: Stream.__init__() got an unexpected keyword argument 'data_stream'
Price streaming client disconnected.
Price streaming client connected.
Price streaming error: Stream.__init__() got an unexpected keyword argument 'data_stream'
Price streaming client disconnected.
Price streaming client connected.
Price streaming error: Stream.__init__() got an unexpected keyword argument 'data_stream'
Price streaming client disconnected.
Price streaming client connected.
Price streaming error: Stream.__init__() got an unexpected keyword argument 'data_stream'
Price streaming client disconnected.
Price streaming client connected.
Price streaming error: Stream.__init__() got an unexpected keyword argument 'data_stream'
Price streaming client disconnected.
Log streaming client connected.
Price streaming client connected.
Price streaming error: Stream.__init__() got an unexpected keyword argument 'data_stream'
Price streaming client disconnected.
Price streaming client connected.
Price streaming error: Stream.__init__() got an unexpected keyword argument 'data_stream'
Price streaming client disconnected.
Price streaming client connected.
Price streaming error: Stream.__init__() got an unexpected keyword argument 'data_stream'
Price streaming client disconnected.
Price streaming client connected.
Price streaming error: Stream.__init__() got an unexpected keyword argument 'data_stream'
Price streaming client disconnected.
Price streaming client connected.
Price streaming error: Stream.__init__() got an unexpected keyword argument 'data_stream'
Price streaming client disconnected.
Price streaming client connected.
Price streaming error: Stream.__init__() got an unexpected keyword argument 'data_stream'
Price streaming client disconnected.
Price streaming client connected.
Price streaming error: Stream.__init__() got an unexpected keyword argument 'data_stream'
Price streaming client disconnected.
Price streaming client connected.
Price streaming error: Stream.__init__() got an unexpected keyword argument 'data_stream'
Price streaming client disconnected.
Price streaming client connected.
Price streaming error: Stream.__init__() got an unexpected keyword argument 'data_stream'
Price streaming client disconnected.
Price streaming client connected.
Price streaming error: Stream.__init__() got an unexpected keyword argument 'data_stream'
Price streaming client disconnected.
Price streaming client connected.
Price streaming error: Stream.__init__() got an unexpected keyword argument 'data_stream'
Price streaming client disconnected.
Price streaming client connected.
Price streaming error: Stream.__init__() got an unexpected keyword argument 'data_stream'
Price streaming client disconnected.
Price streaming client connected.
Price streaming error: Stream.__init__() got an unexpected keyword argument 'data_stream'
Price streaming client disconnected.
Price streaming client connected.
Price streaming error: Stream.__init__() got an unexpected keyword argument 'data_stream'
Price streaming client disconnected.
Price streaming client connected.
Price streaming error: Stream.__init__() got an unexpected keyword argument 'data_stream'
Price streaming client disconnected.
Price streaming client connected.
Price streaming error: Stream.__init__() got an unexpected keyword argument 'data_stream'
Price streaming client disconnected.
Price streaming client connected.
Price streaming error: Stream.__init__() got an unexpected keyword argument 'data_stream'
Price streaming client disconnected.
Price streaming client connected.
Price streaming error: Stream.__init__() got an unexpected keyword argument 'data_stream'
Price streaming client disconnected.
Price streaming client connected.
Price streaming error: Stream.__init__() got an unexpected keyword argument 'data_stream'
Price streaming client disconnected.
Price streaming client connected.
Price streaming error: Stream.__init__() got an unexpected keyword argument 'data_stream'
Price streaming client disconnected.
Price streaming client connected.
Price streaming error: Stream.__init__() got an unexpected keyword argument 'data_stream'
Price streaming client disconnected.
Price streaming client connected.
Price streaming error: Stream.__init__() got an unexpected keyword argument 'data_stream'
Price streaming client disconnected.
Price streaming client connected.
Price streaming error: Stream.__init__() got an unexpected keyword argument 'data_stream'
Price streaming client disconnected.
Price streaming client connected.
Price streaming error: Stream.__init__() got an unexpected keyword argument 'data_stream'
Price streaming client disconnected.
Price streaming client connected.
Price streaming error: Stream.__init__() got an unexpected keyword argument 'data_stream'
Price streaming client disconnected.
Price streaming client connected.
Price streaming error: Stream.__init__() got an unexpected keyword argument 'data_stream'
Price streaming client disconnected.
Price streaming client connected.
Price streaming error: Stream.__init__() got an unexpected keyword argument 'data_stream'
Price streaming client disconnected.
Price streaming client connected.
Price streaming error: Stream.__init__() got an unexpected keyword argument 'data_stream'
Price streaming client disconnected.
Price streaming client connected.
Price streaming error: Stream.__init__() got an unexpected keyword argument 'data_stream'
Price streaming client disconnected.
Price streaming client connected.
Price streaming error: Stream.__init__() got an unexpected keyword argument 'data_stream'
Price streaming client disconnected.
Price streaming client connected.
Price streaming error: Stream.__init__() got an unexpected keyword argument 'data_stream'
Price streaming client disconnected.
Price streaming client connected.
Price streaming error: Stream.__init__() got an unexpected keyword argument 'data_stream'
Price streaming client disconnected.
Price streaming client connected.
Price streaming error: Stream.__init__() got an unexpected keyword argument 'data_stream'
Price streaming client disconnected.
Price streaming client connected.
Price streaming error: Stream.__init__() got an unexpected keyword argument 'data_stream'
Price streaming client disconnected.
Price streaming client connected.
Price streaming error: Stream.__init__() got an unexpected keyword argument 'data_stream'
Price streaming client disconnected.
Price streaming client connected.
Price streaming error: Stream.__init__() got an unexpected keyword argument 'data_stream'
Price streaming client disconnected.
Price streaming client connected.
Price streaming error: Stream.__init__() got an unexpected keyword argument 'data_stream'
Price streaming client disconnected.
Price streaming client connected.
Price streaming error: Stream.__init__() got an unexpected keyword argument 'data_stream'
Price streaming client disconnected.
Price streaming client connected.
108.36.243.78 - - [18/Oct/2025 23:18:53] "GET /ws_prices HTTP/1.1" 200 -
108.36.243.78 - - [18/Oct/2025 23:18:58] "GET /ws_prices HTTP/1.1" 200 -
108.36.243.78 - - [18/Oct/2025 23:19:04] "GET /ws_prices HTTP/1.1" 200 -
108.36.243.78 - - [18/Oct/2025 23:19:04] "[33mGET /api/portfolio_status HTTP/1.1[0m" 404 -
108.36.243.78 - - [18/Oct/2025 23:19:04] "GET /api/dashboard_data HTTP/1.1" 200 -
108.36.243.78 - - [18/Oct/2025 23:19:10] "GET /ws_prices HTTP/1.1" 200 -
108.36.243.78 - - [18/Oct/2025 23:19:25] "GET /ws_prices HTTP/1.1" 200 -
108.36.243.78 - - [18/Oct/2025 23:19:31] "GET /ws_prices HTTP/1.1" 200 -
108.36.243.78 - - [18/Oct/2025 23:19:37] "GET /ws_prices HTTP/1.1" 200 -
108.36.243.78 - - [18/Oct/2025 23:19:44] "GET /ws_prices HTTP/1.1" 200 -
108.36.243.78 - - [18/Oct/2025 23:19:50] "GET /ws_prices HTTP/1.1" 200 -
108.36.243.78 - - [18/Oct/2025 23:20:00] "GET /ws_prices HTTP/1.1" 200 -
108.36.243.78 - - [18/Oct/2025 23:20:05] "[33mGET /api/portfolio_status HTTP/1.1[0m" 404 -
108.36.243.78 - - [18/Oct/2025 23:20:05] "GET /ws_prices HTTP/1.1" 200 -
108.36.243.78 - - [18/Oct/2025 23:20:05] "GET /api/dashboard_data HTTP/1.1" 200 -
108.36.243.78 - - [18/Oct/2025 23:20:11] "GET /ws_prices HTTP/1.1" 200 -
108.36.243.78 - - [18/Oct/2025 23:20:18] "GET /ws_prices HTTP/1.1" 200 -
108.36.243.78 - - [18/Oct/2025 23:20:24] "GET /ws_prices HTTP/1.1" 200 -
108.36.243.78 - - [18/Oct/2025 23:20:30] "GET /ws_prices HTTP/1.1" 200 -
108.36.243.78 - - [18/Oct/2025 23:20:36] "GET /ws_prices HTTP/1.1" 200 -
 * Detected change in '/home/ubuntu/trading_bot_phase1/app.py', reloading
Price streaming error: Stream.__init__() got an unexpected keyword argument 'data_stream'
Price streaming client disconnected.
Price streaming client connected.
Price streaming error: Stream.__init__() got an unexpected keyword argument 'data_stream'
Price streaming client disconnected.
Price streaming client connected.
Price streaming error: Stream.__init__() got an unexpected keyword argument 'data_stream'
Price streaming client disconnected.
Price streaming client connected.
Price streaming error: Stream.__init__() got an unexpected keyword argument 'data_stream'
Price streaming client disconnected.
Price streaming client connected.
Price streaming error: Stream.__init__() got an unexpected keyword argument 'data_stream'
Price streaming client disconnected.
Price streaming client connected.
Price streaming error: Stream.__init__() got an unexpected keyword argument 'data_stream'
Price streaming client disconnected.
Price streaming client connected.
Price streaming error: Stream.__init__() got an unexpected keyword argument 'data_stream'
Price streaming client disconnected.
Price streaming client connected.
Price streaming error: Stream.__init__() got an unexpected keyword argument 'data_stream'
Price streaming client disconnected.
Price streaming client connected.
Price streaming error: Stream.__init__() got an unexpected keyword argument 'data_stream'
Price streaming client disconnected.
Price streaming client connected.
Price streaming error: Stream.__init__() got an unexpected keyword argument 'data_stream'
Price streaming client disconnected.
Price streaming client connected.
Price streaming error: Stream.__init__() got an unexpected keyword argument 'data_stream'
Price streaming client disconnected.
Price streaming client connected.
Price streaming error: Stream.__init__() got an unexpected keyword argument 'data_stream'
Price streaming client disconnected.
Price streaming client connected.
Price streaming error: Stream.__init__() got an unexpected keyword argument 'data_stream'
Price streaming client disconnected.
Price streaming client connected.
Price streaming error: Stream.__init__() got an unexpected keyword argument 'data_stream'
Price streaming client disconnected.
Price streaming client connected.
Price streaming error: Stream.__init__() got an unexpected keyword argument 'data_stream'
Price streaming client disconnected.
Price streaming client connected.
Price streaming error: Stream.__init__() got an unexpected keyword argument 'data_stream'
Price streaming client disconnected.
  File "/home/ubuntu/trading_bot_phase1/app.py", line 24
    background-color: var(--bg-glass); backdrop-filter: blur(20px); -webkit-backdrop-filter: blur(20px);
                                                              ^
SyntaxError: invalid decimal literal
 * Restarting with stat
  File "/home/ubuntu/trading_bot_phase1/app.py", line 24
    background-color: var(--bg-glass); backdrop-filter: blur(20px); -webkit-backdrop-filter: blur(20px);
                                                              ^
SyntaxError: invalid decimal literal
 * Serving Flask app 'app'
 * Debug mode: on
[31m[1mWARNING: This is a development server. Do not use it in a production deployment. Use a production WSGI server instead.[0m
 * Running on all addresses (0.0.0.0)
 * Running on http://127.0.0.1:8080
 * Running on http://172.31.34.240:8080
[33mPress CTRL+C to quit[0m
 * Restarting with stat
 * Debugger is active!
 * Debugger PIN: 691-903-281
108.36.243.78 - - [18/Oct/2025 23:23:14] "GET / HTTP/1.1" 200 -
108.36.243.78 - - [18/Oct/2025 23:23:15] "[33mGET /api/portfolio_status HTTP/1.1[0m" 404 -
108.36.243.78 - - [18/Oct/2025 23:23:15] "GET /api/dashboard_data HTTP/1.1" 200 -
108.36.243.78 - - [18/Oct/2025 23:23:15] "GET /ws_prices HTTP/1.1" 200 -
WARNING: All log messages before absl::InitializeLog() is called are written to STDERR
E0000 00:00:1760829796.061729   74760 alts_credentials.cc:93] ALTS creds ignored. Not running on GCP and untrusted ALTS is not enabled.
108.36.243.78 - - [18/Oct/2025 23:23:20] "GET /api/trade_history HTTP/1.1" 200 -
108.36.243.78 - - [18/Oct/2025 23:23:21] "GET /ws_prices HTTP/1.1" 200 -
108.36.243.78 - - [18/Oct/2025 23:23:21] "GET /api/performance_stats HTTP/1.1" 200 -
108.36.243.78 - - [18/Oct/2025 23:23:23] "GET /api/performance_stats HTTP/1.1" 200 -
108.36.243.78 - - [18/Oct/2025 23:23:23] "GET /api/correlation_matrix HTTP/1.1" 200 -
108.36.243.78 - - [18/Oct/2025 23:23:24] "GET /api/performance_stats HTTP/1.1" 200 -
108.36.243.78 - - [18/Oct/2025 23:23:26] "GET /ws_prices HTTP/1.1" 200 -
108.36.243.78 - - [18/Oct/2025 23:23:31] "GET /ws_prices HTTP/1.1" 200 -
108.36.243.78 - - [18/Oct/2025 23:23:37] "GET /ws_prices HTTP/1.1" 200 -
108.36.243.78 - - [18/Oct/2025 23:23:43] "GET /ws_prices HTTP/1.1" 200 -
108.36.243.78 - - [18/Oct/2025 23:23:49] "GET /api/daily_trade_plan HTTP/1.1" 200 -
108.36.243.78 - - [18/Oct/2025 23:23:49] "GET /ws_prices HTTP/1.1" 200 -
108.36.243.78 - - [18/Oct/2025 23:23:55] "GET /ws_prices HTTP/1.1" 200 -
108.36.243.78 - - [18/Oct/2025 23:24:01] "GET /ws_prices HTTP/1.1" 200 -
108.36.243.78 - - [18/Oct/2025 23:24:07] "GET /ws_prices HTTP/1.1" 200 -
 * Serving Flask app 'app'
 * Debug mode: on
Address already in use
Port 8080 is in use by another program. Either identify and stop that program, or start the server with a different port.
108.36.243.78 - - [18/Oct/2025 23:24:12] "GET /ws_prices HTTP/1.1" 200 -
108.36.243.78 - - [18/Oct/2025 23:24:14] "GET / HTTP/1.1" 200 -
108.36.243.78 - - [18/Oct/2025 23:24:14] "[33mGET /api/portfolio_status HTTP/1.1[0m" 404 -
108.36.243.78 - - [18/Oct/2025 23:24:14] "GET /api/dashboard_data HTTP/1.1" 200 -
108.36.243.78 - - [18/Oct/2025 23:24:14] "GET /ws_logs HTTP/1.1" 200 -
108.36.243.78 - - [18/Oct/2025 23:24:17] "GET / HTTP/1.1" 200 -
108.36.243.78 - - [18/Oct/2025 23:24:17] "[33mGET /api/portfolio_status HTTP/1.1[0m" 404 -
108.36.243.78 - - [18/Oct/2025 23:24:17] "GET /api/dashboard_data HTTP/1.1" 200 -
 * Detected change in '/home/ubuntu/trading_bot_phase1/app.py', reloading
--- Running Market Condition Analysis ---
Price streaming client connected.
Price streaming error: Stream.__init__() got an unexpected keyword argument 'data_stream'
Price streaming client disconnected.
SPY Trend Check: Price=$664.39, SMA=$601.96 -> UPTREND
VIX Fear Check: Level=20.78, Threshold=<35.0 -> NORMAL
Yield Curve Check: 10Y=4.01%, 3M=3.83% -> NORMAL
Result: Market condition is BULLISH.
Price streaming client connected.
Price streaming error: Stream.__init__() got an unexpected keyword argument 'data_stream'
Price streaming client disconnected.
Log streaming client connected.
Price streaming client connected.
Price streaming error: Stream.__init__() got an unexpected keyword argument 'data_stream'
Price streaming client disconnected.
Price streaming client connected.
Price streaming error: Stream.__init__() got an unexpected keyword argument 'data_stream'
Price streaming client disconnected.
Price streaming client connected.
Price streaming error: Stream.__init__() got an unexpected keyword argument 'data_stream'
Price streaming client disconnected.
Price streaming client connected.
Price streaming error: Stream.__init__() got an unexpected keyword argument 'data_stream'
Price streaming client disconnected.
Price streaming client connected.
Price streaming error: Stream.__init__() got an unexpected keyword argument 'data_stream'
Price streaming client disconnected.
Price streaming client connected.
Price streaming error: Stream.__init__() got an unexpected keyword argument 'data_stream'
Price streaming client disconnected.
Price streaming client connected.
Price streaming error: Stream.__init__() got an unexpected keyword argument 'data_stream'
Price streaming client disconnected.
Price streaming client connected.
Price streaming error: Stream.__init__() got an unexpected keyword argument 'data_stream'
Price streaming client disconnected.
Price streaming client connected.
Price streaming error: Stream.__init__() got an unexpected keyword argument 'data_stream'
Price streaming client disconnected.
Log streaming error: Connection closed: 1001 
Log streaming client disconnected.
 * Restarting with stat
 * Serving Flask app 'app'
 * Debug mode: on
Address already in use
Port 8080 is in use by another program. Either identify and stop that program, or start the server with a different port.
 * Debugger is active!
 * Debugger PIN: 691-903-281
108.36.243.78 - - [18/Oct/2025 23:26:16] "GET / HTTP/1.1" 200 -
108.36.243.78 - - [18/Oct/2025 23:26:17] "[33mGET /api/portfolio_status HTTP/1.1[0m" 404 -
108.36.243.78 - - [18/Oct/2025 23:26:17] "GET /api/dashboard_data HTTP/1.1" 200 -
108.36.243.78 - - [18/Oct/2025 23:26:51] "GET / HTTP/1.1" 200 -
108.36.243.78 - - [18/Oct/2025 23:26:52] "[33mGET /api/portfolio_status HTTP/1.1[0m" 404 -
108.36.243.78 - - [18/Oct/2025 23:26:52] "GET /api/dashboard_data HTTP/1.1" 200 -
 * Detected change in '/home/ubuntu/trading_bot_phase1/app.py', reloading
 * Restarting with stat
 * Debugger is active!
 * Debugger PIN: 691-903-281
 * Serving Flask app 'app'
 * Debug mode: on
Address already in use
Port 8080 is in use by another program. Either identify and stop that program, or start the server with a different port.
108.36.243.78 - - [18/Oct/2025 23:29:35] "GET / HTTP/1.1" 200 -
108.36.243.78 - - [18/Oct/2025 23:29:35] "[33mGET /api/portfolio_status HTTP/1.1[0m" 404 -
108.36.243.78 - - [18/Oct/2025 23:29:35] "GET /api/dashboard_data HTTP/1.1" 200 -
 * Detected change in '/home/ubuntu/trading_bot_phase1/app.py', reloading
 * Restarting with stat
 * Serving Flask app 'app'
 * Debug mode: off
Address already in use
Port 8080 is in use by another program. Either identify and stop that program, or start the server with a different port.
2025-10-18 23:40:17,081 - INFO - 108.36.243.78 - - [18/Oct/2025 23:40:17] "GET / HTTP/1.1" 200 -
2025-10-18 23:40:17,930 - INFO - API call received: /api/portfolio_status
2025-10-18 23:40:17,960 - INFO - 108.36.243.78 - - [18/Oct/2025 23:40:17] "GET /api/dashboard_data HTTP/1.1" 200 -
2025-10-18 23:40:18,086 - INFO - Successfully fetched portfolio status.
2025-10-18 23:40:18,088 - INFO - 108.36.243.78 - - [18/Oct/2025 23:40:18] "GET /api/portfolio_status HTTP/1.1" 200 -
2025-10-18 23:46:54,840 - INFO - 108.36.243.78 - - [18/Oct/2025 23:46:54] "GET / HTTP/1.1" 200 -
2025-10-18 23:46:55,583 - INFO - API call received: /api/portfolio_status
2025-10-18 23:46:55,626 - INFO - 108.36.243.78 - - [18/Oct/2025 23:46:55] "GET /api/dashboard_data HTTP/1.1" 200 -
2025-10-18 23:46:55,731 - INFO - Successfully fetched portfolio status.
2025-10-18 23:46:55,732 - INFO - 108.36.243.78 - - [18/Oct/2025 23:46:55] "GET /api/portfolio_status HTTP/1.1" 200 -
 * Serving Flask app 'app'
 * Debug mode: off
Address already in use
Port 8080 is in use by another program. Either identify and stop that program, or start the server with a different port.
2025-10-18 23:54:27,983 - INFO - 108.36.243.78 - - [18/Oct/2025 23:54:27] "GET / HTTP/1.1" 200 -
2025-10-18 23:54:29,110 - INFO - API call received: /api/portfolio_status
2025-10-18 23:54:29,139 - INFO - 108.36.243.78 - - [18/Oct/2025 23:54:29] "GET /api/dashboard_data HTTP/1.1" 200 -
2025-10-18 23:54:29,269 - INFO - Successfully fetched portfolio status.
2025-10-18 23:54:29,271 - INFO - 108.36.243.78 - - [18/Oct/2025 23:54:29] "GET /api/portfolio_status HTTP/1.1" 200 -
 * Serving Flask app 'app'
 * Debug mode: off
Address already in use
Port 8080 is in use by another program. Either identify and stop that program, or start the server with a different port.
2025-10-19 00:00:57,380 - INFO - 108.36.243.78 - - [19/Oct/2025 00:00:57] "GET / HTTP/1.1" 200 -
2025-10-19 00:00:58,081 - INFO - API call received: /api/portfolio_status
2025-10-19 00:00:58,108 - INFO - 108.36.243.78 - - [19/Oct/2025 00:00:58] "GET /api/dashboard_data HTTP/1.1" 200 -
2025-10-19 00:00:58,232 - INFO - Successfully fetched portfolio status.
2025-10-19 00:00:58,234 - INFO - 108.36.243.78 - - [19/Oct/2025 00:00:58] "GET /api/portfolio_status HTTP/1.1" 200 -
