Date,Close,High,Low,Open,Volume
,AAPL,AAPL,AAPL,AAPL,AAPL
2010-01-04,6.424604892730713,6.439314685252985,6.3756721867282895,6.407193227963411,493729600
2010-01-05,6.435714244842529,6.472038623854981,6.401791129853642,6.442318823140026,601904800
2010-01-06,6.33334493637085,6.461230768036579,6.326740358855194,6.435713482992475,552160000
2010-01-07,6.32163667678833,6.364265823485099,6.275706042823763,6.356760621458933,477131200
2010-01-08,6.363664150238037,6.3642649671311435,6.276006208050368,6.313230401843963,447610800
2010-01-11,6.307526588439941,6.394284298208381,6.257692860547633,6.388280138025751,462229600
2010-01-12,6.235777854919434,6.297319696934829,6.196752015047131,6.279907231093502,594459600
2010-01-13,6.323737144470215,6.332142969425046,6.127106092687319,6.2402821166726685,605892000
2010-01-14,6.287114143371582,6.318035175859038,6.274806012481778,6.307528293510942,432894000
2010-01-15,6.182041645050049,6.352255967896085,6.180240397111936,6.33214203258716,594067600
2010-01-19,6.455526351928711,6.460029472918873,6.22137007261783,6.254091549377498,730007600
2010-01-20,6.356159687042236,6.4708359509256335,6.289214497084316,6.451623037328589,612152800
2010-01-21,6.2462849617004395,6.4035907622237715,6.220467872859289,6.366666377134003,608154400
2010-01-22,5.936477184295654,6.22917316356756,5.918765714338398,6.207558989702684,881767600
2010-01-25,6.096184730529785,6.145117034148472,6.009726825525188,6.0793734823569965,1065699600
2010-01-26,6.182344436645508,6.4156009315565905,6.081476914829003,6.18264464476065,1867110000
2010-01-27,6.24058198928833,6.321635754474203,5.989913488740547,6.209660962263698,1722568400
2010-01-28,5.9827070236206055,6.169132148267844,5.964995556591658,6.152021097125416,1173502400
2010-01-29,5.765663146972656,6.070067253939074,5.711326699843136,6.03644475859432,1245952400
2010-02-01,5.845818996429443,5.883944627003341,5.742850013554315,5.7749714815773885,749876400
2010-02-02,5.879739284515381,5.893548852678057,5.805289703697114,5.881240725344817,698342400
2010-02-03,5.980907917022705,6.010027697131553,5.836511051116827,5.859026254109648,615328000
2010-02-04,5.7653632164001465,5.955089864062811,5.750953232293537,5.905856553322066,757652000
2010-02-05,5.867731094360352,5.883942326910442,5.729338408158305,5.782774632348042,850306800
2010-02-08,5.827505111694336,5.940380931985343,5.823902615146617,5.874636973236708,478270800
2010-02-09,5.889646530151367,5.92897257872684,5.8464173764653316,5.896550913868203,632886800
2010-02-10,5.85752534866333,5.90195574038187,5.831708257330147,5.880640567477774,370361600
2010-02-11,5.9640960693359375,5.996518134753807,5.825703378312862,5.850320035193965,550345600
2010-02-12,6.0154314041137695,6.053256816643416,5.868933082776552,5.94728537946355,655468800
2010-02-16,6.106093406677246,6.11479904095814,6.049655485063141,6.062263824730456,543737600
2010-02-17,6.080574989318848,6.133409999547613,6.029840232872504,6.129807503174255,436396800
2010-02-18,6.091982364654541,6.120801936115326,6.0316417501442245,6.052955719680547,422825200
2010-02-19,6.0541558265686035,6.100086847211044,6.037344580015038,6.059860179164993,415469600
2010-02-22,6.016631126403809,6.079073190767008,5.979706743184227,6.0742702633635055,390563600
2010-02-23,5.915765285491943,6.043951337237001,5.875238394829668,6.00402446195689,575094800
2010-02-24,6.023837566375732,6.047252993870826,5.9391800943049295,5.950888208864313,460566400
2010-02-25,6.064063549041748,6.08988063810001,5.910660852412726,5.925370645128962,665126000
2010-02-26,6.142714023590088,6.159225059048908,6.064061549414467,6.075469050026048,507460800
2010-03-01,6.273904800415039,6.289214608983384,6.1676331572593055,6.176638997736886,550093600
2010-03-02,6.2697014808654785,6.329141066270159,6.2363787910694315,6.302122744967484,566546400
2010-03-03,6.284111976623535,6.300323214311435,6.242384653230018,6.272404662139387,372052800
2010-03-04,6.325537204742432,6.331841572274598,6.263095147811368,6.282609067175032,366041200
2010-03-05,6.572906494140625,6.595421702367104,6.443219391762877,6.452525843498745,899620400
2010-03-08,6.576807498931885,6.6071273088270885,6.551890632184862,6.604726045295875,429889600
2010-03-09,6.695086479187012,6.754526066805222,6.541083364705562,6.553691701350062,920259200
2010-03-10,6.749722957611084,6.768936272454618,6.700490441571761,6.719403147559056,596218000
2010-03-11,6.769534111022949,6.769534111022949,6.704090778564388,6.7218030485391935,405700400
2010-03-12,6.802559852600098,6.836482164574876,6.777042565581142,6.825674673258289,416323600
2010-03-15,6.719701766967773,6.769534286503013,6.611929108555397,6.765932592444959,493502800
2010-03-16,6.738015174865723,6.753925800243838,6.679776418097007,6.729909958561907,446908000
2010-03-17,6.7281084060668945,6.798054872472256,6.702591525332249,6.751523830607335,450956800
2010-03-18,6.744019031524658,6.754525911685149,6.682777796293037,6.72750718918501,342109600
2010-03-19,6.671970844268799,6.761731042347743,6.641350025622175,6.748222081633764,559445600
2010-03-22,6.747021675109863,6.784547280903496,6.608929177296353,6.618535834987349,456419600
2010-03-23,6.855392932891846,6.8680016691918215,6.727506726719784,6.773737958196178,602431200
2010-03-24,6.885715007781982,6.910631876871496,6.82987710818094,6.833780213917094,597780400
2010-03-25,6.804060459136963,6.933747949433636,6.792052135510306,6.932246508168435,542284400
2010-03-26,6.931646347045898,6.963166991644838,6.861098653737633,6.873106976417425,640875200
2010-03-29,6.97637414932251,7.0208041339994285,6.953259334560959,6.994687239082441,540744400
2010-03-30,7.080243110656738,7.12917661218224,7.032210633912368,7.1027583090799284,527310000
2010-03-31,7.054727554321289,7.1030606516648005,7.038517120538815,7.0694381502238794,430659600
2010-04-01,7.083846569061279,7.166701580633426,6.987181988081985,7.127075723842684,603145200
2010-04-05,7.1594977378845215,7.160098153974916,7.0478227499419175,7.054127519702874,684507600
2010-04-06,7.19102144241333,7.212035210559497,7.114770178209793,7.150794353334558,447017200
2010-04-07,7.222841262817383,7.262467927712534,7.164601696981553,7.191319815261961,628502000
2010-04-08,7.2033257484436035,7.251057614841434,7.1459872266831574,7.218035538655887,572989200
2010-04-09,7.258563995361328,7.261566877439996,7.218637527744609,7.247757307346772,334182800
2010-04-12,7.273576736450195,7.296992169905173,7.259166745632439,7.270874462359927,333026400
2010-04-13,7.277777194976807,7.288885294519839,7.238150530856811,7.2606665372048464,306210800
2010-04-14,7.375643253326416,7.379245750128945,7.327011149739634,7.363335123396282,404076400
2010-04-15,7.472607135772705,7.475909023113655,7.3702382070973025,7.378343422660387,376784800
2010-04-16,7.426977157592773,7.539252562587447,7.341419868037714,7.46210029674629,750545600
2010-04-19,7.41707181930542,7.441688081337466,7.25796473631784,7.415870986931966,566924400
2010-04-20,7.342617511749268,7.482511194767211,7.293684823647055,7.461196833443045,738326400
2010-04-21,7.781814098358154,7.81273512267001,7.677043506609757,7.76920536189998,982391200
2010-04-22,7.999461650848389,8.007867477208292,7.6911547620921645,7.75239640966202,793424800
2010-04-23,8.130348205566406,8.170875089706051,8.015371328595338,8.045090722981627,796955600
2010-04-26,8.090424537658691,8.179283745958891,8.051097670479018,8.161872474731542,479068800
2010-04-27,7.86647367477417,8.040590386517591,7.820843641092353,8.023478923480944,709343600
2010-04-28,7.853265285491943,7.925312833365651,7.697460869987625,7.90279842556854,758402400
2010-04-29,8.064600944519043,8.105427617152145,7.865567508533816,7.895887305097763,558840800
2010-04-30,7.837951183319092,8.122541140877006,7.835249712243143,8.084715736072933,542463600
2010-05-03,7.995862007141113,8.041793459614965,7.891691768781582,7.920511755157021,454342000
2010-05-04,7.765604019165039,7.903997127066717,7.707665868513098,7.891989606470455,723819600
2010-05-05,7.684850215911865,7.749393746748989,7.466903972835605,7.595991034509853,883103200
2010-05-06,7.392454147338867,7.752694972806297,5.981508041773555,7.620006227341908,1285860800
2010-05-07,7.080546855926514,7.402062978024091,6.760832784393474,7.316205850059568,1676018400
2010-05-10,7.624808311462402,7.644622040694643,7.460898741386143,7.512533718973891,984306400
2010-05-11,7.700759410858154,7.801926692641969,7.520038218220339,7.560264483580065,848906800
2010-05-12,7.867969989776611,7.8991908141305505,7.766202303090057,7.78241192871619,654379600
2010-05-13,7.755997657775879,7.955330983899613,7.697157684354896,7.901894755125582,599712400
2010-05-14,7.619700908660889,7.699554593659276,7.49001432371847,7.659927959010626,759362800
2010-05-17,7.631716251373291,7.6905562426474345,7.436285169607529,7.646126241470756,762834800
2010-05-18,7.5758795738220215,7.761704006090359,7.512836665184295,7.7145725299020285,782678400
2010-05-19,7.455193519592285,7.592685554845584,7.350423750231228,7.490016840332728,1025726800
2010-05-20,7.137582302093506,7.3204045555247745,7.091050465358694,7.261263983454771,1282915200
2010-05-21,7.274472713470459,7.339916439771132,6.9451514239961885,6.989280787815589,1223891200
2010-05-24,7.407762050628662,7.53204574747038,7.392752453494605,7.423372865336452,754238800
2010-05-25,7.361532688140869,7.4077631197391876,7.119570636613475,7.185314188601005,1048006400
2010-05-26,7.3282084465026855,7.568970416576989,7.317400960126969,7.507428988261449,850654000
2010-05-27,7.605597019195557,7.621808254802687,7.478312005367612,7.523041804885104,666282400
2010-05-28,7.711567401885986,7.787218221065115,7.605595972943037,7.786918413851397,815614800
2010-06-01,7.830146312713623,7.983548997552722,7.774008617632067,7.79592340141244,876472800
2010-06-02,7.923808574676514,7.949325049603176,7.815134893159036,7.941519642410159,688548000
2010-06-03,7.8988938331604,7.971842385130132,7.817538654181004,7.96073428648677,650106800
2010-06-04,7.683948516845703,7.862267261527299,7.644022054738521,7.751493313704601,758304400
2010-06-07,7.533250331878662,7.779715190071449,7.521541814203788,7.753898092971832,886942000
2010-06-08,7.484915256500244,7.619105432897721,7.374441112365516,7.602293784136039,1000770400
2010-06-09,7.300893306732178,7.562069538770246,7.279579734493756,7.549160189916344,854630000
2010-06-10,7.520340442657471,7.534449019567039,7.270872746067219,7.350126073609344,776356000
2010-06-11,7.6103997230529785,7.620906602609214,7.426076012714868,7.451893099995567,545759200
2010-06-14,7.633516311645508,7.779714039440045,7.625411094289533,7.68395046751052,602960400
2010-06-15,7.795922756195068,7.800726083927311,7.670138416889045,7.674341328654758,585074000
2010-06-16,8.02287483215332,8.037884429038984,7.824141164010165,7.838250537796992,783678000
2010-06-17,8.161571502685547,8.192492537179582,8.090423383106616,8.123445473557119,872855200
2010-06-18,8.227611541748047,8.255531285433458,8.148058429016121,8.172975291199178,784621600
2010-06-21,8.1105318069458,8.375909195504432,8.067302668045933,8.33628255164816,776490400
2010-06-22,8.221007347106934,8.284649834036955,8.15046047762038,8.170273402184094,717262000
2010-06-23,8.134551048278809,8.245325813238813,8.042389182178374,8.242924148869836,768457200
2010-06-24,8.075413703918457,8.201497902349093,8.048394974291506,8.135452920440331,714277200
2010-06-25,8.006365776062012,8.113538054612302,7.97964765824011,8.107234085858883,549942400
2010-06-28,8.054394721984863,8.09792447282531,7.94091852461696,8.013266634683845,584948000
2010-06-29,7.690253734588623,7.937019142701755,7.634116031132963,7.928913124461805,1133344800
2010-06-30,7.550957202911377,7.74428629726094,7.505327201466077,7.70646090025806,739452000
2010-07-01,7.459401607513428,7.649129156354314,7.3014961236057925,7.634118748366932,1022896000
2010-07-02,7.4131669998168945,7.53294718274758,7.300890814238768,7.5197372294976255,693842800
2010-07-06,7.463901996612549,7.589085139354974,7.389751814726595,7.535049296538018,615235600
2010-07-07,7.765305042266846,7.768307925076559,7.4975266150989635,7.519740412626989,654556000
2010-07-08,7.747891902923584,7.892289167429189,7.6518277330330156,7.879680429491751,738144400
2010-07-09,7.793824195861816,7.802229220460165,7.65993379733871,7.7118685926323,433322400
2010-07-12,7.723878860473633,7.860770572632307,7.650930282882095,7.761103870062739,562878400
2010-07-13,7.5590643882751465,7.697156863588831,7.397856297470619,7.6947560011809015,1190924000
2010-07-14,7.586985111236572,7.679146995736987,7.475010293360096,7.486419003014089,812047600
2010-07-15,7.548560619354248,7.7142714976875855,7.423977052070653,7.451896007128454,824866000
2010-07-16,7.502029895782471,7.654231815955981,7.457300085211061,7.600495761154931,1039858400
2010-07-19,7.372338771820068,7.501425804329748,7.192819201204411,7.501425804329748,1024478000
2010-07-20,7.561766147613525,7.592086756353945,7.205127843215027,7.29188595559759,1074950800
2010-07-21,7.632312297821045,7.9598315614669115,7.6251081085208385,7.958030313736015,1185671200
2010-07-22,7.7758097648620605,7.805229347652015,7.664434599355576,7.735582693920221,645318800
2010-07-23,7.803426742553711,7.8166358924421795,7.693553036987917,7.717869480289096,533388800
2010-07-26,7.7836151123046875,7.808231366835274,7.736483658444917,7.805229286816482,420551600
2010-07-27,7.927713871002197,7.949328051305672,7.814237620755591,7.831349080636093,584771600
2010-07-28,7.834050178527832,7.985052031043249,7.812736608136157,7.915405362517239,519985200
2010-07-29,7.74849271774292,7.884783971204583,7.6881529014249415,7.826545210505818,643806800
2010-07-30,7.7226738929748535,7.79622284749665,7.652126216771636,7.681847209009785,448210000
2010-08-02,7.8607683181762695,7.88298291364708,7.7938239228831545,7.8184401829047205,428055600
2010-08-03,7.863169193267822,7.903095659980014,7.787818979612194,7.835550855330682,417653600
2010-08-04,7.894690036773682,7.9337154755932655,7.814536500587923,7.890487124551118,420375200
2010-08-05,7.856265544891357,7.9006955371565635,7.821742018019267,7.85716576827997,289097200
2010-08-06,7.807929039001465,7.8499573440729895,7.734078696003899,7.7986221931360005,444897600
2010-08-09,7.85776424407959,7.869772563787021,7.792320504921045,7.8496582274653335,303128000
2010-08-10,7.787520885467529,7.818742531574648,7.731682973861352,7.800730043435926,451920000
2010-08-11,7.510733127593994,7.675844345805667,7.499326023510642,7.667138713314788,620054400
2010-08-12,7.558764934539795,7.598090982458272,7.388550595657948,7.405662051870346,534920400
2010-08-13,7.4780120849609375,7.561467521397163,7.477711476086849,7.554563136777103,354869200
2010-08-16,7.434182167053223,7.505330272095134,7.403560946113603,7.432380918762657,318430000
2010-08-17,7.56416654586792,7.644020252882598,7.481010150775136,7.5074284489067,422640400
2010-08-18,7.59719181060791,7.645224303574735,7.552462007456057,7.575878238568959,339696000
2010-08-19,7.501428604125977,7.6095011173986,7.465404433035102,7.59028779861745,426706000
2010-08-20,7.494221210479736,7.622707032201757,7.475007897849289,7.48671641104523,384230000
2010-08-23,7.378946304321289,7.565071327003947,7.3624360604762,7.558767357417727,414041600
2010-08-24,7.202726364135742,7.294887421539084,7.164300538804961,7.284981759212758,602565600
2010-08-25,7.2915873527526855,7.324610243528086,7.120773353945151,7.1459900325498795,596867600
2010-08-26,7.2132344245910645,7.377444632783542,7.2132344245910645,7.36843839061723,466505200
2010-08-27,7.2534589767456055,7.283179164724827,7.071536956506077,7.257362081135917,548391200
2010-08-30,7.279879570007324,7.377445196876523,7.225242498311073,7.227644163072392,383289200
2010-08-31,7.2978925704956055,7.341722153857571,7.215337342561374,7.260366956764894,420786800
2010-09-01,7.51493501663208,7.54885731865217,7.393353580682345,7.429077130726613,697037600
2010-09-02,7.5701727867126465,7.570172786712647,7.462100294420422,7.542854255186009,415427600
2010-09-03,7.768304824829102,7.768604632016134,7.6401188150322215,7.657830686148501,520788800
2010-09-07,7.739489555358887,7.791123753899605,7.692657885593202,7.7043656026286484,342557600
2010-09-08,7.892887592315674,7.937016961528385,7.778209750872208,7.798623892858964,526551200
2010-09-09,7.897390842437744,8.000959793510185,7.892888123390585,7.9565306141493615,438575200
2010-09-10,7.907596588134766,7.940318852810646,7.847255994578971,7.900992013449205,387542400
2010-09-13,8.016569137573242,8.053794119950629,7.978144125077222,7.979944571066834,388780000
2010-09-14,8.047192573547363,8.080514464490829,7.97094133248613,7.991655287017961,408150400
2010-09-15,8.112037658691406,8.116841790126715,8.040589730992803,8.050496999540941,429368800
2010-09-16,8.30266284942627,8.305664929635627,8.090420989177787,8.112636382727034,652103200
2010-09-17,8.26663875579834,8.34439062225477,8.215904807202453,8.33628460559782,634477200
2010-09-20,8.502595901489258,8.51910693895154,8.28104723038967,8.287951612856176,658677600
2010-09-21,8.518810272216797,8.626282369844079,8.489390679301849,8.521512545996533,668074400
2010-09-22,8.638289451599121,8.645193836267467,8.477981551727884,8.486987793658555,585289600
2010-09-23,8.67341136932373,8.788688844905604,8.585753031766947,8.595659495681558,786116800
2010-09-24,8.775485038757324,8.81180983074133,8.72235019054556,8.768881259873,649488000
2010-09-27,8.740659713745117,8.84783121300516,8.736156992500597,8.825316805158693,482834800
2010-09-28,8.61156940460205,8.75896792385824,8.255531537934157,8.75896792385824,1035042400
2010-09-29,8.62688159942627,8.700130764342527,8.585754296786314,8.62267868649885,469644000
2010-09-30,8.518206596374512,8.705832165200194,8.443156208519557,8.675812170382894,673391600
2010-10-01,8.481284141540527,8.603165407741388,8.446160199235672,8.590256861937684,448142800
2010-10-04,8.364808082580566,8.492692730728187,8.338689575911397,8.453667279246538,435302000
2010-10-05,8.674013137817383,8.689322545476845,8.460269020689346,8.46567356705232,501967200
2010-10-06,8.68151569366455,8.765572327949585,8.563536758810748,8.693524013311977,670868800
2010-10-07,8.682417869567871,8.720243279848695,8.613071818468747,8.716040367414873,408399600
2010-10-08,8.82801628112793,8.840924827291898,8.705835204268118,8.757168780042944,658403200
2010-10-11,8.866740226745605,8.923178531357008,8.843926021089182,8.848128933255612,427753200
2010-10-12,8.962203025817871,8.991022989346193,8.780580821303936,8.868239940455837,558544000
2010-10-13,9.010239601135254,9.064875870299163,9.00003252606939,9.012040849676287,630092400
2010-10-14,9.075382232666016,9.080184759785668,9.018042896604976,9.056769333785823,435296400
2010-10-15,9.448529243469238,9.456334650717334,9.15343162169602,9.229382234320877,922194000
2010-10-18,9.54639720916748,9.576416408595746,9.435022035300657,9.560506585613135,1093010800
2010-10-19,9.290925979614258,9.419411816739066,9.006635774005062,9.108103688627939,1232784000
2010-10-20,9.322147369384766,9.433822364210355,9.212274424565047,9.276216738074089,721624400
2010-10-21,9.291827201843262,9.448531796980436,9.210172214888509,9.377083883800937,551460000
2010-10-22,9.23028564453125,9.30743710897954,9.19516250527268,9.278317329070678,372778000
2010-10-25,9.271409034729004,9.354264016347692,9.259400717846605,9.278914633592148,392462000
2010-10-26,9.247694969177246,9.298428911922585,9.175645860485242,9.212271231562234,392929600
2010-10-27,9.241089820861816,9.303230860595905,9.174144652447966,9.235686077923344,399002800
2010-10-28,9.163344383239746,9.246199428097878,9.033057252116697,9.244697986529953,551051200
2010-10-29,9.035455703735352,9.182554452058096,9.03215301414189,9.133021322769368,430511200
2010-11-01,9.131518363952637,9.17414710133406,9.072078779009704,9.072679195052029,423889200
2010-11-02,9.28702449798584,9.311941369335267,9.216177791651475,9.216177791651475,433930000
2010-11-03,9.39029598236084,9.392697647531572,9.262109909556617,9.347366618245946,508348400
2010-11-04,9.55450439453125,9.61184293702501,9.45723857706085,9.469847316783536,642488000
2010-11-05,9.52027702331543,9.593526165618686,9.508869921943347,9.546094909042107,361253200
2010-11-08,9.565009117126465,9.599531837089007,9.509171226871722,9.522380379789167,281758400
2010-11-09,9.488757133483887,9.645462501494507,9.441325873183505,9.63795690075438,383544000
2010-11-10,9.547295570373535,9.56951015839713,9.41280480548892,9.505567063605053,384227200
2010-11-11,9.505871772766113,9.558406982997418,9.433822637018135,9.456337841634937,361284000
2010-11-12,9.247095108032227,9.50136527497549,9.115007594529208,9.486355676414844,795846800
2010-11-15,9.217373847961426,9.322444223061929,9.194258237179579,9.26000257421184,403606000
2010-11-16,9.053766250610352,9.234186857618003,8.985620234047785,9.177749354382254,657650000
2010-11-17,9.021045684814453,9.125815486254169,8.938790284189109,9.042059446223979,479449600
2010-11-18,9.259105682373047,9.296330682268925,9.14683106815557,9.16214047763533,494491200
2010-11-19,9.20806884765625,9.258202377354436,9.163339061541297,9.245293835161762,384843200
2010-11-22,9.407103538513184,9.407103538513184,9.182252945458751,9.20656859227872,393075200
2010-11-23,9.268111228942871,9.358773267539792,9.202968079598584,9.319746217113693,519447600
2010-11-24,9.450333595275879,9.468346079456953,9.358772939704977,9.366276939011565,413725200
2010-11-26,9.456335067749023,9.537389620268529,9.394493826226,9.41850966334815,237585600
2010-11-29,9.512472152709961,9.530783636152385,9.347661587117504,9.47134406228852,445785200
2010-11-30,9.340757369995117,9.437122124472525,9.332351546820641,9.412505070890132,501858000
2010-12-01,9.498367309570312,9.53889420176795,9.456338976018804,9.464444194133575,461750800
2010-12-02,9.550899505615234,9.576415984323495,9.45303329647641,9.532286608781106,462837200
2010-12-03,9.529585838317871,9.565909808181882,9.496563756032918,9.51667729360178,342092800
2010-12-06,9.61093807220459,9.676381800675198,9.559002498763542,9.565607073524005,448481600
2010-12-07,9.552698135375977,9.72621350985178,9.549996664807113,9.72051076159454,391454000
2010-12-08,9.636757850646973,9.637058459511438,9.51967991660995,9.595329941005593,321935600
2010-12-09,9.59923267364502,9.68148727200389,9.577017278612182,9.670380776922883,294151200
2010-12-10,9.623249053955078,9.637958847974875,9.564409076252238,9.595930521508176,262511200
2010-12-13,9.656570434570312,9.758339758335849,9.63645769819905,9.737625804257194,439815600
2010-12-14,9.615142822265625,9.682688425702619,9.576416387710596,9.658371976400359,351008000
2010-12-15,9.617244720458984,9.696497234818008,9.582120782066683,9.606436429849541,417312000
2010-12-16,9.643962860107422,9.684790353712081,9.609440136430715,9.639159531257034,322030800
2010-12-17,9.624749183654785,9.660172928023552,9.613341279013193,9.655369599753408,386929200
2010-12-20,9.67278003692627,9.704001668015465,9.553300462905748,9.654467750272229,385610400
2010-12-21,9.732519149780273,9.738222700172175,9.66797644285069,9.696494996433586,256354000
2010-12-22,9.761340141296387,9.778151790099399,9.713007853423033,9.737324301772764,265921600
2010-12-23,9.714509963989258,9.761041006984254,9.70160141929456,9.75653828727053,223157200
2010-12-27,9.746930122375488,9.769745931385158,9.652066795047991,9.691994060003145,249816000
2010-12-28,9.770649909973145,9.806373471918258,9.758341778519386,9.783858264927135,175924000
2010-12-29,9.765247344970703,9.800070687626626,9.759542989492248,9.793165499586799,163139200
2010-12-30,9.716309547424316,9.771846020331244,9.697997261236589,9.770945797192178,157494400
2010-12-31,9.683290481567383,9.710908823021967,9.645764872761994,9.69499819575611,193508000
2011-01-03,9.893728256225586,9.914442206699619,9.751733484427314,9.775749321975749,445138400
2011-01-04,9.945363998413086,9.981687965536205,9.851100285615992,9.979886717458928,309080800
2011-01-05,10.026717185974121,10.036924258026973,9.89162679176862,9.893128232588143,255519600
2011-01-06,10.0186128616333,10.064242875029139,9.99369599809402,10.04833225161674,300428800
2011-01-07,10.090364456176758,10.097268842121014,9.963679034478565,10.026421329087995,311931200
2011-01-10,10.280384063720703,10.303799477852502,10.121878303648987,10.171711210855536,448560000
2011-01-11,10.256075859069824,10.355741745708595,10.190931901234228,10.353340882437598,444108000
2011-01-12,10.33952808380127,10.339828692654546,10.266880142635795,10.30440574700803,302590400
2011-01-13,10.377350807189941,10.40617077170558,10.322414753890506,10.361740794700705,296780400
2011-01-14,10.461411476135254,10.461411476135254,10.340130618428523,10.383659587550452,308840000
2011-01-18,10.22635269165039,10.349735393833738,9.786557921133685,9.892228749277029,1880998000
2011-01-19,10.172019958496094,10.465015883153859,10.113180767381712,10.457510278979418,1135612800
2011-01-20,9.987090110778809,10.15580297888754,9.910238475033102,10.099665291902333,764789200
2011-01-21,9.808174133300781,10.053138320164448,9.805471859714324,10.019815623422998,754401200
2011-01-24,10.130289077758789,10.130289077758789,9.808172663482999,9.81267618491097,574683200
2011-01-25,10.248870849609375,10.250072483772822,10.043833904029476,10.096669734147575,546868000
2011-01-26,10.322415351867676,10.37495054612424,10.251868480368824,10.29569724236189,506875600
2011-01-27,10.303205490112305,10.347635484564108,10.29179838463555,10.320316949951154,285026000
2011-01-28,10.089760780334473,10.338928649353106,10.012610118015449,10.332024265090833,592057200
2011-01-31,10.186426162719727,10.208041142070604,10.03572573147478,10.08075533520853,377246800
2011-02-01,10.357842445373535,10.3764545446037,10.236260979349774,10.245867637854998,426633200
2011-02-02,10.336526870727539,10.364445016326549,10.31341125219901,10.340429976103298,258955200
2011-02-03,10.310111045837402,10.334127695091679,10.163312884577776,10.320918538001827,393797600
2011-02-04,10.401970863342285,10.407975024349824,10.31221066033866,10.316112964181745,321840400
2011-02-07,10.563478469848633,10.604604964338119,10.436192674832398,10.443697474485653,485021600
2011-02-08,10.663146018981934,10.672752677102837,10.571585364449934,10.617515996154992,381040800
2011-02-09,10.752002716064453,10.777220185921903,10.653237098138113,10.662842951698474,482745200
2011-02-10,10.643335342407227,10.807245774815401,10.447003233598018,10.728893456981556,928550000
2011-02-11,10.712677955627441,10.741196514181459,10.613311108239305,10.649635876687606,367572800
2011-02-14,10.782624244689941,10.791629683234088,10.708474871368336,10.710876535413044,310416400
2011-02-15,10.804238319396973,10.806340176228382,10.733691442795855,10.782923952009357,284174800
2011-02-16,10.901205062866211,10.95433987901373,10.822251555051333,10.831256994140723,481157600
2011-02-17,10.756208419799805,10.815348203691352,10.702772188092444,10.72468777673102,530583200
2011-02-18,10.52385139465332,10.79223093962523,10.492629761959982,10.768514907910317,816057200
2011-02-22,10.16511344909668,10.368950336991919,10.13839613103525,10.271384710022714,872555600
2011-02-23,10.285491943359375,10.346131556393436,10.16511053563721,10.169914665411595,671854400
2011-02-24,10.293298721313477,10.361444751393691,10.157908487806857,10.327522441607732,499900800
2011-02-25,10.45180606842041,10.459911286108996,10.350938554174814,10.36474732481111,380018800
2011-02-28,10.60340404510498,10.658640712650529,10.540661776911753,10.544264272833002,403074000
2011-03-01,10.486329078674316,10.678758062282037,10.437396360698475,10.67125326057682,456136800
2011-03-02,10.570680618286133,10.637625791064233,10.45900566181413,10.50583730204391,602590800
2011-03-03,10.794031143188477,10.800935525861956,10.684757844206096,10.722883856551773,500788400
2011-03-04,10.80724048614502,10.815946116838818,10.739694892416646,10.809341541213936,453266800
2011-03-07,10.667947769165039,10.857374607786706,10.546366335135527,10.849268590994175,546123200
2011-03-08,10.67995548248291,10.729188793641478,10.57458447686785,10.65443820288932,356316800
2011-03-09,10.581191062927246,10.649937506642786,10.525054159430754,10.64783564939839,453306000
2011-03-10,10.407074928283691,10.500137828959728,10.353939301059732,10.48062390313167,507539200
2011-03-11,10.566779136657715,10.576686401690514,10.356939752152016,10.366845413937783,471080400
2011-03-14,10.613909721374512,10.701568842278439,10.546364934563433,10.602501818916542,435957200
2011-03-15,10.369850158691406,10.442198297245069,10.209842869679912,10.269882878559407,721081200
2011-03-16,9.906936645507812,10.296898408564537,9.794361454624383,10.266878411103853,1162011200
2011-03-17,10.04593563079834,10.195135464589631,9.926455199538605,10.111679207424022,659422400
2011-03-18,9.926753044128418,10.152804511508528,9.906639504141346,10.120682648656432,753214000
2011-03-21,10.185823440551758,10.199031789985517,10.064541822078693,10.086457405326223,409402000
2011-03-22,10.2428617477417,10.285491282340923,10.181020505020756,10.28369003440011,325922800
2011-03-23,10.182526588439941,10.213446823086556,10.085260758535302,10.185228060771143,372996400
2011-03-24,10.356038093566895,10.386959115552797,10.172615421628434,10.26237560607941,404712000
2011-03-25,10.553274154663086,10.568884174085513,10.41758249967138,10.44910394904891,448910000
2011-03-28,10.520249366760254,10.636728484159114,10.520249366760254,10.601604543951353,309355200
2011-03-29,10.535857200622559,10.535857200622559,10.388759309385195,10.436790979396969,352900800
2011-03-30,10.465911865234375,10.533458267310586,10.430188314142255,10.526252473379001,329406000
2011-03-31,10.462308883666992,10.501034510123574,10.388759933628874,10.397765371282588,274019200
2011-04-01,10.343729019165039,10.55477082304932,10.30590361479351,10.540361641436592,418661600
2011-04-04,10.242565155029297,10.344934107733645,10.158809103554704,10.33622847409933,460084800
2011-04-05,10.173517227172852,10.274384722069128,10.086759109110766,10.116479303766047,482731200
2011-04-06,10.14799976348877,10.323917660746435,10.120981842443747,10.24346431367067,402539200
2011-04-07,10.149200439453125,10.219746514081198,10.087658199994163,10.149800053832264,373447200
2011-04-08,10.058540344238281,10.211342626587596,10.025218454823456,10.2044382426016,377535200
2011-04-11,9.930652618408203,10.076849488370168,9.907237198771908,10.028517208461537,398946800
2011-04-12,9.978689193725586,10.01861566703298,9.912644215924816,9.921349849673451,425639200
2011-04-13,10.09066104888916,10.090960856077757,9.982287964822842,10.057338361662454,346220000
2011-04-14,9.979287147521973,10.086759220374198,9.968480459765605,10.050735057397901,301800800
2011-04-15,9.830385208129883,10.015909730732393,9.810572283171606,10.005702659463024,453605600
2011-04-18,9.962176322937012,9.973584229118265,9.611241520883102,9.789561098861283,609898800
2011-04-19,10.142595291137695,10.146196985326819,9.957970988048569,9.999699497065881,419378400
2011-04-20,10.279187202453613,10.37945427300642,10.251869475956182,10.31220928195755,700666400
2011-04-21,10.528054237365723,10.661043587886384,10.462610490607698,10.657140482716493,753810400
2011-04-25,10.597404479980469,10.619619881126836,10.516049280920727,10.517250915038954,266546000
2011-04-26,10.519648551940918,10.65684000458661,10.487526695827482,10.615712709837295,338800000
2011-04-27,10.511543273925781,10.577588238847923,10.419982630533553,10.574285549708849,356213200
2011-04-28,10.409477233886719,10.499536449153837,10.37255204177619,10.392665581824499,360959200
2011-04-29,10.510940551757812,10.625616778723344,10.407070207421308,10.410372895583889,1006345200
2011-05-02,10.395364761352539,10.521149110326636,10.371949338481546,10.499234326675584,442713600
2011-05-03,10.453003883361816,10.503737837822749,10.375551815134148,10.446699915565189,313348000
2011-05-04,10.494129180908203,10.561974574096121,10.413374445109094,10.454802340423699,389250400
2011-05-05,10.409477233886719,10.535561417858592,10.388462668808945,10.459009561796526,335969200
2011-05-06,10.40677261352539,10.507039682270692,10.393263654119444,10.497733634932475,280134400
2011-05-09,10.434993743896484,10.483026234000096,10.402871880865696,10.442798352178478,204747200
2011-05-10,10.490530967712402,10.49773596142527,10.406774919859533,10.47371931571571,282091600
2011-05-11,10.4238862991333,10.507042738224005,10.364146892854258,10.477623146816775,336000000
2011-05-12,10.404070854187012,10.420582696079828,10.274985413852992,10.39056269573785,322000000
2011-05-13,10.221850395202637,10.394465621216826,10.217347675102877,10.376754548066724,326116000
2011-05-16,10.005705833435059,10.243465818096338,9.984691268273139,10.1828253904479,449775200
2011-05-17,10.090960502624512,10.090960502624512,9.928551587431482,9.966677601328302,452334400
2011-05-18,10.202935218811035,10.238358959785094,10.086757533092811,10.100866907722464,334776400
2011-05-19,10.222750663757324,10.279188171759145,10.16691277020902,10.26928170729851,261170000
2011-05-20,10.06334114074707,10.23535669403534,10.057336981564049,10.193628188525047,337968400
2011-05-23,10.038729667663574,10.086161749948989,9.889230029030815,9.905741075149331,383600000
2011-05-24,9.972384452819824,10.083759649849641,9.94686716605062,10.071751326282078,321927200
2011-05-25,10.110175132751465,10.163611364525087,9.992196173686313,10.009607439124704,294224000
2011-05-26,10.056739807128906,10.113477927261163,10.039628348753638,10.085859587740732,222560800
2011-05-27,10.1290864944458,10.135691070730383,10.036024415306377,10.050734207128453,203599200
2011-05-31,10.441898345947266,10.441898345947266,10.236860636552146,10.239863518971253,417754400
2011-06-01,10.372251510620117,10.570984446388474,10.34643521943563,10.47311982050194,554682800
2011-06-02,10.389959335327148,10.446397629759378,10.335923506180245,10.401967653636854,338783200
2011-06-03,10.310111045837402,10.366849177264918,10.267182487731096,10.30230643645357,313250000
2011-06-06,10.14799976348877,10.418481186027591,10.141095379618584,10.377954304460058,461941200
2011-06-07,9.967878341674805,10.153402884487987,9.963675429517796,10.151902245243676,529785200
2011-06-08,9.973881721496582,10.05073336310732,9.926150655506929,9.960072955684685,333723600
2011-06-09,9.951366424560547,10.016810156717085,9.929151035478686,10.004201422373326,275088800
2011-06-10,9.783555030822754,9.956470830065085,9.771846518054353,9.923148143000201,433955200
2011-06-13,9.804571151733398,9.855905529478166,9.758640519270767,9.8225828343835,329473200
2011-06-14,9.979887962341309,10.004204413605994,9.885924846647985,9.906638801308743,334569200
2011-06-15,9.809074401855469,9.91564545850662,9.75293589490264,9.89913441585826,399196000
2011-06-16,9.761340141296387,9.86701095747328,9.556303278055498,9.813575534167922,510591200
2011-06-17,9.614243507385254,9.884125360297105,9.587225581854417,9.876319950230236,615020000
2011-06-20,9.465944290161133,9.537392206557183,9.32124720897466,9.527185132322412,640645600
2011-06-21,9.765541076660156,9.780550672715204,9.462338258166394,9.50676823367115,493382400
2011-06-22,9.68479061126709,9.873617874413226,9.677885425049201,9.761341662796834,390583200
2011-06-23,9.943567276000977,9.957376049254757,9.550003610662007,9.574619075674418,559759200
2011-06-24,9.797062873840332,10.001199480087516,9.75923747191309,9.947764065619921,439807200
2011-06-27,9.967878341674805,10.023716230137252,9.824082311608732,9.83428938399004,339813600
2011-06-28,10.064543724060059,10.10777287952047,10.00990746488163,10.01621143281125,294299600
2011-06-29,10.02791976928711,10.09786623621475,9.963075636433853,10.087959772037022,352545200
2011-06-30,10.076851844787598,10.090662216024407,9.991895776545366,10.047732867821198,322954800
2011-07-01,10.304705619812012,10.311909811229583,10.032722743872585,10.085257949029137,435313200
2011-07-05,10.48992919921875,10.50193752052543,10.281890243133832,10.296899843143597,355054000
2011-07-06,10.55987548828125,10.630123365114365,10.408274041653023,10.475519036586638,444626000
2011-07-07,10.723184585571289,10.747200424221834,10.627119627722093,10.647233964763366,399663600
2011-07-08,10.798534393310547,10.80724082590151,10.5730834015805,10.607306311089143,489633200
2011-07-11,10.627121925354004,10.800339175098687,10.591698174914509,10.697369811720012,442674400
2011-07-12,10.619619369506836,10.73759835071421,10.465615415203082,10.613013989482043,451609200
2011-07-13,10.747802734375,10.807242321848348,10.698568616808505,10.75710798099182,391638800
2011-07-14,10.740299224853516,10.855576727471787,10.697370670072988,10.83756424192655,430533600
2011-07-15,10.954939842224121,10.957341506314965,10.782324644624056,10.84236464364812,484467200
2011-07-18,11.221524238586426,11.247040729153513,10.965752503618365,10.970255225101049,572653200
2011-07-19,11.313080787658691,11.367116628382018,11.20710935993111,11.347603507760027,819145600
2011-07-20,11.614781379699707,11.896070263492014,11.587763461326226,11.891567544304266,941340400
2011-07-21,11.62649154663086,11.709646368769894,11.524723024222205,11.616284473179823,526534400
2011-07-22,11.806913375854492,11.85944858624712,11.640301502477493,11.657412961843963,516728800
2011-07-25,11.963019371032715,12.00804898255835,11.696440190941956,11.718354179695918,589806000
2011-07-26,12.110410690307617,12.143132952642043,11.998435942287422,12.008041794064821,476582400
2011-07-27,11.785600662231445,12.087303004563621,11.772391505146947,12.025761543310196,659324400
2011-07-28,11.762479782104492,11.917683701187636,11.651705842646493,11.756476424099754,594034000
2011-07-29,11.72225570678711,11.862450064213368,11.52772569491305,11.636999023172054,632584400
2011-08-01,11.910478591918945,11.993032974752307,11.778989911081235,11.94139880918229,612836000
2011-08-02,11.675121307373047,11.945002271496714,11.658310461974501,11.937497472745049,639539600
2011-08-03,11.784996032714844,11.814415615897724,11.474888775638162,11.737263360218261,732508000
2011-08-04,11.328689575195312,11.747469700277591,11.32808915921628,11.690131978338597,871407600
2011-08-05,11.21611499786377,11.51271491755176,10.884393544654635,11.420852864420143,1204590800
2011-08-08,10.60340404510498,11.040496462444812,10.597699692417926,10.857974010552182,1143833600
2011-08-09,11.227823257446289,11.24583573868122,10.65714023548459,10.846267280333613,1082583600
2011-08-10,10.918020248413086,11.247040356947029,10.882296681827048,11.14196991175438,878656800
2011-08-11,11.218518257141113,11.271053463213107,10.948937040851213,11.123053700929145,741969200
2011-08-12,11.317283630371094,11.396835950044801,11.234427820039727,11.34970449330687,528976000
2011-08-15,11.510013580322266,11.556845234777896,11.350306103264442,11.396537341616492,460544000
2011-08-16,11.4220552444458,11.508814179770205,11.289366475543087,11.45327688571584,498750000
2011-08-17,11.42085075378418,11.543332399826294,11.347601611887065,11.476988442094623,442061200
2011-08-18,10.988863945007324,11.18699805846154,10.848369779174591,11.1326608003177,851435200
2011-08-19,10.688060760498047,11.017382129861403,10.687160537290215,10.872384468389793,775888400
2011-08-22,10.700373649597168,10.953744510116747,10.65984675311653,10.942636408120304,535315200
2011-08-23,11.215516090393066,11.216716922578286,10.717181956257594,10.816248206667353,656835200
2011-08-24,11.292967796325684,11.376423225617167,11.125454918422413,11.21161262085469,626267600
2011-08-25,11.2191162109375,11.271050989513949,10.957340461364451,10.95974212522626,871346000
2011-08-26,11.515118598937988,11.521722375073631,11.131460688972574,11.142567987119632,641477200
2011-08-29,11.706942558288574,11.752873978829875,11.647803589755398,11.653206531820537,405269200
2011-08-30,11.707545280456543,11.76308256576075,11.594069045513443,11.655309882800724,417922400
2011-08-31,11.552638053894043,11.770283600478441,11.46347829951181,11.724953403840965,522586400
2011-09-01,11.438567161560059,11.627994058056089,11.429261111550653,11.58236403147022,343725200
2011-09-02,11.229023933410645,11.347603294209563,11.162379357015066,11.24973708410751,438939200
2011-09-06,11.399839401245117,11.417550472886884,11.001771562797886,11.028489677119424,509698000
2011-09-07,11.525622367858887,11.575755901237374,11.467682624885903,11.574555069241836,350576800
2011-09-08,11.531927108764648,11.666117287587403,11.476990243717989,11.47969171507746,416158400
2011-09-09,11.33199405670166,11.587764891246984,11.258143681220341,11.525623831644523,564813200
2011-09-12,11.405841827392578,11.434059775163481,11.164479413533979,11.197502292384646,467832400
2011-09-13,11.546339988708496,11.594071071642638,11.415151055559274,11.471889182946132,440560400
2011-09-14,11.6868314743042,11.774190011525103,11.580560231020062,11.618385643146526,534724400
2011-09-15,11.796703338623047,11.817717898476513,11.704842096134088,11.750772717378569,417818800
2011-09-16,12.023056983947754,12.023056983947754,11.858847584884366,11.874157795055478,698513200
2011-09-19,12.357178688049316,12.405211167039795,11.863949362908823,11.917984398729033,823860800
2011-09-20,12.411818504333496,12.694308286612602,12.343973083619948,12.465854353798361,775754000
2011-09-21,12.372490882873535,12.656180659889754,12.368287970416992,12.597641295966131,605976000
2011-09-22,12.062684059143066,12.302845704416919,11.908981536051272,12.038968824145766,968480800
2011-09-23,12.13713550567627,12.210384675114112,12.00354571363408,12.016454260467578,546277200
2011-09-26,12.103211402893066,12.127527854959013,11.746872852461008,12.003844539019578,812876400
2011-09-27,11.985833168029785,12.285733412545842,11.949809001492383,12.270123394633053,632497600
2011-09-28,11.91828441619873,12.120319168615358,11.90327321613781,12.013747343767607,429637600
2011-09-29,11.724959373474121,12.074393578332556,11.59407104948126,12.065687944426404,651086800
2011-09-30,11.447267532348633,11.67452054382908,11.443064621006855,11.621384136962574,547640800
2011-10-03,11.245532035827637,11.486894425432775,11.202604301694068,11.418749222710872,669099200
2011-10-04,11.182494163513184,11.461681257510977,10.634327851590287,11.244636031987728,1233677200
2011-10-05,11.355110168457031,11.402240828258128,10.816248342133335,11.04320081824055,786469600
2011-10-06,11.328689575195312,11.551138484874556,11.161477332340182,11.207407952301017,812582400
2011-10-07,11.101439476013184,11.339799054237252,11.062113424246835,11.280959880205495,535458000
2011-10-10,11.672121047973633,11.672121047973633,11.353907751467213,11.380326058050645,442514800
2011-10-11,12.016752243041992,12.103511163932591,11.75287619039432,11.78499724815228,605687600
2011-10-12,12.073790550231934,12.28573180718648,12.012249106767138,12.228394077748195,622286000
2011-10-13,12.26111888885498,12.26111888885498,12.09360598063152,12.157548299932426,426185200
2011-10-14,12.668489456176758,12.668489456176758,12.46645305967101,12.513285512263355,573367200
2011-10-17,12.608146667480469,12.809581811519308,12.486564440612183,12.660681861124829,686044800
2011-10-18,12.675689697265625,12.752841934353699,12.488064146264293,12.66127971634303,881602400
2011-10-19,11.966619491577148,12.260816155052156,11.942002432390241,12.048574282128213,1104059600
2011-10-20,11.867253303527832,12.01855496736786,11.834232018408505,12.00804808551757,549270400
2011-10-21,11.794002532958984,11.98222936375544,11.730360032732873,11.951008529712889,621244400
2011-10-24,12.18126392364502,12.203177909656537,11.869955779897897,11.893371207025835,502138000
2011-10-25,11.94110107421875,12.204678113621053,11.929394163465135,12.159047294610648,430427200
2011-10-26,12.026056289672852,12.084595641233443,11.802405761541083,12.06087881085424,456304800
2011-10-27,12.14884090423584,12.278228568587165,12.064785055847064,12.234998609767917,494664800
2011-10-28,12.156646728515625,12.198675054956743,12.083397565707187,12.09810735971803,322842800
2011-10-31,12.151544570922852,12.288136442450437,12.039568960477634,12.080697066869845,385501200
2011-11-01,11.903275489807129,11.993035685550156,11.804509854904866,11.930294212155541,531790000
2011-11-02,11.930295944213867,12.021256985267128,11.861248889811582,12.010750103640236,327350800
2011-11-03,12.10020923614502,12.110115701249903,11.868754033917428,11.980128417783119,441386400
2011-11-04,12.015254020690918,12.111318207685642,11.982832347559901,12.068990068080325,302229200
2011-11-07,11.99993896484375,12.008044981613965,11.891867291891474,12.005343510439557,270275600
2011-11-08,12.19507122039795,12.248207639952934,12.054877680182631,12.074390800974463,400442000
2011-11-09,11.866353034973145,12.034766157696183,11.834832389542173,11.917086997198945,558684000
2011-11-10,11.564352035522461,11.924293134828945,11.472190151740923,11.918889388962047,744752400
2011-11-11,11.546339988708496,11.668821684687426,11.415451664465449,11.606079395414591,653786000
2011-11-14,11.385427474975586,11.56524845010838,11.353606230291089,11.513312869681654,432905200
2011-11-15,11.672719955444336,11.692832686995281,11.391131292626662,11.431658166133621,430810800
2011-11-16,11.550840377807617,11.74206848634652,11.537330615479199,11.685330370412087,349210400
2011-11-17,11.329893112182617,11.545137081503288,11.272554574930489,11.527124597831785,479900400
2011-11-18,11.255741119384766,11.407342558680776,11.253939871306327,11.375221503717256,371938000
2011-11-21,11.077723503112793,11.15787704234262,10.984660617897337,11.119450414848385,447980400
2011-11-22,11.302872657775879,11.345501391297587,11.135660412434571,11.138062076386413,409021200
2011-11-23,11.017084121704102,11.282762258021858,11.013781432040892,11.24283498454003,428271200
2011-11-25,10.914412498474121,11.141964550029538,10.906906897697999,11.06000977047729,254760800
2011-11-28,11.291166305541992,11.30917878862714,11.117350252700312,11.177990675839705,346413200
2011-11-29,11.203506469726562,11.372519972896328,11.11344647114654,11.282759781516042,375855200
2011-11-30,11.473687171936035,11.476088836008135,11.356608453291793,11.446369445551197,405938400
2011-12-01,11.64570426940918,11.677825328118569,11.430159700627692,11.483895738799022,387181200
2011-12-02,11.698837280273438,11.816816211153968,11.665214788016451,11.702739583215694,379055600
2011-12-05,11.79820442199707,11.900273541881198,11.719552328454794,11.812614406439119,357210000
2011-12-06,11.736363410949707,11.846838357309435,11.68923275661652,11.783195059702965,283598000
2011-12-07,11.680526733398438,11.73606401573136,11.61057946582834,11.705743405939923,304746400
2011-12-08,11.727657318115234,11.87295478528125,11.714748774779505,11.75137334957444,376356400
2011-12-09,11.81651496887207,11.829123703401272,11.738763110000498,11.793400158003639,296993200
2011-12-12,11.763080596923828,11.82492183994415,11.691332890992818,11.758277269058409,301067200
2011-12-13,11.672121047973633,11.869954532013917,11.62078667738892,11.797905406591772,338928800
2011-12-14,11.413345336914062,11.629190463247756,11.337995138815613,11.60877632083071,406887600
2011-12-15,11.375823974609375,11.519920640419151,11.356911267181252,11.507612510471649,256200000
2011-12-16,11.438261985778809,11.53222507668922,11.394733032397646,11.418449061306537,421478400
2011-12-19,11.473987579345703,11.553240889086725,11.422051995509992,11.48179298744301,235530400
2011-12-20,11.88646411895752,11.890967639962549,11.625589367937712,11.640598966958386,337215200
2011-12-21,11.90147590637207,11.926993189628751,11.768185937991055,11.908680097897197,262948000
2011-12-22,11.964518547058105,11.981930614640321,11.890969575985483,11.91798669829677,202358800
2011-12-23,12.108014106750488,12.11581951591322,11.992736622448684,11.998740783343093,269399200
2011-12-27,12.204076766967773,12.280928413665086,12.098705760360687,12.101108226044966,265076000
2011-12-28,12.087298393249512,12.25571067289649,12.048272154739482,12.214883988003798,228662000
2011-12-29,12.161747932434082,12.177659357771004,12.023356448795564,12.110113757976837,215978000
2011-12-30,12.158149719238281,12.196575553885717,12.112819499197744,12.113419113765728,179662000
2012-01-03,12.345170974731445,12.383296989805473,12.278226594990754,12.290234914954777,302220800
2012-01-04,12.411515235900879,12.448741028681424,12.286631911776338,12.308246086606042,260022000
2012-01-05,12.549308776855469,12.564918792643642,12.38840048079794,12.45684710936432,271269600
2012-01-06,12.680498123168945,12.691005004338242,12.585034366039993,12.601545408341359,318292800
2012-01-09,12.660383224487305,12.841104447035224,12.648975319561561,12.773559645612751,394024400
2012-01-10,12.70571517944336,12.788571002304106,12.65347977765106,12.785868728901788,258196400
2012-01-11,12.6850004196167,12.694006661014058,12.587735417396091,12.688902723410411,215084800
2012-01-12,12.650178909301758,12.695509128426671,12.570925576840777,12.676897028482514,212587200
2012-01-13,12.602742195129395,12.621955505806708,12.56821947994126,12.599441109791895,226021600
2012-01-17,12.74954605102539,12.788272494612556,12.697310643924856,12.73453564621956,242897200
2012-01-18,12.881937026977539,12.892743718501222,12.797580542857641,12.817393478670962,276791200
2012-01-19,12.841107368469238,12.94977949151752,12.803882366603027,12.913155707460374,261738400
2012-01-20,12.617456436157227,12.833601447782275,12.600945392281302,12.833301640508907,413974400
2012-01-23,12.83089828491211,12.862119921661758,12.67749558088118,12.68860287775915,306062400
2012-01-24,12.620756149291992,12.76155090237645,12.594939061674701,12.76155090237645,547638000
2012-01-25,13.408785820007324,13.642641880185064,13.320826864887957,13.642342072945079,958314000
2012-01-26,13.3478422164917,13.472724726365458,13.30311243051183,13.4598169858352,323985200
2012-01-27,13.427399635314941,13.463423802365517,13.322029407625628,13.339140065310367,299709200
2012-01-30,13.599411964416504,13.626130077151222,13.37065906654058,13.380264921473076,379341200
2012-01-31,13.703585624694824,13.756420649022926,13.60121666282641,13.676867503607651,391683600
2012-02-01,13.694873809814453,13.778930439775435,13.675662102613812,13.761519178805813,270046000
2012-02-02,13.66275405883789,13.72429469566199,13.628531147970437,13.686169481550303,186796400
2012-02-03,13.799650192260742,13.80925685152425,13.675967660738186,13.72820306885973,286599600
2012-02-06,13.928434371948242,13.958754986195943,13.755219526171928,13.76062246980638,249412800
2012-02-07,14.074332237243652,14.10195137800257,13.946745819318618,13.966860159596168,316223600
2012-02-08,14.309988021850586,14.31328910744769,14.100446843914574,14.124463484149937,407890000
2012-02-09,14.805017471313477,14.912489517530682,14.426463645841805,14.432467805120432,884214800
2012-02-10,14.812524795532227,14.938608955390498,14.666326297848823,14.738676028682136,631302000
2012-02-13,15.088109016418457,15.125033397088796,14.92269721810745,14.99594636508615,517216000
2012-02-14,15.294049263000488,15.297050541927334,15.070099665299345,15.149952603071482,460398400
2012-02-15,14.940112113952637,15.799285862084478,14.91669508571355,15.438144816416688,1506120000
2012-02-16,15.076398849487305,15.156852979462874,14.608685269246525,14.754883739979899,944552000
2012-02-17,15.073699951171875,15.243313870091766,15.019062894789935,15.10341934182747,535805200
2012-02-21,15.455857276916504,15.455857276916504,15.133740875203154,15.216596688062054,605595200
2012-02-22,15.401516914367676,15.475065862652507,15.28233635483308,15.402717746242669,483302400
2012-02-23,15.50208854675293,15.545318507550503,15.29525040321278,15.462762493185073,568027600
2012-02-24,15.682806015014648,15.69751580565434,15.56963121054093,15.6005514309526,415072000
2012-02-27,15.78337574005127,15.865630330634026,15.498784957091424,15.64978517850155,547582000
2012-02-28,16.073074340820312,16.073074340820312,15.786081810152998,15.849424516830027,600387200
2012-02-29,16.28411293029785,16.43931849783633,16.081778303255817,16.257696223486036,952011200
2012-03-01,16.34505844116211,16.45733548803171,16.173943803181896,16.4561330521797,683270000
2012-03-02,16.36636734008789,16.414998637024322,16.286512804176187,16.33814858634187,431712400
2012-03-05,16.005521774291992,16.435408342742566,15.790576085196573,16.37356790893767,809124400
2012-03-06,15.918471336364746,16.021439917808337,15.496988747319207,15.720338783122834,810238800
2012-03-07,15.931377410888672,16.14421971771657,15.709528060516861,16.114800129067447,798520800
2012-03-08,16.27060317993164,16.30062237915772,15.974303871697817,16.05145532999505,516457200
2012-03-09,16.366071701049805,16.443223181852787,16.304229631538696,16.33725172226849,418919200
2012-03-12,16.571102142333984,16.571102142333984,16.42099975546674,16.480440133928493,407282400
2012-03-13,17.054426193237305,17.056827857251935,16.683676926402253,16.737414559541325,690855200
2012-03-14,17.699260711669922,17.853563635320914,17.27357453099172,17.353129260372103,1418844000
2012-03-15,17.57857894897461,18.01236953102628,17.368138330984735,18.000361209854063,1159718000
2012-03-16,17.578880310058594,17.687853028646483,17.35162802233989,17.553363026123847,825487600
2012-03-19,18.045089721679688,18.065202454885302,17.6833475051858,17.963134943201844,901236000
2012-03-20,18.190994262695312,18.21921141841153,17.756302565897077,17.997363651077684,816662000
2012-03-21,18.087121963500977,18.301766326821443,18.054401287594704,18.094326957254847,644042000
2012-03-22,17.99226188659668,18.147166067055743,17.877884599125995,17.945429420773294,623870800
2012-03-23,17.89349365234375,18.066108892045456,17.84395971920029,18.02678283540136,430488800
2012-03-26,18.221609115600586,18.22671385447775,17.86977492862431,18.00576395384413,595742000
2012-03-27,18.446765899658203,18.50080175506964,18.193996287742028,18.19759878498596,607129600
2012-03-28,18.54102897644043,18.656005875309607,18.321581259972234,18.563843189239822,655460400
2012-03-29,18.30807113647461,18.50920654655701,18.22911921531158,18.395730294592383,608238400
2012-03-30,17.998558044433594,18.329078617722796,17.950224959828418,18.275342591029865,731038000
2012-04-02,18.571346282958984,18.575548394068278,18.02347821095864,18.067007977737916,598351600
2012-04-03,18.89225959777832,18.97901932099147,18.687823131996165,18.831618374996946,834559600
2012-04-04,18.74185562133789,18.788386657022524,18.52240799113408,18.74305645328937,572980800
2012-04-05,19.023151397705078,19.052570988330135,18.71454390016683,18.822015989428962,641298000
2012-04-09,19.099693298339844,19.20806636525864,18.77157442292512,18.79649048057624,597536800
2012-04-10,18.865840911865234,19.33295335281675,18.79259176065333,19.210771498397474,889725200
2012-04-11,18.798595428466797,19.11890975140626,18.712736741456986,19.098797017693155,696614800
2012-04-12,18.695629119873047,18.95260241272255,18.627483091831596,18.7625743156594,614336800
2012-04-13,18.1690731048584,18.75356568028033,18.11743892993345,18.735853006723513,859644800
2012-04-16,17.415571212768555,18.320676418820945,17.359133703865886,18.314072643490846,1050786800
2012-04-17,18.303264617919922,18.3122700573331,17.16880530971202,17.379847149077197,1025528000
2012-04-18,18.262435913085938,18.61997602736458,18.093421613963677,18.423943809737217,954531200
2012-04-19,17.635021209716797,18.15406940878176,17.547362044773458,18.01867835674549,834719200
2012-04-20,17.2009220123291,17.85055760542598,17.124070378185223,17.75329183010021,1030985200
2012-04-23,17.162500381469727,17.31170177617572,16.70979787112659,17.12977970853604,966529200
2012-04-24,16.81966781616211,17.04211671736104,16.6611612102339,16.889614270994265,1076149200
2012-04-25,18.312273025512695,18.55243468234535,18.192192998720085,18.481587177953173,905777600
2012-04-26,18.243223190307617,18.45306418115573,18.076010935415955,18.440454643064886,536068400
2012-04-27,18.102128982543945,18.19759433453714,18.027079379854328,18.16427244561571,406722400
2012-04-30,17.531152725219727,17.964044029904446,17.50173313016562,17.946031542142435,506144800
2012-05-01,17.475610733032227,17.914804266342305,17.44859281150437,17.55876635467271,610999200
2012-05-02,17.591184616088867,17.633813349129422,17.377441336528374,17.418869237606565,427389200
2012-05-03,17.46630096435547,17.75389460247622,17.4206709539054,17.726876685463303,390549600
2012-05-04,16.9688720703125,17.362435615180352,16.96647040585154,17.324010587052296,529992400
2012-05-07,17.095853805541992,17.194620232407583,16.848187418792065,16.856293435515532,460118400
2012-05-08,17.056833267211914,17.156499148936287,16.773143429305012,17.098860797550895,497252000
2012-05-09,17.086841583251953,17.230939774744723,16.836775211595786,16.922332460664105,480704000
2012-05-10,17.127077102661133,17.287985413124073,17.064637033918462,17.24895916772444,333200000
2012-05-11,17.012699127197266,17.245655735690576,16.941851639331773,16.96136475937728,399546000
2012-05-14,16.757829666137695,17.0367161287358,16.739217568798207,16.8884173612446,352626400
2012-05-15,16.606225967407227,16.90792820090662,16.5635972319994,16.85479338767987,476336000
2012-05-16,16.39338493347168,16.717902999924416,16.242083292928445,16.632645522698034,560896000
2012-05-17,15.914255142211914,16.4360043787021,15.914255142211914,16.370260059777,717220000
2012-05-18,15.922067642211914,16.313229459257908,15.675903487826702,16.029539704560463,732292400
2012-05-21,16.849687576293945,16.857493785609275,16.032240062716763,16.04575062461865,631106000
2012-05-22,16.720306396484375,17.227945802366673,16.58851786341466,17.097957716038934,694870400
2012-05-23,17.12827491760254,17.1955199003169,16.608026123861947,16.736210519421665,584897600
2012-05-24,16.970966339111328,17.30659158284581,16.84818330250521,17.28767808286093,496230000
2012-05-25,16.88001251220703,16.986884980155047,16.765335436188643,16.949059565569122,328507200
2012-05-29,17.179611206054688,17.23154679525286,16.970672826864572,17.138484709354323,380508800
2012-05-30,17.38675880432129,17.411375072961164,17.00820471402289,17.08745806869757,529429600
2012-05-31,17.34351348876953,17.456688252487496,17.155287556500824,17.433872453554624,491674400
2012-06-01,16.840984344482422,17.191019693915756,16.82687576946484,17.08624909518577,520987600
2012-06-04,16.940048217773438,17.036412978144305,16.466032228500314,16.856292994558874,556995600
2012-06-05,16.896223068237305,17.00549720149646,16.761133446059183,16.84939221298187,388214400
2012-06-06,17.15529441833496,17.22704132483768,16.976373656367706,17.044519670108134,401455600
2012-06-07,17.16309928894043,17.331210962220737,17.12647471390571,17.33031154063982,379766800
2012-06-08,17.421276092529297,17.429082304234164,17.08144856215613,17.159501059720256,347516400
2012-06-11,17.14658546447754,17.66683260221807,17.130373433953796,17.643417184318615,591264800
2012-06-12,17.296390533447266,17.310199301745786,17.012400940530718,17.24535757121457,435380400
2012-06-13,17.176315307617188,17.366042033131507,17.122879062918546,17.247162821965606,293580000
2012-06-14,17.157398223876953,17.216538811461113,17.029213789938645,17.148692590863995,345573200
2012-06-15,17.23544692993164,17.250156720970967,17.097954072194145,17.141483830941688,335255200
2012-06-18,17.58517837524414,17.64852105132781,17.122569540027808,17.140282210188335,440412000
2012-06-19,17.634117126464844,17.71186820078196,17.504730270835218,17.51373571013824,361404400
2012-06-20,17.583980560302734,17.689350755319804,17.435680223448376,17.65812912548303,358943200
2012-06-21,17.341724395751953,17.658436331079127,17.33481920852554,17.57498088276624,326351200
2012-06-22,17.474702835083008,17.477404305523834,17.274168756306512,17.38284161736909,284471600
2012-06-25,17.13459014892578,17.405672114622174,17.122581822109566,17.330620873644786,304382400
2012-06-26,17.172409057617188,17.246257834629862,17.03131367596252,17.151393692042916,276536400
2012-06-27,17.246559143066406,17.31380415031431,17.169107862634892,17.26156874557111,202997200
2012-06-28,17.08294677734375,17.231546950193504,16.979678418959093,17.16160048152919,282836400
2012-06-29,17.531755447387695,17.531755447387695,17.23905850831943,17.351633760807896,421500800
2012-07-02,17.787517547607422,17.816036105743496,17.51973841923088,17.553661523098725,400092000
2012-07-03,17.994356155395508,18.01206882905644,17.831948830162116,17.858365532181587,241712800
2012-07-05,18.31047248840332,18.44256083787375,18.001565186095167,18.02888291909787,484383200
2012-07-06,18.18859100341797,18.265442671594325,18.059505532191952,18.224915781677524,418930400
2012-07-09,18.429046630859375,18.429346438043943,18.135450425077178,18.17117397420313,379405600
2012-07-10,18.258541107177734,18.608574962715853,18.17148155263855,18.551536220646675,511957600
2012-07-11,18.145055770874023,18.24202014099985,17.928611031712865,18.195788914529142,469322000
2012-07-12,17.97905731201172,18.116248847884908,17.792331825473727,18.019284407950696,428041600
2012-07-13,18.161272048950195,18.227915835912857,18.01207224480922,18.100632423413998,311427200
2012-07-16,18.219505310058594,18.360898853805864,18.162766405019408,18.165769286317467,301260400
2012-07-17,18.220413208007812,18.357304886317486,18.106635547853653,18.3359897117751,293624800
2012-07-18,18.20001220703125,18.26245392968258,18.118956768304695,18.209918680039763,252700000
2012-07-19,18.44195556640625,18.472875786905284,18.19218732875593,18.350693940798735,436861600
2012-07-20,18.141151428222656,18.44555506566678,18.123138951769747,18.40322614681411,397471200
2012-07-23,18.127050399780273,18.18919227246007,17.643126177652558,17.843960180877023,487975600
2012-07-24,18.039691925048828,18.302667790376407,17.967342178515405,18.233620733537823,565132400
2012-07-25,17.260663986206055,17.43568083529219,17.11146422261362,17.2453545811648,877312800
2012-07-26,17.257963180541992,17.42367318752406,17.122272370443913,17.404459875440224,406632800
2012-07-27,17.56656837463379,17.586682710829084,17.159196151412427,17.2618648793954,403936400
2012-07-30,17.862869262695312,17.995257391289098,17.64642288908582,17.73948657301538,379142400
2012-07-31,18.335086822509766,18.363307180851084,18.09372596314753,18.109035371271677,462327600
2012-08-01,18.216516494750977,18.50441014567314,18.102139174888205,18.489700344720802,384501600
2012-08-02,18.245927810668945,18.332985744050454,18.01957654257809,18.097329228443968,332158400
2012-08-03,18.483379364013672,18.55182516721249,18.359095688759,18.421237526386335,344920800
2012-08-06,18.689023971557617,18.75867063399121,18.470177519691642,18.531116946479717,302103200
2012-08-07,18.639787673950195,18.7625691307982,18.55362918589133,18.69562395351153,290446800
2012-08-08,18.6082706451416,18.728951877148884,18.525414826054593,18.594160465888802,244706000
2012-08-09,18.714393615722656,18.744543314163263,18.62605701195513,18.62756409434447,221642400
2012-08-10,18.743637084960938,18.74544526167314,18.653191216346027,18.653492310776286,194938800
2012-08-13,18.993877410888672,18.993877410888672,18.790371351467588,18.794593114787776,278832400
2012-08-14,19.044822692871094,19.253455346741546,19.000202757667097,19.05025044263916,340169200
2012-08-15,19.01889991760254,19.11447245700195,18.926042058888264,19.0330706795894,257342400
2012-08-16,19.18501853942871,19.19768060651667,19.00894753736835,19.03035422377914,254534000
2012-08-17,19.539871215820312,19.54228319137132,19.259486303602625,19.29536323232602,442761200
2012-08-20,20.053617477416992,20.053617477416992,19.593844546788727,19.59716141681882,613384800
2012-08-21,19.77955436706543,20.346959514184913,19.606800248713842,20.224554175619836,812719600
2012-08-22,20.16576385498047,20.169682912616167,19.539870706967157,19.73011084574003,565322800
2012-08-23,19.977636337280273,20.196818590871114,19.933014786862188,20.082554059893955,420128800
2012-08-24,19.99542808532715,20.184161202138238,19.764185899643806,19.88357550412123,437340400
2012-08-27,20.371089935302734,20.52756249627699,20.30657036346903,20.501030752505287,427008400
2012-08-28,20.34455680847168,20.38375062222248,20.22004053212666,20.34998295062681,267416800
2012-08-29,20.304454803466797,20.43108033112369,20.278225770424683,20.35812046775738,202806800
2012-08-30,20.015026092529297,20.246570995599065,19.984274198619286,20.219135971758405,302699600
2012-08-31,20.05632781982422,20.157627592972275,19.815436141331663,20.116926705003994,338321200
2012-09-04,20.34967613220215,20.354801178380704,20.034016439107155,20.072004253901593,367892000
2012-09-05,20.20676612854004,20.391277411036366,20.18777142026902,20.3677614566159,336375200
2012-09-06,20.388864517211914,20.449766086532716,20.223950139183557,20.295402892508147,391196400
2012-09-07,20.514589309692383,20.57609307553866,20.373793055944486,20.442531138245748,329666400
2012-09-10,19.9809513092041,20.600511809097394,19.96165550545004,20.514889900199726,487998000
2012-09-11,19.916133880615234,20.202849862536645,19.792823627571657,20.052407296294003,503983200
2012-09-12,20.193500518798828,20.196817387719026,19.7777471009575,20.10486283236345,712233200
2012-09-13,20.591171264648438,20.667146898967445,20.34364745910809,20.42203506944138,598360000
2012-09-14,20.841405868530273,21.01325511548558,20.73919960366583,20.801609878764065,600474000
2012-09-17,21.09766960144043,21.09827179022572,20.94179931387699,21.084704831121847,398031200
2012-09-18,21.161890029907227,21.174552097854395,20.996371812609027,21.10068735127805,373503200
2012-09-19,21.167613983154297,21.224594885878975,21.091337278393603,21.112140162431096,326874800
2012-09-20,21.06510353088379,21.106107104148705,20.911946345125052,21.07897158148187,336568400
2012-09-21,21.10702133178711,21.25716282171142,21.085012451963678,21.176967029966182,571589200
2012-09-24,20.82663345336914,20.95717964168488,20.59177332839705,20.70814875518233,639766400
2012-09-25,20.30656623840332,20.88663363743583,20.290284593876112,20.75035859133171,518789600
2012-09-26,20.05451774597168,20.280935936715803,19.934524364847846,20.161847449051677,576503200
2012-09-27,20.541122436523438,20.566749277731574,19.90889815229753,20.02768554926475,594090000
2012-09-28,20.11240577697754,20.534793023246564,20.101852979130364,20.463641339257144,535110800
2012-10-01,19.879955291748047,20.403342809494987,19.79282467196715,20.23480880529855,543594800
2012-10-02,19.937847137451172,20.08979845019356,19.616458485852906,19.952921186850297,627992400
2012-10-03,20.243549346923828,20.255911929935465,19.977636272637323,20.04486888741121,424281200
2012-10-04,20.103351593017578,20.32796153716761,20.065666495433156,20.23751408270458,370725600
2012-10-05,19.674942016601562,20.079239424688446,19.635447117746292,20.055121275153073,594006000
2012-10-08,19.240190505981445,19.523290098391787,19.178082940586254,19.502788306200955,637994000
2012-10-09,19.17024040222168,19.31013173169342,18.799408102397827,19.254657916929833,838597200
2012-10-10,19.322803497314453,19.445509969087446,19.204920977954323,19.287528747828137,510356000
2012-10-11,18.93659019470215,19.512437314369173,18.93659019470215,19.491333332159478,546081200
2012-10-12,18.985130310058594,19.156074654689338,18.852173776471417,18.98060745322727,460014800
2012-10-15,19.13738250732422,19.148537491979255,18.808456981883435,19.064723754792016,432502000
2012-10-16,19.590526580810547,19.605903331788888,19.02402614306563,19.15577833178862,549771600
2012-10-17,19.43435287475586,19.68097177966871,19.41596196070835,19.562788178627997,389037600
2012-10-18,19.073476791381836,19.357479822963096,18.993883164598625,19.283012854640383,476624400
2012-10-19,18.386075973510742,19.047242504651162,18.3794422333017,19.025536327039976,744086000
2012-10-22,19.115371704101562,19.156072580785263,18.4138040686281,18.46385175238312,546730800
2012-10-23,18.492198944091797,19.111460176902778,18.44215285074819,19.024026840542682,707145600
2012-10-24,18.59681510925293,18.889863783306286,18.410192874640565,18.73580322809141,558527200
2012-10-25,18.377023696899414,18.752681643974658,18.256729233831386,18.692382255104242,656325600
2012-10-26,18.20999526977539,18.511485721531052,17.818058970597242,18.37370365442342,1018432800
2012-10-31,17.94829750061035,18.148486551958214,17.718562566962554,17.935031640977154,510003200
2012-11-01,17.985090255737305,18.179851678014526,17.91363748096551,18.035740140497346,361298000
2012-11-02,17.38994598388672,17.99744823587473,17.328141123185528,17.965490364956477,599373600
2012-11-05,17.62570571899414,17.72067441015814,17.41405895307515,17.592541870160517,529135600
2012-11-06,17.572341918945312,17.810217713556305,17.48913200409865,17.7948425809711,374917200
2012-11-07,16.899986267089844,17.40092784002568,16.831840006759464,17.379727464194335,793648800
2012-11-08,16.28667640686035,17.028095797281242,16.212171827754094,16.979635956414075,1056146000
2012-11-09,16.568647384643555,16.805489214901737,16.164622324798508,16.367543881182215,929913600
2012-11-12,16.440528869628906,16.793975058522346,16.313929994679246,16.783374066732236,515802000
2012-11-13,16.442649841308594,16.6722226224981,16.244574331827394,16.321805972022958,532949200
2012-11-14,16.260324478149414,16.580455366469902,16.23912411055855,16.521396159798254,477170400
2012-11-15,15.919302940368652,16.339682466163943,15.828443949681962,16.280018293172294,789910800
2012-11-16,15.981693267822266,16.051958434109785,15.317505398467418,15.906582116446986,1266893600
2012-11-19,17.134103775024414,17.187710466213304,16.35119246200291,16.37632979794421,823317600
2012-11-20,16.988117218017578,17.322483665600608,16.79640322050294,17.32127216952263,642754000
2012-11-21,17.01204490661621,17.183770029975783,16.857581580752058,17.08927656954829,373002000
2012-11-23,17.30884552001953,17.323990023085567,17.03929503973021,17.177704766512637,272826400
2012-11-26,17.854923248291016,17.86915711344602,17.375787084903386,17.442115279041037,630579600
2012-11-27,17.711071014404297,17.881888815954945,17.569329133963752,17.855538358077514,533330000
2012-11-28,17.655330657958984,17.74195018231067,17.331867746016833,17.48360395716547,520864400
2012-11-29,17.849773406982422,17.9978751583431,17.725296637113985,17.875821380551574,514698800
2012-11-30,17.726205825805664,17.820700908808192,17.64746019288437,17.771938592735594,391319600
2012-12-03,17.75377082824707,18.008180236446307,17.732872918350296,17.979710877925164,364280000
2012-12-04,17.440601348876953,17.6208069512728,17.327935443042854,17.6208069512728,557068400
2012-12-05,16.318174362182617,17.240706693436,16.317567805464428,17.230409786587995,1044638000
2012-12-06,16.57410430908203,16.757942828337715,15.707599676820202,16.019856818754526,1177212400
2012-12-07,16.150388717651367,16.815181453677745,16.051956678180012,16.760665744888943,787040800
2012-12-10,16.0465087890625,16.309699500815153,15.796945389599456,15.900525902881595,630484400
2012-12-11,16.396923065185547,16.644365903050012,16.275170125359608,16.347858278652794,592345600
2012-12-12,16.324541091918945,16.59712132435105,16.241858480722332,16.590154815363537,487144000
2012-12-13,16.042566299438477,16.283346695866616,15.924750328193966,16.08678509736105,625259600
2012-12-14,15.439866065979004,15.692457422944814,15.312359699748752,15.590088395768023,1009579200
2012-12-17,15.713656425476074,15.749092290331207,15.180610956481228,15.413818349166473,757607200
2012-12-18,16.170072555541992,16.200358336729018,15.756658055468666,15.900520368560763,625685200
2012-12-19,15.940200805664062,16.164020306188497,15.915668409172975,16.096480598409645,449369200
2012-12-20,15.80148696899414,16.05801522802672,15.715169885169896,16.051957746926337,481689600
2012-12-21,15.72879695892334,15.739093866837559,15.453489732194539,15.52102942538746,596268400
2012-12-24,15.75423812866211,15.877807504314296,15.710019326740811,15.75969067022611,175753200
2012-12-26,15.537080764770508,15.732733330239403,15.480142068747524,15.718800317128162,302436400
2012-12-27,15.599470138549805,15.635510928086063,15.28448767776833,15.553433294829269,455120400
2012-12-28,15.43380069732666,15.581904045695858,15.389279437182259,15.455002683810688,354278400
2012-12-31,16.11767578125,16.215502865973534,15.415933332329917,15.462271030502233,659492400
2013-01-02,16.628313064575195,16.80912523764561,16.404192731860814,16.77338690758647,560518000
2013-01-03,16.41843032836914,16.647700785248464,16.38511498320463,16.593487529731696,352965200
2013-01-04,15.961101531982422,16.313336471665348,15.925665662183171,16.263060173465142,594333600
2013-01-07,15.867205619812012,16.030752726173926,15.603710902916081,15.809660368970986,484156400
2013-01-08,15.909912109375,16.10919919727719,15.786949284644363,16.028030566627333,458707200
2013-01-09,15.661253929138184,15.900821161806622,15.627634515785944,15.824801012268884,407604400
2013-01-10,15.855392456054688,16.013184529287624,15.613400614855145,16.008036076439968,601146000
2013-01-11,15.758176803588867,15.91021553174626,15.719408925502583,15.779377178174853,350506800
2013-01-14,15.196353912353516,15.370501994985872,15.098224364704862,15.224519169378734,734207600
2013-01-15,14.7169189453125,15.11276601587448,14.639989747735587,15.091868111442409,876772400
2013-01-16,15.327796936035156,15.4292585001367,14.916202139920767,14.98101474152689,690804800
2013-01-17,15.224522590637207,15.468937488413317,15.204837800249305,15.45561103089434,453678400
2013-01-18,15.143354415893555,15.210590020142332,15.034321389363392,15.098529062242998,472922800
2013-01-22,15.287821769714355,15.382012757138051,15.041287984383962,15.281461819813957,461546400
2013-01-23,15.567673683166504,15.597354533021216,15.28782451490422,15.410182403130888,861509600
2013-01-24,13.64416217803955,14.105428356738706,13.636589115012745,13.931885196065473,1460852400
2013-01-25,13.322514533996582,13.81770171984114,13.174715280065106,13.680200989042453,1208026400
2013-01-28,13.623870849609375,13.726239846486322,13.20076593499442,13.260430906352767,785517600
2013-01-29,13.87948989868164,13.937944181957278,13.693226818771041,13.88645640572578,571158000
2013-01-30,13.835880279541016,14.010634988219547,13.765312639198672,13.841028734643464,417155200
2013-01-31,13.795292854309082,13.910079276718525,13.779847492479645,13.84042067869292,319334400
2013-02-01,13.738656997680664,13.916137133605936,13.579046833700989,13.904931198989798,539484400
2013-02-04,13.396417617797852,13.808922342863955,13.386725648811655,13.747440127721383,477117200
2013-02-05,13.86646556854248,13.924010817225247,13.39338691536099,13.448811641767477,573347600
2013-02-06,13.851630210876465,14.12875232672303,13.70716128838776,13.824977290326414,593706400
2013-02-07,14.263490676879883,14.31771401506383,13.833958345357447,14.112088652374608,704580800
2013-02-08,14.469422340393066,14.586096312504335,14.264403809492338,14.439568510814292,633158400
2013-02-11,14.62021255493164,14.772834749842675,14.416720091177101,14.515724163717806,517490400
2013-02-12,14.253743171691895,14.694851008941994,14.248868944081723,14.607420771368337,609053200
2013-02-13,14.226630210876465,14.42860153670148,14.111174795322768,14.232722995185128,475207600
2013-02-14,14.213836669921875,14.367675818496215,14.135546422481712,14.150777570325417,355275200
2013-02-15,14.017958641052246,14.322591370685059,14.010647299357524,14.282683223873416,391745200
2013-02-19,14.012779235839844,14.096249577461196,13.825736429237814,14.046594599551687,435783600
2013-02-20,13.673417091369629,13.942711624177074,13.671892675255807,13.942711624177074,476302400
2013-02-21,13.588424682617188,13.683166254198168,13.489724021596322,13.586596847406293,447182400
2013-02-22,13.733124732971191,13.757190008463242,13.60487448285788,13.685602646902858,330654800
2013-02-25,13.489115715026855,13.86442226805647,13.482108606574915,13.825734309155346,372579200
2013-02-26,13.677071571350098,13.755361801708045,13.332532409759676,13.520185251291132,501499600
2013-02-27,13.5430326461792,13.78277837486509,13.423617350662738,13.660620106756793,587350400
2013-02-28,13.446466445922852,13.643562715645105,13.446466445922852,13.527193798147357,322515200
2013-03-01,13.113506317138672,13.348377896456213,13.098579400296895,13.342893576382792,552448400
2013-03-04,12.796077728271484,13.044352586405212,12.764091017575458,13.032167017862754,582755600
2013-03-05,13.133913040161133,13.257289064838735,12.817400650035554,12.83963890414573,638433600
2013-03-06,12.966974258422852,13.259117127382346,12.929504046490722,13.236573828351126,460250000
2013-03-07,13.11685562133789,13.160418623906194,12.82684558597776,12.931639039301787,468473600
2013-03-08,13.151578903198242,13.264597167845906,13.056838172007481,13.093089819989451,391482000
2013-03-11,13.338932991027832,13.373661864496775,12.95113577857843,13.09157162156327,474236000
2013-03-12,13.051359176635742,13.369700247629352,13.025161017133053,13.269781023689907,465911600
2013-03-13,13.04892349243164,13.236272159524846,12.957839202634494,13.05197069842582,405549200
2013-03-14,13.175342559814453,13.240532899036324,13.11289193936597,13.185394431810519,303875600
2013-03-15,13.515315055847168,13.532679085346015,13.320044968655269,13.340760436434602,643960800
2013-03-18,13.882699966430664,13.9357047453047,13.440373622506439,13.447989195554607,606197200
2013-03-19,13.845230102539062,14.042631410990317,13.66275408030969,13.997849044678624,526775200
2013-03-20,13.77181625366211,13.940888198425876,13.695963110413654,13.934491180597012,308660800
2013-03-21,13.791614532470703,13.951546452597396,13.711497269626475,13.71515294004197,383255600
2013-03-22,14.07126522064209,14.077052144294065,13.803189276959781,13.847970011713965,395105200
2013-03-25,14.122143745422363,14.316195291736637,14.067310306029894,14.155957482792797,501135600
2013-03-26,14.047813415527344,14.190989799377283,14.029230827534231,14.178804229068367,294294000
2013-03-27,13.77181625366211,13.915602732735085,13.73069117312345,13.905245811194254,331237200
2013-03-28,13.484853744506836,13.763896810631191,13.453172073604403,13.702970583007742,442839600
2013-04-01,13.065983772277832,13.516535077090168,13.030342198450706,13.461700822836766,389732000
2013-04-02,13.092790603637695,13.347158277175357,12.989519931240423,13.026076641342062,529519200
2013-04-03,13.159806251525879,13.320956713522058,13.108627683908091,13.140918622796365,363216000
2013-04-04,13.029728889465332,13.251501338932473,12.954485043214879,13.213727706304162,358447600
2013-04-05,12.892033576965332,12.945344204806062,12.784802229565113,12.931635037157749,383695200
2013-04-08,12.98373031616211,13.023027553659334,12.870407785044957,12.942300197489166,300829200
2013-04-09,13.007186889648438,13.053490421325046,12.878327354619952,12.98830007262747,306614000
2013-04-10,13.27252197265625,13.314257137880462,12.97763772373607,13.041306098720163,375928000
2013-04-11,13.23109245300293,13.342587148724311,13.135741601581516,13.212509054684237,328364400
2013-04-12,13.093091011047363,13.225605377667387,13.071462038627827,13.225605377667387,238613200
2013-04-15,12.789982795715332,13.034906988088817,12.780843620843562,13.007794509363753,317520000
2013-04-16,12.984642028808594,12.995912457010625,12.811915293829536,12.842378394929348,305771200
2013-04-17,12.270583152770996,12.812829435767222,12.12771105608826,12.802775937379067,945056000
2013-04-18,11.943107604980469,12.361672128261716,11.872737165937469,12.337301804323014,666299200
2013-04-19,11.896801948547363,12.173103587441615,11.731385718775746,11.818815944376205,609274400
2013-04-22,12.144775390625,12.252311834718604,11.919348834348323,11.961082381461935,429920400
2013-04-23,12.372030258178711,12.440572050658032,12.149038411150894,12.306838277014721,664238400
2013-04-24,12.351618766784668,12.649853649642287,11.956815284550682,11.98849776352124,969651200
2013-04-25,12.440574645996094,12.609950024372369,12.398535237328762,12.527394810219477,384837600
2013-04-26,12.709257125854492,12.757084263529263,12.436611123057432,12.484134028238108,764097600
2013-04-29,13.102840423583984,13.209461691050711,12.794552096007196,12.808260451715123,640326400
2013-04-30,13.488507270812988,13.563751943552536,13.162246369814312,13.254550026683816,691538400
2013-05-01,13.382190704345703,13.554003165813898,13.23292154629476,13.539685528479541,506909200
2013-05-02,13.571975708007812,13.665496281830979,13.423009986344073,13.458042274150737,421828400
2013-05-03,13.707840919494629,13.806846621365427,13.682555460313363,13.748355897617847,361300800
2013-05-06,14.034712791442871,14.080101999583608,13.839746953055487,13.882394815064924,496641600
2013-05-07,13.972265243530273,14.188249201184712,13.8211674175535,14.164488151284948,483753200
2013-05-08,14.130059242248535,14.17666862766099,13.885440094220826,13.98383569719982,472598000
2013-05-09,14.00678539276123,14.197827313569025,13.97029460736648,14.100007050468143,398487600
2013-05-10,13.890264511108398,14.096946349595601,13.81390929227518,14.04358907898808,334852000
2013-05-13,13.944539070129395,14.041440619298196,13.845185913404302,13.84549215963879,316948800
2013-05-14,13.610908508300781,13.958647877755553,13.558470793916975,13.917250587223414,447118000
2013-05-15,13.150627136230469,13.523206009639813,12.951612921735558,13.466783002019849,741613600
2013-05-16,13.326336860656738,13.42661121900963,12.845512227322036,12.978597514550717,603204000
2013-05-17,13.285856246948242,13.49529752332775,13.216860782335424,13.463406158976035,427904400
2013-05-20,13.582387924194336,13.670396048440379,13.188957323975975,13.24446076823736,451578400
2013-05-21,13.4821138381958,13.660583335379815,13.31468394460261,13.435810062505693,456022000
2013-05-22,13.533937454223633,13.748592319344432,13.43795628094167,13.616732843710212,443038400
2013-05-23,13.558165550231934,13.681438692120247,13.363443673281866,13.368350164760848,353021200
2013-05-24,13.650461196899414,13.666100222564268,13.503576854117746,13.5186025686028,276166800
2013-05-28,13.536697387695312,13.833226456755826,13.518605931650646,13.796123168247819,386145200
2013-05-29,13.644328117370605,13.722524064719835,13.47413794935408,13.492537284791558,330576400
2013-05-30,13.847636222839355,13.937178017314567,13.630835224631515,13.66579314300279,353519600
2013-05-31,13.790912628173828,14.016912567692662,13.78385913730783,13.875852576457044,384302800
2013-06-03,13.821267127990723,13.871557015977062,13.568588608961278,13.821573374214946,372352400
2013-06-04,13.778030395507812,13.93503482489216,13.719154143908808,13.897929897839264,292728800
2013-06-05,13.649237632751465,13.821267772449493,13.606306659386584,13.665796219476077,290589600
2013-06-06,13.445314407348633,13.707192574494236,13.310082963943374,13.66027549297567,416934000
2013-06-07,13.548043251037598,13.59189378043407,13.270832277172737,13.385212786757357,404535600
2013-06-10,13.458499908447266,13.770974199178053,13.39441093241723,13.637582692275862,450153200
2013-06-11,13.418941497802734,13.57717251588261,13.28769617317777,13.361906011338705,286112400
2013-06-12,13.253047943115234,13.530872246612025,13.231889111430373,13.477208732939458,265227200
2013-06-13,13.368651390075684,13.404835932302658,13.147558023304445,13.262551827052922,285832400
2013-06-14,13.187424659729004,13.378773693654079,13.139893442771635,13.35148174986389,271866000
2013-06-17,13.247220039367676,13.360680171198004,13.196930151400618,13.230048142133125,259414400
2013-06-18,13.240166664123535,13.336147828545423,13.19233002385662,13.233727305358403,195025600
2013-06-19,12.971236228942871,13.236793443566873,12.971236228942871,13.228820397494164,310940000
2013-06-20,12.782340049743652,13.06261590615324,12.731129791420576,12.857775691701013,357310800
2013-06-21,12.67991828918457,12.879240333685928,12.514328360463484,12.83293574780758,481118400
2013-06-24,12.343836784362793,12.531505989758143,12.206151232789148,12.492868188093208,480746000
2013-06-25,12.346593856811523,12.504824071747633,12.23006717094436,12.440735090534824,314162800
2013-06-26,12.20676326751709,12.41283096179396,12.132860480355266,12.385539016971032,367724000
2013-06-27,12.075212478637695,12.30857216498035,12.067853560012486,12.242950295766557,337246000
2013-06-28,12.159537315368652,12.274223241998811,11.924644023262795,12.001000044456262,578516400
2013-07-01,12.548676490783691,12.64220524616618,12.303357675405557,12.348435651544458,391053600
2013-07-02,12.832937240600586,12.929225471894002,12.556341228587737,12.5713669452177,469865200
2013-07-03,12.903772354125977,12.970622457678383,12.801045591619074,12.905612287769806,240928800
2013-07-05,12.800127983093262,12.980131178722248,12.736652305756248,12.891203489895583,274024800
2013-07-08,12.727448463439941,12.909904856386513,12.592523277960147,12.88261373688576,298138400
2013-07-09,12.951305389404297,12.986569560954958,12.584247173541925,12.682987836492003,352584400
2013-07-10,12.901625633239746,13.026432420999894,12.825577497510945,12.866974777128329,281405600
2013-07-11,13.102789878845215,13.132228822851484,12.915121523846642,12.969704594844469,326292400
2013-07-12,13.078869819641113,13.17945040845782,12.983809032092905,13.113827742168144,279563200
2013-07-15,13.107388496398926,13.2306616103051,13.026433861892967,13.032874039917438,241917200
2013-07-16,13.192026138305664,13.207664349865055,13.007116446393953,13.07917848473745,216538000
2013-07-17,13.195395469665527,13.253966283873496,13.131306491958176,13.176690705039256,198990400
2013-07-18,13.239860534667969,13.335227569834965,13.204596365412547,13.289537109140142,218878800
2013-07-19,13.03103256225586,13.30793561929824,13.012633225565953,13.28095074432646,268721600
2013-07-22,13.072736740112305,13.178223819211672,13.046978486301098,13.16933121545449,207796400
2013-07-23,12.848268508911133,13.0926668632853,12.839682152726848,13.063228746636316,369395600
2013-07-24,13.508177757263184,13.633289976277831,13.34718723972279,13.45972698759529,591936800
2013-07-25,13.44654369354248,13.53547220312466,13.364055362664974,13.51400712434979,229493600
2013-07-26,13.522896766662598,13.52442963530768,13.318975287621361,13.348413407631687,200152400
2013-07-29,13.731419563293457,13.79888216977823,13.498673243384914,13.517071763862488,248057600
2013-07-30,13.900995254516602,14.018441494404225,13.775575149440202,13.797960600922096,309422400
2013-07-31,13.87677001953125,14.02426770250132,13.781709224486773,13.952206490642673,322957600
2013-08-01,14.004029273986816,14.00770914179605,13.89915549794422,13.975512345565727,206250800
2013-08-02,14.183723449707031,14.193230182999724,14.00341486477586,14.044812143703108,274783600
2013-08-05,14.39561939239502,14.433030561519887,14.171766507764083,14.249654583564238,318855600
2013-08-06,14.266830444335938,14.470444920514067,14.1723821243663,14.351772027979044,334857600
2013-08-07,14.258545875549316,14.320489490098497,14.160111471570547,14.222361332310523,298858000
2013-08-08,14.230151176452637,14.325531367622386,14.135695790192171,14.318123037386522,255777200
2013-08-09,14.027660369873047,14.213173600473917,14.002967583796089,14.156994586072646,266865200
2013-08-12,14.426159858703613,14.465977576264109,14.094952740890133,14.102052803386327,364434000
2013-08-13,15.111722946166992,15.268837576778338,14.447455845153804,14.53666407778415,881941200
2013-08-14,15.38736629486084,15.56485299505895,15.229943408941251,15.368228933924241,756372400
2013-08-15,15.369150161743164,15.507745571245637,15.096591608369707,15.323158852542822,490294000
2013-08-16,15.505593299865723,15.524422398948603,15.39848404721197,15.438301772588254,362306000
2013-08-19,15.672579765319824,15.857783056094009,15.557135770794684,15.567630079935723,510518400
2013-08-20,15.466697692871094,15.759938358203124,15.458981093545583,15.73339266306561,358688400
2013-08-21,15.506514549255371,15.654367931321376,15.470707621929519,15.544481003066968,335879600
2013-08-22,15.52503490447998,15.606216621575328,15.3781063161075,15.587387527381626,244207600
2013-08-23,15.465157508850098,15.537078007987072,15.413609099387983,15.534608563875327,222731600
2013-08-26,15.525345802307129,15.748517234974008,15.449102967296948,15.456819566446844,330965600
2013-08-27,15.081467628479004,15.511142438320661,15.01078188810524,15.3719288351857,424188800
2013-08-28,15.152778625488281,15.304029596634066,15.001529302836476,15.001529302836476,307608000
2013-08-29,15.17746639251709,15.325629669298461,15.159872024005468,15.175923402830321,239657600
2013-08-30,15.039185523986816,15.216054068348726,15.016960531069543,15.186730661286534,272297200
2013-09-03,15.081168174743652,15.45219310999459,15.043201705421959,15.220688479161245,331928800
2013-09-04,15.393229484558105,15.502809788811827,15.318839569709166,15.420085091144198,345032800
2013-09-05,15.287665367126465,15.454659423809584,15.23735169199961,15.44138575282497,236367600
2013-09-06,15.378721237182617,15.4145265111352,15.12344875642269,15.385513029479332,359525600
2013-09-09,15.624122619628906,15.678140470365827,15.541089626349855,15.588007413514879,340687200
2013-09-10,15.268218040466309,15.663628983856064,15.109560433860828,15.625044345434885,743195600
2013-09-11,14.436962127685547,14.621547242603237,14.347445633291766,14.415353674801423,898696400
2013-09-12,14.590682029724121,14.674331542490402,14.384486796759596,14.461347812717023,404051200
2013-09-13,14.350228309631348,14.564138549544428,14.34405634780742,14.487279161702878,298835600
2013-09-16,13.894003868103027,14.248668989603512,13.804489025728824,14.229841546006602,543706800
2013-09-17,14.054513931274414,14.19002173636763,13.8131316382539,13.827330111815876,399380800
2013-09-18,14.343429565429688,14.39497794431763,14.219342545153635,14.297128340043512,456862000
2013-09-19,14.578643798828125,14.687605936801674,14.484498322419318,14.529256575439376,404541200
2013-09-20,14.427700996398926,14.771561907935999,14.384177470521005,14.754585721681515,699302800
2013-09-23,15.14474868774414,15.338286761682689,14.896574596118263,15.313284061858784,762106800
2013-09-24,15.097213745117188,15.293837811957577,15.057704300472764,15.275626903834452,364344400
2013-09-25,14.863550186157227,15.113883857325456,14.860464205804611,15.100303565581411,316957200
2013-09-26,15.008313179016113,15.080541912566105,14.936700981956996,15.00152303515003,237221600
2013-09-27,14.901206016540527,14.960471006965175,14.838545129471145,14.932998862506697,228040400
2013-09-30,14.716004371643066,14.867561937160001,14.643773971579002,14.731437569684873,260156400
2013-10-01,15.06202220916748,15.098445667153463,14.76631219602236,14.768473370650993,353883600
2013-10-02,15.111413955688477,15.180556728128224,14.932075971496893,14.990106247715188,289184000
2013-10-03,14.921577453613281,15.197531959405318,14.839162672298288,15.140734766233601,322753200
2013-10-04,14.90985107421875,14.95831184465445,14.77310851859602,14.93547031541143,258868400
2013-10-07,15.055542945861816,15.206792226242639,14.981461295605317,15.018811213268405,312292400
2013-10-08,14.845335960388184,15.144748521458611,14.832988744747327,15.123140069840407,290917200
2013-10-09,15.019733428955078,15.056773423451427,14.763226233101843,14.95954199546693,301725200
2013-10-10,15.113887786865234,15.19846378214038,15.03363249490587,15.165746117619848,278602800
2013-10-11,15.211734771728516,15.243527625385777,14.975599557768794,15.032086850282521,267738800
2013-10-14,15.311433792114258,15.358969756793222,15.104931930294322,15.119748591777693,261898000
2013-10-15,15.392919540405273,15.495399772267424,15.29537984283664,15.356804350114182,320073600
2013-10-16,15.46792984008789,15.511761633575322,15.409899572144587,15.458052067077373,251101200
2013-10-17,15.572568893432617,15.581211944417419,15.42378906557066,15.43304865309338,253593200
2013-10-18,15.70808219909668,15.719502965486567,15.609924272722623,15.618567326732753,290542000
2013-10-21,16.09299087524414,16.183740424060144,15.789256009315919,15.79697260582832,398106800
2013-10-22,16.046998977661133,16.311840961835525,15.681529666958962,16.24887181569503,534063600
2013-10-23,16.204118728637695,16.226035453707308,16.020148469063145,16.020148469063145,313723200
2013-10-24,16.41864585876465,16.435931963424817,16.12664158040544,16.20535220783336,384764800
2013-10-25,16.234983444213867,16.45938791367264,16.20874602227769,16.400431193508943,337792000
2013-10-28,16.35598373413086,16.390555940847904,16.15009842927145,16.330054579093076,550440800
2013-10-29,15.948533058166504,16.645209477491683,15.882477924824116,16.553225190359864,635807200
2013-10-30,16.202268600463867,16.28314041494123,15.959033323319778,16.038980332710878,354163600
2013-10-31,16.134355545043945,16.282210582079113,16.0902154811395,16.20535121774236,275696400
2013-11-01,16.051939010620117,16.19917584654342,15.922604812948945,16.175099600533073,274890000
2013-11-04,16.259370803833008,16.261531979139342,16.014284292529716,16.084970056038717,244627600
2013-11-05,16.219236373901367,16.325420757338183,16.143611754800194,16.192382421963316,265213200
2013-11-06,16.173294067382812,16.295621756588307,16.08884443622151,16.273577071695225,223375600
2013-11-07,15.911559104919434,16.243768057499704,15.90814503957795,16.131687558831537,262620400
2013-11-08,16.1621150970459,16.179812193598107,15.914665813435962,15.9764506173082,279316800
2013-11-11,16.115234375,16.196578346885218,15.971173733201892,16.144418916749597,227452400
2013-11-12,16.14504051208496,16.266436332138877,16.05158730276341,16.07238839768612,204276800
2013-11-13,16.16428565979004,16.214583010069585,16.05033979339555,16.08262998260053,197220800
2013-11-14,16.398080825805664,16.432853232795853,16.202790923059464,16.231975470073642,282419200
2013-11-15,16.299657821655273,16.426951577240068,16.284134516460732,16.349023324993432,317920400
2013-11-18,16.10218620300293,16.367954275903237,16.088836697722144,16.299649777016548,244944000
2013-11-19,16.130752563476562,16.249664485968847,16.081697146521474,16.114607469851695,208938800
2013-11-20,15.989487648010254,16.15776673205488,15.968686557148875,16.12081888768149,193916800
2013-11-21,16.18012237548828,16.182296168587044,15.948198051834614,16.070214003595527,262026800
2013-11-22,16.138521194458008,16.211793454487886,16.099091134636545,16.12982767874548,223725600
2013-11-25,16.260841369628906,16.326972082341506,16.175771635262887,16.17639177132473,229311600
2013-11-26,16.560760498046875,16.64583189277362,16.26891517418895,16.272639306893826,401382800
2013-11-27,16.950727462768555,16.95196939371313,16.56076943676456,16.651118669393604,363448400
2013-11-29,17.26461410522461,17.334780695338967,17.008161245616478,17.060010603389383,318127600
2013-12-02,17.114343643188477,17.5210651233409,17.101614269493027,17.324535001336642,472544800
2013-12-03,17.58285140991211,17.584715134966423,17.31460101908724,17.333850115311037,450968000
2013-12-04,17.541868209838867,17.67195753662391,17.412088951169824,17.55739151305802,377809600
2013-12-05,17.63190460205078,17.856689049217128,17.585644763363398,17.779380947888743,447580000
2013-12-06,17.387250900268555,17.596201996706874,17.37328125341541,17.56639566177131,344352400
2013-12-09,17.586265563964844,17.68406469327205,17.414572395839432,17.414572395839432,320493600
2013-12-10,17.558944702148438,17.63128674894003,17.42388764387828,17.49778168947335,278269600
2013-12-11,17.42885398864746,17.727222418790777,17.377006289128992,17.60396288253748,359718800
2013-12-12,17.403392791748047,17.55242112273046,17.3875594228196,17.45307000748753,262290000
2013-12-13,17.21369743347168,17.476049915647238,17.190102407329096,17.475118053054675,332822000
2013-12-16,17.309011459350586,17.46859706202867,17.23170500650981,17.232015074645307,282592800
2013-12-17,17.231081008911133,17.369242046443695,17.18109372075293,17.256539755134007,229902400
2013-12-18,17.100059509277344,17.121172327410115,16.72842051873684,17.066839112568786,565863200
2013-12-19,16.904151916503906,17.076155166687492,16.881487096611107,17.060631862580653,320308800
2013-12-20,17.045724868774414,17.1261386169365,16.91532549568513,16.93426451936716,436413600
2013-12-23,17.699899673461914,17.719458836022046,17.47232128921807,17.63500921679943,501306400
2013-12-24,17.624765396118164,17.75547485589803,17.57384624350647,17.69369005454934,167554800
2013-12-26,17.507713317871094,17.681580257032973,17.491568222727,17.638112693183494,204008000
2013-12-27,17.389429092407227,17.523554317310417,17.37111185468309,17.50523707958628,225884400
2013-12-30,17.216493606567383,17.38942875535419,17.148189064503224,17.30777469957059,253629600
2013-12-31,17.418298721313477,17.426370441093376,17.200344047955127,17.20562349655398,223084400
2014-01-02,17.173330307006836,17.294416031303555,17.138867982714352,17.252502124766533,234684800
2014-01-03,16.796104431152344,17.191028363532638,16.779027473022285,17.164949482333537,392467600
2014-01-06,16.88770294189453,16.976808597231678,16.566981280092346,16.686515076650803,412610800
2014-01-07,16.766923904418945,16.95072467968269,16.701103233281906,16.89980717743369,317209200
2014-01-08,16.873106002807617,16.938304877611017,16.72500949707428,16.72873363106905,258529600
2014-01-09,16.657629013061523,16.978660519940444,16.621302967916062,16.97679679551359,279148800
2014-01-10,16.546480178833008,16.790513689793368,16.489663108769697,16.760397293261533,304976000
2014-01-13,16.633102416992188,16.84329372569798,16.451473846295833,16.4524057085251,378492800
2014-01-14,16.964075088500977,16.974630670263807,16.693029105396537,16.710416134985767,332561600
2014-01-15,17.304664611816406,17.39284002589908,17.127693647413015,17.185442590992526,391638800
2014-01-16,17.208106994628906,17.28883082319767,17.12831337039477,17.228287951771097,229278000
2014-01-17,16.786479949951172,17.14042185466382,16.762573202166354,17.122104623232353,426739600
2014-01-21,17.047279357910156,17.078325960671624,16.77871729018589,16.79641438435771,328526800
2014-01-22,17.12303924560547,17.30249242978829,17.008163142106618,17.104410284955225,379985200
2014-01-23,17.26802635192871,17.277961795454527,16.915016329271936,17.074290177529512,403239200
2014-01-24,16.954133987426758,17.250636963486897,16.913150288494997,17.200339616584117,429354800
2014-01-27,17.0916805267334,17.225185600842796,16.944205803742147,17.078331014193598,554878800
2014-01-28,15.725584983825684,15.989487736932679,15.588042433196886,15.79575156548183,1065523200
2014-01-29,15.547066688537598,15.752602111357238,15.480935939420439,15.646419504432869,502810000
2014-01-30,15.516946792602539,15.725587824928015,15.421321449081576,15.602638349072224,678501600
2014-01-31,15.542403221130371,15.571277689813721,15.323518366303691,15.374125788991446,464797200
2014-02-03,15.57127857208252,15.763774488172311,15.502043846678495,15.60481069642321,401464000
2014-02-04,15.796685218811035,15.817487972448294,15.609468726667785,15.705405800053576,376681200
2014-02-05,15.91466236114502,15.99818010338004,15.717820548687191,15.727445923296065,328344800
2014-02-06,16.007429122924805,16.038351312620534,15.86063129002144,15.930907629112543,257765200
2014-02-07,16.231369018554688,16.332877782916878,16.15953307334029,16.284466167304622,370280400
2014-02-10,16.522153854370117,16.615854517655503,16.178898903808346,16.199512582679013,345559200
2014-02-11,16.739850997924805,16.795757133692618,16.538081156811717,16.5727514346472,282256800
2014-02-12,16.738603591918945,16.852294104724493,16.65489949815013,16.77077514801626,308100800
2014-02-13,17.004396438598633,17.01751392936405,16.684877782877887,16.699244637908727,307398000
2014-02-14,16.99065399169922,17.052810289065697,16.903827333973936,16.94317981143066,272924400
2014-02-18,17.05312156677246,17.21553393229013,17.041251771122766,17.053433490857127,260251600
2014-02-19,16.783891677856445,17.08123376927398,16.689567156177315,17.014393599715294,313768000
2014-02-20,16.589618682861328,16.772334484863947,16.522466593130535,16.64708778086657,305858000
2014-02-21,16.40534019470215,16.69643542141132,16.385038440653585,16.640839540839576,278784800
2014-02-24,16.47718048095703,16.55120492252324,16.316954879102877,16.339755367898416,288909600
2014-02-25,16.305707931518555,16.540269860762834,16.272600606356306,16.534336630432215,231952000
2014-02-26,16.15859603881836,16.397531546149196,16.103937600331196,16.35411738664891,276217200
2014-02-27,16.480928421020508,16.515597036627724,16.11799552149112,16.15204028883828,301882000
2014-02-28,16.436264038085938,16.639593523166553,16.30758116274012,16.524965581422787,371968800
2014-03-03,16.48373794555664,16.57400244404136,16.329132010474165,16.34818440175355,238781200
2014-03-04,16.59242820739746,16.63615596119944,16.484048765263964,16.58493368907466,259140000
2014-03-05,16.62741470336914,16.702061326127954,16.526529753511582,16.582439241604135,200062800
2014-03-06,16.577125549316406,16.692377341033673,16.4943572350632,16.64084147168327,185488800
2014-03-07,16.567453384399414,16.615553110906077,16.430338471839615,16.58775515202712,220729600
2014-03-10,16.582439422607422,16.65771156256815,16.5018562315091,16.502481747896226,178584000
2014-03-11,16.743906021118164,16.82667430807892,16.63458916391824,16.723917863466998,279224400
2014-03-12,16.76015853881836,16.783270955627334,16.616172986064996,16.69456938312078,199326400
2014-03-13,16.574007034301758,16.855419371736293,16.527468611616268,16.786082126066383,257742800
2014-03-14,16.387859344482422,16.581505919570056,16.33507408909318,16.515915089662776,237199200
2014-03-17,16.451885223388672,16.552768518034636,16.424087271912562,16.481869980408444,199544800
2014-03-18,16.597429275512695,16.61523230499406,16.403782756394325,16.42564580402969,209647200
2014-03-19,16.59305763244629,16.748599366074764,16.522469361559086,16.62429174966267,224756000
2014-03-20,16.513097763061523,16.637095106856005,16.4709329614629,16.550265106570524,208398400
2014-03-21,16.643342971801758,16.670828995770794,16.4390776772757,16.613983734765768,374046400
2014-03-24,16.840736389160156,16.88165182591879,16.71174158827731,16.81668653930138,355700800
2014-03-25,17.021886825561523,17.04562474793679,16.853225976349925,16.91288354038277,282293200
2014-03-26,16.859163284301758,17.147135966664028,16.830429568519456,17.06967703482943,299768000
2014-03-27,16.78670883178711,16.912893032452214,16.713623479204866,16.866666526093393,222031600
2014-03-28,16.76796531677246,16.83293061886204,16.686446347957922,16.813566298324954,200564000
2014-03-31,16.76421546936035,16.891335393786385,16.738914586082863,16.84198632787364,168669200
2014-04-01,16.917572021484375,16.924444361226517,16.765152867047988,16.796073391756742,200760000
2014-04-02,16.9456787109375,16.974726017199472,16.874154681696254,16.940369329070506,180420800
2014-04-03,16.828245162963867,16.94412081909781,16.79232717909313,16.90945219991937,162344000
2014-04-04,16.610546112060547,16.86603533800292,16.57181747698948,16.86010210710673,275251200
2014-04-07,16.349746704101562,16.581811583168722,16.300399306223966,16.491859003215193,289850400
2014-04-08,16.34881019592285,16.43251594933155,16.200763004822676,16.403468641734023,243888400
2014-04-09,16.563701629638672,16.569011013590977,16.304464244290447,16.323828566722835,206169600
2014-04-10,16.350053787231445,16.623657843791907,16.340370798770195,16.574932645524626,239652000
2014-04-11,16.229185104370117,16.329756436070728,16.152038104035864,16.210131046319994,271717600
2014-04-14,16.293842315673828,16.308833023912417,16.154228730621913,16.30071298744803,205674000
2014-04-15,16.17765235900879,16.29259056938475,15.970574757799707,16.249801915674418,266490000
2014-04-16,16.210447311401367,16.2754126025896,16.058340090353177,16.180462560986708,214765600
2014-04-17,16.395658493041992,16.483737854234676,16.216378861543838,16.24136615096635,284334400
2014-04-21,16.59024429321289,16.620539296953954,16.365050097636306,16.40815233839553,182548800
2014-04-22,16.60679817199707,16.610858189619933,16.444384122735507,16.500915781427516,202563200
2014-04-23,16.389732360839844,16.58900191017491,16.380361289226336,16.524348521826827,394940000
2014-04-24,17.733381271362305,17.803032071443855,17.51349818587638,17.74712427696322,759911600
2014-04-25,17.863632202148438,17.86519182287072,17.61438979833563,17.632191159135846,390275200
2014-04-28,18.555452346801758,18.60730014666007,17.882683649402768,17.890493429634297,669485600
2014-04-29,18.500476837158203,18.614479257060204,18.412399146352946,18.544516516582487,337377600
2014-04-30,18.430517196655273,18.72223800381445,18.421459719968055,18.5101629419336,456640800
2014-05-01,18.47392463684082,18.577618519399184,18.314009370680274,18.49016470183862,244048000
2014-05-02,18.508291244506836,18.558891355476884,18.418652234669374,18.500796723373213,191514400
2014-05-05,18.77002716064453,18.771278193539025,18.427709531789475,18.43208314278863,287067200
2014-05-06,18.565448760986328,18.87778161390211,18.565448760986328,18.796262647548684,374564400
2014-05-07,18.500476837158203,18.655394691368144,18.35680326288914,18.591678773079803,282864400
2014-05-08,18.467498779296875,18.66913756140837,18.41756042188644,18.47566416703952,230297200
2014-05-09,18.390554428100586,18.412853255421886,18.22691787039358,18.359145857197067,291597600
2014-05-12,18.619516372680664,18.645584226990117,18.448970778001193,18.45179880723778,213208800
2014-05-13,18.648723602294922,18.673221446646252,18.552617577648984,18.593446199994467,159737200
2014-05-14,18.652172088623047,18.763042196055423,18.585273960166433,18.606945444750327,166404000
2014-05-15,18.493562698364258,18.737915397087587,18.46906486298287,18.678241655798427,230846000
2014-05-16,18.766498565673828,18.767125898156042,18.386148894539712,18.487595601823745,276256400
2014-05-19,18.988868713378906,19.074925658264494,18.76084674388876,18.777179196327136,317755200
2014-05-20,18.992639541625977,19.045717920383503,18.86763596753529,18.986357828554087,234836000
2014-05-21,19.042892456054688,19.055140539095543,18.909409821117926,18.96500088769421,196859600
2014-05-22,19.073043823242188,19.154077090450485,18.97348243619156,19.05200134058584,200760000
2014-05-23,19.288501739501953,19.307346879753563,19.047917986383247,19.072415830030312,232209600
2014-05-27,19.64969825744629,19.65692097189407,19.33561920740232,19.34347093204934,348866000
2014-05-28,19.59881019592285,19.781603849188176,19.591585806697477,19.661939314308327,315481600
2014-05-29,19.955913543701172,20.0027118782252,19.71689985625793,19.719412541029143,376474000
2014-05-30,19.881162643432617,20.23198743004681,19.752390071711638,20.037573068825512,564020800
2014-06-02,19.744543075561523,19.938643816982648,19.551385010445543,19.911319623013256,369350800
2014-06-03,20.023759841918945,20.06145012381482,19.731981371688914,19.73857675168066,292709200
2014-06-04,20.252403259277344,20.34882627755347,19.978841000015418,20.02061396421736,335482000
2014-06-05,20.33186912536621,20.395313589419587,20.182996717302725,20.295750532820172,303805600
2014-06-06,20.275962829589844,20.454675472769054,20.24141592315758,20.411959823166995,349938400
2014-06-09,20.600406646728516,20.639980601946515,20.171690196333557,20.38055171270853,301660000
2014-06-10,20.721328735351562,20.89721336373096,20.571827304437114,20.826859847851225,251108000
2014-06-11,20.635583877563477,20.83345365016564,20.54984058899587,20.694943970664124,182724000
2014-06-12,20.290409088134766,20.692743960989752,20.204665810622693,20.675155166279637,218996000
2014-06-13,20.068363189697266,20.32339578286016,19.980420858352804,20.27062937763721,218100000
2014-06-16,20.27062225341797,20.39154312618837,20.10573106910917,20.118923504458582,142244000
2014-06-17,20.24424171447754,20.38055069324112,20.182682604408832,20.29480740745114,118904000
2014-06-18,20.26622772216797,20.29041189890459,20.083747725831646,20.286013860937924,134056000
2014-06-19,20.195878982543945,20.29261571234605,20.081553451439568,20.29041669284316,142112000
2014-06-20,19.987010955810547,20.347572879119408,19.984811937018698,20.19367343352766,403592000
2014-06-23,19.969423294067383,20.143108886568083,19.91885592314289,20.07715173794656,174776000
2014-06-24,19.848508834838867,20.16949692875605,19.828722690267774,19.951840951671485,156144000
2014-06-25,19.866085052490234,19.940834898887385,19.709988304990787,19.833106488402308,147476000
2014-06-26,19.984811782836914,20.017790355020708,19.742971715755512,19.868288948166047,130516000
2014-06-27,20.222259521484375,20.22665588255079,19.956233549560814,19.967226968267145,256116000
2014-06-30,20.431123733520508,20.607008391693135,20.24644467470321,20.248643694204482,197929200
2014-07-01,20.560834884643555,20.681755782196653,20.475091585418706,20.560834884643555,152892000
2014-07-02,20.552038192749023,20.679552768658677,20.466293232725796,20.637781475412364,113860000
2014-07-03,20.672964096069336,20.6883538780179,20.49048405485037,20.593816166802327,91567200
2014-07-07,21.099475860595703,21.103872220732264,20.68834657739378,20.697140975026745,225872000
2014-07-08,20.963167190551758,21.281957844715365,20.648774574299374,21.16543332310798,260888000
2014-07-09,20.971969604492188,21.095087875302163,20.833461549830968,20.982963026111925,145744000
2014-07-10,20.8950138092041,21.00714029885693,20.560833359318064,20.61359975289591,158744000
2014-07-11,20.934589385986328,21.081891805398428,20.85544146685381,20.96536894594228,136072000
2014-07-14,21.205005645751953,21.301742344034803,21.029122722117517,21.07529205247255,171240000
2014-07-15,20.956567764282227,21.292945473055394,20.892809645761346,21.281953735119867,181911600
2014-07-16,20.83784294128418,21.34790613908129,20.82904854577878,21.319325611708315,213585200
2014-07-17,20.466297149658203,20.9477800424237,20.3519733100139,20.892816303153126,229192000
2014-07-18,20.760900497436523,20.82905498698025,20.45090425010548,20.582818546120365,199952000
2014-07-21,20.653169631958008,20.886215286824292,20.604801286074117,20.884016268186002,156316000
2014-07-22,20.82466697692871,20.862041926351747,20.692754305378763,20.8158725751773,220788000
2014-07-23,21.367700576782227,21.519399333570387,20.923592691469764,20.97855642240923,371672000
2014-07-24,21.33252716064453,21.396285302301017,21.19841549670508,21.334726179973455,182916000
2014-07-25,21.47323226928711,21.510607207707828,21.246781942271987,21.292951279855252,173876000
2014-07-28,21.77003288269043,21.81840123222899,21.44684756755163,21.506207656392668,221272000
2014-07-29,21.62932586669922,21.862373216480414,21.60074533168751,21.838189041716706,172572000
2014-07-30,21.578758239746094,21.699677425356242,21.473227152303313,21.642516360461148,132040000
2014-07-31,21.01813316345215,21.424864490877702,20.95877306420287,21.36110803060855,227372000
2014-08-01,21.134647369384766,21.242377459918142,20.844439017414658,20.864226827305078,194044000
2014-08-04,21.015933990478516,21.23359159997358,20.923595313495245,21.187422261481945,159832000
2014-08-05,20.91260528564453,21.035723531708886,20.74551503929984,20.965370008620642,223732000
2014-08-06,20.877424240112305,20.991749744614264,20.822460506852526,20.831254905457293,154232000
2014-08-07,20.87520980834961,21.200002606245338,20.791248320467993,20.97463593423769,186844000
2014-08-08,20.932666778564453,20.950343068504324,20.610082072828853,20.826612410332803,167460000
2014-08-11,21.208847045898438,21.228733288404495,20.954755921742663,21.0497638486634,146340000
2014-08-12,21.204423904418945,21.405486125775493,21.124882324230892,21.21989022913868,135180000
2014-08-13,21.485031127929688,21.485031127929688,21.21989360887581,21.244198078121126,127664000
2014-08-14,21.54248046875,21.55794679755584,21.387817180691624,21.504919625322025,112464000
2014-08-15,21.648536682128906,21.694935668939088,21.40107373343785,21.63086039600024,195804000
2014-08-18,21.909257888793945,21.955656879598745,21.648538545912047,21.761221086850743,190288000
2014-08-19,22.211952209472656,22.24509482127637,21.944604729475,21.964490970838533,277596000
2014-08-20,22.220787048339844,22.335679508382526,22.083798393243985,22.192064354754926,210796000
2014-08-21,22.22300148010254,22.3025430783431,22.119155410971622,22.220791523011595,133912000
2014-08-22,22.386503219604492,22.419645833620955,22.136832007326767,22.158926521436616,176736000
2014-08-25,22.435108184814453,22.574305116162982,22.377661109750253,22.490345303148437,161080000
2014-08-26,22.29149055480957,22.426269253653285,22.284862370555455,22.408592971840303,132608000
2014-08-27,22.565465927124023,22.66268379030253,22.24950955749687,22.32021299825315,209476000
2014-08-28,22.591989517211914,22.709091980449177,22.439534476399196,22.446162663268673,273840000
2014-08-29,22.647220611572266,22.73560034622149,22.580935389159542,22.72676220418624,178380000
2014-09-02,22.8239803314209,22.921196523469327,22.69582979905792,22.770951478627303,214256000
2014-09-03,21.860647201538086,22.801886687049333,21.781105599142286,22.779792172095707,501684000
2014-09-04,21.679466247558594,22.114733352890685,21.606552841956066,21.840757699791013,342872000
2014-09-05,21.867267608642578,21.96006554985899,21.721440827557213,21.82970677801253,233828000
2014-09-08,21.732498168945312,21.942398604183865,21.664004662106038,21.940190332527056,185426800
2014-09-09,21.650745391845703,22.775374255419965,21.241990959641473,21.891580159539053,759385200
2014-09-10,22.31580352783203,22.340108003164183,21.599930698540188,21.655167835985317,403478400
2014-09-11,22.41080665588379,22.41301661290373,22.010890406142867,22.18543992524556,249412400
2014-09-12,22.461627960205078,22.578730409261613,22.333477410568182,22.362200112092257,250504400
2014-09-15,22.454998016357422,22.76874620337575,22.413018942834444,22.7157173436044,245266000
2014-09-16,22.284873962402344,22.373253731736444,21.84960498913761,22.050669006515285,267632400
2014-09-17,22.44395637512207,22.492565330732713,22.225216074874186,22.3754611714417,243706000
2014-09-18,22.4903564453125,22.614087112254236,22.439537529559196,22.521289112047935,149197600
2014-09-19,22.306961059570312,22.614079349377064,22.20532494865688,22.60082297838502,283609600
2014-09-22,22.329055786132812,22.567680580485927,22.223001445778102,22.492558896543287,211153600
2014-09-23,22.678152084350586,22.74443730330996,22.21416060874439,22.227416978255008,253608800
2014-09-24,22.481508255004883,22.724551250350792,22.35998591448035,22.572097942614654,240687200
2014-09-25,21.62422752380371,22.251720374052567,21.591084915920863,22.20753135401081,400368000
2014-09-26,22.260562896728516,22.260562896728516,21.741334223374782,21.770056923485082,249482000
2014-09-29,22.119155883789062,22.192069298018726,21.79215134117636,21.796571255452733,199065200
2014-09-30,22.260562896728516,22.435112425945086,22.211953953693094,22.27381926820967,221056400
2014-10-01,21.913673400878906,22.247306124675713,21.80761737382907,22.22520992500045,205965200
2014-10-02,22.072751998901367,22.143455440299707,21.661787718991324,21.933553387049344,191031200
2014-10-03,22.01089096069336,22.141249771198055,21.882740421560943,21.97112016184893,173878400
2014-10-06,22.01089096069336,22.238467654085174,21.966700247697695,22.083802687155362,148204800
2014-10-07,21.818666458129883,22.121366538883255,21.814248229417498,21.968911519902612,168376800
2014-10-08,22.271615982055664,22.34010949764445,21.721452842591436,21.82088070806626,229618800
2014-10-09,22.320215225219727,22.620705299840616,22.22962722288574,22.435109381476448,309506000
2014-10-10,22.256147384643555,22.543379477915273,22.16113944412436,22.247309240676234,265326400
2014-10-13,22.05286979675293,22.488138622344337,22.05286979675293,22.388712469140643,214333600
2014-10-14,21.818666458129883,22.209744598758498,21.77889565690465,22.181021897869385,254754400
2014-10-15,21.551313400268555,21.90704056248541,21.02987488990234,21.646321307302305,403734400
2014-10-16,21.26850700378418,21.591091670982497,21.08070108129453,21.111633742142068,288618000
2014-10-17,21.580036163330078,21.873898026230997,21.390020348650012,21.54247532886386,272718800
2014-10-20,22.041820526123047,22.086009547218964,21.701559669434562,21.72365417998252,310069200
2014-10-21,22.640594482421875,22.76211515360929,22.375455254397412,22.76211515360929,378495600
2014-10-22,22.75548553466797,23.002948461430506,22.669315754555793,22.722342922539454,273052400
2014-10-23,23.16203498840332,23.210643935101896,22.896895738875692,22.996323589587373,284298800
2014-10-24,23.24820327758789,23.307858635594474,23.095748261110586,23.239365134604803,188215600
2014-10-27,23.223892211914062,23.305643747018582,23.133302536335844,23.166445141686484,136750800
2014-10-28,23.58404541015625,23.58404541015625,23.27692709104782,23.287975191730826,192243600
2014-10-29,23.716611862182617,23.72324173336383,23.500083269956118,23.564158539081234,210751600
2014-10-30,23.63707160949707,23.718821476815226,23.398446821518196,23.63265169544007,162619200
2014-10-31,23.862443923950195,23.871282068428695,23.687894363333154,23.864653881495745,178557200
2014-11-03,24.17176628112793,24.370620268630454,23.864648000425305,23.911046983225347,209130400
2014-11-04,23.99500846862793,24.191652512750792,23.800574381659086,24.16292981256212,166297600
2014-11-05,24.052457809448242,24.14967570489782,23.891164636152677,24.10548498619185,149743600
2014-11-06,24.12124252319336,24.141214994066274,23.921527972540424,24.09905220567778,139874000
2014-11-07,24.190040588378906,24.258831097302206,24.08796374858484,24.132344394403788,134766000
2014-11-10,24.150089263916016,24.261042534418603,24.114583404709162,24.192250355458462,108782000
2014-11-11,24.343156814575195,24.354252823362888,24.0546792092408,24.12125018292724,109769200
2014-11-12,24.687105178833008,24.72704842796646,24.269921449115735,24.272139295780626,187769600
2014-11-13,25.03550148010254,25.175302022675396,24.764775168728143,24.8091575026494,238091600
2014-11-14,25.337291717529297,25.339511257227954,24.67822894708576,25.108728225937146,176254400
2014-11-17,25.29513168334961,26.02520456655172,25.142017287720588,25.357265257577378,186986800
2014-11-18,25.62354850769043,25.672368217492483,25.27293576730526,25.284031771537563,176896000
2014-11-19,25.446027755737305,25.68346773452769,25.2529701098595,25.61689677467816,167476800
2014-11-20,25.809955596923828,25.932004901730068,25.4859721704535,25.499287717440616,173582000
2014-11-21,25.84546661376953,26.089563578997698,25.747827150472947,26.07624972237118,228717200
2014-11-24,26.32477569580078,26.355842480049045,25.878744710659515,25.929782273490478,189803200
2014-11-25,26.09621810913086,26.57331767955855,26.062931777610203,26.42242111060963,275361600
2014-11-26,26.406888961791992,26.42907928618245,26.147258611095868,26.17166847582934,163073200
2014-11-28,26.391353607177734,26.495649986388635,26.19607639681277,26.46680104310973,99257600
2014-12-01,25.534793853759766,26.462363562496954,24.691548048357557,26.36472411115206,335256000
2014-12-02,25.437152862548828,25.685688863193565,25.01996906544341,25.186399014880948,237395600
2014-12-03,25.725629806518555,25.818830163503463,25.543666479209186,25.68568655452319,172253600
2014-12-04,25.627988815307617,26.007448839739737,25.583608179343866,25.69012238286197,168178000
2014-12-05,25.51925277709961,25.758912252981478,25.439366285138984,25.73893978348503,153275600
2014-12-08,24.942293167114258,25.441582836724148,24.76920635253148,25.319533573614553,230659600
2014-12-09,25.323984146118164,25.36392740553685,24.265488618029558,24.45189105965448,240832000
2014-12-10,24.84244728088379,25.48597686538603,24.751466440278683,25.388339096567535,178261200
2014-12-11,24.76920509338379,25.252961349734463,24.707069848860588,24.911225123412216,165606800
2014-12-12,24.349807739257812,24.824687645445074,24.31652141642899,24.511798581071933,224112400
2014-12-15,24.016942977905273,24.764766853493523,23.59975764418793,24.565050650438664,268872400
2014-12-16,23.688533782958984,24.445236236822137,23.579800003572732,23.604209869375627,243162800
2014-12-17,24.27880096435547,24.374219173312525,23.70406201257912,23.770634667167645,213647200
2014-12-18,24.997779846191406,24.997779846191406,24.556186168259018,24.82469296202761,236024800
2014-12-19,24.80472183227539,25.128705295875395,24.778094121275462,24.911237755314577,353719200
2014-12-22,25.062129974365234,25.18417757895711,24.846880318414794,24.88904311086241,180670000
2014-12-23,24.973371505737305,25.148677940718994,24.955618569609577,25.12648761706592,104113600
2014-12-24,24.85575294494629,25.01108685152512,24.85575294494629,24.98223960973551,57918400
2014-12-26,25.29513168334961,25.41274190499687,24.85575758387444,24.875728364299256,134884000
2014-12-29,25.27737808227539,25.468216174004688,25.230776212943674,25.250748684516232,110395600
2014-12-30,24.96892738342285,25.279596930874405,24.87794656691232,25.21746335998666,119526000
2014-12-31,24.494050979614258,25.104294156548686,24.45632726227236,25.035503649276627,165613600
2015-01-02,24.261049270629883,24.729272337596463,23.82167345251905,24.71817633026032,212818400
2015-01-05,23.57758140563965,24.110157700699126,23.391180633526186,24.030271171789536,257142000
2015-01-06,23.579795837402344,23.839426153600677,23.21808699514755,23.641929414645055,263188400
2015-01-07,23.910430908203125,24.010288179106578,23.677428352078227,23.788381627754344,160423600
2015-01-08,24.829126358032227,24.886822541149925,24.121243847243377,24.238855753255983,237458000
2015-01-09,24.85575294494629,25.13091659074848,24.456320480868424,25.002210386433102,214798000
2015-01-12,24.243295669555664,24.993339356300723,24.1434383783279,24.98668242928727,198603200
2015-01-13,24.458545684814453,25.031065118246495,24.16784858103106,24.727052467234984,268367600
2015-01-14,24.365341186523438,24.518455563065594,24.07686197869801,24.196691725347986,195826400
2015-01-15,23.70406150817871,24.423038374576155,23.668557334696477,24.409724521146927,240056000
2015-01-16,23.519874572753906,23.87270686480466,23.34456819649144,23.750657586073636,314053200
2015-01-20,24.125682830810547,24.181159473930325,23.633049969024885,23.930403963500748,199599600
2015-01-21,24.309860229492188,24.644937859669337,24.025818458416737,24.17671496151428,194303600
2015-01-22,24.942293167114258,24.957826555781626,24.34758362625843,24.46741335012629,215185600
2015-01-23,25.071006774902344,25.241874100812947,24.749241210117216,24.920110229040706,185859200
2015-01-26,25.097633361816406,25.37723612111665,25.03106240494394,25.239653434759713,222460000
2015-01-27,24.2188777923584,24.960046459776805,24.194467939379766,24.946730917144198,382274800
2015-01-28,25.588048934936523,26.21160761831203,25.588048934936523,26.102872167761888,585908400
2015-01-29,26.384693145751953,26.44904625819923,25.64352427568064,25.81217375336961,337745600
2015-01-30,25.998577117919922,26.62879102622777,25.929784923186702,26.273740817813987,334982000
2015-02-02,26.32477569580078,26.44460544633527,25.758914960125022,26.196071172349157,250956400
2015-02-03,26.329214096069336,26.42685183275398,26.09843106688366,26.29592777294408,207662800
2015-02-04,26.531145095825195,26.74195732236966,26.253761923802895,26.295924707714292,280598800
2015-02-05,26.720518112182617,26.785125203713097,26.566797732344764,26.738339410088408,168984800
2015-02-06,26.495502471923828,26.789575078393263,26.388566206073904,26.7383343948269,174826400
2015-02-09,26.6715087890625,26.69824158884598,26.38411929352651,26.410853793004787,155559200
2015-02-10,27.183900833129883,27.212863625618194,26.769527237525242,26.7717538371825,248034000
2015-02-11,27.821062088012695,27.829973586883128,27.290840652931514,27.350991145688674,294247200
2015-02-12,28.173059463500977,28.40029844206424,27.974783282031957,28.08394617190155,297898000
2015-02-13,28.31118392944336,28.35573972347411,27.992605073009173,28.35573972347411,217088800
2015-02-17,28.478269577026367,28.712191735645902,28.275536812930167,28.402522690545037,252609600
2015-02-18,28.67654800415039,28.6899144029449,28.393613431905806,28.43371432798399,179566800
2015-02-19,28.61639404296875,28.745608222318186,28.58966124703063,28.623077241953283,149449600
2015-02-20,28.85032081604004,28.85032081604004,28.52728701573837,28.654271216126354,195793600
2015-02-23,29.63005828857422,29.63005828857422,28.885965911316145,28.96616770882471,283896400
2015-02-24,29.445140838623047,29.763721345675403,29.222358503399096,29.616684188574315,276912400
2015-02-25,28.692140579223633,29.318161908432362,28.54955999520564,29.309248709774774,298846800
2015-02-26,29.05527687072754,29.155528259362143,28.206476567891034,28.692140512533417,365150000
2015-02-27,28.61862564086914,29.08869659224438,28.56961324598533,28.961709005666517,248059200
2015-03-02,28.75896644592285,29.024077928251735,28.58296992370644,28.79461242996784,192386800
2015-03-03,28.81911849975586,28.854764483653266,28.53618402657591,28.73000693940047,151265200
2015-03-04,28.636442184448242,28.863681136539967,28.587433194182317,28.7612031577263,126665200
2015-03-05,28.161922454833984,28.68323242638036,28.017113562839526,28.645359828384883,226068400
2015-03-06,28.204246520996094,28.82135291218888,28.128501334221365,28.605253750386986,291368400
2015-03-09,28.324554443359375,28.865917447692816,27.86116663945167,28.50723594494099,354114000
2015-03-10,27.73863410949707,28.34237414444632,27.580458826512846,28.16192096380277,275426400
2015-03-11,27.2329158782959,27.796554990966435,27.203954782675737,27.79210009152278,275756000
2015-03-12,27.725261688232422,27.825514761609913,27.097015553905447,27.248507613940752,193450800
2015-03-13,27.533668518066406,27.936905708282026,27.308659578991268,27.714123368821554,207309200
2015-03-16,27.836658477783203,27.836658477783203,27.373272406222377,27.598281392520114,143497200
2015-03-17,28.302274703979492,28.36465350051074,27.992607321417427,28.048302918276715,204092400
2015-03-18,28.6208553314209,28.774575732029355,28.15301262921083,28.293364929965403,261083600
2015-03-19,28.40474510192871,28.794614152347343,28.382467210415054,28.683222995084876,183238000
2015-03-20,28.04830551147461,28.605259831865816,27.883447005443692,28.571843830416558,274780400
2015-03-23,28.340139389038086,28.482719941212224,28.186419040724548,28.320089795620277,150838800
2015-03-24,28.224300384521484,28.525054559149737,28.19533758719538,28.344603074189592,131369200
2015-03-25,27.486888885498047,28.253260801348905,27.486888885498047,28.19088200814144,206620800
2015-03-26,27.67848014831543,27.821060723861976,27.31311721101558,27.348763204749485,190291600
2015-03-27,27.457927703857422,27.780961467554363,27.382182512251926,27.75200037071014,158184800
2015-03-30,28.15300750732422,28.15969070618787,27.62501270106702,27.636152498969455,188398800
2015-03-31,27.720808029174805,28.17973912876728,27.705213332577813,28.090625848343983,168362400
2015-04-01,27.680709838867188,27.874531115222556,27.42450977003734,27.80769572346012,162485600
2015-04-02,27.919086456298828,27.972553749023255,27.667342990847324,27.85447936523012,128880400
2015-04-06,28.371334075927734,28.40698007047401,27.698532075965176,27.729721471345883,148776000
2015-04-07,28.072805404663086,28.54287461627673,28.06612220587488,28.43594003627644,140049200
2015-04-08,27.981462478637695,28.15968903634079,27.84111021174024,28.037158065458108,149316800
2015-04-09,28.195335388183594,28.19979198728373,27.77205025717625,28.03716011401972,129936000
2015-04-10,28.31563949584961,28.34014569305206,27.905720742089727,28.059439424902365,160752000
2015-04-13,28.25994300842285,28.643130652588724,28.206475716078707,28.598571459528543,145460400
2015-04-14,28.13741683959961,28.35797093215795,28.05053184254042,28.293363834399493,102098400
2015-04-15,28.244340896606445,28.322314364910206,28.072799266338173,28.161912529982814,115881600
2015-04-16,28.108442306518555,28.31562991294203,28.09507591245706,28.132948495427335,113476000
2015-04-17,27.792104721069336,28.101772124671196,27.727497620359582,27.97033132300624,207828000
2015-04-20,28.427034378051758,28.54288048013395,27.885673068961164,27.974786370398537,188217200
2015-04-21,28.2733097076416,28.56069745208385,28.21984071824791,28.538421256044888,129740400
2015-04-22,28.654258728027344,28.709954303785064,28.141860450872773,28.291124185976884,150618000
2015-04-23,28.888187408447266,29.05527417379222,28.54733067909467,28.582976671554942,183083600
2015-04-24,29.02408790588379,29.102063097864274,28.790165729331633,29.070873700949942,178103600
2015-04-27,29.552080154418945,29.659018140062884,29.21790659790736,29.47633496412973,387816800
2015-04-28,29.086456298828125,29.973128893522635,28.865903999296314,29.955309301134445,475696000
2015-04-29,28.658729553222656,29.315936993549403,28.58298434844246,28.997359773767467,253544400
2015-04-30,27.881210327148438,28.658720221632425,27.75422446071584,28.658720221632425,332781600
2015-05-01,28.727785110473633,28.99067006724177,27.91463084297233,28.09285571406123,234050400
2015-05-04,28.672090530395508,29.088695876659358,28.57406574303931,28.850317107462306,203953200
2015-05-05,28.026020050048828,28.61639191231994,28.021563451261255,28.549556528061796,197085600
2015-05-06,27.85002899169922,28.23766990141353,27.48243768262942,28.19534070045974,288564000
2015-05-07,28.02228355407715,28.205728097991734,27.744878277488812,27.91266298375682,175763600
2015-05-08,28.550249099731445,28.550249099731445,28.212442045957022,28.33995836725281,222201600
2015-05-11,28.259416580200195,28.536820128929442,28.10505411598105,28.498789341360546,168143200
2015-05-12,28.158748626708984,28.38469746925894,27.923849354868548,28.098345176558336,192640000
2015-05-13,28.190067291259766,28.454048621651697,28.158747617043286,28.221386965476245,138776800
2015-05-14,28.8477783203125,28.8477783203125,28.44733372368383,28.503261949746317,180814000
2015-05-15,28.807514190673828,28.968587769104577,28.68223549935843,28.874628750618026,152832000
2015-05-18,29.125185012817383,29.243752584935958,28.715789967854153,28.720265181968493,203531600
2015-05-19,29.09834098815918,29.27954790622129,29.00214265800493,29.23704190547324,178532800
2015-05-20,29.09610366821289,29.301919157992057,28.935030082544245,29.082681438338582,145819600
2015-05-21,29.393638610839844,29.447330937222763,29.04464702332097,29.098339349703892,158921600
2015-05-22,29.65091323852539,29.747111583218956,29.395880609079995,29.440625930475374,182384000
2015-05-26,28.997669219970703,29.7336866795476,28.885812753714266,29.66433621664276,282790400
2015-05-27,29.539052963256836,29.588270079591037,29.093866429490628,29.15874167542845,183332800
2015-05-28,29.480894088745117,29.518924882950472,29.328770911923698,29.498791535475096,122933200
2015-05-29,29.145328521728516,29.407072314507477,29.060316491845143,29.357855182847565,203538000
2015-06-01,29.20348358154297,29.393640932277773,29.09386643353744,29.14531945022551,128451200
2015-06-02,29.073740005493164,29.230338406743176,28.93056383669471,29.051367342347824,134670400
2015-06-03,29.109527587890625,29.292973843057794,29.060310466435467,29.23033449094917,123934000
2015-06-04,28.939502716064453,29.212432744462387,28.838832587396926,28.98871983027314,153800400
2015-06-05,28.780668258666992,29.013331627012427,28.715793008286923,28.970825622396134,142507200
2015-06-08,28.590511322021484,28.905947352561356,28.373509520607943,28.836593481249118,210699200
2015-06-09,28.505502700805664,28.65315406199824,28.102820428705932,28.34442910924805,224301600
2015-06-10,28.832124710083008,28.9350307505541,28.601698948890817,28.617358786370456,156349200
2015-06-11,28.76724624633789,29.122949003049126,28.742637686299396,28.899236062185924,141563600
2015-06-12,28.449575424194336,28.709083265294403,28.43615319337687,28.67776358885741,147544800
2015-06-15,28.393640518188477,28.46522857705903,28.12294811724689,28.210196010658066,175955600
2015-06-16,28.545774459838867,28.601702702004225,28.270608464190236,28.418258135973634,125976400
2015-06-17,28.478660583496094,28.608412803555034,28.353380164867737,28.572619617371533,131672400
2015-06-18,28.608413696289062,28.704610340676073,28.4607640251337,28.463001632713254,141628800
2015-06-19,28.32205581665039,28.594985856820955,28.277313914600267,28.570377298655142,218867600
2015-06-22,28.548011779785156,28.64868193195067,28.429444180676377,28.52116560937026,136157200
2015-06-23,28.41825294494629,28.548006852699064,28.384695664417926,28.518924786531382,121075600
2015-06-24,28.65986442565918,29.037939834440518,28.43838909647216,28.458522441491773,221123600
2015-06-25,28.52339744567871,28.90370872890344,28.52339744567871,28.827647154976148,127752400
2015-06-26,28.355615615844727,28.63301918814861,28.301924987255592,28.561431114431663,176267200
2015-06-29,27.858970642089844,28.292974268449026,27.847786019769835,28.067023733336914,196645600
2015-06-30,28.06031036376953,28.21467281781171,27.932794073367663,28.09163003461953,177482800
2015-07-01,28.32205581665039,28.39811909828859,28.18559079656511,28.389170376519733,120955200
2015-07-02,28.286266326904297,28.342194565161037,28.136377351212495,28.2840287194716,108844000
2015-07-06,28.18783187866211,28.239286608477762,27.930561643172588,27.950696696333278,112241600
2015-07-07,28.118480682373047,28.221388432547396,27.68895052960031,28.163222588781263,187787200
2015-07-08,27.42049217224121,27.88357784222401,27.41378105781733,27.847784663031955,243046400
2015-07-09,26.86121368408203,27.75382787155724,26.671058019032134,27.70684835714216,314380000
2015-07-10,27.579334259033203,27.706850581768144,27.116248486280572,27.27955970294542,245418000
2015-07-13,28.111770629882812,28.13414158393267,27.811994383872626,27.970830376459347,165762000
2015-07-14,28.100576400756836,28.270598675974647,27.973060121041954,28.196773012246584,127072400
2015-07-15,28.371280670166016,28.4451063647966,28.093877046856846,28.125196728192016,134596800
2015-07-16,28.749345779418945,28.76277142187389,28.489839682828933,28.57708758405088,144889600
2015-07-17,28.997669219970703,28.997669219970703,28.70460582455299,28.87686573839267,184658800
2015-07-20,29.545774459838867,29.74711477335517,29.23928536063807,29.29968882012861,235600800
2015-07-21,29.250463485717773,29.735920099138877,29.15426857128515,29.720261970235313,307025600
2015-07-22,28.01333236694336,28.07597171201857,27.290738877867724,27.290738877867724,461802400
2015-07-23,27.999914169311523,28.431678532431583,27.977541508454113,28.232574139720224,203998000
2015-07-24,27.852262496948242,28.12966607925639,27.718035067237487,28.035707049138296,168649200
2015-07-27,27.465232849121094,27.653152578586813,27.31982082496544,27.536820911109455,177822000
2015-07-28,27.601701736450195,27.720271027557082,27.416021294667143,27.601701736450195,134472400
2015-07-29,27.51445770263672,27.628551795240174,27.353384091148197,27.550252597098396,148046800
2015-07-30,27.375757217407227,27.420499129447865,27.228105835442943,27.364570885999797,134513200
2015-07-31,27.136383056640625,27.436157607379755,27.049135137736286,27.427208884056945,171540000
2015-08-03,26.496562957763672,27.42049684821354,26.290745741833785,27.18112405444208,279904000
2015-08-04,25.64645004272461,26.331011059255985,25.33548920797381,26.268371712226212,496554400
2015-08-05,25.816478729248047,26.272853422029552,25.078225198349664,25.2683808936433,397250400
2015-08-06,25.87265396118164,26.180528605790244,25.64568237253006,26.061424329374656,211612000
2015-08-07,25.960294723510742,26.12434512903234,25.731075417412494,25.749053872857033,154681600
2015-08-10,26.90414810180664,26.964823257152304,26.18727291592603,26.18727291592603,219806400
2015-08-11,25.504104614257812,26.558068092610604,25.46814941438968,26.47491901397798,388331200
2015-08-12,25.897367477416992,25.937818138086868,24.636657220145423,25.28836154670692,404870000
2015-08-13,25.877145767211914,26.158052686711567,25.740063053334502,26.077151356734085,194143200
2015-08-14,26.059175491333008,26.13782909370305,25.620961339185683,25.6906257134963,171718000
2015-08-17,26.32884979248047,26.438964846684726,25.955804506474045,26.07715652549348,163538800
2015-08-18,26.180532455444336,26.391775068538184,26.070417391276813,26.164801731991833,138242800
2015-08-19,25.845684051513672,26.185018372166716,25.771524214078337,26.090634059714336,193146000
2015-08-20,25.31533432006836,25.697367080875384,25.0861132919682,25.63669193491942,274006400
2015-08-21,23.766971588134766,25.146786150325926,23.7422516436558,24.816439360033968,513102000
2015-08-24,23.173704147338867,24.45014560508796,20.6747548949793,21.319717974691265,648825200
2015-08-25,23.313034057617188,24.969262403230108,23.25910039184671,24.969262403230108,414406400
2015-08-26,24.650144577026367,24.69508899839027,23.60741822780192,24.065856812176996,387098400
2015-08-27,25.376005172729492,25.447917270168443,24.724300825271712,25.220945730622798,338464400
2015-08-28,25.459157943725586,25.46365170036834,25.06588822846854,25.207464708733916,212657600
2015-08-31,25.340051651000977,25.737815091118808,25.16925976538462,25.176001257070045,224917200
2015-09-01,24.207439422607422,25.14229693113925,24.12653807774639,24.75352264315936,307383600
2015-09-02,25.24566650390625,25.24566650390625,24.524297721583192,24.77149718879779,247555200
2015-09-03,24.802959442138672,25.344547123280524,24.728799599538373,25.27937650837601,212935600
2015-09-04,24.555763244628906,24.820939496231958,24.384973039170745,24.488346599691244,199985200
2015-09-08,25.238927841186523,25.295109232847622,24.79172444362976,25.11308207251206,219374400
2015-09-09,24.75352668762207,25.623213715195657,24.668129857137995,25.56478629009856,340043200
2015-09-10,25.2973575592041,25.4569125095044,24.697340693739587,24.780488058046473,251571200
2015-09-11,25.665908813476562,25.665908813476562,25.11533181697058,25.122073310185897,199662000
2015-09-14,25.913103103637695,26.268169890723975,25.81197729006549,26.198505517575118,233453600
2015-09-15,26.13109016418457,26.187271559176203,25.71310044828522,26.05243655410031,173364800
2015-09-16,26.160308837890625,26.189522549689507,25.942324723910357,26.124351917657858,148694000
2015-09-17,25.600736618041992,26.17828126650722,25.555792189683,25.991760345749377,256450400
2015-09-18,25.495115280151367,25.686133386637962,25.140050181897784,25.21645605287639,297141200
2015-09-21,25.890636444091797,25.926593363441825,25.542312789119883,25.54455881068905,200888000
2015-09-22,25.483882904052734,25.659168594435812,25.28612328247574,25.479387432005858,201384800
2015-09-23,25.690622329711914,25.780512883946482,25.461403045207494,25.535561166520274,143026800
2015-09-24,25.84343910217285,25.95580188087795,25.252411503411206,25.450169376705002,200878000
2015-09-25,25.77826690673828,26.223224237560725,25.623205732971094,26.167042851647377,224607600
2015-09-28,25.268144607543945,25.746809472755803,25.268144607543945,25.585006781833457,208436000
2015-09-29,24.508562088012695,25.508591575674792,24.23889217814846,25.355778169546536,293461600
2015-09-30,24.787229537963867,25.06588874762334,24.43441048326375,24.758014118361228,265892000
2015-10-01,24.625429153442383,24.63441838227001,24.11530113322495,24.510818629040212,255716400
2015-10-02,24.805198669433594,24.946776823716373,24.169226843448143,24.272600361857506,232079200
2015-10-05,24.895099639892578,25.02768862450485,24.510819101337205,24.69284627367393,208258800
2015-10-06,25.014204025268555,25.110836094269658,24.668126422672046,24.861390560674252,192787200
2015-10-07,24.895099639892578,25.11757748547303,24.587226690584302,25.11083599235243,187062400
2015-10-08,24.607446670532227,24.762507842033973,24.31755051771235,24.762507842033973,247918400
2015-10-09,25.19623565673828,25.232190862282987,24.605206213441768,24.719816752998632,211064400
2015-10-12,25.079376220703125,25.337810999522482,25.043421016821956,25.33331724198242,121868800
2015-10-13,25.1220703125,25.270388289099376,24.87262480617747,24.904086247108243,132197200
2015-10-14,24.767004013061523,25.06139395100104,24.620932054675972,25.009708031807985,177849600
2015-10-15,25.137807846069336,25.191741514494037,24.829933131209202,24.92881295208816,150694000
2015-10-16,24.953523635864258,25.169259943926974,24.83891313283977,25.119820051856813,156930400
2015-10-19,25.108583450317383,25.11307720639072,24.744527485668797,24.899588645253882,119036800
2015-10-20,25.567026138305664,25.656916704968797,24.90408642388996,25.020942960388066,195871200
2015-10-21,25.564781188964844,25.973781655635417,25.55129648896206,25.6187148454159,167180800
2015-10-22,25.955799102783203,25.955799102783203,25.64118301317885,25.692870640239754,166616400
2015-10-23,26.76032066345215,26.794029841070582,26.142325360354146,26.225472722023625,237467600
2015-10-26,25.90636444091797,26.546831997375826,25.825463095415913,26.535596747151715,265335200
2015-10-27,25.742311477661133,26.189514825406913,25.616464008483966,25.933327845128844,279537600
2015-10-28,26.803014755249023,26.809757961734682,26.08164596806831,26.277157807676474,342205600
2015-10-29,27.08616828918457,27.122125197528327,26.57828810320742,26.67492015123157,204909200
2015-10-30,26.854703903198242,27.241232133282942,26.843466939606508,27.189544501088857,197461200
2015-11-02,27.23224449157715,27.272695162535726,26.879425417196202,27.146849392673488,128813200
2015-11-03,27.544612884521484,27.751359996222238,27.124375453862754,27.144601646594364,182076000
2015-11-04,27.416519165039062,27.825519628264583,27.331124066834178,27.67045843843886,179544400
2015-11-05,27.29013442993164,27.689602303471666,27.123126147712536,27.50002389182747,158210800
2015-11-06,27.321731567382812,27.49099721325084,27.222430226004487,27.33301663251769,132169200
2015-11-09,27.211143493652344,27.49099552888714,27.093786743992297,27.299161486362152,135485600
2015-11-10,26.353534698486328,26.64692920493099,26.193296743134336,26.38287518224642,236511600
2015-11-11,26.20457649230957,26.50022657454588,26.00145739228274,26.263255726063772,180872000
2015-11-12,26.116554260253906,26.364810132467294,26.100756206254655,26.238425700473297,130102400
2015-11-13,25.353727340698242,26.082698562799067,25.33792928805128,25.999193586317364,183249600
2015-11-16,25.768997192382812,25.782537890533277,25.051310918807488,25.137071543525202,152426800
2015-11-17,25.658414840698242,25.96535000733251,25.574909837970388,25.936009527581543,110467600
2015-11-18,26.470888137817383,26.51602495087476,26.066907290075378,26.12558652453721,186698800
2015-11-19,26.807153701782227,27.02607079288795,26.351265833081527,26.549870159331387,173183200
2015-11-20,26.924524307250977,27.064449480562576,26.822963880771375,26.90195417568265,137148400
2015-11-23,26.57470703125,27.021569104552775,26.48217431615619,26.917751324056567,129930000
2015-11-24,26.82973289489746,26.935806309290797,26.43252408260051,26.479918257186196,171212800
2015-11-25,26.637895584106445,26.90872161960704,26.613069821139085,26.904206905326248,85553200
2015-11-27,26.58824920654297,26.723663111443408,26.54085502857155,26.696579986091454,52185600
2015-11-30,26.698833465576172,26.949346742651052,26.574704644733995,26.628869165711,156721200
2015-12-01,26.482175827026367,26.813936795217508,26.373846769163542,26.800396093449486,139409600
2015-12-02,26.24294090270996,26.65594942015389,26.197804093726983,26.48216908966575,133546400
2015-12-03,25.999204635620117,26.358048729474284,25.778031804567277,26.303884200502473,166278000
2015-12-04,26.86357879638672,26.913230314392845,25.978884343113567,26.019508155858695,231108000
2015-12-07,26.69431495666504,27.050901589617084,26.588241565179153,26.85229722635891,128336800
2015-12-08,26.68303871154785,26.766541999670007,26.37384616072288,26.522799042312773,137238000
2015-12-09,26.09398651123047,26.561159516176545,25.972115067958608,26.54987445366925,185445600
2015-12-10,26.21811866760254,26.391899021464493,26.06916580043713,26.18877991000337,116850800
2015-12-11,25.54330825805664,26.04207736666678,25.468830978734992,25.996940560819052,187544800
2015-12-14,25.38532829284668,25.43046509972056,24.778228425797757,25.317621360677048,257274800
2015-12-15,24.936214447021484,25.457553806738282,24.904618330900366,25.2634623952176,213292400
2015-12-16,25.128042221069336,25.274739421745334,24.55479755936229,25.067107361453118,224954000
2015-12-17,24.595420837402344,25.333418094657837,24.595420837402344,25.28150921978591,179091200
2015-12-18,23.929643630981445,24.717292467295476,23.87999210904976,24.579624686292426,385813200
2015-12-21,24.22304344177246,24.232071149757175,23.82583289974126,24.21175837632676,190362400
2015-12-22,24.200471878051758,24.311058273195176,24.02443417808636,24.238838340591045,131157600
2015-12-23,24.511917114257812,24.5660816268373,24.193696943903344,24.209494998483144,130629600
2015-12-24,24.381017684936523,24.599934811508824,24.36296227366362,24.599934811508824,54281600
2015-12-28,24.107933044433594,24.304281743394405,23.963493215953886,24.281711621184357,106816800
2015-12-29,24.541263580322266,24.69698854002689,24.116971608345093,24.139540018858675,123724800
2015-12-30,24.22077751159668,24.53222557846863,24.189181405762945,24.50514418595893,100855200
2015-12-31,23.755868911743164,24.155335065776598,23.656565851637144,24.150822072980475,163649200
2016-01-04,23.776182174682617,23.780696889758005,23.020129254328968,23.157798792520264,270597600
2016-01-05,23.18036460876465,23.88902327269363,23.112659386942752,23.866454865419666,223164000
2016-01-06,22.726728439331055,23.10362783775393,22.53940914043331,22.695132330029807,273829600
2016-01-07,21.767560958862305,22.598091114446778,21.763047966009083,22.270844894024773,324377600
2016-01-08,21.882665634155273,22.36789423304112,21.837528810851236,22.24150975030227,283192000
2016-01-11,22.236988067626953,22.356602161578994,21.968419404094625,22.33629111401381,198957600
2016-01-12,22.559724807739258,22.724477458719484,22.30695415969783,22.692881342946702,196616800
2016-01-13,21.979707717895508,22.837320993675295,21.95939666732652,22.640972228879306,249758400
2016-01-14,22.460420608520508,22.677082136934686,21.607322082128857,22.108348638100864,252680400
2016-01-15,21.921018600463867,22.051917718000965,21.521552622572553,21.711129229881415,319335600
2016-01-19,21.814956665039062,22.264074350916722,21.553158313482385,22.20990982785157,212350800
2016-01-20,21.844303131103516,22.16026611721813,21.083735295039162,21.46289053400475,289337600
2016-01-21,21.73371124267578,22.090296254677575,21.42677604414461,21.90523253690372,208646000
2016-01-22,22.88922882080078,22.898256528600793,22.200882889177166,22.259560407088433,263202000
2016-01-25,22.442367553710938,22.914053644311036,22.39045866646073,22.91179628698908,207178000
2016-01-26,22.566495895385742,22.767357661587205,22.133176246177587,22.552955194428996,300308000
2016-01-27,21.083724975585938,21.80818161437232,21.065669563077257,21.675026821303355,533478800
2016-01-28,21.234933853149414,21.331979536990776,20.851265831558248,21.167228643264455,222715200
2016-01-29,21.96842384338379,21.96842384338379,21.293618595455786,21.3929216619094,257666000
2016-02-01,21.763042449951172,21.826234665034523,21.53058463509796,21.77207015522861,163774000
2016-02-02,21.322952270507812,21.675024161935855,21.277813744774285,21.53509731494996,149428800
2016-02-03,21.7449951171875,21.855581534663806,21.23268513585658,21.440317268792324,183857200
2016-02-04,21.919713973999023,22.085360609990744,21.599768733525107,21.751799462907766,185886800
2016-02-05,21.334278106689453,21.992323642447158,21.259398418078742,21.9015584424802,185672400
2016-02-08,21.558921813964844,21.7154900054156,21.11190464381831,21.132325904406695,216085600
2016-02-09,21.554380416870117,21.769947955817923,21.313854139022947,21.39554263549972,177324800
2016-02-10,21.391008377075195,21.862986081295205,21.35243372569629,21.765413784088206,169374400
2016-02-11,21.261672973632812,21.493124392833522,21.00980028690408,21.282095972363578,200298800
2016-02-12,21.32747459411621,21.44320028674965,21.10510163468998,21.372858067307014,161405600
2016-02-16,21.92879295349121,21.976444303583385,21.468161504730986,21.561194598376883,196231600
2016-02-17,22.264619827270508,22.285041088918415,21.817602633931287,21.93559618514665,179452800
2016-02-18,21.842565536499023,22.439343908551155,21.803989152648878,22.4279976077948,156084000
2016-02-19,21.792640686035156,21.9560176929772,21.738182260788516,21.783563993293694,141496800
2016-02-22,21.983247756958008,21.987786969284326,21.765412307755714,21.853907904894076,137123200
2016-02-23,21.486310958862305,21.897021375759717,21.454543397953238,21.874330508139273,127770400
2016-02-24,21.806259155273438,21.86979428577765,21.17544360069238,21.32520646362585,145022800
2016-02-25,21.956016540527344,21.956016540527344,21.613378765130957,21.794909148027568,110330800
2016-02-26,21.990053176879883,22.241924023591572,21.915171765888896,22.0558561646213,115964400
2016-02-29,21.94013786315918,22.289582806203178,21.931061168783728,21.97871251585303,140865200
2016-03-01,22.811479568481445,22.865938003101313,22.10578259998999,22.15797315943575,201628400
2016-03-02,22.86139678955078,22.89316434882669,22.6095241901474,22.806938363820958,132678400
2016-03-03,23.031578063964844,23.079229397042607,22.793319667374092,22.822819348233132,147822800
2016-03-04,23.37421417236328,23.542128629174623,23.002078494456086,23.228990577628853,184220400
2016-03-07,23.115537643432617,23.333373064817575,22.90904678901025,23.233531180815373,143315600
2016-03-08,22.92493438720703,23.090581019517717,22.78198035500638,22.868206349336596,126247600
2016-03-09,22.94536018371582,23.049739578402512,22.752483446435647,22.98847232054568,108806800
2016-03-10,22.95669937133789,23.19949527690353,22.725249764552814,23.01115952804202,134054400
2016-03-11,23.204038619995117,23.208576101593884,23.03158488880042,23.19949940719391,109632800
2016-03-14,23.263031005859375,23.351528330026163,23.095116512952448,23.124616198075437,100304400
2016-03-15,23.730470657348633,23.866617587309353,23.564824042908292,23.589784515374674,160270800
2016-03-16,24.04587745666504,24.12302674592102,23.73273762539715,23.73727683723696,153214000
2016-03-17,24.007301330566406,24.159332024978855,23.81669426270441,23.943764487144428,137682800
2016-03-18,24.034534454345703,24.166143916515754,23.86888955471988,24.129837141626506,176820800
2016-03-21,24.03226661682129,24.427093272745285,23.857543291998166,24.036804098088368,142010800
2016-03-22,24.216066360473633,24.345406224392555,23.87342850892608,23.882505203208407,129777600
2016-03-23,24.082181930541992,24.29547987075625,24.02999311402278,24.161602555057197,102814000
2016-03-24,23.977802276611328,24.109411716055693,23.80081110759402,23.932420547038383,104532000
2016-03-28,23.86888313293457,24.095795221336033,23.839383453473197,24.052681370555163,77645600
2016-03-29,24.433900833129883,24.458861308587686,23.798546108898673,23.800815715177297,124760400
2016-03-30,24.86049461364746,25.055639201250653,24.642659157272288,24.654005457259437,182404400
2016-03-31,24.731151580810547,24.937642441878825,24.706191109006642,24.896798190854444,103553600
2016-04-01,24.958065032958984,24.960334639026417,24.551892106997837,24.683501559673957,103496000
2016-04-04,25.214475631713867,25.457271533119805,25.02159894296161,25.055636107518012,149424800
2016-04-05,24.91722297668457,25.125983473239945,24.828727375476166,24.849150369479364,106314800
2016-04-06,25.178173065185547,25.182712277858766,24.77880717885951,25.012528157863297,105616400
2016-04-07,24.629045486450195,25.05563971418443,24.533742796935478,24.948990724450283,127207600
2016-04-08,24.656278610229492,24.90814954039236,24.545090394208763,24.71300665592076,94326800
2016-04-11,24.73796272277832,25.098753954505728,24.69485058994222,24.726618153590874,117630000
2016-04-12,25.060176849365234,25.073791023538107,24.656273524349466,24.810572114847886,108929200
2016-04-13,25.423236846923828,25.491309451470528,25.141866272819133,25.141866272819133,133029200
2016-04-14,25.43684959411621,25.502654319993418,25.262128014595618,25.327932740472825,101895600
2016-04-15,24.92629623413086,25.482231971276423,24.899067887483504,25.43911811414864,187756000
2016-04-18,24.388513565063477,24.722072901893114,24.265980821835427,24.708458729712873,243286000
2016-04-19,24.259185791015625,24.50651927494279,24.104885415221577,24.479289185848728,129539600
2016-04-20,24.30909538269043,24.526930815436103,24.066299477642445,24.197908925926956,122444000
2016-04-21,24.04587745666504,24.263712882519787,23.943765964694265,24.263712882519787,126210000
2016-04-22,23.980070114135742,24.16160048144532,23.739543848972154,23.828039426955055,134732400
2016-04-25,23.843931198120117,23.973271065549785,23.714591330690446,23.825777809062714,112126400
2016-04-26,23.67827796936035,23.893845509277718,23.578437819707894,23.578437819707894,224064800
2016-04-27,22.196542739868164,22.398494381172796,21.710950958393884,21.783562765029234,458408400
2016-04-28,21.518075942993164,22.210156844152678,21.386466502871624,22.148891335793763,328970800
2016-04-29,21.270742416381836,21.493117063784947,20.99164146812114,21.32747044844157,274126000
2016-05-02,21.2480525970459,21.347894492376604,20.966682028898372,21.32293401854393,192640400
2016-05-03,21.597503662109375,21.72457394245947,21.257135355854995,21.37512894029398,227325200
2016-05-04,21.372854232788086,21.76087377014154,21.28889612084995,21.60203423927497,164102000
2016-05-05,21.286104202270508,21.475588392196368,21.158260287015814,21.459607902789532,143562000
2016-05-06,21.167390823364258,21.33404423860122,20.96877468971617,21.315782067463918,174799600
2016-05-09,21.18337631225586,21.407103201748637,21.13771651927763,21.23131778857574,131745600
2016-05-10,21.327192306518555,21.361436702273146,21.02812818319591,21.30664671411119,134747200
2016-05-11,21.119449615478516,21.361440367984223,21.10803423435395,21.34089477205115,114876400
2016-05-12,20.624046325683594,21.181083357189838,20.42543197625542,21.167386296330577,305258800
2016-05-13,20.665143966674805,20.92768205743382,20.546432014734204,20.546432014734204,177571200
2016-05-16,21.432205200195312,21.548635438329256,20.923111384404475,21.092048181677733,245039200
2016-05-17,21.343181610107422,21.61941683096597,21.233601588511206,21.585174162806553,187667600
2016-05-18,21.58745574951172,21.735847030595785,21.434499359941185,21.496139645838166,168249600
2016-05-19,21.505260467529297,21.605710227777053,21.36143609950914,21.605710227777053,121768400
2016-05-20,21.73812484741211,21.78606631199504,21.578318223726427,21.605714092806352,128104000
2016-05-23,22.01435661315918,22.187860273853893,21.840852952464466,21.886512727248505,152074400
2016-05-24,22.34994888305664,22.393323492559436,22.107956427509535,22.1947091299998,140560800
2016-05-25,22.74261474609375,22.770008870229137,22.39789083620361,22.525734726815106,152675200
2016-05-26,22.922962188720703,22.996016074163652,22.518881524128446,22.756307087253532,225324800
2016-05-27,22.909269332885742,22.936665200189545,22.658146645366198,22.701522999828267,145364800
2016-05-31,22.79741096496582,22.920689782485262,22.559985287714625,22.73805411021731,169228800
2016-06-01,22.47779655456543,22.724354158290147,22.448119001831813,22.605640463870408,116693200
2016-06-02,22.308855056762695,22.336249179188147,22.0600140803638,22.281459192594973,160766400
2016-06-03,22.35451889038086,22.434421337762906,22.24722057172094,22.324841336136874,114019600
2016-06-06,22.516605377197266,23.26084327311567,22.270049522734844,22.37049755909265,93170000
2016-06-07,22.60792350769043,22.799691110160698,22.59194301929646,22.658148397426515,89638000
2016-06-08,22.58737564086914,22.728916597629397,22.528018800627056,22.605637810238495,83392400
2016-06-09,22.749465942382812,22.827084958849852,22.477795901263008,22.48692785762547,106405600
2016-06-10,22.5622615814209,22.680973511654198,22.482359153211725,22.493772790531718,126851600
2016-06-13,22.222105026245117,22.62846922235648,22.16731503307265,22.530302874478632,152082000
2016-06-14,22.249502182006836,22.48236271452239,22.08741387575203,22.2175412056604,127727600
2016-06-15,22.17645263671875,22.466386647153403,22.151340187256128,22.33169244169544,117780800
2016-06-16,22.27005386352539,22.3157119124291,21.93217837971201,22.018929369326226,125307200
2016-06-17,21.76323890686035,22.06458652213003,21.756390374517835,22.057737989787512,244032800
2016-06-20,21.710729598999023,22.046321602416025,21.694749110347864,21.916194268615826,137647600
2016-06-21,21.895647048950195,21.99609508084808,21.614845064338432,21.674201907102525,142185600
2016-06-22,21.813459396362305,22.11937205752693,21.767799620391372,21.973264257904667,116876400
2016-06-23,21.93902015686035,21.982396509181385,21.744970896161714,21.90249407733399,128960800
2016-06-24,21.322629928588867,21.610280451299293,21.151409669646895,21.21076651376802,301245600
2016-06-27,21.012157440185547,21.242734620653806,20.888878603353305,21.231319236195162,181958400
2016-06-28,21.36600685119629,21.38198908249686,21.03498167817987,21.208485380338367,161779600
2016-06-29,21.550928115844727,21.585172523145896,21.37514097117874,21.452761743844253,146124000
2016-06-30,21.824874877929688,21.863684384477043,21.528094146885635,21.56005512189434,143345600
2016-07-01,21.891082763671875,22.02349352775068,21.763238848971074,21.799764935281573,104106000
2016-07-05,21.685611724853516,21.779212950479643,21.56461637796487,21.776929526460368,110820800
2016-07-06,21.80889892578125,21.838578224277487,21.54407911467425,21.59658569521812,123796400
2016-07-07,21.902490615844727,22.030334486595997,21.82943672659513,21.847698892600945,100558400
2016-07-08,22.07143211364746,22.119373575400004,21.927607728389834,22.028055758934098,115648400
2016-07-11,22.13991928100586,22.292875610820325,22.082845867635477,22.08741097433847,95179600
2016-07-12,22.240373611450195,22.30429557387431,22.171886541028435,22.183300181893973,96670000
2016-07-13,22.114810943603516,22.2974448552345,22.107960669664298,22.238089748369333,103568800
2016-07-14,22.553133010864258,22.59879105048033,22.217541020284173,22.233521508324053,155676000
2016-07-15,22.550851821899414,22.66956552345778,22.486929863403095,22.582812801147572,120548000
2016-07-18,22.790559768676758,22.85904683146646,22.509757760185277,22.53258678111518,145975600
2016-07-19,22.79969024658203,22.829367797691717,22.67869313419053,22.72891802202426,95119600
2016-07-20,22.820240020751953,22.934386880644716,22.77001512372028,22.82937197855252,105104000
2016-07-21,22.699243545532227,23.0576645988345,22.63075473616531,22.790561377440522,130808000
2016-07-22,22.523456573486328,22.669564397576554,22.443552387591627,22.660432440853082,113254800
2016-07-25,22.222105026245117,22.564545531622375,22.12622210275768,22.429853102210377,161531600
2016-07-26,22.069149017333984,22.36593148982449,22.01207559891216,22.10339341673558,224959200
2016-07-27,23.50283432006836,23.82244582940252,23.457176279481736,23.804181916470828,369379200
2016-07-28,23.820161819458008,23.84527426368628,23.473156190996754,23.47543961549275,159479200
2016-07-29,23.790485382080078,23.86810614289584,23.669490004264542,23.785920274616863,110934800
2016-08-01,24.21054458618164,24.233373605008516,23.836143103844897,23.836143103844897,152671600
2016-08-02,23.85211944580078,24.215105484767406,23.742537736037125,24.210540378492425,135266400
2016-08-03,24.151187896728516,24.162601535342965,23.918327374689763,23.92745933062682,120810400
2016-08-04,24.30038833618164,24.33022666298565,24.164964465840992,24.23382429837736,109634800
2016-08-05,24.669923782348633,24.708943523137922,24.37153361485691,24.39219050662383,162213600
2016-08-08,24.87421417236328,24.87421417236328,24.596482552793994,24.67911189930986,112148800
2016-08-09,24.975200653076172,25.005040723905815,24.79157739562406,24.842074360556197,105260800
2016-08-10,24.789283752441406,24.995861467280687,24.734196945543605,24.952250129931834,96034000
2016-08-11,24.77322006225586,25.00275049857763,24.754857207067335,24.908642179120143,109938000
2016-08-12,24.830602645874023,24.8902810495864,24.738790121203813,24.738790121203813,74641600
2016-08-15,25.12898826599121,25.142759529232542,24.80764536466262,24.821416627903954,103472800
2016-08-16,25.106035232543945,25.301137479011352,25.067015483721676,25.163417834168943,135177600
2016-08-17,25.069313049316406,25.103742962959554,24.867325156571614,25.041768768166257,101424000
2016-08-18,25.03717803955078,25.156533084599157,25.023405023876595,25.071607951969114,87938800
2016-08-19,25.101444244384766,25.177189695340626,24.87191384840552,24.966020400144476,101472400
2016-08-22,24.906347274780273,25.041769386964035,24.754856351478242,24.986682574480657,103280800
2016-08-23,24.984384536743164,25.092264108588793,24.910934876300317,24.924706140390214,85030800
2016-08-24,24.796165466308594,24.961427612066576,24.715830187447835,24.92011207562708,94700400
2016-08-25,24.690580368041992,24.761734218149552,24.48629849093904,24.64926483384265,100344800
2016-08-26,24.545982360839844,24.777806811778337,24.401377083228862,24.653861932651832,111065200
2016-08-29,24.5184383392334,24.66074782393342,24.396787502056984,24.47253295768013,99881200
2016-08-30,24.33022117614746,24.444986370374572,24.21545598192035,24.28431579892777,99455600
2016-08-31,24.353166580200195,24.461046110693047,24.247582843234973,24.252174430290232,118649600
2016-09-01,24.497777938842773,24.513844995206068,24.242999079954956,24.362354105628313,106806000
2016-09-02,24.727310180664062,24.78928261668749,24.5184366810136,24.720422797836626,107210000
2016-09-06,24.720420837402344,24.858140464182316,24.676811256687962,24.766327963388267,107521600
2016-09-07,24.87191390991211,24.963726418766445,24.575819488225303,24.750263079930743,169457200
2016-09-08,24.220046997070312,24.62172519640011,24.155778765366023,24.617135358926078,212008000
2016-09-09,23.671463012695312,24.265947495844006,23.671463012695312,24.018054311723837,186228000
2016-09-12,24.20168685913086,24.26595509339278,23.53375252909865,23.56129680857292,181171200
2016-09-13,24.777809143066406,24.97061561429576,24.614842748400825,24.676816944973126,248704800
2016-09-14,25.654613494873047,25.943822305632303,24.927002505821523,24.95684258027059,443554800
2016-09-15,26.526830673217773,26.563556381127075,26.049406977465686,26.13433386362234,359934400
2016-09-16,26.377634048461914,26.655365631804546,26.175647919988556,26.42354118073634,319547600
2016-09-19,26.070058822631836,26.666837410995594,25.994313383219282,26.439602843935614,188092000
2016-09-20,26.067764282226562,26.194006687318172,25.824462648243934,25.948409259285395,138057200
2016-09-21,26.06317901611328,26.16417120672023,25.808400118376035,26.132037089093735,144012800
2016-09-22,26.30877113342285,26.382220780361955,26.166461676338088,26.246796954056215,124296000
2016-09-23,25.870370864868164,26.34779451144863,25.604116514660802,26.262867634038905,209924800
2016-09-26,25.90939712524414,26.026458147602714,25.604122951045476,25.62477985142607,119477600
2016-09-27,25.957584381103516,25.978243021576525,25.78543663226408,25.936927491807964,98429600
2016-09-28,26.154985427856445,26.31336194636011,26.035630403844344,26.095308791439287,118564400
2016-09-29,25.748720169067383,26.120560044993436,25.661499248077405,25.973660730074545,143548000
2016-09-30,25.948421478271484,26.0218711618634,25.661508378118896,25.812997584386597,145516400
2016-10-03,25.826759338378906,25.94841191901747,25.771672533773295,25.87037067391307,86807200
2016-10-04,25.936939239501953,26.237623549954538,25.852012347851097,25.950710505269782,118947200
2016-10-05,25.948421478271484,26.088435211240235,25.86579036533325,26.02875679607849,85812400
2016-10-06,26.141220092773438,26.24450808406431,25.966776478578595,26.097608751430183,115117200
2016-10-07,26.180240631103516,26.29500584761886,26.053999943643575,26.237623239361188,97433600
2016-10-10,26.63700294494629,26.79767352040043,26.33172710040549,26.400585167952435,144944000
2016-10-11,26.69439125061035,27.24296886988696,26.671436805342566,27.015732470219678,256164000
2016-10-12,26.933095932006836,27.079996997108335,26.797673838399614,26.935391726305692,150347200
2016-10-13,26.850467681884766,26.956051458572166,26.56125887980657,26.806856344339394,140769600
2016-10-14,26.999662399291992,27.123609034971466,26.884897190460418,27.057045003707778,142608800
2016-10-17,26.981298446655273,27.047860719709664,26.80455906306444,26.930801479915033,94499600
2016-10-18,26.962934494018555,27.13278648788246,26.958342905678045,27.12590085654955,98214000
2016-10-19,26.882606506347656,27.029505851914173,26.120565494529476,26.912444833948303,80138400
2016-10-20,26.868825912475586,26.942275564548005,26.701269714549984,26.82292053662201,96503200
2016-10-21,26.763240814208984,26.83439641976953,26.6897911657945,26.811441981808077,92770800
2016-10-24,27.004253387451172,27.02491028401574,26.855058269054144,26.878010960074132,94154800
2016-10-25,27.1419677734375,27.167216255646554,26.92620865317026,27.073107958107745,192516000
2016-10-26,26.53141975402832,26.55666823970095,26.008090689501234,26.237621103850174,264536800
2016-10-27,26.276636123657227,26.593387386903185,26.189413466965433,26.4855078385808,138248000
2016-10-28,26.102203369140625,26.444203253437294,26.040229166232955,26.136633287291733,151446800
2016-10-31,26.060874938964844,26.21925143348722,25.982833712976458,26.0861234163866,105677600
2016-11-01,25.590347290039062,26.113676393106815,25.36999828617781,26.042522519795494,175303200
2016-11-02,25.613298416137695,25.787742023548795,25.530669077025184,25.5696888276685,113326800
2016-11-03,25.338754653930664,25.71480946411333,25.27415645440667,25.604070196406166,107730400
2016-11-04,25.1103515625,25.435651901081993,24.94193507982462,25.03883237891201,123348000
2016-11-07,25.47256088256836,25.495631411829535,25.253386454165774,25.39642655185477,130240000
2016-11-08,25.622528076171875,25.774796784388368,25.308763853334042,25.449496413290824,97016800
2016-11-09,25.58099365234375,25.68250609768503,24.928089021192104,25.350284829418023,236705600
2016-11-10,24.868106842041016,25.629444981428254,24.415917712910513,25.629444981428254,228538000
2016-11-11,25.01576042175293,25.11727287797562,24.58202842182032,24.71353239457752,136575600
2016-11-14,24.38823127746582,24.87271948967614,24.01217650173713,24.849648957698268,204702000
2016-11-15,24.711223602294922,24.842727568607845,24.492050911829622,24.586640619445507,129058000
2016-11-16,25.375667572021484,25.43103896695081,24.593564660376547,24.61663519484596,235362000
2016-11-17,25.366439819335938,25.45872372034074,25.108047008725304,25.334140718009607,110528000
2016-11-18,25.39181137084961,25.502552375456155,25.299529253874137,25.31337121938675,113715600
2016-11-21,25.777103424072266,25.837086464357252,25.380283876739426,25.40566199384809,117058400
2016-11-22,25.793251037597656,25.936289403100194,25.700967142331212,25.827855958174787,103862000
2016-11-23,25.661752700805664,25.726350913643856,25.454114330847702,25.691744225289312,109705600
2016-11-25,25.79094696044922,25.8094040940441,25.597150578041198,25.63867824854512,45903600
2016-11-28,25.74018669128418,25.947825011279967,25.69865902728502,25.707887592636933,108776000
2016-11-29,25.714805603027344,25.846309563789816,25.394120474849235,25.557923530523986,114115200
2016-11-30,25.497941970825195,25.88553291901066,25.44026475687003,25.74710795755204,144649200
2016-12-01,25.26031494140625,25.594843875667053,25.154189067141502,25.463339883624965,148347600
2016-12-02,25.354907989501953,25.398741482769974,25.112662944948916,25.186489721166257,106112000
2016-12-05,25.17264175415039,25.384893465192334,24.974232010298948,25.377972481597084,137298000
2016-12-06,25.366439819335938,25.461031301912335,25.191102343612727,25.262621530811167,104782000
2016-12-07,25.61560821533203,25.652522483247672,25.18418371012533,25.207254247488017,119994800
2016-12-08,25.867076873779297,25.93859605396477,25.516398436381394,25.576383230177928,108273200
2016-12-09,26.28927230834961,26.462303942920148,25.910909941568868,25.910909941568868,137610400
2016-12-12,26.139318466186523,26.53152288299795,25.95244306461732,26.137010884392804,105497600
2016-12-13,26.57535171508789,26.74376818178369,26.243130423831104,26.263893374450276,174935200
2016-12-14,26.57535171508789,26.808366375046116,26.526903070141067,26.540745037220514,136127200
2016-12-15,26.7206974029541,26.93064328928526,26.584580034147624,26.619184951526396,186098000
2016-12-16,26.75530433654785,26.877579739572983,26.68147757848539,26.870658756030995,177404400
2016-12-19,26.909879684448242,27.080603737817484,26.70454895210946,26.716085098488907,111117600
2016-12-20,26.981403350830078,27.108293941432084,26.91911272646034,26.932954696282707,85700000
2016-12-21,27.00677490234375,27.08521681932549,26.94217671198742,26.946791874252114,95132800
2016-12-22,26.829132080078125,26.87988830814205,26.679170977208024,26.842974047670534,104343600
2016-12-23,26.882192611694336,26.882192611694336,26.667633325280576,26.667633325280576,56998000
2016-12-27,27.05291748046875,27.177500457963216,26.875270698420316,26.88219168158634,73187600
2016-12-28,26.93756866455078,27.228260578938116,26.808370497987386,27.112906141751992,83623600
2016-12-29,26.93065071105957,27.018319459527515,26.854516351507048,26.86605074042247,60158000
2016-12-30,26.7206974029541,27.03907496401998,26.630721097431813,26.912186159904092,122345200
2017-01-03,26.79683494567871,26.838362611667527,26.476149765052995,26.71608719519183,115127600
2017-01-04,26.766845703125,26.8798943310228,26.704555074833102,26.727625612712725,84472400
2017-01-05,26.90296173095703,26.96063894901325,26.71839392910952,26.74377204586778,88774400
2017-01-06,27.202882766723633,27.26055998223089,26.870661442147778,26.942180626122717,127007600
2017-01-09,27.452043533325195,27.553555983052966,27.209800314886703,27.21210613589418,134247600
2017-01-10,27.479734420776367,27.542025042957096,27.292860794065135,27.40129248747833,97848400
2017-01-11,27.627382278442383,27.668909938077686,27.36206677300398,27.394365868257143,110354400
2017-01-12,27.51202964782715,27.523565794095013,27.27209223883968,27.43128190445848,108344800
2017-01-13,27.463581085205078,27.597392637575958,27.410517276448072,27.47973063392785,104447600
2017-01-17,27.68506622314453,27.740435862743468,27.274404689128275,27.302088628843194,137759200
2017-01-18,27.68274688720703,27.80040886154286,27.618148708408807,27.6850544679265,94852000
2017-01-19,27.634313583374023,27.705832783837906,27.539723843422053,27.546644829251544,102389200
2017-01-20,27.68506622314453,27.788884517413678,27.62277559861686,27.788884517413678,130391600
2017-01-23,27.703521728515625,27.87193821911541,27.63200078139348,27.68506459634417,88200800
2017-01-24,27.67814064025879,27.708132156690723,27.5697072006043,27.58124334701517,92844000
2017-01-25,28.118789672851562,28.169545893659965,27.749655921747603,27.781955014958665,129510400
2017-01-26,28.13263511657715,28.24798953085189,28.054193199582617,28.070342747174333,105350400
2017-01-27,28.134946823120117,28.22723072587861,28.054199068269828,28.178782072968435,82251600
2017-01-30,28.061119079589844,28.061119079589844,27.837332955386962,27.899623575491066,121510000
2017-01-31,27.996524810791016,28.00575337806005,27.828108298596522,27.950383734615073,196804000
2017-02-01,29.703765869140625,30.10520055481025,29.302332943639925,29.306946346387992,447940000
2017-02-02,29.653005599975586,29.85141533433283,29.47997397769906,29.526116799740677,134841600
2017-02-03,29.77989959716797,29.805277712177485,29.56764787178739,29.602252792101375,98029200
2017-02-06,30.059053421020508,30.107503826701652,29.73836827203236,29.791433840239698,107383600
2017-02-07,30.345138549804688,30.474334958690797,30.095972538236566,30.11673549244938,152735200
2017-02-08,30.462799072265625,30.504328501385984,30.273619620583087,30.30361290159567,92016400
2017-02-09,30.68292808532715,30.689879077628472,30.381705455064758,30.50451103318997,113399600
2017-02-10,30.6134090423584,30.80341222553875,30.59719124181414,30.69219283340432,80262000
2017-02-13,30.88451385498047,31.00732296839575,30.759392458272433,30.83585690899454,92141600
2017-02-14,31.285364151000977,31.30158194973715,30.87523804775316,30.92621433338172,132904800
2017-02-15,31.398900985717773,31.575002176378174,31.192680014234295,31.40122033965837,142492400
2017-02-16,31.36182975769043,31.489266940949232,31.243655847657074,31.43597483509916,90338400
2017-02-17,31.447566986083984,31.473055134709295,31.303908440523752,31.303908440523752,88792800
2017-02-21,31.674636840820312,31.686223004249133,31.507805987127217,31.565733268670634,98028800
2017-02-22,31.769638061523438,31.77195387994199,31.537928938045212,31.612074019045913,83347600
2017-02-23,31.635242462158203,31.85536539532056,31.581950360268415,31.832196607177274,83152800
2017-02-24,31.665363311767578,31.665363311767578,31.345603654111528,31.491581504015365,87106400
2017-02-27,31.727922439575195,31.846096332459936,31.577312952706357,31.776582901751258,81029600
2017-02-28,31.741832733154297,31.84610112711568,31.674635110298848,31.762685704826477,93931600
2017-03-01,32.39059829711914,32.474013675305386,31.883158576717996,31.950352628446456,145658400
2017-03-02,32.19830322265625,32.5041574448838,32.151958566790725,32.43927916939308,104844000
2017-03-03,32.38828659057617,32.39987274871667,32.11255229058804,32.15657757016249,84432400
2017-03-06,32.28634262084961,32.38597936457074,32.11488016304117,32.29329361045806,87000000
2017-03-07,32.32805252075195,32.434636719888175,32.15890234311395,32.22146478601568,69785200
2017-03-08,32.20755386352539,32.39292178712593,32.16584793690478,32.19596770537553,74828800
2017-03-09,32.1334228515625,32.158910999190404,31.755739345659407,32.147328370305814,88623600
2017-03-10,32.24001693725586,32.290993242508115,32.124162340882854,32.265505089881984,78451200
2017-03-13,32.253910064697266,32.30720217442387,32.16586299984476,32.17281399086994,69686800
2017-03-14,32.20524978637695,32.358175108666316,32.17049129925637,32.277079043252336,61236400
2017-03-15,32.54585647583008,32.61305054829413,32.214510677928814,32.30256125307455,102767200
2017-03-16,32.59915542602539,32.67561985700658,32.499518669680036,32.60610641651455,76928000
2017-03-17,32.43696212768555,32.67098707433795,32.41378980062658,32.67098707433795,175540000
2017-03-20,32.7775764465332,32.78684325645368,32.492571659166025,32.53196178862959,86168000
2017-03-21,32.40220642089844,33.08806705492065,32.376718273184075,32.92818717703974,158119600
2017-03-22,32.7682991027832,32.81000857751978,32.38366116461315,32.404517669781505,103440800
2017-03-23,32.65244674682617,32.80537560511284,32.58061748976435,32.73122699421008,81385200
2017-03-24,32.58756637573242,32.84244778975115,32.5203722950912,32.786836335165205,89582400
2017-03-27,32.643184661865234,32.721964920648965,32.11951974448904,32.29793677164116,94300400
2017-03-28,33.31976318359375,33.3753710946233,32.58292654205561,32.65012414868248,133499200
2017-03-29,33.39390563964844,33.479640388466635,33.178417930012095,33.29195309657773,116760000
2017-03-30,33.34989547729492,33.48197138677412,33.25026224222897,33.41014211766127,84829200
2017-03-31,33.28733444213867,33.428677152768415,33.1367213863787,33.30123642423328,78646800
2017-04-03,33.29660415649414,33.3939215752472,33.1459946231956,33.29892351077941,79942800
2017-04-04,33.54452896118164,33.57233292308607,33.17379296965375,33.192330122790196,79565600
2017-04-05,33.37074661254883,33.704408292649255,33.322086144367354,33.4170877268738,110871600
2017-04-06,33.28733444213867,33.48660443522977,33.23867396920681,33.43330878973279,84596000
2017-04-07,33.21318817138672,33.40782300567171,33.19697036966346,33.30355459699054,66688800
2017-04-10,33.17380142211914,33.33831648837211,33.111238956293214,33.273438203664234,75733600
2017-04-11,32.816959381103516,33.215499296723564,32.45317441456657,33.120497721762945,121517600
2017-04-12,32.85634994506836,32.93744600588938,32.6732977824949,32.81000883379918,81400000
2017-04-13,32.682579040527344,32.99075266000285,32.682579040527344,32.8818490675716,71291600
2017-04-17,32.863304138183594,32.874890301030234,32.64086183256975,32.782204533857595,66328400
2017-04-18,32.71732711791992,32.91196193065789,32.69647414561241,32.765987588904714,58790000
2017-04-19,32.59682083129883,32.90267841221814,32.54352875059882,32.8748744632614,69313600
2017-04-20,33.004642486572266,33.11586185691049,32.70805514193697,32.72195712127924,93278400
2017-04-21,32.96525192260742,33.06024995870025,32.8679345329221,33.00464204208006,69283600
2017-04-24,33.28270721435547,33.35453649605751,33.176119433519105,33.25026806985772,68537200
2017-04-25,33.488922119140625,33.57465337056667,33.33599323637989,33.345263582026504,75486000
2017-04-26,33.29195785522461,33.50513331335182,33.22244796192211,33.475010002520825,80164800
2017-04-27,33.317447662353516,33.40318242771786,33.20622829190253,33.34757097469234,56985200
2017-04-28,33.28501892089844,33.43563199400183,33.19697184562686,33.38697151546661,83441600
2017-05-01,33.963932037353516,34.107590597597756,33.58856429705005,33.62100344083428,134411600
2017-05-02,34.17940139770508,34.313793073749125,34.02415675527478,34.186352386500495,181408800
2017-05-03,34.07514572143555,34.174782490612145,33.428678773488514,33.73453300120081,182788000
2017-05-04,33.952327728271484,34.093670394003,33.785496924929376,33.95001191052493,93487600
2017-05-05,34.5153923034668,34.52002394026559,34.005629407550984,34.005629407550984,109310800
2017-05-08,35.45381164550781,35.61369150611041,34.53161032572545,34.53161032572545,195009600
2017-05-09,35.680877685546875,35.887098597485654,35.55575281930117,35.65307019549255,156521600
2017-05-10,35.51173400878906,35.66929802915871,35.24526996841705,35.59746877665496,103222800
2017-05-11,35.818851470947266,35.84677374387542,35.4372802094031,35.469853235991245,109020400
2017-05-12,36.319091796875,36.39354292271868,35.98637823239584,35.993357914500116,130108000
2017-05-15,36.22602462768555,36.447056185282094,36.074793443591716,36.29815037856705,104038800
2017-05-16,36.172508239746094,36.309780042834795,35.99800910186227,36.28186131683548,80194000
2017-05-17,34.95800018310547,35.96311710045027,34.83236234353471,35.737431224570386,203070800
2017-05-18,35.49079132080078,35.67692441779575,35.16273568693745,35.195308712647055,134272800
2017-05-19,35.611778259277344,35.825830077610085,35.51173380568212,35.686232917928834,107843200
2017-05-22,35.828163146972656,35.96543494576482,35.576883970261584,35.8304885240018,91865600
2017-05-23,35.783958435058594,36.03988838229919,35.66995104980235,36.03988838229919,79675600
2017-05-24,35.676937103271484,35.87004994942603,35.521051599791384,35.79326988648304,76712000
2017-05-25,35.80024719238281,35.91192921299066,35.60480898161094,35.76767415725416,76942400
2017-05-26,35.73975372314453,35.88633414933184,35.669953351141324,35.83049314169039,87710400
2017-05-30,35.75370788574219,35.930532392255856,35.67460246573822,35.69554150923447,80507600
2017-05-31,35.5419807434082,35.8700399526836,35.4535702669393,35.823507562406206,97804800
2017-06-01,35.639705657958984,35.674607619021614,35.41634872801346,35.63738028063256,65616400
2017-06-02,36.167850494384766,36.167850494384766,35.572227395105855,35.73276715471647,111082800
2017-06-05,35.814205169677734,35.93519224555093,35.70485563113581,35.909598893927644,101326800
2017-06-06,35.93519973754883,36.2516250825914,35.77931421795953,35.80723295275309,106499600
2017-06-07,36.14924240112305,36.29116851698473,35.94217022062264,36.06781159542178,84278400
2017-06-08,36.06082534790039,36.1887885264461,35.92355001151078,36.12131709685279,85003200
2017-06-09,34.662513732910156,36.107368405845925,33.973825671403006,36.107368405845925,259530800
2017-06-12,33.834224700927734,33.990110197301966,33.15716708145269,33.908679382882696,289229200
2017-06-13,34.10643005371094,34.30652249791494,33.771391212235095,34.239051074375666,136661600
2017-06-14,33.77372741699219,34.31816387661531,33.466607229393055,34.31816387661531,126124800
2017-06-15,33.571311950683594,33.61551897493088,33.08737071206775,33.345629624601386,128661600
2017-06-16,33.10132598876953,33.62016912726743,33.08503769755581,33.452649661441285,201444400
2017-06-19,34.048274993896484,34.14134334198759,33.42473303756118,33.42473303756118,130165600
2017-06-20,33.73882293701172,34.171580909790116,33.72253819808349,34.171580909790116,99600400
2017-06-21,33.93891143798828,33.98544737278074,33.64575421984001,33.85748065248823,85063200
2017-06-22,33.883079528808594,34.13202977966742,33.76441784598405,33.91565255836566,76425200
2017-06-23,34.034305572509766,34.23905232761556,33.762087391395056,33.76674169497294,141757600
2017-06-26,33.92728805541992,34.49964325030576,33.82491465791016,34.24138437938582,102769600
2017-06-27,33.44101333618164,34.00639238135351,33.41541998763157,33.73882491011298,99047600
2017-06-28,33.92960739135742,33.994753441774456,33.30839098547059,33.61783650004825,88329600
2017-06-29,33.42937469482422,33.76674248332556,33.103644440636,33.66902340706909,125997600
2017-06-30,33.50849151611328,33.72719768816281,33.45265050935776,33.60853599258162,92096400
2017-07-03,33.38749694824219,33.80629552940867,33.294432174735654,33.70857645216875,57111200
2017-07-05,33.52477264404297,33.687637791782386,33.20602202988196,33.43170785967585,86278400
2017-07-06,33.20835494995117,33.387508428254876,33.133903815585256,33.27582995160863,96515200
2017-07-07,33.545711517333984,33.67833256208607,33.24789994864159,33.24789994864159,76806800
2017-07-10,33.75045394897461,33.9575260840945,33.35724871988106,33.52942245309055,84362400
2017-07-11,33.85981750488281,33.93427218563015,33.59225354011056,33.673684353209055,79127200
2017-07-12,33.90866470336914,34.011034521447996,33.69461291070647,33.938908798399964,99538000
2017-07-13,34.38100051879883,34.54852005339184,33.83888918465696,33.85284855417376,100797600
2017-07-14,34.676475524902344,34.743950529350904,34.27861938218252,34.42752520726861,80528400
2017-07-17,34.79747009277344,35.10924117630737,34.567133397566515,34.625299803458475,95174000
2017-07-18,34.91843795776367,34.93007194256646,34.59037875737127,34.71369118585459,71475200
2017-07-19,35.13715362548828,35.23021842877535,34.88819977389362,35.01151223583659,83692000
2017-07-20,34.97892761230469,35.30466141629395,34.94402921018139,35.248820422703176,68974800
2017-07-21,34.96265411376953,35.002206832288344,34.63924913275606,34.897508042068594,105010400
2017-07-24,35.38610076904297,35.467535127297985,34.876562673559796,35.03477708526242,85972800
2017-07-25,35.53733444213867,35.79326439582778,35.318628275219126,35.318628275219126,75415600
2017-07-26,35.70484924316406,35.81419876214221,35.61178091291465,35.6792558961197,63124000
2017-07-27,35.03012466430664,35.828169347462264,34.2716362488497,35.77232833735343,129905200
2017-07-28,34.78349685668945,34.953341700129265,34.7113711101682,34.87423627169913,68854800
2017-07-31,34.60434341430664,34.97660968379857,34.46474622589286,34.87656165941748,79383600
2017-08-01,34.911468505859375,34.95102122562267,34.529897123807544,34.69043693061989,141474400
2017-08-02,36.56106185913086,37.16831904468561,36.333050629937745,37.05896595972482,279747200
2017-08-03,36.1957893371582,36.57736078169166,36.06782254626688,36.54013343339685,108389200
2017-08-04,36.38656234741211,36.62155325627429,36.22369718531979,36.31211122339602,82239600
2017-08-07,36.949623107910156,36.97521646573784,36.451718869422315,36.54245831077586,87481200
2017-08-08,37.24510192871094,37.65226664403892,36.82397784831713,36.900757906373755,144823600
2017-08-09,37.47310256958008,37.521963883676285,37.01940558237341,37.054303985161006,104526000
2017-08-10,36.27951431274414,37.372662994549984,36.118344133318566,37.34930365452444,163217200
2017-08-11,36.7840461730957,37.038650173535515,36.4547022567992,36.57849893001648,105028400
2017-08-14,37.3376350402832,37.42172369145836,37.0806965049881,37.21383835440527,88490800
2017-08-15,37.74639129638672,37.88653664504959,37.40536417611742,37.526826329599835,117862000
2017-08-16,37.59457015991211,37.9589531283983,37.40770609388094,37.82581484259094,110686400
2017-08-17,36.87281036376953,37.538512468065775,36.86813778210182,37.49413185256129,111762400
2017-08-18,36.78873062133789,37.255889105418376,36.60653909767741,36.872819291037835,109712400
2017-08-21,36.72098922729492,36.87982137954748,36.230471459906205,36.788725630076534,105474000
2017-08-22,37.32126998901367,37.37265767845229,36.91017203763907,36.95922165492679,86418400
2017-08-23,37.368003845214844,37.482458949863776,37.11106883325593,37.155449456775635,77596400
2017-08-24,37.20215606689453,37.54551773804493,37.03397877636636,37.47310520018072,79275600
2017-08-25,37.3399772644043,37.50348201876887,37.20216636887818,37.29092405602676,101920400
2017-08-28,37.71603012084961,37.83982679994081,37.356316191156566,37.4053693867094,103864000
2017-08-29,38.05238723754883,38.101436872228,37.372670929623744,37.39603027460902,118067600
2017-08-30,38.1551628112793,38.281294007970764,37.98231292442332,38.26027273587813,109078400
2017-08-31,38.30698013305664,38.42844228753387,38.18551797857941,38.22289149751624,107140400
2017-09-01,38.318660736083984,38.5265460395454,38.22055791958776,38.49384510071332,66364400
2017-09-05,37.85851287841797,38.36537925734849,37.50347153664777,38.24858967056813,117874000
2017-09-06,37.81882095336914,38.07108699594923,37.49414590640841,38.00568508462886,86606800
2017-09-07,37.66698455810547,37.89589476489101,37.45676468116117,37.860855742642876,87714000
2017-09-08,37.05267333984375,37.641290416496794,37.02931399185474,37.573554009946434,114446000
2017-09-11,37.72304153442383,37.85151080975212,37.346978872536894,37.48946232987631,126323200
2017-09-12,37.57354736328125,38.2976442532163,37.08536772823925,37.982310931826895,286856000
2017-09-13,37.2909049987793,37.36331751969002,36.88447961193617,37.3422926901949,179629600
2017-09-14,36.970916748046875,37.23252432041927,36.92653612827602,37.136759553906,95042800
2017-09-15,37.344642639160156,37.59924310496796,36.90551261436456,37.01529512056346,196458400
2017-09-18,37.062007904052734,37.489458229316895,36.905510281819744,37.398362492072756,113077600
2017-09-19,37.076026916503906,37.31895129023793,37.008290513986005,37.25821841473648,83242400
2017-09-20,36.4547004699707,36.96623582608519,35.931481879131866,36.88214718763136,211805600
2017-09-21,35.828712463378906,36.391639176912975,35.679221921624595,36.391639176912975,150046800
2017-09-22,35.47834777832031,35.56710902293192,35.16768698631575,35.39659362521635,186581600
2017-09-25,35.165348052978516,35.46432913347632,34.84067311880658,35.034544275777684,177549200
2017-09-26,35.770320892333984,35.95251239515675,35.43163174293966,35.45265301692629,146640000
2017-09-27,36.0249137878418,36.139368862313745,35.863743592979226,35.92447645720873,102016800
2017-09-28,35.80302810668945,36.03660736289914,35.66755171039144,35.945511595542825,88022000
2017-09-29,35.99921798706055,36.00155605964133,35.504031322299056,35.786663666176246,105199200
2017-10-02,35.926815032958984,36.07630557361352,35.67221456849255,36.031924956770894,74795200
2017-10-03,36.08332443237305,36.22580792885166,35.95018610255944,35.973541890948376,64921200
2017-10-04,35.84973907470703,35.93850032226484,35.6114908272669,35.884778097544356,80655200
2017-10-05,36.295875549316406,36.30755522336761,35.982880243906436,36.01324311947623,85135200
2017-10-06,36.274845123291016,36.31922573500782,36.10199525769272,36.197763570962124,69630400
2017-10-09,36.40097427368164,36.60885957686108,36.31922370877985,36.39396718423677,65051600
2017-10-10,36.415000915527344,36.905518729356835,36.22814038086491,36.45237444811433,62468000
2017-10-11,36.56681442260742,36.66725174021753,36.379950401138984,36.43133809614617,67622400
2017-10-12,36.438358306884766,36.758360697646054,36.37529091954937,36.52011245950976,64500400
2017-10-13,36.66959762573242,36.73733402132811,36.53412127040553,36.60886475643748,65576800
2017-10-16,37.344642639160156,37.372671001888165,36.82375847089367,36.882153269334125,96486000
2017-10-17,37.482452392578125,37.57588264164802,37.19281291784457,37.32128218341734,75989200
2017-10-18,37.31660842895508,37.53851150075943,37.27923846898289,37.470771542797436,65496800
2017-10-19,36.433677673339844,36.69061618412299,36.209443667688426,36.61353463088805,170336800
2017-10-20,36.496742248535156,36.847110974121094,36.42900586314126,36.58083088524118,95896400
2017-10-23,36.478057861328125,36.83309919097144,36.321560248084054,36.64623514567837,87937200
2017-10-24,36.6953010559082,36.77004456144765,36.4850775955471,36.50609887234227,71028800
2017-10-25,36.53413009643555,36.8004102897488,36.2678499031223,36.65091971743498,84828400
2017-10-26,36.767704010009766,36.865806849735726,36.62054796835289,36.72565789919243,68002000
2017-10-27,38.0850944519043,38.2135637422016,37.06902336807756,37.20683425942547,177816800
2017-10-30,38.94232940673828,39.25766279205069,38.24159171860955,38.28129975990717,178803200
2017-10-31,39.484222412109375,39.62670585228483,38.99370828012982,39.21794229356751,144187200
2017-11-01,38.982032775878906,39.694450052917546,38.683051683242326,39.67809779803572,134551200
2017-11-02,39.266998291015625,39.35809403375087,38.6059687469068,38.9142949925557,165573600
2017-11-03,40.292415618896484,40.70351376473074,39.970075153421774,40.64278445036515,237594400
2017-11-06,40.70116424560547,40.87401408847445,40.11020931959489,40.262034331586,140105200
2017-11-07,40.83198165893555,40.934757082929046,40.54935280708937,40.6217617928659,97446000
2017-11-08,41.1660041809082,41.1660041809082,40.71986700268964,40.79694857516741,97638000
2017-11-09,41.08190155029297,41.13328924780806,40.44189340387275,40.90204460899016,117930400
2017-11-10,40.945945739746094,41.11238472002674,40.852179617610815,41.04909062026387,100582000
2017-11-13,40.7818489074707,40.90609061573516,40.64822844181956,40.67167175833839,67928400
2017-11-14,40.16532516479492,40.66698136401759,40.12781729008067,40.56383649702732,99130000
2017-11-15,39.63555145263672,39.926232201356875,39.4714589239031,39.84418414851564,116632400
2017-11-16,40.109073638916016,40.28957360939432,39.92153781092254,40.1278240024618,94550000
2017-11-17,39.88636779785156,40.17704847340767,39.766815466354466,40.09500044121785,87598000
2017-11-20,39.846527099609375,39.9824905027147,39.748071582246666,39.91919639264265,65049600
2017-11-21,40.587284088134766,40.718558086514285,40.03405539714381,40.03405539714381,100525200
2017-11-22,41.01392364501953,41.02329882517969,40.56618278223153,40.63885205355306,102355600
2017-11-24,41.016258239746094,41.14049991915816,40.94124250586489,41.046733828753716,56106800
2017-11-27,40.80997848510742,41.042054444243796,40.63416434008082,41.035022164598566,82867200
2017-11-28,40.57087707519531,40.992828195521916,40.28722865795972,40.859211294604684,105715200
2017-11-29,39.72930908203125,40.53571056706128,39.18545916369933,40.46773066862532,166665600
2017-11-30,40.28487777709961,40.35285766463597,39.48550870018034,39.951999887391175,166108800
2017-12-01,40.097347259521484,40.242685810059555,39.499578443064735,39.83948507926234,159037200
2017-12-04,39.804317474365234,40.4653767054027,39.764466703074625,40.43255821275471,130169600
2017-12-05,39.76681900024414,40.20752764303692,39.47613829885661,39.63085561944747,109400800
2017-12-06,39.61912155151367,39.89808050604322,39.02135645117566,39.26515043824894,114240000
2017-12-07,39.69180679321289,39.95435479627094,39.59569419318333,39.6238233143829,102693200
2017-12-08,39.70353317260742,40.085637174508584,39.574605622201844,39.96608480747924,93420800
2017-12-11,40.477108001708984,40.528680442001686,39.56756159321771,39.66367419348576,141095200
2017-12-12,40.24973678588867,40.4114864489163,40.193478521844035,40.35522460792201,77636800
2017-12-13,40.383338928222656,40.68104831176175,40.320044833043944,40.437254265698144,95273600
2017-12-14,40.371612548828125,40.58493454978209,40.23799209429182,40.41380622271479,81906000
2017-12-15,40.7818489074707,40.82873196356048,40.427877720502835,40.7021473544233,160677200
2017-12-18,41.356178283691406,41.53902472350812,40.99048540405797,40.99517478319252,117684400
2017-12-19,40.915470123291016,41.11472760393039,40.80998234169593,41.03033666326467,109745600
2017-12-20,40.87092590332031,41.12175220038022,40.61306375031704,40.992821123878585,93902400
2017-12-21,41.02564239501953,41.262407727061124,40.81232395613017,40.82873141591496,83799600
2017-12-22,41.02564239501953,41.12175498373052,40.90609006705201,40.948283743882484,65397600
2017-12-26,39.98482131958008,40.19579683458512,39.77618512821299,40.03873664862404,132742000
2017-12-27,39.99186706542969,40.03406075186031,39.7832343807536,39.874657611635286,85992800
2017-12-28,40.10438537597656,40.2848889284281,39.96373260682888,40.085631434960305,65920800
2017-12-29,39.67070007324219,39.98950984500125,39.668357172497174,39.973102385890755,103999600
2018-01-02,40.38100051879883,40.39037927837602,39.67774378235682,39.88872294945866,102223600
2018-01-03,40.37396240234375,40.91781591685785,40.310671880614436,40.44428878121343,118071600
2018-01-04,40.56150436401367,40.664649258385666,40.33880711131893,40.446637808563274,89738400
2018-01-05,41.0233154296875,41.110049294829366,40.56619920171797,40.65762244731187,94640000
2018-01-08,40.87092590332031,41.16629235198512,40.77246684348444,40.87092590332031,82271200
2018-01-09,40.86624526977539,41.037370056869754,40.6505803215452,40.91781771141178,86336000
2018-01-10,40.856868743896484,40.859215222157154,40.554469935001535,40.591977817686534,95839600
2018-01-11,41.08893966674805,41.138169203807585,40.90375033141539,40.92719007248573,74670800
2018-01-12,41.513240814208984,41.57653491672932,41.175677036698445,41.29991876356713,101672400
2018-01-16,41.30226135253906,42.05240102251029,41.290539693628176,41.703115617875326,118263600
2018-01-17,41.98441696166992,42.019578357968626,41.0397092936689,41.29287850091504,137547200
2018-01-18,42.02191925048828,42.21883379119358,41.785157513847274,42.04770546552424,124773600
2018-01-19,41.83439636230469,42.09694437246694,41.588255814303395,41.86955776475558,129700400
2018-01-22,41.49213790893555,41.67498433220892,41.398371796417685,41.5624642817979,108434400
2018-01-23,41.50151824951172,42.064125725414605,41.4499493850786,41.562469449479835,130756400
2018-01-24,40.840457916259766,41.56246850219612,40.601349655027036,41.55074684270415,204420400
2018-01-25,40.11140823364258,41.0115757292618,39.97544487592702,40.90843086637774,166116000
2018-01-26,40.20518112182617,40.32004766158672,39.865274458673376,40.32004766158672,156572000
2018-01-29,39.37299728393555,39.88871811273601,39.1643646205002,39.88871811273601,202561600
2018-01-30,39.14093017578125,39.23469631975067,38.6087981875346,38.80336633437279,184192800
2018-01-31,39.248748779296875,39.485514121767004,39.030740952174725,39.11747478744508,129915600
2018-02-01,39.33080291748047,39.52771393582206,39.09169463695222,39.18780724481486,188923200
2018-02-02,37.624229431152344,39.10106905879282,37.53046331194743,38.91353324343483,346375200
2018-02-05,36.68421936035156,38.416575096607,36.56935279783622,37.296052906008704,290954000
2018-02-06,38.21730041503906,38.37904997516776,36.10049873019694,36.29506678245701,272975200
2018-02-07,37.39918899536133,38.30404607461317,37.28901540532446,38.23137678935655,206434400
2018-02-08,36.370086669921875,37.74143850604499,36.34195754982027,37.57499953256489,217562000
2018-02-09,36.814945220947266,37.16329865334211,35.362684244764615,36.970293332303825,282690400
2018-02-12,38.29780578613281,38.57554611224318,37.07385489575755,37.3068770612048,243278000
2018-02-13,38.68146514892578,38.77796960748867,38.048306830765405,38.1189199368244,130196800
2018-02-14,39.394649505615234,39.434662760544875,38.33781974683445,38.375476956953584,162579600
2018-02-15,40.71745681762695,40.74099212471423,39.77831079062471,39.96425516020043,204588800
2018-02-16,40.58564376831055,41.148192554732624,40.430299249571625,40.56916941260214,160704400
2018-02-20,40.449134826660156,41.01638500061634,40.34792186009505,40.49620903810648,135722000
2018-02-21,40.26553726196289,40.98342696716154,40.25141176812373,40.67979529295451,149886400
2018-02-22,40.60212707519531,40.94341959897024,40.41618268219754,40.437365538703844,123967600
2018-02-23,41.30824661254883,41.34355136962207,40.84691076811192,40.87751061859656,135249600
2018-02-26,42.1249885559082,42.22384544778756,41.475356012901976,41.5083083101951,152648800
2018-02-27,41.98848342895508,42.4804155826652,41.93434826539465,42.155601009770486,155712400
2018-02-28,41.924922943115234,42.51335944789299,41.908448588577784,42.193249845632636,151128400
2018-03-01,41.190555572509766,42.315645888824946,40.63977986282203,42.023780087816995,195208000
2018-03-02,41.47537612915039,41.49655898949907,40.59036498712254,40.67274756607778,153816000
2018-03-05,41.61894226074219,41.83548648134679,41.077579913464824,41.23998897680121,113605600
2018-03-06,41.583621978759766,41.9555142046571,41.45652130001214,41.8754877183519,95154000
2018-03-07,41.19761657714844,41.390625476018485,41.018733171379544,41.17643372479385,126814000
2018-03-08,41.647186279296875,41.68955198741114,41.20703688451729,41.30353775017703,95096400
2018-03-09,42.36272048950195,42.36742898724045,41.75310112326421,41.88726637232557,128740800
2018-03-12,42.772281646728516,42.929982231102365,42.416867218500784,42.43569402993551,128828400
2018-03-13,42.36036682128906,43.191238867493816,42.188544369842795,42.97704712067932,126774000
2018-03-14,42.00025177001953,42.4898314572597,41.8519645959978,42.44275724707992,117473600
2018-03-15,42.0496711730957,42.423919519505,41.91315706460538,42.014366419439824,90975200
2018-03-16,41.90138626098633,42.16029615966206,41.80723426839683,42.049669813076456,157618800
2018-03-19,41.26118087768555,41.77194348689476,40.87516655779076,41.73663872257275,133787200
2018-03-20,41.24705505371094,41.61423893390935,41.176441940242285,41.24705505371094,78597600
2018-03-21,40.312618255615234,41.21174757208427,40.31026221047947,41.1999781210021,148219600
2018-03-22,39.74300003051758,40.64448152862968,39.68415638439098,40.01367936608748,165963200
2018-03-23,38.82268524169922,39.994849688004095,38.82268524169922,39.63472685455181,164115200
2018-03-26,40.66568374633789,40.74335782034103,39.1757616174395,39.55942348830978,150164800
2018-03-27,39.62296676635742,41.22586751967293,39.288735202377374,40.87986650516944,163690400
2018-03-28,39.18517303466797,40.018401356009285,38.88154129855595,39.366412531473316,166674000
2018-03-29,39.491146087646484,40.42558344201287,39.284015311404765,39.49820703760645,153594000
2018-04-02,39.23224639892578,39.76419542631413,38.71207041431438,39.222832992849405,150347200
2018-04-03,39.634735107421875,39.719470120673925,38.808571421863356,39.45820412910777,121112000
2018-04-04,40.39263916015625,40.4867875726584,38.782677602260065,38.80856895442792,138422000
2018-04-05,40.67273712158203,41.009321121354404,40.50326709924583,40.62095441522754,107732800
2018-04-06,39.63237762451172,40.597411361910254,39.59000832749653,40.241996996959315,140021200
2018-04-09,40.02546310424805,40.74100051634816,39.97838888884569,39.985449841579424,116070800
2018-04-10,40.778656005859375,40.95518698423972,40.37381134145123,40.71981234639926,113634400
2018-04-11,40.58800506591797,40.936358540960995,40.413826532630395,40.53857480933227,89726400
2018-04-12,40.988155364990234,41.1905777765822,40.7292417252098,40.81633281760869,91557200
2018-04-13,41.12700653076172,41.388272503790546,40.91987930647764,41.138775980120656,100497200
2018-04-16,41.383575439453125,41.47066291645523,41.15055322750271,41.197627442327295,86313600
2018-04-17,41.95317459106445,42.11793611080051,41.52243859491263,41.541268995958426,106421600
2018-04-18,41.859031677246094,42.08970144650777,41.633073998684004,41.85197072426181,83018000
2018-04-19,40.67273712158203,41.28235655639959,40.639784816768426,40.89869475700905,139235200
2018-04-20,39.00629806518555,40.30085899795314,38.93803738656288,40.154927823913575,261964400
2018-04-23,38.893314361572266,39.288742109648695,38.62263131807293,39.2675592499016,146062000
2018-04-24,38.3519401550293,39.14985995231257,37.9470955318883,38.994511845205345,134768000
2018-04-25,38.51905059814453,38.93566463219687,38.2271884022357,38.27661505536743,113528400
2018-04-26,38.65321350097656,39.008627820938656,38.45314367298912,38.62967460655532,111852000
2018-04-27,38.206024169921875,38.67912603811115,37.808240340386774,38.60145195380551,142623200
2018-04-30,38.89801788330078,39.36876723796921,38.09303691780167,38.16129758548682,169709600
2018-05-01,39.801849365234375,39.82538467213006,38.90036414674838,39.16869106777445,214277600
2018-05-02,41.56010055541992,41.837840897640554,40.908111818221585,41.2446958185261,266157600
2018-05-03,41.63541793823242,41.77899660543915,41.05875081606934,41.3976908561332,136272800
2018-05-04,43.26891326904297,43.3677701703335,41.936692167378894,41.955522566414906,224805200
2018-05-07,43.58196258544922,44.17275154917288,43.48545813573796,43.586667491631644,169805600
2018-05-08,43.79145812988281,43.83147139285199,43.231265265249505,43.54196155399712,113611200
2018-05-09,44.099796295166016,44.109209701260625,43.596094668095986,43.90914339584278,92844800
2018-05-10,44.730587005615234,44.808261053907685,44.16804186028325,44.18922830365853,111957200
2018-05-11,44.56047821044922,44.90781348080531,44.29111653194672,44.77313444424495,104848800
2018-05-14,44.45650100708008,44.78257164461772,44.387980745399375,44.659703873093555,83115200
2018-05-15,44.05246353149414,44.20132250361029,43.735846179883595,44.13279863168529,94780800
2018-05-16,44.463592529296875,44.52975487692427,43.948498949610155,43.965040437862264,76732400
2018-05-17,44.18242645263672,44.636088014199295,44.03356745706499,44.421070266236036,69176000
2018-05-18,44.02174377441406,44.37616713616014,43.97921470158735,44.22967330036031,73190800
2018-05-21,44.33364486694336,44.72114765770483,44.16352133876697,44.42106815586849,73603200
2018-05-22,44.222599029541016,44.6290049005881,44.13281059593838,44.51086374285074,60962800
2018-05-23,44.506126403808594,44.53920577581942,43.891791088886215,44.0312003616429,80233600
2018-05-24,44.45650100708008,44.6195363258489,43.99811650038063,44.60299844422146,92936000
2018-05-25,44.55809783935547,44.81091791929938,44.33835351791313,44.47539762696077,69844000
2018-05-29,44.397430419921875,44.59827176139703,44.15406000681995,44.32654863387725,90056400
2018-05-30,44.302921295166016,44.42106241861979,44.1327977889621,44.354903677916155,74762000
2018-05-31,44.1540641784668,44.475408191958955,43.98157914049399,44.23676441050668,109931200
2018-06-01,44.95033645629883,44.955059505415925,44.36199235693021,44.41870139476438,93770000
2018-06-04,45.326026916503906,45.701714849155046,45.21261243983928,45.28113270970008,105064800
2018-06-05,45.67572021484375,45.8245791829507,45.451252803117086,45.6190147834742,86264000
2018-06-06,45.83403396606445,45.85766363534121,45.347293064166436,45.75133733435847,83734400
2018-06-07,45.71117401123047,45.88602060068684,45.44653539128888,45.87184423996137,85388800
2018-06-08,45.295310974121094,45.36619637703649,44.83928791820581,45.17008165796916,106627200
2018-06-11,45.18425750732422,45.35910768515719,44.94325218766686,45.21261383139903,73234000
2018-06-12,45.4323616027832,45.51033519656956,45.165361442731324,45.22207049422554,67644400
2018-06-13,45.05903244018555,45.57412971242266,44.997600342098146,45.465438271549324,86553600
2018-06-14,45.0826530456543,45.26459138372451,44.945608910973704,45.25986472932009,86440400
2018-06-15,44.61954879760742,44.93144316510567,44.48250463055957,44.90072531229338,246876800
2018-06-18,44.59592056274414,44.70933505205634,44.23204381835266,44.392717649811416,73939600
2018-06-19,43.8752555847168,44.026476094306425,43.34598199846244,43.74529961427696,134314000
2018-06-20,44.06664276123047,44.23203962692559,43.884704406275205,44.03120186336054,82514800
2018-06-21,43.82091522216797,44.503770898115874,43.69804742148988,44.24385893617793,102847600
2018-06-22,43.69331741333008,43.98394359909991,43.641335024931394,43.97685541935294,108801600
2018-06-25,43.04353332519531,43.69330945646864,42.703286337776724,43.33415945804006,126652400
2018-06-26,43.57752990722656,44.07372403191097,43.13095663716288,43.23728652486718,98276800
2018-06-27,43.51374435424805,44.25094389386628,43.48302650497016,43.76656451210169,101141200
2018-06-28,43.83036422729492,43.998126237389926,43.428685060573926,43.49957046773212,69460800
2018-06-29,43.738224029541016,44.22969172857704,43.21840360347409,44.01703545969803,90950800
2018-07-02,44.22732162475586,44.25567795398073,43.338901425652686,43.433416514098965,70925200
2018-07-03,43.45703125,44.40924843482453,43.367242840735415,44.37144240930459,55819200
2018-07-05,43.80673599243164,44.04538341750769,43.542100976106674,43.77365661539102,66416800
2018-07-06,44.41398239135742,44.52267022587005,43.75947943778977,43.811461830080724,69940800
2018-07-09,45.03068542480469,45.054311493809735,44.72824434063602,44.775500084028224,79026400
2018-07-10,44.97633361816406,45.19607440885067,44.936162457669376,45.061395383515986,63756400
2018-07-11,44.3927116394043,44.84164648596165,44.32891442044935,44.53920548515606,75326000
2018-07-12,45.13700485229492,45.22679327478882,44.73059903152891,44.78258142293258,72164400
2018-07-13,45.2078857421875,45.32838839819301,45.10628249445715,45.14881517652929,50055600
2018-07-16,45.10865020751953,45.519779060598594,44.992870594262484,45.25278254019406,60172400
2018-07-17,45.23624038696289,45.3354785088503,44.70460527339231,44.8345612444525,62138000
2018-07-18,44.98814392089844,45.31894127062031,44.87709096271669,45.314214615592185,65573600
2018-07-19,45.33783721923828,45.49614588688389,44.82037853844009,44.82037853844009,81147200
2018-07-20,45.23387908935547,45.46779623305728,44.93379959201506,45.31421419718475,82704800
2018-07-23,45.27404022216797,45.35674044845101,44.78966090832627,45.05429586382263,63957600
2018-07-24,45.60248947143555,45.758436673779855,45.37802198008782,45.47253346948195,74791600
2018-07-25,46.032508850097656,46.03959702904006,45.46779082155878,45.61664979011127,66839600
2018-07-26,45.88838195800781,46.30187593695004,45.7466111516465,45.982893425327774,76304000
2018-07-27,45.125186920166016,46.11993686334562,44.91726097420194,46.07268113041657,96096000
2018-07-30,44.87236785888672,45.413452684057695,44.673891612522105,45.342567280247074,84118000
2018-07-31,44.9621467590332,45.39927035389456,44.73767934763721,44.96451188892407,157492000
2018-08-01,47.610870361328125,47.672302444502435,46.62084721963363,47.050882617996145,271742800
2018-08-02,49.00257873535156,49.2364994753582,47.33915317811474,47.393497089492804,249616000
2018-08-03,49.144344329833984,49.32155600959706,48.551273600783134,48.91751179336967,133789600
2018-08-06,49.399532318115234,49.44206139303171,48.926967812566545,49.14670857706378,101701600
2018-08-07,48.93642807006836,49.50114263177163,48.85372782160956,49.458613547683214,102349600
2018-08-08,48.9694938659668,49.10181134249521,48.32444436520038,48.68595590120866,90102000
2018-08-09,49.35464096069336,49.56729355830663,48.95768487833233,49.508222991705026,93970400
2018-08-10,49.207637786865234,49.57990373485978,49.00372221427533,49.16732935737988,98444800
2018-08-13,49.52534484863281,50.01853587834953,49.24792557279678,49.62967420734544,103563600
2018-08-14,49.73401641845703,49.92607568843563,49.380719838430274,49.83123276583713,82992000
2018-08-15,49.85020065307617,49.968756111957894,49.397317931821874,49.60834650391032,115230400
2018-08-16,50.58051300048828,50.69669505828396,50.14185626620628,50.20824704723987,114001600
2018-08-17,51.590599060058594,51.67832895060167,50.54256913331326,50.60895990745815,141708000
2018-08-20,51.08791732788086,51.96996656839502,51.00492706368577,51.71388997413222,121150800
2018-08-21,50.98833465576172,51.49812534467867,50.74885391021264,51.405652223325475,104639200
2018-08-22,50.99072265625,51.30133749578823,50.70381674653861,50.76546792374742,76072400
2018-08-23,51.095035552978516,51.464928024494725,50.88400697022757,50.89585962229423,75532800
2018-08-24,51.25390625,51.42936604578099,51.0049390170926,51.35823565182986,73905600
2018-08-27,51.675968170166016,51.865657680010756,51.29421934313807,51.488648467659736,82100400
2018-08-28,52.09326171875,52.29243399767741,51.90831551431382,51.92965462605068,91107200
2018-08-29,52.87098693847656,52.991915811799366,52.024502915342794,52.1999626640462,109019200
2018-08-30,53.35708236694336,54.12294980245895,52.733479345484334,52.935025121264076,195175200
2018-08-31,53.97356033325195,54.267575560999,53.58706837261931,53.70799364035151,173360400
2018-09-04,54.14665603637695,54.3410851316682,53.73645511085106,54.15851230733975,109560400
2018-09-05,53.79334259033203,54.45725375822085,53.3736589501733,54.29602010126096,133332000
2018-09-06,52.89944839477539,53.907169818025736,52.47264800955837,53.6416031238765,137160000
2018-09-07,52.47264862060547,53.437688207559276,52.33275404266306,52.603060353443986,150479200
2018-09-10,51.768436431884766,52.60306802575918,51.32740990070395,52.38966599052748,158066000
2018-09-11,53.0772819519043,53.18398114443549,51.3487412844018,51.69255140168033,142996000
2018-09-12,52.418113708496094,53.34995790322006,52.12646466698008,53.33573182666329,197114800
2018-09-13,53.684288024902344,54.14428382079878,52.773782896668074,52.999037562836996,166825600
2018-09-14,53.07490921020508,53.78624199360212,52.76192466688371,53.527791950627346,127997200
2018-09-17,51.66172790527344,52.863878376616604,51.51709010075814,52.67418891885507,148780400
2018-09-18,51.74708938598633,52.60305996683925,51.48152269069633,51.640386575704554,126286800
2018-09-19,51.77791976928711,52.07430847267503,51.04999099513999,51.80874535220783,108495200
2018-09-20,52.1715202331543,52.70501985218735,51.962861446608656,52.22131512286209,106435200
2018-09-21,51.60955810546875,52.48686769049842,51.5218246143482,52.34934293768456,384986800
2018-09-24,52.35171890258789,52.463161325425574,51.36534021627481,51.41039187036139,110773600
2018-09-25,52.683677673339844,52.8330587157541,52.09327016010668,52.105126430112286,98217600
2018-09-26,52.26400375366211,53.053583781081166,52.10750963261836,52.40152856142542,95938800
2018-09-27,53.33810806274414,53.69140468460075,53.0037807512583,53.07017514656896,120724800
2018-09-28,53.52541732788086,53.54912624771217,53.11758627931917,53.30015907231894,91717600
2018-10-01,53.88583755493164,54.39799811670171,53.670069322671495,54.04944470255482,94403200
2018-10-02,54.36478805541992,54.53550819660784,53.73644560384303,53.883453207300576,99152800
2018-10-03,55.02633285522461,55.35828669549664,54.48334682317725,54.54736778452454,114619200
2018-10-04,54.05891799926758,55.092721717820574,53.760155935330346,54.720455850224305,128168000
2018-10-05,53.18160629272461,54.15850573672969,52.30192681160914,54.05180654706137,134322000
2018-10-08,53.058311462402344,53.30253542001235,52.21182374324933,52.68841900691634,118655600
2018-10-09,53.79334259033203,53.888189110330316,52.69789151503159,53.027475483722945,107564000
2018-10-10,51.30132293701172,53.670062521507774,51.227819124762505,53.45903393039437,167962400
2018-10-11,50.84843444824219,52.04584527964782,50.3433906650113,50.86503394876488,212497600
2018-10-12,52.664710998535156,52.84728743527982,51.415135332389916,52.26399293127614,161351600
2018-10-15,51.538429260253906,52.598315352725166,51.517090145968695,52.439451471892795,123164000
2018-10-16,52.67420196533203,52.87337793522805,51.396173947128915,51.910704331805356,116736000
2018-10-17,52.446571350097656,52.790381502292725,52.00791464755591,52.70976464801751,91541600
2018-10-18,51.220703125,52.102756057051366,50.50462711714634,51.65698635946986,130325200
2018-10-19,52.00079345703125,52.463159011161046,51.55502378534438,51.704404817457615,132314800
2018-10-22,52.31852340698242,52.96109559648838,51.91306575711629,52.114607869673115,115168400
2018-10-23,52.81171798706055,52.93501668735266,50.90771745231698,51.17565396890587,155071200
2018-10-24,51.00019073486328,53.16738456128527,50.86977899548912,52.78089619299104,163702000
2018-10-25,52.11698532104492,52.49162104030336,51.393796230641804,51.62142432490957,119423200
2018-10-26,51.2870979309082,52.209459358708706,50.426384046082546,51.192251382455495,189033600
2018-10-29,50.32442855834961,52.09090438514096,48.86619406740807,51.97234891195998,183742000
2018-10-30,50.57575988769531,51.02152595640416,49.620203170895984,50.06596923960483,146640000
2018-10-31,51.89411163330078,52.271117240652195,51.36298171098841,51.42463288418343,153435600
2018-11-01,52.690792083740234,52.72398746980492,51.408021061480326,51.93915085654104,233292800
2018-11-02,49.19577407836914,50.65874806253091,48.709695954834366,49.68659543348698,365314800
2018-11-05,47.799190521240234,48.463101835106706,46.98827159158409,48.441762720174445,264654800
2018-11-06,48.31609344482422,48.54134809644701,47.82290229437271,47.87743679322284,127531600
2018-11-07,49.78144073486328,49.80752308277761,48.40145695637346,48.837740214189594,133697600
2018-11-08,49.60774612426758,49.995582995692075,49.193732269955774,49.96227178653937,101450400
2018-11-09,48.65123748779297,49.017660819557825,48.12301424738208,48.908211250477976,137463200
2018-11-12,46.200469970703125,47.55196113045554,46.11005227310484,47.34971216392766,204542000
2018-11-13,45.738868713378906,46.91666232300983,45.553277169104916,45.59610794197945,187531600
2018-11-14,44.44687271118164,46.274237011538084,44.2398639327732,46.1362323694825,243204000
2018-11-15,45.543758392333984,45.67700322291198,44.47065462981965,44.82518390668914,185915200
2018-11-16,46.04819107055664,46.3908227451404,45.07978424233005,45.32723843472403,147713200
2018-11-19,44.223201751708984,45.37482197028844,44.016196643218514,45.20826592721281,167701200
2018-11-20,42.11030960083008,43.1786536283531,41.760540090084326,42.44104361629007,271300800
2018-11-21,42.06271743774414,42.89312311671695,42.007992664771145,42.764634447207605,124496800
2018-11-23,40.994380950927734,42.01989789459456,40.94917573156791,41.62491951421102,94496000
2018-11-26,41.54877853393555,41.62729859680167,40.5113675567691,41.458364462378924,179994000
2018-11-27,41.4583625793457,41.58446956319541,40.65888990269772,40.808788533497605,165549600
2018-11-28,43.052547454833984,43.135823663787434,41.62253625141104,42.05082582673446,184250000
2018-11-29,42.7218132019043,43.495112508761814,42.28162599035636,43.461801299230856,167080000
2018-11-30,42.491004943847656,42.90739680121857,42.12220000118936,42.897877239886725,158126000
2018-12-03,43.97576141357422,44.00431284975598,43.116803945483724,43.89010347437833,163210000
2018-12-04,42.04130935668945,43.39755663566441,41.94137572883335,43.05492497978663,165377200
2018-12-06,41.57257080078125,41.58684651469543,40.54943561268697,40.86827199226882,172393600
2018-12-07,40.0902214050293,41.517851060130326,40.04501255171377,41.27991278428015,169126400
2018-12-10,40.35432815551758,40.470915572966724,38.862454329799945,39.25981076673073,248104000
2018-12-11,40.123531341552734,40.875413510017815,39.735690802451394,40.844484003983546,189126800
2018-12-12,40.235355377197266,40.906339285051075,40.216319883482726,40.544672165773235,142510800
2018-12-13,40.675540924072266,41.06100333718601,40.34242884424496,40.5660913681216,127594400
2018-12-14,39.374019622802734,40.230598753946886,39.32643270010572,40.21156325873819,162814800
2018-12-17,39.007606506347656,40.05691530823448,38.71969955830769,39.36689204174012,177151600
2018-12-18,39.514404296875,39.86179208564838,39.11466617547559,39.350226334370745,135366000
2018-12-19,38.28187942504883,39.842753541024855,37.853589910141004,39.49774385397237,196189200
2018-12-20,37.31585693359375,38.57217062840605,36.95181169422482,38.165294615238025,259092000
2018-12-21,35.86442565917969,37.632308461340656,35.602695804507725,37.322988059774715,382978400
2018-12-24,34.936485290527344,36.05955449410948,34.87937878452035,35.25056199693888,148676800
2018-12-26,37.396751403808594,37.41102711679266,34.9102976111204,35.28624045251434,234330000
2018-12-27,37.154056549072266,37.30158073396154,35.7073951737711,37.08029627195242,212468400
2018-12-28,37.173091888427734,37.71797251566736,36.773357369983444,37.475274483383565,169165600
2018-12-31,37.53238296508789,37.917841789878466,37.232578429673204,37.720352595634594,140014000
2019-01-02,37.57521438598633,37.79649888400641,36.69722151346666,36.8542616564938,148158800
2019-01-03,33.83245086669922,34.6723728598737,33.78724200424014,34.258358869125516,365248800
2019-01-04,35.2767219543457,35.34572607671616,34.21551944315652,34.38921334078491,234428400
2019-01-07,35.198204040527344,35.41235064672023,34.71518967715672,35.38141751200746,219111200
2019-01-08,35.86919403076172,36.12378972115468,35.33859270778415,35.58604690991342,164101200
2019-01-09,36.47830581665039,36.76859071870635,35.60269496042507,35.997669623478394,180396400
2019-01-10,36.594905853271484,36.6353549226105,35.89536677383828,36.285585382893906,143122800
2019-01-11,36.2356071472168,36.57110088304182,36.0500156403027,36.375993445543166,108092800
2019-01-14,35.690738677978516,35.99292128203398,35.505147127305,35.892987649413605,129756800
2019-01-15,36.421199798583984,36.497338130009624,35.702625461765,35.75497215302889,114843600
2019-01-16,36.86616134643555,37.08982393275848,36.40456045647552,36.42359595644454,122278800
2019-01-17,37.08506393432617,37.51335360451104,36.4664228962091,36.69008548123066,119284800
2019-01-18,37.313472747802734,37.56568667566943,37.113601887219595,37.47526899184965,135004000
2019-01-22,36.4759407043457,37.29206729904574,36.31414077866992,37.21592893393081,121576000
2019-01-23,36.62345504760742,36.913740003402474,36.095231841531145,36.678179828590224,92522400
2019-01-24,36.33317184448242,36.756701659961614,36.10475314635756,36.66866566491867,101766000
2019-01-25,37.53714370727539,37.62518334431793,36.71863903105032,36.99464469097902,134142000
2019-01-28,37.18974685668945,37.19688471328752,36.56159006151442,37.068396033223685,104768400
2019-01-29,36.80427932739258,37.625169028471376,36.66865644024619,37.17784404708917,166348800
2019-01-30,39.31929397583008,39.53343693856728,38.124843000043,38.84341749805906,244439200
2019-01-31,39.602439880371094,40.211561172854836,39.15511484279429,39.523919828201805,162958400
2019-02-01,39.62147521972656,40.20680123448356,39.481088904224514,39.72616862220974,130672400
2019-02-04,40.74691390991211,40.84446943646813,39.80229903130051,39.833232156952064,125982000
2019-02-05,41.444087982177734,41.65823461315933,41.00866412354689,41.13001133964811,144406400
2019-02-06,41.4583625793457,41.77482089204486,41.127628552346515,41.55591450394574,112958400
2019-02-07,40.67317581176758,41.38699075088417,40.530411371684046,41.02056371564002,126966800
2019-02-08,40.7209587097168,40.78069839317819,40.245429516724585,40.381637745202596,95280000
2019-02-11,40.48677444458008,40.91212432348893,40.44376362488432,40.87389005294555,83973600
2019-02-12,40.835655212402344,40.861940817256425,40.551293754313846,40.646879429338085,89134000
2019-02-13,40.66598892211914,41.215594649284824,40.60386097412384,40.9551305471018,89960800
2019-02-14,40.81414794921875,40.92406691272864,40.474827022290015,40.55368383327085,87342800
2019-02-15,40.72334671020508,41.02921359577018,40.563244797153104,40.921682895507914,98507200
2019-02-19,40.84520721435547,40.9670784800836,40.501109762882585,40.55368096648683,75891200
2019-02-20,41.10806655883789,41.416325336390706,40.859551104960914,40.90734211768104,104457600
2019-02-21,40.876285552978516,41.18932095016681,40.69467820512689,41.053116350833434,68998800
2019-02-22,41.33269500732422,41.33986347807937,40.952751472416445,41.00054249285786,75652800
2019-02-25,41.6337776184082,42.025669781395585,41.56686946713383,41.617052403699994,87493600
2019-02-26,41.65766906738281,41.889459289505155,41.380476110544926,41.509515845654406,68280800
2019-02-27,41.786705017089844,41.81777081362759,41.27533356556058,41.39003636221368,111341600
2019-02-28,41.375701904296875,41.79627159518977,41.320742418317295,41.65528682209308,112861600
2019-03-01,41.81060791015625,41.853618729961276,41.31357333049172,41.64572580846216,103544800
2019-03-04,42.02090072631836,42.474920926111714,41.57165707659591,41.98266644842253,109744800
2019-03-05,41.94441604614258,42.05672691539834,41.70784564460425,42.04238997825421,78949600
2019-03-06,41.70308303833008,41.93487332290462,41.56448652256851,41.73892539317305,83241600
2019-03-07,41.22038269042969,41.68396322987974,41.10568351605907,41.54775499776006,99185600
2019-03-08,41.3183479309082,41.35658219637138,40.503497923548096,40.69944579938166,95997600
2019-03-11,42.74971389770508,42.802285108230926,41.90141335177229,41.93486742699595,128044000
2019-03-12,43.23003387451172,43.65060001573836,42.86203531049448,43.012580509067135,129870400
2019-03-13,43.42118453979492,43.80112797633808,43.23240513552643,43.55022062620234,124130000
2019-03-14,43.90388488769531,43.99230209409539,43.6243036210394,43.94450743281071,94318000
2019-03-15,44.47500228881836,44.76414398654323,43.906282931668365,44.17152729541817,156171600
2019-03-18,44.92901611328125,45.01742966611717,44.396135583226894,44.3985275038249,104879200
2019-03-19,44.572975158691406,45.16081528556105,44.42721017595446,45.007881832051886,126585600
2019-03-20,44.96247482299805,45.28029036657512,44.14284449562121,44.50128258512939,124140800
2019-03-21,46.61845779418945,46.91476793224241,45.35675599057823,45.406938928251556,204136800
2019-03-22,45.653072357177734,47.239758396146875,45.58855247028683,46.67820384513992,169630800
2019-03-25,45.10107421875,45.87529820823624,44.589702657387456,45.7629873079454,175381200
2019-03-26,44.63510513305664,46.09036675118269,44.1070083158494,45.79883677256588,199202000
2019-03-27,45.036556243896484,45.34481142938426,44.57775587798241,45.10346440270346,119393600
2019-03-28,45.09628677368164,45.2970112093394,44.81192533338959,45.151246254493074,83121600
2019-03-29,45.39020919799805,45.42127499911637,45.053276519812606,45.361535317717,94256000
2019-04-01,45.698463439941406,45.80360220589691,45.015041407018316,45.79404546216293,111448000
2019-04-02,46.36276626586914,46.467908673343175,45.65305866163964,45.66261540494625,91062800
2019-04-03,46.68058395385742,46.95538500302052,46.154871891809094,46.17876922052781,93087200
2019-04-04,46.76182174682617,46.92431188887393,46.15247642170735,46.54675676055019,76457200
2019-04-05,47.07486343383789,47.098760762089405,46.819175877184065,46.943435420895284,74106400
2019-04-08,47.815635681152344,47.84669783165232,46.917148666525804,46.93626579941363,103526800
2019-04-09,47.67225646972656,48.47276950301953,47.607736605442454,47.86820433673012,143072800
2019-04-10,47.93989562988281,47.968573154749954,47.35683578926549,47.47631514525361,86781200
2019-04-11,47.54084014892578,48.03070629058641,47.41897250530564,47.99486393841018,83603200
2019-04-12,47.521728515625,47.825207168671724,46.88610097069138,47.60058534576571,111042800
2019-04-15,47.607749938964844,47.75590684089754,47.3162199771819,47.452428212571796,70146400
2019-04-16,47.612518310546875,48.119109559406894,47.4476362333786,47.66270123907555,102785600
2019-04-17,48.539695739746094,48.59943543178193,47.459601086796226,47.68183099098324,115627200
2019-04-18,48.71411895751953,48.78341537366424,48.39391518624901,48.537288213306425,96783200
2019-04-22,48.87422180175781,48.972195742211845,48.35090167411639,48.4679927477971,77758000
2019-04-23,49.57915496826172,49.64367484459723,48.7236822999395,48.85033013179243,93292000
2019-04-24,49.5026969909668,49.81812065427212,49.47641138183958,49.55048801313775,70162400
2019-04-25,49.0534553527832,49.646072073454185,49.01522107500535,49.42384217053559,74172800
2019-04-26,48.81926727294922,48.98653764786853,48.29833536680541,48.9626403173569,74596400
2019-04-29,48.89334487915039,49.21832889107268,48.71412583535988,48.8431619425519,88818800
2019-04-30,47.95184326171875,48.60419951041868,47.57906826246165,48.52295442518993,186139600
2019-05-01,50.30559158325195,51.4502022665524,49.997332787495154,50.15265814578386,259309200
2019-05-02,49.978214263916016,50.814569774451115,49.73447899755324,50.14309636224539,127985200
2019-05-03,50.59950637817383,50.621011786783555,50.23628812136514,50.39400174361082,83569600
2019-05-06,49.818119049072266,49.904144344696654,48.62810549811918,48.816881305789316,129772400
2019-05-07,48.47516632080078,49.56481750590483,47.99008040853929,49.19682267965225,155054800
2019-05-08,48.484718322753906,49.067778128752565,48.209917278785525,48.24575962496562,105358000
2019-05-09,47.96379852294922,48.19319687117108,46.993626623189535,47.88732997606126,139634400
2019-05-10,47.2993278503418,47.699928903019405,46.24146450186388,47.356900113901595,164834800
2019-05-13,44.55030822753906,45.452251546042135,43.86185697704455,45.02766854151839,229722400
2019-05-14,45.25555419921875,45.50502664496142,44.475947773413296,44.71582667366113,146118800
2019-05-15,45.79768371582031,45.996783661906406,44.62227845271077,44.682248183691094,106178800
2019-05-16,45.596195220947266,46.1695058149003,45.2987439793821,45.555416235132,132125600
2019-05-17,45.33711242675781,45.79288087593805,44.799782369190964,44.84056134325349,131516400
2019-05-20,43.9194450378418,44.22169491907716,43.245385636456646,44.02259491072367,154449200
2019-05-21,44.76141357421875,45.09724264041479,44.30564137265292,44.43037945163815,113459200
2019-05-22,43.84507369995117,44.547920918961154,43.78990256693896,44.29604729221338,118994400
2019-05-23,43.09666442871094,43.30775547153765,42.65288678978676,43.13024734417859,146118800
2019-05-24,42.93113327026367,43.6915490546367,42.84717417894699,43.226183335306224,94858800
2019-05-28,42.75362014770508,43.31973456201257,42.67686079437729,42.919137193028746,111792800
2019-05-29,42.549739837646484,43.02230177875221,42.21870563355372,42.319454378220385,113924800
2019-05-30,42.770416259765625,42.993501919781856,42.37941241147571,42.68645716562878,84873600
2019-05-31,41.99561309814453,42.69605925236911,41.976422341284085,42.27386992196449,108174400
2019-06-03,41.57102584838867,42.679265508249905,40.84419286883519,42.12274820633601,161584400
2019-06-04,43.09185028076172,43.13742786251342,41.86367134635014,42.08435951986085,123872000
2019-06-05,43.78750991821289,44.37521638123966,43.45168079099442,44.2049006851241,119093600
2019-06-06,44.430381774902344,44.490351515591904,43.69395160230855,43.917040941010214,90105200
2019-06-07,45.61298370361328,46.03757049628516,44.562316326514456,44.73982441794124,122737600
2019-06-10,46.195884704589844,46.865145307701894,45.965599321643666,46.01117690391253,104883600
2019-06-11,46.73081970214844,47.016276250741356,46.440568209735225,46.742814382224076,107731600
2019-06-12,46.58209991455078,47.00908420798785,46.390195997663135,46.524527641405655,73012800
2019-06-13,46.5724983215332,47.20577862546566,46.44056782258836,46.70443248074047,86698400
2019-06-14,46.23426818847656,46.43816309120982,45.6489629895488,45.94881166438785,75046000
2019-06-17,46.51013946533203,46.766811753923506,46.097547289834225,46.27265793609663,58676400
2019-06-18,47.60397720336914,48.04535359576119,46.826771742909735,47.028269183750155,106204000
2019-06-19,47.46485900878906,47.94701816624584,47.330527347497124,47.89903943555879,84496800
2019-06-20,47.84625244140625,48.122111743648226,47.50322367209102,48.06453948341199,86056000
2019-06-21,47.683143615722656,48.17969486399945,47.532018686201404,47.68794222022281,191202400
2019-06-24,47.635162353515625,48.01417153393236,47.5368111055046,47.62556514576405,72881600
2019-06-25,46.91312789916992,47.798278147988164,46.84595842588504,47.59917818072037,84281200
2019-06-26,47.92782211303711,48.213278691889236,47.340119329657185,47.44086806449979,104270000
2019-06-27,47.913421630859375,48.352400537964535,47.87264264957798,48.04535212195591,83598800
2019-06-28,47.476837158203125,47.85584630501311,47.26814366138991,47.65914382643267,124442400
2019-07-01,48.34760665893555,49.05285140942517,48.13171339190629,48.73620941522062,109012000
2019-07-02,48.630653381347656,48.726607147388336,48.30202042578037,48.3140151040682,67740800
2019-07-03,49.03365707397461,49.040853149657444,48.621064986934755,48.76259268904688,45448000
2019-07-05,48.99048614501953,49.19438475496231,48.671446642300936,48.77939511830769,69062000
2019-07-08,47.98058319091797,48.31161361559423,47.59437797857743,48.17008592952371,101354400
2019-07-09,48.27324295043945,48.33800763387798,47.69033517765571,47.78388782510712,82312000
2019-07-10,48.75060272216797,48.870542208826045,48.350005275961514,48.419572227970285,71588400
2019-07-11,48.39558792114258,49.02886833042879,48.38599437172352,48.769798572957654,80767200
2019-07-12,48.767398834228516,48.93531339323115,48.50353048417948,48.56350023098491,70380800
2019-07-15,49.225555419921875,49.38387272736902,48.93530031245531,48.956888537071485,67789600
2019-07-16,49.05524826049805,49.441453539912956,48.81536929589903,49.076836488848954,67467200
2019-07-17,48.779388427734375,49.19677547939661,48.760197671526775,48.947302969222775,56430000
2019-07-18,49.3335075378418,49.38628120159084,48.86334316814913,48.93530758783078,74162400
2019-07-19,48.59708023071289,49.53500789300967,48.541909091831506,49.36469221177238,83717200
2019-07-22,49.70771026611328,49.71010773762726,48.84174721552567,48.851340761843446,89111600
2019-07-23,50.0963134765625,50.11310675812358,49.72450041329824,50.00516197466283,73420800
2019-07-24,50.0555305480957,50.17067139734866,49.695712191451285,49.81565164366609,59966400
2019-07-25,49.65973663330078,50.192268145572555,49.59016969452672,50.10830905677958,55638400
2019-07-26,49.83245086669922,50.30980760087417,49.6885220427725,49.77008000154202,70475600
2019-07-29,50.29781723022461,50.52810263617911,50.00036967035038,50.005168274295485,86693600
2019-07-30,50.08193588256836,50.41297006430388,49.72931346991869,50.07713727783312,135742800
2019-07-31,51.10380935668945,53.102001428275486,50.68642233067423,51.914601370393356,277125600
2019-08-01,49.99796676635742,52.30080610324223,49.59257442379039,51.31010488877279,216071600
2019-08-02,48.94009780883789,49.51820321863462,48.366787342006155,49.30231365683223,163448400
2019-08-05,46.3781852722168,47.651941635266944,46.195878627386286,47.493624344346905,209572000
2019-08-06,47.25614929199219,47.51282150446329,46.546106047444944,47.090632244363086,143299200
2019-08-07,47.745506286621094,47.87024436990751,46.49334149076343,46.87474815629385,133457600
2019-08-08,48.7985725402832,48.82256189914169,47.829463202753935,48.02376456461598,108038000
2019-08-09,48.39645767211914,48.82265398058782,47.98711110477218,48.47110209877175,98478800
2019-08-12,48.27366256713867,48.65170529166204,47.9534108663492,48.066582658138344,89927600
2019-08-13,50.31795883178711,51.081263786709165,48.27364747421818,48.403676318422924,188874000
2019-08-14,48.82024383544922,49.708760821603875,48.7817164973543,48.918968761504,146189600
2019-08-15,48.5770378112793,49.39572338464336,48.07860011265632,48.99119743286399,108909600
2019-08-16,49.72321701049805,49.88213955441469,49.08271367229086,49.18866203490196,110481600
2019-08-19,50.65026092529297,51.2233395654569,50.5732062354932,50.71527168637045,97654400
2019-08-20,50.65266036987305,51.37262487030023,50.643030372089804,50.7778723860711,107537200
2019-08-21,51.20166015625,51.44485708837532,50.95123980751882,51.28593824887725,86141600
2019-08-22,51.1583251953125,51.63508911376229,50.74657203335387,51.334101142034214,89014800
2019-08-23,48.79375457763672,51.05959256937865,48.3988585651663,50.42871937720871,187272000
2019-08-26,49.720802307128906,49.88935482276287,49.37647018489091,49.569103205973704,104174400
2019-08-27,49.15976333618164,50.21683292459266,49.00806422575764,50.050686979684386,103493200
2019-08-28,49.4896354675293,49.53538621739055,48.957490903972825,49.145307064542024,63755200
2019-08-29,50.32758712768555,50.402235218626586,49.76173203895499,50.20478537823817,83962000
2019-08-30,50.2625846862793,50.67433417397629,49.891765447658244,50.6045065811856,84573600
2019-09-03,49.530574798583984,49.838786156000836,49.174206105477474,49.706350727227374,80092000
2019-09-04,50.37092208862305,50.44074965710883,49.92064541548069,50.17828911897603,76752400
2019-09-05,51.35576629638672,51.52191222815534,50.92956634195886,51.04755493786522,95654800
2019-09-06,51.350955963134766,51.63027369034283,51.170363175155885,51.541182424007545,77449200
2019-09-09,51.570072174072266,52.11666733290454,50.82362424500518,51.73140127816905,109237600
2019-09-10,52.17926025390625,52.19852391990616,50.97771893978204,51.49541664466832,127111600
2019-09-11,53.83831024169922,53.867207580398954,52.42727872846515,52.50915023491731,177158400
2019-09-12,53.717918395996094,54.519750703833786,53.66253764416418,54.12967151186865,128906800
2019-09-13,52.67288589477539,53.16409656259977,52.25631964309487,52.973873814174105,159053200
2019-09-16,52.94979476928711,53.0051791933835,52.38634625045487,52.42728016772022,84632400
2019-09-17,53.142425537109375,53.17132287538397,52.76197637165238,52.96424304289899,73274800
2019-09-18,53.640869140625,53.66013281018693,52.839036806684845,53.22911601134843,101360000
2019-09-19,53.205039978027344,53.87925005196079,53.062970872148405,53.45786691866771,88242400
2019-09-20,52.427284240722656,53.5903021245644,52.364680069600674,53.3061712623539,221652400
2019-09-23,52.665672302246094,52.935356352596806,52.40802483158133,52.72105306097819,76662000
2019-09-24,52.41525650024414,53.57346149875355,52.29727154672738,53.22190587134498,124763200
2019-09-25,53.22188949584961,53.335061251581074,52.28521520368025,52.624730470874646,87613600
2019-09-26,52.947391510009766,53.200222119962206,52.69215431918571,52.97387859627467,75334000
2019-09-27,52.689735412597656,53.205026509616175,52.31891629163471,53.103891349958346,101408000
2019-09-30,53.9298095703125,54.07669181603619,53.16409442360201,53.190581506410176,103909600
2019-10-01,54.07910919189453,54.953179424877604,53.98520109304119,54.1946912167675,139223200
2019-10-02,52.72345733642578,53.835907592119455,52.47543989247352,53.71069557972817,138449200
2019-10-03,53.171321868896484,53.205032367771324,51.80122431789601,52.59582945911288,114426000
2019-10-04,54.66181945800781,54.777401478656415,53.91055469463885,54.3319378335589,138478800
2019-10-07,54.673858642578125,55.364925801166926,54.38009410896721,54.483635874503506,122306000
2019-10-08,54.033355712890625,54.91464931879182,54.016502298134355,54.37528125988171,111820000
2019-10-09,54.6666374206543,54.84963677919844,54.3319389532385,54.6666374206543,74770400
2019-10-10,55.403446197509766,55.48772428275277,54.73164279284251,54.88333820244352,113013600
2019-10-11,56.8770866394043,57.22141505480732,55.93800212852809,56.0921077959408,166795600
2019-10-14,56.79521560668945,57.33940411972234,56.506267937152586,56.56164868588965,96427600
2019-10-15,56.66278839111328,57.223826687854974,56.556840046506,56.92043216170895,87360000
2019-10-16,56.43403625488281,56.64352636932957,56.15231197080203,56.1932458916511,73903200
2019-10-17,56.65315628051758,56.86264272047436,56.22936656457934,56.607405523706475,67585200
2019-10-18,56.925254821777344,57.20697912648747,56.414776715911046,56.487014565004074,97433600
2019-10-21,57.9124755859375,58.02805757904223,57.144357590626825,57.19251491733621,87247200
2019-10-22,57.780059814453125,58.319427901237304,57.6981882948495,58.06900752868315,82293600
2019-10-23,58.555397033691406,58.5698475413598,58.083449993262974,58.29534668236837,75828800
2019-10-24,58.65171813964844,58.94548268184734,58.225518160528814,58.87565141775758,69275200
2019-10-25,59.37409210205078,59.410209189237406,58.483168434474706,58.55058944666946,73477200
2019-10-28,59.968841552734375,60.01699889123348,59.40779955750476,59.57635207933633,96572800
2019-10-29,58.58188247680664,60.137389750244175,58.40851680551002,59.949573571684454,142839600
2019-10-30,58.57467269897461,59.06588718355996,58.0810553072063,58.93585830709972,124522000
2019-10-31,59.89900588989258,59.997730814775515,57.12991687660738,59.533007204842754,139162000
2019-11-01,61.59899139404297,61.62547480632661,59.99532672153504,60.08682455950664,151125200
2019-11-04,62.003517150878906,62.08779524580024,61.49304276793399,61.96257955677247,103272000
2019-11-05,61.914432525634766,62.16966974444476,61.71939290273919,61.895165179872116,79897600
2019-11-06,61.940895080566406,62.00109265620786,61.4906183905022,61.82772334442699,75864400
2019-11-07,62.65577697753906,62.87797239738979,62.3369777374746,62.48913225525077,94940400
2019-11-08,62.82726287841797,62.899713908124546,62.03268219077023,62.47706570390338,69986400
2019-11-11,63.32476806640625,63.389973981262386,62.37803301845945,62.38286062942709,81821200
2019-11-12,63.2668342590332,63.46729446428678,63.01566568507073,63.167812902404705,87388800
2019-11-13,63.873016357421875,63.94788488330166,63.051872693630486,63.06636290054914,102734400
2019-11-14,63.43106460571289,63.97205210703861,63.300645343642614,63.69914086454421,89182800
2019-11-15,64.18455505371094,64.18938266471842,63.5203937054578,63.68220343379087,100206400
2019-11-18,64.50818634033203,64.5878824646566,63.81504453731903,64.194214713577,86703200
2019-11-19,64.31255340576172,64.72553892248851,64.09519299540014,64.70138612791543,76167200
2019-11-20,63.56388854980469,64.26185818201192,62.8900643522389,64.13144630150342,106234400
2019-11-21,63.278892517089844,63.76191904400532,63.078432380995984,63.68463303080287,121395200
2019-11-22,63.22334289550781,63.561459996057096,62.99631983433901,63.418968052625615,65325200
2019-11-25,64.33187103271484,64.34877872590681,63.4020437223319,63.44793182076833,84020400
2019-11-26,63.82954788208008,64.52268982778749,63.39723704007561,64.46955661049978,105207600
2019-11-27,64.6869125366211,64.72072793178671,64.07588426604244,64.14109019477613,65235600
2019-11-29,64.54444122314453,64.72557623125438,64.21839673446632,64.38745902352979,46617600
2019-12-02,63.79814910888672,64.78593754242002,63.626676743316004,64.54925187400944,94487200
2019-12-03,62.66061782836914,62.67993564606166,61.897435047519316,62.385289176052545,114430400
2019-12-04,63.21370315551758,63.592880891622336,62.95769958894558,63.05189333515362,67181600
2019-12-05,64.14109802246094,64.21597392512254,63.4527910239609,63.70879452854286,74424400
2019-12-06,65.38005065917969,65.45009156626506,64.55648958196065,64.5999675690065,106075600
2019-12-09,64.46472930908203,65.40179466423844,63.97928524744854,65.20858698429703,128042400
2019-12-10,64.84148406982422,65.22548927689962,64.20871312410253,64.87046448237331,90420400
2019-12-11,65.39456176757812,65.47426529397245,64.84632916134645,64.92119770407935,78756800
2019-12-12,65.56118774414062,65.82685380522655,64.56132667656246,64.67242071287119,137310400
2019-12-13,66.4523696899414,66.48859520359403,65.43318347358382,65.56118520208942,133587600
2019-12-16,67.58990478515625,67.81451774298293,66.8943527115529,66.89918032393605,128186000
2019-12-17,67.72274780273438,68.0512023648985,67.33390754297105,67.51987750779749,114158400
2019-12-18,67.56094360351562,68.08261333502914,67.41120650260393,67.57543381519078,116028400
2019-12-19,67.6285400390625,67.90869630356615,67.3701264537908,67.50295579789868,98369200
2019-12-20,67.48847198486328,68.26372755491401,67.27593911783867,68.16229610408891,275978000
2019-12-23,68.58975982666016,68.65013813636672,67.71306559045694,67.75170859311704,98572000
2019-12-24,68.65497589111328,68.80472031244457,68.32893886684734,68.75641470938284,48478800
2019-12-26,70.0171127319336,70.03402042966727,68.758830663586,68.78781107661511,93121200
2019-12-27,69.99053955078125,70.99765308437338,69.58479904432102,70.30933882174277,146266000
2019-12-30,70.40595245361328,70.6885262491251,68.88442165735184,69.90843566014871,144114400
2019-12-31,70.92036437988281,70.92760948256597,69.92291347823897,70.02193479517499,100805600
2020-01-02,72.53852081298828,72.59889913772518,71.29231130597061,71.5458973217052,135480400
2020-01-03,71.83332061767578,72.59408626701142,71.60871495013537,71.76569716818824,146322800
2020-01-06,72.40568542480469,72.4443284378041,70.70301958367426,70.9541954829699,118387200
2020-01-07,72.06514739990234,72.67134068922641,71.84536944211234,72.41533721540509,108872000
2020-01-08,73.22441101074219,73.52630260685811,71.76808624589498,71.76808624589498,132079200
2020-01-09,74.77975463867188,74.97296230565743,73.9513658951312,74.20253438813242,170108400
2020-01-10,74.94882202148438,75.51396965111952,74.44647758118805,75.01403533204297,140644800
2020-01-13,76.550048828125,76.57661912211044,75.14685723047293,75.26520375211625,121532000
2020-01-14,75.51636505126953,76.6973684411486,75.39319829942681,76.48725308231118,161954400
2020-01-15,75.19275665283203,76.19745295500711,74.76044574351113,75.31593080536074,121923600
2020-01-16,76.13463592529297,76.24573732895618,75.37387064834499,75.73614052978684,108829200
2020-01-17,76.97752380371094,76.97993392443253,76.07667669301796,76.38339587903954,137816400
2020-01-21,76.45587921142578,77.04758246753113,76.31821483981187,76.60561630178384,110843200
2020-01-22,76.7287826538086,77.28184283508286,76.6345889237427,76.94130817856995,101832400
2020-01-23,77.09829711914062,77.17799326899588,76.23367533614605,76.78191527056143,104472000
2020-01-24,76.87610626220703,78.08850050621476,76.68530867082355,77.34464270460084,146537600
2020-01-27,74.61552429199219,75.29658608064733,73.63256355928529,74.8836004716033,161940000
2020-01-28,76.7263412475586,76.89781358300051,75.3980184372133,75.49703974934148,162234000
2020-01-29,78.33240509033203,79.18011893979981,77.61752794800897,78.35897537992071,216229200
2020-01-30,78.21890258789062,78.27203580279424,76.9823558087521,77.4146666313588,126743200
2020-01-31,74.75077056884766,77.9314960376563,74.45612410034879,77.50884783770134,199588400
2020-02-03,74.54549407958984,75.71200004458515,72.99014787932889,73.49249228699044,173788400
2020-02-04,77.00650024414062,77.19729777289353,75.7458008005722,76.15154128644726,136616400
2020-02-05,77.63444519042969,78.43385354098093,77.03066200298008,78.13437206813377,118826800
2020-02-06,78.54253387451172,78.544951365906,77.34704752803583,77.90494263047137,105425600
2020-02-07,77.47493743896484,78.29076771071938,76.9835021703116,78.04141892687844,117684000
2020-02-10,77.84291076660156,77.84291076660156,75.97884915779663,76.05873445176091,109348800
2020-02-11,77.37324523925781,78.41179815824636,77.15536891605744,78.33917517981024,94323200
2020-02-12,79.21070861816406,79.21554768869724,77.82355026338463,77.82355026338463,113730400
2020-02-13,78.64661407470703,78.97343221924942,78.27864537598826,78.481997082219,94747600
2020-02-14,78.66597747802734,78.91532617084395,78.15759456792722,78.61513401549396,80113600
2020-02-18,77.22557830810547,77.40714314738784,76.16281523598434,76.34438007526671,152531200
2020-02-19,78.3440170288086,78.57400211516978,77.46766524775612,77.46766524775612,93984000
2020-02-20,77.54029083251953,78.5933684199213,77.0343310134274,78.10435642626537,100566000
2020-02-21,75.78515625,77.57660179653178,75.16783878997336,77.13357947900434,129554000
2020-02-24,72.18534088134766,73.63785968182607,70.01867143670297,71.96262546916086,222195200
2020-02-25,69.7402572631836,73.23840922009403,69.26819314550896,72.8559159017165,230673600
2020-02-26,70.84658813476562,72.11270274954929,69.35775815457548,69.36502045153675,198054800
2020-02-27,66.21549224853516,69.23673421957639,66.07992440892687,68.0505119290574,320605600
2020-02-28,66.17675018310547,67.39929122080478,62.06370365251087,62.27916414492055,426510000
2020-03-02,72.3378677368164,72.97455642499447,67.2322642492319,68.33617811747213,341397200
2020-03-03,70.04045867919922,73.59428625555064,69.18830958377835,73.51440097180128,319475600
2020-03-04,73.28924560546875,73.44902354050599,70.9627984910642,71.76410400685508,219178400
2020-03-05,70.9119873046875,72.51701474039015,70.54643429218783,71.5414063518363,187572800
2020-03-06,69.97026824951172,70.40360519926115,68.08199630361696,68.26840026882246,226176800
2020-03-09,64.43616485595703,67.32183170470427,63.66874742529087,63.8503122943744,286744800
2020-03-10,69.07695770263672,69.34325431741347,65.21083618798149,67.09185293080515,285290000
2020-03-11,66.67789459228516,68.07957774122669,65.81364386292414,67.15238953461765,255598800
2020-03-12,60.09311294555664,65.36333551368728,60.037434101460896,61.95960092945028,418474000
2020-03-13,67.29275512695312,67.76482654964646,61.23575252455635,64.12626834922185,370732000
2020-03-16,58.635765075683594,62.7197589173465,58.10075235573811,58.572820229839216,322423600
2020-03-17,61.21398162841797,62.363888604538765,57.71340983694092,59.9188176066588,324056000
2020-03-18,59.71547317504883,60.521621618277884,57.403546490441286,58.04507789596301,300233600
2020-03-19,59.25791931152344,61.20913545401907,58.732592172693536,59.88976507646557,271857200
2020-03-20,55.49589920043945,60.96463122654848,55.195710672226056,59.8389270162078,401693200
2020-03-23,54.31693649291992,55.31675472983707,51.470001124172114,55.215078862447456,336752800
2020-03-24,59.76631164550781,59.962401104198456,56.72086326951332,57.21956082962695,287531200
2020-03-25,59.437076568603516,62.51883657841549,59.14173075275606,60.703187887851634,303602000
2020-03-26,62.5648193359375,62.62291771666115,59.64041473526395,59.6791494517103,252087200
2020-03-27,59.9744987487793,61.94265908510833,59.80745850642363,61.18735053944383,204216800
2020-03-30,61.6860466003418,61.85792960202071,60.376358043352745,60.700756687792804,167976400
2020-03-31,61.56017303466797,63.54528154992729,61.00579658783729,61.87730944524223,197002000
2020-04-01,58.32105255126953,60.211747296676954,57.890138928877285,59.67431503612997,176218400
2020-04-02,59.29423141479492,59.34749072840286,57.350277549943364,58.18305551478086,165934000
2020-04-03,58.44208908081055,59.4806382957601,57.85139756896397,58.77858908876302,129880000
2020-04-06,63.54043197631836,63.6953634654168,60.371521175046986,60.73948992606154,201820400
2020-04-07,62.804481506347656,65.77488676591214,62.70038611330759,65.55700306601591,202887200
2020-04-08,64.41193389892578,64.726643281739,63.240236542570365,63.60578200367688,168895200
2020-04-09,64.8767318725586,65.3802757210065,64.0802729370591,65.04861853557672,161834800
2020-04-13,66.1501235961914,66.25906545571533,64.35383885573385,64.95421592166439,131022800
2020-04-14,69.49091339111328,69.78142008992293,67.31213531371759,67.78420685231022,194994800
2020-04-15,68.85664367675781,69.3166064306414,67.93671816899065,68.36520850392205,131154400
2020-04-16,69.40377044677734,69.76932337939922,68.35311605698439,69.57081070155868,157125200
2020-04-17,68.4620361328125,69.46670067896375,67.02404221723192,68.91958300953867,215250000
2020-04-20,67.04100036621094,68.19091103013936,67.02163670043845,67.28793327913718,130015200
2020-04-21,64.96875762939453,67.11848709049679,64.25702267570813,66.88366287260848,180991600
2020-04-22,66.84005737304688,67.27580994346772,65.89592187854126,66.23725720556617,116862400
2020-04-23,66.58103942871094,68.20786075083029,66.54230470819708,66.7843911704893,124814400
2020-04-24,68.50321960449219,68.5129051334423,67.05796285325819,67.10638311011488,126161200
2020-04-27,68.5516357421875,68.88329305683456,67.77211693615625,68.21997103964695,117087600
2020-04-28,67.4404525756836,69.1955796657155,67.34846591334697,69.01401479433288,112004800
2020-04-29,69.65553283691406,70.125181113428,68.7259218099285,68.92927352946674,137280800
2020-04-30,71.125,71.30172577794379,69.80563320705274,70.19538886698345,183064000
2020-05-01,69.97992706298828,72.38384357310822,69.20040845206991,69.29724154783354,240616800
2020-05-04,70.97005462646484,71.09836013147505,69.31418442698012,70.00413219040487,133568000
2020-05-05,72.03524017333984,72.86801811424831,71.2847707351164,71.43002407604543,147751200
2020-05-06,72.77845001220703,73.41029209502018,72.35237549978946,72.73729206539267,142333600
2020-05-07,73.5313491821289,73.8775384826827,73.102858748214,73.40546686513248,115215200
2020-05-08,75.28150939941406,75.33491288731747,73.86389829348582,74.19160117798899,133838400
2020-05-11,76.46609497070312,76.96128289724894,74.57998648849065,74.78874828363153,145946400
2020-05-12,75.59222412109375,77.60212591001033,75.47085322222706,77.15062231412254,162301200
2020-05-13,74.67951202392578,76.69427337454634,73.60173785754363,75.77185010542999,200622400
2020-05-14,75.1382827758789,75.1989682128997,73.1939190032077,73.9172920793361,158929200
2020-05-15,74.6940689086914,74.74019043820076,72.87350561087283,72.90749301488646,166348400
2020-05-18,76.45393371582031,76.82775805671933,75.32761593322101,76.01943134990685,135178400
2020-05-19,76.01216125488281,77.31810575212776,75.98060363958615,76.47093934712166,101729600
2020-05-20,77.49047088623047,77.56086067764168,76.83263524563915,76.87147482429302,111504800
2020-05-21,76.9127197265625,77.89339840392688,76.67483016093698,77.35208167148353,102688800
2020-05-22,77.4079360961914,77.49046741917871,76.54862805066547,76.65057545816492,81803200
2020-05-26,76.88359832763672,78.70658386082842,76.82776505743689,78.52695733358873,125522000
2020-05-27,77.21858215332031,77.36422869926452,76.00002111496565,76.74038797022739,112945200
2020-05-28,77.2525634765625,78.51239377679266,76.61658126415462,76.89330301256463,133560800
2020-05-29,77.17733001708984,77.95652913635216,76.82049926768882,77.49532118877264,153532400
2020-06-01,78.12644958496094,78.24782048460888,77.00012408043993,77.13120672626943,80791200
2020-06-02,78.48811340332031,78.51238905892326,77.4176214398733,77.85941318502095,87642800
2020-06-03,78.92020416259766,79.18236942622238,78.23567058388883,78.80854502107137,104491200
2020-06-04,78.24052429199219,79.04156912077111,77.8666999148798,78.74300150300884,87560400
2020-06-05,80.4688949584961,80.52958039964126,78.46142323225453,78.49055105874169,137250400
2020-06-08,80.94467163085938,80.97865903574063,79.45424095843477,80.16547259371143,95654400
2020-06-09,83.50076293945312,83.89400353389944,80.59272044537124,80.6242780697466,147712400
2020-06-10,85.64900207519531,86.11749189610212,84.01049518819849,84.44985718304342,166651600
2020-06-11,81.53694152832031,85.21690685915468,81.43499415526125,84.79210885300009,201662400
2020-06-12,82.24092864990234,84.42560510951726,81.12917433326,83.67796353614408,200146000
2020-06-15,83.25800323486328,83.91097923516973,80.7310603407497,80.89370059767263,138808800
2020-06-16,85.46450805664062,85.73638502646783,83.67793241654452,85.31400936398893,165428800
2020-06-17,85.3455810546875,86.27042663858354,85.22421016537945,86.20974119392952,114406400
2020-06-18,85.37957763671875,85.79709383713187,84.77029333637671,85.30189848131818,96820400
2020-06-19,84.89164733886719,86.5520000635857,83.78231573429939,86.08594003974744,264476000
2020-06-22,87.11275482177734,87.25597160509083,85.23878769520459,85.28490923314024,135445200
2020-06-23,88.97212219238281,90.39216273367991,87.93804009631909,88.35798593808477,212155600
2020-06-24,87.40160369873047,89.520742080351,87.02777928766403,88.60074867063001,192623200
2020-06-25,88.56192016601562,88.6007597441656,86.79718989219901,87.5569729349939,137522400
2020-06-26,85.84078979492188,88.67844222378581,85.69271343468253,88.45754628171883,205256800
2020-06-29,87.81912231445312,87.91379516599585,85.27033358259102,85.74853519336081,130646000
2020-06-30,88.55221557617188,88.83865656219116,87.38705776907462,87.40647385577275,140223200
2020-07-01,88.38469696044922,89.17360766512026,88.33615305412683,88.6298685038104,110737200
2020-07-02,88.38469696044922,89.92853837615466,88.27061544704088,89.29255616257464,114041600
2020-07-06,90.7490005493164,91.21749032739643,89.78288576186722,89.81444337317966,118655600
2020-07-07,90.46743774414062,91.90689477197918,90.35577859564587,91.12769570514304,112424400
2020-07-08,92.57442474365234,92.60598235802769,91.35828614347145,91.4456770300409,117092000
2020-07-09,92.97254180908203,93.52113325517837,91.92389542563048,93.46772976135745,125642800
2020-07-10,93.13516235351562,93.19342541681863,91.9554408840775,92.56714748957603,90257200
2020-07-13,92.70552825927734,97.0530350925637,92.49191427496272,94.44113076999513,191649200
2020-07-14,94.23963928222656,94.43139994531549,91.15196369614016,92.08651357687286,170989200
2020-07-15,94.88777160644531,96.3660683335281,93.68862647798679,96.11604456670572,153198000
2020-07-16,93.72015380859375,94.57703182065787,93.12058143814279,93.75899337440758,110577600
2020-07-17,93.53083801269531,94.32703078332698,93.05748856156698,94.17167989066034,92186800
2020-07-20,95.50188446044922,95.64024903517041,93.27351698417317,93.61821352696963,90318000
2020-07-21,94.18380737304688,96.36848331726704,93.9337836446351,96.2932339607085,103433200
2020-07-22,94.44839477539062,95.13049855916786,93.79784860710124,93.88523208886058,89001600
2020-07-23,90.1494369506836,94.25905321228731,89.33868035280699,94.18137407038651,197004400
2020-07-24,89.92610168457031,90.27079821008266,86.55684519462764,88.34585801635414,185438800
2020-07-27,92.05738067626953,92.14962372831235,90.7660001713413,90.98931843723298,121214000
2020-07-28,90.54511260986328,91.80494302513247,90.54025303327292,91.62773886108056,103625600
2020-07-29,92.28070831298828,92.46519442099822,90.9917501608235,91.02815994322266,90329200
2020-07-30,93.39734649658203,93.50172370292267,91.04517763130927,91.45298211740241,158130000
2020-07-31,103.17495727539062,103.32545597772634,97.89774650192103,99.89794359381725,374336800
2020-08-03,105.77474212646484,108.39635067212231,104.76008315372526,105.05865083451154,308151200
2020-08-04,106.48112487792969,107.57346303949086,105.24071035791958,105.96408362952798,173071600
2020-08-05,106.8670654296875,107.18748634754088,105.73588787997431,106.20195534302388,121776800
2020-08-06,110.59558868408203,111.0907840336135,106.60977244976479,107.19963324982751,202428800
2020-08-07,108.08111572265625,110.57370522818017,107.28348737773852,110.11652664854778,198045600
2020-08-10,109.65203094482422,110.6709532877143,106.99894263573846,109.52800706833382,212403600
2020-08-11,106.3910140991211,109.41373301574056,106.13081029496767,108.91521808960395,187902400
2020-08-12,109.92683410644531,110.18460371438742,107.288335746899,107.482876326809,165598000
2020-08-13,111.87227630615234,112.8766086225027,110.81930513128101,111.30809820079968,210082000
2020-08-14,111.77256774902344,111.86254295487012,109.96087794353791,111.69718271594931,165565200
2020-08-17,111.48075866699219,112.92038434329335,110.85335892216301,112.89606491291276,119561600
2020-08-18,112.4096908569336,112.83525485693279,110.89711451437223,111.23270331319974,105633600
2020-08-19,112.55073547363281,113.96604157696903,112.45589935232542,112.8182343383738,145538000
2020-08-20,115.04821014404297,115.16250479318651,112.57507163863843,112.59209598284565,126907200
2020-08-21,120.9769058227539,121.46083051491364,115.99658841174927,116.008744414782,338054800
2020-08-24,122.42382049560547,125.27145700681216,120.55620422636002,125.18633529954178,345937600
2020-08-25,121.41949462890625,121.76481270817138,119.6953532443396,121.29547815768062,211495600
2020-08-26,123.07069396972656,123.52787254916589,121.66997788314622,122.73753929165063,163022400
2020-08-27,121.59945678710938,124.00693190797273,120.45407621046918,123.67377724193759,155552400
2020-08-28,121.40247344970703,122.9928616302125,121.1787451014989,122.57459270019099,187630000
2020-08-31,125.51950073242188,127.42603418683149,122.56244509573105,124.09934102961832,225702700
2020-09-01,130.519287109375,131.12238232990026,126.96887253695941,129.13802940462026,151948100
2020-09-02,127.8150863647461,134.21556993690663,123.53513487306986,133.8362106676103,200119000
2020-09-03,117.58211517333984,125.32494732420406,117.21248511185603,123.44760925137419,257599600
2020-09-04,117.65995025634766,120.32519508764499,107.86468180279036,116.79423196346733,332607200
2020-09-08,109.7420425415039,115.74371071531141,109.60586261758846,110.84121119060705,231366600
2020-09-09,114.11924743652344,115.88959346489294,112.11545122343698,114.06088674565609,176940500
2020-09-10,110.39374542236328,117.21249954875044,109.43075684011971,117.07631964504925,182274400
2020-09-11,108.94438934326172,112.08627097984936,106.9989538192749,111.44427369473487,180860300
2020-09-14,112.2127456665039,112.7671946128188,109.7225900369141,111.59020675910645,140150100
2020-09-15,112.3878173828125,115.5880598889027,110.51047170055435,115.10170098076587,184642000
2020-09-16,109.07084655761719,112.83526719517445,108.98330551595791,112.08627773862457,154679000
2020-09-17,107.32966613769531,109.13892163117578,105.74413897781598,106.72658592069983,178011000
2020-09-18,103.92516326904297,107.85494396114845,103.19562493954624,107.38804358616923,287104900
2020-09-21,107.07677459716797,107.18377414626174,100.28720125318382,101.68791722586771,195713800
2020-09-22,108.75956726074219,109.78092384803477,106.18187120745131,109.60583435939168,183055400
2020-09-23,104.19752502441406,109.05138437794632,103.85706788480732,108.57475477224305,150718700
2020-09-24,105.26751708984375,107.24213295365429,102.13536471776598,102.30072495573343,167743300
2020-09-25,109.21675109863281,109.37238950555708,104.7325215412831,105.471789131678,149981400
2020-09-28,111.82363891601562,112.17381792247089,109.70311378636897,111.87227777517529,137672400
2020-09-29,110.97737884521484,112.16409584063497,110.47156881534237,111.42483559860969,99382200
2020-09-30,112.65043640136719,114.06088154339487,110.52018964814512,110.68554987889233,142675200
2020-10-01,113.60371398925781,114.50834184995564,112.66990578164197,114.430522644009,116120400
2020-10-02,109.93656158447266,112.22245433262894,109.15839180363562,109.81011094316419,144712000
2020-10-05,113.32164001464844,113.4675491899042,110.4521250600303,110.80230411214458,106243800
2020-10-06,110.07274627685547,112.95198998188178,109.18756954507073,112.5434428788478,161498200
2020-10-07,111.94037628173828,112.3975548762922,111.01628983580524,111.49292694400957,96849000
2020-10-08,111.8333740234375,113.22436086595617,111.46373648547903,113.0784517020909,83477200
2020-10-09,113.77880096435547,113.80798131062522,111.78472652844798,112.13490552618049,100506900
2020-10-12,121.006103515625,121.76482226057634,116.02578539059424,116.78450413554557,240226800
2020-10-13,117.79612731933594,121.96908768608209,116.38568943923732,121.85235887523848,262330500
2020-10-14,117.88367462158203,119.67347184273211,116.35650794568298,117.69885586154554,150712000
2020-10-15,117.4167709350586,117.89340060422654,114.92661561063214,115.48106448900049,112559200
2020-10-16,115.77286529541016,118.23384747833158,115.56859545500912,117.97120952549623,115393800
2020-10-19,112.8158187866211,117.13468096654279,112.50454937346234,116.68723164895509,120639300
2020-10-20,114.3040542602539,115.73395040729928,112.47534031056462,113.02978907969988,124423700
2020-10-21,113.68153381347656,115.47133103249566,113.27298669065874,113.4869857975519,89946000
2020-10-22,112.59208679199219,114.81961147307034,111.4637305673421,114.24570410467129,101988000
2020-10-23,111.90145874023438,113.37026472424279,111.16219112016253,113.2146263110706,82572600
2020-10-26,111.91119384765625,113.37027065181736,109.80039043082107,110.89956637288807,111850700
2020-10-27,113.41889190673828,114.08034029540528,111.41509565044463,112.3391745749253,92276800
2020-10-28,108.16622161865234,112.28082137684017,108.06895131820131,111.91119126662696,143937800
2020-10-29,112.173828125,113.73990454040626,109.13894560010584,109.30431328354058,146129200
2020-10-30,105.8900375366211,108.93464092441893,104.78114007672049,108.03001326805303,190272600
2020-11-02,105.80252075195312,107.66041546863478,104.392082791657,106.13324869085784,122866900
2020-11-03,107.42694854736328,108.44829771179337,105.76360211850799,106.66822990485883,107624400
2020-11-04,111.81391906738281,112.4364579265143,109.28485402450514,111.02601994719268,138235500
2020-11-05,115.78260040283203,116.35650777308182,113.68153378019652,114.73206338089028,126387100
2020-11-06,115.65105438232422,116.14799095011887,113.1565957663913,115.29052521485966,114457900
2020-11-09,113.34172821044922,118.86655105350619,113.07864459442057,117.41470327709126,154515300
2020-11-10,113.00072479248047,114.57924182684768,111.20783197765186,112.59148018609288,138023400
2020-11-11,116.43057250976562,116.56698735100086,113.45866925822499,114.18946623657861,112295000
2020-11-12,116.15774536132812,117.44394777392753,115.5341325209194,116.55725128655479,103162300
2020-11-13,116.20645904541016,116.60595750533835,114.85204931664111,116.38185060768497,81581900
2020-11-16,117.21981811523438,117.89214616438389,115.12486565124672,115.87514714883532,91183000
2020-11-17,116.3331069946289,117.58033235442608,115.91411652837989,116.48901388162832,74271000
2020-11-18,115.0079574584961,116.75212717189736,114.97872676825749,115.57310891661412,76322100
2020-11-19,115.60234069824219,116.01158523354931,113.8191942363378,114.57922192592288,74113000
2020-11-20,114.33560180664062,115.72898812484998,114.28688647613198,115.60231934466736,73604300
2020-11-23,110.93496704101562,114.60844359187396,110.83752894194268,114.1797070350925,127959300
2020-11-24,112.22117614746094,112.8837656693911,109.70723289360379,110.99344264268959,113874200
2020-11-25,113.05917358398438,113.76073993620845,112.22119237816695,112.5914676385363,76499200
2020-11-27,113.60482025146484,114.48177809334693,113.24429850772803,113.58533560344574,46691300
2020-11-30,116.00184631347656,117.87268484188316,113.8191939296174,113.97510085734369,169410200
2020-12-01,119.57788848876953,120.30868555098019,116.93727599606798,117.91167207901552,127728200
2020-12-02,119.92864227294922,120.21121795981708,117.7947129955284,118.89577762307528,89004200
2020-12-03,119.792236328125,120.61072532946784,119.08092403824773,120.35738030969706,78967600
2020-12-04,119.1198959350586,119.71427801461196,118.40858367403467,119.46093300511777,78260400
2020-12-07,120.58151245117188,121.38051692318322,119.11991836085464,119.17837974557071,86712000
2020-12-08,121.19537353515625,121.78001709074977,119.93840178511279,121.18563492753421,82225500
2020-12-09,118.66194152832031,122.7251709901087,117.9019138516176,121.34153047949344,115089200
2020-12-10,120.08454895019531,120.69842312660181,117.07366917962338,117.4147062587099,81312200
2020-12-11,119.27581024169922,119.61684733291102,117.46343320377245,119.29529488946088,86939800
2020-12-14,118.66194152832031,120.19174292308256,118.42808857411595,119.46094593639897,79184500
2020-12-15,124.60575866699219,124.62525075019607,120.95177364167792,121.15639591100933,157243700
2020-12-16,124.53755950927734,125.08321893037582,123.31956442000251,124.14780702795105,98208600
2020-12-17,125.40474700927734,126.26222014302118,124.76164215896948,125.5996232120097,94359800
2020-12-18,123.41699981689453,125.79452841437983,122.8908250895469,125.65811357033245,192541500
2020-12-21,124.94679260253906,125.0247460652675,120.28918099826035,121.81898239256174,121251600
2020-12-22,128.5033416748047,130.96856222026736,126.33042801765606,128.2402506072199,168904800
2020-12-23,127.60690307617188,129.03925147681866,127.43150406974205,128.77617526932784,88223700
2020-12-24,128.591064453125,130.04292010694545,127.74334453834628,127.9577128863763,54930100
2020-12-28,133.190185546875,133.82353697075987,130.09159867672324,130.55931944043445,124486200
2020-12-29,131.41680908203125,135.2364403537799,130.90038029198016,134.51539669044374,121047300
2020-12-30,130.2962188720703,132.5081016930773,129.9844050523243,132.10859581206566,96452100
2020-12-31,129.2926025390625,131.2901172342019,128.34743726674927,130.6470123311244,99116600
2021-01-04,126.09657287597656,130.18903254892197,123.5144223383572,130.10134048912553,143301900
2021-01-05,127.65559387207031,128.3669135415631,125.14165081624391,125.58987944540236,97664900
2021-01-06,123.3585205078125,127.69458676031306,123.1441522185317,124.4498466014008,155088000
2021-01-07,127.56790161132812,128.2597291998155,124.58625271929365,125.07345063938035,109578200
2021-01-08,128.66897583007812,129.23412721104498,126.8955682344821,129.03923614525579,105158200
2021-01-11,125.67759704589844,126.83713071211609,125.20989110987996,125.88222675621482,100384500
2021-01-12,125.502197265625,126.36940903829134,123.61186680500131,125.20987551647978,91951100
2021-01-13,127.5387191772461,128.08437867528625,125.20017422332937,125.4632504946733,88636800
2021-01-14,125.60938262939453,127.64586655028748,125.46321431935365,127.4509903383349,90221800
2021-01-15,123.88470458984375,126.88584599937765,123.74828974705143,125.48271340602645,111598500
2021-01-19,124.55705261230469,125.41452591995923,123.68984069637378,124.50832983471444,90757300
2021-01-20,128.64952087402344,129.09774963934194,125.25862647781936,125.36581064769301,104319500
2021-01-21,133.36557006835938,136.0938817254987,130.1695525142569,130.3741822074859,120150900
2021-01-22,135.50927734375,136.26930513798973,131.5629700317484,132.79070380672675,114459400
2021-01-25,139.2606658935547,141.37510329816405,133.04401504155618,139.40683420534555,157611700
2021-01-26,139.49452209472656,140.60533283780688,137.7503450890547,139.92325867417892,98390600
2021-01-27,138.4226837158203,140.60533595593498,136.81493637532154,139.7576013848175,140843800
2021-01-28,133.57994079589844,138.35448999967483,133.19992695994156,135.9477307492471,142621100
2021-01-29,128.5813446044922,133.2389578128828,126.8761510487979,132.3522535955759,177523800
2021-02-01,130.70550537109375,131.91376200881854,127.57768703435836,130.32549144869654,106239800
2021-02-02,131.53372192382812,132.81991691760996,131.16344668453948,132.25476545115475,83305400
2021-02-03,130.5105743408203,132.29372041863363,130.18902194631957,132.283966945161,89880900
2021-02-04,133.8722686767578,133.8820072844467,131.14395684543172,132.8101805826387,84183100
2021-02-05,133.45748901367188,134.10155478599495,132.57922833528005,134.0332529018306,75693800
2021-02-08,133.60389709472656,133.65269267140306,131.66194630942968,132.7451425942424,71297200
2021-02-09,132.72564697265625,134.55050063798447,132.56952194364052,133.32091738610043,76774200
2021-02-10,132.12059020996094,133.68195923048688,131.15449145334966,133.18426522390598,73046600
2021-02-11,131.86688232421875,133.09645045385943,130.53972304081887,132.61827762495054,64280000
2021-02-12,132.10107421875,132.25721410503192,130.46165008374714,131.10571594692075,60145100
2021-02-16,129.97373962402344,132.7256347192669,129.58338986171597,132.21820236374853,80576300
2021-02-17,127.68046569824219,129.02714615555675,126.34355329024206,128.0805685718384,97918500
2021-02-18,126.57777404785156,126.86076458634167,124.33331138864452,126.08007998005397,96856700
2021-02-19,126.73390197753906,127.55362902270863,125.68974801869315,127.09497736433161,87668800
2021-02-22,122.95735168457031,126.58752230648321,122.5670093965397,124.91880883902334,103916400
2021-02-23,122.82074737548828,123.65022018140999,115.5311309097856,120.77145942992851,158273000
2021-02-24,122.32303619384766,122.52796420280912,119.27838298052396,121.92294077973033,111039900
2021-02-25,118.0683364868164,123.40624834822879,117.62920604594376,121.66923290454905,148199500
2021-02-26,118.33180236816406,121.83510708261103,118.27324619200536,119.62967972466323,164560400
2021-03-01,124.7041244506836,124.8407431312115,119.82486458851659,120.7616815886335,116307900
2021-03-02,122.09860229492188,125.61166793035277,121.99125798161717,125.30915619930848,102260900
2021-03-03,119.11249542236328,122.67435679168018,118.89780678629857,121.79608848285189,112966300
2021-03-04,117.22909545898438,120.61530301450836,115.75556433244158,118.80997834389994,178155000
2021-03-05,118.48795318603516,118.99540041730722,114.73092431231343,118.05858335014369,153766600
2021-03-08,113.5501480102539,118.0781010413507,113.40376871001352,118.0097916939266,154376600
2021-03-09,118.16593170166016,119.11250946582403,115.92147625354262,116.15567868178947,129525800
2021-03-10,117.08273315429688,119.21984409787017,116.5655253098007,118.75143927948164,111943300
2021-03-11,119.01493072509766,120.23474594749143,118.33183717862164,119.58092677512707,103026500
2021-03-12,118.10737609863281,118.24399479427487,116.28253747320228,117.49259196824357,88105100
2021-03-15,120.99590301513672,121.00566362104152,117.51211122320834,118.47821018844054,92403800
2021-03-16,122.53773498535156,124.14789226969461,121.70826227679905,122.66459306472457,115227900
2021-03-17,121.74730682373047,122.8207426159824,119.38573914658367,121.05445274468458,111932600
2021-03-18,117.61944580078125,120.20545520924264,117.41451776473627,119.91269661765824,121229700
2021-03-19,117.09249114990234,118.49772055342008,116.78997938198532,117.00466803476282,185549500
2021-03-22,120.4103775024414,120.87878973760397,117.35596342731434,117.42427276940472,111912300
2021-03-23,119.58089447021484,121.23983974643996,119.19055221546797,120.35181837592111,95467100
2021-03-24,117.1900634765625,119.93221266793454,117.17054971237121,119.85414272084951,88530500
2021-03-25,117.67798614501953,118.7221549060971,116.1263850777415,116.6533460379,98844700
2021-03-26,118.28303527832031,118.54651952158424,116.04833301675248,117.44380185449447,94071200
2021-03-29,118.45867156982422,119.61993781154605,117.81461313280423,118.71239516993987,80819200
2021-03-30,117.00467681884766,117.4926029044599,115.98978966735486,117.20960488138546,85671900
2021-03-31,119.2003402709961,120.53725293655799,118.2244881319706,118.71241420148334,118323800
2021-04-01,120.0298080444336,121.18131381778825,119.53212138984829,120.67387400273938,75089100
2021-04-05,122.85977172851562,123.11349534026344,120.09810870436394,120.87879330428332,88651200
2021-04-06,123.16227722167969,124.0600592543952,122.6158024965763,123.44527518865387,80171300
2021-04-07,124.81147003173828,124.830983795515,122.11811647580448,122.79145672607788,83466700
2021-04-08,127.2120590209961,127.24133338786173,125.41649503174914,125.83610421703582,88844600
2021-04-09,129.788330078125,129.82735761061758,126.34357333569822,126.66560631746748,106686700
2021-04-12,128.07081604003906,129.6419382844939,127.47554575138676,129.31990535224077,91420000
2021-04-13,131.18377685546875,131.4082335358879,128.7441468621112,129.2418409105608,91266500
2021-04-14,128.84176635742188,131.7400486182492,128.48070580389006,131.68149986798167,87222800
2021-04-15,131.25210571289062,131.74003175643296,130.41287232238494,130.58853344102718,89347100
2021-04-16,130.92030334472656,131.41798248691907,130.06154884966244,131.05692202436683,84922400
2021-04-19,131.58389282226562,132.1986844065799,130.1201146808097,130.28600775000282,94264200
2021-04-20,129.89566040039062,132.25722045509355,128.6270498214987,131.75954129528387,94812300
2021-04-21,130.27622985839844,130.52019283566136,128.12935863654846,129.16375927769226,68847100
2021-04-22,128.75393676757812,130.9105617092093,128.2367363124183,129.8273652126756,84566500
2021-04-23,131.07643127441406,131.85710086380988,128.96858764628234,128.96858764628234,78657500
2021-04-26,131.46676635742188,131.7985524226745,130.33477460387036,131.5741106597469,66905100
2021-04-27,131.144775390625,132.14014879502187,130.87153796829216,131.74979898431587,66015800
2021-04-28,130.3543243408203,131.75955373687952,129.8663982944287,131.06669219926212,107760100
2021-04-29,130.25669860839844,133.76001800843707,129.2515724107939,133.17450095202088,151101000
2021-04-30,128.28550720214844,130.33478741572688,127.90492552746106,128.59777209122348,109839500
2021-05-03,129.33941650390625,130.83248375117557,128.64656992797262,128.85149050777056,75135100
2021-05-04,124.76268005371094,128.31478827842903,123.64044873461123,128.02202969252124,137564700
2021-05-05,125.00665283203125,127.29989620196363,124.87978730136861,126.08008114657817,84000900
2021-05-06,126.60704803466797,126.61680119447594,124.06006618952057,124.80171581873422,78128300
2021-05-07,127.28150939941406,128.30788236807308,126.56791677652002,127.9071148377746,78973300
2021-05-10,123.9970932006836,126.62658899435064,123.9579919211375,126.49952288698726,88071200
2021-05-11,123.07823944091797,123.43013604181222,120.0088523827375,120.72243768449367,126142800
2021-05-12,120.00882720947266,121.83677249441273,119.50052559675295,120.62466291192348,112172300
2021-05-13,122.15937042236328,123.31283199690465,121.46533953245027,121.77814229209847,105861300
2021-05-14,124.58358764648438,125.013694229742,123.01957387710111,123.4105791838984,81918000
2021-05-17,123.43013763427734,124.07529756948797,122.35487853339957,123.96777091361953,74244600
2021-05-18,122.04207611083984,124.13394612750437,121.97365073488565,123.71361668726954,63342900
2021-05-19,121.88567352294922,122.1104965529405,120.09682917810171,120.39008503908883,92612000
2021-05-20,124.44672393798828,124.84750638658275,122.28642897889054,122.41350997859374,76857100
2021-05-21,122.6090316772461,125.12123109705438,122.39397836804899,124.94527906751188,79295400
2021-05-24,124.2414779663086,125.06258996981754,123.1075706235096,123.1759960023181,63092900
2021-05-25,124.04596710205078,125.43403637255953,123.47900975619554,124.94527412511385,72009500
2021-05-26,123.9970932006836,124.52494928784593,123.57676376782135,124.1046198549837,56575900
2021-05-27,122.46241760253906,124.769341158599,122.26691863994715,123.59633246743279,94625600
2021-05-28,121.80746459960938,122.97070334084246,121.74881641359961,122.74587286479516,71311100
2021-06-01,121.4848861694336,122.53082109382872,121.15253650084358,122.2668967957017,67637100
2021-06-02,122.24735260009766,122.42330463275813,121.26007323809793,121.4848962778378,59278900
2021-06-03,120.76152801513672,122.04206311064841,120.36074552880676,121.87588828071905,76229200
2021-06-04,123.05868530273438,123.32261707615766,121.0645647856299,121.27961809499506,75169300
2021-06-07,123.0684585571289,123.47901079400312,122.02252359682196,123.33238286431767,71057600
2021-06-08,123.8895492553711,125.57087420996747,123.37147042485411,123.75269852496304,74403800
2021-06-09,124.27079772949219,124.87685639052275,123.67451625303815,124.34900029049098,56877900
2021-06-10,123.27375030517578,125.3069722948258,123.10757544410626,124.16328026451814,71186400
2021-06-11,124.48583984375,124.57381958141005,123.26395290484824,123.68428231014268,53522400
2021-06-14,127.5454330444336,127.60408122686017,124.21212958862563,124.94526170017991,96906500
2021-06-15,126.7243423461914,127.66275811320399,126.47996494927916,127.01759820560862,62746300
2021-06-16,127.22286987304688,127.94623235462356,125.57089115999193,127.43792318066122,91815000
2021-06-17,128.82595825195312,129.56887494764572,126.73408871652109,126.88072407701245,96721700
2021-06-18,127.52593231201172,128.5523056473148,127.31087896741485,127.77030975672493,108953300
2021-06-21,129.3245086669922,129.43203530764706,126.304007918975,127.36948968462076,79663300
2021-06-22,130.9667510986328,131.06450803911002,128.65982751015113,129.158367024724,74783600
2021-06-23,130.69302368164062,131.29908974446735,130.23359300049012,130.76145650954527,60214200
2021-06-24,130.40953063964844,131.6118630068928,129.9403153955842,131.42613383723523,68711000
2021-06-25,130.11630249023438,130.87875877934593,129.82304662928087,130.45843681394894,70783700
2021-06-28,131.74876403808594,132.2081948177629,130.35093224313096,130.40958044213394,62111300
2021-06-29,133.26393127441406,133.42033644381632,131.32846577881912,131.76834226659736,64556100
2021-06-30,133.87973022460938,134.31960659055045,132.81423335434383,133.10748923684247,63261400
2021-07-01,134.18275451660156,134.24140270940268,132.70670539157666,133.52782483763312,52485800
2021-07-02,136.81224060058594,136.85133441897935,134.65193797296,134.79855843644995,78852600
2021-07-06,138.825927734375,139.93050352064463,136.91978685791386,136.91978685791386,108181800
2021-07-07,141.3185577392578,141.63135302793145,139.45151098591106,140.3117092164722,104911600
2021-07-08,140.01844787597656,140.81999780524936,137.50624162934824,138.3957787380025,105575500
2021-07-09,141.84642028808594,142.37426891530228,139.44174008149082,139.53949700886304,99890800
2021-07-12,141.25013732910156,143.02921196222175,140.76138252865485,142.92168530949897,76299700
2021-07-13,142.36447143554688,144.1435457407315,140.39968286953984,140.79068067157974,100827100
2021-07-14,145.79554748535156,146.20611463354894,144.35860721349817,144.76917436169552,127050800
2021-07-15,145.14065551757812,146.62647463693833,143.78191744923382,145.88357253506638,106820300
2021-07-16,143.0976104736328,146.39181260894236,142.59908601439943,145.12106223258928,93251400
2021-07-19,139.24624633789062,140.82982210985173,138.48379000590003,140.51701186307943,121434600
2021-07-20,142.86305236816406,143.7916986175757,139.7448086120487,140.2335635156902,96350000
2021-07-21,142.1298828125,142.8434755242887,141.3772111971352,142.2569638271825,74993500
2021-07-22,143.4984130859375,144.86692056753935,142.53067320676791,142.65775422849268,77338200
2021-07-23,145.2188262939453,145.37523141238975,143.6157111189225,144.2315469505393,71447400
2021-07-26,145.63916015625,146.46026463758602,144.37816442398642,144.9353520535012,72434100
2021-07-27,143.46905517578125,145.85418043778847,142.27649254477765,145.76619325815656,104818600
2021-07-28,141.71932983398438,143.66457920057397,139.33420415472008,141.55315500100113,118931200
2021-07-29,142.36447143554688,143.2540085881392,141.32831383609212,141.4358404689946,56699500
2021-07-30,142.57955932617188,143.038990058725,140.8689174245079,141.13284920856503,70440600
2021-08-02,142.24717712402344,143.64500845625085,141.9832454002648,143.0682814694833,62880000
2021-08-03,144.0458221435547,144.71052154385873,141.91484335749328,142.53067920795002,64786600
2021-08-04,143.64498901367188,144.466093247994,142.9900595708953,143.95779914995168,56368300
2021-08-05,143.75253295898438,144.51498911354923,142.882550171565,143.67433041548927,46397700
2021-08-06,143.06727600097656,144.01688208379585,142.56800458197282,143.2728671370131,54126800
2021-08-09,143.01834106445312,143.61551593971976,142.46033352347743,143.12602882681142,48908700
2021-08-10,142.5386505126953,144.60428668695926,142.2449552630066,143.36098526145494,69023100
2021-08-11,142.7931671142578,143.6350854630747,142.4701038589951,142.97917458892059,48493500
2021-08-12,145.7594451904297,145.91608462298464,142.77357136091953,143.11621825238865,72282600
2021-08-13,145.9650421142578,146.29788971819715,145.15249183078768,145.83777070300374,59375000
2021-08-16,147.94259643554688,148.01113180908496,143.39037176189015,145.41684086363392,103296000
2021-08-17,147.03213500976562,148.49079698288415,145.95525743273268,147.07128740440294,92229700
2021-08-18,143.28265380859375,147.5509815993363,143.07706266924538,146.65032719515608,86326000
2021-08-19,143.615478515625,144.88814766514,141.46173876765357,141.9805937770935,86960300
2021-08-20,145.07415771484375,145.3776372611406,143.69380080624433,144.33992722362586,60549600
2021-08-23,146.5622100830078,147.03211343952145,144.78047016020776,145.191637464402,60131800
2021-08-24,146.47410583496094,147.68803914447207,146.01398679478913,146.30768202395666,48606400
2021-08-25,145.24061584472656,147.15941188820682,144.6923926717211,146.66012547582167,58991300
2021-08-26,144.43785095214844,145.98463202414845,144.40848292036043,145.23083262430814,48597200
2021-08-27,145.47555541992188,145.62239555790586,143.7427671019152,144.37909428379132,55802400
2021-08-30,149.90049743652344,150.2627279823977,145.48532997591,145.86712924689024,90956700
2021-08-31,148.63763427734375,149.5872403166816,148.1089799162903,149.45018454491938,86453100
2021-09-01,149.3033447265625,151.72141211238971,149.1369209108447,149.61662363000326,80313700
2021-09-02,150.4193878173828,151.46689743705474,149.19567000260434,150.63476334782075,71115500
2021-09-03,151.0557098388672,151.37877309131167,149.87114457990415,150.5270554483364,57808700
2021-09-07,153.3954620361328,153.9534695341939,151.14381850232894,151.71162530218976,82278300
2021-09-08,151.84864807128906,153.73806060079502,150.74240274156284,153.6793245546072,74420200
2021-09-09,150.83055114746094,152.82765179688866,150.7130640942289,152.2206926173688,57305700
2021-09-10,145.83778381347656,152.21090030495253,145.57345660401688,151.74099688432676,140893200
2021-09-13,146.40560913085938,148.236286286438,145.62242670552294,147.46290316436924,102404300
2021-09-14,145.00564575195312,147.8936314335505,143.8210954003336,147.1887688532645,109296300
2021-09-15,145.896484375,146.2978672735614,143.2924101221302,145.43636543039682,83281300
2021-09-16,145.6615447998047,145.837767899535,144.12456328294863,145.31891283926268,68034100
2021-09-17,142.98898315429688,145.69096176910773,142.69528787817018,145.69096176910773,129868800
2021-09-20,139.93458557128906,141.79463072276096,138.29970032094099,140.776504047189,123478900
2021-09-21,140.4142608642578,141.55967381165956,139.77793361611074,140.90374795912805,75834000
2021-09-22,142.7833709716797,143.35116277449677,140.67856780429392,141.412798340786,76404300
2021-09-23,143.74278259277344,143.987526141095,142.5778009126891,143.56655947024234,64838200
2021-09-24,143.83087158203125,144.36931031939181,142.4994662214484,142.59736960568088,53477900
2021-09-27,142.31344604492188,142.89105205957617,140.79604829054261,142.41134942041117,74150700
2021-09-28,138.92620849609375,141.70649116246142,138.7108330139708,140.23803011414577,108972300
2021-09-29,139.8268585205078,141.41279162385416,139.0436763311914,139.4744272822133,74602000
2021-09-30,138.52487182617188,141.34432276080332,138.3094962721118,140.63946002714547,89056700
2021-10-01,139.65065002441406,139.91497721524382,136.18508826736803,138.91641944607758,94639600
2021-10-04,136.2144775390625,139.21993567866247,135.36277471551017,138.7793853125862,98322000
2021-10-05,138.14306640625,139.24931216410243,136.42986135228304,136.5571327935829,80861100
2021-10-06,139.01431274414062,139.16115287396872,135.4606322227177,136.5375096346514,83221100
2021-10-07,140.2771759033203,141.18762947818155,139.71916849895038,140.05201606913297,61732700
2021-10-08,139.89540100097656,141.14848672637,139.5625533728477,141.00164657806616,58773200
2021-10-11,139.80728149414062,141.76522959139172,138.8283074455151,139.27864208058458,64452200
2021-10-12,138.5346221923828,140.23804253698972,138.07450316144806,140.2184588719824,73035900
2021-10-13,137.94723510742188,138.4269228251495,136.27318293183075,138.27029833211344,78762700
2021-10-14,140.73731994628906,140.85480700337075,138.53462808500012,139.12201855652793,69907100
2021-10-15,141.79461669921875,141.85335275996707,140.49257924677562,140.74712209396571,67940300
2021-10-18,143.4686737060547,143.75256965473264,140.1499517260529,140.43384767473086,85589200
2021-10-19,145.63221740722656,146.03360047164531,143.4686924815836,143.91901231262074,76378900
2021-10-20,146.12167358398438,146.60137628639336,145.00564367087514,145.57345046006543,58418800
2021-10-21,146.3370361328125,146.4936755651962,144.76088732210272,145.68112531490897,61421000
2021-10-22,145.5636749267578,147.02233691182352,145.5147232295898,146.54264911827497,58883400
2021-10-25,145.5146942138672,146.22934104854468,144.51613655500375,145.55384660101817,50720600
2021-10-26,146.18038940429688,147.66841897173697,145.8768949484806,146.19017376559822,60893400
2021-10-27,145.72030639648438,146.58179347999342,145.36787510933436,146.21957782913032,56094900
2021-10-28,149.3621063232422,149.94948190193364,146.57202377608343,146.669927174846,100077900
2021-10-29,146.6503143310547,146.7873700992779,143.3315929295454,144.12455951269104,124953200
2021-11-01,145.82798767089844,146.55241894044252,144.69237413631248,145.85735569869297,74588300
2021-11-02,146.8656768798828,148.38308949739522,145.5244724040128,145.53427170385322,69122000
2021-11-03,148.3048095703125,148.77471301203136,146.66992441982393,147.22793195599735,54511500
2021-11-04,147.78594970703125,149.22502801768104,147.47267079725674,148.39290892226862,60394600
2021-11-05,148.3153533935547,149.2173222899692,147.11926062749689,148.9133997765836,65463900
2021-11-08,147.49180603027344,148.5996660295044,147.21729443113375,148.44279798435025,55020900
2021-11-09,147.85455322265625,148.46239820996468,147.11925107616622,147.25650687845393,56787900
2021-11-10,145.0211944580078,147.18789143862284,144.9525740344218,147.080046521764,65187100
2021-11-11,144.97218322753906,146.50160947604698,144.7859042685968,146.0408338404559,41000000
2021-11-12,147.05064392089844,147.45259776115682,144.58982294106508,145.52120275202367,63804000
2021-11-15,147.0604248046875,148.90358691602947,146.5015880097449,147.42316906541586,59222800
2021-11-16,148.0408172607422,148.52122000028032,146.41334508329518,147.00159272518846,59256200
2021-11-17,150.4820556640625,151.9624587476381,148.03104826490704,148.04084690898938,88807000
2021-11-18,154.77621459960938,155.56053998029552,150.05067998656534,150.6977495476136,137827700
2021-11-19,157.40367126464844,157.86446177371923,153.4624478516477,154.56049419168397,117305600
2021-11-22,157.86448669433594,162.4527653050192,157.84487444666516,158.51154126985364,117467900
2021-11-23,158.24684143066406,158.62919797716998,155.9428885480248,157.96251620186436,96041900
2021-11-24,158.76646423339844,158.96254184147043,156.5115343411642,157.59978226969068,69463600
2021-11-26,153.73696899414062,157.30563478087385,153.29579070221752,156.44289044282164,76959800
2021-11-29,157.09976196289062,158.0311417015208,155.67816582735122,156.24680128961487,88748200
2021-11-30,162.0606231689453,162.27631303141865,156.78605010261836,156.85468549511577,174048100
2021-12-01,161.541015625,166.9626433245141,161.3057135061921,164.19789952763372,152052500
2021-12-02,160.55079650878906,160.98217624012287,154.70760276553068,155.6291840170596,136739200
2021-12-03,158.6684112548828,161.72727865884264,156.58996176944189,160.80569748404918,118023100
2021-12-06,162.0802001953125,164.59002900255814,161.06057289251913,161.07037153513377,107497000
2021-12-07,167.8253631591797,168.21753329951792,165.0410224817036,165.76652602150847,120405400
2021-12-08,171.64894104003906,172.51170037671412,167.3547715631022,168.75675548519916,116998900
2021-12-09,171.13914489746094,173.2862298561429,170.51168757727757,171.48229193058603,108923700
2021-12-10,175.93328857421875,176.10976886642817,171.26657639018677,171.77639006130698,115402700
2021-12-13,172.29603576660156,178.56081059859196,172.09014454574864,177.57059395318785,153237000
2021-12-14,170.9136199951172,174.25679709582377,168.8351708696383,171.81558876579217,139380400
2021-12-15,175.78623962402344,175.98231720834798,168.9332180976385,171.67834915746462,131063300
2021-12-16,168.88417053222656,177.59015164670058,167.40376778099412,175.7666019527164,150185800
2021-12-17,167.78616333007812,170.07050404048465,166.36458201855805,166.59986915660923,195432700
2021-12-20,166.4233856201172,167.2371217897491,164.178269651189,164.98219221796626,107499100
2021-12-21,169.5999298095703,169.8058060735795,165.8057598154323,168.1979456623426,91185900
2021-12-22,172.1979522705078,172.41364208964774,168.7763410121153,169.64889893145047,92135300
2021-12-23,172.82545471191406,173.3842916513252,171.83525298109265,172.40388856584363,68356600
2021-12-27,176.79608154296875,176.8843142259983,173.59997302631623,173.6195703160363,74919600
2021-12-28,175.77645874023438,177.77648936801128,175.03135779720262,176.6294195784467,79144300
2021-12-29,175.8646697998047,177.0901733747063,174.64896486798852,175.81564666485653,62348900
2021-12-30,174.70777893066406,177.0313437787025,174.5999340224449,175.95289469651084,59773000
2021-12-31,174.09017944335938,175.71763716193837,173.78624192698945,174.59997826616072,64062300
2022-01-03,178.44313049316406,179.2960912081591,174.22740989529922,174.34505345884557,104487900
2022-01-04,176.17837524414062,179.35488561287562,175.60973984086195,179.05096314693128,99310400
2022-01-05,171.4920654296875,176.6391804132829,171.21755382734324,176.09015720859438,94537600
2022-01-06,168.6293182373047,171.86465117218228,168.27637255423144,169.31559735445745,96904000
2022-01-07,168.7959747314453,170.72736974687896,167.67831596269667,169.50186605484046,86709100
2022-01-10,168.81556701660156,169.119489502726,164.87434342032694,165.7665135929736,106765600
2022-01-11,171.64894104003906,171.74697235390423,167.4724300834058,168.94303442923228,76138300
2022-01-12,172.09014892578125,173.70780800028308,171.3940711266009,172.66858314420182,74805200
2022-01-13,168.81556701660156,173.15874440691425,168.42339690566672,172.33520961359125,84505800
2022-01-14,169.6783447265625,170.37442243944997,167.73713612609606,167.9822368621362,80440800
2022-01-18,166.47242736816406,169.1587219328493,166.0900708080933,168.14890807010434,90956700
2022-01-19,162.97239685058594,167.72735768644768,162.68808654482677,166.6685205840363,94815000
2022-01-20,161.2860565185547,166.3547371137795,160.96252180484768,163.70765259043753,91420500
2022-01-21,159.22723388671875,163.0704113462842,159.1193889725066,161.19783827212862,122848900
2022-01-24,158.45272827148438,159.11941009139656,151.66834129815217,156.88409244537576,162294600
2022-01-25,156.64877319335938,159.5703696285005,153.942866591661,155.86444788627315,115798400
2022-01-26,156.56056213378906,161.1684533792907,154.727213256224,160.29589528165266,108275300
2022-01-27,156.09974670410156,160.62920319221885,155.17816560951687,159.26644379654334,121954600
2022-01-28,166.99205017089844,167.01166242026449,159.60961653958563,162.46259295194113,179935700
2022-01-31,171.3548126220703,171.57050245050323,166.18808530239932,166.8253561445004,115541600
2022-02-01,171.18814086914062,171.41362933410613,168.93321134020488,170.59989317993646,86213900
2022-02-02,172.39404296875,172.43326746235797,169.93323706636977,171.32540739423024,84914300
2022-02-03,169.51165771484375,172.78621481447524,168.74694463929947,171.0606961129302,89418100
2022-02-04,169.22698974609375,170.90562127726093,167.54835821492657,168.53001022690665,82465400
2022-02-07,168.51036071777344,170.75833687095522,167.81338131131074,169.6883399458675,77251200
2022-02-08,171.6222381591797,172.1327014444133,168.28461203735645,168.57911066263827,74829200
2022-02-09,173.04562377929688,173.4088302479398,171.6909391445202,172.81984799977465,71285000
2022-02-10,168.96192932128906,172.26028048182204,168.40239549718422,170.94487045999796,90865900
2022-02-11,165.54580688476562,169.9043445353418,164.95680964270105,169.1681054721721,98670700
2022-02-14,165.78143310546875,166.46858666950124,163.50399274601912,164.29912865431558,86185500
2022-02-15,169.61964416503906,169.77671208150778,167.12625465108732,167.83304529637556,62527400
2022-02-16,169.38404846191406,170.1595469185717,166.92991856527323,168.69689508661867,61177400
2022-02-17,165.78143310546875,168.75583815885693,165.37895209695535,167.89197940474511,69589300
2022-02-18,164.23037719726562,167.4109199862711,163.14074291393072,166.70414435001902,82772700
2022-02-22,161.3050537109375,163.6315640117695,159.17485582320555,161.95293260639133,91162800
2022-02-23,157.133056640625,163.10148814384206,156.8189207831809,162.50267977205857,90009200
2022-02-24,159.75405883789062,159.86204116175165,149.21111050582687,149.7804704881103,141147500
2022-02-25,161.82534790039062,162.09038317154068,157.91836192123637,160.83386973446065,91974200
2022-02-28,162.0903778076172,162.38487641130448,159.44973145996255,160.06817702982372,95056600
2022-03-01,160.2056121826172,163.5432381527931,158.99818435052663,161.67809026330085,83474400
2022-03-02,163.50396728515625,164.28929194125575,159.96020269374122,161.37378407895594,79724800
2022-03-03,163.18003845214844,165.81087409586732,162.5125221564551,165.3789447380311,76678400
2022-03-04,160.17617797851562,162.51251486628342,159.1258179770991,161.4719659938963,83737200
2022-03-07,156.37718200683594,161.9922331985085,156.12194287523664,160.3626871229987,96418800
2022-03-08,154.55126953125,159.89145798739116,152.94136109775025,155.90595387633803,131148300
2022-03-09,159.960205078125,160.41177163023045,156.4851632700245,158.51717530744355,91454900
2022-03-10,155.61148071289062,157.447165177113,153.11807622105542,157.26064889872916,105342000
2022-03-11,151.8909912109375,156.357510261072,151.66521547258807,156.0139261115159,96970100
2022-03-14,147.85641479492188,151.29219668682538,147.34596655573256,148.671187726746,108732100
2022-03-15,152.24441528320312,152.7156190595178,147.6208424416319,148.1312907310734,92964300
2022-03-16,156.66184997558594,157.0643309184818,151.62598505111097,154.16846031293665,102300200
2022-03-17,157.67295837402344,158.04599097202535,154.73782812813226,155.69984300954386,75615400
2022-03-18,160.97134399414062,161.46217015644154,156.82876998601475,157.56500922946614,123511700
2022-03-21,162.3456268310547,163.29783055310392,160.01910120084528,160.50992724401203,95811400
2022-03-22,165.7224884033203,166.31147058252574,161.88422570672876,162.4732078859342,81532000
2022-03-23,167.08700561523438,169.4724129582103,164.57396373096856,164.90773681905242,98062700
2022-03-24,170.87619018554688,170.94489804434284,167.0870124371813,167.92140774440355,90131400
2022-03-25,171.51426696777344,172.0639897819613,169.58041101004764,170.68968274649166,80546200
2022-03-28,172.3780975341797,172.5057021088352,168.84414433562662,169.01102337849983,90371900
2022-03-29,175.67645263671875,175.72552325481462,173.10451415071458,173.4480983503125,100589400
2022-03-30,174.5082550048828,176.31449082883282,173.45788032690467,175.2739422558794,92633200
2022-03-31,171.40621948242188,174.7634668034609,171.20006601604496,174.57695056693356,103049300
2022-04-01,171.11178588867188,171.67133481060853,168.785275058947,170.8369244817349,78751300
2022-04-04,175.16598510742188,175.21507070313862,171.2393771112145,171.3669966643139,76468400
2022-04-05,171.84800720214844,175.02856526846452,171.21975048299214,174.2432406248137,73401800
2022-04-06,168.67727661132812,170.44425332917226,167.00847109179495,169.19755100896808,89058800
2022-04-07,168.9815673828125,170.1791839693951,166.73359099058004,168.01955265843017,77594700
2022-04-08,166.9691925048828,168.62818685521674,166.0955227852114,168.62818685521674,76575500
2022-04-11,162.7088165283203,165.928633841103,162.46340353204835,165.61451299486157,72246700
2022-04-12,164.58377075195312,166.75321318939567,163.5824815614611,164.93716605572558,79265200
2022-04-13,167.2734832763672,167.90173991390134,163.71009694763094,164.3187163524491,70618900
2022-04-14,162.25723266601562,168.1275216935812,162.01181969599824,167.4894389842446,75329400
2022-04-18,162.04127502441406,163.54320112838587,160.5687972770834,160.91236643083627,69023900
2022-04-19,164.32852172851562,164.74082870702364,160.90256619104744,161.99220039694603,67723800
2022-04-20,164.16165161132812,165.78138631816157,163.05239509202772,165.66357789841544,67929800
2022-04-21,163.36651611328125,168.38275818896258,162.865879009956,165.81083486701775,87227800
2022-04-22,158.8214874267578,164.78993402071836,158.5368149070802,163.40581593701359,84882400
2022-04-25,159.89151000976562,160.17618254796838,155.55260922214882,158.16379260663697,96046400
2022-04-26,153.92303466796875,159.36138008917553,153.84450071149385,159.27303500519898,95623200
2022-04-27,153.697265625,156.85817138310125,152.52909731194325,153.0493716898695,88063200
2022-04-28,160.6375274658203,161.5013859909982,156.01394010524191,156.3280759248776,130216800
2022-04-29,154.7574005126953,163.1505264111617,154.36474578362814,158.87052395753128,131747600
2022-05-02,155.06173706054688,155.32677228255127,150.45778736143095,153.8346722144635,123055300
2022-05-03,156.5538787841797,157.76132169874938,153.45186941180674,155.24827964309745,88966500
2022-05-04,162.973876953125,163.42542850637253,156.33789953237485,156.74038046635485,108256500
2022-05-05,153.89361572265625,161.06949072780478,152.10700157369598,160.84371492154636,130525300
2022-05-06,154.6210479736328,156.74453495515866,151.5734500834341,153.3725141927135,116124600
2022-05-09,149.48931884765625,153.19558860822082,148.92896288962842,152.31079472594658,131577900
2022-05-10,151.8979034423828,154.09021465537515,150.3446125608553,152.89083834180113,115366700
2022-05-11,144.02333068847656,152.8220226348079,143.34499314721714,150.9049915404857,142689800
2022-05-12,140.1499481201172,143.72841146434396,136.45351823733472,140.3564045634211,182602000
2022-05-13,144.62301635742188,145.59628520412005,140.6906387962122,142.1456142936274,113990900
2022-05-16,143.0795440673828,145.02608166695018,141.7425351609862,143.08938461134267,86643800
2022-05-17,146.71701049804688,147.2380493187645,144.20027628752518,146.343429833823,78336300
2022-05-18,138.43936157226562,144.86879239266452,137.53490151723796,144.36741964547258,109742900
2022-05-19,135.02801513671875,139.26514939022877,134.29069437332384,137.5152426451712,136095600
2022-05-20,135.26394653320312,138.32137052821327,130.36814092411527,136.73858804203445,137426100
2022-05-23,140.69065856933594,140.8381167482736,135.32295584352514,135.46058847747761,117726300
2022-05-24,137.9871368408203,139.56991949662205,135.00836187381935,138.4295263407137,104132700
2022-05-25,138.1444091796875,139.39292808535322,136.00125589921703,136.08973078213927,92482700
2022-05-26,141.34930419921875,141.89983463413682,134.82155832650707,135.0673319135833,90601500
2022-05-27,147.1102294921875,147.1495466635664,142.80427168601537,142.93207874444667,90978500
2022-05-31,146.32376098632812,148.11299992246586,144.35757226573517,146.54988348979353,103718400
2022-06-01,146.19595336914062,149.17472776391935,145.18335248498283,147.36582293275725,74286600
2022-06-02,148.65370178222656,148.712685042506,144.37723540201858,145.33083811208033,72348100
2022-06-03,142.92225646972656,145.46846714813478,142.01781149904664,144.4165490295479,88570300
2022-06-06,143.66937255859375,146.0582990450465,142.45033046254792,144.54432571599315,71598400
2022-06-07,146.19595336914062,146.48104410293644,141.66388825021798,141.9096618141491,67808200
2022-06-08,145.45863342285156,147.33633206027957,144.9670862924701,146.06814706425965,53950200
2022-06-09,140.22857666015625,145.44880522785593,140.12043568225837,144.5935179486459,69473000
2022-06-10,134.8117218017578,138.38034379484614,134.7428980025847,137.9084627463307,91437900
2022-06-13,129.6504669189453,132.9143318379119,129.21790307407372,130.62372056907952,122207100
2022-06-14,130.51560974121094,131.6265112355856,129.2572500842336,130.8793648770148,84784300
2022-06-15,133.14047241210938,135.0181863871141,129.9257644034857,132.0197453538818,91533000
2022-06-16,127.86125946044922,130.15187128772985,126.85849893930482,129.8471144138601,108123900
2022-06-17,129.3358917236328,130.8301993524765,127.61547659200777,127.87109072638007,134520300
2022-06-21,133.57302856445312,134.74291327638406,131.06614989697803,131.1644503344464,81000500
2022-06-22,133.0618133544922,135.4310591073431,131.64615522779903,132.5112679712454,73409200
2022-06-23,135.93243408203125,136.2470164136777,133.33706609243566,134.50695054622625,72433800
2022-06-24,139.26513671875,139.51091028418583,137.40708916408835,137.53488121755194,89116800
2022-06-27,139.26513671875,141.06420101783954,138.58679927801467,140.2875481505987,70207900
2022-06-28,135.11648559570312,140.99538542275212,134.99851907769516,139.72720035167993,67083400
2022-06-29,136.876220703125,138.29187895229046,134.35950159386607,135.1361545226192,66242400
2022-06-30,134.40866088867188,136.0307605677301,131.50853555295868,134.9296996947126,98964500
2022-07-01,136.581298828125,136.6894398129789,133.36659091632603,133.7401565905966,71051600
2022-07-05,139.1668243408203,139.2159820551499,134.6150930089742,135.44090360755794,73353800
2022-07-06,140.5038299560547,141.68354006887108,138.69494011634768,138.96037976700046,74064300
2022-07-07,143.87586975097656,144.07248562850194,140.857762778016,140.8675883216018,66253700
2022-07-08,144.5541534423828,145.05554104632404,142.54864802909546,142.80424710112618,64547800
2022-07-11,142.42083740234375,144.16091815878815,141.34926843402636,143.20731568215325,63141600
2022-07-12,143.39414978027344,145.94036067600746,142.59784571642712,143.29583433994398,77588800
2022-07-13,143.03038024902344,143.9741422785196,139.71734260162484,140.5726447543378,71185600
2022-07-14,145.96002197265625,146.43190306892052,140.82826817318988,141.64423829848138,78140700
2022-07-15,147.63128662109375,148.30962416813094,145.69458942189468,147.24788039896364,76259900
2022-07-18,144.5836944580078,149.00761906982018,144.219939344917,148.1916489524308,81420900
2022-07-19,148.44723510742188,148.67334258980395,144.42638313418118,145.41930294883997,82982400
2022-07-20,150.4527587890625,151.12127077444447,147.8278985688421,148.5652193610668,64823400
2022-07-21,152.7237091064453,152.93999105761137,149.37135386420036,151.8880729314102,65086600
2022-07-22,151.48500061035156,153.63797957756256,150.8165036712,152.76302623024424,66675400
2022-07-25,150.36428833007812,152.41895206482627,149.70561686969222,151.40636601369852,53623900
2022-07-26,149.03707885742188,150.50187953761252,148.25060053874955,149.68590959456228,55138700
2022-07-27,154.1393280029297,154.6702072541214,149.58761220557574,150.00050995604346,78620700
2022-07-28,154.68988037109375,154.97497109241723,151.79958098557822,154.32612531182656,81378700
2022-07-29,159.76266479492188,160.8637407183258,156.80355606508954,158.51414571337114,101786900
2022-08-01,158.77957153320312,160.82440969031893,158.17005780397355,158.28802433199732,67829400
2022-08-02,157.30491638183594,159.66435174491758,156.931350741657,157.39340627106276,59907000
2022-08-03,163.3214569091797,163.77367187577843,158.0324049028353,158.12087978749662,82507500
2022-08-04,163.00685119628906,164.36352602829535,161.65017636428277,163.2034670413035,55474100
2022-08-05,162.7804412841797,163.2726712063917,160.46695464111716,160.67369781797885,56697000
2022-08-08,162.30789184570312,165.20220622926755,161.64830554399492,163.7845816314674,60276900
2022-08-09,162.35711669921875,163.24313957743516,160.71307055191537,161.47110884266755,63135500
2022-08-10,166.61000061035156,166.70843758837208,164.30635300401312,165.07423053223724,70170500
2022-08-11,165.87167358398438,168.3328236251765,165.57633257470778,167.4172679985858,57149200
2022-08-12,169.42556762695312,169.49447201390402,166.7675136783622,167.18100008673593,68039400
2022-08-15,170.49859619140625,170.6954851482581,168.68719375370597,168.85455011811328,54091700
2022-08-16,170.34109497070312,171.01053551269388,168.992389717206,170.09497999617207,56377100
2022-08-17,171.8374786376953,173.4126054655057,169.88825224075944,170.0851412165275,79542000
2022-08-18,171.44369506835938,172.18204003423804,170.4297025169527,171.04991709522415,62290100
2022-08-19,168.8545684814453,171.04007069000778,168.64782529018512,170.34109754225454,70346300
2022-08-22,164.96597290039062,167.22037973855075,164.54264728016773,167.05302333761028,69026800
2022-08-23,164.63121032714844,166.0882216660332,164.06022183299058,164.4835473638596,54147100
2022-08-24,164.9265594482422,165.4975479706951,163.6664520268514,164.7198312893935,53841500
2022-08-25,167.38771057128906,167.49600175790545,165.73382519932846,166.15713573322356,51218200
2022-08-26,161.0773162841797,168.3918608006587,161.01825109648692,167.91932427745144,78961000
2022-08-29,158.87216186523438,160.36853027090402,157.33640664687104,158.64572524641508,73314000
2022-08-30,156.44052124023438,160.0337937500244,155.26901159376436,159.61048321715364,77906200
2022-08-31,154.77679443359375,158.0845804641707,154.69803583504827,157.81877207178803,87991100
2022-09-01,155.50527954101562,155.95812264539694,152.26639832599292,154.20578537018633,74229900
2022-09-02,153.38870239257812,157.86799816901853,152.56175963985066,157.26747699870455,76957800
2022-09-06,152.1285858154297,154.64880073393257,151.30164311185825,154.03844040820118,73714800
2022-09-07,153.53636169433594,154.2353197614945,151.22287508520006,152.41407808901712,87449600
2022-09-08,152.05966186523438,153.93012940950055,150.30730966413597,152.23685741248187,84923800
2022-09-09,154.92445373535156,155.36747271934937,152.34517353637017,153.05398588476703,68028800
2022-09-12,160.8902587890625,161.70736223015916,156.82445000741808,157.10993674145692,104956000
2022-09-13,151.44932556152344,158.04520467768552,150.98662815133733,157.4151508670422,122656600
2022-09-14,152.89645385742188,154.6586453659871,151.22287515005883,152.3845305395428,87965400
2022-09-15,150.0021514892578,152.82756164210238,149.0275457934619,152.24671887947383,90481100
2022-09-16,148.3580780029297,148.9979858391176,146.06428503412624,148.8601620780663,162278800
2022-09-19,152.07937622070312,152.15813482310995,146.78299164843529,146.98971983579415,81474200
2022-09-20,154.4617462158203,155.6234166633189,150.7011173572486,151.0161367015711,107689800
2022-09-21,151.3311767578125,156.2731696529989,151.21304637695786,154.89491678247586,101696800
2022-09-22,150.3664093017578,152.06952070873675,148.5648458969192,150.01200313979504,86652500
2022-09-23,148.09228515625,149.11613179254852,146.25135007934554,148.84048424162157,96029900
2022-09-26,148.42701721191406,151.38039679019585,147.31457276382835,147.3342661670832,93339400
2022-09-27,149.40164184570312,152.31565000946952,147.6197716771559,150.3664234461509,84442700
2022-09-28,147.51145935058594,148.29903022974963,142.58916013289422,145.34565069913458,146691400
2022-09-29,140.265869140625,144.4399853217973,138.49383797778447,143.82962487413454,128138200
2022-09-30,136.05235290527344,140.8762153477741,135.85546393289223,139.0844911492741,124925300
2022-10-03,140.23631286621094,140.84668823250414,135.55028904590418,136.06221241134372,114311700
2022-10-04,143.82955932617188,143.947689675969,142.01814217319807,142.77618030160758,87830100
2022-10-05,144.1249237060547,145.0897052260287,140.7876052377075,141.83114535247526,79471000
2022-10-06,143.1699981689453,145.24720918960443,142.9632699990137,143.54409774342406,68402200
2022-10-07,137.9129638671875,140.87619735207727,137.28291022305208,140.32488726950297,85925600
2022-10-10,138.23785400390625,139.68501122355408,136.41661224606074,138.23785400390625,74899000
2022-10-11,136.8202362060547,139.15341644364526,136.0720520706598,137.72593753469053,77033700
2022-10-12,136.19015502929688,138.17876788392184,136.01295948883356,136.96788662576586,70433700
2022-10-13,140.7678985595703,141.35856536929484,132.281845691729,132.89222092327284,113224000
2022-10-14,136.22955322265625,142.27413585110418,136.04250345541635,142.0673926816115,88598000
2022-10-17,140.1969451904297,140.67932095242676,138.09020149670755,138.87777246163483,85250900
2022-10-18,141.51612854003906,144.42028260835326,138.42492466357902,143.22909439068937,99136600
2022-10-19,141.62442016601562,142.69747799085852,139.30109390010128,139.48814370880504,61758300
2022-10-20,141.1616973876953,143.6228470143876,140.43319169039492,140.7974520498777,64522000
2022-10-21,144.9813995361328,145.5523880250328,140.43318502707822,140.6497673856839,86548600
2022-10-24,147.12753295898438,147.89541049964913,143.73114921809554,144.90265893368223,75981900
2022-10-25,149.97262573242188,150.12030373846804,147.03893927663933,147.75759083673032,74732300
2022-10-26,147.02908325195312,149.62805663114864,145.73942824213276,148.61406419672124,88194300
2022-10-27,142.5498046875,146.73375950209572,141.89021831932845,145.76899295091448,109180200
2022-10-28,153.31979370117188,155.05243775655637,145.52287291944214,145.89695747516933,164762400
2022-10-31,150.95709228515625,151.84311529516543,149.55916089247586,150.77989669615485,97943200
2022-11-01,148.3089141845703,153.03432586416173,146.8125455863409,152.67008041904492,80379300
2022-11-02,142.77622985839844,149.80527352264477,142.74669726069857,146.63531118174276,93604600
2022-11-03,136.72177124023438,140.5808515547038,136.59378666921566,139.85234595133585,97918500
2022-11-04,136.45553588867188,140.68586767189302,132.51116441667403,140.11393200286335,140814800
2022-11-07,136.988037109375,137.21483428526327,133.78323487446542,135.2032111952328,83374600
2022-11-08,137.5599822998047,139.4631346891898,135.57794065978277,138.4573305983891,89908500
2022-11-09,132.99435424804688,136.6231842073022,132.71824941976038,136.57387654941147,74917800
2022-11-10,144.82748413085938,144.82748413085938,137.55998303216782,139.2757903878347,118854000
2022-11-11,147.61813354492188,147.9238199974,142.36225553469492,143.79210256196848,93979700
2022-11-14,146.21786499023438,148.19005093835904,145.37967994364752,146.89827154979093,73374100
2022-11-15,147.95338439941406,151.45401749484597,146.49397099909157,150.10307492440734,89868300
2022-11-16,146.7207489013672,147.78573098764542,145.24160962263343,147.05603190661645,64218300
2022-11-17,148.6239471435547,149.3733724520642,144.11749463891493,144.39359949187033,80389400
2022-11-18,149.18600463867188,150.5763993918672,147.88436969164823,150.19182372040734,74829600
2022-11-21,145.95164489746094,148.2788253840727,145.6656844982235,148.07175424414606,58724100
2022-11-22,148.0914306640625,148.32809838668408,144.8866286056601,146.06995217218372,51804100
2022-11-23,148.9690704345703,149.71849566611712,147.26311878314957,147.3715896104273,58301400
2022-11-25,146.05026245117188,146.80955841780482,145.07402477978664,146.24747807914994,35195900
2022-11-28,142.21432495117188,144.6006680593858,141.38601049309779,143.12152865000314,69246000
2022-11-29,139.2067108154297,142.79608780045112,138.39812258985918,142.2833153607106,83763800
2022-11-30,145.97134399414062,146.65175056417294,138.59537264763534,139.43354266054223,111380900
2022-12-01,146.2474365234375,147.05603992895004,144.57108159207246,146.14883626075934,71250400
2022-12-02,145.75437927246094,145.9417393182281,143.62441514150157,143.9301165589326,65447400
2022-12-05,144.5908203125,148.82115263004172,143.7427797370437,145.7149657221435,68826400
2022-12-06,140.92254638671875,145.25149381357704,139.94630895435972,145.02469664926164,64727200
2022-12-07,138.97998046875,141.37617976468576,138.05305043693357,140.21259699050833,69721100
2022-12-08,140.66616821289062,141.52407940202735,139.1377360156072,140.380207847569,62128300
2022-12-09,140.1829833984375,143.54556411340621,138.94049659830839,140.3604729146931,76097000
2022-12-12,142.4805908203125,142.4904463340837,139.09828382013,140.71547582717935,70462700
2022-12-13,143.4469451904297,147.8843635443182,142.23405505341051,147.420898645852,93886200
2022-12-14,141.21835327148438,144.62037034418682,139.1968600685047,143.32859121325015,82291200
2022-12-15,134.6016845703125,139.827980094081,134.1382196907759,139.14757356682156,98931900
2022-12-16,132.6393585205078,135.7356898104224,131.8702072160859,134.78904899571134,160156900
2022-12-19,130.5291290283203,133.31977409731115,129.49374338835526,133.23102933615738,79592600
2022-12-20,130.46011352539062,131.39689891358117,128.08362566369047,129.56276523870264,77432800
2022-12-21,133.5662841796875,134.9073711645486,130.90383628158227,131.13063344213398,85928000
2022-12-22,130.3910675048828,132.68866590052642,128.48791532003168,132.48159480562174,77852100
2022-12-23,130.0261993408203,130.57840891041715,127.83707208521685,129.09926968617603,63814900
2022-12-27,128.2216796875,129.58249292838534,126.92990018333715,129.55291134024313,69007800
2022-12-28,124.28717041015625,129.20777268194055,124.11953639524314,127.86668551604973,85438400
2022-12-29,127.80753326416016,128.66542948633423,125.9536808579319,126.21005965913899,75703700
2022-12-30,128.12303161621094,128.14275768545937,125.6578071138234,126.62418137813751,77034200
2023-01-03,123.3306655883789,129.0795827309516,122.44318028024713,128.46820981457793,112117500
2023-01-04,124.60270690917969,126.87072372434358,123.34050912530462,125.1253349737568,89113600
2023-01-05,123.28133392333984,125.99308946159266,123.02495518012978,125.36199059273537,80962700
2023-01-06,127.8173599243164,128.4780403774463,123.15314460938177,124.257571392045,87754700
2023-01-09,128.33998107910156,131.55465346679887,128.08360234953716,128.65553802002677,70790800
2023-01-10,128.9119415283203,129.4345696464241,126.33823803970584,128.44847658636624,63896200
2023-01-11,131.63357543945312,131.65328646822576,128.64571450243,129.4247214433815,69458900
2023-01-12,131.55467224121094,132.39284227281698,129.6120678053339,132.01813716022232,71379600
2023-01-13,132.88587951660156,133.04365799858422,129.82900042275443,130.19384999657817,57809700
2023-01-17,134.04945373535156,135.38066994863155,132.26462822678656,132.95489015736672,63646600
2023-01-18,133.32965087890625,136.682361304903,133.15214630173037,134.91726132660978,69672800
2023-01-19,133.38877868652344,134.35514542774973,131.9096394708051,132.2153258346004,58280400
2023-01-20,135.95263671875,136.10055969629155,132.3534032973474,133.3986594670003,80223600
2023-01-23,139.14756774902344,141.32683964763805,135.9822029643826,136.19914460303502,81760300
2023-01-24,140.54782104492188,141.16906439218428,138.34883807200805,138.35869358432294,66435100
2023-01-25,139.88711547851562,140.4491805111925,136.8795296384241,138.93060432532945,65799300
2023-01-26,141.95797729492188,142.2439376895358,139.92661275533473,141.17895527594047,54105100
2023-01-27,143.90054321289062,145.18246711281154,141.09018721144076,141.16907645645273,70555800
2023-01-30,141.01129150390625,143.5258315295515,140.863383580403,142.94404030165967,64015300
2023-01-31,142.28335571289062,142.3326633733732,140.30131415280843,140.71547141700836,65874500
2023-02-01,143.4075164794922,144.571114195543,139.3546881653997,141.967828937729,77663600
2023-02-02,148.72250366210938,149.07748257847402,146.1093490595337,146.829192495351,118339000
2023-02-03,152.3513641357422,155.19131670929613,145.774125819744,145.97134140477755,154357300
2023-02-06,149.61988830566406,150.97084596204795,148.68310295478358,150.4482178700856,69858300
2023-02-07,152.49925231933594,153.071187974496,148.54502543131906,148.54502543131906,83322600
2023-02-08,149.80723571777344,152.43024651571073,149.0676660222592,151.73998447588093,64120100
2023-02-09,148.77183532714844,152.1837234806971,148.32809651858278,151.64136936063508,56007100
2023-02-10,149.1372833251953,149.4631927243484,147.36948817537098,147.60651730281717,57450700
2023-02-13,151.9420166015625,152.3469204839961,149.04834551559807,149.07797226139675,62199000
2023-02-14,151.30007934570312,151.86301769491905,148.9891025921519,150.233471212628,61707600
2023-02-15,153.4036865234375,153.57157647071767,150.98407305919312,151.21121650909475,65573800
2023-02-16,151.80377197265625,154.39127521881363,151.44823591009165,151.60624021713144,68167900
2023-02-17,150.65817260742188,151.10258897284194,148.97925796607987,150.46065589718617,59144100
2023-02-21,146.6386260986328,149.4236611977066,146.56950203742764,148.33729678255915,58867200
2023-02-22,147.0633087158203,148.0904046122651,145.3350111943411,147.02379633351947,51011300
2023-02-23,147.54722595214844,148.47557105445037,145.41402441253163,148.22867140254277,48394200
2023-02-24,144.8905792236328,145.36462227322275,143.91285130614398,145.28561258669828,55469600
2023-02-27,146.08558654785156,147.32008482695682,145.62141398934327,145.87819927591497,44998500
2023-02-28,145.58189392089844,147.23118155565606,145.00908500057525,145.22635786930326,50547000
2023-03-01,143.50794982910156,145.40413732845008,143.2116672358624,145.0091039171703,55479000
2023-03-02,144.10052490234375,144.89060684866965,142.11544194013547,142.58950014966683,52238100
2023-03-03,149.15701293945312,149.236022634522,145.50290119247913,146.20408774818284,70732300
2023-03-06,151.9223175048828,154.36168762269136,151.55691078968073,151.8828051159328,87558000
2023-03-07,149.71994018554688,152.11979733212814,149.25576768015293,151.79388801539042,56182000
2023-03-08,150.9741973876953,151.5667625921133,149.94710144553787,150.91494388116536,47204800
2023-03-09,148.7224578857422,152.62346903568368,148.3669218148619,151.65562670311525,53833600
2023-03-10,146.6584014892578,149.06814463866203,145.77943928176788,148.3472018339828,68572400
2023-03-13,148.6039581298828,151.2408445051467,145.86830586973156,145.97694231528436,84457100
2023-03-14,150.6976776123047,151.49763012479718,148.2385665656885,149.40392576424304,73695900
2023-03-15,151.09271240234375,151.34948260848185,148.06077752387876,149.31503194180715,77167900
2023-03-16,153.917236328125,154.5196720318581,149.7594399024329,150.27299535550645,76161100
2023-03-17,153.0777587890625,154.79618550631548,152.3666867039617,154.1443669167137,98944600
2023-03-20,155.44801330566406,155.86281797805782,152.23831786199295,153.14692183341302,73641400
2023-03-21,157.3046875,157.4231944974596,154.59866219140062,155.36900288355957,73938300
2023-03-22,155.8726806640625,160.12922799549253,155.85292447362312,157.32445173541882,75701800
2023-03-23,156.95904541015625,159.54656410725272,155.72454710395584,156.86029458739586,67622100
2023-03-24,158.26266479492188,158.35154504613158,155.8924343453171,156.88990343786057,59196500
2023-03-27,156.31710815429688,158.77623413977568,155.91218910395636,157.9565254779494,52390300
2023-03-28,155.6949005126953,156.52449472162644,154.04561279409856,156.01093927220384,45992200
2023-03-29,158.77622985839844,159.05275625859912,157.37384166607825,157.39358278783644,51305700
2023-03-30,160.34649658203125,160.45513302219786,159.27001781009866,159.5267880006936,49501700
2023-03-31,162.85498046875,162.95374634284104,159.9020707098414,160.42549668949934,68749800
2023-04-03,164.10926818847656,164.22777520589742,162.18345380758916,162.23283675470108,56976200
2023-04-04,163.5759735107422,164.77095946962157,163.06241797980005,164.5339454319251,46278300
2023-04-05,161.7291259765625,163.0031364887197,159.7934413430479,162.6969833628771,51511700
2023-04-06,162.61798095703125,162.9142635361202,159.9909651957649,160.41562533913125,45390100
2023-04-10,160.0205841064453,160.0205841064453,158.09477004106023,159.41814841731897,47716900
2023-04-11,158.80587768554688,160.34652928242556,158.51946561689908,160.33665872023656,47644200
2023-04-12,158.1145477294922,160.05023261805474,157.7985089324277,159.22065338009935,50133100
2023-04-13,163.50682067871094,163.74384976611952,159.4181631056541,159.62556544083142,68445600
2023-04-14,163.1612091064453,164.25744440899282,161.78844733744998,162.5488875854004,49386500
2023-04-17,163.18092346191406,163.3389428652635,161.99580807591275,163.04266025137323,41516200
2023-04-18,164.40554809570312,165.33389323571308,163.59570997116356,164.04014141829643,49923000
2023-04-19,165.5511474609375,166.0745734796078,163.4870550672227,163.74384033117565,47720200
2023-04-20,164.58331298828125,165.78818457608216,163.50683405035483,164.03026014199096,52456400
2023-04-21,162.9735107421875,164.38576938158798,162.45008473615934,163.00313749199609,58337300
2023-04-24,163.2796630859375,163.5463189024918,161.85751882372426,162.95375377005053,41949600
2023-04-25,161.739013671875,164.2475072794641,161.69950129216383,163.1414017604714,48714100
2023-04-26,161.7291259765625,163.23027992570658,160.78103984940847,161.03781003602157,45498800
2023-04-27,166.32150268554688,166.46963646450573,163.14143362770662,163.14143362770662,64902300
2023-04-28,167.57571411132812,167.74361912541863,165.79804878354395,166.40048449959994,55275900
2023-05-01,167.48684692382812,168.33618234272492,166.54863124552048,167.180693761707,52472900
2023-05-02,166.4498291015625,168.2373948789832,165.4622306932786,167.98060964831367,48425700
2023-05-03,165.37339782714844,168.80036649116937,165.08700083730753,167.3979781580158,65136000
2023-05-04,163.7339630126953,164.96846124572582,162.27232132426357,162.84513031273676,81235400
2023-05-05,171.41749572753906,172.13843848392673,168.64233101133158,168.85960390825258,113453200
2023-05-08,171.34835815429688,171.69402369424722,169.9755966946327,170.34100335662225,55962800
2023-05-09,169.63983154296875,171.38787037771158,169.4719415736773,170.90395666315388,45326900
2023-05-10,171.40760803222656,171.87178057282452,169.76819076413835,170.87431142683658,53724500
2023-05-11,171.59524536132812,172.42482451357537,170.03483786854437,171.6940112425966,49514700
2023-05-12,170.66561889648438,172.13916641173466,169.11293731632776,171.70401959715826,45533100
2023-05-15,170.171142578125,171.29856159606754,169.57775779377548,171.24911034897144,37266700
2023-05-16,170.171142578125,171.2293268320526,169.90411791612752,170.0920236008516,42110300
2023-05-17,170.78427124023438,171.02161304753682,168.5393177403003,169.81509031614996,57951600
2023-05-18,173.11825561523438,173.30616130301183,170.6755118549318,171.09087517456516,65496700
2023-05-19,173.22705078125,174.44347306887536,173.00947735219142,174.44347306887536,55809500
2023-05-22,172.27764892578125,172.7820305841642,171.53592539559813,172.06007548302856,43570900
2023-05-23,169.66676330566406,171.46668610985583,169.3898544266195,171.2194449613945,50747300
2023-05-24,169.94366455078125,170.51726580029353,168.6382391925545,169.20194113871563,45143500
2023-05-25,171.08099365234375,171.98093998050487,169.79533663873903,170.50739236656926,56058300
2023-05-26,173.4940643310547,173.83032378662378,171.1996741500605,171.40736336995897,54835000
2023-05-30,175.34339904785156,177.01475137371042,174.62145922859648,175.00715475837933,55964400
2023-05-31,175.2939910888672,177.37082297149757,174.80939295881248,175.3731100748192,99625300
2023-06-01,178.1026153564453,178.13228308457525,174.97748387661747,175.73899077622127,68901800
2023-06-02,178.953125,179.77396735384346,177.28177256425622,179.03224397161875,61996900
2023-06-05,177.59825134277344,182.908986017055,176.0752375225132,180.61459616435278,121946500
2023-06-06,177.23236083984375,178.1323071989488,175.47198988688834,177.98396853821802,64848400
2023-06-07,175.8577117919922,179.2103015517758,175.36322943750844,176.4708650826228,61944600
2023-06-08,178.57736206054688,178.8443716628685,175.50168125821915,175.93681304769265,50214900
2023-06-09,178.9630584716797,180.21903277362324,178.636698310342,179.4970927690662,48900000
2023-06-12,181.7617950439453,181.86069753893617,178.97292275194738,179.26961514651788,54274900
2023-06-13,181.28707885742188,182.11780541012092,180.42668457715504,180.782712398369,54929100
2023-06-14,181.92001342773438,182.35516021423518,180.01131922105634,181.34641221738335,57462900
2023-06-15,183.95730590820312,184.46168752877136,181.75191900244837,181.9299404833556,65433200
2023-06-16,182.8793182373047,184.9264820484004,182.2364973319158,184.669341613924,101256200
2023-06-20,182.9683380126953,184.0463209118931,182.37496829785866,182.37496829785866,49799100
2023-06-21,181.929931640625,183.36392727035516,180.57503989811684,182.85954567430247,49515700
2023-06-22,184.93637084960938,184.98582209518955,181.64311708726814,181.7123518491607,51245300
2023-06-23,184.61990356445312,185.49019723798705,182.96833449974372,183.5023838322858,53117000
2023-06-26,183.2254638671875,185.97478407089304,183.18589683511047,184.76824612936457,48088700
2023-06-27,185.98468017578125,186.31104030447904,183.62105538648717,183.83862880561904,50730800
2023-06-28,187.1615753173828,187.80439635628744,185.52978954760695,185.85613462923874,51216800
2023-06-29,187.49778747558594,187.9725013298976,186.85496654717443,186.9934209820816,46347300
2023-06-30,191.82945251464844,192.33381899614628,189.1493519786864,189.51527911897426,85213200
2023-07-03,190.3361358642578,191.74046380244184,189.64384856353968,191.64156130508144,31458200
2023-07-05,189.2185821533203,190.8503675642152,188.51641070905347,189.45593906907268,46920300
2023-07-06,189.6932830810547,189.90097227103217,187.11208506779732,187.74502176003202,45094300
2023-07-07,188.57574462890625,190.5437894270152,188.140612922507,189.29769958287028,46815000
2023-07-10,186.5286407470703,187.89341692109258,184.97595885744735,187.17146179374214,59922200
2023-07-11,186.0044708251953,187.21100889013437,184.54080738706045,187.07255444450544,46638100
2023-07-12,187.67581176757812,189.584506155405,186.39015480100775,187.58679348705417,60750200
2023-07-13,188.4373016357422,189.0801376574393,187.6856939986458,188.39774969290625,41342300
2023-07-14,188.58567810058594,189.07026113812964,187.53737794948708,188.13074770594125,41616200
2023-07-17,191.84925842285156,192.17561856911308,189.6933076328095,189.78231082986184,50520200
2023-07-18,191.59210205078125,192.18548682934457,190.2965608776665,191.21630577539946,48288200
2023-07-19,192.94700622558594,196.0424552700726,190.52403079875788,190.96907695660155,80507300
2023-07-20,190.9987335205078,194.3018715848771,190.3756810082794,192.9370956401489,59581200
2023-07-21,189.82186889648438,192.8184304455329,189.11969738642375,191.95803606721273,71951700
2023-07-24,190.62290954589844,192.75907651192222,190.12842729026707,191.27562974502808,45377800
2023-07-25,191.4833221435547,192.29428036369316,190.79104993758423,191.19652904765346,37283200
2023-07-26,192.35360717773438,193.48102617402893,191.18663623876353,191.53276478098633,47471900
2023-07-27,191.08773803710938,195.02381285425056,190.42513357699178,193.85684188907683,47460200
2023-07-28,193.6689453125,194.4601200346163,191.99759267326004,192.5217427199515,48291400
2023-07-31,194.28207397460938,194.32164100543085,193.10520379928346,193.89637842130432,38824100
2023-08-01,193.45135498046875,194.55899044039094,193.12499487022708,194.07440747187567,35175100
2023-08-02,190.45480346679688,193.026102358892,189.73286353794578,192.88764791924382,50389300
2023-08-03,189.0603485107422,190.2471029357017,188.58564975883863,189.4559433793295,61235200
2023-08-04,179.98167419433594,185.312192820491,179.91243942847825,183.47271804853088,115956800
2023-08-07,176.87632751464844,181.10909486166798,175.39288059142936,180.1201302461886,97576100
2023-08-08,177.8158416748047,178.2806562533865,175.6203390114105,177.7070549630004,67823000
2023-08-09,176.22361755371094,178.93337110075507,175.05663139218126,178.87403563482027,60378500
2023-08-10,176.0060272216797,178.7553475423464,175.64011515660735,177.49935830249015,54686900
2023-08-11,176.06544494628906,176.88739582771854,174.83748251539495,175.60001780962375,52036700
2023-08-14,177.71925354003906,177.94701832041608,175.5900993670502,176.2437010263368,43675600
2023-08-15,175.72874450683594,177.73905244130324,175.3326305229056,177.1448814654077,43622600
2023-08-16,174.8572998046875,176.80817714322055,174.78797154296882,175.41186545531423,46964900
2023-08-17,172.3122100830078,175.78815784652573,171.79724982185638,175.42175166053434,66062900
2023-08-18,172.79747009277344,173.40155375891743,170.29201204567954,170.62871045348956,61172200
2023-08-21,174.13433837890625,174.4215338244587,172.05471756473415,173.3718183024321,46311900
2023-08-22,175.5108642578125,175.95649623435884,174.54037449165708,175.34251507159627,42038900
2023-08-23,179.36314392089844,179.78898080878903,176.60021337314086,176.78837280424742,52722800
2023-08-24,174.66915893554688,179.34337721750424,174.3027375760952,178.9175402621367,54945800
2023-08-25,176.8774871826172,177.41224254469248,174.1145567754665,175.6594223889941,51449600
2023-08-28,178.4421844482422,178.83829845949455,176.81809282485807,178.34314839003864,43820700
2023-08-29,182.3340301513672,183.10646293821267,177.75884901223952,177.9569059889832,53003900
2023-08-30,185.82980346679688,186.027875570887,182.9480417259573,183.14609871926743,60813900
2023-08-31,186.04766845703125,187.28554353881972,185.66145203594442,186.0179606639307,60794500
2023-09-01,187.6222381591797,188.07776768138748,186.45367634199346,187.65194594928982,45766500
2023-09-05,187.8599090576172,188.13719185182467,185.79018566129048,186.45368485534252,45280000
2023-09-06,181.1357879638672,187.01817274976997,179.70975345688714,186.57252563325392,81755800
2023-09-07,175.83767700195312,176.4813811102254,171.8566665123906,173.48075801343515,112488800
2023-09-08,176.45166015625,178.4916910043361,176.06544373133067,176.62002446653017,65551300
2023-09-11,177.6202392578125,178.55112383618751,175.61982868156718,178.32335902789833,58953100
2023-09-12,174.58990478515625,178.38275585399316,173.12426491742679,177.7489644157226,90370200
2023-09-13,172.52017211914062,175.58019553637163,172.2923922361182,174.79785006313273,84267900
2023-09-14,174.0353546142578,174.39186327435525,171.89630265367322,172.31222690532334,60895800
2023-09-15,173.3124237060547,174.78797636853713,172.1339792213286,174.76816613453047,109259500
2023-09-18,176.2436981201172,177.64002479353724,174.46115503817452,174.76814563074643,67257600
2023-09-19,177.3330535888672,177.88761925037375,175.41186889666162,175.79808534740948,51826900
2023-09-20,173.7877655029297,177.95692035427507,173.69862701203755,177.52118590379774,58436200
2023-09-21,172.2428741455078,174.5898954535224,172.17356100214752,172.856870429388,63149100
2023-09-22,173.09454345703125,175.36233909077248,172.36173107244514,172.97571228348323,56725400
2023-09-25,174.37203979492188,175.2534062611611,172.46075278406465,172.51027081019092,46172700
2023-09-26,170.2919921875,173.50055447022797,169.99489916963813,173.1242507509963,64588900
2023-09-27,168.77685546875,171.36153958960574,167.41025147102962,170.9456153197968,66921800
2023-09-28,169.03433227539062,170.36133082824708,165.9941036111019,167.69742105029528,56294400
2023-09-29,169.5492706298828,171.39122924497295,168.68769934956754,170.3514112168,51861100
2023-10-02,172.06463623046875,172.6093042881744,169.2719827950215,169.55917827580257,52164500
2023-10-03,170.7277374267578,171.94581747397606,169.1630765091389,170.589096012129,49594600
2023-10-04,171.9755096435547,172.5201776911012,169.31160010164683,169.43043127173715,53020300
2023-10-05,173.21336364746094,173.7481189586483,171.00498393317727,172.10421745524127,48527900
2023-10-06,175.76837158203125,176.26352163595584,171.5001654241457,172.1141617663429,57266700
2023-10-09,177.25381469726562,177.3132302836497,174.09475506108697,175.09495269037185,42390800
2023-10-10,176.65965270996094,177.97675379399942,176.22391820266617,176.37247229967042,43698000
2023-10-11,178.0559539794922,178.10547200469523,175.87729686757618,176.4714678376734,47551100
2023-10-12,178.9571533203125,180.57133234869775,177.3033387116547,178.32336180549302,56743100
2023-10-13,177.11517333984375,180.1652842541005,176.41205364228972,179.6602366589199,51427100
2023-10-16,176.98643493652344,177.3429435766639,174.79786506856496,175.03554253225204,52517000
2023-10-17,175.43165588378906,176.6893412361662,173.1044597256959,174.93650583601004,57549400
2023-10-18,174.13433837890625,175.85746571988707,173.41142365141627,173.87686583356435,54764400
2023-10-19,173.75807189941406,176.11497599372035,173.49068662646167,174.33243269200634,59302900
2023-10-20,171.2030792236328,173.71843472751576,170.96540176933075,173.60950111647477,64244000
2023-10-23,171.3219451904297,172.32214301437642,168.28171613531973,169.25222127107537,55980100
2023-10-24,171.75762939453125,171.985394156852,169.7869270122857,171.3714130102576,43816600
2023-10-25,169.4403533935547,171.38133313025827,168.99470625930118,170.2127862637829,57157000
2023-10-26,165.2711944580078,169.71764765287952,164.06302704400315,168.71743481214864,70625300
2023-10-27,166.5883026123047,167.32113020792602,165.21178592419773,165.2910117543283,58499100
2023-10-30,168.63818359375,169.5096524459554,167.23195938000526,167.38051344932887,51131000
2023-10-31,169.11354064941406,169.24226937820893,166.27136928302133,167.70731641765212,44846000
2023-11-01,172.28250122070312,172.53997379429074,168.46983997695696,169.34130885799144,56934900
2023-11-02,175.84759521484375,176.05554977286621,173.75806140886317,173.8174769968696,77334800
2023-11-03,174.93649291992188,175.10485722122255,171.66851493448934,172.5498813500308,79829200
2023-11-06,177.49148559570312,177.68954259678722,174.50079012453784,174.66913933099835,63841300
2023-11-07,180.05638122558594,180.67036248552094,177.23401974281032,177.4419743130807,70530000
2023-11-08,181.11598205566406,181.67054768588966,179.82858892219454,180.5812266581694,49340300
2023-11-09,180.640625,182.33402952271553,180.04643896103886,181.18529301725127,53763500
2023-11-10,184.83511352539062,185.00369964258533,181.989212824357,182.42552132152326,66133400
2023-11-13,183.24855041503906,184.4682199516521,182.6635072771428,184.25999143916752,43627500
2023-11-14,185.8663787841797,186.5307520867399,184.73595008374065,186.12419054719692,60108400
2023-11-15,186.43162536621094,187.9091220632552,186.20356048367708,186.2729800870119,53790500
2023-11-16,188.11732482910156,189.356830641734,187.06621119021287,187.9785007833142,54412900
2023-11-17,188.09750366210938,188.78171334674664,186.98691120628507,188.65279989002153,50922700
2023-11-20,189.84271240234375,190.29885721130628,188.28590092727276,188.29581152699646,46505100
2023-11-21,189.03952026367188,189.91213724546566,188.14708208188244,189.80306012274144,38134500
2023-11-22,189.70388793945312,191.31028267101584,189.22792193208022,189.88238464889707,39617700
2023-11-24,188.3751678466797,189.29735306155973,187.66121116968733,189.26760612757576,24048300
2023-11-27,188.1966552734375,189.0692722786972,187.31412766791345,188.3255687303111,40552600
2023-11-28,188.80152893066406,189.47582799498892,187.8099242301234,188.1867388581487,38415400
2023-11-29,187.78018188476562,190.47734794655034,187.3835460471391,189.2973359031836,43014200
2023-11-30,188.35531616210938,188.7222202024886,186.61009727764167,188.2462390361622,48794400
2023-12-01,189.63449096679688,189.95179660734362,187.64135580786584,188.73212704562349,45704800
2023-12-04,187.83969116210938,188.454496430777,185.8763178825686,188.3850768316175,43389500
2023-12-05,191.79617309570312,192.76794143388682,188.58336852388663,188.61313058416235,66628400
2023-12-06,190.70542907714844,193.1249319103576,190.4971854261922,192.8175368647406,41089700
2023-12-07,192.63905334472656,193.3629205543118,191.96475426663108,192.0044269286476,47477700
2023-12-08,194.06695556640625,194.3446036620394,192.04407357743747,192.56962283922067,53406400
2023-12-11,191.5581817626953,191.8655919183663,189.8129630007935,191.48877730415995,60943700
2023-12-12,193.07537841796875,193.08528901898003,190.1104746012234,191.45905774250062,52696900
2023-12-13,196.29808044433594,196.33773797632358,193.214189106248,193.45216455954898,70404200
2023-12-14,196.44680786132812,197.94412551234106,194.51318172109634,196.3575670696298,66831600
2023-12-15,195.91136169433594,196.73438033852585,195.34613971264017,195.87168903034603,128538400
2023-12-18,194.2454376220703,194.97923052273018,192.75803062150393,194.44375552934187,55751900
2023-12-19,195.28665161132812,195.2965622122741,194.24546354583867,194.51320107826476,40714100
2023-12-20,193.19436645507812,196.0204310779547,193.19436645507812,195.24698053858313,52242800
2023-12-21,193.04559326171875,195.42545358966169,191.875506993429,194.45368523269553,46482500
2023-12-22,191.97467041015625,193.7694724442452,191.34995462543642,193.54139247575878,37149600
2023-12-26,191.42930603027344,192.2622504150879,191.21115176796184,191.9846022868164,28919300
2023-12-27,191.52847290039062,191.87554065410794,189.48576930710215,190.87402519128196,48087700
2023-12-28,191.95486450195312,193.02579953233345,191.54830289093405,192.51016078496022,34049900
2023-12-29,190.91363525390625,192.76793104153865,190.12034853602503,192.2721287341986,42672100
2024-01-02,184.08151245117188,186.85800888690832,182.34620407017263,185.57883023572913,82488700
2024-01-03,182.7031707763672,184.31949132166326,181.8900476382689,182.6734238450404,58414500
2024-01-04,180.38282775878906,181.552914127362,179.36147605378457,180.62080322049852,71983600
2024-01-05,179.65892028808594,181.22565742516292,178.65740505500082,180.46213275123534,62379700
2024-01-08,184.00216674804688,184.04183940945515,179.9762540642685,180.56129720920066,59144500
2024-01-09,183.585693359375,183.59560395931726,181.19592240352762,182.37593441619447,42841800
2024-01-10,184.62689208984375,184.83512061558696,182.375945055311,182.80234296869347,46792900
2024-01-11,184.0319061279297,185.47965559618967,182.07844372761645,184.97392753345,49128400
2024-01-12,184.359130859375,185.1722539181108,183.63526371659532,184.49795490224625,40477800
2024-01-16,182.08836364746094,182.71306427754865,179.4110190331086,180.630703626113,65603000
2024-01-17,181.14633178710938,181.39423295178236,178.78632298828933,179.74818071767538,47317400
2024-01-18,187.04640197753906,187.55211493445296,184.26990575318283,184.52771753168435,78005800
2024-01-19,189.95179748535156,190.33852272040096,187.23481023986653,187.74052319933506,68903000
2024-01-22,192.26223754882812,193.69015075906108,190.64591702187175,190.68558968364889,60133900
2024-01-23,193.54139709472656,194.10661903356933,192.20273983497614,193.38275184285894,42355600
2024-01-24,192.8671112060547,194.73133285541883,192.70845082511164,193.7793857004472,53631300
2024-01-25,192.53988647460938,194.62226243680658,191.48878789336808,193.58107445570798,54822100
2024-01-26,190.80459594726562,193.12494757400916,190.32862987450278,192.63907090018267,44594000
2024-01-29,190.120361328125,190.5864167388377,187.98841731539085,190.39800942846193,47145600
2024-01-30,186.4613494873047,190.18979301004535,185.89614265093053,189.33701232459805,55859400
2024-01-31,182.85191345214844,185.5292584344751,182.8023453182215,185.46974943852436,55467800
2024-02-01,185.29127502441406,185.38051582576702,182.27680306565713,182.44537406733116,64885400
2024-02-02,184.28973388671875,185.75730456104918,177.7451370154647,178.35001646911297,102551700
2024-02-05,186.1043701171875,187.6611968198497,184.27982102914154,186.57042555488334,69668800
2024-02-06,187.71078491210938,187.72069551270494,185.2020260688322,185.291266866256,43490800
2024-02-07,187.81983947753906,189.4460704904296,187.02655273524672,189.03950895453542,53439000
2024-02-08,186.73899841308594,187.94874218828468,185.7771406742971,187.80000754030146,40962000
2024-02-09,187.50350952148438,188.63538073939827,186.65956394365634,187.30492339729363,45155200
2024-02-12,185.81564331054688,187.32481018702742,185.45820944901192,187.07659264846137,41781900
2024-02-13,183.7206573486328,184.88232857566155,182.20156746712615,184.44546335353002,56529500
2024-02-14,182.83700561523438,184.2071710720395,181.13920638831792,183.99867685469593,54630500
2024-02-15,182.54908752441406,183.17460050228618,180.05698915939104,182.2413002337134,65434500
2024-02-16,181.01011657714844,183.53201471208476,180.3746804207065,182.11220281800786,49752500
2024-02-20,180.26547241210938,181.12926445278407,178.7165976564194,180.49382826711656,53665600
2024-02-21,181.02008056640625,181.5860086349742,179.37191259479573,180.64278508736416,41371400
2024-02-22,183.0554656982422,183.64127060390982,181.15909521547567,182.17181186595948,52292200
2024-02-23,181.2186279296875,183.7206493014041,180.93068715953405,183.69086441483557,45119700
2024-02-26,179.8683319091797,181.45691481099774,179.36195851579282,180.94063332165365,40867400
2024-02-27,181.32785034179688,182.60864595739088,178.27973221361,179.80876047563007,54318900
2024-02-28,180.12649536132812,181.81437153541262,178.84569957246276,181.20872015618278,48953900
2024-02-29,179.4612579345703,181.26828866128915,178.2499552858893,179.97755459220346,136682600
2024-03-01,178.37904357910156,179.24283570733874,176.11530099131116,178.26982726346276,73563100
2024-03-04,173.85154724121094,175.63870116419773,172.55087478393426,174.8940486462885,81510100
2024-03-05,168.90704345703125,170.8133520831047,168.41060844555398,169.5424796657224,95132400
2024-03-06,167.91416931152344,170.01906401050476,167.47730408815008,169.8403395327639,68587700
2024-03-07,167.79502868652344,169.51268953107953,167.28867044448495,167.9439531253601,71765100
2024-03-08,169.5126953125,172.4615205019895,167.73546463179477,167.79503440936114,76267000
2024-03-11,171.518310546875,173.13669366515666,170.82330450374639,171.70695829072324,60139500
2024-03-12,171.99485778808594,172.7891567808166,169.79068527950514,171.91542637381357,59825400
2024-03-13,169.9098663330078,171.9551763303205,169.54249409126064,171.53817270319811,52488700
2024-03-14,171.7665252685547,173.06718266017282,170.82330171470906,171.67717059661035,72913500
2024-03-15,171.38922119140625,171.38922119140625,169.0758321837892,169.94956266563446,121752700
2024-03-18,172.48138427734375,176.44294118443133,172.282813299669,174.31819990832292,75604200
2024-03-19,174.82455444335938,175.35077434046616,171.79629786095623,173.09695515946524,55215200
2024-03-20,177.39608764648438,177.39608764648438,173.84161109695287,174.46712406809783,53423100
2024-03-21,170.14813232421875,176.22450721449738,169.6219124199128,175.78764197696165,106181300
2024-03-22,171.05166625976562,171.81618050845861,168.8474933401544,170.5353695457136,71160100
2024-03-25,169.63185119628906,170.7140758962492,168.24182406010684,169.3538487990515,54288300
2024-03-26,168.49998474121094,170.19778406175462,168.37090678526505,168.78791039294236,57388400
2024-03-27,172.07432556152344,172.36226639285164,168.89714406925813,169.19500814821973,60273300
2024-03-28,170.25735473632812,171.00200728609337,169.29426955996547,170.5254338962422,65672700
2024-04-01,168.81768798828125,170.02899062252595,168.27160644825386,169.969420845431,46240500
2024-04-02,167.6361846923828,168.13261974429108,167.0305333230549,167.87447897129715,49329500
2024-04-03,168.44039916992188,169.46305411699578,167.37803608655156,167.5865303145986,47691700
2024-04-04,167.6163330078125,170.69422114433502,167.6163330078125,169.0758380772312,53704400
2024-04-05,168.37091064453125,169.17513298848516,167.74539764368038,168.3808338913719,42104800
2024-04-08,167.2489471435547,167.99359963764888,167.04045292920483,167.82481355698678,37425500
2024-04-09,168.46026611328125,168.86734648560252,167.1496854743383,167.49718091534808,42373800
2024-04-10,166.583740234375,167.88439761067826,165.91851910107465,167.59647195447172,49709300
2024-04-11,173.79197692871094,174.208995705804,166.9610408919762,167.13975023930564,91070300
2024-04-12,175.29119873046875,177.08829097776882,172.96788660357228,173.0175179827845,101670900
2024-04-15,171.45870971679688,175.37061964403054,171.27006200710903,174.10967059769038,73531800
2024-04-16,168.17236328125,172.52112455758243,167.070276727317,170.52546086262151,73711200
2024-04-17,166.80218505859375,169.43328489386477,166.80218505859375,168.40070660473845,50901200
2024-04-18,165.8489990234375,167.4375970919546,165.36250241682455,166.83194578270678,43122900
2024-04-19,163.8235626220703,165.21357466916862,162.9101239696921,165.02494208062998,68149400
2024-04-22,164.65756225585938,166.06743588145892,163.59519920100377,164.33985172403135,48116400
2024-04-23,165.7100067138672,165.85894631264824,163.74412823991455,164.17107024309314,49537800
2024-04-24,167.81491088867188,168.09291330855643,165.0249482926904,165.35258209827205,48251800
2024-04-25,168.67869567871094,169.39356334150216,166.9510963019663,168.3212618473153,50558300
2024-04-26,168.09291076660156,170.11835910227322,167.97375605274175,168.66877724193844,44838400
2024-04-29,172.26295471191406,174.7749147415349,171.86581274952138,172.1338767566388,68169400
2024-04-30,169.11557006835938,173.7423484830038,168.78792110938284,172.0941804408779,65934800
2024-05-01,168.09291076660156,171.47860143970507,167.90426302381934,168.37091318228207,50383100
2024-05-02,171.7963104248047,172.18352915382397,169.67156903864844,171.2800137361139,94214900
2024-05-03,182.072509765625,185.66669440285864,181.3576421366733,185.3191838346203,163224100
2024-05-06,180.41441345214844,182.8866500436298,179.13360267463952,181.04984964293004,78569700
2024-05-07,181.09950256347656,183.5816778461448,180.02721617336002,182.14201921219635,77305800
2024-05-08,181.4370574951172,181.76470639188162,180.15624679412957,181.54627379403868,45057100
2024-05-09,183.25404357910156,183.34339825305352,180.81157644111198,181.25836496086742,48983000
2024-05-10,181.9913787841797,184.01957427538,181.07670119634082,183.83067066594327,50759500
2024-05-13,185.20266723632812,186.01793213107706,183.55226403759835,184.36752893234728,72044800
2024-05-14,186.34603881835938,187.21101770983566,185.2126323262415,186.4255779791011,52393600
2024-05-15,188.622802734375,189.54741702859607,186.2863873072406,186.8232728469217,70400000
2024-05-16,188.7421112060547,189.99483406684226,188.56315946625315,189.36847263644847,52845200
2024-05-17,188.7719268798828,189.70649303935699,188.08591490450098,188.4140082479681,41282900
2024-05-20,189.93516540527344,190.81008101901142,187.91690657220929,188.2350632210391,44361300
2024-05-21,191.2375946044922,191.6153866469515,189.815856788038,189.98487181213304,42309400
2024-05-22,189.79595947265625,191.70486886169914,189.1696132758398,191.15804664976199,34648500
2024-05-23,185.79922485351562,189.89539287135,185.55067067436462,189.87550428926582,51005900
2024-05-24,188.8813018798828,189.47783802324832,186.95251887628444,187.7280219308774,36327000
2024-05-28,188.8912353515625,191.88382214222983,188.00638309980087,190.40243380522858,52280100
2024-05-29,189.1894989013672,191.13817040866115,188.41401104911338,188.5134387924459,53068000
2024-05-30,190.18373107910156,191.06858345257766,189.52755949973073,189.6567973718936,49889100
2024-05-31,191.13816833496094,191.45632497373828,188.81170480343985,190.33285520255313,75158300
2024-06-03,192.9078826904297,193.8623374845637,191.4066207978332,191.784412862338,50080500
2024-06-04,193.22601318359375,194.19040455366581,191.91363991566558,193.51432933882765,47471400
2024-06-05,194.7372283935547,195.76127042413225,193.74301165159252,194.269945311189,54156800
2024-06-06,193.35528564453125,195.36360789712964,193.047080853253,194.55829468881035,41181800
2024-06-07,195.75132751464844,195.80104138427978,193.0172315608974,193.5242766218339,53103900
2024-06-10,192.00311279296875,196.15894623968046,191.0387214378687,195.76125048108446,97010200
2024-06-11,205.95199584960938,205.96194772636147,192.51019617172983,192.53006958414636,172373300
2024-06-12,211.83778381347656,218.9265393804105,205.7034527218097,206.1707358379729,198134300
2024-06-13,213.00100708007812,215.49648572091758,210.37627540407073,213.4981154669776,97862700
2024-06-14,211.2611083984375,213.9256018265929,210.07798811856898,212.61324369392398,70122700
2024-06-17,215.4169464111328,217.6837594401996,211.4897931914233,212.13602802573277,93728300
2024-06-18,213.05068969726562,217.36560169939582,211.76815683093403,216.33160783720555,79943300
2024-06-20,208.4673614501953,213.00100258632773,207.64217489543017,212.6927826496957,86172500
2024-06-21,206.2900390625,210.66458669732776,205.91223184266303,209.17326157128963,241805100
2024-06-24,206.93629455566406,211.4699209644532,205.39525540402906,206.51872529912245,80727000
2024-06-25,207.86090087890625,210.15753911842552,207.40355450398363,207.94042486793816,55549700
2024-06-26,212.0167236328125,213.61741321993355,209.42181728774156,210.2768443064002,66213200
2024-06-27,212.86183166503906,214.49234667698786,211.12195219378995,213.44841596012938,49772700
2024-06-28,209.4019012451172,214.82039400183035,209.08375981297516,214.5221259794497,82542700
2024-07-01,215.49647521972656,216.25207446959737,210.6944066158183,210.86342163866271,60402900
2024-07-02,218.99612426757812,219.10548871515067,213.85602557275527,214.89994100712372,58046200
2024-07-03,220.2687225341797,220.2687225341797,217.76329209306175,218.72768354780237,37369800
2024-07-05,225.03102111816406,225.14038557018992,220.36814201808318,220.36814201808318,60412400
2024-07-08,226.50245666503906,226.53228195249955,221.95887904834774,225.77666754871936,59085900
2024-07-09,227.35748291015625,228.07332019577044,225.0608446065374,226.6118203351868,48076100
2024-07-10,231.63262939453125,231.732057144285,227.92420492099558,227.97391879587246,62627700
2024-07-11,226.25392150878906,231.04603853364384,224.46432825800636,230.0518217466028,64710600
2024-07-12,229.2067108154297,231.2945719488415,227.3574671508641,227.59608461971035,53046500
2024-07-15,233.04440307617188,235.8580383346859,231.7419815445035,235.11237576276483,62631300
2024-07-16,233.46197509765625,234.9035862928846,230.98637002864072,233.64092682357534,43234300
2024-07-17,227.5563201904297,230.12140106352723,225.3292693500046,228.12301581337556,57345900
2024-07-18,222.88352966308594,229.1073369513026,220.9845869792789,228.94825861186519,66034600
2024-07-19,223.0127410888672,225.48834608374398,221.9886991219942,223.5198013048721,49151500
2024-07-22,222.66477966308594,226.46267958300487,221.7998008147913,225.69712847330965,48201800
2024-07-23,223.70870971679688,225.6275559695254,221.3921828247117,223.07241159149987,39960300
2024-07-24,217.27613830566406,223.49994534060758,215.87430411173648,222.70456884633313,61777600
2024-07-25,216.23220825195312,219.57277716709376,213.3787958392943,217.663867640833,51391200
2024-07-26,216.69947814941406,218.22062848355827,214.76074345207394,217.43518879671294,41601300
2024-07-29,216.97787475585938,218.0317421116191,214.50226952108,215.70527849563507,36311800
2024-07-30,217.5346221923828,219.05577256608925,214.87011348402856,217.92236610782675,41643800
2024-07-31,220.795654296875,222.52559687691686,219.35404306544518,220.1593561933901,50036300
2024-08-01,217.09716796875,223.1817695634113,215.76492117798517,223.07240511518174,62501000
2024-08-02,218.5885009765625,224.29531073215608,216.45094097639597,217.88260039056834,105568600
2024-08-05,208.0597381591797,212.26527065556354,194.866477978878,197.9386040162881,119548600
2024-08-06,206.0315399169922,208.77558795019922,199.90717605667754,204.11270880558044,69660500
2024-08-07,208.6065673828125,212.40446750854989,205.19639601521322,205.70344110024527,63516400
2024-08-08,212.07635498046875,212.9612072079863,207.62226855649052,211.87751468101786,47161100
2024-08-09,214.9894561767578,215.52632659839892,210.7441459978426,210.87339904235876,42201600
2024-08-12,216.52230834960938,218.49313190431408,214.60125621149956,215.06908018890428,38028100
2024-08-13,220.24497985839844,220.86210287308924,217.99543949730662,217.99543949730662,44155300
2024-08-14,220.69288635253906,221.99681536538918,218.68223972219693,219.54821978702563,41960600
2024-08-15,223.67898559570312,224.30607198028108,221.72805861485108,223.55954635601313,46414000
2024-08-16,225.00283813476562,225.77922361016536,222.6139468974481,222.88270038911833,44340200
2024-08-19,224.8435821533203,224.94312498661264,222.0067784736323,224.6743714872065,40687800
2024-08-20,225.46070861816406,226.11765487642407,224.4056213968942,224.72414631778543,30299000
2024-08-21,225.3511962890625,226.92387876417723,224.00745927475182,225.47065071716546,34765500
2024-08-22,223.4898681640625,227.28221598709214,222.86278176595104,226.7347608131935,43695300
2024-08-23,225.78916931152344,227.16278137803022,223.29080225181497,224.61464290366072,38677300
2024-08-26,226.12757873535156,226.2271215594374,222.8528263811224,225.70952621277567,30602200
2024-08-27,226.97364807128906,227.78985670532606,223.84819475275475,224.95305327681544,35934600
2024-08-28,225.44078063964844,228.79516410710562,224.6345202420592,226.864148811834,38052200
2024-08-29,228.7255096435547,231.8410150307569,227.8197366882459,229.03408635152135,51906300
2024-08-30,227.93917846679688,229.3326870197365,226.42621547495946,229.12366833084764,52990800
2024-09-03,221.73802185058594,227.93915711237167,220.14542777805318,227.49124477575393,50190600
2024-09-04,219.82691955566406,220.75260404502964,216.47252073588626,220.6331648046219,43840200
2024-09-05,221.34982299804688,224.43545304440553,220.49380636570692,220.60329739500978,36615400
2024-09-06,219.7970733642578,224.19659618640478,218.75193438162455,222.9125635200513,48423000
2024-09-09,219.88662719726562,220.244960087071,215.7060869416041,219.79704777183977,67180000
2024-09-10,219.09036254882812,220.45401129755572,215.7260152082313,217.90587267740597,51591000
2024-09-11,221.62852478027344,222.05652550259597,216.88061769002928,220.4340868524661,44587100
2024-09-12,221.73802185058594,222.5144072842174,218.80169076819996,221.46926837337423,37455600
2024-09-13,221.4692840576172,223.00214343080088,220.8820208371711,222.54428285449177,36766600
2024-09-16,215.31790161132812,216.213726272445,212.92901053484562,215.53686848493908,59357400
2024-09-17,215.78570556640625,215.89519659483264,213.50632075947794,214.75053008791312,45519300
2024-09-18,219.66766357421875,221.67831024616868,216.5322467283196,216.54221012404864,59894900
2024-09-19,227.8097686767578,228.75538000957175,223.58941994126667,223.94775287051627,66781300
2024-09-20,227.1428680419922,232.01021467188832,226.56555305015522,228.90467282845125,318679900
2024-09-23,225.42088317871094,228.38707413181643,224.7639369712135,226.2868480598011,54146000
2024-09-24,226.31671142578125,228.28755007923567,224.6843092769655,227.59078065470555,43556100
2024-09-25,225.32135009765625,226.2370864319121,222.98224544035924,223.88801837861104,42308700
2024-09-26,226.4660186767578,227.44147457763864,224.36579263659118,226.24703661091274,36636700
2024-09-27,226.73475646972656,228.45675318264773,226.24703611440785,227.40166606122023,34026000
2024-09-30,231.92063903808594,231.92063903808594,228.58615167195362,228.97434440874213,54541900
2024-10-01,225.16209411621094,228.5861456381701,222.70353511874544,228.45675818805825,63285000
2024-10-02,225.72946166992188,226.31672490502262,221.98688498556473,224.84358511910924,32880600
2024-10-03,224.6245880126953,225.75930638603796,222.28548343692833,224.09704443839323,34044200
2024-10-04,225.74935913085938,226.9437971307691,223.09172964492672,226.8442543024003,37245100
2024-10-07,220.6630401611328,224.64451046166124,220.3047072265611,223.4600206171574,39505400
2024-10-08,224.72413635253906,224.93315503301397,222.2158058701156,223.26094483680066,31855700
2024-10-09,228.47666931152344,228.68570318762718,223.78849648056692,224.1866374402548,33591100
2024-10-10,227.97898864746094,228.43686442668115,226.11765609380726,226.72483093793394,28183500
2024-10-11,226.4958953857422,228.34727968813561,226.28686151162026,228.23778864704394,31759200
2024-10-14,230.228515625,230.65651637799863,227.54102629778745,227.64055393917852,39882100
2024-10-15,232.76669311523438,236.38983016358188,231.29353829774286,232.527799450427,64751400
2024-10-16,230.70628356933594,231.0447048824563,228.7752681420796,230.52712470524975,34082200
2024-10-17,231.07456970214844,232.76670668063704,229.4521309302649,232.348638945834,32993800
2024-10-18,233.91136169433594,235.0858880500012,232.92594240501305,235.0858880500012,46431500
2024-10-21,235.384521484375,235.75281781754072,233.36392650842956,233.36392650842956,36254500
2024-10-22,234.76739501953125,235.12572795126604,231.52250221800776,232.80651969699693,38846600
2024-10-23,229.69100952148438,234.05072423456664,226.7049068825192,232.99563706556216,52287000
2024-10-24,229.5019073486328,229.75074924052936,227.35190975750177,228.9146289407981,31109500
2024-10-25,230.33799743652344,232.1396101862481,228.50652487676712,228.6757355296476,38802300
2024-10-28,232.31878662109375,233.6426273223557,231.4727332926884,232.23917058038825,36087100
2024-10-29,232.58753967285156,233.24448591818899,231.24380255804743,232.02018805231754,35417200
2024-10-30,229.0340576171875,232.3884410824897,228.48660247896706,231.53242446311825,47070900
2024-10-31,224.8634796142578,228.76531846185907,224.32597264925337,228.27758291037028,64370100
2024-11-01,221.8773651123047,224.30606415529357,219.2495956140762,219.94634980146594,65276700
2024-11-04,220.98153686523438,221.75792231303782,218.69220372782075,219.96627293386246,44944500
2024-11-05,222.4148712158203,222.91255498009295,220.11557465497725,220.7725208689619,28111300
2024-11-06,221.68824768066406,225.02273483375984,220.16533664224426,221.57875664968802,54561100
2024-11-07,226.42620849609375,226.82436463330757,223.52970043689453,223.5894200604507,42137700
2024-11-08,226.15716552734375,227.8511489598711,225.60910803907555,226.366414165256,38328800
2024-11-11,223.4368133544922,224.90161465065876,220.7164746065314,224.20409384410638,42005600
2024-11-12,223.4368133544922,224.79200315214243,222.5698957238352,223.75568869738083,40398300
2024-11-13,224.32366943359375,225.8482560889112,221.97201694486657,223.21759527142092,48566200
2024-11-14,227.4127197265625,228.06041440281584,224.204108600429,224.2240421118748,44923900
2024-11-15,224.20408630371094,226.1172926822584,223.47667285882866,225.59912786989784,47923700
2024-11-18,227.21340942382812,228.92732633570628,224.3734848929754,224.45320372664565,44633700
2024-11-19,227.4724884033203,229.34584301691135,225.8582238051146,226.17708394083317,36211800
2024-11-20,228.18994140625,229.11664435033194,225.0909420304879,227.25326410482543,35169600
2024-11-21,227.71163940429688,229.34583747298603,224.9115819089953,228.07036655131708,42108300
2024-11-22,229.05685424804688,229.9038535446,227.2532593649619,227.2532593649619,38168300
2024-11-25,232.04624938964844,232.42491005721112,228.92733167542056,230.64124862727573,90152800
2024-11-26,234.22850036621094,234.73670603206307,232.50462429580293,232.50462429580293,45986200
2024-11-27,234.09896850585938,234.85628986853752,232.9829351774668,233.640604190904,33498400
2024-11-29,236.490478515625,236.96877632211965,233.14236346053607,233.97938842310504,28481400
2024-12-02,238.7424774169922,239.93822952974793,236.32108052902282,236.4306920263062,48137100
2024-12-03,241.79165649414062,241.90126799408412,238.05492154808562,238.96170621081686,38861000
2024-12-04,242.150390625,243.2465056559754,240.3966217802532,242.01088645785893,44383900
2024-12-05,242.18026733398438,243.6749612569442,241.27349790971317,243.12691898237586,40033900
2024-12-06,241.98097229003906,243.7646488451358,241.2236661935451,242.0507319698173,36870600
2024-12-09,245.8771514892578,246.36542364679892,240.89483838917155,240.97455722335047,44649200
2024-12-10,246.8935546875,247.33200068563022,244.47214254503118,246.0166626912396,36914800
2024-12-11,245.61807250976562,249.91282389632013,245.38887516358946,247.0828737526952,45205800
2024-12-12,247.0828857421875,247.8601253939288,244.81093690846672,246.01666340683192,32777500
2024-12-13,247.2522735595703,248.40815863747187,245.36895982515324,246.9433725816478,33155300
2024-12-16,250.15196228027344,250.49077111704125,246.7739547032778,247.11276354004562,51694800
2024-12-17,252.58334350585938,252.93211150871377,248.89643481128522,249.1953766416157,51356400
2024-12-18,247.1725616455078,253.38051965426092,246.86366065893745,251.26802371656945,56774100
2024-12-19,248.90640258789062,251.1085917693189,246.21595643132494,246.6245097734382,60882300
2024-12-20,253.5897979736328,254.09798847685343,244.82092317346877,247.16260139536695,147495300
2024-12-23,254.36703491210938,254.74568039470608,252.55346551957817,253.8688035675433,40858800
2024-12-24,257.28668212890625,257.2966260773909,254.386956808638,254.58626151312842,23234700
2024-12-26,258.1037292480469,259.1799258751944,256.7186620602343,257.27667867815336,27237100
2024-12-27,254.68588256835938,257.78489719249416,252.16483330495137,256.917949151404,42355300
2024-12-30,251.30787658691406,252.60328106925755,249.86300878941353,251.33776924994547,35557500
2024-12-31,249.5341796875,252.38406352835983,248.54767617168994,251.5470385357527,39480700
2025-01-02,242.9874267578125,248.21885574509324,240.96460876578237,248.0494437119358,55740700
2025-01-03,242.49916076660156,243.31625226562878,241.03435939639962,242.49916076660156,40244100
2025-01-06,244.1333465576172,246.45510633108967,242.33971076643533,243.4457849039297,45045600
2025-01-07,241.3532257080078,244.681407317594,240.496267218822,242.12049100282684,40856000
2025-01-08,241.84146118164062,242.84789810210984,239.20084146962273,241.06422159829904,37628900
2025-01-10,236.01217651367188,239.31046533751606,232.1757893628752,239.16098682233465,61710900
2025-01-13,233.5708465576172,233.8398957390806,228.90740850459227,232.7039288898965,49630700
2025-01-14,232.45480346679688,235.28475371553364,231.6476711610837,233.91960476413306,39435300
2025-01-15,237.02854919433594,238.11470496290485,233.60071548412043,233.80997931617492,39832000
2025-01-16,227.4525604248047,237.1680713225123,227.22337827123218,236.51041752509497,71759100
2025-01-17,229.16647338867188,231.4682996512766,227.67177943063626,231.2989028272768,68488300
2025-01-21,221.85243225097656,223.62613445935494,218.6039696546368,223.20762199269615,98070400
2025-01-22,223.03822326660156,223.32719072748344,219.0125058897086,219.0125058897086,64126500
2025-01-23,222.8688507080078,226.2269251350915,221.51366083038826,223.94503224654224,60234800
2025-01-24,221.991943359375,224.831867935065,220.6267944226493,223.9848686181573,54697900
2025-01-27,229.04689025878906,231.32878288695173,223.18768539696657,223.22755241503756,94863400
2025-01-28,237.4171905517578,239.3403714135585,229.99354669273774,230.03341371427896,75707600
2025-01-29,238.5133056640625,239.01153699982427,233.1822242894862,233.2918357915463,45486100
2025-01-30,236.74954223632812,239.93821947161274,236.37089679279623,237.825723654139,55658300
2025-01-31,235.16519165039062,246.31561143302469,232.61424963135997,246.31561143302469,100959800
2025-02-03,227.2034454345703,231.00994009075862,224.90161912474946,229.1764524471141,73063300
2025-02-04,231.97650146484375,232.3053359547129,225.84824721606736,226.44613087124998,45067300
2025-02-05,231.64767456054688,231.84696405052938,227.46253445166022,227.72160926815613,39620300
2025-02-06,232.39501953125,232.9729696905443,229.61488023403817,230.47183871784506,29925300
2025-02-07,226.8247833251953,233.1722451327125,226.4560818290891,231.77720359418535,39707200
2025-02-10,227.0941162109375,230.02693972945139,226.64521806905947,229.0094413336025,33115600
2025-02-11,232.052001953125,234.6556296697615,227.57297502290857,227.64279618723114,53718400
2025-02-12,236.29161071777344,236.38140252594314,230.11672290007743,230.63545743654387,45243300
2025-02-13,240.94024658203125,241.74826634141837,234.99480784534867,236.33153226758247,53614100
2025-02-14,244.00274658203125,244.9504238462646,240.40156080072015,240.66092045804314,40896200
2025-02-18,243.87306213378906,244.58131995427482,241.2494791133952,243.55383619329416,48822500
2025-02-19,244.27207946777344,245.40929524371262,242.56626341463,244.06260076305156,32204200
2025-02-20,245.229736328125,246.1774135823035,243.69348816231408,244.34191013103748,32316900
2025-02-21,244.95042419433594,248.08275639920348,244.6212281548445,245.34944139409683,53197400
2025-02-24,246.49664306640625,248.25234005966587,243.82317911276243,244.3319283268952,51326400
2025-02-25,246.43678283691406,249.38956194785018,244.3119941197594,247.3944454522674,48013300
2025-02-26,239.77308654785156,244.3818005030484,238.5460942392985,243.7333937698084,44433600
2025-02-27,236.72056579589844,241.86796980219768,236.48114634623442,238.82541422357912,41153600
2025-02-28,241.24948120117188,241.49887076126774,229.63790389196947,236.37142201455794,56833400
2025-03-03,237.4487762451172,243.43412542285543,235.53346633482454,241.19958958341564,47184000
2025-03-04,235.35391235351562,239.4838181516717,234.10696453181083,237.1295800554318,53798100
2025-03-05,235.1643829345703,235.97240266650644,228.67026910680244,234.84515699420854,47227600
2025-03-06,234.75538635253906,237.27920752401755,232.59068676229822,233.86756011302523,45170400
2025-03-07,238.4862518310547,240.78062356819368,234.1867631010968,234.53591456798168,46273600
2025-03-10,226.92454528808594,235.583358769024,223.6725108894593,234.96486230654432,72071200
2025-03-11,220.30076599121094,225.2885573705892,216.91904404485373,223.26351528828414,76137400
2025-03-12,216.45018005371094,221.20853706339403,214.38524243690583,219.60246770742089,62547500
2025-03-13,209.1680145263672,216.31053552178076,207.9110965632093,215.4227092543014,61368300
2025-03-14,212.96871948242188,213.42758776028128,209.06826301296118,210.7341834889886,60107600
2025-03-17,213.4774627685547,214.69448503570536,209.4573042902151,212.78914514941675,48073400
2025-03-18,212.170654296875,214.62463892519543,210.97358751075308,213.63706605687162,42432400
2025-03-19,214.7144317626953,218.22582565599035,213.22806456968678,213.6969181399133,54385400
2025-03-20,213.5772247314453,216.9589465476154,211.70181037410745,213.46749271646212,48862900
2025-03-21,217.73703002929688,218.30563028145062,210.764092813104,211.04340788811464,94127800
2025-03-24,220.19102478027344,220.93919345594836,218.04628066528426,220.460369765545,44299500
2025-03-25,223.2036590576172,223.55281053469957,219.54262209652958,220.23093972638688,34493600
2025-03-26,220.9890594482422,224.47054292972726,219.93165022699972,222.96422035625233,34466100
2025-03-27,223.30340576171875,224.4406214835582,220.0214308095873,220.84940592957574,37094800
2025-03-28,217.36793518066406,223.26350805320467,217.1484711493609,221.12873402087155,39818600
2025-03-31,221.58761596679688,225.06908447075043,215.7020132379398,216.48010744476517,65299300
2025-04-01,222.64501953125,223.13381331282267,218.36548628233527,219.27326790744206,36412700
2025-04-02,223.3433074951172,224.6401362151353,220.4803202973195,220.77959080525144,35905900
2025-04-03,202.69386291503906,206.9833664271943,200.75859747782033,205.03811566571247,103419000
2025-04-04,187.92002868652344,199.39194860307396,186.88255957870848,193.4165691841804,125910900
2025-04-07,181.0169219970703,193.6759230716255,174.19361217758157,176.76731422169505,160466300
2025-04-08,171.99899291992188,189.87523506652792,168.79683943762106,186.244123618335,120859500
2025-04-09,198.3644561767578,200.1201531468693,171.47028013366514,171.53013119082922,184395900
2025-04-10,189.95504760742188,194.30440235729913,182.55316692796467,188.6083530498886,121880000
2025-04-11,197.66615295410156,199.05275825525484,185.60567786476867,185.64558871717136,87435900
2025-04-14,202.02549743652344,212.42005238891582,200.66881763194172,210.9237150406947,101352900
2025-04-15,201.64642333984375,203.01307326666696,199.31214069618733,201.36710824854455,51343900
2025-04-16,193.79563903808594,200.2099310657198,191.9002692932641,197.8756484915953,59732400
2025-04-17,196.4990234375,198.34451232255947,193.9452767059697,196.71848747425943,52164700
2025-04-21,192.68833923339844,193.32677585155812,189.3465132845993,192.79807124065385,46742500
2025-04-22,199.25228881835938,201.097762433896,195.49148998245192,195.64111763020085,52976400
2025-04-23,204.10043334960938,207.4921254657249,202.30482537338813,205.49700887470834,52929200
2025-04-24,207.8612060546875,208.32008954356945,202.44447210591895,204.38970763388747,47311000
2025-04-25,208.76898193359375,209.2378355121778,205.69650080604464,205.86608387594285,38222300
2025-04-28,209.62689208984375,210.98357193193158,206.95344326011445,209.48723454234343,38743100
2025-04-29,210.69427490234375,211.72175863443914,207.86119803545407,208.18042396697467,36827600
2025-04-30,211.9811248779297,213.0584895980106,206.16535854293033,208.78894157113288,52286500
2025-05-01,212.79913330078125,214.0360957896086,208.3899124386699,208.56948083895412,57365700
2025-05-02,204.8485870361328,206.48458191182934,201.66637387157866,205.58677037884885,101010600
2025-05-05,198.40435791015625,203.60164304236298,197.72602561272546,202.6040848015313,69018500
2025-05-06,198.0252685546875,200.16004244803628,196.53891661034845,197.72601327833053,51216500
2025-05-07,195.7707977294922,198.95301083885846,192.77812311451905,198.6836658614824,68536700
2025-05-08,197.00778198242188,199.56152863729463,194.20463054641704,197.2372161152265,50478900
2025-05-09,198.0452423095703,200.0503289543839,197.05765414160055,198.51409591462888,36453900
2025-05-12,210.55104064941406,211.03050749278242,206.5156271207593,210.7308445260501,63775800
2025-05-13,212.68861389160156,213.1580823159532,208.76307628033234,210.19144790738707,51909300
2025-05-14,212.08929443359375,213.69746987061376,210.34127831689767,212.18917192393894,49325800
2025-05-15,211.21029663085938,212.71859464512332,209.30245815432872,210.71086343228015,45029500
2025-05-16,211.0205078125,212.32903558469047,209.53220664773164,212.11926693678467,54737900
2025-05-19,208.54331970214844,209.24252311349682,204.02843943795537,207.67431083672193,46140500
2025-05-20,206.62550354003906,208.2336790492342,204.79757620413463,207.4345828831543,42496600
2025-05-21,201.86090087890625,206.80528635778637,200.4824756537251,204.93741112479617,59211800
2025-05-22,201.13172912597656,202.52015274475195,199.4736073247078,200.48247209416806,46742400
2025-05-23,195.04864501953125,197.4758830409797,193.24069928507132,193.45045269257122,78432900
2025-05-27,199.98304748535156,200.51244545494848,197.20618488735448,198.07520901450675,56288500
2025-05-28,200.1927947998047,202.50017366149785,199.67338002302156,200.36260025266836,45339700
2025-05-29,199.72332763671875,203.57895243464628,198.28495762525483,203.3492174371598,51396800
2025-05-30,200.622314453125,201.73105672211125,196.55692105301176,199.14398126681596,70819900
2025-06-02,201.47134399414062,201.9008644592711,199.89313329888972,200.05295557621693,35423300
2025-06-03,203.03956604003906,203.5389992121068,200.7321872237246,201.1217444882778,46381600
2025-06-04,202.590087890625,206.00620910456834,201.8709028727957,202.67998220748078,43604000
2025-06-05,200.40257263183594,204.5178973620389,199.92310578136215,203.26931435006063,55126100
2025-06-06,203.68882751464844,205.4668084267123,201.82095228760733,202.76987228695742,46607700
2025-06-09,201.2216339111328,205.76647909477697,199.79326227022588,204.15830357568726,72862600
2025-06-10,202.44024658203125,204.11835001917973,200.34263633745982,200.3726011094186,54672600
2025-06-11,198.55465698242188,204.26817387189894,198.18508130061548,203.26930749599725,60989900
2025-06-12,198.97418212890625,199.45363372918547,197.13627162659284,198.85432303920933,43904600
2025-06-13,196.227294921875,200.1428492549886,195.47814514596445,199.50357538920457,51447300
2025-06-16,198.195068359375,198.46476655376847,196.33717625414866,197.07634287373045,43020700
2025-06-17,195.418212890625,198.16509536417735,194.98870767431248,196.97644196425614,38856200
2025-06-18,196.35714721679688,197.3460303816964,194.84886452825484,195.71787336797544,45394700
2025-06-20,200.7721405029297,201.47134391409438,196.6368343380514,198.01527480684123,96813500
2025-06-23,201.27157592773438,202.07067208145295,198.73446202428119,201.40143343464243,55814300
2025-06-24,200.07293701171875,203.2093768046809,199.9730442780961,202.36033429336192,54064000
2025-06-25,201.33151245117188,203.43912119943792,200.39257558111612,201.2216365357081,39525700
2025-06-26,200.7721405029297,202.41028074115465,199.23389299836737,201.20164572639828,50799100
2025-06-27,200.85205078125,202.98962419564972,199.77327327657756,201.66113009938155,73188600
2025-06-30,204.93740844726562,207.15489297707504,199.0341046248948,201.78098710410558,91912800
2025-07-01,207.58441162109375,209.95171998702364,205.90630823197938,206.4357061767528,78788900
2025-07-02,212.1991729736328,213.09814660534315,207.9040445567577,208.6731759252599,67941800
2025-07-03,213.30792236328125,214.40666625629999,211.56988934364432,211.90950026104147,34955800
2025-07-07,209.7119903564453,215.9848699115094,208.56330013289198,212.43889126622693,50229000
2025-07-08,209.7719268798828,211.1903153368944,208.213697736729,209.86183643928914,42848900
2025-07-09,210.90065002441406,211.09043707809712,206.98509558510867,209.2924745188519,48749400
2025-07-10,212.16920471191406,213.23798377907798,209.7918979255535,210.27134950514616,44443600
2025-07-11,210.92062377929688,211.88952536572023,209.6220944658076,210.33129628612954,39765800
2025-07-14,208.3834991455078,210.67091168904602,207.3047216270235,209.69201166358403,38840100
2025-07-15,208.87295532226562,211.64980271899068,208.6831682659836,208.9828312368767,42296300
2025-07-16,209.92176818847656,212.1592191902425,208.40348697906978,210.06160887608695,47490500
2025-07-17,209.78192138671875,211.5599023237274,209.35240091776063,210.33130094399476,48068100
2025-07-18,210.9405975341797,211.54990664350106,209.46227954032304,210.63095139102305,48974600
2025-07-21,212.23912048339844,215.53538252867688,211.39009321998003,211.8595616297783,51377400
2025-07-22,214.15695190429688,214.7063314773177,211.9894136266437,212.89838571641525,46404100
2025-07-23,213.9072265625,214.90609293027538,212.1692088371252,214.75626907170553,46989300
2025-07-24,213.51766967773438,215.44548969662856,213.28793468034502,213.65751035981805,46022600
2025-07-25,213.63754272460938,214.9960015887686,213.15807589620647,214.45660521718813,40268800
2025-07-28,213.80735778808594,214.60645396318566,212.81847455673218,213.78737619229818,37858000
2025-07-29,211.03050231933594,214.5664825639156,210.58101550100253,213.93719187335407,51411700
2025-07-30,208.81301879882812,212.14922883427738,207.48452469073794,211.65977882345743,45512500
2025-07-31,207.33470153808594,209.60211724381097,206.92516266487007,208.25365677749065,80698400
2025-08-01,202.1505889892578,213.33788973606855,201.27158167093614,210.63095505795985,104434500
2025-08-04,203.11949157714844,207.64435521756303,201.4513712516652,204.27816503495924,75109300
2025-08-05,202.68995666503906,205.1072113881769,201.93082373064988,203.1694082424696,44155100
2025-08-06,213.0082550048828,215.1358452662651,205.35693489516686,205.39689808550258,108483100
2025-08-07,219.7805633544922,220.59964108330854,216.33447747046458,218.63187314031333,90224800
2025-08-08,229.0900115966797,230.73813503605493,219.00145500716468,220.57966572513484,113854000
2025-08-11,227.17999267578125,229.55999755859375,224.75999450683594,227.9199981689453,61806100
2025-08-12,229.64999389648438,230.8000030517578,227.07000732421875,228.00999450683594,55626200
2025-08-13,233.3300018310547,235.0,230.42999267578125,231.07000732421875,69878500
2025-08-14,232.77999877929688,235.1199951171875,230.85000610351562,234.05999755859375,51916300
2025-08-15,231.58999633789062,234.27999877929688,229.33999633789062,234.0,56038700
2025-08-18,230.88999938964844,233.1199951171875,230.11000061035156,231.6999969482422,37476200
2025-08-19,230.55999755859375,232.8699951171875,229.35000610351562,231.27999877929688,39402600
2025-08-20,226.00999450683594,230.47000122070312,225.77000427246094,229.97999572753906,42263900
2025-08-21,224.89999389648438,226.52000427246094,223.77999877929688,226.27000427246094,30621200
2025-08-22,227.75999450683594,229.08999633789062,225.41000366210938,226.1699981689453,42477800
2025-08-25,227.16000366210938,229.3000030517578,226.22999572753906,226.47999572753906,30983100
2025-08-26,229.30999755859375,229.49000549316406,224.69000244140625,226.8699951171875,54575100
2025-08-27,230.49000549316406,230.89999389648438,228.25999450683594,228.61000061035156,31259500
2025-08-28,232.55999755859375,233.41000366210938,229.33999633789062,230.82000732421875,38074700
2025-08-29,232.13999938964844,233.3800048828125,231.3699951171875,232.50999450683594,39418400
2025-09-02,229.72000122070312,230.85000610351562,226.97000122070312,229.25,44075600
2025-09-03,238.47000122070312,238.85000610351562,234.36000061035156,237.2100067138672,66427800
2025-09-04,239.77999877929688,239.89999389648438,236.74000549316406,238.4499969482422,47549400
2025-09-05,239.69000244140625,241.32000732421875,238.49000549316406,240.0,54870400
2025-09-08,237.8800048828125,240.14999389648438,236.33999633789062,239.3000030517578,48999500
2025-09-09,234.35000610351562,238.77999877929688,233.36000061035156,237.0,66313900
2025-09-10,226.7899932861328,232.4199981689453,225.9499969482422,232.19000244140625,83440800
2025-09-11,230.02999877929688,230.4499969482422,226.64999389648438,226.8800048828125,50208600
2025-09-12,234.07000732421875,234.50999450683594,229.02000427246094,229.22000122070312,55824200
2025-09-15,236.6999969482422,238.19000244140625,235.02999877929688,237.0,42699500
2025-09-16,238.14999389648438,241.22000122070312,236.32000732421875,237.17999267578125,63421100
2025-09-17,238.99000549316406,240.10000610351562,237.72999572753906,238.97000122070312,46508000
2025-09-18,237.8800048828125,241.1999969482422,236.64999389648438,239.97000122070312,44249600
2025-09-19,245.5,246.3000030517578,240.2100067138672,241.22999572753906,163741300
2025-09-22,256.0799865722656,256.6400146484375,248.1199951171875,248.3000030517578,105517400
2025-09-23,254.42999267578125,257.3399963378906,253.5800018310547,255.8800048828125,60275200
2025-09-24,252.30999755859375,255.74000549316406,251.0399932861328,255.22000122070312,42303700
2025-09-25,256.8699951171875,257.1700134277344,251.7100067138672,253.2100067138672,55202100
2025-09-26,255.4600067138672,257.6000061035156,253.77999877929688,254.10000610351562,46076300
2025-09-29,254.42999267578125,255.0,253.00999450683594,254.55999755859375,40127700
2025-09-30,254.6300048828125,255.9199981689453,253.11000061035156,254.86000061035156,37704300
2025-10-01,255.4499969482422,258.7900085449219,254.92999267578125,255.0399932861328,48713900
2025-10-02,257.1300048828125,258.17999267578125,254.14999389648438,256.5799865722656,42630200
2025-10-03,258.0199890136719,259.239990234375,253.9499969482422,254.6699981689453,49155600
2025-10-06,256.69000244140625,259.07000732421875,255.0500030517578,257.989990234375,44664100
2025-10-07,256.4800109863281,257.3999938964844,255.42999267578125,256.80999755859375,31955800
2025-10-08,258.05999755859375,258.5199890136719,256.1099853515625,256.5199890136719,36496900
2025-10-09,254.0399932861328,258.0,253.13999938964844,257.80999755859375,38322000
2025-10-10,245.27000427246094,256.3800048828125,244.0,254.94000244140625,61782400
