Date,Close,High,Low,Open,Volume
,BAC,BAC,BAC,BAC,BAC
2010-01-04,12.232427597045898,12.279205851244916,11.788037527973303,11.881593292856211,180845200
2010-01-05,12.63003921508789,12.637834226637414,12.240222464774225,12.271407715577515,209521300
2010-01-06,12.77817153930664,12.895117561284467,12.497504952839,12.637837502557598,205257900
2010-01-07,13.199172973632812,13.401877517775455,12.871727400330135,13.004264929691466,320868400
2010-01-08,13.082226753234863,13.33170877929867,12.965280752366054,13.238152276009657,220104700
2010-01-11,13.199172973632812,13.362895016768967,13.035449443466291,13.245950487810232,168991600
2010-01-12,12.754782676696777,13.058838744754791,12.60665214919375,13.03544924450789,223486800
2010-01-13,12.95748519897461,13.082226206796136,12.591057187347525,12.809354694550253,192609900
2010-01-14,13.113412857055664,13.19137637143546,12.949690815185411,12.96528232843709,142634200
2010-01-15,12.6768159866333,12.980871978507817,12.653426492246812,12.973075480378988,195117100
2010-01-19,12.723597526550293,12.840542061538278,12.349374419776565,12.520892971956913,181616500
2010-01-20,12.85612964630127,12.965277634700625,12.614444177547066,12.645628679791246,288741100
2010-01-21,12.060905456542969,12.988667071577856,11.85040449092557,12.832740099928715,551285500
2010-01-22,11.616514205932617,12.099886604659922,11.468384482365446,11.897182146292325,369620800
2010-01-25,11.678888320922852,11.904982340209024,11.515166296223374,11.819222334682518,262351600
2010-01-26,11.515164375305176,11.82701686106555,11.476182628706384,11.647701124117104,212380600
2010-01-27,11.842609405517578,11.920572900636968,11.444997662250676,11.468386413380495,258716200
2010-01-28,11.982949256896973,12.154468583893642,11.702281875596803,12.006338019459813,232729500
2010-01-29,11.834813117980957,12.123276847311256,11.764646124235622,12.076498603642714,175135300
2010-02-01,12.021928787231445,12.0375210448678,11.795835475140176,11.897187752079741,159503300
2010-02-02,12.162261009216309,12.224631517487973,11.936167730852748,12.045315748570609,171404800
2010-02-03,12.107685089111328,12.318186091862666,12.099889333965566,12.138870340239485,130861600
2010-02-04,11.49957275390625,12.029722786587426,11.483979755996774,11.967352281979649,252558700
2010-02-05,11.69448471069336,11.74126297668287,11.156538741148202,11.569743659408413,297683300
2010-02-08,11.289076805114746,11.663300744074315,11.265688041278334,11.647707739173109,208207300
2010-02-09,11.281281471252441,11.522967108204545,11.109762128453404,11.437207808562738,251522100
2010-02-10,11.437204360961914,11.624315909331855,11.273481570259415,11.312463328715285,175741800
2010-02-11,11.406014442443848,11.538551920930354,11.335847454596298,11.437199687763325,141086300
2010-02-12,11.265684127807617,11.335851138457649,11.13314660624981,11.28127712729213,162819300
2010-02-16,11.819219589233398,11.936164821373316,11.398218389262537,11.429403635796863,205493300
2010-02-17,12.209037780761719,12.380557039899914,11.889388759309895,11.967352261695002,261541900
2010-02-18,12.380555152893066,12.474110895386673,12.08429492990584,12.099887925412249,242140300
2010-02-19,12.380555152893066,12.50529688639949,12.248017665148387,12.263609917139847,216078200
2010-02-22,12.637834548950195,12.785965051679982,12.442927284095028,12.442927284095028,173773200
2010-02-23,12.427331924438477,12.770369626821243,12.310387439050352,12.567666645231057,210478400
2010-02-24,12.731393814086914,12.754783315505252,12.442929988230956,12.458522245661305,191571600
2010-02-25,12.902909278869629,12.918502276087578,12.435130515056654,12.513093270601301,287325100
2010-02-26,12.988670349121094,13.12900436161105,12.793762328891749,12.918503342876114,343669400
2010-03-01,13.027650833129883,13.144596830176821,12.918502822051538,13.051040329945295,170931100
2010-03-02,12.832744598388672,13.097819650895174,12.778170585289743,13.01985762477118,183048600
2010-03-03,12.770337104797363,12.965363623583348,12.739132147583163,12.848346521964354,154950200
2010-03-04,12.793744087219238,12.87175502129892,12.505105565439663,12.832750298226484,157746500
2010-03-05,13.027769088745117,13.066773788462482,12.832742614290453,12.887349789068333,172469000
2010-03-08,13.05897045135498,13.191588492179626,13.019965757908658,13.06677168763098,127705100
2010-03-09,13.105781555175781,13.254002127069185,12.90295528365967,12.97316346199416,167779500
2010-03-10,13.347615242004395,13.534840518964133,13.254001859557407,13.269604337954277,222932200
2010-03-11,13.355416297912598,13.4802331475061,13.308608863364373,13.402222244526607,145079600
2010-03-12,13.144784927368164,13.495831695343798,13.012166862683873,13.464628232559583,171456700
2010-03-15,13.144784927368164,13.19159086551146,12.941957211501958,13.058972800827169,120308200
2010-03-16,13.285202026367188,13.316405483976276,13.183787441286826,13.238394608053005,107411800
2010-03-17,13.472433090209961,13.49583532160269,13.2852077993964,13.39442218038739,134463900
2010-03-18,13.324209213256836,13.5114344577414,13.246198322738108,13.488032232139565,123986800
2010-03-19,13.121384620666504,13.441228008889889,13.05897619096278,13.121384620666504,178218800
2010-03-22,13.230602264404297,13.238403506033475,12.949765005427448,12.965367488685802,113667800
2010-03-23,13.3632173538208,13.433427024564018,13.214998260415662,13.32421264248984,131261400
2010-03-24,13.706463813781738,13.831280669607336,13.33981448578583,13.3554169647476,270410600
2010-03-25,13.839077949523926,14.314943006165938,13.807874488462442,13.917088834078433,315304700
2010-03-26,13.963897705078125,14.221332636671342,13.846882097614696,14.026306128254234,220970700
2010-03-29,14.073111534118652,14.197928362488906,13.862482578268615,14.174524649194248,152539700
2010-03-30,13.854681968688965,14.135520589222521,13.784472313555577,14.08871316051091,144373000
2010-03-31,13.924895286560059,14.026308432909055,13.78447593935805,13.800078419699256,114280900
2010-04-01,14.073111534118652,14.119917472774008,13.956094455579324,14.057509058588881,95607200
2010-04-05,14.143321990966797,14.236935371387517,14.057511337509856,14.166725708055527,107989300
2010-04-06,14.42416000366211,14.463166197077578,14.119919134692134,14.16672507885656,160316600
2010-04-07,14.5255708694458,14.712796085713363,14.455361227353746,14.494365922767663,233522300
2010-04-08,14.548977851867676,14.69719842121829,14.283741670054678,14.50217190446957,164305500
2010-04-09,14.502169609069824,14.704997332937081,14.431959955118312,14.681593618975244,135480600
2010-04-12,14.556784629821777,14.68160152899798,14.509978664614401,14.572387114202504,128319000
2010-04-13,14.564579963684082,14.603584670878282,14.424160637090239,14.517774017464202,113687800
2010-04-14,15.134054183959961,15.149656659086316,14.759603708530989,14.806409645976128,246624700
2010-04-15,15.196470260620117,15.492911485790398,15.10285833851821,15.313485907214838,240100000
2010-04-16,14.361748695373535,15.196461723540777,14.08091011096817,15.188660486425757,589061800
2010-04-19,14.346155166625977,14.548982994287389,13.94050099923792,14.119925100960979,358828000
2010-04-20,14.517772674560547,14.68939545344769,14.385154599259645,14.65819198816551,200544700
2010-04-21,14.260331153869629,14.75179703580228,14.127713140025362,14.564571867069205,201891300
2010-04-22,14.463166236877441,14.509972181170667,14.002903568847309,14.065311990549658,219472400
2010-04-23,14.377359390258789,14.45537031808007,14.260343742494214,14.353955665531998,145428400
2010-04-26,14.080910682678223,14.38515299078143,14.065309695748594,14.361749278486137,160873000
2010-04-27,13.628448486328125,14.182324406339271,13.581642552559261,13.971695472478675,259438600
2010-04-28,13.870285987854004,14.010703825806806,13.659656999023511,13.768871368964865,195287800
2010-04-29,14.275941848754883,14.35395276078946,14.03410936058865,14.073115560573132,177296300
2010-04-30,13.909297943115234,14.27594743893578,13.737675059782525,14.26034644076733,231536200
2010-05-03,14.088709831237793,14.158919469780091,13.870281167269466,13.948290554153196,150747100
2010-05-04,13.698663711547852,13.971701164308955,13.636255278453978,13.86248677837828,183242300
2010-05-05,13.675260543823242,13.917093019530885,13.175991625283654,13.417825588925608,195023300
2010-05-06,12.700125694274902,13.737666572163116,12.09164250359883,13.636251963083412,465091500
2010-05-07,12.622116088867188,13.097981254065873,12.442691311047342,12.856147307985182,388118300
2010-05-10,13.495833396911621,13.56604305694564,13.269603427417445,13.44122621420386,268476800
2010-05-11,13.38662052154541,13.644055474346889,13.238399946315985,13.32421209322791,188202400
2010-05-12,13.316408157348633,13.519235880294895,13.253999741667782,13.472429940517756,179359300
2010-05-13,13.16038703918457,13.402219448834153,13.144784564256494,13.285203862741382,135257500
2010-05-14,12.746929168701172,13.043368724467674,12.575306424618855,13.035567487745693,212906900
2010-05-17,12.754731178283691,12.832742062296743,12.364678246152287,12.7859346391286,181966800
2010-05-18,12.442691802978516,13.066776814556741,12.224262309314632,13.035571857209055,216050700
2010-05-19,12.723533630371094,12.840549280487947,12.32567997359338,12.32567997359338,260711100
2010-05-20,11.93562126159668,12.520699983943553,11.92001878539081,12.450491072918178,301263900
2010-05-21,12.473897933959961,12.48169917449616,11.662587517376402,11.6703887579126,266468500
2010-05-24,12.013633728027344,12.544106117877202,12.00583323238679,12.466095209734403,170656700
2010-05-25,12.083841323852539,12.122846771233435,11.545568530690659,11.631379919755009,263919800
2010-05-26,12.068238258361816,12.559705055558481,11.998028609624157,12.411484520675213,225933000
2010-05-27,12.622116088867188,12.637718566924175,12.16185340172549,12.333476940516839,163490700
2010-05-28,12.2788667678833,12.622113782753312,12.255463799040744,12.614312545150138,160778500
2010-06-01,12.044839859008789,12.466097193280627,12.013635639580034,12.154054998993072,126185400
2010-06-02,12.40392017364502,12.427338316185317,11.982389885673001,12.161930219230838,127114500
2010-06-03,12.341469764709473,12.544428215604805,12.247795717281797,12.458561207320212,124229100
2010-06-04,11.98238754272461,12.279019275432068,11.904326090254742,12.099478976980228,148415800
2010-06-07,11.576473236083984,12.021421735453874,11.529636943755282,11.990197292418259,158959100
2010-06-08,11.966776847839355,11.982389438583233,11.545246575595575,11.615501745044423,167648900
2010-06-09,11.716980934143066,12.09167416525699,11.66233761293533,12.044837883592386,150844900
2010-06-10,12.068255424499512,12.083867269461875,11.795041065390416,11.919939547335503,124056500
2010-06-11,12.177541732788086,12.255602449163455,11.951164389735773,11.96677623523114,115114300
2010-06-14,12.029224395751953,12.325856887139608,12.013612551178507,12.255601725436055,120504600
2010-06-15,12.333666801452637,12.364891244212792,11.951167191528365,12.1463201448917,129815000
2010-06-16,12.388306617736816,12.466368079392208,12.21657184876452,12.255602579592216,110926700
2010-06-17,12.34927749633789,12.544430431460547,12.169737153360744,12.45856340800835,127136400
2010-06-18,12.34927749633789,12.419532672093947,12.28682861665459,12.39611452832505,105721700
2010-06-21,12.325858116149902,12.567848058985465,12.294633679440405,12.51320548085617,109114600
2010-06-22,12.1619291305542,12.419530908786214,12.146317285074607,12.318051307596441,108235700
2010-06-23,12.044840812683105,12.263411917318825,11.935554888140517,12.177544883752871,132920800
2010-06-24,11.724787712097168,11.951165067997014,11.693562530435791,11.919940630784943,167776300
2010-06-25,12.037032127380371,12.193154314000553,11.795042179782106,11.912134378084225,175269500
2010-06-28,11.89651870727539,12.138508592224234,11.873100571457476,12.099477869561632,110641800
2010-06-29,11.373512268066406,11.748206272408561,11.279838953093199,11.716981834084159,201991800
2010-06-30,11.21739387512207,11.55305725911602,11.162751275662435,11.412546866848864,138978000
2010-07-01,10.944173812866211,11.201775553618774,10.538255467165715,11.178356672132793,256787300
2010-07-02,10.803665161132812,11.00662436515652,10.678767418487228,11.00662436515652,140988600
2010-07-06,10.975395202636719,11.170548027584783,10.795854216571046,11.030037755398514,120153500
2010-07-07,11.482794761657715,11.498406603955297,11.006622032620193,11.022233874917777,150021000
2010-07-08,11.599889755249023,11.662338632561184,11.396931276209177,11.615502346801733,132297400
2010-07-09,11.795044898986816,11.810657493472783,11.514024898284731,11.59989193460911,86584400
2010-07-12,11.873106002807617,11.904330446331493,11.685759341664369,11.763820078249328,92146300
2010-07-13,12.232184410095215,12.271215140831076,12.021418910791116,12.083867782188788,130720700
2010-07-14,12.232184410095215,12.271215140831076,12.037031500865169,12.177541833734567,115645600
2010-07-15,12.013614654541016,12.247797575288343,11.756012846159475,12.22437943210348,177237600
2010-07-16,10.912951469421387,11.451573972183006,10.897339622162004,11.420349533214893,438430600
2010-07-19,10.624127388000488,10.94417888321029,10.382138122793698,10.905148140433534,314752200
2010-07-20,10.749022483825684,10.811471354561624,10.38213480991509,10.428971090742413,180152700
2010-07-21,10.428970336914062,10.90514387241834,10.405552198193114,10.897337578028287,203245200
2010-07-22,10.663156509399414,10.842697601092715,10.569483187648322,10.577289483906592,185760900
2010-07-23,10.725601196289062,10.77243821107355,10.514836490881606,10.67876492595367,133979700
2010-07-26,11.04565715789795,11.09249419551512,10.702188278353365,10.811474203160461,159255000
2010-07-27,11.07687759399414,11.435958937649051,11.06907204425646,11.334480091016506,176895900
2010-07-28,10.920755386352539,11.11590827350444,10.897337248340083,11.02223497700543,110133600
2010-07-29,10.951979637145996,11.092489951792148,10.850500048173682,11.045652932093706,124734700
2010-07-30,10.959785461425781,11.11590761298045,10.81146960356113,10.834887740182046,130077700
2010-08-02,11.272027969360352,11.295446846700735,11.10809955022278,11.22519170357763,130216100
2010-08-03,11.193968772888184,11.287642061410159,11.154938049891747,11.209580615417286,96776700
2010-08-04,11.07687759399414,11.233000499934771,11.022235023584434,11.209581617374164,131865800
2010-08-05,10.944173812866211,11.030040811634013,10.897336794343403,10.998816380768526,110927900
2010-08-06,10.897339820861816,10.95978869993672,10.733411327177853,10.85830908532766,135088300
2010-08-09,10.858306884765625,10.983204617603457,10.733409151927793,10.975399067638,121443000
2010-08-10,10.639734268188477,10.788050117738898,10.624121681683643,10.749020140375013,131286100
2010-08-11,10.296270370483398,10.553872975797985,10.272852222527346,10.53826038086095,182937400
2010-08-12,10.19478988647461,10.42116726650413,10.16356544593431,10.186983590227188,146852800
2010-08-13,10.32749080657959,10.413358556498792,10.233817506671635,10.233817506671635,107923800
2010-08-16,10.296270370483398,10.374331856269576,10.218209629146722,10.249434074571292,99799300
2010-08-17,10.311878204345703,10.499224790393747,10.265041185609114,10.468000359385739,132047600
2010-08-18,10.397748947143555,10.538259309493958,10.335300062643249,10.343106359318144,137585300
2010-08-19,10.163565635681152,10.436779309397144,10.155759339287993,10.366524130757506,153344800
2010-08-20,10.04647445678711,10.140147789794629,9.952801123779592,10.1323414925983,164506800
2010-08-23,10.04647445678711,10.226015570055292,10.038668159590781,10.202596678466307,114682800
2010-08-24,9.86693000793457,10.015245871087952,9.827899282541837,9.952797008239248,156884400
2010-08-25,9.88254165649414,9.929378674931417,9.69519507164334,9.80448095169755,159923400
2010-08-26,9.734225273132324,10.069887700171982,9.734225273132324,9.94498998365033,137778600
2010-08-27,9.86693000793457,9.929378870783275,9.687388968907667,9.812286694605078,158558400
2010-08-30,9.617136001586914,9.835707815767952,9.57810601175754,9.788870785743633,126732000
2010-08-31,9.726418495178223,9.77325550876503,9.507847502154295,9.624938919447702,172987600
2010-09-01,10.320164680480957,10.320164680480957,9.84360927595659,9.874858798465608,204575600
2010-09-02,10.374849319458008,10.499847387335642,10.273288203045615,10.273288203045615,154881900
2010-09-03,10.546720504760742,10.695155502562557,10.413909890652576,10.546720504760742,141624900
2010-09-07,10.320164680480957,10.484224859915146,10.312352113591857,10.452975337406128,127499100
2010-09-08,10.445158958435059,10.538907491747496,10.33578529704699,10.359222989160434,102657200
2010-09-09,10.546720504760742,10.83577868104112,10.531095376019948,10.609219529629627,168549000
2010-09-10,10.585783004760742,10.671718981129194,10.554533491077017,10.624845083127195,85884600
2010-09-13,10.898280143737793,10.984216880940991,10.835781104888548,10.890467577619809,164136200
2010-09-14,10.687345504760742,10.913904694786353,10.656095987000219,10.906092129084405,140042500
2010-09-15,10.71078109741211,10.77328012500081,10.554533528440361,10.640469505113028,134665300
2010-09-16,10.585783004760742,10.671718981129194,10.554533491077017,10.640469467445469,120788100
2010-09-17,10.468598365783691,10.702970126669326,10.421724460634938,10.695157560795439,132686500
2010-09-20,10.734216690063477,10.788903891078407,10.445158537730867,10.515470121145004,130367700
2010-09-21,10.663907051086426,10.937340870877245,10.656095230985972,10.898278790186097,168349300
2010-09-22,10.484223365783691,10.757657207555432,10.476410800007978,10.64828352183728,141117900
2010-09-23,10.288911819458008,10.492034022381858,10.249849742734629,10.398285485274037,153255800
2010-09-24,10.624845504760742,10.624845504760742,10.390473770308466,10.445160235163355,142535200
2010-09-27,10.343597412109375,10.648280690935016,10.335784848410674,10.632655563537611,123657600
2010-09-28,10.367035865783691,10.40609719705631,10.273286584597423,10.398285377830067,124743600
2010-09-29,10.242037773132324,10.382660959483571,10.195163874380034,10.34359888049187,156717200
2010-09-30,10.234228134155273,10.46078734652739,10.19516604683994,10.320164130211129,148937800
2010-10-01,10.390472412109375,10.48422094462643,10.202975347075268,10.327973390431339,168814600
2010-10-04,10.27328872680664,10.507660488549762,10.257664340048988,10.367038027541723,133664600
2010-10-05,10.593595504760742,10.656094531746584,10.320161702912301,10.406097678756042,191282100
2010-10-06,10.460784912109375,10.671718942448171,10.406097704575695,10.648281993532121,150771000
2010-10-07,10.398284912109375,10.546719901419742,10.335785145768737,10.523282954696443,112300500
2010-10-08,10.296727180480957,10.538910780859936,10.234228138767199,10.421725263908474,173162700
2010-10-11,10.27328872680664,10.351412895736779,10.242039208244044,10.31235081127171,101283500
2010-10-12,10.562346458435059,10.570158278368423,10.226413614742635,10.234226179723205,136898300
2010-10-13,10.382661819458008,10.656095650000681,10.351412302685752,10.624846133228425,175054300
2010-10-14,9.84360408782959,10.17953609148483,9.70298093813154,10.156099148217486,511175200
2010-10-15,9.359236717224121,9.906104254196068,9.171739659143666,9.89047912683249,600410400
2010-10-18,9.640485763549805,9.663922716146471,9.242053844170016,9.343614965485292,416485100
2010-10-19,9.21861743927002,9.726422330968829,9.148305832255375,9.640486336310559,574229600
2010-10-20,9.179555892944336,9.281117026271959,8.726437448896405,9.062370371053358,655116600
2010-10-21,8.874874114990234,9.28111872254859,8.843624587104784,9.24986919466314,318784400
2010-10-22,8.93736743927002,9.046741089252048,8.882680986802523,8.960805128939263,173466800
2010-10-25,8.718621253967285,9.054554036330838,8.64830967207286,9.031117090715053,327390900
2010-10-26,8.827996253967285,8.96861869413984,8.61706147613768,8.656123554815071,232839500
2010-10-27,9.015495300292969,9.11705642894582,8.78893608869733,8.843622563722963,275344800
2010-10-28,9.007682800292969,9.156118583667983,8.913934237394336,9.156118583667983,180293000
2010-10-29,8.945183753967285,9.015495362368565,8.874872145566005,8.984245841417701,126825100
2010-11-01,8.984245300292969,9.046744338430353,8.874871611028894,8.984245300292969,152004500
2010-11-02,8.906120300292969,9.054556060824618,8.827996882423838,9.031119109968602,176470800
2010-11-03,8.999868392944336,9.023305340673122,8.835808268748565,8.95299375243963,176344100
2010-11-04,9.476424217224121,9.562360194189331,9.140491384005895,9.210802976544331,310826500
2010-11-05,9.656109809875488,9.929543645704456,9.499862222993476,9.507674788599394,405644600
2010-11-08,9.84360408782959,9.94516442367041,9.710793500902987,9.859228468325488,247865900
2010-11-09,9.585798263549805,9.952979879991588,9.554548003378885,9.945167314948858,225038100
2010-11-10,9.820165634155273,9.820165634155273,9.531107539563212,9.648293736860708,191612200
2010-11-11,9.663918495178223,9.81235420190096,9.61704461045828,9.765479572134053,130702300
2010-11-12,9.468610763549805,9.632670882388046,9.3982991776124,9.6014213714211,170642600
2010-11-15,9.452985763549805,9.601420744691982,9.42954807306915,9.546734290331242,112735900
2010-11-16,9.327988624572754,9.413925348033048,9.156116667746552,9.367050703868598,219262600
2010-11-17,9.07799243927002,9.367050631758504,9.062368054700277,9.296739038576703,170058200
2010-11-18,9.140494346618652,9.234242918706585,9.085807865829215,9.202993394677273,138773700
2010-11-19,9.109243392944336,9.109243392944336,9.007682269526674,9.093619005905552,104569300
2010-11-22,8.827996253967285,9.054555416239538,8.757684661357416,9.031118467051975,223150100
2010-11-23,8.663936614990234,8.89830835540949,8.640499664462476,8.734248211620734,199123000
2010-11-24,8.812372207641602,8.82799733905198,8.671749750184574,8.734248785731536,109514300
2010-11-26,8.687371253967285,8.757682831889158,8.67174687278855,8.726433324484661,54441000
2010-11-29,8.835808753967285,8.87487008731127,8.656123491386813,8.702998134465641,144663800
2010-11-30,8.554563522338867,8.827997362364345,8.523314004482865,8.749873195200701,267119300
2010-12-01,8.828248023986816,8.836067731795831,8.57802333992538,8.734413767463778,289105800
2010-12-02,9.133208274841309,9.180125021803052,8.875163929366972,8.890802596444804,284454000
2010-12-03,9.273958206176758,9.289597617203238,9.015913890065125,9.062831377416405,164553900
2010-12-06,9.101930618286133,9.27395969278456,9.094110911519401,9.211403530107262,132238800
2010-12-07,9.047189712524414,9.281775599383684,8.992453279024176,9.25831723441615,215071600
2010-12-08,9.383432388305664,9.438168838604422,9.070651606986758,9.078470567223576,235158100
2010-12-09,9.891700744628906,9.92297882086435,9.578919982274474,9.586739687765375,328639000
2010-12-10,10.008993148803711,10.048090926854243,9.750948857689524,9.891699814652114,224667700
2010-12-13,9.805688858032227,10.071552950384879,9.790050188573556,10.055913535197845,189201500
2010-12-14,9.696216583251953,9.938622333411063,9.641480113682803,9.829148648544294,161365800
2010-12-15,9.610197067260742,9.805685210000568,9.602377362576409,9.680572917963573,160612500
2010-12-16,9.79004955291748,9.985537755692398,9.680575890901334,9.750951763216834,309278400
2010-12-17,9.829142570495605,9.891698710099918,9.735308361089137,9.81350390845853,154544200
2010-12-20,9.868242263793945,9.969896196857121,9.829144482503777,9.844783893311105,113899800
2010-12-21,10.149748802185059,10.149748802185059,9.930802187812,9.954260567205576,163167100
2010-12-22,10.462523460388184,10.517259891109731,10.165381451547892,10.173201154716095,240618000
2010-12-23,10.212303161621094,10.399971641148623,10.141927295366209,10.368693561227369,183718500
2010-12-27,10.376510620117188,10.478163794628705,10.134105003280037,10.149743666386403,116011000
2010-12-28,10.431251525878906,10.548544159445452,10.431251525878906,10.462529611211878,119303600
2010-12-29,10.407788276672363,10.493802784644588,10.407788276672363,10.470344418057259,74986200
2010-12-30,10.384331703186035,10.478165938204583,10.368693036880384,10.415609781525552,88176300
2010-12-31,10.431251525878906,10.462529611211878,10.337417269879992,10.345236231916953,63036100
2011-01-03,11.095908164978027,11.127186242247134,10.790947098036288,10.830044881054716,354322300
2011-01-04,11.135009765625,11.142829474055302,10.962980654528973,11.127190057194696,218978200
2011-01-05,11.338316917419434,11.41651250479644,11.064633107328298,11.095911193133423,246151200
2011-01-06,11.291397094726562,11.486885277255077,11.213202269152097,11.369592666029263,241658500
2011-01-07,11.142830848693848,11.479070895392828,10.93170316940048,11.369597201048652,392328700
2011-01-10,11.260119438171387,11.283578557880034,11.017714500341476,11.080270661441341,185382600
2011-01-11,11.486886978149414,11.518165062156278,11.361774642121961,11.424330810135688,212239400
2011-01-12,11.721470832824707,11.721470832824707,11.611997931728391,11.643276010002797,204060800
2011-01-13,11.54944133758545,11.74492950582573,11.510343554791756,11.737109800121356,158944400
2011-01-14,11.92478084564209,11.97169834430279,11.479067964142963,11.525984717075323,282493800
2011-01-18,11.729290962219238,11.85440327983306,11.61199835088834,11.79184712102615,198400500
2011-01-19,11.236665725708008,11.690198454693657,11.221027051809488,11.612003593743916,247013200
2011-01-20,11.369593620300293,11.424330077369374,10.900421644562092,11.158466753227911,245219600
2011-01-21,11.142830848693848,11.502529277849247,11.11937246623743,11.267943216099459,291812600
2011-01-24,10.884781837463379,11.15064587951364,10.853503758735595,11.142826173399639,225424700
2011-01-25,10.658015251159668,10.822225345842147,10.478165744732097,10.775307856335068,303642100
2011-01-26,10.595458984375,10.767488783123577,10.595458984375,10.720571294109169,145810300
2011-01-27,10.689290046691895,10.689290046691895,10.540718663646311,10.618914206904826,153086100
2011-01-28,10.634557723999023,10.99425601969768,10.618918311011655,10.814406498984223,226452500
2011-01-31,10.736213684082031,10.78313118937093,10.665838544741352,10.720575012804696,118000800
2011-02-01,11.189746856689453,11.236663615301946,10.84568714679849,10.869145526104735,211978400
2011-02-02,11.135009765625,11.221025066901452,11.048995210076987,11.205385650040846,140312700
2011-02-03,11.283577919006348,11.314855997785322,11.064630621825303,11.072450327952103,145885300
2011-02-04,11.174104690551758,11.314856423213387,11.033352957890127,11.283578343258386,141015200
2011-02-07,11.471248626708984,11.54944421175596,11.283580117470285,11.346136287216519,149423500
2011-02-08,11.42432975769043,11.541623121206992,11.338315221027573,11.447788877830709,158426200
2011-02-09,11.44778823852539,11.486885278452581,11.267938722801725,11.307036508457152,150179100
2011-02-10,11.330497741699219,11.447791128273686,11.314859070926344,11.346137158200516,132240800
2011-02-11,11.54944133758545,11.627636157444654,11.221021155283518,11.236659820964087,156195600
2011-02-14,11.643279075622559,11.69019583252302,11.50252731346436,11.557263778424367,112571100
2011-02-15,11.54944133758545,11.635455863149028,11.486884437678631,11.572899708970391,109532300
2011-02-16,11.604183197021484,11.635461288695591,11.494709503297846,11.580724814698037,132821900
2011-02-17,11.580718994140625,11.658913811160318,11.518162096505455,11.533801507346286,103495400
2011-02-18,11.533801078796387,11.643274713430138,11.471244929213707,11.604176933508933,98369000
2011-02-22,11.088090896606445,11.353954966819373,11.017715025582048,11.24448130681161,187522800
2011-02-23,11.080270767211914,11.291397626507278,10.88478257547667,11.080270767211914,196355700
2011-02-24,10.923876762390137,11.072447411018652,10.783125072100367,11.033349636412824,201697200
2011-02-25,11.10373306274414,11.197567338427618,11.041176878955158,11.072454970849648,126869100
2011-02-28,11.174104690551758,11.32267538390595,11.072450744265941,11.15846602343838,137039100
2011-03-01,10.892602920532227,11.221023161554285,10.876963506327217,11.197564040246771,161263900
2011-03-02,10.82217788696289,11.009981229710498,10.806527981532664,10.89260432705928,115609400
2011-03-03,11.166481971740723,11.182131873260946,10.994328577434501,10.994328577434501,139513500
2011-03-04,11.049103736877441,11.197781897492144,10.939551447280499,11.189956574035808,146184700
2011-03-07,10.978678703308105,11.166482758632895,10.892602373221251,11.0960563311691,139010300
2011-03-08,11.495137214660645,11.502962538449504,11.111705304173915,11.166481824431985,250033200
2011-03-09,11.416888236999512,11.49513924995112,11.330811152609437,11.471664020692046,148290400
2011-03-10,11.158655166625977,11.315157892373522,11.158655166625977,11.283857347224014,155462700
2011-03-11,11.252553939819336,11.291679797869941,11.033450179505087,11.04127475410427,111555000
2011-03-14,11.13517951965332,11.229081904077638,11.009977335439407,11.158655488891341,112139700
2011-03-15,10.923903465270996,11.002155221050401,10.728274822086533,10.775226024806985,167837200
2011-03-16,10.71262264251709,11.03345419838231,10.689147417641468,10.963027777491504,178630900
2011-03-17,10.939552307128906,10.986503505293364,10.759574331070437,10.869126629278187,131745300
2011-03-18,10.986502647399902,11.182131256325302,10.939551452901682,11.111704837709931,199209100
2011-03-21,10.994328498840332,11.127356018999091,10.876950880089922,11.111705371326789,114391500
2011-03-22,10.86130428314209,10.994331843773367,10.86130428314209,10.986506517556425,86286500
2011-03-23,10.68132209777832,10.75174851869451,10.462218257577682,10.736098617526437,230626600
2011-03-24,10.548296928405762,10.634374015920384,10.42309470612716,10.610898785809173,170761100
2011-03-25,10.438743591308594,10.587421018549309,10.423092943039054,10.55612046827421,115322600
2011-03-28,10.462220191955566,10.610898384993325,10.462220191955566,10.501346071505719,78640400
2011-03-29,10.446566581726074,10.493517023518203,10.297888441435422,10.493517023518203,117737500
2011-03-30,10.524818420410156,10.610895481116653,10.383966337346223,10.485692551567556,121082200
2011-03-31,10.430917739868164,10.477868936039316,10.399617191175379,10.446568387346531,86180900
2011-04-01,10.462220191955566,10.650023518279394,10.446570287893955,10.524821300730176,95017100
2011-04-04,10.51699447631836,10.634372098236058,10.485693926393102,10.485693926393102,71113900
2011-04-05,10.540472984313965,10.563948215839645,10.462221217542824,10.50917242685834,64968800
2011-04-06,10.736099243164062,10.783049695668227,10.58742106895157,10.642197591891746,136151600
2011-04-07,10.650020599365234,10.861299843271048,10.595244830766191,10.790873428635777,119206000
2011-04-08,10.548296928405762,10.736101008087777,10.524821698294552,10.665674571490035,87592400
2011-04-11,10.556123733520508,10.634375506545274,10.509173266717019,10.563949060075826,63348300
2011-04-12,10.540472984313965,10.626549330750896,10.415270754491463,10.485696449068504,100372600
2011-04-13,10.3839693069458,10.673499625158499,10.337018101654834,10.65002364938097,124630800
2011-04-14,10.274415016174316,10.376141986187601,10.22746381991282,10.297890241173091,115624900
2011-04-15,10.031832695007324,10.430915151508753,10.031832695007324,10.344838850528818,266336200
2011-04-18,9.718831062316895,9.859683924347706,9.577978200286083,9.851858599509539,262012500
2011-04-19,9.656230926513672,9.804908382059496,9.507552724703721,9.804908382059496,182612900
2011-04-20,9.601449966430664,9.765777238422302,9.554498784244679,9.726652123908325,179989100
2011-04-21,9.63275146484375,9.70317712573877,9.577974955795892,9.64840136295471,100820900
2011-04-25,9.734482765197754,9.859685746960688,9.640581088573693,9.648406414858412,112414300
2011-04-26,9.570151329040527,9.804905812404039,9.570151329040527,9.773605264373167,146800000
2011-04-27,9.64840030670166,9.703176063489176,9.570148585922023,9.57797390725273,118705100
2011-04-28,9.718831062316895,9.742306290567347,9.58580352512425,9.632754727889205,92414200
2011-04-29,9.60927677154541,9.718829057893402,9.60927677154541,9.695353834484509,87169300
2011-05-02,9.656230926513672,9.757957920840447,9.648405600889122,9.671880831498646,89940100
2011-05-03,9.859684944152832,9.945761287483554,9.648405629253611,9.664056280548722,145530300
2011-05-04,9.773606300354004,9.92228447895816,9.718830522059847,9.890983927609497,99234300
2011-05-05,9.624930381774902,9.75795793249463,9.546678617964194,9.711006724955379,130921200
2011-05-06,9.63275146484375,9.74230299041187,9.609275498281612,9.71100244792615,111324100
2011-05-09,9.531023025512695,9.640574533958059,9.476246525026333,9.609273996364571,110668200
2011-05-10,9.60927677154541,9.679703188035983,9.53102577809447,9.554501001503363,91577700
2011-05-11,9.585805892944336,9.726658789767665,9.570155239402084,9.60928112699348,150517800
2011-05-12,9.54667854309082,9.60145507583436,9.460602200585427,9.54667854309082,111941900
2011-05-13,9.335397720336914,9.554501559566505,9.319747072974257,9.546676235885176,159056700
2011-05-16,9.280621528625488,9.47625014998469,9.249320979058576,9.30409750049865,123646400
2011-05-17,9.311921119689941,9.343221666035001,9.233670126959238,9.241495450111476,145394700
2011-05-18,9.225847244262695,9.311923582914872,9.178896039193452,9.311923582914872,152963400
2011-05-19,9.147595405578613,9.304098923615282,9.139770826688045,9.296273598460632,121082700
2011-05-20,9.061517715454102,9.218020463872381,9.02239184178354,9.10846891311157,115821500
2011-05-23,8.936319351196289,9.014571132114396,8.905018788081904,8.975445241655342,122134100
2011-05-24,8.96761417388916,9.006740039302649,8.834586679241584,8.9597888515537,129513400
2011-05-25,8.905014991760254,9.06151774061306,8.881539765998326,8.881539765998326,103583400
2011-05-26,8.96761417388916,9.04586590471614,8.905013087733101,8.912838410068563,124072200
2011-05-27,9.147595405578613,9.218021839442297,9.030218513315193,9.053693742515062,107370400
2011-05-31,9.19454574584961,9.327573275916214,9.09281876719491,9.288447400085328,106228200
2011-06-01,8.80295467376709,9.19454519214,8.795122684143719,9.171049970169525,176331800
2011-06-02,8.842113494873047,8.943927114901122,8.677645454350712,8.842113494873047,198074000
2011-06-03,8.834278106689453,8.967418885740123,8.740296512106507,8.771623710300823,115786700
2011-06-06,8.481851577758789,8.771628506217523,8.419197147113643,8.755965272006101,213289400
2011-06-07,8.340875625610352,8.654148408937633,8.30171718123146,8.58366201401651,160224800
2011-06-08,8.254727363586426,8.450522605366842,8.223400154777542,8.293886561322424,159384200
2011-06-09,8.340875625610352,8.419194008167034,8.223398798674777,8.286053205960345,129533300
2011-06-10,8.458353042602539,8.638484273483515,8.152912252574591,8.317380255374342,210796300
2011-06-13,8.591499328613281,8.630658544171391,8.333049551589628,8.52884488248027,186095900
2011-06-14,8.458353042602539,8.708970667097613,8.419193852050325,8.708970667097613,173051000
2011-06-15,8.223400115966797,8.356540939501082,8.152913709754579,8.301718511069165,213408200
2011-06-16,8.301719665527344,8.372205334641908,8.145082853540295,8.184242056537057,200127400
2011-06-17,8.364373207092285,8.434859615653112,8.286054809380346,8.419195637350887,116367000
2011-06-20,8.301719665527344,8.34871011160372,8.246896482572007,8.293887675548056,88402500
2011-06-21,8.481851577758789,8.513178793081362,8.246897089389625,8.364374707024071,109392600
2011-06-22,8.450521469116211,8.567998299628789,8.44268948124218,8.450521469116211,102448600
2011-06-23,8.387870788574219,8.434861989807883,8.270393905839768,8.340879587340556,180604400
2011-06-24,8.239063262939453,8.434858484052278,8.215567298638277,8.403530531650711,122210200
2011-06-27,8.497514724731445,8.575832381900145,8.239065036965389,8.239065036965389,202814500
2011-06-28,8.474019050598145,8.552337457395042,8.434860594099378,8.544505467335416,113027000
2011-06-29,8.724635124206543,8.810784750662542,8.614989533981152,8.748130341076456,301628700
2011-06-30,8.583663940429688,8.755963972583643,8.489682308409243,8.748131983190369,255993900
2011-07-01,8.685473442077637,8.724632623570084,8.55233267314287,8.599323093414396,137487700
2011-07-05,8.614991188049316,8.669813620238116,8.544504777006793,8.661982377710874,110261100
2011-07-06,8.411365509033203,8.497515914955176,8.348711075762546,8.481851933187633,145455700
2011-07-07,8.55233383178711,8.58366103184533,8.497511418410065,8.536669858308317,113940400
2011-07-08,8.380038261413574,8.458356676162202,8.309551837519761,8.419197468787887,129514100
2011-07-11,8.105927467346191,8.262563591755304,8.066768249518923,8.246899605864416,145323900
2011-07-12,7.996277809143066,8.145081866213493,7.988445820113154,8.043268996422961,145156100
2011-07-13,7.98844575881958,8.113754594738385,7.94928656087006,8.04326893470874,164765500
2011-07-14,7.886634826660156,8.090262127770506,7.8788035819250135,8.066766899765414,148536100
2011-07-15,7.831812381744385,7.97278524362373,7.737830722791433,7.925794040697338,183416000
2011-07-18,7.612518787384033,7.776986811234598,7.463713993619481,7.737827615670267,226934200
2011-07-19,7.4950432777404785,7.714334534911587,7.361902424065069,7.636016122079085,322430300
2011-07-20,7.714334487915039,7.831811359548371,7.542034428873049,7.565529653819769,249783800
2011-07-21,8.011943817138672,8.051103028960725,7.831812488417005,7.8553077167503,238464700
2011-07-22,7.933621883392334,8.043267468280774,7.870967476855923,8.035435480738863,138441500
2011-07-25,7.839644908905029,7.886635368141488,7.737831251359522,7.808317687114095,130582700
2011-07-26,7.831812381744385,7.902298812684058,7.7613259508047125,7.808317153731105,121168700
2011-07-27,7.5811920166015625,7.784818500835402,7.5811920166015625,7.769155269847987,151491700
2011-07-28,7.6673407554626465,7.714331936715409,7.58902236900787,7.612518333083996,113623300
2011-07-29,7.60468864440918,7.792651932453761,7.518538990780343,7.549866205454439,187926700
2011-08-01,7.68300724029541,7.870970532884356,7.596856837684012,7.8631385423015505,159616700
2011-08-02,7.4323883056640625,7.722165217028766,7.416725072376619,7.64384755679218,173972600
2011-08-03,7.4715447425842285,7.510703931652057,7.29924475882543,7.432385553516401,175691200
2011-08-04,6.915492534637451,7.408896965654516,6.868502063245393,7.3384105116663525,305309300
2011-08-05,6.398588180541992,7.087787480242791,6.288942582782934,7.025133066351766,546781600
2011-08-08,5.098508834838867,6.030493959374096,4.941872400151983,5.795539867518511,682052900
2011-08-09,5.952175617218018,5.99916643312963,5.231649026340346,5.497930689955957,496094500
2011-08-10,5.302137851715088,5.944346708558192,5.278642246333642,5.897355871245279,493986500
2011-08-11,5.678064346313477,5.811205225220403,5.450941802336932,5.560587078251485,344079000
2011-08-12,5.631070613861084,6.0383246595495885,5.5840798055258425,5.86602465553729,298997800
2011-08-15,6.077485084533691,6.140139508341284,5.7563806023450415,5.842530621805394,268370400
2011-08-16,5.795538902282715,5.999165747977231,5.748548091737827,5.960006925914707,275997300
2011-08-17,5.842529773712158,5.944343384345291,5.795538962677583,5.842529773712158,159346200
2011-08-18,5.490098476409912,5.5527528908052135,5.3099668482985365,5.521425683607562,335205500
2011-08-19,5.458771228790283,5.576248449673388,5.286471578691577,5.325630776802542,289217900
2011-08-22,5.028022766113281,5.654567427571258,5.028022766113281,5.638903820371055,398777800
2011-08-23,4.934041500091553,5.043686758874732,4.706918991601453,4.9888639427582016,563788800
2011-08-24,5.474435806274414,5.521427001738875,4.949704773719743,4.981031988396145,602753000
2011-08-25,5.991335868835449,6.8919942655211495,5.77987697339184,6.4925716999888445,859643400
2011-08-26,6.077485084533691,6.249784750004571,5.834698632104533,5.967839469420579,424194600
2011-08-29,6.570889472961426,6.586552706037427,6.234121372481141,6.343766991611848,363420500
2011-08-30,6.359429359436035,6.570888578938874,6.304606930779554,6.492570183515696,297220400
2011-08-31,6.406477928161621,6.500575432572528,6.359428802045922,6.492733786916497,282263500
2011-09-01,6.202600002288818,6.414319960853779,6.202600002288818,6.414319960853779,243549600
2011-09-02,5.685064315795898,5.841893526667515,5.622332631447253,5.732113079057384,305988600
2011-09-06,5.481186389923096,5.543918453013809,5.332198815074942,5.418454700742744,283101800
2011-09-07,5.865417003631592,5.89678283996837,5.567441184521929,5.6693803395715925,257251800
2011-09-08,5.6458563804626465,5.834051792563564,5.6458563804626465,5.78700303301591,204593600
2011-09-09,5.473344326019287,5.653698093345966,5.457661405986981,5.5752834931844335,255828800
2011-09-12,5.528234004974365,5.567441112936084,5.340038615463235,5.371404451396714,286856000
2011-09-13,5.48902702331543,5.6301732978786925,5.465502457266406,5.559600347552207,220657500
2011-09-14,5.528234004974365,5.590965676841323,5.42629485123543,5.559599840907844,212940200
2011-09-15,5.747796058654785,5.755637706233357,5.590966846186712,5.630173962348562,230299700
2011-09-16,5.669379711151123,5.794843042591299,5.551757650970848,5.787001771331398,240523700
2011-09-19,5.481186389923096,5.543918453013809,5.441979271140557,5.536076804911084,199254700
2011-09-20,5.410611152648926,5.53607447828153,5.410611152648926,5.520391562577455,142828700
2011-09-21,5.0028557777404785,5.4655020526227505,4.987172859505661,5.4498191343879325,381953600
2011-09-22,4.751929759979248,4.924442272515357,4.7048809948994945,4.893076055218508,384622500
2011-09-23,4.947965145111084,5.010696815110869,4.759770135111731,4.775453052611677,503374000
2011-09-26,5.1753692626953125,5.1753692626953125,4.947966700506863,5.08127172811603,228406400
2011-09-27,5.081271171569824,5.371405391699705,5.026380762122148,5.363564118298793,231598900
2011-09-28,4.830344200134277,5.12047880221533,4.830344200134277,5.104795881068544,222449300
2011-09-29,4.979332447052002,5.0577470576531445,4.822503225849718,5.018539939307752,224013100
2011-09-30,4.798978328704834,4.955807913130879,4.7911370551342145,4.846027091859548,175213100
2011-10-03,4.33633279800415,4.846028016373897,4.328491149027187,4.767613396156275,369335100
2011-10-04,4.516684055328369,4.516684055328369,4.022671666668668,4.297122869065104,448300000
2011-10-05,4.524527072906494,4.571575836576556,4.320649097002892,4.4774783092364325,291785700
2011-10-06,4.924440860748291,4.9479650495889445,4.430428408171696,4.524525911354788,336087400
2011-10-07,4.62646484375,4.963647734677273,4.610781927286179,4.955806463400473,285598300
2011-10-10,4.924440860748291,4.932282132391762,4.798977149260595,4.814660066457776,225326600
2011-10-11,4.99501371383667,5.073428298451407,4.806818710761301,4.846025816113553,204431100
2011-10-12,5.1596856117248535,5.285148973448641,4.971490569139171,5.104795577925851,284617700
2011-10-13,4.877392768859863,5.049905268497823,4.838185654513286,5.049905268497823,230115400
2011-10-14,4.85386848449707,4.987173493391659,4.7989780767433246,4.947966005866082,203564500
2011-10-17,4.7284064292907715,4.924443173269635,4.7284064292907715,4.846028176549757,175512200
2011-10-18,5.206733703613281,5.324355777076994,4.8303432928755585,4.916599529936983,496883800
2011-10-19,5.018538475036621,5.3792459524677385,4.995013911764919,5.23809932065802,318554300
2011-10-20,5.073428630828857,5.081270276759181,4.846026133593098,5.042062794928081,254971700
2011-10-21,5.065587997436523,5.214575923703515,5.002856317726275,5.16752716392083,252586400
2011-10-24,5.269465446472168,5.285148364881807,5.089111697806186,5.167526663764649,217032400
2011-10-25,5.065587997436523,5.230258843631078,5.065587997436523,5.214575923703515,200837500
2011-10-26,5.1675262451171875,5.22241626814887,5.04990417961892,5.1596845995925245,208197400
2011-10-27,5.661539077758789,5.669380724330297,5.410612370035143,5.57528320893393,408959900
2011-10-28,5.763477802276611,5.826209474446166,5.528234031640781,5.5517582217492345,273167300
2011-10-31,5.3557233810424805,5.614491803718501,5.347882106309164,5.559601758854125,252026900
2011-11-01,5.018538475036621,5.23809932065802,4.955806804859079,5.002855557492236,371823200
2011-11-02,5.269465446472168,5.285148364881807,5.15184374535501,5.269465446472168,216830700
2011-11-03,5.418453216552734,5.473343616505475,5.159684882608864,5.418453216552734,244340400
2011-11-04,5.089111804962158,5.29299012249058,5.057745967482444,5.277307203750723,266446300
2011-11-07,5.057745456695557,5.16752625069796,4.9401237649805,5.0499041850726645,192433500
2011-11-08,5.120477676391602,5.167526429487497,5.018538524395371,5.128318948285791,219000600
2011-11-09,4.830344200134277,4.987173785512478,4.8225029265160515,4.947966295690344,265539000
2011-11-10,4.7284064292907715,4.963650297719158,4.712723504728879,4.95580902239342,324988000
2011-11-11,4.8695526123046875,4.932284308773926,4.798979266821592,4.798979266821592,210025900
2011-11-14,4.744088172912598,4.853868617518333,4.720563604970493,4.830344049576228,225481700
2011-11-15,4.806818962097168,4.893074822728353,4.704879809812764,4.7127214556393735,268228500
2011-11-16,4.62646484375,4.775452737111415,4.62646484375,4.775452737111415,292502400
2011-11-17,4.548050880432129,4.7284046312677885,4.540209234177839,4.689197147816886,285881900
2011-11-18,4.53236722946167,4.618623080859384,4.508842668410339,4.595098893718267,227038600
2011-11-21,4.304965019226074,4.453952930717086,4.297123746995109,4.438270012344888,269658300
2011-11-22,4.210867881774902,4.383380373051625,4.171660769328594,4.328489966934431,270959000
2011-11-23,4.030513763427734,4.163818756634865,4.0226724911915746,4.155977484398705,264978500
2011-11-25,4.054039478302002,4.1795028609632965,4.01483198426516,4.046197829930484,138425100
2011-11-28,4.116769313812256,4.3363305084027335,4.030513090161332,4.312805947803316,345537900
2011-11-29,3.9834659099578857,4.140295503193213,3.9442587920818184,4.069722167541798,333749700
2011-11-30,4.274172782897949,4.274172782897949,4.069892288386009,4.24274507214963,436268200
2011-12-01,4.344885349273682,4.42345462668459,4.156318708839636,4.219174130768362,315495500
2011-12-02,4.431310653686523,4.619877263762443,4.4077400615819124,4.4548816204389405,283132900
2011-12-05,4.549164772033691,4.674875596588686,4.502023212825568,4.604163445100406,293977700
2011-12-06,4.541308403015137,4.651305383467343,4.478452610966037,4.509880319666667,254787200
2011-12-07,4.627735137939453,4.651306110473022,4.47845331095458,4.50202428348815,244700100
2011-12-08,4.392024993896484,4.619875986011015,4.344883448077724,4.5884482887985065,286031100
2011-12-09,4.494165897369385,4.596306125062456,4.423453749053084,4.45488145378206,293654100
2011-12-12,4.282028675079346,4.399882754365008,4.2427442317493185,4.392026015558119,191824000
2011-12-13,4.179888725280762,4.399882651815244,4.1013190911563795,4.368454948024604,227194200
2011-12-14,4.1091766357421875,4.2191736105551145,4.085605668101221,4.117033375190629,226723100
2011-12-15,4.132747173309326,4.219173171487377,4.093462356211826,4.187745467668489,196092100
2011-12-16,4.085606098175049,4.258458880010067,4.054178387777384,4.172032489092558,227111300
2011-12-19,3.92060923576355,4.101318702770848,3.8656109466620325,4.085604852363593,344317700
2011-12-20,4.0620341300964355,4.1013185674949595,3.9598939184943522,4.014892580429566,239246100
2011-12-21,4.1091766357421875,4.124890489286891,4.007036400377702,4.0698918145565175,203711800
2011-12-22,4.2977423667907715,4.329170444787645,4.093462295021636,4.132747111531897,303085900
2011-12-23,4.3998823165893555,4.423453279960361,4.2977420997279205,4.352740764495097,190712000
2011-12-27,4.305600643157959,4.384169922757071,4.289886787238137,4.360599326201275,158575400
2011-12-28,4.156317710876465,4.289885637728277,4.140603859167297,4.282028524549805,146104500
2011-12-29,4.289885520935059,4.305599372216412,4.148460859402873,4.156317597719666,168098500
2011-12-30,4.368454456329346,4.3841683064559795,4.219172692802454,4.234886542929088,176441000
2012-01-03,4.557021617889404,4.627733765219034,4.5098796868059345,4.517736800202441,246293200
2012-01-04,4.564877510070801,4.6198761697033595,4.415595755051901,4.486308263915516,243711200
2012-01-05,4.957723140716553,4.989150832999412,4.486307381826024,4.5177350741088835,547780000
2012-01-06,4.855584621429443,4.949868105313258,4.761301512193401,4.879155586062341,299630600
2012-01-09,4.926299095153809,5.0048683840223065,4.863443664059011,4.91844235359092,240614400
2012-01-10,5.2091474533081055,5.232718046054615,5.059865658871543,5.059865658871543,354292100
2012-01-11,5.3977131843566895,5.421284149526046,5.1227205888356995,5.185575996423608,354039600
2012-01-12,5.334858417510986,5.5155679233541965,5.23271818058921,5.491996955353853,362099600
2012-01-13,5.1934332847595215,5.2562886944662,5.036294385845031,5.0991497955517096,337048400
2012-01-17,5.091294288635254,5.358430219177018,5.059866576177151,5.209148397677084,294196500
2012-01-18,5.342715740203857,5.342715740203857,5.075579840799312,5.107007549594219,302497700
2012-01-19,5.468425750732422,5.7277044965144945,5.30343011711696,5.664849088403421,491008100
2012-01-20,5.554852485656738,5.562709224857959,5.366285874405924,5.460568992707427,236630700
2012-01-23,5.696277141571045,5.790560259516058,5.586280170635197,5.601994023626033,339942200
2012-01-24,5.727706432342529,5.77484800435856,5.546996885623786,5.586281716294435,228810300
2012-01-25,5.774847030639648,5.790560885328753,5.617708483748604,5.656992933147442,249340100
2012-01-26,5.735562324523926,5.892700864381637,5.680563648249811,5.8534160420932935,265938800
2012-01-27,5.727706432342529,5.77484800435856,5.656993886994526,5.66485100298782,230914000
2012-01-30,5.554852485656738,5.6177078978577395,5.5155676657072075,5.601994044807489,231240100
2012-01-31,5.601994037628174,5.64913559671851,5.539138625507726,5.633421743688398,212736300
2012-02-01,5.782703876495361,5.845559292329904,5.664849784481679,5.69627749239895,318811000
2012-02-02,5.853414535522461,5.884842235405039,5.759131435874724,5.837700685581171,232425400
2012-02-03,6.159836769104004,6.199121216823064,5.994841114599587,6.018411708301457,364195700
2012-02-06,6.261976718902588,6.261976718902588,6.104838176572321,6.120552030805348,236316000
2012-02-07,6.167693138122559,6.277690109632292,6.128408692764416,6.2462624034866545,253694200
2012-02-08,6.387686729431152,6.403400206069347,6.230547841923779,6.254118806176604,436439700
2012-02-09,6.426971435546875,6.560539356527349,6.364116031473183,6.529111654490504,480206700
2012-02-10,6.340545177459717,6.379829995331437,6.269833029797526,6.324831699888376,254420800
2012-02-13,6.48197078704834,6.52911272246241,6.45054307987084,6.497685015284911,308490200
2012-02-14,6.269834041595459,6.419115849091523,6.246263072139091,6.403401619688712,384682800
2012-02-15,6.112692356109619,6.37982774981065,6.104835245441643,6.293401780348851,372981400
2012-02-16,6.356259346008301,6.387687050158213,6.018410964425061,6.057695781936345,337131800
2012-02-17,6.301261901855469,6.3484030897974755,6.222692256224562,6.316975381404247,355445600
2012-02-21,6.3719706535339355,6.442683151114802,6.2855446838769415,6.309115266638791,333407700
2012-02-22,6.246262550354004,6.38768760598249,6.246262550354004,6.332689306258361,228867800
2012-02-23,6.301261901855469,6.324832495826472,6.206978402027948,6.261976704392179,144231800
2012-02-24,6.191262722015381,6.356258329746208,6.191262722015381,6.324830630621071,163128200
2012-02-27,6.316975116729736,6.324832230822757,6.026268638948748,6.120551760178071,298930800
2012-02-28,6.3798298835754395,6.403400474167352,6.285546771912224,6.324831589095789,193443200
2012-02-29,6.269698143005371,6.482096941448218,6.269698143005371,6.419164019703642,266720500
2012-03-01,6.387697219848633,6.427030481406554,6.332631103799281,6.364097563001706,197850100
2012-03-02,6.395562171936035,6.458495072134081,6.371962521916605,6.37982857177685,143887500
2012-03-05,6.269698143005371,6.395564361604326,6.253964912569227,6.364097900732038,196328300
2012-03-06,6.0651655197143555,6.128098434946657,6.0258322601392855,6.120232008097501,262871200
2012-03-07,6.3090314865112305,6.3090314865112305,6.112365552598271,6.143832011997996,328331900
2012-03-08,6.34049654006958,6.387695843594156,6.293296486325601,6.348362590510741,160282000
2012-03-09,6.332630157470703,6.44276237311159,6.301163702970529,6.387696265291146,195281400
2012-03-12,6.285429954528809,6.340496811288876,6.222497046991105,6.301163556522953,165298900
2012-03-13,6.678763389587402,6.686630193397069,6.332632274378812,6.348365131778442,385984100
2012-03-14,6.954094409942627,7.001293724819033,6.73382919000704,6.812494964874244,488077000
2012-03-15,7.2687578201293945,7.276624621394383,6.961960072989437,7.064225488556449,489593000
2012-03-16,7.709290981292725,7.709290981292725,7.339559476263165,7.402492402623134,582294100
2012-03-19,7.496890544891357,7.945288508379898,7.4811576910287,7.693556094601558,669479900
2012-03-20,7.717156410217285,7.843022240520521,7.544090518440573,7.575556976016382,451213900
2012-03-21,7.725024700164795,7.89022383785682,7.662091766779237,7.835157708699393,326573800
2012-03-22,7.551956653594971,7.685689274039217,7.489023743999968,7.599155960681493,264520500
2012-03-23,7.748623847961426,7.748623847961426,7.39462521767983,7.449692088067867,283110900
2012-03-26,7.811556816101074,7.898089398324465,7.7486238926259485,7.874489739576199,241605700
2012-03-27,7.551956653594971,7.787954689466503,7.53622305108649,7.764355035923241,250069600
2012-03-28,7.669954776763916,7.693554427554074,7.536222171920739,7.567688623047406,234021500
2012-03-29,7.496890544891357,7.614890324849198,7.418224775138999,7.5755570648632515,253625800
2012-03-30,7.528358459472656,7.583425334195498,7.355293282399954,7.559824923505846,250234500
2012-04-02,7.614891529083252,7.693557311275973,7.40249234170163,7.504758533749857,179229000
2012-04-03,7.465424537658691,7.6070239820691095,7.402491617969523,7.6070239820691095,190453400
2012-04-04,7.237290382385254,7.363156184653271,7.197957131621658,7.355290134676039,228560600
2012-04-05,7.260891437530518,7.394624065868565,7.166492067565926,7.190092472721702,180868100
2012-04-09,7.024893760681152,7.111426333521176,6.946227239757826,7.111426333521176,211427600
2012-04-10,6.718094825744629,7.150759164390914,6.686628369309599,7.056359795085824,377220000
2012-04-11,6.9698262214660645,7.009159478121386,6.859694003094527,6.906893310905336,252563700
2012-04-12,7.213693618774414,7.221560422119124,7.009161233129898,7.02489483981932,223979900
2012-04-13,6.8282270431518555,7.142891572699187,6.8282270431518555,7.142891572699187,282354600
2012-04-16,6.914761066436768,7.0248940502248445,6.781028425486808,6.977693985681505,217284500
2012-04-17,7.017028331756592,7.079961260723223,6.977695063597525,7.056361599915659,193424400
2012-04-18,7.017028331756592,7.079961260723223,6.954095402789961,6.985561867273276,160064100
2012-04-19,6.89902925491333,7.21369389871635,6.820362718852731,7.205827095066352,348804500
2012-04-20,6.576494216918945,6.906892325326342,6.5528945663810925,6.906892325326342,277965300
2012-04-23,6.4348978996276855,6.529297286269653,6.253965179232521,6.309032050771729,256073900
2012-04-24,6.458496570587158,6.505696631796379,6.371964000293029,6.489963027986798,192443800
2012-04-25,6.497828960418701,6.56862866764908,6.427029253188323,6.529295413607823,164902400
2012-04-26,6.505696773529053,6.6079621996411895,6.427030253206368,6.442763107139182,131586300
2012-04-27,6.489961624145508,6.560761325534919,6.442761573146113,6.560761325534919,120948200
2012-04-30,6.379828929901123,6.482095086018377,6.3247628266915985,6.466362235195393,137422300
2012-05-01,6.537163734436035,6.60796270790868,6.356231023864797,6.379830681689013,177953400
2012-05-02,6.419161796569824,6.474227896470509,6.38769534659524,6.4584950465928905,136208900
2012-05-03,6.29329776763916,6.434897207481299,6.222498047718091,6.434897207481299,204584500
2012-05-04,6.0887651443481445,6.230364578009109,6.057298686892322,6.2146313492811975,194857200
2012-05-07,6.261829853057861,6.293296304571946,6.025831091592537,6.065164343539989,167662600
2012-05-08,6.128097057342529,6.214629983889111,6.049430930986399,6.191029958427433,180627900
2012-05-09,6.080900192260742,6.151699926261363,6.017967262086791,6.033700494630279,174742300
2012-05-10,6.057299613952637,6.246098762692752,6.033699954803759,6.222498728434056,156787300
2012-05-11,5.939300060272217,6.112365587972285,5.829167076626023,5.88423356844912,245533600
2012-05-14,5.781967639923096,5.915700286544836,5.781967639923096,5.797700870401548,170716800
2012-05-15,5.742634296417236,5.939299849375227,5.703301035781729,5.797700411175219,201254900
2012-05-16,5.593167781829834,5.876365875133062,5.569567753166367,5.821299766767854,216226100
2012-05-17,5.490901947021484,5.703300717352999,5.451568688582046,5.585301317144435,241468300
2012-05-18,5.522367477416992,5.530234277829218,5.420101322716197,5.514501052114457,223783500
2012-05-21,5.372902870178223,5.593168455498093,5.286369921469369,5.530235538295209,229980800
2012-05-22,5.490901947021484,5.624634575583873,5.396502576898534,5.443702261960009,221551500
2012-05-23,5.640366077423096,5.640366077423096,5.388634125707227,5.42796737210677,194441500
2012-05-24,5.616767883300781,5.766233743129496,5.514502084563037,5.711167630372963,206041500
2012-05-25,5.624634742736816,5.703300886843743,5.561701827451275,5.561701827451275,108661200
2012-05-29,5.852766513824463,5.860632940365258,5.679700628609981,5.726900688293749,159872200
2012-05-30,5.671590805053711,5.837012237965785,5.592818783575254,5.773994620783019,206801500
2012-05-31,5.789749622344971,5.805504028265875,5.545556142763622,5.679468780898641,203267300
2012-06-01,5.529799461364746,5.663712044395573,5.466781863612478,5.608571458555082,240859000
2012-06-04,5.435273170471191,5.592817167916639,5.39588698330257,5.592817167916639,163821500
2012-06-05,5.592818260192871,5.624327065835623,5.435274231979108,5.4431512455825,147346700
2012-06-06,6.018187999725342,6.120591814170845,5.655836329852504,5.703099542147054,356852900
2012-06-07,5.844892501831055,6.222998766455605,5.813383677746909,6.152103724458873,276170400
2012-06-08,5.955170154571533,5.970924558064529,5.6715905160830005,5.789748730087774,234555000
2012-06-11,5.734607219696045,6.120590206525877,5.734607219696045,6.081204018818354,204590700
2012-06-12,5.900030612945557,5.9079080039124845,5.687345939829294,5.766118347039868,148255600
2012-06-13,5.907907962799072,5.994557384758901,5.789749728420157,5.8291359317513525,162374500
2012-06-14,6.033943176269531,6.057574973249384,5.868521724254573,5.923662333464449,157528300
2012-06-15,6.222995281219482,6.222995281219482,5.94729303708496,6.081205276636595,211751900
2012-06-18,6.112715244293213,6.230873095811767,6.089083448620712,6.120592259107613,140319900
2012-06-19,6.388415813446045,6.467188198819188,6.1914859768568995,6.207240378808614,248771500
2012-06-20,6.41204833984375,6.475065951189162,6.317521922825631,6.42780236706551,213582800
2012-06-21,6.159978866577148,6.435681164340985,6.14422446029392,6.3884175698766255,227157600
2012-06-22,6.254505157470703,6.309645765975079,6.136346925312563,6.278136578533532,142219300
2012-06-25,5.986679553985596,6.096960389349705,5.955170743881564,6.096960389349705,151907200
2012-06-26,6.002432346343994,6.049695548801678,5.892151540609398,6.026064135380108,129776500
2012-06-27,6.120591163635254,6.159977357501806,5.994555944245618,6.049696164921293,111335500
2012-06-28,6.096960067749023,6.104837457666839,5.931539011235764,6.002433642422982,133125300
2012-06-29,6.4435577392578125,6.459311767931228,6.262381526523391,6.301767725050809,258769800
2012-07-02,6.341153144836426,6.467188363662679,6.199363148042311,6.459310974678748,152974000
2012-07-03,6.349030494689941,6.3962933258439145,6.3096443012421926,6.349030494689941,57653700
2012-07-05,6.159978866577148,6.349032117590565,6.159978866577148,6.325399944743711,120162000
2012-07-06,6.033943176269531,6.144224394689283,6.026066161019361,6.057574973249384,116595200
2012-07-09,5.955170154571533,6.065450979022504,5.931538737139343,6.010310754604323,87078300
2012-07-10,5.892152786254883,6.041819813485557,5.829135169655572,6.02606540933573,101758300
2012-07-11,6.010309219360352,6.057572417766659,5.868519248526918,5.900028047464456,128619400
2012-07-12,5.892152786254883,5.9472933885865915,5.852766588073003,5.931538984436764,107637000
2012-07-13,6.159978866577148,6.167855881911426,5.9472941939462265,5.955171209280503,177154500
2012-07-16,6.152100563049316,6.270258780453733,6.120591755156754,6.246626986727002,109439900
2012-07-17,6.238749027252197,6.246626040224486,6.1048364261922305,6.238749027252197,127266800
2012-07-18,5.931538105010986,6.24662614129174,5.907906314482646,6.207240324563929,254341100
2012-07-19,5.718854904174805,6.02606600317806,5.608573688643659,5.9551709897101315,260959200
2012-07-20,5.569187641143799,5.679468476683035,5.561310250797959,5.679468476683035,160463000
2012-07-23,5.58494234085083,5.632205558575272,5.4352752969161,5.466784108732393,168638000
2012-07-24,5.545555591583252,5.655836422068619,5.490414988533255,5.640082017713566,138286700
2012-07-25,5.569187641143799,5.6400822761831275,5.521924425912697,5.600696451297866,117241300
2012-07-26,5.647956848144531,5.703097050591339,5.600693656498214,5.687342653375899,121121500
2012-07-27,5.758240222930908,5.829135230148166,5.624327598460367,5.671590811400329,146210900
2012-07-30,5.734607219696045,5.81337921949657,5.7188528197359405,5.734607219696045,74683800
2012-07-31,5.781872749328613,5.781872749328613,5.6794689205179925,5.734609530404021,86093200
2012-08-01,5.687345027923584,5.797626230090091,5.679468013834328,5.78974884038622,97187800
2012-08-02,5.655837059020996,5.718855059152832,5.592819434503831,5.608573840633122,112848000
2012-08-03,5.852766513824463,5.900029725674362,5.7267312822247325,5.750363075956991,130250800
2012-08-06,6.018187999725342,6.049696807921708,5.860643958743509,5.86852097298529,112657000
2012-08-07,6.041820049285889,6.183609692168108,6.033942659096224,6.0733288588152705,119572200
2012-08-08,6.041820049285889,6.120592073109344,5.963048025462434,5.970925040037461,73353500
2012-08-09,6.081204891204834,6.112714071259754,6.041819073461694,6.049696086764491,59676500
2012-08-10,6.096960067749023,6.112714847584655,6.010311032340798,6.033942450864997,50443800
2012-08-13,6.081204891204834,6.167854291223065,6.049696086764491,6.081204891204834,58341300
2012-08-14,6.1284685134887695,6.2229949274269005,6.0969593332281455,6.1284685134887695,104644000
2012-08-15,6.199363708496094,6.199363708496094,6.089082882053179,6.1048372858307385,73559200
2012-08-16,6.246626853942871,6.270258647167262,6.167854835885918,6.2151180467200895,78181200
2012-08-17,6.301767826080322,6.396294253324015,6.254504612458476,6.278136031462083,138307600
2012-08-20,6.419926166534424,6.451434978041208,6.286013905437924,6.286013905437924,100276900
2012-08-21,6.451431751251221,6.616853116730942,6.427800342248103,6.498695320486404,190820700
2012-08-22,6.475064754486084,6.55383637849491,6.396292379248214,6.412047154787406,140333800
2012-08-23,6.419926166534424,6.514453352284098,6.396294745711668,6.475067150093288,98866200
2012-08-24,6.427802085876465,6.467188279051665,6.325398284112605,6.396293281582135,88822200
2012-08-27,6.356907367706299,6.459311173969408,6.341153340481535,6.459311173969408,96142100
2012-08-28,6.270257949829102,6.3884157759664655,6.262380561092174,6.333275557266248,96280400
2012-08-29,6.301767826080322,6.3805402243980325,6.286013421539707,6.286013421539707,106910900
2012-08-30,6.230873107910156,6.262381918458238,6.167855486813994,6.262381918458238,91900100
2012-08-31,6.293890476226807,6.317522646610712,6.2072414385069665,6.301767866354775,91730500
2012-09-04,6.301767826080322,6.388416863246391,6.262381626921467,6.301767826080322,81461800
2012-09-05,6.270219326019287,6.325429317161409,6.254445204014996,6.30176757002787,55769500
2012-09-06,6.585702419281006,6.585702419281006,6.333315718836645,6.341202967762601,200570300
2012-09-07,6.940619468688965,6.940619468688965,6.664571808572438,6.680346304427948,232843000
2012-09-10,6.767102241516113,7.035262592932471,6.7276667629838505,6.972166128148527,190045600
2012-09-11,7.12202262878418,7.137797126789845,6.767104697520815,6.8065401903655145,201630400
2012-09-12,7.074697971343994,7.24821287095967,6.995827015395646,7.2166646390141675,204167100
2012-09-13,7.413841247558594,7.476937711201453,6.948505016234799,7.011601479877658,330759200
2012-09-14,7.532151699066162,7.721441190971823,7.453280701354013,7.571587197922236,329619800
2012-09-17,7.33497428894043,7.48482826834243,7.311313292649485,7.405958029982776,141409300
2012-09-18,7.279763221740723,7.327085959517244,7.16934475387784,7.224553987809282,150503600
2012-09-19,7.327085018157959,7.461165213767629,7.303424028394283,7.358633255232628,126360100
2012-09-20,7.248214244842529,7.295536977815293,7.161456778590006,7.20877951156277,111354300
2012-09-21,7.185118675231934,7.374408878828342,7.161457681845914,7.374408878828342,155865300
2012-09-24,7.177231311798096,7.2561015309462835,7.058924854821823,7.090473092914964,113331700
2012-09-25,7.043152809143066,7.263990529013283,7.027378310210439,7.232442283317537,146678000
2012-09-26,6.956393718719482,7.027377450897341,6.8617489932054765,6.987941960557484,158640100
2012-09-27,7.074697971343994,7.153568175123161,7.019488001312478,7.051036233257981,119023800
2012-09-28,6.964282989501953,7.04315399308414,6.932734738503006,7.011605742085192,119039200
2012-10-01,7.066814422607422,7.200894666567652,6.980056927408862,6.995830675549703,133194500
2012-10-02,7.043152809143066,7.1851195386891655,7.003717313981007,7.177233041392361,109601600
2012-10-03,7.185118675231934,7.193005923750413,7.027377465709441,7.0825867009999595,115670100
2012-10-04,7.4217305183410645,7.429617766490503,7.216666579471962,7.256102068049771,160486300
2012-10-05,7.350748062133789,7.611021278777101,7.279764320836612,7.540038289649436,204255800
2012-10-08,7.31920051574707,7.398071514097174,7.200894770391501,7.224555769028698,81944200
2012-10-09,7.263989448547363,7.398069660853195,7.129909236241531,7.35863417155688,153036100
2012-10-10,7.263989448547363,7.31131218613682,7.145683732827815,7.248214951961079,110640900
2012-10-11,7.36652135848999,7.429617839970767,7.334973117749601,7.405956847457824,122925800
2012-10-12,7.193005561828613,7.319198523097108,7.137796329315992,7.224553802145738,158562500
2012-10-15,7.445390701293945,7.445390701293945,7.2245530423007605,7.2876495162988135,154458500
2012-10-16,7.461165904998779,7.571585121074435,7.39806942500394,7.516375136951921,172663600
2012-10-17,7.445390701293945,7.5715844014593525,7.334972247882003,7.429616958879083,229733500
2012-10-18,7.469053745269775,7.547923975432344,7.390182762937775,7.398070011604862,149739000
2012-10-19,7.445390701293945,7.532148917168244,7.405955969172139,7.429616958879083,169451300
2012-10-22,7.532151699066162,7.540038949271293,7.42173245270307,7.469055201764275,132617600
2012-10-23,7.382296085357666,7.469054323068283,7.319199595478758,7.445392575236575,160627600
2012-10-24,7.342861175537109,7.484827898436181,7.334973926440084,7.453279654217557,120868300
2012-10-25,7.287651538848877,7.42961902082954,7.232442296820623,7.390183525593854,121778900
2012-10-26,7.193005561828613,7.311312027144862,7.137796329315992,7.232441050267363,124687200
2012-10-31,7.350748062133789,7.374409810679191,7.2166678290545665,7.256103324460723,94925500
2012-11-01,7.682003021240234,7.68989026870313,7.311311416515941,7.366520644417577,205700000
2012-11-02,7.768764019012451,7.863408765927467,7.705667521069108,7.784537767413494,220993300
2012-11-05,7.68989372253418,7.8318612319521765,7.587361715973365,7.75299022623781,121104400
2012-11-06,7.839744567871094,7.863406311340952,7.6898906200754205,7.752987098323004,132533500
2012-11-07,7.279763221740723,7.62679462631681,7.271876725585802,7.595246385188929,286124300
2012-11-08,7.4059553146362305,7.5715837322852595,7.398068068041221,7.484825524078623,223927000
2012-11-09,7.43750524520874,7.5636982108343105,7.311312279583171,7.334973272595613,141093100
2012-11-12,7.4059553146362305,7.5084872638636515,7.398068068041221,7.4927127706736325,68498300
2012-11-13,7.3586344718933105,7.532150180577354,7.31919898098747,7.342860726832631,119629700
2012-11-14,7.0904717445373535,7.429615803671417,7.058923512443663,7.398067571577726,197392900
2012-11-15,7.169344902038574,7.256102378890815,7.114135666966186,7.122022163284088,144569800
2012-11-16,7.193005561828613,7.263989290584487,7.035264360242995,7.193005561828614,178995000
2012-11-19,7.484829425811768,7.516377676468218,7.35074917247945,7.382297423135899,146244000
2012-11-20,7.595248222351074,7.634683721342056,7.429619728324618,7.469055227315599,150696200
2012-11-21,7.7056684494018555,7.713554948467701,7.595249188613559,7.626797441385976,132499300
2012-11-23,7.808196067810059,7.808196067810059,7.729325848720969,7.76087408679047,59048000
2012-11-26,7.760876178741455,7.784537175629092,7.689892435909017,7.745101679370012,99730900
2012-11-27,7.6189069747924805,7.847631898907618,7.61890697479248,7.800309915804823,149684000
2012-11-28,7.697779178619385,7.697779178619386,7.398070479826516,7.540037956141423,152946500
2012-11-29,7.752990245819092,7.792425748775875,7.697780992981389,7.76087749684438,125905400
2012-11-30,7.776647090911865,7.784534337722236,7.697776879315925,7.713550620767411,108739700
2012-12-03,7.729329586029053,7.839748096577524,7.713555083282305,7.83186159737384,99872800
2012-12-04,7.8160858154296875,7.816085815429688,7.705667322952545,7.721441070948036,144124500
2012-12-05,8.258210182189941,8.337160867224783,7.855563043785408,7.87135348196419,463491000
2012-12-06,8.258210182189941,8.35295055247403,8.12399446938843,8.297685524707362,176607900
2012-12-07,8.400318145751953,8.431898258020864,8.273996943747047,8.337157921214134,192055100
2012-12-10,8.345049858093262,8.392420388619676,8.258204763878712,8.368735499820989,148065200
2012-12-11,8.297683715820312,8.455584298538287,8.28978849845207,8.40031928281934,159121300
2012-12-12,8.376633644104004,8.447689094673011,8.297683729083506,8.360843962271653,166819300
2012-12-13,8.321370124816895,8.41611049163728,8.297685221344175,8.360845465891098,106232100
2012-12-14,8.352945327758789,8.368735756060756,8.305575548711014,8.3292604382349,91707200
2012-12-17,8.684539794921875,8.684539794921875,8.40031876359717,8.408213227548085,170087700
2012-12-18,8.968757629394531,8.968757629394531,8.724012016779591,8.874017319389162,255238400
2012-12-19,8.834543228149414,9.071394412500347,8.818753550754904,9.000338981902152,193013700
2012-12-20,9.095080375671387,9.095080375671387,8.747698425708407,8.763488856583628,184449000
2012-12-21,8.913495063781738,8.960865608147135,8.779279399830584,8.842439623698272,244892300
2012-12-24,8.881914138793945,8.913494247836935,8.850334029750957,8.897704569780036,50657100
2012-12-26,9.110872268676758,9.181927719032064,8.897706670540206,8.913496352325069,146097900
2012-12-27,9.055606842041016,9.229297098438309,8.866125398716814,9.205612200371284,210411400
2012-12-28,8.968757629394531,9.071393153465944,8.897702961587294,8.937177526059408,131872200
2012-12-31,9.16613483428955,9.197714942347558,8.921389185072291,8.976654185941511,170837500
2013-01-02,9.497725486755371,9.592465802364732,9.395089956612955,9.51351591582148,236021400
2013-01-03,9.442460060119629,9.513515481817395,9.379299852594741,9.481935378054951,157149700
2013-01-04,9.56088638305664,9.56088638305664,9.418776275912213,9.450356383380882,132601900
2013-01-07,9.545101165771484,9.631946313656755,9.47404570253376,9.59247097264363,201403500
2013-01-08,9.458250045776367,9.552991113100367,9.387195374677,9.545095898668517,168461100
2013-01-09,9.024026870727539,9.474043705816428,8.945076205340664,9.37140814198523,335692000
2013-01-10,9.300349235534668,9.324034878101205,9.110868612576764,9.166133606040553,199964900
2013-01-11,9.181927680969238,9.25298313102999,9.087187331864689,9.237192696381216,146136700
2013-01-14,9.055606842041016,9.18192730230426,8.984551394910607,9.166136868306687,110032900
2013-01-15,9.118765830993652,9.174030836604224,8.921389950465345,8.984550172000064,126058300
2013-01-16,9.300349235534668,9.308244449723514,9.055603619112976,9.142448716403083,164579300
2013-01-17,8.905600547790527,9.23719212563272,8.81875542137636,9.229296908796163,323622200
2013-01-18,8.795072555541992,8.945077945442657,8.700332190405337,8.889812920678647,179971800
2013-01-22,8.960864067077637,8.96875852900648,8.755592998345081,8.779277889989874,137242700
2013-01-23,9.016130447387695,9.031920126595054,8.866124353806939,8.984550336043732,121638200
2013-01-24,9.10297679901123,9.213507580159153,9.016131669278158,9.03981656776366,127870800
2013-01-25,9.174030303955078,9.252980952754177,9.08718519261942,9.229295306356935,100171600
2013-01-28,9.063502311706543,9.213508439609335,9.024027728191571,9.18982353891447,91304200
2013-01-29,9.071396827697754,9.142452277213978,9.000341378181531,9.016131812709297,96824100
2013-01-30,8.984550476074219,9.110870923418862,8.960865580429411,9.071395595391346,89130200
2013-01-31,8.93718147277832,8.968761590059433,8.85823155604023,8.93718147277832,97024700
2013-02-01,9.245088577270508,9.260878260123219,8.976657192409645,9.008237311044487,161141300
2013-02-04,9.063502311706543,9.229298122429439,9.047712628886439,9.14245298459532,139733000
2013-02-05,9.379302978515625,9.458252887769518,9.126662064216262,9.1503469616995,187785900
2013-02-06,9.418777465820312,9.45035757727861,9.260876155599579,9.260876155599579,173626800
2013-02-07,9.3477201461792,9.45825013758156,9.260874292444091,9.450355676002175,173209900
2013-02-08,9.284562110900879,9.395092128195166,9.25298199839833,9.363512015692615,145321100
2013-02-11,9.363510131835938,9.395090237984846,9.213504815860908,9.260874598619708,103510800
2013-02-12,9.67142105102539,9.742476509828167,9.300354073349475,9.371409532152251,232173900
2013-02-13,9.608260154724121,9.805636081069432,9.5135198004299,9.750371062630155,192742500
2013-02-14,9.576676368713379,9.687207116187537,9.529305833244706,9.545096262710636,144104800
2013-02-15,9.497725486755371,9.639836336633962,9.45035570541524,9.639836336633962,158242700
2013-02-19,9.62404727935791,9.718788361400552,9.521412487515262,9.55299259721974,170783400
2013-02-20,9.316142082214355,9.702998642739974,9.276666753952112,9.616153522906446,193466400
2013-02-21,9.016130447387695,9.260876122071096,8.960865440768071,9.260876122071096,235532400
2013-02-22,9.031917572021484,9.189818837009994,8.88980748763247,9.174028409339531,179268200
2013-02-25,8.70822525024414,9.166137317608824,8.668749916244556,9.158242853152403,206893900
2013-02-26,8.787174224853516,8.858229661773692,8.708223572069048,8.779279008989224,173039600
2013-02-27,8.929414749145508,8.976827148002462,8.771372163611511,8.810882244790141,147145400
2013-02-28,8.874096870422363,8.984727027072495,8.850390677428152,8.953118518544784,143546700
2013-03-01,8.961023330688477,9.12696823509406,8.708155192015779,8.795078426282894,189050700
2013-03-04,9.016337394714355,9.04794590975955,8.866197136651289,8.905707968859394,116436000
2013-03-05,9.126964569091797,9.25339858764375,9.111159939969706,9.134866883652844,135869700
2013-03-06,9.419343948364258,9.49836559114967,9.292909922792587,9.300812237792377,182557500
2013-03-07,9.688020706176758,9.703824589220291,9.466760314714858,9.482564951364944,212403800
2013-03-08,9.537878036499023,9.830256981918087,9.498367958863646,9.81445310158522,209777100
2013-03-11,9.601092338562012,9.656407788034837,9.498365261554358,9.545777642695397,106427800
2013-03-12,9.490463256835938,9.62479959713401,9.411441614211341,9.569484145854299,128134700
2013-03-13,9.529976844787598,9.569486923963797,9.46675906017148,9.514172210231955,86216800
2013-03-14,9.56948471069336,9.632701727081928,9.561583148849499,9.577387026143501,115440000
2013-03-15,9.932982444763184,10.004101773115247,9.759136035020635,9.893472376662032,319019100
2013-03-18,9.925082206726074,10.019907739304198,9.688017998477594,9.711724193220538,189783300
2013-03-19,10.043611526489258,10.225360231962025,9.948786016641792,10.106828533054236,242939600
2013-03-20,10.098929405212402,10.185853381869828,10.043614695416876,10.106831721927877,219121700
2013-03-21,9.932982444763184,10.14634042981937,9.91717856824397,10.04361259482264,154529400
2013-03-22,9.925082206726074,10.01200542318777,9.861864431400983,9.972494596211964,101974400
2013-03-25,9.7986478805542,10.0515167331871,9.73543085579757,10.019908220808784,154320200
2013-03-26,9.70382022857666,9.877667385572476,9.60109239733396,9.838156565308944,135654700
2013-03-27,9.664310455322266,9.70382127986631,9.577387244210405,9.593191875470541,107177200
2013-03-28,9.624799728393555,9.703820618489575,9.569484276359471,9.672212111729918,92013900
2013-04-01,9.601092338562012,9.703820169175875,9.56158227214655,9.601092338562012,86281600
2013-04-02,9.601092338562012,9.680113978605355,9.593190777442645,9.672211663879779,102626000
2013-04-03,9.332418441772461,9.593188743580617,9.261299131532773,9.577384117480218,199765800
2013-04-04,9.435149192810059,9.47466001993165,9.261302759245211,9.332422097342807,117831400
2013-04-05,9.458855628967285,9.490464138231411,9.19808523913666,9.221791432683178,141061900
2013-04-08,9.648507118225098,9.648507118225098,9.411442911285627,9.482562248728103,101419200
2013-04-09,9.6801176071167,9.759139276780658,9.648509089972414,9.6801176071167,132365800
2013-04-10,9.735429763793945,9.798646781459649,9.688017377347816,9.727528201790454,105853900
2013-04-11,9.695918083190918,9.7433304617654,9.60899413312742,9.727526586775962,100241900
2013-04-12,9.616898536682129,9.68011555758602,9.537876883749098,9.60109390465299,88191700
2013-04-15,9.466757774353027,9.735430496454967,9.458856211754886,9.632702646615616,176504300
2013-04-16,9.70382022857666,9.767037239555828,9.545777701128744,9.648505532371443,147641900
2013-04-17,9.245498657226562,9.498367513144148,9.047945263894343,9.411443537769882,335408600
2013-04-18,9.040040969848633,9.205985814092656,8.87409612560461,9.1743773082179,220290500
2013-04-19,9.213891983032227,9.237598183952779,9.032143186630421,9.13487106209487,119792000
2013-04-22,9.261302947998047,9.285009143311616,9.142770464217486,9.229694436377837,88532300
2013-04-23,9.537878036499023,9.608997382012985,9.403541662440748,9.41934629638004,176816000
2013-04-24,9.727529525756836,9.774941918656035,9.577388523161112,9.593193156531777,120624900
2013-04-25,9.830257415771484,9.909279081742673,9.767040384437118,9.79074733639235,118694600
2013-04-26,9.81445026397705,9.846058769110382,9.71172243389217,9.751233253710387,83093200
2013-04-29,9.782840728759766,9.86186160646949,9.774938414906956,9.838155418517186,65432400
2013-04-30,9.727529525756836,9.798648115105635,9.640605549430976,9.7907465520267,89362100
2013-05-01,9.593194961547852,9.695922836966833,9.545781806121191,9.640607363367973,88417800
2013-05-02,9.632702827453613,9.648507460159305,9.522073412939237,9.616898948354288,76530500
2013-05-03,9.67221450805664,9.806550883469075,9.648508310515162,9.767040051828989,94322600
2013-05-06,10.177949905395508,10.185852221210528,9.767038526290204,9.790745473735267,265062800
2013-05-07,10.193751335144043,10.359696159372255,10.083121954729325,10.209555962978222,218248100
2013-05-08,10.288581848144531,10.415015908660138,10.14634315326125,10.154245470445087,149755400
2013-05-09,10.201654434204102,10.320186891264576,10.170045929709213,10.312284576739305,112952300
2013-05-10,10.288581848144531,10.30438572890576,10.18585398557399,10.225364064280283,87625100
2013-05-13,10.25696849822998,10.351794759492396,10.23326230971745,10.25696849822998,94295600
2013-05-14,10.541448593139648,10.557252471837906,10.288580505116764,10.304384383815021,154128100
2013-05-15,10.620471000671387,10.70739498346675,10.501939255995016,10.501939255995016,139728300
2013-05-16,10.557251930236816,10.707392915002732,10.525643420855515,10.59676275536502,117977000
2013-05-17,10.612567901611328,10.68368723957041,10.580959390696885,10.667882607310016,107335600
2013-05-20,10.675785064697266,10.746904403597366,10.58095953069925,10.58095953069925,88941700
2013-05-21,10.620471000671387,10.715297300740229,10.557253969696461,10.691590348919792,111810300
2013-05-22,10.517743110656738,10.849632121862472,10.407112937850561,10.659981043000224,174531500
2013-05-23,10.438719749450684,10.604664604807224,10.1305362313296,10.217460193510721,190522000
2013-05-24,10.46242904663086,10.478233682119527,10.367603494518354,10.407114329633522,83452600
2013-05-28,10.549351692199707,10.675785745594304,10.517743178851058,10.659981112116778,133553000
2013-05-29,10.652076721191406,10.71529448918526,10.486132623628656,10.517741130822454,126397300
2013-05-30,10.9286527633667,11.007674415667186,10.61256766137741,10.667882365823953,153383400
2013-05-31,10.794317245483398,11.055087663291516,10.786414928917969,10.991870637980844,160176100
2013-06-03,10.707391738891602,10.849629638680746,10.43871906185867,10.818021132771355,197168200
2013-06-04,10.557251930236816,10.802218443146637,10.51774185871492,10.67578440562143,130055400
2013-06-05,10.351644515991211,10.63633423549935,10.256747942821832,10.50980547127351,185778900
2013-06-06,10.438632011413574,10.470264199920218,10.161850550523159,10.343735445893644,142361900
2013-06-07,10.580975532531738,10.588883766927358,10.399089912286183,10.54143511472438,121057300
2013-06-10,10.517714500427246,10.715415897975989,10.486082306986287,10.667967230729058,104648500
2013-06-11,10.3753662109375,10.501894947604788,10.335825792186283,10.367457976353105,106369100
2013-06-12,10.327917098999023,10.478169767605056,10.256744504438549,10.4702615339493,117289400
2013-06-13,10.446540832519531,10.486081258911444,10.256747690843437,10.280471645010222,103636400
2013-06-14,10.335824966430664,10.470261926941832,10.304192784791018,10.462353692989247,101380700
2013-06-17,10.446540832519531,10.486081258911444,10.383276451960834,10.414908642240182,115441500
2013-06-18,10.493988037109375,10.549344173864961,10.438631146182988,10.454447616210755,67257600
2013-06-19,10.43072509765625,10.596794296905212,10.414909378483994,10.509805956030407,103850000
2013-06-20,10.193483352661133,10.391184731271677,10.122310735693993,10.343736068569946,185741100
2013-06-21,10.035317420959473,10.280467359048773,9.798076469856358,10.272559126233178,196004700
2013-06-24,9.726905822753906,9.84552632196268,9.592468854759568,9.805985904169509,159762500
2013-06-25,10.01950454711914,10.098585389330363,9.829711430817174,9.972055890958247,132844500
2013-06-26,10.090677261352539,10.161849869263728,10.027412888580551,10.153941634124527,105282000
2013-06-27,10.28838062286377,10.304196342058226,10.106494950016282,10.153943615941571,124616300
2013-06-28,10.169756889343262,10.28046991376218,10.153941173952433,10.256745963590548,90297100
2013-07-01,10.225112915039062,10.359549878275253,10.217204680926178,10.24092862909412,83146300
2013-07-02,10.20138931274414,10.359550995373993,10.12230922560001,10.240929733401604,83708600
2013-07-03,10.146037101745605,10.15394533977089,10.06695622983493,10.13812886372032,37971700
2013-07-05,10.327917098999023,10.343732812139866,10.209295856674677,10.272560217579393,80758500
2013-07-08,10.501896858215332,10.573069474081809,10.343735908606993,10.36745986250552,107441200
2013-07-09,10.699596405029297,10.699596405029297,10.478171113422892,10.573067666968495,106067300
2013-07-10,10.573070526123047,10.699599298399578,10.525622613604833,10.683783578950498,104353400
2013-07-11,10.683780670166016,10.7391368044229,10.541435463024582,10.707504619966,93756500
2013-07-12,10.897300720214844,10.91311719387349,10.65215141187362,10.707507561336934,123958400
2013-07-15,10.976380348205566,11.023828255514125,10.881483779417556,11.015920773743291,90765200
2013-07-16,11.008011817932129,11.087092663836085,10.889391303247033,11.015920053356693,146041900
2013-07-17,11.31643009185791,11.419234170940868,11.102912187213846,11.118728663485747,249674500
2013-07-18,11.672286987304688,11.743459588498249,11.387596582530445,11.387596582530445,221796400
2013-07-19,11.66438102722168,11.672289263156403,11.54576050488439,11.672289263156403,136196600
2013-07-22,11.798815727233887,11.85417185967157,11.585297923538697,11.656470524770427,112416800
2013-07-23,11.814634323120117,11.885806941708882,11.751369940856975,11.846266514251687,113736000
2013-07-24,11.632747650146484,11.862081189646144,11.609023698935019,11.862081189646144,117771100
2013-07-25,11.727643966674805,11.743460436602623,11.498310431916993,11.561574803286678,89243300
2013-07-26,11.648560523986816,11.672285223580277,11.561572221322677,11.624836578563983,73777800
2013-07-29,11.482494354248047,11.624838808257946,11.427137465416244,11.585298388855453,88616700
2013-07-30,11.482494354248047,11.569482673596918,11.435045700130898,11.529942254194422,71675200
2013-07-31,11.545762062072754,11.743463462079678,11.52203735106881,11.529945588070124,128182500
2013-08-01,11.822539329528809,11.838355797858998,11.719734547894731,11.743459250390016,108554200
2013-08-02,11.735549926757812,11.790906052433066,11.688101280342845,11.767182106310907,83367400
2013-08-05,11.703924179077148,11.735556376013665,11.624843309650325,11.680200219917527,61711900
2013-08-06,11.57738971710205,11.672286261401572,11.569481483201084,11.656469793599639,84249800
2013-08-07,11.490403175354004,11.522035363732307,11.268977856705868,11.411323081493672,128693600
2013-08-08,11.553666114807129,11.62483871834699,11.419229142380898,11.60902300321078,88544100
2013-08-09,11.427138328552246,11.553667076860819,11.38759790616311,11.514127408642512,72897900
2013-08-12,11.395506858825684,11.442955519513719,11.324334244879067,11.355966433947465,60867500
2013-08-13,11.47458553314209,11.561573848045555,11.332240332235752,11.442953350070763,75777900
2013-08-14,11.545762062072754,11.664382600408512,11.498313394235856,11.506221631237171,78553700
2013-08-15,11.324334144592285,11.442955418176444,11.316426663023371,11.43504718243666,99238900
2013-08-16,11.403414726257324,11.44295514985822,11.237345550470243,11.300609926563336,104959000
2013-08-19,11.189898490905762,11.371784163802015,11.174082771707065,11.363875927117187,98384600
2013-08-20,11.300612449645996,11.371785077184118,11.055462371922575,11.213624101638857,114332500
2013-08-21,11.340150833129883,11.450863118922493,11.229437793166387,11.276886454342423,91680600
2013-08-22,11.5220365524292,11.545761261788686,11.387599549409192,11.44295645041039,76348300
2013-08-23,11.5220365524292,11.616933127354333,11.474588642052101,11.537853025335524,67699200
2013-08-26,11.458773612976074,11.624842828562874,11.458773612976074,11.49040580860351,68938900
2013-08-27,11.15826416015625,11.395505936043378,11.150356679157637,11.276885425185222,122534200
2013-08-28,11.16617488861084,11.26897970625615,11.06337007096553,11.126634458105569,96473600
2013-08-29,11.205713272094727,11.308518070960009,11.166172848812566,11.181989319793768,76691500
2013-08-30,11.16617488861084,11.26897970625615,11.126634458105569,11.25316323238565,73233400
2013-09-03,11.268978118896484,11.371782922060605,11.213621976489216,11.30851854383205,74628700
2013-09-04,11.332284927368164,11.395593722684158,11.245235522483764,11.245235522483764,71132500
2013-09-05,11.371857643127441,11.514302866682073,11.363943851885368,11.403512053395064,71229200
2013-09-06,11.363944053649902,11.474734868903981,11.29272219530873,11.450994249456924,75513100
2013-09-09,11.458906173706055,11.466819964320363,11.371856741050493,11.403511148807116,53447300
2013-09-10,11.561779975891113,11.625088773818069,11.490558144248588,11.490558144248588,93180300
2013-09-11,11.59343433380127,11.61717569896511,11.49055810355956,11.522212502410946,81098900
2013-09-12,11.458906173706055,11.61717896718978,11.443079347178049,11.593437595346854,63355900
2013-09-13,11.466819763183594,11.514301751335964,11.435165355982214,11.443079146457709,56793400
2013-09-16,11.4984712600708,11.617175823056774,11.4984712600708,11.561780058449823,65276500
2013-09-17,11.514298439025879,11.569693447017702,11.39559388014291,11.498470862627997,73686100
2013-09-18,11.640915870666504,11.727965275551709,11.466816306195726,11.498470703854016,127092600
2013-09-19,11.561779975891113,11.735879547540444,11.538039365343606,11.712138936992936,79710700
2013-09-20,11.427248001098633,11.601347563751071,11.427248001098633,11.59343377574406,145174800
2013-09-23,11.18984317779541,11.332287623799784,11.150274982632869,11.324374588527716,127283100
2013-09-24,11.150276184082031,11.276893818484847,11.086967366880623,11.221498792108774,96912800
2013-09-25,11.18984317779541,11.26897881341994,11.102792997497712,11.174015597850174,86546100
2013-09-26,11.142362594604492,11.253153404059315,11.063226194322384,11.229412031154295,89352900
2013-09-27,10.999914169311523,11.102791157807582,10.98408734668928,11.071136757862673,79156000
2013-09-30,10.92077922821045,11.023656223125604,10.762507218610395,10.833729056905065,104439900
2013-10-01,10.999914169311523,11.01574174663419,10.928692335460797,10.960346735405706,57631000
2013-10-02,11.126533508300781,11.158187911046566,10.912865723741358,10.928693302464497,89186300
2013-10-03,11.07905101776123,11.158187398339708,10.944519623598092,11.13444603134589,95269000
2013-10-04,11.118618965148926,11.142359576923639,11.047396375124343,11.094878353374211,63495400
2013-10-07,10.928689956665039,11.039479955006877,10.920776169726262,11.007825561952028,64822700
2013-10-08,10.83372688293457,10.999912648341763,10.825813850067806,10.944517644772805,92746200
2013-10-09,10.952434539794922,11.023657138705524,10.833729956710409,10.857471326147632,96012800
2013-10-10,11.261064529418945,11.276892108669818,11.08696568586245,11.102792510412806,102305800
2013-10-11,11.229409217834473,11.300631809304743,11.166100415349888,11.268977408062451,83422000
2013-10-14,11.356029510498047,11.387683917128472,11.11862108341958,11.12653487375233,78367500
2013-10-15,11.2689790725708,11.419338066706123,11.245238456807538,11.38768366078825,102099300
2013-10-16,11.522212028503418,11.561779459414948,11.332284888506381,11.332284888506381,153481000
2013-10-17,11.601350784301758,11.601350784301758,11.403510557407934,11.435164963522922,94090800
2013-10-18,11.577609062194824,11.64883165782365,11.498472677118242,11.617177254733116,96986400
2013-10-21,11.490556716918945,11.545951719548896,11.450988534454563,11.498469749651576,91280600
2013-10-22,11.490556716918945,11.577606114580341,11.435160959588687,11.514297324517452,102836000
2013-10-23,11.245235443115234,11.458902437123566,11.213581045680654,11.435161827722721,108529700
2013-10-24,11.213582038879395,11.23732265038297,11.134445660933565,11.17401384990648,92566100
2013-10-25,11.284804344177246,11.292718132712814,11.189841145851682,11.197754179686836,58592400
2013-10-28,11.261064529418945,11.332287126646838,11.245237704868591,11.308546512471047,62328000
2013-10-29,11.197755813598633,11.308546605161283,11.12653397048749,11.284805990790902,79563100
2013-10-30,11.213582038879395,11.308545239594128,11.197754461410055,11.2294088616483,76624200
2013-10-31,11.055310249328613,11.205668464663594,11.047396460442444,11.189841641591702,105713400
2013-11-01,11.094874382019043,11.158183160557511,11.047392420765107,11.07904681003434,75610400
2013-11-04,11.110708236694336,11.17401705533186,11.079053827375574,11.15027643701795,53063200
2013-11-05,11.02365493774414,11.09487752243458,10.999913573047072,11.071136157737511,71809700
2013-11-06,11.047394752502441,11.094876723778242,11.007826568889328,11.071135360790176,66712900
2013-11-07,10.92077922821045,11.102791850575395,10.92077922821045,11.079051237810505,80775000
2013-11-08,11.332284927368164,11.332284927368164,10.952432155472199,10.968258976951011,158227300
2013-11-11,11.395593643188477,11.411421219257248,11.268976053439772,11.292717417542928,66357400
2013-11-12,11.332284927368164,11.443075696521339,11.284803708231353,11.340198715457756,69498300
2013-11-13,11.585519790649414,11.585519790649414,11.237320693950222,11.284802663391131,128018500
2013-11-14,11.712142944335938,11.72796977188267,11.561783931788352,11.617179714953563,128999400
2013-11-15,11.807100296020508,11.830840902872614,11.688396507059691,11.704223326727668,105475300
2013-11-18,11.807100296020508,12.004940447422056,11.75961832761601,11.85458150972472,145554400
2013-11-19,12.028681755065918,12.107818122117141,11.846669167428564,11.854582200373423,161505600
2013-11-20,11.981203079223633,12.08408007632528,11.933721097984224,12.068252497678648,107174900
2013-11-21,12.337313652038574,12.345227440306685,12.028682701885772,12.044510278421992,142053600
2013-11-22,12.376882553100586,12.49558636517254,12.34522815290137,12.424363776049196,110331100
2013-11-25,12.511414527893066,12.645945169007614,12.392709955567806,12.400623744662918,153765500
2013-11-26,12.566810607910156,12.638033206405385,12.511415588947434,12.535156203545668,114833700
2013-11-27,12.527241706848145,12.614291125263023,12.47184669101145,12.558896109426327,75503600
2013-11-29,12.51932430267334,12.598460663619043,12.495583696269735,12.535151876742589,44288400
2013-12-02,12.448105812072754,12.638032989703568,12.424365197881597,12.535155988607862,92987400
2013-12-03,12.297745704650879,12.495585887000281,12.179041897121397,12.3768820794708,106450300
2013-12-04,12.376933097839355,12.45611967612367,12.16312775058031,12.186884403733346,96678100
2013-12-05,12.218560218811035,12.384853029005647,12.16312877862187,12.36109637384467,95230500
2013-12-06,12.321500778198242,12.448199890745467,12.242313455263085,12.36109368447954,92203100
2013-12-09,12.3373384475708,12.408606890975625,12.321501435251017,12.369013227396687,50167200
2013-12-10,12.321500778198242,12.416525112608662,12.281907116730663,12.289826000061435,67486300
2013-12-11,12.07602310180664,12.313584363043402,12.020592417753088,12.313584363043402,117565000
2013-12-12,12.07602310180664,12.155210440614372,11.973079863431163,12.0839419867247,76113900
2013-12-13,12.020590782165527,12.1393710190288,11.980997118148993,12.099777355012266,61575600
2013-12-16,12.06810188293457,12.147289206427583,12.036427104574623,12.052264871347738,71467000
2013-12-17,12.020590782165527,12.115615122693413,11.988916001989566,12.068102574836306,74247300
2013-12-18,12.424446105957031,12.440283876270925,11.92556842405262,12.099779366386734,152929300
2013-12-19,12.471957206726074,12.503631988472211,12.35317696397466,12.40068875900068,97776100
2013-12-20,12.35317611694336,12.566980690273052,12.35317611694336,12.471956351550265,131956000
2013-12-23,12.424446105957031,12.503633447153595,12.424446105957031,12.448202761427872,52565800
2013-12-24,12.432367324829102,12.471961002859626,12.408611420085427,12.44820509811595,21770400
2013-12-26,12.392773628234863,12.471960984177292,12.384855496789895,12.46404209754573,48803600
2013-12-27,12.40860652923584,12.432362424616134,12.337338087908655,12.40860652923584,40049300
2013-12-30,12.305665969848633,12.42444622762015,12.289828954566113,12.384853311820619,56218800
2013-12-31,12.329418182373047,12.369011841515729,12.281906395550816,12.353174830970397,57188900
2014-01-02,12.74911117553711,12.796622967068041,12.416525614075356,12.424443742539637,148709900
2014-01-03,12.994593620300293,13.065862079746934,12.852056701407014,12.883732243549067,129921800
2014-01-06,13.192560195922852,13.247990879963835,13.113372857133077,13.16880354117406,114431300
2014-01-07,13.065860748291016,13.295503874300541,13.026267835021082,13.279666104843438,110605100
2014-01-08,13.12921142578125,13.216317654787058,13.081699623765786,13.200479883990921,101036400
2014-01-09,13.327176094055176,13.406363420220432,13.15296518478971,13.200476976339816,100947200
2014-01-10,13.27966594696045,13.295503716229256,13.152966813555606,13.263828177691641,87454100
2014-01-13,13.010429382324219,13.303420550030141,12.986672729386138,13.295503176090195,90025400
2014-01-14,13.27966594696045,13.27966594696045,13.089617246853186,13.097536131487589,97786600
2014-01-15,13.580580711364746,13.79438613937205,13.548906672237736,13.643930299992094,329333100
2014-01-16,13.525145530700684,13.572657328842366,13.453877078301748,13.533064415453103,163613100
2014-01-17,13.469714164733887,13.636006204983225,13.453876396032209,13.620169946654302,96232200
2014-01-21,13.469714164733887,13.58849440925095,13.35885280456766,13.525144844817,118269200
2014-01-22,13.580580711364746,13.580580711364746,13.461800421485131,13.525150010112482,68114400
2014-01-23,13.350933074951172,13.533062872371303,13.255907979130036,13.517225104672338,123765900
2014-01-24,13.026267051696777,13.240070885019447,13.026267051696777,13.200477974130404,112899300
2014-01-27,12.915403366088867,13.097534671634147,12.717435803412698,12.962916668599448,134872600
2014-01-28,13.2479887008667,13.271745351707875,12.962916442635665,13.026266001172852,92891300
2014-01-29,13.208393096923828,13.34301107013218,13.05793735972101,13.105449141332102,130026900
2014-01-30,13.40636157989502,13.45387336492306,13.279662479571968,13.311336499466524,91028200
2014-01-31,13.26382827758789,13.445958094432457,13.152966912616906,13.240071623505758,139432100
2014-02-03,12.947081565856934,13.366771918472352,12.907487138948813,13.27966720002039,159981200
2014-02-04,12.947081565856934,13.113373627752186,12.875813107795269,13.057942940453769,125337000
2014-02-05,12.986673355102539,13.026267778573722,12.788705768865082,12.915404903227229,110576200
2014-02-06,13.216315269470215,13.247989294972923,13.018347701367071,13.026266585335918,110029100
2014-02-07,13.319257736206055,13.366769529631783,13.168801961589784,13.319257736206055,122571100
2014-02-10,13.240068435668945,13.247987318456344,13.145044862965058,13.232149552881545,95792500
2014-02-11,13.366774559020996,13.39845010680486,13.176725803437561,13.247994275578005,92617500
2014-02-12,13.26382827758789,13.390527411946964,13.184640941020264,13.358853383543606,96948900
2014-02-13,13.26382827758789,13.319258960073384,13.168803171632176,13.184640941020264,95756900
2014-02-14,13.224231719970703,13.271743504668185,13.184637307412466,13.255905739644891,100684300
2014-02-18,13.042108535766602,13.255913965133269,13.042108535766602,13.224239925804879,121778600
2014-02-19,12.828302383422852,13.02627000347337,12.81246461132927,12.970837801145839,137734500
2014-02-20,12.907485961914062,12.954999269871065,12.812462366745686,12.844136395010874,107425900
2014-02-21,12.899569511413574,13.057942684826832,12.867893970507168,12.899569511413574,106236900
2014-02-24,13.089616775512695,13.168802598259735,12.907485456225345,12.907485456225345,102909600
2014-02-25,12.939159393310547,13.11337029632953,12.923321626570848,13.065858506483,81457000
2014-02-26,12.931241989135742,12.986672668692794,12.772867324367532,12.954998641962796,89831600
2014-02-27,13.057938575744629,13.057938575744629,12.8362143902909,12.883727686698986,71314500
2014-02-28,13.089616775512695,13.184640366958243,12.94707987797162,13.057941238115676,126252100
2014-03-03,12.907485961914062,12.994592182795753,12.820381251405186,12.907485961914062,87526800
2014-03-04,13.2479887008667,13.255907584480424,13.010428233945401,13.050021141641412,100849900
2014-03-05,13.66793155670166,13.715471765045958,13.295530487332037,13.303454107268749,207180000
2014-03-06,13.74716567993164,13.969020983939807,13.715471201487096,13.802629505933682,138078900
2014-03-07,13.731322288513184,13.937331922303198,13.667934825137511,13.89771532442203,109547100
2014-03-10,13.84224796295166,13.84224796295166,13.667932841782532,13.683780083145939,81732700
2014-03-11,13.683775901794434,13.881861824479557,13.667928665273466,13.873938206219073,90183400
2014-03-12,13.691706657409668,13.731323258088182,13.525313609751732,13.612471944776196,83309200
2014-03-13,13.596619606018066,13.842245763009146,13.52530854249229,13.73924173306962,100875700
2014-03-14,13.311379432678223,13.644163994058994,13.279686456548612,13.53323631069085,131297200
2014-03-17,13.557007789611816,13.604548011595286,13.446078589948506,13.454002212158485,79942200
2014-03-18,13.620392799377441,13.644162150443822,13.525310861283515,13.580774695473249,67402400
2014-03-19,13.818480491638184,13.85809708915885,13.564930640442748,13.596623616204015,105006500
2014-03-20,14.198802947998047,14.262190400437838,13.810554612894812,13.818478233359295,167048700
2014-03-21,13.913556098937988,14.285958635937229,13.913556098937988,14.285958635937229,155721000
2014-03-24,13.763015747070312,13.984871096663573,13.707550398395774,13.961101744222137,118500000
2014-03-25,13.636239051818848,13.929406986831252,13.628316942010793,13.858095908349211,98348600
2014-03-26,13.612470626831055,13.78678576872653,13.612470626831055,13.770938525478861,97573700
2014-03-27,13.477771759033203,13.858096520212051,13.33514959577207,13.691705003924904,175139500
2014-03-28,13.454001426696777,13.588699973849746,13.350997366533365,13.541159754641734,79909500
2014-03-31,13.628314018249512,13.68377784266408,13.564926574450597,13.588695921327773,62115800
2014-04-01,13.739243507385254,13.786783718783258,13.67585605509589,13.69170329598725,57423800
2014-04-02,13.652085304260254,13.770936589355298,13.572850610438199,13.74716723910194,65349000
2014-04-03,13.588701248168945,13.660012339306524,13.493620800836482,13.636241471835177,56534500
2014-04-04,13.247986793518066,13.64415866366093,13.23214106728192,13.636235044904982,110409600
2014-04-07,12.978592872619629,13.2321441989918,12.828048614453907,13.224220578360535,129464900
2014-04-08,13.026135444641113,13.073675660248316,12.875589665396069,12.970671607886677,75769700
2014-04-09,13.168758392333984,13.176680502680021,12.95482514235989,13.113293040977656,83096400
2014-04-10,12.772581100463867,13.168752950200298,12.756733863768249,13.168752950200298,98390900
2014-04-11,12.49526596069336,12.780508789415773,12.376413900481161,12.56657629005488,133757100
2014-04-14,12.677501678466797,12.851816782486367,12.503185818809243,12.717118266701618,99249400
2014-04-15,12.986517906188965,13.00236514917568,12.645810493994045,12.748815306493297,134956600
2014-04-16,12.780508041381836,12.851819122207736,12.50318809506104,12.835973390794614,172948900
2014-04-17,12.796351432800293,12.875586111123905,12.622036349508976,12.788427813840354,104765500
2014-04-21,12.748814582824707,12.812202039897203,12.701274367839382,12.796354797810032,51280500
2014-04-22,12.907281875610352,12.946898463089532,12.709195915662562,12.748812503141744,77888900
2014-04-23,12.970671653747559,12.9944410059971,12.859742468570264,12.915206305520806,52425600
2014-04-24,12.9468994140625,13.073674316838853,12.843893861009182,13.018210485783705,73910900
2014-04-25,12.637884140014648,12.859740204393372,12.622037656092298,12.756736169803158,84617700
2014-04-28,11.845540046691895,12.21001823685032,11.774228981455122,12.146630791226068,344935200
2014-04-29,12.075321197509766,12.122862165340361,11.813847763536613,11.916852564137862,155495000
2014-04-30,11.996088981628418,12.09909379702414,11.98816535991225,12.091170175307973,82359700
2014-05-01,11.956467628479004,12.059472409413008,11.908926669725656,11.996084968167144,68368300
2014-05-02,12.083244323730469,12.114938049108176,11.964393042473572,12.027780493228986,73562900
2014-05-05,11.9485445022583,11.988161843580547,11.901004297181954,11.9485445022583,51669100
2014-05-06,11.671222686767578,11.908925954992375,11.663299823815777,11.908925954992375,96268300
2014-05-07,11.726691246032715,11.821772434504021,11.687073895260143,11.77423146244931,91733000
2014-05-08,11.829697608947754,11.91685518758014,11.726692785670455,11.766310141644526,65232700
2014-05-09,11.679150581359863,11.877236584798009,11.623686742201386,11.84554285447343,86751600
2014-05-12,11.940624237060547,11.964395101914036,11.718768121228337,11.718768121228337,70669900
2014-05-13,11.908928871154785,11.964393459226269,11.83761779766148,11.916852491684716,58469100
2014-05-14,11.75838565826416,11.901007827071416,11.734615548675672,11.877236961844767,52431900
2014-05-15,11.528603553771973,11.750459627605045,11.40182865443879,11.74253600748722,104193000
2014-05-16,11.496910095214844,11.520680200480847,11.385981677910129,11.496910095214844,80476100
2014-05-19,11.623685836791992,11.647455943774355,11.393906120927612,11.433523469656935,51034700
2014-05-20,11.512757301330566,11.639532211541034,11.473139952980278,11.607838483988417,60108200
2014-05-21,11.576141357421875,11.655376030857381,11.488983821153099,11.560294876117483,64808600
2014-05-22,11.655380249023438,11.663303870362174,11.528605330156152,11.552375438534238,51929400
2014-05-23,11.663299560546875,11.734610614968437,11.607834987309081,11.65537594213607,51648900
2014-05-27,12.059473037719727,12.130784101746155,11.869309948436607,11.885157187392677,125398900
2014-05-28,11.996088981628418,12.107016663102153,11.908930654026877,12.09909379702414,72481700
2014-05-29,12.004012107849121,12.051553083538252,11.964395509686048,11.980241997823644,39423000
2014-05-30,11.996088981628418,12.067399310159466,11.940624385253395,11.980241738196082,45787100
2014-06-02,12.091169357299805,12.107015844021918,11.924777090708043,12.011934656774926,46374000
2014-06-03,12.05155086517334,12.10701469690279,11.972316172155814,12.04362724474398,49025400
2014-06-04,12.05155086517334,12.091168211682104,12.004009898235218,12.035703624314621,39757300
2014-06-05,12.225868225097656,12.265484820792254,12.059475954010717,12.107016171099485,60300500
2014-06-06,12.352643013000488,12.400183229581815,12.225868094599461,12.241714581580531,73930500
2014-06-09,12.550727844238281,12.58242157088987,12.360565484328744,12.360565484328744,78647900
2014-06-10,12.614115715026855,12.629962201058092,12.463569941720703,12.503187290255903,49852900
2014-06-11,12.352643013000488,12.534881769292436,12.320949283400232,12.431876959182071,73729300
2014-06-12,12.217944145202637,12.408106517697767,12.186250416453449,12.33679543910257,66173200
2014-06-13,12.23379135131836,12.32094967723363,12.146633781041233,12.249638594444097,61588100
2014-06-16,12.107016563415527,12.13078742836831,12.027782613820706,12.122863806717382,55425400
2014-06-17,12.352643013000488,12.376413121291153,12.09116955488884,12.099093176198433,58011600
2014-06-18,12.400182723999023,12.431876452307057,12.233790461472324,12.38433623766405,70220300
2014-06-19,12.320945739746094,12.416026901200363,12.281328400230672,12.4081032821697,40953900
2014-06-20,12.249590873718262,12.392304797522034,12.241662154368209,12.392304797522034,54765300
2014-06-23,12.400237083435059,12.408165048941063,12.194094857788713,12.265451840214334,58492200
2014-06-24,12.281307220458984,12.44780657635955,12.241664372649435,12.336807509842128,73262500
2014-06-25,12.265448570251465,12.2813052531606,12.114805923930968,12.249591131218018,71766400
2014-06-26,12.217878341674805,12.313020717878137,12.106879280833114,12.24166374669454,68519600
2014-06-27,12.154450416564941,12.225807389660629,12.138593731501684,12.194093263409702,58149200
2014-06-30,12.186164855957031,12.249593110088766,12.122736601825297,12.138594043420447,47274500
2014-07-01,12.368518829345703,12.408160912032502,12.194090792251608,12.194090792251608,74193500
2014-07-02,12.566733360290527,12.709447289973424,12.495376395449078,12.511233078678108,87685800
2014-07-03,12.709447860717773,12.868017724626286,12.685661700619573,12.741161228599989,70582300
2014-07-07,12.63808822631836,12.685659783200027,12.550874587513587,12.677731064365709,62437100
2014-07-08,12.352662086486816,12.550875535571809,12.305091282136027,12.542946816138576,73343400
2014-07-09,12.368518829345703,12.439875031856495,12.320947271547583,12.384375511195572,46415800
2014-07-10,12.24166202545166,12.313018986602087,12.091020140008535,12.154448381892406,61458500
2014-07-11,12.194091796875,12.233734638952075,12.130663552001408,12.20202051651528,56849400
2014-07-14,12.344735145568848,12.424020839075315,12.305093054940025,12.384377992322081,59181700
2014-07-15,12.535017013549805,12.566731130504976,12.416088507874766,12.487445460054952,99946700
2014-07-16,12.297163009643555,12.416090780967263,12.233734764121,12.416090780967263,123711700
2014-07-17,12.051376342773438,12.27337517173757,11.995876824563462,12.249589771951042,114839900
2014-07-18,12.281307220458984,12.289235941245781,12.091022458322463,12.106879899896056,74859200
2014-07-21,12.305092811584473,12.32887821671625,12.178235553258075,12.225807119646024,61802200
2014-07-22,12.305092811584473,12.384377747398526,12.265449965615248,12.36059234226675,58331100
2014-07-23,12.305092811584473,12.39230646781725,12.29716409116575,12.305092811584473,47253300
2014-07-24,12.38437557220459,12.400233010256835,12.328876051270258,12.336804770296382,46549800
2014-07-25,12.360590934753418,12.392305056692598,12.328876812814238,12.360590934753418,35627200
2014-07-28,12.289234161376953,12.37644780902713,12.257520038947405,12.360591125874517,39313000
2014-07-29,12.16237735748291,12.313019246100835,12.16237735748291,12.305091282791484,51480500
2014-07-30,12.352662086486816,12.424019049137302,12.138591954659661,12.23373431948554,83243100
2014-07-31,12.091018676757812,12.328874933099199,12.091018676757812,12.241660543970314,70677300
2014-08-01,11.87695026397705,12.202020976360215,11.765951209327321,12.035521638261267,115978900
2014-08-04,11.932449340820312,11.987948862533083,11.87694906298327,11.948306022970701,51954700
2014-08-05,11.892807960510254,12.051378582092184,11.813522271657105,11.900736680620442,65071500
2014-08-06,12.051376342773438,12.178232816467228,12.00380554320038,12.00380554320038,95977900
2014-08-07,11.98794937133789,12.241662345506636,11.964163969040646,12.241662345506636,80058300
2014-08-08,12.051376342773438,12.051376342773438,11.884877032019283,11.956233987503095,54495000
2014-08-11,12.067232131958008,12.106874963604131,12.011731865203785,12.098946246050081,41545100
2014-08-12,12.059307098388672,12.130664065925632,12.011735534655914,12.035521694584471,33674400
2014-08-13,12.091018676757812,12.122732793861717,12.051375841346882,12.091018676757812,34394600
2014-08-14,12.146522521972656,12.146522521972656,12.098951707423508,12.098951707423508,29934600
2014-08-15,12.067232131958008,12.217873984864328,12.003803903773859,12.162374474234229,61535500
2014-08-18,12.249590873718262,12.249590873718262,12.106877706038784,12.114805669264541,54968600
2014-08-19,12.249590873718262,12.408161480097844,12.241662154368209,12.305091153044335,44825500
2014-08-20,12.305092811584473,12.39230646781725,12.1861642736768,12.2178783992273,57825000
2014-08-21,12.812519073486328,12.860089884689577,12.38437799203503,12.439877523813626,177294400
2014-08-22,12.788732528686523,12.915590541843319,12.725304278232514,12.812518689700068,107641800
2014-08-25,12.915589332580566,13.002802223633761,12.84423236846973,12.899731893389571,89396500
2014-08-26,12.947305679321289,13.050376033293368,12.939376957900516,12.95523440074206,73323400
2014-08-27,12.844234466552734,12.994875626728236,12.796662141208897,12.97901969719584,63061800
2014-08-28,12.69359016418457,12.76494713078872,12.677732724439494,12.76494713078872,62170400
2014-08-29,12.757018089294434,12.796660175409002,12.701518563834577,12.725303210603858,50106600
2014-09-02,12.899731636047363,12.907660355484685,12.73323155236078,12.796659795610761,59400400
2014-09-03,12.804296493530273,12.947450358237589,12.756579044264624,12.939497197208254,67418900
2014-09-04,12.812249183654785,12.939496721626538,12.75657857540593,12.804296022917761,56378600
2014-09-05,12.740673065185547,12.780437354492319,12.645236647174729,12.764531032005449,80974900
2014-09-08,13.003119468688965,13.019025788912924,12.84405930026976,12.875871940717676,99411200
2014-09-09,12.83610725402832,12.931543666743504,12.804296127730138,12.92359050594138,82428900
2014-09-10,13.01107120513916,13.042882325196139,12.828151576398948,12.852011054124198,75656100
2014-09-11,13.178089141845703,13.225806602631103,12.963358292945314,12.979264618844022,106598100
2014-09-12,13.35305404663086,13.3848651775956,13.209900165013174,13.217853326981993,116306800
2014-09-15,13.313283920288086,13.464390914881937,13.217849041425689,13.361001359719284,87306900
2014-09-16,13.2894287109375,13.392818299310878,13.257617580068372,13.257617580068372,65017200
2014-09-17,13.337146759033203,13.464394307519125,13.265569823396067,13.289427790668158,82902700
2014-09-18,13.551876068115234,13.639357799961315,13.416675373178279,13.42462701678316,111923200
2014-09-19,13.480299949645996,13.655264940752016,13.424627822697833,13.639358618766826,88455000
2014-09-22,13.543924331665039,13.65526555676344,13.512111686259539,13.591641782862865,109276700
2014-09-23,13.559829711914062,13.679125620328184,13.543924905447936,13.559829711914062,91921900
2014-09-24,13.663217544555664,13.671170705223926,13.496204204342723,13.615500097456378,86396100
2014-09-25,13.400771141052246,13.663219411321295,13.400771141052246,13.647313087811535,104522500
2014-09-26,13.543924331665039,13.559829137457365,13.432581589656214,13.448487912358964,66785900
2014-09-29,13.528020858764648,13.559831993961033,13.424631256327224,13.44849074540757,68038300
2014-09-30,13.559829711914062,13.607548682043905,13.496205935318091,13.583689196978984,82217400
2014-10-01,13.376912117004395,13.591642941058273,13.361005792946205,13.575736617000084,91235900
2014-10-02,13.424627304077148,13.51211055470568,13.22580283767434,13.40872249961675,118018800
2014-10-03,13.750699996948242,13.758651640244723,13.567780346014866,13.607546147048298,110840600
2014-10-06,13.750699996948242,13.846134885608068,13.695027875501436,13.814323761691528,66212100
2014-10-07,13.424627304077148,13.679123895277394,13.424627304077148,13.663217573906698,91396300
2014-10-08,13.61550235748291,13.61550235748291,13.297381945589,13.424629503582347,101266800
2014-10-09,13.193991661071777,13.6075469136567,13.162179018452802,13.551876305983784,121363100
2014-10-10,13.106508255004883,13.33714536052038,13.011073362102815,13.138320897245753,129552700
2014-10-13,13.042887687683105,13.257618524765295,13.042887687683105,13.106511470865534,92674100
2014-10-14,13.138317108154297,13.225798815266417,13.011069609709544,13.130363949887771,97451900
2014-10-15,12.533896446228027,12.915639115596875,12.27144817142313,12.907685953704542,216591800
2014-10-16,12.788389205932617,12.92358989940278,12.343022840288068,12.414599008782456,148199400
2014-10-17,12.891776084899902,13.050836245186671,12.852011803283267,12.9235887237213,94339200
2014-10-20,12.931546211242676,12.987216830901364,12.852016104482855,12.88382875395103,76510700
2014-10-21,13.201948165893555,13.209901328562902,12.971310999214484,13.066747434335985,78287300
2014-10-22,13.042887687683105,13.281478012300198,13.019029717058848,13.193994741582866,85199800
2014-10-23,13.201948165893555,13.305336246773729,13.138324381449443,13.186041840554857,68436600
2014-10-24,13.297380447387695,13.297380447387695,13.17013290373119,13.225803514467113,41951400
2014-10-27,13.193991661071777,13.273521750708921,13.122414732089375,13.265568590054178,51500000
2014-10-28,13.361002922058105,13.361002922058105,13.209897426705123,13.217850587025316,71850800
2014-10-29,13.512114524841309,13.535974013907758,13.289430510953336,13.337149489086237,99875700
2014-10-30,13.543924331665039,13.61550126691699,13.392817299809764,13.488252202205414,72579100
2014-10-31,13.647309303283691,13.695026743669974,13.599591862897407,13.655262462833084,82788900
2014-11-03,13.734792709350586,13.798416469613578,13.599592029177964,13.663215789440956,64050700
2014-11-04,13.687074661254883,13.758651585922252,13.53596916865506,13.695027821430168,53515400
2014-11-05,13.790471076965332,13.81433056934326,13.687081460238588,13.774564748713377,58608200
2014-11-06,13.806371688842773,13.838182815264684,13.742747919088627,13.790465367176656,57339200
2014-11-07,13.806371688842773,13.822276493598567,13.695028954090274,13.76660588467748,53907800
2014-11-10,13.814324378967285,13.8381823437432,13.75865225503284,13.806371218405221,54261100
2014-11-11,13.774554252624512,13.885895431725283,13.75864793649303,13.814320042953213,62236000
2014-11-12,13.750699996948242,13.758651640244723,13.575733506221551,13.71093419591481,48669100
2014-11-13,13.695028305053711,13.758652071792593,13.6154997343128,13.750700428246704,50586300
2014-11-14,13.6314058303833,13.718889086782807,13.599594702453732,13.655265314013274,41144600
2014-11-17,13.591642379760742,13.631406671353503,13.49620595626343,13.56778289465879,43393300
2014-11-18,13.6314058303833,13.695029603152834,13.567782057613767,13.575735218823759,39490700
2014-11-19,13.56777572631836,13.63935262689709,13.528011455734482,13.63935262689709,49441600
2014-11-20,13.520066261291504,13.528019423474476,13.384865538002165,13.488253612559621,49652100
2014-11-21,13.61550235748291,13.671172974491181,13.567783385552497,13.639360326537572,63000000
2014-11-24,13.663217544555664,13.742747634328001,13.583687454783325,13.647311223219138,52785700
2014-11-25,13.599594116210938,13.726841656264696,13.583687794476635,13.702982173663242,44786300
2014-11-26,13.607547760009766,13.639358887697016,13.551877148874288,13.615500921159175,27310300
2014-11-28,13.551876068115234,13.639357799961315,13.54392290760009,13.57573403275041,27834900
2014-12-01,13.35305404663086,13.472348442342085,13.305335074817936,13.456442118404444,61173100
2014-12-02,13.639355659484863,13.639355659484863,13.408720108381202,13.416673267648228,62945200
2014-12-03,13.790908813476562,13.798883708401432,13.607454281941804,13.639359947024666,70104200
2014-12-04,13.727093696594238,13.830785558163551,13.663283905376748,13.751022938805331,49412800
2014-12-05,14.101978302001953,14.125906024141598,13.838762709047312,13.886619674672108,131824000
2014-12-08,14.086029052734375,14.253530757007107,13.966385847594363,14.086029052734375,101035100
2014-12-09,14.006263732910156,14.030192977904745,13.695191154708523,13.703167569706718,95939400
2014-12-10,13.862695693969727,14.101983655627125,13.854720797792623,13.942458347855526,103611100
2014-12-11,13.934478759765625,14.078051199823244,13.910551033986515,13.910551033986515,80173200
2014-12-12,13.663285255432129,13.93447727523903,13.663285255432129,13.93447727523903,88886700
2014-12-15,13.43995189666748,13.806857856777869,13.368165683368387,13.798881441817349,101305300
2014-12-16,13.336263656616211,13.711147655159317,13.232573276573103,13.352216490883153,96112000
2014-12-17,13.766977310180664,13.77495372514516,13.416022658470848,13.455904733293325,92164100
2014-12-18,13.982335090637207,13.982335090637207,13.830786258319279,13.93447660379228,79334000
2014-12-19,14.05412483215332,14.117934642640057,13.950432939271193,13.950432939271193,105588200
2014-12-22,14.125901222229004,14.141854045796155,13.998281676381778,14.07804427287254,70969300
2014-12-23,14.301382064819336,14.349239023632629,14.181738907113457,14.221619452566985,94405200
2014-12-24,14.341265678405762,14.436981137854755,14.293408709354074,14.333289263339545,35091300
2014-12-26,14.341265678405762,14.397099062523667,14.317337954552725,14.37317133867063,34362500
2014-12-29,14.444963455200195,14.50877328045731,14.285438131384293,14.333295119990568,58370900
2014-12-30,14.460909843444824,14.500791921483465,14.365195898843522,14.389125145666707,41433500
2014-12-31,14.2694730758667,14.524712158335415,14.2694730758667,14.508760856689822,57819600
2015-01-02,14.27745532989502,14.381147200420672,14.101978769226564,14.349241541383376,48951100
2015-01-05,13.862695693969727,14.205674040736405,13.790910978953201,14.189722727036113,105605500
2015-01-06,13.447933197021484,13.910554783374675,13.384123375501947,13.894601947658252,144912400
2015-01-07,13.511738777160645,13.703168181628923,13.455905391025604,13.671262520211373,104603800
2015-01-08,13.790908813476562,13.830789373484293,13.639359947024666,13.687216923303112,73388500
2015-01-09,13.543644905090332,13.862693959365638,13.519717176860867,13.862693959365638,84144600
2015-01-12,13.30435562133789,13.58352405404063,13.288402791733033,13.575547639238202,92762500
2015-01-13,13.12090015411377,13.471853210724094,13.017208302712097,13.416019839051783,100845400
2015-01-14,12.793877601623535,12.937448508035368,12.578518959987376,12.761971941523834,164779800
2015-01-15,12.123872756958008,12.570542093567967,12.08399144393828,12.434946085704556,193241300
2015-01-16,12.267444610595703,12.28339667866007,11.94041922821237,12.091967297851204,149802000
2015-01-20,12.17172908782959,12.46684955322968,12.123871365563744,12.434944658610014,123402800
2015-01-21,12.291377067565918,12.418996696038887,12.08399479096085,12.187685929263385,101054200
2015-01-22,12.833759307861328,12.913521943927577,12.307328039708116,12.403042746583893,183042100
2015-01-23,12.546613693237305,12.91352118915877,12.546613693237305,12.793878002725165,103376900
2015-01-26,12.642328262329102,12.706138058676844,12.522684323672502,12.538637153095825,69969300
2015-01-27,12.466851234436035,12.594470830124731,12.347207292973287,12.403041436591687,86184200
2015-01-28,12.123872756958008,12.546612849352464,12.107920688153783,12.53863719528674,105359800
2015-01-29,12.307326316833496,12.355183283235561,12.12387258383154,12.211611623356601,76095800
2015-01-30,12.083992958068848,12.339232936973145,12.083992958068848,12.147802762626704,99844600
2015-02-02,12.331256866455078,12.355185353665945,12.060064809155593,12.17970876655572,101586700
2015-02-03,12.674234390258789,12.706139291528329,12.450899320699156,12.458875736184753,105159400
2015-02-04,12.594470024108887,12.761970922898843,12.562565127228549,12.594470024108887,83848100
2015-02-05,12.738044738769531,12.833759446680629,12.682210588650063,12.746020393924129,92264700
2015-02-06,13.152809143066406,13.36019140110779,12.93745046879122,13.001260277315811,160832300
2015-02-09,13.041139602661133,13.160782778193791,12.961376978524187,13.041139602661133,95532900
2015-02-10,13.096975326538086,13.256500603355137,13.041141936055855,13.208642107502548,100322800
2015-02-11,13.049117088317871,13.120903303798986,12.92947238161892,13.025187842708952,99924400
2015-02-12,13.296379089355469,13.344236056402716,13.057092732773684,13.088996870356665,116394100
2015-02-13,13.248526573181152,13.392099043901945,13.192693172644413,13.344240539430972,93632700
2015-02-17,13.264473915100098,13.304355990218022,13.057093209869322,13.176736392531879,93350600
2015-02-18,13.001258850097656,13.208641085373575,12.953401879294189,13.200664670015385,84057400
2015-02-19,12.929472923278809,13.065068944718647,12.8257825639875,12.929472923278809,83604300
2015-02-20,13.065067291259766,13.104949363898122,12.769947560463487,12.87363790663219,89763600
2015-02-23,12.921497344970703,13.017211283657394,12.841734715168045,13.017211283657394,87623700
2015-02-24,13.065067291259766,13.200663295539153,12.961376945091063,12.977329774146405,74109600
2015-02-25,13.152809143066406,13.16078555930021,13.01721310978342,13.057095190952438,57201000
2015-02-26,12.793877601623535,13.11292659589251,12.682209312620188,13.096973765842659,161100700
2015-02-27,12.610424041748047,12.666257426384211,12.458875196774441,12.58649479632728,130448200
2015-03-02,12.769949913024902,12.785902745019177,12.53863917381819,12.594472564452358,71402400
2015-03-03,12.793877601623535,12.881615124206498,12.730067042096936,12.78590118659861,65689800
2015-03-04,12.673860549926758,12.785876504749162,12.60985121487068,12.769874552510874,78441600
2015-03-05,12.8018798828125,12.825883956989856,12.601850509643555,12.737870544442558,69510000
2015-03-06,12.977906227111816,13.297954470842875,12.801880913942236,12.801880913942236,163207200
2015-03-09,12.937898635864258,13.065917299921436,12.897893375634961,13.049914585388576,72912700
2015-03-10,12.6338529586792,12.905892217420194,12.6338529586792,12.833883059748322,85633600
2015-03-11,12.889891624450684,12.929896883457412,12.697862871181929,12.737868893240062,85910100
2015-03-12,12.873887062072754,12.969900280345183,12.721864352688389,12.841881638580219,126376300
2015-03-13,12.873887062072754,12.921893671208968,12.753869013129629,12.86588570619962,88581900
2015-03-16,12.90589714050293,12.977907851746743,12.681865173169578,12.889895947195777,63406500
2015-03-17,12.873887062072754,12.897891129692155,12.769871724875896,12.857884350326486,67315000
2015-03-18,12.785876274108887,12.881891038012487,12.729868297707993,12.80988034661051,86387600
2015-03-19,12.489831924438477,12.777874667223736,12.489831924438477,12.769873310357172,109169200
2015-03-20,12.673860549926758,12.745871242627711,12.513837212286564,12.56184383205289,99867700
2015-03-23,12.577847480773926,12.705866160386645,12.577847480773926,12.657858774006115,73773500
2015-03-24,12.489831924438477,12.641854652697672,12.489831924438477,12.5858459176831,77011000
2015-03-25,12.32981014251709,12.521838152993123,12.32180878465105,12.50583620031253,88541500
2015-03-26,12.337812423706055,12.433826436129456,12.209793740474852,12.313809111363089,76741500
2015-03-27,12.249798774719238,12.393819400130045,12.217794106511118,12.385818042315144,73140800
2015-03-30,12.417824745178223,12.489834683731809,12.321809967670324,12.337812684938827,70835300
2015-03-31,12.31380558013916,12.41782092119897,12.305804223968869,12.401818208858389,61381700
2015-04-01,12.32981014251709,12.369816168795802,12.201791468866402,12.337811500383129,73153900
2015-04-02,12.433821678161621,12.497830995283202,12.345809057882258,12.345809057882258,50443500
2015-04-06,12.409822463989258,12.481833160241079,12.273802429525043,12.313808456670666,51189500
2015-04-07,12.3698148727417,12.521836841010836,12.361813515714006,12.425822845832737,50057800
2015-04-08,12.489831924438477,12.593847274549667,12.40181928806042,12.409820644926985,71732500
2015-04-09,12.569845199584961,12.609851224789344,12.425823814069771,12.505835864478536,44935600
2015-04-10,12.577847480773926,12.633855462341609,12.481833471064386,12.5538434060579,43817700
2015-04-13,12.641855239868164,12.689861857194524,12.593847859490381,12.625852525391762,49191200
2015-04-14,12.657858848571777,12.761874217132732,12.569846196582445,12.705866235235112,84385400
2015-04-15,12.513835906982422,12.681860584741026,12.47382988598249,12.561842521741232,124479100
2015-04-16,12.6338529586792,12.753870256269304,12.465828284222233,12.513835661089097,105591000
2015-04-17,12.44982624053955,12.601848200549613,12.401818864032952,12.569843537229001,88994300
2015-04-20,12.4578275680542,12.553841563672853,12.449826974041201,12.497833590324824,53649400
2015-04-21,12.401820182800293,12.513836897859589,12.345812206796365,12.48183223113571,64033100
2015-04-22,12.593844413757324,12.66585508309584,12.393815115839763,12.441822483082513,73092800
2015-04-23,12.553841590881348,12.641854992677757,12.545840996851009,12.577845662126592,50292200
2015-04-24,12.513835906982422,12.601848542741163,12.489831836551632,12.569843878551495,40766100
2015-04-27,12.44982624053955,12.609849557142606,12.44982624053955,12.50583421058778,73523400
2015-04-28,12.521838188171387,12.569845572451007,12.401820872049566,12.465830209054735,58080100
2015-04-29,12.785876274108887,12.833884419112136,12.457828247101174,12.4818323196028,134499400
2015-04-30,12.74587345123291,12.841886707402741,12.641858072980131,12.801881438349177,78313900
2015-05-01,12.889891624450684,12.921895526435506,12.737868893240062,12.801878223312512,78171400
2015-05-04,13.1539306640625,13.16193202130479,12.897893336720637,12.913894525102366,76592300
2015-05-05,13.081921577453613,13.289952312927298,13.065918861008782,13.137929558907484,106148700
2015-05-06,13.033913612365723,13.193936182030408,12.865888159199491,13.089921588053507,96426500
2015-05-07,12.993907928466797,13.065918625065132,12.87389060950391,12.98590657038887,73794800
2015-05-08,13.161930084228516,13.1699299141906,12.977901946945469,13.05791398148993,86333700
2015-05-11,13.19393253326416,13.273944559020714,13.145925928251213,13.161928638623015,56246000
2015-05-12,13.145929336547852,13.185934596746916,13.081920004567639,13.169931882226148,59627100
2015-05-13,13.177932739257812,13.217939524041089,13.089920864940195,13.153930194490643,47330600
2015-05-14,13.217938423156738,13.273946391085786,13.16193045522769,13.225939779446984,55395700
2015-05-15,13.081921577453613,13.217941615028598,13.041914786341538,13.217941615028598,54937800
2015-05-18,13.209935188293457,13.233939253750597,13.049911137450767,13.049911137450767,51059900
2015-05-19,13.417970657348633,13.425972015371324,13.265947907123518,13.273949265146209,89115500
2015-05-20,13.393963813781738,13.481977207729612,13.305950419833865,13.425969239254668,67684000
2015-05-21,13.385965347290039,13.401968063481306,13.249945311870286,13.36996263109877,52056600
2015-05-22,13.40196704864502,13.441972309990861,13.361961787299178,13.377962976175777,47032900
2015-05-26,13.201935768127441,13.385962385297304,13.145927799954238,13.385962385297304,100048200
2015-05-27,13.393963813781738,13.401965170149971,13.23394126472514,13.24994245135892,70026700
2015-05-28,13.337957382202148,13.385963999840527,13.26594669269315,13.37796264255032,60970000
2015-05-29,13.201935768127441,13.337955773449226,13.177931699152065,13.3299544171241,74266200
2015-06-01,13.241939544677734,13.313950217458425,13.177930227328511,13.265943610972133,62941600
2015-06-02,13.377963066101074,13.409968496275201,13.201937778452093,13.217940493539157,65513200
2015-06-03,13.586616516113281,13.658843186967475,13.377961859276729,13.377961859276729,89614900
2015-06-04,13.466243743896484,13.626746320039391,13.41809159344107,13.538470438899004,61025500
2015-06-05,13.795271873474121,13.923674510250736,13.618717099896147,13.674894592831066,119087400
2015-06-08,13.70699691772461,13.907626264606224,13.682920845053857,13.85947564994516,69749600
2015-06-09,13.891571998596191,13.923673420618252,13.642792100645424,13.68291734749295,82104900
2015-06-10,14.116279602050781,14.140355672390053,13.93170098815725,13.955775527816227,102643100
2015-06-11,14.036026954650879,14.188505665475944,13.995901703177022,14.14035505757127,77191500
2015-06-12,14.036026954650879,14.108253631848005,13.931700382410716,14.00392705960784,53149400
2015-06-15,14.019975662231445,14.04405173052864,13.843422420092516,13.907623738204869,68053400
2015-06-16,14.084183692932129,14.092209052856118,13.939731806343008,14.011956984297122,47291200
2015-06-17,13.939725875854492,14.124304483536813,13.883548380286609,14.116279127027115,88712100
2015-06-18,13.947749137878418,13.963799850249,13.819346500274118,13.923674600002725,97599900
2015-06-19,13.779224395751953,13.955777680094,13.739099136345294,13.867501803263242,83395400
2015-06-22,14.019975662231445,14.068127798825833,13.923674450402999,13.931699806502063,58477700
2015-06-23,14.180477142333984,14.220602384847277,14.092199771988874,14.092199771988874,63865700
2015-06-24,14.036026954650879,14.196531021906761,14.00392705960784,14.068128380374146,59079500
2015-06-25,13.939725875854492,14.140355196556209,13.923675162835098,14.10022841400772,59772200
2015-06-26,13.971826553344727,14.060103949212856,13.923675942271348,14.028002521377053,63080800
2015-06-29,13.554515838623047,13.843422537927895,13.530441300801094,13.747119794599552,98604200
2015-06-30,13.658844947814941,13.747120810821302,13.522416944244792,13.706995557698438,89039800
2015-07-01,13.81934642791748,13.89157310252675,13.7150198594153,13.843422496347296,62317400
2015-07-02,13.666873931884766,13.811325799874057,13.55452043809661,13.771200536101592,64736500
2015-07-06,13.594642639160156,13.65081860173302,13.41006250840337,13.466240001656415,58726900
2015-07-07,13.394015312194824,13.586619297001194,13.113133927013715,13.562543224895245,115450500
2015-07-08,13.040905952453613,13.241535274799054,13.016829882727269,13.177333952875722,83033000
2015-07-09,13.225483894348145,13.418087850400184,13.20140935651675,13.265610675200765,81534400
2015-07-10,13.4020414352417,13.514393383460812,13.3699400039331,13.482291952152211,72965300
2015-07-13,13.658844947814941,13.682919487416545,13.562542197367659,13.618718164011785,67934300
2015-07-14,13.74712085723877,13.763171570814228,13.53044234669127,13.586618313525078,69999800
2015-07-15,14.188506126403809,14.32493412879924,14.036027410625321,14.068128837391434,173099900
2015-07-16,14.40518569946289,14.501486915288252,14.332959022253755,14.373084273734285,117054300
2015-07-17,14.525565147399902,14.573715762482072,14.357035698591623,14.413211671300898,96894900
2015-07-20,14.541616439819336,14.629892315860292,14.509515008036793,14.565690982975726,71980100
2015-07-21,14.509515762329102,14.581742456914084,14.461365142832644,14.533591837417628,63732800
2015-07-22,14.806443214416504,14.830517751207482,14.469385923221783,14.469385923221783,110327000
2015-07-23,14.589762687683105,14.790391984200904,14.509510662939974,14.758290562031627,103650100
2015-07-24,14.365057945251465,14.629888566871069,14.316907340597025,14.589763318105723,86364300
2015-07-27,14.180477142333984,14.268754512679093,14.044049174836944,14.172451787695348,93231900
2015-07-28,14.34900951385498,14.357034871019485,14.124305635970325,14.276784360735176,82166800
2015-07-29,14.573716163635254,14.60581759502729,14.38111216732454,14.405188240868565,96388600
2015-07-30,14.54963493347168,14.67803908285087,14.485433624122063,14.605812418497557,65667900
2015-07-31,14.34900951385498,14.493462881455326,14.332960330206339,14.46938834064218,67176900
2015-08-03,14.260736465454102,14.421239048431078,14.156408332372433,14.373088426606051,62376800
2015-08-04,14.284805297851562,14.389133389207455,14.212578628660578,14.276781472990393,69741500
2015-08-05,14.340985298156738,14.485437131156297,14.284807799529865,14.389135909156591,65228600
2015-08-06,14.292830467224121,14.429258448287845,14.260730576157382,14.373082490911024,47594700
2015-08-07,14.244682312011719,14.501487607375758,14.124305021144863,14.381110316508902,71020700
2015-08-10,14.477413177490234,14.485437003685997,14.332959815081525,14.340985171957598,65791200
2015-08-11,14.276782989501953,14.421234812547858,14.220605494746067,14.324933597183922,65868600
2015-08-12,14.060103416442871,14.1644299915954,13.658844767781924,14.140355452311114,141600100
2015-08-13,14.140355110168457,14.196531074712903,13.995901755236892,14.092202971404447,67456200
2015-08-14,14.204557418823242,14.204557418823242,14.076154767885116,14.100229308260804,52710300
2015-08-17,14.260736465454102,14.292836369777229,14.092206993045508,14.132333786800254,42310000
2015-08-18,14.19653606414795,14.365064017011177,14.164434627023086,14.220610611310828,50360700
2015-08-19,14.011951446533203,14.196531590473919,13.995902263709032,14.084178126622986,78540500
2015-08-20,13.41808795928955,13.803297405199828,13.41808795928955,13.795272048964177,149185400
2015-08-21,12.92052936553955,13.36993864336309,12.92052936553955,13.000781404963838,148874300
2015-08-24,12.270490646362305,12.824227298959466,11.716753993765145,12.053811352855663,214649500
2015-08-25,12.246413230895996,13.000779862919043,12.238387874837434,13.000779862919043,194377000
2015-08-26,12.888426780700684,12.888426780700684,12.310614903931755,12.687798230827658,174208500
2015-08-27,13.193382263183594,13.201407618297425,12.912500956919398,13.145230132500606,124185400
2015-08-28,13.129183769226074,13.193385093228244,13.000781121221737,13.161283665887007,75899300
2015-08-31,13.113129615783691,13.145229504024337,12.984727001461296,13.105104261053553,66695200
2015-09-01,12.503218650817871,12.880401205977194,12.406916672989528,12.80014994045695,119064000
2015-09-02,12.760851860046387,12.768902286958689,12.535423014809773,12.736698275896915,74820400
2015-09-03,12.8333101272583,13.034586153297925,12.776953300649712,12.857463711065561,77175800
2015-09-04,12.599831581115723,12.768902838443218,12.479066726369322,12.712546008602127,104539500
2015-09-08,13.010431289672852,13.010431289672852,12.801104857426129,12.849411252484643,73960200
2015-09-09,12.801104545593262,13.251960638737463,12.744747725901258,13.179502967425005,70466100
2015-09-10,12.913822174072266,12.97017900447146,12.728648524782555,12.776954160037798,71110200
2015-09-11,12.913822174072266,12.929923028751707,12.80110697766542,12.873566198352513,54287700
2015-09-14,12.84941291809082,12.937973758073015,12.801106516770586,12.857464112944893,50640900
2015-09-15,13.13119888305664,13.19560691145708,12.889669160457126,12.913822746960488,62327100
2015-09-16,13.147297859191895,13.195603484043234,12.95407382417841,13.163400246011717,83776400
2015-09-17,12.768900871276855,13.268063371294557,12.704492856294191,13.115095295465858,119088200
2015-09-18,12.527374267578125,12.648139133300987,12.479067860606406,12.623986313717273,136531200
2015-09-21,12.640087127685547,12.680342336282212,12.535423892455915,12.615934309649244,79096200
2015-09-22,12.53542423248291,12.543475427981482,12.43881218991283,12.471016204102858,92235200
2015-09-23,12.656189918518066,12.760853157057841,12.54347548444348,12.559577875513106,78117500
2015-09-24,12.519322395324707,12.575679227243004,12.39855676832289,12.511271199963735,99520100
2015-09-25,12.793057441711426,12.897720682462744,12.728649411680504,12.785006246006489,88655000
2015-09-28,12.454913139343262,12.736698038940352,12.38245392385127,12.712545223044414,91324300
2015-09-29,12.358302116394043,12.503219791399152,12.27779169976569,12.479066973532339,79829400
2015-09-30,12.543476104736328,12.55957849660224,12.334149617305286,12.519323284741763,71347100
2015-10-01,12.519322395324707,12.591781617964946,12.366352754683257,12.495169577046044,71516800
2015-10-02,12.382453918457031,12.382453918457031,11.778628146692377,12.140923456190336,181838400
2015-10-05,12.632034301757812,12.712544708558193,12.430759052561005,12.438810246801872,75315300
2015-10-06,12.632034301757812,12.73669752347665,12.535422274279842,12.62398387532109,67473700
2015-10-07,12.680340766906738,12.825259192797287,12.535422341016192,12.70449358195378,66655600
2015-10-08,12.680340766906738,12.70449358195378,12.487116710922107,12.656187951859696,79056900
2015-10-09,12.543476104736328,12.736700200301456,12.479068072881285,12.68034336437937,76667100
2015-10-12,12.495172500610352,12.575682169644603,12.422713261016426,12.559580542959525,50725800
2015-10-13,12.495172500610352,12.551529345714771,12.398559669282164,12.438814887701504,73689800
2015-10-14,12.591782569885254,12.817210682404728,12.519323341767203,12.696445814077515,122272400
2015-10-15,13.034588813781738,13.107048044384786,12.656191036079335,12.728650266682383,127028800
2015-10-16,12.978231430053711,13.11509868926004,12.905772202496912,13.11509868926004,66989500
2015-10-19,12.994330406188965,13.050687233777303,12.865514361527513,12.88161675101229,62953500
2015-10-20,13.042637825012207,13.115097043476261,12.96212741165121,13.010433045424444,50797800
2015-10-21,12.801104545593262,13.11509495411869,12.801104545593262,13.09094137327576,64440400
2015-10-22,13.010431289672852,13.042636064914594,12.881615259922285,12.881615259922285,74116600
2015-10-23,13.300268173217773,13.324420219129498,13.082890546363004,13.115095321722913,82285800
2015-10-26,13.292219161987305,13.324422407026844,13.15535191545022,13.300270357149305,67702800
2015-10-27,13.20366096496582,13.2600178100639,13.123150528136199,13.20366096496582,56159300
2015-10-28,13.912148475646973,13.936300527445722,13.24391458012993,13.24391458012993,147720100
2015-10-29,13.759174346923828,14.040959965831654,13.662561564358143,13.815531163583776,95542300
2015-10-30,13.509596824645996,13.83163695308633,13.493494434321864,13.83163695308633,87645800
2015-11-02,13.735025405883789,13.799433437476345,13.582057290606842,13.606209342698675,56948200
2015-11-03,13.831633567810059,13.89604157773434,13.67866396838686,13.694766354769952,66127100
2015-11-04,13.694767951965332,13.936297633448522,13.654511981312623,13.92824643931798,78728400
2015-11-05,13.936299324035645,13.98460649467895,13.71087200346736,13.71087200346736,85505500
2015-11-06,14.451559066772461,14.564272680300196,14.298589494407812,14.362997492939062,158037500
2015-11-09,14.2341890335083,14.556229196699041,14.137576216746766,14.515974752153433,129920700
2015-11-10,14.37105655670166,14.44351578669109,14.137576474378234,14.193933312012536,59905800
2015-11-11,14.290539741516113,14.483763756565065,14.23418292907783,14.483763756565065,59235000
2015-11-12,13.984604835510254,14.19392974102927,13.968502447206246,14.153675305877522,77850900
2015-11-13,13.847739219665527,13.936299294439948,13.75917760928266,13.79138085403469,103574900
2015-11-16,14.032910346984863,14.057062393629808,13.694767873481315,13.79137913127761,70384300
2015-11-17,14.024862289428711,14.169780744141057,13.960454257957512,14.08927032089991,70488600
2015-11-18,14.36300277709961,14.387156361287882,14.032911471235114,14.032911471235114,85708300
2015-11-19,14.242240905761719,14.37105697715421,14.185884066478591,14.314700137871082,51829700
2015-11-20,14.21003532409668,14.354953780197418,14.161729683932638,14.3388513882732,56288300
2015-11-23,14.065113067626953,14.274439499256316,14.057061873840262,14.185879438819116,50362900
2015-11-24,14.065113067626953,14.145623469885662,13.887991411144354,13.896042604931043,58724200
2015-11-25,14.040964126586914,14.145626597740266,14.016810539886045,14.097320959947067,34939000
2015-11-27,14.073163032531738,14.089265418699044,13.952398207493074,14.057060646364434,22937500
2015-11-30,14.032910346984863,14.153675187034361,14.024859152900461,14.07316478179861,61893700
2015-12-01,14.338845252990723,14.338845252990723,14.073162042355685,14.105366812424396,74351800
2015-12-02,14.22581958770752,14.443807696913193,14.16930255502134,14.435733835100883,76919000
2015-12-03,13.967461585998535,14.346925417504387,13.92709381410428,14.2742621961493,95810100
2015-12-04,14.371143341064453,14.395364924580887,14.032048871492158,14.080492038525028,103021700
2015-12-07,14.161226272583008,14.371140461268372,14.080489216971808,14.363068141645378,81633300
2015-12-08,13.87865161895752,14.096639734281291,13.830208446724036,14.04012423994062,84873500
2015-12-09,13.805989265441895,14.032051256966671,13.620295046708879,13.81406312798661,82418100
2015-12-10,13.886726379394531,14.056272873385312,13.692956757788174,13.846357066588281,68395000
2015-12-11,13.507259368896484,13.773690611166435,13.434596162829092,13.701027405099042,91503900
2015-12-14,13.563777923583984,13.636441146097583,13.321568208493197,13.531484013540059,121121200
2015-12-15,14.064348220825195,14.120863724788887,13.717179793697385,13.74140138393839,99737200
2015-12-16,14.330774307250977,14.35499588862446,13.910942803032478,14.250037242604124,171576700
2015-12-17,13.967461585998535,14.395367051763849,13.967461585998535,14.371145464668224,97265700
2015-12-18,13.531481742858887,13.943239421362739,13.531481742858887,13.878650072181637,136737800
2015-12-21,13.701026916503906,13.749470078775603,13.539554328725814,13.709100776882522,65150300
2015-12-22,13.789841651916504,13.814063239746613,13.604147431681165,13.765620064086393,56173500
2015-12-23,13.999755859375,13.999755859375,13.805987798683333,13.854429428873335,65770700
2015-12-24,13.943236351013184,14.032045724123842,13.902867054207235,13.983604107887919,29369400
2015-12-28,13.830208778381348,13.910945860774888,13.709103924756917,13.902871998542357,41777500
2015-12-29,13.951314926147461,14.007830420847737,13.854430120995746,13.927093339876597,45670400
2015-12-30,13.765618324279785,13.919018614618883,13.757546002621828,13.886724708192128,35066400
2015-12-31,13.587997436523438,13.781765486998967,13.587997436523438,13.73332385936298,47153000
2016-01-04,13.265052795410156,13.313494430750321,13.11972634945784,13.28120052050082,114888000
2016-01-05,13.265052795410156,13.394231516271812,13.103578624367177,13.337716018386315,66670000
2016-01-06,12.98246955871582,13.152017537357331,12.934027939074527,13.07128047800096,102760800
2016-01-07,12.514199256896973,12.83714602650798,12.465756856472405,12.699893456931843,116255900
2016-01-08,12.271988868713379,12.869440781079659,12.239694191557522,12.869440781079659,124782400
2016-01-11,12.360800743103027,12.409242377517103,12.06207399436402,12.320432201114036,104611700
2016-01-12,12.360800743103027,12.578789637898154,12.158958803123962,12.546494958300139,100023500
2016-01-13,12.029778480529785,12.530347134534626,11.989410711306096,12.489978595345095,119413000
2016-01-14,12.102441787719727,12.271989037612917,11.827936643134,12.118589511502815,125920000
2016-01-15,11.674532890319824,11.83600621986089,11.408101704085674,11.634164365443166,172296100
2016-01-19,11.496916770935059,11.940969194987913,11.311222554857371,11.860232110627067,185727400
2016-01-20,11.052864074707031,11.30314841408972,10.713770330652949,11.133601157079738,250537600
2016-01-21,10.786434173583984,11.173971141059889,10.697623987479455,11.036718545283629,188976000
2016-01-22,10.947905540466309,11.077084239710501,10.875242329650003,11.02056798131683,169999800
2016-01-25,10.463484764099121,10.939831800306555,10.447337041532053,10.931757939023022,186419100
2016-01-26,10.746065139770508,10.778359819117584,10.528075476703327,10.552296293722161,124246900
2016-01-27,10.786434173583984,11.085160184989379,10.649181577807724,10.657255441080675,124095800
2016-01-28,10.923684120178223,11.069010543983268,10.70569525443645,10.972126518101835,110996200
2016-01-29,11.416178703308105,11.424251794531651,10.972126347450294,11.028641835844018,159984100
2016-02-01,11.270853996276855,11.375811897806873,11.141675277460187,11.343517218102706,105739400
2016-02-02,10.681472778320312,11.101304292039162,10.600736481812191,11.09323043139863,147101200
2016-02-03,10.520001411437988,10.729917208127526,10.108244450197281,10.721843345955035,257664600
2016-02-04,10.69762134552002,10.972126469278834,10.406969269169048,10.406969269169048,179394400
2016-02-05,10.455410957336426,10.810653156006461,10.4069693293142,10.754136896692804,125842800
2016-02-08,9.906401634216309,10.253569207118131,9.793369883756524,10.229348392721679,221363600
2016-02-09,9.849883079528809,10.035577999887169,9.656115069562752,9.680335878317102,247349000
2016-02-10,9.672264099121094,10.124390322920618,9.615748609883326,10.027506297099105,227530000
2016-02-11,9.010223388671875,9.325097068155983,8.872970818381303,9.252433852123817,375088700
2016-02-12,9.648043632507324,9.712632985380354,9.203991254030873,9.268580606903903,245388400
2016-02-16,9.89025592803955,10.00328770154775,9.777224154531352,9.995213838447315,194306700
2016-02-17,10.140538215637207,10.24549533456338,10.067875002560775,10.14861130711674,221859400
2016-02-18,9.882180213928223,10.285864053745216,9.769149231557588,10.261643238946627,161539400
2016-02-19,9.793370246887207,9.882180416277746,9.672264630482834,9.866033462736665,121045600
2016-02-22,10.124391555786133,10.124391555786133,9.79337090142886,9.79337090142886,88865500
2016-02-23,9.81758975982666,10.075947141938183,9.769148135663617,10.067874051221498,104498700
2016-02-24,9.793370246887207,9.809517200428289,9.405833352345383,9.656117676941752,159552800
2016-02-25,9.946771621704102,9.954845484960298,9.76107738660746,9.801445932922462,103054600
2016-02-26,10.253567695617676,10.455409582421039,10.011357277460501,10.084020479904224,160314400
2016-02-29,10.108242988586426,10.38274733306606,10.100169127581381,10.253568636848405,123661100
2016-03-01,10.649177551269531,10.665325271709856,10.188978298239975,10.205126018680298,153558200
2016-03-02,10.867999076843262,10.949043377056785,10.641076118299416,10.697806664711447,139622500
2016-03-03,10.940938949584961,10.981461100273682,10.73832896903709,10.843686251669471,105082700
2016-03-04,10.973356246948242,11.257010521930196,10.932834097251432,11.151653241876776,171410900
2016-03-07,10.965251922607422,11.038191639213212,10.835581658817457,10.90041679071244,97650300
2016-03-08,10.584343910217285,10.916624097714687,10.576239326889151,10.85989278731336,125894800
2016-03-09,10.649178504943848,10.754535764317737,10.53571666264222,10.673491480831492,92253800
2016-03-10,10.754536628723145,10.859893123669588,10.535717509459845,10.72211829440654,123016200
2016-03-11,11.175965309143066,11.216487455528068,10.835580516142107,10.892311057343715,120400600
2016-03-14,11.054400444030762,11.135443969778585,10.932833996065456,11.119235573787305,87746800
2016-03-15,10.99767017364502,11.021983929292047,10.851791504241797,10.94904420814254,80404000
2016-03-16,10.786953926086426,11.192173820376897,10.608656956187847,10.949041729223493,149645400
2016-03-17,10.859894752502441,10.924729885068755,10.57624124074875,10.714016090676106,122212300
2016-03-18,11.175965309143066,11.248905018056936,10.981459933969848,11.086817205412588,146616200
2016-03-21,11.216486930847168,11.37047015243241,11.11923424780981,11.184069369834715,104695700
2016-03-22,11.151655197143555,11.216490338867983,11.046297898617397,11.07871546947961,83252100
2016-03-23,11.038193702697754,11.208386148961864,11.021985303141873,11.159760177398336,95789700
2016-03-24,11.08681869506836,11.094922507117685,10.754538441277433,10.867999538925597,94836500
2016-03-28,11.038193702697754,11.13544641872069,10.973358558682463,11.127341832494809,54498500
2016-03-29,10.876106262207031,10.973358981981507,10.746435969174398,10.973358981981507,101606800
2016-03-30,10.92473030090332,11.0706097411781,10.908521903592664,10.932834886006535,85897000
2016-03-31,10.957144737243652,11.111127934861068,10.900413434630499,10.932830990597086,79592100
2016-04-01,10.989564895629883,11.062503834155622,10.795058740874195,10.91662518420846,73130900
2016-04-04,10.949042320251465,11.062503402124221,10.867998027860365,10.973355298810533,59709600
2016-04-05,10.689701080322266,10.811267519272658,10.66538810169045,10.778849956798352,78445900
2016-04-06,10.754536628723145,10.778849606564968,10.624865610143617,10.697805316564716,62558500
2016-04-07,10.414152145385742,10.705910206523999,10.333107853066178,10.65728347655313,105704500
2016-04-08,10.43846321105957,10.649177714160173,10.42225404640775,10.56002885436618,76548100
2016-04-11,10.511406898498535,10.6086596046601,10.43846717565341,10.470884744373931,79411500
2016-04-12,10.754536628723145,10.80316258440679,10.478986970197047,10.535717509459845,100791600
2016-04-13,11.175965309143066,11.224592039384198,10.965250766257586,10.981459933969848,138647200
2016-04-14,11.459619522094727,11.573080604113313,11.103025562590346,11.111130146419002,179383300
2016-04-15,11.34615707397461,11.581184582448259,11.305634929845578,11.564976188534015,87958700
2016-04-18,11.483931541442871,11.540662077713515,11.200277314298473,11.22459106375354,81998200
2016-04-19,11.710855484008789,11.783795192964337,11.540663087411062,11.556872255132587,107153600
2016-04-20,12.09986686706543,12.107970677936498,11.77569047245761,11.80000422375776,115628700
2016-04-21,12.075550079345703,12.270056176359734,11.953984444995456,12.099863824532116,121589000
2016-04-22,12.245745658874512,12.270059410469477,12.051240283488724,12.051240283488724,83456600
2016-04-25,12.124180793762207,12.270060221390462,12.0026151193358,12.172807527270194,70489500
2016-04-26,12.229537010192871,12.270059155781043,11.99450949325624,12.172806470106813,84812400
2016-04-27,12.172806739807129,12.399729678074694,12.140388404301817,12.172806739807129,115789000
2016-04-28,11.986404418945312,12.221431926262058,11.962091441745816,12.091761684003938,78639300
2016-04-29,11.800004005432129,12.035031520048847,11.694646737101099,11.937778062438948,122128100
2016-05-02,11.970196723937988,11.97830053488052,11.670333305090368,11.816212722595086,68882800
2016-05-03,11.637917518615723,11.759483976052959,11.467725096520212,11.759483976052959,110549000
2016-05-04,11.451517105102539,11.56497898148584,11.34615981408143,11.419099536549567,99269700
2016-05-05,11.386678695678711,11.605497027303038,11.34615655340885,11.467722207322856,73145900
2016-05-06,11.435304641723633,11.45961839080937,11.184068751002316,11.208381727192474,76595100
2016-05-09,11.338053703308105,11.500141524265823,11.27321857492502,11.410993415963002,55399600
2016-05-10,11.589287757873535,11.613600732238933,11.386677834739018,11.410990809104414,59870500
2016-05-11,11.5082426071167,11.751374651027394,11.500138025310736,11.54876474325106,68088900
2016-05-12,11.459619522094727,11.727064605275187,11.386679813428119,11.589289771770629,72567100
2016-05-13,11.248908042907715,11.64602348389531,11.240803456872246,11.467726455594319,86193900
2016-05-16,11.289426803588867,11.362366510171308,11.184069535513746,11.200277929812271,57848600
2016-05-17,11.354263305664062,11.451516001954426,11.200279290199191,11.257010609373697,76273800
2016-05-18,11.905362129211426,11.953988864667249,11.354263507121294,11.362368091846553,150748500
2016-05-19,11.775690078735352,12.05123973442547,11.694646562464836,11.832421390309896,106156900
2016-05-20,11.76758861541748,11.913467282961092,11.694648895197789,11.86484131807848,81214000
2016-05-23,11.727065086364746,11.832422361772492,11.67033377013246,11.783795629701345,66303200
2016-05-24,11.897255897521973,11.953986433268526,11.77568947005647,11.832420778698603,96183700
2016-05-25,12.091763496398926,12.27816430436008,12.018823780972134,12.018823780972134,123498700
2016-05-26,11.91346549987793,12.148493022689488,11.905360915978578,12.140388438790136,65356600
2016-05-27,12.059347152709961,12.059347152709961,11.905363121676425,11.962094446586793,62411300
2016-05-31,11.986404418945312,12.197118949062563,11.93777769165071,12.180909782332494,85635900
2016-06-01,12.083988189697266,12.116515718485136,11.750580825742222,11.872559640334833,62612100
2016-06-02,12.149043083190918,12.18157061153948,12.010801669347616,12.15717515915742,64327300
2016-06-03,11.72618579864502,11.791240858582004,11.539151919688074,11.758713328613512,148600900
2016-06-06,11.80750560760498,11.953879112096326,11.685526782425079,11.742449768865184,80949300
2016-06-07,11.66926383972168,11.872561113755037,11.661131762636131,11.823769426759306,67447100
2016-06-08,11.734319686889648,11.7587151442535,11.628605004289481,11.669264616907638,58292900
2016-06-09,11.539152145385742,11.644866813730417,11.44970163010217,11.644866813730417,74814900
2016-06-10,11.246402740478516,11.384644919398315,11.181347688694773,11.368380768693685,90725700
2016-06-13,11.059369087219238,11.31145720593495,11.043104937357658,11.091896611425051,71925000
2016-06-14,10.782885551452637,11.16508379562191,10.709698422627802,11.026842389029612,85377800
2016-06-15,10.847943305969238,11.10816358390583,10.799151616097328,10.880470840711313,100659100
2016-06-16,10.8235445022583,10.83980787684206,10.587719754413564,10.758488677371176,90152000
2016-06-17,10.896733283996582,11.002447956703945,10.79915068815537,10.880469905781814,89022300
2016-06-20,11.010579109191895,11.262668042256058,10.986183656159062,11.173216755273224,89874000
2016-06-21,11.07563591003418,11.100031366904885,10.937393695237532,11.07563591003418,73810800
2016-06-22,11.067501068115234,11.205743248381554,11.051237692769584,11.059369768201108,77980500
2016-06-23,11.417171478271484,11.425303552935025,11.238269713260232,11.254533862587312,82494600
2016-06-24,10.571455955505371,10.929258738925595,10.547060505060612,10.612115556591561,231499200
2016-06-27,9.904644012451172,10.384425731027294,9.798929330771891,10.384425731027294,250847700
2016-06-28,10.327500343322754,10.343764495883626,10.042884653164801,10.221785678229521,150136300
2016-06-29,10.725961685180664,10.750357911543507,10.506401076536882,10.628379106281495,118484000
2016-06-30,10.791015625,10.880466112792133,10.628377246443735,10.872334038760867,125773900
2016-07-01,10.652776718139648,10.79101891677254,10.58772165707917,10.725963080194562,88888100
2016-07-05,10.360025405883789,10.52266301517606,10.270574914652364,10.514531716349417,98246500
2016-07-06,10.45760726928711,10.50639893655734,10.124199998745135,10.181123739813279,94983300
2016-07-07,10.57958698272705,10.660905401325987,10.441344818039818,10.465740266067767,101100300
2016-07-08,10.709697723388672,10.831675746454478,10.660906048851936,10.799148221935772,92698900
2016-07-11,10.742226600646973,10.89673216768795,10.734094524613907,10.80728165787659,67267300
2016-07-12,11.010579109191895,11.059370790775027,10.896732369176227,10.904864445359662,89070600
2016-07-13,10.9292573928833,11.043104106799849,10.8316748276051,10.978049063281048,74595600
2016-07-14,11.100028038024902,11.205742686784431,11.091896738518292,11.165083087181943,97852100
2016-07-15,11.108161926269531,11.213876592285201,10.99431595941995,11.205744515933807,78652500
2016-07-18,11.474092483520508,11.5716750362079,11.238267787313347,11.254531933853174,187187100
2016-07-19,11.596075057983398,11.68552556672871,11.409041189039177,11.433437416847628,96940100
2016-07-20,11.709920883178711,11.734317110704152,11.596074923463066,11.669262055004516,79277900
2016-07-21,11.604207992553711,11.766845645723585,11.596075916015842,11.73431811508961,65376300
2016-07-22,11.693656921386719,11.709920296738428,11.531019290282623,11.596074342724261,46604800
2016-07-25,11.685527801513672,11.70179195649639,11.612340655126623,11.636736887600701,46420800
2016-07-26,11.815635681152344,11.831899833026728,11.63673466363878,11.644865964058527,60205600
2016-07-27,11.896955490112305,11.953878473511542,11.750581217922852,11.848163807543326,100986000
2016-07-28,11.937613487243652,11.945744786977881,11.758711709295163,11.848162210510718,72049500
2016-07-29,11.78310775756836,11.953877468932426,11.774975681904017,11.840031511701328,63276500
2016-08-01,11.652996063232422,11.87255742318652,11.59607309236313,11.807502377759523,61460900
2016-08-02,11.490361213684082,11.750581457988336,11.457833683146049,11.612339259322326,83776300
2016-08-03,11.77497673034668,11.77497673034668,11.46596558276159,11.474096883632523,65305400
2016-08-04,11.77497673034668,11.823768413159712,11.6773941402381,11.77497673034668,46176600
2016-08-05,12.238492965698242,12.246625040733102,11.994536143273944,11.994536143273944,120947800
2016-08-08,12.30355167388916,12.33607920818459,12.132781924958762,12.262892062140477,71960300
2016-08-09,12.352340698242188,12.352340698242188,12.25475811028148,12.287285639601716,49973300
2016-08-10,12.043330192565918,12.344210048524419,12.018933962651097,12.327945895247872,79080700
2016-08-11,12.100251197814941,12.173438324547439,11.994536545369934,12.059591596794958,68945400
2016-08-12,12.124648094177246,12.124648094177246,11.953878369941616,12.010802128365144,63031300
2016-08-15,12.214099884033203,12.222231185127102,12.157176123270848,12.173440276493666,48592100
2016-08-16,12.336075782775879,12.35233915764888,12.140910631195613,12.17343815645899,80307500
2016-08-17,12.319808959960938,12.392996069807063,12.262885996977154,12.327941033392108,93407300
2016-08-18,12.327946662902832,12.39300172902494,12.24662821800898,12.287287052697126,62804300
2016-08-19,12.376738548278809,12.401134004585531,12.23849633667809,12.303551403841066,59834800
2016-08-22,12.344208717346191,12.401131696640604,12.295417038295675,12.360472093351412,60877100
2016-08-23,12.482450485229492,12.531241387128759,12.409263356863187,12.409263356863187,67817900
2016-08-24,12.523110389709473,12.60442960056527,12.49058286047065,12.498714936659722,65484900
2016-08-25,12.628825187683105,12.63695726395851,12.523110522655289,12.539374675206096,67714400
2016-08-26,12.840250968933105,12.929701456687672,12.669481291934563,12.693876738500851,126886300
2016-08-29,12.880912780761719,13.019154960961911,12.83212110371331,12.856517329996214,120144900
2016-08-30,13.165531158447266,13.198057913920561,12.848387149648769,12.880914680639576,121280600
2016-08-31,13.185952186584473,13.267649850683872,12.973539662354034,13.243140083978052,127664300
2016-09-01,13.055237770080566,13.194123344581572,12.86733421583023,13.194123344581572,128812600
2016-09-02,13.071578979492188,13.120596964354263,12.924523466652317,13.02256021550329,100997300
2016-09-06,12.891841888427734,13.120594255179956,12.82648406935567,13.112424333014282,96542200
2016-09-07,12.826483726501465,12.94903021833089,12.785634895891656,12.842823570396044,63310300
2016-09-08,12.957199096679688,13.022556912670694,12.810144400263235,12.883672138034774,69292700
2016-09-09,12.859164237976074,13.194123288299041,12.859164237976074,12.998049811884632,135182500
2016-09-12,12.98987865447998,13.02255756411021,12.646749713799226,12.785635274509373,109724000
2016-09-13,12.842826843261719,12.957202663164745,12.703941251270754,12.801978002241992,89317600
2016-09-14,12.769294738769531,12.940859189352867,12.712106848283943,12.80197364463652,75528100
2016-09-15,12.80197811126709,12.86733594580452,12.72845035263077,12.777469118097265,67322600
2016-09-16,12.65491771697998,12.810143098529991,12.646747796029656,12.79380325662934,90926200
2016-09-19,12.736617088317871,12.891841711704515,12.703938179229807,12.703938179229807,66186400
2016-09-20,12.744787216186523,12.875502854649703,12.67125947476932,12.859163010278474,68210400
2016-09-21,12.785634994506836,12.932690474185724,12.573222476125455,12.834653747442015,95464600
2016-09-22,12.744787216186523,12.834654022848294,12.663089552583706,12.818314178477065,75611300
2016-09-23,12.679429054260254,12.801974767225701,12.663089210330652,12.687598197098414,51604400
2016-09-26,12.328132629394531,12.614072942346352,12.270944722629526,12.581394027176806,94972100
2016-09-27,12.491525650024414,12.53237448368229,12.099378716812884,12.262773272317688,81992600
2016-09-28,12.565053939819336,12.573223862730638,12.377149608493035,12.54871409399673,66076400
2016-09-29,12.385319709777832,12.66309085974873,12.303622816868403,12.565054120781367,78997700
2016-09-30,12.785634994506836,12.850992812335976,12.393488087531997,12.46701582737144,119428700
2016-10-03,12.769294738769531,12.850991613873717,12.663088099920174,12.736615832902542,69873100
2016-10-04,12.908183097839355,13.112425719693846,12.801976435833904,12.826485425796164,98501500
2016-10-05,13.161445617675781,13.2594815802049,13.038899106260851,13.038899106260851,86056900
2016-10-06,13.251311302185059,13.259481225219346,13.104257362328337,13.210463245267107,75886700
2016-10-07,13.17778205871582,13.275819565755937,13.055236343605658,13.226801591362532,99605400
2016-10-10,13.316668510437012,13.398366178736396,13.218632555080482,13.251310687448187,64158500
2016-10-11,13.161445617675781,13.34117925448152,13.087917866652177,13.283991349963944,77374000
2016-10-12,13.096086502075195,13.26765019875686,13.079746657175978,13.145104478519475,67165800
2016-10-13,12.932692527770996,13.145105859008186,12.74478896645663,13.145105859008186,78637000
2016-10-14,13.071578979492188,13.259482553341513,13.02256021550329,13.194124720774198,108865700
2016-10-17,13.112425804138184,13.23497309211892,12.989880074410943,13.210463322872075,101795500
2016-10-18,13.283992767333984,13.29216269145871,13.161447021970485,13.226804856714597,71433100
2016-10-19,13.455556869506836,13.504576415604275,13.30033298162616,13.316671272071568,97969000
2016-10-20,13.529080390930176,13.586268285203067,13.406534680594946,13.43921436775274,88081200
2016-10-21,13.618949890136719,13.618949890136719,13.398366645519546,13.44738462490554,77954900
2016-10-24,13.700645446777344,13.725153653561105,13.569929816419865,13.684305603419352,68244800
2016-10-25,13.659796714782715,13.741494378561097,13.62711858422336,13.651626792579544,49350300
2016-10-26,13.782343864440918,13.782343864440918,13.578100485976048,13.594438771980718,58730400
2016-10-27,13.815020561218262,13.970245949055869,13.774172513065121,13.847700246343296,97937300
2016-10-28,13.627118110656738,13.872209535221188,13.48006263261676,13.847701327716708,115123600
2016-10-31,13.480066299438477,13.66796987993461,13.480066299438477,13.627121817480216,70387600
2016-11-01,13.569933891296387,13.684309712641461,13.341180690352543,13.529084270634792,88587100
2016-11-02,13.463726043701172,13.529083876602492,13.300332240574697,13.447386195912427,119202000
2016-11-03,13.463726043701172,13.618951481186926,13.439217830271708,13.463726043701172,69690400
2016-11-04,13.520909309387207,13.651624930299777,13.357515562373052,13.504571025462973,82437400
2016-11-07,13.896718978881836,13.921228744071504,13.766003347710075,13.774173269439967,91581900
2016-11-08,13.888553619384766,13.978421229680809,13.651630486151108,13.74149809644715,95842800
2016-11-09,14.681013107299805,14.746370924405493,14.215338465640114,14.427751760796921,319516900
2016-11-10,15.326419830322266,15.514323321904794,14.909763245778645,14.91793316605436,304986400
2016-11-11,15.538829803466797,15.546999722018356,15.22020921296649,15.228379131518048,212952500
2016-11-14,16.404829025268555,16.502866538116777,15.849286755053233,15.857456677645036,320959900
2016-11-15,16.470184326171875,16.486524168853855,16.012679638848535,16.167905027821032,190293100
2016-11-16,16.135223388671875,16.306787041298858,16.078035504462882,16.159733149727003,126734500
2016-11-17,16.404829025268555,16.51920482504698,16.09437975804709,16.1433977353445,167979200
2016-11-18,16.339473724365234,16.453849541794625,16.233267830788463,16.38849170922731,120620200
2016-11-21,16.609073638916016,16.625413485303397,16.34764232973197,16.42117008022167,117479100
2016-11-22,16.58456039428711,16.723445942971424,16.43750648237418,16.609070158732525,104771800
2016-11-23,16.796977996826172,16.87867567439682,16.502868539126876,16.682602183179423,110801300
2016-11-25,17.04207420349121,17.058412495445346,16.747963132762433,16.846000675756652,62610400
2016-11-28,16.58456039428711,17.03389672626728,16.543712345131272,16.886841256101157,108651200
2016-11-29,16.576400756835938,16.78064422663478,16.543721053706196,16.64992697236983,114216800
2016-11-30,17.31850242614746,17.37590251310157,16.990499248063877,17.031500427341857,191699600
2016-12-01,17.630102157592773,17.990904686189573,17.49890152247302,17.564501840032896,199233900
2016-12-02,17.40869903564453,17.630100675307446,17.23649880304103,17.621900440797543,128468700
2016-12-05,17.90890121459961,17.933501916511275,17.597298579857334,17.60549881382789,130377300
2016-12-06,18.17130470275879,18.17130470275879,17.810502183408985,18.11390462186937,120789200
2016-12-07,18.507503509521484,18.507503509521484,17.999101535090432,18.195902450744516,168005200
2016-12-08,18.819107055664062,19.056907587233745,18.60590566223641,18.68790643879085,182693900
2016-12-09,18.933908462524414,18.999508775319978,18.679707445945958,18.819108306140887,130590400
2016-12-12,18.54030418395996,19.065106618339296,18.48290411320405,18.860105471905538,136986000
2016-12-13,18.54030418395996,18.7617042334421,18.27790296677029,18.696103929144684,118204100
2016-12-14,18.589508056640625,19.106110369624037,18.212305052020145,18.294305841201552,225340900
2016-12-15,18.99130630493164,19.179906986511188,18.696104150087375,18.778104922436857,162025800
2016-12-16,18.5813045501709,19.122507473843083,18.573104316292874,18.99130685986405,147497700
2016-12-19,18.43370819091797,18.63050916230443,18.310707779305815,18.532109458628746,97508900
2016-12-20,18.62230682373047,18.720708080331022,18.540307601270744,18.55670650734174,83879500
2016-12-21,18.55670738220215,18.63050793712318,18.425506743239204,18.63050793712318,61079100
2016-12-22,18.4829044342041,18.63870418209466,18.425502798416645,18.53210427227298,67123500
2016-12-23,18.5320987701416,18.57309836235389,18.392697966971962,18.458298252932135,38187800
2016-12-27,18.54030418395996,18.646904091930278,18.48290411320405,18.622303391305763,39988600
2016-12-28,18.310712814331055,18.589514658134746,18.25331271073068,18.54851503100177,52652900
2016-12-29,18.040103912353516,18.35990525394498,17.851503201365464,18.31070540847742,79188400
2016-12-30,18.122098922729492,18.253299511524734,17.999098566238253,18.05649862833187,72605900
2017-01-03,18.474700927734375,18.597701283134437,18.204099520240486,18.532100989318778,99298100
2017-01-04,18.819107055664062,18.827305725688255,18.532105119740883,18.630504800378436,76875100
2017-01-05,18.597702026367188,18.802703148238017,18.32710060805907,18.712502154123833,86826400
2017-01-06,18.597702026367188,18.737102851800728,18.499300799694037,18.679702787922405,66281500
2017-01-09,18.491104125976562,18.62230474410232,18.36810374198801,18.458304753462492,75901500
2017-01-10,18.8109073638916,18.9749073576936,18.482905812252838,18.523905419694646,100977700
2017-01-11,18.91750717163086,18.91750717163086,18.6305052291032,18.810907254481318,92385600
2017-01-12,18.794506072998047,18.95850762365937,18.540305077104232,18.86830661439217,120474200
2017-01-13,18.868310928344727,19.19631254062525,18.69610910437554,19.03231095246746,161930900
2017-01-17,18.081096649169922,18.68790129007066,18.04829728600556,18.597700304308656,152495900
2017-01-18,18.55670738220215,18.573107853081265,18.12210585215051,18.2861058688367,124366000
2017-01-19,18.474700927734375,18.70430117407199,18.3762997049937,18.63870088025633,75990800
2017-01-20,18.564905166625977,18.802707270872563,18.466505482412394,18.581305635339834,102564900
2017-01-23,18.499309539794922,18.66331114038882,18.384509357800297,18.548510958394196,61385600
2017-01-24,18.819107055664062,18.942107438478363,18.433703875068613,18.540305353799802,98508700
2017-01-25,19.163503646850586,19.204503241516452,18.942102081972628,19.122502488150435,99753300
2017-01-26,19.22090721130371,19.311106648829792,19.089706607597986,19.196306511595925,84146400
2017-01-27,19.15530776977539,19.229108308178795,19.089707464976215,19.212707840970342,54590200
2017-01-30,18.819107055664062,19.0241082150328,18.622304566319517,19.0241082150328,91561200
2017-01-31,18.564905166625977,18.88470805040707,18.45010501369854,18.67150664923127,91044300
2017-02-01,18.769899368286133,19.040500745510542,18.7124993131225,18.83549965476374,103630900
2017-02-02,18.630504608154297,18.687906245974457,18.458304386797934,18.646905076102914,88679100
2017-02-03,19.097911834716797,19.147111682962993,18.819110087930056,18.983110103429038,116035100
2017-02-06,18.958511352539062,19.171711220683694,18.91751017479201,18.983110495152285,92228400
2017-02-07,18.778104782104492,19.097907635474044,18.745305411830604,19.089707401896916,87982900
2017-02-08,18.589508056640625,18.638707904535483,18.409107571669505,18.638707904535483,102264500
2017-02-09,18.958511352539062,18.983110495152285,18.564907866342413,18.663309128900327,102634200
2017-02-10,18.925703048706055,19.056903638392782,18.82730182442381,19.01590404062858,90548300
2017-02-13,19.188108444213867,19.302910158440522,18.99950775060294,18.99950775060294,105342500
2017-02-14,19.72930908203125,19.81951008323701,19.130706134474714,19.18810620286581,139711400
2017-02-15,20.155710220336914,20.311511510738104,19.7703086746439,19.95890933121488,151233300
2017-02-16,20.155710220336914,20.18851115054114,19.926108401010655,20.122910854167127,98144500
2017-02-17,20.106510162353516,20.155709993070662,19.84410897981618,19.909709275450513,85789200
2017-02-21,20.319711685180664,20.336110586201443,20.155710162697414,20.163910395225017,78571500
2017-02-22,20.327913284301758,20.459113885494865,20.12291214943321,20.180312216950878,81531900
2017-02-23,20.155710220336914,20.409911173281905,20.098310156513957,20.327911975840216,85846000
2017-02-24,19.868711471557617,19.96711271365905,19.696511252923464,19.778512027335545,97074400
2017-02-27,20.14751625061035,20.22131680247621,19.83591513698168,19.844115372081767,69129100
2017-02-28,20.237714767456055,20.25411523562602,20.024513373350707,20.073713213825872,90242000
2017-03-01,20.973854064941406,21.064330015865647,20.743552357498807,20.866929224687148,143947500
2017-03-02,20.751773834228516,21.220600824604393,20.72709972029405,21.121901231263024,99824600
2017-03-03,20.92450714111328,21.097232268881765,20.809355487132045,20.809355487132045,92456100
2017-03-06,20.76822853088379,20.850479254667505,20.62840277109209,20.83402879615035,75660400
2017-03-07,20.735328674316406,20.858705550702883,20.644854285449053,20.74355390399565,64053700
2017-03-08,20.776460647583008,21.19593806601575,20.743559719641965,21.0561122598715,105314600
2017-03-09,20.850481033325195,20.998532035005013,20.75177984260458,20.850481033325195,78984600
2017-03-10,20.817581176757812,21.07255861214164,20.636630814797083,21.07255861214164,86998800
2017-03-13,20.80935287475586,20.899828826782414,20.669527116533935,20.80935287475586,56886200
2017-03-14,20.8257999420166,20.842250397670444,20.60372349709514,20.71887511787023,63182700
2017-03-15,20.710651397705078,21.014977005445978,20.529699509943764,20.883376488238792,114662700
2017-03-16,20.74355125427246,20.965627720838107,20.71887713718869,20.76000171152961,70306200
2017-03-17,20.447450637817383,20.784677163788622,20.422774952209025,20.743551021108026,105222400
2017-03-20,20.10200309753418,20.36520419066028,20.085552637013233,20.217153183576283,87287500
2017-03-21,18.934043884277344,20.200699324015417,18.876468850944068,20.151349519558607,259545800
2017-03-22,18.868249893188477,19.065650745426584,18.465222957102032,18.62972288289919,167984400
2017-03-23,18.97517204284668,19.320623876878315,18.843571493577702,18.950497920360178,111666800
2017-03-24,19.01629638671875,19.20547196220375,18.720194394618996,19.082096655096233,113499100
2017-03-27,18.94226837158203,18.95871725988901,18.22668917536356,18.32539034921512,119513500
2017-03-28,19.312400817871094,19.46867707600005,18.91759912567397,18.925824357028386,95761700
2017-03-29,19.205476760864258,19.452227436732155,19.172575834053852,19.337077330500808,67204500
2017-03-30,19.6331729888916,19.723647370486955,19.189020034724855,19.23014461101347,79189200
2017-03-31,19.402873992919922,19.71542489525473,19.402873992919922,19.60027481052121,77158300
2017-04-03,19.402873992919922,19.534474537987446,18.983396667216343,19.452223805119683,88076600
2017-04-04,19.279495239257812,19.33707027135528,19.082094456865654,19.082094456865654,75244400
2017-04-05,19.057418823242188,19.64139594332678,19.040968365797053,19.550921564982474,97453300
2017-04-06,19.131444931030273,19.29594480439028,18.88469276778723,19.05741943893756,82975200
2017-04-07,19.0491943359375,19.197245321102105,18.860018774361404,18.942269495986412,79519400
2017-04-10,18.934043884277344,19.14789512865951,18.843567935438195,19.024518264314494,63254700
2017-04-11,18.85179328918457,18.87646897597742,18.572141780740314,18.777767797608032,94206700
2017-04-12,18.62972068786621,18.868247670051232,18.596821334104128,18.818896286204605,76556300
2017-04-13,18.37474250793457,18.88469419328661,18.37474250793457,18.55569285293011,88061800
2017-04-17,18.76131820678711,18.777768665409255,18.308941576292664,18.391192300601315,85053200
2017-04-18,18.679067611694336,19.040969859874664,18.407641317759612,19.008070511204867,146488400
2017-04-19,18.703739166259766,19.040965651808904,18.65438936976036,18.851790124559727,101771800
2017-04-20,18.97517204284668,19.057422778340364,18.769545988513617,18.884696076923397,103802600
2017-04-21,18.679067611694336,18.98339482310095,18.580367996882853,18.94227024506318,127235400
2017-04-24,19.435773849487305,19.616725780255734,19.114997708655686,19.114997708655686,138638900
2017-04-25,19.723649978637695,20.027977217342936,19.66607493669941,19.731875208743485,131531100
2017-04-26,19.64962387084961,19.8963760600112,19.62494975009498,19.740099830422412,95172200
2017-04-27,19.45222282409668,19.682524550751292,19.295946596409543,19.657848861494745,80024200
2017-04-28,19.197240829467773,19.509791615951947,19.180790375231325,19.38641634678192,69384900
2017-05-01,19.419326782226562,19.55092734307703,19.205475478643944,19.34530127064787,72382900
2017-05-02,19.353515625,19.468665658828485,19.189014231986548,19.419315868445068,60262600
2017-05-03,19.550928115844727,19.559153347323292,19.197251006278783,19.221926700714487,64272800
2017-05-04,19.61672019958496,19.781220053992115,19.518019031899197,19.72364502650952,68133400
2017-05-05,19.526247024536133,19.731873048259725,19.411096953267577,19.723647819054534,56678800
2017-05-08,19.707199096679688,19.789449827175122,19.534473974561255,19.534473974561255,56016500
2017-05-09,19.723649978637695,19.995076296919784,19.633175585078487,19.764776129166638,61622000
2017-05-10,19.86347770690918,19.879928168739077,19.63317751650016,19.666076871357568,48495300
2017-05-11,19.797670364379883,19.929270874457877,19.608494827242996,19.822346048320192,68350800
2017-05-12,19.740100860595703,19.740100860595703,19.534474809964497,19.674300587145808,62589000
2017-05-15,19.789451599121094,19.85525187564875,19.723651322593433,19.789451599121094,50688800
2017-05-16,19.731868743896484,19.879919699689566,19.690744175643616,19.797668994382107,55774800
2017-05-17,18.563919067382812,19.28772362336816,18.47344310568409,19.221923351806055,190353300
2017-05-18,18.703739166259766,18.917590376159517,18.506338411460398,18.59681434571076,108444100
2017-05-19,18.958723068237305,19.164349138690216,18.81067361530524,18.843572970800448,89566700
2017-05-22,18.95049285888672,19.114992717135642,18.76954097537046,19.07386814477388,74839400
2017-05-23,19.23836898803711,19.32884493442765,18.785992393688307,18.942268600507802,79020000
2017-05-24,19.21369743347168,19.304171823127135,19.09854578576139,19.279497702676633,58823200
2017-05-25,19.12321662902832,19.394642866817296,19.09854094602868,19.254817134089535,60443500
2017-05-26,19.114994049072266,19.26304502997383,19.057419016233208,19.106768820266403,50399500
2017-05-30,18.84356689453125,19.090317471986943,18.818891209264915,19.024517213411965,61307900
2017-05-31,18.49285316467285,18.814682771820905,18.228787684556046,18.798179859779417,138636300
2017-06-01,18.674402236938477,18.68265448190208,18.40208444895862,18.55062171039396,69725100
2017-06-02,18.525867462158203,18.64139574943076,18.286557068288058,18.37733019340499,79722300
2017-06-05,18.49285316467285,18.732163489750217,18.47634867867695,18.51760989366671,51590300
2017-06-06,18.34432029724121,18.49285755858807,18.212287525811735,18.319565136319927,71735600
2017-06-07,18.649641036987305,18.666145521570137,18.37732333718774,18.402078490107705,66429700
2017-06-08,18.95496940612793,19.153018533468465,18.649644258377567,18.66614874581125,93685900
2017-06-09,19.532611846923828,19.532611846923828,19.153016545128967,19.161268787989112,108254300
2017-06-12,19.623388290405273,19.83794191948939,19.582127069069106,19.656395693519553,85829900
2017-06-13,19.615140914916992,19.89571099382612,19.52436777940079,19.763678200687124,68047300
2017-06-14,19.60688591003418,19.648145561851997,19.14477119906437,19.433591909698734,102352400
2017-06-15,19.42534065246582,19.763674823820324,19.367574938126825,19.433591323416614,69707500
2017-06-16,19.33456802368164,19.491357532961388,19.285056126945076,19.441844062270004,57745800
2017-06-19,19.730670928955078,19.80493957829008,19.474857566776283,19.483109813808525,58587800
2017-06-20,19.384077072143555,19.796679823548793,19.375824828240898,19.730663446282136,59693500
2017-06-21,19.087013244628906,19.45010430930334,19.03750132752277,19.392340143686933,72432800
2017-06-22,18.921968460083008,19.14477439458005,18.897211720487196,19.07875799627964,64763300
2017-06-23,18.831193923950195,19.070504333742054,18.765177530551576,19.070504333742054,85399600
2017-06-26,18.88895034790039,19.09525168966061,18.756917615090195,18.905454832990248,61307800
2017-06-27,19.20253562927246,19.474853427637974,18.979729728622083,19.06225060745054,88257800
2017-06-28,19.70590591430664,19.771922288892334,19.41708525921581,19.41708525921581,119049300
2017-06-29,20.06899642944336,20.35781865370986,19.837939909193757,20.28355003678549,150501200
2017-06-30,20.01948356628418,20.31655801949071,19.94521495298255,20.31655801949071,84005200
2017-07-03,20.366073608398438,20.55587051071455,20.168024461552754,20.184527376657197,58129700
2017-07-05,20.564119338989258,20.588876068465225,20.31655834004739,20.465093995039844,76172500
2017-07-06,20.390827178955078,20.72091063859553,20.374324265136725,20.547616664888835,84465400
2017-07-07,20.489852905273438,20.63013790599237,20.341315660517555,20.56412152765138,54478800
2017-07-10,20.53936767578125,20.621888553768063,20.333066267791626,20.399082655390114,54632800
2017-07-11,20.30005645751953,20.555869732431983,20.184526612434357,20.531112999780593,69410600
2017-07-12,20.0937557220459,20.30005711226412,20.052494499629432,20.15151985947425,68708700
2017-07-13,20.316560745239258,20.32481141542023,20.110259363713066,20.159771254572057,55533400
2017-07-14,19.978227615356445,20.069000738633477,19.65639792221764,19.969976944108385,92625400
2017-07-17,19.821434020996094,19.986474156084302,19.747165409322363,19.986474156084302,81522000
2017-07-18,19.722414016723633,19.85444679009772,19.483105205216148,19.730666261803865,107981400
2017-07-19,19.854440689086914,19.969970510754543,19.648139347339264,19.846188446542488,74140100
2017-07-20,19.75542640686035,19.90396369603266,19.66465326926503,19.821442804941924,62793500
2017-07-21,19.639892578125,19.771925347722615,19.52436429821578,19.67290155750179,65922500
2017-07-24,19.730670928955078,19.829696319386812,19.582133630285075,19.590385877317317,51382700
2017-07-25,20.201026916503906,20.357816376243306,20.002977818179865,20.01123006068766,86154700
2017-07-26,19.978227615356445,20.35782302491553,19.920463472891,20.35782302491553,65704700
2017-07-27,19.895709991455078,20.17628005622873,19.82969359821157,20.019490532042283,62902100
2017-07-28,19.829687118530273,19.978222774325438,19.771921416107514,19.846190030982324,50143400
2017-07-31,19.903955459594727,20.052491113346544,19.87919873032554,19.903955459594727,62272000
2017-08-01,20.176273345947266,20.209280744613842,20.027736117061558,20.044240603372067,52782500
2017-08-02,20.29180145263672,20.29180145263672,20.01948372633838,20.168020954129187,55317100
2017-08-03,20.110260009765625,20.300056909117934,20.06899878776207,20.25879568711438,53210600
2017-08-04,20.60538673400879,20.696159868954723,20.341321149389756,20.366077888180932,105206600
2017-08-07,20.597126007080078,20.671394618919187,20.5476141238388,20.638387221409797,41860900
2017-08-08,20.547611236572266,20.918954243588207,20.48159487687545,20.58887244510413,73399300
2017-08-09,20.41558074951172,20.440337477337852,20.184522678330833,20.300052500898445,56910400
2017-08-10,19.903955459594727,20.283549197995654,19.87919873032554,20.283549197995654,78023700
2017-08-11,19.68940544128418,20.002982865940044,19.63989197374269,19.86269785581525,68157400
2017-08-14,20.15152359008789,20.20928773821001,19.94522216167747,19.994734063788577,54989500
2017-08-15,20.19278335571289,20.50636241001236,20.176280437556336,20.423841523409607,45143200
2017-08-16,19.96172523498535,20.316563918465075,19.870952109270572,20.250547529023837,59188900
2017-08-17,19.507856369018555,19.945215824919774,19.491353456194624,19.862694964982158,78969300
2017-08-18,19.491352081298828,19.722408584080323,19.351067101486755,19.44183862445618,60461200
2017-08-21,19.293304443359375,19.507858068304667,19.095255306630172,19.458346177611023,70124800
2017-08-22,19.66465187072754,19.71416377227869,19.450098198732576,19.474854936485638,59228600
2017-08-23,19.60688591003418,19.7801783364148,19.466600890316847,19.483105380625904,39825500
2017-08-24,19.672901153564453,19.75542202635728,19.540868386677825,19.747169781682523,39178700
2017-08-25,19.615140914916992,19.862702008563847,19.598636422285857,19.714164722793715,43511900
2017-08-28,19.57387351989746,19.722410758896032,19.450093012050168,19.672898870548025,37155000
2017-08-29,19.458349227905273,19.557374598770423,19.078755383157763,19.1612746892647,60897200
2017-08-30,19.798412322998047,19.939414898912357,19.541288955033043,19.682291530947353,58412900
2017-08-31,19.815000534057617,19.939415786939033,19.72376468581841,19.931121331279893,62362400
2017-09-01,19.98088264465332,20.055531149239002,19.740348222764933,19.823291181416288,56233900
2017-09-05,19.333934783935547,19.765237021960417,19.267580715162936,19.765237021960417,108605400
2017-09-06,19.416872024536133,19.5578745767393,19.250986110648174,19.48322607369025,64188900
2017-09-07,19.051929473876953,19.416877640787007,18.869456181424816,19.391994271904807,103501200
2017-09-08,18.98557472229004,19.26757989811659,18.952398480313473,19.018752546272324,68365000
2017-09-11,19.37540054321289,19.416871228983073,19.143160589686207,19.25927977544692,73741000
2017-09-12,19.864761352539062,19.931115396047122,19.450048185112404,19.458341056296373,99658500
2017-09-13,20.17995262145996,20.19654153602404,19.79841707852194,19.839887782926173,86339800
2017-09-14,20.10529136657715,20.35412018157738,20.072115140446765,20.22141053104094,70051000
2017-09-15,20.221418380737305,20.246301746498222,20.030650655920347,20.0804158054366,85937600
2017-09-18,20.486839294433594,20.54489890796506,20.246304801796587,20.254599258301912,68076400
2017-09-19,20.61954116821289,20.727365906002476,20.420479018597653,20.486833068469398,56218100
2017-09-20,20.78542709350586,20.93472411265084,20.46195127336204,20.636130074360878,82289900
2017-09-21,20.868375778198242,20.967907678914024,20.669313558772572,20.777138334375934,57864000
2017-09-22,20.752248764038086,20.79371945094891,20.611246213733867,20.74395431025486,61446000
2017-09-25,20.536603927612305,20.802020200989237,20.387306878336336,20.685900976888274,62361700
2017-09-26,20.57807159423828,20.702485256296665,20.478541297393793,20.59466050438088,53012700
2017-09-27,21.075729370117188,21.266497104730828,20.88496163550355,20.992786395326927,92877400
2017-09-28,21.108903884887695,21.266493772087266,21.017666468715536,21.225023082193783,64991400
2017-09-29,21.01766586303711,21.13378505699692,20.99278250061485,21.075725460017015,66232600
2017-10-02,21.249910354614258,21.274792140325612,21.05914103279491,21.117200642129,54001400
2017-10-03,21.448970794677734,21.50703039925949,21.249908615252178,21.35773336918893,55946900
2017-10-04,21.324560165405273,21.52362396993704,21.316267290388538,21.448975438739108,53402800
2017-10-05,21.672914505004883,21.755857474299553,21.283084605927147,21.37432203035184,62636900
2017-10-06,21.739269256591797,21.813917773134538,21.59826826090618,21.772447078168838,53900600
2017-10-09,21.440675735473633,21.789034935156582,21.366027222541177,21.78074048016347,55172500
2017-10-10,21.507030487060547,21.523619397581793,21.324555635337997,21.424087516459895,46133800
2017-10-11,21.424083709716797,21.507026665579712,21.274786705564612,21.507026665579712,51652300
2017-10-12,21.108903884887695,21.50702820308463,21.017666468715536,21.457263058811368,71770000
2017-10-13,21.424083709716797,21.56508626008216,20.835191728900174,21.050841199336332,104196900
2017-10-16,21.764150619506836,21.8387991291786,21.45726370819443,21.45726370819443,71927200
2017-10-17,21.730976104736328,21.921743830342958,21.656327589150155,21.871978680620707,48644400
2017-10-18,21.963218688964844,22.021278304983074,21.8388050000678,21.847099456928387,55382500
2017-10-19,22.046159744262695,22.054454200396666,21.68950604053066,21.730978321200517,54542700
2017-10-20,22.535518646240234,22.54381310129362,22.31157310581547,22.427693894557315,83764700
2017-10-23,22.5272274017334,22.751172974074553,22.469167790090676,22.57699255714062,69607700
2017-10-24,22.95853042602539,23.091238566360325,22.676525232312194,22.684819688833855,90346500
2017-10-25,22.917057037353516,23.157591518855124,22.67652413785765,23.132708150491105,81265300
2017-10-26,23.00829315185547,23.207355341322902,22.95852799999002,22.966822455635207,55342500
2017-10-27,23.058055877685547,23.19076399003439,22.908760437797216,22.95852558442666,58856700
2017-10-30,22.892181396484375,23.024889566040304,22.77606056161831,22.93365210621829,51357600
2017-10-31,22.717988967895508,22.991699621171165,22.676518280007357,22.925345571346924,50311200
2017-11-01,22.83411407470703,22.999998439744004,22.693111494322505,22.925349921775396,46527700
2017-11-02,23.11611557006836,23.174175167725362,22.62675384409452,22.81752154554049,59692000
2017-11-03,23.07464599609375,23.07464599609375,22.908761637969885,22.99999748123606,37816100
2017-11-06,23.016590118408203,23.074649732252627,22.908765347269398,23.00829566185817,37261000
2017-11-07,22.5438175201416,23.033179390173085,22.411109377286202,23.008296020135504,68342100
2017-11-08,22.220338821411133,22.361339821183215,21.97150989838861,22.361339821183215,83128200
2017-11-09,21.97150993347168,22.11251251547456,21.664622984527895,21.97150993347168,95448600
2017-11-10,21.988094329833984,22.178862024547218,21.94662206011024,22.054448379386645,61105300
2017-11-13,21.89686393737793,21.96321800820006,21.681212811704558,21.780744708940666,55902200
2017-11-14,21.764150619506836,21.855388038440207,21.63144250942491,21.780739528768443,61596800
2017-11-15,22.220338821411133,22.33645803628492,21.407499571277675,21.55679660869006,98274900
2017-11-16,22.19545555114746,22.435988437576974,22.178866639805932,22.3198692221976,54565200
2017-11-17,22.079336166381836,22.170572014048986,21.930039129464767,21.988098736709038,48420700
2017-11-20,22.17886734008789,22.261810317408735,22.012982967451908,22.17886734008789,46328800
2017-11-21,22.170568466186523,22.27839478981859,22.1373922310727,22.228628064139762,57749100
2017-11-22,22.112512588500977,22.311574778690858,22.054452980779637,22.20375001892346,38103200
2017-11-24,22.054452896118164,22.17886656675854,22.037863984831272,22.162277655471648,14273600
2017-11-27,22.054452896118164,22.32816360432925,21.988098832976252,21.996393288619696,44828600
2017-11-28,22.925350189208984,22.9751169231057,22.037864000791092,22.079336279038355,99765000
2017-11-29,23.45618438720703,23.630363210648905,23.091236246940586,23.24053328532257,119728400
2017-11-30,23.464513778686523,23.92264173897484,23.3895471540943,23.839346901647644,122131900
2017-12-01,23.406204223632812,23.747718103700745,22.90642731002825,23.5311480548472,137774800
2017-12-04,24.20584487915039,24.414085117656924,24.005934440833748,24.030923841403432,145661700
2017-12-05,24.097562789916992,24.405757480523345,24.03092597123883,24.239166228201476,91349800
2017-12-06,23.856000900268555,24.130877947921903,23.797693888455257,23.930967512241914,74593800
2017-12-07,23.97262191772461,24.130883388687497,23.631107981177138,24.06424656176963,80706100
2017-12-08,24.19751739501953,24.230836598968246,23.95595952137971,24.172529580805087,60991300
2017-12-11,24.105892181396484,24.297472833248744,24.072572978249802,24.180858799729464,54001900
2017-12-12,24.42241859436035,24.57235184285529,24.08090467889841,24.42241859436035,76017200
2017-12-13,24.02259635925293,24.52237329764354,24.014266558259262,24.41408747347291,79980600
2017-12-14,23.93096923828125,24.30580232518317,23.9143096369196,24.205846305760314,60615800
2017-12-15,24.189191818237305,24.305805867268948,23.93930252763731,24.08090598235313,129859400
2017-12-18,24.555692672729492,24.572352275910795,24.38077160556743,24.39743120874873,70548600
2017-12-19,24.53070640563965,24.688967879613465,24.464069577454012,24.6556502598943,67984100
2017-12-20,24.555692672729492,24.85555917500412,24.530704856704745,24.788922351026113,81271200
2017-12-21,24.838897705078125,24.972171343018076,24.638987248168196,24.64731704913283,72953200
2017-12-22,24.888874053955078,25.01381947531919,24.672305591417224,24.972170471948807,54203000
2017-12-26,24.80557632446289,24.938849942171817,24.638983507953316,24.77225712566224,42371200
2017-12-27,24.763931274414062,24.763931274414062,24.65564703854039,24.705624255963077,35111800
2017-12-28,24.822237014770508,24.838896615969304,24.70562298387299,24.763929999321746,37914900
2017-12-29,24.58901023864746,24.888875132169535,24.58901023864746,24.863887317811837,40672000
2018-01-02,24.90553855895996,24.90553855895996,24.66398064683949,24.78059470174266,57121600
2018-01-03,24.822237014770508,24.938852634415046,24.730612385671176,24.90553343201746,57865700
2018-01-04,25.147098541259766,25.355338836857733,24.88887943082018,24.963846064335236,76512500
2018-01-05,25.263704299926758,25.338670908817235,25.030474673517837,25.29702349887668,56445200
2018-01-08,25.088787078857422,25.213730916385938,25.03047847184683,25.180411712379883,42914800
2018-01-09,25.213729858398438,25.43862970976105,25.097114238017628,25.155422842581547,69479100
2018-01-10,25.446956634521484,25.596889861179378,25.247046195226606,25.29702499661053,63532800
2018-01-11,25.53858184814453,25.563571247857837,25.36366081639205,25.53858184814453,59318300
2018-01-12,25.980052947998047,25.988382748299223,25.630209279083548,25.721833904902542,66371600
2018-01-16,26.021703720092773,26.47983326331893,25.846782657427138,26.438184256436283,104467900
2018-01-17,25.97172737121582,26.063353600682017,25.272039919603735,25.821794118906485,124382900
2018-01-18,26.221616744995117,26.413197429103885,25.996716852129705,26.09667288965233,76463800
2018-01-19,26.42152214050293,26.43818174167135,26.204952091554503,26.30490810981801,66491000
2018-01-22,26.60477638244629,26.60477638244629,26.30490989604048,26.379876517641932,53848800
2018-01-23,26.588115692138672,26.76303833163312,26.479831459116056,26.538138476031854,56531400
2018-01-24,26.729724884033203,26.82967933776975,26.504824980004877,26.66308646321231,81585000
2018-01-25,26.729724884033203,26.862998548180197,26.59645121988621,26.854670334324982,62265800
2018-01-26,26.821346282958984,26.821346282958984,26.613106021720938,26.74637966181352,52699900
2018-01-29,26.887981414794922,27.029586444209965,26.804686581605512,26.862993600336942,59126500
2018-01-30,26.554798126220703,26.821347002301756,26.52981031100012,26.613106735478752,60555800
2018-01-31,26.654752731323242,26.89631219054945,26.613105315679377,26.696400146967108,65734100
2018-02-01,27.071229934692383,27.071229934692383,26.621430274717454,26.654749474158653,62367400
2018-02-02,26.61311149597168,27.212841411004128,26.53814485940576,27.02126071255676,96971900
2018-02-05,25.20540428161621,26.638096870158346,24.28081690801639,25.921751370260925,155908300
2018-02-06,25.988380432128906,26.063347039411237,24.405753468387946,24.49737967478787,165878400
2018-02-07,26.030033111572266,26.438183840112064,25.705178806738928,25.921748872876865,101180500
2018-02-08,24.772258758544922,26.138314224479426,24.763928958295693,26.080007211481774,128981300
2018-02-09,25.263704299926758,25.49693392633568,24.264150573884926,25.13043068162076,143071100
2018-02-12,25.921749114990234,26.188296402342786,25.438631759476944,25.505268581315082,95055100
2018-02-13,25.97172737121582,26.154978241400997,25.621883645409778,25.855113325529544,76727300
2018-02-14,26.654752731323242,26.679740545210734,25.871768924991443,25.96339514590443,97251500
2018-02-15,26.829675674438477,27.046247335040835,26.546470368355592,26.979608923318768,68117400
2018-02-16,26.6297607421875,26.87131858920456,26.588113330588776,26.654750142394885,62137800
2018-02-20,26.5964412689209,26.788021890859557,26.446508055665667,26.621429078632236,58573900
2018-02-21,26.54646873474121,26.96294766114462,26.463172313961696,26.488160128072593,72210300
2018-02-22,26.396533966064453,26.771365454739477,26.313237550109893,26.646421625181137,64749700
2018-02-23,26.679737091064453,26.70472807921057,26.454838851458593,26.488156461910737,53626300
2018-02-26,27.00459098815918,27.02125058754192,26.696396343312628,26.796350762115406,61796300
2018-02-27,26.929637908935547,27.362774949410113,26.921306517294745,26.921306517294745,69235500
2018-02-28,26.738048553466797,27.296134111757304,26.72972034102705,27.062906033513407,72044000
2018-03-01,26.32000732421875,27.04740181571317,26.21967781938925,26.813298574638516,90547100
2018-03-02,26.44542121887207,26.495587568302767,25.60933453153271,26.01901841167274,82739100
2018-03-05,26.86346435546875,27.047401245542456,26.060820360209195,26.211316208989654,70543100
2018-03-06,26.846744537353516,27.022321979482182,26.71297079248153,27.005599862695977,50832600
2018-03-07,26.90526580810547,26.947069498303076,26.403613552191374,26.50394464125762,52763900
2018-03-08,26.92198944091797,26.980515248379877,26.59591457908803,26.913626788756382,53139800
2018-03-09,27.35675048828125,27.365109949689597,27.089203071379163,27.147728869487946,73905800
2018-03-12,27.457080841064453,27.632658240946434,27.289862902855326,27.331666590053384,60322800
2018-03-13,27.055761337280273,27.582496758159866,27.005594995962234,27.565774644387186,63347500
2018-03-14,26.871822357177734,27.214617729777416,26.696244939620698,27.214617729777416,58011400
2018-03-15,26.838376998901367,27.03903917439193,26.6962438162174,26.997235484744714,41964200
2018-03-16,26.896907806396484,27.23134376462942,26.82166306468263,26.846744645253917,83447600
2018-03-19,26.738054275512695,26.93871650180773,26.487228884707314,26.863468565624327,57363200
2018-03-20,26.738054275512695,26.921994383831652,26.654445280341253,26.804942747417,44784500
2018-03-21,26.646081924438477,27.131012111958714,26.487225016284466,26.754772485990983,64546300
2018-03-22,25.54244613647461,26.328368022204064,25.43375557527683,26.28656432821462,110271900
2018-03-23,24.38864517211914,25.676217653355067,24.28831408261742,25.659497134028587,115740200
2018-03-26,25.45047378540039,25.550803273463053,24.78996467770259,24.99062524853638,83297000
2018-03-27,24.681276321411133,25.642775573251363,24.422088332401454,25.626053458855527,85821800
2018-03-28,24.572587966918945,25.049157137829454,24.254875717881557,24.907023927643163,79396100
2018-03-29,25.07423210144043,25.199644748284722,24.505693068057433,24.72307573345142,65678300
2018-04-02,24.50569725036621,25.13276218631515,24.037489211376077,24.915379483821155,86644200
2018-04-03,24.73980712890625,24.789971887527315,24.330124811631528,24.698003429173514,69698700
2018-04-04,24.98226547241211,25.05751338966977,24.204706318597204,24.246510008314328,66640800
2018-04-05,25.350147247314453,25.5424467961664,25.182930872329226,25.23309562535392,55765500
2018-04-06,24.77324867248535,25.325067371711448,24.555867529852737,25.090962517333978,79687600
2018-04-09,24.973909378051758,25.60933383992562,24.88193933462136,24.932104087988506,65917500
2018-04-10,25.483922958374023,25.56753194969475,25.274901277426647,25.483922958374023,60540500
2018-04-11,24.998992919921875,25.28326253583349,24.99063186125284,25.208014602521068,62211500
2018-04-12,25.626047134399414,25.75145977199941,25.224726056196147,25.266529737160077,57989100
2018-04-13,24.91537857055664,26.060817846576146,24.714717989773156,26.027373619091296,99254500
2018-04-16,25.02407455444336,25.39195313967507,24.639473852903667,25.149487237335666,110588900
2018-04-17,25.11604118347168,25.391949686192785,24.982265865910975,25.224731735273327,83475900
2018-04-18,24.68963623046875,25.266534797920258,24.664553060041435,25.10767950267284,79743200
2018-04-19,25.233089447021484,25.28325418776332,24.697994626552955,24.706354087752967,80902600
2018-04-20,25.299983978271484,25.525727772186823,25.19129181318239,25.299983978271484,65554600
2018-04-23,25.350147247314453,25.417034116250292,25.182930872329226,25.308343552245333,50686300
2018-04-24,25.241458892822266,25.801637067210937,25.082601967178316,25.46720109854812,81486800
2018-04-25,25.19965171813965,25.36686968998763,24.91538212282334,25.157848022532036,65893500
2018-04-26,25.141122817993164,25.316701826335763,25.074235956412313,25.1160412415932,45936700
2018-04-27,25.208011627197266,25.258176378581595,25.05751577833558,25.074237893699923,47411200
2018-04-30,25.015708923339844,25.442113242992676,25.015708923339844,25.30833952640063,55153900
2018-05-01,25.040794372558594,25.049153835236584,24.764885857634322,25.015711200398698,52871700
2018-05-02,24.731441497802734,25.14112373933762,24.714719383117565,25.04079424064386,68234600
2018-05-03,24.41373062133789,24.68127809203057,23.769943523290678,24.672917034232835,110672700
2018-05-04,24.497337341308594,24.59766843743444,24.09601614622256,24.238150935487447,58281900
2018-05-07,24.78160285949707,24.907017107783048,24.52241649614231,24.614386519629782,46765200
2018-05-08,25.02407455444336,25.19129093339684,24.80669182656593,24.89030081339706,65119800
2018-05-09,25.6845760345459,25.743103427571164,25.149481198839233,25.16620331113217,72266500
2018-05-10,25.82672119140625,25.977217073180235,25.433760962658994,25.592617903943648,54773200
2018-05-11,25.851797103881836,25.943767137940537,25.759827069823135,25.843436046721173,42024800
2018-05-14,26.019018173217773,26.11098662358026,25.943770244470148,25.952131302631972,41791600
2018-05-15,26.10262107849121,26.219674277927016,25.793269953223785,25.851795755587432,64433500
2018-05-16,25.968849182128906,26.127706081623593,25.935406547592915,26.069180275154135,43590100
2018-05-17,25.759824752807617,25.985568491714794,25.642773152503946,25.952125860788797,45981500
2018-05-18,25.299983978271484,25.74311050765617,25.274900802933498,25.726388390764182,58641700
2018-05-21,25.54244613647461,25.65113829238109,25.483920327005904,25.517364557964424,34983300
2018-05-22,25.82672119140625,26.035742895045885,25.534092082077997,25.58425684443298,61103000
2018-05-23,25.45047378540039,25.71802121317878,25.14948213179547,25.676215930895616,73893100
2018-05-24,25.258174896240234,25.425392850652642,24.940462696506984,25.41703179346116,62146200
2018-05-25,25.216367721557617,25.241450889667025,24.98226293666162,25.09095507042734,44166700
2018-05-29,24.21307373046875,24.915386792319662,23.995692558918336,24.8819441485077,135895000
2018-05-30,24.656192779541016,24.748162812628355,24.380284274987584,24.488976422219633,79435300
2018-05-31,24.379161834716797,24.56385187241332,24.20286541585805,24.513482153264178,97509300
2018-06-01,24.681379318237305,24.899650214670125,24.605823946348085,24.756934690126524,64796600
2018-06-04,24.681379318237305,24.840885281250586,24.622614384817766,24.807304404311225,43777000
2018-06-05,24.446321487426758,24.63101152129623,24.39595016809688,24.605825861631292,47690800
2018-06-06,25.218664169311523,25.22705778799721,24.58064186715959,24.58903708706975,74995800
2018-06-07,25.260635375976562,25.445325386260098,25.092734202101155,25.35298118173046,68402700
2018-06-08,25.193479537963867,25.22705881775072,25.025578335355977,25.193479537963867,49572900
2018-06-11,25.235450744628906,25.529277010234388,25.235450744628906,25.294215677505136,46732800
2018-06-12,25.101133346557617,25.411750086438108,24.975208247069396,25.327799486371124,49644600
2018-06-13,25.050765991210938,25.487307871778945,24.933236100759807,25.16829588166207,68900200
2018-06-14,24.76532745361328,25.227053257174024,24.664586434009095,25.218659639995845,77863200
2018-06-15,24.580636978149414,24.689771612826025,24.23644103641468,24.55545132342828,105079500
2018-06-18,24.681379318237305,24.765329909361366,24.18607259195213,24.295208840780713,52644100
2018-06-19,24.563846588134766,24.656192387729458,24.303601227087363,24.379156590169536,65466200
2018-06-20,24.547060012817383,24.76533091814115,24.496690296580947,24.698170762751097,52256500
2018-06-21,24.589031219482422,24.7233515035437,24.345574703856293,24.52186947622769,68322600
2018-06-22,24.337188720703125,24.782125831252692,24.337188720703125,24.73175450469823,76079200
2018-06-25,23.909034729003906,24.270021119283978,23.724344725215495,24.228046627903407,73616400
2018-06-26,23.959402084350586,24.068536704656104,23.514465183545763,23.942611650080835,56369300
2018-06-27,23.707551956176758,24.219649027013123,23.707551956176758,23.934218030273907,61764400
2018-06-28,24.06853675842285,24.21125224758669,23.757920128634286,23.84187069894665,71292100
2018-06-29,23.66558074951172,24.48829298299532,23.657185530652793,24.42113283334817,102307600
2018-07-02,23.74113655090332,23.74113655090332,23.36335970148474,23.573235373111885,52534300
2018-07-03,23.321380615234375,23.867056933766246,23.287799745799067,23.783106361401963,40599000
2018-07-05,23.43891143798828,23.57323171891007,23.346565644395536,23.464097091120138,44506800
2018-07-06,23.531259536743164,23.63199895669108,23.19545720031888,23.346567931464968,39424900
2018-07-09,24.387550354003906,24.421131227231086,23.69076324678163,23.699158465088423,61758900
2018-07-10,24.202861785888672,24.62261311870063,24.135701636687728,24.530267313090235,58858400
2018-07-11,24.076940536499023,24.2700257960151,24.02657081689146,24.068545316360343,50218900
2018-07-12,24.152490615844727,24.320390178096332,24.060144815810638,24.26162525124706,51700700
2018-07-13,23.967802047729492,24.085333517520056,23.690766213806054,24.02656858323696,75178000
2018-07-16,25.000391006469727,25.059155939330314,24.118912209887903,24.160888305662844,129172000
2018-07-17,25.193479537963867,25.352985520318907,24.83249307321408,25.092738496154226,87778900
2018-07-18,25.294218063354492,25.428539981315495,25.050763089728726,25.117923248096986,59109200
2018-07-19,24.90804672241211,25.201873005933944,24.882861063404718,25.126317630136203,59260600
2018-07-20,25.294218063354492,25.31940372320177,24.731751136561122,24.866073054522126,80432700
2018-07-23,25.814708709716797,25.898659302188392,25.294216317372403,25.302611536742,74080200
2018-07-24,25.88187026977539,26.116931621223358,25.730759515360585,25.898660709426913,64761500
2018-07-25,26.083345413208008,26.11692628565063,25.747544694902412,25.772730349234383,57644100
2018-07-26,25.97420883178711,26.200873298875283,25.932232744382624,26.1840844651375,46215000
2018-07-27,26.074953079223633,26.14211323031327,25.856682187876224,26.016188147173235,57198900
2018-07-30,26.284832000732422,26.40236348058618,26.13372124179509,26.14211646187211,58721000
2018-07-31,25.923845291137695,26.377177563535856,25.873475572390507,26.326807844788668,64066000
2018-08-01,26.234458923339844,26.486309088514187,26.167298772545067,26.20927326633269,69070700
2018-08-02,26.259641647338867,26.284825700308847,25.915445712806736,26.007789909070205,46427200
2018-08-03,26.452730178833008,26.452730178833008,26.158903914591313,26.175694352827826,50153800
2018-08-06,26.461124420166016,26.51988935059802,26.29322324645377,26.402359489734007,41261500
2018-08-07,26.452730178833008,26.696185128365165,26.435939740596496,26.486309454081713,43946200
2018-08-08,26.696186065673828,26.788531877992607,26.427545449354874,26.452731107593916,43689600
2018-08-09,26.52828598022461,26.687791943611607,26.486309883952057,26.63742062808455,38219100
2018-08-10,26.1840877532959,26.301617610339658,25.940631219449017,26.21766702621231,55679800
2018-08-13,25.588037490844727,26.125320214850593,25.56285343897936,26.091739344064703,63960600
2018-08-14,25.848291397094727,25.9406356141775,25.537674663567724,25.69718064030994,42521200
2018-08-15,25.4872989654541,25.705569829465162,25.319397808145865,25.588038378859757,59747900
2018-08-16,25.789518356323242,25.890259369192943,25.621618803172506,25.655198073313024,44015400
2018-08-17,25.806316375732422,25.907057418206993,25.646810392324582,25.739156214490894,39843500
2018-08-20,25.915447235107422,25.965816945230277,25.730755629283266,25.764336503514645,40011000
2018-08-21,26.041372299194336,26.23445752226439,25.881866349116187,25.949026496324215,53510600
2018-08-22,26.007795333862305,26.10014115061169,25.923844736928725,25.957425616191937,33062900
2018-08-23,25.890260696411133,26.007790549764014,25.806310114920148,25.974211277902114,38259100
2018-08-24,25.93223762512207,26.09174358483191,25.898658350102494,25.974213720426928,43585000
2018-08-27,26.284832000732422,26.435942759669754,26.016191363165838,26.04977224347391,47729300
2018-08-28,26.25124740600586,26.368777260836367,26.18408726021354,26.326802770175238,38539000
2018-08-29,26.14211082458496,26.284826332670086,26.083345897942408,26.226061406027533,46401800
2018-08-30,26.032976150512695,26.150506003621487,25.98260644221238,26.041371368766775,47358900
2018-08-31,25.9658203125,25.982610751793086,25.705574908354823,25.92384421426728,49266000
2018-09-04,26.14211082458496,26.158901261118306,25.873470244948052,25.949025608123954,44745600
2018-09-05,26.175695419311523,26.22606513484897,25.999399013093882,26.083349606472552,48516700
2018-09-06,26.023853302001953,26.243179322463593,25.922625289110165,26.19256451153536,42666000
2018-09-07,26.03228759765625,26.251613605428204,25.8382673849196,26.15038559839323,49103800
2018-09-10,25.9985408782959,26.150382063842834,25.93949188590862,26.04915407049009,34156200
2018-09-11,26.023853302001953,26.066030702144133,25.897319492610727,25.91418948728879,53071000
2018-09-12,25.6695556640625,26.116641862899385,25.62737665825224,26.049157062567524,59482300
2018-09-13,25.424922943115234,25.872010762977244,25.374309743742142,25.75391276145183,59219500
2018-09-14,25.618940353393555,25.635810345361925,25.399614368160538,25.41648436012891,33743900
2018-09-17,25.54302406311035,25.720171075867256,25.4333602475292,25.593637265474513,35026600
2018-09-18,25.483970642089844,25.644247642375966,25.416485843384823,25.585198644629635,49921700
2018-09-19,26.15038299560547,26.319095787549983,25.41648444230058,25.41648444230058,92666300
2018-09-20,26.3106632232666,26.462504432900243,26.268484215610243,26.40345382218134,83357400
2018-09-21,26.175697326660156,26.462508183515506,26.12508251029873,26.437200775334794,85992100
2018-09-24,25.93106460571289,26.319103497268678,25.86357979095948,26.133519049973124,45587700
2018-09-25,25.872013092041016,26.18413133569605,25.81296408596257,26.02385431279402,40949900
2018-09-26,25.416488647460938,25.93106129995982,25.35743964320002,25.9057538942917,57882400
2018-09-27,25.256210327148438,25.56832691625377,25.247774526231467,25.50927791879949,45879700
2018-09-28,24.85130500793457,25.180294875088798,24.817563406333914,25.011582040190998,74707600
2018-10-01,25.011579513549805,25.256212938542543,24.91878891179797,25.036886918917403,53900900
2018-10-02,24.952531814575195,25.07062982786911,24.691028381296636,24.952531814575195,42940300
2018-10-03,25.30682945251465,25.45867068666412,25.070631798397155,25.146552415471888,61080300
2018-10-04,25.6695556640625,25.973238070038164,25.42492225725665,25.450229660742806,72325700
2018-10-05,25.500839233398438,25.85513478701308,25.348998051997256,25.81295739616356,51931000
2018-10-08,25.534584045410156,25.661117834911913,25.230901663434402,25.34899965244078,47471600
2018-10-09,25.28995704650879,25.467105683732832,25.197166435548418,25.332136059640625,58868600
2018-10-10,24.665719985961914,25.416488655749284,24.640412580285542,25.28995484529682,88454400
2018-10-11,23.923383712768555,24.674152275690155,23.839027314819457,24.370469886659187,111417300
2018-10-12,24.007740020751953,24.497006838020337,23.391941012000775,24.454827831894836,102279200
2018-10-15,23.552215576171875,24.142708729007968,23.316017993244557,24.033044933412842,114636100
2018-10-16,24.066795349121094,24.108972754553534,23.535351030469037,23.822161892511286,87887800
2018-10-17,24.37890625,24.62353964880192,23.754671465112875,23.931820065790905,79068700
2018-10-18,23.83059310913086,24.37890731905246,23.73780090427974,24.184888717058822,77369200
2018-10-19,23.8896427154541,24.058355526927578,23.594396099857825,23.737801506920896,64305400
2018-10-22,23.096694946289062,23.914949985690633,23.03764594529402,23.889642581422216,89942900
2018-10-23,22.793014526367188,22.9448557366231,22.02537428248642,22.2615702904715,102392500
2018-10-24,22.092863082885742,22.691790621731364,22.00007085783899,22.658049018328402,86386600
2018-10-25,22.430280685424805,22.717091471880984,22.084420903339023,22.253132089571537,73780400
2018-10-26,22.261564254760742,22.421841223127085,21.831348145333735,22.210951068052918,91103500
2018-10-29,22.447154998779297,22.927984431530184,22.177215781021932,22.514639803218635,89367000
2018-10-30,22.590559005737305,22.65804380598368,22.202520197597224,22.573687403434572,79004800
2018-10-31,23.197925567626953,23.518478012980566,22.826758308034783,22.860501517527155,92296300
2018-11-01,23.459426879882812,23.619703892520732,23.290715674600737,23.425685282412253,49827300
2018-11-02,23.526912689208984,23.940257331916584,23.21479606116831,23.62814070387591,69010200
2018-11-05,23.670310974121094,23.822152145897263,23.526905601772956,23.57752039834116,41103100
2018-11-06,23.79684829711914,23.83059149986437,23.40037531864949,23.6365729109727,43514400
2018-11-07,24.07522201538086,24.184884193267,23.737796464115846,23.9739940282085,56679200
2018-11-08,24.35360336303711,24.564493583465694,23.982436124572693,24.041485128858344,49421200
2018-11-09,24.0583553314209,24.37047193845646,23.94025572076334,24.2523739367635,43270600
2018-11-12,23.408815383911133,24.058357674409038,23.316023168421502,23.940258052250027,50307500
2018-11-13,23.417251586914062,23.737804032055237,23.35820257930633,23.408815784546558,57423400
2018-11-14,22.953290939331055,23.704061222083958,22.590561109824925,23.577527410957195,69213300
2018-11-15,23.535341262817383,23.5943902495022,22.67490903378775,22.894234990734372,66174800
2018-11-16,23.408815383911133,23.526913397105385,23.130440346406996,23.35820217953713,52456100
2018-11-19,23.408815383911133,23.636577217041268,23.231668364119752,23.43412279058051,46000000
2018-11-20,23.096694946289062,23.256971955393173,22.75083513277702,23.130438151980286,92330600
2018-11-21,23.003904342651367,23.41724895847495,22.987032739810093,23.273843552253332,40364400
2018-11-23,22.750835418701172,22.91954823134841,22.674914813906376,22.843627626553616,22974100
2018-11-26,23.248537063598633,23.39194247546805,22.86049983675472,22.927984641812994,53210700
2018-11-27,23.400373458862305,23.53534304118734,23.105126894164666,23.138870094228093,43617100
2018-11-28,23.98243522644043,24.016176823783752,23.248536578888697,23.51847579349382,61388100
2018-11-29,23.65345001220703,23.914953458429054,23.594399393672525,23.771548031346363,46824600
2018-11-30,23.957124710083008,24.15114329426012,23.510038547323965,23.569087541728788,64284600
2018-12-03,24.07522201538086,24.497002345497854,23.923380839104457,24.45482334710759,59908700
2018-12-04,22.76770782470703,23.889643724173975,22.548381804116502,23.889643724173975,103565700
2018-12-06,22.29267692565918,22.32660709854262,21.656470409015494,22.25026218710883,133294200
2018-12-07,21.571638107299805,22.513224075763688,21.46136142773667,22.182395655030792,107477600
2018-12-10,21.003297805786133,21.401986636789637,20.60460897478263,21.359573516582156,110166900
2018-12-11,20.85059928894043,21.546184525185435,20.808186186420574,21.38501182328891,78545000
2018-12-12,20.799711227416992,21.198400045212768,20.672470253052957,21.09660791290425,87191800
2018-12-13,20.697912216186523,21.054187824622264,20.596120109751375,20.918463937404493,64860100
2018-12-14,20.76577377319336,21.09660215783937,20.460395841616855,20.511291893886884,92762600
2018-12-17,20.757295608520508,21.1475030803383,20.494330723616006,20.57915857557263,98602800
2018-12-18,20.757295608520508,21.283226996286217,20.62157169257259,20.926951312433758,89046300
2018-12-19,20.511295318603516,21.41046660930248,20.417984525564997,20.740330018994456,121887600
2018-12-20,20.451915740966797,20.723363548100824,20.155019095180247,20.23136399318126,112594000
2018-12-21,19.824193954467773,20.791227253432208,19.73088315616184,20.282261763151094,160800400
2018-12-24,19.281293869018555,19.688465554774886,19.221914867090312,19.306742706111997,64859100
2018-12-26,20.451915740966797,20.511294746532798,19.24736488334213,19.433984846257637,100877800
2018-12-27,20.67246437072754,20.67246437072754,19.841153564320372,20.17198194507816,91575400
2018-12-28,20.68943214416504,20.994811741791754,20.579157077220163,20.859087835725788,78693800
2018-12-31,20.901500701904297,21.181431457092067,20.67246762435544,20.842121695948794,56257300
2019-01-02,21.17294692993164,21.325636715534607,20.367086509630862,20.426465511152806,71836300
2019-01-03,20.833635330200195,21.240808594698343,20.74032617242371,21.155980763846383,66599600
2019-01-04,21.69887924194336,21.758258246223807,21.232328535777107,21.291707540057555,83829100
2019-01-07,21.681915283203125,21.868536876675467,21.45288219169282,21.681915283203125,57016300
2019-01-08,21.639503479003906,21.87702114965955,21.28322778199882,21.81764051852807,67339400
2019-01-09,21.851566314697266,21.927911201542496,21.537703822338383,21.77522142785203,69707200
2019-01-10,21.82612419128418,21.868538929216438,21.563159287931438,21.68191731822813,65235800
2019-01-11,22.080602645874023,22.089085591493802,21.59708445328529,21.656465072623742,63476000
2019-01-14,22.369016647338867,22.462325814587636,21.72432733255713,21.860051228515765,76715400
2019-01-15,22.521703720092773,22.74225544477453,22.09756616138702,22.23329005073635,80625500
2019-01-16,24.13343048095703,24.36246355904709,23.63294797535436,23.861981053444417,163131700
2019-01-17,24.591503143310547,24.599986091289956,23.82805562268948,24.040124468304047,107428800
2019-01-18,24.85446548461914,24.99018940231872,24.35398293136816,24.616949437623234,97928200
2019-01-22,24.67632484436035,24.8544618535829,24.50666916304284,24.58301405784007,84861400
2019-01-23,24.532114028930664,24.8374935586793,24.27763216611095,24.786595891750377,79425900
2019-01-24,24.667837142944336,24.769630855701983,24.379423511079874,24.387906455306027,59492300
2019-01-25,25.091981887817383,25.21073990534357,24.718740323933684,24.837499959416512,72182100
2019-01-28,25.1343936920166,25.168325476943433,24.845981609921314,24.87142883065988,59963800
2019-01-29,24.93080711364746,25.19377358533804,24.88839400167492,25.0580496854781,51451900
2019-01-30,24.659358978271484,24.998668723302746,24.557566863740348,24.95625561190752,66475800
2019-01-31,24.1503963470459,24.464258908750796,23.734741659027883,24.387914005037626,100201200
2019-02-01,24.074047088623047,24.46425448345723,24.01466808935524,24.260668649700587,64244100
2019-02-04,24.49818992614746,24.574534832503126,24.107984065180048,24.150397182952425,55195900
2019-02-05,24.413360595703125,24.498186820494396,24.235221964137097,24.472739600239628,46622600
2019-02-06,24.37094497680664,24.51515181883328,24.209773861214167,24.3200489201962,35606900
2019-02-07,23.955289840698242,24.294599574257848,23.66687616268347,24.209773354335272,62289200
2019-02-08,23.997705459594727,24.02315267933372,23.63294687574185,23.87894583497227,50031300
2019-02-11,24.09949493408203,24.141908040971167,23.929839270612856,24.040115937254715,47724400
2019-02-12,24.337013244628906,24.481220077369894,24.2437024652211,24.2776342460808,49178100
2019-02-13,24.345500946044922,24.591499933511283,24.31156915855622,24.48970780695854,48951200
2019-02-14,24.082530975341797,24.27763548936384,23.84501496898593,24.05708375635021,47756600
2019-02-15,24.693288803100586,24.862942853181146,24.320047304193174,24.396392193014155,65867000
2019-02-19,24.710256576538086,24.820533261773214,24.38791270314524,24.540602502420594,40841300
2019-02-20,24.94777488708496,24.981706673587208,24.608465111845668,24.684810013519087,42806300
2019-02-21,24.845979690551758,24.981703583861204,24.69328990608952,24.8799098549009,42754100
2019-02-22,24.667837142944336,24.82900984732887,24.56604343018669,24.64238831026588,47887800
2019-02-25,24.829015731811523,25.100463539556877,24.701774774175462,24.701774774175462,61227400
2019-02-26,24.845979690551758,25.13439175036701,24.566047340400036,24.616945013858402,53153200
2019-02-27,25.049562454223633,25.16832044179583,24.77811308298452,24.85445796583986,48128600
2019-02-28,24.793785095214844,25.19450937309595,24.73410292895777,25.151879718974346,62358100
2019-03-01,24.989885330200195,25.27977154583438,24.904624391563587,25.006937843170945,45771500
2019-03-04,24.75115394592285,25.185983221807685,24.5294761802041,25.006935107635357,56893200
2019-03-05,24.793785095214844,24.887572285742852,24.469795495726274,24.742629185025503,39932500
2019-03-06,24.58915901184082,24.861992692081532,24.555053988702227,24.734102107745827,41672000
2019-03-07,24.341899871826172,24.48684295224413,24.094644985358375,24.44421330409284,53908600
2019-03-08,24.427165985107422,24.444218498478325,23.881498566975992,23.924128224186067,40860700
2019-03-11,24.674419403076172,24.776731217817204,24.469794147377133,24.469794147377133,40709300
2019-03-12,24.674419403076172,24.827888751404693,24.631788125086594,24.725575310446686,34450000
2019-03-13,24.972837448120117,25.16041023471526,24.70852834392386,24.768210520285162,54683300
2019-03-14,25.11777114868164,25.271240483800565,24.930198420323418,24.989880578154814,45219100
2019-03-15,24.981351852416992,25.245660848409045,24.947248462550817,25.10071778249029,82346200
2019-03-18,25.424713134765625,25.544077465995702,25.006936349243308,25.049566002906325,58568600
2019-03-19,25.279766082763672,25.697542802960776,25.18598053412631,25.586704745037785,55455100
2019-03-20,24.41863441467285,25.28829289273596,24.384531021569483,25.25418949963259,81689900
2019-03-21,24.02643585205078,24.38453041491988,23.907071539833346,24.256639848084514,77444400
2019-03-22,23.02889060974121,23.93265260680587,22.773107807858494,23.796235762955245,118851600
2019-03-25,22.883947372436523,23.34435381111302,22.687848363856112,22.943629537985604,65568000
2019-03-26,23.19940948486328,23.31877543586401,22.918049557718,23.148253577986946,59878500
2019-03-27,23.045944213867188,23.335830427341023,22.977735788709644,23.09710012618106,57621700
2019-03-28,23.301721572875977,23.369929986825984,23.037414172096806,23.19088351003854,45872300
2019-03-29,23.523399353027344,23.600134022090394,23.27614283577599,23.489294332902936,83446300
2019-04-01,24.3333740234375,24.503894233712025,23.74507547638101,23.787705122395455,91751100
2019-04-02,24.614736557006836,24.614736557006836,24.17138103552097,24.273692847422677,66694000
2019-04-03,24.58915901184082,24.93020111214171,24.469794683289763,24.785258016236707,63110600
2019-04-04,24.85346794128418,24.98988478966518,24.589160500823134,24.597686757124084,53712100
2019-04-05,24.793785095214844,25.151879718974346,24.708524160754568,24.998410362189265,46383400
2019-04-08,24.870515823364258,24.896094587504724,24.614734686826825,24.631785570036996,35272800
2019-04-09,24.631792068481445,24.78526144137945,24.50390146647219,24.72557926885628,40535300
2019-04-10,24.785263061523438,24.85347149546812,24.51242932574471,24.64031993611382,42669700
2019-04-11,24.785263061523438,25.14335774628736,24.717054627578754,24.93873244445331,50440100
2019-04-12,25.72312355041504,25.76575320069951,25.203033360616494,25.203033360616494,100192000
2019-04-15,25.441768646240234,25.697549850808393,25.28829927301244,25.663446449100682,57438800
2019-04-16,25.475866317749023,25.620809401394027,24.7255737605505,24.981354907586688,105168400
2019-04-17,25.603763580322266,25.680498264849863,25.117776702908415,25.433241697768228,94831600
2019-04-18,25.603763580322266,25.714601665630354,25.424715441018808,25.535555152544088,61796600
2019-04-22,25.620811462402344,25.663442741149,25.39060906203841,25.518499645844376,34763400
2019-04-23,25.637861251831055,25.75722556721432,25.509970681603725,25.569652839295358,41889700
2019-04-24,25.59522819519043,25.723118748385975,25.450285134577715,25.53554604544695,40078100
2019-04-25,25.64638900756836,25.851014257150656,25.492919663827408,25.50144591917045,43243800
2019-04-26,25.87659454345703,25.910697940615897,25.62081174678896,25.723125190699594,40627500
2019-04-29,26.23468780517578,26.575729890265624,25.927749115486456,25.94480162629518,68408600
2019-04-30,26.072689056396484,26.32847018277158,25.92774598445947,26.26026177399044,47764200
2019-05-01,25.799854278564453,26.336995270648206,25.731645872804346,26.055635393610682,56161000
2019-05-02,26.004484176635742,26.055640083609685,25.70607173788997,25.799858922523004,40634100
2019-05-03,26.183534622192383,26.260269307361394,26.004488107609497,26.140904964306138,35256100
2019-05-06,25.97890853881836,26.098274504422722,25.637866407556945,25.671971433791665,39882000
2019-05-07,25.50997543334961,25.72312696550453,25.262718875465676,25.71460070907228,58528400
2019-05-08,25.40765953063965,25.671968575883295,25.29682146015007,25.347977367590108,39903400
2019-05-09,25.330928802490234,25.39061260105445,24.964309511470564,25.083673856164538,44173500
2019-05-10,25.220094680786133,25.330932785972497,24.887578739009548,25.117781207660844,59649900
2019-05-13,24.08611488342285,24.725569260858858,23.915593065619955,24.69146424681165,72547000
2019-05-14,24.401582717895508,24.71704600500843,24.052012786382377,24.17990497835349,52216100
2019-05-15,24.120229721069336,24.29074998210453,23.88149940415938,23.958234090801252,51973200
2019-05-16,24.376007080078125,24.580632336768232,24.23959024228472,24.265167382985368,42791500
2019-05-17,24.21401023864746,24.418635484886426,24.06054089741401,24.08611966302522,43772500
2019-05-20,24.21401023864746,24.31632367487539,24.077593407821485,24.21401023864746,41717600
2019-05-21,24.461273193359375,24.5124291118171,24.256647893311154,24.3589597302266,39258700
2019-05-22,24.290746688842773,24.4101110180061,24.17138235967945,24.30779920049954,29177600
2019-05-23,23.668346405029297,24.04349355822127,23.446668615698453,23.98380976299528,59772900
2019-05-24,24.02643585205078,24.09464426277743,23.753602209144194,23.813284365252912,35524400
2019-05-28,23.787715911865234,24.08612844796852,23.77066339523819,23.915606534133072,44273400
2019-05-29,23.659818649291992,23.745079582280596,23.34435368509927,23.472245897690694,49818900
2019-05-30,23.156782150268555,23.81328925469475,23.003312788068445,23.67687240523179,58649300
2019-05-31,22.679325103759766,22.909529166615798,22.577011644862445,22.59406415904821,68304200
2019-06-03,22.747533798217773,23.011841266294745,22.50880347549895,22.67079910970877,50109900
2019-06-04,23.804765701293945,23.830344473304073,23.1397322649864,23.173837294333236,58426400
2019-06-05,23.796234130859375,23.881495058972547,23.41256076745857,23.736551969045237,44874400
2019-06-06,23.899099349975586,24.036254943530214,23.607648414308954,23.796234698564813,38633600
2019-06-07,23.599077224731445,23.821952826867072,23.50478326055754,23.78766351807502,51317200
2019-06-10,24.06197166442871,24.404856580406552,23.864813042116985,23.88195769666694,48305800
2019-06-11,24.207698822021484,24.602017715721672,24.12197718121672,24.327708138145567,38691800
2019-06-12,23.959104537963867,24.233412442476556,23.881955235444163,24.173407792739916,33528900
2019-06-13,23.950532913208008,24.139119194334135,23.83909430185756,23.976248258131857,33404200
2019-06-14,24.036252975463867,24.14768994453521,23.81337740231716,23.924814371388504,37322100
2019-06-17,23.94196319580078,24.190554155513258,23.821953879732988,24.010540181411567,33410100
2019-06-18,24.533435821533203,24.687732782105527,23.85623679317141,24.019107714613508,60170700
2019-06-19,24.276275634765625,24.833463843521763,24.259130979725917,24.60201754050289,61953500
2019-06-20,24.23341178894043,24.524864338376176,23.87338226522592,24.507719686055477,60887200
2019-06-21,24.104835510253906,24.47343580683835,24.07054619801104,24.164840171674527,69444000
2019-06-24,23.984819412231445,24.327704286154617,23.907670111223226,24.07054103946325,40046400
2019-06-25,23.796236038208008,24.019111642150662,23.470494142059415,24.019111642150662,46901300
2019-06-26,23.92481803894043,24.156265973649948,23.873385709561962,23.9505350211318,42312300
2019-06-27,24.181983947753906,24.276277924361256,24.053402292837625,24.070546949494315,35575600
2019-06-28,24.859182357788086,25.090630310071997,24.627734405504178,24.86775468583613,101856900
2019-07-01,25.219209671020508,25.587811568597285,25.073483377443743,25.270641999634588,48029900
2019-07-02,24.987764358520508,25.227784642214587,24.799178043835145,25.150635323705934,32263500
2019-07-03,24.90203857421875,25.06490951234218,24.799173923301744,25.02204951362745,26642300
2019-07-05,25.08205223083496,25.3477877993748,24.987758278932038,25.16777385665543,33092000
2019-07-08,25.030622482299805,25.11634248192761,24.80774688625829,24.867751539999432,30924400
2019-07-09,25.15920639038086,25.219211049544615,24.807749128132286,24.833464476342847,28750100
2019-07-10,24.876327514648438,25.202067812009204,24.82489354532482,25.00490916794862,40574800
2019-07-11,25.167776107788086,25.28778541366857,24.88489586178111,24.944900514721354,37376800
2019-07-12,25.244930267333984,25.313507260306185,25.1677809458647,25.2363579388369,29632900
2019-07-15,25.04776382446289,25.313501037533385,24.927754525014333,25.287784058364085,46462100
2019-07-16,24.850608825683594,25.030624435961577,24.73917183646718,25.00490745306349,54920400
2019-07-17,25.022050857543945,25.390652752302877,24.859179910672836,24.944901547710483,84958300
2019-07-18,25.270639419555664,25.356361048496634,25.013476167736844,25.09919779667781,49468800
2019-07-19,25.202062606811523,25.382078192255168,25.184917953911352,25.32207354210865,44863200
2019-07-22,25.347787857055664,25.38207716146349,25.099196940115032,25.10776926621699,31224300
2019-07-23,25.930692672729492,25.956409650758435,25.45922618722692,25.502086182271153,64030300
2019-07-24,26.290725708007812,26.359302690257095,25.75068217717026,25.7763975236361,53171900
2019-07-25,26.00784683227539,26.479313405887748,25.89640820832783,26.350731761721136,43251900
2019-07-26,26.376447677612305,26.56503397242795,26.07642276335686,26.205004402322267,46978800
2019-07-29,26.162145614624023,26.445025887472003,26.136428631636274,26.333587262862736,39176700
2019-07-30,26.479312896728516,26.487885224175365,25.844975380700212,25.896407710377026,37598300
2019-07-31,26.29929542541504,26.62503565002399,26.2221461236648,26.427877049997413,60607600
2019-08-01,25.279216766357422,26.63361354059243,25.167779771105835,26.18786228957726,76913400
2019-08-02,25.184917449951172,25.28778373028973,24.78202792488361,25.16777443239813,57492300
2019-08-05,24.070545196533203,24.55058410293009,23.75337561150041,24.456291768194124,96207700
2019-08-06,24.36199378967285,24.421998438723122,23.73622868528568,24.353421463379377,65115800
2019-08-07,23.907672882080078,23.94196219094849,23.24762003640554,23.66765426001815,75388500
2019-08-08,24.327709197998047,24.422003170491696,24.06197357143021,24.096262883247675,53141900
2019-08-09,24.28484344482422,24.447714367395637,23.976246251531844,24.23341112427682,53499600
2019-08-12,23.69336700439453,23.87338258617389,23.539068401441956,23.8562379336227,55674700
2019-08-13,23.761945724487305,24.216269240431416,23.470493149731336,23.63336409091948,69919200
2019-08-14,22.64756965637207,23.213330158805704,22.52756034828136,23.093320850714992,106591700
2019-08-15,22.501840591430664,22.99902405147926,22.467551287632283,22.78472080775135,70192000
2019-08-16,23.170473098754883,23.24762241660347,22.66471718619388,22.741866504042466,70841700
2019-08-19,23.376203536987305,23.74480546166729,23.264764909291124,23.693371494267033,44964800
2019-08-20,22.904733657836914,23.196186245365887,22.887590638279637,23.161898571247082,47665000
2019-08-21,23.08475112915039,23.213332778760446,22.96474180751492,23.08475112915039,47785400
2019-08-22,23.307626724243164,23.401919061844698,23.11046645106677,23.221905079601825,49353700
2019-08-23,22.690431594848633,23.33334146026562,22.510417617333957,23.1018951513188,81880700
2019-08-26,22.956165313720703,22.97330833155458,22.7075727525825,22.88758833737294,41499100
2019-08-27,22.690431594848633,23.05903351262173,22.527562272812784,23.024745836668416,52517000
2019-08-28,23.016170501708984,23.213329108942368,22.467553043097496,22.476125369716875,45897900
2019-08-29,23.42763328552246,23.53049957397336,23.076176055405185,23.144753036037724,55432900
2019-08-30,23.581933975219727,23.736232603967764,23.4447800018891,23.57336164751102,41326200
2019-09-03,23.187610626220703,23.34190922536072,22.810438089438463,23.324764573233157,50743100
2019-09-04,23.564786911010742,23.641936217498564,23.281906665556793,23.419060624867548,40862500
2019-09-05,24.263710021972656,24.53119711031221,23.987592459740736,24.030736600299168,63413700
2019-09-06,23.92719268798828,24.237823921809806,23.789134727574424,24.177423769851334,56054100
2019-09-09,24.703765869140625,24.8935967740127,24.134276446085373,24.160162927417154,68629300
2019-09-10,25.325031280517578,25.325031280517578,24.85908443556039,24.92811341491175,71066200
2019-09-11,25.419939041137695,25.42856786722302,24.93673630082166,25.342282897930378,53982200
2019-09-12,25.601144790649414,25.713316254380143,24.94536872558373,25.212855789695872,72943900
2019-09-13,26.032573699951172,26.162002805502357,25.7737154888488,25.88588694145173,79657000
2019-09-16,25.99806022644043,26.032575534769638,25.575257574090543,25.609772882419747,43391300
2019-09-17,25.834115982055664,25.903144949013324,25.532113634448248,25.756458188505746,48284900
2019-09-18,25.885892868041992,26.015322003226053,25.497603816709063,25.68743475104105,66640400
2019-09-19,25.730571746826172,25.9721739544259,25.670171606371337,25.88588733415597,43035700
2019-09-20,25.532115936279297,25.99806109380539,25.51485828153893,25.860003147443546,167269000
2019-09-23,25.47171974182129,25.55800638312797,25.169717320138307,25.29051763049918,52048300
2019-09-24,24.971254348754883,25.575257429066674,24.798681099648384,25.54074376671366,64806900
2019-09-25,25.23874282836914,25.37680077713538,24.83319780959088,24.83319780959088,45807700
2019-09-26,25.13519859313965,25.307771852325775,25.066169618621313,25.204227567657984,33198100
2019-09-27,25.325031280517578,25.63566086470835,25.204229332317183,25.376802603585926,41336600
2019-09-30,25.169710159301758,25.47171249506443,25.092052368797635,25.445826016302945,39191000
2019-10-01,24.53982162475586,25.463084675264085,24.51393514497119,25.40268453488024,49434400
2019-10-02,24.02210235595703,24.419018484918386,23.99621587745856,24.332733514817438,52293100
2019-10-03,23.996217727661133,24.056617869701007,23.435357149858866,23.953075239284203,53015800
2019-10-04,24.47941780090332,24.505302631012658,24.022099934870024,24.030728760166518,42641800
2019-10-07,24.42765235900879,24.69514108809472,24.315480887229366,24.444910014907364,36742400
2019-10-08,23.840904235839844,24.091135298648222,23.694217458347484,24.047992806471886,58201100
2019-10-09,24.06524658203125,24.22056217269791,23.944446298526262,24.013475267069175,37511400
2019-10-10,24.54845428466797,24.807312539814642,24.19468056793654,24.19468056793654,48239300
2019-10-11,24.945369720458984,25.31640108154978,24.902227227868213,25.01439869607258,70008600
2019-10-14,25.143821716308594,25.161079367468083,24.790048096440024,24.79867692201977,36040100
2019-10-15,25.652915954589844,26.092976271097445,25.11794182958254,25.31639991964072,78656000
2019-10-16,26.032573699951172,26.507147635565637,26.015316047002916,26.205146937872996,87131700
2019-10-17,26.110227584838867,26.351829752615703,25.88588306742755,26.144741239789774,55575900
2019-10-18,26.18789291381836,26.308693209634885,25.972177159414223,25.998061996643138,48872900
2019-10-21,26.766002655029297,26.878174087359486,26.42948506647859,26.464000366137153,61087400
2019-10-22,26.921321868896484,27.06800862081101,26.533032923893245,26.722862160461332,58662100
2019-10-23,27.111154556274414,27.128412210644573,26.826409842288758,26.860923505248575,47771200
2019-10-24,27.059383392333984,27.19744133651687,26.921325448151098,27.13704119165942,39491000
2019-10-25,27.370014190673828,27.4821873040452,27.04212696974797,27.059384625002117,43702000
2019-10-28,27.473560333251953,27.810076404548735,27.387273696930016,27.58573180842398,58790300
2019-10-29,27.672016143798828,27.732416290467658,27.447671566328477,27.559844677953933,48266600
2019-10-30,27.283723831176758,27.62023816765709,27.206066043611965,27.62023816765709,45262400
2019-10-31,26.981727600097656,27.28372999263046,26.59343857458682,27.102527898798524,49430900
2019-11-01,27.439037322998047,27.4735526261566,27.06800768872504,27.35275235666214,41985300
2019-11-04,27.956758499145508,28.043043470121617,27.69789700309586,27.818700570647334,54228600
2019-11-05,28.31916046142578,28.552133842265686,28.043044593369775,28.05167177418868,68785600
2019-11-06,28.29327964782715,28.526253061772113,28.189733713921886,28.267391518570207,47524500
2019-11-07,28.672935485839844,28.992193856285418,28.48310458319391,28.569392853287944,68310700
2019-11-08,28.698823928833008,28.707454402707825,28.414080830629832,28.534881132386413,38724000
2019-11-11,28.629793167114258,28.6901933107594,28.44859273617883,28.50036240698269,27784000
2019-11-12,28.55213737487793,28.75059547387486,28.465852389770117,28.586652685545534,37282200
2019-11-13,28.29327964782715,28.379564634520282,28.02579092258043,28.232879498829707,48887800
2019-11-14,28.215621948242188,28.353679902402025,28.03442150057514,28.206991474603985,35554600
2019-11-15,28.414079666137695,28.439964503578597,28.215621565447943,28.405449192616583,36398300
2019-11-18,28.439960479736328,28.5003606195935,28.258760060164818,28.353675506100586,31133700
2019-11-19,28.422704696655273,28.603908419709118,28.319162063168058,28.578020292666583,33183700
2019-11-20,28.206989288330078,28.32779286897277,27.974015891574975,28.293277560217717,43612200
2019-11-21,28.33642578125,28.50899906836616,28.15522531098079,28.28465280764665,42787600
2019-11-22,28.629793167114258,28.750593454404545,28.422704609215938,28.439962263337545,38783900
2019-11-25,28.88002586364746,28.914537882300422,28.698822130803947,28.75922556945922,50238800
2019-11-26,28.77647590637207,28.819621683882986,28.57801783775248,28.802364031190756,50626600
2019-11-27,28.836875915527344,28.992191497499288,28.74196376348731,28.897279345459253,32097700
2019-11-29,28.750595092773438,28.923168352262728,28.68156776391441,28.793737584755473,19503400
2019-12-02,28.845510482788086,29.12162638070245,28.7678526807771,28.86276813785288,47158800
2019-12-03,28.33642578125,28.38819875485335,28.086194679509656,28.362310622270837,58745100
2019-12-04,28.603904724121094,28.73333217636801,28.345043236506168,28.543504588093757,46637900
2019-12-05,28.708017349243164,28.82080287059894,28.62993557438631,28.768747250850563,38304500
2019-12-06,29.21120834350586,29.323993864507013,29.124452287062766,29.21988593486902,50908500
2019-12-09,29.072397232055664,29.237238375842693,29.011667329459858,29.063722950055467,32974500
2019-12-10,29.089740753173828,29.176500095922336,28.89019922914805,28.976958571896557,41960100
2019-12-11,29.185182571411133,29.289290502415106,29.046370893562017,29.046370893562017,43107800
2019-12-12,30.08746337890625,30.200248913557818,29.21988947134732,29.30664553829049,64942500
2019-12-13,29.879241943359375,30.330380738589437,29.80116016515549,30.096135403977776,48539600
2019-12-16,30.10481071472168,30.44316395812457,30.10481071472168,30.32170415890623,50777100
2019-12-17,30.399778366088867,30.599319887938197,30.13950695974324,30.234937271429928,50840500
2019-12-18,30.46051788330078,30.59932956455108,30.40846226175759,30.46051788330078,48757900
2019-12-19,30.321701049804688,30.564620623333077,30.26964543710676,30.495216449266813,45409500
2019-12-20,30.330381393432617,30.573304325051478,30.287003362278703,30.573304325051478,109395500
2019-12-23,30.512569427490234,30.52992130090132,30.32170543903121,30.399787214615365,33995400
2019-12-24,30.555953979492188,30.608006295668567,30.469194603311887,30.529924511872196,13805400
2019-12-26,30.816221237182617,30.85092498286658,30.616679663796848,30.642705818294147,26992100
2019-12-27,30.66872787475586,30.98973251514202,30.5906461121661,30.97238064461864,28111300
2019-12-30,30.495216369628906,30.929003212385897,30.44316075706692,30.859595728969914,30705100
2019-12-31,30.555953979492188,30.590654420432507,30.339060503339134,30.391112819515516,29630100
2020-01-02,30.920330047607422,30.937681920944872,30.61668053803065,30.66873284851156,37614200
2020-01-03,30.2783260345459,30.495219478032528,30.15686292618709,30.347730215505344,50357900
2020-01-06,30.234943389892578,30.278324724337743,29.818508393562045,29.85321213730571,42185000
2020-01-07,30.035404205322266,30.29567568494103,29.95732243048349,30.10481169830403,34149000
2020-01-08,30.339061737060547,30.52992575335499,29.974678961349458,29.99203083729112,45311600
2020-01-09,30.39110565185547,30.651380409479472,30.31302388647447,30.62535094799846,39861600
2020-01-10,30.139514923095703,30.42581255286126,30.07010743131535,30.36508265231913,39730400
2020-01-13,30.417133331298828,30.425807611596955,30.070102547818866,30.226266069431766,37956100
2020-01-14,30.642702102661133,30.94635156674791,30.460512424209064,30.625350231923182,66719300
2020-01-15,30.078777313232422,30.182888535674028,29.792479725345203,30.165536665267094,74745500
2020-01-16,30.122163772583008,30.356409098662663,30.01805253241553,30.27832732330278,50368500
2020-01-17,30.113481521606445,30.321700660191716,30.018047887651985,30.295671199411725,54156100
2020-01-21,29.723073959350586,29.948644978129945,29.68837352606467,29.86188562108747,50811000
2020-01-22,29.809833526611328,29.887915293734647,29.697048016426287,29.81850780761121,38879700
2020-01-23,29.601621627807617,29.723081448740505,29.263268323914026,29.57559546890254,45717100
2020-01-24,29.09842872619629,29.618971730324727,28.864183381478977,29.601619855582882,47797200
2020-01-27,28.499794006347656,28.74271688673569,28.170118391479008,28.25687443549056,57096200
2020-01-28,28.838150024414062,29.05504344024003,28.586552867768532,28.64728275943733,38834600
2020-01-29,28.638612747192383,29.011669785885736,28.612586589456676,28.916239437677554,37414700
2020-01-30,29.046363830566406,29.081067568972887,28.34362802072303,28.369657479293217,50542800
2020-01-31,28.482450485229492,28.777422410877357,28.326286930750314,28.690666351514047,54845300
2020-02-03,28.603906631469727,28.976963596145485,28.560525297808418,28.62993278404163,48485500
2020-02-04,29.167829513549805,29.41075242206981,29.089747741084683,29.115777204927273,45061600
2020-02-05,30.113481521606445,30.200240874988197,29.55823489808697,29.584261049336025,54604800
2020-02-06,30.078777313232422,30.37375249108855,30.01804742157359,30.31302259942972,39511500
2020-02-07,30.026729583740234,30.070107611597344,29.705728206159975,29.77513238882507,31263000
2020-02-10,30.09613800048828,30.09613800048828,29.82719220421867,29.87924452115764,24373800
2020-02-11,30.165542602539062,30.399787934841225,30.15686501086221,30.23494678829626,32476300
2020-02-12,30.295671463012695,30.755487766109482,30.17421167675236,30.434486429631317,36656700
2020-02-13,30.28699493408203,30.39110284178684,29.974667901436902,30.15685756730299,31775100
2020-02-14,30.234943389892578,30.330377030422085,30.104809315150565,30.26097285246591,26447700
2020-02-18,29.731752395629883,30.217594880295778,29.506181370433477,30.165539264589412,40318000
2020-02-19,30.122163772583008,30.23494598513394,29.853214699780857,29.88791844650335,29632100
2020-02-20,30.234943389892578,30.434488261653087,29.896590162219717,29.896590162219717,42604100
2020-02-21,29.809833526611328,30.05275310898117,29.618966249302964,29.95731947032699,46675500
2020-02-24,28.395692825317383,28.812127892480984,28.213503103970506,28.786101735011922,79159600
2020-02-25,26.96419334411621,28.42171592223773,26.755975832955993,28.36098602166171,91586800
2020-02-26,26.57378578186035,27.415333459084078,26.513055878301063,27.233142093640453,80012800
2020-02-27,25.272424697875977,26.287486135449658,25.081559052818765,25.636805769178473,121148300
2020-02-28,24.725854873657227,24.942748337461236,24.031796451390715,24.292067946049205,171198800
2020-03-02,25.480642318725586,25.489316600220153,23.806224680115164,24.595716677372053,147776300
2020-03-03,24.075172424316406,25.810319986429302,23.96238856087596,25.480642677724745,138698500
2020-03-04,24.630414962768555,24.656442767528432,23.77151726287719,24.508955183419893,111239800
2020-03-05,23.38187599182129,23.879548203846365,23.050093406921626,23.783505613692604,110878700
2020-03-06,22.447643280029297,22.88419800736078,21.915047645105293,22.238097210749082,119121200
2020-03-09,19.147293090820312,20.509343550476363,18.780587005683184,19.409225295064974,145196000
2020-03-10,20.61411476135254,20.67523215673852,18.850433262925634,20.299794824711352,134863600
2020-03-11,19.79339027404785,20.91970054030657,19.43541555129458,19.941818939481454,127347000
2020-03-12,17.907474517822266,19.968013295018544,17.59315459172139,17.977323205253118,139552600
2020-03-13,21.09432601928711,21.172906009869266,18.754392222672355,19.374300852228895,128357400
2020-03-16,17.846359252929688,18.972669680246987,17.095484524501977,17.33122449719313,121688800
2020-03-17,19.190950393676758,19.810859133316217,17.488387514480156,18.387689420335555,120065700
2020-03-18,18.151945114135742,18.309103406300633,17.20025574074097,17.697927829239813,148272500
2020-03-19,18.509925842285156,18.99013549912163,16.58908388429016,17.68920227856098,122461300
2020-03-20,17.17406463623047,19.068712395577045,17.078022054386288,18.99886369932426,150910400
2020-03-23,15.785818099975586,17.17406219807296,15.672314609175217,16.81608747243266,181898500
2020-03-24,18.36149787902832,18.46627011209282,16.597815857637947,16.955790707036783,147882400
2020-03-25,18.4226131439209,19.29572275580981,17.82016704542671,18.955208874752525,146991300
2020-03-26,19.83704376220703,20.037860177641786,18.48372494063098,18.605959716294286,116111400
2020-03-27,18.859167098999023,19.383033175562066,18.422612312750548,18.929015798185805,91522800
2020-03-30,19.24333381652832,19.513997290134263,18.571039114526425,18.902819985528144,80449100
2020-03-31,18.536113739013672,19.63623187642917,18.300373781283742,19.05124846205722,95213700
2020-04-01,17.26137924194336,17.76778280347979,17.034370519140875,17.401076661310334,83961300
2020-04-02,17.959861755371094,18.151946906973464,17.10421486378071,17.1566009663431,70007400
2020-04-03,17.488384246826172,18.108291205313257,17.182795582430405,17.81143383593728,68293500
2020-04-06,18.675813674926758,18.85916755555857,18.16941017723203,18.361495353639114,97766200
2020-04-07,19.330646514892578,19.976747435892367,19.077445590262332,19.906898732684944,94560300
2020-04-08,20.47441864013672,20.605384733344838,19.566383951955192,19.566383951955192,81212300
2020-04-09,21.705501556396484,22.10713110582637,20.998281699719143,21.01574428847456,125275700
2020-04-13,20.884782791137695,21.696775028066536,20.762547973647155,21.635657619321268,83164700
2020-04-14,20.718891143798828,21.522152070925863,20.16883280901566,21.391185959341726,88991100
2020-04-15,19.374300003051758,19.775929568135535,19.12982874691977,19.348106118897697,99082200
2020-04-16,18.702009201049805,19.391764974493046,18.413883076516,19.339378860575412,89213300
2020-04-17,20.32598876953125,20.43076097184672,19.4790715299732,19.505265413214133,92800300
2020-04-20,19.64496421813965,20.19502248350489,19.365569437933544,19.706081618144204,74446300
2020-04-21,18.894088745117188,19.53145993557666,18.77185394997458,19.121097411327877,78871300
2020-04-22,19.033788681030273,19.409226076806895,18.990133867005998,19.34810867104315,49669500
2020-04-23,19.09490966796875,19.548925441476964,19.077447074477202,19.173488008031565,50614800
2020-04-24,19.365570068359375,19.470342281685287,18.920283998413478,19.304452666365208,47633500
2020-04-27,20.491880416870117,20.649040401385474,19.601309946823587,19.662427348507492,66916700
2020-04-28,20.858583450317383,21.661844180997463,20.82365993958732,21.347525923130686,65504900
2020-04-29,21.63565444946289,21.923780523708768,21.39991447999147,21.749157954028252,73493900
2020-04-30,20.99828338623047,21.286409462539698,20.823662480623693,21.137980776845595,55244100
2020-05-01,20.1513671875,20.483148064660423,19.91562722289106,20.413299371293796,51772600
2020-05-04,20.020404815673828,20.072790929101817,19.583849984683383,19.819589993096105,45886100
2020-05-05,19.7846622467041,20.53553699173232,19.749738730713464,20.50061181041738,45691900
2020-05-06,19.51399803161621,20.1513675791394,19.4092241568679,20.081518884415274,53874600
2020-05-07,19.941823959350586,20.404572659911437,19.74100914536783,19.78466396046862,51884300
2020-05-08,20.579185485839844,20.622841949082257,20.299790782383575,20.49187422467881,45181000
2020-05-11,19.714805603027344,20.186285368795698,19.69734301940845,20.17755407698625,68951800
2020-05-12,19.09490966796875,19.924362874922366,19.077447074477202,19.828320276043428,69588700
2020-05-13,18.22179412841797,18.990129676853844,18.090826384594227,18.911549696689217,112113400
2020-05-14,18.955209732055664,19.025060102877408,17.54950432575811,17.71539562581075,88359100
2020-05-15,18.71946907043457,18.946477751480455,18.53611520041416,18.68454388935476,64484000
2020-05-18,20.020404815673828,20.133908338988554,19.269529973466412,19.57511868822463,86589400
2020-05-19,19.391761779785156,20.081519104918435,19.374300854905577,19.784661732750223,62179000
2020-05-20,20.0029354095459,20.081515385584975,19.767195481428676,19.802120655367798,59789500
2020-05-21,19.99420738220215,20.31725863261506,19.889435173917686,19.91562739332669,57726000
2020-05-22,19.7846622467041,20.037864815264523,19.610039670778,20.02040222460705,48107000
2020-05-26,21.199100494384766,21.478495284207906,20.692697021499242,20.736351832912494,119485500
2020-05-27,22.68338394165039,22.849275209513614,21.801543165031603,22.76196392825275,117672700
2020-05-28,21.705501556396484,22.823080591557297,21.64438416107664,22.770694490615163,84340800
2020-05-29,21.059404373168945,21.749160094096467,21.007016597915406,21.321336588139012,113811100
2020-06-01,21.487224578857422,21.71423324078279,20.998282076868566,21.19909852051449,58375500
2020-06-02,21.688039779663086,22.168249331147763,21.443568523906347,21.792811985470127,71118100
2020-06-03,22.69211769104004,22.82308379443657,22.16825161212956,22.26429419843838,86744600
2020-06-04,23.54494285583496,23.5889021220501,22.48111150865569,22.604198795608898,94545300
2020-06-05,24.714277267456055,25.505555802852843,24.51206028156007,25.452804347676665,118767900
2020-06-08,25.092330932617188,25.40884131458245,24.74065012186274,25.1362901954923,79598500
2020-06-09,24.810983657836914,25.092328615851674,24.2219205342311,24.371384361920285,77773400
2020-06-10,23.38668441772461,24.70548239229248,23.307556405095468,24.591185628744462,90415300
2020-06-11,21.03922462463379,22.5866144985421,20.819424955219628,21.962382565397913,149875500
2020-06-12,21.786542892456055,22.02392525066916,21.135936100400475,22.00634255235071,73729700
2020-06-15,22.11184310913086,22.129427482526047,20.828214036168642,20.889757666113663,76538900
2020-06-16,22.683326721191406,23.070174634628195,21.85688111663175,23.017423180003615,96796500
2020-06-17,21.97996711730957,22.771245598145033,21.909631289611717,22.771245598145033,58349500
2020-06-18,22.015132904052734,22.410771252706322,21.610700691565793,21.71620525736966,53419000
2020-06-19,22.199764251708984,22.410771710690664,21.531573126464565,22.366812452254646,127563600
2020-06-22,21.64586639404297,22.00633762134358,21.637074208384668,21.88324869906531,55484300
2020-06-23,21.79533576965332,22.34043800435275,21.768959205933655,21.988758872782412,46108300
2020-06-24,20.933717727661133,21.575533965761167,20.81942265007352,21.575533965761167,75437100
2020-06-25,21.733789443969727,21.777750381458894,20.70512698385939,20.837008119388592,65031900
2020-06-26,20.353445053100586,21.197476489814587,20.239149985316036,21.179892117251406,118139200
2020-06-29,20.564453125,20.960093135139466,20.30948642275088,20.582037498103556,66269200
2020-06-30,20.88096809387207,21.021639744770454,20.309489302480085,20.397409503526163,61716200
2020-07-01,20.450159072875977,21.162309449680276,20.42378251190611,21.12714237865866,57379900
2020-07-02,20.476537704467773,21.091975763554906,20.414992389314527,20.960096299246118,56000200
2020-07-06,20.801834106445312,21.171097503237625,20.625993754853592,20.94250571694354,59589000
2020-07-07,20.230361938476562,20.564456700847593,20.13364954652829,20.555664512766988,60645800
2020-07-08,20.309484481811523,20.388612476277302,19.957805438040257,20.247940858768796,52922600
2020-07-09,20.019351959228516,20.36223886692703,19.685255561576145,20.168815784086007,79385900
2020-07-10,21.118349075317383,21.144723957954824,19.940222911952425,19.966597794589866,81142900
2020-07-13,21.267818450927734,21.54916178551311,20.97768292751925,21.426074495866647,73598100
2020-07-14,21.223852157592773,21.23264434419992,20.617206374142867,21.004052523228513,67423100
2020-07-15,21.62828826904297,21.865672319560506,21.3469449544763,21.768959926326303,57384400
2020-07-16,21.03922462463379,21.29419136914625,20.696337676967982,20.88096859434545,78067100
2020-07-17,20.414993286132812,21.083184501847395,20.397410586540715,20.99526429613313,66659100
2020-07-20,20.73150634765625,20.83701093494805,20.31828354105196,20.38861937360032,61114000
2020-07-21,21.470029830932617,21.52278127727162,20.82821525683702,20.84579795432452,75499300
2020-07-22,21.37331771850586,21.390902093153723,21.07439005724522,21.311774084176598,52193700
2020-07-23,21.575538635253906,21.663457170762232,21.19748289558925,21.557954257376814,61047600
2020-07-24,21.408485412597656,21.830500321716098,21.33814959441125,21.593116306485157,50217600
2020-07-27,21.223852157592773,21.33814890654754,20.995260336621367,21.294187973511814,54721300
2020-07-28,21.41727638244629,21.593115079451138,21.171100194313794,21.215059449330486,48406500
2020-07-29,22.217350006103516,22.234934381345635,21.267815543227375,21.417279378908727,71393500
2020-07-30,21.83929443359375,21.936006820976427,21.40848729961198,21.73378985854553,61755900
2020-07-31,21.874460220336914,21.936005530374725,21.505196744801196,21.918421156078207,61955800
2020-08-03,21.97117805480957,22.25252140562438,21.707419082655353,22.006346812130747,58284000
2020-08-04,21.988758087158203,22.032717348182008,21.856878627148472,21.94479714919608,37985300
2020-08-05,22.322851181030273,22.498691566005242,22.199763917710715,22.261307549370493,51322600
2020-08-06,22.3931884765625,22.56902887313492,22.226141944450838,22.375605778455903,51999700
2020-08-07,22.955883026123047,23.026218868626508,22.208563651437046,22.278899493940507,63354500
2020-08-10,23.351518630981445,23.571318321310176,23.043798729133513,23.131718940652714,64051100
2020-08-11,23.668027877807617,24.397762694939072,23.544940602633606,23.984539930470344,81441000
2020-08-12,23.500978469848633,24.239505437252614,23.219635182635358,24.160377428106596,61971300
2020-08-13,23.166887283325195,23.44823061362376,22.982254674730182,23.289974571096185,55955500
2020-08-14,23.272390365600586,23.439438598051073,22.78883172269583,22.911919011375904,50931900
2020-08-17,22.7712459564209,23.219637493901477,22.718494504052135,23.13171728866125,57518700
2020-08-18,22.44594383239746,22.850374436993114,22.384398513623868,22.744871530115322,45850100
2020-08-19,22.419567108154297,22.929502292948502,22.322854713420384,22.560238767619012,59856000
2020-08-20,22.06788444519043,22.270099713850946,21.997548626659025,22.120635889854437,49403700
2020-08-21,21.962379455566406,22.358019475265376,21.892043638390827,21.962379455566406,55010700
2020-08-24,22.586618423461914,22.595410612998926,22.01513951906579,22.1733938999159,54579500
2020-08-25,22.85916519165039,23.026213406824425,22.621781150656506,22.894333943029498,57304700
2020-08-26,22.472318649291992,22.80641509953392,22.454735949493838,22.80641509953392,39478000
2020-08-27,22.903121948242188,23.052585771374723,22.36681196389218,22.41077122136838,52934800
2020-08-28,23.122922897338867,23.27238672892512,22.850371796306856,23.210843094202243,46466400
2020-08-31,22.630569458007812,22.9822485268042,22.586610203260044,22.938289272056426,49416200
2020-09-01,22.60419464111328,22.771242840517832,22.331643551407687,22.489899563797454,46109200
2020-09-02,22.87674903869629,22.999836311802095,22.410773155321227,22.445941905887643,57300900
2020-09-03,22.71739387512207,23.56730505132621,22.540328554232026,23.195469228353158,86192500
2020-09-04,23.496475219726562,23.69124568831258,22.841334658277727,23.248584150837278,99621400
2020-09-08,22.55803108215332,23.301702584960108,22.478351871951183,23.142344164555837,74978600
2020-09-09,22.5845947265625,22.770511785488846,22.336703626040734,22.699685997999765,53822700
2020-09-10,22.257028579711914,22.921021095227143,22.203909651284377,22.752810873769892,56609600
2020-09-11,22.575742721557617,22.646568513531424,22.212760326614337,22.327851605339244,47708300
2020-09-14,22.797073364257812,23.009550738610663,22.611156294931593,22.726247572806862,47802400
2020-09-15,22.38096809387207,22.86789511293694,22.301288881498582,22.814776200894535,63820200
2020-09-16,22.664268493652344,22.938718143039562,22.17733984431808,22.380965411882368,64598600
2020-09-17,22.44294548034668,22.55803676372624,22.22161466039971,22.248173278076454,48862000
2020-09-18,22.318992614746094,22.646562876475553,22.221608230410034,22.26587370614282,94055800
2020-09-21,21.66385841369629,21.938309825526236,21.27431741579188,21.752391072718204,75218600
2020-09-22,21.194637298583984,21.778950459442946,21.07954434011846,21.486793879013465,68665300
2020-09-23,20.592613220214844,21.477936221830515,20.592613220214844,21.336284676661577,59950300
2020-09-24,20.66343879699707,21.088393428477108,20.31816336999699,20.69885083864394,53570700
2020-09-25,20.796239852905273,20.849358767206763,20.477522989856663,20.610322808540143,42111300
2020-09-28,21.32743263244629,21.52220309757841,21.06183639011888,21.141513911921322,47996900
2020-09-29,21.044130325317383,21.23890079786906,20.831652985637426,21.230047364304923,45695200
2020-09-30,21.32743263244629,21.531056530805287,21.044129523665124,21.052982956892002,56226100
2020-10-01,21.336286544799805,21.610736226517123,21.12380920844255,21.486791535796996,44782200
2020-10-02,21.43366813659668,21.62844026929045,20.867061980293812,20.929034317561996,51682100
2020-10-05,21.79665184020996,21.876329352429373,21.584172845559788,21.708119207208977,44396800
2020-10-06,21.575326919555664,22.301291666396637,21.495647697232144,22.06225399942608,67541100
2020-10-07,22.026836395263672,22.23046197691845,21.778947025871275,21.805505636237786,47648000
2020-10-08,22.345556259155273,22.39867517571204,21.964867031821985,22.088813421947652,52080600
2020-10-09,22.45178985595703,22.566881092894587,22.16848679092354,22.43408299223757,44511500
2020-10-12,22.735095977783203,22.86789409629527,22.345553366677407,22.398672276358294,48362900
2020-10-13,22.088815689086914,22.735101254157026,21.991429591554127,22.6996875137378,61186900
2020-10-14,20.911331176757812,21.770093927057605,20.88477087736391,21.557616597765485,127409500
2020-10-15,21.380556106567383,21.424823282149976,20.787389462721325,20.884775560382945,66832400
2020-10-16,21.460229873657227,21.557615946539944,21.194633642220293,21.424817830821475,58357700
2020-10-19,20.999860763549805,21.531054896504404,20.973302154504815,21.513348031394678,51377900
2020-10-20,21.3716983795166,21.672708358548082,21.14151417857372,21.150367611912262,62476400
2020-10-21,21.29201889038086,21.548763387990693,21.25660684610831,21.44252387793359,41564900
2020-10-22,22.017986297607422,22.053398343617786,21.24775445559923,21.29201993526714,55402000
2020-10-23,22.044546127319336,22.363263002112067,21.876334255776516,22.34555613381916,51007400
2020-10-26,21.725831985473633,21.76124403514175,21.380554791644602,21.66385794346946,59450200
2020-10-27,21.11495590209961,21.59302948962583,21.07954216818371,21.504498532075633,55009300
2020-10-28,20.778533935546875,20.946745808584375,20.468672180767157,20.725415018816054,81942500
2020-10-29,20.84050941467285,21.02642648038283,20.46867359463286,20.68115096485285,57490400
2020-10-30,20.982158660888672,21.10610335757512,20.574909146802018,20.796239927239156,66453400
2020-11-02,21.318584442138672,21.477942902174334,20.778536702822297,21.15037254669879,59756400
2020-11-03,21.858627319335938,22.07995808934933,21.699268894747135,21.76124124017172,65106200
2020-11-04,20.964448928833008,21.371696698657956,20.6014666335996,21.15036594846102,88845500
2020-11-05,21.787803649902344,21.947162089919726,21.123811275576543,21.159223324124888,74722600
2020-11-06,21.522201538085938,22.097661147177508,21.45137576602266,22.071102538041032,55454500
2020-11-09,24.576568603515625,25.02808357143996,23.283996044407182,23.549593978337832,178378800
2020-11-10,24.488040924072266,24.576573586666715,24.063086169963007,24.337535904247726,77694600
2020-11-11,24.204730987548828,24.58542014823848,24.009960535190697,24.567713282946027,48360900
2020-11-12,23.629274368286133,23.815191411553382,23.292850639583733,23.762072497565573,67912600
2020-11-13,23.90372085571289,24.08963787405325,23.691243539629795,23.797481353361544,52421000
2020-11-16,24.41720962524414,24.789045373389776,24.06308074334823,24.665100686881136,57396700
2020-11-17,24.390649795532227,24.434916962008938,23.91257621792196,24.125053551150938,46402300
2020-11-18,23.886018753051758,24.727076441116655,23.868311884359457,24.461478476591978,54416700
2020-11-19,23.886018753051758,23.912579056090205,23.593862174108573,23.84175326994095,46423000
2020-11-20,23.735509872436523,23.85945624443288,23.57615145745525,23.673537530748177,40538000
2020-11-23,24.248994827270508,24.364087755292164,23.956838324120966,24.001105484367567,45421200
2020-11-24,25.656660079956055,25.665513512571508,24.718218174773057,24.72707160738851,80387800
2020-11-25,25.700927734375,25.709781167159708,25.21399906293385,25.417622951123235,57249900
2020-11-27,25.66551399230957,25.762900064280267,25.506155579491935,25.64780712674769,25971600
2020-11-30,24.930700302124023,25.5504271958266,24.8775813848015,25.42648080391412,63567900
2020-12-01,25.399919509887695,25.70978292404859,25.382212643108268,25.4441849882165,50255100
2020-12-02,25.72749137878418,25.833730904371315,25.258271169709264,25.39992274474546,45257500
2020-12-03,25.754209518432617,25.92346976016769,25.504773462146407,25.780935356331035,54013700
2020-12-04,26.09273338317871,26.217450577911467,25.83438868078161,26.01255755823784,66188200
2020-12-07,25.914566040039062,25.96801602678279,25.55822996317345,25.74530576634873,42197800
2020-12-08,25.772031784057617,25.968016202876598,25.62949735234482,25.709673182576324,33869100
2020-12-09,25.656219482421875,26.0570986021121,25.611678113187107,26.0570986021121,54886300
2020-12-10,25.93238067626953,25.950196203973505,25.362241311135598,25.504775727633014,58859600
2020-12-11,25.451326370239258,25.61167801751636,25.2107988993236,25.549319421162892,40538400
2020-12-14,25.13953399658203,25.79875617433327,25.06826678004526,25.76312341563712,40267100
2020-12-15,25.51368522644043,25.67403687535066,25.166257786564486,25.255342224752873,43672700
2020-12-16,25.584957122802734,25.674041577306088,25.335522689166915,25.656224346576487,42463200
2020-12-17,25.682947158813477,25.763122988481076,25.415695526017775,25.57604548620853,43182700
2020-12-18,25.54041290283203,25.923474825165755,25.451328458242532,25.736397321613364,82817200
2020-12-21,26.493608474731445,26.716318702359462,25.59385895121696,25.923470835729866,93397400
2020-12-22,26.021465301513672,26.529246108690504,25.985832544374333,26.529246108690504,39054300
2020-12-23,26.769771575927734,27.037024897466793,26.128366662693868,26.18181664734393,52537200
2020-12-24,26.68959617614746,26.965758116068095,26.493611763200523,26.965758116068095,22632300
2020-12-28,26.84103775024414,27.215191026610324,26.71632055783685,26.930122187311195,32861200
2020-12-29,26.7341365814209,26.9479382012692,26.6628693748048,26.8766709946531,33291900
2020-12-30,26.707416534423828,26.921218200644304,26.671783772959383,26.72523376472835,26370100
2020-12-31,27.00139617919922,27.072663406924512,26.636151424713987,26.734144500015546,28716000
2021-01-04,26.751953125,27.23300633259342,26.502517058638553,27.13501328881853,51483900
2021-01-05,26.95684814453125,27.20628422956681,26.64505346302288,26.87667232073926,48507000
2021-01-06,28.640535354614258,29.059228253040793,27.93677025111571,28.4178234377773,107002800
2021-01-07,29.273038864135742,29.950076599670997,29.255221634478357,29.67391803570422,74358500
2021-01-08,28.979053497314453,29.397749809323763,28.60490194910147,29.326480905880324,44641400
2021-01-11,29.460111618041992,29.513563301462046,28.417827579371984,28.587087845246767,51868200
2021-01-12,29.985708236694336,30.261870172957494,29.57592218801127,29.771904899218217,68166200
2021-01-13,29.807538986206055,30.003525093275748,29.47792876837052,29.78081484371063,43172800
2021-01-14,30.279685974121094,30.618203094931182,29.77190349632876,29.82535517775127,48483500
2021-01-15,29.406665802001953,29.958989779345746,29.130507211619463,29.656103642776035,57684300
2021-01-19,29.1928653717041,29.93226177121081,28.685086179745817,28.952337849467646,78130200
2021-01-20,28.809797286987305,29.210676405667144,28.64944563951537,29.183948865562733,53920000
2021-01-21,28.302017211914062,28.934513466860697,28.26638275854815,28.809796278368516,49626600
2021-01-22,28.10603141784668,28.284200288296812,27.83877981131576,27.936772859977758,45314500
2021-01-25,27.758607864379883,27.883325071617808,27.233011492242166,27.856600926720834,48078400
2021-01-26,27.562618255615234,27.999130098005228,27.535892416599612,27.972404258989606,36373000
2021-01-27,26.573787689208984,27.108292643664246,26.43125326124017,27.00139097311543,63809200
2021-01-28,27.010299682617188,27.39336159631494,26.653963611437096,27.099384125198313,51223300
2021-01-29,26.413434982299805,27.170650162729324,26.359984998723704,27.08156572400626,64019100
2021-02-01,26.68959617614746,26.76086508901297,26.342168721650125,26.609422047462573,40985300
2021-02-02,27.642799377441406,27.794242429299466,27.206287451296298,27.24192021100992,53527000
2021-02-03,28.13275718688965,28.266382989816602,27.509167841038185,27.535893681281284,49404900
2021-02-04,28.952335357666016,28.97905950285136,28.31093038604975,28.328745916458473,51751900
2021-02-05,28.83652114868164,29.31757608642442,28.791979779991813,29.29975885929077,42008800
2021-02-08,29.477930068969727,29.647188642723155,28.863250976433612,28.889975120108137,46014100
2021-02-09,29.35321044921875,29.4155690448479,29.03250715838963,29.371027676296876,35868600
2021-02-10,29.379940032958984,29.771908906419366,29.27304004897692,29.504657247319596,45031900
2021-02-11,29.290851593017578,29.673913476068122,28.9968724462766,29.37102741501161,29479900
2021-02-12,29.727365493774414,29.798634410407836,29.317579417999195,29.397755250067302,37468300
2021-02-16,30.52912139892578,30.787466103847667,30.021342302100674,30.270776694003892,52802600
2021-02-17,30.653837203979492,30.78746470688651,30.101516761988382,30.324227001307698,45455300
2021-02-18,30.457855224609375,30.86764470307028,30.306413872571994,30.342048331271034,37541700
2021-02-19,30.76964569091797,30.93890423957563,30.448942421218515,30.466759647122746,54514100
2021-02-22,31.313066482543945,31.40214923453192,30.653842563649803,30.689477023760656,56783400
2021-02-23,31.642677307128906,31.972287573309323,31.3041567266173,31.553591155263106,67440700
2021-02-24,32.40880584716797,32.533523079290724,31.713947356600226,31.838667987012684,58139500
2021-02-25,32.007911682128906,32.987835247703515,31.85646697208156,32.92547666070993,74762000
2021-02-26,30.921091079711914,32.097000957713334,30.894366936485596,31.829749330583702,70933300
2021-03-01,31.88320541381836,32.11482261640677,31.39324346343917,31.64267789673273,45901700
2021-03-02,31.651586532592773,32.01683128616918,31.624862384227743,31.758489922631817,41167400
2021-03-03,32.44443130493164,32.93439662968212,31.92774523286175,32.043555527647236,66047000
2021-03-04,32.67719650268555,33.008443839753554,32.15794078199263,32.354900319519935,96512800
2021-03-05,33.06216812133789,33.66199460169548,32.3817641626868,33.15169334029126,74292300
2021-03-08,33.241214752197266,33.778372779547205,32.96368116947158,33.46503116612098,65335500
2021-03-09,32.516056060791016,33.26807952670842,32.059471970669286,32.72196680066303,63946000
2021-03-10,33.456077575683594,33.599319948178014,32.56081189380159,32.713008835608655,53365600
2021-03-11,33.339698791503906,33.832094282177536,32.99054227231595,33.36655567176148,45834000
2021-03-12,33.96638488769531,34.181250192902716,33.644092052636466,33.94847916099735,46069600
2021-03-15,33.796287536621094,34.082772349810774,33.321797705119764,34.046960894369974,50131600
2021-03-16,33.69779968261719,33.76942257636954,33.09797331569518,33.50084013996576,50300400
2021-03-17,33.97533416748047,34.34239296970442,33.4202703869591,34.0200967696702,63796000
2021-03-18,34.86164855957031,35.783774643638544,34.39610993993259,34.47668399746927,95439700
2021-03-19,34.49458312988281,34.843736174083276,33.59931751288992,34.279721294298206,106252700
2021-03-22,33.71570587158203,34.36029826358319,33.48293829400806,34.09171923863857,54701300
2021-03-23,33.03531265258789,33.858955630748795,32.92787828704386,33.44713414166834,49838000
2021-03-24,33.03531265258789,33.832098746946954,33.026358081208386,33.31284289232247,43896800
2021-03-25,33.71570587158203,33.79627992058218,32.79358330037739,33.00844515426605,47517900
2021-03-26,34.628883361816406,34.70050285395088,34.091725217719215,34.33344399194522,66846000
2021-03-29,34.297645568847656,34.584130448038295,33.894775140245464,34.06487447002454,45680000
2021-03-30,34.90640640258789,35.327178902099305,34.584110247954705,34.584110247954705,56705900
2021-03-31,34.63783645629883,34.906418958547974,34.43192570903129,34.57516811648559,49270000
2021-04-01,35.35405349731445,35.380910382678785,34.66469831322548,34.76317811311941,65587000
2021-04-05,35.63157653808594,36.06130369274161,35.45252270318745,35.81063037298443,50328500
2021-04-06,35.53309631347656,35.944921153139916,35.327185601228784,35.38985393038386,42590100
2021-04-07,35.85538864135742,35.94491725556247,35.44356726151646,35.60471535191813,43136400
2021-04-08,35.542057037353516,35.6763448737222,35.11232981367061,35.631582261599306,45285900
2021-04-09,35.80168914794922,35.97178845993887,35.37195845893647,35.730066228057495,45872900
2021-04-12,35.864356994628906,36.15084183985908,35.67634854012199,35.80168864818285,45544600
2021-04-13,35.20184326171875,35.649476063536305,35.09441234552937,35.64052491017354,46770400
2021-04-14,35.703189849853516,36.10606001639049,34.84373235618567,34.897449516779574,52023800
2021-04-15,34.682594299316406,35.66738519128518,34.06485878811397,35.568905419054786,118128900
2021-04-16,35.049659729003906,35.291378505469226,34.834794420273575,35.19290212976806,60633400
2021-04-19,35.067562103271484,35.300333139407854,34.942225429275695,35.264521685361,42321100
2021-04-20,34.09172439575195,34.915367318865,33.921621702593484,34.915367318865,50834100
2021-04-21,34.66468811035156,34.718401865270636,33.49188884388396,33.796279310706296,37851800
2021-04-22,34.3423957824707,34.709454614758094,34.17229309898304,34.69154888938213,48093400
2021-04-23,35.076507568359375,35.21974993219228,34.217053385361965,34.306578582069776,48674100
2021-04-26,35.28242111206055,35.67633679073047,35.166035614775126,35.22870394058244,34699800
2021-04-27,35.703189849853516,35.738997875082525,35.37193914894149,35.51518149535831,34304800
2021-04-28,35.83748245239258,36.00758510958601,35.70319465558277,35.74795725451937,34084400
2021-04-29,36.80437469482422,36.82228041923855,36.22245060444532,36.303024656725974,44008700
2021-04-30,36.285125732421875,36.616376573414456,36.23141196428023,36.562659390104436,39203400
2021-05-03,36.311973571777344,36.75065179852768,36.18663352039576,36.58950371906142,41940500
2021-05-04,36.70589065551758,36.77751354485745,35.61366549925595,36.02549028262551,53880000
2021-05-05,37.0550537109375,37.20725068430632,36.491035258141956,36.88495442556601,37471100
2021-05-06,37.610103607177734,37.65486961604287,36.92075215085876,37.1356139666767,39044400
2021-05-07,37.762306213378906,37.82497453703159,36.804372220210674,36.822277943421085,39249200
2021-05-10,37.64592361450195,38.44270957520488,37.628017889914865,38.04879387979213,41271500
2021-05-11,37.21619415283203,37.90554913826087,37.01028345565213,37.19828842935975,42964700
2021-05-12,36.867042541503906,38.10251018862606,36.741705887407164,37.941362086168056,47533000
2021-05-13,37.45791244506836,37.68172884270496,36.50892968962898,36.58055257615295,42026100
2021-05-14,37.923458099365234,38.03088903420305,37.529538979680176,37.65487905468677,30932600
2021-05-17,38.2636604309082,38.36213679665726,37.744404646134505,37.81602754686241,32656400
2021-05-18,37.74440383911133,38.45166460042184,37.7264981143122,38.227848163184426,37880300
2021-05-19,37.57430648803711,37.60116336901837,36.98343120027354,37.28782170701041,42672800
2021-05-20,37.484771728515625,37.717542709508024,37.117712949412926,37.51163202027163,36871100
2021-05-21,37.959259033203125,38.138309403273084,37.50267171009081,37.619057182769794,40243800
2021-05-24,38.16517639160156,38.29946419273102,37.824974481438765,38.120413791225076,31390800
2021-05-25,37.610103607177734,38.72918552546657,37.53848414029408,38.21888444394022,52657700
2021-05-26,37.636966705322266,37.82497166199025,37.29676482051789,37.619060983472856,41332800
2021-05-27,38.09355163574219,38.36213064003264,37.708587144031185,38.030883315246655,52981100
2021-05-28,37.950321197509766,38.23680601413021,37.6459306529545,38.19204340187734,38509700
2021-06-01,38.4248046875,38.74710090675167,38.290516872923696,38.45166498254953,42890700
2021-06-02,38.442710876464844,38.648621593434704,38.13832037851638,38.58595326284248,34180500
2021-06-03,38.88323974609375,39.09900952189235,38.37079038680935,38.451703624040796,46981200
2021-06-04,38.90122604370117,39.00910923124143,38.50565206969043,38.87425610420228,37192600
2021-06-07,38.766361236572266,39.00910092903471,38.71242136905437,38.90121776445494,28401900
2021-06-08,38.55059051513672,38.87424340154446,38.14602440712705,38.53260941816478,41871400
2021-06-09,38.04713439941406,38.41573835524385,37.85833800413285,38.18199092721149,42366300
2021-06-10,37.480735778808594,38.62250966137981,37.417803657131266,38.44270212964026,40123600
2021-06-11,37.633575439453125,37.66054537034895,37.31891138431286,37.588624411445544,31203600
2021-06-14,37.18406295776367,37.678531186868646,36.91435332639223,37.624587888776745,36050700
2021-06-15,37.211029052734375,37.363866666786826,36.77050416717311,37.11213473120814,39247900
2021-06-16,37.41781234741211,37.75045755872727,36.56372894544608,37.11214050132566,63859100
2021-06-17,35.78156280517578,37.84934091397799,35.70964184785282,37.777419956655024,80728200
2021-06-18,34.86454772949219,35.33204595924298,34.60383039886911,35.07132519907635,102774200
2021-06-21,35.73661804199219,35.76358797702259,35.08931216490953,35.17022539954486,48119400
2021-06-22,35.93440246582031,36.19511980925015,35.314066597052616,35.85348924074382,44113200
2021-06-23,36.14118194580078,36.33896717284466,36.024306518767645,36.10521974832229,32039900
2021-06-24,36.707584381103516,36.86940745399687,36.12321051901619,36.35695800612422,37161800
2021-06-25,37.41781234741211,37.60661218583625,36.71656658326141,37.10315166594557,53178800
2021-06-28,37.36387252807617,37.381853628405615,36.95031407958737,37.27396702642895,34416500
2021-06-29,36.76150894165039,37.71448645556701,36.635644698774186,37.426795777694714,38519600
2021-06-30,37.06718063354492,37.18405604290419,36.60867468843303,36.64463345092993,29159800
2021-07-01,37.34589385986328,37.48973924232242,37.04921082942256,37.36387496136373,28045100
2021-07-02,36.995262145996094,37.28295284241601,36.95030768817629,37.19304735632002,28980800
2021-07-06,36.024314880371094,36.7525341153899,35.84450728078741,36.68960196996731,47578700
2021-07-07,35.73661804199219,35.961376646029876,35.38599516842046,35.57479157272152,43499900
2021-07-08,34.86454772949219,35.27810609820406,34.59483813566692,34.72070238414914,52793100
2021-07-09,35.99733352661133,36.177141069181,35.42195213402329,35.64671070484947,43887200
2021-07-12,36.527767181396484,36.689593641332294,35.63772165174953,35.77257817821068,42624500
2021-07-13,35.83551025390625,36.39291059863172,35.58378172974841,36.39291059863172,54338100
2021-07-14,34.93647766113281,35.55681016832813,33.974511118453776,35.16123626324556,105651700
2021-07-15,34.909507751464844,35.359024956013954,34.450998282280054,34.51393041655341,54697300
2021-07-16,34.09138107299805,35.32306060780961,33.79470151940599,35.26012847736451,60469700
2021-07-19,33.20133972167969,33.489030447130446,32.823743501060584,33.03951325992064,83251500
2021-07-20,33.88460922241211,34.271194333510365,32.91365374141832,33.13841236742687,59462900
2021-07-21,34.576866149902344,34.855568080368506,34.145330000162275,34.20826214098617,49907400
2021-07-22,34.127349853515625,34.52292724067142,33.87562128317616,34.48696503646734,52715600
2021-07-23,33.89360046386719,34.406049841318925,33.76773618583263,34.34311770230165,48659400
2021-07-26,34.28018569946289,34.37908004103843,33.85763839620173,33.85763839620173,32258000
2021-07-27,34.14533233642578,34.379083243660446,33.67783395150114,33.91158485873581,39121400
2021-07-28,34.28018569946289,34.61282749695339,33.93855163662314,34.334125573380916,43331100
2021-07-29,34.7746467590332,35.04435636126824,34.495944893315595,34.65777134056535,43039100
2021-07-30,34.48696517944336,34.90951250673174,34.20826324002311,34.62181830145091,46210100
2021-08-02,34.127349853515625,35.01739554507161,34.0823988130328,34.52292724067142,49894000
2021-08-03,34.65777587890625,34.72970027801051,33.75874146736759,34.21725093779701,39680600
2021-08-04,34.40604019165039,34.85555730401131,34.03743629669617,34.190270468718055,42289800
2021-08-05,35.08032989501953,35.11629210148647,34.657782542894964,34.67576364612843,34754500
2021-08-06,36.09623718261719,36.32998464773486,35.48489343748542,35.48489343748542,58022300
2021-08-09,36.5637321472168,36.82445298014484,35.78157307797718,36.00633170714732,56340100
2021-08-10,37.24699020385742,37.41780548108762,36.48281244364324,36.599684429859046,44987300
2021-08-11,37.71449661254883,37.93026296428991,37.291949315201414,37.399832491071955,58458200
2021-08-12,37.89430236816406,38.02016663887919,37.5526683265486,37.96622333876807,37400100
2021-08-13,37.42680740356445,37.966226734748716,37.24699981665488,37.84036245277535,41344900
2021-08-16,37.12113571166992,37.130124547763245,36.50979197098924,37.00426026518978,38599100
2021-08-17,36.94132614135742,37.3728622711118,36.518778847213966,36.90536393982515,43526900
2021-08-18,36.67161560058594,37.336899165095026,36.5547401632095,36.65363450025539,50342500
2021-08-19,36.1321907043457,36.56372679767007,35.97036424065607,36.06925857174907,51883900
2021-08-20,36.29401397705078,36.38391946538717,35.880459019334516,36.04228546879631,40415000
2021-08-23,36.77949523925781,36.950310531669764,36.50079335522831,36.52776671790464,35364500
2021-08-24,37.29194641113281,37.47175397661095,36.89637251071616,36.950312379678756,35579300
2021-08-25,37.89430236816406,38.164012009631364,37.34589082043886,37.453773991116954,51219900
2021-08-26,37.7953987121582,38.5146253885534,37.77741761655541,38.20895362239253,41184500
2021-08-27,38.19997787475586,38.343823259309104,37.70550615015614,37.867332636471595,46468600
2021-08-30,37.453773498535156,38.32583797636963,37.42680356360638,38.32583797636963,44855600
2021-08-31,37.53468704223633,37.82237778232826,37.1840641670958,37.46276264244128,54654600
2021-09-01,37.031227111816406,37.5616575652013,36.88738173951936,37.534687629628166,52361900
2021-09-02,37.06736373901367,37.4920762210021,36.72397910576521,37.14869158775363,44538900
2021-09-03,37.094478607177734,37.220987851047425,36.76013225593378,37.06737046838233,41812400
2021-09-07,37.338462829589844,37.81739167437837,37.211953583579174,37.27520820658451,43748600
2021-09-08,36.850494384765625,37.49208238457477,36.76013162558488,37.12158955654445,36064400
2021-09-09,36.98604202270508,37.365569748340256,36.651695676723854,36.74205843603176,36266400
2021-09-10,36.389644622802734,37.365575677231156,36.362536480132704,37.24810476091513,40514700
2021-09-13,36.99508285522461,37.0131560994095,36.461934216686444,36.687844598319245,42036300
2021-09-14,36.001075744628906,37.32942978801594,35.83842000678076,37.16677405016779,53820400
2021-09-15,36.27216339111328,36.4528923513025,35.84745085173634,35.90167057392856,52358200
2021-09-16,36.552303314208984,36.87761484090064,36.32639291479745,36.579411459060246,42922000
2021-09-17,36.59748077392578,36.7510981744092,36.21795299829466,36.45289827171601,92746000
2021-09-20,35.34141540527344,35.65768851373899,34.663684361031535,35.58539899485473,67566200
2021-09-21,35.3594856262207,35.784194700291415,35.18779157019049,35.485994858799984,38271100
2021-09-22,36.27216339111328,36.61554807076098,35.919743814659306,35.919743814659306,46261400
2021-09-23,37.67281723022461,37.84451134114282,36.73303258186451,36.83243026272554,49779800
2021-09-24,38.07945251464844,38.26018150528808,37.636670107056034,37.69992473671209,39042300
2021-09-27,39.091522216796875,39.245143034603416,38.53126556028888,38.56741204061019,49755400
2021-09-28,39.001163482666016,39.796368896100255,38.91080071966782,39.24514707930329,60781200
2021-09-29,38.919837951660156,39.145748319824946,38.62163805818434,39.01923906519165,44260200
2021-09-30,38.35957717895508,39.17285235074484,38.16077497275126,39.17285235074484,47410800
2021-10-01,38.92887496948242,39.24514809528224,38.30536016845058,38.38668803610175,40987100
2021-10-04,39.163822174072266,39.82348004575297,38.919838558992765,38.95598504577166,48273400
2021-10-05,39.95903015136719,40.43795906628083,39.46202454481273,39.55239076742214,54070700
2021-10-06,39.97709655761719,40.022277937633945,39.353581793183636,39.624673520402496,47031700
2021-10-07,39.86866760253906,40.54639882252545,39.78733971825593,40.474109284895576,46258800
2021-10-08,40.06746292114258,40.49217551515719,39.68793171120813,39.823479310567286,39389400
2021-10-11,39.56142044067383,40.49217345145866,39.53431230103103,40.30240613260367,36283500
2021-10-12,39.34454345703125,39.76021763224182,39.10055988972469,39.462014345383345,36898300
2021-10-13,38.98309326171875,39.434914005961424,38.2511458622016,39.353586134112994,43908000
2021-10-14,40.72711944580078,40.754227585936675,39.2903294175833,40.09456974805449,82201000
2021-10-15,41.901851654052734,42.172943390459835,40.98917533715453,41.35966818123853,64264900
2021-10-18,41.82052230834961,42.37174410623623,41.5946119614858,41.829560652610425,49542500
2021-10-19,42.00125503540039,42.13680263450082,41.74823652733947,42.01932827842169,32515500
2021-10-20,42.5524787902832,42.6880263954603,41.61269079375629,42.01029526381241,40411000
2021-10-21,42.317527770996094,42.90489260376389,42.118725562951255,42.56150791180962,36848600
2021-10-22,42.98622131347656,43.0314026942539,42.46211109164635,42.46211109164635,36225600
2021-10-25,42.932003021240234,43.35671559838356,42.651876382799756,43.19405986446137,31679500
2021-10-26,43.338645935058594,43.763358547275736,42.86875193682488,43.06755417184036,35674800
2021-10-27,42.507293701171875,43.52840603530663,42.4982553564841,42.90489468947155,45790800
2021-10-28,43.17598342895508,43.37478563285015,42.74223598628077,43.00429281012095,37209600
2021-10-29,43.17598342895508,43.492259975798895,42.94103819017584,43.14887529101239,31756200
2021-11-01,43.23924255371094,43.52840754562,42.724167196428006,43.46515291908481,36937200
2021-11-02,43.26634979248047,43.75431351282796,42.78741752198929,42.98621972661273,36283400
2021-11-03,43.709129333496094,43.99829427781307,43.02236345252277,43.19405406098659,42553000
2021-11-04,42.76935577392578,43.51034156149523,42.36271639120623,43.51034156149523,47646300
2021-11-05,42.44404602050781,43.21213998293793,42.30849840496412,43.01333773270559,38271200
2021-11-08,42.77839279174805,43.19406709373345,42.69706491117533,42.78742769086987,33815500
2021-11-09,42.362709045410156,42.79645649605852,41.93799649186937,42.154871940752706,36900300
2021-11-10,42.678985595703125,42.94104244551241,42.15487534320316,42.245238110045655,39385600
2021-11-11,42.913936614990234,43.27539114893634,42.480185658864855,42.75128086822291,31194800
2021-11-12,42.38981246948242,42.95006910003802,42.25426489811542,42.93199586071456,44268500
2021-11-15,42.516326904296875,42.823565116185115,42.38078276344869,42.70609076975534,35335500
2021-11-16,42.54344940185547,42.72417496933951,42.19102627217542,42.63381218559749,35120800
2021-11-17,42.028358459472656,42.651873208814344,41.97414218361216,42.5434372099751,32963700
2021-11-18,41.856666564941406,42.29945233797625,41.75726546606921,42.209086135766,30639000
2021-11-19,41.02532196044922,41.35966832158188,40.51024662539242,41.296413697776195,48429500
2021-11-22,41.82052230834961,42.35367086483292,41.48617596018431,42.21812672498564,53697100
2021-11-23,42.92296600341797,43.05851359069715,42.17294199547828,42.35367096281108,49362900
2021-11-24,43.04044723510742,43.35672039320024,42.660915998277154,42.85067989313284,40060000
2021-11-26,41.35063552856445,41.60365750487549,40.437959086036514,41.13376348843376,55110100
2021-11-29,41.19700622558594,42.200048601150876,40.81747509426394,41.9470266978969,50231100
2021-11-30,40.184940338134766,40.86267149231269,40.08553921731631,40.446993764606525,77193600
2021-12-01,39.61563491821289,41.296408295741976,39.58852678216178,40.86266088333415,60601600
2021-12-02,40.75971603393555,41.31359110625712,39.951604586270626,40.251243283248854,57821400
2021-12-03,39.83355712890625,40.9231468282244,39.5883991867814,40.85958774660427,74605300
2021-12-06,40.087791442871094,40.75062424901285,39.91527099028933,40.46006749738111,48193100
2021-12-07,40.59626388549805,40.77786272056514,40.34202759462993,40.46006735697999,40740800
2021-12-08,40.09687805175781,40.67799167423525,40.03331896578125,40.56903373594834,50560300
2021-12-09,40.396514892578125,40.61443075933893,39.6338024314948,39.86987853110405,37316700
2021-12-10,40.42375183105469,40.705230232949376,40.01515526821082,40.596268840384276,37700200
2021-12-13,39.57023620605469,40.31478829989983,39.39771575698911,40.19674853954596,38653900
2021-12-14,40.06964111328125,40.69615361433945,39.52484447158187,39.57932517486498,47099400
2021-12-15,39.89711380004883,40.36019103954347,39.60655702628001,40.28755011424629,60057100
2021-12-16,40.85959243774414,41.186469731439786,40.03332081810707,40.58719584756796,69487200
2021-12-17,39.8426399230957,40.587192151506414,39.60656035972045,40.40559328668936,124242400
2021-12-20,39.188880920410156,39.37047976449114,38.7712060036208,39.28876045784019,56455200
2021-12-21,40.124114990234375,40.38743317180271,39.53392300749288,39.53392300749288,47845600
2021-12-22,40.205833435058594,40.47823345903112,39.842639175945536,40.02423803735716,35715700
2021-12-23,40.33295440673828,40.923149881485344,40.314797636672296,40.569033982121276,34053500
2021-12-27,40.53271484375,40.69615348938694,40.233079635889304,40.45099552093153,33879200
2021-12-28,40.58719253540039,40.932230035445315,40.33295273676768,40.37835505118407,32492400
2021-12-29,40.52363204956055,40.96854562028087,40.49638996911123,40.72338767849797,25294900
2021-12-30,40.43282699584961,40.95038144633906,40.387428151084016,40.63258606927004,23852200
2021-12-31,40.396514892578125,40.605352374769836,40.20583417952461,40.42375350999566,24253900
2022-01-03,41.93101119995117,42.21248956655069,40.84142165689687,40.94130118903572,58587900
2022-01-04,43.57448959350586,43.97400438638178,42.71189745117005,42.73005768680679,74606700
2022-01-05,42.839012145996094,43.91952010050139,42.82085191183921,43.71068260326308,57791600
2022-01-06,43.701595306396484,43.728833920222044,42.84808179362462,43.56539530984912,52040900
2022-01-07,44.654991149902344,44.77303093254042,43.63804234793272,43.719761664572886,59082600
2022-01-10,44.42799758911133,45.47218857011604,43.89228278851327,45.317828307040024,66839500
2022-01-11,44.682228088378906,44.718548553011885,44.164673590344414,44.482472460317794,40454400
2022-01-12,44.36443328857422,44.836588944126895,44.20099465920175,44.645908234052214,41378000
2022-01-13,44.27363204956055,44.936468414047226,44.15559573365815,44.41891044611827,46337500
2022-01-14,43.50183868408203,43.79239546027769,42.8480842057868,43.14772282957544,72953300
2022-01-18,42.0036506652832,43.510915175119244,41.812973438645415,43.44735609957331,65877400
2022-01-19,42.16709518432617,44.11019857538678,42.085375866647404,43.93767809155921,84451800
2022-01-20,41.540584564208984,42.72097206673403,41.4588652429113,42.3940947815433,46265300
2022-01-21,40.786949157714844,41.785741215957216,40.55087305010723,41.37714462229944,71303600
2022-01-24,40.45099639892578,40.57811457857795,38.671334956374146,39.860804355724895,90672700
2022-01-25,41.250022888183594,41.37714104773755,39.797238973695386,40.21491391614698,73555300
2022-01-26,41.676780700683594,42.18525335137122,41.095663656924636,41.56781930664183,63735800
2022-01-27,41.286346435546875,42.44857365394128,40.94130893119466,42.10353614958907,63402400
2022-01-28,41.649532318115234,41.66769254770761,40.360187190443085,41.15921997395955,51048300
2022-01-31,41.89469909667969,42.01273888217991,41.05934914073436,41.331745714903036,44793700
2022-02-01,42.621089935302734,42.766368335083214,41.67678206858474,41.9582570198224,40326600
2022-02-02,42.57569122314453,42.6392503067731,42.03997647276781,42.42133443824951,41125600
2022-02-03,42.158016204833984,42.93888890414617,42.0853752729397,42.875329820593805,35879900
2022-02-04,43.83779525756836,44.21007135162232,42.38501134509197,42.7482090550661,60297100
2022-02-07,44.04663848876953,44.27363622126181,43.57448625325084,44.0920408062364,44824800
2022-02-08,44.83658981323242,45.41770341172756,44.43707161648432,44.62775233025513,49560500
2022-02-09,44.74578857421875,45.20886585355009,44.51879085870228,44.69131133926936,33861100
2022-02-10,44.53694534301758,45.49941677951284,44.2736271957156,45.10898048212296,47082800
2022-02-11,43.51091766357422,44.891064101251054,43.129563188488405,44.15559376681125,61056000
2022-02-14,43.05693054199219,43.7560840111491,42.621095287915935,43.60172720737053,44791900
2022-02-15,43.39289093017578,43.91952391158129,43.19313180082673,43.583568209803076,42397600
2022-02-16,43.293006896972656,43.8014830538734,42.95705122987043,43.075087554383636,36664600
2022-02-17,41.83113479614258,42.9388846518567,41.72217687280166,42.675566495382036,49442400
2022-02-18,41.731266021728516,42.25790247053145,41.513350118832065,41.83114558710223,37856500
2022-02-22,41.368064880371094,41.74941937946802,40.89590921693424,41.01394553501076,51905600
2022-02-23,40.65982437133789,41.8674537223517,40.46914714655986,41.72217534199085,45704900
2022-02-24,39.588401794433594,39.66104272890434,38.18101659431162,39.04360864074457,80484800
2022-02-25,40.877750396728516,41.1773855901295,39.61564361032453,39.779082248074296,68530700
2022-02-28,40.133201599121094,40.187678840590216,39.443126521686374,39.69736634881475,69955300
2022-03-01,38.56237030029297,39.71551902942346,38.07205443807181,39.68827695016005,74895600
2022-03-02,39.188880920410156,39.533918377793036,38.69856508050446,38.80752646517897,70834600
2022-03-03,38.76917266845703,39.690725922765715,38.513689766942434,39.31662956478848,48733800
2022-03-04,37.3640251159668,37.81111405729899,36.789192996465424,37.80199128489547,75572800
2022-03-07,34.98257827758789,36.59758034641038,34.8639613625276,36.4333426119101,109779000
2022-03-08,35.2106819152832,36.186981960759596,34.82745941745082,35.64864799805948,76553800
2022-03-09,37.446136474609375,37.966221413369645,36.6431969190701,36.78006284217333,78207900
2022-03-10,37.108551025390625,37.847621068289165,36.59759211433176,36.76182990164254,48804400
2022-03-11,36.798316955566406,37.75636810791485,36.761818906936156,37.446141655848685,43946600
2022-03-14,37.59212875366211,38.48631002279007,37.31840036199361,37.31840036199361,54262400
2022-03-15,37.86585998535156,38.12133937265096,37.291027883282325,37.64687516720522,41395300
2022-03-16,39.05201721191406,39.28012479315263,38.24907755137357,38.541058457552765,59477600
2022-03-17,39.261871337890625,39.270997589271644,38.166957856033534,38.69616557484512,50260200
2022-03-18,39.14326858520508,39.17064038551929,38.55931016021567,39.015525395564694,74470600
2022-03-21,39.08851623535156,39.62685027972944,38.78741254989563,39.55385418120235,47106400
2022-03-22,40.31117248535156,40.72176683229789,39.87320634215732,39.9826970077945,52360600
2022-03-23,39.31662368774414,40.15605793405997,39.26187661403616,39.89145577941857,48539300
2022-03-24,39.29837417602539,39.626849652910366,39.1341364375829,39.581228832375345,30360800
2022-03-25,39.90058135986328,40.38416836272932,39.5356112847242,39.67247375765918,38968100
2022-03-28,39.73633575439453,39.91882249622056,39.07938835672397,39.88232445172633,37428600
2022-03-29,39.63597106933594,40.5027805524413,39.33487087958503,40.375040867053315,46355800
2022-03-30,39.23450469970703,39.82758581417012,39.00639711424362,39.63597279709025,36601800
2022-03-31,37.61037826538086,39.13413520318949,37.59212924161337,39.088514384093465,67902500
2022-04-01,37.31840133666992,38.08484294174674,36.81656187808447,38.03921864140593,61929200
2022-04-04,37.254539489746094,37.53739072095941,36.6432092365391,36.93518672203773,53761700
2022-04-05,36.62495422363281,37.19066007426212,36.53371257956685,36.89868263647631,51781700
2022-04-06,36.223487854003906,36.506339052560406,35.90413512316666,36.259985905638864,54159800
2022-04-07,35.940635681152344,36.478969798048986,35.44792239165792,36.39685091646658,54585000
2022-04-08,36.196109771728516,36.58845509480452,35.87676054626922,36.031875513381955,41018900
2022-04-11,36.12310791015625,36.86217754647838,35.94062119346188,36.022740041942114,34198700
2022-04-12,35.73989486694336,36.57020982054751,35.447917435615864,36.1048683964255,42855300
2022-04-13,35.42054748535156,35.59390800653659,35.00083034102211,35.12857003880536,45484200
2022-04-14,34.28001403808594,35.55741814642513,34.143148069104534,35.11945191858928,79032000
2022-04-18,35.447914123535156,35.86763468741663,33.96065530937466,34.14313857641985,80080300
2022-04-19,36.104862213134766,36.38771682407424,35.68514516256259,35.77638678898439,53714200
2022-04-20,36.186988830566406,36.834813566783616,36.14136800757074,36.63408124947356,47064300
2022-04-21,35.502662658691406,36.68882134671274,35.23805703764143,36.497211820012566,46245900
2022-04-22,34.27088165283203,35.447914037247266,34.21613458446462,35.411419472314186,50409800
2022-04-25,34.02452850341797,34.12489639857513,32.7836226735577,33.65955497205476,64301100
2022-04-26,33.258087158203125,34.25263638504653,33.23071188069576,33.650432489568125,44809900
2022-04-27,33.07560348510742,33.67780743692078,33.00260737911991,33.0938525116043,39824900
2022-04-28,33.5865592956543,33.71429897580531,32.993478231358594,33.51356320377072,39567800
2022-04-29,32.55551528930664,33.87853999792846,32.42777559672788,33.53181548903927,47385200
2022-05-02,32.97522735595703,33.102967028932085,32.30003094719029,32.87485947557805,46652200
2022-05-03,33.878536224365234,34.3347513502713,33.148592719044565,33.1577154900788,48926000
2022-05-04,35.23805618286133,35.35667309297974,34.01539947732344,34.0975183411523,57860300
2022-05-05,34.25263977050781,34.86396649848057,33.64130956188913,34.71797776637917,48860600
2022-05-06,34.1705207824707,34.325632287052464,33.404079071214774,34.09752467632923,50440100
2022-05-09,33.185089111328125,33.81466824736231,32.90223794530268,33.64130426235794,51242000
2022-05-10,32.62850570678711,33.87853771275196,32.09929794742187,33.53181322725004,60235300
2022-05-11,32.45514678955078,33.68692635151814,32.4003997163306,32.75625047129354,54969300
2022-05-12,31.998933792114258,32.32740929242801,31.259863916408328,31.944186715180052,61231500
2022-05-13,32.09018325805664,32.60114565866148,31.7160868428101,32.41865883839928,49117900
2022-05-16,31.761703491210938,32.090175511615136,31.39672993878971,31.935064014255854,39076500
2022-05-17,32.8383674621582,33.048226009861565,32.32740524993785,32.50076575091577,42635600
2022-05-18,31.825572967529297,32.564639355577974,31.570090091572506,32.50076950675021,47396900
2022-05-19,31.433225631713867,31.78907290427004,31.25073886919531,31.287236917828118,47002700
2022-05-20,30.89488983154297,31.91681077035852,30.07370118744859,31.752573041539648,62406500
2022-05-23,32.72887420654297,33.08472147012028,31.624834368099158,31.71607600673345,69081900
2022-05-24,32.52814865112305,32.810999877934435,31.898569379789564,32.36391088300528,46146700
2022-05-25,32.70150375366211,33.093849081059275,32.1996677592795,32.39127729666541,49343400
2022-05-26,33.45882034301758,33.613935317456566,33.157720127741165,33.303708849224265,60201200
2022-05-27,33.77817153930664,33.80554333564726,33.37670344351361,33.65955462075475,43365600
2022-05-31,33.942413330078125,34.24351356770146,33.40407922703428,33.59568878558058,71609200
2022-06-01,33.45882034301758,34.18876743107876,33.00260515330218,34.17964117812287,35237900
2022-06-02,33.67906951904297,33.688244836726625,33.10092648555425,33.41293979720126,35341900
2022-06-03,33.21105194091797,33.66071957872461,33.155993026566016,33.47718169593223,25235200
2022-06-06,33.17434310913086,34.14708781782628,33.12845601852231,33.679069599583286,40394000
2022-06-07,33.357872009277344,33.41293440857971,32.7980867028215,32.944916266934875,29152200
2022-06-08,32.93573760986328,33.13762957425873,32.59619489758335,32.963267059301586,33590600
2022-06-09,31.66933250427246,32.889856186323186,31.66015718742169,32.79808901504272,49419000
2022-06-10,30.439632415771484,31.23802148024428,30.301981663778047,30.907654074351132,49318200
2022-06-13,29.384296417236328,30.07256068949944,29.12734379213334,29.723839144692057,61216600
2022-06-14,28.870389938354492,29.916551027560644,28.65932265725965,29.292526250890656,49349800
2022-06-15,29.411827087402344,29.81561105098232,28.83368584488245,29.34758936604976,51540100
2022-06-16,29.228288650512695,29.365941149582063,28.31978005623908,28.907098319119843,61363400
2022-06-17,29.292526245117188,29.8982003891317,29.035573631000318,29.393470477164204,80470300
2022-06-21,30.145971298217773,30.549755212552746,29.934904025130326,30.182679563283287,53537200
2022-06-22,29.916553497314453,30.22856678658087,29.659602612280906,29.723840333539293,38305600
2022-06-23,29.439359664916992,29.74219413305131,28.686855902002428,29.714664681591792,44091500
2022-06-24,29.650428771972656,30.072563390035654,28.659326450579428,28.677680586237834,79504700
2022-06-27,29.687131881713867,29.916553313568514,29.283351421899255,29.751369602577707,47900300
2022-06-28,29.604541778564453,30.742473688224752,29.540304053898264,30.12762589479311,49863800
2022-06-29,29.237462997436523,29.769718810900855,29.05392518218609,29.577005680199598,35149700
2022-06-30,28.56755256652832,28.952980596754383,28.117886822988986,28.604260831476715,46312300
2022-07-01,28.962162017822266,29.063108011262454,28.108713983255868,28.429904348463726,40236100
2022-07-05,28.668498992919922,28.668498992919922,27.943528252320952,28.264716823907968,47411800
2022-07-06,28.429899215698242,28.677674745583207,28.117885974438586,28.45743041357869,35933700
2022-07-07,29.237462997436523,29.375113733354855,28.879564432732817,28.907095630124278,40137900
2022-07-08,29.17323112487793,29.59536573393981,28.96216207000031,29.375119611428673,31153800
2022-07-11,28.870389938354492,29.173227885594677,28.714385056946856,28.952981787538818,29311900
2022-07-12,28.77861976623535,29.39346741205416,28.429898272701905,28.46660653532492,39527000
2022-07-13,28.30142593383789,28.58590799873702,27.897643752778603,28.512493215848647,44153700
2022-07-14,27.649871826171875,27.732463686533805,27.22773720685243,27.61316530509253,51707800
2022-07-15,29.595367431640625,29.94408902033167,28.090363260344134,28.12706978263716,77801700
2022-07-18,29.604541778564453,30.63235237461035,29.4577121935141,30.35704734022762,56382900
2022-07-19,30.604816436767578,30.852591993762356,29.989968703282575,30.19186067580271,46874900
2022-07-20,30.61400032043457,30.696592186434412,30.237749264367213,30.448816588434884,35514900
2022-07-21,30.880128860473633,30.898479496035794,30.237748094298155,30.36622354739454,31244000
2022-07-22,30.678234100341797,31.146252280298395,30.366220813472985,30.834238993429587,27115400
2022-07-25,30.95353889465332,31.182960324498683,30.68740919586633,30.99942248048375,30381000
2022-07-26,30.329511642456055,30.99942178243624,30.246919789543803,30.659879054105048,30645700
2022-07-27,30.82505989074707,30.990243581196346,30.237741658346444,30.503871326369477,30344800
2022-07-28,30.577289581298828,30.971894742518234,30.19186323816921,30.742473299981064,40176500
2022-07-29,31.02695655822754,31.146253185576228,30.60481845146961,30.71494326228994,48152500
2022-08-01,30.935182571411133,31.10036626926793,30.4855185611177,30.85259072248273,32336700
2022-08-02,30.320331573486328,30.94435803086188,30.283623311124806,30.834233243777316,37884100
2022-08-03,30.870939254760742,30.971885218546774,30.439625955199435,30.66904732718867,30065800
2022-08-04,30.65070152282715,30.898473562968576,30.439630746762735,30.760822818522545,28404500
2022-08-05,31.16460609436035,31.504152329988276,30.50387475890536,30.54057952704111,35874500
2022-08-08,30.73329734802246,31.4674452488445,30.696589077808028,31.3573204382012,33454300
2022-08-09,31.127901077270508,31.164609349934135,30.659882853236706,30.880128988524916,40196900
2022-08-10,32.1832389831543,32.513606413375165,31.61427479815909,31.660158385535695,61415800
2022-08-11,32.95409393310547,33.09174819083109,32.715497187166676,32.825618492931255,50420800
2022-08-12,33.31199264526367,33.32117146332288,32.752203767227236,33.18351719798188,31821700
2022-08-15,33.266109466552734,33.31199305533343,32.733850034755044,32.88985843744153,24908000
2022-08-16,33.62399673461914,33.899301689186416,33.12844571598259,33.21103755242202,31870200
2022-08-17,33.41293716430664,33.57812087514431,33.11010269489974,33.220224001893776,27125600
2022-08-18,33.293636322021484,33.40376112733504,33.03668544434285,33.266106871039675,23138300
2022-08-19,32.55949401855469,33.06422054336664,32.40348910208474,32.99998281297387,36485400
2022-08-22,31.862041473388672,31.953808622516018,31.614265969914026,31.889570917988408,31210300
2022-08-23,31.57756996154785,32.09147529784764,31.531686369182122,31.81616674226586,26588000
2022-08-24,31.678512573242188,31.93546346353262,31.247199149660393,31.430737000164985,31389400
2022-08-25,32.247474670410156,32.375950107233606,31.614272802911824,31.75192355635419,40576700
2022-08-26,31.228843688964844,32.55948867277438,31.21966837214108,32.522780404092956,36152600
2022-08-29,31.109546661376953,31.338968086606304,30.84341696794456,31.072838393173907,34931000
2022-08-30,31.283903121948242,31.45826213059189,30.77917672792265,31.36649496829373,48194900
2022-08-31,30.843420028686523,31.54085969028908,30.834241210378334,31.329792378216023,44917600
2022-09-01,30.917316436767578,30.935791502767195,30.169092120696625,30.797230269649358,32848900
2022-09-02,30.88036346435547,31.8502814356905,30.732566473711636,31.34222950058722,44000800
2022-09-06,30.53858184814453,31.157480610108088,30.12290173441482,31.074344587362148,40762400
2022-09-07,31.009689331054688,31.1020611405353,30.14138234115746,30.307654417229493,40742600
2022-09-08,32.007320404052734,32.0812171436915,30.73256905051787,30.908076890448626,44361800
2022-09-09,32.27519607543945,32.561554275206944,32.182824281325075,32.31214620258844,37295100
2022-09-12,32.58003616333008,32.912580329812876,32.35833887775528,32.51537518915385,30534000
2022-09-13,31.406896591186523,32.07198494072038,31.231388731730156,31.94266298914633,40959600
2022-09-14,31.286806106567383,31.794858070881862,30.981976337482063,31.591639399411118,32004400
2022-09-15,31.87799644470215,32.23825496009585,31.12977562323206,31.21291166159081,44863300
2022-09-16,31.517744064331055,31.619355177827924,31.092828065852302,31.582405041327434,54281800
2022-09-19,32.04426956176758,32.21054164388326,31.06511566015164,31.14825170120948,29782000
2022-09-20,31.56392478942871,32.127401945366664,31.29604515319063,31.86875807985746,33591100
2022-09-21,30.62171745300293,31.776382462184667,30.59400309662715,31.693246440573265,51667800
2022-09-22,30.02129364013672,30.871125491776574,29.91968254401492,30.769517919413136,47527500
2022-09-23,29.310020446777344,29.642564581743724,28.82967931002129,29.49476757995405,55316100
2022-09-26,28.66341209411621,29.39315964887907,28.34010545714658,28.931293528030867,40360200
2022-09-27,28.238492965698242,28.97747978004139,27.989084849786952,28.88510620801358,43396600
2022-09-28,28.700355529785156,28.922051018224632,28.072217431600418,28.20154112126612,38372900
2022-09-29,28.321630477905273,28.5433260051792,27.90595026309202,28.3493430795193,35220900
2022-09-30,27.896711349487305,28.811205957210415,27.868998750994155,28.41400085487145,42294100
2022-10-03,28.71883201599121,28.894341613732244,27.89671098542825,28.2569659517416,34591700
2022-10-04,29.91044807434082,30.039770011845093,29.245359797166273,29.300783232971064,39758700
2022-10-05,29.485530853271484,29.58714019360546,29.051377368879034,29.134513404893653,35791100
2022-10-06,29.06061363220215,29.44858121954699,28.9682418234033,29.18993733590331,40891900
2022-10-07,28.40476417541504,28.85739272645955,28.201543732664224,28.792731756578807,52304600
2022-10-10,28.321630477905273,28.681885489490472,28.035273975411382,28.5433260051792,37669100
2022-10-11,27.49951171875,28.146123288667237,27.31476454912817,28.053751465735907,58124000
2022-10-12,27.5826416015625,27.9983199974488,27.231622410142933,27.37941940804195,36137900
2022-10-13,29.273073196411133,29.34697170013119,27.07458962745067,27.166963197570567,67671000
2022-10-14,29.282312393188477,30.141383648913983,29.162226216646523,29.383921740401586,58108500
2022-10-17,31.055871963500977,31.286804986628233,30.36307289411921,30.815703169902278,88896800
2022-10-18,32.21977996826172,32.66317099928604,31.665538536662314,32.31215177831562,81937900
2022-10-19,31.332996368408203,32.17359610246762,31.194438644545272,31.94266303893716,43139900
2022-10-20,31.129772186279297,31.98884331321915,31.028161092419573,31.388416044279843,39549100
2022-10-21,32.28443908691406,32.367575120694006,31.000451972569333,31.000451972569333,54870300
2022-10-24,32.39527893066406,32.57078673112718,32.06273486767483,32.43222905405347,33765600
2022-10-25,32.69088363647461,32.86639501849726,31.896473340764814,32.09045979056663,37132300
2022-10-26,32.977237701416016,33.337492667830325,32.65392934209562,32.71859030920802,41104600
2022-10-27,33.13426971435547,33.596135768174925,33.041897913094914,33.39291710065004,35261900
2022-10-28,33.420623779296875,33.53147063177367,32.921807657514435,33.291301864114295,31659100
2022-10-31,33.29130554199219,33.55918869518375,33.07884758304111,33.25435541249853,32565500
2022-11-01,33.439109802246094,33.9563976325264,33.355973754699754,33.66080357986363,29913200
2022-11-02,33.33749771118164,34.4367378421456,33.208175757392816,33.319022642960526,57380600
2022-11-03,33.15274429321289,33.383677316736254,32.709353310899026,32.97723646388812,30046500
2022-11-04,33.98411178588867,34.17809472103563,33.4575846626275,33.716228576156766,39369400
2022-11-07,34.18732452392578,34.492157817722294,33.92868065555911,34.18732452392578,37533700
2022-11-08,34.279693603515625,34.56604825594501,33.94714953407447,34.261218541462476,32664300
2022-11-09,33.73469543457031,34.1411362745923,33.61460927947543,34.067239541751114,30164400
2022-11-10,35.22190856933594,35.30504460544604,34.30741217212484,34.45520917812518,45702800
2022-11-11,35.48054885864258,35.6560566843339,35.07410801420879,35.27732667454657,35688700
2022-11-14,34.880126953125,35.34199306148807,34.870891181411594,35.18496027604883,35541400
2022-11-15,34.82469940185547,35.378937228910885,34.45520516797975,35.277326138407155,46082800
2022-11-16,34.5106315612793,34.861650743302114,34.36283456733679,34.74156458454936,23813000
2022-11-17,34.335121154785156,34.36283551449711,33.77164752243186,34.067241518464485,23689700
2022-11-18,34.35359573364258,34.9632587822983,34.104187642316376,34.90783711117581,32041800
2022-11-21,34.464447021484375,34.658429922984595,34.23351398910076,34.2612248253841,27935700
2022-11-22,34.63071823120117,34.9170729290775,34.57529303624526,34.72309003236934,23499300
2022-11-23,34.7415657043457,34.78775160573673,34.51986844440701,34.63071883625556,18934700
2022-11-25,34.82469940185547,34.98173216080984,34.69537747712642,34.843174465925074,16118500
2022-11-28,34.04877471923828,34.78775988872272,34.02106387655738,34.54759103004999,35428300
2022-11-29,34.1780891418457,34.31665037219441,33.919445270537146,34.15961407621531,27048800
2022-11-30,34.96326446533203,34.96326446533203,33.439108357831,34.08572164150973,51747900
2022-12-01,33.95979690551758,35.0190075362423,33.8204291376831,34.84247361257474,46213200
2022-12-02,33.52310562133789,33.718222615015584,33.27223939616962,33.504522544174364,42295300
2022-12-05,32.0272102355957,33.34657717149408,31.720594696082113,33.272248387114146,71386600
2022-12-06,30.661378860473633,32.22232206782836,30.113190429981678,32.12011690452919,84085700
2022-12-07,30.419801712036133,30.587042312784792,30.057437034728927,30.28043040965956,49234100
2022-12-08,30.141063690185547,30.652089513694047,29.899490746276065,30.63350643426101,45491100
2022-12-09,30.08531379699707,30.289720553509785,29.80657473312737,29.834447576206493,36985500
2022-12-12,30.410507202148438,30.456963119655235,29.78799010996685,30.020273241860153,41060500
2022-12-13,30.429092407226562,31.28389269111408,30.261848257012126,31.172397772424308,54804800
2022-12-14,29.992403030395508,30.661379722165236,29.880908096553902,30.47555246952253,48819500
2022-12-15,29.51854705810547,29.72295561934043,29.25838925747731,29.499963978307736,49027600
2022-12-16,29.453508377075195,29.667208480574907,29.128311565734734,29.379177829241378,61795200
2022-12-19,29.787992477416992,29.945943318365373,29.481377017656584,29.50925163368384,38374100
2022-12-20,29.908781051635742,30.271145790556037,29.862325124397774,30.103901617011303,35561100
2022-12-21,30.36405372619629,30.54058764466083,30.113187498256405,30.215392651605203,32544000
2022-12-22,30.094606399536133,30.27114387396719,29.611458761439195,30.215394638195306,30234400
2022-12-23,30.16893768310547,30.271142839681932,29.908778136085466,30.103898682440395,21378600
2022-12-27,30.224685668945312,30.354763680158186,29.992402493390895,30.196812822073973,22776100
2022-12-28,30.44767951965332,30.633506771670458,30.224686108360746,30.26185226763618,30541000
2022-12-29,30.79145050048828,30.810033575822,30.429089392378803,30.55916737535562,22252900
2022-12-30,30.77287483215332,30.940119006053074,30.531301883387048,30.754291752346674,28198900
2023-01-03,31.135236740112305,31.67413543375927,30.856497625352905,30.87508070558488,35221500
2023-01-04,31.7205867767334,32.35239723584763,31.4325579356746,31.497596934904628,41998500
2023-01-05,31.65554428100586,31.720583273052036,31.200271336682615,31.51617298698734,34177000
2023-01-06,31.971458435058594,32.129412848833894,31.163113918562146,31.674136232568863,34068700
2023-01-09,31.488306045532227,32.29665048695589,31.32106187911907,32.28736071964845,43818800
2023-01-10,31.702003479003906,31.84137478744862,31.256020254084273,31.348935641167284,35096000
2023-01-11,31.943588256835938,31.999333959238243,31.5905167827257,31.702011731890842,36783700
2023-01-12,32.0272102355957,32.39886124621641,31.92500505575784,32.14799495325816,44230400
2023-01-13,32.733341217041016,32.88200229192227,30.74499801136934,31.776335769015393,89667800
2023-01-17,32.07365798950195,32.361690373376845,31.72987991764842,32.23160883125425,56458400
2023-01-18,31.330352783203125,31.906414009714368,31.13523224114189,31.8971242431208,54517800
2023-01-19,30.875072479248047,31.172394595021093,30.55916728819429,30.921528395270236,42707100
2023-01-20,31.451141357421875,31.488307517108368,30.745002045178826,30.940119066992818,45004400
2023-01-23,31.887836456298828,32.06437040703575,31.3582310597278,31.41398030202589,33683300
2023-01-24,32.120113372802734,32.324523676925395,31.544052159063792,31.794918383843545,26716700
2023-01-25,32.39885711669922,32.48247920369361,31.822795819826823,31.869251747188134,28859700
2023-01-26,32.835548400878906,32.844838167976064,32.3245261458995,32.566099078383644,30035500
2023-01-27,32.93775177001953,33.24436368859367,32.77050761648468,32.9284584590678,29964900
2023-01-30,32.79838562011719,33.03996212182964,32.68689068167462,32.71476353019521,27353500
2023-01-31,32.96562576293945,32.96562576293945,32.5196425194248,32.67759336751218,38917400
2023-02-01,33.37444305419922,33.6903482966659,32.621847876822535,32.705469957015474,44438700
2023-02-02,33.56956481933594,33.801847990017606,32.928460999864186,33.5416884286894,33729100
2023-02-03,33.848304748535156,34.154916698315766,33.355865548762665,33.4673604810138,37411700
2023-02-06,33.79255294799805,33.85759194890979,33.43019178738696,33.68105802420072,29463200
2023-02-07,34.16420364379883,34.37790370094102,33.56955939012329,33.60672199770851,44100200
2023-02-08,33.9133415222168,34.229246763102246,33.7646804408801,33.82971944244242,28032800
2023-02-09,33.188621520996094,33.77397257610293,33.03996042923499,33.69964380240238,35257100
2023-02-10,33.05854797363281,33.06783774246505,32.547522078847436,33.030671578415124,32898900
2023-02-13,33.123573303222656,33.244357969940886,32.881996881068154,32.96561894345102,29163900
2023-02-14,33.095703125,33.43948474834396,32.94704204670737,33.10499643609561,33625200
2023-02-15,33.03995895385742,33.086414878390805,32.66830446887065,32.81696555399339,23500100
2023-02-16,32.7797966003418,33.13286797652449,32.724050913401065,32.90987459568291,22681100
2023-02-17,32.84484100341797,32.88200716373474,32.27807300820781,32.593978282180096,28562700
2023-02-21,32.07365798950195,32.566097136564544,31.841374837965315,32.43601913880157,37068900
2023-02-22,31.859966278076172,32.10153925956458,31.655555916874835,31.925005294029226,38550400
2023-02-23,31.832082748413086,32.14798798839812,31.46043181831053,31.962164295526716,28488000
2023-02-24,31.78562355041504,31.85995585539316,31.441845500789697,31.460428577034225,27046600
2023-02-27,31.78562355041504,32.2316067472056,31.748457397925982,32.008616920990015,30137500
2023-02-28,31.86925506591797,32.045792570378914,31.757760119768196,31.915710998117003,32620600
2023-03-01,31.7205867767334,32.045785317243165,31.571925700727675,31.72988008768605,29281600
2023-03-02,31.31846809387207,31.51485057512551,30.86023873693318,31.477443368977944,44607200
2023-03-03,31.945026397705078,32.06659804791648,31.46809695048795,31.46809695048795,39109100
2023-03-06,31.879566192626953,32.319092005444624,31.78605173206268,32.01984145082136,36646700
2023-03-07,30.860239028930664,31.701883338476886,30.673206563770663,31.655122546676218,52855300
2023-03-08,30.448774337768555,30.83218933487637,30.33655270397016,30.54228879858587,40045600
2023-03-09,28.55974769592285,30.289789872571173,28.34465983826325,30.186921844285003,112457900
2023-03-10,28.30725860595703,29.027331343155524,27.04479381116041,28.35401583463789,165330900
2023-03-13,26.661380767822266,27.792922194018427,26.062879635531672,27.044795778655185,218403300
2023-03-14,26.895166397094727,28.138927487898734,26.62396949805628,28.04541125431052,154255800
2023-03-15,26.642675399780273,26.70813623383672,25.885197231353764,26.072227930990188,131104400
2023-03-16,27.091550827026367,27.559130244857727,26.287315441254698,26.539806971291448,108348800
2023-03-17,26.0161190032959,26.80165258245618,25.829088302913043,26.80165258245618,130665500
2023-03-20,25.950658798217773,26.5865671190214,25.85714255392183,26.408886433226503,81441200
2023-03-21,26.73619270324707,27.100904098145246,26.661380063686572,26.773598131190308,84854800
2023-03-22,25.847793579101562,26.87646881155511,25.847793579101562,26.848413400094614,76925900
2023-03-23,25.221233367919922,26.26861205749165,25.052906274370375,26.184447618879908,105335900
2023-03-24,25.38020896911621,25.52048421444083,24.613379047329698,24.875224150438633,96872700
2023-03-27,26.642675399780273,26.792300672958994,26.10028333858893,26.118986943654757,102469800
2023-03-28,26.29666519165039,26.792298194324697,26.16574175197566,26.539804900316774,63416500
2023-03-29,26.811004638671875,26.904520881584993,26.408886042717253,26.642675758163058,62666400
2023-03-30,26.464996337890625,27.175717320801965,26.28731742991834,27.044795644680477,67427100
2023-03-31,26.745542526245117,26.82035516026742,26.427588385731852,26.764246130669164,56482100
2023-04-03,26.73619270324707,27.100904098145246,26.493051178756946,26.78294993409462,51996800
2023-04-04,26.165742874145508,26.792299343365666,25.86649234263866,26.69878310635131,56233300
2023-04-05,25.847793579101562,26.100286931223415,25.679464677686994,25.866497186741892,47799400
2023-04-06,26.034822463989258,26.193799539453323,25.82908815960739,25.922602617443,41216600
2023-04-10,26.128337860107422,26.277963128211958,25.85714094687177,25.87584455130331,40572700
2023-04-11,26.848405838012695,26.885813042757295,26.147036802114677,26.20314760923158,58761200
2023-04-12,26.63332176208496,27.128956560134096,26.530455508658786,26.82035423250791,44313300
2023-04-13,26.70813751220703,26.782950152377257,26.40888695152613,26.70813751220703,52261400
2023-04-14,27.60588836669922,27.933194305362044,27.353395061130133,27.400152287936024,81110800
2023-04-17,28.400775909423828,28.43818133703301,27.493670656220537,27.83968022589402,83704400
2023-04-18,28.578453063964844,28.924462612474276,27.867732146122304,28.802890966913978,114498800
2023-04-19,28.11087417602539,28.24179762626776,27.858382645311103,28.176335009309607,65594200
2023-04-20,27.96124839782715,28.26985073748372,27.839678535884698,27.90513936798247,43193800
2023-04-21,27.933197021484375,28.036063287194445,27.503023001611396,27.820977169094977,44759000
2023-04-24,27.83032989501953,27.961251574087132,27.671352806005686,27.858385304965772,28020300
2023-04-25,26.969980239868164,27.615240318598175,26.9512766355748,27.5404276850986,49718800
2023-04-26,26.595916748046875,27.063496147635803,26.464993303263753,26.89516727839597,45848400
2023-04-27,27.016740798950195,27.194421494303068,26.670732995218607,26.670732995218607,33060100
2023-04-28,27.381450653076172,27.521724118118822,26.66137793987032,26.68008154418904,45592500
2023-05-01,27.157012939453125,27.624592348600675,27.119605730557854,27.5871851397054,34076800
2023-05-02,26.334074020385742,26.988685952397812,25.913251809281693,26.97933414952061,70797700
2023-05-03,26.053525924682617,26.652027013149613,26.00676691234992,26.33407286398304,51139500
2023-05-04,25.23993682861328,26.0067667905384,25.090311557197353,25.791680685837242,82173800
2023-05-05,25.913253784179688,26.08158268144997,25.68881584904403,25.829091119218702,50087100
2023-05-08,25.894548416137695,26.324720620345694,25.866493009208252,26.259259787850905,34245500
2023-05-09,25.866493225097656,26.02547029834355,25.473726443176858,25.642055318810616,32188800
2023-05-10,25.548538208007812,26.184446479322023,25.26799128062748,26.14703927104525,44446400
2023-05-11,25.613998413085938,25.707514647819465,25.137067221251378,25.258638861507112,34897300
2023-05-12,25.333452224731445,25.763624419794905,25.137067947747873,25.735570797135733,38142000
2023-05-15,25.85714340209961,26.016120487515355,25.27734587905917,25.342806717111408,38722800
2023-05-16,25.585948944091797,26.090933839738813,25.55789353401592,25.978715766783527,33347500
2023-05-17,26.71748924255371,26.81100548843077,25.931955631064866,25.941307434019976,61750400
2023-05-18,26.623973846435547,26.652029256196318,26.184449795561296,26.595920220348862,51146100
2023-05-19,26.28731346130371,26.811001870402112,26.21250083143251,26.61461760219409,50062500
2023-05-22,26.502399444580078,26.60526747912448,26.193797124620662,26.464992237955283,36473700
2023-05-23,26.726839065551758,27.19441847662416,26.464993953228603,26.48369755775324,51400400
2023-05-24,26.277963638305664,26.661378618225417,26.18444739800657,26.49304974242183,50606900
2023-05-25,26.34342384338379,26.408884674930388,26.072226931349164,26.17509497159318,40517800
2023-05-26,26.474346160888672,26.558510598864416,25.988064921519182,26.37147990177582,57879100
2023-05-30,26.427587509155273,26.64267360187597,26.13768878489373,26.48369653689245,41819600
2023-05-31,25.988061904907227,26.334069635378306,25.698161415008652,26.277960611132077,61905200
2023-06-01,26.186016082763672,26.374539233216765,25.771262275115415,26.167163228346215,57426100
2023-06-02,27.06264877319336,27.288879401421994,26.506504022344313,26.544207928444468,66578100
2023-06-05,26.902408599853516,27.166341372329587,26.67617794072093,27.166341372329587,34757800
2023-06-06,27.55281639099121,27.741341344314122,26.817573028427688,26.82699765797735,46297900
2023-06-07,27.788471221923828,27.948716890213305,27.345439926256294,27.618799126334125,44502600
2023-06-08,27.55281639099121,27.694209207029793,27.32658752574803,27.59994852827554,41483100
2023-06-09,27.59052085876465,27.71306081437307,27.411422340961153,27.524537667444182,32692000
2023-06-12,27.458553314208984,27.86388069645957,27.25117730841185,27.61879898165905,41011300
2023-06-13,27.71306037902832,28.090108464870163,27.364291573839775,27.458552246869917,42718800
2023-06-14,27.449125289916992,28.024122897844777,27.326583548719295,27.873303676299102,38322800
2023-06-15,27.684782028198242,27.779042698272747,27.04379940341221,27.241748968057113,42044900
2023-06-16,27.51511001586914,27.976994132463666,27.486830736030154,27.835601329082817,53050200
2023-06-20,27.213468551635742,27.373714190552175,26.94010760375783,27.345434913835096,39040900
2023-06-21,26.930686950683594,27.336014347641363,26.902409465812177,27.12863833431965,39553400
2023-06-22,26.355690002441406,26.892985639768714,26.29913322932021,26.864706354254412,50742900
2023-06-23,26.15773582458496,26.28970220476611,26.006916590690192,26.148309397728152,55181100
2023-06-26,26.478225708007812,26.657324212745845,26.195440109290487,26.204864737728343,47519300
2023-06-27,26.61962127685547,26.770440518250116,26.346262076042866,26.487654890111948,39081800
2023-06-28,26.459373474121094,26.647898409612985,26.299127818325097,26.629045556482392,37803800
2023-06-29,27.015520095825195,27.336011407888172,26.77043839848839,26.86470086637286,68376400
2023-06-30,27.043800354003906,27.439701295116695,27.02494750016351,27.27945563328754,50479000
2023-07-03,27.5245361328125,27.665928934602583,27.00609346237283,27.053225594907538,30995800
2023-07-05,27.411422729492188,27.73191406151179,27.288882772146877,27.46797949458178,37492000
2023-07-06,26.657325744628906,27.166340211152384,26.487653656485385,27.147487357379305,52098000
2023-07-07,26.892982482910156,27.16634168583026,26.666753619074047,26.676178248565094,34288000
2023-07-10,27.015520095825195,27.194618605014984,26.836421586635407,26.94953690767818,36086000
2023-07-11,27.35486602783203,27.411422793052765,26.789292981903234,27.01552184069332,40978700
2023-07-12,27.675355911254883,28.174943940704726,27.590519868913013,27.81674871585565,41855500
2023-07-13,27.967571258544922,28.156096218938895,27.722489529195663,27.826178437203076,39589000
2023-07-14,27.439699172973633,28.372893791016175,27.3831406158266,28.27863132701141,58720300
2023-07-17,27.71306037902832,27.863879613365057,27.449127617892575,27.47740510063878,49477200
2023-07-18,28.9384708404541,29.089290084875813,28.20322567546786,28.278635297678715,98253800
2023-07-19,29.720844268798828,29.88108992954048,28.92904239194679,29.117565535350032,70619800
2023-07-20,29.87166404724121,29.97535114873572,29.4663366745699,29.532319865859254,42128800
2023-07-21,30.145023345947266,30.26756509983804,29.617156015860036,30.041336244086374,70872400
2023-07-24,30.776578903198242,30.96510023766421,30.145020926132574,30.163873778741962,64548600
2023-07-25,30.30527114868164,30.908548104132933,30.229859731343083,30.88026702472383,51208800
2023-07-26,30.55034828186035,30.672890025971203,30.305268389452618,30.39010442832721,41814600
2023-07-27,30.116743087768555,30.861414575840534,29.994201345168552,30.56920075758327,45529500
2023-07-28,30.069612503051758,30.31469420294746,29.89051399199201,30.30526957417694,33296500
2023-07-31,30.163875579833984,30.399530857801437,29.956499582469178,30.069613109065585,29093400
2023-08-01,29.805679321289062,30.10731777902771,29.6171543862489,30.013055311507625,32712000
2023-08-02,29.400352478027344,29.485188520472132,29.013877972626453,29.372073197910066,38855100
2023-08-03,29.607728958129883,29.739695338363916,29.10813912196133,29.164697683124846,27933400
2023-08-04,29.504037857055664,29.85280843322101,29.381497912834135,29.560596413995093,30768100
2023-08-07,30.05076026916504,30.069613122908816,29.60772899362882,29.60772899362882,31745200
2023-08-08,29.475759506225586,29.51346341183172,28.731088043005297,29.504036985953462,45951800
2023-08-09,29.08928680419922,29.485187725633484,29.061007524844268,29.42862916692358,30732100
2023-08-10,29.16469955444336,29.522894808593378,29.032731367834653,29.23068274879411,26062600
2023-08-11,29.49461555480957,29.598302654894923,28.98559928965438,29.03272962624708,35720700
2023-08-14,29.155271530151367,29.32494361942166,28.98559944088107,29.268385057726825,32563700
2023-08-15,28.222074508666992,28.79707212186863,28.12781204485964,28.74994178891843,43406100
2023-08-16,27.609373092651367,28.127813982444177,27.533961678085205,28.042977938964324,47220400
2023-08-17,27.599945068359375,27.845026757792958,27.439699417495376,27.750764292948197,37202200
2023-08-18,27.439699172973633,27.66592800784089,27.317157430395355,27.373715987542386,31430400
2023-08-21,27.477405548095703,27.618798357850526,27.147487793396373,27.543388739454148,34959000
2023-08-22,26.80814552307129,27.562241710227912,26.789292668915593,27.458552810278704,37564200
2023-08-23,26.81757164001465,26.874128403920555,26.5630635055774,26.81757164001465,44686600
2023-08-24,26.97781753540039,27.13806319943878,26.742162252867885,26.770439736111225,31934800
2023-08-25,26.86470603942871,27.138067069141247,26.676181067357486,26.99667244113414,34253200
2023-08-28,27.109783172607422,27.33601202186713,26.930684659395002,27.043799982978392,33075200
2023-08-29,27.496261596679688,27.581097651970236,27.072081320226953,27.23232700267495,30428200
2023-08-30,27.37371826171875,27.590520688406524,27.270029362908463,27.54338855353498,33366400
2023-08-31,27.25015640258789,27.53529857589805,27.117090296761777,27.4972804654719,37243000
2023-09-01,27.5448055267334,27.687376623585173,27.335701372210117,27.335701372210117,35228600
2023-09-05,27.23114585876465,27.677870883727174,27.088574775157547,27.506784858242778,46543600
2023-09-06,26.984020233154297,27.145601268623647,26.72739302272969,26.993525213227738,45022600
2023-09-07,26.73689842224121,27.136098554208036,26.670365369061695,27.003032447849005,35023600
2023-09-08,26.955507278442383,26.97451542582141,26.575315324628342,26.727393193887714,36513900
2023-09-11,27.069564819335938,27.335698838241683,26.99352678720425,27.09807976121895,34168300
2023-09-12,27.535297393798828,27.69687843517512,26.9935262000341,27.050554269669952,42284000
2023-09-13,27.449756622314453,27.744405600732076,27.278672399449448,27.677872545247386,37215700
2023-09-14,27.753910064697266,27.98202417048919,27.658862067394857,27.725395121639615,44634800
2023-09-15,27.4117374420166,27.64935652399463,27.326194427473332,27.516290418211646,61661100
2023-09-18,27.335697174072266,27.37371528137876,27.079068151417506,27.37371528137876,25752300
2023-09-19,27.23114585876465,27.506784858242778,27.098079755783314,27.33569883275838,34888100
2023-09-20,27.136096954345703,27.5352970627769,27.11708880662203,27.38322100364974,26641100
2023-09-21,26.660860061645508,27.17411814484051,26.63234693228337,26.955509026245473,39906000
2023-09-22,26.271167755126953,26.793930875581175,26.233149640904593,26.679872907134282,41284400
2023-09-25,26.233144760131836,26.252154720151097,25.995525698559792,26.138096772925103,32749200
2023-09-26,25.82444190979004,26.13809902558143,25.672365842308743,25.986022958100133,42237400
2023-09-27,25.919490814208984,26.242652922162765,25.729394816745657,25.881470889560404,38296300
2023-09-28,26.195127487182617,26.27116552205394,25.82444229379613,25.82444229379613,36734300
2023-09-29,26.02404022216797,26.603831343640433,25.919489062230884,26.508783351333356,40645900
2023-10-02,25.37771987915039,26.005034140173002,25.26366191674182,25.919491121589026,50388600
2023-10-03,24.626842498779297,25.2066336621817,24.541299480805506,25.178118718560505,62144500
2023-10-04,24.655359268188477,24.721892328675068,24.313187170954656,24.598329376722887,55696400
2023-10-05,24.769412994384766,24.797927937319006,24.294174822819265,24.503280778557528,49044100
2023-10-06,24.77891731262207,24.9309933784244,24.20863115941848,24.49377514246513,58177300
2023-10-09,25.007030487060547,25.05455538892331,24.446249335307403,24.484269256797614,39953700
2023-10-10,25.672365188598633,25.948002374056127,25.254155107229327,25.29217502957639,51960100
2023-10-11,25.681869506835938,26.08106961673612,25.567811555626044,25.824440586181083,38508200
2023-10-12,25.567811965942383,25.738897989058025,25.292174783170253,25.634345016511876,44249800
2023-10-13,25.434743881225586,26.347200182829784,25.206629805824534,26.071563021553754,55089700
2023-10-16,25.653356552124023,25.833947566818654,25.444252407086402,25.814937604663477,56817500
2023-10-17,26.25215721130371,26.489776295424203,25.396727058158138,25.7103841766816,95344200
2023-10-18,25.957509994506836,26.651359144787378,25.862461991862528,26.176120944455704,68371100
2023-10-19,25.624841690063477,26.404233824886642,25.548803654091678,25.90048070351736,58611000
2023-10-20,25.007030487060547,25.6058315603039,24.940497437342316,25.4727636479778,62058400
2023-10-23,24.303678512573242,24.911982759733917,24.256155423097436,24.835944728838832,59857200
2023-10-24,24.208633422851562,24.588825435793883,24.14210036445362,24.465262487720665,55975700
2023-10-25,24.28466796875,24.37971595830994,23.932992764134713,24.123086930364984,45522400
2023-10-26,24.826440811157227,25.054554896950314,24.180116661632013,24.227639749671972,60921000
2023-10-27,23.92348861694336,24.77891692699097,23.7238876506281,24.77891692699097,64709300
2023-10-30,24.41773796081543,24.503280977422655,24.02804280200019,24.066060913331306,41891900
2023-10-31,25.035545349121094,25.07356345760161,24.44624925811117,24.465259218796245,50106700
2023-11-01,25.092575073242188,25.301681028790128,24.85495598767571,25.130594997119903,44046300
2023-11-02,26.25215721130371,26.290175322060325,25.273165932086968,25.38722207724655,63278300
2023-11-03,27.012537002563477,27.49728014179653,26.736898000437154,26.765412942588405,62613600
2023-11-06,26.926992416381836,27.34520247906028,26.63234528291933,27.145601521438223,45548000
2023-11-07,26.765413284301758,26.860461279796368,26.56581412536383,26.660860307968715,33081900
2023-11-08,26.508787155151367,26.803436154872255,26.299682992382607,26.765416227337976,31896000
2023-11-09,26.16661262512207,26.6893738536482,26.043049693579043,26.67986887330723,32267900
2023-11-10,26.309185028076172,26.394728042558985,25.986022931783264,26.385223061739815,32858500
2023-11-13,26.328195571899414,26.470766661560145,26.06206154174689,26.17611950120933,28521800
2023-11-14,27.772918701171875,27.95350971792627,27.06006142823008,27.08857637178808,66676300
2023-11-15,28.153106689453125,28.257657841836654,27.75390660091633,27.75390660091633,46968900
2023-11-16,28.077070236206055,28.229146296271807,27.77291630318492,27.97251726507724,36952800
2023-11-17,28.49527931213379,28.514289273409588,28.086574209152566,28.238650273579577,38493300
2023-11-20,28.523792266845703,28.751906347593916,28.276668226146082,28.495277326918593,46783400
2023-11-21,28.191129684448242,28.50478682176839,28.08657670104491,28.50478682176839,41611900
2023-11-22,28.16261100769043,28.31468887834529,28.058059851032827,28.267163977237644,41422700
2023-11-24,28.257661819458008,28.409737892412977,28.020042728854648,28.020042728854648,15815600
2023-11-27,28.096078872680664,28.219641806689054,28.04855578291723,28.134098794803144,42039500
2023-11-28,28.06756591796875,28.181622059263887,27.867964951367743,28.06756591796875,29705800
2023-11-29,28.808935165405273,29.09407913343941,28.33369703157132,28.400230080245734,57954900
2023-11-30,29.211322784423828,29.268806017604962,28.780195794526747,28.943064650646797,52547700
2023-12-01,29.661611557006836,29.74783732073666,29.077194725165736,29.125097115078287,46133300
2023-12-04,29.527482986450195,29.69993451147491,29.24006499631501,29.249645839634052,37811300
2023-12-05,29.29754638671875,29.498740429050045,29.05803080087986,29.393352986526086,45723100
2023-12-06,29.249645233154297,30.198126773764834,29.163419472429798,29.48916082908703,49803100
2023-12-07,29.37419319152832,29.632870479448158,29.25922672624774,29.30712911555481,32699600
2023-12-08,29.661611557006836,29.834063084466486,29.326291172900895,29.38377440626776,34794300
2023-12-11,29.556224822998047,29.776578732089302,29.422094847037265,29.623288897298952,32254000
2023-12-12,29.45083999633789,29.565808296337995,29.173002831322933,29.4795825281777,34566700
2023-12-13,30.696321487426758,30.782547253307325,29.3454517644176,29.46042006137805,60311100
2023-12-14,32.516639709472656,32.641188856932644,31.20409511686909,31.2519975105942,107190000
2023-12-15,32.19089126586914,32.59327932541923,31.893894296983497,32.40166613776288,83771800
2023-12-18,32.02802658081055,32.3729296323269,32.00886489409096,32.29628288544858,40694700
2023-12-19,32.10466766357422,32.25795749301857,31.424444273834766,31.64479817524116,44534800
2023-12-20,31.596900939941406,32.296286129219666,31.568160234334403,31.980127403387385,44711400
2023-12-21,31.807674407958984,32.04719002299675,31.510673729613586,31.845997783497406,32325700
2023-12-22,32.02802658081055,32.25795951200942,31.80767266561244,31.817251681613207,37265900
2023-12-26,32.439998626708984,32.53580342011379,31.970546367700802,32.047193126199524,24845400
2023-12-27,32.42083740234375,32.52622486943257,32.24838584796543,32.38251402254442,24498600
2023-12-28,32.459163665771484,32.545389450620824,32.35377618932018,32.401678590965595,21799600
2023-12-29,32.257957458496094,32.56454077177451,32.14299100021532,32.51663473066619,28060700
2024-01-02,32.47831344604492,32.64118228285145,31.87473317346087,31.98969962619005,36668600
2024-01-03,32.12383270263672,32.353769298166206,31.84599737038293,32.23880282776056,45988700
2024-01-04,32.382511138916016,32.87112505105024,32.133416501839314,32.16215720677015,39834600
2024-01-05,32.9860954284668,33.23519009501683,32.29628919076091,32.38251497047414,49242400
2024-01-08,32.727413177490234,32.86154133586515,32.229220264441814,32.86154133586515,40253900
2024-01-09,32.21963882446289,32.420831046891685,32.10466870760249,32.401669360748286,39268800
2024-01-10,32.19089126586914,32.21963561958402,31.8459919137488,32.095086499399756,34904000
2024-01-11,31.759775161743164,32.095095594122675,31.405289384977845,31.96096742117087,48790600
2024-01-12,31.424449920654297,31.798093718647,30.619677257778292,30.897516265671804,74344300
2024-01-16,30.77296257019043,31.146606313003105,30.485544587620524,31.050801537052447,58420800
2024-01-17,30.46638298034668,30.648415344370246,29.958611088001582,30.389738062972384,48811300
2024-01-18,30.399320602416992,30.43764397692216,30.083160072185656,30.418482289669576,35484400
2024-01-19,30.868770599365234,30.878349614948537,30.24602859963183,30.466382505226665,49493600
2024-01-22,31.18492889404297,31.606478668853295,30.964574991172952,31.002898362468045,43903400
2024-01-23,31.395709991455078,31.44361238769002,31.031645201576122,31.175356044999507,30003400
2024-01-24,31.596900939941406,31.941804026099103,31.52983685704612,31.64480333419255,36403900
2024-01-25,31.989704132080078,32.04718919390051,31.453191507295333,31.81725260133694,46204000
2024-01-26,32.02802658081055,32.25795951200942,31.922639131211877,31.9992858780902,30839800
2024-01-29,32.20047378540039,32.238797153696716,31.845991765453263,31.99928158392101,30269300
2024-01-30,33.330997467041016,33.42680226152007,32.42083730061545,32.478322370134066,60315700
2024-01-31,32.583702087402344,33.627990296751065,32.57412307104568,33.12021837132988,54716000
2024-02-01,32.14299011230469,32.81363446739946,31.548992497091703,32.50705481730775,57084800
2024-02-02,32.06635284423828,32.29628579615992,31.778931172258666,31.97054440200562,40416000
2024-02-05,31.606481552124023,31.893899553620958,31.48193241141202,31.72144802177916,43573000
2024-02-06,31.65438461303711,31.960964308416592,31.501094765347364,31.53941448623111,27188000
2024-02-07,31.788511276245117,31.865154369122315,31.261577678040837,31.673544809570274,29660100
2024-02-08,31.731029510498047,31.884319366888146,31.424449797717852,31.663965426747282,36852200
2024-02-09,31.683124542236328,31.855576073507958,31.46277061999328,31.711865245875543,36176000
2024-02-12,32.21005630493164,32.54538033193518,31.596896964342022,31.616058650575194,34160400
2024-02-13,31.376543045043945,31.913059295253085,30.993316629934853,31.731025103453188,43801500
2024-02-14,31.740612030029297,31.788514424661685,31.491513730391375,31.596901191413693,27833900
2024-02-15,32.64118576049805,32.80405826937493,31.92263895862964,31.92263895862964,41683100
2024-02-16,32.66034698486328,32.717832043897644,31.127448624460083,32.49747447829158,33290700
2024-02-20,32.535797119140625,32.66034625022122,32.353766585036595,32.36334560063454,30372900
2024-02-21,32.28669738769531,32.325020753440825,31.77892192836058,31.960956088293102,37847100
2024-02-22,32.20047378540039,32.64118155665547,31.97053723033999,31.97053723033999,42756900
2024-02-23,32.49747085571289,32.6220199757112,32.08550743673553,32.315440337805796,30586000
2024-02-26,32.20047378540039,32.784892360407916,32.12382704880774,32.3729252880163,31129200
2024-02-27,32.84238052368164,32.98609135703859,32.29628520447453,32.315446892570016,40536300
2024-02-28,32.87112045288086,33.148955756023476,32.679507252469605,32.78489469543169,39548600
2024-02-29,33.30528259277344,33.430709077522124,32.948303484371515,33.12196979234274,43863400
2024-03-01,33.14126968383789,33.43071604441839,32.83253033431783,33.314936028000844,38432300
2024-03-04,33.913116455078125,34.17361225027887,33.04478486953302,33.083378202326756,49136400
2024-03-05,34.14466857910156,34.46305804918318,33.64296630169166,33.700856300014514,47591600
2024-03-06,34.173614501953125,34.53059733312233,33.83593201891526,34.39552433990718,49149700
2024-03-07,34.37622833251953,34.63672783035072,34.00959900070566,34.347281490229555,35900700
2024-03-08,34.3472785949707,34.85863105374137,34.25079894337168,34.60777807084343,42769900
2024-03-11,34.627079010009766,34.66567234759666,34.02889699926592,34.14467333156335,34131500
2024-03-12,34.69461441040039,34.8779309178936,34.52094807722953,34.636728086318854,29260400
2024-03-13,34.81039047241211,35.16736959213594,34.69461047645083,34.69461047645083,38289600
2024-03-14,34.434112548828125,34.94546501940814,34.23150306751336,34.6560186970009,40178100
2024-03-15,34.163970947265625,34.74285630526076,33.99995477867023,34.038544436863454,69646400
2024-03-18,34.74285125732422,34.820037923422575,34.1446693169132,34.405168794300934,50617900
2024-03-19,34.762149810791016,35.109482466161744,34.58848348310565,34.62707681824973,46113800
2024-03-20,35.456817626953125,35.58224413480267,34.47270959401883,34.57883943293282,40519000
2024-03-21,36.19007110595703,36.27690427224467,35.582242622406675,35.63048245246356,43219500
2024-03-22,35.74625778198242,36.286553432728375,35.69801795327331,36.093590437428894,29001100
2024-03-25,35.56294631958008,35.9681653127759,35.54364965126649,35.79449897841679,30480200
2024-03-26,35.78485107421875,35.92957424063555,35.5050549153932,35.69801791046127,33673400
2024-03-27,36.47951889038086,36.51810854767513,35.929576708957406,35.939223203165156,36350200
2024-03-28,36.58564376831055,36.66283044112469,36.10323810461154,36.39268444720145,42262500
2024-04-01,36.1997184753418,37.000509897534165,36.122531808861034,36.60493743297732,33908000
2024-04-02,35.98746871948242,36.25761844599304,35.852395696459034,35.88133886411723,34806800
2024-04-03,36.12253189086914,36.68212418273662,35.9585157449194,36.08394223800398,33338500
2024-04-04,35.62083053588867,36.62423514603107,35.57259070819129,36.37338583372694,42888200
2024-04-05,35.804141998291016,36.02604811886042,35.4375127345204,35.51469939235103,30823500
2024-04-08,36.180423736572266,36.25761040716588,35.8234445862344,35.89098108277229,29470300
2024-04-09,36.40232467651367,36.44091800627913,35.89097593874008,36.19006504326614,30967300
2024-04-10,35.36033248901367,35.91992107966858,35.26384915927131,35.87168125502875,37610700
2024-04-11,35.07088851928711,35.45681450307033,34.781445871681164,35.45681450307033,38604000
2024-04-12,34.53059768676758,34.82004034383051,34.27974468497346,34.549894354633516,47126100
2024-04-15,34.684967041015625,35.46646184009474,34.50165053814973,35.05159636628438,44392000
2024-04-16,33.459651947021484,34.89721854116288,32.94830320043646,34.8296820531408,95566100
2024-04-17,33.990299224853516,34.49200150660512,33.52719027565114,33.66226325911065,65951400
2024-04-18,34.51130294799805,34.723562625925084,33.94206409575458,34.28939677583036,44506200
2024-04-19,35.66907501220703,35.81379449922726,34.791096874617395,34.829686529544965,56273700
2024-04-22,36.40232467651367,36.57599097999574,35.57258648886879,35.69801297037528,43867100
2024-04-23,37.019805908203125,37.06804573366743,36.49881064054076,36.604936784377124,39180300
2024-04-24,36.9715690612793,37.13558889762718,36.66282973687946,36.682126404712335,28670600
2024-04-25,36.57599639892578,36.923329057349115,36.06464758539312,36.595293066667416,41116000
2024-04-26,36.498817443847656,36.961926479460566,36.450573928928094,36.59529711275989,28668700
2024-04-29,36.228660583496094,36.72071636687187,36.13218093365831,36.50845672067348,26438800
2024-04-30,35.707664489746094,36.344439798675616,35.67872132857844,36.035700478010575,30283800
2024-05-01,35.649784088134766,36.190076148798894,35.476117731360254,35.90063344766259,32272000
2024-05-02,35.582244873046875,36.17078040617089,35.360338696378754,36.055000390155335,34860300
2024-05-03,35.93922424316406,36.20937025435769,35.77520807364318,35.93922424316406,34082700
2024-05-06,36.363739013671875,36.460222358428055,36.04535317713467,36.33479585047666,28422300
2024-05-07,36.508460998535156,36.807553836818705,36.373388000750055,36.373388000750055,29119500
2024-05-08,36.383033752441406,36.4891635858112,36.199720927824636,36.37338725870919,32803300
2024-05-09,36.93297576904297,37.06804876356885,36.141830789280206,36.20936728654314,26855400
2024-05-10,37.09699630737305,37.415382131855296,36.98121997851251,37.12593946947239,27359100
2024-05-13,36.86543655395508,37.4153786656746,36.83649339453704,37.26100901467373,24060600
2024-05-14,37.13558578491211,37.42502841721791,37.01980578761959,37.048752627174096,27594800
2024-05-15,37.54080581665039,37.85919529769242,37.41537932286448,37.43467598963638,34084400
2024-05-16,37.83989715576172,37.97497013743643,37.34784137341787,37.55045084592994,32554200
2024-05-17,37.907440185546875,38.10040319856617,37.78201367501483,38.06180985986964,25537300
2024-05-20,37.4539794921875,38.08110839511237,37.42503632697862,37.87849519725965,28369800
2024-05-21,38.25476837158203,38.35124802650758,37.40573342247816,37.40573342247816,31799200
2024-05-22,38.36089324951172,38.409136755839846,37.95567429568757,38.023210787991594,42837600
2024-05-23,37.791656494140625,38.43808197281955,37.56975033891144,38.37054547690037,39033900
2024-05-24,38.303009033203125,38.380192022731855,37.695176888638734,37.78201005214793,22166300
2024-05-28,37.936378479003906,38.34160112236762,37.73376899755348,38.25476796167989,31217900
2024-05-29,37.35749435424805,37.53116068101386,37.20312469495211,37.47327067860426,26677500
2024-05-30,37.270660400390625,37.74341586175521,36.26725579601674,37.36714005523073,50989100
2024-05-31,38.58280944824219,38.66964262133208,37.29960852152086,37.3382018607749,58188400
2024-06-03,38.47667694091797,38.7757660982656,37.974974606749804,38.63104660678024,31898600
2024-06-04,38.283714294433594,38.727526627856264,38.032861284785525,38.22582428902331,26974200
2024-06-05,38.553855895996094,38.58280273563218,38.1293402794488,38.418782912570265,34140300
2024-06-06,38.303009033203125,38.59245168474612,38.032859368695064,38.50561852123692,38676400
2024-06-07,38.613624572753906,38.788347157477965,38.12828488248662,38.12828488248662,25928700
2024-06-10,38.5068473815918,38.671864793763426,38.060335776876705,38.41948979631292,37176200
2024-06-11,37.720603942871094,38.1962347988104,37.332330682520116,38.176824468356266,44629000
2024-06-12,38.254478454589844,38.71069899863025,37.95356648043684,38.63304286226236,38964700
2024-06-13,38.1088752746582,38.19623657716215,37.788552967375985,38.13799817739179,40018700
2024-06-14,38.08945846557617,38.322419430735685,37.769132509922116,37.95356024924405,32347900
2024-06-17,38.351539611816406,38.3709536432202,37.83708073958354,37.94385606088044,26135400
2024-06-18,38.81747055053711,38.84658974741215,38.30300795437388,38.40007811537073,30804500
2024-06-20,38.81747055053711,39.12808766003097,38.5845058669927,38.613625063867744,29383300
2024-06-21,38.332130432128906,38.73981399528372,38.21564624021497,38.681571899326755,72244900
2024-06-24,38.846588134765625,39.15720523136477,38.48743781110684,38.60391829661955,31064900
2024-06-25,38.22535705566406,38.8951245304858,38.196234154777436,38.61362660662013,30596000
2024-06-26,37.85649490356445,38.19623119720087,37.3420360295299,38.02150861680275,44310200
2024-06-27,38.09916687011719,38.196233330048315,37.215848754490814,37.56529393479981,29464200
2024-06-28,38.603919982910156,38.885417896139444,38.167113514597126,38.574800785971966,52028200
2024-07-01,38.83687973022461,39.15720569775976,38.50684859830108,38.739813274949185,26770500
2024-07-02,39.72991180419922,39.75903100397474,38.788351514407886,38.82717958267418,35626100
2024-07-03,39.70079040527344,39.99199349544317,39.55518700876448,39.817270900771696,17100700
2024-07-05,39.225154876708984,39.7590278125475,39.10867438410831,39.72990861510935,23489000
2024-07-08,39.428993225097656,39.83668046790976,39.24456548599681,39.40957919421634,26728500
2024-07-09,40.20553970336914,40.6035218193564,39.40958287709086,39.564891435807404,34697200
2024-07-10,40.51615905761719,40.53556938676231,39.86580194581607,40.06964372747171,25333400
2024-07-11,40.584110260009766,40.67147156103996,40.17642295425277,40.54528219225227,33824600
2024-07-12,40.37055587768555,40.69087815010693,39.88521618389411,40.27348942006646,31856600
2024-07-15,40.66175842285156,40.99178955843754,40.477330674642445,40.62293035917134,36648100
2024-07-16,42.836082458496094,43.09816633777687,40.982084974263664,41.27328805029296,75953300
2024-07-17,42.69047546386719,43.136987056260956,42.370153218140416,42.370153218140416,65713600
2024-07-18,41.74892044067383,42.942859391949554,41.671268012153604,42.34103548238913,48549200
2024-07-19,41.64215087890625,42.282799183065656,41.43830537538182,41.603322811297,43903000
2024-07-22,41.05973815917969,41.61302512472152,40.729707012817194,41.38976930554219,42838300
2024-07-23,41.16651153564453,41.525661862275335,40.91413653113724,40.982083790152586,36705100
2024-07-24,40.95296096801758,41.49654274400523,40.83648048132305,41.04032225875046,36567200
2024-07-25,40.457916259765625,41.059736429719486,40.438502228109314,40.78794739222702,41593900
2024-07-26,40.448204040527344,40.72970192194389,40.19582905560577,40.360846459585254,52049300
2024-07-29,39.885215759277344,40.652053355987604,39.77844043532428,40.55498319655392,37133100
2024-07-30,40.069644927978516,40.66175996154038,39.61342812243998,39.84638910764091,44163200
2024-07-31,39.12808609008789,40.166712702568994,39.04072480011995,40.0211093183398,50851600
2024-08-01,38.341835021972656,39.26398116180488,37.837081306455566,39.254272294533585,60107800
2024-08-02,36.47813415527344,37.40027663628955,36.089860908536465,36.88581773178396,76728000
2024-08-05,35.575401306152344,35.87630954876491,34.109673346179,34.60472191119973,76075200
2024-08-06,35.837486267089844,36.21605439203673,35.46863071383164,35.57540605398216,40614100
2024-08-07,36.20634460449219,37.45852204800503,36.17722540440766,36.98288746381659,44952400
2024-08-08,37.08965301513672,37.293494767641555,36.5557801716418,36.71108870252846,36557800
2024-08-09,37.15760803222656,37.32262546363537,36.7984576737696,37.041127535428025,26411200
2024-08-12,37.05082702636719,37.59440876625876,36.895518486804974,37.37115297206606,33040600
2024-08-13,37.33232498168945,37.35173901202721,37.002293871642976,37.244963696593395,21553500
2024-08-14,37.67207336425781,37.77884500066836,37.303214111230695,37.39057541582005,25658900
2024-08-15,37.885616302490234,38.51655940204636,37.827377907536075,38.273889548809095,37379800
2024-08-16,38.186527252197266,38.264179677715966,37.846790947712954,37.85649611233479,26886600
2024-08-19,38.5068473815918,38.57479834155503,38.29330044616377,38.32241964125673,27268900
2024-08-20,37.55558776855469,38.08946444512309,37.21585143150967,37.97298024140906,44440800
2024-08-21,37.61382293701172,37.846787598648774,37.26437779597998,37.73030341640641,33751100
2024-08-22,38.08945846557617,38.13799169141376,37.43910139023966,37.642943160466174,35421600
2024-08-23,38.603919982910156,38.992189519195485,38.118580285417465,38.118580285417465,45616600
2024-08-26,38.74951934814453,39.02131209441643,38.49714433680064,38.827175476464504,44659500
2024-08-27,38.5068473815918,38.95336268915469,38.44860899140588,38.82717333900553,32323900
2024-08-28,38.77864456176758,39.08926168788724,38.176824342766764,38.18652950796191,40700500
2024-08-29,38.992191314697266,39.15720874492444,38.37095706575589,38.875710818732806,34810800
2024-08-30,39.5551872253418,39.66196255631991,38.95336700864943,38.9921913721293,49098200
2024-09-03,39.506649017333984,39.70078562167142,39.05042855256818,39.39016853587062,48489300
2024-09-04,39.31251525878906,39.74932172445632,39.0989646082744,39.46782381293209,39629600
2024-09-05,38.96306610107422,39.73960879236378,38.83687675659978,39.60371428424406,34214500
2024-09-06,37.86882019042969,38.963071595480436,37.673421614588925,38.85560014257465,47007600
2024-09-09,38.5625,38.79697979061014,38.20100442174333,38.347557086116474,37610200
2024-09-10,38.37686538696289,38.923991099467514,37.44871095382346,38.923991099467514,53983900
2024-09-11,38.103302001953125,38.132611041625914,37.13606269587464,38.093533564391784,41190000
2024-09-12,37.888362884521484,38.42572017870787,37.644110924250995,38.152155448852305,39921600
2024-09-13,37.7613525390625,38.19123462454538,37.556178070842336,37.98606388331416,31887300
2024-09-16,38.20100402832031,38.30847548415525,37.89813399131898,37.91767459483342,26336400
2024-09-17,38.640655517578125,38.88490745350085,38.30847273564366,38.37686297954292,27769400
2024-09-18,38.70905303955078,39.19755700324472,38.513650708675314,38.70905303955078,42527800
2024-09-19,39.9303092956543,40.106171004654094,39.09008195865285,39.11939472814557,57977800
2024-09-20,39.3441047668457,39.79352746280835,39.31479572532305,39.68605600790663,70725000
2024-09-23,38.95330047607422,39.51019463154413,38.836060582025034,39.28548328170443,31714800
2024-09-24,38.54295349121094,39.06076636588212,38.347551210980214,38.933754324683875,32534900
2024-09-25,38.34755325317383,38.50387434028556,38.04467951633729,38.34755325317383,28866000
2024-09-26,38.611351013183594,38.80675333027144,38.210777940298655,38.48433894802811,39601400
2024-09-27,38.494110107421875,38.98261402387652,38.44525673418512,38.7383620656492,27861100
2024-09-30,38.767669677734375,38.875141131707686,38.1228446808835,38.32801542374765,35055200
2024-10-01,38.31824493408203,38.65042771631027,38.044680231254276,38.60157434749151,26291200
2024-10-02,38.3280143737793,38.63088812422625,38.15215267700221,38.347554976419964,23302700
2024-10-03,38.34755325317383,38.367093854936385,37.839508788313516,38.0837607198624,26030200
2024-10-04,39.187782287597656,39.32456277920711,38.709046839975684,39.01192059067439,34209900
2024-10-07,39.04123306274414,39.510196386763354,38.796981098547306,39.285485026940975,27177500
2024-10-08,39.011924743652344,39.226867668770964,38.89468484221913,39.12916464508556,26023600
2024-10-09,39.26594161987305,39.46134392268108,38.806750494311444,38.95329942617577,27421000
2024-10-10,39.05099868774414,39.2073197695682,38.855596403716916,39.090076162958724,26182300
2024-10-11,40.985477447509766,41.200416626493755,39.47111612167338,39.56881540966711,50660700
2024-10-14,40.94639587402344,41.21018842162569,40.76076573770581,40.99524551758188,28098900
2024-10-15,41.17110824584961,42.36305895883361,41.08317739444933,42.236046900813434,61490000
2024-10-16,41.81593322753906,42.10903482307307,41.18088039171356,41.23949847462696,42437800
2024-10-17,41.62053298950195,42.0113376209577,41.49352465221964,41.84524807513197,31708600
2024-10-18,41.34696960449219,41.66938396593921,41.141798861928976,41.454441058307864,30593500
2024-10-21,40.799842834472656,41.43489937575494,40.78030595882327,41.278578281637756,26589500
2024-10-22,41.327430725097656,41.43490218339593,40.61421545192354,40.692377867772876,37104400
2024-10-23,41.36650848388672,41.49352053555707,41.05386630053571,41.229727994544255,28569400
2024-10-24,41.66938400268555,41.67915244077333,41.005018403047295,41.3469696409542,28392000
2024-10-25,40.926856994628906,41.99179566779853,40.82915770339792,41.933173856866496,27466900
2024-10-28,41.640071868896484,41.7670839279067,41.04409650775899,41.10271831814578,24527600
2024-10-29,41.55214309692383,41.82570783210125,41.49352501059162,41.61076491024525,22313500
2024-10-30,41.33720397949219,41.913638767103734,40.68260677397233,40.750997026147495,38100500
2024-10-31,40.858463287353516,41.571678488546816,40.8389226853633,41.31765811665158,28138200
2024-11-01,40.799842834472656,41.4544399783932,40.79007439664797,41.18087899543535,31220000
2024-11-04,40.37973403930664,41.05386807752632,40.16479113132835,40.653295029832485,31110100
2024-11-05,40.91708755493164,41.04409588502582,40.428583656753815,40.55559198684799,30851400
2024-11-06,44.36592483520508,44.50270533331096,42.988343961870164,43.76994947032454,110086700
2024-11-07,43.74064254760742,44.190065270868885,43.486618415684525,44.00443511830156,48339700
2024-11-08,44.09236145019531,44.45385327946042,43.91649975444713,44.102129887964054,38331800
2024-11-11,45.02052307128906,45.450405179317485,44.53201915112484,44.55155602818097,43293500
2024-11-12,44.805580139160156,45.3820149138454,44.78603953512127,45.07914114172633,38155900
2024-11-13,44.81534957885742,45.41132497089562,44.776272096895795,45.13776396221811,36903900
2024-11-14,44.844661712646484,45.098682113243605,44.67856844045711,44.89351135964718,35733100
2024-11-15,45.675113677978516,45.7630445271868,44.57109384391647,44.57109384391647,40488900
2024-11-18,45.645809173583984,45.93891079107749,45.42109780927266,45.67511821723655,32360300
2024-11-19,45.342933654785156,45.5481044064791,44.89351094336344,44.93259215139727,28534100
2024-11-20,45.00098419189453,45.567646822967866,44.864199958335455,45.49925656968297,28021000
2024-11-21,45.391780853271484,45.968215596220425,45.235459756555954,45.32339060639524,45336500
2024-11-22,45.919368743896484,46.13431166256827,45.215921902417286,45.303852757602186,37996200
2024-11-25,46.40787124633789,46.64235476198404,46.07568843991612,46.173387730691736,42718600
2024-11-26,46.652122497558594,46.74005334872779,46.1245373905434,46.4176389854444,30301500
2024-11-27,46.67166519165039,46.87683594457359,46.554425293835585,46.7205148384908,23278400
2024-11-29,46.417640686035156,46.97453858183566,46.407872247542464,46.70097385318175,23262000
2024-12-02,45.95845031738281,46.72051525038118,45.7728164399679,46.642356560145316,35891500
2024-12-03,45.743507385253906,46.38833241923826,45.5774178391771,46.280860959076,38123800
2024-12-04,45.30384826660156,45.704421294515,45.06936849401207,45.61649044804674,24941300
2024-12-05,45.919368743896484,46.15385226671927,45.430864821089074,45.48948663354206,31572100
2024-12-06,45.92919158935547,46.23375014479603,45.58533817814927,46.23375014479603,28931700
2024-12-09,45.10394287109375,45.929194864558305,45.09412009338216,45.74253210626706,34660900
2024-12-10,44.94675064086914,45.47727056428004,44.789559968864566,45.103941312873715,35665800
2024-12-11,45.270957946777344,45.34955140794126,44.671667346052516,45.19236073789223,36790500
2024-12-12,45.270957946777344,45.6541099707893,45.11376352900711,45.32990210571999,24017300
2024-12-13,44.86814880371094,45.29059939385323,44.58324331664358,45.28077661749401,32902300
2024-12-16,44.67166519165039,44.87797723344212,44.367106643490445,44.78955725157123,27330400
2024-12-17,44.25904083251953,44.3965822045043,43.836590191297,44.3965822045043,33054600
2024-12-18,42.73625183105469,44.63236629257203,42.588883946341966,44.34745704757863,41771900
2024-12-19,42.61835861206055,43.69904391147308,42.5495879337918,43.197999862983494,38583600
2024-12-20,43.39448928833008,43.62045439185032,42.34327597113752,42.44152248304224,74222200
2024-12-23,43.11940383911133,43.3355424039898,42.02889198572776,43.12923036354452,35374800
2024-12-24,43.60080337524414,43.64009823073987,43.15870345835772,43.15870345835772,12054400
2024-12-26,43.767818450927734,43.79729427830104,43.335545042571844,43.433787806559614,16077400
2024-12-27,43.56150436401367,43.99377775218651,43.286421639514685,43.4632616046129,17972500
2024-12-30,43.13905334472656,43.365014687388246,42.78537341787488,43.119404043488025,16109800
2024-12-31,43.17835235595703,43.45343508045867,42.94256448658346,43.26677233850699,16110400
2025-01-02,43.51238250732422,43.80711453001667,43.03098399700711,43.36501462211749,25610600
2025-01-03,44.02325439453125,44.0625492503876,43.37484242638761,43.96430648916506,23455700
2025-01-06,44.6028938293457,45.33972575110106,44.3081580624668,44.36710596538677,30518500
2025-01-07,45.270957946777344,45.830949943059615,44.84850731832283,45.467443473547746,41111200
2025-01-08,45.3986701965332,45.44779157542007,44.887799611123654,45.09411539880205,40246000
2025-01-10,44.31798553466797,45.24148021383977,43.95448282818942,45.19235883421636,40741300
2025-01-13,44.268863677978516,44.543946399082046,43.90535722769628,44.308158532621164,34353600
2025-01-14,44.97622299194336,45.11376436231167,44.4358802879016,44.7993830164066,36379000
2025-01-15,46.273048400878906,46.62672836280707,46.01761495488711,46.29269770406618,57154800
2025-01-16,45.82112503051758,46.675849094754085,45.01552234970223,46.17480498750408,56339300
2025-01-17,45.71305465698242,46.05691182823903,45.270958468928725,45.791651866774075,44486100
2025-01-21,45.84077072143555,46.322169235562654,45.72287866096972,45.8014721187066,52089100
2025-01-22,44.986045837402344,45.90954049699485,44.95657001207639,45.78182191450493,40296200
2025-01-23,45.57551193237305,46.066733235800605,45.241481296133465,45.241481296133465,35324100
2025-01-24,45.70323181152344,46.037262457197784,45.33972908608175,45.418322548035064,24655100
2025-01-27,46.263221740722656,46.31234312070787,45.56568840085786,45.732701842351794,44260000
2025-01-28,46.017608642578125,46.60707266645309,45.8898900632409,46.25339650076063,27156600
2025-01-29,45.92919158935547,46.55795425425886,45.82112230362749,45.92919158935547,23681500
2025-01-30,45.899715423583984,46.341811556420666,45.58533411912553,46.282867404160186,31199900
2025-01-31,45.48709487915039,46.007792042789006,45.34955350496254,45.88007344630542,30388900
2025-02-03,45.3986701965332,45.663930139787446,44.31798487013826,44.62253966786941,36497700
2025-02-04,45.889896392822266,46.30252426462509,45.457622965538654,45.536216430625956,32894000
2025-02-05,46.282867431640625,46.302516731646044,45.82111825081527,46.155148855465804,27696600
2025-02-06,46.90180969238281,47.13759380921023,46.34181398254551,46.607073924767086,39793400
2025-02-07,46.567779541015625,47.127771508790744,46.548130239794624,47.000052924714716,26504700
2025-02-10,45.850589752197266,46.72496672673397,45.585333574751225,46.646369527697566,26725200
2025-02-11,45.96849060058594,46.10603196628842,45.467442770988455,45.732702725295155,20314900
2025-02-12,45.3986701965332,45.76217664528216,45.13341025327896,45.752350120872194,29777100
2025-02-13,45.516563415527344,45.75234751986845,45.16288351129492,45.70322614377412,26815400
2025-02-14,46.13550567626953,46.26322426938881,45.66393365673827,45.66393365673827,25960500
2025-02-18,45.71305465698242,45.830950471669894,45.349551930999134,45.74253048451491,37824100
2025-02-19,45.202178955078125,45.2513040795361,44.62253771504965,45.07446412510566,38967800
2025-02-20,44.50465393066406,45.379027341302034,44.24922047553671,45.09412180420039,40001100
2025-02-21,44.02325439453125,44.710961218531246,43.75799444196506,44.45552779071998,43485900
2025-02-24,43.67939758300781,44.59306951100113,43.65974828106244,44.2393895714268,35512200
2025-02-25,43.16852569580078,44.05272551852329,42.588884422620694,43.74816696898086,38119000
2025-02-26,43.16852569580078,43.7678162703437,43.08993223807046,43.266772202614966,32251700
2025-02-27,43.34536361694336,43.9937755404652,43.16852366073551,43.315891540149,28477700
2025-02-28,45.29059982299805,45.388846326125346,43.423961236230056,43.541853292261926,62621100
2025-03-03,44.76008605957031,46.135503446463275,44.42605542674811,45.39867149886027,46946000
2025-03-04,41.92082214355469,44.05272444285328,41.29205950618102,43.94465516185701,78278100
2025-03-05,41.54750061035156,41.979774027613026,40.97768207386385,41.90118056434789,52588900
2025-03-06,40.7320671081543,41.15451770327518,40.240845834545915,40.85978568865433,58103500
2025-03-07,40.92980194091797,41.256052012236495,40.14877344299712,40.8408239630362,50651400
2025-03-10,39.37763214111328,40.15865684106141,38.73501301481273,39.941158058047456,77498400
2025-03-11,39.16012954711914,40.198203405086254,38.823990950395604,39.249107521880426,50608400
2025-03-12,39.456722259521484,40.04002148885599,38.75478698546338,39.8521807704293,42290700
2025-03-13,39.219444274902344,39.73353880269466,38.8833094616164,39.516040027707966,37766100
2025-03-14,40.42559051513672,40.55411509387484,39.71376672073696,39.802744695036935,35979900
2025-03-17,40.96934509277344,41.295598937989844,40.12900045067315,40.45525052451761,37242800
2025-03-18,41.17695999145508,41.35491593606813,40.82104810222897,41.24616466198552,37644500
2025-03-19,41.73059844970703,42.21503492749181,40.83093393785399,41.24616574329405,42471100
2025-03-20,41.997535705566406,42.23481158055279,41.176964337789855,41.28571185197936,41018100
2025-03-21,41.987648010253906,42.17548872679242,41.414233552338715,41.6811674788125,65011000
2025-03-24,42.58082962036133,42.659922825877786,42.26446434103872,42.442420282079134,30646100
2025-03-25,42.788448333740234,43.03560897110495,42.55117623383845,42.85765301049259,25445300
2025-03-26,42.33367156982422,43.22345132882556,42.24469359392408,42.966402166726574,30012100
2025-03-27,42.07662582397461,42.60060513797982,42.03707921915902,42.333671212532316,25619200
2025-03-28,40.78150177001953,42.13594089403367,40.52445638796357,41.95798494823658,34253000
2025-03-31,41.25605010986328,41.42412129205526,40.13888305494453,40.31683900250226,36390000
2025-04-01,41.01877975463867,41.226393778407925,40.50468519242058,40.85070856536934,25578500
2025-04-02,41.37468719482422,41.49332701043667,40.35638662473432,40.41570653254055,28216100
2025-04-03,36.79727554321289,38.39887535839818,36.599546286325,38.191261335783246,115497900
2025-04-04,33.999412536621094,35.38351344604372,33.28758878076128,34.88919223144587,107761200
2025-04-07,35.1759033203125,36.2139772311746,33.15907163720374,34.572830768575585,137329100
2025-04-08,34.632144927978516,36.906025653042825,33.940098207868616,36.441362479793234,79116300
2025-04-09,36.72806930541992,37.42011601800786,32.69440621356702,33.66327538256187,161173500
2025-04-10,35.44282913208008,35.986585478391966,34.23668794817291,35.90749227479331,90451800
2025-04-11,35.54169845581055,35.818517147620526,34.4146466147307,34.8002165844294,63671900
2025-04-14,36.253517150878906,36.569886207330164,35.85806243021528,36.075564977971865,46830600
2025-04-15,37.558528900146484,38.30989551405077,37.370684418141636,37.370684418141636,84677800
2025-04-16,36.90602493286133,37.726596215566964,36.550113042966174,37.430004231111575,52872700
2025-04-17,36.98511505126953,37.4398896872517,36.8170476398129,37.083977790788516,47144400
2025-04-21,36.50067901611328,36.856590916864675,36.07556621396225,36.6489768985503,34928300
2025-04-22,37.88478088378906,38.05285207249992,36.97523157999071,37.143298997329666,42288900
2025-04-23,38.30989456176758,39.67422218537071,38.23080135628491,38.96239842151314,54428400
2025-04-24,39.13047409057617,39.24911014105077,38.16160106902215,38.22092097994547,42457100
2025-04-25,39.239219665527344,39.338086178849885,38.8734229946636,39.09092555260133,32694200
2025-04-28,39.32819747924805,39.62479324661767,39.011832180667504,39.34797078183081,37428000
2025-04-29,39.53581237792969,39.68410647939229,39.031602627390754,39.17990050022493,33792500
2025-04-30,39.42706298828125,39.54569902938532,38.37910060630871,38.91296844833463,40994600
2025-05-01,39.713768005371094,39.9807019369056,39.1304725422132,39.36774463377371,33569100
2025-05-02,40.603546142578125,40.761728787707824,40.23774948284791,40.44536349744843,41613000
2025-05-05,40.65298080444336,41.01878126517069,40.158659526957614,40.38604686203641,32829200
2025-05-06,40.37615966796875,40.801276242752905,40.099340976061605,40.18831895151345,29541800
2025-05-07,40.46513748168945,40.87048075237848,40.395932808989265,40.5738887591817,30925900
2025-05-08,41.12752914428711,41.67128557145833,40.781505755516406,40.821052363196515,41861700
2025-05-09,41.31536865234375,41.50320935906659,41.21650214509097,41.25604874799208,27222800
2025-05-12,42.8675422668457,43.46072629791992,42.452310427996075,42.827995659074865,44875100
2025-05-13,43.7770881652832,43.98470595402228,42.92685502211609,42.92685502211609,43232500
2025-05-14,44.231868743896484,44.40982093081023,43.628796193191754,43.688112331705675,42419500
2025-05-15,43.87595748901367,44.46914151133051,43.51015702959199,44.09345628579809,47379400
2025-05-16,44.182430267333984,44.28129677635308,43.16412973835331,43.83640691419638,49488100
2025-05-19,44.26152420043945,44.62732086137994,43.60902031569911,43.60902031569911,37915700
2025-05-20,44.182430267333984,44.3999328158043,43.9056115848239,44.08356752968658,33424300
2025-05-21,42.7587890625,43.98470744878226,42.65992631888114,43.86606763079332,55594100
2025-05-22,42.81810760498047,43.07515299300921,42.472080470613854,42.68958302528019,29026200
2025-05-23,42.70935821533203,42.936745545546174,41.869009798761184,41.997534384142035,34875100
2025-05-27,43.7177734375,43.7177734375,42.80822035806439,43.29265685222661,36322000
2025-05-28,43.55958938598633,43.93527081609911,43.46072287434733,43.707883496387126,35673800
2025-05-29,43.737548828125,43.955047628355054,43.40141020445444,43.86606964646072,28545100
2025-05-30,43.6287956237793,43.79686304253788,43.223452339945844,43.68811176151907,66537500
2025-06-02,43.57936477661133,43.64856945238897,42.86754094418758,43.381635515230066,28582600
2025-06-03,44.142887115478516,44.221976550749446,43.440948106326296,43.510152776452735,31320200
2025-06-04,43.85618209838867,44.57789067403251,43.83640879573615,44.09345418747527,30591700
2025-06-05,43.87595748901367,44.07368675357663,43.51015702959199,43.945162165904904,32020900
2025-06-06,44.72125244140625,44.920143118903766,44.39307599506164,44.44279866443602,37013000
2025-06-09,44.621803283691406,45.14887420083037,44.53230096142981,44.86047740758784,32414000
2025-06-10,44.8405876159668,44.94997976477113,44.502468153115466,44.55219082250021,32229100
2025-06-11,44.48257827758789,45.15881720254481,44.30357363312303,44.94997971520131,47873500
2025-06-12,44.37318801879883,44.40302465654474,43.77650837423383,44.15440750570988,30165400
2025-06-13,43.84611892700195,44.214071231700025,43.41849714305697,43.756616604929825,43281700
2025-06-16,44.16434860229492,44.64169305591132,44.10467912299419,44.393075915886335,34103600
2025-06-17,43.98534393310547,44.422908733607166,43.81628609891043,44.02512358595012,27489600
2025-06-18,44.81075668334961,44.94998168100068,43.965456093387644,44.01517876489208,37684700
2025-06-20,45.248321533203125,45.397493341410595,45.0195942092559,45.05937386392411,64591600
2025-06-23,46.04389572143555,46.11350822040161,44.86047944541579,45.148876251759006,42683600
2025-06-24,46.40190505981445,46.928972207675045,46.31240273342335,46.49140738620556,45437600
2025-06-25,46.590850830078125,46.720132805949554,46.203008696060365,46.32234765544777,33532400
2025-06-26,47.197479248046875,47.31681821245421,46.64057925519937,46.690301926904084,40127000
2025-06-27,46.85935974121094,47.406316716826915,46.65052224401884,47.18753620273853,56705000
2025-06-30,47.05825424194336,47.356594065718305,46.769857435069014,47.356594065718305,47921200
2025-07-01,47.883663177490234,48.152166353106885,46.68035332429119,46.759912630841704,48540900
2025-07-02,48.4405632019043,48.46045302856366,47.79416090665924,48.09250071935669,48003600
2025-07-03,48.65934753417969,49.03724665376794,48.54001236774002,48.67923736085239,21620300
2025-07-07,48.390838623046875,48.9377955570143,48.102441838258024,48.47039792654575,35567900
2025-07-08,46.88919448852539,47.52565376493267,46.50134856046796,47.23725696981171,88086500
2025-07-09,46.580909729003906,47.1875361865799,46.451627747816396,46.899139379929565,46227900
2025-07-10,46.71018981933594,46.95880696115723,46.52123836364998,46.640577323113696,44225000
2025-07-11,46.47151565551758,46.55107496176083,45.99417119884761,46.38201333279218,31653000
2025-07-14,46.809635162353516,46.809635162353516,46.29251105209246,46.55107500402125,36381200
2025-07-15,45.89472579956055,46.74996557897685,45.695831327809294,46.620687396895576,55145000
2025-07-16,45.775386810302734,46.30245772913703,44.76102841927409,45.994171108445144,61296600
2025-07-17,46.75991439819336,46.958808878490586,45.188652176801625,45.38754665709885,56480700
2025-07-18,47.05825424194336,47.11792372413702,46.64057924737777,46.74996760767113,48314200
2025-07-21,47.217369079589844,47.77427286608288,46.93891908314166,47.27703856179875,32199700
2025-07-22,47.50576400756836,47.90354915910428,47.197477385410885,47.33670237812828,34749400
2025-07-23,47.873714447021484,48.04277606986151,47.5455418046559,47.74443247586103,31380100
2025-07-24,48.12233352661133,48.72895996168118,47.94332888040723,48.221782659833906,42967600
2025-07-25,48.182003021240234,48.281448360896604,47.67482192564174,48.122333541288484,24461200
2025-07-28,47.963218688964844,48.271505311443775,47.81405067958203,48.18200298837547,20590400
2025-07-29,47.68476867675781,48.24166864789882,47.62509919687991,48.12233348173954,26216500
2025-07-30,47.6947135925293,48.23172755202536,47.47593307812462,47.99305341660599,32265900
2025-07-31,47.00852966308594,47.76432410555926,46.928970356722154,47.49581713697628,40016300
2025-08-01,45.40743637084961,46.15328782490009,45.06931689326952,46.10356515334939,52310400
2025-08-04,45.59638214111328,45.85494609216252,45.38754465314033,45.70577429012669,31038900
2025-08-05,45.30799102783203,45.74555584851432,44.50247009176122,45.69583317696353,36798300
2025-08-06,45.16876220703125,45.68588633673529,45.13892936283955,45.45715901287331,27916800
2025-08-07,44.67152786254883,45.50688164149927,44.532302864989866,45.457158970027734,30609900
2025-08-08,45.755496978759766,46.043893772898286,44.73119557138093,44.900257199998734,37131600
2025-08-11,45.90467071533203,46.26268002057759,45.55660822056367,45.80522537214012,35559400
2025-08-12,47.23725891113281,47.39637373677381,46.103565304241094,46.22290047507268,35481200
2025-08-13,46.97869873046875,47.49581906847685,46.73008157836626,47.41626355247433,29465100
2025-08-14,47.44609451293945,47.46598433954953,46.63063058990883,46.8295250624131,21073800
2025-08-15,46.680355072021484,47.555488508859796,46.64057921085354,47.48587600982004,26276900
2025-08-18,47.65493392944336,47.77427289393073,46.53118713249579,46.66046532029541,43125100
2025-08-19,47.814048767089844,47.85382462517636,47.366537169648154,47.55548482474736,33783400
2025-08-20,48.08255386352539,48.23172566653059,47.605209404943885,47.90354921735776,30822200
2025-08-21,47.99304962158203,48.221780722003956,47.54554181765177,48.00299643130284,28713200
2025-08-22,49.206302642822266,49.38530728255997,48.19194428217407,48.2516137599521,45078900
2025-08-25,49.206302642822266,49.38530728255997,48.93779568321571,49.11680032295342,34715700
2025-08-26,49.9720458984375,49.98198891500595,48.977577323344214,48.977577323344214,40609300
2025-08-27,50.10132598876953,50.34994312318082,49.71348386606335,49.753259724435885,42428200
2025-08-28,50.21072006225586,50.359888072470696,50.001878778200606,50.27038574890317,32949400
2025-08-29,50.45933532714844,50.638336174021084,50.23060422486297,50.23060422486297,32496500
2025-09-02,50.1411018371582,50.19082829890769,49.39525043407286,49.9422111645459,52719800
2025-09-03,49.78309631347656,50.29027359801705,49.42508703328497,50.12121576770235,38344200
2025-09-04,50.339996337890625,50.54883761403102,49.84276206882605,49.96210102479096,34796900
2025-09-05,49.77000045776367,50.790000915527344,49.22999954223633,50.439998626708984,40063300
2025-09-08,49.459999084472656,49.90999984741211,48.880001068115234,49.79999923706055,48033100
2025-09-09,50.290000915527344,50.560001373291016,49.459999084472656,49.5,40060100
2025-09-10,50.130001068115234,50.630001068115234,49.970001220703125,50.369998931884766,31706300
2025-09-11,50.75,50.959999084472656,49.9900016784668,50.13999938964844,28055200
2025-09-12,50.58000183105469,50.93000030517578,50.459999084472656,50.70000076293945,27851100
2025-09-15,50.59000015258789,51.09000015258789,50.459999084472656,50.849998474121094,29043600
2025-09-16,50.65999984741211,50.880001068115234,50.209999084472656,50.63999938964844,31624400
2025-09-17,51.400001525878906,51.630001068115234,50.790000915527344,50.86000061035156,38337900
2025-09-18,52.130001068115234,52.189998626708984,51.29999923706055,51.4900016784668,35246900
2025-09-19,52.25,52.65999984741211,51.7599983215332,52.150001525878906,98970700
2025-09-22,51.91999816894531,52.349998474121094,51.7599983215332,51.7599983215332,27468000
2025-09-23,51.70000076293945,52.880001068115234,51.52000045776367,52.0,28278200
2025-09-24,51.70000076293945,52.25,51.459999084472656,51.849998474121094,27010400
2025-09-25,51.849998474121094,52.33000183105469,51.439998626708984,51.47999954223633,22957900
2025-09-26,52.209999084472656,52.619998931884766,51.97999954223633,52.11000061035156,20025800
2025-09-29,52.41999816894531,52.54999923706055,52.11000061035156,52.36000061035156,23701000
2025-09-30,51.59000015258789,52.56999969482422,51.02000045776367,52.47999954223633,29945000
2025-10-01,50.68000030517578,51.68000030517578,50.560001373291016,51.29999923706055,27709100
2025-10-02,50.47999954223633,50.849998474121094,50.06999969482422,50.650001525878906,22757200
2025-10-03,50.63999938964844,51.130001068115234,50.54999923706055,50.619998931884766,24565700
2025-10-06,50.38999938964844,51.31999969482422,49.88999938964844,50.93000030517578,25386300
2025-10-07,50.290000915527344,50.90999984741211,50.130001068115234,50.54999923706055,24107300
2025-10-08,49.84000015258789,50.5099983215332,49.779998779296875,50.400001525878906,24014200
2025-10-09,49.790000915527344,50.279998779296875,49.66999816894531,50.0,21816900
2025-10-10,48.650001525878906,50.13999938964844,48.54999923706055,49.93000030517578,30926600
