Date,Close,High,Low,Open,Volume
,CMCSA,CMCSA,CMCSA,CMCSA,CMCSA
2010-01-04,6.0231614112854,6.079950152931712,5.945077060765522,5.945077060765522,27146800
2010-01-05,5.941526412963867,6.02670950727096,5.874089542771774,6.008963283155961,35493000
2010-01-06,5.898937702178955,5.962824542230604,5.8669939436654595,5.955726455763982,27741400
2010-01-07,6.0231614112854,6.055105163083351,5.874090795220033,5.930879536866344,30214800
2010-01-08,6.0054168701171875,6.058656245741951,5.966374345403845,6.00896625208889,25454000
2010-01-11,5.966372966766357,6.033809854695431,5.937978594529153,5.987669253675686,38109200
2010-01-12,5.859892845153809,5.945075941587304,5.82439971906275,5.945075941587304,36282000
2010-01-13,5.952177047729492,5.980571424396479,5.898937676100808,5.920233289357213,31533800
2010-01-14,5.916684627532959,5.973473387776403,5.895389011685523,5.96992400563926,34823600
2010-01-15,5.902487277984619,5.969924186684599,5.817304135036169,5.941529805701783,43236000
2010-01-19,5.966372966766357,5.984119872524132,5.898936755812518,5.937978594529153,25319000
2010-01-20,5.863442897796631,5.913132873836807,5.749865422861854,5.884738505103114,43376400
2010-01-21,5.678879737854004,5.884739101272203,5.622090994633481,5.863443491808312,65772600
2010-01-22,5.625641822814941,5.813754329256213,5.611444633357807,5.682430580643483,56665000
2010-01-25,5.68242883682251,5.739217577223751,5.593696345323673,5.632738519727628,30493200
2010-01-26,5.572400093078613,5.696625371277256,5.529808540111572,5.646935395392829,42569400
2010-01-27,5.625641822814941,5.710824959557754,5.529810540113506,5.547557111556849,40780000
2010-01-28,5.54400634765625,5.721471679366485,5.519161356921118,5.668231978307131,38618800
2010-01-29,5.618542671203613,5.725021415542015,5.504965163382559,5.590148294248349,54386600
2010-02-01,5.657586097717285,5.71437520259055,5.629191714524526,5.707276437548487,32681400
2010-02-02,5.7818074226379395,5.803103023500019,5.622088723734978,5.625638103374483,38526400
2010-02-03,5.6682329177856445,5.891838886926126,5.625641352971409,5.870543273762843,58379600
2010-02-04,5.508514881134033,5.661134581956201,5.508514881134033,5.607895206539488,45437200
2010-02-05,5.473021507263184,5.583049635405096,5.377190229377312,5.504965266558474,53431200
2010-02-08,5.398486614227295,5.490768517698324,5.394937232135092,5.483669753513919,31328000
2010-02-09,5.462371826171875,5.5723999165628335,5.419780274553998,5.458822445581828,48789400
2010-02-10,5.4339799880981445,5.480120603298268,5.3878390344103,5.480120603298268,43407200
2010-02-11,5.441076755523682,5.476569890152928,5.3629920624319105,5.41623176437578,36472000
2010-02-12,5.444626808166504,5.455274614473417,5.359443680735874,5.37718991175151,55095600
2010-02-16,5.561753273010254,5.575950459843259,5.483668576184905,5.533358899344242,40474600
2010-02-17,5.558203220367432,5.5972457333084185,5.536907611933796,5.5972457333084185,26798200
2010-02-18,5.5830488204956055,5.607894151036416,5.53690821767902,5.572401015113903,25432600
2010-02-19,5.678879737854004,5.693077262146744,5.519161312924382,5.551105065607828,51955000
2010-02-22,5.7463178634643555,5.781811004874939,5.682430344320377,5.714374103892366,39578000
2010-02-23,5.728570461273193,5.788908593385904,5.689528618359303,5.714373612115953,34481600
2010-02-24,5.827951431274414,5.845697662933105,5.7143739239179645,5.774712059322996,53823600
2010-02-25,5.728570461273193,5.771162362695527,5.661133904581861,5.735669224339467,46155800
2010-02-26,5.835050106048584,5.845697574091845,5.703725692053931,5.760514444869096,43478000
2010-03-01,5.973471164703369,5.994766772625481,5.856344305668996,5.856344305668996,46009200
2010-03-02,5.962822437286377,6.023160551292345,5.927329986556481,5.973470578690408,44590800
2010-03-03,6.01961088180542,6.0302590226982025,5.955724067373936,5.994765896697331,46038400
2010-03-04,6.094148635864258,6.104796780464335,6.012514891522921,6.033810503747768,31287600
2010-03-05,6.186429977416992,6.193528739855596,6.094148096640877,6.09769747786018,32694800
2010-03-08,6.232570648193359,6.271613165061893,6.118993155821538,6.147387528914494,33416400
2010-03-09,6.214820861816406,6.2645108170451635,6.179327746520922,6.239665839430785,34396600
2010-03-10,6.221922397613525,6.275161755834315,6.165133658581329,6.182879885663202,37625400
2010-03-11,6.236119270324707,6.236119270324707,6.136739315084583,6.182879911878187,21028000
2010-03-12,6.182880878448486,6.268064000674638,6.140288978847772,6.207725871142538,28875200
2010-03-15,6.221922397613525,6.232569863072582,6.147386754524287,6.221922397613525,25120200
2010-03-16,6.207726001739502,6.296458507213724,6.168683482698751,6.2893597443017155,39739600
2010-03-17,6.239670276641846,6.296459030708809,6.175782759072676,6.175782759072676,27608000
2010-03-18,6.271614074707031,6.292909688371685,6.20062779319105,6.2751634564803656,30982200
2010-03-19,6.221922397613525,6.342598637300737,6.158034896958512,6.33549987567792,48341400
2010-03-22,6.31065559387207,6.346148052011565,6.175781815831109,6.179331197040108,31109800
2010-03-23,6.420683860778809,6.4348807089874285,6.285810079432977,6.324852596713391,41655800
2010-03-24,6.452628135681152,6.470374366616452,6.370994390218266,6.370994390218266,35448800
2010-03-25,6.544910430908203,6.626544181422819,6.445529771384741,6.473924148823536,50792000
2010-03-26,6.509415626525879,6.65493685833683,6.4810212563426495,6.569753747787141,26237000
2010-03-29,6.5662055015563965,6.594599876646277,6.477472994778608,6.484571757794903,29427600
2010-03-30,6.651388645172119,6.686881783376193,6.5342617629813855,6.5342617629813855,56302000
2010-03-31,6.6833295822143555,6.722372085464644,6.591047732606866,6.601695872668314,54720600
2010-04-01,6.693979740142822,6.757867245820042,6.608796624898269,6.679782215781119,38877200
2010-04-05,6.713602066040039,6.770678331904562,6.663660503509272,6.710034714373162,26500200
2010-04-06,6.692193031311035,6.749269249370654,6.627982115893418,6.663654922281227,22708600
2010-04-07,6.5245361328125,6.710033626599543,6.428219694629085,6.663659423253445,61457200
2010-04-08,6.574475288391113,6.606580756071129,6.481726235137999,6.485293584924934,32317400
2010-04-09,6.599448204040527,6.624418980272477,6.567342725912985,6.595880853092731,28661400
2010-04-12,6.645822048187256,6.677927524588373,6.581611775787607,6.603015199920824,25058000
2010-04-13,6.660091876983643,6.674360600517109,6.595880920076471,6.638688451482128,46489200
2010-04-14,6.7528395652771,6.7599742657701185,6.592312206196627,6.6458210990892885,40990400
2010-04-15,6.72786808013916,6.7778096174866045,6.670791843055677,6.688627911993359,44460400
2010-04-16,6.535235404968262,6.727868219414574,6.513831985719481,6.720733519530837,54172000
2010-04-19,6.627985954284668,6.638688006519428,6.510266101312652,6.524535504292332,38145600
2010-04-20,6.613716125488281,6.6779263869491885,6.592312024598843,6.64225424627173,33925000
2010-04-21,6.610151290893555,6.638689422537451,6.549507676099936,6.610151290893556,29001600
2010-04-22,6.706465721130371,6.738571197870888,6.513833541089859,6.567342442189857,30899400
2010-04-23,6.763542175292969,6.770676877093695,6.642255646693683,6.66365907169325,30008000
2010-04-26,6.806345462799072,6.845585617839181,6.713596438414754,6.7349998500720005,36950800
2010-04-27,6.585177421569824,6.824184441812425,6.553072630566396,6.7778102500052695,56558800
2010-04-28,6.7100324630737305,6.849156409793104,6.563774495816914,6.777810761198424,78266800
2010-04-29,7.134538650512695,7.166644128872212,6.720735463215169,6.720735463215169,96206000
2010-04-30,7.052491664886475,7.088164494450004,6.941905825199268,7.052491664886475,81865200
2010-05-03,7.273660659790039,7.334304254891289,7.052490381469602,7.052490381469602,69744200
2010-05-04,7.088163375854492,7.2308539911877245,6.977577553619029,7.2308539911877245,48148400
2010-05-05,7.0417866706848145,7.2379868111340855,6.9668743722531215,7.10243025149243,48834200
2010-05-06,6.603013038635254,6.952605133461173,6.296227778064315,6.941903084696246,116645600
2010-05-07,6.549506187438965,6.7314369904681115,6.421084284029551,6.570909611206343,84844400
2010-05-10,6.431784152984619,6.806347003588061,6.324765709667676,6.6814924932528,94692600
2010-05-11,6.449620723724365,6.631551479210022,6.296228085938279,6.385409788799734,84670600
2010-05-12,6.485295295715332,6.542371546557941,6.399680919451418,6.435353746328694,93975600
2010-05-13,6.335471153259277,6.513834640635713,6.2819622431268884,6.506699937844005,116282800
2010-05-14,6.278392791748047,6.339036384388208,6.189211077889133,6.324766983577591,59878800
2010-05-17,6.456757545471191,6.474593619744924,6.246288603108568,6.289095453526575,47894800
2010-05-18,6.310500144958496,6.563775961251386,6.278394663963245,6.499564999260883,44139800
2010-05-19,6.271259307861328,6.3390376140546465,6.149972099053333,6.299797434615997,44221400
2010-05-20,5.989445686340332,6.174943179184797,5.982310984199448,6.160674455305674,56555800
2010-05-21,6.0750603675842285,6.34260558731291,5.8360532774105,5.868158758210155,70543600
2010-05-24,5.982311248779297,6.107165820156131,5.925234989933203,6.025118102712529,32471200
2010-05-25,6.303365707397461,6.321201784076731,5.814649449794549,5.871725711651467,97182400
2010-05-26,6.321201324462891,6.5851791864580145,6.29623054676645,6.335470729090949,84876200
2010-05-27,6.538804531097412,6.542371882008308,6.388979194852847,6.417517321737401,52134400
2010-05-28,6.453188896179199,6.5388032601925525,6.410381373971281,6.435352825494014,42563000
2010-06-01,6.428220272064209,6.553074849768982,6.324769122410831,6.328336473819848,50250600
2010-06-02,6.556640148162842,6.563774849487249,6.385411398792473,6.453189700569207,43806600
2010-06-03,6.563775062561035,6.581611816451072,6.471025983540616,6.542371638295582,34528600
2010-06-04,6.3461713790893555,6.492429342168308,6.324767276880842,6.449621818153792,49246800
2010-06-07,6.192777156829834,6.3568711500516,6.1892098073594894,6.349736451110913,41327800
2010-06-08,6.2177510261535645,6.264125231609867,6.11073252983469,6.203481621149976,41863800
2010-06-09,6.2141828536987305,6.406815032972084,6.203480801360315,6.253423031870332,38338000
2010-06-10,6.446053981781006,6.453188681979252,6.27125790933875,6.3176320998224265,43152200
2010-06-11,6.488862037658691,6.503130758829363,6.317632620793018,6.3961129686405185,52997600
2010-06-14,6.4745941162109375,6.620852113758862,6.4745941162109375,6.538805077164207,30733000
2010-06-15,6.652956485748291,6.681494610261213,6.517400564412551,6.545938688925473,34436400
2010-06-16,6.560205936431885,6.6636570397899435,6.531667818333524,6.642253621316775,30380000
2010-06-17,6.627985954284668,6.6315533050295885,6.542371577614346,6.58161175540588,27097200
2010-06-18,6.603013038635254,6.699329436312506,6.581609621507763,6.670791320008397,36299400
2010-06-21,6.545938491821289,6.735003305875524,6.492429595021083,6.656523635928723,23259400
2010-06-22,6.506697177886963,6.656522470947621,6.503129828004278,6.5673407650877635,53810200
2010-06-23,6.485295295715332,6.588745745216594,6.453189819566042,6.50313136895268,33841400
2010-06-24,6.356873035430908,6.4817275823140745,6.321200210549641,6.428218685193444,46304400
2010-06-25,6.303365707397461,6.3818453973500455,6.264125522219813,6.360441969254379,64658600
2010-06-28,6.460325717926025,6.488863848634587,6.285529582285746,6.3176343839805105,86135600
2010-06-29,6.306931495666504,6.410381939491378,6.239153196358973,6.388978516700464,61922600
2010-06-30,6.19634485244751,6.3390354372207,6.178508104099374,6.303362620926808,57792000
2010-07-01,6.328331470489502,6.3390335162552605,6.089324558271594,6.178506231779736,62509200
2010-07-02,6.261983871459961,6.36599195570756,6.208186893154444,6.3373001883402384,37384400
2010-07-06,6.383924961090088,6.49151961705849,6.301436203693699,6.312195874510277,78184400
2010-07-07,6.398273944854736,6.409033620305965,6.287093368123053,6.383927710919766,53734600
2010-07-08,6.398273944854736,6.459244070946192,6.326544143312053,6.441311278527478,77161800
2010-07-09,6.480760097503662,6.487933211548802,6.369579566067224,6.416203439229019,38800000
2010-07-12,6.638563632965088,6.667255398366923,6.4018563973835345,6.426961606601935,60505800
2010-07-13,6.821476936340332,6.893206039803648,6.685190476847915,6.706709823546266,58411000
2010-07-14,6.807129859924316,6.8932051838313555,6.7640925400037295,6.821476089275089,34092000
2010-07-15,6.925481796264648,6.936241465606192,6.76767741698287,6.82147439555919,45720000
2010-07-16,6.649325370788574,6.939829671395438,6.627806026991133,6.925483442197144,54077800
2010-07-19,6.8178887367248535,6.846580508014035,6.6242187674735415,6.645738108989767,42469800
2010-07-20,6.764090538024902,6.796368860444808,6.6636690144890105,6.721052546776473,44473000
2010-07-21,6.581181049346924,6.767677893332924,6.495105740753172,6.760504779933675,70375800
2010-07-22,6.7497477531433105,6.814304430886481,6.620634397656969,6.624220955761146,41583400
2010-07-23,6.929069519042969,6.961347848435129,6.728227112654048,6.756918884995323,39385000
2010-07-26,6.9828643798828125,6.990037491799848,6.875270437389695,6.929067408636254,30583600
2010-07-27,6.9326558113098145,7.022317681960001,6.839407383745725,6.986452796886769,43463000
2010-07-28,7.015143871307373,7.072527408098236,6.756917955748487,6.857339487165357,59790800
2010-07-29,6.860926628112793,7.08687494455789,6.764092319416453,7.033077954378624,48036600
2010-07-30,6.9828643798828125,7.068939670690428,6.753330271062506,6.760503382979541,54034200
2010-08-02,6.986453533172607,7.101220630249355,6.925483427342353,7.076115413272048,51465400
2010-08-03,6.889620780944824,6.993628924064684,6.828651339335902,6.964937140456805,28845600
2010-08-04,6.896791458129883,6.957761562236769,6.828648923707829,6.939829460350089,34854200
2010-08-05,6.792781829833984,6.921894426432112,6.774849049705344,6.835819134011488,41629600
2010-08-06,6.6851887702941895,6.728226768638465,6.444894932697609,6.721053654903456,87348800
2010-08-09,6.717467784881592,6.760505787626405,6.6851894538394445,6.724640899350035,37709800
2010-08-10,6.674428939819336,6.706707263479714,6.548902201591829,6.631390946916934,45211800
2010-08-11,6.4592413902282715,6.577595034808245,6.44489516224728,6.534557034931073,45781200
2010-08-12,6.516622543334961,6.548900860384779,6.337298863753994,6.365990625124327,46396200
2010-08-13,6.409031867980957,6.495107195858247,6.39468563796846,6.455655747389777,29460200
2010-08-16,6.365993499755859,6.437723277604805,6.315783065701114,6.394685274082266,24583000
2010-08-17,6.36958122253418,6.45924311921839,6.355234990713034,6.412618549865649,45936800
2010-08-18,6.495108127593994,6.581183467818956,6.365994775223553,6.380341007294044,46482200
2010-08-19,6.398273944854736,6.47000374639742,6.308612034959425,6.430552287142335,41268200
2010-08-20,6.387509346008301,6.405442124604701,6.294260949503695,6.369577251477459,33611200
2010-08-23,6.258398532867432,6.459240921568278,6.251225419397391,6.448481251363218,40277400
2010-08-24,6.100594520568848,6.229707849279047,6.093421405848088,6.201016074461878,47391400
2010-08-25,6.215360164642334,6.269157144320867,6.010931231424479,6.028863329962086,52143200
2010-08-26,6.107768535614014,6.290678883560335,6.093422304057766,6.233294641401318,40051200
2010-08-27,6.186670303344727,6.208188965035293,6.053970407443399,6.161565084028077,34945800
2010-08-30,6.097006320953369,6.183081622220122,6.097006320953369,6.150803298736879,26492000
2010-08-31,6.132871150970459,6.1974277974120975,6.043209294038334,6.0575548354333195,43799600
2010-09-01,6.434137344360352,6.50227988745363,6.2906784588140745,6.3014374476888415,85897200
2010-09-02,6.484345436096191,6.495105105142123,6.369578369202296,6.47358576705026,44218200
2010-09-03,6.530971527099609,6.588355764176228,6.426964093792419,6.541731199813834,22595200
2010-09-07,6.383924961090088,6.5094517176869955,6.344474202894218,6.477173389303053,28494600
2010-09-08,6.426961898803711,6.51303719892263,6.383923906711413,6.394683575750907,20637600
2010-09-09,6.448481559753418,6.5202113297526925,6.419789788566865,6.4986926723792235,19956800
2010-09-10,6.599113464355469,6.631391792129926,6.452068052967735,6.47358671012878,34860800
2010-09-13,6.606285095214844,6.6564955120087035,6.502277021495422,6.634976859677853,38156600
2010-09-14,6.380338668823242,6.602699711889901,6.376752112120135,6.584767612440112,62814200
2010-09-15,6.46999979019165,6.60269895261825,6.276329854889262,6.3408864999900585,91070200
2010-09-16,6.301435947418213,6.466414139567219,6.247638963654797,6.466414139567219,57039200
2010-09-17,6.326540470123291,6.45924032071191,6.319368041386202,6.333713582926068,62540800
2010-09-20,6.491520404815674,6.563249500099935,6.362407075611783,6.3695801903599705,43747400
2010-09-21,6.502278804779053,6.556076476458905,6.462828045363855,6.480760146546598,40101000
2010-09-22,6.437721252441406,6.617044956586676,6.409029487140789,6.552488313643876,39786600
2010-09-23,6.426961898803711,6.541728965628937,6.330126929645298,6.398270132097405,36138800
2010-09-24,6.660083293914795,6.667256407367221,6.484346118724871,6.527384115373674,40217200
2010-09-27,6.566834926605225,6.638564693602839,6.5453162701322425,6.631391580089927,38972200
2010-09-28,6.577593803405762,6.69236086950475,6.487931947507717,6.599112457282904,50567200
2010-09-29,6.509453296661377,6.574009969088538,6.430551077064823,6.545318190683795,40071400
2010-09-30,6.484345436096191,6.530969300497207,6.387510466879839,6.530969300497207,56011600
2010-10-01,6.3910980224609375,6.570421763535895,6.387511465551545,6.5560762199641065,45250400
2010-10-04,6.367661476135254,6.414535926896652,6.317181933221926,6.39650702747604,45859200
2010-10-05,6.515494346618652,6.537128335979466,6.436169260474254,6.443380819505233,50672000
2010-10-06,6.403720855712891,6.501074883874528,6.335212389110357,6.501074883874528,55167000
2010-10-07,6.4505934715271,6.501073710947185,6.097235234248063,6.436171037215869,38848000
2010-10-08,6.48665189743042,6.511891678365829,6.382086992450521,6.4505947727802155,31986800
2010-10-11,6.4974684715271,6.508285126228225,6.421748449957379,6.461411351147822,30476200
2010-10-12,6.4974684715271,6.508285126228225,6.389297110389266,6.465017131958986,26502800
2010-10-13,6.540731906890869,6.56957744554241,6.479435051289859,6.515492146537257,29512600
2010-10-14,6.627272129058838,6.666935024186629,6.529918812967759,6.533524593227764,40199800
2010-10-15,6.832798957824707,6.8544329563395205,6.612851128438126,6.666936468591366,92077000
2010-10-18,6.854430675506592,6.865248015030701,6.760682462827521,6.785922233984928,60302600
2010-10-19,6.890488624572754,6.9229399593613445,6.78952883992689,6.78952883992689,94819400
2010-10-20,6.98784065246582,7.056349089688349,6.9013040048999565,6.940966892933864,82728400
2010-10-21,7.034717082977295,7.106830632413234,6.94457463038312,7.002265745024805,74774200
2010-10-22,7.016688346862793,7.045534592602702,6.912123456985026,7.027505689015259,35380200
2010-10-25,7.128463268280029,7.175337027560497,7.034715061986956,7.074377949808063,68547800
2010-10-26,7.081589221954346,7.164520781884699,7.067166790487443,7.081589221954346,50604800
2010-10-27,7.308746337890625,7.384465627724783,7.020290230220957,7.038319123799544,94658000
2010-10-28,7.521486759185791,7.553938098409558,7.355624282294048,7.355624282294048,67954800
2010-10-29,7.438553810119629,7.525091157304279,7.4133140370792034,7.510668036862758,51894600
2010-11-01,7.391682147979736,7.503458612286545,7.326779462984677,7.4169219282039425,36134400
2010-11-02,7.4565839767456055,7.492641096239408,7.406104422093692,7.442160853855143,33431000
2010-11-03,7.452976226806641,7.49984998835101,7.391679346182668,7.4601877863464425,33441800
2010-11-04,7.593597412109375,7.640471856527464,7.4962441193412275,7.528694758442543,42735400
2010-11-05,7.586387634277344,7.629655617802251,7.528695843357136,7.579176074445793,22516600
2010-11-08,7.539513111114502,7.568358662433079,7.47100466883331,7.5359073312331555,22937600
2010-11-09,7.489033222198486,7.557540973581987,7.46018767221276,7.550330101884676,22052800
2010-11-10,7.474610328674316,7.507061659353079,7.406102575225533,7.474610328674316,27817000
2010-11-11,7.4565839767456055,7.525092435010596,7.312356186502744,7.384469737757999,33034800
2010-11-12,7.366438388824463,7.474609013566989,7.341198622233344,7.37725503865948,32217400
2010-11-15,7.424131393432617,7.507062272953627,7.388074279983236,7.391680060101398,33234200
2010-11-16,7.305142402648926,7.456581708265361,7.276296853375897,7.326776392670662,39500600
2010-11-17,7.352016448974609,7.3880735589048045,7.254663146214903,7.297931127945402,23462400
2010-11-18,7.41691780090332,7.463792241863226,7.3916780347243165,7.409706242643019,34581600
2010-11-19,7.413314342498779,7.416920122757713,7.2871147843651505,7.406103469713175,32849200
2010-11-22,7.3556227684021,7.420525433491742,7.254663678469074,7.344806116041973,28306600
2010-11-23,7.265481948852539,7.305144850291856,7.2258197351455955,7.276299291353909,35929800
2010-11-24,7.348411560058594,7.391680234766737,7.283509579594758,7.30874935328607,23724200
2010-11-26,7.290717124938965,7.373648656303674,7.243843379151902,7.2979286820544935,8342600
2010-11-29,7.287112236022949,7.319563559272688,7.168124280017914,7.2077871612636,26458400
2010-11-30,7.2258195877075195,7.283510704406265,7.157311128728126,7.168127783276416,36586200
2010-12-01,7.510666847229004,7.608020831592412,7.30153644807731,7.30153644807731,63681000
2010-12-02,7.471004962921143,7.54672496794566,7.42052541805961,7.503456295398475,32803000
2010-12-03,7.467396259307861,7.503453357691621,7.395282750272292,7.4529738325935275,30201800
2010-12-06,7.427733898162842,7.474607643564681,7.37364859570474,7.434945455219104,27728200
2010-12-07,7.496245384216309,7.535907588802344,7.449370931888883,7.485428044202545,28703200
2010-12-08,7.496245384216309,7.539513368806931,7.463794051907234,7.510667816502445,17912000
2010-12-09,7.517876148223877,7.553933245054086,7.449367733019672,7.517876148223877,20418200
2010-12-10,7.683739185333252,7.683739185333252,7.546723018503097,7.55753966804661,49768200
2010-12-13,7.687344551086426,7.712584315640235,7.633259243080831,7.698161887780346,34963600
2010-12-14,7.928925037384033,8.07675851120422,7.766669137883094,7.795514676976499,62076800
2010-12-15,7.791912078857422,7.9613796042321,7.791912078857422,7.932534053365512,45802000
2010-12-16,7.806333541870117,7.878447753955256,7.781093773959947,7.799121983115184,44966800
2010-12-17,7.723403453826904,7.81715166384508,7.70537524286394,7.791911893404064,56325600
2010-12-20,7.90729284286499,7.928926830143593,7.723402231666728,7.777487543729262,34584000
2010-12-21,8.022674560546875,8.0407027676126,7.87844684082502,7.932532149754213,35764600
2010-12-22,8.004647254943848,8.065944128695234,7.954167031557234,8.029887022771108,17390200
2010-12-23,7.997438430786133,8.047917983701186,7.936141536075428,7.990226869589032,18512000
2010-12-27,7.968590259552002,8.026281354737998,7.921715814880814,7.990224248313725,14842200
2010-12-28,7.961379051208496,7.99743615922013,7.856814194480104,7.972196389931627,20233600
2010-12-29,7.9145073890686035,8.004649839113885,7.903690047479537,7.96498694101962,12019400
2010-12-30,7.961379051208496,7.983013040922623,7.874842404619854,7.903687953482735,10534600
2010-12-31,7.9217143058776855,7.954165626704687,7.849600794498105,7.943348978250335,15718200
2011-01-03,8.100974082946777,8.184265109359183,7.985090104920402,8.028546683020153,41410000
2011-01-04,8.126321792602539,8.133563978529029,8.01405927675776,8.0756223468047,25496000
2011-01-05,8.234966278076172,8.253073478701467,8.046655535887565,8.046655535887565,30962800
2011-01-06,8.242205619812012,8.339982389054201,8.202370486257317,8.205991924827632,34251000
2011-01-07,8.220476150512695,8.282039213322864,8.169776710674604,8.282039213322864,26796200
2011-01-10,8.227721214294434,8.263934915215295,8.137187307351725,8.169779569108613,26206800
2011-01-11,8.18426513671875,8.263934724329268,8.151672875714702,8.238585341485871,23421400
2011-01-12,8.158917427062988,8.242208470834719,8.129946599198082,8.238587031011727,20491800
2011-01-13,8.162537574768066,8.209614903576634,8.122702433740033,8.144430378519456,24383400
2011-01-14,8.227721214294434,8.231342653458409,8.115459363086767,8.119080802250743,19421400
2011-01-18,8.249448776245117,8.343604110104703,8.216856518727614,8.24220589885927,31897800
2011-01-19,8.36533260345459,8.575371226470004,8.300148084118971,8.314633149127525,69699600
2011-01-20,8.423274993896484,8.488459519028098,8.296527382887113,8.318255327691348,38023000
2011-01-21,8.521053314208984,8.618829428773717,8.41603362911478,8.423276508925216,34473200
2011-01-24,8.546401023864746,8.571750407502284,8.49570156587077,8.510187322645876,22758200
2011-01-25,8.452247619628906,8.546402988150865,8.35809225110695,8.506567838582598,29537600
2011-01-26,8.445002555847168,8.531915021842845,8.426896051117648,8.445002555847168,23225200
2011-01-27,8.441381454467773,8.615207084132168,8.426896388248437,8.445002893702334,29071600
2011-01-28,8.271180152893066,8.546403391392449,8.213238491179418,8.441383697837027,37145200
2011-01-31,8.2385835647583,8.416029897113003,8.234962126458973,8.256690065536212,33984600
2011-02-01,8.47397232055664,8.492079513745823,8.256690837317999,8.292904532977571,30520400
2011-02-02,8.354466438293457,8.477592571860223,8.300146247771341,8.430515257599376,27233000
2011-02-03,8.405169486999512,8.426898126889942,8.274801101252185,8.332742759521897,22735000
2011-02-04,8.426898002624512,8.466732460398122,8.318256876931567,8.38706285413186,20075600
2011-02-07,8.524674415588379,8.55002380319921,8.339985132070744,8.416033294903237,21330000
2011-02-08,8.56812858581543,8.57175002484754,8.473973243137156,8.502944064675173,20706200
2011-02-09,8.521053314208984,8.586237160345794,8.499324674777679,8.582616411159613,26601600
2011-02-10,8.611584663391113,8.618826850315898,8.470351312215952,8.473972751037758,22979000
2011-02-11,8.691256523132324,8.720227350580672,8.52829518703599,8.568130333797097,26103400
2011-02-14,8.644177436828613,8.691254762877898,8.560885720404691,8.665905380334523,25813600
2011-02-15,8.74919605255127,8.74919605255127,8.593477633826081,8.611584828281826,40383400
2011-02-16,9.100468635559082,9.183760360508636,8.941129445914157,9.02804191955292,74631200
2011-02-17,9.133062362670898,9.194625461034239,9.009936165944218,9.075120704295879,35705800
2011-02-18,9.296018600463867,9.321367975733782,9.042523466327369,9.122193720854156,41618600
2011-02-22,9.100468635559082,9.285157901061053,9.064255622915471,9.176517481692336,38001400
2011-02-23,9.00993537902832,9.162032391658558,8.94837228604182,9.104090738344086,31917400
2011-02-24,9.03166389465332,9.053391841672017,8.883188323707417,8.991828749519888,34162200
2011-02-25,9.147544860839844,9.183758557091101,8.970098508999367,9.04976808817709,26015800
2011-02-28,9.32861042022705,9.35033835649355,9.1656491714317,9.180134922755126,37859200
2011-03-01,9.15478801727295,9.382933136387795,9.143923700850785,9.339477252136788,33628600
2011-03-02,9.078739166259766,9.18013738051475,9.049768346575316,9.143923683229483,27780200
2011-03-03,9.332235336303711,9.364827598210342,9.133060325683308,9.154788960766995,34054600
2011-03-04,9.252565383911133,9.332235667272366,9.143924967515352,9.299643404209847,21365400
2011-03-07,9.205486297607422,9.35034038873162,9.060632206483222,9.310505254652918,28075600
2011-03-08,9.256189346313477,9.350344721857276,9.140306019711604,9.205490563604934,32658200
2011-03-09,9.165651321411133,9.267049532304096,9.114952561324053,9.227214397539218,26931400
2011-03-10,8.951993942260742,9.049770743613736,8.832489193068975,9.035285675294224,40836000
2011-03-11,9.035284042358398,9.136681574426563,8.890429241028649,8.89405068013378,28322600
2011-03-14,8.868701934814453,8.988206671001182,8.767303704736438,8.959235846795881,30361800
2011-03-15,8.74919605255127,8.814380571154263,8.59709907271723,8.636934209801025,38362000
2011-03-16,8.4884614944458,8.731092455167559,8.44138346390866,8.662286474769697,57552000
2011-03-17,8.720227241516113,8.760062387779,8.58261598553733,8.607965372897713,35174800
2011-03-18,8.640556335449219,8.865080038794996,8.640556335449219,8.861458599616014,47627000
2011-03-21,8.752820014953613,8.814383112414614,8.658664648794492,8.745577135083133,32082400
2011-03-22,8.712982177734375,8.81800183129227,8.665904854541447,8.73108937182306,23516000
2011-03-23,8.727468490600586,8.77092437775216,8.564507186985006,8.662283969154354,25996000
2011-03-24,8.95561408996582,8.99182779161845,8.738332570768945,8.78903202937019,30054200
2011-03-25,9.060633659362793,9.107710987507497,8.962856873155829,9.00631345282078,25070600
2011-03-28,8.846976280212402,9.096850135385804,8.828869078696005,9.067879303678678,25635600
2011-03-29,8.879568099975586,8.933888320319962,8.774548408686593,8.82524787963121,25561800
2011-03-30,8.944751739501953,8.977344006568757,8.883188645122324,8.90853803268117,22770200
2011-03-31,8.951993942260742,8.991829088897667,8.8723243397059,8.930265994421969,22546600
2011-04-01,9.129439353942871,9.169274496250347,8.962857287418762,8.980963793530014,34867600
2011-04-04,9.18873119354248,9.199644425637073,9.075963903879934,9.170542473384824,19519600
2011-04-05,9.152356147766113,9.228747398965991,9.101429109518767,9.20328318601346,23545400
2011-04-06,9.032309532165527,9.181453533025197,8.981382515431562,9.166903254170592,29766800
2011-04-07,8.963196754455566,9.072327004070385,8.926820698412754,8.999573504327172,23306400
2011-04-08,8.977746963500977,9.105065230239614,8.95592119297767,9.017761454317652,24242400
2011-04-11,8.930461883544922,9.046867675792928,8.90499835499443,9.010490909079746,20890200
2011-04-12,8.843153953552246,8.915907453196676,8.795864664463524,8.850429442282449,33104400
2011-04-13,8.803143501281738,8.879534080516002,8.675825175395573,8.8649837913505,38766400
2011-04-14,8.821329116821289,8.879531645178544,8.664909561675344,8.737663069036346,28298000
2011-04-15,8.9086332321167,9.003212517581058,8.784952681419375,8.835880415948733,40155600
2011-04-18,8.715835571289062,8.839516102900172,8.675821771411671,8.755850064995242,34785600
2011-04-19,8.8358793258667,8.854067354207611,8.69401006825812,8.744937796504525,28552200
2011-04-20,9.046866416931152,9.061416705294299,8.926823589161865,8.96319965698424,34074600
2011-04-21,9.217832565307617,9.225108053460138,9.014123753838199,9.017761497914458,32310200
2011-04-25,9.199647903442383,9.217835936647054,9.12325663755898,9.188734667222183,17856800
2011-04-26,9.308773040771484,9.316048528107297,9.206918299556111,9.210556043224017,21182600
2011-04-27,9.3997163772583,9.417904405302927,9.272398099459522,9.337876110546254,21781000
2011-04-28,9.505209922790527,9.534311189267987,9.374254570556417,9.396080346957282,33400000
2011-04-29,9.534309387207031,9.545222620259237,9.425179832000149,9.468832070380175,45459200
2011-05-02,9.705286026000977,9.785314370723857,9.483388337403552,9.570692175418303,37194400
2011-05-03,9.679818153381348,9.792585473529408,9.581601119464207,9.712557164687063,29600000
2011-05-04,9.443368911743164,9.879888568848564,9.414267647524728,9.83987407036239,59334000
2011-05-05,9.297865867614746,9.454285478103591,9.23966331866482,9.38153263883074,40402400
2011-05-06,9.25421142578125,9.417905783626173,9.24329819106003,9.39608000801263,35721600
2011-05-09,9.19600772857666,9.29786179774076,9.152355489057182,9.257847996495782,27379200
2011-05-10,9.392439842224121,9.425178844120477,9.225107782601608,9.254209040528512,34246000
2011-05-11,9.279675483703613,9.348791253282826,9.148719434780672,9.334240272811861,38183400
2011-05-12,9.25421142578125,9.301500721915412,9.152356649869885,9.236022701245883,27800000
2011-05-13,9.141444206237793,9.28331349457526,9.083241670345638,9.257849971851062,27428000
2011-05-16,8.988659858703613,9.094152359107062,8.981385064126188,9.083239126497778,39440200
2011-05-17,9.10142993927002,9.108705429348314,8.92682234036448,8.952285861809589,41288600
2011-05-18,9.22874641418457,9.22874641418457,8.992297890229743,9.068689133278061,28944600
2011-05-19,9.232382774353027,9.26512177695024,9.115977740153488,9.246933750542336,24115400
2011-05-20,9.13780403137207,9.225107805368237,9.083238565524336,9.221470061389807,29387200
2011-05-23,8.930461883544922,9.032316691576009,8.857709043947674,9.014128655133975,32600000
2011-05-24,8.872252464294434,8.992295215814986,8.832238676339967,8.963193963744203,29422400
2011-05-25,8.8904447555542,8.941371793699975,8.795865474834288,8.872256032052952,27654800
2011-05-26,9.068690299987793,9.115979594565374,8.872256244445056,8.995936791898881,38942800
2011-05-27,9.054137229919434,9.134166209101503,9.025035972170148,9.065050461761183,28026000
2011-05-31,9.181459426879883,9.181459426879883,9.068692091510833,9.115981395430431,48551000
2011-06-01,8.8904447555542,9.155993874212685,8.868618287352703,9.130530355139797,34439000
2011-06-02,8.95956039428711,9.003212639642822,8.872256597404586,8.901357863032093,31082200
2011-06-03,8.814053535461426,8.923183795365597,8.748575518284694,8.84679254404979,40396400
2011-06-06,8.701284408569336,8.850428441530207,8.686733432754268,8.821327183728785,33630400
2011-06-07,8.737664222717285,8.883170562822405,8.704925209465012,8.730388732254788,53416200
2011-06-08,8.774039268493652,8.868617850728365,8.686734787643601,8.686734787643601,32830200
2011-06-09,8.843153953552246,8.864980419742851,8.752212425911107,8.810414948095133,30239600
2011-06-10,8.690375328063965,8.770404345618935,8.672187293435497,8.69765081944697,43533800
2011-06-13,8.624896049499512,8.70128731034678,8.573969004820633,8.694011820012955,35568600
2011-06-14,8.704925537109375,8.766765820710276,8.672186522624841,8.69401230100487,31192800
2011-06-15,8.533952713012695,8.657633247447269,8.508489196010661,8.635807474849639,35619200
2011-06-16,8.52668285369873,8.595797955903269,8.483030589406578,8.523045107188619,33920400
2011-06-17,8.603066444396973,8.639443186051338,8.555777165926346,8.635805442503036,39707600
2011-06-20,8.617623329162598,8.686738422498383,8.533956557824409,8.57033332442852,29196200
2011-06-21,8.748575210571289,8.763126188911588,8.581243122630864,8.639445648334389,29948400
2011-06-22,8.701284408569336,8.806776207913718,8.675820894721683,8.701284408569336,28057400
2011-06-23,8.624896049499512,8.643084775334074,8.49757843780231,8.63580928500025,38622000
2011-06-24,8.577604293823242,8.75221184886315,8.526677263727123,8.744937054441381,77577000
2011-06-27,8.828604698181152,8.897719767681464,8.559417828270858,8.603069378078542,37069000
2011-06-28,9.00684928894043,9.01048703342997,8.795864965348875,8.83951651156571,45875600
2011-06-29,9.0723295211792,9.148720092658145,9.01776472814724,9.025039525076911,40290200
2011-06-30,9.217832565307617,9.265121850641528,9.083238809800934,9.094152042029714,27756000
2011-07-01,9.401629447937012,9.42355368766051,9.197008089075718,9.24450921460291,23420400
2011-07-05,9.489326477050781,9.551443776539783,9.390670163575207,9.408939670568493,25987600
2011-07-06,9.313933372497559,9.518554704833992,9.292009832552848,9.500285204369527,35112400
2011-07-07,9.346819877624512,9.434514742284527,9.332204415316259,9.383359578800393,34033200
2011-07-08,9.32124137878418,9.361435115816752,9.193352785719716,9.259124101977827,45345200
2011-07-11,9.145851135253906,9.317586797886355,9.098349322078155,9.237200025429262,40783400
2011-07-12,8.996039390563965,9.211622139289055,8.996039390563965,9.175083139227118,42619600
2011-07-13,8.97776985168457,9.123927953456256,8.95950035031441,9.080080871393152,38392600
2011-07-14,8.926613807678223,9.0837340128988,8.901036229514267,9.017962699370491,45259600
2011-07-15,8.816997528076172,8.912000489331044,8.747572850069771,8.912000489331044,50715600
2011-07-18,8.747570991516113,8.824303734147618,8.634297852007498,8.795072113582739,43964600
2011-07-19,8.941229820251465,8.977769518572815,8.795071723902838,8.806033842480277,27871800
2011-07-20,8.802380561828613,8.974116252726894,8.791418442306105,8.926615128669697,31757000
2011-07-21,8.981423377990723,9.065464194588783,8.83526528457306,8.846226705993907,29824000
2011-07-22,9.080080032348633,9.0983495320306,8.930267904758939,8.977769022094096,25852200
2011-07-25,9.145851135253906,9.193352251492932,8.974114775684733,8.999692353423956,33478200
2011-07-26,9.22258472442627,9.273739884652464,9.098350166502549,9.142197944508421,34806000
2011-07-27,9.010653495788574,9.182389139831585,8.974113804286308,9.17508175908045,35563600
2011-07-28,8.831612586975098,8.988732822622852,8.816996426944204,8.977770702599683,42608600
2011-07-29,8.776803016662598,8.89372950431204,8.721993812694027,8.784111096374899,35776400
2011-08-01,8.71468448638916,8.886420153441234,8.612373475862562,8.824302878645932,30745400
2011-08-02,8.305439949035645,8.678143544308641,8.301785910226696,8.619680317238757,58125600
2011-08-03,8.32005786895752,8.444292427065362,8.166591691114702,8.385829187595412,71997800
2011-08-04,7.9656219482421875,8.221399087517382,7.9035046828145905,8.199475551759594,67271000
2011-08-05,7.994853496551514,8.228707098167249,7.7390770562929,8.082549032742808,63800800
2011-08-08,7.465033531188965,7.969279241137655,7.465033531188965,7.848698699827952,85553600
2011-08-09,7.567338943481445,7.62580285286588,7.011938425225751,7.578301057166615,104256400
2011-08-10,7.227523326873779,7.5198394515764475,7.205599094818618,7.329833622051406,96661600
2011-08-11,7.523494243621826,7.62580524598104,7.110596892079895,7.187330318083478,64376200
2011-08-12,7.541763782501221,7.596573671486044,7.432145398404952,7.501570746698823,39746400
2011-08-15,7.771965980529785,7.797543565631468,7.549074401323246,7.556382481905706,36581000
2011-08-16,7.753693580627441,7.808503472518419,7.625805691379761,7.70984650343873,32698200
2011-08-17,7.793887615203857,7.8852365092859165,7.669653063497315,7.7865795364124715,30575400
2011-08-18,7.410223484039307,7.647730499560337,7.3407981205391515,7.581959175921963,52298600
2011-08-19,7.293293476104736,7.519838981283545,7.289640134593973,7.3042555914467435,39880400
2011-08-22,7.227523326873779,7.4723383426634955,7.201945056142757,7.4723383426634955,34671200
2011-08-23,7.329833030700684,7.337141107462808,7.139827913441346,7.238484161983798,51145600
2011-08-24,7.5161871910095215,7.560034968556325,7.2750261568440555,7.3079118157699625,49268600
2011-08-25,7.3919501304626465,7.5965720937857455,7.362718520978853,7.534454836515616,39236000
2011-08-26,7.5161871910095215,7.560034968556325,7.150791600221024,7.388298594846192,44456400
2011-08-29,7.761003494262695,7.768311574501085,7.54907404590763,7.607537293940966,25659600
2011-08-30,7.790230751037598,7.856002042437614,7.67330432052046,7.728113497708306,28508200
2011-08-31,7.8596625328063965,8.00582069093965,7.7756216789969095,7.848700409595001,30865000
2011-09-01,7.899852752685547,8.016779226870886,7.82677335785133,7.8560049763976645,42646200
2011-09-02,7.673304557800293,7.804847144667985,7.618495378917594,7.764653421583629,32933200
2011-09-06,7.567338943481445,7.589263170851784,7.399257381927655,7.45041251858551,30325600
2011-09-07,7.815811634063721,7.837735871782712,7.611190293910711,7.6477299931722325,27122400
2011-09-08,7.826773643493652,7.918122541901871,7.764656364698593,7.782925865605522,44001000
2011-09-09,7.640421390533447,7.782925441260817,7.581958154494693,7.764655941349987,59768400
2011-09-12,7.724462509155273,7.739078667208435,7.48695551628559,7.527149253995011,40233000
2011-09-13,7.98023796081543,8.005815534898714,7.724460826109355,7.761000516344026,49164000
2011-09-14,8.031396865844727,8.15197741216771,7.888892773900367,8.038704946697502,53960800
2011-09-15,8.261592864990234,8.279862362071329,8.089856525906727,8.137358333416197,26817000
2011-09-16,8.382176399230957,8.389483782552892,8.206785957703532,8.309096990516457,47813000
2011-09-19,8.352946281433105,8.393139336230957,8.177555808277228,8.257943311746969,27496000
2011-09-20,8.301788330078125,8.550257466018621,8.294480947266873,8.400445315866882,37464200
2011-09-21,7.987547874450684,8.305441649616446,7.976585755779292,8.276210030096182,39359800
2011-09-22,7.680616855621338,7.819466898235296,7.541766116070474,7.771965769612256,55505800
2011-09-23,7.819465160369873,7.863312935992645,7.534457058100485,7.633113333612409,41640000
2011-09-26,8.002164840698242,8.027742425471715,7.764657800311394,7.856006715609175,32915600
2011-09-27,8.159280776977539,8.334670434447672,8.078894024871198,8.14831866203445,33006200
2011-09-28,8.038703918457031,8.360251768543094,8.00581825576294,8.181207992173519,40881200
2011-09-29,7.925431251525879,8.21409343105247,7.782926484755457,8.162938266894127,41003400
2011-09-30,7.644076824188232,7.870622427863052,7.629460664044172,7.815812524259698,44350400
2011-10-03,7.479854583740234,7.784779856221824,7.47250681796441,7.579046618827815,51998800
2011-10-04,7.777435779571533,7.792130617371975,7.244734420410011,7.336579434008767,65740400
2011-10-05,7.946430206298828,7.961125744706553,7.6708951676505475,7.810499979636573,41017800
2011-10-06,8.1154203414917,8.126441988435108,7.909687836931219,7.931730430096634,31233400
2011-10-07,8.104405403137207,8.218293746994986,8.034603683546678,8.152165212038078,37087600
2011-10-10,8.468108177185059,8.468108177185059,8.251353935014112,8.251353935014112,23469600
2011-10-11,8.442390441894531,8.53056153911413,8.383609710414799,8.446064325202213,26074800
2011-10-12,8.670166015625,8.750989343560395,8.435042396748416,8.512192542219012,38615400
2011-10-13,8.655470848083496,8.703230630799863,8.559951983372361,8.644449898780948,29918800
2011-10-14,8.795075416564941,8.828139665180423,8.626080290227858,8.710577503035609,28397000
2011-10-17,8.60404109954834,8.76936240811137,8.54526034555301,8.739972031113703,24600400
2011-10-18,8.736294746398926,8.831813609647677,8.449738156652671,8.618732583439364,35415200
2011-10-19,8.648123741149902,8.824465936371185,8.570973592789596,8.736294838760543,36657200
2011-10-20,8.659149169921875,8.76936362449214,8.46076427285053,8.673844710820026,30040400
2011-10-21,8.938355445861816,8.949377098212755,8.728948956246194,8.739970608597133,35150200
2011-10-24,9.063261032104492,9.099999157672682,8.901613700037332,8.931004060347592,30254000
2011-10-25,8.894268989562988,9.04489542619816,8.86487861915845,9.004483404121281,30045000
2011-10-26,9.111027717590332,9.180830144421419,8.875904638650313,8.953054836878787,51193800
2011-10-27,9.033873558044434,9.302060769149401,8.784055065231486,9.254301681157132,76213400
2011-10-28,8.762011528015137,9.011829994166325,8.618732877886302,8.945701494217879,75003200
2011-10-31,8.615063667297363,8.769363338078634,8.578325516973836,8.739972957964198,36324200
2011-11-01,8.442390441894531,8.54525707234486,8.291764729887516,8.424021726077711,56740600
2011-11-02,8.457088470458984,8.765687752143142,8.424024211655553,8.695885350144588,49482800
2011-11-03,8.567302703857422,8.607714733824132,8.368917840075602,8.515869720788402,41905800
2011-11-04,8.357892990112305,8.501170931426183,8.280743545011468,8.49014998253839,39524000
2011-11-07,8.32115650177002,8.38361112711127,8.17787853216668,8.335852037484061,33774000
2011-11-08,8.361570358276367,8.401982389632183,8.174206441156494,8.376265196491842,31353000
2011-11-09,7.939084529876709,8.1778814650988,7.891324722399114,8.17053369460656,63090000
2011-11-10,8.144817352294922,8.185229390042835,7.975822131394354,8.001539328602465,33358200
2011-11-11,8.273401260375977,8.357898527869057,8.20727272034764,8.277075146013333,35531000
2011-11-14,8.15950870513916,8.295439600820481,8.108075734151367,8.232984978597443,23863000
2011-11-15,8.192574501037598,8.244008182433614,8.086034655252192,8.115425030026284,24704800
2011-11-16,7.902346134185791,8.130121406637919,7.8766296389788035,8.09338395675476,37716600
2011-11-17,7.806823253631592,7.983165446011031,7.76273735517594,7.902342116350851,44674800
2011-11-18,7.872951984405518,7.898668467299874,7.744368869212129,7.810497368495677,33719800
2011-11-21,7.906020164489746,7.946431500247647,7.703960682812426,7.748046604492445,42446800
2011-11-22,7.858258247375488,7.891322504576033,7.740696755427667,7.861932131589078,36120200
2011-11-23,7.740698337554932,7.847238899359655,7.740698337554932,7.795805210578588,33662600
2011-11-25,7.714977264404297,7.81416999740551,7.678239137286644,7.689260785638387,11053400
2011-11-28,7.990511417388916,8.03827048765818,7.85825445245645,7.8986664585683535,34188400
2011-11-29,7.990511417388916,8.097051905967053,7.96846882347398,7.9868375349495215,38186000
2011-11-30,8.328505516052246,8.431372179280187,8.188901409484583,8.203596246676108,46046800
2011-12-01,8.291767120361328,8.39830766483443,8.251355093047835,8.33952691640851,24177400
2011-12-02,8.581995964050293,8.706905204677314,8.40197987037527,8.556279479342669,65875800
2011-12-05,8.504847526550293,8.776708663774867,8.442392893625607,8.776708663774867,42442800
2011-12-06,8.519542694091797,8.629756417656774,8.475456784232748,8.537911414445372,41006800
2011-12-07,8.497499465942383,8.570975749467234,8.35789536811129,8.482804629670476,28830600
2011-12-08,8.25502872467041,8.43871873305782,8.232986119866018,8.42035001250779,29275600
2011-12-09,8.332178115844727,8.409327575829133,8.291766093535728,8.306461629183257,27921800
2011-12-12,8.548933982849121,8.589345312100184,8.218292076014189,8.277072828308318,40357000
2011-12-13,8.519542694091797,8.699558816299534,8.479130668447814,8.640778070301977,36138600
2011-12-14,8.515867233276367,8.556279251438598,8.438717080486803,8.508519466206574,30746600
2011-12-15,8.556281089782715,8.65547316365012,8.541585552485744,8.552607205458472,32106000
2011-12-16,8.570976257324219,8.817120910779005,8.530564228918834,8.618735353940007,59425200
2011-12-19,8.401978492736816,8.596689388295243,8.343197064972559,8.581994556895333,26911600
2011-12-20,8.596692085266113,8.692210971857286,8.523216503772584,8.545259108148468,37670200
2011-12-21,8.666497230529785,8.692213727240594,8.552609587643923,8.62975907777635,27432400
2011-12-22,8.681188583374023,8.703231886602978,8.62975561061653,8.670167632481245,23889800
2011-12-23,8.758339881896973,8.787730255968231,8.684863596357927,8.728949507825712,18238600
2011-12-27,8.743644714355469,8.78038285867901,8.68486396372653,8.758340252373614,12234400
2011-12-28,8.618732452392578,8.750989445760142,8.58199502154299,8.721599080647525,15655600
2011-12-29,8.754663467407227,8.76568511726931,8.637102005098024,8.659144604100602,14163800
2011-12-30,8.752086639404297,8.807456795508385,8.733630390076788,8.759469420759613,11330800
2012-01-03,9.043696403503418,9.117522778217436,8.962487954566388,8.962487954566388,41645200
2012-01-04,9.128591537475586,9.135974311954625,8.99939580033289,9.047383130386523,34687800
2012-01-05,9.209806442260742,9.239336854693546,9.04000604272669,9.110141036277314,44687000
2012-01-06,9.1138277053833,9.239332069233583,9.073223145296383,9.19134473384719,19228000
2012-01-09,9.305778503417969,9.364840024403058,9.17289201736782,9.176583406433169,39423000
2012-01-10,9.3759126663208,9.48665221640035,9.35007364918703,9.427591404648755,38885200
2012-01-11,9.383291244506836,9.449734804007042,9.305773523736564,9.37221708323677,23534800
2012-01-12,9.412824630737305,9.460811270048639,9.34268966184198,9.390677005213636,22122800
2012-01-13,9.368528366088867,9.409132931590932,9.283628551003002,9.383293918657,20122400
2012-01-17,9.427589416503906,9.542019627133362,9.386984852964957,9.453428428188596,23967800
2012-01-18,9.494033813476562,9.534638383541171,9.342690402948953,9.423899543078171,29457200
2012-01-19,9.549399375915527,9.575238379409292,9.471881661374189,9.494029278074555,20073800
2012-01-20,9.62322998046875,9.637995535284823,9.505108358181786,9.553095003213214,30587600
2012-01-23,9.571551322937012,9.715511952709509,9.516181904106078,9.571551322937012,27095600
2012-01-24,9.545714378356934,9.560479231353058,9.44974036967033,9.527257432036137,20047000
2012-01-25,9.64168643951416,9.678598916578757,9.453429849431162,9.508799269088428,36182200
2012-01-26,9.71181869506836,9.896383858356183,9.656449286894057,9.72289285832731,37100200
2012-01-27,9.719202995300293,9.815176979753364,9.671216355103926,9.711820218636134,28733600
2012-01-30,9.73027515411377,9.804100793353033,9.538327224783348,9.671214361098285,36507400
2012-01-31,9.811485290527344,9.815176678746218,9.693363683764627,9.781954888836665,32184800
2012-02-01,9.911153793334961,10.029275437437875,9.807797002714642,9.863166435380316,32168200
2012-02-02,9.852089881896973,9.959137324274947,9.837324328983975,9.892693744287087,34668800
2012-02-03,10.02188777923584,10.03296194200143,9.92960520170317,9.955444210762687,27271400
2012-02-06,9.99974250793457,10.032964299979032,9.944373089213919,9.99974250793457,25879600
2012-02-07,9.99974250793457,10.021890134610759,9.877929505124994,9.966520715890107,24368800
2012-02-08,10.058801651000977,10.073567202382554,9.90745826964101,9.98497530221357,25437200
2012-02-09,10.136319160461426,10.151084712537685,10.00712410009553,10.066184900280017,27902000
2012-02-10,10.032964706420898,10.095716904595864,9.966521119640301,10.062495111205566,21410400
2012-02-13,10.117864608764648,10.1584691796736,10.06618657601536,10.110481831497495,16057000
2012-02-14,10.058801651000977,10.099406213240075,9.940680056189318,10.047727487464792,33453400
2012-02-15,10.52759838104248,10.723237027652718,10.446389248583609,10.697398014255919,70532200
2012-02-16,10.575586318969727,10.630955740774306,10.479612325946936,10.60142533554117,39917200
2012-02-17,10.767535209655762,10.804448395313562,10.483304595369292,10.520217781027092,47056400
2012-02-21,10.730621337890625,10.767534521188226,10.671560526238627,10.74538689283383,28840400
2012-02-22,10.808137893676758,10.811829282002869,10.638337550977306,10.693706967748309,42155200
2012-02-23,11.003778457641602,11.011161235576042,10.771226585190346,10.789682825965993,40036800
2012-02-24,10.774914741516113,11.044379718735449,10.723236015539898,11.044379718735449,32293400
2012-02-27,10.774914741516113,10.848740386530322,10.667866605764182,10.67155799362393,24301200
2012-02-28,10.841361999511719,10.848744073679907,10.719548974980599,10.778609792688991,27391800
2012-02-29,10.856124877929688,10.907802908012748,10.804446847846627,10.852433489486561,34100800
2012-03-01,10.87088680267334,10.941021047498758,10.811826015420293,10.856121253830018,26189600
2012-03-02,10.793373107910156,10.929951669447307,10.734312298613114,10.83766906691313,22269800
2012-03-05,10.741694450378418,10.785989702742013,10.634646299722435,10.771224853307595,26689200
2012-03-06,10.675250053405762,10.763841255435068,10.601423699684528,10.649411040821416,28928600
2012-03-07,10.793373107910156,10.822903512558677,10.630955530313097,10.690016339610139,25720400
2012-03-08,10.933638572692871,10.981625196538362,10.84873807810455,10.867195013475964,20373400
2012-03-09,11.014851570129395,11.022234347357108,10.955790760428464,11.003777404287824,18266600
2012-03-12,10.929951667785645,11.01854288171774,10.907803336257334,10.959482072429678,17551200
2012-03-13,11.088679313659668,11.092369998672238,10.944717956052767,11.011161551246648,22979000
2012-03-14,10.996395111083984,11.073912158242704,10.970555391304039,11.073912158242704,22330800
2012-03-15,11.000083923339844,11.033305710485026,10.859814702995942,10.992701851576667,22826200
2012-03-16,10.889347076416016,11.011160083345713,10.852433894666936,10.974246901596633,41784200
2012-03-19,11.022233009338379,11.066528259206763,10.804446035981302,10.83766782541274,19612200
2012-03-20,10.989013671875,11.051765876573967,10.870892040455875,10.966865337938568,20913400
2012-03-21,10.966864585876465,11.036999563744676,10.900421700804928,10.989012918294055,22079800
2012-03-22,11.033306121826172,11.036997509875508,10.90041967235146,10.911493132439189,24280600
2012-03-23,11.070218086242676,11.073909473887863,10.941022334901943,11.051761852076945,16772000
2012-03-26,11.203104972839355,11.21786981902727,11.05545299065927,11.107131008407253,27013400
2012-03-27,11.136663436889648,11.225254642362454,11.125589272182928,11.173576615185063,23676400
2012-03-28,11.044380187988281,11.14773694027188,11.00746701188269,11.092366824083356,27187000
2012-03-29,11.01115894317627,11.022233107772415,10.88934594885991,10.970554377050714,24489000
2012-03-30,11.077603340148926,11.092368189973108,10.974246575138203,11.070220563206654,19683400
2012-04-02,11.152944564819336,11.19005933151847,10.974794534149849,11.041600972627231,23701200
2012-04-03,11.008194923400879,11.11211610186133,10.926543023978098,11.075001344703661,25682000
2012-04-04,10.88200569152832,10.974792234884333,10.796642241538024,10.948812116009472,22310400
2012-04-05,10.971081733703613,10.974793280740169,10.79293172338029,10.833758032877174,22579000
2012-04-09,10.885717391967773,10.92283215141544,10.766950728059367,10.81148787307244,20943400
2012-04-10,10.633341789245605,10.844895075651637,10.592516175947958,10.83004959115397,24850600
2012-04-11,10.755818367004395,10.792933134316657,10.663031802676397,10.714992760075685,18232400
2012-04-12,11.01562213897705,11.049025362129498,10.74468551376754,10.781799576909922,28959800
2012-04-13,10.948816299438477,11.052737522550283,10.941393203236473,11.000776557041672,23159200
2012-04-16,11.049027442932129,11.075007575186644,10.945106206008559,10.978509435451652,18301600
2012-04-17,11.167789459228516,11.204904221622439,11.026753503712646,11.089848387410752,17595400
2012-04-18,11.082427978515625,11.14552287347074,11.060158692362991,11.112119652147129,18151600
2012-04-19,10.941391944885254,11.152945206974065,10.91912336674573,11.01933303023159,23189200
2012-04-20,10.930253982543945,11.045309086429281,10.919119343624045,10.967368029800129,28171200
2012-04-23,10.778090476989746,10.867165517141874,10.707572471404754,10.867165517141874,29745400
2012-04-24,10.893143653869629,10.948815455281514,10.81149101775386,10.830048756828063,23628400
2012-04-25,11.004487037658691,11.037890259422033,10.904277372368668,10.985930006859213,21968000
2012-04-26,11.22346019744873,11.26057495636573,10.952523660793384,10.956235207475599,36576800
2012-04-27,11.23830795288086,11.297691292275045,11.093560443690444,11.242019500081152,29201000
2012-04-30,11.264288902282715,11.305114508672425,11.197482463583723,11.212327945569445,17278000
2012-05-01,11.357073783874512,11.46099426610415,11.230884020105503,11.23830711395196,43653800
2012-05-02,11.290270805358887,11.342231062352694,10.963662363260754,11.193772679580814,56602800
2012-05-03,11.268001556396484,11.412748382523159,11.18634891978729,11.319961810307523,26913600
2012-05-04,10.930253982543945,11.204902038089143,10.922830889930678,11.145518712993159,32039600
2012-05-07,10.99706745147705,11.056451526377343,10.807783411622369,10.856032131840989,25335200
2012-05-08,10.911701202392578,11.008199326437591,10.807780690271331,10.952527522386152,31195000
2012-05-09,10.826338768005371,10.930259998069472,10.781800895719195,10.807781734164319,29782400
2012-05-10,10.99706745147705,11.030470683899777,10.88201226641298,10.91170394991034,23931000
2012-05-11,10.904274940490723,11.067579465146189,10.900564101482699,10.971081369118195,21585400
2012-05-14,10.72241497039795,10.88571951913577,10.696434846079377,10.83375927049863,28542400
2012-05-15,10.70757007598877,10.885720116438653,10.663032211923632,10.72241555874026,22761800
2012-05-16,10.70757007598877,10.837471412614644,10.692723885331946,10.72241555874026,22784600
2012-05-17,10.521997451782227,10.711282144427612,10.521997451782227,10.700147500893635,19608200
2012-05-18,10.496014595031738,10.625915196284149,10.458899834143113,10.570243408903803,33134800
2012-05-21,10.655610084533691,10.67045627653912,10.42549977169274,10.496017767907727,21016200
2012-05-22,10.740974426269531,10.807780875437992,10.622207720150223,10.655610236829046,23882600
2012-05-23,10.685303688049316,10.703860722268603,10.536844582673115,10.6630343974996,20400000
2012-05-24,10.737258911132812,10.826333907811858,10.648183914453766,10.69643260552382,25495200
2012-05-25,10.70757007598877,10.818913674293613,10.651898276836347,10.76324187514119,18658400
2012-05-29,10.844891548156738,10.867160829517882,10.703856305728758,10.752104999534197,19811200
2012-05-30,10.7446870803833,10.826339022269233,10.726129338200943,10.774378759969592,20599600
2012-05-31,10.729836463928223,10.830046106691306,10.659318488512884,10.74468265155469,26413800
2012-06-01,10.62591552734375,10.703856598428702,10.518283496109072,10.603646953278853,41326800
2012-06-04,10.7446870803833,10.781801148937054,10.629631202569124,10.651900493187954,42485600
2012-06-05,10.774374961853027,10.800355083844495,10.692722340845297,10.726125557092963,27511600
2012-06-06,11.045313835144043,11.049025383046384,10.778088757323962,10.811491272634266,26463800
2012-06-07,11.13809871673584,11.242019918496114,11.100983951256794,11.171501934876455,33768800
2012-06-08,11.234599113464355,11.256867694128077,11.067582988722897,11.071294536817753,30435800
2012-06-11,11.112117767333984,11.357074210221258,11.09727157908374,11.29397932596816,23740400
2012-06-12,11.301407814025879,11.308830203788338,11.1046999732568,11.182640375054294,49951600
2012-06-13,11.12696647644043,11.29769415133295,11.056449185505112,11.275424862495605,28050000
2012-06-14,11.39789867401123,11.423879500854953,11.156653802274977,11.17149998904282,30858200
2012-06-15,11.53893756866455,11.568629241891038,11.357075981664147,11.449862548985088,42027800
2012-06-18,11.56491756439209,11.657704130671169,11.494399575806499,11.5426489866986,24327400
2012-06-19,11.620591163635254,11.746780969965185,11.527804582975332,11.598322582490393,26773000
2012-06-20,11.576051712036133,11.646568989700087,11.464707412520697,11.613166478541277,30724400
2012-06-21,11.386767387390137,11.63172386273042,11.371921197172998,11.63172386273042,28524400
2012-06-22,11.442441940307617,11.486979813778726,11.34594380437478,11.412750260628705,36556000
2012-06-25,11.256863594055176,11.39418799192571,11.212325741044278,11.3867648984397,23200400
2012-06-26,11.349653244018555,11.390479561455946,11.197483325449634,11.271712864807554,20789200
2012-06-27,11.520381927490234,11.616879346182982,11.397902964268964,11.420172252803058,28032200
2012-06-28,11.520381927490234,11.538938960029899,11.342231158744559,11.442440833431736,24581000
2012-06-29,11.92818546295166,11.935647745550126,11.644625128991896,11.76775065693927,32279800
2012-07-02,12.036384582519531,12.125930541998034,11.928184341583428,11.976687750628777,23515800
2012-07-03,11.950571060180664,12.08862114709945,11.902067648762825,12.025192459515315,16062800
2012-07-05,11.734170913696289,11.961765547899258,11.726708631214324,11.90206799968596,19587800
2012-07-06,11.700591087341309,11.87221931065803,11.63716311097591,11.674473810892453,20746600
2012-07-09,11.667013168334961,11.760289575414756,11.644626318253202,11.73044115361492,21312600
2012-07-10,11.696857452392578,11.92445132123945,11.633429489550144,11.756554274874603,25600600
2012-07-11,11.838638305664062,11.868486719622469,11.667010103313809,11.67820281377176,28138600
2012-07-12,11.603583335876465,11.745363138945072,11.581197201000874,11.722977004069481,35502200
2012-07-13,11.890874862670898,11.902067574351435,11.603583402163759,11.614776113844295,20931000
2012-07-16,11.875950813293457,11.887144237101847,11.767750563048741,11.823716258805831,20002000
2012-07-17,12.062506675720215,12.088623958067673,11.842373567659676,11.894608132354593,26720000
2012-07-18,12.084891319274902,12.103546316413201,11.928186923728616,12.032656757973648,22596200
2012-07-19,12.081156730651855,12.230398079672252,12.01026577332895,12.081156730651855,22644000
2012-07-20,12.0065336227417,12.096078134656189,11.958029515205478,12.047575450404322,24765600
2012-07-23,11.704319953918457,11.861024293800606,11.674471542114347,11.808789039411707,28306800
2012-07-24,11.715513229370117,11.749092783226752,11.58492615455457,11.73043779181409,27283000
2012-07-25,11.700591087341309,11.77894291668788,11.603583552215262,11.771480634376088,17312600
2012-07-26,11.793867111206055,12.032654444550642,11.771480264973208,11.90952963683954,34995600
2012-07-27,12.047578811645508,12.073696086847576,11.842370327721977,11.898336019103892,30188000
2012-07-30,12.017733573913574,12.148321415479415,11.969230860429462,12.055044995768906,19392600
2012-07-31,12.144587516784668,12.211746641531015,12.006538837377168,12.017731550406568,39017400
2012-08-01,12.51768970489502,12.685587470782886,12.491572432788528,12.532614267037182,44311800
2012-08-02,12.730362892150879,12.857218855261292,12.454265540447878,12.495307384878444,47853000
2012-08-03,12.913186073303223,13.09227660478805,12.853489229474947,12.890799223135735,42909600
2012-08-06,13.036309242248535,13.081082939324949,12.83856372832494,12.924377846127348,24880200
2012-08-07,12.89079761505127,13.118392248531462,12.875873050134734,13.08854454198324,37383200
2012-08-08,12.875874519348145,12.928110502516454,12.730363553020386,12.87960637264553,26706800
2012-08-09,12.89079761505127,12.95422630430412,12.819908066624999,12.87960490300629,23464000
2012-08-10,12.957954406738281,12.96541668785638,12.797518920910672,12.879602589925149,15794400
2012-08-13,12.89079761505127,12.924377174471049,12.763941659830417,12.924377174471049,23133800
2012-08-14,12.819908142089844,13.013923217292334,12.808715429978982,12.987805940177081,24929000
2012-08-15,12.756478309631348,12.842292415791352,12.685588767138663,12.823637422849565,21220400
2012-08-16,12.737824440002441,12.831100836221891,12.707976733320342,12.816176271238414,20386200
2012-08-17,12.693052291870117,12.790059118637112,12.644548166844185,12.790059118637112,21207200
2012-08-20,12.648277282714844,12.726629097758236,12.584848606285982,12.63335272081575,16049000
2012-08-21,12.70051097869873,12.77513235993089,12.633351877918232,12.648276438821558,23927800
2012-08-22,12.674397468566895,12.741556589269862,12.648280190880726,12.663203332926473,22521000
2012-08-23,12.666937828063965,12.693055111197864,12.614703261796164,12.633358260708208,15388200
2012-08-24,12.666937828063965,12.741559246997332,12.558736841774843,12.629626406954689,28076800
2012-08-27,12.674397468566895,12.71916974127391,12.625893342884774,12.663203332926473,17535600
2012-08-28,12.666937828063965,12.707979679641575,12.596046839598934,12.648282829151919,20083600
2012-08-29,12.666937828063965,12.745289677465665,12.640820544930063,12.681862396507675,13893400
2012-08-30,12.547539710998535,12.648278377610993,12.506497873865532,12.603504688037889,19728800
2012-08-31,12.510228157043457,12.648278230022642,12.480380454294353,12.614698674876985,24245400
2012-09-04,12.510228157043457,12.577387267334773,12.472918172785912,12.487842735802797,23690400
2012-09-05,12.577390670776367,12.596045667953181,12.469189694551769,12.495308398541372,25761000
2012-09-06,12.928109169006348,12.931839598633935,12.648279978536817,12.674397255784516,27559000
2012-09-07,12.857219696044922,12.961690240504897,12.849757412634563,12.931841106863466,20046800
2012-09-10,12.749014854431152,12.890795349652361,12.74528442550002,12.890795349652361,19227600
2012-09-11,12.78632640838623,12.868410078668655,12.69678045687044,12.730360010778284,14032200
2012-09-12,12.905719757080078,12.92810660025203,12.827367940905116,12.838560650848802,26434400
2012-09-13,13.15196704864502,13.174353887918691,12.860945254508968,12.872137962503636,23728200
2012-09-14,13.170625686645508,13.226592088698643,13.073618869476094,13.133315700799901,25266200
2012-09-17,13.08108139038086,13.211667766511892,13.013922276003541,13.181820061946835,21152200
2012-09-18,13.002725601196289,13.081078834852523,12.954222912842997,13.025112442710139,17405200
2012-09-19,13.20047664642334,13.226593924797777,12.954227005117982,12.984074713280943,34098000
2012-09-20,13.413146018981934,13.420608301450288,13.129584978323864,13.15570225532068,29453800
2012-09-21,13.513884544372559,13.633278215944749,13.413145867117619,13.48030498528758,48380200
2012-09-24,13.592231750488281,13.63327357799497,13.442989000152027,13.491493107503963,20508200
2012-09-25,13.379568099975586,13.76759829619701,13.36837538654315,13.681782748931578,34472400
2012-09-26,13.103466033935547,13.424337022820305,13.081080612663836,13.398219749146863,27831800
2012-09-27,13.353447914123535,13.383295617876977,13.16316328746708,13.196742843742648,25459600
2012-09-28,13.334793090820312,13.409413062794513,13.271364406700563,13.338523520105129,20652000
2012-10-01,13.260955810546875,13.553311068666357,13.227222401548024,13.474600257604317,22775200
2012-10-02,13.433370590209961,13.519577874620815,13.290940479971834,13.290940479971834,25417400
2012-10-03,13.568303108215332,13.669503328466293,13.4521099450074,13.467102887964373,20782800
2012-10-04,13.680743217468262,13.755706479963395,13.58703949680067,13.65825380977813,18733800
2012-10-05,13.6957426071167,13.860660718444121,13.665756716072085,13.763209432161094,16851800
2012-10-08,13.572051048278809,13.66950375070361,13.557058104858719,13.62452492044334,20438200
2012-10-09,13.238466262817383,13.553310933736954,13.227222269864983,13.512081053170395,24560800
2012-10-10,13.178494453430176,13.283442188809722,13.096034701457299,13.283442188809722,33420600
2012-10-11,13.167252540588379,13.328423119541718,13.156007117303943,13.257207348028544,28032800
2012-10-12,13.410881996154785,13.444615407758212,13.178497066112259,13.22722342282964,24005600
2012-10-15,13.654508590698242,13.691989513358275,13.40338183349828,13.42962019512696,23607600
2012-10-16,13.744462966918945,13.834419180346815,13.673248644067447,13.710730995414687,19486600
2012-10-17,13.913128852844238,13.950611201172489,13.744461859880591,13.800684667470271,20246200
2012-10-18,13.97685432434082,14.093046081138606,13.826927724194357,13.90563854585854,27997000
2012-10-19,13.849413871765137,14.055561825917454,13.725724241390333,13.946865137976994,29551400
2012-10-22,13.879396438598633,13.931870300174316,13.755708254856739,13.815678586629732,21086200
2012-10-23,13.654508590698242,13.751959847497652,13.519574981433253,13.703234934000722,28083800
2012-10-24,13.650760650634766,13.811931203648676,13.617028675628076,13.721976410686192,25443200
2012-10-25,13.628274917602539,13.830675379897047,13.56830456912334,13.748215614560937,21783200
2012-10-26,14.078052520751953,14.160510852033646,13.729474441362154,13.729474441362154,47384200
2012-10-31,14.066805839538574,14.186746519586958,13.913131753863727,14.093042773936302,32405000
2012-11-01,14.074301719665527,14.224228278332138,14.003087390691983,14.115531594789127,24153600
2012-11-02,14.096790313720703,14.227974972581073,14.081797372763647,14.164257118221906,28295800
2012-11-05,14.02932071685791,14.051810123817257,13.76320250196265,14.01058025929442,26431400
2012-11-06,13.931870460510254,14.05556007548113,13.931870460510254,14.021826674107757,27263400
2012-11-07,13.710732460021973,13.841917129236952,13.508332030542583,13.800687253253484,34788400
2012-11-08,13.568303108215332,13.804436955467573,13.564554157573221,13.650761434867208,23182200
2012-11-09,13.538314819335938,13.609530570838343,13.437114617047376,13.49333742825396,24235200
2012-11-12,13.557052612304688,13.583290967562432,13.433364453714875,13.534564636091195,16493400
2012-11-13,13.534568786621094,13.714479800526806,13.399635168740401,13.530819836232386,25077800
2012-11-14,13.268450736999512,13.575798903275041,13.234717331929971,13.572049952819722,27147200
2012-11-15,13.170998573303223,13.380895483285428,13.103531760444861,13.268451271790067,23212400
2012-11-16,13.287185668945312,13.33216304704723,13.099778258748072,13.18223654696741,31911000
2012-11-19,13.497087478637695,13.50458395019092,13.305932458350568,13.418376672037452,21389000
2012-11-20,13.703238487243652,13.725726474748575,13.455860616048064,13.478348603552986,22119200
2012-11-21,13.677000045776367,13.736970388876433,13.59079133712712,13.736970388876433,11961800
2012-11-23,13.834421157836914,13.834421157836914,13.70323648388382,13.778198337682326,7324200
2012-11-26,13.729469299316406,13.804432560428818,13.691986953857558,13.751957276786433,14208200
2012-11-27,13.60203742980957,13.736971065886198,13.587044485844205,13.658258824970943,17178200
2012-11-28,13.74071979522705,13.759460261928734,13.455860983865987,13.590793202001676,26547800
2012-11-29,13.815680503845215,13.830673446320422,13.65450994675097,13.755710163750079,22985600
2012-11-30,13.943120002746582,13.969356941592618,13.778200467364721,13.819430351210187,23400200
2012-12-03,13.898138046264648,14.021826227490354,13.860655696040599,14.006833287400735,16825000
2012-12-04,13.943120002746582,13.961860469092903,13.85691271370876,13.890646125054511,20603200
2012-12-05,13.8231782913208,13.976852391810233,13.755711473563895,13.94311898293178,22759000
2012-12-06,13.92062759399414,13.954360998091284,13.796939398841698,13.838167844022095,16524400
2012-12-07,13.879396438598633,13.9918420617528,13.80068564623511,13.961856180963558,23660400
2012-12-10,13.961860656738281,14.070557364736116,13.830675960745001,13.84941642734319,18474200
2012-12-11,14.018081665039062,14.074303057529066,13.954362371116806,14.044318600828884,23422400
2012-12-12,14.025581359863281,14.153018560179472,13.988100419102265,14.07056020454399,19773200
2012-12-13,13.845666885375977,14.078053236657164,13.748215605339848,14.025577930692906,21327000
2012-12-14,13.6957426071167,13.830676257205491,13.654512721833347,13.811934360399617,24665400
2012-12-17,14.070552825927734,14.081796816298429,13.688241425463758,13.763204697481193,30059800
2012-12-18,14.261713027954102,14.299195392575989,13.973105254492628,14.134275847851711,27629800
2012-12-19,14.246715545654297,14.314182350684845,14.201738152235786,14.265457436900439,27300800
2012-12-20,14.276703834533691,14.325430186337819,14.18674760272652,14.26171089093153,23073600
2012-12-21,13.954361915588379,14.115532475782157,13.871902160194617,14.10428848361236,52317600
2012-12-24,14.00308609008789,14.040567011370507,13.905633407064293,13.909382357075852,6787200
2012-12-26,13.980598449707031,14.01808080554129,13.830673315787026,13.969354457859591,17323000
2012-12-27,13.864405632019043,14.003086763197537,13.6395158040967,13.991842772233367,26906400
2012-12-28,13.756361961364746,13.925775568994265,13.748832308121822,13.805302553241987,15174800
2012-12-31,14.065062522888184,14.08012182076488,13.66599974595786,13.703647990649602,26815200
2013-01-02,14.50178050994873,14.520603925133056,14.324837247720108,14.324837247720108,35246400
2013-01-03,14.339890480041504,14.524363317429323,14.298478122497263,14.49048060999621,22807600
2013-01-04,14.332365036010742,14.415189775405574,14.268365145485161,14.381307058028993,19035000
2013-01-07,14.2683687210083,14.321074864327478,14.174250197614143,14.249543867421714,19034000
2013-01-08,14.366242408752441,14.366242408752441,14.008591955307445,14.20059442772269,33510400
2013-01-09,14.464129447937012,14.513071466864767,14.351187542525015,14.40012956145277,19628000
2013-01-10,14.494248390197754,14.592130994180526,14.400129894157509,14.55072006227561,20995600
2013-01-11,14.479188919067383,14.524366830662021,14.411423487809685,14.452835855370974,13955600
2013-01-14,14.652374267578125,14.65613981358067,14.482962036973923,14.494255802711534,17253800
2013-01-15,14.757781028747559,14.765310681053842,14.573308137579444,14.633543919895379,24884200
2013-01-16,14.750252723693848,14.791665097093746,14.674957629888072,14.705076241864168,17708800
2013-01-17,15.040135383605957,15.07401809833979,14.765309557935637,14.810486032202673,22206600
2013-01-18,15.160608291625977,15.16437239976145,14.961077529355753,15.028841528734752,23543400
2013-01-22,14.9874267578125,15.153074759918908,14.90836614586414,15.126721701314116,27084600
2013-01-23,15.058961868286133,15.104138351773328,14.9836667717178,15.017549493366824,19079800
2013-01-24,14.900839805603027,15.153076665725361,14.897074261823615,15.141782906655456,25238600
2013-01-25,14.968609809875488,15.02884560933865,14.87072717429838,15.02884560933865,20791000
2013-01-28,14.89707088470459,15.025072057638,14.874481935551456,15.021307950846063,19535000
2013-01-29,14.723894119262695,14.904601414759686,14.663658354097032,14.904601414759686,29795800
2013-01-30,14.693779945373535,14.810487403850782,14.629780053912512,14.787898446558115,30076200
2013-01-31,14.336126327514648,14.65612855748453,14.264595369753117,14.49424467094431,50031400
2013-02-01,14.531888961791992,14.539418610571682,14.354947241937095,14.456595346262416,30707200
2013-02-04,14.377541542053223,14.498013107154614,14.234482456079284,14.475425586282064,32342600
2013-02-05,14.77283763885498,14.859426470382294,14.3888340580812,14.486716647940836,32715000
2013-02-06,14.580836296081543,14.738956106045485,14.531894279171969,14.727660910676084,22999600
2013-02-07,14.539421081542969,14.58459898189908,14.336126274476081,14.558244488624396,26062600
2013-02-08,14.58836555480957,14.637307570401331,14.513070477622433,14.565776600813185,30787000
2013-02-11,14.546956062316895,14.595898087570477,14.452837556286237,14.580838781933307,14686400
2013-02-12,14.671189308166504,14.693776824527399,14.422716575258303,14.531892921982081,34855600
2013-02-13,15.107897758483887,15.811903537687222,14.998719984622952,15.762961529381641,114136600
2013-02-14,15.186957359313965,15.314958544241607,15.021309358403945,15.205780767305153,43627400
2013-02-15,15.525787353515625,15.53331556921391,15.160607138376331,15.160607138376331,39906000
2013-02-19,15.604841232299805,15.650017691784496,15.510722770628677,15.537075825005893,34180800
2013-02-20,15.416608810424805,15.71025803701802,15.405313615155253,15.631198850802027,31255800
2013-02-21,15.089077949523926,15.371433437176984,15.043900037482757,15.330021069206385,26115800
2013-02-22,15.025081634521484,15.09284708904028,14.91966934355214,14.991198907262088,28505600
2013-02-25,14.836836814880371,15.17942801736438,14.806719648709228,15.081545432140663,36091200
2013-02-26,14.942253112792969,14.97237172328598,14.851900153582717,14.878253219696907,25640200
2013-02-27,15.115426063537598,15.18319147327351,14.851894074135025,14.97236559452469,18656200
2013-02-28,14.97989273071289,15.202012328438808,14.97989273071289,15.085304934334152,24696600
2013-03-01,15.070247650146484,15.081542842138154,14.855657672043572,14.953541676591351,24473600
2013-03-04,15.20201587677002,15.23966269081238,14.91966046305062,15.010013391205845,19551400
2013-03-05,15.416608810424805,15.45049152396511,15.296137259200194,15.322490321272191,24707800
2013-03-06,15.378959655761719,15.552138757159955,15.330019078274518,15.491902985062248,15663800
2013-03-07,15.29236888885498,15.4316652610708,15.288604781883645,15.371429496592087,13348200
2013-03-08,15.435434341430664,15.499434233501853,15.235903576580046,15.382728210046302,22782600
2013-03-11,15.484374046325684,15.488138153946277,15.33001978346652,15.371432147963834,16923800
2013-03-12,15.330018043518066,15.461783337295913,15.250957431117369,15.461783337295913,28815200
2013-03-13,15.281079292297363,15.36766813755218,15.183196686919748,15.35637437742938,17323800
2013-03-14,15.495670318603516,15.525788928989904,15.269786485243147,15.356375335902435,28377200
2013-03-15,15.326255798339844,15.525787989742819,15.281079321627642,15.386491579334216,35299600
2013-03-18,15.198250770568848,15.247192779137904,15.00248417242656,15.15307430519261,26053800
2013-03-19,15.107897758483887,15.224603746422051,14.882012560550853,15.190721038538793,32476200
2013-03-20,15.427902221679688,15.469314585754507,15.22837148873826,15.250959006499695,25300200
2013-03-21,15.209547996520996,15.397784969566384,15.119193617560192,15.348842954457027,24035800
2013-03-22,15.518259048461914,15.522023156637731,15.25096141167912,15.29990343477095,19189800
2013-03-25,15.70649242401123,15.744139241610464,15.537078872546605,15.593549098945456,43688200
2013-03-26,15.612369537353516,15.81190019935403,15.552133784515606,15.78178160486826,25929800
2013-03-27,15.717789649963379,15.721553758100184,15.491905822261957,15.544611952983333,22330400
2013-03-28,15.804380416870117,15.815674178785777,15.63120269886887,15.687672944581697,27182000
2013-04-01,15.651192665100098,15.908389753401616,15.537723700928524,15.681450382222309,20077600
2013-04-02,15.999163627624512,16.02185799657202,15.670103213484179,15.677668003133348,29034800
2013-04-03,15.817612648010254,16.116415339654736,15.715490154302541,15.991598477511069,25813800
2013-04-04,15.931075096130371,15.99915673078851,15.74574287954414,15.802476613202273,15531800
2013-04-05,15.71927547454834,15.749533193869492,15.480989622485605,15.654975476381962,27949600
2013-04-08,15.745750427246094,15.776008144467328,15.609587092660124,15.734402520806485,19046400
2013-04-09,15.61336898803711,15.81761399281736,15.477205651516941,15.745750650914465,23151600
2013-04-10,15.741963386535645,15.802480248728141,15.583107164343769,15.613364874022114,26478200
2013-04-11,15.813833236694336,15.870567001645314,15.753316355044866,15.810050119995843,26442400
2013-04-12,15.885692596435547,15.931079885574166,15.798699691071565,15.836522191547763,33938400
2013-04-15,15.564199447631836,15.836524667882564,15.545286751600479,15.836524667882564,27089000
2013-04-16,15.662543296813965,15.745754566007678,15.598244729045401,15.68901934740532,32861800
2013-04-17,15.363738059997559,15.613370385007752,15.32969722282179,15.552853501454866,36055600
2013-04-18,15.125454902648926,15.416691437059058,15.110325319791237,15.401563297037802,32357600
2013-04-19,15.341047286987305,15.3599585452242,15.000638867377118,15.076285343161217,29289800
2013-04-22,15.306999206542969,15.363732954424995,15.22378797824633,15.31456399482774,27501600
2013-04-23,15.469643592834473,15.480990057544238,15.235139408033065,15.424254848322796,23914000
2013-04-24,15.382645606994629,15.613366620802136,15.333476642911954,15.526373711845135,22903000
2013-04-25,15.412912368774414,15.515034906076021,15.359960262655807,15.409130693838806,24018600
2013-04-26,15.647409439086914,15.707926315743613,15.371301099163457,15.431817975820158,27520000
2013-04-29,15.692793846130371,15.768438838939536,15.613364295143544,15.741962802889178,16754000
2013-04-30,15.620929718017578,15.764657807302216,15.556631182948758,15.757093019146623,17755600
2013-05-01,15.832738876342773,16.063459856688812,15.757092440401093,15.87812616077348,26820400
2013-05-02,15.9273099899292,15.961350842663261,15.753324050549312,15.776016990480704,15547000
2013-05-03,16.089942932128906,16.169371075341076,15.938649994055487,15.938649994055487,15546600
2013-05-06,16.180715560913086,16.203409931698246,16.014294503663876,16.059681802397986,14482000
2013-05-07,16.282838821411133,16.35848528470535,16.199629010340146,16.252581101795215,18318000
2013-05-08,16.369827270507812,16.400086424681266,16.229882289545305,16.24122875094241,14363400
2013-05-09,16.24879264831543,16.373609488181472,16.169364537220204,16.328220759410655,15657600
2013-05-10,16.294187545776367,16.400091733996778,16.229887543759435,16.297969219854373,12767600
2013-05-13,16.33578872680664,16.33957184302505,16.101286020528434,16.29418454825677,19774400
2013-05-14,16.38874053955078,16.505991159006005,16.27905326606898,16.369827846109416,19843000
2013-05-15,16.540040969848633,16.543824087725827,16.252586053160734,16.43413675467468,15800000
2013-05-16,16.214765548706055,16.540044499394885,16.169378224351366,16.453051526532967,17765200
2013-05-17,16.127758026123047,16.335784638150113,15.94998912208965,16.328219850442764,29333000
2013-05-20,15.704144477844238,16.097504893414218,15.624716348595339,16.063464060473812,38054400
2013-05-21,15.972686767578125,16.040768428099238,15.711708030804546,15.738184071803198,25555600
2013-05-22,15.802484512329102,16.12776327543927,15.711709915966752,15.863001390849398,23459200
2013-05-23,15.817612648010254,15.836523900288853,15.647408491830733,15.730619733259845,21527000
2013-05-24,15.866783142089844,15.866783142089842,15.632280438356075,15.66631982693588,15468600
2013-05-28,15.817612648010254,16.067244929461527,15.704143691502594,15.980252014711121,16052600
2013-05-29,15.428035736083984,15.806266562016893,15.420470946424993,15.794918656110358,34549800
2013-05-30,15.488557815551758,15.602026812896415,15.46964655646708,15.477209905831685,14780600
2013-05-31,15.193533897399902,15.465860595223337,15.185970549425978,15.465860595223337,29007200
2013-06-03,15.303211212158203,15.303211212158205,14.943891818783499,15.223783124744376,23324000
2013-06-04,15.477206230163574,15.549071017589466,15.246486615585354,15.325914750579638,26716800
2013-06-05,15.201092720031738,15.496113674456216,15.151923763324117,15.492330559118246,26948600
2013-06-06,15.220006942749023,15.257829442920583,14.981721151727692,15.227570288514618,22329800
2013-06-07,15.575546264648438,15.613368771897706,15.254050624521168,15.325913965429242,24826200
2013-06-10,15.382645606994629,15.58689058080809,15.318347064962223,15.575544118763776,20579800
2013-06-11,15.189750671386719,15.348608376497735,15.102757750211994,15.307002752710655,19922800
2013-06-12,14.947683334350586,15.276743769178644,14.849342505564886,15.265397305409596,23780000
2013-06-13,15.03467082977295,15.091406013812017,14.716956973392621,14.902290657462673,24529000
2013-06-14,15.030898094177246,15.083850194584251,14.803958665928842,14.981727668297948,23925200
2013-06-17,15.159497261047363,15.348612737201128,15.01576909517626,15.193536661631924,19701800
2013-06-18,15.276741981506348,15.39777572366687,15.189749069505723,15.212443437224328,19207400
2013-06-19,15.208662986755371,15.43938404907279,15.178405267330085,15.322131959563666,23001000
2013-06-20,14.716964721679688,15.049808328086273,14.656447833499984,15.049808328086273,30334400
2013-06-21,15.042240142822266,15.061151395579765,14.709396611513094,14.83421347681757,46303000
2013-06-24,15.046026229858398,15.129237497804006,14.87582346227732,14.890951603219367,33677800
2013-06-25,15.193533897399902,15.254052223881837,15.011983246463053,15.140581804564528,27098600
2013-06-26,15.201092720031738,15.367515166844457,15.167051896168749,15.314563094798865,22123000
2013-06-27,15.242700576782227,15.458292012056322,15.227570998873459,15.337258274458092,26124200
2013-06-28,15.791144371032715,15.881920446576652,15.167062639114677,15.167062639114677,97296400
2013-07-01,15.451034545898438,15.933642047616425,15.439634836675854,15.918441468915,28941600
2013-07-02,15.485230445861816,15.663833567639099,15.299027037029488,15.36742817091838,24751800
2013-07-03,15.637235641479492,15.686635340363184,15.356030776541678,15.359830195837826,13143800
2013-07-05,15.846245765686035,15.929846075028967,15.671443405705684,15.869045191139827,15595200
2013-07-08,16.116043090820312,16.154043084306522,15.899439938813885,15.941240801412814,23803200
2013-07-09,16.214847564697266,16.3706513417621,16.203447854027022,16.290849018248924,22541400
2013-07-10,16.306041717529297,16.351641987777025,16.142639178734612,16.230040300712115,17732000
2013-07-11,16.895057678222656,16.96725970864696,16.442851293848808,16.515051874666014,45031400
2013-07-12,16.978652954101562,16.98625324123167,16.75444955738636,16.883651539385063,21933400
2013-07-15,16.777252197265625,16.959654758904282,16.735451338422177,16.933054475932398,17892000
2013-07-16,16.716449737548828,16.8494511396317,16.625247740687314,16.781050004387204,17179800
2013-07-17,16.67085075378418,16.811453915784174,16.594849318844933,16.77725334254185,15149600
2013-07-18,16.849454879760742,16.959656894295065,16.735453445583495,16.739252865226423,19772000
2013-07-19,16.936853408813477,16.959654271966173,16.769651427847013,16.90265283888776,20092400
2013-07-22,17.07366180419922,17.271265006816222,16.914058604174755,17.202863842463906,20483400
2013-07-23,17.153459548950195,17.256061276754146,17.024257534264507,17.081258977357898,23682000
2013-07-24,17.08505630493164,17.33966088340243,16.963454594189596,17.153457448424884,19652000
2013-07-25,16.78485107421875,17.028055939903307,16.70885109389945,16.98245421218368,20787000
2013-07-26,16.617656707763672,16.682258460184975,16.49605494396667,16.648057873516606,27925600
2013-07-29,16.492250442504883,16.591051301550927,16.46565015546914,16.526451018637538,15990000
2013-07-30,16.230043411254883,16.530248267934482,16.21104341581079,16.45044741730524,26903400
2013-07-31,17.130659103393555,17.24845995262723,16.693651931520666,16.815253649856164,54094800
2013-08-01,17.419462203979492,17.60566564397789,17.362460766329207,17.392861919637834,28002400
2013-08-02,17.37386703491211,17.438467330287803,17.24846441503148,17.438467330287803,23239800
2013-08-05,17.33966064453125,17.465061772803512,17.305460073255773,17.305460073255773,15492400
2013-08-06,17.09645652770996,17.339659935904596,16.990053949419814,17.263658508442106,22526000
2013-08-07,17.168663024902344,17.21806418728109,16.95966011429448,17.012860697037517,18990200
2013-08-08,17.07745361328125,17.377658428626965,17.05465420173018,17.30545787603769,14754800
2013-08-09,16.955856323242188,17.13825891105501,16.925456616743507,17.016657185846462,12401400
2013-08-12,17.01665496826172,17.050855539620088,16.822852696968774,16.86465355636308,10171400
2013-08-13,17.04325294494629,17.10025437269789,16.84565128118219,16.97105239278658,13833600
2013-08-14,16.667049407958984,17.024254226398376,16.640449126245766,17.020454807413614,23288000
2013-08-15,16.34404754638672,16.60625245570011,16.195845527874095,16.602451586216365,24199200
2013-08-16,16.16544532775879,16.309846472390277,16.08184359694598,16.29844676350014,20840600
2013-08-19,16.03244400024414,16.249047187845107,16.005843710511186,16.180647478251128,13052800
2013-08-20,16.22244644165039,16.275648469226393,16.01724441942822,16.11604528571245,14121400
2013-08-21,15.895638465881348,16.138841871832042,15.701834755159819,16.135041003210326,28185000
2013-08-22,15.967840194702148,16.024840181747056,15.910838758050492,15.945039330120135,11381400
2013-08-23,15.907037734985352,16.01723972827756,15.777835747927117,15.960238297372872,15776400
2013-08-26,15.747438430786133,15.994442758679567,15.69043843561554,15.941242183344231,20618600
2013-08-27,15.88424301147461,16.032445049574413,15.603039516005026,15.64483893860184,23324000
2013-08-28,15.929840087890625,16.04004210152322,15.751238373996868,15.872840096071844,25488600
2013-08-29,16.12744140625,16.230043119330734,15.853838287641418,15.891838277846116,19557600
2013-08-30,15.994443893432617,16.176846500211894,15.941243314322875,16.176846500211894,19866800
2013-09-03,16.24144172668457,16.401043400019933,16.131239742939783,16.192040587487515,18807400
2013-09-04,16.3630428314209,16.431443960295155,16.1844397227374,16.29464170254664,19782800
2013-09-05,16.16544532775879,16.416249070590286,16.08184359694598,16.332647339777477,20721200
2013-09-06,16.142642974853516,16.290844975214792,16.00964155135155,16.26044527110297,21006400
2013-09-09,16.074243545532227,16.22624643114762,15.994442682907273,16.173045856064316,22559800
2013-09-10,16.27944564819336,16.27944564819336,16.116043067150354,16.131243644365245,21793800
2013-09-11,16.644250869750977,16.67845144381677,16.237644850083694,16.237644850083694,21005600
2013-09-12,16.52644920349121,16.6936511964383,16.496048050442596,16.663250043389684,14165200
2013-09-13,16.708852767944336,16.769653628055384,16.545450184594618,16.587251047722244,14228200
2013-09-16,16.879854202270508,16.982455925581323,16.807653633840015,16.944455931587772,17037400
2013-09-17,16.891252517700195,17.0128542175447,16.87225252390073,16.936852792740233,14553600
2013-09-18,16.822856903076172,16.925458642804113,16.663253713630347,16.91025806293173,25128400
2013-09-19,16.87605857849121,17.016660327419846,16.807657414232487,16.914058581031757,15730600
2013-09-20,16.872251510620117,17.031853188478504,16.845651230977055,16.898851790263183,26830800
2013-09-23,16.697446823120117,16.84944965462385,16.606246283903022,16.750648828870926,15529400
2013-09-24,16.60244369506836,16.853247326330425,16.572044001682258,16.765846214636735,21769400
2013-09-25,16.43524169921875,16.663244472428985,16.416241709718943,16.640445064871727,19228400
2013-09-26,16.758256912231445,16.76965807312904,16.47705340328281,16.507453116592853,18696400
2013-09-27,17.001453399658203,17.050853090385814,16.69744772031575,16.7278488680926,21498200
2013-09-30,17.22091293334961,17.293431009104008,16.881227597297013,16.881227597297013,36443600
2013-10-01,17.407939910888672,17.46518944187044,17.190388490061178,17.232372353019652,25484800
2013-10-02,17.346866607666016,17.346866607666016,17.21328150503472,17.28961564140224,18978000
2013-10-03,17.178926467895508,17.28961086223558,17.030075743897825,17.232361367749167,19189400
2013-10-04,17.41938591003418,17.499536110343183,17.079700479812697,17.140767507089,23118400
2013-10-07,17.21327781677246,17.51479679004426,17.194194650757638,17.224728881143147,16004000
2013-10-08,17.030080795288086,17.224732919754363,17.00718157308211,17.19419868220962,20546200
2013-10-09,16.91939926147461,17.24000004721588,16.827797997010887,17.11404994652505,19890000
2013-10-10,17.30869483947754,17.33541156268229,17.030076543233555,17.091143547123302,17469800
2013-10-11,17.579689025878906,17.644572110028363,17.220918940972414,17.2361860628733,19088000
2013-10-14,17.732349395751953,17.766699679497282,17.48808135843064,17.537698758496642,16153400
2013-10-15,17.70563507080078,17.888836123631236,17.575867476385138,17.728535748386793,19912200
2013-10-16,17.930822372436523,17.988073346092047,17.73235417463751,17.835405053645808,30406000
2013-10-17,18.117843627929688,18.129293241967037,17.85449085744701,17.896474716854566,19337800
2013-10-18,17.953718185424805,18.125469603872894,17.91936790173519,18.045317971295553,19960200
2013-10-21,17.972806930541992,17.97662298282408,17.87357355572697,17.904106341842052,14038400
2013-10-22,18.07585334777832,18.17890420536852,18.01860238602184,18.09493651637967,19499400
2013-10-23,17.923189163208008,18.178908339670283,17.862122136224187,17.988073698351748,17411600
2013-10-24,18.22852325439453,18.31630846561307,17.942271308807005,18.037688624002847,17553200
2013-10-25,18.3850040435791,18.392637602035318,18.18271984032275,18.304853863717423,18384800
2013-10-28,18.407909393310547,18.453709299725524,18.30867602008597,18.453709299725524,18805000
2013-10-29,18.209440231323242,18.40790842326647,18.144557155317244,18.39645881125428,26932600
2013-10-30,17.972806930541992,18.266692458657772,17.888839220808112,18.266692458657772,26895000
2013-10-31,18.167457580566406,18.40027607989276,17.77815618688456,17.77815618688456,31174200
2013-11-01,18.568208694458008,18.610191086921947,18.2170722443902,18.262872144502495,24863600
2013-11-04,18.388822555541992,18.663624851171306,18.320121981634664,18.575839652104456,14786800
2013-11-05,18.25905418395996,18.46133838959851,18.07203563946122,18.446072728458702,15553200
2013-11-06,18.247608184814453,18.40027501808802,18.190357212366422,18.274324917036147,14914800
2013-11-07,18.030046463012695,18.415531560764272,17.98424512898037,18.365914176871854,19181400
2013-11-08,18.388822555541992,18.41172323216193,17.904102486730277,18.068220362625286,20020200
2013-11-11,18.072038650512695,18.38882483117149,17.957538165148463,18.301041077193826,17896400
2013-11-12,17.930822372436523,18.068223544447587,17.778155535943025,18.060589984230003,16744600
2013-11-13,18.087303161621094,18.09493672033816,17.793417702799992,17.8812014441176,14796600
2013-11-14,18.20180320739746,18.23615349284962,18.030053236089085,18.13692014373917,12836800
2013-11-15,18.21707534790039,18.31631018032762,18.09112523714623,18.22089285619911,20027400
2013-11-18,18.083492279052734,18.289592599513536,18.06822515725479,18.18272565883365,16773000
2013-11-19,18.1140193939209,18.15600323774072,17.97661825267509,18.0682194988231,12540600
2013-11-20,17.881202697753906,18.26287192465113,17.846852409095053,18.20562241418808,16696200
2013-11-21,18.11020851135254,18.209441888378016,17.90792279302883,17.99189050463312,14157200
2013-11-22,18.900264739990234,19.064382662667366,18.12547649290021,18.12547649290021,54354000
2013-11-25,19.049114227294922,19.369716489497126,18.831562848224085,18.88499631593232,35668600
2013-11-26,18.999494552612305,19.19414668292054,18.91552830874941,19.0987293716584,25052400
2013-11-27,18.999494552612305,19.091095812043115,18.831560608933884,18.94987859904188,16559600
2013-11-29,19.033849716186523,19.140718122209677,18.953699503633906,18.980416241151445,11199200
2013-12-02,18.747591018676758,19.04529398984309,18.728507849539135,19.01475975446091,22818600
2013-12-03,18.6140079498291,18.83537533933142,18.411723730049864,18.804842558964992,22124600
2013-12-04,18.655986785888672,18.797203951052314,18.415534835294906,18.591102279114804,19376400
2013-12-05,18.732324600219727,18.736140651512105,18.400271355638438,18.57583883413624,21093800
2013-12-06,18.80484390258789,18.934611504310407,18.659809181615046,18.888811602512057,21817200
2013-12-09,18.755224227905273,18.900258931362067,18.671256538122005,18.869724696549078,14867000
2013-12-10,18.850645065307617,18.919345650576847,18.74377813531225,18.79339554821841,19057400
2013-12-11,18.572021484375,18.85063979971636,18.568205433349423,18.820107023654785,19972000
2013-12-12,18.575841903686523,18.762860478870035,18.510958829327603,18.51859238912618,15404400
2013-12-13,18.705604553222656,18.88117347017624,18.58347054070416,18.648355053827764,22730600
2013-12-16,18.793397903442383,18.938431196339735,18.686529504101344,18.86973060246082,19437600
2013-12-17,18.72087287902832,18.93460814272923,18.60255636572534,18.93460814272923,14588200
2013-12-18,19.18651008605957,19.1979596956937,18.587289582666813,18.801023394250027,24603200
2013-12-19,19.38115882873535,19.39260989319878,19.075823802168575,19.175058595772935,21741400
2013-12-20,19.442232131958008,19.57963330240939,19.320098081768496,19.33918125411947,33617400
2013-12-23,19.461318969726562,19.63688650481227,19.41933511221631,19.46513502224891,15729600
2013-12-24,19.571998596191406,19.575816104009693,19.358264748851838,19.430781381920244,6370800
2013-12-26,19.659780502319336,19.67123156874615,19.533830419244385,19.533830419244385,8146600
2013-12-27,19.766645431518555,19.77046148236164,19.58726046689628,19.747562265398624,11208400
2013-12-30,19.87200927734375,19.929476633720522,19.749413614431848,19.75324555096661,11175400
2013-12-31,19.91031265258789,19.95628564076728,19.810702806501777,19.87583254608961,18645400
2014-01-02,19.711097717285156,19.883498278599465,19.64213749275943,19.84518623083229,19522400
2014-01-03,19.565515518188477,19.81070678634246,19.481230471714827,19.78005860855083,13371400
2014-01-06,19.54636001586914,19.776226461947513,19.412270037777407,19.588502538656396,17987800
2014-01-07,20.239795684814453,20.38154663172707,19.580842967076723,19.668958499560535,37161400
2014-01-08,20.209150314331055,20.477328904632284,20.12103476321672,20.186163076948983,29731600
2014-01-09,20.258949279785156,20.370050574004754,20.040575704261542,20.26661168998225,20919200
2014-01-10,20.511796951293945,20.580757161376155,20.14401013849207,20.312578728995874,21307600
2014-01-13,19.983108520507812,20.569269021511932,19.92181069988944,20.500308790634353,23041800
2014-01-14,20.232128143310547,20.247451499650474,19.914144750612248,20.124855880200666,17588800
2014-01-15,20.71485710144043,20.937062670456214,20.370055860366175,20.40070550910864,29155000
2014-01-16,20.511796951293945,20.80296114606504,20.393031820273496,20.714845646838857,20263000
2014-01-17,20.511796951293945,20.55776993753046,20.335565952841574,20.4275119253146,24300800
2014-01-21,20.42369270324707,20.806804542998016,20.327914743309332,20.707194646247586,17160200
2014-01-22,20.58842658996582,20.603749949633325,20.30492324501394,20.408363595410353,16374800
2014-01-23,20.335573196411133,20.5271290789932,20.239795255120097,20.39303908431251,18490600
2014-01-24,20.075050354003906,20.25894376430341,19.990765326237707,20.197645960870243,28670400
2014-01-27,20.109533309936523,20.638226391434632,19.86434059999733,20.11719425767842,37906400
2014-01-28,20.43900489807129,20.737832963584506,20.232125728352774,20.688028042423156,33004600
2014-01-29,20.327911376953125,20.481155210602505,20.117198730820128,20.41219497395088,30432000
2014-01-30,20.76082992553711,20.822127761012556,20.297264953413066,20.42369256114999,28997600
2014-01-31,20.860431671142578,20.956209592992217,20.262776912676987,20.262776912676987,32120400
2014-02-03,20.216812133789062,21.055826543972145,20.124864648413528,20.971542932288248,38305400
2014-02-04,20.5041446685791,20.534792854052988,19.994605249293382,20.27427670097475,28050200
2014-02-05,20.45050621032715,20.55777703573586,20.23979503407915,20.343233923463046,18229000
2014-02-06,20.69953155517578,20.745506026686122,20.45817215629687,20.588430235998224,15802000
2014-02-07,20.933225631713867,21.0060177990082,20.760825053194836,20.833617220489167,19533200
2014-02-10,20.822118759155273,20.98302642112422,20.768483358983975,20.98302642112422,13889200
2014-02-11,21.071142196655273,21.090297488179402,20.79530132205162,20.80679566613015,15863800
2014-02-12,21.1630916595459,21.178415017352982,21.082637089146495,21.159259724002723,16028000
2014-02-13,20.293434143066406,20.799141642754236,20.21681148462311,20.504145357693726,166539600
2014-02-14,20.573101043701172,20.730176801035846,20.304922529324685,20.3087530037427,71649800
2014-02-18,20.507972717285156,20.676542832541504,20.377714656157718,20.672710896400897,40541400
2014-02-19,19.75707244873047,20.446673293111196,19.619151987563257,20.40836270343378,80405600
2014-02-20,19.82986831665039,19.97545122594845,19.665131568981998,19.83753072887194,51477200
2014-02-21,19.557851791381836,19.944795422813552,19.53869649887005,19.944795422813552,48104800
2014-02-24,19.59616470336914,19.868173668833748,19.58850229373497,19.814538262849766,32759800
2014-02-25,19.450580596923828,19.71492713581612,19.22837511613645,19.638304505839262,40828000
2014-02-26,19.416101455688477,19.508047447086227,19.23220801143779,19.508047447086227,30516400
2014-02-27,19.56934928894043,19.68045058799077,19.347143767929,19.40461111617827,35472600
2014-02-28,19.803041458129883,19.952456235256047,19.58466792577129,19.653628142458743,38390000
2014-03-03,19.538698196411133,19.64213853870794,19.38928485580083,19.569347836256973,33500800
2014-03-04,19.676618576049805,19.764734098079963,19.626813642222235,19.691943395912944,25819600
2014-03-05,19.879667282104492,20.02141821190062,19.58850301259687,19.680449008670745,33179800
2014-03-06,19.96395492553711,20.044408047926506,19.856684095684578,19.96778540026522,25728400
2014-03-07,19.780059814453125,20.063561687494307,19.70726764753162,20.04440639252482,25983400
2014-03-10,19.737916946411133,19.879667880473903,19.657463832061072,19.79538283032319,19885000
2014-03-11,19.62298011779785,19.829859307971983,19.538695083107072,19.81070401684818,23851600
2014-03-12,19.531030654907227,19.611483746181577,19.38927976150172,19.53869306285548,22211000
2014-03-13,19.331817626953125,19.611489015663366,19.220714874033156,19.58084083709026,30253200
2014-03-14,19.40077781677246,19.458245160983143,19.224546771327446,19.2781821798146,31716000
2014-03-17,19.454410552978516,19.534865116113185,19.389282269177432,19.531033180916022,25698000
2014-03-18,19.23987579345703,19.43526217582783,19.14409783982406,19.43526217582783,32672400
2014-03-19,19.109617233276367,19.266693014791446,18.9640343382399,19.236043368907747,42753800
2014-03-20,19.3892822265625,19.51954025533345,19.117273286364508,19.155583869521525,30960200
2014-03-21,19.15559196472168,19.657469000321434,19.121111840726954,19.419938607710794,47988600
2014-03-24,19.270519256591797,19.34714189301359,18.898901881347232,19.251363962850156,36854000
2014-03-25,19.029155731201172,19.34330864157055,18.921884932485547,19.289671780757715,36882000
2014-03-26,19.0100040435791,19.293507372936684,18.990848748956832,19.055978504418903,38860400
2014-03-27,18.810791015625,18.998516462822366,18.772480415685475,18.92955621376666,25188400
2014-03-28,18.987024307250977,19.094295160382458,18.776311615091615,18.9218945310956,31930800
2014-03-31,19.25834083557129,19.393040871207425,19.15827669356706,19.18136875744195,34758200
2014-04-01,19.21600914001465,19.38919597600114,19.100551738730488,19.373801264331117,27944000
2014-04-02,19.58932113647461,19.616261145517036,19.25064484950072,19.25064484950072,31894400
2014-04-03,19.673994064331055,19.747118222831446,19.52389927095557,19.535444572562685,28816400
2014-04-04,19.312227249145508,19.862575808171993,19.30837783649734,19.69708629919923,36551000
2014-04-07,18.888883590698242,19.323773276544085,18.719544662717865,19.28528795734172,43991200
2014-04-08,18.800363540649414,18.93121567314057,18.577146060588454,18.93121567314057,47068600
2014-04-09,19.162132263183594,19.200617580556372,18.731089074380584,18.773423804363087,40873600
2014-04-10,18.634872436523438,19.21601035993583,18.623327136098226,19.119795608070785,38223400
2014-04-11,18.457828521728516,18.74262469244724,18.438585874491277,18.538648520996848,34034400
2014-04-14,18.727237701416016,18.796512434501196,18.511716146470963,18.550202924918555,32360000
2014-04-15,18.631023406982422,18.838847611252064,18.373168591704566,18.761875520620286,35995400
2014-04-16,18.92351531982422,18.942759443298165,18.661812564400403,18.76187525311064,41936800
2014-04-17,18.896577835083008,19.05052203473317,18.761877761479635,18.84269780564166,30275600
2014-04-21,19.196765899658203,19.200613843398227,18.98124434720526,19.008184357746817,31705600
2014-04-22,19.56238555908203,19.86642308259739,19.435381372150236,19.47001874421157,73147600
2014-04-23,19.708627700805664,19.789447732974665,19.527744981397014,19.61626236921837,33427600
2014-04-24,19.77020835876465,19.985729948434876,19.67784301184935,19.76251100183492,33769200
2014-04-25,19.616262435913086,19.781751912700162,19.577775657520462,19.72787042295049,32738400
2014-04-28,19.8972110748291,19.93954580075224,19.53929207872335,19.831784279824085,43184000
2014-04-29,19.8394775390625,20.012664351109624,19.712474855641478,20.012664351109624,34263800
2014-04-30,19.92030143737793,20.008820300405404,19.750964003832674,19.83178404247105,30431600
2014-05-01,20.055002212524414,20.055002212524414,19.904907441258402,19.943392753026927,26996400
2014-05-02,20.024211883544922,20.17430664802685,19.8895118303228,20.17430664802685,26765400
2014-05-05,20.189701080322266,20.197398435845813,19.908754210254823,19.947240987872558,27093400
2014-05-06,19.939544677734375,20.13967152747745,19.858723174560065,20.051152668376037,32064200
2014-05-07,19.91260528564453,20.085790660971266,19.73941844219722,20.024213279758953,28597600
2014-05-08,19.66629409790039,19.92030097640058,19.543139336695482,19.877967720084346,37924600
2014-05-09,19.627805709838867,19.677837782525874,19.277584137270477,19.654745717873332,30732800
2014-05-12,19.493104934692383,19.70862499084208,19.423830211467045,19.670139685992567,29710600
2014-05-13,19.285276412963867,19.577768480927016,19.254487001536198,19.5700711280701,50113200
2014-05-14,19.17752456665039,19.339164641041826,19.119795129727414,19.30837521651742,31636000
2014-05-15,19.362260818481445,19.377654065889825,18.91967228980094,19.162133920963704,33025400
2014-05-16,19.316072463989258,19.362256600516066,19.181372402754132,19.32761923218124,25461800
2014-05-19,19.58932113647461,19.604714378698578,19.158278055554973,19.335314288274287,28002800
2014-05-20,19.493104934692383,19.60471290600407,19.412283445515975,19.546984948729808,24990000
2014-05-21,19.762510299682617,19.774057068727316,19.446926017379916,19.47386603161644,25162400
2014-05-22,19.8972110748291,20.008820539877263,19.720176282896535,19.73172158337717,22344800
2014-05-23,20.00111961364746,20.058847573867755,19.92799547533327,19.962632838713585,18252000
2014-05-27,20.03575897216797,20.120426949212952,19.95493747081888,20.039606915984358,18778800
2014-05-28,19.954936981201172,20.07809173399076,19.847176939540397,20.07809173399076,17307200
2014-05-29,20.039613723754883,20.081948460719396,19.928004229597715,20.03576577863129,18987200
2014-05-30,20.089637756347656,20.124275121042686,19.95108829756754,20.081940401068717,21663600
2014-06-02,20.22818946838379,20.305160093506284,20.043457325472772,20.055002625617036,20537000
2014-06-03,20.135814666748047,20.19739202326544,20.108874665029184,20.151209372907392,15600000
2014-06-04,20.124279022216797,20.170461694722736,19.989577480903503,20.120429609770902,27464800
2014-06-05,20.28591537475586,20.30900744081718,20.047303231270575,20.182003279660556,14681000
2014-06-06,20.362892150878906,20.397529523889585,20.162765269941726,20.366740095381978,18442000
2014-06-09,20.37828254699707,20.482194644010253,20.28976516097557,20.305158403846807,23375800
2014-06-10,20.351346969604492,20.424469660561364,20.212797476742402,20.37828698564759,20496200
2014-06-11,20.28591537475586,20.316704796170953,20.22049005642942,20.235884767136966,20246800
2014-06-12,20.270526885986328,20.31671103228496,20.170464171914364,20.205101547577904,19549400
2014-06-13,20.19354820251465,20.30130823138512,20.128121422043087,20.262822926251463,19548000
2014-06-16,20.14736557006836,20.197397644952023,20.055000243643555,20.158912336961755,14121200
2014-06-17,20.089637756347656,20.1473657187591,20.012665671678658,20.120425709343014,15988200
2014-06-18,20.26666831970215,20.309003030895077,20.00881357788354,20.116573593196378,19601800
2014-06-19,20.374435424804688,20.382132781165534,20.205097989227912,20.262827427873948,18794200
2014-06-20,20.297454833984375,20.501429538999172,20.24357336590736,20.501429538999172,34834600
2014-06-23,20.17815399169922,20.30900608775466,20.151213983816067,20.30900608775466,15939800
2014-06-24,20.25897789001465,20.397527367409555,20.105035168114107,20.182005795004077,23433800
2014-06-25,20.47834014892578,20.53222015590175,20.18969599602302,20.26666806375444,26891600
2014-06-26,20.62843894958496,20.643833659797156,20.416766822588546,20.466798896718,18776200
2014-06-27,20.832420349121094,20.882450967521166,20.601504043108648,20.659233486641945,32415800
2014-06-30,20.74546241760254,20.83048527583608,20.702950988485767,20.83048527583608,31397800
2014-07-01,20.911645889282227,21.000532766526558,20.749329632478315,20.815029526071164,22481400
2014-07-02,21.085552215576172,21.101009710752063,20.884590035804916,20.94642443925388,18373800
2014-07-03,21.216947555541992,21.244000011146923,21.066224835995335,21.155113160695258,15269800
2014-07-07,20.938692092895508,21.158977217217085,20.81502330289912,21.081683854907276,22482800
2014-07-08,20.60247039794922,20.95415384262156,20.5792819439027,20.838213046637428,29228400
2014-07-09,21.1512508392334,21.15511631875301,20.64111663703242,20.69908703583873,31708000
2014-07-10,21.008256912231445,21.170571653526533,20.900047084701388,20.99279794422763,20308600
2014-07-11,21.081687927246094,21.116469873291905,20.934830657913945,20.9889370539563,14109000
2014-07-14,21.274921417236328,21.352214797325235,21.012124809483208,21.17444105509477,27396400
2014-07-15,21.213092803955078,21.321302681095993,21.097153439268524,21.201499309761125,19715400
2014-07-16,21.274921417236328,21.460424644900545,21.209223002422352,21.298109873537584,37157800
2014-07-17,20.946426391601562,21.317432846875658,20.907778964438467,21.07395921561827,30709000
2014-07-18,21.077817916870117,21.1551112720903,20.95414913821708,21.1551112720903,23198000
2014-07-21,20.7995662689209,21.04690387190386,20.675897467429415,20.915505586038112,35370000
2014-07-22,21.11260986328125,21.348354045066237,20.954159073364114,21.15898530870243,31778200
2014-07-23,21.143522262573242,21.25559758547997,20.96574852749615,21.07395837071724,26711800
2014-07-24,21.305837631225586,21.352213065818784,21.143521398776667,21.240137747490778,26207600
2014-07-25,21.019851684570312,21.336753176756734,20.958017283027804,21.30970071822241,19935400
2014-07-28,21.1512508392334,21.186032783667486,20.90391322292365,21.07009346030335,17571600
2014-07-29,21.251731872558594,21.83142994195001,21.23240742418014,21.367671191587192,36491800
2014-07-30,21.414043426513672,21.429502393208523,21.224674770122263,21.3290205839402,25923000
2014-07-31,20.76479721069336,21.274931701940766,20.726151239091013,21.251744708679084,30526800
2014-08-01,20.63338279724121,20.822751449023897,20.540631947825826,20.691353183811955,19903400
2014-08-04,20.811153411865234,20.900041717938063,20.637245226348018,20.637245226348018,21853200
2014-08-05,20.552230834960938,20.81502743442723,20.447884996268566,20.81502743442723,27339000
2014-08-06,20.444021224975586,20.637253934193698,20.40150979306783,20.471073686326235,20069000
2014-08-07,20.358999252319336,20.556095975679803,20.29716484163285,20.52517950746088,23479200
2014-08-08,20.675899505615234,20.699087961023906,20.362861991716628,20.362861991716628,23684600
2014-08-11,20.772512435913086,20.938692653340254,20.69135506672725,20.706814034452638,15617000
2014-08-12,20.791839599609375,20.919373897679403,20.71068221406405,20.71068221406405,16614800
2014-08-13,20.911645889282227,21.0121262583523,20.838216509722645,20.903916403315495,18251800
2014-08-14,21.012121200561523,21.031444173702795,20.900047366642802,20.942557317854263,13077200
2014-08-15,21.11260986328125,21.213090240735283,20.92710660734769,21.17830828810719,21415200
2014-08-18,21.1512508392334,21.29424262224088,21.054634490721874,21.244003182473794,15186400
2014-08-19,21.062362670898438,21.213083929360906,21.027580728618762,21.135790560489582,14694200
2014-08-20,21.116470336914062,21.174440739679365,20.988937514778414,20.988937514778414,14677400
2014-08-21,21.0391788482666,21.189901614148535,21.00439689833211,21.11647223414866,14949200
2014-08-22,20.938692092895508,21.097142822218892,20.838210279618277,20.973474032222505,16289200
2014-08-25,21.120336532592773,21.151253000666586,20.946426792650602,21.004395723132237,18832400
2014-08-26,21.085552215576172,21.158980108969175,20.996665352758814,21.158980108969175,18480200
2014-08-27,21.085552215576172,21.216950507186287,21.008258842702848,21.135791654832637,16269400
2014-08-28,21.070093154907227,21.124198073409712,20.97734081301121,20.992799782368625,11142200
2014-08-29,21.147384643554688,21.228542014078602,21.035309337070238,21.20921904122743,13517200
2014-09-02,21.17057228088379,21.24400164395372,21.00439205553909,21.143519823199615,19070200
2014-09-03,21.205354690551758,21.27491857591648,21.108738346906136,21.15511525331489,17900200
2014-09-04,21.20922088623047,21.406317585255294,21.18989791169838,21.34834866165903,26368800
2014-09-05,21.526119232177734,21.560901170938678,21.20535229979922,21.255593205620194,28405400
2014-09-08,21.595685958862305,21.642061391912556,21.41791076271421,21.45269270606401,23610800
2014-09-09,21.8778076171875,21.939642025290674,21.502935688797173,21.54158311526702,40113000
2014-09-10,21.993743896484375,22.047848811786565,21.657519441214788,21.850752124007393,27078000
2014-09-11,22.020801544189453,22.078771952389555,21.858486760027123,21.978290108075875,19394000
2014-09-12,22.0594482421875,22.08263522529892,21.90099599493322,21.989884344355897,22575600
2014-09-15,22.0362548828125,22.21789407277215,21.982149968590054,22.090359797034946,26096200
2014-09-16,22.117414474487305,22.132873444173722,21.943504751136317,22.05171606469276,18240800
2014-09-17,22.063310623168945,22.171520467716565,21.955100778621325,22.12128102517578,20101800
2014-09-18,21.97055435180664,22.167652504037722,21.924178923030983,22.067170688400775,29141200
2014-09-19,21.928041458129883,22.132867592451106,21.835289138782702,22.12900211392725,41755200
2014-09-22,21.587953567504883,21.908719024763485,21.406314390663745,21.85461411444865,29860000
2014-09-23,21.244003295898438,21.638198176839943,21.23627381106643,21.638198176839943,26622000
2014-09-24,21.201494216918945,21.309704068066612,20.9232386291122,21.305840062346476,32200200
2014-09-25,20.845943450927734,21.193762905727098,20.77637955996786,21.186033420703943,27724200
2014-09-26,20.961883544921875,20.977341040198237,20.74932639957658,20.784108343883222,21072400
2014-09-29,21.01815414428711,21.08412770239459,20.727097725294733,20.82799663250738,24694600
2014-09-30,20.870683670043945,21.146218185658213,20.83187674240839,21.045317805182737,29437000
2014-10-01,20.540821075439453,20.851280948747668,20.47096741889642,20.835757584984897,31960000
2014-10-02,20.505895614624023,20.556345810022634,20.040205033411933,20.50201551361931,36106400
2014-10-03,20.820232391357422,20.971581463007517,20.52141434818629,20.52141434818629,29002800
2014-10-06,20.719335556030273,20.91725474531013,20.665005262624653,20.855162769933784,16436600
2014-10-07,20.653364181518555,20.769786454255726,20.424399736966667,20.637840817049728,24809000
2014-10-08,21.2548828125,21.4256353991386,20.618439603659237,20.71933852294803,45371600
2014-10-09,20.692169189453125,21.25875861640857,20.680527407378094,21.254878515846684,37937000
2014-10-10,20.42051887512207,20.901732827883496,20.408877091555038,20.73486035493805,55154800
2014-10-13,20.040206909179688,20.57963130308803,20.01304175843536,20.30797979564475,44243400
2014-10-14,19.97423553466797,20.31574072201506,19.931547016152145,20.199318431765384,53808600
2014-10-15,19.733619689941406,19.90049211360954,19.14374679742745,19.698692869164606,82495000
2014-10-16,19.24464988708496,19.504659569413377,19.221364841346368,19.442567594499916,89564800
2014-10-17,19.66765022277832,19.98587175165508,19.3959973009498,19.3959973009498,58475800
2014-10-20,19.908260345458984,19.97035232723065,19.49301993978792,19.667654101142485,28391000
2014-10-21,20.253644943237305,20.482609379363108,20.032442189060276,20.05572723490661,56237000
2014-10-22,19.981990814208984,20.412753002042457,19.927659047807712,20.25364224426903,44764200
2014-10-23,20.653364181518555,20.769786454255726,20.144985098085844,20.249765587666154,43760400
2014-10-24,21.05695915222168,21.21606992086223,20.73485751441298,20.835756412413833,44809800
2014-10-27,20.975467681884766,21.165625212242368,20.886210548987002,21.03755966478711,26566400
2014-10-28,21.23935890197754,21.36354286733003,21.014276019922267,21.014276019922267,29059200
2014-10-29,21.305326461791992,21.31696824264101,21.091883943631796,21.18502263159163,33287400
2014-10-30,21.091886520385742,21.305329064621787,20.98710751916547,21.119051665944983,26433400
2014-10-31,21.479961395263672,21.611907020436295,21.25099697159322,21.611907020436295,35385800
2014-11-03,21.57697868347168,21.658475593601377,21.445033067534645,21.445033067534645,23589600
2014-11-04,21.20055389404297,21.627436128676134,21.033681397866964,21.584747609134862,27244000
2014-11-05,21.37906837463379,21.43728026189431,21.134580520685304,21.293691334755632,18835800
2014-11-06,21.491607666015625,21.518772814966283,21.188907965667514,21.448919151838997,20029200
2014-11-07,21.402353286743164,21.51877558011899,21.111296813108705,21.51877558011899,35044400
2014-11-10,20.548583984375,21.44115672858195,20.09841677109909,21.437276627604284,132254000
2014-11-11,20.552461624145508,20.602911813150886,20.009157248572205,20.521416378873294,77970600
2014-11-12,20.80083656311035,20.952187181461603,20.521423339331584,20.567991963229733,57806400
2014-11-13,21.072477340698242,21.192781152964262,20.727090743366546,20.839632876093887,41505600
2014-11-14,20.9948673248291,21.142336312507336,20.866803281089894,21.142336312507336,20037200
2014-11-17,21.01427459716797,21.091888459966263,20.835758863719093,20.95994282066381,26111400
2014-11-18,21.119049072265625,21.181142517791656,20.866801111567625,21.033673545445776,27635600
2014-11-19,21.10353660583496,21.11517839187003,20.921140729206133,21.084133135646546,33381000
2014-11-20,21.10353660583496,21.138463444330057,20.975471037889644,21.099655023563347,18481000
2014-11-21,20.98710823059082,21.417870473513464,20.901731210002275,21.285924841871825,37783800
2014-11-24,21.35190200805664,21.359663691276076,21.05696396727702,21.08024901693532,25826000
2014-11-25,21.972816467285156,21.99998161168915,21.499365750251766,21.592502965239927,35094800
2014-11-26,22.065956115722656,22.08535957965081,21.906845342888765,22.03102928849622,18401600
2014-11-28,22.13581657409668,22.228953821735313,22.034916162033323,22.228953821735313,11071000
2014-12-01,21.965059280395508,22.108648193499445,21.840875314741584,22.108648193499445,23172200
2014-12-02,22.128047943115234,22.182378233912797,21.848633327139883,21.922368562127488,19869000
2014-12-03,22.17461585998535,22.2173043672476,21.93400965951282,22.143570614951482,20754200
2014-12-04,21.87968635559082,22.209549776381316,21.771024262308096,22.062080744319648,30072400
2014-12-05,21.864151000976562,22.015500051783594,21.79817746475434,21.85250922180341,16007400
2014-12-08,21.87192153930664,21.99998560324795,21.739975893809454,21.840874808418075,19142600
2014-12-09,21.80594253540039,21.945649828760313,21.59638307574975,21.708923746165915,20381600
2014-12-10,21.565336227416992,21.864154274171185,21.46831743874573,21.73997034310311,24384000
2014-12-11,21.693405151367188,21.906846223939855,21.530412790958785,21.627431594890858,20965400
2014-12-12,21.479961395263672,21.72444918198723,21.336373987995913,21.344135669522462,22725600
2014-12-15,21.32085418701172,21.635195679601807,21.278167152068043,21.60803052991509,25869600
2014-12-16,21.270401000976562,21.670117959875178,21.24323585699642,21.270401000976562,31555800
2014-12-17,21.47608184814453,21.534293720899132,21.243237317904974,21.243237317904974,25609200
2014-12-18,21.844758987426758,21.941777812405146,21.3363798115997,21.499372207366072,34912000
2014-12-19,22.186256408691406,22.252229956354192,21.794301144539315,21.794301144539315,42608400
2014-12-22,22.205665588378906,22.434630037976277,22.14357360952485,22.205665588378906,38352800
2014-12-23,22.469552993774414,22.58597524900028,22.244468684000353,22.310442232874898,22642800
2014-12-24,22.535531997680664,22.59374388340324,22.39970623818099,22.496725060792116,9601600
2014-12-26,22.65970802307129,22.721799988544696,22.442386884108977,22.52776241139164,11381800
2014-12-29,22.849864959716797,22.91583702380195,22.54716533985136,22.558808600869888,14340000
2014-12-30,22.845991134643555,22.974056686596676,22.70628379810913,22.72568874626423,16378000
2014-12-31,22.51224708557129,23.012864568612738,22.442394894820854,22.822708504145364,24685400
2015-01-02,22.256114959716797,22.64419020909557,22.05819723390504,22.508364463968835,21170000
2015-01-05,21.802223205566406,22.246371196166017,21.68534239007496,22.148970268886448,33001400
2015-01-06,21.5178165435791,21.79443487007589,21.373663561438878,21.771059594508564,33973200
2015-01-07,21.498329162597656,21.681443350593607,21.338591728245856,21.611314575881114,22123800
2015-01-08,21.965866088867188,22.226899962226973,21.661974066801694,21.72041524041219,31532400
2015-01-09,21.930797576904297,22.11780721674404,21.848981138140754,22.05547067013079,22225800
2015-01-12,21.884048461914062,22.094434906459323,21.728207807089305,21.911322099884718,22483200
2015-01-13,22.145078659057617,22.58143447147961,21.985341170550075,22.145078659057617,34857800
2015-01-14,21.747676849365234,21.926894181769534,21.428201957263635,21.755469101150645,48808200
2015-01-15,21.817811965942383,21.985341712435652,21.599633311243583,21.82170734985643,32459800
2015-01-16,22.117809295654297,22.195730357799984,21.67366117351071,21.743789980819763,31034000
2015-01-20,21.743789672851562,22.110016727662405,21.607427444472812,22.110016727662405,27553800
2015-01-21,21.72819709777832,21.829493399176837,21.494434001426246,21.591834920017927,27846600
2015-01-22,22.039888381958008,22.08274504073783,21.685348958716737,21.798334425277968,26890400
2015-01-23,21.93858528137207,22.07105060123205,21.856767373355467,22.047673843767278,21703800
2015-01-26,22.086633682250977,22.148970216112566,21.848976668680052,21.938585343217326,17307800
2015-01-27,21.958066940307617,22.141181172998557,21.825601609764867,21.911314907827915,19046600
2015-01-28,21.268470764160156,22.0671582292289,21.245094001931133,22.00871855298709,39778400
2015-01-29,20.987958908081055,21.45158843909944,20.851598155558435,21.37366737213477,41683600
2015-01-30,20.707443237304688,20.999646096798806,20.65679432551727,20.75419527868198,56380800
2015-02-02,20.96457290649414,21.01522031083109,20.434711705584675,20.70743455737278,36911800
2015-02-03,21.587942123413086,21.646383276057282,20.984056653044142,20.991848905811388,36466200
2015-02-04,22.168455123901367,22.589226422978275,21.361975438301897,21.603529359739017,80115800
2015-02-05,22.195724487304688,22.363254206431147,22.067154545836367,22.12559569854383,25603200
2015-02-06,22.176252365112305,22.374951178246906,22.113915803117713,22.250278054257727,21181000
2015-02-09,22.242481231689453,22.29702552645877,22.039887075245854,22.13728802625409,17200800
2015-02-10,22.367155075073242,22.390531839133242,22.09053672168936,22.261961866134172,18011400
2015-02-11,22.51130485534668,22.56974601403769,22.230791157802884,22.351567372641046,22396400
2015-02-12,22.745067596435547,22.756755233476213,22.484032308171063,22.54636884942192,23389600
2015-02-13,23.16973876953125,23.18532179221074,22.760653585117804,22.791822602917925,29040000
2015-02-17,22.908700942993164,23.084022933402327,22.745068076091552,23.056750788918723,31513800
2015-02-18,22.68273162841797,22.881428894232652,22.620395085591753,22.881428894232652,24107400
2015-02-19,22.538578033447266,22.667147993976023,22.472346104365517,22.667147993976023,20639200
2015-02-20,22.791820526123047,22.82298954108304,22.41000901018573,22.573641880064393,27035600
2015-02-23,22.678834915161133,22.87363679861633,22.597018480802852,22.69831480626257,35090000
2015-02-24,23.052860260009766,23.130781331204904,22.702217668962874,22.752866588172836,40258000
2015-02-25,23.228181838989258,23.333375060087942,22.967147964804994,22.967147964804994,33931400
2015-02-26,23.045059204101562,23.18141990316151,22.928176906370002,23.12687562353753,23584000
2015-02-27,23.13467025756836,23.173630036676443,22.971035915629738,23.111293498371328,19520000
2015-03-02,23.325576782226562,23.411290085337402,23.18142380662957,23.18531919030715,23349200
2015-03-03,23.36064338684082,23.380123279509597,23.158049233400334,23.271034691588007,23835000
2015-03-04,23.543752670288086,23.54764805351011,23.18142109561034,23.298301913134075,24502600
2015-03-05,23.50479507446289,23.54375485517958,23.29051182186,23.49700282107548,22161000
2015-03-06,23.520374298095703,23.617775220384246,23.3528445928618,23.43076562793666,35454600
2015-03-09,23.598299026489258,23.648947930147884,23.50869034230575,23.5164825956548,16362200
2015-03-10,22.8697452545166,23.46583864237789,22.84247310515175,23.438566493013038,31716400
2015-03-11,22.620391845703125,22.90480237450077,22.56974294746732,22.834673588088176,25595600
2015-03-12,23.115190505981445,23.154150285322068,22.737274404252098,22.764546547034595,24032400
2015-03-13,23.006099700927734,23.099605249014715,22.873634374766333,23.017788823326274,24485600
2015-03-16,23.278825759887695,23.329474667222485,23.072336232921916,23.13077590795086,18592400
2015-03-17,23.037273406982422,23.15025738091063,22.69442164242294,22.81519935701859,29872800
2015-03-18,22.982728958129883,23.087920676906613,22.655461704656275,22.986624342216942,38054000
2015-03-19,22.88922119140625,23.06064631294935,22.768443489229266,23.002206639937583,21219200
2015-03-20,23.161949157714844,23.18922130829125,22.93597821154381,23.029483789392003,43115200
2015-03-23,23.03337287902832,23.193110354271994,23.03337287902832,23.0489573854473,16912000
2015-03-24,22.429487228393555,22.893115144687858,22.3398785463982,22.842467728486348,39785600
2015-03-25,22.0242977142334,22.47234258465104,21.993130189611954,22.234684078754043,37372000
2015-03-26,21.782743453979492,21.99702519809452,21.68923790926773,21.83728773580293,35943600
2015-03-27,21.794435501098633,22.02040641292853,21.735995824267825,21.751580332577582,29730000
2015-03-30,22.154481887817383,22.2992820034608,21.919669315887386,21.919669315887386,26911400
2015-03-31,22.09969139099121,22.275798943108533,21.829657024345615,21.997938834811254,35082600
2015-04-01,22.330589294433594,22.338416528875797,21.935322166010067,22.224923868802325,31569000
2015-04-02,22.674976348876953,22.768901659748753,22.15056363766547,22.34232712978649,41127600
2015-04-06,22.780643463134766,22.948925266868063,22.502783365953658,22.557572512677563,21333000
2015-04-07,22.82369041442871,22.96457763189553,22.628014055256386,22.764986909520157,24779600
2015-04-08,23.160253524780273,23.164166395012398,22.788468151259618,22.91761526230145,29113400
2015-04-09,23.32071304321289,23.35593485437203,23.113296540215973,23.164171328529505,23399200
2015-04-10,23.40680503845215,23.547690753497633,23.269830700560863,23.40289067551386,31807800
2015-04-13,23.003713607788086,23.402893582226472,22.984146269342446,23.363758905335196,23886400
2015-04-14,23.081979751586914,23.218954078582783,22.921525220397186,22.97240148430376,19909400
2015-04-15,23.445945739746094,23.594660218910963,23.128949440369183,23.21504753244765,28421200
2015-04-16,23.352020263671875,23.500734741887864,23.31288558182723,23.371589097486613,22000600
2015-04-17,22.86282730102539,23.19939091022619,22.365810614387698,23.12894729467754,84976800
2015-04-20,22.882394790649414,23.06632956010858,22.737593204465817,22.933269571089077,38859000
2015-04-21,23.02719497680664,23.31288229408168,22.831518609394244,23.01154050911952,37674400
2015-04-22,22.995887756347656,23.074158607728094,22.87456935495568,23.074158607728094,25151200
2015-04-23,23.179826736450195,23.813817870074057,22.882399257988535,22.929361177136695,123828400
2015-04-24,23.340282440185547,23.48116969723175,23.0389405832573,23.434207775847202,88707800
2015-04-27,23.042842864990234,23.60639010478513,22.9723992734044,23.426368256462123,52688000
2015-04-28,23.089820861816406,23.11721544510239,22.85109535641613,23.08590798972962,33547800
2015-04-29,22.83152198791504,23.097642006406694,22.784560070796637,22.999803808222776,29353800
2015-04-30,22.604534149169922,23.070244876421363,22.42842660624829,22.839346694552535,46140200
2015-05-01,22.858915328979492,22.890224267295185,22.432340748228395,22.620189899445528,31156400
2015-05-04,23.003713607788086,23.520299105792535,22.94501159245117,23.500731767346895,42781000
2015-05-05,22.690637588500977,23.105472138251855,22.663243009006287,23.015461163784636,32248000
2015-05-06,22.565406799316406,22.815872401414033,22.43234676159045,22.73368865564314,33526400
2015-05-07,22.667146682739258,22.788466551910208,22.444075772860938,22.50277927246766,26825400
2015-05-08,22.858915328979492,22.991975331036503,22.757164265238174,22.894137138138476,29829000
2015-05-11,22.608449935913086,23.007629944589358,22.596709830417193,22.945013560457337,24247400
2015-05-12,22.436250686645508,22.584963635635926,22.393201651398577,22.49886705803412,25538000
2015-05-13,22.025331497192383,22.538004118626873,21.994024054626514,22.48321497446744,51302600
2015-05-14,22.12708854675293,22.322764954503715,22.025335978702714,22.19361780879979,27971000
2015-05-15,22.166215896606445,22.260141198120753,22.037070286527793,22.217092163797194,34599200
2015-05-18,22.295368194580078,22.377551919497062,22.170135425308754,22.185788401798394,27916800
2015-05-19,22.397113800048828,22.471470272148984,22.260140958576965,22.311015732328226,24279800
2015-05-20,22.530176162719727,22.757161458839796,22.424510748273363,22.57713807150961,30610000
2015-05-21,22.51844024658203,22.776733032300292,22.47930407123536,22.526267481651363,37799200
2015-05-22,22.647579193115234,22.745417363199582,22.467557318454112,22.518433584907733,24085600
2015-05-26,22.929357528686523,23.175910177545504,22.635842968151824,22.667150411638218,52480000
2015-05-27,23.222867965698242,23.316793265264277,22.8706499584406,22.933266327187294,29069200
2015-05-28,23.10154914855957,23.20330168545722,22.96848917231099,23.136770950886902,23096000
2015-05-29,22.878480911254883,23.195477169331305,22.81977889576148,23.125033556425432,26310000
2015-06-01,23.003713607788086,23.08981168841957,22.86282638235192,22.976319035385746,25654400
2015-06-02,23.01937484741211,23.1602621142937,22.827612784184243,22.83935289212682,22714400
2015-06-03,23.215049743652344,23.269838900959993,23.070249614640332,23.12112590052282,27589200
2015-06-04,23.07024574279785,23.355933081450267,22.999802125826864,23.0937259531933,26743200
2015-06-05,22.96849822998047,23.058509206336964,22.714119773205848,23.00763441071763,22300800
2015-06-08,22.647579193115234,23.015451668083266,22.588877186799824,22.964575401629645,35215000
2015-06-09,22.63975715637207,22.718028008981754,22.338416837097153,22.57714077286279,22674200
2015-06-10,22.788471221923828,22.894136647134605,22.64367111755009,22.698460265535164,20626400
2015-06-11,22.995887756347656,23.011542225202206,22.73759499181683,22.808038608769994,22679600
2015-06-12,22.800216674804688,22.92936383353964,22.710205697304264,22.851092963963243,19971000
2015-06-15,22.83152198791504,22.901965610038857,22.506698453356062,22.647585697603695,18597600
2015-06-16,23.042842864990234,23.101544862717244,22.682797675452438,22.82759922087431,19883600
2015-06-17,23.332454681396484,23.34810915247124,23.038940066761214,23.038940066761214,26062200
2015-06-18,23.669017791748047,23.81381791357332,23.42246510320799,23.44594680927121,28950200
2015-06-19,23.68075942993164,23.829473925498757,23.52421919139647,23.594662821249702,46073600
2015-06-22,23.86077117919922,23.966436572212043,23.67683495881854,23.747278554160424,33535600
2015-06-23,23.77859115600586,23.903825402740555,23.657272765472786,23.849034766653794,17667000
2015-06-24,23.622051239013672,23.86860387919206,23.57900219945482,23.79033303389344,15829000
2015-06-25,23.825557708740234,24.052541545258528,23.66118876453037,23.739459619254475,24223400
2015-06-26,23.978178024291992,24.12297809269817,23.798156156231126,23.966437922037745,61609400
2015-06-29,23.56950569152832,23.986039679382348,23.530210682809926,23.82492774522335,22983000
2015-06-30,23.632381439208984,23.801352695178757,23.43983377478396,23.801352695178757,25268800
2015-07-01,24.46152114868164,24.48509905810667,23.72669354353608,23.72669354353608,43338400
2015-07-02,24.496883392333984,24.972359914704942,24.406503668999648,24.469376585189124,39168200
2015-07-06,24.406505584716797,24.59905324984429,24.257181834917844,24.284688644221774,26754600
2015-07-07,24.563688278198242,24.64227980800403,24.092142097381014,24.51260505798192,27454400
2015-07-08,24.24146270751953,24.67371534256873,24.217886299486302,24.4379407691759,30773800
2015-07-09,24.367212295532227,24.638353021693852,24.327917276759557,24.56762078869594,22347000
2015-07-10,24.83089256286621,24.91734337460384,24.496880515893636,24.595119529592438,24538200
2015-07-13,25.039167404174805,25.251364093805496,25.015589494546234,25.043096306275157,21389400
2015-07-14,24.850542068481445,25.113821911006344,24.71300654711053,25.090244007597736,20730400
2015-07-15,25.050954818725586,25.06667342464846,24.77195630913404,24.787674915056915,18517000
2015-07-16,25.274934768676758,25.404610993692696,25.15311934409527,25.20813295506865,21375600
2015-07-17,25.255290985107422,25.26708218819598,24.992011078463324,25.180631353651936,21380400
2015-07-20,25.274934768676758,25.31422977679818,25.145260042669292,25.255285765607574,13905400
2015-07-21,25.255290985107422,25.306377204438487,25.08632121605763,25.19634995975245,18958200
2015-07-22,25.34566879272461,25.53821644488345,25.204204354970354,25.443907819053,22448600
2015-07-23,24.5479736328125,25.502857293026235,24.45759388912674,25.502857293026235,41968000
2015-07-24,24.43008804321289,24.713017007843042,24.351497996601452,24.520469295032342,20589400
2015-07-27,24.0135498046875,24.49295677216463,23.911380369483176,24.465448463449075,24069000
2015-07-28,24.524396896362305,24.5401155044541,24.02141342949666,24.17073570934179,23735400
2015-07-29,24.551897048950195,24.63048856907467,24.363278300056592,24.44186982018107,17613200
2015-07-30,24.504751205444336,24.618708874058743,24.375074927570893,24.520469814703375,19701200
2015-07-31,24.524396896362305,24.75231221666641,24.418298540256153,24.67372067521641,19432600
2015-08-03,24.838762283325195,24.881987707326417,24.61084845542196,24.661931684687932,19139200
2015-08-04,24.65406608581543,24.90162734663987,24.583333868720292,24.70514929893305,15488000
2015-08-05,23.50271224975586,24.74052345345786,23.428049607980427,24.673721615036715,57180200
2015-08-06,23.090099334716797,23.659885968618347,22.46529908770904,23.573436647597966,76382000
2015-08-07,23.113679885864258,23.420185193405413,22.91720181713096,23.117610286683796,31824800
2015-08-10,23.361244201660156,23.4869900539614,23.25121545663997,23.439835734100633,22292600
2015-08-11,23.101886749267578,23.32194117990261,22.960422330140272,23.211913964585094,33060400
2015-08-12,23.345529556274414,23.424121102049074,22.858263171678765,23.02330556770646,28546800
2015-08-13,23.43590545654297,23.648102145548,23.219779865449166,23.365173226874624,27787400
2015-08-14,23.137252807617188,23.43589874816899,22.972210485963743,23.35730723781061,27812800
2015-08-17,23.73847198486328,23.76990918449954,23.06651758222418,23.090093982943188,26856200
2015-08-18,23.455549240112305,23.84850534297301,23.435901734770983,23.77384422307256,21409800
2015-08-19,23.545928955078125,23.86422393791927,23.518422147808852,23.52235254828079,32020000
2015-08-20,22.93684959411621,23.32587683434992,22.815034149433654,23.2119191933815,37591800
2015-08-21,22.312047958374023,22.822892112309248,22.241315737029414,22.7246530825538,47122800
2015-08-24,21.380746841430664,22.123433821652252,19.647810054577302,20.964212728630404,52400600
2015-08-25,21.16069221496582,22.001619799540634,21.156763312261543,21.946604668617425,33201600
2015-08-26,21.7697696685791,21.824783285590726,21.17247618572256,21.679388441764416,32955600
2015-08-27,22.308122634887695,22.343488751232595,21.789420594501753,21.96625117622625,31932000
2015-08-28,22.312047958374023,22.335625865158438,22.076274886564406,22.237386835402994,24273000
2015-08-31,22.135221481323242,22.300262351004687,21.989826621069998,22.292403047828124,21231400
2015-09-01,21.620447158813477,22.064488019942566,21.533996327706383,21.620447158813477,32158000
2015-09-02,21.958385467529297,22.072341587836643,21.710822725328082,21.993751573558043,33948400
2015-09-03,22.088056564331055,22.351337865771235,22.01339546341934,22.076268363926097,24374800
2015-09-04,21.919099807739258,22.029128580390672,21.69118595533617,21.78156571568646,23717800
2015-09-08,22.441726684570312,22.461374192897363,22.190234980362927,22.292402923068877,22004400
2015-09-09,22.26881980895996,22.86218431521272,22.22166550019427,22.7600148973772,27843000
2015-09-10,22.217742919921875,22.37492449352794,22.005546221594372,22.202024312858608,23933600
2015-09-11,22.166656494140625,22.253107327340572,21.981966622853008,22.103783569724868,22658600
2015-09-14,22.103778839111328,22.276678969498672,21.923019407477952,22.276678969498672,21249200
2015-09-15,22.453510284423828,22.508523896059494,21.958386280694352,22.08413210700687,17238000
2015-09-16,22.68928337097168,22.822888490195588,22.386707027464343,22.488874942631618,24384800
2015-09-17,22.972209930419922,23.290504865120184,22.693211499452723,22.846464116490807,34636800
2015-09-18,22.563541412353516,22.991863675792562,22.44958526810583,22.79145669886638,154533200
2015-09-21,22.74822998046875,22.889694426206002,22.5321044101518,22.638202744454738,26232400
2015-09-22,22.6774959564209,22.7325095700584,22.304187365155425,22.50066541329425,20346600
2015-09-23,22.54388999938965,22.881832469672638,22.433862776137882,22.850396762604344,13653800
2015-09-24,22.32777214050293,22.50460273803776,22.005548162332357,22.39457547690898,21559000
2015-09-25,22.217742919921875,22.610699102450347,22.064490248577194,22.610699102450347,26290400
2015-09-28,21.537933349609375,22.217747505820977,21.475060407387755,22.213817103739462,34506200
2015-09-29,21.6675968170166,21.899440951397434,21.52613239617292,21.675456118064403,29783800
2015-09-30,22.351346969604492,22.38671308423238,21.824785651260843,21.87193997109509,24205400
2015-10-01,22.55961036682129,22.685356202946064,22.21380856797385,22.602835779053294,23793800
2015-10-02,23.074384689331055,23.09010179545887,22.221669098284263,22.33562673701089,23866800
2015-10-05,23.52821159362793,23.56372891451829,23.23618162667852,23.33878638401859,19336200
2015-10-06,23.27170181274414,23.630820765775166,22.983617510239508,23.44139553284409,19083200
2015-10-07,23.55978775024414,23.678178340864857,23.295380642620437,23.41377273865919,16475200
2015-10-08,24.064912796020508,24.100430110548462,23.307212093314117,23.441388447595557,25844400
2015-10-09,23.87154769897461,24.16357768429369,23.72947840647653,24.05702571492013,19038800
2015-10-12,23.784727096557617,24.10043579717848,23.757102679341905,23.922849182636174,17530600
2015-10-13,23.74131965637207,24.00572675917139,23.61109046069086,23.7334267497523,15763000
2015-10-14,23.65450096130371,23.859712032539342,23.607145023454912,23.757107249630586,19376000
2015-10-15,24.07676124572754,24.100439966902552,23.697910739435898,23.891283198819934,13963000
2015-10-16,24.199094772338867,24.21882628379018,23.993883741326016,24.159631749436247,12746000
2015-10-19,24.293806076049805,24.31353758582892,24.045184837663413,24.135950986981495,12984000
2015-10-20,24.289857864379883,24.388516914605162,24.14778859118866,24.14778859118866,13542400
2015-10-21,24.11622428894043,24.467450351506464,24.096492775224426,24.380629884654457,16405400
2015-10-22,24.349061965942383,24.467452564363743,24.13990368646591,24.13990368646591,20590400
2015-10-23,24.459562301635742,24.54638278572686,24.309600057865172,24.54638278572686,20206200
2015-10-26,24.53848648071289,24.64898416850111,24.38063135065708,24.47929043058744,21324600
2015-10-27,24.285917282104492,24.66476775349791,23.555839253350182,24.609518914596947,31677000
2015-10-28,24.44376564025879,24.69633407233646,24.084646759148235,24.40824832210862,23280800
2015-10-29,24.88576889038086,24.97653507065898,24.39247345055311,24.5029711473407,18254800
2015-10-30,24.71212387084961,25.012048292008846,24.700285263973154,24.905496313866852,21727000
2015-11-02,24.759483337402344,24.964692898688135,24.664769958378212,24.716073101408703,15208000
2015-11-03,24.688444137573242,24.759478782418626,24.463501597368797,24.63714100398095,16893400
2015-11-04,24.254344940185547,24.87392376741454,24.132008659210108,24.664767024778154,27963400
2015-11-05,24.392467498779297,24.431930522169235,24.07675728998841,24.26223681184038,18900400
2015-11-06,24.313547134399414,24.38458180183557,24.00573124578827,24.31749283573774,25549200
2015-11-09,24.210933685302734,24.270129725825544,23.867600564356835,24.163577756135194,17062800
2015-11-10,24.297752380371094,24.463500378558432,24.135951587488407,24.175414608028483,17665600
2015-11-11,24.289857864379883,24.3964098192733,24.171467305193076,24.3964098192733,12102000
2015-11-12,24.26618194580078,24.51085598184958,24.112272554716597,24.210931610186663,17826400
2015-11-13,23.76894760131836,24.36090213681484,23.749216084552124,24.19120838287239,15579600
2015-11-16,24.210933685302734,24.23855810276862,23.737371382791636,23.85576195841941,15435200
2015-11-17,24.124120712280273,24.262242833845477,23.91890962779896,24.060978955933578,16352800
2015-11-18,24.688444137573242,24.716068554411134,24.08859686188879,24.135952789979775,17579600
2015-11-19,24.71212387084961,24.858140380943063,24.558215959783826,24.668713638411983,15694200
2015-11-20,24.822622299194336,24.94495858097454,24.668712887396218,24.9094412560085,18405200
2015-11-23,24.518753051757812,24.854193295167715,24.404308166672376,24.71212399029172,12204200
2015-11-24,24.33327293395996,24.44377061048716,24.116223281316703,24.356951652680618,17002800
2015-11-25,24.230667114257812,24.384575015731595,24.104383630719436,24.28591595012862,12174400
2015-11-27,24.305646896362305,24.39641305395398,24.088597258171962,24.195149227192932,5672200
2015-11-30,24.01756477355957,24.333273503467662,23.94258291523154,24.285917570335943,20789600
2015-12-01,24.368791580200195,24.38063018749325,24.16752772912822,24.254346691640635,15706200
2015-12-02,23.867603302001953,24.364845884257964,23.81235446073307,24.281971116936614,18551000
2015-12-03,23.52821159362793,23.997829670446887,23.40982102579931,23.832081671152622,23257200
2015-12-04,23.974153518676758,24.104384211008437,23.476912478451045,23.520321203810365,24459000
2015-12-07,23.824199676513672,24.053089517167493,23.626881471295594,23.90312725968459,14345400
2015-12-08,23.496644973754883,23.78472928365044,23.19672055152254,23.75710486389456,31163600
2015-12-09,23.12174415588379,23.500594696304535,22.916533070134662,23.37036548165538,25459800
2015-12-10,23.54794692993164,23.78472960947738,22.96783260169326,22.96783260169326,26719600
2015-12-11,22.877065658569336,23.512430310937074,22.865225546472075,23.2243445014515,38607800
2015-12-14,22.640283584594727,22.88890486934778,22.174612640957317,22.841548935962717,54096800
2015-12-15,22.790245056152344,23.338789241745246,22.70342459325231,22.91258284429167,35558800
2015-12-16,23.165151596069336,23.232239045873232,22.817871223281628,22.983619255569096,33482200
2015-12-17,22.656068801879883,23.212505897133575,22.64817589562022,23.082276707393998,20151600
2015-12-18,22.257484436035156,22.581086030916836,22.22986001979534,22.494265576781533,40450800
2015-12-21,22.281164169311523,22.43112637831761,21.858903467078388,22.42323347201014,27997400
2015-12-22,22.45085906982422,22.69948036259694,22.39561022818984,22.549518145719325,21063400
2015-12-23,22.561357498168945,22.596874826880846,22.439021203486462,22.533733076439475,14451800
2015-12-24,22.61266326904297,22.70342945176327,22.549521511262835,22.66396641768253,6986800
2015-12-28,22.56924819946289,22.67185447478872,22.387715872862334,22.54162378043315,10206200
2015-12-29,22.71527099609375,22.86128603788504,22.608718990867132,22.691592270903943,14469400
2015-12-30,22.37982177734375,22.715263499107024,22.367983171365257,22.691584781732182,12932600
2015-12-31,22.269332885742188,22.573203104125657,22.178566691485063,22.312743131999603,15523200
2016-01-04,22.05527687072754,22.059241642227928,21.74212645535702,21.86104540649225,26524600
2016-01-05,22.05923843383789,22.217794492094995,21.991850937187902,22.13455244810124,28308800
2016-01-06,21.8887939453125,22.059242838256118,21.702488989742182,21.769874987729615,21650800
2016-01-07,21.646991729736328,21.94428606439753,21.314022014431096,21.440867476250503,32423400
2016-01-08,21.6707706451416,22.213829293372136,21.6311320120682,21.74608616494476,28184600
2016-01-11,21.69059181213379,21.83329331281103,21.37347669413239,21.754014533310677,22735400
2016-01-12,21.750057220458984,21.972037576750505,21.551860959807883,21.650959090133433,19905600
2016-01-13,21.22681427001953,21.995816550016116,21.183210860891833,21.979960489948386,32128000
2016-01-14,21.82140350341797,22.059239874512144,21.147536053493532,21.226814843858257,26038000
2016-01-15,21.361583709716797,21.504285199059385,21.127712160431294,21.131676930755713,33366800
2016-01-19,21.50429344177246,21.742128340428973,21.278349834413554,21.730237049131368,24658400
2016-01-20,21.250598907470703,21.40915497588056,20.747180328232172,21.39726368658204,45092200
2016-01-21,21.53203773498535,21.74212524933421,21.08015058451268,21.25059945876005,30690000
2016-01-22,21.932397842407227,22.007711873359483,21.67870537116919,22.007711873359483,19734200
2016-01-25,21.488431930541992,21.924464483685572,21.44879329485486,21.83329441191155,21362200
2016-01-26,21.738155364990234,21.805541335048858,21.385366434408674,21.428969832501537,31481600
2016-01-27,21.452756881713867,21.975994743795884,21.385370897591613,21.773835279312078,24498600
2016-01-28,21.44879150390625,21.63509640273699,21.254558576176663,21.595456258242738,25528400
2016-01-29,22.083024978637695,22.138519684604443,21.61131846580303,21.698525296389246,38275800
2016-02-01,22.122655868530273,22.2495012896454,21.793649517932685,21.82932488712861,19480600
2016-02-02,21.639062881469727,22.043383342780984,21.555820833819002,21.761945079513982,32072000
2016-02-03,22.927339553833008,22.97490622482473,21.88482697851235,22.47545239911863,55999400
2016-02-04,23.07400131225586,23.565528555103292,22.82823844689065,23.06211002409663,56292600
2016-02-05,23.5496768951416,23.57346098801986,22.978872275119013,23.074005622397465,50661600
2016-02-08,23.545711517333984,23.6646289467918,22.959049376056733,23.450576666497437,56001800
2016-02-09,23.07400131225586,23.387151672129747,22.66175285207634,23.149316836243027,36504600
2016-02-10,22.122655868530273,23.0383211576978,22.10283504288622,23.03435789983901,43543800
2016-02-11,22.213829040527344,22.32481842156309,21.682663197958266,21.746085917423965,34988600
2016-02-12,22.507160186767578,22.614186317166215,22.035453770966484,22.530944275339614,23990800
2016-02-16,22.784637451171875,22.935267002964085,22.590406000810887,22.915447683229704,25705600
2016-02-17,22.871843338012695,23.113642960397005,22.721213792375124,22.88373462694402,26313200
2016-02-18,22.721214294433594,22.89166316276206,22.43184799781291,22.768780963327053,23733000
2016-02-19,22.8956241607666,22.91544499028888,22.574547287296763,22.59436660470205,17595000
2016-02-22,23.050212860107422,23.335614287995167,22.95111478506331,23.081923457820896,18566000
2016-02-23,22.80841827392578,23.062109159255947,22.752923581774425,22.903551599866116,14614200
2016-02-24,23.14931869506836,23.240488773216203,22.435811105881527,22.618152774294348,18499000
2016-02-25,23.200849533081055,23.200849533081055,22.883735876619017,23.054184750489334,12950000
2016-02-26,22.955087661743164,23.379227479692517,22.855989545173365,23.299948684013227,18579600
2016-02-29,22.883729934692383,23.280122280373078,22.867873877957123,23.046250735936795,22750600
2016-03-01,23.474353790283203,23.613090498122133,23.01057398729061,23.081924726212545,22529600
2016-03-02,23.533815383911133,23.553634700661828,23.319764646039932,23.371294567168345,18126600
2016-03-03,23.7518310546875,23.890569297124163,23.565527661417736,23.565527661417736,19434400
2016-03-04,23.680479049682617,23.79939644922286,23.517958250817035,23.779577134652282,15442800
2016-03-07,23.371299743652344,23.68841341825142,23.236526242933078,23.474362632970344,21590200
2016-03-08,23.105710983276367,23.387149195432,23.010576151726248,23.339582535715362,21004200
2016-03-09,23.299949645996094,23.42679511947311,23.109681435780566,23.268239033685497,15742000
2016-03-10,23.13743019104004,23.442652602631412,23.014549481726924,23.22860028612046,18001800
2016-03-11,23.450571060180664,23.474355145233037,23.192915431188705,23.422823717011287,14103000
2016-03-14,23.47832679748535,23.561568856754757,23.33959003203634,23.399047997749918,12943800
2016-03-15,23.545711517333984,23.55363803546297,23.26823650718764,23.26823650718764,15979200
2016-03-16,23.74786949157715,23.89849903247591,23.240487684908135,23.240487684908135,18413800
2016-03-17,24.080842971801758,24.235435795854805,23.668594432915437,23.755801261711433,21081200
2016-03-18,23.68840789794922,24.14029648007757,23.593274573797828,24.12047565143885,37358000
2016-03-21,23.720125198364258,23.807332024660457,23.632918372068062,23.6685937544513,12290400
2016-03-22,23.732009887695312,23.902458721438467,23.50606636615054,23.50606636615054,15533400
2016-03-23,23.486249923706055,23.66462680782849,23.38715182276215,23.43075522911619,16890000
2016-03-24,23.78750228881836,23.854889769040142,23.26426455110618,23.29201189233965,19763800
2016-03-28,23.819225311279297,23.92228669562657,23.565534354008417,23.61310103046736,14884200
2016-03-29,24.080842971801758,24.13633767662928,23.65670314248591,23.708234587876024,15852600
2016-03-30,24.100656509399414,24.279033383620835,23.989667126380283,24.14822317181948,16006000
2016-03-31,24.211647033691406,24.32659967343612,24.041198191170214,24.072908794925578,17673600
2016-04-01,24.52480125427246,24.572369438541077,23.93814059068136,24.01741938567848,21308200
2016-04-04,24.459102630615234,24.610404683009833,24.33567180907383,24.49095481493253,14701200
2016-04-05,24.339649200439453,24.459097524713435,24.208254980530576,24.224181828798535,14381400
2016-04-06,24.765687942504883,24.789576701270466,24.283912068401982,24.307800827167565,21801400
2016-04-07,24.447162628173828,24.809490213001666,24.295860548691348,24.701986223806358,19518000
2016-04-08,24.52679443359375,24.674115562328762,24.399382632811587,24.538740334139156,11439200
2016-04-11,24.46308135986328,24.725868311777713,24.46308135986328,24.654199004994865,14343600
2016-04-12,24.574569702148438,24.709944901164302,24.39141394898475,24.44317545654415,15116000
2016-04-13,24.66615104675293,24.841341885382594,24.578554868003895,24.75772817959583,15666400
2016-04-14,24.622352600097656,24.805506863125807,24.554664230536932,24.749764393410143,13643000
2016-04-15,24.674116134643555,24.85727041265761,24.447163764306897,24.73782203651229,16596600
2016-04-18,24.87717056274414,24.94883987013869,24.50289869435885,24.562622104608952,17245400
2016-04-19,24.797544479370117,25.048387122511457,24.701986389800002,24.861250378706345,18770400
2016-04-20,24.471044540405273,24.924949132915586,24.411321131261715,24.924949132915586,26854200
2016-04-21,24.263999938964844,24.431228825330493,24.04103011563466,24.387430747499774,28465400
2016-04-22,24.327707290649414,24.4869727616873,24.1246452580008,24.240112648559865,21977000
2016-04-25,24.28788948059082,24.3277050853069,24.080844994557694,24.29585290530763,24395400
2016-04-26,24.307798385620117,24.51086192794036,24.24011155075872,24.295854007437054,17582000
2016-04-27,24.4073429107666,25.000605265686342,24.080850023533436,24.765689503519233,34142800
2016-04-28,24.347620010375977,24.686057284961187,24.088813963550834,24.17641013672888,28125400
2016-04-29,24.192323684692383,24.30779103510553,23.897684640241508,24.100746602289135,29336600
2016-05-02,24.379472732543945,24.498921095672817,24.116685726113097,24.323730264341698,21343800
2016-05-03,24.26797866821289,24.602434870495557,24.148530350012173,24.252051820754723,22578600
2016-05-04,24.244091033935547,24.52280481929672,24.088808051498475,24.124642702743028,22312800
2016-05-05,24.307798385620117,24.471044802550104,24.1047363621679,24.303817432515103,16677600
2016-05-06,24.455116271972656,24.463079696503506,24.132605932246864,24.2440908379429,15559400
2016-05-09,24.455116271972656,24.63827199844633,24.36353916816978,24.51484119652006,12857400
2016-05-10,24.940879821777344,24.976714480326322,24.44317707463502,24.459103927071954,21596200
2016-05-11,24.71392059326172,24.99263435764975,24.638270343601636,24.877166988009762,16311000
2016-05-12,24.78957176208496,24.948837210174272,24.614380984281027,24.825406411961662,16675000
2016-05-13,24.622352600097656,24.893103040603783,24.54670232246474,24.69402192369448,16549000
2016-05-16,24.68605613708496,24.893100661144054,24.435213528473408,24.475030659370297,17526800
2016-05-17,24.06093978881836,24.590494679257155,24.02510513315948,24.57456934697286,31895000
2016-05-18,24.041025161743164,24.22019838919022,23.833980712122973,24.10074855831372,26537400
2016-05-19,23.98926544189453,24.124640610537114,23.738422904936964,23.889724921388744,17932400
2016-05-20,24.590497970581055,24.638278530433514,23.937512174614103,23.937512174614103,22254400
2016-05-23,24.61040687561035,24.877174828648823,24.459104809735887,24.46308576355466,23579800
2016-05-24,24.861248016357422,24.88513829591409,24.562626356806454,24.71791089562233,19933000
2016-05-25,24.924951553344727,25.151903871638925,24.562624034763804,24.924951553344727,17898000
2016-05-26,24.801525115966797,25.032458414385065,24.721892367975958,24.905046625147055,14586400
2016-05-27,25.03643798828125,25.14792291123898,24.87319155729251,24.928934018771372,16160000
2016-05-31,25.20366668701172,25.23950134538368,24.885137234187763,25.012549015317347,23842800
2016-06-01,25.3748722076416,25.414689331719185,25.104121839385954,25.25940482611858,15397800
2016-06-02,25.347002029418945,25.4107079117121,25.23949806826149,25.3509829825575,12857600
2016-06-03,25.307188034057617,25.39478267849598,25.084216672399315,25.35098459684273,11913200
2016-06-06,25.243488311767578,25.442569445081617,25.171818982265044,25.366917642346436,11913200
2016-06-07,25.183759689331055,25.354969560507115,25.159869410026854,25.223575302636437,12818200
2016-06-08,25.17181396484375,25.291262317249195,25.1081080756363,25.195702724003915,13385200
2016-06-09,25.05634880065918,25.13598154898759,24.90106577679637,25.032458520500153,11233000
2016-06-10,25.00458335876465,25.072271715815415,24.73383296829778,24.761704198004534,15732400
2016-06-13,24.841339111328125,25.131997331511016,24.77365226721227,24.97671431842807,15305200
2016-06-14,24.940879821777344,24.968751054107855,24.662165979603994,24.690037211934502,14937800
2016-06-15,24.825410842895508,25.12801494450155,24.785595233200677,24.86920892488071,16346800
2016-06-16,25.12403106689453,25.179775043764653,24.62632837920749,24.761703571013086,15080800
2016-06-17,24.833377838134766,25.151907318082984,24.74180070757893,25.151907318082984,23925800
2016-06-20,24.86920738220215,25.255425151530492,24.853280531764927,25.056344077669376,15595800
2016-06-21,24.901065826416016,25.004587336241393,24.705965668566055,24.873194592275784,17769800
2016-06-22,24.940879821777344,25.147924346852744,24.769669955250926,24.901064209553258,11586600
2016-06-23,25.064300537109375,25.27134497864807,24.93688880675751,25.219583488546487,14291800
2016-06-24,24.54669761657715,24.92495045109465,24.152516412363756,24.22418572222074,35744800
2016-06-27,24.86920738220215,24.972730391176043,24.275946632662137,24.295854436274638,31567200
2016-06-28,25.112089157104492,25.143942861304552,24.773651903754015,25.10810820351359,21480800
2016-06-29,25.458492279052734,25.546089974007234,25.15588965446081,25.347007341392818,20626800
2016-06-30,25.95619010925293,26.047765697606152,25.482376204622717,25.581916736672024,29341000
2016-07-01,26.102136611938477,26.162114559145977,25.69828835472009,25.954194466179104,17591400
2016-07-05,25.99417495727539,26.106132148749012,25.81424114188878,25.878218423076376,18344600
2016-07-06,26.030162811279297,26.070147091206525,25.862227005221918,26.00217351026973,21475800
2016-07-07,26.493986129760742,26.557960360592315,25.89021350127596,25.91020716437596,30780200
2016-07-08,26.833858489990234,26.86184778947127,26.50998187448042,26.629934707711353,27918600
2016-07-11,26.953815460205078,27.065772662641677,26.753891012824017,26.993799739560295,15106400
2016-07-12,26.849853515625,27.169730796571102,26.79387491519431,27.065772281831205,19438600
2016-07-13,26.721899032592773,26.93781777487723,26.6739160729947,26.86184551816476,17041400
2016-07-14,26.797876358032227,26.937825936611304,26.74589709067219,26.89384230630454,14941800
2016-07-15,26.741893768310547,27.0417804481834,26.661925207253145,27.0137911467528,14575600
2016-07-18,26.733898162841797,26.86184969104215,26.665924580805214,26.697910174901505,10137000
2016-07-19,26.82586669921875,26.877849019191036,26.585957920487505,26.65793085916744,15721200
2016-07-20,26.83785629272461,26.87384122544726,26.477991712474708,26.797868966670986,11885000
2016-07-21,26.797876358032227,26.933826592781912,26.633939868293343,26.777885740096295,14993600
2016-07-22,26.973798751831055,27.093754607936496,26.809862335798034,26.989793069352054,15377200
2016-07-25,26.977811813354492,27.06977537261289,26.901839529145274,27.013796758123686,12056200
2016-07-26,26.861845016479492,26.97780154538907,26.65392496331356,26.905828632638453,16981000
2016-07-27,27.157737731933594,27.317677908980883,26.59794863757066,27.269694940685152,23705200
2016-07-28,27.133745193481445,27.33366963313244,27.057772930220516,27.07776659442756,17688200
2016-07-29,26.88983726501465,27.165733969280478,26.817864344362906,27.13774466961618,19854800
2016-08-01,27.005796432495117,27.089764339652415,26.925824818103525,26.949817827723585,13197200
2016-08-02,26.749893188476562,27.045780533230634,26.74589384513248,27.045780533230634,14091400
2016-08-03,26.72590446472168,26.90583833679744,26.55796862460214,26.793881110051082,14937200
2016-08-04,26.861845016479492,26.897829947552534,26.661920597794946,26.661920597794946,13459400
2016-08-05,26.945823669433594,27.117758860203885,26.845861420162624,27.001802284976872,13828600
2016-08-08,26.817867279052734,26.869846541087433,26.68991574507061,26.829862258706495,14609600
2016-08-09,26.749893188476562,26.957813283291685,26.72590017901721,26.87384537669682,16783000
2016-08-10,26.87784194946289,26.929821205157342,26.641929526162272,26.749890431087838,15082200
2016-08-11,27.061779022216797,27.109761997917428,26.85785518874613,26.889843839213217,11836600
2016-08-12,26.993799209594727,27.10975575287178,26.91782694488789,26.921826287926383,8224800
2016-08-15,26.997798919677734,27.173733428384097,26.977808303164473,26.99380262673826,9572800
2016-08-16,26.913827896118164,27.053777448551447,26.84985365982733,26.885838595752496,9433400
2016-08-17,27.09775733947754,27.141740960462503,26.801870021528114,26.917826563160762,10987000
2016-08-18,26.953815460205078,27.137745585723057,26.821864592788383,27.137745585723057,11327400
2016-08-19,26.505985260009766,26.889839856950868,26.4620016347827,26.85385491845881,25660600
2016-08-22,26.565961837768555,26.57795681664718,26.318054422058633,26.533973193688887,11404000
2016-08-23,26.25408363342285,26.67792254603936,26.126129040295176,26.669923858666177,20160000
2016-08-24,26.26607322692871,26.33804614549929,26.14211800290979,26.18210533036383,17685800
2016-08-25,26.214088439941406,26.346039286597232,26.162109190018427,26.294060036674253,12948000
2016-08-26,26.194108963012695,26.46600640627053,26.054162422498912,26.286072525090702,13464600
2016-08-29,26.25408363342285,26.386031469026307,26.21409629776775,26.258079926504035,11631800
2016-08-30,26.210098266601562,26.258078185237316,26.034163763323257,26.258078185237316,12781200
2016-08-31,26.09414291381836,26.266078081592635,25.97818635410033,26.126128510846684,13573800
2016-09-01,26.346046447753906,26.42201872264912,26.098139006404754,26.230089888926333,17725200
2016-09-02,26.45400619506836,26.613943323694112,26.370035236753097,26.54197039557045,12015800
2016-09-06,26.525978088378906,26.549971099980223,26.242085697707584,26.406025232794,14562000
2016-09-07,26.529977798461914,26.56996208420907,26.39403061680049,26.438014246303997,14253400
2016-09-08,26.45400619506836,26.565963405348462,26.33405029799386,26.477996154241186,16220200
2016-09-09,26.034164428710938,26.342046766711704,25.922207214892477,26.082147399178254,28325000
2016-09-12,26.294065475463867,26.350044079453493,25.930201498926177,25.97018578026089,17208200
2016-09-13,25.898216247558594,26.206101660454816,25.88622126664676,26.10214007487637,25159400
2016-09-14,26.058147430419922,26.162108980035956,25.890211654535573,25.982178227389078,15088800
2016-09-15,26.48599624633789,26.56196853064005,25.918211412620927,25.95419940803984,20158000
2016-09-16,26.35803985595703,26.44600710572531,26.102136793324835,26.38203286536983,27162800
2016-09-19,26.33005714416504,26.521986014481104,26.22209925190381,26.38203946873288,13588600
2016-09-20,26.48200225830078,26.693921753376078,26.39803127854834,26.513987861828515,15151800
2016-09-21,26.85385513305664,26.921828717821615,26.418018220670547,26.462001846249102,16920400
2016-09-22,26.909835815429688,27.00179936647985,26.733901299534875,26.98980438596074,17431000
2016-09-23,26.849853515625,26.98980001670173,26.665923392694882,26.665923392694882,18402400
2016-09-26,26.31405258178711,26.88983591816132,26.270068963002707,26.88983591816132,15645000
2016-09-27,26.45800018310547,26.54996676959874,26.23008643900162,26.294063725363014,17256000
2016-09-28,26.66192626953125,26.673921249107266,26.390028880255922,26.45800246492346,15612200
2016-09-29,26.489994049072266,26.661929226811218,26.30206454658951,26.661929226811218,18664000
2016-09-30,26.525978088378906,26.617944689872214,26.469999478984867,26.605949709374265,21135600
2016-10-03,26.576169967651367,26.640410511581603,26.379426217974988,26.45169874446138,13470000
2016-10-04,26.431621551513672,26.6524520308486,26.35533304345617,26.52798388679976,14590000
2016-10-05,26.419578552246094,26.596242335823437,26.32722913774823,26.556091615160568,16502200
2016-10-06,26.262985229492188,26.415559173767086,26.13048511132272,26.339270669978017,14495400
2016-10-07,26.242908477783203,26.391469495598475,26.08230255158082,26.383437514471566,14942000
2016-10-10,26.411540985107422,26.495858399660648,26.271011960852046,26.28707285838166,14850000
2016-10-11,26.082304000854492,26.38745497126453,26.046169273685322,26.38745497126453,14763600
2016-10-12,26.194730758666992,26.327230902710454,26.062233677927363,26.134503141983252,12826000
2016-10-13,26.146549224853516,26.21882174698596,25.781170623155152,26.050183819807845,14289600
2016-10-14,26.17867088317871,26.395488473759695,26.094353441836763,26.17867088317871,15327600
2016-10-17,26.10639190673828,26.331241424767097,26.090334071374905,26.154574602738,10784200
2016-10-18,26.050174713134766,26.29911399418929,26.0220689123143,26.287069088595167,15356400
2016-10-19,26.062232971191406,26.30715329600374,25.98594445457381,26.14655040694065,17066000
2016-10-20,25.83738136291504,26.058214912814016,25.769124834147544,26.0100322119351,21401200
2016-10-21,25.7209415435791,25.821319870631225,25.5242008802819,25.684806816225986,22887400
2016-10-24,26.082304000854492,26.335256280948943,25.941774956357573,26.335256280948943,19291800
2016-10-25,25.905637741088867,26.351317765891615,25.85344211291776,26.09836548018066,30403000
2016-10-26,25.118675231933594,26.07026142380121,25.046402707827003,26.07026142380121,42837600
2016-10-27,24.685041427612305,25.194963583539543,24.331709238534387,25.154812859812203,44967800
2016-10-28,24.84564971923828,25.18292103783978,24.685043745941538,24.685043745941538,28923200
2016-10-31,24.82155418395996,25.086552923119072,24.773373012745164,24.970113688669148,19390800
2016-11-01,24.672992706298828,25.102611816768587,24.548523031324233,25.102611816768587,21028000
2016-11-02,24.6810245513916,24.745266622056587,24.532463518511747,24.636857840624714,23440000
2016-11-03,24.47223663330078,24.873749944653866,24.428069923987664,24.71715999829044,19074000
2016-11-04,24.355792999267578,24.588671412915758,24.10685522012585,24.27549004519402,21598600
2016-11-07,24.697084426879883,24.793448300679767,24.512388661386236,24.705114877334193,19343000
2016-11-08,25.102617263793945,25.263221700400912,24.668982068485885,24.745270592652318,22331600
2016-11-09,25.476016998291016,25.73699970183396,24.89382245707744,24.89382245707744,40324200
2016-11-10,26.13851547241211,26.46775625909287,25.496094798803718,25.50813970779272,54804800
2016-11-11,26.6845760345459,26.72874274672177,25.93776098195851,25.99397260412714,31766800
2016-11-14,27.005786895751953,27.355101525381656,26.572151772794175,26.572151772794175,37671600
2016-11-15,26.893360137939453,27.17843419167722,26.724722236645484,26.933510852227293,31409400
2016-11-16,27.090112686157227,27.11018652047039,26.736778893235282,26.81306742821697,22868800
2016-11-17,27.499649047851562,27.5919984680995,26.821093555479493,27.06200095776027,23372800
2016-11-18,27.43941307067871,27.54380736973622,27.274794236879266,27.395249432968917,20925200
2016-11-21,27.383207321166992,27.587979973007954,27.29086097260389,27.43540601351474,17255200
2016-11-22,27.712446212768555,27.76866089218535,27.383205434116825,27.40729831481069,26432800
2016-11-23,27.688358306884766,28.073810728260234,27.67229740641451,27.748585917822332,18863000
2016-11-25,27.76866340637207,27.800782144699713,27.620102371305226,27.676313992508117,6963600
2016-11-28,27.427366256713867,27.70441135047548,27.310927058803955,27.620093944396437,19572400
2016-11-29,28.162151336669922,28.194273145808477,27.415336122372246,27.503669565851116,30491200
2016-11-30,27.909189224243164,28.21835310502186,27.80479491269442,28.138051673555594,23009000
2016-12-01,28.049720764160156,28.126009275173484,27.796768475494652,27.8690409955853,19346800
2016-12-02,27.6160888671875,28.23843581079693,27.559877240922585,28.085858770960254,26722800
2016-12-05,27.575929641723633,27.832897872085763,27.45547444354635,27.71244267390848,19691200
2016-12-06,27.583961486816406,27.69638777992417,27.3912368252382,27.55184275208888,21342600
2016-12-07,27.8369197845459,27.877070504712748,27.331012133193532,27.608057309960902,21098800
2016-12-08,27.796768188476562,27.897146517382467,27.680328959349296,27.772675306492772,17552600
2016-12-09,27.885103225708008,27.8971512003741,27.6763176143892,27.893135208818737,17161800
2016-12-12,27.704421997070312,27.816845248379085,27.507681307279963,27.716466907809988,14967000
2016-12-13,28.097902297973633,28.19828062374571,27.676312104409543,27.732523721777635,18628400
2016-12-14,28.11395835876465,28.382974582953835,27.961384416016603,28.081839624656727,20540600
2016-12-15,28.05775260925293,28.362903621831357,27.94934534946135,28.17820784306921,20198200
2016-12-16,28.049720764160156,28.27055431535478,27.925252615288745,28.19024981341877,29901200
2016-12-19,28.16615867614746,28.28259790102699,28.013581661262304,28.17017466688217,14040200
2016-12-20,28.511459350585938,28.5877447920242,28.097901155351177,28.234414202464166,20764400
2016-12-21,28.43918228149414,28.551605493652357,27.89312405389469,27.89312405389469,11220000
2016-12-22,28.515478134155273,28.515478134155273,28.194269276761563,28.34282726285849,18988600
2016-12-23,28.36691665649414,28.53956750654006,28.29062814547511,28.511461696686236,8513600
2016-12-27,28.45525360107422,28.63593339203921,28.30669255156031,28.427147787739578,6139200
2016-12-28,28.2866153717041,28.50744894803153,28.246464647818353,28.451237321930705,9248400
2016-12-29,28.142070770263672,28.37093633305242,28.09389112614303,28.26654199861782,11987000
2016-12-30,27.833702087402344,28.236796958615297,27.78532959572366,28.196485011198156,24376800
2017-01-03,27.833702087402344,28.172300303043716,27.503164416022514,28.0836189393177,23670400
2017-01-04,28.16423988342285,28.32144663786204,27.886103436936686,28.019125483114404,22010800
2017-01-05,28.277099609375,28.321440281482552,27.974778522479408,28.051364439908617,16986000
2017-01-06,28.325477600097656,28.434314946573856,28.144086123130734,28.301292889934082,13528000
2017-01-09,28.55120849609375,28.603609718602666,28.236795010301073,28.273072070029645,18135400
2017-01-10,28.587482452392578,28.92608368328234,28.398027404502614,28.46655585772208,24547200
2017-01-11,28.905933380126953,28.91802573442777,28.498806691570273,28.510902121240953,23325000
2017-01-12,28.78904151916504,28.889815259914318,28.551216967174586,28.86159873551934,14599600
2017-01-13,29.333206176757812,29.401734627547867,28.92608265782009,29.02282454520073,23293600
2017-01-17,29.248563766479492,29.32112096853381,28.950274413753924,29.10748117230996,21143400
2017-01-18,29.139734268188477,29.333218121739648,29.09942538831285,29.29290924186402,18013800
2017-01-19,29.268712997436523,29.40576375009113,29.075226144746807,29.095382114428574,14471000
2017-01-20,29.655683517456055,29.67180767806783,29.32111410434243,29.45413612286267,25014600
2017-01-23,29.530738830566406,29.724222697020373,29.381592582173074,29.64763674276054,16937200
2017-01-24,29.667783737182617,29.7443727515582,29.42592741460235,29.50654516367244,17553000
2017-01-25,29.603290557861328,29.780650223315135,29.470268502243446,29.671815953045073,26600000
2017-01-26,30.433664321899414,30.985905430635277,29.425927092697446,29.474299586832327,52161400
2017-01-27,30.615062713623047,30.631186881979584,30.074916912846998,30.42963939057885,23326800
2017-01-30,30.369171142578125,30.598938209516728,30.0305728709492,30.57475042199301,26341800
2017-01-31,30.401418685913086,30.429635207815807,30.018479735037552,30.25227553101452,26925600
2017-02-01,30.478008270263672,30.711804070567272,30.33289384768697,30.349018014125527,18004000
2017-02-02,30.26839828491211,30.490101737308233,30.236153026230276,30.409483977548046,15387800
2017-02-03,30.336925506591797,30.41351145257948,30.20793525109802,30.3530496729498,13851000
2017-02-06,30.04669952392578,30.30871187029414,30.010419377323114,30.30871187029414,16223000
2017-02-07,30.175678253173828,30.312729014806152,30.038624416172112,30.095060519904155,15812400
2017-02-08,30.107154846191406,30.19986493799269,30.06281416737528,30.17568023150011,14212200
2017-02-09,30.244205474853516,30.328855022549828,30.054750407231957,30.232113121663986,14329400
2017-02-10,30.292572021484375,30.34497323348439,30.15148946966205,30.22807538329761,12684200
2017-02-13,30.518320083618164,30.522351894458115,30.272431903681184,30.312740785968927,20421800
2017-02-14,30.671483993530273,30.727920098803416,30.413503549579378,30.47396838886744,15477400
2017-02-15,30.8770694732666,30.90125725910444,30.510254704568847,30.534439415036584,13849200
2017-02-16,30.631175994873047,30.816599252013056,30.506217578736635,30.816599252013056,16599400
2017-02-17,30.36110496520996,30.651333758696655,30.240175276133925,30.611024887461223,19599800
2017-02-21,30.546524047851562,30.65939010199431,30.159553401346738,30.65939010199431,13556300
2017-02-22,30.586833953857422,30.812569145189745,30.490092057783244,30.5304009248667,13126100
2017-02-23,30.35304832458496,30.764203784653514,30.280491116882256,30.73195545337006,13258400
2017-02-24,30.546524047851562,30.55458766621566,30.207925885423336,30.409473289355184,11557800
2017-02-27,30.256303787231445,30.47397541362371,30.23211907608903,30.441727081853703,9563600
2017-02-28,30.167619705200195,30.328858274209924,29.974135882684454,30.328858274209924,16872300
2017-03-01,30.304677963256836,30.498164889222615,30.248244917218976,30.409483509628732,16486500
2017-03-02,30.191802978515625,30.272420713290252,29.982191947510472,30.24823600793175,11116100
2017-03-03,30.006376266479492,30.232108358101875,29.974127946142268,30.19986003776465,11067100
2017-03-06,30.18374252319336,30.23211501434944,29.748402404267758,29.885453182821983,13181100
2017-03-07,30.167619705200195,30.344982438647886,30.046693084970332,30.167619705200195,14812400
2017-03-08,29.917695999145508,30.103119234699154,29.901571838397032,29.966065406021723,12934300
2017-03-09,30.135372161865234,30.1918051954251,29.925761115468863,29.97413360510718,11213300
2017-03-10,30.086999893188477,30.320795648436185,29.933824954596716,30.31273202908574,12435000
2017-03-13,30.070871353149414,30.224049344816365,29.94188114064366,30.086995514133793,10991800
2017-03-14,30.159564971923828,30.320803572001612,29.958017490669228,29.998326371846048,9592100
2017-03-15,30.433664321899414,30.498160980745922,30.15955967254168,30.248241040770647,11142600
2017-03-16,30.377229690551758,30.627149617424852,30.296611946590012,30.393353854418066,13028300
2017-03-17,30.19986343383789,30.602958257275244,30.127306242604387,30.530401066041744,32703100
2017-03-20,30.215988159179688,30.433659736938555,30.15955512887585,30.25629702720107,11041000
2017-03-21,29.885452270507812,30.320795451513455,29.82901923690001,30.224053547524317,18806700
2017-03-22,29.861265182495117,30.03862481310593,29.67584193322915,29.966067622056688,11088900
2017-03-23,30.006376266479492,30.215984197933263,29.708083916413806,29.83707412239361,11690900
2017-03-24,30.135372161865234,30.288547099332064,29.893515864412993,30.0225060947455,17814800
2017-03-27,29.917695999145508,30.078934531261044,29.748396924340337,29.9821895667702,13473700
2017-03-28,29.90157127380371,30.054746184968202,29.579094215661566,29.788705226064707,14389600
2017-03-29,30.006376266479492,30.078933449553702,29.708083916413806,29.748395854519885,10407800
2017-03-30,30.240175247192383,30.27242357429776,29.933825365800505,29.933825365800505,10232300
2017-03-31,30.304677963256836,30.385295721776536,30.038633824475184,30.16762408332892,15556500
2017-04-03,30.408294677734375,30.67545859034275,30.262567784184274,30.335431230959326,16497700
2017-04-04,30.594511032104492,30.707853523962626,30.40830506857309,30.40830506857309,13177000
2017-04-05,30.23019027709961,30.756426745429202,30.14923224582625,30.62689204238128,18128600
2017-04-06,30.869770050048828,31.047878341283237,30.173519844416024,30.181614412419446,23316500
2017-04-07,30.788801193237305,30.983104748366003,30.69974552581791,30.97500709404593,14346000
2017-04-10,30.497360229492188,30.821198594770692,30.408307612974554,30.724048320527753,12640000
2017-04-11,30.141138076782227,30.497357779288123,30.092561399387712,30.497357779288123,20042400
2017-04-12,30.189706802368164,30.3678150625327,30.060172118452833,30.319241486283495,17486000
2017-04-13,30.068265914916992,30.27066404637265,29.94682888905383,30.254471825254154,18033900
2017-04-17,30.116851806640625,30.278770979090304,30.019701538511356,30.197809848689797,14475200
2017-04-18,30.432594299316406,30.594513481369695,29.995413434277975,30.100661365865342,23066600
2017-04-19,30.384016036987305,30.75643106283457,30.351634672943018,30.61879868432873,15479800
2017-04-20,30.764522552490234,30.86167281160191,30.481166343268246,30.57831660237992,17250100
2017-04-21,30.89405059814453,30.966914048852317,30.707844688191386,30.7402291303616,17106900
2017-04-24,30.772621154785156,31.274570917426598,30.75643201643675,31.24218646402687,20029900
2017-04-25,31.161212921142578,31.20978648873311,30.77260585031881,30.77260585031881,12523800
2017-04-26,31.404098510742188,31.719839138805597,31.16931590944092,31.315042828293375,31464100
2017-04-27,32.05177307128906,32.885652510806324,31.727934776612976,32.01938862415128,35177200
2017-04-28,31.727928161621094,32.011287382472496,31.56601213639197,31.978902942086584,19452000
2017-05-01,31.727928161621094,31.938423935779305,31.56601213639197,31.914134061314762,15976800
2017-05-02,31.849382400512695,31.857476970025637,31.62269739393126,31.833190173135222,14481800
2017-05-03,31.201705932617188,31.938435225901653,30.89405981689966,31.922242999984803,26298700
2017-05-04,30.999298095703125,31.30694102734576,30.691652075710138,31.072161545481716,17685300
2017-05-05,31.58222198486328,31.5903196444466,30.991219457723204,31.193617710374696,17640700
2017-05-08,31.736024856567383,31.865559525845203,31.395994419494276,31.841272740465026,17214400
2017-05-09,31.63888168334961,31.800797739797623,31.436483524438778,31.72793427905569,12511400
2017-05-10,31.655061721801758,31.655061721801758,31.395992399911048,31.590295935504045,12920700
2017-05-11,31.78460693359375,31.833183605704427,31.452674061714852,31.460771717908774,13483700
2017-05-12,31.557924270629883,31.760322453295558,31.485060801336193,31.752227884863448,12481000
2017-05-15,31.549829483032227,31.695556420607293,31.46886835751766,31.485060582620573,11902000
2017-05-16,31.428394317626953,31.646984758617293,31.32314638196087,31.646984758617293,17815900
2017-05-17,30.84547233581543,31.36361411862646,30.69974544195455,31.315037457889424,22168800
2017-05-18,31.306943893432617,31.58220549686801,30.845476365371905,31.128835624163102,20337400
2017-05-19,31.452680587768555,31.493162700435814,30.926447094961723,31.031695028863727,18739600
2017-05-22,31.970815658569336,32.027486897978314,31.379810296131307,31.59030611823686,13109600
2017-05-23,32.205589294433594,32.27845274439907,31.85746426552636,32.10034449097818,15488500
2017-05-24,32.650875091552734,32.70754633351614,32.12463860091988,32.26226787758785,17023700
2017-05-25,32.65896224975586,33.03137406626278,32.569906578775864,32.828975937072016,35101100
2017-05-26,33.12042236328125,33.185191232610265,32.55370711005104,32.55370711005104,18189500
2017-05-30,33.274253845214844,33.71143458017811,33.096145577465464,33.21758261161041,25469500
2017-05-31,33.751922607421875,33.768114833969946,33.24997593783738,33.28236039093352,26340500
2017-06-01,33.72764205932617,33.86527446630345,33.56572285220373,33.70335525918101,17969800
2017-06-02,33.99481201171875,34.14053591293317,33.63858910906587,33.76002929648885,17387000
2017-06-05,33.83287811279297,34.148618757085146,33.630479947133786,34.10813974162349,14300000
2017-06-06,33.77620315551758,33.88144796646273,33.638570812076914,33.86525883274084,12869000
2017-06-07,33.91383743286133,33.97050867433203,33.711439259508516,33.83287939886061,12862700
2017-06-08,33.144718170166016,33.9219293719947,32.974704474408384,33.84906591833422,25478600
2017-06-09,32.94232177734375,33.24187326291214,32.77230807257294,33.12852770471425,20497000
2017-06-12,33.169002532958984,33.61427774759501,32.837069763319406,32.837069763319406,15749200
2017-06-13,33.37141799926758,33.41189702377459,33.015195171562,33.023292829474364,11430000
2017-06-14,33.26616668701172,33.52523612357255,33.079960722505575,33.52523612357255,12170800
2017-06-15,33.549522399902344,33.614291302217715,33.104247005713525,33.14472602548501,12179100
2017-06-16,33.419979095458984,33.476650326246116,32.93422480632633,33.330923421836225,27387600
2017-06-19,33.84096908569336,33.93811933015145,33.3552147750523,33.86525896307082,15147400
2017-06-20,32.699440002441406,33.20138647882436,32.31893054590017,32.78849567000214,27959000
2017-06-21,32.61039352416992,32.812791702623514,32.39180312083791,32.70754687344045,20115900
2017-06-22,32.33513259887695,32.8613691099296,32.31894037363752,32.65897092696338,18584000
2017-06-23,31.978904724121094,32.35941419898403,31.857464610081742,32.32702975679348,27861300
2017-06-26,32.05177307128906,32.18130777148932,31.711742553044086,32.124636533173636,18124300
2017-06-27,31.77651023864746,32.059866419447964,31.646975543374264,31.987002960334873,25062400
2017-06-28,32.270355224609375,32.383697672326505,31.71983211711182,31.792695560408557,18067400
2017-06-29,31.468870162963867,32.19750489264276,30.991210304252448,32.03558572067508,24803600
2017-06-30,31.63794708251953,31.82491610558781,31.49975609263638,31.80865779484467,18261600
2017-07-03,31.182727813720703,31.90620561038934,31.15021119116225,31.768014615949625,11541700
2017-07-05,31.467233657836914,31.516008581055573,31.133946101563904,31.304653681396516,20074100
2017-07-06,31.093307495117188,31.369692574667567,31.003888336886817,31.304659331970683,14121900
2017-07-07,31.35343360900879,31.491627696374902,31.093306845566772,31.13395107092541,17471300
2017-07-10,31.507892608642578,31.662345053907057,31.30466831831064,31.34531565714229,13675400
2017-07-11,31.516010284423828,31.68671787348279,31.394074520264397,31.491624371974062,19858600
2017-07-12,31.719240188598633,31.95498105447797,31.694854271768307,31.889947808322628,13415500
2017-07-13,31.954978942871094,31.99562316855446,31.73549640303415,31.751754713498627,15999300
2017-07-14,31.86556053161621,32.10130138743521,31.39407881997822,32.07691237068984,19790200
2017-07-17,31.86556053161621,31.971238001630887,31.751755456656895,31.800527288236193,10835700
2017-07-18,31.849308013916016,31.946854795773337,31.54040625358549,31.938727189350345,11932000
2017-07-19,31.979360580444336,31.995618888734057,31.572912176067035,31.914327347285454,11517800
2017-07-20,32.10129928588867,32.27200688715209,31.84116943035399,31.97936351301165,14159300
2017-07-21,32.21510314941406,32.515874116726266,31.9793623178385,32.01187893618452,11648300
2017-07-24,32.08504867553711,32.27201463144727,31.914337932352826,32.23137039772006,11227300
2017-07-25,32.31265640258789,32.45084740691994,32.10130454274004,32.23136794132857,17875100
2017-07-26,31.98750114440918,32.491499602728624,31.824924197551542,32.21511445173155,25370700
2017-07-27,32.052528381347656,32.71910366127733,31.597304953194456,32.63781520312236,51419900
2017-07-28,32.12569046020508,32.19072060901987,31.816788725705752,31.987496354920108,20378100
2017-07-31,32.881683349609375,33.052390970600676,32.43459063231773,32.467104154680925,27131000
2017-08-01,32.792266845703125,33.2068429733015,32.605300897887695,32.84104178463781,18798800
2017-08-02,32.52400207519531,32.67032375839124,32.15007026300814,32.65406544904109,17281900
2017-08-03,32.27200698852539,32.50774782965187,32.11755459560192,32.21510445459217,16315000
2017-08-04,32.19071960449219,32.38581624676052,32.14194776964205,32.37768864127081,11476600
2017-08-07,32.198856353759766,32.27201722072114,32.0687929348236,32.21511466874635,12280800
2017-08-08,32.45085144042969,32.654075719793966,32.05253358941128,32.20698292538383,13626200
2017-08-09,33.02800369262695,33.060517213650385,31.987493495983447,32.14194589990667,17401800
2017-08-10,33.10929489135742,33.3694216868437,32.82478217784306,32.841040490180454,20578400
2017-08-11,33.418190002441406,33.55638097849435,33.06051340380011,33.133674244344434,16735300
2017-08-14,34.060386657714844,34.125416807351016,33.63767983173346,33.7189682940177,18477600
2017-08-15,33.735225677490234,34.13354657400654,33.52387382079888,34.109157555228165,13599400
2017-08-16,33.52387237548828,33.881545925605614,33.36941996672274,33.881545925605614,11617500
2017-08-17,32.73536682128906,33.52387800618758,32.727236113695845,33.49136137772743,15084600
2017-08-18,32.938575744628906,33.14179992634482,32.556513290697424,32.61341581350148,19547100
2017-08-21,33.16619873046875,33.28000382032294,32.89794431880619,32.946716156768765,16498100
2017-08-22,33.613285064697266,33.74334844268595,33.21496732627495,33.271869860335286,11752300
2017-08-23,33.04426956176758,33.57265083548399,33.01988053922686,33.53200659919141,11720800
2017-08-24,32.62968444824219,33.231229580945104,32.52400697203305,33.16619633375305,14401700
2017-08-25,32.6784553527832,32.96296802176436,32.45084211664276,32.7760021105831,13409700
2017-08-28,32.792266845703125,32.906071935594596,32.65407273586625,32.792266845703125,8330900
2017-08-29,32.64594268798828,32.85729453898419,32.58091254189566,32.6540702933914,9145800
2017-08-30,33.18244552612305,33.27186466595939,32.5239980335641,32.59715886607065,11902100
2017-08-31,33.01173400878906,33.31250490608874,32.93857318501836,33.23934408231804,14273400
2017-09-01,33.377559661865234,33.515750695391866,33.044271938761185,33.14181873307155,11343400
2017-09-05,33.06052017211914,33.45071346887482,32.84104070650861,33.304391757830444,11380700
2017-09-06,33.46696090698242,33.60515498018418,32.96296574209048,33.166189949009606,14572800
2017-09-07,31.377822875976562,33.53200116061675,31.060793542974594,33.53200116061675,70719000
2017-09-08,31.060791015625,31.264015248547366,30.491762543251234,31.25588764365098,53868200
2017-09-11,30.75189781188965,31.231504108850164,30.5324152296949,31.133957328193468,29644600
2017-09-12,30.80879783630371,31.564792301641585,30.53241272961077,31.19898802793681,36773200
2017-09-13,30.857576370239258,31.14209224530388,30.792546207996008,30.800673815417664,23398200
2017-09-14,30.564929962158203,30.922606673608524,30.540544041270724,30.841315102389647,26552600
2017-09-15,30.020286560058594,30.52428183350305,29.621965664284833,30.52428183350305,62370100
2017-09-18,30.166614532470703,30.32919458697255,29.74390763114855,29.979648555128396,27256900
2017-09-19,30.321063995361328,30.418610788055034,29.808937907045262,30.13409801729979,38769700
2017-09-20,30.45111846923828,30.727503551433983,30.280410856958625,30.434860158408448,31081300
2017-09-21,30.459253311157227,30.678735885729658,30.377961745969582,30.386092452966416,18562700
2017-09-22,30.97137451171875,31.00389113600288,30.29667161308084,30.30479921867389,21749200
2017-09-25,30.816919326782227,30.97949931627333,30.508017656844665,30.946982698184033,21601800
2017-09-26,30.735637664794922,30.955120233896732,30.59744355789849,30.808798521162192,16012300
2017-09-27,31.320926666259766,31.572925902878087,30.662481949511,30.7519011335032,24698700
2017-09-28,30.743762969970703,31.215244698156297,30.670602119078314,31.093308913017037,16361300
2017-09-29,31.28028678894043,31.304672714899045,30.57306702752757,30.74377471115188,19204300
2017-10-02,30.865694046020508,31.58104103343455,30.83317742815023,31.22336753972753,18158900
2017-10-03,31.26405143737793,31.329356435054223,30.766111728794094,30.83957829422308,18542100
2017-10-04,31.50078010559082,31.517106356420914,31.11712099586844,31.304868209543617,20979300
2017-10-05,31.304868698120117,31.655875311660484,31.09263366184441,31.508942165810378,20141600
2017-10-06,31.027324676513672,31.386495926469667,30.978349043456834,31.272215297452252,18821500
2017-10-09,30.855894088745117,31.223226791426782,30.790592227108725,31.010991848717723,10684800
2017-10-10,30.766111373901367,31.051816064568964,30.619178244738293,30.85590418771365,15016500
2017-10-11,30.545700073242188,30.725285632626896,30.36611762776994,30.725285632626896,26369100
2017-10-12,29.345766067504883,30.1212458884097,29.20699448650036,30.039614630785252,50704500
2017-10-13,29.39472198486328,29.51716723218447,28.78250197608132,29.321255459252967,43672500
2017-10-16,29.88451385498047,30.276334470418806,29.484528558477518,29.517181054909077,26664900
2017-10-17,29.77023696899414,29.982471994618166,29.745746036638945,29.851865106407878,14930300
2017-10-18,29.549823760986328,29.9008301965476,29.49268346811937,29.835525225321124,17992900
2017-10-19,30.121246337890625,30.211036051746277,29.42739465034225,29.509025909184835,25334200
2017-10-20,30.382450103759766,30.382450103759762,30.096745463043348,30.366123857383418,14577700
2017-10-23,29.83553695678711,30.423269473274775,29.811049139904668,30.423269473274775,30745800
2017-10-24,29.79471778869629,30.10491024304962,29.598805945443367,29.908998399796697,25248400
2017-10-25,30.064104080200195,30.080427217004825,29.549838081264422,29.56616433198298,26233700
2017-10-26,29.60698127746582,30.366134883086552,28.994760828669374,29.29678871151297,58632000
2017-10-27,30.031448364257812,30.1375643116991,28.84782178212386,29.329435228071596,51081700
2017-10-30,29.79471778869629,29.957977139088207,29.43554970896456,29.9334862124859,29432200
2017-10-31,29.411060333251953,29.85185966838021,29.329432210708177,29.80288092650598,21828600
2017-11-01,29.451879501342773,29.729416382336876,29.33759576256972,29.590647941839823,18199800
2017-11-02,28.69272804260254,29.46004308629389,28.50497773014459,29.46004308629389,40319000
2017-11-03,29.12535858154297,29.133520148173503,28.39069302826503,28.63558362196651,30164300
2017-11-06,29.01108169555664,29.435554834928954,28.79884356891366,29.043734194103816,23362200
2017-11-07,29.704927444458008,30.129400544981028,29.035566855071462,29.035566855071462,38113900
2017-11-08,29.55799674987793,29.900841753504928,29.443716119973473,29.80288425880372,23914900
2017-11-09,29.843706130981445,30.13756931954934,29.247811957132544,29.370254173890636,16159800
2017-11-10,30.080419540405273,30.45591698327631,29.794718010527117,29.794718010527117,18010100
2017-11-13,30.406944274902344,30.431432092631074,29.868190487474045,29.94981862251231,16256600
2017-11-14,30.088584899902344,30.251844255195433,29.884511484264277,30.21102708093726,20192100
2017-11-15,30.349803924560547,30.43143205950997,29.933492340142752,30.12124265557117,20447100
2017-11-16,30.260009765625,30.668156650096787,30.121241319583127,30.121241319583127,21597800
2017-11-17,29.517183303833008,30.20287021157117,29.484530804913646,30.20287021157117,38138600
2017-11-20,29.247802734375,29.672272688651187,29.182497748232123,29.46819927782439,19409500
2017-11-21,29.72942543029785,29.80289201348287,29.386583451377376,29.500864111017535,22750400
2017-11-22,29.721250534057617,29.786555518235712,29.492689317260353,29.704924288013093,16402300
2017-11-24,29.280441284179688,29.672261714383016,29.20697475889707,29.623286106802585,12296300
2017-11-27,29.01923942565918,29.28045315166571,28.823330688110904,29.206986596606797,24580500
2017-11-28,29.59065055847168,29.59065055847168,28.782518317925156,29.027408951609033,34506700
2017-11-29,30.357967376708984,30.798766806187825,29.3947403777355,30.26817766825717,33941000
2017-11-30,30.643667221069336,30.725295348103135,29.778394750509246,30.178380046367117,42859900
2017-12-01,31.37017059326172,31.59057029019236,30.292663039765493,30.325315538699,32532600
2017-12-04,32.912967681884766,33.24764803480115,32.17830197357371,32.17830197357371,55137400
2017-12-05,32.25992965698242,32.97010435382352,32.21911559190669,32.545631226426096,28738200
2017-12-06,31.533422470092773,32.52113697343496,31.468117487766207,32.512975407600614,25463700
2017-12-07,30.92936897277832,31.484448959032676,30.81508834865186,31.427308646969447,29281700
2017-12-08,30.97835922241211,31.427320318464393,30.913054204993426,31.427320318464393,22224000
2017-12-11,31.378324508666992,31.39465075415219,30.986503958760988,31.247717658698324,23772100
2017-12-12,32.25175857543945,32.77418909204152,31.83545021201936,32.16196889565653,33637600
2017-12-13,31.492616653442383,32.27625796293079,31.427311654028134,32.25176703119357,27981100
2017-12-14,31.933406829833984,32.41502020960576,31.174253483517234,31.680357790337176,23292300
2017-12-15,32.41503143310547,32.54563833823591,31.827301916975607,32.23544888474751,47358400
2017-12-18,32.27625274658203,32.71705207964684,32.20278619107123,32.635420843571914,18523300
2017-12-19,31.949731826782227,32.276250520737925,31.721170609361067,32.210945536381566,21131900
2017-12-20,32.145652770996094,32.317073732615896,31.802807733842567,32.16197902170949,17191000
2017-12-21,33.31294631958008,33.663952852334056,32.16197235126757,32.22727422666353,34401700
2017-12-22,33.28845977783203,33.54151197387843,33.092551011917266,33.33743852626757,13571500
2017-12-26,33.321102142333984,33.476196794338016,33.16600749032996,33.17416905563007,10478700
2017-12-27,32.98643493652344,33.34560311585777,32.85582804277332,33.33744154733575,12029600
2017-12-28,32.88846969604492,33.12519558597834,32.67623161751395,33.12519558597834,9198000
2017-12-29,32.69255447387695,32.9945822008769,32.69255447387695,32.73336852662084,12231000
2018-01-02,33.65796661376953,33.69074843722567,32.82204887311842,33.48586672999491,18270300
2018-01-03,33.1170768737793,33.90382182798089,32.82204673439206,33.39571610250651,21062900
2018-01-04,33.33015823364258,33.37113708051466,32.86302814077413,33.16625535114263,18143800
2018-01-05,33.63337707519531,33.797283043158494,33.1170743702975,33.5268377270823,17007500
2018-01-08,33.17444610595703,33.62518524267923,33.0187371318157,33.41210963984126,15189500
2018-01-09,33.280975341796875,33.62517500922327,33.14985121236122,33.21541171395613,17026000
2018-01-10,33.67436218261719,33.73992271234965,32.91220187621326,33.133474525773806,20198100
2018-01-11,34.911834716796875,34.96920133331011,33.71532653488348,33.76449926028602,36703700
2018-01-12,34.78071594238281,35.00198855147007,34.362758653826845,34.887255300738886,18970000
2018-01-16,34.27261734008789,34.90365347670204,34.21525070278181,34.90365347670204,19018100
2018-01-17,34.157875061035156,34.59222323649512,33.93660246422166,34.46109908204043,17078100
2018-01-18,34.29719161987305,34.3709491489452,33.60878905728168,33.64976789384668,21817300
2018-01-19,34.82989501953125,34.89545867546078,34.248031641268994,34.379155826880876,23591700
2018-01-22,35.14950180053711,35.174086602633515,34.54305375635182,34.756129335762374,22437400
2018-01-23,34.78071594238281,35.10852790982615,34.38734345719878,34.8298886753733,19155500
2018-01-24,35.2314567565918,36.05917740790665,34.06772713277937,34.99379324610417,48918800
2018-01-25,34.53486251831055,35.674004391051916,34.40373834143917,35.33799849242858,27799100
2018-01-26,35.07574462890625,35.07574462890625,34.37914813487138,34.50207527286469,27999900
2018-01-29,34.403724670410156,34.698754732696216,33.88742206140955,34.66597291994316,21559300
2018-01-30,34.698768615722656,34.797110967083015,34.16607488721401,34.4447141546075,21398600
2018-01-31,34.85447311401367,35.01837909602016,34.4856885623073,34.65778843660315,26926300
2018-02-01,34.32998275756836,34.9036522364926,34.3217888637789,34.559449298639194,26485900
2018-02-02,33.69074630737305,34.55124879809387,33.46127981017991,34.010361250248216,32030600
2018-02-05,32.12545394897461,34.12509838755352,32.043499386176144,33.89563186421164,42367300
2018-02-06,32.5106201171875,32.617159455110425,31.551775454619236,31.895975140798814,48696300
2018-02-07,32.90399932861328,33.12526879373294,32.26476635591819,32.37130570574177,33065600
2018-02-08,31.297719955444336,32.91218836954711,31.264941267153578,32.69911282755061,34122900
2018-02-09,31.609148025512695,31.95335090280099,30.674887985546267,31.445242042339537,37376000
2018-02-12,31.584566116333008,32.018914354231825,31.36329348771091,31.633735727417772,30682500
2018-02-13,31.92876434326172,32.10086422616701,31.223970773748523,31.273143508684353,18133300
2018-02-14,32.31393814086914,32.46964708894942,31.551778057180403,31.814026351971552,21982500
2018-02-15,32.84663009643555,32.879408786951416,32.17461535779943,32.58437868858583,21687700
2018-02-16,32.60897445678711,33.1252741268516,32.52701989517197,32.772880453770526,22563900
2018-02-20,32.34672546386719,32.52701924331358,31.994328671601462,32.404092092724696,18163800
2018-02-21,31.9697322845459,32.64994088429491,31.961538393839298,32.33032600055587,14230300
2018-02-22,31.797630310058594,32.42866614449125,31.609139573993634,32.010708969085606,18800900
2018-02-23,32.37131118774414,32.494241468069774,31.88779021204188,32.084478035313516,16514400
2018-02-26,32.43686294555664,32.56798707091594,32.26475999094789,32.39588411630719,14875600
2018-02-27,30.04385757446289,31.305929815685555,29.986490938611606,31.142023802004516,69200000
2018-02-28,29.675067901611328,30.388058545968484,29.2980862829551,30.24054345584266,69818500
2018-03-01,29.94551658630371,30.215958863935924,29.6668772881766,29.863562012591427,34517600
2018-03-02,29.90453338623047,29.978290921007968,29.552136622987604,29.70784558474163,28854900
2018-03-05,30.14219856262207,30.404446922097257,29.625898863419252,29.838974483150203,29259400
2018-03-06,30.21595001220703,30.39624689530896,29.822577552368077,30.388053003461785,19795200
2018-03-07,29.601306915283203,30.17497629616493,29.527549378794884,30.17497629616493,25136500
2018-03-08,30.224151611328125,30.330687852720967,29.593115551072646,29.806191160105215,23111100
2018-03-09,30.429033279418945,30.437227172495167,29.912730480704237,30.32249391194676,23737400
2018-03-12,30.289710998535156,30.502789725821465,30.215953458512473,30.39625036217831,17947700
2018-03-13,29.85536003112793,30.412638476426636,29.683260162321513,30.314296140858183,20580700
2018-03-14,29.519359588623047,29.95370784927732,29.47018684871524,29.87175640901136,26107400
2018-03-15,29.625892639160156,29.75701679134919,29.421010955974392,29.502962378750144,22205500
2018-03-16,29.363643646240234,30.011067373978694,29.322664809566877,29.740625184163147,46607100
2018-03-19,28.929298400878906,29.396428474997087,28.585098609948446,29.175155841007374,34417400
2018-03-20,28.33103370666504,29.093193678482702,28.31464279986569,28.978460457133085,20893700
2018-03-21,28.265483856201172,28.80637147940385,28.232702030250227,28.314653468880604,21662600
2018-03-22,27.232873916625977,28.05240067834056,27.216483006242107,28.003227947188947,53922000
2018-03-23,27.183704376220703,27.642640542098235,27.167316590159775,27.57708001911394,43863100
2018-03-26,27.486923217773438,27.691804870035472,26.831302555784113,27.659023055374526,32248200
2018-03-27,27.03618812561035,27.765566413151312,26.839500335390387,27.577075640907292,31011300
2018-03-28,27.27385711669922,27.740987249013674,27.159123838761964,27.20829658341251,32906700
2018-03-29,28.00322914123535,28.290065395813937,27.314829633238663,27.421365865906743,32542600
2018-04-02,27.470537185668945,28.109767053772615,27.25745847880341,27.937667185628776,35584000
2018-04-03,27.58592987060547,27.65186412780706,27.132618097045537,27.544717422777588,29274500
2018-04-04,28.278249740600586,28.360668327359274,27.239757940662845,27.32217967148908,26401000
2018-04-05,28.517269134521484,28.69035322292506,28.311219492959715,28.492544183635836,23737400
2018-04-06,28.121658325195312,28.45957966116379,27.915608653407986,28.228805034863896,33780800
2018-04-09,27.981542587280273,28.48430422714014,27.95681449176599,28.34418883278617,17554700
2018-04-10,27.907365798950195,28.352433808688577,27.64362249186113,28.212318408259137,30537700
2018-04-11,27.66010856628418,28.080448505645982,27.643624215554716,27.684833520344164,21874300
2018-04-12,27.30570411682129,27.93209375243886,27.116138790988753,27.833190787671573,29449600
2018-04-13,27.215030670166016,27.5694362222952,27.091399656514522,27.39635531843693,24725500
2018-04-16,27.635372161865234,27.808456220466955,27.182063657294247,27.478775593105794,15267200
2018-04-17,27.421083450317383,27.899116927586064,27.23975878097358,27.816698338284873,33580500
2018-04-18,27.421083450317383,27.651858015614838,27.35514606362231,27.46229274496798,23564000
2018-04-19,27.59416961669922,27.82494422583981,27.256248305856968,27.412844912906902,21006800
2018-04-20,27.371633529663086,27.857910807720334,27.280971184658988,27.651861166917566,25272500
2018-04-23,27.915597915649414,27.956807205341995,27.33865842775147,27.396355206201804,20953200
2018-04-24,27.487022399902344,28.26177110590142,27.35515074799776,28.096930755003648,28917300
2018-04-25,28.237037658691406,28.665621232181568,27.23975828364363,27.34690496303307,39731600
2018-04-26,27.470539093017578,28.4183655360531,27.215036411468205,28.278253292152698,32554700
2018-04-27,26.217754364013672,27.289213378451816,26.20951219020639,27.256244683222683,51653800
2018-04-30,25.87159538269043,26.5721661287326,25.830386078586386,26.30017906232287,38337600
2018-05-01,26.423810958862305,26.456776516752676,25.723240190545116,25.86335402980171,25115000
2018-05-02,25.797414779663086,26.374354411222182,25.698511830960058,26.36611223682459,19864100
2018-05-03,25.558395385742188,25.76444500842115,25.179263262555292,25.673782671391567,21774300
2018-05-04,26.34139060974121,26.41556862107306,25.5171918811956,25.541918408984323,20750000
2018-05-07,26.69578742980957,26.712271776182497,26.225994562417707,26.399075483232057,18655600
2018-05-08,25.21223258972168,26.390836712559995,25.15453894544857,26.003462406096716,52988700
2018-05-09,25.32762336730957,25.525430848652572,25.080364408639348,25.195751713080902,22805200
2018-05-10,26.011709213256836,26.077645043033076,25.302899436170794,25.335866565041822,24505700
2018-05-11,26.29193115234375,26.33314201949313,25.970494248747787,25.995220769037413,14674200
2018-05-14,26.489744186401367,26.580406541220807,26.217758693977217,26.28369452329113,19657800
2018-05-15,26.382591247558594,26.39907559400069,26.15181668550448,26.357866299929253,23990300
2018-05-16,26.82766342163086,26.93481011845404,26.407323524967776,26.48150152368104,19169800
2018-05-17,26.712278366088867,27.06668404036954,26.687553412463636,26.918328030481426,23067300
2018-05-18,26.9677791595459,27.000744714006977,26.596889161262535,26.74524516057588,18067100
2018-05-21,26.654579162597656,27.107887701077228,26.539191877610246,27.00898476309769,18368400
2018-05-22,26.79468536376953,26.959525652670038,26.629848218936026,26.71226679135278,13577000
2018-05-23,26.27545166015625,26.572165242351293,26.209515832568727,26.250726707332262,27868200
2018-05-24,26.06940269470215,26.415566191737383,25.780934423867933,26.18479157507001,24034700
2018-05-25,26.168306350708008,26.382596609874962,26.02819252153939,26.036434696435673,13190300
2018-05-29,25.970497131347656,26.28369189627685,25.86335043690034,26.00346425669251,19084300
2018-05-30,25.945768356323242,26.127093032100735,25.813896722321726,26.110608684842077,17408700
2018-05-31,25.69851303100586,26.019949987351914,25.2781715493042,26.003465637786963,35462000
2018-06-01,25.764453887939453,25.921052095315297,25.649066562522727,25.830389727039638,18234100
2018-06-04,25.789175033569336,25.97049816023465,25.67378616020588,25.79741563620651,19434400
2018-06-05,25.6160945892334,25.813902081300608,25.583127459905967,25.764450601292356,22919900
2018-06-06,26.596891403198242,26.77821611632524,25.517190015865932,25.65730385235761,33711500
2018-06-07,26.374353408813477,26.918324322107537,26.333144110425792,26.720515288151546,26415000
2018-06-08,26.44028663635254,26.53094582089674,26.242477633557378,26.357864908493124,21775000
2018-06-11,26.374353408813477,26.736999636320206,26.27544889183548,26.349626886560486,25960600
2018-06-12,26.68754768371582,26.885353558393394,26.234237576139204,26.324899912061298,32994300
2018-06-13,26.638099670410156,26.91008672950844,25.541915547147514,25.57488424717184,45830100
2018-06-14,27.874401092529297,28.072210173216178,27.00899304567013,27.074927309853308,42639500
2018-06-15,27.92384910583496,28.35243274986628,27.68483076019032,28.344189003289234,53138700
2018-06-18,26.852392196655273,27.84967175920224,26.835907847183236,27.84967175920224,29986200
2018-06-19,27.041961669921875,27.26449570601156,26.514471837671138,26.514471837671138,29019100
2018-06-20,27.519996643066406,27.791983748452402,26.654588556593456,27.487027937431346,50020200
2018-06-21,27.025474548339844,27.73428589197134,26.91008724013348,27.487023781165306,35125600
2018-06-22,27.86615753173828,28.14638519893719,27.124377487956366,27.19855549233456,105512100
2018-06-25,27.29745864868164,28.113416702776146,27.124377685229838,27.857913987155605,33063300
2018-06-26,27.017229080200195,27.45405647581571,26.926566731222106,27.45405647581571,31471300
2018-06-27,26.613370895385742,27.116132494314385,26.613370895385742,26.83590487248864,28842400
2018-06-28,26.893606185913086,26.951299847087256,26.440297500658012,26.737006410667146,25199400
2018-06-29,27.041961669921875,27.69307628210799,26.786458929803644,26.794699533776445,37956600
2018-07-02,27.497905731201172,27.539358226811977,26.87615624561606,26.892736611384098,17165000
2018-07-03,27.431581497192383,27.862661426776665,27.348682848664176,27.522771908001847,12660800
2018-07-05,27.456457138061523,27.688579102689516,27.282368036376653,27.671998736474553,11330300
2018-07-06,27.837797164916992,27.86266613119826,27.356976067603973,27.580806251279213,11541300
2018-07-09,27.82122230529785,28.020180399681085,27.56423134080579,28.003600031418834,13664900
2018-07-10,27.63883399963379,27.953854587313817,27.51448285222874,27.945562824216925,12363300
2018-07-11,27.995304107666016,28.335193662205832,27.381843291911167,27.431584383690556,33639100
2018-07-12,28.641929626464844,28.658509994523136,27.854379536796166,27.920701009029337,22374100
2018-07-13,28.766277313232422,29.139327643297772,28.51757814731601,28.51757814731601,25167300
2018-07-16,28.9901065826416,29.23880574059152,28.72482705917751,28.799437122800622,22937600
2018-07-17,28.409801483154297,28.948649037648323,28.360060395288972,28.774559973690906,21119900
2018-07-18,28.219127655029297,28.55901712980858,28.169386574922456,28.285445932791433,16172600
2018-07-19,28.94036865234375,29.255389306815466,28.799440273626917,29.131038133045084,41627300
2018-07-20,28.434673309326172,28.973524080464387,28.426384708371014,28.82430396422245,24577000
2018-07-23,28.326904296875,28.434675090329083,28.03675580955401,28.318615695400688,22336100
2018-07-24,27.680288314819336,28.426389008904067,27.647127581219657,28.32690680810503,21795000
2018-07-25,27.705154418945312,27.788056244371955,27.199467514558584,27.680285452507963,22055800
2018-07-26,28.807722091674805,29.09787054563137,27.995303258215447,28.88233214588949,40293000
2018-07-27,29.0812931060791,29.52066166486156,28.81601045586185,28.8823319090114,22686900
2018-07-30,29.39630126953125,29.595262403980136,29.031542879151566,29.064703595289703,21883100
2018-07-31,29.66159439086914,29.918585316215147,29.462636326792122,29.55382675715301,21644300
2018-08-01,29.346574783325195,29.761074409290913,29.280253325227715,29.761074409290913,20155600
2018-08-02,28.716535568237305,29.18077631990368,28.699955202565498,29.155904190205273,19240300
2018-08-03,29.354869842529297,29.37145021070138,28.791149974205883,28.96523909643997,16485800
2018-08-06,29.28024673461914,29.64500518490929,29.25537777462086,29.504076861745073,12087200
2018-08-07,29.346574783325195,29.446053808090237,29.1724825370099,29.388024113445532,10952200
2018-08-08,29.056421279907227,29.4211829512333,28.92378153461983,29.40460258777475,12297700
2018-08-09,29.42118263244629,29.6864621201467,29.056420965072515,29.09787029207928,17122800
2018-08-10,29.0812931060791,29.296831504053248,28.973522325901556,29.2305100509037,11873700
2018-08-13,29.048131942749023,29.172479921963372,28.832590385634724,29.114450232520497,15910600
2018-08-14,29.33828353881836,29.421185362906606,29.04813506046258,29.097872992534292,10478900
2018-08-15,28.9901065826416,29.23880574059152,28.74140426231032,29.180776042482584,15367600
2018-08-16,29.562110900878906,29.71961960805276,29.02326016403104,29.056420890503727,16394500
2018-08-17,29.512371063232422,29.719620868907878,29.305121257556966,29.47921349773396,12079500
2018-08-20,29.37144660949707,29.620145776821843,29.263675810783123,29.595276808803813,9957900
2018-08-21,29.628435134887695,29.852262153635436,29.37144422417342,29.388024588966072,11407000
2018-08-22,29.41289520263672,29.62843679463434,29.388026235245228,29.59527606319141,7951800
2018-08-23,29.27196502685547,29.412893383198178,29.2305125339253,29.329994722100256,11487500
2018-08-24,30.258468627929688,30.498879137643524,29.280249389159586,29.321698713707995,24501900
2018-08-27,30.200441360473633,30.424271525823215,30.17557239622846,30.37453043495186,11958300
2018-08-28,30.134124755859375,30.42427642240202,30.009776752239542,30.391115689817457,10815200
2018-08-29,30.46571922302246,30.590070362354478,30.026350678842782,30.067800004493172,13419100
2018-08-30,30.407691955566406,30.424272319622787,30.183861784376873,30.299921170390462,10563600
2018-08-31,30.664682388305664,30.731000681141072,30.324792836273957,30.34137003769703,20414900
2018-09-04,30.159000396728516,30.548627981611002,30.018068848031703,30.465729302882444,19158800
2018-09-05,30.07609748840332,30.241898002359086,29.968329842356578,30.084389253411082,16801100
2018-09-06,29.777647018432617,30.283336990092508,29.611849723524394,30.283336990092508,18329000
2018-09-07,29.984905242919922,30.150705746896726,29.63672703071206,29.761078199290058,18156300
2018-09-10,30.142419815063477,30.266767832275786,30.07609834264475,30.175580551272837,14292300
2018-09-11,30.092674255371094,30.258474749488403,30.026355955153004,30.208733652538793,20600900
2018-09-12,29.918581008911133,30.0926700805107,29.570399703331038,30.018060026627893,20877400
2018-09-13,30.706132888793945,30.863641607374152,29.910294370102637,29.968324064441724,22993900
2018-09-14,30.639816284179688,30.847066128897975,30.440858204183865,30.79732819008985,15004700
2018-09-17,30.639816284179688,30.847066128897975,30.440858204183865,30.697845987710274,13318500
2018-09-18,31.286439895629883,31.40249930990807,30.6563985575742,30.764169368996175,23443900
2018-09-19,30.938251495361328,31.452230140547826,30.913382530033623,31.21182276349067,17452200
2018-09-20,31.34446144104004,31.49368155265165,30.77244995906851,31.178660965651463,20489900
2018-09-21,31.4190731048584,31.551712859481487,31.070891772484543,31.46052243523164,57634200
2018-09-24,29.53724479675293,30.067803822156247,28.80772455563275,29.80252430945459,67853400
2018-09-25,29.346574783325195,29.827392705007213,29.255384359631748,29.72791368024217,25533500
2018-09-26,29.321697235107422,29.76935750736997,29.26366755118975,29.51236664831986,19777000
2018-09-27,29.197362899780273,29.611862642651058,29.164202161378913,29.429481743825647,17055300
2018-09-28,29.354869842529297,29.562119701107555,29.139331381055932,29.222230059534485,17306300
2018-10-01,29.44605255126953,29.545531571788594,29.00668397846104,29.45434115198735,20430700
2018-10-02,29.75442886352539,29.912784619877325,29.17100806632145,29.404375113447998,25036400
2018-10-03,29.329368591308594,29.90445630721281,29.179345985367323,29.82110864869651,28967700
2018-10-04,29.346036911010742,29.404378679868582,29.037658535706747,29.21268384228026,23118400
2018-10-05,28.804296493530273,29.362711572857727,28.679276578767276,29.32937250500246,20433800
2018-10-08,29.321027755737305,29.36269998441555,28.712604314750642,28.754276543428887,18925400
2018-10-09,29.53774070739746,29.862791891692254,29.16268727366847,29.404387598220975,17407000
2018-10-10,28.570920944213867,29.71275996287774,28.52924870675187,29.47938971019229,25754000
2018-10-11,28.062511444091797,28.912638443664147,27.92915837627974,28.83762714430812,36284000
2018-10-12,28.854291915893555,28.995981315478893,28.245868445644504,28.379221491460907,31439300
2018-10-15,29.246015548706055,29.729419109003757,28.762608809021206,28.845956443132636,22877300
2018-10-16,30.004465103149414,30.08780956779204,29.337699847845823,29.354369376651853,26282200
2018-10-17,30.337854385375977,30.56288511335728,29.829444799769803,30.10448412251809,20386600
2018-10-18,29.954458236694336,30.5378790608549,29.85444423750295,30.237833883893025,27905800
2018-10-19,29.987789154052734,30.429520444982934,29.8210970810682,30.104472651325857,24405300
2018-10-22,29.796106338500977,30.21283509848001,29.66275326248321,30.08781519873105,24301900
2018-10-23,29.7127628326416,29.829446380560075,29.2126863966347,29.512731622361198,20100200
2018-10-24,28.437570571899414,30.22116921117368,28.379228798045638,29.987802115758573,29974900
2018-10-25,29.87112045288086,30.23784065158536,29.212688187112594,29.90445951986902,33839600
2018-10-26,29.37104606628418,30.354523070517,29.104336719749977,29.704427185522405,42435100
2018-10-29,29.99613380432129,30.437865217449506,29.521060152108344,29.937788860157674,32373500
2018-10-30,31.42967987060547,31.47968846249403,30.104482389743477,30.412863937307776,36610600
2018-10-31,31.78806495666504,32.21313001418919,31.104630138084723,31.63804236923154,28182000
2018-11-01,31.629716873168945,31.813075385024163,31.388013403691094,31.754733606789987,23797500
2018-11-02,31.38800621032715,31.86307668386717,30.846257617292803,31.74639315413983,24593400
2018-11-05,31.688053131103516,31.963092440666635,31.54636370908356,31.621375007944028,18780000
2018-11-06,31.446352005004883,31.82974170306502,31.27965986429539,31.76306675441411,19682900
2018-11-07,31.921411514282227,31.95475056678698,31.371329865501952,31.64637227958561,21551900
2018-11-08,31.921411514282227,32.15478170242846,31.59636370082848,32.07977042398628,14327200
2018-11-09,31.954755783081055,32.263134120622105,31.6297079165665,31.80473320170702,17819200
2018-11-12,31.671384811401367,32.15479168462901,31.312997834184465,31.879749185160584,17042200
2018-11-13,31.438026428222656,32.07978925848554,31.262997889504483,31.879758005402874,17569500
2018-11-14,31.913076400756836,32.23812419444994,31.47967828270375,31.679706226797883,23447600
2018-11-15,32.07978057861328,32.07978057861328,31.521362400249984,31.763065838338395,20772100
2018-11-16,32.16312026977539,32.438159550597454,31.92975322187939,32.26313426467546,21542400
2018-11-19,31.821409225463867,32.42983284993289,31.66305343697627,32.163126690696835,19265800
2018-11-20,30.637897491455078,32.071445464557435,30.512880769230584,31.804739308546043,29276600
2018-11-21,31.262985229492188,31.44634687228287,30.554547721344296,30.58788677992217,16525400
2018-11-23,31.16297721862793,31.429683379702002,31.00462142904902,31.054626847132766,5743900
2018-11-26,31.479686737060547,31.66304838454715,31.204644265830645,31.48801991222462,13283800
2018-11-27,31.971433639526367,32.04644494975128,31.354673624411696,31.354673624411696,13718500
2018-11-28,32.554847717285156,32.56318089248992,31.829737478349916,31.863076537944398,17816000
2018-11-29,32.85490417480469,33.054935441016944,32.20480812354582,32.254816734946154,16362200
2018-11-30,32.5131721496582,33.004912148499116,32.27147191720817,32.87989544469138,38075200
2018-12-03,32.62987518310547,32.69655015595095,32.23814898719938,32.57986656892938,23382700
2018-12-04,31.41301155090332,32.746545438179865,31.137972233383557,32.671534137149386,30198200
2018-12-06,31.571380615234375,31.604716509062403,30.821267364795958,31.09630994975305,27455100
2018-12-07,31.179643630981445,31.68805319321133,30.90460432087926,31.388007997181372,20605200
2018-12-10,31.129638671875,31.338003062394616,30.596226340846915,31.28799764347841,16235400
2018-12-11,30.704578399658203,31.613047319369194,30.62123391063052,31.49636376297505,24295000
2018-12-12,30.821256637573242,31.24632172467571,30.69623992560445,31.09629912680283,23589100
2018-12-13,30.637897491455078,31.087965321994865,30.32951909470219,30.86293140672497,18407300
2018-12-14,30.2878360748291,30.712897866138302,30.15448304428239,30.32950830073988,18146900
2018-12-17,30.17949676513672,30.72124543797798,30.00447144476211,30.329519376711588,20725300
2018-12-18,29.7127628326416,30.387861411137987,29.362709009497948,30.387861411137987,23690300
2018-12-19,29.329368591308594,30.471207667571363,29.12934056964562,29.85444771210303,32338800
2018-12-20,28.854291915893555,29.529393498744504,28.529244065427786,29.354368222245615,27230400
2018-12-21,28.12919044494629,30.00446980794271,28.06251231926683,28.895969813931906,40280400
2018-12-24,27.562440872192383,28.31255393753368,27.529101807202053,28.104189550426455,13391400
2018-12-26,28.45423698425293,28.479239690480583,27.17904809643675,27.720793534159053,22917200
2018-12-27,28.72928237915039,28.75428508790957,27.595779617707496,28.17086417488594,17456600
2018-12-28,28.62926483154297,29.471058715765437,28.487578577807632,29.05432995152529,16231300
2018-12-31,28.53707504272461,28.998025699203776,27.908505093778817,28.738218833098983,21613200
2019-01-02,28.80525779724121,28.872306777148037,28.009068744739945,28.067738200694084,16970400
2019-01-03,29.03154754638672,29.60983389274256,28.604121426841427,28.771740704003584,28750400
2019-01-04,30.01211929321289,30.037261066694647,29.21593009654764,29.358404409040123,22843800
2019-01-07,29.69365119934082,30.09593567182858,29.559556375178232,29.861270528812252,26180800
2019-01-08,29.93669319152832,30.0791675155182,29.634979097111906,29.88640644343486,20440700
2019-01-09,30.221647262573242,30.271930817298202,29.76069336377847,30.06240748041781,16045100
2019-01-10,30.0205020904541,30.17135914192953,29.752312487180507,30.095930616191815,16669600
2019-01-11,29.861263275146484,29.953454043815146,29.593073691967838,29.844501026563815,19161600
2019-01-14,29.978601455688477,30.16298302769912,29.62660056340203,29.676887318606553,16609400
2019-01-15,30.028881072998047,30.171355383268992,29.810975049314198,29.93669030890656,13450000
2019-01-16,30.08755111694336,30.439548772655307,30.07078886708961,30.179738695530588,20838500
2019-01-17,30.095932006835938,30.338979845118235,29.953457672232634,30.00374122699973,25457200
2019-01-18,30.34735870361328,30.406024980931274,29.77745498360504,30.28031289970943,22670000
2019-01-22,29.30812644958496,30.246790137696173,29.19079388820512,30.213265635281214,32850900
2019-01-23,30.917264938354492,31.361453416197733,30.137837822507525,30.246790859419626,36648300
2019-01-24,30.37249755859375,30.908876670053576,29.702020472197276,30.883731701217112,40436900
2019-01-25,29.98697853088379,30.866979091103,29.802600171023,30.69935978453399,25199500
2019-01-28,29.643354415893555,29.777449194704825,29.056688559692343,29.73554517577725,26457000
2019-01-29,30.238401412963867,30.447924693717535,29.651735587439283,29.651735587439283,19312300
2019-01-30,29.69365119934082,30.196505990682322,29.542794122523812,30.196505990682322,22674000
2019-01-31,30.649072647094727,30.850216451856493,29.978598626342706,30.070789403647165,31274500
2019-02-01,30.83346176147461,30.908890307119858,30.573651616013617,30.76641274442412,18712300
2019-02-04,30.816692352294922,30.900500407076656,30.39764568424153,30.791550575274872,22890300
2019-02-05,31.135169982910156,31.23574029215758,30.64907429358139,30.900501665236188,24378500
2019-02-06,31.15192413330078,31.25249762378953,30.833451004635705,31.126782359214587,20357300
2019-02-07,31.57935333251953,31.604495106492134,31.084878196269223,31.14354446691994,22902300
2019-02-08,31.51230812072754,31.64640292645978,31.00107387186062,31.42850006604702,18071000
2019-02-11,31.00945281982422,31.629643282932513,30.925644766707666,31.596118782856976,14761400
2019-02-12,31.21059226989746,31.38659107513698,31.04297298997189,31.269258538310634,14626400
2019-02-13,31.03458023071289,31.386580924423463,30.833439717510405,31.210582176103586,14326400
2019-02-14,31.22735595703125,31.394975261844227,30.799929766976863,30.975928598347945,16008400
2019-02-15,31.6547794342041,31.663158959197748,31.135162563661538,31.512301932738335,15877100
2019-02-19,31.470394134521484,31.797249920242663,31.411727875395698,31.638013387911442,12853500
2019-02-20,31.671541213989258,31.78049102265785,31.453635202508714,31.596112701872404,14970400
2019-02-21,32.24143981933594,32.24143981933594,31.378201826243536,31.520679303520822,22082200
2019-02-22,32.3587760925293,32.46772909404266,32.191156827986795,32.249823091015934,20376900
2019-02-25,32.32525634765625,32.51801741121495,32.107353509698775,32.40068486792461,16212000
2019-02-26,32.51800537109375,32.56829209834416,32.191149636643175,32.375531106157176,18127700
2019-02-27,32.29173278808594,32.450972556094214,32.17440024138854,32.3839235596545,17534900
2019-02-28,32.40906524658203,32.60182951228556,32.28335317420785,32.308494949268265,18315300
2019-03-01,32.769447326660156,33.11306545781181,32.534782221602136,32.559923997980555,24117200
2019-03-04,32.4593505859375,33.23039802409319,32.166019232714774,32.895159451491246,15970400
2019-03-05,32.45097351074219,32.67725908477498,32.308495987652414,32.509639785816745,14946000
2019-03-06,32.3587760925293,32.64372788313009,32.22468132030961,32.585061620100944,11051900
2019-03-07,32.1660270690918,32.40069220883975,31.964883237113014,32.3252636714818,14176700
2019-03-08,32.006771087646484,32.24981882926122,31.75534382259416,32.03191605210151,13652900
2019-03-11,32.8281135559082,32.88678302916096,31.93135396620965,32.05706924206627,25653900
2019-03-12,33.09629821777344,33.29743877318841,32.66048941827902,32.8197259577385,21376100
2019-03-13,33.15497970581055,33.406407114081986,32.995739896149374,33.2639295579153,21550400
2019-03-14,33.41477584838867,33.48182484070794,32.99572923760903,33.079540478008106,16567600
2019-03-15,33.91764450073242,33.95954853574045,33.13821730070584,33.448310996252815,66922700
2019-03-18,33.45668411254883,33.90087575031017,33.423162809210424,33.71649419512349,21799700
2019-03-19,33.33934783935547,33.81706072716886,33.27230204308494,33.50696712563974,16787000
2019-03-20,33.07954406738281,33.356113198029774,32.6018311350244,33.32258869823249,23337900
2019-03-21,33.565635681152344,33.66620598094012,32.895161687446844,33.062780985141266,17684000
2019-03-22,33.071163177490234,33.49859258092333,32.978972396472415,33.47344760614509,17030100
2019-03-25,32.83649444580078,33.12144628436799,32.63535065507659,33.08792178640194,15844100
2019-03-26,33.2136344909668,33.28906300703087,32.86163368364386,33.020873438152364,11188300
2019-03-27,33.699729919433594,33.850586965142455,33.255541505442025,33.255541505442025,18266600
2019-03-28,33.87572479248047,33.942773781458044,33.624297477958095,33.69972599202198,10454400
2019-03-29,33.50696563720703,33.808679699701706,33.18010980186174,33.69134716363641,21135700
2019-04-01,33.78354263305664,33.85058843568868,33.49859077845786,33.80868440940962,14326000
2019-04-02,33.71613311767578,34.02785058639471,33.539212652766174,33.842503500976605,14237200
2019-04-03,33.9267578125,34.1879284455676,33.674013800978,33.952031249507854,21040200
2019-04-04,34.044708251953125,34.22162875655705,33.80038762341543,33.968884719435046,12294800
2019-04-05,34.05312728881836,34.16265086924275,33.96045695102859,34.06155391013567,21141000
2019-04-08,34.297454833984375,34.331154898451835,33.842513605118725,33.99416068140728,12467200
2019-04-09,34.57546615600586,34.65971308048188,34.17949854057742,34.28902211344757,14949600
2019-04-10,34.60917663574219,34.78609715871948,34.356429358557335,34.69342358559372,13375200
2019-04-11,34.57546615600586,34.65971308048188,34.4153925001616,34.64286305282384,9249400
2019-04-12,34.79451370239258,34.81979035341246,34.49964622228146,34.60074318491749,11536400
2019-04-15,35.19890213012695,35.2157521582732,34.76081103976736,34.811361124206094,12729100
2019-04-16,35.35897445678711,35.53589492492745,34.97143025167105,35.24945088487513,10053600
2019-04-17,35.864471435546875,35.92344493974038,35.29158321154002,35.50220378760681,15338700
2019-04-18,35.74652099609375,36.083515170980796,35.41795344317693,36.007691642321944,13959300
2019-04-22,35.38425064086914,35.7296681971441,35.266303652943215,35.603294587900955,10179600
2019-04-23,35.37582778930664,35.54432165252624,35.13993059593321,35.35897776022179,16963600
2019-04-24,35.25788116455078,35.594875352825326,35.16521081589931,35.40952822789285,25514100
2019-04-25,36.16775894165039,36.90914413321186,35.47692383604119,35.76336789547532,27730500
2019-04-26,36.29414367675781,37.03552588179942,36.11721992859041,37.01025243798208,16530400
2019-04-29,36.60585403442383,36.64797750373414,36.15091285271711,36.369956821419585,11832500
2019-04-30,36.67324447631836,36.78276804826571,36.26043005052425,36.69852112449952,15703000
2019-05-01,36.58058547973633,36.90072970223246,36.47948848824849,36.63113558238795,14327500
2019-05-02,35.93186950683594,36.55530457659016,35.68754888126061,36.49633107577057,18051100
2019-05-03,36.4710578918457,36.65640180408428,36.00769329052708,36.2014638251216,12751000
2019-05-06,36.479488372802734,36.57216195379639,35.974000203147845,36.03297371581373,13307500
2019-05-07,36.02455139160156,36.31942220394127,35.69598372072753,36.226748611886386,15505200
2019-05-08,35.84761428833008,36.1930318359643,35.687543839265444,35.99926133010259,13076900
2019-05-09,36.159339904785156,36.20989000134023,35.51905475082937,35.62857835312451,13624400
2019-05-10,36.35310745239258,36.41208094804943,35.569598765735016,35.9739898275882,12931500
2019-05-13,35.620155334472656,36.27729380092332,35.502208311057636,35.864476005155396,17108700
2019-05-14,36.15091323852539,36.555304333086625,35.61172511244374,35.61172511244374,16592600
2019-05-15,35.79706573486328,36.15933008005912,35.51062169317664,36.01610966612288,37268400
2019-05-16,36.386817932128906,36.47949152112064,35.729682612101215,35.86447968323037,17593700
2019-05-17,36.68166732788086,36.909137855253555,36.24357629892017,36.277276350489565,13915900
2019-05-20,36.0413818359375,36.546873004960254,35.729664370685924,36.546873004960254,14094100
2019-05-21,36.4710578918457,36.48790792274281,35.95714319783577,36.27728735725118,16482100
2019-05-22,36.479488372802734,36.64798550062616,36.29414442463082,36.445788304474966,11964300
2019-05-23,35.999263763427734,36.353107956086035,35.80549324446835,36.2267343414621,14755000
2019-05-24,35.94871520996094,36.27728597925147,35.91501836326149,36.066665421760305,9361800
2019-05-28,35.78022766113281,36.252015736486,35.74652759466038,36.100368651175266,15224600
2019-05-29,35.31685256958008,35.69597020543686,35.173632137042276,35.58644983248956,16520000
2019-05-30,35.16520690917969,35.58644799081722,34.89560966022241,35.57802136944841,22663900
2019-05-31,34.541778564453125,34.94616973272059,34.34800799718842,34.87034618780698,22114400
2019-06-03,34.5080680847168,34.76081208689557,34.27217411119186,34.567041578098035,22205800
2019-06-04,34.87876510620117,35.27472956321587,34.75239148799172,34.920888574332785,21918500
2019-06-05,34.79451370239258,35.20733138836263,34.72711679857339,35.18205473734275,24325300
2019-06-06,34.668155670166016,34.828226185928266,34.381711495664966,34.769252668867665,23997700
2019-06-07,34.9461669921875,35.03884056357156,34.62602280390122,34.83664338838678,32287600
2019-06-10,34.78609848022461,35.07254261994286,34.642874803457865,34.946168976549565,16781700
2019-06-11,34.727115631103516,35.22418023359066,34.56704196401219,35.02198310130166,16895700
2019-06-12,34.9208869934082,35.20733106307585,34.75238991469527,34.78608997320075,24733900
2019-06-13,35.12308883666992,35.15678890277438,34.85349473546461,34.929318277292055,26154900
2019-06-14,35.64542770385742,35.80549818583246,35.13151298039155,35.35898358981816,20943700
2019-06-17,35.856048583984375,36.041392508410254,35.46008086640251,35.670701445743504,14562000
2019-06-18,36.437355041503906,36.740649146811144,36.184611025019386,36.20988446252348,21811300
2019-06-19,36.34468460083008,36.86702270817855,36.285711099055966,36.41208472503752,14863700
2019-06-20,36.79962921142578,36.875452751285366,36.48791164258754,36.765929146195944,18166000
2019-06-21,36.69853591918945,36.88387986895766,36.462638652678784,36.58901230308862,24679500
2019-06-24,36.73221969604492,36.95126685025818,36.58899927613296,36.69009623217754,12693300
2019-06-25,36.016117095947266,36.698528892633284,35.96556700269892,36.66482883046772,19622200
2019-06-26,35.4769172668457,36.100352142411595,35.333693656741914,35.940281720590896,17737600
2019-06-27,35.38425064086914,35.65384467436109,34.887186039028165,35.62857123803821,19009300
2019-06-28,35.620155334472656,35.64543199221541,35.266314264227596,35.52748175498504,49937900
2019-07-01,35.982418060302734,36.22673869725094,35.670700510915495,35.93187117942718,19530300
2019-07-02,36.31260681152344,36.31260681152344,35.94854917028104,36.04168064543998,14996100
2019-07-03,36.676666259765625,36.693599549691946,36.36340847036567,36.40574008033407,8404300
2019-07-05,36.64280700683594,36.702071918581,36.295682568173966,36.53274544484967,11608800
2019-07-08,36.09247589111328,36.59199655143432,36.041676030342,36.5581299775868,14804500
2019-07-09,36.38880157470703,36.52426464500654,35.86388258100825,36.03321222630621,15865000
2019-07-10,37.07459259033203,37.37091710652258,36.61740342561375,37.28625388180957,22178400
2019-07-11,37.32011413574219,37.36244574092114,37.0407197281111,37.09151959214251,15189100
2019-07-12,37.79423522949219,38.107492999597724,37.21851632623657,37.31164780024771,18076700
2019-07-15,37.861968994140625,37.98896381826693,37.658772753966,37.98896381826693,15964900
2019-07-16,38.17522430419922,38.319152408187435,37.90429815459066,37.95509801877769,17468500
2019-07-17,37.6164436340332,38.141362713803886,37.54871047292995,38.12442942352807,16688200
2019-07-18,37.72650146484375,37.743434752004084,37.32857729081168,37.46404035840004,12460900
2019-07-19,37.30318832397461,37.89583737464656,37.26932174116619,37.88737234379201,18372000
2019-07-22,37.125389099121094,37.370916971474564,36.94759439004926,37.34551865009144,17162800
2019-07-23,37.523311614990234,37.60797483546195,37.21005382361108,37.26085046401617,16611000
2019-07-24,37.98896789550781,37.9974361558419,37.44711550314633,37.51484866703902,17642400
2019-07-25,37.76884460449219,38.35302865633991,37.09152905966252,37.514851678892974,25659200
2019-07-26,37.7857780456543,38.1667690504014,37.26932393140771,37.26932393140771,17000300
2019-07-29,37.44711685180664,37.85350616071389,37.35398536294756,37.845041129769946,9840700
2019-07-30,37.32011413574219,37.47250726844752,37.01532141094262,37.28624755972125,10335700
2019-07-31,36.54966735839844,37.167721122543156,36.15174635822611,37.083054674861465,18509200
2019-08-01,36.304141998291016,37.116920501387646,36.219475552325946,36.566599906546045,17420900
2019-08-02,36.109413146972656,36.338004471333214,35.72842222354739,36.194076361202896,20839500
2019-08-05,35.22890090942383,35.72842161615732,34.82251167457711,35.67762175066603,23618700
2019-08-06,35.61836624145508,35.719962769514495,34.966448996157624,35.29664013462229,18433400
2019-08-07,35.33049774169922,35.42362921445847,34.475387657599356,34.966440109837365,22674700
2019-08-08,36.11788558959961,36.30414857476954,35.474436632177984,35.533701540242006,14085300
2019-08-09,36.34646987915039,36.532732811477885,35.88081577802599,36.092477026691114,15782200
2019-08-12,35.94854736328125,36.21100848647307,35.72842107553887,36.17714190999132,15941500
2019-08-13,36.795196533203125,37.286252258303215,35.948551404157335,36.01628456473453,21465800
2019-08-14,35.87235641479492,36.82060136933291,35.719960019590424,36.82060136933291,18319400
2019-08-15,35.85542297363281,36.30414712639506,35.601430059249445,35.940089431557354,14375400
2019-08-16,36.558143615722656,36.67667343871267,35.9908895960906,36.219484210297956,14052100
2019-08-19,37.25239181518555,37.37092163602806,36.9222006772113,36.939133970145285,13908500
2019-08-20,37.20159149169922,37.64184741363413,36.98993017709755,37.15079484319984,15758100
2019-08-21,37.345523834228516,37.38785545230833,36.8121364032756,37.04919604827892,11329400
2019-08-22,37.05766296386719,37.599515406879114,36.93066488454456,37.447119003570094,9960500
2019-08-23,35.92315673828125,37.1169263624912,35.787693633040945,36.82906686014365,18196700
2019-08-26,36.702056884765625,36.83751994607989,36.02474157819431,36.18560618391972,13009600
2019-08-27,36.91373062133789,37.18465683571982,36.76133422203615,37.16772677330428,12508000
2019-08-28,37.05766296386719,37.16772775063377,36.58354046138409,36.74440512581879,11761100
2019-08-29,37.39631271362305,37.67570714834743,37.210052986834896,37.379382653665296,11339500
2019-08-30,37.47251510620117,37.802709446927146,37.27778709789312,37.66724634420436,15484500
2019-09-03,37.150787353515625,37.32011701699878,36.854459634996424,37.15925238332717,12712000
2019-09-04,38.53929138183594,38.700152813366024,37.43865322521448,37.52331645661026,26196000
2019-09-05,39.29279708862305,39.47059177602038,38.93720771382839,39.30973037737916,22075600
2019-09-06,39.24199295043945,39.46212245061089,39.11499814313523,39.30972609809044,13101800
2019-09-09,39.301265716552734,39.52986029114839,39.06420611165127,39.49599694023024,16383100
2019-09-10,39.3266716003418,39.42826812368113,38.954145631938836,39.106542031795456,17566700
2019-09-11,39.284332275390625,39.42826038606819,39.021871142767615,39.182732542294524,12874400
2019-09-12,39.76692581176758,40.02091872413129,39.36900153692419,39.61452941841033,18660000
2019-09-13,39.69071578979492,39.9277753400798,39.61451761581848,39.758445705721684,11732700
2019-09-16,39.17427444458008,39.470598977641615,38.767885129369176,39.14040786088871,13581700
2019-09-17,39.51293182373047,39.54679840847721,38.84408453830644,39.0472775873963,9894800
2019-09-18,39.74153137207031,39.83466287686644,39.33514199362005,39.77539796103176,12996900
2019-09-19,39.52138900756836,39.92777822153915,39.428257540465694,39.82618172547005,10501200
2019-09-20,39.25047302246094,39.63992904959091,39.09807662407178,39.51293097436821,27252500
2019-09-23,39.1319465637207,39.377471244672755,39.0811466833364,39.08961171521938,13438500
2019-09-24,38.70014953613281,39.49599805451769,38.48002321532751,39.47059650349382,20731100
2019-09-25,38.8017463684082,38.92874119521548,38.36995556005716,38.7678797893817,22128500
2019-09-26,38.01436233520508,38.776340908279174,37.464041785461774,38.62394454772547,22216300
2019-09-27,37.938167572021484,38.353021856687974,37.53177831717291,38.23449206106898,15005300
2019-09-30,38.1667594909668,38.28528927837939,37.90429836905715,38.099026338334184,13892900
2019-10-01,37.86905288696289,38.88127482018161,37.835027802280585,38.43045380497834,15177800
2019-10-02,37.469261169433594,37.962615095947484,37.40121425411354,37.758467860366856,17195700
2019-10-03,37.4777717590332,37.57133586873057,37.094997692778655,37.48627640725643,11345000
2019-10-04,38.03066635131836,38.29435588470007,37.67341270429534,37.70743778824342,14900200
2019-10-07,37.92858123779297,38.24330504353114,37.70742475817386,37.75845912165009,12190800
2019-10-08,37.52030563354492,38.06469403464724,37.12051898188067,38.06469403464724,14241800
2019-10-09,37.74995422363281,37.86903873069386,37.46925224715225,37.843521549126336,10439800
2019-10-10,37.85204315185547,38.141249903482304,37.681920960637754,37.76698367865207,9366400
2019-10-11,38.74517822265625,39.07691469053223,37.9626207338012,38.14124756345585,22961800
2019-10-14,38.47298049926758,38.73667001750943,38.32837876800652,38.59206504143796,10105100
2019-10-15,38.84724426269531,38.974836689873406,38.362398231114895,38.54102827812627,9026200
2019-10-16,38.78770446777344,38.96633452617139,38.54103073488084,38.753682630526114,15002300
2019-10-17,39.06840133666992,39.09391852241765,38.71114451215175,38.98334188763749,9121100
2019-10-18,38.76218795776367,39.213008946090866,38.63459552021687,39.17898710824747,13553900
2019-10-21,39.19600296020508,39.315087514741464,38.96633850010887,39.03438542635362,10646900
2019-10-22,38.932308197021484,39.17047727417575,38.87276592773292,39.0343801951147,11926900
2019-10-23,38.88978576660156,39.28956918616432,38.67713383785997,39.13645953788551,23358700
2019-10-24,38.1412467956543,40.18270643430265,37.852040067592625,40.15718599857236,18968800
2019-10-25,38.83024215698242,38.940818819879155,38.217803584830875,38.430455506293406,15256800
2019-10-28,38.6515998840332,39.17047092789072,37.89455980160888,38.6090701621191,14824000
2019-10-29,38.575050354003906,38.83023520995305,38.379411010637064,38.43895327840914,12664500
2019-10-30,38.01365661621094,38.64310773648563,37.818017236279694,38.57505756356476,14443100
2019-10-31,38.12423324584961,38.14975043609486,37.33316790014129,38.06469097207032,23563100
2019-11-01,38.06468963623047,38.45596834870872,37.860542387001125,38.43895580753874,16314100
2019-11-04,37.33317184448242,38.46448165543566,37.21408728434227,38.37091428823671,20926400
2019-11-05,37.6649055480957,37.83502772635519,37.146034364569054,37.39271136080478,15991300
2019-11-06,37.61386489868164,37.72444153803673,37.026943643721026,37.698924351233266,19927400
2019-11-07,38.022159576416016,38.285845850240946,37.65639805645523,37.83502486997736,15632600
2019-11-08,38.438961029052734,38.447468923198656,37.79250060083103,38.00515252712659,13741700
2019-11-11,38.4900016784668,38.78771310070728,38.175277711410985,38.175277711410985,11169500
2019-11-12,38.47298049926758,38.541030663256606,38.23481141492682,38.43045076917964,12175300
2019-11-13,38.44746017456055,38.75367939791635,38.251820836263256,38.31986774989224,11379200
2019-11-14,38.66011047363281,38.76218246231286,38.311361537900126,38.39642098766517,11363900
2019-11-15,37.903072357177734,38.84724398117454,37.79249247074542,38.83873933366907,23178600
2019-11-18,37.94561004638672,37.95411469567671,37.494789003367195,37.69042838514569,16260100
2019-11-19,38.11573028564453,38.20078975343663,37.92859556272906,38.07319730693777,16469200
2019-11-20,37.61386489868164,37.96261384583949,37.32465821727195,37.75846661698143,15240200
2019-11-21,37.73295974731445,37.80951457346697,37.23960570215134,37.67341746528594,16252800
2019-11-22,38.10722732543945,38.192290049054705,37.67341879184061,37.87756283889497,14107400
2019-11-25,36.873844146728516,38.19228873656145,36.81430186464959,38.132746454482536,26194100
2019-11-26,37.04396057128906,37.299142203981965,36.78877893859616,36.975913650149195,38656500
2019-11-27,37.78398513793945,37.92008545852396,37.137524839214244,37.29913910269299,20426200
2019-11-29,37.554317474365234,37.937088203079185,37.46075014252505,37.937088203079185,8479300
2019-12-02,37.11201858520508,37.76698696933435,37.052476299812525,37.76698696933435,16787400
2019-12-03,37.129024505615234,37.19707142900364,36.64417841403436,36.87383961967952,21830800
2019-12-04,37.00993347167969,37.205576065721395,36.87383639200523,37.1715509846002,16872600
2019-12-05,37.460758209228516,37.50328793882057,36.7972820973131,36.98441680129057,22569100
2019-12-06,37.63087844848633,37.7839848182279,37.435235861706666,37.73295044325078,14667700
2019-12-09,37.33317184448242,38.35390174467228,37.2055826349655,37.647895788397236,21538800
2019-12-10,36.380489349365234,37.256614184974566,36.32945172255677,37.19707190943669,30176400
2019-12-11,35.78506851196289,36.44854153214026,35.73403087779112,36.39750714277962,37611200
2019-12-12,36.584632873535156,36.74625040051011,35.870122331907076,35.887134873947105,35992600
2019-12-13,37.069480895996094,37.256612362183674,36.346462486564725,36.440029842063765,28975900
2019-12-16,37.02694320678711,37.494779924730736,36.8483164116505,37.33316242405564,23558800
2019-12-17,36.907867431640625,37.333171279886884,36.80579541660856,37.333171279886884,18742500
2019-12-18,36.73774719238281,37.32466861077882,36.695217454264075,36.958907022297865,27054900
2019-12-19,37.12051773071289,37.12902562439944,36.601646539397706,36.80579380533559,20723200
2019-12-20,37.50328826904297,37.58834772897603,36.77176523230117,37.20557691446684,41414500
2019-12-23,37.51179504394531,37.639387485889515,37.3842058468117,37.49478574684264,22609300
2019-12-24,37.87754821777344,38.0221531696948,37.51178675944334,37.51178675944334,6504700
2019-12-26,38.25182342529297,38.277340614029676,37.91157909968856,38.04767618096825,12019600
2019-12-27,38.36240768432617,38.464482949145975,38.15826364430858,38.36240768432617,12272100
2019-12-30,38.43044662475586,38.566543693246494,38.22629939961489,38.362396468105516,12896900
2019-12-31,38.25182342529297,38.43045023607062,38.08170126249077,38.37941261378685,13881700
2020-01-02,38.592063903808594,38.617584336957385,38.21779774733294,38.58355925596587,20170500
2020-01-03,38.28584671020508,38.46447677254995,37.91158053373153,38.13274032718309,20496400
2020-01-06,37.996646881103516,38.16676908116765,37.89457485898947,37.98814223126529,17628200
2020-01-07,38.398311614990234,38.466679937710225,37.791528487753126,37.81716620125606,24563700
2020-01-08,38.79144287109375,38.945275689972306,38.253028005018784,38.40686082389735,18097400
2020-01-09,38.89399719238281,38.97946168115412,38.61197252977973,38.79144306599413,14195400
2020-01-10,38.441043853759766,38.99655157753951,38.39831324273132,38.99655157753951,15896200
2020-01-13,39.14183044433594,39.20165394284263,38.37266978062011,38.38975941436245,21789300
2020-01-14,39.33839797973633,39.50077885862791,38.88544765469456,38.94527115950624,16711900
2020-01-15,39.552066802978516,39.78281607748111,39.32131752847592,39.36405141126856,15413500
2020-01-16,40.0562858581543,40.099016470017496,39.57769778906774,39.688796727884714,24424400
2020-01-17,40.594703674316406,40.79981519049952,40.261400313138665,40.748536496419504,27667100
2020-01-21,40.42378616333008,40.577619016673104,39.98792858561658,40.577619016673104,19141600
2020-01-22,40.54343032836914,40.76563477189019,40.39814556618316,40.5947090292134,18251600
2020-01-23,39.013648986816406,40.15029902030908,38.893998697905104,39.77426503557034,37753000
2020-01-24,38.10773468017578,38.50940953455171,37.78297621791149,38.372669644146136,39229300
2020-01-27,37.603511810302734,38.24448076161471,37.432586104592204,37.54368830232455,24048800
2020-01-28,37.6376953125,37.962450547432105,37.44113190394536,37.663333025748194,15875700
2020-01-29,37.02235794067383,37.82570433649386,36.87707324297554,37.82570433649386,21913200
2020-01-30,37.7231559753418,37.76588658350591,36.492496855478734,36.63778157526399,25105100
2020-01-31,36.91127014160156,37.72316492999132,36.748892487978495,37.70607203064091,24008300
2020-02-03,36.45832061767578,37.30440122561487,36.424134818132586,37.22748480671131,26383600
2020-02-04,37.842811584472656,38.04792311447619,37.07365068226804,37.17620481720122,28143200
2020-02-05,38.10773468017578,38.57777784968642,38.01372539424642,38.15901336162892,20332100
2020-02-06,38.11629104614258,38.509421202795025,37.851359262034805,38.253030977979954,15222400
2020-02-07,38.23594284057617,38.329948898544394,37.83426784872084,38.04792420436521,14104200
2020-02-10,38.167564392089844,38.22738790012295,37.825712980354965,38.150471495489434,15016100
2020-02-11,38.27866744995117,38.32994288076776,37.911178315127444,38.304305165359466,11075700
2020-02-12,39.32986068725586,39.43241482082174,38.38122598639438,38.44104950265257,23638000
2020-02-13,39.372596740722656,39.611890838794665,39.0478381360981,39.227311969789675,17913100
2020-02-14,39.389678955078125,39.46659536003817,39.099106231910916,39.38113413680998,15930600
2020-02-18,39.440956115722656,39.64606434757165,39.15038340382279,39.43240803764929,13694500
2020-02-19,39.28712844848633,39.53496732269695,39.193119138207095,39.50078478634386,14814400
2020-02-20,39.32986068725586,39.44096290036555,38.88545509495421,39.14184205893748,12037800
2020-02-21,39.15892791748047,39.67170175325507,39.022188010598136,39.10764922984839,21235400
2020-02-24,38.11629104614258,39.3213127142523,38.00519209286899,38.560696639648334,21720800
2020-02-25,36.89417266845703,38.364129228988624,36.774525647974095,38.24448220850569,22440600
2020-02-26,36.0822868347168,37.75735190143796,36.05664585482617,37.75735190143796,30526000
2020-02-27,35.082366943359375,36.40703546972057,35.03109151326409,35.77461459087615,36098100
2020-02-28,34.552494049072266,35.022537215584336,33.304742149564255,34.185004984676105,62186700
2020-03-02,36.33866882324219,36.34721364194096,33.67223875047561,34.4755853737714,40006900
2020-03-03,35.41566848754883,37.1334670318307,35.12509577787678,35.95408329726338,43253400
2020-03-04,36.321571350097656,36.37285003624103,35.46694614186006,35.8686210329754,24996900
2020-03-05,34.84307861328125,35.706248849271816,34.54395776149808,35.39858317778616,25284600
2020-03-06,34.501220703125,34.69778412096661,33.185100285397,33.253468610667866,31302100
2020-03-09,32.37321472167969,33.23638503872206,31.749338500423807,32.62105363797104,46926200
2020-03-10,33.41584396362305,33.458577831665266,31.339104470063884,33.02271715467134,48724300
2020-03-11,32.398841857910156,32.8945260488169,31.945891535978223,32.30483256238395,38865100
2020-03-12,29.860612869262695,32.3475728666441,29.433300132529553,30.407575910796588,63254500
2020-03-13,33.61241912841797,33.94572251856274,29.467483910621223,30.963078386497553,66243400
2020-03-16,30.800701141357422,33.32184680056654,29.48457720263303,29.604224240673922,41485700
2020-03-17,32.66377639770508,32.7748753271227,30.94597790896045,31.26219158229612,38934900
2020-03-18,30.493024826049805,31.407473452144902,28.433378398096906,30.963067994394816,42533400
2020-03-19,30.715234756469727,33.59532461307563,29.57003662533081,30.45884779639264,36830400
2020-03-20,28.518844604492188,30.843426403119178,27.894968542977058,30.843426403119178,47309000
2020-03-23,29.202547073364258,29.629859754637742,27.100169463931593,28.347921710817285,38600900
2020-03-24,29.604215621948242,30.22809161020088,28.65558115346261,30.22809161020088,46492800
2020-03-25,28.689775466918945,29.535856078336536,27.159996792581552,28.869246025052668,57834100
2020-03-26,31.398927688598633,31.886063736031055,28.253907051760784,28.365005967746395,38329500
2020-03-27,29.54439926147461,30.58704327310693,29.407659330452102,30.416117544294515,27910400
2020-03-30,30.330652236938477,30.450299252998967,29.52730239744087,29.68968328506869,31400200
2020-03-31,29.573680877685547,30.777959070055182,29.461853943923064,29.96077158578412,27786300
2020-04-01,27.887685775756836,29.040354045511183,27.569412656307623,28.524235296058244,26097200
2020-04-02,29.56507110595703,29.65109306905143,27.578011338810676,27.61241684264607,24683900
2020-04-03,29.20378875732422,29.797325537424967,28.73927999999196,29.33281678009271,19312300
2020-04-06,31.1650447845459,31.311280487019648,30.184417335425163,30.425272279026046,31583200
2020-04-07,31.775785446166992,32.661793639250384,31.595144241506258,31.784389283380808,26379000
2020-04-08,32.41233825683594,32.61018387524102,31.620952501812805,32.02524757673782,26522500
2020-04-09,32.68760299682617,32.73061234448879,31.65536224590898,32.24890240042288,28615800
2020-04-13,31.990827560424805,32.592968042443516,31.466108468658728,32.21448133328398,20237400
2020-04-14,33.13490295410156,33.238126030823935,32.02524421477811,32.30911177751769,21803300
2020-04-15,31.965036392211914,32.73061397552667,31.61235447355894,32.498359548891344,19786300
2020-04-16,32.5413703918457,32.70480722468782,31.53493459839954,32.2833077443858,20973800
2020-04-17,32.75641632080078,33.29833993744018,32.412335021414926,33.16070807396633,28736600
2020-04-20,32.00804138183594,32.876845224018716,31.930623250170168,32.41233643402412,18444500
2020-04-21,30.717748641967773,31.64676644173658,30.562912342006307,31.612357645877726,23004500
2020-04-22,30.734949111938477,31.26827225397795,30.69193976331324,31.165049160996787,20117300
2020-04-23,31.044618606567383,31.414504874742764,30.7951598152114,30.8209680469603,21194200
2020-04-24,31.965036392211914,32.01664958082078,31.096235713082464,31.096235713082464,19188000
2020-04-27,32.86824417114258,32.98867165695861,32.17148420852045,32.31771664661051,21775600
2020-04-28,32.75641632080078,33.60801245060696,32.610180620070935,33.22952564640448,15958700
2020-04-29,33.547794342041016,33.65101740583934,32.98866312377952,33.39295810564251,19110200
2020-04-30,32.36933135986328,32.71340943822922,30.97580480606165,31.405904865071353,33212500
2020-05-01,31.810203552246094,32.26610861607985,31.638162852990753,31.947835455369685,19951600
2020-05-04,31.156444549560547,31.99944014225059,30.89838192858392,31.956430799222,24906000
2020-05-05,31.010210037231445,31.388700145793653,30.9586001361749,31.302678175028305,18784100
2020-05-06,30.227420806884766,31.19084367556345,30.193012026938632,31.15643817701918,20151900
2020-05-07,30.605915069580078,30.86397439217404,30.425270590502215,30.605915069580075,17462400
2020-05-08,31.42310333251953,31.526329689816055,30.96719840603501,31.18224839496581,12979000
2020-05-11,31.104833602905273,31.22526108459495,30.571510491964087,31.190852295139965,21758100
2020-05-12,30.40806770324707,31.165044597539374,30.399467147342577,31.027412733250088,17133000
2020-05-13,30.081195831298828,30.36506013234183,29.608083193889374,30.253233210644808,30898300
2020-05-14,30.760746002197266,30.829563567082385,29.393028073425448,29.917750520767143,24334900
2020-05-15,30.898386001586914,30.94999918886636,29.977972157556096,30.373666697225907,31571600
2020-05-18,32.765018463134766,32.98866902158299,31.68116789597352,31.77578714055375,24827400
2020-05-19,32.86824417114258,33.25533486226758,32.111270465612435,32.54137050432847,27763200
2020-05-20,33.694034576416016,33.75425159915148,33.11770211468829,33.212324645754705,23123500
2020-05-21,33.504791259765625,33.711237425898666,33.16931377874745,33.41016873303688,20744200
2020-05-22,33.324153900146484,33.5478044862374,33.09189947531955,33.26393687320348,12383000
2020-05-26,33.9951057434082,34.51982828926463,33.891882658102865,33.93489200352986,21584900
2020-05-27,34.34779357910156,34.81230246558546,34.081130340993404,34.0897341804116,20654900
2020-05-28,34.02091598510742,34.5198336575768,33.92629344161128,34.38220176196511,18254000
2020-05-29,34.06391906738281,34.253164119542454,33.375759715987705,34.02951356086503,20298700
2020-06-01,34.56283187866211,34.640250000098725,33.89187701381292,34.01230447351384,13350600
2020-06-02,35.07895278930664,35.12196541177941,34.511220955531485,34.51982479258699,19060100
2020-06-03,35.52626037597656,35.76711861432874,35.259600468326106,35.397232341069056,17141900
2020-06-04,35.51765823364258,35.595076363691355,35.1305675833987,35.242394500447496,12756500
2020-06-05,36.20581817626953,37.074618733532546,36.11979948872362,36.24022696384893,20271600
2020-06-08,37.091827392578125,37.143440579882316,36.042385501949944,36.06819045490055,17212000
2020-06-09,36.25743103027344,36.89397718773206,36.02517663831338,36.70473213915663,14413900
2020-06-10,35.5778694152832,36.23161991432394,35.38002382634453,36.21441552205941,15634600
2020-06-11,33.762855529785156,35.50046020814374,33.71124234002686,35.190787632400195,22805900
2020-06-12,33.94348907470703,34.38219288466297,33.134902306936645,34.05531598645691,18507300
2020-06-15,34.26176452636719,34.48541506264901,33.15210583757105,33.79725578016383,16585500
2020-06-16,34.19294738769531,35.31120664598098,33.668224902759135,34.87250612331437,21212400
2020-06-17,33.73704147338867,34.31337383721508,33.65101951366681,34.21875132222215,18935700
2020-06-18,33.9262809753418,34.06391282038043,33.50478488552437,33.71123101238131,17008200
2020-06-19,33.633811950683594,34.803684241385966,33.4359663840798,34.278961821461934,35341300
2020-06-22,33.06608963012695,33.59081219976571,32.962866540143175,33.375762181481164,20800700
2020-06-23,33.71984100341797,34.10693166368349,33.281137161316174,33.487586607258656,24917900
2020-06-24,33.1693115234375,33.96069390880941,32.79942527941294,33.96069390880941,20958900
2020-06-25,33.17790603637695,33.32414170876271,32.48974685238998,32.99726486584321,18159200
2020-06-26,33.24673080444336,33.324148934516266,32.71340444998445,32.945658840203166,50945600
2020-06-29,33.49618911743164,33.573607254000706,33.023079741244175,33.43597537581157,20573800
2020-06-30,33.72981643676758,33.85961438424185,32.985648579832755,33.31446762610838,22169400
2020-07-01,34.35285568237305,34.79416294688669,34.093262979665,34.274977541470605,18269800
2020-07-02,33.963462829589844,34.854732262842646,33.89423635276628,34.647059434172135,23372800
2020-07-06,34.89799118041992,34.932601108727326,34.309579487504145,34.43937414568016,17551400
2020-07-07,34.67300796508789,34.915293964057575,34.61243646534547,34.64704969402661,19404700
2020-07-08,34.38747024536133,34.82012586681283,34.197100715634534,34.72494110194943,12536000
2020-07-09,33.998077392578125,34.370161467751075,33.77309463503622,34.352854847870915,15335200
2020-07-10,35.05374526977539,35.07970684298889,33.86827018787133,33.946148305713166,19032700
2020-07-13,35.07970428466797,35.56427627065627,34.768191836018865,35.01913278641943,17464700
2020-07-14,35.63350296020508,35.72868768690587,34.465334571002316,34.56917095426723,21030600
2020-07-15,36.308448791503906,36.41228848821939,35.521015913025465,35.57293576138321,21068800
2020-07-16,36.46419906616211,36.49881229273411,36.04885024999502,36.09211513276054,14817900
2020-07-17,36.498817443847656,36.75841007797627,36.256531425447534,36.75841007797627,15912900
2020-07-20,36.2997932434082,36.43824285662412,36.13538205834613,36.33440647193697,12964100
2020-07-21,36.83629608154297,37.00935897496526,36.39498883917127,36.4642120160001,23363500
2020-07-22,36.83629608154297,37.00070401479906,36.697846426985166,36.79303118341243,16360500
2020-07-23,36.767059326171875,37.17375317948188,36.637261378816156,37.000690349973894,22357200
2020-07-24,37.51122283935547,37.987146432504595,36.95742444103521,37.58044928959492,21926100
2020-07-27,37.69293975830078,37.76216290605745,37.338162461188645,37.38142734114891,18268600
2020-07-28,37.390079498291016,37.70159191962118,37.03530219642028,37.08722203360824,17574600
2020-07-29,37.987159729003906,38.16887427313905,37.433357835939674,37.493932651551376,25499900
2020-07-30,37.788124084472656,39.112051959343276,37.31220376645467,38.48902707705122,17658600
2020-07-31,37.035301208496094,37.76216240524437,36.30844001174781,37.675632646471435,23913000
2020-08-03,37.10454177856445,37.32952121754256,36.69784449556175,36.94013055306125,13733000
2020-08-04,37.390079498291016,37.4160410673344,36.81032283707005,36.87954598575521,12102500
2020-08-05,36.5940055847168,37.615072901405256,36.55939235003928,37.459316646256184,16207600
2020-08-06,37.095882415771484,37.11318903223867,36.360369370863765,36.37767598733095,13772200
2020-08-07,37.043968200683594,37.139149645899266,36.74976230400844,36.85359870845268,10353000
2020-08-10,37.225685119628906,37.39874800539478,36.8276427929974,36.8276427929974,16375000
2020-08-11,37.1997184753418,38.07368106558803,37.139143673182865,37.42469786560642,17140700
2020-08-12,37.5025749206543,37.84004564695346,37.18241080863959,37.21702073630936,10407500
2020-08-13,37.54583740234375,37.580450628696845,37.19971504150964,37.29489646263223,12649500
2020-08-14,37.87466812133789,38.229445548528396,37.38144104697303,37.7448701329682,15238000
2020-08-17,37.6669807434082,38.03041302169217,37.46795964137847,37.96118656834324,12333300
2020-08-18,37.675636291503906,37.848699126691926,37.45065361548977,37.822737555829356,8717300
2020-08-19,37.48527145385742,37.86600709738702,37.3468218288558,37.77947731959829,9857900
2020-08-20,37.44200897216797,37.589110264046056,37.12184481268652,37.407395738467365,11318700
2020-08-21,37.26894760131836,37.40739724078138,36.96609004652419,37.242989325450225,12931400
2020-08-24,37.9006233215332,37.91792993863738,37.078577164033,37.08723212303494,15266700
2020-08-25,37.563148498535156,37.88331262826425,37.36412737460089,37.87466097109291,8413000
2020-08-26,38.246734619140625,38.38518420279323,37.130482994186096,37.22566770186572,14428200
2020-08-27,38.54095458984375,38.76593400829171,38.2813619375116,38.55826120678585,14317500
2020-08-28,38.55826187133789,38.56691352950822,38.013114981414994,38.53230029502746,10975100
2020-08-31,38.77458572387695,39.051484969989716,38.290010392729926,38.29866205002747,24898100
2020-09-01,38.98225784301758,39.01687107341606,38.28135808239471,38.45441763258844,16941900
2020-09-02,39.086097717285156,39.74373594987805,38.94764808424975,38.98226131773351,20421100
2020-09-03,38.45441818237305,39.752384632779105,38.15156066430472,39.466833730157454,18515100
2020-09-04,38.445762634277344,38.91303130135044,37.98714892450137,38.86111146026486,16201700
2020-09-08,37.90928268432617,38.298670061255066,37.31221587802172,37.90928268432617,20897600
2020-09-09,38.592872619628906,38.930346711590914,37.822746291122876,38.06503563670327,15420900
2020-09-10,38.09098434448242,38.94764024493154,37.95253473931393,38.636131108976656,16023600
2020-09-11,38.653438568115234,38.71401337146775,38.047723543583224,38.15155993337453,18316200
2020-09-14,39.1726188659668,39.3629882912265,38.68804364753238,38.95629117395299,11435700
2020-09-15,40.20234680175781,40.44463611753411,38.982258468285764,39.07744320295866,18415900
2020-09-16,40.505210876464844,41.10227430435155,40.410026134142406,40.71288367707776,26326900
2020-09-17,39.44087219238281,40.176385133031474,38.956296902688955,39.75238134193697,21253500
2020-09-18,39.163963317871094,39.674496795343565,38.32461413015427,39.35433274025361,39626000
2020-09-21,38.6620979309082,39.319732875710095,37.56315250264084,38.86977073415103,32257700
2020-09-22,39.96870803833008,40.21964898373332,38.80053968005833,38.88706944700475,32899300
2020-09-23,39.25050354003906,40.13312106736683,39.15531881146952,39.977364838961975,19671200
2020-09-24,39.54471206665039,39.8735311601464,38.86111560679533,39.103401622582176,14500600
2020-09-25,39.93409729003906,40.089853508055555,39.12935793058682,39.24184596512177,12556000
2020-09-28,40.46193313598633,40.73018068278722,40.011974407202516,40.57442446863172,16208800
2020-09-29,39.97736740112305,40.55712416553186,39.951405827458906,40.53981755005556,11873800
2020-09-30,40.0292854309082,40.42733099982356,39.58797827304707,40.27157475566092,27897300
2020-10-01,40.18504333496094,40.47059756135409,39.95140895906644,40.297534693924874,15524400
2020-10-02,39.06879425048828,39.795655646340606,39.034181017138266,39.63124443837783,18103900
2020-10-05,39.639896392822266,39.74373278410285,38.956299940018035,39.198585953305866,12599400
2020-10-06,38.709346771240234,39.58772296547443,38.58759244353806,39.37899889115883,17911200
2020-10-07,39.1006965637207,39.231149505600584,38.491921697541464,39.161573718583014,17829200
2020-10-08,39.39638900756836,39.47466011312706,38.987642849700734,39.213757533783486,15366000
2020-10-09,39.005035400390625,39.683386121153596,38.85719181458673,39.46596674140213,25103900
2020-10-12,39.996463775634766,40.23127374649425,39.0659059359638,39.39638426605462,19520100
2020-10-13,39.90950012207031,40.274766398827644,39.46596605481826,40.11822418272541,13854400
2020-10-14,39.378997802734375,40.01386200646013,39.126793838417825,39.831230519954744,15325000
2020-10-15,39.23115158081055,39.2659394761595,38.726737050919525,39.16157579011263,12904800
2020-10-16,39.622501373291016,39.90949317448026,39.0485144533567,39.33550625454595,13360900
2020-10-19,38.55280303955078,39.79643874375791,38.43974404187515,39.62250590740303,17520400
2020-10-20,38.50062561035156,38.83979932469217,38.3788712839274,38.813710059760304,13137400
2020-10-21,38.718040466308594,39.048518826174835,38.239718532391464,38.26580779426958,13198900
2020-10-22,39.23115158081055,39.34421058191651,38.578893472020894,38.700647788185954,15956600
2020-10-23,39.18767166137695,39.61381180374185,38.78761746638003,39.48336216156255,10529200
2020-10-26,38.0657844543457,38.97894516298547,37.874454343324594,38.88328010747491,15634600
2020-10-27,37.778785705566406,38.1266579985178,37.70921323750976,37.917933959235754,11134900
2020-10-28,36.509056091308594,37.46570320186018,36.44817893998465,37.31785632181922,20256200
2020-10-29,37.448307037353516,37.996201366807,36.430782835764965,36.596023651759026,20354400
2020-10-30,36.73517608642578,37.439612681173486,36.30903268619249,36.93520149712921,22001800
2020-11-02,36.004642486572266,37.33524772867694,35.6306809724092,37.17870554518748,24480400
2020-11-03,37.065650939941406,37.3787353438801,36.30903250879363,36.482968657376915,20761600
2020-11-04,38.00489807128906,38.79630426904629,37.74399554893442,38.50061385902955,23064100
2020-11-05,38.5701904296875,38.97024454534988,38.44843612744257,38.77021914629665,18897400
2020-11-06,38.72673797607422,38.87458487606111,38.222326751689465,38.76152587225424,14129100
2020-11-09,41.0313835144043,41.944544199164554,40.63133267232743,41.39664646128588,37456800
2020-11-10,41.54449462890625,41.709732159807885,39.961681842184845,40.15300863650348,21103100
2020-11-11,41.457523345947266,41.718429240636546,40.979201401610695,41.55318839832583,11840000
2020-11-12,41.72712707519531,41.82279213335039,41.09226288273288,41.42274126975321,20020400
2020-11-13,42.614192962646484,42.831612314496724,41.50970225714056,41.57927804215953,17032600
2020-11-16,43.083824157714844,43.26645563655007,42.831616886433984,42.96206983849137,19426600
2020-11-17,43.29254150390625,43.47517628597129,42.59680022180841,42.77943168631732,19426000
2020-11-18,42.7359504699707,43.814351995649204,42.64898404973888,43.13600131112713,18279200
2020-11-19,43.03163146972656,43.25774942063844,42.61418677291488,42.79681820572833,13484500
2020-11-20,42.76203155517578,43.20556883918707,42.70115440914374,42.857696589670596,19830000
2020-11-23,43.31863021850586,43.46647377633226,42.43155891888,42.692461461698,14676800
2020-11-24,45.518917083740234,45.649370026021685,43.41429596576596,43.4838717529977,31754000
2020-11-25,45.049285888671875,45.39715815432109,44.162214597066594,45.37106557798613,19322100
2020-11-27,45.00580596923828,45.40585678164029,44.623149103143675,44.623149103143675,6243700
2020-11-30,43.692596435546875,44.770994612946694,43.344724129417536,44.46660883325066,34359800
2020-12-01,44.370941162109375,44.58836051120778,43.57953486409342,44.13612786697637,14369600
2020-12-02,44.397029876708984,44.649237114776746,44.18830916197121,44.292669519340095,14438000
2020-12-03,44.86665344238281,44.979712423832986,44.075247207343054,44.15351829949229,14677200
2020-12-04,44.953617095947266,45.14494715783315,44.779684295202486,45.00579892670401,12258100
2020-12-07,45.16234588623047,45.24061698188041,44.56226969795151,44.85796013512285,12195900
2020-12-08,44.710113525390625,45.049287169385344,44.53617738762116,44.61444848373962,13352400
2020-12-09,44.57966995239258,45.53631725219944,44.48400820821282,44.89275440260004,17327400
2020-12-10,43.90132141113281,44.59706277312452,43.70129597690748,44.59706277312452,17304100
2020-12-11,44.29267120361328,44.44921340439726,43.59692993210453,43.979586802045326,19640200
2020-12-14,44.344852447509766,44.5883610598785,44.136128410082264,44.22309482376937,14005700
2020-12-15,44.79708480834961,45.31019464592788,44.61445333672588,44.68402912642421,18869000
2020-12-16,44.72751235961914,45.28410540727207,44.36224609862424,44.94493172620583,13129800
2020-12-17,44.66663360595703,45.118866270400936,44.423124985701136,44.82317580970901,13464900
2020-12-18,44.26657485961914,44.875346301307864,43.83173621980974,44.84056173146532,31640400
2020-12-21,43.80564880371094,44.04916072661612,43.03163646451715,43.93610173803714,19672400
2020-12-22,43.501258850097656,43.75346606276597,43.30992878289334,43.48386490602857,13739800
2020-12-23,43.51866149902344,43.71868691949475,43.179487815721814,43.61432655176108,12934200
2020-12-24,43.814353942871094,43.86653247030662,43.56214666841128,43.65781172545165,3875300
2020-12-28,44.449222564697266,44.666641964197794,43.9448079654288,44.16222736492933,13510700
2020-12-29,44.831871032714844,44.98841323614689,44.38833700136146,44.492697364464114,11245200
2020-12-30,44.53618240356445,45.162351243035225,44.518788456072905,44.95362719069288,9954000
2020-12-31,45.571102142333984,45.64067461692271,44.56227637912477,44.666636749786036,11651200
2021-01-04,43.927398681640625,45.57109155484902,43.153386420412005,45.46672789087809,22302100
2021-01-05,43.66530990600586,43.944879453270836,42.98385955113896,43.82256819293389,17854600
2021-01-06,44.172035217285156,44.35550212201163,42.89649530969448,42.91396882434445,22552600
2021-01-07,44.25939178466797,44.53896130513497,43.770143457484934,43.8575110155881,20230800
2021-01-08,45.0282096862793,45.133047423397166,43.95361371580931,43.99729582854746,22140400
2021-01-11,45.010746002197266,45.20295133948875,44.32055713895268,45.20295133948875,18794300
2021-01-12,43.69151306152344,45.03694342292678,43.342052837383676,44.80979444387251,20999500
2021-01-13,43.822566986083984,44.014772294309886,43.263427906952415,43.3507921382923,16227000
2021-01-14,43.31584548950195,43.91866664316667,43.193530908148404,43.82256399561181,18806000
2021-01-15,42.53829574584961,43.03627923891498,42.06652419060436,42.992597119524206,25973100
2021-01-19,42.678077697753906,42.887756522751694,42.20630617378965,42.52081941218854,18946300
2021-01-20,42.704288482666016,42.95764608459665,42.5120831759936,42.80039113600222,15814200
2021-01-21,42.92270278930664,43.04501404641883,42.14514979818048,42.372298799570004,22602300
2021-01-22,42.52956008911133,42.75670910655985,42.162622959101206,42.66934486894089,13960700
2021-01-25,42.78291320800781,42.92269796223471,42.215035769299625,42.37229403439631,16328400
2021-01-26,43.76142120361328,43.866258971355265,42.7042984359892,42.94018591295808,23562200
2021-01-27,42.302398681640625,43.883716372734234,42.215034462727054,43.21973964388969,24670000
2021-01-28,45.08062744140625,45.68345193587395,43.49057452256765,43.682779820250865,29163100
2021-01-29,43.30711364746094,44.73117340007215,43.23722292308548,43.95362034477729,27480200
2021-02-01,43.813838958740234,43.997305873767544,42.89649771813902,43.560477981188804,16865700
2021-02-02,44.71369171142578,44.975787712199576,43.743933509104416,43.98855599879576,17361400
2021-02-03,44.09340286254883,45.019475742555414,44.04971741273335,44.774853220701885,17253300
2021-02-04,44.949581146240234,44.99326325955756,43.8837202510931,43.971087810459366,18708100
2021-02-05,44.65254592895508,45.491254649347624,44.50402271839037,45.30778774164904,14203000
2021-02-08,45.29904556274414,45.4999893014507,44.573913083160214,44.60886011012935,14767100
2021-02-09,46.05912780761719,46.29501523751672,44.870955567855916,45.430094661218426,15090000
2021-02-10,46.08534240722656,46.35617689888205,45.46504760311775,46.33870338334953,16432700
2021-02-11,46.504695892333984,46.5745899531272,45.875662676124016,46.23386140585863,11176400
2021-02-12,46.504695892333984,46.82794759167199,46.26007334502222,46.58332504436023,10113300
2021-02-16,46.16396713256836,46.50469232093819,45.90187109018634,46.30375191068757,10818000
2021-02-17,46.29500961303711,46.522158592344354,45.788287788282624,46.067857300998384,10978500
2021-02-18,45.919342041015625,46.19017315884318,45.657242680530906,46.024179785570425,14533500
2021-02-19,45.5174560546875,45.954283860712266,45.22915143573163,45.78829049420626,15143500
2021-02-22,45.866920471191406,46.181437030516655,45.264099287639176,45.40388405481354,13478300
2021-02-23,46.600791931152344,46.67068264927219,45.499987292093465,46.1290170860992,18276000
2021-02-24,46.65321731567383,46.76679016100811,45.92808146005338,45.92808146005338,19295800
2021-02-25,45.639766693115234,46.66194207110813,45.38640578767496,46.382372566046925,22603700
2021-02-26,46.05912780761719,46.70563113454313,45.333992004659514,45.66598209111796,22782600
2021-03-01,47.5705451965332,47.7976941723315,46.198906254481756,46.49594927374502,17367300
2021-03-02,47.395816802978516,47.85885320941827,47.23855852669111,47.448237339318204,14983100
2021-03-03,46.94151306152344,47.87632424853888,46.862883927441224,47.107506418927436,22761200
2021-03-04,47.116249084472656,48.269474266390496,46.827941122627294,47.0201464305242,28187000
2021-03-05,48.12968444824219,48.2869427140745,47.11624414217366,47.780220894674514,22052700
2021-03-08,48.47042465209961,48.77620618973855,47.7627622358029,47.89381194232423,25302400
2021-03-09,48.54904556274414,49.029555517146996,48.14716475235134,48.461681328391585,25293200
2021-03-10,49.981834411621094,50.401188685727725,48.7237715893012,49.01207619467947,23595800
2021-03-11,49.7022705078125,50.40993279993646,49.45764798681098,49.46638307710451,17490200
2021-03-12,49.87699508666992,50.13909108304198,49.108177275611325,49.66731628993343,18368400
2021-03-15,50.26140594482422,50.31382648096565,49.387750338856925,49.999309929580356,14733100
2021-03-16,50.706974029541016,51.18748396389623,50.12162301905859,50.31382832589338,15151700
2021-03-17,50.23520278930664,50.56719288873137,49.41396763044759,50.14783855233109,19237300
2021-03-18,48.81114196777344,49.90321156910104,48.74998633671765,49.51880426921722,18937700
2021-03-19,48.452945709228516,48.95966762944604,48.286952321260074,48.50536625251271,33957100
2021-03-22,49.24797058105469,49.37902026836307,48.26947713607655,48.662622865269725,18293000
2021-03-23,49.047027587890625,49.553749463880024,48.92471633030196,49.32659712887381,14716600
2021-03-24,48.85482406616211,49.370281051096306,48.80240685826734,48.968400237820674,15751200
2021-03-25,49.186805725097656,49.36153749783094,48.426726346348936,49.073229572911316,17462700
2021-03-26,48.20832443237305,49.41397029755584,47.05509911184418,49.09945369509666,24127300
2021-03-29,48.21705627441406,48.59272848728928,47.32592707173788,48.07727149748831,20468200
2021-03-30,48.03358840942383,48.50536327179403,47.666654627179376,48.38305201104588,12201700
2021-03-31,47.27350997924805,47.937486838090265,47.15119871572964,47.858857692581005,21976300
2021-04-01,47.83264923095703,48.1209572095947,47.378347870296814,47.71907305760898,16665000
2021-04-05,47.8763313293457,48.15590088460097,47.570553169764004,47.6841293430652,14837900
2021-04-06,48.13084411621094,48.31515179621052,47.51648183487389,47.72712157487705,15551900
2021-04-07,47.92021179199219,48.37659517595471,47.60425715510023,48.359041582570896,17331800
2021-04-08,47.68324279785156,47.94653998131957,47.48137816425391,47.902657675409124,10780300
2021-04-09,47.01621627807617,47.28829191175513,46.042013756844355,47.2180775489973,18205900
2021-04-12,46.79680633544922,47.13031789759536,46.62127375810886,46.91967813518584,14826200
2021-04-13,47.28829574584961,47.38483882846671,46.744144434372366,46.9460090696656,15783000
2021-04-14,46.77925491333008,47.288299076434676,46.64760798522087,46.97234109216363,13334600
2021-04-15,47.5164909362793,47.83244893280073,46.96356444236678,47.139097034657105,18330600
2021-04-16,48.367820739746094,48.710107445574636,47.91143734930616,48.27127764876766,19244100
2021-04-19,47.5164909362793,48.28005386253561,47.31462962694743,48.192289240393315,17005200
2021-04-20,47.5340461730957,47.63058926959222,47.09521635120671,47.22686663697574,14351200
2021-04-21,47.972869873046875,48.069412957223285,47.19175342544562,47.40238983818922,16122300
2021-04-22,47.744686126708984,48.043090540551134,47.51649274365012,47.665696624574124,15017600
2021-04-23,47.73590087890625,48.01675165818234,47.36728548660839,47.65691138798451,12252300
2021-04-26,47.67446517944336,47.90265853106227,47.402389521130154,47.727125956279735,12802300
2021-04-27,47.65691375732422,48.06941482464649,47.58670273301723,47.797339153943746,12420100
2021-04-28,47.481380462646484,47.90265999419423,47.34973353854262,47.5252661186866,12561800
2021-04-29,49.50000762939453,49.57899713505444,48.51702637051434,49.13138882031296,21710400
2021-04-30,49.28058624267578,49.48244754221162,48.03430791109966,49.48244754221162,21907400
2021-05-03,49.649208068847656,50.00027328174062,49.298142855954694,49.53511137245654,14498900
2021-05-04,49.701866149902344,49.89494899327854,49.30691864389632,49.46489764629873,25314100
2021-05-05,49.5087776184082,50.0529256298488,49.37712733996025,50.0353720361887,17858800
2021-05-06,50.0090446472168,50.114362863967486,49.543886120895976,49.736968960271284,13075800
2021-05-07,51.00079345703125,51.272865755980895,49.7632937110839,50.25478088235049,17847300
2021-05-10,50.474205017089844,51.878462466413964,50.4566547703285,51.20266413390272,19221200
2021-05-11,50.46541976928711,50.71116335071502,49.98270772805149,50.482973360532704,15397500
2021-05-12,49.693077087402344,50.149460402849265,49.6404196631618,49.94759913124862,19274400
2021-05-13,50.3688850402832,50.95691872646132,49.49122542055914,49.49122542055914,15645000
2021-05-14,51.50106430053711,51.67659688572343,50.360107518834454,50.77260524381586,15864400
2021-05-17,48.675010681152344,51.141235872585625,48.36783109681296,51.01836403884987,31534600
2021-05-18,48.22739028930664,49.10504979103013,47.99042182208066,48.79786695662373,34702100
2021-05-19,47.604251861572266,47.94653852448095,47.103982875776616,47.92898493304906,18582500
2021-05-20,48.3063850402832,48.560907127028784,47.47260775322343,47.49893646978136,15317200
2021-05-21,48.341495513916016,48.70133583936067,48.20106675471235,48.5609104281629,16449300
2021-05-24,48.85052490234375,48.94706797762193,48.157173132623306,48.59600285806585,13206400
2021-05-25,48.88563537597656,49.350793844908914,48.71010280437774,49.350793844908914,11993900
2021-05-26,49.89494705200195,50.49175584941178,48.80665102002334,49.06994823111457,23719200
2021-05-27,50.32500076293945,50.43909744648798,49.842288660549634,50.03537149270219,25521100
2021-05-28,50.32500076293945,50.78138414912792,50.219682550128454,50.62340515590862,13017700
2021-06-01,49.98271560668945,50.834043154259355,49.886172513623464,50.82526803125596,12070200
2021-06-02,49.754512786865234,50.052917132415885,49.35079024523938,50.052917132415885,13816500
2021-06-03,49.49123001098633,49.70186981237997,49.01729296885519,49.605326709574804,10671400
2021-06-04,50.02659606933594,50.210903777648994,49.52633037648303,49.72819167816003,11314900
2021-06-07,49.95637512207031,50.237229230930005,49.70185642179944,49.78962102906455,11099400
2021-06-08,49.526329040527344,49.973933941214426,49.26303184318168,49.84228701654435,14745600
2021-06-09,49.37712478637695,49.95637995518104,49.34202094887783,49.84228662429929,9220900
2021-06-10,49.675537109375,50.0617095156567,49.45612218689895,49.55266528846938,12373300
2021-06-11,49.92127990722656,49.9300550302661,49.517553939287545,49.6316506268359,9737900
2021-06-14,50.272342681884766,50.28112115309365,49.37712945490913,49.833512865602934,12473900
2021-06-15,50.30744552612305,50.70239299626992,50.21968090964841,50.26356321788573,12092700
2021-06-16,50.13190460205078,50.992010422781476,49.886161038414855,50.614616608337755,14960000
2021-06-17,50.482975006103516,50.790154492901394,49.80717678714288,50.009038071039384,15549400
2021-06-18,49.772071838378906,50.44787008768432,49.535103360206456,50.246008794723814,26722700
2021-06-21,50.272342681884766,50.37766424835658,49.90372724325081,50.00904546171682,12966100
2021-06-22,50.579524993896484,50.73750399382374,50.28112058825676,50.43032111707374,14324500
2021-06-23,48.69255828857422,50.72872846344422,48.1922925424729,50.439102512125224,34001700
2021-06-24,49.20159149169922,49.42100636097507,48.79786558774769,48.885633544261154,20521500
2021-06-25,49.51755142211914,49.67553041284596,49.06117139113674,49.11382882270863,17280700
2021-06-28,49.2366943359375,49.75451355093315,48.99095075865317,49.701856126089446,13483900
2021-06-29,49.62287521362305,50.05292654816591,49.29813874696169,49.29813874696169,12496400
2021-06-30,50.04414367675781,50.14946187633845,49.48244214832082,49.614089060795315,12985100
2021-07-01,50.684837341308594,50.89547709948575,50.04414629269426,50.08802859914626,10033900
2021-07-02,51.272865295410156,51.36940837404323,50.75504941547862,50.90424992027138,10668500
2021-07-06,50.82334518432617,51.36101899051052,50.179900529146515,51.11421922205659,12866600
2021-07-07,51.27287673950195,51.38746379384768,50.88504802946352,51.10540593883885,12869000
2021-07-08,51.32575607299805,51.4491559455715,50.602982508729795,50.94674025729709,21483600
2021-07-09,51.14946365356445,51.7488372814407,51.13183462187469,51.316937773420285,14741400
2021-07-12,51.352195739746094,51.44915373900812,50.699938337719324,51.352195739746094,11576300
2021-07-13,50.9643669128418,51.519669675905995,50.85859607877049,51.35219554603272,11367100
2021-07-14,50.92030334472656,51.28169016203808,50.77927442485853,51.23761925502832,9776800
2021-07-15,51.078956604003906,51.237614544568785,50.67349891695782,50.80571162583231,12757300
2021-07-16,50.72637939453125,51.43152388371372,50.68230849440625,51.05250809032924,12409600
2021-07-19,49.91547393798828,50.74401845623402,49.64222892337781,50.66468947537258,18287500
2021-07-20,50.31211471557617,50.629427250600386,49.818511834880944,50.0036116542437,17575300
2021-07-21,50.9555549621582,51.21998373312355,50.030049220188126,50.179894319918176,13990300
2021-07-22,50.93792724609375,51.096585185253865,50.14463755029318,50.97318531310585,13377400
2021-07-23,51.44034957885742,51.64307844677857,50.92911762831254,51.05251751640412,8550800
2021-07-26,51.74003601074219,51.80173595424939,51.12303321327543,51.308133043797035,11595400
2021-07-27,51.61663055419922,52.07497534393558,51.36982744440618,51.71358519610985,11625300
2021-07-28,51.10539627075195,51.598999104835364,50.57653873325805,51.34338317134248,13239600
2021-07-29,51.21998596191406,52.62146220764801,51.17591505856784,52.18074644939701,19769600
2021-07-30,51.8546257019043,52.20719634527275,51.043706833606514,51.184735763432876,22478300
2021-08-02,51.53730392456055,52.2424484937248,51.13184285519589,51.96920350212604,11634300
2021-08-03,51.32575607299805,51.784100858552556,50.45314076700327,51.740029955832654,11207500
2021-08-04,51.096588134765625,51.502045841626504,50.67350139338108,51.13184284141844,9507600
2021-08-05,51.42271041870117,51.67832634364661,51.14065262648348,51.387452354075435,8723500
2021-08-06,51.73121643066406,51.97801955095697,51.24642975090887,51.29931685434189,10589100
2021-08-09,51.36982727050781,51.731214054715785,51.14946939324943,51.704772185410974,12119200
2021-08-10,51.51966857910156,51.52848141408897,51.16709465651091,51.31693975044988,8229300
2021-08-11,52.08378219604492,52.136669291152096,51.53729566284676,51.92512427311739,8849700
2021-08-12,52.03089904785156,52.127857048372675,51.64307040816137,52.048528080891245,9314900
2021-08-13,52.2865104675293,52.44516838878942,51.99563985348171,52.33058136512512,7542700
2021-08-16,52.22481918334961,52.515693207940416,51.88106141784739,52.127861175152674,12221300
2021-08-17,52.41872787475586,52.44516974151659,51.836983269261694,52.11022485883993,12911600
2021-08-18,52.03089904785156,52.603830853261265,51.98682814644949,52.41873104993601,12514000
2021-08-19,51.96920394897461,52.1895618388828,51.58137527319822,52.03090388915734,10460100
2021-08-20,52.365840911865234,52.612640635309695,51.74002540604876,51.8810542997876,11538200
2021-08-23,52.709598541259766,52.99165632826149,52.00445407375545,52.10141206848618,12419800
2021-08-24,52.471614837646484,52.92995960994076,52.35703116636861,52.762488839492455,9613500
2021-08-25,52.42755126953125,52.72723814862734,52.18956433356716,52.45399314161791,7757000
2021-08-26,52.004459381103516,52.62146211403616,51.9780175116217,52.52450410941032,8118600
2021-08-27,52.35703659057617,52.45399123884178,51.96920454793535,52.10142062836192,13129600
2021-08-30,52.63027572631836,52.66553379441062,52.092601956291894,52.20718899639453,11995100
2021-08-31,53.48526382446289,53.55577659619644,52.36584541314022,52.41873251373614,16718700
2021-09-01,53.89072036743164,54.2256652726583,53.379491855406584,53.77613333309726,15040100
2021-09-02,54.42839431762695,54.47246521949435,54.01412044280597,54.093449411125,10223700
2021-09-03,54.401954650878906,54.472467424241856,54.05819689504776,54.11989683263825,8080400
2021-09-07,53.15031433105469,54.26973264589335,53.06217253338622,54.14633278419986,15979000
2021-09-08,53.00928497314453,53.34422985366089,52.92114317624792,53.02691400500265,16750400
2021-09-09,52.49806213378906,53.2120195075097,52.383475095608894,53.2120195075097,10390500
2021-09-10,52.26888656616211,52.75367321208549,52.057344891981934,52.392286436499596,10211200
2021-09-13,52.85944747924805,53.40593406103985,52.471615472097355,52.868260314685884,14017800
2021-09-14,48.998779296875,53.635107703985824,48.83130851523677,53.19439193530099,54749300
2021-09-15,50.24159240722656,50.84096605932185,48.91944523861534,48.91944523861534,37041400
2021-09-16,50.4884033203125,50.88504823123989,49.71274589715989,50.461961447048964,18590800
2021-09-17,50.33855438232422,50.81452820761343,50.0741256001839,50.17989644056115,23758600
2021-09-20,49.79206085205078,50.232776548391705,49.23675813319092,50.14463139168716,19287200
2021-09-21,49.413055419921875,50.50602869252369,49.1398104205741,50.215158020542184,13698000
2021-09-22,49.37778854370117,50.29447802732376,49.2808305495342,50.127003905619354,17508100
2021-09-23,49.51000213623047,50.144633845989155,49.24557337796238,49.4218603376058,15254700
2021-09-24,49.57171630859375,49.78325801667316,49.139813330806476,49.28965509382982,11417800
2021-09-27,49.61578369140625,49.65104176104532,49.13980983846258,49.227951650165664,10188100
2021-09-28,48.25838088989258,49.21032864742351,48.12616480277058,48.963525508955435,21386700
2021-09-29,49.2984733581543,49.527644111905985,48.223125649454516,48.43467072879028,16926800
2021-09-30,49.2984733581543,50.171088824726276,49.289657158551364,49.36898614300291,19457300
2021-10-01,50.426700592041016,50.66468752546605,49.43068531359641,49.703926955295955,15489500
2021-10-04,50.04768753051758,50.417890568408545,49.81851678317164,50.417890568408545,14261500
2021-10-05,50.277862548828125,50.73823428891065,49.817490808745596,49.870611793961885,15620500
2021-10-06,50.37525177001953,50.43722456713784,49.498774046502696,49.658133632596666,22844900
2021-10-07,50.81791687011719,51.31369925031896,50.71167489384752,50.835620488897966,13838400
2021-10-08,48.42753219604492,50.4460827033815,48.312438396705595,50.4460827033815,24009700
2021-10-11,46.23191452026367,47.89633179882726,46.18764533679795,47.74582738229031,31934900
2021-10-12,46.32929611206055,46.59489429667445,45.60332278746179,46.36470672668202,27671100
2021-10-13,46.64801025390625,47.18806179059664,46.13452089882072,47.13494418191498,19948200
2021-10-14,47.798946380615234,48.08225158119308,46.71884319262197,46.71884319262197,20940500
2021-10-15,47.825504302978516,48.285876089716496,47.533343920576506,48.029129701047644,18876600
2021-10-18,47.11723709106445,47.57760883653487,46.8250767348516,47.46251505585126,20106100
2021-10-19,48.02027130126953,48.029123109855895,47.35627420758489,47.55104439185962,15335000
2021-10-20,48.436370849609375,48.586878604364905,47.72810800234008,48.26815947877781,12658700
2021-10-21,47.8343620300293,48.46294867612558,47.613029607714125,48.46294867612558,13686600
2021-10-22,48.0025634765625,48.11765387251388,47.36512519692618,47.85205571508668,14906900
2021-10-25,47.87862777709961,48.05569100042119,47.497935767882105,47.92289358293,13471100
2021-10-26,47.59531784057617,48.12651762727603,47.400547624990864,47.92289222441696,13446400
2021-10-27,46.42668151855469,47.683851266395074,46.15223151280981,47.60417146986108,22840300
2021-10-28,45.9486083984375,46.692285410597954,44.08941417940413,44.620613975098436,21159400
2021-10-29,45.53250503540039,46.53292850455574,45.258051622866894,45.629891839114364,26924000
2021-11-01,46.26731872558594,46.64801068522325,45.541348797269215,45.57676278822712,19052200
2021-11-02,46.60375213623047,46.87820554296031,45.9309030896621,46.44439252938922,15469800
2021-11-03,46.878204345703125,47.00214995291087,46.26732474265851,46.46209834099326,16311900
2021-11-04,46.68342208862305,47.14379381376624,46.152225762753766,46.73654307211553,16582100
2021-11-05,47.719268798828125,48.09996081302796,47.19692417775843,47.24118998416816,17624800
2021-11-08,47.356285095214844,47.84321573374715,47.117245681259426,47.65729731531448,13428400
2021-11-09,47.58646774291992,47.816651961354395,47.15265473703459,47.241189726635945,13501900
2021-11-10,47.958309173583984,48.33014941109385,47.61303112413795,47.61303112413795,16272000
2021-11-11,47.50678253173828,47.97600610277334,47.31200895405695,47.87862269119682,10846300
2021-11-12,47.36513900756836,47.79895204709213,47.06412677411191,47.71041705062565,12100200
2021-11-15,47.25889205932617,47.568756049180934,47.13494646338427,47.320864857297124,9970200
2021-11-16,47.02870178222656,47.56875331400437,46.975584174028086,47.32971394531924,12853600
2021-11-17,47.56875991821289,47.62188091105042,46.85164171259641,47.04641530906953,14720100
2021-11-18,46.72769546508789,47.46252065822908,46.639163855505195,47.0552698505256,15052800
2021-11-19,45.95745849609375,46.73654947438895,45.69186029677576,46.692283670713344,18226200
2021-11-22,45.60332107543945,46.50635757103659,45.27575010595532,45.8158016415122,17994600
2021-11-23,46.07255554199219,46.497513366372544,45.60332853354475,45.833516132541135,19514100
2021-11-24,45.930904388427734,46.152236806714136,45.5856263562633,45.957463197897404,10122200
2021-11-26,45.24033737182617,45.47937674882267,44.877352401705,45.222633753320466,12874800
2021-11-29,45.621036529541016,45.82466194709792,44.992453278309085,45.65645052666343,19104100
2021-11-30,44.24877166748047,45.417406434034675,44.098267261108994,45.417406434034675,31517200
2021-12-01,43.45197296142578,45.50593710668041,43.42541078020391,45.266897739267506,21235900
2021-12-02,45.594478607177734,46.00172945021288,43.983178856678066,44.054003475035834,26158400
2021-12-03,45.84236145019531,46.25846740518657,45.514790473534156,45.54134927840114,22351400
2021-12-06,46.347007751464844,47.205778628355745,46.09026470902296,46.2142103248083,22333500
2021-12-07,43.89463806152344,47.09067470727549,43.13325415410239,46.302731995681526,46086900
2021-12-08,43.328025817871094,44.12482374275135,43.01816183445328,43.62018618274856,36605500
2021-12-09,42.32761001586914,43.2217914390561,42.1328364202729,43.0889906461924,35048200
2021-12-10,42.894222259521484,42.94733987712362,42.30104963726905,42.74371446269804,27865400
2021-12-13,42.239070892333984,42.84995042697492,42.008886701475284,42.47811026972425,30178300
2021-12-14,43.16866683959961,43.38114741497532,40.981905174608855,40.981905174608855,34729600
2021-12-15,42.655189514160156,43.12441322171487,42.29220443567601,42.61977551204826,23040400
2021-12-16,43.23949432373047,43.841518673524114,42.867654165439504,42.982747949822915,28400900
2021-12-17,43.159812927246094,43.60247767521785,42.53122979566957,42.68173418889324,41441400
2021-12-20,42.84994888305664,43.09784006078262,42.47810873920367,42.71714810798115,18991200
2021-12-21,43.257205963134766,43.66445677957604,42.84995514669348,43.05358055491413,19756300
2021-12-22,43.407711029052734,43.522804827517135,42.87651459766472,43.18637861976364,26552000
2021-12-23,44.29304504394531,44.461259853079966,43.65560993873123,43.708727560761226,18420000
2021-12-27,44.682586669921875,44.78882527789796,43.96546846723824,44.28418766843097,16421700
2021-12-28,44.71799087524414,45.16951080460804,44.54092767976274,44.68258026250624,9282800
2021-12-29,44.7888298034668,44.948189420165235,44.540938567386924,44.824243802125295,12045600
2021-12-30,44.7888298034668,45.32888146258207,44.73570880547906,44.903923610474514,11343100
2021-12-31,44.55863571166992,45.40855122790898,44.52322172084395,44.96588647437647,12345400
2022-01-03,44.92161560058594,45.10753396552677,44.00972401476742,44.24876335994721,20706000
2022-01-04,44.65470504760742,45.393168645313075,44.41448207223281,45.11735632677483,24592800
2022-01-05,44.68140411376953,45.5533227619897,44.61912445275288,44.99280241885281,20727900
2022-01-06,44.93941116333008,45.357577443399826,44.65470321766153,44.86823587390616,18288200
2022-01-07,44.53014373779297,45.0105896669343,44.45896844865337,44.79705701154268,17894500
2022-01-10,44.94831848144531,45.3042017821407,44.3700034510831,44.81486012244263,20216700
2022-01-11,45.49993896484375,45.53552831245333,44.80596365639187,45.001701674257575,18836200
2022-01-12,45.33089065551758,45.98927655827606,45.21522698298396,45.75795260719552,17992600
2022-01-13,45.62449264526367,45.980379289374206,44.592425450127,45.19743070872297,17924700
2022-01-14,45.980377197265625,46.35405510199142,45.49993126777267,45.79353824490273,18789900
2022-01-18,44.645816802978516,45.722369157075775,44.53905214979202,45.437661152587026,23364500
2022-01-19,44.77926254272461,45.17963072781632,44.049694668634814,44.67249452564639,17852300
2022-01-20,44.68140411376953,45.92700072808964,44.61912445275288,44.93941839770126,20052300
2022-01-21,44.24544143676758,45.33089273498365,44.17426613854957,44.82375643197804,33155400
2022-01-24,44.54793930053711,45.55331615891051,43.40020846704781,44.98390025844693,41581900
2022-01-25,44.19206237792969,44.52125877534734,43.435807355295324,43.82728002440212,32154300
2022-01-26,43.11549758911133,44.79705486660453,42.590566705143786,44.058594731455834,34221300
2022-01-27,42.71513366699219,44.54794427083774,40.45526448413768,40.45526448413768,49168100
2022-01-28,44.23654556274414,44.38779519189743,42.466014634382496,42.59947298456573,34458000
2022-01-31,44.476768493652344,44.574634103796285,43.62264116286636,43.85396851699123,24470700
2022-02-01,44.43227767944336,44.494557334297866,43.49807946263912,43.72940680408726,23489800
2022-02-02,44.476768493652344,44.708092453790385,43.91624817525866,44.43228011432976,20280500
2022-02-03,44.165367126464844,45.35758306957995,44.12088214080865,44.87713707892457,28416400
2022-02-04,43.88955307006836,44.200951327400475,43.34682748387256,43.73830006365957,23203100
2022-02-07,43.47139358520508,44.067499883603645,43.337935228913494,43.99632458250526,19034000
2022-02-08,43.78279113769531,44.07639815888876,43.44470252381955,43.66713085115268,17964500
2022-02-09,44.281028747558594,44.2988234197919,43.81837745145267,44.040805763388974,19142900
2022-02-10,43.52476501464844,44.13866925107184,43.37351541053536,43.55145871665789,21583400
2022-02-11,42.368141174316406,43.88955330925057,42.261376541790206,43.364622391182564,26312600
2022-02-14,42.17241287231445,43.05322716154614,41.87880584657923,42.795209483291615,24481600
2022-02-15,42.75071716308594,42.9909401263957,42.43041987867292,42.448214549361026,21087800
2022-02-16,42.786312103271484,42.93756173293254,42.39483947886625,42.63505907962359,14852100
2022-02-17,41.61189651489258,42.40374090526869,41.52292313766715,42.3859462298236,20569000
2022-02-18,41.49622344970703,41.94997908610922,41.30938449071156,41.620782755704006,21220400
2022-02-22,41.76313781738281,42.23468813745362,41.478429855144825,41.81652183304742,21635500
2022-02-23,40.15275955200195,41.81652236382068,39.859152553099825,41.65637370878073,36279100
2022-02-24,40.93570327758789,40.98019165325414,39.38760419362051,39.56554751432585,29784000
2022-02-25,41.878807067871094,42.2257947309594,40.9268140559155,41.09585837039806,30441900
2022-02-28,41.60299301147461,41.93218938086776,41.01578236081007,41.3360796964429,29824700
2022-03-01,41.27379608154297,41.77203671078848,40.75776417445531,41.051367774663355,21843400
2022-03-02,41.26490020751953,41.90549141977222,41.14923653828486,41.58519751063917,25978700
2022-03-03,41.923282623291016,42.385933867969115,41.549604729889275,41.7008543360796,23131600
2022-03-04,42.003360748291016,42.17240843404002,41.28269520457915,41.72755181930958,21368700
2022-03-07,41.193721771240234,42.18130399720556,40.837838516487174,41.81652170954136,30718700
2022-03-08,41.04247283935547,42.08343570428426,40.99798785601424,41.22931180578064,24592700
2022-03-09,41.0335807800293,41.9410888491671,40.90902144791009,41.62079148429644,20113700
2022-03-10,40.38408660888672,40.77556263754522,39.992613974215146,40.56202994973268,18179500
2022-03-11,40.054893493652344,41.14924045412691,39.99261383367316,40.89122278050633,19584800
2022-03-14,40.01040267944336,40.71327351025963,39.89473901604872,40.357390275640874,17564200
2022-03-15,40.517539978027344,40.704378935634146,40.1349630301735,40.53533464932131,22824200
2022-03-16,41.13145065307617,41.22931967149028,40.054898238495575,40.58872492840687,20107700
2022-03-17,41.35387420654297,41.371668880006354,40.437470584093916,41.13144587923111,16955600
2022-03-18,41.73644256591797,41.78982657526315,40.873419748428454,41.20261604841106,35185400
2022-03-21,41.52292251586914,41.93219325700274,41.09586049354419,41.718660548846636,17884700
2022-03-22,42.01226043701172,42.261379059073676,41.78983212617449,41.9410817484302,15409600
2022-03-23,41.38946533203125,42.12792564556607,41.38946533203125,41.949985691259805,16229600
2022-03-24,41.638580322265625,41.83431832757716,41.309387362958134,41.709759012919555,13375400
2022-03-25,41.93218994140625,42.14571923869125,41.683067902591105,41.861011246319926,15011500
2022-03-28,42.28806686401367,42.30586153510442,41.5762969903163,41.9588739338011,18965400
2022-03-29,42.510501861572266,42.884183225399305,42.16351420558167,42.68844520653814,20459300
2022-03-30,42.430423736572266,42.56388208187425,42.18130511226105,42.3236590967227,15452000
2022-03-31,41.656375885009766,42.63505914450562,41.656375885009766,42.59057415888978,21186600
2022-04-01,42.43931579589844,42.52828574882201,41.683057620103476,41.958869904544386,15070200
2022-04-04,42.80410385131836,42.95535347064394,42.37704191006267,42.430422531478,15149300
2022-04-05,42.83094787597656,43.20673821377872,42.41937074521289,42.42831659016779,15442000
2022-04-06,42.705684661865234,43.170947091914705,42.43726494806719,42.83989622533518,21346500
2022-04-07,42.18674087524414,42.750421257470045,41.68568823345701,42.589368744507816,18831000
2022-04-08,42.428314208984375,42.57147502536354,41.6409501977493,42.15989450455689,18218900
2022-04-11,42.59831237792969,43.32304517742549,42.54462707631682,42.63410257900493,20256000
2022-04-12,42.27621078491211,43.10831425436489,42.168843586217406,42.94726174975199,13902100
2022-04-13,42.86673355102539,42.983050001995814,42.24936792013602,42.356735113955565,14469800
2022-04-14,42.57147979736328,43.16200457855463,42.490953535694366,42.93832089760121,16540100
2022-04-18,41.92726516723633,42.95620794039917,41.73937171472073,42.64305218620651,14839400
2022-04-19,43.04568862915039,43.14410999606243,41.81990299838714,41.828848843950894,21438500
2022-04-20,42.410423278808594,43.00094800437035,42.35673797170597,42.857790598571796,22555700
2022-04-21,41.998844146728516,43.11726248331404,41.90042620014818,42.535686996174704,22347300
2022-04-22,40.603057861328125,42.0525269846954,40.55832181312169,41.936210528845294,29978900
2022-04-25,40.89832305908203,41.04148047715092,40.13779991555521,40.63884917222528,28083200
2022-04-26,39.87833023071289,41.02358969594097,39.80675322070735,40.5225403864749,29225000
2022-04-27,39.770957946777344,40.334641761319055,39.439907064712784,39.91411536170867,25547900
2022-04-28,37.31044387817383,39.117808682355296,36.469390935877385,38.23201968024666,49934000
2022-04-29,35.57465744018555,37.417812527580274,35.44044925564423,36.872023702941206,44133800
2022-05-02,36.192020416259766,36.37991388991314,35.431493849868026,35.84307441857718,37611800
2022-05-03,36.12043380737305,36.487274846295776,35.762542025552214,36.460433901273134,24371300
2022-05-04,37.23884963989258,37.30148078302796,35.95937900759888,36.218852836669086,27140500
2022-05-05,36.12938690185547,37.2209608774602,35.825176977769125,36.80043790382753,30240500
2022-05-06,35.78938293457031,36.165169817075366,35.31517470289254,36.013066577911374,36595600
2022-05-09,35.57465744018555,36.13834137205867,35.42255414841018,35.78939531385145,36675600
2022-05-10,36.05781173706055,36.72886283668255,35.744655922493905,36.05781173706055,31368300
2022-05-11,35.64622116088867,36.50516542665922,35.44043264386913,36.12042933431887,31757000
2022-05-12,37.0330696105957,37.095700768106525,35.59254616156268,35.690967527120286,39604300
2022-05-13,37.113590240478516,37.48938054166275,36.72885409521109,36.73780335243587,29684100
2022-05-16,37.46253967285156,37.722013546275356,37.00622649298721,37.16727900661978,21015700
2022-05-17,38.33042526245117,38.39305640300433,37.51621702211892,37.650428559384935,18435500
2022-05-18,37.69517517089844,38.428857377231814,37.51622754207861,38.214119540019595,23558200
2022-05-19,37.59675598144531,37.96359710585408,37.39991323703103,37.507280455283215,17423700
2022-05-20,37.58780288696289,38.18727690508307,36.84517486787483,37.91885718026982,24325700
2022-05-23,38.36622619628906,38.56306551604584,37.614648886206666,38.17832930891186,20260400
2022-05-24,38.53622055053711,38.563061497447315,37.650435171082655,38.2051696904581,20921300
2022-05-25,39.09989929199219,39.26989762243245,38.249900813508184,38.49147954401256,16583300
2022-05-26,39.484642028808594,39.8067470568131,39.13569605285102,39.13569605285102,24427800
2022-05-27,39.51148223876953,39.94095446370659,39.350429727775406,39.48464129131779,18073500
2022-05-31,39.61885070800781,39.95885084354486,38.90306364356822,39.28779983066862,25249600
2022-06-01,39.305694580078125,39.86937838149943,38.89411744837327,39.86042912338215,17980700
2022-06-02,39.18938446044922,39.22517467242814,38.46465144015965,38.974650014860636,16742800
2022-06-03,38.41095733642578,39.17148039473929,38.30359013818966,39.07305904088048,19670700
2022-06-06,37.82937240600586,38.7688463326664,37.58779368884811,38.56305440042224,20144500
2022-06-07,38.14253616333008,38.21411315501329,37.33727367475923,37.534116374885784,14485000
2022-06-08,38.33042526245117,38.85831874221435,37.95463500599104,38.04411050188211,17198800
2022-06-09,37.73991394042969,38.52728151600744,37.722018834945835,38.24991250072125,21662300
2022-06-10,37.247806549072266,37.59675253627301,37.14938518588395,37.41780491348898,21302200
2022-06-13,35.968326568603516,36.85411178727222,35.85201013120318,36.728849506906236,32051100
2022-06-14,35.64622116088867,36.64832280428764,35.44937848672167,36.200955572556175,23707000
2022-06-15,35.905704498291016,36.61254231792538,35.52991414912633,36.084652121076964,31767000
2022-06-16,33.91939163208008,35.36886086012868,33.60623585887703,35.34201991189468,36040400
2022-06-17,34.63517761230469,34.72465312552551,33.91939057224726,33.91939057224726,52141600
2022-06-21,34.42938995361328,35.16307211553636,34.25044233562528,34.88570655013978,29169000
2022-06-22,34.805179595947266,35.18991577231987,34.160969549343484,34.30412695823968,26817800
2022-06-23,34.993072509765625,35.07359876433603,34.42044288310574,34.83202000062481,26629300
2022-06-24,35.40464782714844,35.458333131846366,34.814123128037714,34.82306897224989,26686900
2022-06-27,35.63727569580078,35.816219859877336,35.3420116814204,35.45832811858308,18156800
2022-06-28,35.010963439941406,36.29937994638395,34.98411908285581,35.81622247653998,17305000
2022-06-29,35.18991470336914,35.26149169907204,34.67991282320538,35.14517524127035,16980100
2022-06-30,35.10939407348633,35.48518104068555,34.447288838190445,34.90360207166698,21566300
2022-07-01,36.04885482788086,36.13832691511558,35.14517104636002,35.225697290127805,16175900
2022-07-05,35.87771224975586,35.87771224975586,35.049001104365004,35.44533912579699,19320400
2022-07-06,35.87771224975586,36.1299270419245,35.679541520955446,36.00381964584018,20011300
2022-07-07,35.97679901123047,36.11191606014079,35.499391394440764,35.769622056092125,19018400
2022-07-08,35.994808197021484,36.220000946156254,35.58045436329398,35.94977033442826,13100400
2022-07-11,35.283199310302734,35.976793410131904,35.13907608411542,35.85969565122073,20956700
2022-07-12,35.80564880371094,36.35511968734106,35.247171721604225,35.4273266166554,24798700
2022-07-13,35.92274475097656,36.16595330832653,35.10304336264965,35.46334966392609,16994300
2022-07-14,35.65251541137695,35.715569102207105,35.17510447716067,35.373275183294545,16462500
2022-07-15,36.84153747558594,36.86855950762641,35.931756786976116,35.9767946524332,22142700
2022-07-18,36.51725769042969,37.093750588942626,36.427178527431586,36.841535804885396,16610000
2022-07-19,37.210853576660156,37.29192310918238,36.81451211269867,37.00367664602978,15112600
2022-07-20,37.67024230957031,37.814365529692054,36.88657251491886,37.309932541181645,16799300
2022-07-21,38.075592041015625,38.17467740459857,37.057719809893726,37.45406126422551,19527000
2022-07-22,38.37284851074219,38.65208879622353,38.030557957638905,38.201703234190546,24098600
2022-07-25,38.25575256347656,38.63407480426926,37.96750606491946,38.63407480426926,16842900
2022-07-26,38.48094177246094,38.58903334031364,38.02154659579122,38.02154659579122,25380500
2022-07-27,39.066444396972656,39.38171636588394,38.21972074034468,38.28277444689307,27414600
2022-07-28,35.499385833740234,36.319087326178796,35.11205401945038,35.661524892567094,46629900
2022-07-29,33.79693603515625,35.229162389028325,32.941202702888376,35.211146552582015,54134700
2022-08-01,33.787925720214844,33.8870111005947,33.112347329809694,33.355555962695874,26577100
2022-08-02,33.94104766845703,34.29234776844425,33.72486114129736,33.85997815029319,25562500
2022-08-03,34.66167068481445,34.805793919913036,33.90502284150465,34.06716191051168,27677500
2022-08-04,35.0670280456543,35.32825255524442,34.55358866400194,34.75175945557651,19913300
2022-08-05,34.472511291503906,34.607624898260084,34.022125729978384,34.022125729978384,20752200
2022-08-08,34.7607536315918,35.47236355864012,34.688690300978365,34.92289268930328,15702300
2022-08-09,34.3734245300293,34.89587340966128,34.10319389126092,34.760756372192596,17541900
2022-08-10,35.094032287597656,35.19311763313278,34.73372600112322,34.92288705923491,18426600
2022-08-11,35.49038314819336,35.88672120001612,35.24717453588084,35.28320276883265,15063600
2022-08-12,36.03083801269531,36.09389170432405,35.52640504349693,35.832667304051576,16930400
2022-08-15,36.54427719116211,36.598324685219076,35.49037682831482,35.66152207190917,19005700
2022-08-16,36.35512161254883,36.53527651714022,35.97679596929001,36.17496670795744,17641800
2022-08-17,35.36427688598633,36.102912453942864,35.20214122628364,36.012833269475216,18447700
2022-08-18,34.778778076171875,35.49939437990164,34.59862314119704,35.38229315674256,29036900
2022-08-19,34.84183120727539,34.94091659166857,34.35541392180137,34.58060672772421,19692200
2022-08-22,33.88700485229492,34.79678550787761,33.81494495741331,34.79678550787761,21400200
2022-08-23,33.54471206665039,34.05815123902328,33.52669623510784,33.91402802285139,16505700
2022-08-24,33.427616119384766,33.92303953787121,33.39158445065181,33.5176918550481,17668300
2022-08-25,33.86899185180664,33.96807722220247,33.35555260172739,33.58975501105735,21571000
2022-08-26,33.148380279541016,34.30136978019802,33.13036444276221,34.00411362760199,21742300
2022-08-29,32.688987731933594,33.220442878343704,32.652956059187616,33.07631962352924,23293300
2022-08-30,32.175540924072266,32.93218869456992,32.07645556519528,32.89615703022036,23702600
2022-08-31,32.598899841308594,32.85111804698117,32.45477662499649,32.66195353368461,32478300
2022-09-01,33.23845672607422,33.26547876093226,32.562878365269206,32.562878365269206,22729200
2022-09-02,32.211570739746094,33.355550367959076,32.112488812154666,33.2744808372615,20091300
2022-09-06,31.29278564453125,32.409739745735806,31.157668621822793,32.409739745735806,29842200
2022-09-07,31.508970260620117,31.599049425445923,31.15767010822146,31.319809168739116,33188800
2022-09-08,30.959503173828125,31.445920414959595,30.39201982867729,31.445920414959595,39075700
2022-09-09,31.914316177368164,31.97736987123486,30.932475669227166,31.022551392988557,28295000
2022-09-12,32.14851379394531,32.33767830390639,31.86026736640368,32.17553925889316,21781000
2022-09-13,30.139801025390625,31.671112625509124,30.09476315636314,31.590043086791994,35960600
2022-09-14,31.04958152770996,31.265764671710333,30.3109494860653,30.653240036760746,31751200
2022-09-15,30.626218795776367,31.16668010594003,30.374003975855885,31.03156649648372,36999500
2022-09-16,31.094615936279297,31.265761192582662,30.563160898510297,30.707284123862802,52294500
2022-09-19,31.040569305419922,31.319809565665633,30.62621545047635,30.950493575621348,23407900
2022-09-20,30.482097625732422,30.83339784487059,30.265911025248464,30.617214680556074,26624000
2022-09-21,29.455219268798828,30.707290701530834,29.437203432249586,30.644236991693216,36733700
2022-09-22,29.2480411529541,29.65338543278429,29.094908266390128,29.3651389316667,25182900
2022-09-23,28.680551528930664,29.193990773294235,28.329251355015483,29.157959105157037,27448500
2022-09-26,27.824817657470703,28.689558773566997,27.500541242258496,28.51841179009548,34149000
2022-09-27,27.2573299407959,28.293216219611942,27.023129280858342,28.17611674868531,34363300
2022-09-28,28.06802749633789,28.27520443816225,27.38344125031934,27.626649861026824,26406700
2022-09-29,27.410463333129883,27.797795159618584,27.023131506641185,27.797795159618584,28466500
2022-09-30,26.419612884521484,27.608630308171577,26.37457502256795,27.608630308171577,31419600
2022-10-03,27.590618133544922,27.716727256283484,26.65381707967228,26.879009855459923,34345600
2022-10-04,28.16315269470215,28.263119264844843,27.626971200350663,27.708761715310317,28183400
2022-10-05,27.935956954956055,28.090449955900997,27.390687437893668,27.745113577334426,22332700
2022-10-06,27.308897018432617,27.917780996815146,27.254370586546365,27.83599048230376,32508700
2022-10-07,26.60004234313965,27.245276556163162,26.5364278977276,27.154398034132964,28850600
2022-10-10,26.47281837463379,27.036263966189185,26.38194156311937,26.845420581972014,23583100
2022-10-11,26.06386375427246,26.490990600071775,26.01842362172116,26.29105921693751,34744800
2022-10-12,26.072952270507812,26.654572111178407,25.918459283659207,26.1093026438678,29784000
2022-10-13,27.472476959228516,27.72693652022485,25.800318091798765,26.0547776527951,35165800
2022-10-14,27.308897018432617,28.026835593951667,27.272546641629788,27.736025646072967,27582500
2022-10-17,28.00865936279297,28.135888280849077,27.626970875260643,27.6905853342887,29109000
2022-10-18,27.945045471191406,28.70842246175649,27.690585896548363,28.481226970120787,29236400
2022-10-19,27.617881774902344,28.13588718785236,27.499740888920243,27.926867763918835,29087900
2022-10-20,27.681493759155273,27.999567746895316,27.499738432849384,27.717845864434725,22997100
2022-10-21,27.699674606323242,27.945046159339455,27.308898073748697,27.545181598872006,30818000
2022-10-24,28.24493980407715,28.517573665494282,27.92686581018128,28.02683236827068,28650400
2022-10-25,28.6811580657959,28.726598203645647,28.24494314262246,28.35399774009783,25312700
2022-10-26,28.626630783081055,29.24460277256199,28.58119237994556,29.081021747891864,32053600
2022-10-27,29.05375862121582,31.134868407122376,28.953793784358318,29.980718369277596,38960100
2022-10-28,29.03558349609375,29.108284248143875,27.83598988671503,28.581192528914592,34414000
2022-10-31,28.84473419189453,28.97196308951763,28.381255264799893,28.97196308951763,25866700
2022-11-01,28.6811580657959,29.63538016027232,28.662983744020025,29.071934584483614,23333000
2022-11-02,28.09044647216797,29.08101881419561,28.035920047233212,28.617539868840712,25285900
2022-11-03,27.608795166015625,27.790552251255217,27.29981089449076,27.681497653438655,29178900
2022-11-04,28.1722412109375,28.57210576507984,27.608795624038567,27.88143125642091,28961900
2022-11-07,28.717512130737305,28.944707635358068,28.29038347269722,28.472140569739487,26661900
2022-11-08,28.990140914916992,29.390005417660102,28.59936443875484,28.826559903187363,21878500
2022-11-09,28.526662826538086,28.99014179607152,28.33581946262873,28.77203435159059,20854300
2022-11-10,29.780778884887695,29.898921485139685,29.226421453006044,29.74442678223673,31529100
2022-11-11,30.91676139831543,30.95311350720527,29.83531215930201,30.10794604251999,24484900
2022-11-14,31.0167236328125,31.498376874790758,30.725913735762145,30.816790528567594,28778100
2022-11-15,31.153039932250977,31.880068167514086,30.85314373192336,31.471115651860476,26088000
2022-11-16,30.880409240722656,31.371152309777795,30.58051300967423,31.080342372573543,19477700
2022-11-17,31.134864807128906,31.39841237692585,30.1806445533316,30.40784001693704,26017600
2022-11-18,31.352977752685547,31.725578219193267,31.153044611286454,31.280273531548396,21407300
2022-11-21,31.216655731201172,31.70739877118269,30.92584581122569,31.46202725119193,19782900
2022-11-22,31.898242950439453,31.9891232194708,31.298447041743717,31.416589658120575,25803400
2022-11-23,32.28902053833008,32.42533921314825,31.76192882693751,31.834629577906732,17890400
2022-11-25,32.398075103759766,32.6979713186387,32.25267014299743,32.37989905032351,10810900
2022-11-28,32.34355163574219,32.40716609863419,32.034565615954634,32.13453219099299,19257300
2022-11-29,32.24357986450195,32.42533692921451,31.907331548156716,32.234493571293775,16528800
2022-11-30,33.29776382446289,33.35229197921914,31.961853500117375,32.22540104801487,36195700
2022-12-01,32.970611572265625,33.69763998361127,32.897910811168096,33.061491857048026,21179400
2022-12-02,32.58891677856445,32.79793618217495,32.23449242171503,32.36172132245815,25809000
2022-12-05,31.94367790222168,32.75249305448198,31.925501852350692,32.143607517348485,32751200
2022-12-06,31.598346710205078,32.089089762492016,31.343888890527904,32.08000000223053,22960400
2022-12-07,31.4620304107666,31.652877256632564,31.134868351257005,31.534734631425643,22694000
2022-12-08,31.780099868774414,31.93459110692148,31.24391848137616,31.443848115053104,17995500
2022-12-09,32.098175048828125,32.50712757956819,31.625608065164897,31.789189077460925,18016900
2022-12-12,33.18871307373047,33.23415147219454,32.21631678634349,32.29810729026985,29169100
2022-12-13,33.361385345458984,34.4246620549308,33.16145566908187,34.04297182415976,28358300
2022-12-14,32.12543487548828,32.906987769216265,31.561991136623124,31.689220032490024,33913400
2022-12-15,31.452938079833984,31.961853659859703,31.3075331331513,31.725571921523102,27711600
2022-12-16,31.34389305114746,31.598350904601624,30.953116509498145,31.198488068212477,68862200
2022-12-19,30.880409240722656,31.571085441628682,30.834970838045976,31.41659071245448,23725000
2022-12-20,31.271181106567383,31.407499761110287,30.69864761090554,30.880404661386947,31933000
2022-12-21,31.88007164001465,32.170881579105014,31.507467722156694,31.56199588575911,23001300
2022-12-22,31.643781661987305,31.907329213197876,31.27118126662069,31.589253506545578,30953300
2022-12-23,31.93459129333496,31.989119448325535,31.571080660246615,31.607429296846284,12383700
2022-12-27,31.8073673248291,32.0618251540748,31.480205277668677,31.90733389109789,15313600
2022-12-28,31.4620304107666,32.03456401490839,31.452944116548245,31.89824533453671,14350100
2022-12-29,31.85280990600586,32.125443825493434,31.534737577725082,31.634704157107148,12578200
2022-12-30,31.780099868774414,31.78918616118945,31.3802336679658,31.63469492304238,15386100
2023-01-03,32.5768928527832,32.595210333108305,31.81673663465333,31.999904450500047,23175300
2023-01-04,33.51106262207031,33.85908775289728,32.99818366578331,33.19967245105714,24067700
2023-01-05,33.868247985839844,34.023944833091434,33.16304066362328,33.79498155290563,26969600
2023-01-06,34.70166778564453,34.80241216933753,34.042252542346205,34.3994381282673,18780000
2023-01-09,34.390281677246094,34.802416252662795,34.27121980130301,34.79325925929894,22849900
2023-01-10,34.6925163269043,34.73830828305912,34.19795481554667,34.252907259153844,15757000
2023-01-11,34.75662612915039,34.89400199905709,34.28038209399536,34.85737052997004,13347000
2023-01-12,35.43435287475586,35.470987834859756,34.53681731442299,34.674196667961546,20376700
2023-01-13,35.65416717529297,35.77322907560667,35.232875520278796,35.44352134778588,14155700
2023-01-17,35.6633186340332,35.75490604071111,35.20539208175064,35.70911408422332,18354300
2023-01-18,35.05885314941406,35.84648732047439,34.95810875632001,35.599206581162285,18201600
2023-01-19,34.93063735961914,35.141283157503345,34.59177268421433,35.02222476763557,16010300
2023-01-20,36.0571403503418,36.13041028503532,34.77494793653019,35.022228725566656,22598100
2023-01-23,36.872249603271484,37.01878598072357,35.94723937567445,35.94723937567445,30350300
2023-01-24,36.405155181884766,37.03709246693201,36.313571283310424,36.80812922679437,24189300
2023-01-25,36.725711822509766,36.91804364920007,36.231153751070565,36.91804364920007,24544400
2023-01-26,37.009620666503906,37.311853842269876,35.72742503173646,35.76405999129028,22311100
2023-01-27,36.267784118652344,36.99130896112443,36.2036746762766,36.798980633997196,20776700
2023-01-30,35.938072204589844,36.194509919094074,35.66331351767607,35.819010339840666,19014700
2023-01-31,36.038822174072266,36.102931618845645,35.79154488349077,35.94723825116821,26005900
2023-02-01,36.60665512084961,36.90888487332466,35.425203602758835,35.80986028658215,17815100
2023-02-02,37.65072250366211,37.687357467127256,36.386844213733774,36.49674561042681,21445700
2023-02-03,36.60665512084961,37.42176394545859,36.45095825332385,37.37597198219908,20404400
2023-02-06,36.18535232543945,36.44179355414467,35.956389063843226,36.22198728578336,14255600
2023-02-07,36.33189392089844,36.53338273819088,35.73659145098391,36.02050719410484,17929000
2023-02-08,35.498470306396484,36.08461931902023,35.28782447889073,35.928922450349006,19689100
2023-02-09,34.71083068847656,36.102924197721016,34.6833527222914,36.011340293642455,20396100
2023-02-10,35.13212203979492,35.15043951924813,34.6925130140239,34.71083049347711,16100100
2023-02-13,35.800697326660156,35.95639067454301,34.95811066951648,34.95811066951648,18378700
2023-02-14,35.773223876953125,35.96555219233133,35.287819351000316,35.62668751851701,18006800
2023-02-15,36.10293197631836,36.19451939383198,35.46183752223675,35.901446645193886,16747700
2023-02-16,36.377685546875,36.62496629833982,35.53509889443535,35.58089084980982,23909500
2023-02-17,35.82816696166992,36.45094725648141,35.69079111333614,36.36852035000042,13992800
2023-02-21,34.655879974365234,35.44351416596252,34.61008802004724,35.23286838113801,18765000
2023-02-22,34.81157302856445,35.04053629195431,34.417759429739874,34.5276608179304,16612100
2023-02-23,34.51850509643555,34.93063972617569,34.28954180143575,34.82989531738337,17699200
2023-02-24,33.886566162109375,34.16132140522382,33.78582175777017,33.89572315627546,18159200
2023-02-27,34.20710754394531,34.408596318345275,33.99646177693712,34.11552364305545,17514600
2023-02-28,34.04225540161133,34.252904672681325,33.72170823903011,33.90487954352025,24474300
2023-03-01,33.54770278930664,33.959837416930085,33.282104529982355,33.776666083130486,17280400
2023-03-02,33.84077835083008,33.91404479424442,33.327899272118145,33.337059761109245,13626300
2023-03-03,34.097206115722656,34.243742453159506,33.88656034901356,34.10636660201976,16776900
2023-03-06,33.9598388671875,34.46355743637078,33.904886416590095,34.45439694775317,12422100
2023-03-07,33.14472198486328,34.07889255352585,32.91575871294703,33.95067368024511,20070100
2023-03-08,32.87913131713867,33.40116736227212,32.61353305032967,33.3828498790057,17450000
2023-03-09,32.48530960083008,33.08977248895563,32.35709072966742,32.970710611289356,14273800
2023-03-10,32.33877182006836,32.58605255797108,32.04569912930263,32.27466238731974,20414500
2023-03-13,32.52193832397461,32.9249158778523,31.999902396180254,32.3296100334613,22182100
2023-03-14,32.31129837036133,32.9798707579904,31.990751161807164,32.9523962811722,27424100
2023-03-15,32.869964599609375,32.96155199858513,31.715991322131163,32.08233043692807,22670200
2023-03-16,33.19051742553711,33.25462686216073,32.43035768599667,32.43035768599667,22245100
2023-03-17,32.99818420410156,33.16303803225095,32.63184508109345,32.851647856157896,51723700
2023-03-20,33.364532470703125,33.465276882043426,33.117251686604945,33.14472616471495,16516500
2023-03-21,33.87740707397461,33.968990984784455,33.584330873238166,33.675918277750256,17058200
2023-03-22,33.153873443603516,34.12467521618591,33.12639548273894,33.978138901813026,16159200
2023-03-23,32.943233489990234,33.41031698222268,32.64100032336188,33.071452350850045,20323000
2023-03-24,32.89744567871094,33.089777508331885,32.31130018236817,32.695960347907324,20371000
2023-03-27,33.33705139160156,33.53853668068382,33.126402122125995,33.13556260881729,16333800
2023-03-28,33.382850646972656,33.694240882259834,33.291263228533616,33.34621567959704,11818100
2023-03-29,33.84077835083008,33.877413319388694,33.63928951746059,33.73087693885713,14579700
2023-03-30,34.023948669433594,34.252911975435964,33.85909480961566,34.24375148672231,14922200
2023-03-31,34.71998977661133,34.75662473793432,34.078891928267836,34.14300136373197,15858200
2023-04-03,34.81157302856445,35.12296320652274,34.63756220612093,34.8024160352578,19698300
2023-04-04,34.857723236083984,35.10690515602774,34.571624693801255,35.02384451604649,20121000
2023-04-05,34.99614715576172,35.16226839711696,34.63621897301272,34.728510507411215,16510500
2023-04-06,34.78388595581055,35.14381770101226,34.65468131317722,35.10690108295632,20359100
2023-04-10,35.28225326538086,35.32839728228301,34.53470751753992,34.636226467062336,12432400
2023-04-11,35.42068862915039,35.70678364460541,35.328397075323934,35.37454461251856,14214800
2023-04-12,34.73774719238281,35.7529332189406,34.64545915386074,35.71601659530657,16207500
2023-04-13,35.11613464355469,35.3468582660755,34.83003960478926,34.9684716659639,15539200
2023-04-14,35.03307342529297,35.26379704403789,34.54394048013392,35.060762653525224,19679100
2023-04-17,35.153038024902344,35.2914735544873,35.014602495317384,35.06075001888688,14930500
2023-04-18,35.31916809082031,36.04825549070697,35.023842172991245,35.8544449966745,17250100
2023-04-19,35.30070877075195,35.466830034847554,35.051526874608555,35.097670887843435,13401000
2023-04-20,34.82080078125,35.22687299727285,34.68236875151057,35.10689927561114,14347700
2023-04-21,34.83003616333008,34.931551589935786,34.608539958547766,34.8854075741036,13679400
2023-04-24,34.340904235839844,34.82080980858969,34.22093048307478,34.765434870000526,13364800
2023-04-25,34.05480194091797,34.26706721282769,33.916366384186105,34.119404261909516,18185400
2023-04-26,33.7041015625,34.10094640849916,33.584124313100546,33.85176451539068,19547800
2023-04-27,37.164955139160156,37.303387176499946,34.70082544421216,34.79311698966783,31581400
2023-04-28,38.180137634277344,38.226281646891984,36.9065459874133,36.95269000002794,24806800
2023-05-01,38.429317474365234,38.76155998034386,38.32779853969817,38.76155998034386,17235500
2023-05-02,38.02324676513672,38.42931899935683,37.39567834462045,38.32780006066119,20977800
2023-05-03,37.73715591430664,38.32780783684833,37.66332618427051,38.170917460169576,19592900
2023-05-04,37.11881637573242,37.63563502111824,36.92500586314976,37.62640762554906,15143000
2023-05-05,37.3126220703125,37.49720166034477,36.7773416112752,37.44182672716623,18935300
2023-05-08,37.46027755737305,37.654084503950216,37.155720766555646,37.40490263525293,16351900
2023-05-09,36.56507110595703,37.377219074064534,36.51892709516325,37.29415844641078,23318300
2023-05-10,36.78657150268555,36.851173829313424,36.25129105855427,36.851173829313424,19204300
2023-05-11,37.25724411010742,37.39567967152492,36.71273630006123,36.72196721512243,19003400
2023-05-12,37.109580993652344,37.43259612870825,36.934232334436324,37.331077186849605,17166700
2023-05-15,37.1003532409668,37.38644823373775,36.98037599078663,37.266474504120104,13489800
2023-05-16,36.67582321166992,37.081895460411175,36.4820127215192,36.99883482765017,12333000
2023-05-17,37.18341064453125,37.34953189326303,36.66658859063657,36.78656583040113,13146900
2023-05-18,38.12477111816406,38.17091513669824,36.749656834242614,36.75888775028722,18785400
2023-05-19,38.004791259765625,38.38317781882241,37.82021167766318,38.309344577756356,17728500
2023-05-22,38.06016540527344,38.44777935118453,37.99555956039229,38.29088899800031,13572300
2023-05-23,37.266475677490234,38.30011638699621,37.25724476226745,38.03247617453759,19594700
2023-05-24,36.897315979003906,37.45105470567069,36.8050279515074,37.38644886174804,20956800
2023-05-25,36.07594299316406,36.78657211853012,35.98365495945432,36.43587125342001,28091200
2023-05-26,36.43586730957031,36.611215962864065,36.0759390882733,36.242060347419994,35819800
2023-05-30,36.14054489135742,36.6942801281606,36.057484253780665,36.103628270087135,24313500
2023-05-31,36.31589126586914,36.42664112267904,35.85444409084889,36.18668662015347,53653200
2023-06-01,36.0297966003418,36.51892948376089,35.69755406799578,36.51892948376089,30453900
2023-06-02,36.168235778808594,36.50047837671561,35.512981499916016,35.57758383611313,24603200
2023-06-05,36.72196578979492,36.768109801622195,36.19591630972667,36.251287715694424,24043000
2023-06-06,36.41741180419922,36.92500301486174,36.242063137406774,36.851173294314336,14302900
2023-06-07,37.23878860473633,37.349538470435135,36.39895481961597,36.45432975246538,18455900
2023-06-08,37.34953689575195,37.38644999553244,36.90654801332196,37.20187393494195,10762600
2023-06-09,37.12804412841797,37.35876774605956,37.0080668614867,37.14650244029686,12142100
2023-06-12,37.55256271362305,37.654081636163696,37.00805500954658,37.09111562611966,16800600
2023-06-13,37.54334259033203,37.958645753611435,37.48796766170725,37.764835263706004,12572000
2023-06-14,37.691001892089844,38.04170269825573,37.47873663378377,37.580255566139336,18627500
2023-06-15,38.27242660522461,38.346256316328514,37.56179759296798,37.65408561198842,15685200
2023-06-16,38.02324676513672,38.44777730826171,37.9309552206123,38.42931899935683,34134300
2023-06-20,37.50642776489258,38.12476884213743,37.48796945446827,38.0601665159337,13864900
2023-06-21,37.487972259521484,37.783298207282876,37.211104623565554,37.469513947716024,13308200
2023-06-22,37.45106506347656,37.60795545772417,37.10036412498416,37.561811431213904,13004000
2023-06-23,36.998836517333984,37.38645047421206,36.86040094955597,37.21110180618094,19057600
2023-06-26,37.432594299316406,37.63562865254851,37.07266256289098,37.164954105780474,18285100
2023-06-27,38.281654357910156,38.383173292122045,37.257241142589834,37.257241142589834,14987800
2023-06-28,38.457000732421875,38.79847413106742,38.12476176811915,38.72464090306987,16198900
2023-06-29,38.27242660522461,38.512377567015115,38.11553274821515,38.18936597988131,11151700
2023-06-30,38.34626007080078,38.650816900399384,38.20782802871627,38.540067042056656,16271600
2023-07-03,38.810951232910156,38.86671537242892,38.002390709078604,38.08603514570307,8378300
2023-07-05,38.550724029541016,38.810949578923946,38.206854047098254,38.652956508314944,12976800
2023-07-06,38.29978942871094,38.50425437930988,37.98379975292489,38.197556953411464,12381600
2023-07-07,38.50425720214844,38.92247938389482,38.058154723388085,38.21614780021041,14348200
2023-07-10,38.89459228515625,39.36857856655382,38.79236335622826,38.79236335622826,19625700
2023-07-11,39.04328536987305,39.29421860823645,38.69012322281909,39.01540508071257,15652500
2023-07-12,39.34999465942383,39.535871582550556,39.18270578314052,39.24776217443876,17840000
2023-07-13,39.55445861816406,39.72174749017055,39.238468920519296,39.66598335106594,17147600
2023-07-14,39.04328536987305,39.28492636028507,38.848116255136965,38.968936750342976,12903200
2023-07-17,39.11764907836914,39.28493795331187,38.57860636015205,38.89459606334304,17410400
2023-07-18,39.44293212890625,39.76821763714225,39.00612542801761,39.02471347522888,18721400
2023-07-19,39.69386291503906,39.805391191188974,39.22917240033627,39.247760446361255,18645600
2023-07-20,40.15855026245117,40.35371941235968,39.75891616770119,39.8704444350549,18006800
2023-07-21,39.86115264892578,40.42807565641433,39.82397655606911,40.18643814346065,52588600
2023-07-24,40.232906341552734,40.428075510384275,39.98197303363761,40.065617469609315,15343700
2023-07-25,40.24219512939453,40.45595232619429,40.09349431660744,40.09349431660744,14184300
2023-07-26,39.879737854003906,40.31654805067961,39.61951231316243,40.23290362036526,17652400
2023-07-27,42.14742660522461,43.160452029185706,41.301690043591556,41.37604222476274,31586100
2023-07-28,42.03590393066406,42.918816625980135,41.803558671123376,42.62141497739264,20668200
2023-07-31,42.06378173828125,42.58423636516629,41.93366896788677,42.16601421367894,15942700
2023-08-01,42.110252380371094,42.29612573527121,41.905787435612574,42.24965739654618,15101500
2023-08-02,41.905792236328125,42.39836306479479,41.459689751909885,42.28683833001708,16651300
2023-08-03,41.98013687133789,42.351890678861515,41.73849937816248,41.91508048681732,12351200
2023-08-04,41.67344665527344,42.333306353564645,41.62697831157681,42.054492746077536,12704100
2023-08-07,42.2403678894043,42.37977291463034,41.90579015637025,41.952258498112265,12529700
2023-08-08,42.19390106201172,42.389070231517174,41.96155579965551,42.100960829884826,19889000
2023-08-09,42.082374572753906,42.4169523320219,41.98014208572119,42.19390285604823,15184200
2023-08-10,42.68647003173828,43.244097219077375,42.4448289839994,42.4448289839994,16149700
2023-08-11,42.77941131591797,42.96528824679316,42.35189685662034,42.454129345867074,13602500
2023-08-14,43.2719841003418,43.56008996440881,42.9281105501927,42.9281105501927,20847900
2023-08-15,43.70878601074219,43.950427049011495,42.97457773675667,43.039634121219855,20060300
2023-08-16,43.0675163269043,44.10842206980963,43.04892828118901,43.7552598371409,17345900
2023-08-17,42.974578857421875,43.56938212820023,42.974578857421875,43.337036878970736,12513500
2023-08-18,42.52847671508789,43.08610749098334,42.41695197803178,42.807293875689346,17601100
2023-08-21,42.62141799926758,42.80729492914033,42.3147205331814,42.33330858069943,12331700
2023-08-22,42.35189437866211,42.844465203150186,42.30542603498901,42.6585918284578,11963200
2023-08-23,42.24965286254883,42.69575524798847,42.128835903890554,42.60281858051186,18382800
2023-08-24,42.04520034790039,42.51918312443426,41.98943620847573,42.14742928555123,15310200
2023-08-25,42.25895309448242,42.39835811033755,41.970843722557326,42.11025228371943,13051300
2023-08-28,42.732940673828125,42.80729286030688,42.342602330736796,42.342602330736796,10807700
2023-08-29,43.476436614990234,43.569376830565645,42.73293261692053,42.77940095205487,14198400
2023-08-30,43.79243087768555,43.8574872627988,43.38350452192981,43.61584976742202,13971600
2023-08-31,43.45785903930664,43.9597256883753,43.402098441837396,43.792436805352416,19935900
2023-09-01,42.50059127807617,43.40209195231655,42.147425517243796,43.374208112443576,18866700
2023-09-05,41.4132194519043,42.472713245520865,41.329575018444714,42.33330467465248,21709800
2023-09-06,41.75708770751953,42.37977126226022,41.12510835760855,41.33886555753328,27839800
2023-09-07,41.67344665527344,42.47271492996188,41.67344665527344,41.710622748353686,20810900
2023-09-08,41.85002899169922,41.9987298230202,41.59909567409991,41.803560646656564,19859000
2023-09-11,42.06378173828125,42.48200388976859,41.75708785739526,41.89649642299341,19843100
2023-09-12,41.99872970581055,42.26825106973623,41.70132804399857,41.93367331387089,21007600
2023-09-13,41.99872970581055,42.00802550197762,41.42251442921327,41.9057930159846,16914800
2023-09-14,42.7236442565918,42.788700640762464,42.29612631664696,42.37977074562453,19660200
2023-09-15,42.13814163208008,42.890941642557536,41.99873304096315,42.686476654334776,45437400
2023-09-18,42.416954040527344,42.77011986123616,42.212489058226296,42.249665154155146,12852800
2023-09-19,42.50059127807617,42.593531502141026,42.25895378612162,42.35189046487944,15865500
2023-09-20,42.286834716796875,42.78870129837542,42.258954421811545,42.55635605267874,15629800
2023-09-21,42.47270965576172,42.751523228626155,42.39835747883417,42.44482581676042,16274000
2023-09-22,42.100955963134766,42.60282252268362,42.063779874581456,42.34259699342433,12459600
2023-09-25,41.70132064819336,42.14742306179425,41.57120788738979,42.01731030099068,11871300
2023-09-26,41.11581802368164,41.561920489352325,40.76265224220213,40.88347276789646,18397300
2023-09-27,41.45039367675781,41.664154439494276,41.1251117253021,41.23663645932872,16357000
2023-09-28,41.69203186035156,42.04519762992964,41.4875669076526,41.534035248182235,13102500
2023-09-29,41.20875930786133,41.90579515302454,40.88347733157489,41.71991821858616,15137000
2023-10-02,41.34817123413086,41.56192848513951,40.976417335232725,41.12511818573039,17295200
2023-10-03,40.64655685424805,41.28268275942429,40.51559038587093,41.0394562593794,16980500
2023-10-04,40.66525650024414,40.76815971877452,40.37525684516469,40.59041649819743,20740000
2023-10-05,40.24429702758789,40.786872857372366,40.113330571038816,40.64655318331335,17612300
2023-10-06,40.66525650024414,40.79622293525818,39.65493788401978,39.954290755071206,23467000
2023-10-09,41.24525833129883,41.38558157156993,40.562359270353824,40.655905718155736,15734600
2023-10-10,41.600746154785156,41.77848585396462,40.9926834667697,41.38558644465149,15558400
2023-10-11,41.38557815551758,42.031057156635335,41.24525492682905,41.75976748440708,16840300
2023-10-12,41.0675163269043,41.591382114631394,40.973966315833,41.47912566991388,16757100
2023-10-13,40.98332595825195,41.22654886685679,40.702679474041695,41.067519189801374,16559100
2023-10-16,41.39493179321289,41.469771800892914,40.945902452836705,41.207835342580815,17065500
2023-10-17,41.497840881347656,41.81590382178039,41.254614390598135,41.36687441797568,15746200
2023-10-18,41.179779052734375,41.647518473730585,41.067522590894484,41.42300198148223,13384800
2023-10-19,40.29106903076172,41.4791274583313,40.21623258724606,41.338804219958185,17908900
2023-10-20,40.0946159362793,40.543645264825486,39.58945660345187,40.0946159362793,22457700
2023-10-23,40.169456481933594,40.50622940493019,39.97300679970833,40.34719972938638,14469400
2023-10-24,40.655906677246094,40.77751991711207,40.40332697994059,40.562360227237384,19539800
2023-10-25,39.991722106933594,40.786877727246306,39.96365888248476,40.5343015700693,23342900
2023-10-26,36.62398910522461,37.8494638036635,36.558505887837846,37.46591771529772,50005400
2023-10-27,37.082374572753906,37.80269358979811,35.473350089560725,35.54819009741529,35949000
2023-10-30,37.84011459350586,37.99914426154657,37.36301845224756,37.38172845470554,18202300
2023-10-31,38.625919342041016,38.67269256691489,38.04591993418642,38.0739867239654,18861000
2023-11-01,39.12171936035156,39.421072262017425,38.672690007852765,38.70075322720641,19505200
2023-11-02,39.757850646972656,39.83269066698575,39.15914476114216,39.15914476114216,16755300
2023-11-03,40.39397430419922,40.618487214659,40.05720136994118,40.094621377873935,19005500
2023-11-06,39.720420837402344,40.468803010054486,39.47719796950328,40.35654657629859,18680900
2023-11-07,39.3275260925293,39.72042544049079,39.26204286786905,39.711072223497084,19771400
2023-11-08,38.8410758972168,39.32752524750359,38.62591622530365,39.15913879669016,18889200
2023-11-09,38.24237060546875,39.07494608512359,38.13946737655535,38.972042856210194,25986900
2023-11-10,39.205909729003906,39.252682947373074,38.401397526210054,38.429464312085805,20077400
2023-11-13,38.813011169433594,39.13107405654241,38.616557938742936,38.99075083013021,14212500
2023-11-14,39.168495178222656,39.75784780368822,39.07494872846483,39.57075133560426,22518400
2023-11-15,39.78590774536133,39.898167758099135,39.17784873492097,39.17784873492097,17121500
2023-11-16,39.67365646362305,40.29107233974853,39.168497046274425,40.019782626516665,18367800
2023-11-17,39.68301010131836,40.1975263106717,39.59882043277165,39.907526589815134,13386000
2023-11-20,40.169456481933594,40.356552946772624,39.449137411872705,39.552040645962585,14453300
2023-11-21,39.85139846801758,40.26301145504698,39.60817553178368,40.22559144375909,11721800
2023-11-22,39.739139556884766,40.160105736542455,39.66430310748366,39.963656042225026,12855100
2023-11-24,39.83268737792969,39.973007051014946,39.664300915372756,39.804620588458015,5860000
2023-11-27,39.37429428100586,39.76719357873892,39.11236141585048,39.63622714616123,19310500
2023-11-28,39.168495178222656,39.3836548675203,39.09365873213006,39.290108417762475,14512300
2023-11-29,38.9439811706543,39.355590533950526,38.73817470472207,39.262044086836724,13275100
2023-11-30,39.18720245361328,39.23397567523577,38.76623632187477,39.08429922490297,23641400
2023-12-01,39.48656463623047,39.77656438816789,39.11237520672327,39.52398464975186,16973900
2023-12-04,40.3004264831543,40.61848583406699,39.4491373901765,39.52397740349826,22757400
2023-12-05,38.925270080566406,40.22558492940656,38.06462780316554,40.16010170454181,29023100
2023-12-06,39.00010299682617,39.35558587721906,38.62591368407852,39.07494300051638,16619700
2023-12-07,39.44913864135742,39.93558803767243,39.084302486263255,39.2807557431795,19522300
2023-12-08,39.38365173339844,39.514621748632536,38.972042391223944,39.00946239557654,20117100
2023-12-11,39.90752029418945,40.23493640433673,39.42107095299354,39.9823603014048,19952500
2023-12-12,39.91687774658203,40.35655391420851,39.439785139945386,40.26300746383061,17533500
2023-12-13,40.852352142333984,40.89912893107345,39.51462091630263,39.973003469978565,18654900
2023-12-14,41.759769439697266,42.096542349463874,41.09558040575096,41.21719363840404,29794800
2023-12-15,41.61009216308594,41.92815506394572,41.114289593845236,41.73170539332975,60346800
2023-12-18,41.815895080566406,41.98428151786465,41.46041220531813,41.684928644571706,17896000
2023-12-19,41.815895080566406,42.012344734558454,41.62879864261638,41.90008829921553,16417600
2023-12-20,41.34817123413086,42.021713666660006,41.34817123413086,41.74107068905877,16281100
2023-12-21,41.179779052734375,41.544615230140444,40.5810731648302,41.36687553484657,18079500
2023-12-22,41.16107177734375,41.74106769864342,40.98333207026272,41.282685034066986,11893900
2023-12-26,41.0955810546875,41.22654750642746,40.693324913732965,41.16106428055748,9624300
2023-12-27,41.15171432495117,41.3200972272708,40.8897778321428,41.06752108950713,9253800
2023-12-28,41.273319244384766,41.54460892383836,41.0581595716151,41.132999580527006,9023400
2023-12-29,41.0207405090332,41.292030194715856,40.74945439191867,41.24525697235598,13695600
2024-01-02,41.124324798583984,41.472758821135145,40.73822524284057,41.02074009189838,16514500
2024-01-03,40.785316467285156,41.322088972538374,40.70056272475434,41.13374692332259,15442700
2024-01-04,40.144954681396484,40.8229810128677,40.013116327841686,40.74764635040455,19595600
2024-01-05,40.53105545043945,40.785316679353954,40.23912509302076,40.286209707488084,12648500
2024-01-08,41.18083190917969,41.26558565247535,40.42746729784364,40.531055605463436,16124400
2024-01-09,40.75706100463867,40.89831843332326,40.30504226210389,40.68172634371236,14842100
2024-01-10,40.94540786743164,41.020746129555896,40.47455450613322,40.775900369978125,12187000
2024-01-11,40.74764633178711,41.133745906589354,40.33329670761481,41.03957668047201,12706400
2024-01-12,40.483970642089844,40.88890119843018,40.361547771200456,40.88890119843018,12742400
2024-01-16,40.5781364440918,40.70997478976659,40.248540579904805,40.45571358353999,17183200
2024-01-17,39.88127517700195,40.54988962844208,39.683517642727416,40.32387845189563,18568900
2024-01-18,40.060203552246094,40.14495729824538,39.627019335950145,39.6552693871746,19797300
2024-01-19,40.8229866027832,40.83240568208443,40.04137186011319,40.107291045916945,23606200
2024-01-22,41.077247619628906,41.36917800672004,40.89832462953664,40.97365930187637,18082700
2024-01-23,41.38800811767578,41.58576565264693,40.89832022703834,41.19025058270464,15712100
2024-01-24,41.24674987792969,41.745856837060245,40.964238606008564,41.698768631468624,19446800
2024-01-25,42.63105773925781,43.63868350267255,41.03015581858586,41.15257868107636,29722100
2024-01-26,43.563350677490234,43.6198543731376,42.68756674507508,42.78173597882802,20086400
2024-01-29,43.422088623046875,43.79876907921772,43.139577382837416,43.393838576723525,19263600
2024-01-30,43.93061447143555,44.10953743278688,43.32791922789954,43.69518782066113,15675800
2024-01-31,43.8270263671875,44.363798845978216,43.6763534537081,43.92119559099002,18579600
2024-02-01,44.005950927734375,44.36380045736793,43.48801299335665,44.01537000585212,18583200
2024-02-02,42.461551666259766,43.14899706821404,42.254375060184955,42.68756283582553,25234100
2024-02-05,42.25437545776367,42.73464785048776,42.16962171741975,42.32971371243635,15528400
2024-02-06,41.83060836791992,42.32029626518459,41.56693165105658,42.32029626518459,18652900
2024-02-07,40.36154556274414,42.17903959317233,40.34271099961282,42.02836668044735,31222500
2024-02-08,38.845401763916016,40.54989220121854,38.666478782362006,40.51222307068317,44879600
2024-02-09,39.61759948730469,39.81535702668403,38.82656573746142,39.05257691984201,27368100
2024-02-12,40.126121520996094,40.483971059106544,39.4857607021988,39.49517618821383,21666800
2024-02-13,39.41041946411133,40.069614797408676,39.09023907892836,40.0036956233115,24549500
2024-02-14,39.570518493652344,39.67410681204384,39.25033805149964,39.589353059935,24630800
2024-02-15,39.36334228515625,39.71177278436088,39.240919399150094,39.35392679807558,20891000
2024-02-16,38.83598709106445,39.31625594231112,38.76064882841536,39.27858681098658,22578800
2024-02-20,39.231502532958984,39.29742171718513,38.36513405894331,38.75123367755049,20854900
2024-02-21,39.41041946411133,39.50459227876841,39.07140810832251,39.4763386382085,20652400
2024-02-22,39.466922760009766,39.54226101098544,38.98665398317921,39.44808819726585,19295000
2024-02-23,39.4575080871582,39.85302313594682,39.2409124073066,39.41983896089483,14671600
2024-02-26,39.7306022644043,40.08845179720275,39.335087195778996,39.476341037862696,21113100
2024-02-27,39.80594253540039,39.84361166545956,39.45751206316794,39.758857918989406,13143900
2024-02-28,39.69294357299805,40.1449624117958,39.66468992584878,39.77769732979303,13195600
2024-02-29,40.35213088989258,40.44630371582919,39.966031284367475,40.05078503154743,28706500
2024-03-01,40.3050422668457,40.55930348311249,39.71176609555654,40.17320391596492,15016100
2024-03-04,39.41041946411133,40.38037969728872,39.16557733065403,40.23912227146587,20055600
2024-03-05,39.60818099975586,40.088449786472694,39.28800061116944,39.466923572431476,26734800
2024-03-06,39.69294357299805,39.93778576355776,39.24092114187389,39.65527443834997,16593600
2024-03-07,39.30683135986328,39.900103875471544,39.0902357010314,39.83418470707063,17712400
2024-03-08,40.09787368774414,40.14495830507441,39.17499794490589,39.306839902687095,18007300
2024-03-11,41.00190734863281,41.13374570146995,40.15436994850026,40.239123688513516,25322100
2024-03-12,40.67230987548828,41.10549767482968,40.30504484813486,41.10549767482968,18817100
2024-03-13,40.75706100463867,41.133745086247146,40.68172634371236,40.87948387001027,14472000
2024-03-14,40.32387161254883,40.63463647855054,39.56108806244705,40.58754828019258,25065800
2024-03-15,40.276798248291016,40.78532075696074,40.20145998375053,40.342717433600846,45303600
2024-03-18,40.60639572143555,40.95482981971699,40.43688821208953,40.54047653361502,21627800
2024-03-19,40.483970642089844,40.728812791542815,40.14495567182742,40.436882435522215,23083700
2024-03-20,40.587554931640625,40.70056231542906,40.20145535117788,40.39921647664475,27557800
2024-03-21,40.389793395996094,40.502797176260444,39.97544380680988,40.493381691374,18752200
2024-03-22,40.24854278564453,40.615807795101674,39.994281565483654,40.57813866789435,15037900
2024-03-25,40.15436935424805,40.38038052171384,39.834188962528124,40.370961443893044,17851200
2024-03-26,40.003700256347656,40.17320775003639,39.68351983408294,40.17320775003639,19299300
2024-03-27,40.55930709838867,40.5781416633827,40.201457548153975,40.24854575680203,14106600
2024-03-28,40.8229866027832,41.04899780577193,40.606394479095705,40.672313664899455,21157200
2024-04-01,39.81534957885742,40.54046401326826,39.410415497402994,40.52162945223257,18303600
2024-04-02,39.66357421875,40.469935769975955,39.47384102467928,40.01457827552204,16801500
2024-04-03,39.397945404052734,39.79638546443128,39.28410693774155,39.597167243671805,18818700
2024-04-04,38.999507904052734,39.85330180650332,38.84772208013756,39.663572240753965,24458100
2024-04-05,38.80029296875,39.0754023098872,38.5536387222493,38.77183063639389,22833000
2024-04-08,38.62004470825195,38.904642699120956,38.49672120415325,38.65799207206376,28115900
2024-04-09,38.08879470825195,38.68644938173267,37.899061514937266,38.21211820787579,32645300
2024-04-10,37.68086624145508,38.088791304021996,37.35832092730587,38.088791304021996,22368400
2024-04-11,38.079307556152344,38.19314602907539,37.604976363636524,37.993927796745105,24560300
2024-04-12,37.348838806152344,37.89906475187344,37.216026645146556,37.82317002052157,23423600
2024-04-15,37.405757904052734,37.870600443332656,37.1021862321957,37.70932957590976,21293600
2024-04-16,37.111663818359375,37.567021234791255,37.007310398557664,37.37729169208893,18927200
2024-04-17,36.98834991455078,37.39627143204669,36.88399646773509,37.29192160409099,20450100
2024-04-18,37.58599853515625,37.65240460527371,37.12115604433402,37.32985928519201,15684700
2024-04-19,38.17417526245117,38.23109268843385,37.538569594386594,37.67138174682583,24227500
2024-04-22,38.48723220825195,38.61055933010328,37.90854758132623,38.40185244987177,24644700
2024-04-23,38.28801727294922,39.00899914664157,38.24058487395868,38.37339703867622,15324900
2024-04-24,38.14570999145508,38.2690371030147,37.77573227563567,37.90854441784166,19581200
2024-04-25,35.925846099853516,37.22551626669482,35.28075534198106,36.665805274389605,37835400
2024-04-26,36.589908599853516,36.73220940786945,34.559771636137484,35.195373709192936,29783200
2024-04-29,36.85552978515625,36.95039818873119,36.48555205836289,36.58990549286555,14933000
2024-04-30,36.15352249145508,36.751180781168095,35.89738322443521,36.63733869436395,20206700
2024-05-01,36.2389030456543,36.71323422787789,36.06814353054503,36.09660224344333,19737000
2024-05-02,36.39068603515625,36.76066374935809,36.11557310244124,36.56144553692009,16967700
2024-05-03,36.7037467956543,36.8460476025874,36.409663768987,36.47606984719316,22278700
2024-05-06,36.51401138305664,37.05474857291221,36.4476016965912,36.78912068362825,32166400
2024-05-07,36.51401138305664,36.732203265028254,36.40016930813811,36.6563085484159,30573400
2024-05-08,37.045265197753906,37.7567619824183,36.39068945865219,36.485554249063526,22394300
2024-05-09,36.56144714355469,37.1021843832822,36.42863499609314,37.00731597876709,23593200
2024-05-10,37.29191207885742,37.42472420675041,36.3622235647474,36.400167302103206,15227400
2024-05-13,37.66189193725586,37.69983929566973,37.30139927004267,37.538564831840425,18405400
2024-05-14,37.66189193725586,38.003410925262116,37.55753851104736,37.95597491781514,16096700
2024-05-15,37.2349967956543,37.89906115654617,37.00731624205779,37.832655082342946,18828100
2024-05-16,37.348838806152344,37.40575985466624,36.89348127462108,37.14962056464366,15663800
2024-05-17,37.25396728515625,37.367805742772184,36.91244829344914,37.26345231543286,13733400
2024-05-20,37.197044372558594,37.29191276484088,36.68476591081165,37.15909701564568,12533400
2024-05-21,37.197044372558594,37.59548438242593,36.959878820141576,36.99782617705449,13472000
2024-05-22,36.89347839355469,37.178076376179554,36.67528648624697,37.178076376179554,17755200
2024-05-23,36.69425964355469,37.13064345193792,36.52350013264653,36.82707179229222,16081800
2024-05-24,36.56144714355469,36.82707143847779,36.286334198750275,36.7511803337253,14375700
2024-05-28,36.56144714355469,36.817586407456076,36.200954444116476,36.26736051784725,16937200
2024-05-29,35.99224853515625,36.45709468255714,35.90686877824016,36.29582020000021,28533500
2024-05-30,36.87450408935547,36.912451451427074,35.97327414388289,36.106089911133495,18255200
2024-05-31,37.974952697753906,38.03187374152134,36.172496404767955,36.48555309833965,27039300
2024-06-03,37.548057556152344,38.01290008116644,37.263455956018376,37.94649400616443,15651400
2024-06-04,37.52908706665039,37.73779034060946,37.18756801253194,37.39627128649101,14580900
2024-06-05,37.130645751953125,37.56702958736765,37.05475464177053,37.56702958736765,12635500
2024-06-06,37.06423568725586,37.87059719287946,37.00731464659581,37.159100469496465,20336300
2024-06-07,36.95988845825195,37.32986623748494,36.912456059171326,37.054756875273284,16049300
2024-06-10,36.798614501953125,36.978859050938574,36.54247522569394,36.91245297400395,13177300
2024-06-11,36.35274124145508,36.61836554345833,36.01122221381678,36.19147037777016,16480000
2024-06-12,35.88789749145508,36.65631165862751,35.55586350639255,36.551958223860986,18902700
2024-06-13,35.650733947753906,35.89738457405013,35.39459467110411,35.57483922036443,18514800
2024-06-14,35.51791763305664,35.745598192892395,35.34715811789476,35.451511557033655,12692500
2024-06-17,35.394588470458984,35.54637427978736,35.02460716754061,35.470479565693594,31105500
2024-06-18,35.00564193725586,35.84995084430454,34.8633411381278,35.42305206578003,22444900
2024-06-20,35.906864166259766,36.03019127015579,34.82538979680337,34.89179586377987,21203300
2024-06-21,36.50452423095703,36.722716121875834,36.02070805872133,36.25787362957126,48974800
2024-06-24,36.50452423095703,36.80809587213618,36.106087808981684,36.32427969990048,19434300
2024-06-25,36.42863464355469,36.6752852551878,35.992247224727535,36.6752852551878,18452500
2024-06-26,36.257877349853516,36.46658061279129,35.688677750094655,36.324283426996416,23560600
2024-06-27,36.31479263305664,36.4191460677957,36.01122097864823,36.31479263305664,13073200
2024-06-28,37.149620056152344,37.23499981832455,36.523503006509436,36.561450371665956,38288900
2024-07-01,36.210445404052734,37.07373174162213,36.18198668746832,36.90297220439524,16905700
2024-07-02,36.200958251953125,36.39069146208103,35.8309804825767,36.39069146208103,15707800
2024-07-03,36.39223861694336,36.64091299203765,36.067051575396086,36.10530973287194,7658000
2024-07-05,36.21052169799805,36.33485889878675,36.03836361952111,36.30616345337452,12172200
2024-07-08,35.70361328125,36.33485834317986,35.58883879835436,36.14357118685283,17617700
2024-07-09,35.87576675415039,36.028795745440995,35.53145426012074,35.64622509146396,18695300
2024-07-10,35.799251556396484,36.02879320288413,35.52188538910011,35.942717821825276,19225400
2024-07-11,36.105316162109375,36.526145023784125,35.92359535448833,35.95228715345498,18630000
2024-07-12,36.621788024902344,36.66960890286674,36.25834278507449,36.334859108616826,16748600
2024-07-15,37.24346923828125,37.72168534706067,36.53571144044736,36.58353232162543,19018300
2024-07-16,37.88427734375,37.94166093664799,37.16695324453282,37.243465917896486,18541200
2024-07-17,38.82157897949219,38.96504525350207,37.9416595526628,37.95122591679621,31689700
2024-07-18,38.39118576049805,39.40500514881854,38.381623044376695,38.47726479958657,17757900
2024-07-19,38.33380126953125,38.534651139870356,38.13294775069314,38.42944302250253,19305200
2024-07-22,37.807762145996094,38.43900722613557,37.09043802545127,38.36249455049702,23213400
2024-07-23,36.83219909667969,37.846018450755786,35.35929641430365,37.692989458489485,30777500
2024-07-24,36.43049621582031,37.157382954222285,35.75143034928055,37.03304941708029,23447900
2024-07-25,36.5739631652832,37.65472875391686,36.5643968016323,36.86089205033197,18385300
2024-07-26,37.960784912109375,38.362488250869035,36.86089029699071,36.889582089581204,24563900
2024-07-29,38.90766143798828,39.0033031967452,37.90340837704374,37.99905013580065,21995900
2024-07-30,39.03200149536133,39.261543192550945,38.62073533535548,38.99374332966323,25226100
2024-07-31,39.47195053100586,39.81626664744185,38.90765548429102,38.984168149888646,24873200
2024-08-01,38.50595474243164,39.615415832542716,38.45813386712923,39.45282412681472,21797000
2024-08-02,38.16164016723633,39.34761386336822,38.10425293090786,39.0893767726382,25951700
2024-08-05,37.47300720214844,38.75462626742886,36.92784123729395,38.429439231507004,21390800
2024-08-06,37.22433853149414,37.73125006565628,37.04261773154874,37.20521309865711,15853800
2024-08-07,36.83219909667969,37.87471024664979,36.79394458498734,37.48257322593621,16744200
2024-08-08,37.63560104370117,37.72168007719586,36.7652479932543,36.78437707275299,13668100
2024-08-09,37.37736892700195,37.6547314683945,37.013923700540595,37.367802562661424,13999500
2024-08-12,36.85132598876953,37.396491969380804,36.79394240038861,37.3008502230801,12209400
2024-08-13,37.41562271118164,37.54952262135296,36.99479390085764,37.205210130269094,14022600
2024-08-14,37.31041717529297,37.41562529727046,37.080875498704955,37.090438215021464,17941600
2024-08-15,37.79820251464844,37.81733159724409,37.224340982277084,37.56865717200001,17291000
2024-08-16,37.89384078979492,38.09469431430464,37.77906995328873,37.912969870629134,14170200
2024-08-19,38.50595474243164,38.55377926623297,37.75037615625606,37.75037615625606,13280700
2024-08-20,38.28597640991211,38.52508443874943,38.22859281803049,38.30510549003897,13552700
2024-08-21,38.19989776611328,38.544213914936876,38.06599785234833,38.4772639580544,12748100
2024-08-22,37.69298553466797,38.35292231102374,37.47300660921604,38.35292231102374,9263100
2024-08-23,38.08512496948242,38.19989579700781,37.7695042816629,37.903404188525656,11682200
2024-08-26,38.49639129638672,38.697241157945534,38.12338336820639,38.276412355370084,11122400
2024-08-27,38.4868278503418,38.77375673976482,38.391182454868265,38.419874249260936,13067600
2024-08-28,38.19033432006836,38.59203405368341,38.17120524011065,38.496392302393815,11219600
2024-08-29,37.740806579589844,38.33379705806085,37.683422993511016,38.27640982348342,22626400
2024-08-30,37.84601974487305,37.99904874237206,37.46344542687596,37.99904874237206,25874900
2024-09-03,37.77907180786133,38.152079781191716,37.69299276413129,37.9512298953214,18351000
2024-09-04,36.985225677490234,38.41987375463413,36.726992234283216,37.970353171441516,24534700
2024-09-05,38.06599807739258,38.094693522296865,37.18608226830717,37.214774064712415,19033700
2024-09-06,37.88427734375,38.59203507848483,37.769506509454985,38.06599813542537,18549200
2024-09-09,37.98948669433594,38.285978329923694,37.253033490764565,38.00861577542211,13590800
2024-09-10,37.434749603271484,38.21902358715464,37.21477067106023,38.08512368480854,13752400
2024-09-11,36.99479293823242,37.43475081691851,36.47831874229719,37.43475081691851,16883400
2024-09-12,37.597347259521484,37.61647633938972,36.83219865878773,37.176514799418136,17055600
2024-09-13,37.82688903808594,38.15207609985515,37.5208310562442,37.5973473759541,13100500
2024-09-16,37.645164489746094,38.30510126305314,37.48256915085972,38.0564305458428,16730900
2024-09-17,37.56865310668945,38.085127335386076,37.51126951361142,37.826890221037765,13113200
2024-09-18,38.08512496948242,38.362491147126036,36.82263492120667,37.64516709021941,17279100
2024-09-19,38.51552200317383,39.28066697132064,38.40075117007656,38.60160104012153,16867400
2024-09-20,38.362491607666016,38.86939944644581,38.199896255595846,38.46769972103515,59666400
2024-09-23,38.955482482910156,39.13720328472022,38.372058265915676,38.45813730856239,21977300
2024-09-24,39.548465728759766,39.67280292287781,38.850270736171986,39.05112424928541,24195500
2024-09-25,38.82157897949219,39.510211257141364,38.76419174018845,39.50064489300796,24054900
2024-09-26,39.232845306396484,39.290232546041246,38.888529165525796,38.936350040980294,19316700
2024-09-27,39.825828552246094,40.24666097421705,39.39543341545697,39.433691571726804,17491200
2024-09-30,39.950164794921875,40.074501975621,39.50064059058555,39.931035717237506,22378400
2024-10-01,39.88321304321289,40.14145010752307,39.37630162875291,39.81626309859526,18226300
2024-10-02,39.79649353027344,40.336108335135755,39.74831449029871,39.88321727255801,11124400
2024-10-03,39.32433319091797,39.6230454396877,39.054523954700855,39.53632169872954,10457600
2024-10-04,39.69049835205078,39.85431150273236,39.179793900057156,39.40142042971147,13696900
2024-10-07,39.08343505859375,39.69049758096506,39.044890356143945,39.449598704391484,17063100
2024-10-08,39.45923614501953,39.53632187297482,38.90998700847218,39.09306882871294,18173500
2024-10-09,39.89285659790039,39.931397625652494,39.27615236813846,39.46887221019998,11396400
2024-10-10,39.60377502441406,40.42283343478835,39.555595982821515,40.008487060607,11975800
2024-10-11,39.75794982910156,39.969942021318666,39.5845060159901,39.67122608463322,10447800
2024-10-14,40.442100524902344,40.51918624625619,39.796489688918115,39.85430673680208,12121000
2024-10-15,40.57700729370117,41.21298017981174,40.355380768704705,40.355380768704705,14841700
2024-10-16,40.7119140625,41.05880906631255,40.67336935633738,40.702279723872095,11768000
2024-10-17,40.6926383972168,41.19370850906942,40.13375490665151,41.02989903494991,16288100
2024-10-18,40.403564453125,40.8275452006598,40.34574739289616,40.42283680653461,14188200
2024-10-21,39.054527282714844,40.45174159462602,38.98707588686899,40.43246924212358,16333500
2024-10-22,40.037391662597656,40.76008827627568,39.09306852849071,39.18942660665109,18594700
2024-10-23,40.037391662597656,40.39392096278113,39.71940706400836,40.01811931180057,16411700
2024-10-24,40.133750915527344,40.47100784389655,39.83503501052545,40.26865368687503,16562800
2024-10-25,40.14339065551758,41.0491691534974,40.1048459511375,40.528830347667686,19363200
2024-10-28,40.31683349609375,40.43246392006276,40.10484132229648,40.10484132229648,19062500
2024-10-29,40.5384635925293,40.943175625954375,40.22047897953302,40.2493856691258,21091500
2024-10-30,40.70227813720703,40.92390467526433,40.28793175167479,40.29756608992712,27530400
2024-10-31,42.08021545410156,43.66051522689523,41.28043306758353,43.56415346743053,35198400
2024-11-01,41.97422409057617,43.053450093010646,41.906772695163106,42.735461792498725,25078500
2024-11-04,40.981719970703125,42.176580140199896,40.94317894006815,42.0994907272789,21752800
2024-11-05,41.01062774658203,41.492425519411974,40.779363198260526,41.18407523886683,16783200
2024-11-06,43.4967041015625,43.57379351272822,41.84895653406239,42.2343962382401,31072500
2024-11-07,42.58128356933594,43.3617972430071,42.54274254319145,43.33289055444246,17151600
2024-11-08,42.31147766113281,42.77400305350954,42.07057878953087,42.55237653273476,23019700
2024-11-11,42.59092712402344,43.00527353454218,42.311483512124646,42.3596625579424,11088600
2024-11-12,42.43674850463867,42.59092364415404,42.2536629993343,42.30184571704089,13411900
2024-11-13,42.31147766113281,42.581283221062975,41.92603799623967,42.07057878953087,11593000
2024-11-14,41.897132873535156,42.45602004093236,41.61768928983656,42.31147924223992,20178800
2024-11-15,41.31897735595703,42.22475583086709,41.0298994321198,41.8971332036315,18270700
2024-11-18,41.434608459472656,41.64660065576196,41.19370957308037,41.29006765730717,19100900
2024-11-19,40.77936553955078,41.21298429515841,40.76973120090417,41.04917113156197,29279300
2024-11-20,41.42497253417969,41.45387922317511,40.46137702553078,41.19370799474088,21068600
2024-11-21,41.91640853881836,42.13803508539581,40.96244727884755,41.53096882905075,15647200
2024-11-22,41.88750076293945,42.128399656352585,41.58878481181003,41.68514289884512,10637300
2024-11-25,41.62732696533203,42.427109331010314,41.55987557337694,42.321113236273696,23526000
2024-11-26,41.08771514892578,41.685143382287905,40.89499529679513,41.43461014759586,18392600
2024-11-27,41.01062774658203,41.473153167399744,40.981717380651034,41.05880678869997,16235800
2024-11-29,41.61768341064453,41.69477280594372,40.87571452210091,40.914259219750505,9557000
2024-12-02,41.71405029296875,41.73332264416745,41.1262564467963,41.44424105201205,16253400
2024-12-03,41.299705505371094,41.868227022006785,41.2707988153842,41.64660048851494,14352200
2024-12-04,41.0009880065918,41.40570003016042,40.83717853512186,41.15516314037386,14621000
2024-12-05,41.23225784301758,41.415339689212196,40.91426952108283,41.05881033574874,13615000
2024-12-06,41.57915115356445,41.61769218351368,41.17443909458114,41.19371144746848,15608600
2024-12-09,37.6284065246582,41.72368772451093,37.348962925293684,41.63696397559868,45253900
2024-12-10,38.09092712402344,38.34146400054953,37.12733166993066,37.647674097338744,28678100
2024-12-11,38.26437759399414,38.389646042059375,37.98493400824293,38.033116725377795,23922900
2024-12-12,38.77508544921875,38.90035022057046,38.38001143196098,38.466731500208226,22465500
2024-12-13,38.466732025146484,38.736541274734506,38.21619880319895,38.30292254845487,18032600
2024-12-16,37.4453239440918,38.293289063730626,37.377872549148115,37.666950481167504,20182800
2024-12-17,37.38750457763672,37.69585484285155,37.15624371663815,37.454955968413394,19193100
2024-12-18,36.48172378540039,37.522404944574994,36.4142723989643,37.14660331276681,22644600
2024-12-19,36.038475036621094,36.65517560042557,35.893934233805844,36.568451853901486,22646500
2024-12-20,36.82862091064453,36.91534465202851,35.9517491592399,36.22155472095668,60040100
2024-12-23,36.59735870361328,36.81898523995721,36.298642758545206,36.64553774615321,16681400
2024-12-24,37.0020751953125,37.02134387398426,36.33719183053824,36.47209463619511,7493100
2024-12-26,36.85752868652344,37.059882863780814,36.703353550161836,36.85752868652344,10824500
2024-12-27,36.54917907714844,36.85752935546803,36.31791453049611,36.46245533163197,15394200
2024-12-30,36.02883529663086,36.50099871082553,35.759029731848265,36.40463695495665,23728300
2024-12-31,36.16374206542969,36.23119346406065,35.88430213216951,35.95175353080047,13705300
2025-01-02,36.057743072509766,36.56845120444827,35.84575455485769,36.42391040420006,28782100
2025-01-03,36.298641204833984,36.36609627249295,36.00956328614266,36.25046216435629,20334000
2025-01-06,36.12519836425781,36.77080561080913,35.93247852134726,35.98065756311858,31417800
2025-01-07,35.82648849487305,36.395010106093174,35.66267531410154,36.07702176003278,16527600
2025-01-08,36.11798858642578,36.186010810866435,35.214313464467274,35.7390272144071,27293600
2025-01-10,35.33091354370117,36.11798596484787,35.29204476305095,35.74874366886364,27686600
2025-01-13,35.418365478515625,35.68072418063569,35.22402528730844,35.47666494116619,19973300
2025-01-14,35.35034942626953,35.602989097698725,35.12685948819303,35.59327375549153,25100100
2025-01-15,35.46695327758789,35.807045867420214,35.2531786744183,35.72931200691478,22268500
2025-01-16,35.28233337402344,35.602991583484524,35.24346458901865,35.486388935201525,21114100
2025-01-17,35.54469299316406,35.86535121056797,35.418371292135156,35.7098797734291,22040300
2025-01-21,35.92365264892578,36.19572672405325,35.505822486847876,35.54469127093216,21125900
2025-01-22,36.059688568115234,36.147141476226935,35.476667945126856,35.81676423521953,21121100
2025-01-23,36.40950012207031,36.46779958953166,35.865348283133805,36.21515991482648,17469200
2025-01-24,36.55525207519531,36.57468646636832,36.22487483871642,36.30261240340844,18256200
2025-01-27,37.14799118041992,37.313181666023546,36.49695570124393,36.506671044288176,24497900
2025-01-28,36.48723602294922,37.08968736306346,36.40950215973997,36.87591645918951,17895600
2025-01-29,36.3026123046875,36.759311229183446,36.19572500689218,36.623270491342346,21538200
2025-01-30,32.308937072753906,33.698464587759716,31.580164056075244,33.44582119954162,77358200
2025-01-31,32.707332611083984,33.04742520045845,32.357520972452406,32.52271144924231,39169100
2025-02-03,32.250633239746094,32.823934816118985,32.10488086341946,32.17289938038479,45432400
2025-02-04,32.60044860839844,32.658751789646985,31.687054342560703,31.755072867318216,40510700
2025-02-05,32.97940444946289,32.9891234980619,32.36723783004024,32.60044310218288,33488900
2025-02-06,33.494407653808594,33.5041229960026,32.79478440044515,33.134876978201774,29838300
2025-02-07,33.39723587036133,33.68874432518833,33.13487714899769,33.64016020050568,24084000
2025-02-10,33.494407653808594,33.795631449327004,33.41667008933217,33.74704732489479,26992400
2025-02-11,34.23289489746094,34.34949753374806,33.11544524401985,33.11544524401985,32640500
2025-02-12,33.91223907470703,34.23289727343501,33.90252002541547,33.93166975982768,23440600
2025-02-13,34.37865447998047,34.49525712816272,33.95110525875996,34.048277221187966,20563800
2025-02-14,34.38836669921875,34.611856632405605,34.2911984523483,34.39808574794441,17933400
2025-02-18,35.321197509765625,35.35035095110695,34.10657581126294,34.26204724040203,24015300
2025-02-19,35.44751739501953,35.70987611331282,35.25317719183216,35.408648613035844,22701300
2025-02-20,35.37950134277344,35.680728864019656,35.068558478720526,35.36006695042872,25850100
2025-02-21,35.214317321777344,35.612713129171276,35.1657294837502,35.525260210146676,21415300
2025-02-24,35.27260971069336,35.748742997894595,35.19487585758286,35.36006261214947,28122000
2025-02-25,34.83534622192383,35.933365193036295,34.73817797601199,35.41836681758779,34275000
2025-02-26,34.106571197509766,34.81591343540284,34.00940295746645,34.76732560865043,31161200
2025-02-27,34.38836669921875,34.47581960409456,34.009405347000566,34.09685825187638,23252200
2025-02-28,34.864501953125,35.06855750699335,34.52440565661318,34.641012007450435,26777600
2025-03-03,34.961673736572266,35.21431714883887,34.7381837683251,34.85478642420806,19845700
2025-03-04,34.49525451660156,35.29204601453106,34.27176458003413,35.18515871731814,31010400
2025-03-05,34.553558349609375,34.67987633351813,33.98025677729739,34.32034935971503,24536100
2025-03-06,35.243465423583984,35.311483945587355,34.349501880961654,34.5244077108936,29116300
2025-03-07,36.52610397338867,36.55525370808472,35.04912353884478,35.05884258823097,43323100
2025-03-10,35.08799362182617,36.90506671752656,35.010256050783966,36.35119949741077,43425200
2025-03-11,34.93252182006836,35.29204881553899,34.4758228618142,35.04912446867723,32233500
2025-03-12,34.194026947021484,34.86450046210279,33.912237544710585,34.74789411625235,23455000
2025-03-13,33.717899322509766,34.9033675877832,33.6790305382762,34.17459456369465,32055800
2025-03-14,34.42723846435547,34.582709896861,33.66931569423241,34.08714586410316,27406700
2025-03-17,34.738182067871094,34.903368846724995,34.339786281935396,34.485542374702945,16899200
2025-03-18,34.990821838378906,35.10742819554325,34.56327631563727,34.806200666299176,17883000
2025-03-19,35.06855773925781,35.194879433469204,34.913086310509655,35.02968895538796,21740600
2025-03-20,35.46695327758789,35.65157443967812,34.845067566619505,34.88393635023784,17068800
2025-03-21,35.709877014160156,35.83619870542831,35.058841579799626,35.21431300492536,54564500
2025-03-24,35.56412124633789,35.83619902276561,35.447518603143834,35.74874611368727,34933300
2025-03-25,35.89449691772461,35.90421596649132,34.90336522718893,35.43780170742706,31434400
2025-03-26,36.31232833862305,36.6524246296079,35.81676432917751,35.952801362878986,25942200
2025-03-27,36.31232833862305,36.574687063646394,35.991670145859736,36.224875430281934,17856700
2025-03-28,35.583553314208984,36.419213567111186,35.554403581996894,36.24430776037673,23331700
2025-03-31,35.85563278198242,35.981950765409934,35.32119628774632,35.78761426575803,27806300
2025-04-01,35.680728912353516,36.088840031951555,35.48638869537435,35.89449981497239,20738300
2025-04-02,35.89643859863281,35.93565986015091,35.406184050692666,35.6022866179378,18827600
2025-04-03,35.02378463745117,35.94546180252007,34.906120857816255,35.896437097844796,26834100
2025-04-04,32.72939682006836,34.66099732253988,32.69017555597107,34.24918527055514,37314600
2025-04-07,32.81764221191406,33.76873353715413,31.74888709646953,32.327387640432086,46139700
2025-04-08,32.199920654296875,33.63146311644454,31.866547393489622,32.81764246645205,33971400
2025-04-09,34.49431228637695,34.562947627828684,31.572395460582126,31.866547458281765,45095900
2025-04-10,33.0235481262207,34.21977047363399,32.44504758415065,34.10210668381445,31778800
2025-04-11,33.06277084350586,33.33731221780065,32.572516252067615,33.298090952802625,26811900
2025-04-14,33.48439025878906,33.7785422670536,32.60193049364973,32.72939773535779,20432800
2025-04-15,33.72951889038086,34.082499070057985,33.59224445676958,33.768736416781074,17989900
2025-04-16,32.896080017089844,33.78834316095724,32.70978463200824,33.63146185237656,20687000
2025-04-17,33.347110748291016,33.6314592670933,33.062765969833876,33.12159411831356,21576000
2025-04-21,32.94510269165039,33.34711125385186,32.601926019165674,33.09218054576967,22945400
2025-04-22,33.53341293334961,33.58243764169174,33.0725724461735,33.19023249426371,23108500
2025-04-23,33.798152923583984,34.34723567530775,33.719710393140176,33.85698108107112,28164600
2025-04-24,32.543094635009766,32.699975936346405,30.827205635411847,31.356679559879847,44282300
2025-04-25,33.239261627197266,33.278479150470986,32.484269134081,32.86666710350516,29368800
2025-04-28,33.111793518066406,33.57263400258536,32.964715653542555,33.23926075129737,27895700
2025-04-29,33.27847671508789,33.3961404973349,32.94510347941196,32.99413192552086,22741600
2025-04-30,33.53341293334961,33.602048273097694,32.513682542313134,33.1117937089854,28174800
2025-05-01,33.16082000732422,33.562828619558005,33.01374213490024,33.190234085670745,20277700
2025-05-02,33.7883415222168,33.85697685762043,33.327504804556014,33.33730824946571,24823900
2025-05-05,33.778541564941406,34.00405822460154,33.31770105935359,33.40594703403327,20326100
2025-05-06,33.8177604675293,33.92561332652046,33.40594470100298,33.58243663803635,16103900
2025-05-07,33.71970748901367,34.2001585957386,33.54321555106128,33.95503131973199,25154100
2025-05-08,33.55302429199219,34.043278866730375,33.48438895075649,33.81776221119228,35269400
2025-05-09,33.58243942260742,33.77854200672098,33.48439000072349,33.67068539844124,16919700
2025-05-12,34.04328155517578,34.71983157521817,33.8569824082418,34.13152753521138,23093100
2025-05-13,34.111915588378906,34.42567822968079,33.817763579701605,34.17074374590693,19071500
2025-05-14,33.88639831542969,34.141329054281634,33.680488546740655,33.984447736446825,18156300
2025-05-15,34.641387939453125,34.68060546038431,33.837367044665676,33.96483427364172,18154000
2025-05-16,34.7884635925293,34.96495553570978,34.51392223217989,34.6315822808517,20791600
2025-05-19,34.74924087524414,34.83748684314123,34.55314204911315,34.66099490734705,14182500
2025-05-20,34.89632034301758,35.082615732563625,34.66099650433447,34.69041432188581,14068000
2025-05-21,34.41586685180664,34.92573201691392,34.278596180498,34.72962945489646,17290900
2025-05-22,33.91581344604492,34.543338736855745,33.89620281316386,34.52372810397468,14428300
2025-05-23,33.84717559814453,34.004056909245904,33.562827052915324,33.5726342388035,13930000
2025-05-27,34.268795013427734,34.42567632540068,33.90600768080509,34.1315243329946,22018500
2025-05-28,33.95503234863281,34.435479729570794,33.896200454084166,34.28840560371745,19762200
2025-05-29,33.61185073852539,34.131523104765996,33.18042808121099,33.95503116760434,22617000
2025-05-30,33.896202087402344,34.08249748526492,33.43536157542906,33.69029605707859,31652100
2025-06-02,33.6608772277832,33.74911945088574,33.17062270648379,33.651070042763926,25282800
2025-06-03,33.98444747924805,34.00405811137219,33.44516818704383,33.68048829184228,22050900
2025-06-04,33.768733978271484,34.219771032589364,33.758930532465826,34.06288971727963,19206700
2025-06-05,33.55302429199219,33.91581163000169,33.4255570552635,33.82756565693499,18852200
2025-06-06,34.0236701965332,34.12171962099565,33.72951818280008,33.82756760726252,13753100
2025-06-09,33.92561340332031,34.21976912593875,33.88639588193719,34.02366655764158,15056300
2025-06-10,34.92573547363281,34.94534610581002,33.84717688630609,33.96483693902367,21240900
2025-06-11,34.49431228637695,35.07281283600266,34.43548039069879,34.96495623076549,19015800
2025-06-12,34.582557678222656,34.700217727254966,34.38645510293846,34.49431170636205,14228600
2025-06-13,34.32762145996094,34.76885129679238,34.26879330861363,34.572748731495594,17190500
2025-06-16,34.42567825317383,34.798272792603726,34.09230497901986,34.49431359723385,18323500
2025-06-17,33.85697937011719,34.34723393957893,33.788344029620184,34.278598599081924,16399400
2025-06-18,33.59223937988281,34.033469213227285,33.543214674032384,33.876587910298724,16249500
2025-06-20,33.85697937011719,34.21977044456766,33.709905243485984,33.82756529286005,42693900
2025-06-23,33.91581344604492,33.955034711807045,33.49419418996657,33.7197108575801,28769100
2025-06-24,34.52372741699219,34.59236276053724,33.9256162172318,34.10210816930358,24319500
2025-06-25,34.16093826293945,34.50411496254362,34.12171700002883,34.4648974399785,21623000
2025-06-26,34.52372741699219,34.54333804948302,34.14132943428523,34.17074351284863,16830600
2025-06-27,34.63158416748047,34.866908017989374,34.5041169259404,34.61197353490925,26939900
2025-06-30,34.99436950683594,35.07281203260998,34.592360913107704,34.68060688443076,18490400
2025-07-01,35.62189865112305,35.94546472052267,34.87670961432269,34.89632024585381,22857500
2025-07-02,35.45368194580078,35.730739918424156,35.344836663803946,35.53283974885098,24144800
2025-07-03,35.612003326416016,36.01769699823949,35.40420606064732,35.4239964561792,10160900
2025-07-07,35.06777572631836,35.76042444850292,34.99851123156309,35.542733879482434,15078500
2025-07-08,35.62189483642578,35.68126602002061,35.01830101442303,35.206307875157414,12711900
2025-07-09,35.245887756347656,35.65158144066362,35.018303862671104,35.54273614920263,14909500
2025-07-10,35.0479850769043,35.59221149550306,35.00840806206862,35.18651784004061,15132700
2025-07-11,34.62250518798828,34.97872097327847,34.59281770824019,34.869879462975064,16864400
2025-07-14,35.26567840576172,35.29536211287077,34.43450063501913,34.53345261643618,18545300
2025-07-15,34.355342864990234,35.30525923992022,34.33555246868351,35.24588805100004,17002900
2025-07-16,34.03870391845703,34.503765018336374,33.91996154115701,34.40481681188514,21102900
2025-07-17,34.33555221557617,34.652191004885374,33.91996144546278,33.93975184162362,17545600
2025-07-18,34.17723083496094,34.56313410109306,34.06838554971713,34.493869605870984,14788100
2025-07-21,34.64229202270508,34.731346913236735,34.30586285565569,34.385024435964674,15815100
2025-07-22,34.89956283569336,35.38441429625568,34.67197895782895,34.74124345219499,14553400
2025-07-23,35.41410446166992,35.52294975382379,34.95893667141933,34.99851368932172,16430400
2025-07-24,34.998512268066406,35.64168690942121,34.998512268066406,35.44378672941727,16134600
2025-07-25,33.326263427734375,34.078279580898105,32.851305261320654,33.78143119871853,32924600
2025-07-28,33.17783737182617,33.39552794706706,32.960150571217255,33.31636636529511,19631900
2025-07-29,32.485191345214844,33.29657865876002,32.23781707219176,33.207523769486436,32911500
2025-07-30,32.15865707397461,32.791934640105595,32.04981178455234,32.48519294224142,35644500
2025-07-31,32.88098907470703,33.74185051823339,32.55445698563096,33.63300900496269,40584100
2025-08-01,32.17844772338867,33.118470769425514,32.128973620888225,32.99972839386595,22399800
2025-08-04,32.2180290222168,32.603932312277685,32.14876452269982,32.2773964362987,29378800
2025-08-05,32.168548583984375,32.48519112395858,32.1190744846431,32.356555445965796,27440100
2025-08-06,31.822227478027344,32.41592424483523,31.792543772076545,32.316976041911246,21569100
2025-08-07,31.337373733520508,32.138865868886455,31.287899632655883,32.02012727188497,25138700
2025-08-08,31.337373733520508,31.703488496793035,31.258214039747525,31.357164128792746,16280700
2025-08-11,31.08010482788086,31.75296318096982,30.704096747380795,31.357164704833963,19954700
2025-08-12,31.762855529785156,32.020126890629044,31.188949172251373,31.188949172251373,19947600
2025-08-13,32.594032287597656,32.65340347095775,31.752961283804492,31.83211908698616,29736800
2025-08-14,32.55445861816406,32.67319722245238,32.257606445495,32.38624213534278,14579800
2025-08-15,33.09867858886719,33.18773347841912,32.65340414110753,32.68308784608089,20703200
2025-08-18,33.078887939453125,33.24710063251683,32.86119737230542,32.900778161719884,25119900
2025-08-19,33.5340576171875,33.6330095963991,33.09868023255263,33.17783804128986,16793200
2025-08-20,32.94036102294922,33.66269348935166,32.71277713144972,33.58353190554379,20291700
2025-08-21,33.247100830078125,33.25699791480647,32.772142678177794,32.88098796239842,16169200
2025-08-22,33.79132843017578,34.03870271216936,33.35594727810261,33.35594727810261,25268200
2025-08-25,33.652793884277344,33.82101034995767,33.46479079875867,33.69237467321763,17147400
2025-08-26,33.326263427734375,33.62311180991395,33.167944038929804,33.62311180991395,22273800
2025-08-27,33.454898834228516,33.4944758501286,33.098679268704146,33.2372082609343,17520700
2025-08-28,33.2174186706543,33.53405745332002,32.91067319854537,33.49447666182879,21385500
2025-08-29,33.61322021484375,33.63301061128325,33.108574542216935,33.20752652441443,16730000
2025-09-02,33.77153778076172,33.80122148649554,33.29657961586068,33.346053716961045,20302100
2025-09-03,33.5340576171875,33.821012694953055,33.12836393900009,33.7913289885056,17908700
2025-09-04,33.59342956542969,34.08817814879498,33.36584567003751,33.672587375959424,27937800
2025-09-05,33.55384826660156,34.01891313583051,33.23720947999567,33.73195805589639,21116900
2025-09-08,33.64290237426758,33.75174766236074,32.17844707681412,32.22792117832047,27803100
2025-09-09,33.316368103027344,33.682484775870755,33.316368103027344,33.633010671998775,17141500
2025-09-10,33.12836456298828,33.38563593915221,32.554458171279435,33.17783866620992,17681600
2025-09-11,33.0492057800293,33.207525170458034,32.831515202702775,33.10857319229507,21780600
2025-09-12,32.71277618408203,33.02941496087943,32.1091823362395,32.92056967361183,23874800
2025-09-15,32.27739334106445,32.80182935450073,32.17844514399514,32.68308698845944,21389900
2025-09-16,31.950862884521484,32.41592396379054,31.64411741870542,32.277394971045204,21622100
2025-09-17,32.089393615722656,32.45550651275992,31.861809718935593,32.00033871918579,16186100
2025-09-18,31.307687759399414,32.07949429245923,31.000944185678616,31.990443176766387,39019900
2025-09-19,31.258214950561523,31.545168141106448,31.070209964629036,31.307689052867744,53789600
2025-09-22,31.159263610839844,31.2483185012776,30.971258632436143,31.00094422502071,36356100
2025-09-23,31.287899017333984,31.84201686284733,31.258213425009437,31.258213425009437,26288500
2025-09-24,31.278005599975586,31.456115389427527,31.129579517221607,31.456115389427527,22928300
2025-09-25,31.287899017333984,31.574852193874207,31.18894893023476,31.37695201967576,19402700
2025-09-26,31.38684844970703,31.55506303818687,31.2285290590573,31.337374347872494,15565400
2025-09-29,31.159263610839844,31.53527356764725,31.080103917930277,31.49569277753449,22268000
2025-09-30,31.09000015258789,31.47590343248086,30.901995167912542,31.11968574616274,37758200
2025-10-01,30.940000534057617,31.3700008392334,30.899999618530273,31.040000915527344,30248200
2025-10-02,30.399999618530273,30.799999237060547,30.3799991607666,30.719999313354492,25014600
2025-10-03,30.899999618530273,31.200000762939453,30.40999984741211,30.43000030517578,32639900
2025-10-06,31.09000015258789,31.110000610351562,30.420000076293945,30.799999237060547,27868000
2025-10-07,30.600000381469727,31.1299991607666,30.299999237060547,31.09000015258789,30175800
2025-10-08,30.770000457763672,30.989999771118164,30.459999084472656,30.610000610351562,23765200
2025-10-09,30.079999923706055,30.969999313354492,30.059999465942383,30.860000610351562,22555000
2025-10-10,29.459999084472656,30.3799991607666,29.43000030517578,30.190000534057617,22872400
