Date,Close,High,Low,Open,Volume
,EEM,EEM,EEM,EEM,EEM
2010-01-04,30.78585433959961,30.807480551454283,30.3894086181762,30.40382517618689,70761600
2010-01-05,31.009305953979492,31.117426011369886,30.821893455019282,30.93001626208688,50196300
2010-01-06,31.074174880981445,31.203921132024625,31.002092102803662,31.05255142236653,50670000
2010-01-07,30.89397430419922,30.98047089461886,30.720978373682897,30.886764651019313,41803700
2010-01-08,31.139053344726562,31.153469902833574,30.80748075729717,30.908393914368958,41118100
2010-01-11,31.074174880981445,31.333667383067805,30.92280517132335,31.31925082743225,42546400
2010-01-12,30.576812744140625,30.77864176945869,30.41823613456966,30.713768645191596,65902300
2010-01-13,30.6705265045166,30.778649321383302,30.382203575667827,30.699359622304716,48040100
2010-01-14,30.59123992919922,30.72098622281705,30.540783342756477,30.648906170663913,52893800
2010-01-15,30.238039016723633,30.547988141124964,30.15154241795593,30.504738466902463,76681800
2010-01-19,30.85073471069336,30.85073471069336,30.324542593452392,30.331752248987137,57597300
2010-01-20,30.108295440673828,30.353371450532663,29.863219430814997,30.353371450532663,78934700
2010-01-21,29.2000675201416,30.04341825666589,29.17844405884106,29.949712008234933,116104300
2010-01-22,28.55134391784668,29.084742887334052,28.493677678076338,28.99103937222373,108173800
2010-01-25,28.760377883911133,29.063117372319006,28.59458883110401,28.926164187040797,86170400
2010-01-26,28.16209602355957,28.544125115740627,25.812252499505913,28.20534568952747,89832400
2010-01-27,28.09002685546875,28.198146937669637,27.66474793291845,27.960280557085415,91623300
2010-01-28,27.895404815673828,28.457636889970175,27.650328802576876,28.342307163199706,98086600
2010-01-29,27.5926570892334,28.29905186924466,27.448497021633703,28.21976493193564,151695100
2010-02-01,28.33510398864746,28.363934361877483,27.83053533646984,27.85215880381184,81928100
2010-02-02,28.565759658813477,28.623423147252957,28.126064217042423,28.392763694139877,86791200
2010-02-03,28.399978637695312,28.70271819515658,28.30627235814288,28.572971884908014,64323800
2010-02-04,27.116924285888672,27.967481963753393,27.102507727827557,27.931441943439253,131791500
2010-02-05,26.81418800354004,26.958350851613222,26.078959953076666,26.87906114768909,165899900
2010-02-08,26.5474796295166,27.01600529171945,26.540269977205202,26.799762466881464,78752400
2010-02-09,27.412456512451172,27.657532497100327,26.979970774683142,27.19621364356716,133342000
2010-02-10,27.340377807617188,27.599870362818706,27.03763557665628,27.41966750500403,84646000
2010-02-11,28.061193466186523,28.090026587703047,27.297132244065548,27.527791716842106,90206600
2010-02-12,27.707984924316406,27.808900814377633,27.29712271007895,27.491742087824615,63053000
2010-02-16,28.421602249145508,28.443225717736347,27.93145013011378,28.126069596465623,73196700
2010-02-17,28.52250862121582,28.659461805702072,28.34951541446239,28.637838342277256,63631100
2010-02-18,28.630626678466797,28.731539823911223,28.255804459903935,28.2990513795647,61597600
2010-02-19,28.38555145263672,28.565754288357436,28.22697207730583,28.306261764971275,77264800
2010-02-22,28.421602249145508,28.572972028637572,28.32789596912171,28.55855546635098,56446600
2010-02-23,27.76565933227539,28.421597687815435,27.744035867154864,28.26301827779114,103220800
2010-02-24,28.0323543548584,28.16210062428141,27.787278373690175,27.95306466246909,73043700
2010-02-25,27.80169677734375,27.852153357727666,27.217838526173196,27.36921101700235,73641500
2010-02-26,28.082809448242188,28.140475675906824,27.65753064308526,27.830526576402093,65727300
2010-03-01,28.558542251586914,28.637831932634768,28.349509069351555,28.421589097753152,73146100
2010-03-02,28.882909774780273,29.04869605072853,28.724330402274546,28.84686975821361,66353000
2010-03-03,28.9189510345459,29.27935671506005,28.81083098019793,29.034280742323343,68779900
2010-03-04,28.76758575439453,28.976621741319665,28.587382886288907,28.940581717634053,61065500
2010-03-05,29.517230987548828,29.517230987548828,29.05591207511452,29.164032148522654,78177700
2010-03-08,29.538850784301758,29.690220518083343,29.495601110502477,29.582100458101042,56724000
2010-03-09,29.70464515686035,29.841601119643578,29.401905606939994,29.40911251302847,66759800
2010-03-10,29.913677215576172,30.03621385058988,29.704641220894086,29.769514365806536,73994500
2010-03-11,29.92088508605957,29.949718206879282,29.582105540300052,29.74068220545298,42415700
2010-03-12,29.81996726989746,30.065043259351185,29.733470670583596,30.057836355107245,48949200
2010-03-15,29.603729248046875,29.726268637693376,29.416319460542404,29.64697892962995,43560300
2010-03-16,29.985759735107422,30.00017629623943,29.589313927849773,29.70464366722796,58417000
2010-03-17,30.31012725830078,30.45429012837069,30.18038095020567,30.281294134351192,72017100
2010-03-18,30.0794620513916,30.295704940574378,29.93529920871058,30.252458012544334,73867900
2010-03-19,29.69021987915039,30.180371839618456,29.64697295595905,29.69021987915039,65993900
2010-03-22,29.798341751098633,29.827174865439247,29.315396709763267,29.387479495614805,57583400
2010-03-23,30.00738525390625,30.029008720262528,29.697436070969776,29.83438927402257,50528500
2010-03-24,29.560476303100586,29.812761959967183,29.560476303100586,29.69022258384856,65081100
2010-03-25,29.481189727783203,29.9136755026493,29.42352349130639,29.805552684094028,72397600
2010-03-26,29.62535858154297,29.83439462607915,29.37307559653607,29.72627452522404,69798700
2010-03-29,30.15874671936035,30.173163276190326,29.870421082115023,29.935294213011368,57961300
2010-03-30,30.27408218383789,30.360578791596275,30.0722558491758,30.230832505119906,50327500
2010-03-31,30.36056900024414,30.439858677483887,30.158742730671477,30.173159285594767,52858500
2010-04-01,31.153478622436523,31.153478622436523,30.807489380060574,30.807489380060574,96281100
2010-04-05,31.434587478637695,31.535500640739674,31.23996805900784,31.312048103458554,63633700
2010-04-06,31.528297424316406,31.600377477198975,31.290428300383947,31.312051766313164,42926300
2010-04-07,31.25438117980957,31.477830942833478,31.08859489606769,31.398544002530336,55642000
2010-04-08,31.362510681152344,31.398553459946672,30.89398480328372,31.045354575379214,52083200
2010-04-09,31.55712127685547,33.63305881724124,31.376918432196078,31.427375008726532,46651000
2010-04-12,31.304834365844727,31.477827534637463,31.304834365844727,31.319250921523597,43558300
2010-04-13,31.23996925354004,31.27600927714347,30.930020101130957,31.218345789313492,47072900
2010-04-14,31.701284408569336,31.730117523915723,31.420168408135083,31.56433123518981,42957800
2010-04-15,31.528297424316406,31.701290651105683,31.463424276850986,31.49946430329227,43463300
2010-04-16,30.60565185546875,31.225550108964846,30.468698677243204,31.17509353016189,142486200
2010-04-19,30.483102798461914,30.54797590898026,30.021784123520877,30.24523381000258,89434600
2010-04-20,30.843524932861328,30.89398151819456,30.5984489113809,30.757025572566345,63883700
2010-04-21,30.742603302001953,30.829099888815882,30.461484582922086,30.78585022057046,64141600
2010-04-22,30.872356414794922,30.901186783685763,30.266874673246818,30.468701003870343,72788900
2010-04-23,31.038143157958984,31.07418318183684,30.62728083646076,30.77144093197219,64724100
2010-04-26,31.038143157958984,31.283219169877007,30.98768657459447,31.232762586512493,46317300
2010-04-27,29.9280948638916,30.76423612334956,29.86322171661996,30.692156070682294,132888400
2010-04-28,30.180368423461914,30.317324330538163,29.76229929842991,30.28128156572216,68981700
2010-04-29,30.677743911743164,30.713783943247687,30.389418160350672,30.46149822335972,69912900
2010-04-30,30.31012725830078,30.771446242782055,30.281294134351192,30.663326152488153,77528000
2010-05-03,30.475910186767578,30.57682335962266,30.20200378892598,30.4110370399782,47649800
2010-05-04,29.07753562927246,29.848803703934724,28.99824592538945,29.827180239122132,159998800
2010-05-05,28.55134391784668,29.019869742431247,28.27743477829287,28.529720452771627,131994700
2010-05-06,27.383625030517578,28.659458729847948,26.36728111346781,28.335095814577908,225063100
2010-05-07,27.527782440185547,27.996310883066123,26.850220810947334,27.65032179049702,191265100
2010-05-10,29.510025024414062,29.574898176445313,29.11357920630217,29.286575194944827,187916400
2010-05-11,28.97661590576172,29.409101602246533,28.76037305751931,28.832453090374447,119869600
2010-05-12,29.33702278137207,29.387479356390543,29.120779924196164,29.221693074233112,73936600
2010-05-13,29.0631160736084,29.502811477323768,29.0414926110248,29.33702518160241,71622500
2010-05-14,28.464847564697266,28.875709902896215,28.1837287677969,28.854083687948386,113085000
2010-05-17,28.29184913635254,28.594588622552415,27.67916050970378,28.399971952668174,101708500
2010-05-18,27.700782775878906,28.68108673589052,27.607076522433797,28.572963924247908,113529000
2010-05-19,27.434083938598633,27.60707714149321,26.92951538908091,27.318754220109785,129633400
2010-05-20,26.07175064086914,26.713275185738983,25.94921400568756,26.388909460732357,174383500
2010-05-21,26.915096282958984,26.943929397271393,25.711339882348543,25.740172996660952,169452900
2010-05-24,26.633981704711914,27.12413367530174,26.59794168474916,26.93672117201178,90936400
2010-05-25,26.345661163330078,26.388910845493044,25.37977359244622,25.567186132141277,144257100
2010-05-26,26.331241607666016,27.044846158960933,26.266368466639204,26.619567289935727,128281900
2010-05-27,27.92423439025879,27.974690967461378,27.160173328841044,27.361999637651408,147181800
2010-05-28,27.462915420532227,27.816114244432256,27.33316913825691,27.765657662400464,113223700
2010-06-01,26.958349227905273,27.70078413870034,26.943932668998503,27.18179901676653,91068700
2010-06-02,27.902612686157227,27.92423890107838,27.12413769093753,27.26830054180864,103740800
2010-06-03,27.80169677734375,28.11885281828228,27.448500714656337,28.0828127965334,70470800
2010-06-04,26.81418800354004,27.47733325512801,26.734898299615907,27.20342686843435,108937200
2010-06-07,26.396108627319336,27.030423331405846,26.374485168550805,26.915093635178923,82131900
2010-06-08,27.00160789489746,27.037647932995394,26.367295525273622,26.691658617833667,108438000
2010-06-09,26.857433319091797,27.477331603777092,26.713273229360066,27.116925880092847,87947600
2010-06-10,27.794498443603516,27.830538476465737,27.37642636330263,27.41967605254425,92855100
2010-06-11,27.938650131225586,27.960276344149488,27.38362774359821,27.390834648121228,66496500
2010-06-14,27.94586753845215,28.4720597042916,27.873784724836906,28.28464988824833,83991300
2010-06-15,28.789215087890625,28.825257868601785,28.14769318659677,28.255816029374028,96494500
2010-06-16,28.789215087890625,28.91896139935209,28.436018934217387,28.4792658715858,63906600
2010-06-17,28.64505386352539,28.875713352891196,28.407184718423025,28.868503697154637,68660100
2010-06-18,28.7747859954834,28.926158459391637,28.608999725180965,28.7675790922863,64639800
2010-06-21,29.272153854370117,29.646976143836447,29.04870131170437,29.524436765704422,96721100
2010-06-22,28.709922790527344,29.35865147774348,28.637839992162707,29.214488630691804,100336600
2010-06-23,28.783933639526367,28.93630847675404,28.47918950084102,28.914539061215798,93969400
2010-06-24,28.276025772094727,28.653330003160935,28.167187001790758,28.653330003160935,82636000
2010-06-25,28.60979652404785,28.68235386554359,28.130910873674562,28.355843060927604,60657800
2010-06-28,28.413888931274414,28.660587772180747,28.319562171193557,28.588030429278678,36242500
2010-06-29,27.26019859313965,27.67378137208968,27.13685060582099,27.644757339349724,120391400
2010-06-30,27.07880973815918,27.644764687604308,27.006252404906924,27.398065879507868,84176700
2010-07-01,27.274709701538086,27.31098835731327,26.6724734977108,27.209407013989154,113344200
2010-07-02,27.39080810546875,27.543180148518143,27.158621344283617,27.35452944301192,63854500
2010-07-06,27.89871597290039,28.326810806565074,27.615738548049634,28.094624059616535,76509800
2010-07-07,28.51546859741211,28.522725991995415,27.833420204488643,27.862444247051783,68037800
2010-07-08,28.65332794189453,28.682349213054266,28.28327836378963,28.566255824761196,60958700
2010-07-09,29.001609802246094,29.030631075102455,28.631560202507607,28.67509626361945,43777100
2010-07-12,28.76942253112793,29.052400003912002,28.63881711786069,28.88551592426716,53211600
2010-07-13,29.10318946838379,29.19751621131267,28.94356002156333,29.016120119156586,52194800
2010-07-14,29.045141220092773,29.12495594303526,28.812954444924472,28.91453581307502,46615600
2010-07-15,28.907278060913086,28.972580757359328,28.55174054295367,28.914532685902937,66745400
2010-07-16,28.04383087158203,28.667830968225836,27.993040198225955,28.667830968225836,99497500
2010-07-19,28.413888931274414,28.479191647040363,28.116399396759594,28.312307544057433,46717800
2010-07-20,29.0814208984375,29.12495418622771,28.21071916013446,28.225231178692706,92255200
2010-07-21,28.783933639526367,29.22654059437556,28.646073591247518,29.20477394672232,66007400
2010-07-22,29.654624938964844,29.70541561060919,29.25555418980896,29.28457822157259,74052900
2010-07-23,29.8577880859375,29.886809347574278,29.37890267038317,29.57480794993757,65675400
2010-07-26,30.06096076965332,30.089984808841354,29.68365656386304,29.799749952730455,64865500
2010-07-27,30.010162353515625,30.264115711273266,29.857790338861044,30.227837055577034,63763700
2010-07-28,29.843286514282227,30.02468261043634,29.734447749435855,29.828774494443728,43131400
2010-07-29,29.89406967163086,30.220583116060205,29.669137572605294,30.155280427174336,49588200
2010-07-30,30.0391845703125,30.13350851584702,29.574808394651868,29.66913510807023,54277200
2010-08-02,30.81555938720703,30.902628709213403,30.52532462334067,30.60513932179811,69623700
2010-08-03,30.67044448852539,30.78653784989474,30.423745749630022,30.576117767449027,60207900
2010-08-04,30.71398162841797,30.786538943895614,30.47453750515025,30.677700202794984,55875600
2010-08-05,30.57613182067871,30.619667889158546,30.380223664347472,30.489062451604383,43650600
2010-08-06,30.532596588134766,30.612408556803018,30.184313598104378,30.372967115027937,65731600
2010-08-09,30.692214965820312,30.757517662747173,30.5906336079084,30.735751019733023,27051000
2010-08-10,30.271379470825195,30.467287574255565,30.053701955090617,30.15528608744623,68735400
2010-08-11,29.306350708007812,29.64011883622356,29.25556002623083,29.64011883622356,92778600
2010-08-12,29.357149124145508,29.444221259746907,29.00161425803832,29.030635535353493,43919400
2010-08-13,29.51677703857422,29.618358423500208,29.393426236960412,29.480498367941387,28672700
2010-08-16,29.792491912841797,29.821513180819455,29.429699768219255,29.50225708999,34651900
2010-08-17,30.10449981689453,30.271383906965152,29.973894395467962,30.089987795859916,39414300
2010-08-18,30.082731246948242,30.23510332026703,29.894080503965707,30.039197950505773,38009500
2010-08-19,29.85053825378418,30.17705174886547,29.66188754989527,30.089982406138628,56729300
2010-08-20,29.763473510742188,29.78524015781662,29.524029321383736,29.74170686366776,54134900
2010-08-23,29.495006561279297,29.93761071416546,29.480494541332813,29.836029342424872,44767900
2010-08-24,29.117700576782227,29.262817999543174,28.885513807518556,29.14672184702672,80709600
2010-08-25,28.92905616760254,29.045149588635745,28.522730577929064,28.820220142319496,89890000
2010-08-26,28.747644424438477,29.20476323265273,28.704111145102633,29.081415250689194,59948200
2010-08-27,29.378908157348633,29.386162782141792,28.711369193121122,29.02337064902893,77005500
2010-08-30,28.89276695251465,29.328116430603632,28.88551232729644,29.19751380148452,48054700
2010-08-31,29.066911697387695,29.183005089222277,28.82746751979368,28.914536871698417,72404500
2010-09-01,30.089982986450195,30.104495005165298,29.57481600966005,29.596585421674977,83435900
2010-09-02,30.14078140258789,30.198826724459042,29.93036122904878,30.031942618237245,47351900
2010-09-03,30.496307373046875,30.59788873261762,30.336680708529045,30.503564766093046,48712700
2010-09-07,30.053693771362305,30.329416519763786,30.039184524289873,30.307649881271296,45210000
2010-09-08,30.380210876464844,30.503561634626575,30.227838852751095,30.278629527322344,40612600
2010-09-09,30.554357528686523,30.721241597626566,30.401985478943615,30.69947495277319,34925400
2010-09-10,30.663196563720703,30.721244646269668,30.525336519494296,30.561615187144938,33236500
2010-09-13,31.39604377746582,31.432322451350398,31.221902267780283,31.250926314042104,63308900
2010-09-14,31.38151741027832,31.58468010547743,31.18560933938598,31.308960095674106,65151200
2010-09-15,31.425064086914062,31.44683073507942,31.17836525879479,31.265434619341278,41107300
2010-09-16,31.265424728393555,31.32347002776665,31.149331361763167,31.17835539539181,36078100
2010-09-17,31.214635848999023,31.425055953084094,31.1710997960518,31.41054393543502,40115200
2010-09-20,31.70803451538086,31.74431317686324,31.33798497176099,31.43956909894989,53864500
2010-09-21,31.61370849609375,31.795104575491983,31.42505779138877,31.722547250886496,54263300
2010-09-22,31.635478973388672,31.8604111355375,31.54115499354855,31.671760407972403,45586800
2010-09-23,31.432310104370117,31.7588235768438,31.352495392444958,31.43956749702748,62060200
2010-09-24,32.01276779174805,32.03453719559974,31.816859764383892,31.816859764383892,57929100
2010-09-27,31.954740524291992,32.08534594951026,31.903949833138785,31.991019193989274,40319500
2010-09-28,32.18692398071289,32.244969292608204,31.73706243395625,31.998270489312347,50012300
2010-09-29,32.295753479003906,32.440870881364724,32.15789346909746,32.208684144741106,58310500
2010-09-30,32.484405517578125,32.644034930010775,32.25221879106741,32.52794156675542,60498400
2010-10-01,32.96329879760742,33.01408948307368,32.72385462222242,32.83269338701283,69689800
2010-10-04,32.86172103881836,33.021347738736345,32.709348965670934,32.94153577271989,49852800
2010-10-05,33.456687927246094,33.52199061600515,33.06487179469177,33.10840784315916,76615300
2010-10-06,33.44218826293945,33.54376964566498,33.376885550060884,33.449442889754806,50339900
2010-10-07,33.144683837890625,33.521987923989386,32.97779981732684,33.514730532552264,49224000
2010-10-08,33.54376983642578,33.59456052807739,33.05037217362294,33.122932281614595,54002700
2010-10-11,33.52199935913086,33.58730206492201,33.398648573576565,33.48572069322128,32413800
2010-10-12,33.3841438293457,33.45670394486332,33.03586357851731,33.22451711097773,63619500
2010-10-13,34.000885009765625,34.10972100769962,33.761440832118225,33.7686982260447,69189600
2010-10-14,33.942832946777344,34.09520775461975,33.76869426336383,33.97185698330775,50754200
2010-10-15,33.89930725097656,34.12423666474476,33.652608420993474,34.11698203792985,83974500
2010-10-18,33.913818359375,33.95735165486249,33.58730480379377,33.638095493785855,51898000
2010-10-19,32.83993911743164,33.25352465087392,32.70933651009894,33.14468591556532,90101300
2010-10-20,33.362369537353516,33.5800442982796,33.086646697308595,33.11567073686801,62292200
2010-10-21,33.362369537353516,33.73967374797163,33.006834740347344,33.55102302660495,85422400
2010-10-22,33.398643493652344,33.52924888536959,33.289807512477545,33.500224849902565,42843800
2010-10-25,33.76142883300781,34.022639563828456,33.73966219473403,33.80496487743919,53950800
2010-10-26,33.73241424560547,33.78320492354967,33.442179427737706,33.54376078362612,36715600
2010-10-27,33.15920639038086,33.25353313385214,32.84720488864755,33.25353313385214,70436800
2010-10-28,33.369632720947266,33.492980758649004,33.19549122126131,33.46395671405381,45927000
2010-10-29,33.46394729614258,33.47120468919152,33.25352995175919,33.311575256728396,38056300
2010-11-01,33.83401107788086,34.00814983394875,33.65261492571019,33.804987029241005,47366500
2010-11-02,34.25482940673828,34.283853439021165,34.06617873266768,34.13873604549082,48355900
2010-11-03,34.46525955200195,34.487026198627426,33.91381661703927,34.334654136479365,94125200
2010-11-04,35.24888229370117,35.24888229370117,34.95139011006685,34.98767153491872,83567900
2010-11-05,35.18357849121094,35.26339042686206,35.03846110004559,35.06748513185546,53781000
2010-11-08,35.03846740722656,35.06749144426097,34.820792665237505,34.90786200845622,37106100
2010-11-09,34.59585952758789,35.27790777082625,34.479766150698715,35.21260507333331,55351100
2010-11-10,34.84980392456055,34.90785198195637,34.370918522579935,34.78450124393211,66304400
2010-11-11,34.508792877197266,34.53781414776873,34.32013939511716,34.508792877197266,48410200
2010-11-12,33.67436981201172,34.19679143344616,33.53650978097082,34.02264997033979,88808000
2010-11-15,33.659854888916016,34.0153924101387,33.63808824586228,33.841250962055575,48585300
2010-11-16,32.77463912963867,33.34785134943225,32.6658031532487,33.31157269063559,136332900
2010-11-17,32.9415283203125,33.11566700226105,32.81817755003821,32.883480247740025,80352800
2010-11-18,33.725154876708984,33.79045756850862,33.551016210499405,33.572782851804554,77989900
2010-11-19,33.746917724609375,33.77594175500985,33.36235900939664,33.56552168643221,48175100
2010-11-22,33.64533996582031,33.797714757692944,33.25352658526204,33.572782649983196,46793100
2010-11-23,32.5787467956543,32.82544564877706,32.50618668127387,32.76014292977735,86768900
2010-11-24,33.33334732055664,33.347859341129904,33.064881859663494,33.10841792138329,63287600
2010-11-26,32.50617218017578,32.832685629515744,32.50617218017578,32.66580159271623,60387100
2010-11-29,32.76013946533203,32.81818478281263,32.29576308606199,32.622276646531134,80428200
2010-11-30,32.49165725708008,32.76012538467815,32.310261220105964,32.375563904132,78842700
2010-12-01,33.4203987121582,33.49295600212981,33.195466684633125,33.304305387473725,81889600
2010-12-02,34.080692291259766,34.08794691571679,33.51473470766529,33.529246724463526,72593100
2010-12-03,34.20405197143555,34.25484266364497,33.79046903893871,33.79046903893871,44688700
2010-12-06,34.14599609375,34.19678677025406,33.97911204696748,34.00813331362389,44988700
2010-12-07,33.98637771606445,34.545078107051815,33.97912308901392,34.53056608506556,64406800
2010-12-08,33.76869583129883,34.00813722408118,33.58004235297616,33.921067878331655,48924100
2010-12-09,33.65260314941406,33.928323211351135,33.55827640828577,33.89930194075252,63131000
2010-12-10,33.80497741699219,33.80497741699219,33.551023983317684,33.674372003135346,44844200
2010-12-13,34.02263641357422,34.18952041661651,33.913800464398925,34.00812440010747,49177500
2010-12-14,34.07343292236328,34.20403829808697,33.96459695451622,34.051666282370675,53611300
2010-12-15,33.52199935913086,33.92832484593373,33.48572069322128,33.87753416008337,69038700
2010-12-16,33.6163215637207,33.65985484977755,33.391389436850794,33.551018866751015,55441400
2010-12-17,33.667110443115234,33.68161969243568,33.471202362677964,33.529247663612566,43610700
2010-12-20,33.51474380493164,33.67437326515799,33.4349318427034,33.63809459725699,48887300
2010-12-21,34.003963470458984,34.12096624393598,33.87233500160159,33.87964924407487,59666300
2010-12-22,34.1209716796875,34.15753452918017,33.960091794439826,33.989343189860605,24942400
2010-12-23,34.08440017700195,34.099025870999235,33.96008317280799,34.00396025479984,27545100
2010-12-27,33.974700927734375,34.040515140560004,33.87963812331476,33.96007523715476,29293100
2010-12-28,34.003963470458984,34.06246625198057,33.930837783123174,34.04052631412689,30330000
2010-12-29,34.439300537109375,34.46124948511553,34.249069808567214,34.25638519421372,30891500
2010-12-30,34.61488723754883,34.67341867350442,34.5124523402618,34.62952079430411,28376000
2010-12-31,34.856353759765625,34.88562088991254,34.61490691372149,34.70270551309507,34328200
2011-01-03,35.19290542602539,35.34655641155826,35.14168936120317,35.14168936120317,40116200
2011-01-04,35.3538703918457,35.3538703918457,34.93682371424886,35.30996971328484,45176300
2011-01-05,35.26607894897461,35.339243970288116,35.031947531491404,35.04658109396743,47527100
2011-01-06,34.892921447753906,35.149004541105754,34.81244106065403,35.12705280729128,43977400
2011-01-07,34.57099151611328,34.84170537717485,34.33686015664393,34.76122219903239,57124900
2011-01-10,34.21248245239258,34.27833208352287,34.0295671204825,34.24174957535414,62556500
2011-01-11,34.57830810546875,34.673424845777234,34.43929347814563,34.5856262806819,53337100
2011-01-12,35.27339553833008,35.27339553833008,35.00268160095242,35.046582289878565,67254100
2011-01-13,34.96609878540039,35.20023020883977,34.87829740831058,35.19291203188226,53294600
2011-01-14,35.06852722167969,35.075842606796016,34.834395823027045,34.84902938432614,38685900
2011-01-18,35.017311096191406,35.09047611150245,34.9368279047094,35.009992920020444,30565800
2011-01-19,34.74659729003906,35.127058720028714,34.6222134143734,35.11974333490318,64940400
2011-01-20,34.36613082885742,34.490511905348974,34.04419808298985,34.48319652070028,75797500
2011-01-21,34.00761032104492,34.43929051631544,33.97834320484147,34.38807445849231,87318900
2011-01-24,34.27102279663086,34.278338183139745,33.956408146476484,34.007624225239574,61839300
2011-01-25,34.06614303588867,34.168575146971826,33.82469352456493,34.09540735972265,63557800
2011-01-26,34.36613082885742,34.497830081063924,34.256380521663246,34.388079773869755,66604500
2011-01-27,34.24906921386719,34.497834187528404,34.20516852755053,34.44661811569226,80518400
2011-01-28,33.16621017456055,34.11005119027816,33.10767592713213,34.10273580488288,185092200
2011-01-31,33.51740646362305,33.64178754975708,33.34180651671247,33.45155683241489,97695000
2011-02-01,34.32954406738281,34.37344474660025,33.773482752626,33.810065256440794,105876000
2011-02-02,34.073455810546875,34.49050239720977,34.03687331525575,34.212470409079344,68880600
2011-02-03,34.02955627441406,34.21247154802448,33.84664100080364,34.13199117213098,56934900
2011-02-04,34.02225112915039,34.139316827844596,33.751537224245,34.080785374030704,76698100
2011-02-07,34.06614303588867,34.21247302825564,33.91249207819824,33.949077367355684,60078400
2011-02-08,34.080780029296875,34.10272897215163,33.80274799185074,33.96371155789557,74244600
2011-02-09,33.29790115356445,33.685683501110695,33.1515711412772,33.61251570390099,105680200
2011-02-10,32.983299255371094,33.14426287522388,32.7052671249826,32.815014667009464,114356000
2011-02-11,33.38570022583008,33.429598110086154,32.76378655189881,32.771104726652084,126541100
2011-02-14,33.217430114746094,33.45156154959868,33.20279655118445,33.436927986037034,79051200
2011-02-15,33.28328323364258,33.400348963303294,33.15158393889088,33.23938253836963,57068800
2011-02-16,33.56129455566406,33.61251061041678,33.30521428190051,33.35643033665322,64667700
2011-02-17,33.67835998535156,33.71494527368798,33.4222797133904,33.458862210661195,55294900
2011-02-18,33.883235931396484,33.97103450621821,33.678368868723965,33.7881191805509,50410700
2011-02-22,32.800376892089844,33.41496969479863,32.697941967238734,33.166207536216305,107176000
2011-02-23,32.82964324951172,33.056459267658994,32.456497197531604,32.895492881163094,91843500
2011-02-24,32.910125732421875,32.96865997754479,32.60282931872587,32.815008979630356,71568500
2011-02-25,33.30522155761719,33.36375300823582,33.056456612588896,33.21010481041236,62718900
2011-02-28,33.50276565551758,33.612513156415275,33.305216804622674,33.43691603855261,54078600
2011-03-01,33.15889358520508,33.75885569473003,33.093043949229575,33.72227318386957,69711700
2011-03-02,33.612518310546875,33.67105255285396,33.24668766932647,33.24668766932647,60123300
2011-03-03,34.27833557128906,34.33686982316796,33.9710391221251,34.02957058293725,61309300
2011-03-04,34.31492233276367,34.497837691059715,34.00030769320914,34.32223771902609,66742500
2011-03-07,33.8320198059082,34.39539655186617,33.700320548366605,34.35881404500825,47781500
2011-03-08,34.28565216064453,34.4832010649878,33.8759207896659,34.13200394317753,63985100
2011-03-09,34.35150146484375,34.44661822329366,34.13200361470799,34.30760077838996,47005200
2011-03-10,33.33449172973633,33.744220294770116,33.297906429801294,33.69300422414089,91093100
2011-03-11,33.67835998535156,33.78811026822956,33.12229877006492,33.12961415309283,75103800
2011-03-14,33.87592697143555,33.890560536398006,33.444246573777896,33.546678737448,59912300
2011-03-15,33.31254577636719,33.48814575692255,32.558935356756734,32.558935356756734,103041800
2011-03-16,32.632102966308594,33.78812951792046,32.376022548453925,33.30523302206078,106325500
2011-03-17,33.03450393676758,33.202785676007515,32.844270463841774,33.11498432339594,68572300
2011-03-18,33.09303283691406,33.4295962895223,33.07839927927035,33.39301379094588,81209800
2011-03-21,33.729591369628906,33.839341702387735,33.64911095548159,33.714960596923504,49424900
2011-03-22,33.8320198059082,33.86128413675472,33.678368811398755,33.81738624495176,38871500
2011-03-23,34.27833557128906,34.35150338613768,33.79543915755516,33.905189484294716,53485200
2011-03-24,34.67341995239258,34.71732062427767,34.29295583591878,34.44660679198377,53767500
2011-03-25,34.636844635009766,34.85634245780645,34.55636144873552,34.6807453159956,44773600
2011-03-28,34.46125411987305,34.68807018035256,34.439305168914935,34.60027158545311,36577100
2011-03-29,34.856353759765625,34.863671937835925,34.48320761912754,34.61490691372149,56950300
2011-03-30,35.302650451660156,35.41240074047505,35.12705054776948,35.170951221508595,70036900
2011-03-31,35.60995101928711,35.66848525788358,35.46362100492817,35.514837068167026,73140800
2011-04-01,36.1806526184082,36.26113580970323,35.851404468140565,36.027004411972115,82168900
2011-04-04,36.48794937133789,36.50258293271577,36.224550848668976,36.348934724847716,45858900
2011-04-05,36.414772033691406,36.60500268510176,36.24649032138769,36.32697348619936,69539700
2011-04-06,36.61231994628906,36.802550592957935,36.53915216598147,36.73670098621382,69303000
2011-04-07,36.57575607299805,36.80256932976243,36.36357358867852,36.63428753597803,48786300
2011-04-08,36.61231994628906,36.78791703689642,36.436720064616274,36.780601654398374,54649200
2011-04-11,36.1806526184082,36.5684322225754,36.10748481220072,36.51721615376338,52980300
2011-04-12,35.50020980834961,35.953839073708366,35.448993736022004,35.89530761579108,72883500
2011-04-13,35.79287338256836,36.18065581203107,35.60995803750356,36.114806176165075,53492200
2011-04-14,35.902626037597656,35.96847567774002,35.58069601416105,35.71971068065409,57128000
2011-04-15,35.9465217590332,35.96115532049386,35.67580505861072,35.89530568945413,54453100
2011-04-18,35.04658126831055,35.258760947601886,34.7978162871138,35.2294966135709,93596400
2011-04-19,35.55141830444336,35.56605186357083,35.30265338140841,35.33923588369407,50803200
2011-04-20,36.39282989501953,36.40746066311422,36.17332929867485,36.33429565837668,49837100
2011-04-21,36.71475601196289,36.722071395250815,36.429408615616225,36.61232389953749,30217500
2011-04-25,36.414772033691406,36.69280402365931,36.3123399297731,36.6635369108068,33470800
2011-04-26,36.729400634765625,36.75134958230752,36.334302832612074,36.5245335571305,39700000
2011-04-27,36.663551330566406,36.7074492260447,36.12212069411241,36.678184892748035,60926500
2011-04-28,36.36355972290039,36.41477578012877,36.13674376155628,36.33429260703681,45836600
2011-04-29,36.58306884765625,36.68550099385902,36.33430386784952,36.392838117717766,38277100
2011-05-02,36.59037399291992,36.89767313659202,36.465992933360035,36.75865851866052,50952000
2011-05-03,35.778236389160156,36.107481720166724,35.544105011478685,36.08553277571727,83696700
2011-05-04,35.18559646606445,35.66117748746876,35.02463006662298,35.631910361921825,82919100
2011-05-05,34.84902572631836,35.18558922767007,34.58562723271576,34.90024178995596,79810600
2011-05-06,35.302650451660156,35.74896419927757,35.03193660793341,35.3904490080726,92669900
2011-05-09,35.368507385253906,35.4563059598338,35.06852636362845,35.295342371615064,48367900
2011-05-10,35.78555679321289,35.78555679321289,35.434359677428745,35.46362680151073,54996900
2011-05-11,34.995365142822266,35.54411117778636,34.77586449598329,35.52947761525932,82957400
2011-05-12,35.097801208496094,35.16365085168728,34.49783903322838,34.710018735896,71004700
2011-05-13,34.32954406738281,35.00267386005278,34.11004625342792,34.9295088524232,83193600
2011-05-16,34.27833557128906,34.69538234719258,34.15395447264653,34.21248593345868,72402600
2011-05-17,34.388084411621094,34.41003335959357,33.94908870577173,34.08078797573987,60103700
2011-05-18,34.94414138793945,35.00267562985563,34.4758786168751,34.61489604589289,49432300
2011-05-19,34.71733093261719,34.90756165180493,34.51978203707616,34.86366375795126,37836800
2011-05-20,34.439300537109375,34.66611656708398,34.25638519421372,34.636849442364685,60130900
2011-05-23,33.722267150878906,33.80275033501331,33.48813577397858,33.60520146242874,59786200
2011-05-24,34.05883026123047,34.16126238855295,33.91981563001655,34.029563141690865,46599000
2011-05-25,34.13199996948242,34.24906566312356,33.84664972460749,33.853967900434846,43400000
2011-05-26,34.57099151611328,34.592940458855416,34.20516091805917,34.263695153459494,47128400
2011-05-27,34.93682098388672,35.02461954308077,34.76853924915402,34.805121749562716,38849400
2011-05-31,35.50751876831055,35.55873483136982,35.22948950915052,35.53678588750616,58762300
2011-06-01,34.870975494384766,35.529471743950666,34.819759429536994,35.434354998776435,55372400
2011-06-02,35.200225830078125,35.2660754591707,34.83439517757857,35.11242725497682,38988300
2011-06-03,35.024627685546875,35.20754302118008,34.77586271744306,34.7904962792217,42955600
2011-06-06,34.46125411987305,34.98805127140378,34.41735621795682,34.98805127140378,51477600
2011-06-07,34.731964111328125,35.017311582496966,34.71733054984941,34.90756126693981,58042500
2011-06-08,34.48320388793945,34.70270175815664,34.38077173457589,34.60758499100468,63855900
2011-06-09,34.75391387939453,34.856346021099995,34.36613425977626,34.46856640148172,40819000
2011-06-10,34.000301361083984,34.36613200954474,33.934451732718394,34.36613200954474,61946000
2011-06-13,33.94176483154297,34.24906400690703,33.839332703443674,34.161262647622344,37673300
2011-06-14,34.45392990112305,34.58562915524518,34.36613132873038,34.40271383463847,46392600
2011-06-15,33.71495819091797,34.18322103394738,33.634474991447284,34.007621072278,66901900
2011-06-16,33.45886993408203,33.75885094665311,33.195471427226195,33.5027706155801,66078600
2011-06-17,33.50276565551758,33.72226344837884,33.429597863853246,33.70762989004597,61268200
2011-06-20,33.451560974121094,33.502777050172334,33.26864561934758,33.34181064483026,40025300
2011-06-21,34.06614303588867,34.11004091717248,33.678360741132266,33.75152852838144,48523000
2011-06-22,33.72697448730469,34.05212679480069,33.69002613026531,33.81565110799499,40580400
2011-06-23,33.682621002197266,33.697398082554095,33.08404776455355,33.27618081794549,63556800
2011-06-24,33.62350082397461,33.91909316760055,33.55699268760765,33.904313268521506,44225900
2011-06-27,34.01515579223633,34.089055282219945,33.55699023024709,33.608718463746975,53450600
2011-06-28,34.480716705322266,34.488105245687514,33.94865159174024,34.04471953035424,45598200
2011-06-29,34.79847717285156,34.87237385171644,34.362480002002535,34.569392958006276,55289100
2011-06-30,35.17535400390625,35.19013390316318,34.87976447570036,34.9832209515213,46188400
2011-07-01,35.58917999267578,35.685247920978355,34.54722113640117,35.16057422305495,44635400
2011-07-05,35.57441711425781,35.707433442014434,35.456180691694,35.67787363162881,51374800
2011-07-06,35.33794021606445,35.485736432062474,35.182755457806785,35.41922827581228,56118500
2011-07-07,35.82565689086914,35.93650473018405,35.67786071144182,35.74436885123523,49542300
2011-07-08,35.419212341308594,35.47832910972516,35.06450327387795,35.419212341308594,50271000
2011-07-11,34.428985595703125,34.864982734324784,34.37725736052575,34.80586314042071,58197700
2011-07-12,34.08167266845703,34.43638185445829,34.05211568385712,34.17774062059634,46966300
2011-07-13,34.635894775390625,34.9314870748586,34.31074550115752,34.39203352446007,59429900
2011-07-14,34.26641845703125,34.857600455173866,34.192521764380224,34.82065210884835,53279700
2011-07-15,34.480716705322266,34.613732983717775,34.259023847655634,34.59895308400965,35171100
2011-07-18,34.08167266845703,34.23686022775223,33.845199877789526,34.16296071880737,46489100
2011-07-19,34.576786041259766,34.61373438253443,34.259025232137716,34.362481715297875,37413900
2011-07-20,34.68023681640625,34.805861719859074,34.59156024814676,34.75413348679294,29604100
2011-07-21,35.2344856262207,35.30099378608688,34.754148602856304,34.85760511398623,45701000
2011-07-22,35.212310791015625,35.30837592307749,35.04234333187663,35.24186777527728,31952700
2011-07-25,35.138404846191406,35.27881247637059,34.9093234604927,34.98322013607729,32505900
2011-07-26,35.25664520263672,35.45616963203503,35.13840881695377,35.35271314693467,29118300
2011-07-27,34.635894775390625,35.131011454152926,34.547218213141065,35.131011454152926,54477400
2011-07-28,34.665462493896484,34.931495060439126,34.53983757023898,34.79847877716781,44734300
2011-07-29,34.81325912475586,34.91671560885677,34.30336242600456,34.39943036937445,48432100
2011-08-01,34.783695220947266,35.24186080462718,34.45854590655788,35.227080905930734,48466100
2011-08-02,33.71217346191406,34.55460787818152,33.6900050253735,34.49549110774763,73705600
2011-08-03,33.59394836425781,33.719576124383764,33.00276636684248,33.69740486143323,73967200
2011-08-04,31.67259407043457,32.781060949321585,31.620865841604676,32.6923843883242,139352000
2011-08-05,31.46568489074707,31.968187342041137,30.534571023312225,31.88690212921323,154381700
2011-08-08,28.842313766479492,30.475457477375517,28.6058410047075,30.098577075254248,175336300
2011-08-09,30.534570693969727,30.5493505922274,28.679737156780686,29.559119960782105,191406700
2011-08-10,28.916213989257812,29.958173002793647,28.90882262959272,29.603463851268444,122586600
2011-08-11,30.512401580810547,30.88927911161991,29.381763350427864,29.596067641955393,121153900
2011-08-12,30.497631072998047,30.711935430509165,30.17248167534467,30.53457941971213,64752000
2011-08-15,31.207042694091797,31.28094219043302,30.963181403609614,30.970569943754963,65966400
2011-08-16,30.941009521484375,31.162702368083895,30.549352065192636,30.87450138560677,61578100
2011-08-17,31.16270637512207,31.391790610152146,30.85972545471602,31.147929293229158,45131600
2011-08-18,29.692148208618164,30.069025899859987,29.29309925155377,30.024689006171826,106805200
2011-08-19,29.32265281677246,30.105970659899096,29.270924572497655,29.27831311354639,72408800
2011-08-22,29.2930965423584,29.93600681218308,29.197028583288155,29.810381866380496,51908100
2011-08-23,30.320266723632812,30.349826520465914,29.36698723707292,29.677356646888377,73244900
2011-08-24,30.024677276611328,30.202030420035463,29.544340443464293,29.8473213142098,48121000
2011-08-25,29.44088363647461,30.135521941730424,29.278307574381337,30.017285574474595,57125600
2011-08-26,29.943389892578125,29.95816979134619,28.990107564368845,29.470444407909863,74396200
2011-08-29,30.91145133972168,30.918839879430585,30.482842743193093,30.5050111812972,46759900
2011-08-30,30.955785751342773,31.1479215962058,30.57151688059387,30.734092931019948,51881500
2011-08-31,31.59131622314453,31.724332516970744,31.340063536914787,31.517419535009058,74774800
2011-09-01,31.421350479125977,31.975584077565216,31.406570578223587,31.679991697473145,76392600
2011-09-02,30.71192741394043,31.088804962414844,30.556739887883978,30.933620255335814,69255200
2011-09-06,30.3941650390625,30.416333476340427,29.684744037418792,29.69952393526317,66073000
2011-09-07,31.295713424682617,31.317884678932167,30.741479991053218,30.911447391399342,49845600
2011-09-08,30.601093292236328,31.118378699874057,30.519805222881715,30.756278068834042,59110100
2011-09-09,29.56651496887207,30.911457814788307,29.448278575920725,30.128139949624426,76809100
2011-09-12,29.507394790649414,29.536954590234483,28.80536505488107,29.01966937340635,69385300
2011-09-13,29.55172348022461,29.58867180645164,29.115726465201824,29.359587673481503,68090600
2011-09-14,29.47044563293457,29.72169828448081,28.73885611788071,29.344817897672666,82237200
2011-09-15,29.89905548095703,29.90644684113622,29.41133001131482,29.84732723561452,62836900
2011-09-16,29.950773239135742,30.165077505647044,29.669963668166062,30.039452616367498,46199300
2011-09-19,29.06400489807129,29.21179823681252,28.761021224310944,28.894037484359842,67923900
2011-09-20,28.849699020385742,29.381761212281493,28.83491912353071,29.174848294265207,53481200
2011-09-21,27.778186798095703,28.85709414390315,27.756018357243327,28.679740979128688,105520500
2011-09-22,25.827280044555664,26.67710299988965,25.64992409532495,26.46280153574806,159906700
2011-09-23,26.514535903930664,26.55148424637063,25.960302310397704,26.15243538247222,102748900
2011-09-26,26.91358184814453,26.950533009424063,25.93074241182553,26.285451572082014,94311200
2011-09-27,27.770795822143555,28.258521210969413,27.630388191784117,27.792964261051896,112508800
2011-09-28,26.93575668334961,27.82991965301323,26.906196877994233,27.637786556159686,80061600
2011-09-29,27.30524253845215,27.74123974904746,26.8914137697417,27.65256034355231,74702700
2011-09-30,25.938127517700195,26.869241406671353,25.886399281532626,26.610597406856055,102866200
2011-10-03,25.39128303527832,26.30022558345675,25.339554803843733,25.915956707816104,107059200
2011-10-04,25.78294563293457,25.819893974389768,24.696646916489737,25.073527328674896,111600000
2011-10-05,26.381515502929688,26.41846383960919,25.4873527879898,25.686874369854575,81013800
2011-10-06,27.253515243530273,27.275683686186895,26.32240118626073,26.44063757872598,140578300
2011-10-07,26.928361892700195,27.519546648596673,26.75100872111352,27.416087343030302,76503200
2011-10-10,28.132884979248047,28.177224662645067,27.659939632253042,27.682108064463236,69649800
2011-10-11,28.147672653198242,28.288077460962423,27.711675512377738,27.770795106579964,72086900
2011-10-12,28.938386917114258,29.352215734212212,28.724082557243268,28.738862459887287,101798900
2011-10-13,28.67974281311035,28.82753618688076,28.29547383955589,28.70191125538033,57089300
2011-10-14,29.256145477294922,29.2709253787774,28.938384642866595,29.115740641678347,72966500
2011-10-17,28.265911102294922,29.012277710658964,28.23635130301894,28.94576957177681,63743000
2011-10-18,29.019672393798828,29.160077227974895,27.88164536212563,28.317642584962613,85366100
2011-10-19,28.46544075012207,28.97533469593825,28.42849240372579,28.83492985204113,52363200
2011-10-20,27.918596267700195,28.243748488857893,27.438262115774446,28.236357128025293,83654600
2011-10-21,28.71668815612793,28.746247955384657,28.354587662677037,28.369367562305403,69672700
2011-10-24,29.839927673339844,29.92860422989266,29.04183020743379,29.07138999927703,87934300
2011-10-25,29.248750686645508,29.573899992853477,29.13790285870008,29.48522342188355,76772100
2011-10-26,29.788206100463867,29.935999454736724,29.204412766562463,29.8473228783775,62940200
2011-10-27,31.598705291748047,31.938637392187353,30.83755867913295,31.10359127122545,156301800
2011-10-28,31.332679748535156,31.52481285821876,30.99274760220512,31.051867216863695,59840500
2011-10-31,30.157691955566406,30.80060199983374,30.12074080190295,30.741482409154003,69667800
2011-11-01,29.42609977722168,29.788200188875983,28.923594579281044,29.034442391965026,91614700
2011-11-02,30.327667236328125,30.401563931738227,29.869498704055133,30.253767721939788,64629600
2011-11-03,30.638029098510742,30.76365683214947,30.054235765846595,30.51240418384955,58912200
2011-11-04,30.43851089477539,30.490239143004956,29.96556530011757,30.379394104932217,50083800
2011-11-07,30.697160720825195,30.763668883752477,30.275943295278633,30.394179716151726,44450000
2011-11-08,31.059242248535156,31.096193401112327,30.371992531461782,30.74887286352249,70276800
2011-11-09,29.241369247436523,29.972958958300637,29.17486109190342,29.854722550572713,111322800
2011-11-10,29.433502197265625,29.780820024190675,29.226586390419218,29.699531973534373,48436000
2011-11-11,30.142925262451172,30.22421332575663,29.83255291337382,29.83255291337382,48885300
2011-11-14,29.729087829589844,30.00250892996317,29.559123209413038,29.9286122495307,47272600
2011-11-15,29.91383171081543,30.076407787068113,29.455666100167758,29.692138855274788,45852500
2011-11-16,29.108348846435547,29.684750900748195,29.108348846435547,29.37438143118844,64823000
2011-11-17,28.369373321533203,29.337435801384007,28.214188572397955,29.263536288239948,102951000
2011-11-18,28.4802188873291,28.790588360595528,28.317642790487852,28.783199819365453,51240500
2011-11-21,27.563880920410156,27.829913471562225,27.25351149005112,27.719065635589676,59896200
2011-11-22,27.659950256347656,27.829914879520793,27.33480091014397,27.67473015649024,46355600
2011-11-23,26.765789031982422,27.209174786719974,26.765789031982422,27.187006344676462,65700800
2011-11-25,26.677106857299805,27.142663824743202,26.677106857299805,26.77317479448156,30076300
2011-11-28,27.955537796020508,27.977706232919175,27.682113919043204,27.874249768755753,79397700
2011-11-29,27.829910278320312,28.243738956959994,27.800350482922354,27.87424997141725,52655900
2011-11-30,29.56651496887207,29.61085467334556,29.03445261008001,29.189637347270278,92375400
2011-12-01,29.477832794189453,29.81776200715114,29.418716018402716,29.58128926604932,46229200
2011-12-02,29.389156341552734,29.876881724447692,29.374376442801076,29.847321926944375,47176100
2011-12-05,29.869495391845703,29.995123142885976,29.64780251122054,29.928614996800636,59551400
2011-12-06,29.46305274963379,29.684745590947013,29.256139806938435,29.455664209813563,43432800
2011-12-07,29.581283569335938,29.677351482838404,29.197014734302968,29.389150561307897,73276600
2011-12-08,28.517166137695312,29.23397582557253,28.43587809239239,29.13790787939836,86315100
2011-12-09,29.09355926513672,29.174847285540313,28.59844542300865,28.605833961692163,51866700
2011-12-12,27.9998722076416,28.295464495524588,27.82990762875083,28.25851616428346,82239000
2011-12-13,27.74123764038086,28.4137075765584,27.652558241626405,28.25852285720458,59290300
2011-12-14,27.342191696166992,27.785577460946094,27.327411794810633,27.637784085338353,66643900
2011-12-15,27.51955223083496,27.89642991113825,27.4308728080755,27.88904136873083,82103600
2011-12-16,27.726463317871094,27.962936124161736,27.615615456619384,27.80036001272009,64381200
2011-12-19,27.0096435546875,27.549097120828637,26.957915323617605,27.512148787061168,56108700
2011-12-20,28.141427993774414,28.20111140692689,27.70125179353466,27.72363271771715,71387400
2011-12-21,28.230947494506836,28.238406852041162,27.753468924400494,28.07427537231509,47572400
2011-12-22,28.60398292541504,28.62636384788181,28.260795499603976,28.268254858427145,58644600
2011-12-23,28.715890884399414,28.723350242613346,28.469689373384153,28.589059026786302,21521600
2011-12-27,28.439849853515625,28.574141086365174,28.38016644224771,28.484614546464606,26198500
2011-12-28,27.962369918823242,28.335400471922803,27.92506743271274,28.298097985812298,39326100
2011-12-29,28.283170700073242,28.320473178636913,28.074274543319333,28.10411481857226,32240500
2011-12-30,28.305551528930664,28.454764288712443,28.24586813261596,28.260789693193807,33432400
2012-01-03,29.170989990234375,29.297821866364494,29.01431783089491,29.08146344861146,72557500
2012-01-04,29.006860733032227,29.0740063559836,28.79796165829592,28.902412618662908,46225600
2012-01-05,28.880022048950195,28.96955142247616,28.59652090410895,28.827798004058543,54383000
2012-01-06,28.514463424682617,28.85018872850391,28.499541857357542,28.85018872850391,50333100
2012-01-09,28.812875747680664,28.87256199526009,28.62636049299035,28.783035469887878,45814800
2012-01-10,29.439563751220703,29.603698067300417,29.364958796273527,29.469406871598217,59620000
2012-01-11,29.461957931518555,29.4768766509856,29.18591323941893,29.267980426475702,47747100
2012-01-12,29.581321716308594,29.655926682772098,29.379884891660687,29.61116199529577,43328400
2012-01-13,29.312742233276367,29.379887848249407,29.0516191323824,29.364966284255697,57195200
2012-01-17,29.87227439880371,30.028946480008187,29.75290478750563,29.946879338616505,70477600
2012-01-18,30.625802993774414,30.640724555056746,29.954349812050296,30.028954772465152,72674100
2012-01-19,30.894386291503906,30.94661033449245,30.69294947740657,30.78247600167309,68477400
2012-01-20,30.87200355529785,30.954070716878352,30.678026110471805,30.81977951538239,43400800
2012-01-23,31.170425415039062,31.319638173447384,30.96898861808733,31.021215502627395,62223900
2012-01-24,31.215192794799805,31.215192794799805,30.760095123011393,30.886926974721444,39864800
2012-01-25,31.565845489501953,31.647909818106672,30.879467812283785,30.97645655008577,64939200
2012-01-26,31.439006805419922,31.901563780294165,31.319637171710554,31.789656349564694,68097200
2012-01-27,31.6031436920166,31.715051131857113,31.439009365054364,31.45393092623246,51983800
2012-01-30,31.14805030822754,31.25249840479977,30.849624735737862,30.968994395534295,43104400
2012-01-31,31.416629791259766,31.744895613240796,31.20773361781701,31.53599943979804,69525300
2012-02-01,32.1104736328125,32.267145796414646,31.834428949135365,31.89411520917286,82799300
2012-02-02,32.19999313354492,32.490956472589495,32.18507157179945,32.26713873840112,71522900
2012-02-03,32.73715591430664,32.781917750732134,32.438730390152,32.62524563124947,72000800
2012-02-06,32.461116790771484,32.461116790771484,32.22983967418779,32.296985286163064,40208500
2012-02-07,32.528255462646484,32.58794170322218,32.11046316260299,32.31189995555107,47240100
2012-02-08,32.759544372558594,32.90129496385961,32.610331576137995,32.729701244075,53168200
2012-02-09,32.7446174621582,32.82668462909044,32.535721288873916,32.80430370938052,44004500
2012-02-10,32.02092742919922,32.080613657896656,31.886639106622045,32.03584898637358,62254000
2012-02-13,32.54316711425781,32.58046958026171,32.29696856183549,32.55062931505603,47447900
2012-02-14,32.27460479736328,32.416358240378756,32.06570858154784,32.319369491894086,42652500
2012-02-15,32.364139556884766,32.67002457194301,32.28953172028643,32.662562365284195,51791500
2012-02-16,32.71477508544922,32.73715885166708,32.14031059580198,32.23729648075714,52445100
2012-02-17,32.774471282958984,32.901300330706505,32.662560955889425,32.83415470366434,50694200
2012-02-21,32.64017105102539,32.88637256446029,32.587947005023516,32.86398879760444,46318500
2012-02-22,32.69984817504883,32.752072206475404,32.573016351586965,32.684926616641775,40179600
2012-02-23,32.64017105102539,32.71477601788605,32.446196429589435,32.63271169273815,36443800
2012-02-24,32.96843719482422,33.020661241309575,32.77446257159247,32.79684349265846,37876800
2012-02-27,32.64017105102539,32.759540705600685,32.364129258444464,32.50587983387855,42999300
2012-02-28,33.095272064208984,33.10273142324357,32.76700334674062,32.84907052610771,40977700
2012-02-29,33.0728874206543,33.505601345916396,32.98335804632667,33.304164522674775,72109200
2012-03-01,33.386234283447266,33.475760818724765,33.14003275393758,33.184797444574954,51045600
2012-03-02,33.30416488647461,33.38623205750622,33.14003054441139,33.27432176137274,32352400
2012-03-05,32.72970199584961,33.00574667166733,32.5879514012927,32.99828446637634,50657400
2012-03-06,31.63299560546875,31.93141837397463,31.498704363541947,31.894115883661094,103961400
2012-03-07,32.01348114013672,32.04332426666612,31.744898693366505,31.89411148001631,45233800
2012-03-08,32.684940338134766,32.744623750822484,32.3790553773669,32.50588440807671,40673600
2012-03-09,32.670013427734375,32.85652868661023,32.595405616585836,32.684934989964084,36487700
2012-03-12,32.311912536621094,32.490965636071685,32.19254285498813,32.44620378420789,31488700
2012-03-13,33.19225311279297,33.22209338801086,32.54317803336108,32.63270739700479,61336000
2012-03-14,32.670013427734375,33.102727348407925,32.58794625846948,33.02066017914303,59777900
2012-03-15,32.93113708496094,32.96098021253162,32.64763306503408,32.84906990714022,35060300
2012-03-16,32.89382553100586,33.01319516238593,32.77445589962579,32.87890397133379,36520100
2012-03-19,32.76700210571289,32.90129333122788,32.56556811343764,32.61032995794448,30002500
2012-03-20,32.19999313354492,32.282060300146604,32.006018522847505,32.19999313354492,53828200
2012-03-21,32.259681701660156,32.33428666975859,32.03586110537065,32.21491701320283,49696000
2012-03-22,31.76728630065918,31.96126095454969,31.6180734959755,31.938880029946276,73056000
2012-03-23,32.00602340698242,32.043325894040045,31.6479115624367,31.80458656167445,31693200
2012-03-26,32.56555938720703,32.580478100713556,32.15522361586588,32.214909853877856,67482700
2012-03-27,32.39397048950195,32.60286952564511,32.36413020947905,32.565567041118626,35627500
2012-03-28,31.849346160888672,32.304443870479254,31.715054940157117,32.23729826011348,55592200
2012-03-29,31.812047958374023,31.841891088330627,31.26742364365485,31.49870363182225,53897700
2012-03-30,32.04332733154297,32.12539451434977,31.804587988467237,32.117932309005084,48514500
2012-04-02,32.48350143432617,32.625252020762666,31.923955601449162,32.006022778964024,62056300
2012-04-03,32.296974182128906,32.640161482679126,32.08061585726177,32.53571342129395,58379300
2012-04-04,31.715057373046875,31.804586757733876,31.513623372494504,31.7523627063318,49766700
2012-04-05,31.88665008544922,32.714775448786085,31.707594183702568,31.72251574601454,45579600
2012-04-09,31.416629791259766,31.56584256343184,31.312181704538386,31.401708229442864,42343200
2012-04-10,30.80486488342285,31.401713220987894,30.71533549829007,31.312186681852477,81350300
2012-04-11,31.14059066772461,31.334565295888982,31.06598285227896,31.24503876335136,45581000
2012-04-12,31.938879013061523,31.946338372359325,31.289803760252706,31.297265965547947,64008500
2012-04-13,31.453935623168945,31.856809297147194,31.364409088728404,31.767282762706657,64221100
2012-04-16,31.297269821166992,31.715062297251688,31.155516363068717,31.677759804172382,62839600
2012-04-17,31.655364990234375,31.729969943663605,31.319637007809764,31.461387557723913,51806300
2012-04-18,31.50615692138672,31.59568344801097,31.32710386813821,31.379327912502106,40456400
2012-04-19,31.364412307739258,31.69267819837682,31.20027793942172,31.446479491898025,42080500
2012-04-20,31.580759048461914,31.74489051006891,31.52853216750008,31.565837489043744,43456900
2012-04-23,30.97646141052246,31.043607032459917,30.64073330083519,31.013763901377132,63093800
2012-04-24,31.043603897094727,31.24504074256222,30.983917640957394,31.058525461129058,50567200
2012-04-25,31.32709312438965,31.342011835379786,31.13311572956594,31.297250010417386,45739900
2012-04-26,31.521081924438477,31.565846615635753,31.17789449658453,31.215196982916954,35715200
2012-04-27,31.565845489501953,31.632991100903762,31.371868013897984,31.54346172170323,40038100
2012-04-30,31.498699188232422,31.573304156601726,31.38678888968135,31.565844798163642,39795800
2012-05-01,31.707584381103516,31.991088285389946,31.439002034515966,31.52106917886173,37657900
2012-05-02,31.647905349731445,31.700132236556414,31.446471389963705,31.61060286999656,35379800
2012-05-03,31.40917205810547,31.68521672201467,31.267421469663653,31.66283295310478,45671000
2012-05-04,30.857088088989258,31.28980205460996,30.804864038759124,31.23757800437983,58478500
2012-05-07,30.968996047973633,31.013760740034787,30.767562048691772,30.804864535744066,44100000
2012-05-08,30.476598739624023,30.692957169655536,30.15579219743871,30.685497809929238,66820200
2012-05-09,30.081188201904297,30.290084433057142,29.74546008326743,29.92451602853966,86829800
2012-05-10,30.2080135345459,30.394528799316873,30.15578664209271,30.394528799316873,48337700
2012-05-11,29.820056915283203,30.230389866286785,29.79021379441107,29.84989719015869,56290000
2012-05-14,29.14114761352539,29.350043810970906,29.133685408761057,29.297819761609528,63048400
2012-05-15,28.887487411499023,29.267977329595894,28.775577105354312,29.163529228392726,61529000
2012-05-16,28.477144241333008,28.909860945433337,28.439841764151122,28.73080507056506,82693600
2012-05-17,28.089200973510742,28.521914922659008,28.059357847087504,28.462231515809705,74320200
2012-05-18,27.820621490478516,28.24587612630744,27.731092101674278,28.17126830230391,75155600
2012-05-21,28.484609603881836,28.52937428906335,27.947444765691234,27.97728788914558,62509500
2012-05-22,28.186189651489258,28.656208978124802,28.00713656724545,28.454772123852425,52847900
2012-05-23,27.99220848083496,28.014589399651687,27.372976497602135,27.887760398361184,72030300
2012-05-24,27.850452423095703,28.081729461226164,27.581870066302436,28.074270105091344,57707700
2012-05-25,27.716175079345703,27.8803066102048,27.641567250775516,27.738556004917932,47685000
2012-05-29,28.499530792236328,28.618900438492943,28.253329295958824,28.462228311405546,71172100
2012-05-30,28.007137298583984,28.08920448350432,27.828081363667106,27.954913243816048,80092500
2012-05-31,28.126506805419922,28.26825740380198,27.76839778371984,28.05936118597631,66528900
2012-06-01,27.37298011779785,27.69378661125068,27.335677632837626,27.552036030002963,79955400
2012-06-04,27.49234962463379,27.596800566338555,27.283453433218575,27.417744655127546,57106800
2012-06-05,27.566959381103516,27.641564355862638,27.343141610828802,27.49981376542137,58858400
2012-06-06,28.372703552246094,28.41000888513515,27.865381761726017,27.872843966702753,55300800
2012-06-07,28.544294357299805,29.036694533640148,28.44730847047308,28.977011129900397,49633200
2012-06-08,28.298093795776367,28.34285848007912,28.014589820519273,28.11903790456219,39729500
2012-06-11,27.88776206970215,28.581599054570923,27.865378303547146,28.55175593036223,51800800
2012-06-12,28.46968650817871,28.492067426565114,28.14142070585892,28.283171265634042,54033500
2012-06-13,28.365234375,28.69350013041847,28.298088783437546,28.424917764168658,43926900
2012-06-14,28.566675186157227,28.66366106300994,28.17872314075615,28.327935903756064,46464200
2012-06-15,29.088924407958984,29.096383766942456,28.633826668039546,28.700972282880073,63027500
2012-06-18,29.148603439331055,29.223208401948447,28.827796977281846,28.902404785896135,37552500
2012-06-19,29.618629455566406,29.805144750820606,29.35004697504075,29.394811670460875,50142100
2012-06-20,29.521635055541992,29.708150315102404,29.230671705987273,29.61862378739257,58814400
2012-06-21,28.440492630004883,29.354033384155926,28.402743678525013,29.316284432676056,58815500
2012-06-22,28.531091690063477,28.682090366095885,28.372544376256535,28.666990210486624,33162400
2012-06-25,28.002593994140625,28.115843705933777,27.844046701678057,28.10829218911567,44292700
2012-06-26,28.24419403076172,28.357443755945216,27.97994851208042,28.191344927025458,35913100
2012-06-27,28.425392150878906,28.523538837656677,28.327242584041077,28.417840633397503,28255200
2012-06-28,28.289491653442383,28.31968908107068,27.972394182836457,28.168693302749617,34183500
2012-06-29,29.542776107788086,29.588073690005466,29.135080587472242,29.180381049749524,78076300
2012-07-02,29.542776107788086,29.588073690005466,29.28607924833662,29.48992700849454,38509900
2012-07-03,30.131671905517578,30.13922054358313,29.731527846656252,29.822125903744414,36099700
2012-07-05,29.814571380615234,30.003318975660743,29.648472575356067,29.8674204768232,33512700
2012-07-06,29.27097511291504,29.437073905279707,29.150176776666058,29.369124661135935,49424200
2012-07-09,29.165283203125,29.218132306599802,28.984084219739856,29.14263153016427,34530600
2012-07-10,28.840639114379883,29.45973112485101,28.73494089991803,29.43708233034071,48650000
2012-07-11,28.99163818359375,29.12753671258406,28.787790390108277,28.95388635216059,37130100
2012-07-12,28.508441925048828,28.682092286149835,28.274396697588184,28.440492660288555,45106800
2012-07-13,29.059587478637695,29.08978491173144,28.727389794063097,28.75004146895888,37182200
2012-07-16,28.99163818359375,29.059587448088905,28.750041438735497,28.893488605976216,26278800
2012-07-17,29.376680374145508,29.406880685498066,28.848186445716514,29.172832592606028,40019400
2012-07-18,29.30118179321289,29.37667968977526,28.938786705605274,28.953883980869634,47417000
2012-07-19,29.572973251342773,29.62582523018765,29.346476702255657,29.452174899825653,44699700
2012-07-20,29.13508415222168,29.286082831561117,29.02938594070215,29.21058205186127,43769200
2012-07-23,28.37255096435547,28.51599815586155,28.04790474352409,28.304601688366088,55593300
2012-07-24,28.251739501953125,28.515987871077574,28.07054341804019,28.508436354212968,46775500
2012-07-25,28.387643814086914,28.568842815139735,28.213996331444015,28.45559307947417,34494400
2012-07-26,29.029388427734375,29.074686019374802,28.712290885948857,28.833089263757504,50710800
2012-07-27,29.84477996826172,29.89762908423408,29.263436812504953,29.354037765652553,50860600
2012-07-30,29.67112159729004,29.82966888715441,29.60317234733963,29.640921290632132,41406700
2012-07-31,29.53522491455078,29.93537180223778,29.53522491455078,29.814573448233766,58788800
2012-08-01,29.58808135986328,30.539371153861403,29.550332404876833,29.852329804889717,49853100
2012-08-02,29.240774154663086,29.520119760978172,29.021826275091517,29.25587430636383,50858700
2012-08-03,30.146757125854492,30.214706355021047,29.807010980021722,29.844759911767834,60512600
2012-08-06,30.335514068603516,30.471412569064935,30.184515414750848,30.184515414750848,37181300
2012-08-07,30.418569564819336,30.63751751275622,30.373269095572287,30.380820613810304,43260000
2012-08-08,30.478961944580078,30.607311811487133,30.28266570585498,30.312866013369565,36569300
2012-08-09,30.607315063476562,30.788511167696228,30.55446595974081,30.58466339040399,34528300
2012-08-10,30.75075912475586,30.788508069331126,30.39591270961668,30.486513632669148,32246700
2012-08-13,30.478961944580078,30.645060755850437,30.305314496460998,30.554462713366537,40396800
2012-08-14,30.471416473388672,30.697913043158945,30.418567369777612,30.652612577180832,26731300
2012-08-15,30.426116943359375,30.50161772231207,30.32796737075099,30.388367993913146,18836100
2012-08-16,30.705463409423828,30.758315396070447,30.35816845755366,30.509167139254696,37695800
2012-08-17,30.55445098876953,30.592199918647516,30.380803607283802,30.56955113673247,46358100
2012-08-20,30.539371490478516,30.554471648651663,30.282674561656346,30.35817247246141,28711200
2012-08-21,30.494062423706055,30.833808686720555,30.40346438025548,30.705458818444022,27937400
2012-08-22,30.50916290283203,30.577112156159227,30.207165581364524,30.312866659920086,36551000
2012-08-23,30.22981834411621,30.47896369527266,30.139217416368407,30.433666111458766,39512000
2012-08-24,30.237363815307617,30.35816215959614,29.97311833719512,30.10146531797556,34421500
2012-08-27,29.927824020385742,30.11657165207845,29.905175226201912,30.086371339793143,23179600
2012-08-28,29.867422103881836,30.003320610122596,29.82212164178162,29.890070894902,24377800
2012-08-29,29.72397804260254,29.9127256857891,29.625831341789066,29.897625528726916,31372600
2012-08-30,29.376680374145508,29.535227688656143,29.331379907116663,29.535227688656143,36609900
2012-08-31,29.656017303466797,29.791915784393836,29.40687200847347,29.595619578643316,41552000
2012-09-04,29.489927291870117,29.6711233826006,29.391777729356143,29.6711233826006,32627400
2012-09-05,29.338924407958984,29.4219738042854,29.20302591943567,29.369124712088503,33041200
2012-09-06,29.988224029541016,30.08637072236365,29.505030563133385,29.51257920101965,47868700
2012-09-07,30.682817459106445,30.69791761668218,30.358171271379653,30.395920225288695,59898600
2012-09-10,30.29022216796875,30.60731971867209,30.267573371511578,30.509170133923366,37361500
2012-09-11,30.652618408203125,30.743219357394292,30.4336733144762,30.463870750812564,32692200
2012-09-12,30.78851318359375,30.901762916191252,30.667714812851237,30.833813652644817,44014400
2012-09-13,31.619003295898438,31.717149988339905,30.592215743739832,30.660165004693276,95670600
2012-09-14,31.98894691467285,32.343793373911005,31.8605999111545,31.943649327577067,85091000
2012-09-17,31.641653060913086,31.89080131874452,31.56615515978494,31.830400693793756,47652400
2012-09-18,31.656747817993164,31.754897376768284,31.498200524628615,31.634099027529604,37259800
2012-09-19,31.656747817993164,31.709596915781347,31.535949468754485,31.664296454794407,39322800
2012-09-20,31.4680118560791,31.490660654919555,31.113165313920582,31.29436434482688,46217400
2012-09-21,31.543506622314453,31.747354431704924,31.50575766799635,31.732254273965562,49929300
2012-09-24,31.513294219970703,31.55859179161455,31.324546657963367,31.415144681310302,29068900
2012-09-25,31.045202255249023,31.611445015371817,31.03765361900695,31.566147437800147,49642600
2012-09-26,30.901752471923828,30.9999020149981,30.697904750181593,30.947052925664114,44745200
2012-09-27,31.39250373840332,31.498201938724954,31.13580687473937,31.279254020881595,40566600
2012-09-28,31.203752517700195,31.347199647239766,31.10560296587858,31.316999342054714,55360900
2012-10-01,31.513294219970703,31.785088290011505,31.430244831877996,31.475542403521846,40299700
2012-10-02,31.55860710144043,31.724705958204318,31.400059763653424,31.68695700350179,36829800
2012-10-03,31.347206115722656,31.581254209113116,31.294357010773233,31.56615405340468,41571300
2012-10-04,31.67184829711914,31.694497087815442,31.369850980889172,31.452900386855408,44450900
2012-10-05,31.67184829711914,31.958745459531627,31.55859858351794,31.830395592112943,53557500
2012-10-08,31.39250373840332,31.437801321364045,31.23395355786091,31.279254020881595,33006200
2012-10-09,31.15846061706543,31.377408569697977,31.03011072480964,31.354756894558477,44369700
2012-10-10,30.96971321105957,31.211309960590008,30.89421242679354,31.203761322193618,51701800
2012-10-11,31.256601333618164,31.42269725053877,31.24150118116,31.30945042719194,41911800
2012-10-12,31.15846061706543,31.384957208037534,31.090511351767756,31.21885836396313,35969600
2012-10-15,31.33965301513672,31.42270242730889,31.11315645106902,31.24150632807876,35889600
2012-10-16,31.66429328918457,31.7548942021007,31.535946315976023,31.5434949520226,54306500
2012-10-17,31.913448333740234,31.981397592991183,31.649199934404244,31.75490102217473,58925200
2012-10-18,31.82284164428711,31.9738373971424,31.679391646991455,31.754892403478475,48731300
2012-10-19,31.332111358642578,31.63410876472607,31.241513288841816,31.62655724554059,49582400
2012-10-22,31.634096145629883,31.74734296769059,31.430248409849142,31.603895841056538,42518400
2012-10-23,30.984804153442383,31.135802797009017,30.818705357513128,31.135802797009017,58436700
2012-10-24,31.0150089263916,31.317003376972576,31.0150089263916,31.264154276119406,35063000
2012-10-25,31.354764938354492,31.513315184764043,31.030118685320446,31.46046318258676,41000200
2012-10-26,31.113162994384766,31.241512898387388,30.99991612856434,31.15846346874934,36208200
2012-10-31,31.067861557006836,31.27170646628025,30.969711981388297,31.203760083229323,58457500
2012-11-01,31.57370376586914,31.62655287261733,31.30945823212818,31.362307338876374,63484700
2012-11-02,31.407604217529297,31.74735052470238,31.317006162303223,31.74735052470238,53942400
2012-11-05,31.55860710144043,31.588807417226704,31.309461696355225,31.369859447867146,33477200
2012-11-06,31.807741165161133,31.905887827493643,31.6265422315192,31.641642382660972,48097800
2012-11-07,31.28680419921875,31.566152748183807,31.0905079432461,31.551052593099744,65258900
2012-11-08,30.894207000732422,31.460449823004435,30.856458055259605,31.264153578509838,73473600
2012-11-09,30.954607009887695,31.203755229225283,30.88665775734652,30.931958219060594,60594400
2012-11-12,31.067861557006836,31.188659926975678,31.007460931992252,31.08295883320016,43640500
2012-11-13,30.78851318359375,30.939511867036973,30.59221691115979,30.69791512555195,56929600
2012-11-14,30.3128719329834,30.8640146924845,30.244922667836118,30.833814379072283,65058700
2012-11-15,30.418569564819336,30.509167623253084,30.244922086129506,30.373269095572287,56282800
2012-11-16,30.50916290283203,30.531811693921128,30.139216328037328,30.38836455025701,55419900
2012-11-19,31.045202255249023,31.060302407792786,30.780956785882232,30.780956785882232,60801400
2012-11-20,30.984804153442383,30.984804153442383,30.71300717103436,30.796056568998985,49350300
2012-11-21,30.92440414428711,30.984804754910073,30.788505650445078,30.864006413723782,49863200
2012-11-23,31.430259704589844,31.468008658842162,31.27170948863314,31.29436116523301,38725400
2012-11-26,31.430259704589844,31.437808343416066,31.24151205326764,31.301909804059235,38361700
2012-11-27,31.165998458862305,31.445346941680906,31.158449823137747,31.40004648715533,39719300
2012-11-28,31.33965301513672,31.369853325028433,30.879111249558427,30.977257936616386,45433200
2012-11-29,31.5661563873291,31.671854605043016,31.392508903933326,31.513307278472144,60142000
2012-11-30,31.551054000854492,31.649200693189908,31.468004584216658,31.634103417492323,60627600
2012-12-03,31.535953521728516,31.747349940049734,31.535953521728516,31.747349940049734,47979700
2012-12-04,31.626550674438477,31.800198138836205,31.60390188170924,31.664299622340568,48560100
2012-12-05,31.966291427612305,32.147490378234345,31.860593239774293,31.951191275055503,60792500
2012-12-06,32.20789337158203,32.23054216408853,31.98894544381891,32.011597116385495,45175200
2012-12-07,32.3060417175293,32.32869050917932,32.14749441585923,32.26829277142595,33920200
2012-12-10,32.48724365234375,32.54764428101766,32.27584721210604,32.298496007828504,52020900
2012-12-11,32.653343200683594,32.70619231187523,32.48724434833241,32.51744466331637,55722500
2012-12-12,32.751487731933594,32.9553355065378,32.62313785308201,32.75903636948481,57451400
2012-12-13,32.60803985595703,32.81943916216321,32.50989316099518,32.728838225191865,55617900
2012-12-14,32.751487731933594,32.81188547252367,32.63068937069334,32.66843831856965,39422900
2012-12-17,32.83454132080078,32.84963859782311,32.63824215878482,32.67599111146159,55647600
2012-12-18,33.06392288208008,33.09430623202949,32.661353636555475,32.80567020254157,61649000
2012-12-19,33.04873275756836,33.21583829261404,33.02594669279517,33.10190507123224,50249100
2012-12-20,33.24622344970703,33.25381783920528,32.957587391001084,33.05633183957449,57106100
2012-12-21,32.86643981933594,32.88922588506239,32.63857046952344,32.684142600976344,66038300
2012-12-24,32.7980842590332,32.85125368637747,32.729723152802514,32.820870328604606,18908100
2012-12-26,32.896812438964844,33.101895656139796,32.88162076759836,33.03353458374815,25381900
2012-12-27,33.08220672607422,33.16578648847948,32.823870596117956,33.08220672607422,41600600
2012-12-28,33.20378494262695,33.317755003428076,33.04422511843372,33.0670185509034,42093300
2012-12-31,33.69765090942383,33.750837501557065,33.180978672885054,33.24176500586698,49353800
2013-01-02,34.358699798583984,34.44227958289854,34.02438066132576,34.12315703355685,101185100
2013-01-03,34.11555480957031,34.4042812391005,34.069965053009184,34.11555480957031,66217800
2013-01-04,34.1839485168457,34.19914220859031,33.887619355668114,33.95600256233168,51087000
2013-01-07,33.92560958862305,33.9559998681542,33.81923346567856,33.91800984490052,50598800
2013-01-08,33.62167739868164,33.77364036209498,33.50010760764145,33.73565034585476,48456800
2013-01-09,33.76604461669922,33.84962440139261,33.705261163210345,33.72805459596207,38511200
2013-01-10,34.0623779296875,34.13075823636406,33.83443198028637,33.97119839054579,44170700
2013-01-11,33.78883361816406,33.819223889089606,33.393731111610364,33.796430461282405,54701600
2013-01-14,33.933204650878906,33.97879441545961,33.766045079202485,33.925607806008536,63801400
2013-01-15,33.78883361816406,33.804030202852914,33.507701149098516,33.70525385160145,55408900
2013-01-16,33.75844192504883,33.77363851040223,33.51530235629896,33.53049894165237,32090000
2013-01-17,33.948402404785156,34.07756906118654,33.88001920479239,33.91041238222316,39873100
2013-01-18,34.02437973022461,34.039576317725285,33.84202647712197,33.95599653569794,51709600
2013-01-22,33.97119140625,33.97119140625,33.83442502410902,33.910407957772094,46493900
2013-01-23,33.78883361816406,33.84202021534897,33.682460423794254,33.81162704597126,32607900
2013-01-24,33.667266845703125,33.872416409644934,33.583687071676565,33.75084372127726,38920500
2013-01-25,33.55329895019531,33.659672170076426,33.37094278864706,33.598888715195585,52779500
2013-01-28,33.317745208740234,33.46211130114838,33.2113720238828,33.46211130114838,56862100
2013-01-29,33.690059661865234,33.77363943436935,33.33294714242124,33.507703531087856,46274900
2013-01-30,33.530494689941406,33.644464717961945,33.51529810651495,33.545691273367865,47812800
2013-01-31,33.59888458251953,33.636874599453876,33.46971504679975,33.568491409591054,51081600
2013-02-01,33.81922912597656,33.918005492523484,33.66726905246143,33.7888388503451,50348500
2013-02-04,33.370941162109375,33.59128733452483,33.27216769043573,33.56089415933938,48193600
2013-02-05,33.408939361572266,33.576096054610794,33.37854618158229,33.50771284885993,41440100
2013-02-06,33.370941162109375,33.370941162109375,33.14299814512392,33.24937135982028,52411700
2013-02-07,33.074607849121094,33.3253471428887,32.91504806133376,33.317747401497634,47884300
2013-02-08,33.317745208740234,33.37093180116895,33.16578517234499,33.173382014783996,36378000
2013-02-11,33.30256652832031,33.34055655453552,33.1506035250063,33.25697675779014,25661600
2013-02-12,33.39372634887695,33.53049269311836,33.18857683251484,33.30254975219993,40661300
2013-02-13,33.56089401245117,33.644473794618996,33.4849139732728,33.58369034296685,32068400
2013-02-14,33.54569625854492,33.591283117146965,33.38613355808072,33.431723315135116,28975200
2013-02-15,33.42412567138672,33.591282313013274,33.40132934417906,33.57608572769226,42285100
2013-02-19,33.492515563964844,33.598888784063995,33.45452264382698,33.45452264382698,55626600
2013-02-20,33.1961784362793,33.64446754038484,33.16578816532888,33.64446754038484,47496700
2013-02-21,32.740299224853516,32.94544881284903,32.58073940034126,32.93025222502128,78468500
2013-02-22,32.88466262817383,32.96064556769762,32.747896235483786,32.96064556769762,73001800
2013-02-25,32.44397735595703,33.180993124422905,32.36039756093077,33.15060284314775,81527900
2013-02-26,32.626312255859375,32.72508858509951,32.41356591452817,32.626312255859375,69633700
2013-02-27,32.98344421386719,33.0214342404076,32.61113499748339,32.63393133217022,45986600
2013-02-28,32.831478118896484,33.036627721048305,32.801084941143706,32.96824452033103,43961100
2013-03-01,32.90746307373047,32.937853354886954,32.59594022886467,32.725106894525865,52273200
2013-03-04,32.5959358215332,32.64152268633065,32.42117651163383,32.54274921363435,43730400
2013-03-05,32.99104690551758,33.15820653005849,32.90746999170087,32.93026343197327,49300100
2013-03-06,33.15059280395508,33.21137624655112,33.0442196055728,33.15059280395508,42439500
2013-03-07,33.24177551269531,33.27976553359069,33.112608861960474,33.158195727653805,44079200
2013-03-08,33.530494689941406,33.60647470862176,33.30255173544841,33.45451177280913,61841100
2013-03-11,33.34815216064453,33.38614218544741,33.249375777394555,33.378545339868076,44046200
2013-03-12,32.96824264526367,33.22657884456351,32.89226260365604,33.18098908052726,50934700
2013-03-13,32.6567268371582,32.91506309183275,32.633933399480675,32.90746624542471,80500000
2013-03-14,32.793479919433594,32.88465653150563,32.74789016417146,32.77068649102864,40119600
2013-03-15,32.49715042114258,32.649113357968005,32.4667572540871,32.611120449922694,61240400
2013-03-18,32.132450103759766,32.30720651555457,32.09446008353529,32.12485036064322,69344000
2013-03-19,31.90450668334961,32.17043972003451,31.699357098570097,32.15524313244498,81729400
2013-03-20,32.08686447143555,32.22363088061383,32.06407103605687,32.14765083038284,53647100
2013-03-21,31.760147094726562,31.980493312498446,31.722157067151176,31.92730669420224,50647800
2013-03-22,31.88172149658203,31.91971152960841,31.76015165182538,31.83613461633187,41763400
2013-03-25,31.851318359375,32.1400477373836,31.7221517077505,32.09446087137628,46751300
2013-03-26,32.30720520019531,32.32240178735694,32.124849052708434,32.132448795515565,55547100
2013-03-27,32.42877197265625,32.43636881630178,32.01087600929543,32.10205262530359,42991800
2013-03-28,32.49715042114258,32.50474726368047,32.26920746513041,32.33759064177925,43219200
2013-04-01,32.147647857666016,32.47436726066292,32.08686150433968,32.45917067233134,48386600
2013-04-02,32.162837982177734,32.322397779913075,32.11724822634523,32.322397779913075,39392900
2013-04-03,31.782939910888672,32.17044278677691,31.71455670944334,32.11725617436976,66774600
2013-04-04,31.691757202148438,31.82092674680781,31.509403948862232,31.75254355221231,72963600
2013-04-05,31.61577796936035,31.729748030957783,31.09150583127272,31.14469533816152,93360600
2013-04-08,31.668964385986328,31.71455414942084,31.41062819009626,31.49420797383316,46406900
2013-04-09,31.980480194091797,32.18562973699043,31.630967446243215,31.714547211696598,77324700
2013-04-10,32.28440856933594,32.51235155726621,32.17803246974629,32.208425641057616,49605200
2013-04-11,32.31480026245117,32.39838003800453,32.2084270566387,32.33759659116275,46004700
2013-04-12,31.820926666259766,31.99568307457198,31.57018732056005,31.965289899616977,109321200
2013-04-15,31.045907974243164,31.54738360370216,31.01551480919674,31.539783863214677,69582100
2013-04-16,31.684158325195312,31.76013835944861,31.4334189949449,31.676558582698473,51188300
2013-04-17,31.182682037353516,31.418221878638644,30.969932727817074,31.418221878638644,87858500
2013-04-18,31.182682037353516,31.395428448437496,31.05351250315791,31.372635018236345,47811900
2013-04-19,31.638568878173828,31.706952069058456,31.5094022389765,31.615775447363134,50232400
2013-04-22,31.790531158447266,31.790531158447266,31.516998400830065,31.744941399360236,33583200
2013-04-23,31.9425048828125,32.010888095250316,31.676568879575004,31.729755500531812,64692700
2013-04-24,32.132450103759766,32.25401990754975,31.995683712189443,32.00328055685324,51542700
2013-04-25,32.42116928100586,32.542741955893014,32.24641290853371,32.307199245977294,41501800
2013-04-26,32.094459533691406,32.29960621907956,31.988083421051456,32.25401935497228,51739700
2013-04-29,32.42877197265625,32.542744916505725,32.24641584218755,32.38318221542598,43874800
2013-04-30,32.892269134521484,32.98344578224461,32.40598981539365,32.54275623620503,80948900
2013-05-01,32.5351448059082,32.854267306000885,32.428771605361426,32.83907072042958,64532800
2013-05-02,32.793479919433594,32.808676504520975,32.58833036843234,32.6719101371868,46989800
2013-05-03,33.06700897216797,33.25696191693103,32.94543920345769,32.98342921271991,57682900
2013-05-06,33.112613677978516,33.13540711414034,32.96824751974503,33.067023907201644,31402200
2013-05-07,33.34815216064453,33.40893851909162,33.150602292597675,33.24177893181522,38932900
2013-05-08,33.606483459472656,33.6368766342397,33.462120227008214,33.48491365885716,47973100
2013-05-09,33.36334228515625,33.576088701589185,33.19618273027178,33.54569842670772,40290500
2013-05-10,33.105010986328125,33.18859077608479,32.95304799572082,33.14300100936671,44867100
2013-05-13,32.801090240478516,32.93025981756995,32.77069995626885,32.90746637979934,51315300
2013-05-14,32.95304489135742,33.097411023138086,32.88466169694887,32.93025145937214,39457200
2013-05-15,32.96064376831055,33.01383037384725,32.79348420893656,32.877063988623554,54677500
2013-05-16,32.8466682434082,33.082210976956986,32.83907139969158,32.96064118832428,34833500
2013-05-17,32.99104690551758,33.036636684516125,32.86188021270233,32.92266658470039,37786100
2013-05-20,33.074607849121094,33.11260075917225,32.89225463406474,32.98343124159292,33022100
2013-05-21,33.0062255859375,33.16578827661037,32.79347919630991,33.01382532753973,39757800
2013-05-22,32.64152908325195,33.40134122894285,32.51995925587954,33.09741810973848,95248900
2013-05-23,32.398380279541016,32.42877345241473,31.957690866682135,32.12484752058258,84326400
2013-05-24,32.117252349853516,32.14004578147006,31.93489620156323,32.117252349853516,70236100
2013-05-28,32.2920036315918,32.573133204582575,32.26161046195707,32.50475002213052,51418200
2013-05-29,31.88172149658203,32.13246093177285,31.85892805645695,32.07927430584517,71460900
2013-05-30,31.88172149658203,32.094470898746465,31.813338277753058,31.83613461633187,57619400
2013-05-31,31.304243087768555,31.668952361407694,31.25865334164429,31.62336261528343,109498200
2013-06-03,31.767736434936523,31.874109636690225,31.235867527715662,31.456213673321106,103868200
2013-06-04,31.380239486694336,31.782941874959295,31.289062845283834,31.752548695004737,61790500
2013-06-05,30.817977905273438,31.36504061234608,30.795181572741228,31.311854000525862,88096500
2013-06-06,31.076313018798828,31.10670329701076,30.688807262454883,30.77238704905663,79388500
2013-06-07,30.916751861572266,31.129501210583822,30.719202000118326,30.901555272467654,83416900
2013-06-10,30.49884796142578,30.64321407156188,30.384877920133988,30.64321407156188,94653100
2013-06-11,29.92140007019043,30.14174336723919,29.77703392216022,29.875810302635678,91969100
2013-06-12,29.71623992919922,30.179725590443805,29.64785675133605,30.164529006646212,110462700
2013-06-13,30.34688377380371,30.354483515318794,29.65545511699031,29.701044870724388,109955800
2013-06-14,29.86821174621582,30.316500956904278,29.784631959713302,30.248117758716113,101834900
2013-06-17,30.14173698425293,30.33928970336895,29.959383749556117,30.20252332812014,59802800
2013-06-18,30.270904541015625,30.29369796925269,29.98977496510035,30.06575499152538,57237000
2013-06-19,29.336345672607422,30.179737568160725,29.28315905743317,30.042971158154614,106460000
2013-06-20,28.021862030029297,28.63730777770304,27.67994611551488,28.63730777770304,151378100
2013-06-21,28.42456817626953,28.599324596891638,27.945885781594168,28.416971331222,122377400
2013-06-24,27.847110748291016,28.143436962292327,27.474801595794023,27.725540945150662,105810400
2013-06-25,28.43976402282715,28.4701571991301,28.02186799324646,28.325791060917496,81147700
2013-06-26,28.888050079345703,29.00202013037756,28.65250733635586,28.660107078829487,79737000
2013-06-27,29.467700958251953,29.51388963593238,29.229066798227652,29.236763442909474,95787800
2013-06-28,29.637060165405273,29.714038367846197,29.198277951125583,29.244466634508253,92251600
2013-07-01,29.729434967041016,29.929582994336112,29.61396766193713,29.775623651000707,64188900
2013-07-02,29.198280334472656,29.85260391822109,29.013528522391567,29.65245881361947,91594600
2013-07-03,28.92885398864746,29.182884429483106,28.75949840373672,28.790290862180576,51565400
2013-07-05,28.744098663330078,29.013525300476314,28.466972444248174,28.975036200388296,94284700
2013-07-08,28.782590866088867,29.005831781806176,28.69791307484917,28.744101761851848,63868900
2013-07-09,29.159786224365234,29.198275322120146,28.882660022081975,29.09820131873343,68925700
2013-07-10,28.882665634155273,29.21367722491891,28.851873175356214,29.02122876222054,72780900
2013-07-11,30.299089431762695,30.32218230987918,29.798722204679684,29.95268157736144,99047500
2013-07-12,29.975770950317383,30.0296562839754,29.829511178464262,29.96037472119646,48446100
2013-07-15,30.2836856842041,30.445341663956867,30.122029704451336,30.13742593155113,78940600
2013-07-16,30.406858444213867,30.43765090436776,30.13743175919384,30.36066975398302,59925000
2013-07-17,30.68398094177246,30.714773398142263,30.553114470465943,30.660888067760244,64775200
2013-07-18,30.322179794311523,30.583909825197807,30.275994041910177,30.491535383864573,63396800
2013-07-19,30.237499237060547,30.283687921772675,30.122031930075643,30.275991275919125,56381200
2013-07-22,30.5377140045166,30.59160226395073,30.199005841042634,30.314476068140277,60947300
2013-07-23,30.868730545043945,30.976504144915257,30.737867007138565,30.8302414419265,69873900
2013-07-24,30.553115844726562,30.876430778091443,30.3683669712584,30.868731195387536,73854100
2013-07-25,30.730167388916016,30.760959845986353,30.437647856338817,30.453044084873987,45387700
2013-07-26,30.660888671875,30.699377774830474,30.329877100703357,30.560814654966514,37847700
2013-07-29,30.275991439819336,30.45304366071222,30.26059521149861,30.414551621645266,50232900
2013-07-30,30.206708908081055,30.437646452395867,30.145123996780995,30.414550642393248,38655400
2013-07-31,30.029647827148438,30.391451768274315,29.83719942212907,29.96806586453764,81129000
2013-08-01,30.576210021972656,30.68398068182368,30.29138420776039,30.35296911997826,81917200
2013-08-02,30.56850814819336,30.74556035275211,30.46843707813625,30.491529950221732,46528200
2013-08-05,30.376060485839844,30.476134494960792,30.252893604048715,30.468437849580763,41164800
2013-08-06,29.991165161132812,30.252895165514094,29.921883603016287,30.252895165514094,51415100
2013-08-07,29.667858123779297,29.83721078786685,29.644762309539065,29.706347232138707,54242300
2013-08-08,30.237499237060547,30.3683657088131,29.806416592535133,29.998865040706914,75526500
2013-08-09,30.299089431762695,30.47614168256094,30.237504508077677,30.245204091803696,56199400
2013-08-12,30.58390235900879,30.699372584884472,30.422246392006695,30.422246392006695,61381800
2013-08-13,30.76866340637207,30.861037852995153,30.61470403764645,30.77636005336953,61264100
2013-08-14,30.868730545043945,30.94571168780917,30.822544795915146,30.89182635613868,48288100
2013-08-15,30.514625549316406,30.576210462421397,30.191313565106043,30.476136446890926,59751700
2013-08-16,30.252891540527344,30.591602644747358,30.214402443192313,30.53771438464244,72806300
2013-08-19,29.68324851989746,30.045049591197277,29.667852292273828,30.01426007248017,53829000
2013-08-20,29.629365921020508,29.81411479646337,29.521592317726668,29.536988546768644,53697600
2013-08-21,28.936552047729492,29.313752340756178,28.87496712783509,29.275260297556873,108745800
2013-08-22,29.406126022338867,29.467708004107457,29.236770433546816,29.25986330964372,57470900
2013-08-23,29.752538681030273,29.80642402503274,29.460016144637585,29.637068408721554,57345100
2013-08-26,29.42922019958496,29.81411714638026,29.37533486195607,29.79102426926235,42254600
2013-08-27,28.751792907714844,28.998126651543313,28.690210940022656,28.944241328613952,89367100
2013-08-28,28.813385009765625,29.09051127493362,28.613236957575143,28.70561433698487,69409900
2013-08-29,29.044326782226562,29.375338431617173,28.97504520592316,29.152097470580525,63988700
2013-08-30,29.26755714416504,29.398420665051567,29.052015845514312,29.383024438500808,104219900
2013-09-03,29.452299118041992,29.798706793286993,29.38301758299299,29.690936169106163,62694800
2013-09-04,29.975770950317383,29.98347053314307,29.560084510174182,29.62166649012744,60083400
2013-09-05,30.329877853393555,30.406856061214853,29.96037423356622,29.998866274007266,59046600
2013-09-06,30.77635955810547,30.899526463797773,30.41455548790215,30.753266680953992,75420400
2013-09-09,31.584640502929688,31.646225420029744,31.061180453701102,31.08427626587886,116120500
2013-09-10,31.823272705078125,31.892554257780873,31.677012954496778,31.769387379257104,80651200
2013-09-11,31.846364974975586,31.94643897954955,31.63852032079733,31.70010522715976,73495900
2013-09-12,31.47687339782715,31.761696330331677,31.46917675058359,31.73090680482664,58460500
2013-09-13,31.684703826904297,31.72319291883111,31.461462982587516,31.530744522667568,44927100
2013-09-16,32.038818359375,32.254362628460974,31.96184015104242,32.23126681673686,68924400
2013-09-17,31.969539642333984,32.10040613198209,31.90795765749363,32.04652079404778,46999400
2013-09-18,33.30897521972656,33.34746431911727,31.738595297733106,31.87715840476371,113370100
2013-09-19,33.131935119628906,33.232006227304474,32.93178703121553,33.20121669845952,100087700
2013-09-20,32.39292526245117,32.97796727190387,32.33903699359741,32.97796727190387,77275200
2013-09-23,32.508392333984375,32.623862580416436,32.38522544150434,32.43911077343121,61143000
2013-09-24,32.231266021728516,32.46220357756042,32.1696840438875,32.38522537112657,43438700
2013-09-25,31.984935760498047,32.25436538575535,31.94644665304148,32.231269572056874,56353100
2013-09-26,32.11579132080078,32.28514392328574,31.93873913752625,32.16967664020913,54419200
2013-09-27,31.73859214782715,31.92334391770889,31.646217731151157,31.861759015571725,69028500
2013-09-30,31.376794815063477,31.499961708817715,31.16895306778413,31.245931275181636,93884500
2013-10-01,32.00032424926758,32.015720475831685,31.569238715062518,31.59233452317365,62524700
2013-10-02,32.12349319458008,32.138889422135975,31.73859631527306,31.8463669716342,46985900
2013-10-03,32.00032424926758,32.34673200563505,31.76938672386592,32.27745045436155,51161500
2013-10-04,32.41602325439453,32.44681571673453,32.023426700886674,32.07731204171625,36780900
2013-10-07,32.138885498046875,32.27744859260155,31.961833307566955,31.99262575891906,51699900
2013-10-08,31.830974578857422,32.300549298027974,31.80018505656646,32.254363546326275,66218200
2013-10-09,32.069610595703125,32.20817371896856,31.800183931870553,32.05421436683692,67258400
2013-10-10,32.82400131225586,32.88558621481474,32.446804061936994,32.469896932131675,99094900
2013-10-11,32.970272064208984,33.00876116947197,32.63156089022156,32.68544622489583,42764200
2013-10-14,33.1627197265625,33.23969793523034,32.63925968533601,32.69314501870958,43319800
2013-10-15,32.83940505981445,33.12422795806394,32.75472726766531,33.016457290430644,54388300
2013-10-16,33.101139068603516,33.23200262747949,32.947179694931755,33.001065035237254,64749400
2013-10-17,33.30897521972656,33.339767673851156,33.01645277860307,33.070338105056074,58641300
2013-10-18,33.33977127075195,33.49372768492457,33.30127923067843,33.455238581381415,55660500
2013-10-21,33.285884857177734,33.416748392279366,33.21660329843856,33.36286306176337,44243400
2013-10-22,33.60919189453125,33.80164031420597,33.47832837868677,33.5245141200296,74992500
2013-10-23,32.82400131225586,33.08573127507151,32.80860508661614,33.04724217923711,69411000
2013-10-24,32.75471878051758,33.008752091141886,32.708533041516574,33.008752091141886,57466500
2013-10-25,32.9086799621582,32.97026486635856,32.69313867051666,32.77781644552723,45414700
2013-10-28,33.101139068603516,33.15502440890901,32.92408681666677,32.95487927870729,44569400
2013-10-29,33.20891189575195,33.270496823813666,33.17042278397888,33.216611480025165,32543300
2013-10-30,33.02415466308594,33.339769998544874,32.87789196406065,33.339769998544874,55442300
2013-10-31,32.68544387817383,33.1088298787297,32.67004764986794,33.1011332328419,68089000
2013-11-01,32.700828552246094,32.877880710410246,32.49298394835011,32.808599175778255,83621600
2013-11-04,32.90098571777344,32.916379008416726,32.75472302789154,32.76242260974326,35360700
2013-11-05,32.23896408081055,32.52378695499268,32.21586827074753,32.47759827139684,73296100
2013-11-06,32.33903503417969,32.51609018569208,32.31594216073468,32.477598147910136,61350100
2013-11-07,31.753990173339844,32.41601322619244,31.684708622773176,32.40061699978541,94546100
2013-11-08,31.684703826904297,31.70010005098092,31.36908857465727,31.56923361459438,79167700
2013-11-11,31.52305793762207,31.707806812434285,31.446076792674962,31.65392147923652,58492300
2013-11-12,31.353710174560547,31.5692515611054,31.130469203335572,31.53076244729827,81455800
2013-11-13,31.40758514404297,31.476866700617446,31.038084487822484,31.05348071556461,69898800
2013-11-14,31.915658950805664,31.923358535363317,31.34601302784571,31.43069083879327,87793800
2013-11-15,32.5237922668457,32.662355403733415,32.2389693461457,32.277458453829915,94070900
2013-11-18,32.816307067871094,33.17041147389431,32.8086074862232,32.94717059058533,80437300
2013-11-19,32.61616516113281,32.95487634031598,32.57767605527942,32.908687651373576,59573100
2013-11-20,32.16968536376953,32.69314541128162,32.11580002974892,32.646956723608035,62635400
2013-11-21,32.138885498046875,32.19277081964816,31.96952995214009,32.06960395076953,51401400
2013-11-22,32.36982727050781,32.40831637149882,32.10040062704057,32.161982601320155,49745300
2013-11-25,31.954143524169922,32.362136288358634,31.923353999906993,32.35443670489489,59685800
2013-11-26,32.061912536621094,32.16198361504586,31.8540678608823,31.94644229347834,37990900
2013-11-27,32.26976013183594,32.339041702988084,32.061918354910276,32.19278191345835,45419400
2013-11-29,32.60076904296875,32.685446838054105,32.45450926561348,32.516094184413944,41826600
2013-12-02,31.915658950805664,32.53149357151822,31.854076956999958,32.47760822573906,67975400
2013-12-03,31.807872772216797,32.03881027547576,31.584631913236937,31.80017612793769,108126900
2013-12-04,31.769390106201172,31.854067893054008,31.43837854115659,31.607734114862264,62378500
2013-12-05,31.584640502929688,31.877162986094007,31.56924427365467,31.677017878579772,56729300
2013-12-06,32.28514862060547,32.400618857012056,32.03111821165311,32.12349263886032,75512400
2013-12-09,32.331336975097656,32.51608876417144,32.30054452083035,32.37752565649862,56365100
2013-12-10,32.34673309326172,32.37752554742529,32.161981304810325,32.16968088661625,44343900
2013-12-11,31.630828857421875,32.10810021379582,31.592339752905183,32.10810021379582,74628400
2013-12-12,31.446083068847656,31.56155334104926,31.30751991681813,31.499968412800136,62076500
2013-12-13,31.52305793762207,31.600036146038757,31.392191459477196,31.54615081284099,62277400
2013-12-16,31.730899810791016,31.954137770018377,31.684711127918032,31.715503583166686,59551600
2013-12-17,31.453771591186523,31.692405762899266,31.430678719480124,31.692405762899266,53390900
2013-12-18,32.079837799072266,32.37500421199733,31.17880613710225,31.668160433754228,107981900
2013-12-19,31.489500045776367,31.613780141697088,31.240939853934925,31.52057081052435,70838100
2013-12-20,31.442899703979492,31.652622960142917,31.411828933494892,31.489505859706398,86690800
2013-12-23,31.675926208496094,31.8235108944592,31.613787627357876,31.69923076911085,56621800
2013-12-24,31.862342834472656,31.908948985252835,31.800201300099086,31.823505857024898,18409100
2013-12-26,31.59048080444336,31.77690246065157,31.574948382575073,31.73029630583159,24739900
2013-12-27,32.079837799072266,32.087606973741636,31.87011452907856,31.916720687878925,35691100
2013-12-30,32.21965026855469,32.26625642295209,32.087603942369576,32.12644092283157,39861800
2013-12-31,32.468204498291016,32.507041471575,32.23517969551597,32.29732122322725,38839400
2014-01-02,31.217647552490234,31.85458366448005,31.186579738618626,31.846817451780243,138488400
2014-01-03,31.16326904296875,31.380761475712408,31.02345353730204,31.372992301468816,83579700
2014-01-06,30.86810302734375,31.038986326475992,30.860333853750006,31.038986326475992,55735100
2014-01-07,31.000152587890625,31.1399680964762,30.906943236524196,31.031223359370053,57341500
2014-01-08,30.899169921875,31.07782238933592,30.80596058299788,31.046754585091186,63182600
2014-01-09,30.736051559448242,30.852565450501242,30.495257567372,30.79819309149553,74405200
2014-01-10,31.279781341552734,31.396292281561692,30.906940999995125,30.914707210767066,110244200
2014-01-13,30.906940460205078,31.380759311952513,30.82149732784779,31.341919369556226,62209500
2014-01-14,31.240943908691406,31.334153251961766,30.938011320759035,31.077823854128777,75830700
2014-01-15,31.233173370361328,31.310850288919205,31.163265625194978,31.217637986649756,47361900
2014-01-16,31.06229591369629,31.27201622553987,30.992388155391087,31.194342255454988,56673900
2014-01-17,30.906940460205078,31.05452216686756,30.868103480880382,31.04675595623126,61288200
2014-01-21,30.860342025756836,31.108902311289057,30.72829567041199,31.07006532225071,46683100
2014-01-22,31.272016525268555,31.279785700194722,30.976853065659377,31.11666858360985,56188400
2014-01-23,30.503028869628906,30.891404582820407,30.285539418424563,30.891404582820407,109930400
2014-01-24,29.702980041503906,30.12242361902492,29.67190926892547,30.099122021127076,127153900
2014-01-27,29.586463928222656,29.803953393972908,29.33790369220187,29.74181481650358,118532300
2014-01-28,29.772886276245117,29.904932608345163,29.671907752063326,29.78065248745673,86568700
2014-01-29,29.34566879272461,29.67190594207615,29.198087084132027,29.384508735628852,142219100
2014-01-30,29.617523193359375,29.835012574624358,29.508778502726887,29.765104850207674,84660600
2014-01-31,29.664134979248047,29.72627651368983,29.19031911295098,29.26799306793176,102329500
2014-02-03,28.825241088867188,29.454407742702966,28.778634944368925,29.407804561275753,123117200
2014-02-04,29.407812118530273,29.58646460707737,29.221390455701414,29.299067383160025,138955500
2014-02-05,29.299070358276367,29.485489076962942,29.089347077449887,29.283534971207132,86064900
2014-02-06,29.91269874572754,29.959304902097596,29.5087905761409,29.5087905761409,99403100
2014-02-07,30.083585739135742,30.231167459881295,29.920468632563516,30.14572728244242,80356700
2014-02-10,29.749568939208984,29.974827487532043,29.617522663822008,29.95152590083329,68839500
2014-02-11,30.394289016723633,30.46419677482831,29.90493470999089,29.91270092174829,93164800
2014-02-12,30.402050018310547,30.743822538505054,30.30884067783546,30.596237872758692,68705700
2014-02-13,30.433116912841797,30.456418504227024,29.959298134201266,29.959298134201266,50414900
2014-02-14,30.805950164794922,30.969067193433524,30.588460793276788,30.642833136156323,69806400
2014-02-18,30.518564224243164,30.852567574310918,30.503028840161925,30.790426037985966,69542600
2014-02-19,30.308839797973633,30.650609345175102,30.23893205387885,30.402049135742864,101924800
2014-02-20,30.417585372924805,30.487493118981636,30.0913512000406,30.277769880811142,71686300
2014-02-21,30.62729835510254,30.75157842168976,30.510784496333663,30.580692218980886,66907700
2014-02-24,30.62729835510254,30.899160074802555,30.557390632455316,30.596227597688102,58971200
2014-02-25,30.277767181396484,30.635072090244094,30.192324059047873,30.56516435041989,77028600
2014-02-26,30.301074981689453,30.51079824412988,30.17679485910311,30.448659664372634,59122600
2014-02-27,30.87586784362793,30.930240204042693,30.51079374106759,30.57293527472527,67962200
2014-02-28,30.6661434173584,30.945774381780446,30.464189366982083,30.899168233353006,88240700
2014-03-03,30.122421264648438,30.246701382176447,29.897165588740737,30.075818072495267,98832200
2014-03-04,30.635074615478516,30.751588512480122,30.503028297743413,30.70498236106518,63103000
2014-03-05,30.65837860107422,30.70498178854872,30.48749234547722,30.541864706245097,42856900
2014-03-06,31.09336280822754,31.240947495343466,30.930245698009664,30.938014872632575,86027600
2014-03-07,30.69721221923828,30.969073993328774,30.510790600525436,30.953538611513444,66565600
2014-03-10,30.487491607666016,30.503026990805367,30.231162230473807,30.49525781770001,57747100
2014-03-11,30.145729064941406,30.627314201756523,30.06805213121507,30.534104844356964,72692600
2014-03-12,30.20785903930664,30.238929803941694,29.873855727157803,29.967068021062968,56882800
2014-03-13,29.664134979248047,30.293304681649566,29.53985487343593,30.27776929803912,79967400
2014-03-14,29.827259063720703,29.99814238042737,29.7107451524041,29.7107451524041,64589800
2014-03-17,30.192333221435547,30.262240982474474,30.09135764899098,30.09135764899098,57492000
2014-03-18,30.611780166625977,30.627315554057184,30.238939757493508,30.262241357104234,68135000
2014-03-19,29.959304809570312,30.53410221740528,29.827258478203998,30.394286711798717,95953000
2014-03-20,30.09134864807129,30.15348721536782,29.64859765187892,29.757345330022552,60572300
2014-03-21,30.277767181396484,30.64284126304192,30.23893020662109,30.293302563920893,86969000
2014-03-24,30.572935104370117,30.642842847809767,30.36321187405116,30.54963351091403,54328100
2014-03-25,30.922475814819336,31.038986752681407,30.790426529556417,30.883635872460392,93531000
2014-03-26,30.992387771606445,31.29532039948704,30.97685238516744,31.194341869169513,91289900
2014-03-27,31.396289825439453,31.442895975640035,31.093357256814194,31.10889264021439,73438700
2014-03-28,31.644855499267578,31.862344957926684,31.6060155561599,31.675923305453416,67464400
2014-03-31,31.85457420349121,32.040995846714466,31.823506398846916,31.839041782704815,75256100
2014-04-01,32.22740936279297,32.22740936279297,32.03322155814702,32.1575016345976,65717300
2014-04-02,32.28955078125,32.32062154388408,32.05652598763643,32.10313213158754,44076300
2014-04-03,32.165279388427734,32.188580985166475,31.846811393020403,32.141977791688994,84659200
2014-04-04,32.079837799072266,32.72454299532017,32.03323460334386,32.50705055065709,127800700
2014-04-07,32.21965026855469,32.305093403414084,32.033231577108445,32.11090553803243,60586200
2014-04-08,32.59249496459961,32.8255198415448,32.483750219563326,32.67017189896272,107043300
2014-04-09,32.84104919433594,32.98863386097321,32.413836504585404,32.631325954697346,71617000
2014-04-10,32.49150848388672,32.949788908914186,32.45266854821158,32.833277991101994,74792500
2014-04-11,32.49150848388672,32.53811166578317,32.25848072212018,32.26624989448364,76310100
2014-04-14,32.42160415649414,32.60025661971165,32.25848411349434,32.59248744653141,44883400
2014-04-15,31.932247161865234,32.242945911269196,31.53610233030593,32.21964431990846,155302100
2014-04-16,32.33616256713867,32.36723037212238,32.00992542870177,32.08760234883986,64113100
2014-04-17,32.63132858276367,32.7400762796495,32.27402361078266,32.367232959327325,69955200
2014-04-21,32.42936706542969,32.59248412875347,32.34392394757311,32.584717919435185,29288500
2014-04-22,32.343936920166016,32.514823224418706,32.32840153222738,32.46821706060281,43060000
2014-04-23,32.11090087890625,32.20411021110518,31.92447925143715,32.18857482856015,58299300
2014-04-24,32.14197540283203,32.14974161347714,31.862344410462615,32.13420622911533,39310800
2014-04-25,31.707002639770508,31.730304241472297,31.489513122360634,31.72253802859585,72613500
2014-04-28,31.862342834472656,31.97108755655496,31.590478066195452,31.745828939057933,64020600
2014-04-29,32.165279388427734,32.28955950948738,32.0487654785904,32.06430086410683,71181600
2014-04-30,32.103126525878906,32.103126525878906,31.877867980722012,31.916704945697564,49063100
2014-05-01,32.14197540283203,32.219649361569495,31.90895056354805,32.06429848102297,31161300
2014-05-02,32.32062911987305,32.41383846655264,32.056533501721105,32.079835097623075,63037500
2014-05-05,32.14197540283203,32.17304320848406,32.00215990664732,32.0953692497466,26894600
2014-05-06,32.28955078125,32.47597239398347,32.15750448466168,32.173036902907704,41163100
2014-05-07,32.46044158935547,32.46820779957346,32.14197363513199,32.196345995872235,43226500
2014-05-08,32.38277053833008,32.654635354354184,32.38277053833008,32.55365682479826,49820300
2014-05-09,32.328392028808594,32.49151207267651,32.28178884176468,32.413835155817644,43953000
2014-05-12,32.872127532958984,32.895429132817,32.67793963261633,32.80221977031274,63396500
2014-05-13,32.996402740478516,33.13621824488039,32.8798917955248,32.92649498827758,53342400
2014-05-14,33.22941970825195,33.338164416299456,33.13621038179282,33.18281652655792,57544700
2014-05-15,32.918731689453125,33.19059354813483,32.80221777111981,33.182827336346215,56308800
2014-05-16,33.35371017456055,33.40031633382529,33.10514991795923,33.19836223648871,70419600
2014-05-19,33.35371017456055,33.40031633382529,33.276036205524626,33.30710697836779,32471500
2014-05-20,33.081844329833984,33.30710296117029,32.99640119635665,33.229426038431065,63707800
2014-05-21,33.338157653808594,33.35369303224568,33.237182138573225,33.26048372469362,50661300
2014-05-22,33.57120895385742,33.57120895385742,33.43139341276207,33.50130118330974,51415000
2014-05-23,33.50905990600586,33.625573818564575,33.49352452012657,33.52459529188515,55456100
2014-05-27,33.22166442871094,33.423618529659194,33.1129196848871,33.36924615774728,40155800
2014-05-28,33.41584777832031,33.485755527434705,33.27603228009152,33.39254618297272,45095400
2014-05-29,33.50905990600586,33.563432275047425,33.41585055380202,33.50129369460216,28979600
2014-05-30,33.050777435302734,33.33817467545055,32.98086967817791,33.29933769106387,72201700
2014-06-02,33.1517448425293,33.260489547556205,33.128443252329525,33.190581813885906,33550800
2014-06-03,33.338157653808594,33.43136992443111,33.18280979557865,33.19057600326196,38021700
2014-06-04,33.1517448425293,33.21388340408568,33.05853551865923,33.11290787117268,25656100
2014-06-05,33.50129699707031,33.555669371471765,33.322644486455246,33.45469083483814,41040500
2014-06-06,33.835289001464844,33.91296294923628,33.718775116736516,33.773147472790754,45429100
2014-06-09,33.959571838378906,34.00617502557706,33.79645179397114,33.79645179397114,38995600
2014-06-10,34.13823318481445,34.161534784475855,33.95181149830665,33.99841766070165,31573300
2014-06-11,34.02171325683594,34.08385479573034,33.928503911566004,33.936270122391974,44721500
2014-06-12,33.85859680175781,34.10715703588976,33.74985206970906,34.07608626585534,40265500
2014-06-13,33.87412643432617,33.90519719908421,33.672169426470155,33.742077165640126,27554000
2014-06-16,33.718780517578125,33.8042236516551,33.61780199884428,33.77315288234136,32040700
2014-06-17,33.72654724121094,33.742082626104036,33.58673470331642,33.67994404960333,35013500
2014-06-18,34.09939193725586,34.122693534005926,33.54789612190581,33.648874646275786,62131500
2014-06-19,33.90520095825195,34.052782662608614,33.80422244312816,33.990641126202725,48497900
2014-06-20,33.835289001464844,33.858590593182036,33.71100890718784,33.788682854959276,36744000
2014-06-23,33.7653923034668,33.82753088938708,33.64887838064207,33.81199550213898,27608300
2014-06-24,33.749847412109375,34.09161694610745,33.67993967071531,33.85859212915098,49441000
2014-06-25,33.82109069824219,33.85240723917205,33.664510980102555,33.76628824486977,35940200
2014-06-26,33.86023712158203,33.91503957858056,33.74280157857951,33.91503957858056,21873800
2014-06-27,33.93852615356445,33.96201505452838,33.758460507560905,33.86023778104464,21988900
2014-06-30,33.844581604003906,33.99333071560216,33.82109568809633,33.954186526919486,34343200
2014-07-01,34.16556930541992,34.196885851497925,34.07945029696054,34.09510856999954,42222400
2014-07-02,34.36912536621094,34.38478065342198,34.283006353998516,34.30649227132541,35955800
2014-07-03,34.57268142700195,34.59616734736911,34.26735251618606,34.29083843655321,26627100
2014-07-07,34.549190521240234,34.5726764382184,34.43175496332878,34.50221570077359,26962800
2014-07-08,34.392601013183594,34.54918071712907,34.322140295733604,34.5256918203061,29106700
2014-07-09,34.58833312988281,34.627477318559684,34.36912328408418,34.40826747276106,29892600
2014-07-10,34.40043640136719,34.41609467393889,34.001160903574096,34.08727990946342,43704000
2014-07-11,34.36129379272461,34.42392688589058,34.23603059290294,34.25951650958505,32082600
2014-07-14,34.62747573852539,34.635306367809555,34.50221254856899,34.564845636802204,23136700
2014-07-15,34.6039924621582,34.69793911516119,34.43958507277542,34.6587949252858,38034000
2014-07-16,34.69010925292969,34.81537244442495,34.64313443617769,34.77622527054326,26424000
2014-07-17,34.04030227661133,34.51004145538467,33.97767217801414,34.447408370277614,66994900
2014-07-18,34.57268142700195,34.65096981923295,34.40044338028089,34.52570659975692,51870700
2014-07-21,34.69010925292969,34.76056998480265,34.38477742380679,34.40043569605745,56034400
2014-07-22,35.0110969543457,35.09721595991212,34.99543868183271,35.07372705788757,43480300
2014-07-23,35.04240798950195,35.08938280365834,34.964119619084535,35.08938280365834,29647900
2014-07-24,35.19898986816406,35.23030641284901,35.05024076067566,35.08938494827681,31503700
2014-07-25,35.05807113647461,35.09721831363748,34.94846620804332,35.034585219385136,34409200
2014-07-28,35.3007698059082,35.316428079430914,35.04241277254897,35.105045866639806,38243200
2014-07-29,35.08938980102539,35.332088576133096,35.06590388251869,35.332088576133096,35722000
2014-07-30,34.91714859008789,35.26945226817718,34.75274120248296,35.23813572201142,54177600
2014-07-31,34.30648422241211,34.56484119843422,34.18122104854038,34.49438047647452,88181200
2014-08-01,34.4943733215332,34.58831993582286,34.17338631841027,34.408254347388926,108800800
2014-08-04,34.815364837646484,34.8936531952846,34.510036061744664,34.65095450819139,43918900
2014-08-05,34.282997131347656,34.55700938148248,34.17339223129373,34.46306275093762,67276000
2014-08-06,34.04813003540039,34.23602330186327,34.00898286725347,34.0951018587613,63560700
2014-08-07,33.915035247802734,34.149903317306396,33.77411380879863,34.12641740630889,77763500
2014-08-08,34.220375061035156,34.27517752869052,33.92287680419476,34.06379530208676,53612400
2014-08-11,34.658790588378906,34.690107130964634,34.361289406834274,34.38477532051863,49923100
2014-08-12,34.697940826416016,34.70577145668344,34.478730963094506,34.51787515490044,36823500
2014-08-13,34.88583755493164,35.05807259828662,34.791887909635726,34.971953583353915,49491900
2014-08-14,34.94063186645508,35.00326196219102,34.86234051364797,34.90931532533224,33152100
2014-08-15,34.846683502197266,35.0972128537226,34.66661786399925,35.018921498086605,66006100
2014-08-18,35.18333053588867,35.18333053588867,34.948462430847336,35.026753790201106,38360500
2014-08-19,35.347740173339844,35.36339545837998,35.19898808686918,35.214646358419245,33591600
2014-08-20,35.27727508544922,35.33990517740043,35.12069537580685,35.18332546775806,30889600
2014-08-21,35.1285285949707,35.26162241457734,35.08155676517663,35.198989326171855,35476300
2014-08-22,35.034584045410156,35.22248033536064,34.90149320434914,35.16767488647117,45995800
2014-08-25,35.292938232421875,35.30859351769101,35.081556043168845,35.128527871996205,31989900
2014-08-26,35.50431823730469,35.527807138759016,35.34774148899603,35.36339677461886,45918400
2014-08-27,35.68438720703125,35.68438720703125,35.49649092619101,35.57477930107691,34239100
2014-08-28,35.332088470458984,35.37123266335657,35.18333635633347,35.222483535741546,38157700
2014-08-29,35.27727508544922,35.4181965254764,35.23030027660364,35.36339108856844,39791500
2014-09-02,35.222476959228516,35.27727941635487,35.136357959027116,35.26944878733115,48129000
2014-09-03,35.68438720703125,35.84879458619767,35.621754117914485,35.81747804163929,51700200
2014-09-04,35.590450286865234,35.88012394774151,35.496503606140806,35.80183255837854,41676700
2014-09-05,35.89576721191406,35.89576721191406,35.55912181672711,35.65307145248402,53035700
2014-09-08,35.47300720214844,35.79399433742367,35.402546465794835,35.7626777909309,50222700
2014-09-09,35.034584045410156,35.339912903383265,34.88583493131075,35.26162452470152,85940600
2014-09-10,34.88583755493164,34.94846766528515,34.627480510133516,34.70577188121345,57439600
2014-09-11,34.65097427368164,34.70577973910156,34.596171794772836,34.64314662805657,70622500
2014-09-12,34.282997131347656,34.44740448142855,34.165561603284424,34.43957683992878,85785600
2014-09-15,34.11076736450195,34.220372290940304,34.008990081447664,34.1812281009995,68507800
2014-09-16,34.557010650634766,34.79187872887753,34.05595795398096,34.07944386585234,97318600
2014-09-17,34.23602294921875,34.65878727417003,34.22819530757577,34.60398482314037,76121700
2014-09-18,34.282997131347656,34.408260300910655,34.23602232282046,34.345627222874384,50513900
2014-09-19,34.0246467590332,34.42392524263064,33.93852775329611,34.38477806801551,88033100
2014-09-22,33.507930755615234,33.766287734617976,33.35918166821072,33.72714355230202,83094000
2014-09-23,33.32004165649414,33.58622631067398,33.27306683992944,33.42964657530171,82990700
2014-09-24,33.797603607177734,33.868064334784144,33.39832814174803,33.56273551065968,55218900
2014-09-25,33.06167984008789,33.296547915756385,32.97556084882387,33.28088964584387,68810700
2014-09-26,33.21043014526367,33.327865680669504,33.04602278490329,33.09299759636757,54551800
2014-09-29,32.53714370727539,32.70155107407289,32.38056398277356,32.388391625069225,74208400
2014-09-30,32.53714370727539,32.59977380517022,32.38056398277356,32.45102470947389,87704500
2014-10-01,31.871686935424805,32.39622866838973,31.863859291579256,32.36491211998666,109933300
2014-10-02,32.04392623901367,32.270966744196116,31.605503503472804,31.989123770384882,92880600
2014-10-03,32.317935943603516,32.40405495484927,32.012607075739695,32.16135918116793,61010900
2014-10-06,32.740699768066406,33.006884440429154,32.73287212469261,32.97556789391348,84259600
2014-10-07,32.4510383605957,32.77985323251267,32.4510383605957,32.693734198483625,41767500
2014-10-08,32.93642044067383,32.99905352749948,32.145697131814735,32.51365606413057,90901600
2014-10-09,32.41971206665039,32.84247647770165,32.310107142269,32.80333228849547,82942800
2014-10-10,31.71509552001953,32.177003986359914,31.683781969639167,32.067399093755306,104177200
2014-10-13,32.03607940673828,32.49016018746087,32.020424126342164,32.25529215690152,89761000
2014-10-14,32.22398376464844,32.427535312825825,31.97345740388713,32.14569539685171,71636700
2014-10-15,31.816879272460938,31.949973088181135,31.143588524312747,31.785562729172664,122284500
2014-10-16,31.527210235595703,31.879513898324753,31.065301652575418,31.080959924975605,101076200
2014-10-17,31.87950897216797,32.09871877887722,31.691612718910307,31.871678343922852,73616400
2014-10-20,31.973459243774414,32.012603429925306,31.777735326510005,31.848196056185593,50853900
2014-10-21,32.10654830932617,32.23181149003019,31.887338489721593,31.91082440281928,49877200
2014-10-22,31.895172119140625,32.13004023174344,31.785564212516565,32.06740714224398,50711600
2014-10-23,31.887338638305664,32.07523490349213,31.84819445412385,31.973457635411553,43661600
2014-10-24,32.1143798828125,32.27095960992643,31.895170056758932,31.918655970547558,43721100
2014-10-27,31.863853454589844,31.910825282079468,31.535035729613035,31.605496457357358,44793200
2014-10-28,32.50584030151367,32.59978697957709,32.23965555824145,32.24748320370047,73890500
2014-10-29,32.552799224853516,32.897272200411955,32.34924470426612,32.81115320989495,75308700
2014-10-30,32.858123779296875,32.991214575460674,32.61542510883976,32.61542510883976,54208200
2014-10-31,32.999046325683594,33.139967753776205,32.88161080676998,33.00687396657349,108786100
2014-11-03,32.725032806396484,32.91292904909432,32.6467444474029,32.889440152188676,59606600
2014-11-04,32.75635528564453,32.78767182952566,32.529314822271395,32.764182928359816,41428100
2014-11-05,32.46669006347656,32.52932017503471,32.278793755781116,32.490175981997055,48726600
2014-11-06,32.067413330078125,32.419717060219085,32.05175505468179,32.37274223403007,52054400
2014-11-07,32.270965576171875,32.31793741243327,32.106555189725675,32.16136064288137,42327500
2014-11-10,32.3570671081543,32.63890693297023,32.33357821620468,32.61542102752944,45891600
2014-11-11,32.32576370239258,32.380566161679425,32.20832815448644,32.2553029709509,28395000
2014-11-12,32.26313781738281,32.49017833455553,32.231821266080914,32.341429195637566,25122300
2014-11-13,32.177005767822266,32.419704462390314,32.09088976637183,32.40404619307855,30709800
2014-11-14,32.443199157714844,32.45885743126638,32.098726099111985,32.122212016184136,47386400
2014-11-17,32.09872817993164,32.169188922226056,32.036095081665266,32.169188922226056,38237800
2014-11-18,32.270965576171875,32.29445149430257,32.13787173824023,32.14570236862409,23114500
2014-11-19,32.25529861450195,32.38056178831225,32.028258178686535,32.16917962253682,49215300
2014-11-20,32.200504302978516,32.349253426198096,32.17701539872566,32.231817864465,28926200
2014-11-21,33.22608947753906,33.24174774852754,32.86595820433361,33.03036556994786,111455200
2014-11-24,32.95207214355469,33.06167703714045,32.92075560638465,33.04601876855543,38061300
2014-11-25,32.740699768066406,33.03820098694483,32.71721385143478,33.006884440429154,43794300
2014-11-26,33.15563201904297,33.179120921095574,32.99905526674623,33.03036882529951,30953300
2014-11-28,32.49017333984375,32.78767455845555,32.47451506659995,32.77984392857852,49144700
2014-12-01,31.93431282043457,32.14569499465274,31.895168637025964,32.13786436606517,75105900
2014-12-02,31.926488876342773,32.05958271160979,31.89517531496558,32.028266163722215,47273300
2014-12-03,32.01259994506836,32.1456937473049,31.973455763178666,32.00477230329428,37508300
2014-12-04,32.067413330078125,32.17701827134184,31.996952584049936,32.161362982456154,31459900
2014-12-05,32.00477600097656,32.09872264566791,31.84036563962921,31.91082636977522,32496300
2014-12-08,31.5350284576416,31.80121303590362,31.488056640983668,31.79338539529703,43437900
2014-12-09,31.2375431060791,31.261029024013418,31.05747444688128,31.15925173544735,54564100
2014-12-10,30.775632858276367,31.159250101468754,30.74431631166589,31.151422458071266,55591700
2014-12-11,30.517269134521484,30.806939660853285,30.47029432490973,30.642532306976555,65853700
2014-12-12,30.016220092773438,30.462470385537262,30.008392450141603,30.454642742905428,79274600
2014-12-15,29.585628509521484,30.10233953965677,29.429048775978362,30.078850638393792,93921700
2014-12-16,29.538660049438477,30.00056872020062,29.147212124606515,29.25681706571776,117074100
2014-12-17,30.21765899658203,30.614737309360944,29.629984790170816,29.661748752798125,119530800
2014-12-18,30.6306209564209,30.868867339369412,30.424141565723424,30.678271444797453,70091400
2014-12-19,30.845041275024414,30.98798969986612,30.678269122531393,30.686209355259535,61239600
2014-12-22,31.273883819580078,31.32947453222511,31.154759132788364,31.218293106935047,47398500
2014-12-23,30.987995147705078,31.043585874975868,30.8132797023012,31.019762143136223,52339300
2014-12-24,31.05946159362793,31.099168813238194,30.908569917855598,31.043578099890492,21433900
2014-12-26,31.305654525756836,31.472429729110345,31.281830795049455,31.34536478289218,28723000
2014-12-29,31.115049362182617,31.377119410380832,31.115049362182617,31.313588470910446,38964300
2014-12-30,31.1785888671875,31.242122853578635,31.067407420470225,31.075350683502727,32332700
2014-12-31,31.20240592956543,31.361237816713423,31.138871962919723,31.345354325051996,34940700
2015-01-02,30.789451599121094,31.138879410851317,30.71003412181855,31.122995915390806,65010000
2015-01-05,30.24148178100586,30.590909559720828,30.19383129912653,30.590909559720828,83166600
2015-01-06,30.11441421508789,30.384427556929506,29.95558533238897,30.249422400742073,52066100
2015-01-07,30.765621185302734,30.789444908583114,30.527371834633605,30.63061301795914,64948700
2015-01-08,31.289764404296875,31.43271280337124,31.178579959876327,31.218290204759697,55081600
2015-01-09,31.186527252197266,31.40094987852774,31.09122931698375,31.385066384414362,38550100
2015-01-12,30.93239974975586,31.1309388970207,30.892692526196285,31.091231673461127,55381800
2015-01-13,31.20240592956543,31.488302720538563,30.94827612191515,31.32947083339057,55565600
2015-01-14,31.02770233154297,31.09917655642402,30.78151266151547,30.86093014997632,83761000
2015-01-15,31.09916877746582,31.551837745328797,31.051518296308313,31.44065631876128,57441600
2015-01-16,31.361248016357422,31.400955243691865,31.027700641920124,31.07535113240181,72675200
2015-01-20,31.3135929107666,31.337416637762587,31.146820762861054,31.297709416280338,57716900
2015-01-21,32.0045166015625,32.03628359881582,31.559790757886397,31.575671227045458,74714900
2015-01-22,32.616004943847656,32.647771928709915,32.02038761027927,32.17127624417535,95318400
2015-01-23,32.36981201171875,32.528643890157035,32.35393155039442,32.417462484090066,52368100
2015-01-26,32.38570022583008,32.48894141629218,32.2189280924066,32.26657857172754,47266100
2015-01-27,32.21098709106445,32.290401525235595,31.996564483442594,32.00450471507312,42525200
2015-01-28,31.86155891418457,32.16333924174047,31.774201211776276,32.13157225368896,56698000
2015-01-29,31.86155891418457,31.885385669956563,31.543898122069635,31.821851693853542,53124400
2015-01-30,30.987995147705078,31.40889723403177,30.987995147705078,31.210358056788245,103745400
2015-02-02,31.543895721435547,31.663017373362923,31.321529851464753,31.393004054407776,50443600
2015-02-03,32.13951110839844,32.17921832328473,31.853614314071056,31.893321528957344,48552700
2015-02-04,31.980682373046875,32.274519427540675,31.933031892804664,32.0998040294525,34900700
2015-02-05,32.17127227783203,32.19509902827437,31.877435277748905,31.885378537718367,32092400
2015-02-06,31.62331199645996,31.861558343646617,31.535954295615966,31.694786203562625,64292000
2015-02-09,31.57567024230957,31.67891146542933,31.512139279251837,31.520079513583738,35632500
2015-02-10,31.496248245239258,31.543898728232197,31.369183320058198,31.472424518476178,46949400
2015-02-11,31.265945434570312,31.361246410654253,31.051522782582097,31.24212170528288,44240300
2015-02-12,31.933040618896484,31.980691112159775,31.583612756701324,31.60743648859925,55855400
2015-02-13,32.29834747314453,32.31423096868318,32.10775158561485,32.10775158561485,44640000
2015-02-17,32.226871490478516,32.24275195418635,31.956858165446878,32.20304473598364,30152800
2015-02-18,32.21894454956055,32.27453528909697,31.98069809019473,32.06805583217142,36036700
2015-02-19,32.08393478393555,32.25070697889675,31.925102823724448,31.956869821660202,38785800
2015-02-20,32.29834747314453,32.34599795976046,31.8933289400437,31.964803155234083,32542700
2015-02-23,31.97274398803711,32.131575916936,31.901269771505962,32.099808925262806,34091700
2015-02-24,32.433353424072266,32.52865136123653,31.97274117375586,32.14745658311268,64630500
2015-02-25,32.36981201171875,32.45716969633311,32.29833781789483,32.33804805960398,28592500
2015-02-26,32.377769470214844,32.45718392952593,32.322178742803594,32.40953646572625,25889800
2015-02-27,32.35393524169922,32.560414586600224,32.31422499545947,32.31422499545947,43207600
2015-03-02,32.30629348754883,32.33011721815263,32.18716877559529,32.274526493765585,36669900
2015-03-03,32.06010055541992,32.15540152703595,32.04421706015059,32.11569127412913,40406100
2015-03-04,31.71068000793457,31.821861470807544,31.575671781969064,31.80597797190174,51564400
2015-03-05,31.663022994995117,31.821854921898034,31.559784817555197,31.766264201902068,33714000
2015-03-06,31.1785888671875,31.464485747013185,31.10711464723108,31.400954790089262,72516900
2015-03-09,31.05946159362793,31.186526514060773,31.059461593627933,31.16270278818795,34915600
2015-03-10,30.36855125427246,30.614737873875956,30.352667757932373,30.5909141440994,84229600
2015-03-11,30.59885597229004,30.654446697644058,30.463850790563804,30.551208510253637,47978700
2015-03-12,30.789451599121094,31.035641234558497,30.741801112739566,31.00387424363748,46829700
2015-03-13,30.416196823120117,30.551205018885042,30.233541170763907,30.551205018885042,69885200
2015-03-16,30.78150177001953,30.81326875416368,30.654436862909293,30.717970831197587,50569900
2015-03-17,31.13887596130371,31.154759455004655,30.781504926699107,30.813271914100994,53697700
2015-03-18,31.901269912719727,32.00451112138107,31.003875114982673,31.067406069143214,101688200
2015-03-19,31.361248016357422,31.61537790665857,31.265947035394046,31.607434643511326,64499900
2015-03-20,31.829797744750977,31.9012689299296,31.639198829207018,31.663022557599895,67345300
2015-03-23,31.925094604492188,31.980685321833892,31.766262685172947,31.893327614734964,35502700
2015-03-24,32.052154541015625,32.06803803341993,31.925089631247598,31.964796847525154,45280300
2015-03-25,31.543895721435547,32.07597909820412,31.520068967476874,32.04421211257022,49779900
2015-03-26,31.250062942504883,31.424778374804635,31.12299799977794,31.3930113817561,76980100
2015-03-27,31.337427139282227,31.369194138900227,31.194478670469053,31.258012669705053,42212000
2015-03-30,31.94097900390625,32.004509955752944,31.686849137585522,31.70272960344697,51535700
2015-03-31,31.8695011138916,31.91714856491431,31.64713523440801,31.742436195386674,47508800
2015-04-01,32.266578674316406,32.30628589247683,32.05215606089025,32.123630265365634,56392700
2015-04-02,32.75102615356445,32.83044061787003,32.48101273367082,32.54454369922176,62389200
2015-04-06,33.17192459106445,33.35458026229811,33.02897614758294,33.06074314157156,54678400
2015-04-07,33.005149841308594,33.195745731432844,32.997206578697636,33.10044778637072,33279500
2015-04-08,33.696067810058594,33.82313275630465,33.513412139171585,33.76754203166371,65023100
2015-04-09,34.02960968017578,34.04549317598345,33.7754798061871,33.894604510011135,52128800
2015-04-10,34.053443908691406,34.061384143603505,33.85490471174387,33.87872844594791,49899000
2015-04-13,33.854896545410156,34.236091348063105,33.83901304994958,34.11696664684225,55031100
2015-04-14,34.00577926635742,34.077253468708065,33.783416427696075,33.93430506400678,42601100
2015-04-15,34.24403762817383,34.25992112643926,33.9343169856668,33.99785097872851,40254700
2015-04-16,34.51404571533203,34.71258486882032,34.28373957021352,34.33933332029994,55057700
2015-04-17,33.91048812866211,33.96607884945683,33.71194897454754,33.79136342440654,76688000
2015-04-20,33.87871551513672,33.98195670639535,33.846948528677665,33.87077528325524,28811300
2015-04-21,34.0772590637207,34.236090987185285,34.06137556842755,34.164616773099574,33309100
2015-04-22,34.44257736206055,34.47434435909847,34.22021444173026,34.307572168850754,29271900
2015-04-23,34.69670104980469,34.776118528140465,34.339333000428304,34.35521346662843,32056500
2015-04-24,34.823760986328125,34.863471234528674,34.76817027420728,34.83964447971503,44030100
2015-04-27,34.95877456665039,35.03818901638813,34.8873003500996,34.95877456665039,41819300
2015-04-28,35.01436996459961,35.093784424945575,34.86348127815528,34.97466273442662,32442100
2015-04-29,34.57757568359375,34.76023132005774,34.48227471976902,34.664933385699726,45752900
2015-04-30,34.053443908691406,34.307573838426826,34.04550064431157,34.299630574046994,98330200
2015-05-01,34.259910583496094,34.35520851429471,34.045487967099255,34.220203364785554,44928900
2015-05-04,34.45845413208008,34.51404485130777,34.25991498356201,34.275798478979496,31314300
2015-05-05,34.085201263427734,34.347274406686566,34.07726103005647,34.299623918057556,38738700
2015-05-06,33.6642951965332,34.16461466425043,33.600764248749066,34.13284767562497,52439700
2015-05-07,33.61665344238281,33.62459367615197,33.40223077700822,33.46576173556331,44347000
2015-05-08,34.045494079589844,34.204326012415116,33.902545642993815,34.00578685375031,56822800
2015-05-11,33.71989059448242,34.06137819596058,33.68812360144557,34.00578747287969,34705400
2015-05-12,33.60870361328125,33.696061315011995,33.43398820981976,33.45781496540695,38432500
2015-05-13,33.6722412109375,33.981961801686666,33.648414452787314,33.918427819242204,41156700
2015-05-14,34.00577926635742,34.06136997602276,33.85489063004672,33.90253807863617,37071400
2015-05-15,34.267860412597656,34.27580064607493,33.90254605383243,33.981963535941034,40940700
2015-05-18,33.918418884277344,34.093134260508144,33.90253539285034,34.07725076908115,35675300
2015-05-19,33.97401428222656,34.02166476308933,33.91048333720951,33.99784103739127,32065300
2015-05-20,33.950191497802734,34.04548943270378,33.78341935435923,33.90254101561885,37659200
2015-05-21,33.8310661315918,33.85489288694137,33.65635375933939,33.704001211105194,27575700
2015-05-22,33.9422492980957,34.04548745930999,33.87077509369613,34.00578024119168,37907000
2015-05-26,33.4022331237793,33.73577749592904,33.29899190072306,33.727837261602026,51008600
2015-05-27,33.41015625,33.433979970249304,33.08455227890703,33.14014297913271,35464700
2015-05-28,32.973384857177734,33.01309208424869,32.782785925983006,32.90191063666312,42689100
2015-05-29,32.65571975708008,32.94955989121402,32.61601253149815,32.91779289896163,59462200
2015-06-01,32.528648376464844,32.68748027680901,32.4571741727833,32.671596783827944,52509700
2015-06-02,32.65571975708008,32.79866819274872,32.44924036637377,32.49688782528524,42331700
2015-06-03,32.48894119262695,32.60806587537594,32.40952675710531,32.512764917390136,39291400
2015-06-04,31.99656867980957,32.30628925495011,31.980685184998915,32.20304805341431,46637300
2015-06-05,31.853622436523438,32.012454366035946,31.694790507010932,31.750381227920247,51982800
2015-06-08,31.84567642211914,31.940977389272124,31.81391246253496,31.90126713822497,34008200
2015-06-09,31.65508460998535,31.74244232635539,31.615377383308207,31.718615566775338,33384100
2015-06-10,32.11568832397461,32.15539857323364,31.940975950994936,31.956859444805215,64828100
2015-06-11,31.95685386657715,32.04420852308545,31.869496180602688,32.03626829229966,33808000
2015-06-12,31.95685386657715,31.996561079438404,31.861552920350746,31.964794097362937,40975900
2015-06-15,31.599491119384766,31.639198342584507,31.504190148345053,31.575664361891366,34097000
2015-06-16,31.607431411743164,31.655081897352726,31.424775761106925,31.488309741919675,33605900
2015-06-17,31.798023223876953,31.980678833724244,31.432712004182367,31.61536761402966,70505900
2015-06-18,32.09186935424805,32.21099406074695,31.988628143913473,32.044218865755056,60019000
2015-06-19,31.81391143798828,32.052157789264534,31.81391143798828,31.940976360633396,55891700
2015-06-22,32.2745246887207,32.37776589800856,32.23481746344602,32.36188240200527,45009800
2015-06-23,32.59218978881836,32.608073285425455,32.39365062543053,32.40159085900047,40579100
2015-06-24,32.36188507080078,32.61601496887668,32.36188507080078,32.56042424301428,56107100
2015-06-25,32.25068283081055,32.418696069147366,32.22667875961129,32.402694372351725,33663800
2015-06-26,31.946643829345703,32.122659371196654,31.91464044864365,31.962645519696732,34721500
2015-06-29,31.234590530395508,31.55461523400367,31.226588157899055,31.434607114654685,59610800
2015-06-30,31.69861602783203,31.810624786444723,31.586607269219336,31.794626151222715,61266600
2015-07-01,31.674617767333984,31.89063598566457,31.602611694557126,31.874634297046374,38622300
2015-07-02,31.826635360717773,32.01865260910689,31.802634349173115,31.866641115973028,34085800
2015-07-06,30.938568115234375,31.154586422687363,30.81855997910135,30.978573879290007,66892500
2015-07-07,30.474533081054688,30.53053749184594,29.930487617358395,30.354521885352586,100698500
2015-07-08,29.42643165588379,29.80246371836954,29.378429640764836,29.66645393951902,93899000
2015-07-09,29.994483947753906,30.426517387271847,29.986481576423518,30.322510976060165,72889000
2015-07-10,30.754547119140625,30.85855659150597,30.554530546443793,30.746547799117455,64726600
2015-07-13,30.962568283081055,31.034574376493303,30.882559817061384,30.954565910473633,43846200
2015-07-14,31.018573760986328,31.042574775620658,30.786553779484443,30.818557167004222,30252200
2015-07-15,30.666542053222656,30.850556931836564,30.634538669460937,30.826552868009944,44039400
2015-07-16,31.05057716369629,31.098579192988428,30.922566665565558,31.010571403271484,36217600
2015-07-17,31.01056671142578,31.10657685950592,30.954562317717645,31.0985744878273,35714800
2015-07-20,30.810548782348633,30.874555544899163,30.578531898129018,30.71454169053326,31707000
2015-07-21,30.818552017211914,30.97056350451317,30.794551006588165,30.94656249388942,27625400
2015-07-22,30.378520965576172,30.57053518474456,30.346517578377775,30.562535863950455,39326800
2015-07-23,30.082487106323242,30.386513108873043,30.05848609759914,30.362512100148937,42787700
2015-07-24,29.65046501159668,29.842479258732812,29.498450426268196,29.83447993677357,55194200
2015-07-27,29.090410232543945,29.266425789597932,29.018404145750097,29.1544139474659,73051800
2015-07-28,29.386436462402344,29.410437476089903,29.12241615580651,29.31443036932877,49701300
2015-07-29,29.674461364746094,29.802471860051114,29.370435293892577,29.45844308166683,61119900
2015-07-30,29.37843894958496,29.43444335297598,29.194424045298607,29.34643556135836,44051400
2015-07-31,29.698450088500977,29.810458844037964,29.57844201557264,29.658447397524863,85020500
2015-08-03,29.202423095703125,29.362436983342064,29.09041428995918,29.33843291638904,45674700
2015-08-04,29.306434631347656,29.5464539535972,29.21842683438686,29.450446835099637,38618400
2015-08-05,29.314422607421875,29.610446221893575,29.258418222305878,29.58644521456103,30785300
2015-08-06,29.05841064453125,29.178421822199756,28.97840522742627,29.162420128376553,42182300
2015-08-07,29.04240608215332,29.170416568084153,28.978402365193265,29.058407774396013,37027200
2015-08-10,29.530445098876953,29.59445186369778,29.18641636799133,29.218419750401743,43071900
2015-08-11,28.88239288330078,28.922398640843085,28.6263719054862,28.834390857467294,58642500
2015-08-12,28.43435287475586,28.4423521937009,28.20233294921601,28.362346796209362,64540000
2015-08-13,28.3863525390625,28.57036742558952,28.338347461355575,28.442356937048515,58165600
2015-08-14,28.426353454589844,28.546364615295154,28.394353123477615,28.458356837712675,35715200
2015-08-17,28.11432647705078,28.146329858327103,27.96231499400388,28.018319385232235,42609500
2015-08-18,27.810314178466797,27.882320295855724,27.714307039285536,27.80231485520666,42639500
2015-08-19,27.466278076171875,27.746300065793495,27.24225743246379,27.602287884842152,112308600
2015-08-20,27.03424072265625,27.178252899289173,26.962234634339787,27.09824443893161,116628600
2015-08-21,26.202165603637695,26.762212501751048,26.170162226143205,26.634202043783144,129140200
2015-08-24,25.058074951171875,25.778135804025894,24.001987734993026,24.42602340100647,218802300
2015-08-25,25.378103256225586,26.626206294792638,25.378103256225586,26.6102046020661,135001800
2015-08-26,26.21816635131836,26.322175798437144,25.530109019934017,26.01014745708079,134618500
2015-08-27,27.378267288208008,27.426269308582743,26.72221322566274,26.730212545055043,144856300
2015-08-28,27.026235580444336,27.210250442389302,26.874224099362074,26.962231870729315,68659200
2015-08-31,27.07424545288086,27.122250532687772,26.594206862855433,26.8262237852282,98538600
2015-09-01,26.026155471801758,26.418189297309826,25.890145667285314,26.250176108668093,83635900
2015-09-02,26.402189254760742,26.442191961411233,26.10616556313405,26.434192640885488,55551000
2015-09-03,26.506195068359375,26.858223111020166,26.410184923261507,26.45019067639085,67468200
2015-09-04,25.714130401611328,26.09016253937077,25.562118903288294,26.01015407813965,81962800
2015-09-08,26.530195236206055,26.570197936054715,26.290175985103726,26.418186455825662,53584300
2015-09-09,26.394187927246094,27.07424304462635,26.394187927246094,27.026237969089493,56389200
2015-09-10,26.666208267211914,26.826219067741302,26.402184952719733,26.466191714539796,49745400
2015-09-11,26.770214080810547,26.80221746100766,26.53819415239696,26.594201593747066,42195900
2015-09-14,26.730215072631836,26.76221845724816,26.522199176647202,26.682209995707346,39313800
2015-09-15,26.98623275756836,27.058238838176578,26.690209115961395,26.722212496678463,51913600
2015-09-16,27.642290115356445,27.754298909280926,27.38626914295456,27.426271847640344,85209600
2015-09-17,27.57828140258789,28.282337423151333,27.410265190125763,27.426266879503594,105902400
2015-09-18,27.06623649597168,27.50627222216604,26.954224682967986,27.306255705531346,90964900
2015-09-21,27.018239974975586,27.13024877138062,26.914230498880567,27.074244373178104,45318300
2015-09-22,26.514190673828125,26.538191680735444,26.3061748259413,26.434185282797046,58874100
2015-09-23,26.090160369873047,26.426186723069673,26.082157998409997,26.394186393248905,44721000
2015-09-24,25.9781551361084,26.106165628919072,25.55411942491963,25.68212839172486,79880800
2015-09-25,25.922142028808594,26.354175389414507,25.882136283484645,26.354175389414507,59861600
2015-09-28,25.370100021362305,25.722131124182056,25.290094617272654,25.714128752566772,58659500
2015-09-29,25.4901123046875,25.61812278808788,25.314096745507978,25.45810892083474,52829500
2015-09-30,26.226167678833008,26.282172065724154,25.98614844186949,26.15416160254293,80422200
2015-10-01,26.370182037353516,26.498192511243175,26.170165481150267,26.4421881196671,48402600
2015-10-02,27.07424545288086,27.082244773509885,26.15416792798605,26.250178087599874,83904700
2015-10-05,27.658292770385742,27.6742944632192,27.338265017738227,27.386270096238608,77869000
2015-10-06,27.61029052734375,27.67429730525081,27.458279007831212,27.56228849592461,47313400
2015-10-07,28.346355438232422,28.52237103928182,28.130337123856727,28.290351029173323,97905900
2015-10-08,28.650371551513672,28.690374250875344,28.146328993927668,28.17833237422114,64163600
2015-10-09,28.754383087158203,29.01040407114097,28.618373274672116,28.93839797864514,61563400
2015-10-12,28.538358688354492,28.818383677779345,28.50635836122869,28.802381988211334,44030200
2015-10-13,28.074323654174805,28.442353381218194,28.050322644327316,28.20233412671209,72241600
2015-10-14,28.290340423583984,28.426350208307824,28.19433333719008,28.27433873384996,57724900
2015-10-15,28.978397369384766,28.994399058868805,28.58636360705126,28.75437676861839,60410800
2015-10-16,29.002395629882812,29.010394947861865,28.722373720467218,28.874385178148554,65003800
2015-10-19,28.70638084411621,28.72238253699606,28.56236866020842,28.698378471670864,52354600
2015-10-20,28.698375701904297,28.746380775910726,28.57036522323103,28.63437198857294,44212500
2015-10-21,28.28234100341797,28.53836196185263,28.26634236402505,28.514360950752682,55037000
2015-10-22,28.866395950317383,28.930399672551832,28.578371570234903,28.578371570234903,56963300
2015-10-23,29.034400939941406,29.13840734064705,28.92239216871372,29.082402955033206,53727000
2015-10-26,28.770383834838867,28.906396694866803,28.738380449889853,28.890395002392292,41789200
2015-10-27,28.442359924316406,28.570370426302205,28.378356199329062,28.466363991696383,56392800
2015-10-28,28.11432647705078,28.642370060068423,27.954312622679588,28.506360267659684,125416000
2015-10-29,27.850309371948242,27.978319859569503,27.794304974364614,27.842306999715856,63886000
2015-10-30,27.89830780029297,28.06632402339182,27.882306109902107,28.058321652191204,72076000
2015-11-02,28.45035743713379,28.45035743713379,28.122330391082937,28.138329030588316,51896500
2015-11-03,28.82638168334961,28.938390453212815,28.362344915057747,28.370344233472228,68335400
2015-11-04,28.59436798095703,29.018402099953832,28.506360208634582,29.002400409348805,69243600
2015-11-05,28.642375946044922,28.738383057592824,28.45836104390684,28.570369849381233,43303000
2015-11-06,28.242340087890625,28.28234279292515,27.858308625939834,28.010320125875328,65547200
2015-11-09,27.538270950317383,27.930304643099603,27.47426725574641,27.834297575238317,76448600
2015-11-10,27.418270111083984,27.49027619397665,27.29825895559271,27.418270111083984,53876200
2015-11-11,27.47427749633789,27.642290690721754,27.426272418509303,27.63429137042239,34433100
2015-11-12,27.210254669189453,27.538281743961427,27.186253655819336,27.354266853431866,53097900
2015-11-13,26.834226608276367,27.05024489301692,26.754218140588588,27.0262408267051,72046800
2015-11-16,27.354263305664062,27.36226567709012,26.866225469040575,26.91422748955509,61895300
2015-11-17,27.274259567260742,27.442272753331657,27.226254491807346,27.39427072988891,58447500
2015-11-18,27.570283889770508,27.602287274165153,27.218255817461536,27.24225682975216,48166100
2015-11-19,27.818302154541016,27.890308234658445,27.698291003675187,27.74629607442359,68973900
2015-11-20,28.098329544067383,28.242341732184794,28.010321756661085,28.090330223399057,73122400
2015-11-23,27.834306716918945,28.0343232876608,27.810302653062674,27.978318892013935,55352100
2015-11-24,27.978317260742188,28.02631928163466,27.626286163474823,27.650290225931542,62017500
2015-11-25,27.762298583984375,27.826302294860753,27.658289120298523,27.802301284783415,37938300
2015-11-27,27.154247283935547,27.402268918859228,27.122246953631297,27.394269599285796,54817200
2015-11-30,27.194257736206055,27.226258072039027,27.018242155075004,27.082245878751994,91134900
2015-12-01,27.402267456054688,27.442270155807442,27.274256985639663,27.33026137569559,56692100
2015-12-02,27.07424545288086,27.28226136135563,26.96223665200899,27.242258654188667,59091000
2015-12-03,26.92222785949707,27.1942504795613,26.818218402763918,27.17824878990926,52692500
2015-12-04,27.10624885559082,27.154250883415447,26.698213307015937,26.698213307015937,79516400
2015-12-07,26.6582088470459,26.86622779397844,26.586202758032435,26.850226101752032,47613100
2015-12-08,26.36219024658203,26.386191263537363,26.050164818117494,26.11416854733548,71352200
2015-12-09,26.146167755126953,26.55420023814772,26.08216098413736,26.2821775654636,66422800
2015-12-10,25.970151901245117,26.178170852662262,25.914147503250682,26.07416137695369,59281000
2015-12-11,25.242094039916992,25.46611317888562,25.20209133074659,25.43411131675041,89806000
2015-12-14,25.650123596191406,25.66612528651092,25.274091503708732,25.506109909320962,83798000
2015-12-15,26.042156219482422,26.146165688112514,25.962150814081173,25.970150133817064,78124300
2015-12-16,26.55419921875,26.690212075876033,26.13016505926022,26.242173852181242,105082200
2015-12-17,26.210168838500977,26.594203321799693,26.210168838500977,26.570199259086948,93646700
2015-12-18,26.12216567993164,26.290178868931974,26.066161283598195,26.21817278050173,96868900
2015-12-21,26.32611083984375,26.399239046048898,26.13922523543001,26.3748609109324,64002400
2015-12-22,26.537368774414062,26.54549275319212,26.30173309541155,26.33423520966822,49664600
2015-12-23,26.911128997802734,26.93550712894053,26.732373600365023,26.740497577696512,47464000
2015-12-24,26.813631057739258,26.862384230053895,26.740502849053442,26.756753906491657,21532700
2015-12-28,26.62674331665039,26.64299437089664,26.512989036498297,26.602368285066845,38299200
2015-12-29,26.651121139526367,26.75675145340431,26.618619027629773,26.69987430737126,43931500
2015-12-30,26.236732482910156,26.431738973144203,26.220481425461937,26.391112879309798,51320000
2015-12-31,26.15547752380371,26.34236003744433,26.14735354476382,26.236732812064187,44184700
2016-01-04,25.440444946289062,25.49732209138035,25.229185871817155,25.472947057647495,83489100
2016-01-05,25.497325897216797,25.594830696060097,25.43232321458333,25.554204600584008,57773900
2016-01-06,25.009803771972656,25.180435213746264,24.912298983969144,25.017929300121782,65835100
2016-01-07,24.237897872924805,24.709167700381947,24.221646815133067,24.36790323568635,88974700
2016-01-08,23.97788429260254,24.489780153806695,23.969758764674093,24.40040244616577,73528000
2016-01-11,23.96976089477539,24.22164608379732,23.750376270569454,24.205396576282386,56225500
2016-01-12,24.018510818481445,24.254146483326032,23.84787937824448,24.140390640048707,61357500
2016-01-13,23.766624450683594,24.3760250776242,23.709747306801553,24.294771350741595,71788700
2016-01-14,24.075387954711914,24.164767213722342,23.612243703086985,23.791002221107846,65521200
2016-01-15,23.124723434448242,23.279105372038572,22.81596110905364,23.13284896271995,117573900
2016-01-19,23.46599006652832,23.758502912509638,23.28723307719874,23.726002346170713,79535100
2016-01-20,22.954090118408203,23.124721548842487,22.434068749710274,22.88908744732096,103223500
2016-01-21,23.04347038269043,23.344107168480964,22.77533415897558,22.945965596891394,81845900
2016-01-22,23.83163070678711,23.839756235676138,23.612246076141865,23.77475355435008,75886600
2016-01-25,23.42535972595215,23.76662413449011,23.409108670834648,23.669119353571016,59623300
2016-01-26,23.766624450683594,23.807250539231923,23.51473929215487,23.555365380703204,60020100
2016-01-27,23.685375213623047,24.018514162184502,23.522869278839003,23.758503426701047,74020200
2016-01-28,24.059139251708984,24.20539566232386,23.85600569247412,24.1485169639178,84739900
2016-01-29,24.83917236328125,24.863548949282027,24.416654171317912,24.441030757318686,81973800
2016-02-01,24.603540420532227,24.676668635256043,24.35977918819076,24.424781873524566,43254600
2016-02-02,23.8072566986084,24.22977494788244,23.74225401024211,24.197274378592464,75516000
2016-02-03,24.481653213500977,24.497904268420324,23.660995087290633,24.059136634099243,117143200
2016-02-04,24.66854476928711,24.977307157996226,24.514162800039365,24.66854476928711,99923300
2016-02-05,24.3841552734375,24.65229153863242,24.286650472554697,24.571037796194453,70370700
2016-02-08,24.051013946533203,24.164768244828707,23.766626651008366,24.01038630443761,72716800
2016-02-09,23.717872619628906,23.994134358655774,23.47411144118912,23.595992805301975,67275700
2016-02-10,23.81537437438965,24.25414353850172,23.807248847300258,23.986007343695174,67192400
2016-02-11,23.417238235473633,23.579745715092752,23.23848124772155,23.33598449566407,86795500
2016-02-12,23.823505401611328,23.831630930576658,23.50661752089437,23.620371826836625,68436000
2016-02-16,24.35165023803711,24.384152351031453,24.164767737677757,24.270398055123337,54396200
2016-02-17,24.8310489654541,24.887926121217276,24.546661636851955,24.57103822494457,69297600
2016-02-18,24.68478775024414,24.920423406759028,24.627910605509086,24.920423406759028,59141200
2016-02-19,24.571035385131836,24.692915211936057,24.441030029902517,24.530409292792452,59069000
2016-02-22,25.180437088012695,25.180437088012695,24.944802953293028,24.985429047276583,42673400
2016-02-23,24.6441650390625,24.936677880407178,24.611664473238744,24.896050235894766,54666100
2016-02-24,24.5872859954834,24.67666525675023,24.107890675611213,24.2460215567572,59334200
2016-02-25,24.66854476928711,24.70104533925242,24.37603189066746,24.554788899942594,45895100
2016-02-26,24.424781799316406,24.847300027595562,24.4004067610067,24.831048968864916,54635600
2016-02-29,24.63603973388672,24.871675424840063,24.611664696744086,24.668541849791808,65543100
2016-03-01,25.51357650756836,25.52982756538808,25.099183831882616,25.107309360792474,69324500
2016-03-02,25.854841232299805,25.871092290282597,25.48920172640409,25.54607887955768,66977500
2016-03-03,26.14735221862793,26.155476197255787,25.846713866456515,25.87921598011227,69856900
2016-03-04,26.667375564575195,26.781129871012773,26.33423662447699,26.39924085648268,102487700
2016-03-07,26.62674331665039,26.756748651048735,26.382983702099953,26.407358733683495,67816600
2016-03-08,26.17173194885254,26.34236342679543,26.074228689966986,26.301737327224178,50510100
2016-03-09,26.33423614501953,26.480492564797117,26.252983956064128,26.34236012408614,54890300
2016-03-10,26.374862670898438,26.537370151039628,25.992972107288683,26.488616977125556,69716400
2016-03-11,26.92738151550293,26.984258658629532,26.740499031005264,26.77300114124099,74998500
2016-03-14,26.764877319335938,26.93551186904203,26.691749112196813,26.83800552647506,43838500
2016-03-15,26.38298988342285,26.391113862663527,26.236733460511548,26.35861174655604,66967800
2016-03-16,26.911128997802734,26.984257192072782,26.163599100439278,26.171723077770768,98218500
2016-03-17,27.504281997680664,27.569286222816483,27.13864407979387,27.276773408849404,114746800
2016-03-18,27.650543212890625,27.78054858619719,27.61804419424343,27.642419233121977,102194600
2016-03-21,27.707412719726562,27.7724169382179,27.577407382315624,27.61803656865858,59921400
2016-03-22,27.64241600036621,27.756170301259417,27.45553349181705,27.46365747063561,41960900
2016-03-23,27.171146392822266,27.414909167115393,27.138647375879287,27.414909167115393,58628500
2016-03-24,27.106142044067383,27.114266022446362,26.813629229271076,26.878633454591174,61479100
2016-03-28,27.19552230834961,27.203646287028583,27.07364093115973,27.122394101950118,40595500
2016-03-29,27.56928825378418,27.577412232738606,26.976138603798066,27.19552323043495,81638800
2016-03-30,27.853670120239258,28.09743284883579,27.845546142419572,27.983675462357212,53128600
2016-03-31,27.82929801940918,28.04055556027031,27.748045834363865,27.951179396549332,109595100
2016-04-01,27.748046875,27.796796948026593,27.154894123549884,27.236149411214697,76178800
2016-04-04,27.41490936279297,27.739921231549566,27.390531225446193,27.731797252148944,46429000
2016-04-05,26.878639221191406,27.07364573984468,26.829886041741723,26.984266460639958,61660900
2016-04-06,27.20364761352539,27.211774692172835,26.7323793378605,26.805507547825847,56608700
2016-04-07,26.659250259399414,26.90300991815202,26.594246030626863,26.846132767762153,75406000
2016-04-08,27.12238883972168,27.276769201247088,27.016758539956093,27.24426709369282,44785200
2016-04-11,27.47178840637207,27.66679492112088,27.43115920785779,27.569291663746473,63972000
2016-04-12,27.894304275512695,27.9836804457329,27.44740792654965,27.47178606349371,70261600
2016-04-13,28.38994789123535,28.406198949507502,28.219316428736423,28.341197815991332,95376400
2016-04-14,28.251811981201172,28.365566263103904,28.211185894746155,28.341191231145235,49781400
2016-04-15,28.089311599731445,28.268070144573915,28.089311599731445,28.21931696882438,61733700
2016-04-18,28.219316482543945,28.357448928334392,27.934930711170143,27.991807865444905,51810600
2016-04-19,28.649951934814453,28.714956152724874,28.463069457679566,28.495571566634773,70368800
2016-04-20,28.519947052001953,28.666203445054006,28.316813517159854,28.42244382315784,51670100
2016-04-21,28.23556900024414,28.446826569959203,28.1786918430296,28.446826569959203,59286600
2016-04-22,28.0649356842041,28.316819335437096,28.040557547305262,28.12181283768074,43727100
2016-04-25,27.88617515563965,28.048682625225442,27.845549063136243,28.048682625225442,40116100
2016-04-26,28.186813354492188,28.194940433138346,28.016181897790783,28.097437186390735,46394300
2016-04-27,28.357446670532227,28.40619674198775,27.99180563675485,28.073057822228847,56192100
2016-04-28,28.0649356842041,28.316819335437096,27.99993145190372,28.073059663455453,51718900
2016-04-29,27.943052291870117,28.097435782711234,27.71554369430069,28.06493366889498,86482700
2016-05-02,27.869924545288086,27.95117983116904,27.73991918745079,27.94305275279483,36887000
2016-05-03,27.08176612854004,27.390526890052044,27.073639050853323,27.341776822219604,94755400
2016-05-04,26.64299964904785,26.959887520698132,26.62674859158216,26.911134348301058,105838400
2016-05-05,26.634870529174805,26.935510419889983,26.553618347645973,26.903008307449635,83029500
2016-05-06,26.67550277709961,26.78925708410749,26.52924635392593,26.545494312436432,81640000
2016-05-09,26.33423614501953,26.626748984574704,26.261107935130738,26.61862190593577,84074300
2016-05-10,26.8380069732666,26.854258031237162,26.618622340022576,26.626749418794045,69384400
2016-05-11,26.77301025390625,26.95989280201268,26.70800601130946,26.813636355742798,58600300
2016-05-12,26.69987678527832,26.976138562894135,26.602373540111646,26.92738539052466,63469800
2016-05-13,26.22047996520996,26.58612098850113,26.171726795580437,26.47236669227101,62246800
2016-05-16,26.537368774414062,26.626748038833785,26.472367645472943,26.480491624251002,51206600
2016-05-17,26.415489196777344,26.602374816709155,26.342360984499983,26.480493429722745,63616400
2016-05-18,26.15547752380371,26.512994593005168,26.009221104507173,26.236732812064187,91541300
2016-05-19,25.911712646484375,26.001091895807686,25.757332279198828,25.9360892280596,74455000
2016-05-20,26.17173194885254,26.24486016790988,26.12298186919612,26.155480889109494,54928300
2016-05-23,26.12298011779785,26.285484505187863,26.098601980031344,26.114853038684846,52648200
2016-05-24,26.391117095947266,26.44799425631743,26.236736674881513,26.26111171516222,58219200
2016-05-25,26.70800018310547,26.829881561591115,26.626747997163175,26.642999054266078,53340200
2016-05-26,26.88675880432129,26.96801099054359,26.740502389463373,26.9192609186391,48215100
2016-05-27,26.878639221191406,27.041143620211557,26.805511001803247,26.984266460639958,43342900
2016-05-31,26.911128997802734,27.05738538634283,26.838000803532687,26.943631106272015,94760100
2016-06-01,26.89488410949707,26.951761262572152,26.74050370823219,26.80550794007364,52115100
2016-06-02,27.11426544189453,27.14676755385867,26.82987971113834,26.870505801307512,48252500
2016-06-03,27.528661727905273,27.544912785131405,27.236148896979355,27.44740644177461,89424800
2016-06-06,27.821168899536133,27.869918961725713,27.60990829814261,27.6342833292374,110069500
2016-06-07,28.07305908203125,28.105561197508287,27.97555583517247,27.999930871994085,59934000
2016-06-08,28.276187896728516,28.324941061740994,28.16243361127121,28.259936841724357,75850100
2016-06-09,27.951183319091797,28.01618445633558,27.853676963867205,27.894306161663756,54934300
2016-06-10,27.24427604675293,27.504286793489097,27.179274909855184,27.382408499466102,77417500
2016-06-13,26.86237907409668,27.114262667111813,26.8298769654587,26.886754105789322,56865500
2016-06-14,26.77301025390625,26.91113962006509,26.553625584501425,26.781134234444405,71023800
2016-06-15,27.05739402770996,27.29302974001013,26.959890770734,27.049270047783903,64707000
2016-06-16,26.959888458251953,26.984263495512014,26.399240904263852,26.56987236422905,73981900
2016-06-17,27.033018112182617,27.049269171080667,26.829884525315816,27.00864307362182,56740400
2016-06-20,27.512407302856445,27.691165810889654,27.488032269787137,27.544909413330092,78204200
2016-06-21,27.723670959472656,27.8049262536457,27.488038355302173,27.64241876487215,75173100
2016-06-22,27.79409408569336,27.974257163908042,27.744960972672125,27.908745305237627,67273500
2016-06-23,28.465612411499023,28.465612411499023,28.047965252342344,28.170804305937963,70159900
2016-06-24,26.737693786621094,27.401015859437056,26.672178798531007,26.8277722093551,158566000
2016-06-27,26.39374542236328,26.62304162479262,26.11531298058774,26.614853813531486,101826000
2016-06-28,27.17171859741211,27.188097343800763,26.92604364943521,27.02431300384068,68332900
2016-06-29,27.85961151123047,27.85961151123047,27.646690923046943,27.69582716430312,82587300
2016-06-30,28.138038635253906,28.21174142121759,27.851415301428023,27.982442129371684,92761700
2016-07-01,28.40828514099121,28.457421381659433,28.28544922521048,28.35096108884156,66514800
2016-07-05,27.802284240722656,28.039771360085624,27.761338939711234,28.015201680337793,63420200
2016-07-06,27.728580474853516,27.728580474853516,27.294554676318395,27.425581509305946,61084500
2016-07-07,27.654882431030273,27.941502701141452,27.572988693908044,27.859612087945873,49586800
2016-07-08,28.2526912689209,28.26087908026829,27.933313519622207,27.966071012864763,74907900
2016-07-11,28.522933959960938,28.62120330907028,28.473797723443123,28.490176468949063,70202000
2016-07-12,28.924203872680664,29.01428541592581,28.81774358303399,28.899637315041605,89275200
2016-07-13,28.875064849853516,28.94876763959202,28.686713970283144,28.9323920186956,62034300
2016-07-14,29.292720794677734,29.374611410971735,29.12893643816296,29.194451430339576,99969200
2016-07-15,29.227201461791992,29.292716444238582,29.112553366436767,29.268149887784265,82124300
2016-07-18,29.489259719848633,29.49745065588867,29.13712756829666,29.13712756829666,75861700
2016-07-19,29.18625259399414,29.284521931731994,29.087983256256287,29.227197891057752,54832700
2016-07-20,29.333656311035156,29.399171281342394,29.169872009192783,29.251765722076833,48091500
2016-07-21,29.24357795715332,29.3909835323892,29.16168735932275,29.26814763564334,56354300
2016-07-22,29.456504821777344,29.464692633744473,29.251775159405085,29.341856710677156,45498600
2016-07-25,29.161684036254883,29.358222698222466,29.137117484490364,29.35003488894286,44174100
2016-07-26,29.3909912109375,29.44831526918032,29.284530906803607,29.325479340342945,63593800
2016-07-27,29.489259719848633,29.579341272728332,29.19445162486978,29.44012659931555,67888600
2016-07-28,29.49744987487793,29.497449874877926,29.309098961992287,29.44012581982259,45590000
2016-07-29,29.653038024902344,29.685795514522713,29.3746056109815,29.50563244553683,85265700
2016-08-01,29.595712661743164,29.775875722704015,29.55476736350461,29.726739490462144,57794000
2016-08-02,29.38279914855957,29.6202831595321,29.169878571089317,29.54658348724597,81854600
2016-08-03,29.481075286865234,29.49745403689586,29.11256122099399,29.1780762211165,42844900
2016-08-04,29.644855499267578,29.76769142135278,29.497449893623973,29.562961760617405,70532500
2016-08-05,29.988801956176758,30.0215594539595,29.775884468442786,29.857775088972712,55760000
2016-08-08,30.20171546936035,30.26722732560129,30.152579234235,30.185336724318567,43636800
2016-08-09,30.40644073486328,30.529276619167263,30.3081682787092,30.316359212018245,65823600
2016-08-10,30.414634704589844,30.578419040761325,30.324553163499214,30.56204029475154,59111700
2016-08-11,30.80771827697754,30.82409702460349,30.496531443864583,30.53747675096611,82544300
2016-08-12,30.69306755065918,30.791336904109826,30.57023163982748,30.709446296888693,54790400
2016-08-15,31.012449264526367,31.1025308183635,30.914179898488957,30.922367710689233,55160100
2016-08-16,30.873228073120117,30.946930863073188,30.76676779342653,30.946930863073188,62084000
2016-08-17,30.676681518554688,30.758575230252053,30.381870404295533,30.635736224668843,106432500
2016-08-18,30.963308334350586,30.979687078547148,30.79133308224972,30.873226803232523,63045700
2016-08-19,30.791332244873047,30.81590192246273,30.49652422913043,30.627551055213576,63995700
2016-08-22,30.38188362121582,30.504722680237254,30.291805185050745,30.504722680237254,62902100
2016-08-23,30.25904655456543,30.709451214255797,30.234476869323718,30.643936218847127,72475000
2016-08-24,30.34093475341797,30.38188006031712,30.152583842540537,30.20990789698468,75080700
2016-08-25,30.36549949645996,30.381875117414094,30.226281726940528,30.226281726940528,56434300
2016-08-26,30.103450775146484,30.75039731374214,29.865966720511487,30.43101951274421,178796200
2016-08-29,30.332744598388672,30.373689902124777,30.087069652045614,30.10344527439891,49578800
2016-08-30,30.2508487701416,30.4801480782374,30.201715658634527,30.373687796761715,48196900
2016-08-31,29.915098190307617,30.128018795151227,29.82501663625277,30.095261298417313,98943200
2016-09-01,30.14439582824707,30.14439582824707,29.87415118145994,29.94785398295401,67120400
2016-09-02,30.635744094848633,30.652122841395727,30.422826637589342,30.553853486039632,88393000
2016-09-06,31.29086685180664,31.315436524572245,30.979680153412144,31.045191991627966,108573800
2016-09-07,31.19260597229004,31.315444997578545,31.12709099242252,31.299066252611667,58618800
2016-09-08,31.110713958740234,31.290873897343044,31.037011171698985,31.20079236607862,73367300
2016-09-09,30.0625,30.63574362464417,30.04612125370429,30.627555813459534,124082600
2016-09-12,30.26722526550293,30.381873349065852,29.595712384126394,29.653036425907857,119811600
2016-09-13,29.505624771118164,29.93146265364401,29.35821923009286,29.81681459371885,160782500
2016-09-14,29.595712661743164,29.92328129550362,29.579333917662538,29.60390359574648,90163100
2016-09-15,30.103450775146484,30.17715358490962,29.677615789767245,29.808642660020936,87331100
2016-09-16,29.898712158203125,29.939660581108335,29.620279751648482,29.857766859223986,92612000
2016-09-19,30.136198043823242,30.38187295166258,30.08706493661094,30.27541580341863,55874700
2016-09-20,30.152584075927734,30.373692483606575,30.144396264055196,30.373692483606575,48531200
2016-09-21,30.99607276916504,31.03702120492324,30.35731715760336,30.44739871798812,123874800
2016-09-22,31.217172622680664,31.3809569489212,31.102524531490143,31.26630885773068,73865400
2016-09-23,30.815906524658203,31.04520272356642,30.799527778460984,30.963312116506746,56201900
2016-09-26,30.36549949645996,30.61117442181207,30.36549949645996,30.53747163181382,47253900
2016-09-27,30.799524307250977,30.799524307250977,30.455576923726266,30.586603754610426,60877300
2016-09-28,31.077966690063477,31.102533252513755,30.570237947886312,30.84866731946164,82411300
2016-09-29,30.5374755859375,30.996068006261645,30.44739403939481,30.91417739518278,74659100
2016-09-30,30.66849708557129,30.78314517064326,30.52927932232245,30.67668489567956,85539100
2016-10-03,30.88140869140625,30.938732723138475,30.61116727380083,30.73400314583041,77690300
2016-10-04,30.5374755859375,30.9715014477233,30.439203103930982,30.897798648181695,95339800
2016-10-05,30.979684829711914,31.020630125268053,30.750385551531085,30.84865488565098,61950100
2016-10-06,31.004262924194336,31.028829485888235,30.742209186369532,30.815911995378194,45429700
2016-10-07,30.865034103393555,31.08614245150854,30.62755013594489,31.045197155322622,77792800
2016-10-10,31.200794219970703,31.274497011391237,31.020634270663134,31.069767382326006,56113700
2016-10-11,30.480152130126953,30.67669085013462,30.324555592533702,30.660312102812878,79646900
2016-10-12,30.422821044921875,30.529278192018122,30.283603286827383,30.381872624118497,48482900
2016-10-13,30.152584075927734,30.267232185703424,29.792260998928892,29.956045351719894,67497300
2016-10-14,30.20171546936035,30.471956952734295,30.144391423677202,30.406445096493357,54235800
2016-10-17,30.168956756591797,30.28360484331164,30.13619926783582,30.160768946365838,37742300
2016-10-18,30.70125389099121,30.758577932252177,30.578414874617156,30.68487514721294,50174900
2016-10-19,30.88961410522461,30.955125976234516,30.734017554213146,30.848665671425657,49171200
2016-10-20,30.799524307250977,30.93055113813514,30.684876220718095,30.7831455628997,55283900
2016-10-21,30.791332244873047,30.81590192246273,30.578414823960166,30.619360121375035,33058500
2016-10-24,30.922359466552734,31.061577228255466,30.840468870675352,31.03701067427745,28142200
2016-10-25,30.955116271972656,31.012440312608135,30.84865600053852,30.897792231337178,32233900
2016-10-26,30.62755012512207,30.77495569047997,30.52927766559957,30.61117138186832,50715500
2016-10-27,30.36549949645996,30.652119722049726,30.340929817176434,30.652119722049726,47287000
2016-10-28,30.242666244506836,30.52928652480636,30.095260636373723,30.398259664679898,69558100
2016-10-31,30.414634704589844,30.521094991690266,30.340931909509,30.381877212570274,60365100
2016-11-01,30.168956756591797,30.537470695281343,29.931469649000082,30.529279761129317,90113200
2016-11-02,29.808629989624023,30.136195464060417,29.669412241946155,30.054304876432738,82319300
2016-11-03,29.72674560546875,29.931475262701905,29.620285309008047,29.841393713691055,67403000
2016-11-04,29.423744201660156,29.628473842292955,29.382798898318875,29.489256062220925,78558900
2016-11-07,30.488344192504883,30.521101691715415,30.095263573759677,30.14439982257548,85341300
2016-11-08,30.68487548828125,30.848656680032505,30.27541626105113,30.488333684683358,83963300
2016-11-09,29.685791015625,30.04611397506348,29.554764200926854,29.759493794138063,193443900
2016-11-10,28.842315673828125,29.522016524671933,28.694910067827934,29.415556226132527,206490900
2016-11-11,28.29364013671875,28.531127306745898,27.941504849830743,28.29364013671875,182114700
2016-11-14,28.08890724182129,28.25269158594541,27.867798845842707,28.105285988626356,107881600
2016-11-15,28.653959274291992,28.70309238426724,28.29363314020087,28.310011884834662,89937000
2016-11-16,28.416473388671875,28.490176180739873,28.269067804535887,28.318204040556633,65387900
2016-11-17,28.457422256469727,28.678530660384,28.408286014291008,28.514746310381575,80829200
2016-11-18,28.326393127441406,28.572068070760935,28.31001438136325,28.51474402145059,51490500
2016-11-21,28.604825973510742,28.68671658115058,28.522935365870907,28.58025941600408,45251800
2016-11-22,29.038846969604492,29.05522571318364,28.825929550927437,29.02246822602535,61503100
2016-11-23,28.7276611328125,28.768606431107866,28.563876815705015,28.629388668192398,43495600
2016-11-25,28.866886138916016,28.91602238887262,28.825940825915744,28.89145270193075,28572700
2016-11-28,28.981531143188477,29.09617925681095,28.948773646745828,28.981531143188477,50953000
2016-11-29,29.022472381591797,29.112553922212413,28.858691170201254,28.891445538123545,36457700
2016-11-30,29.071611404418945,29.19445044865617,29.05523265692554,29.153502017959323,86930300
2016-12-01,28.7276611328125,29.05522664310145,28.719470198797815,28.989714790614066,80947500
2016-12-02,28.760421752929688,28.899639546127176,28.71128863385844,28.72766738152442,58727500
2016-12-05,28.997901916503906,29.02246847011628,28.88325383441157,28.899632578128465,53275100
2016-12-06,29.153501510620117,29.16169244618761,29.01428684523881,29.08798964571321,48356900
2016-12-07,29.644855499267578,29.67761299472765,29.284529297060228,29.333665540250333,61773300
2016-12-08,29.7758731842041,29.816818478951923,29.546577034475707,29.562952653234237,60291800
2016-12-09,29.620269775390625,29.710351277160466,29.53837920501351,29.595703229062494,60173400
2016-12-12,29.423744201660156,29.562958857805786,29.341853594977596,29.45650169390374,40766300
2016-12-13,29.751312255859375,29.816824115054068,29.587527921983135,29.595715732910097,48943200
2016-12-14,28.866886138916016,29.6202898946878,28.858698325886817,29.51383270567253,95190000
2016-12-15,28.916017532348633,29.03066563906478,28.801366301705873,28.88326003787927,68897000
2016-12-16,28.78498649597168,28.940579886203675,28.703092771697346,28.850498351464985,75471100
2016-12-19,28.58845329284668,28.809561729098824,28.58845329284668,28.801370792241098,45241700
2016-12-20,28.686710357666016,28.74403439536293,28.613007577209157,28.670331614906072,39157800
2016-12-21,28.567453384399414,28.741391881485214,28.54260277078307,28.733107290397857,52040600
2016-12-22,28.227848052978516,28.27754294372206,28.111885935406107,28.260976926926002,48802800
2016-12-23,28.393505096435547,28.393505096435547,28.22785122912515,28.252698677292713,32062900
2016-12-27,28.517751693725586,28.55088373457425,28.451487612028266,28.459772202063093,25959900
2016-12-28,28.73310661315918,28.791086110821205,28.658561093358628,28.757957226189795,33745600
2016-12-29,29.20521354675293,29.238345575557602,29.00642769321325,29.022993707615587,48465500
2016-12-30,28.998149871826172,29.21350494965743,28.915322940134093,29.196938931390033,60515600
2017-01-03,29.346033096313477,29.528256157232843,29.238355545802463,29.31290105621082,64483700
2017-01-04,29.569664001464844,29.627643480790404,29.495118505239894,29.511684522139287,83072600
2017-01-05,29.89268684387207,29.942384883617354,29.76844332433084,29.785009337579265,60303200
2017-01-06,29.768455505371094,29.81815356545247,29.685628564880712,29.793306115234405,33132200
2017-01-09,29.74359703063965,29.818142513308683,29.71046500286584,29.751878457761062,33950800
2017-01-10,29.917543411254883,30.08320043463434,29.900977392952445,29.92582800022856,46621700
2017-01-11,30.273712158203125,30.298562771432607,29.85957108036274,29.975530076614742,92509300
2017-01-12,30.40622901916504,30.40622901916504,30.24885658927893,30.397947590074118,38318100
2017-01-13,30.381383895874023,30.406231344691992,30.25714033249404,30.29027237068138,35242000
2017-01-17,30.36482048034668,30.414518541888942,30.273708947341873,30.31512241880442,38367000
2017-01-18,30.199155807495117,30.38966025582368,30.14117633016227,30.381378827480933,37054200
2017-01-19,30.108043670654297,30.215721194735398,29.98380329023254,30.20743976656507,52877000
2017-01-20,30.166027069091797,30.207443694262018,30.000373206990453,30.14117962170557,59295600
2017-01-23,30.613300323486328,30.621584912444245,30.356534939399378,30.373097798025384,51401800
2017-01-24,30.803802490234375,30.91976460945768,30.72925699341316,30.745823010445058,45519900
2017-01-25,31.143396377563477,31.15996239376413,30.944610502444696,31.01915599552537,42660800
2017-01-26,31.010873794555664,31.143398774717003,30.9860263481644,31.1351173458015,43300100
2017-01-27,31.035720825195312,31.0771342842914,30.91147728826266,31.010870222022145,30457500
2017-01-30,30.87006187438965,30.878343301826707,30.73753691788738,30.812082403397667,34712000
2017-01-31,30.92804718017578,30.986026662106,30.812088216315345,30.90319973353277,67258600
2017-02-01,30.944610595703125,31.110267598564363,30.861780514450242,31.05228812150961,54321500
2017-02-02,31.077131271362305,31.11026329928478,30.994301201556116,31.043999243439828,26814000
2017-02-03,31.267648696899414,31.32562819005581,31.143405120338343,31.209669203743022,34305200
2017-02-06,31.19309425354004,31.267639746208168,31.168246809198827,31.234507713990222,30250100
2017-02-07,31.035720825195312,31.159961202483572,31.00258879406069,31.12683233099334,31693700
2017-02-08,31.226228713989258,31.25936074878364,31.044005682264924,31.05229027078589,37862900
2017-02-09,31.367034912109375,31.425014392788466,31.22622850464437,31.22622850464437,38286700
2017-02-10,31.65694236755371,31.65694236755371,31.425021234698367,31.441587255591276,38798700
2017-02-13,31.75633430480957,31.78946634552238,31.648656752315585,31.656941342316443,34007000
2017-02-14,31.789466857910156,31.789466857910156,31.499566236468347,31.756334816663315,55327300
2017-02-15,32.046226501464844,32.0627925191019,31.764610520924528,31.797742556198635,49527300
2017-02-16,31.930269241333008,32.079360248376645,31.905421793374057,32.079360248376645,42986800
2017-02-17,31.79773712158203,31.80602170880702,31.65693073519978,31.681778177586235,54880700
2017-02-21,32.1456184387207,32.15389986664292,31.963395427988154,31.996527458965776,42603700
2017-02-22,32.24501419067383,32.24501419067383,32.07935718094936,32.09592319788627,39083500
2017-02-23,32.2532958984375,32.42723749795803,32.20360100684136,32.41067148087776,46763100
2017-02-24,31.87228775024414,31.93855182015721,31.822589697809345,31.86400632132739,44575100
2017-02-27,31.772899627685547,31.872292587996796,31.698354117540802,31.781181057859303,53625500
2017-02-28,31.46642303466797,31.748038937813515,31.45813844830385,31.739754351449395,71508900
2017-03-01,31.955116271972656,31.97167912899465,31.706629181618222,31.723195198284824,93966300
2017-03-02,31.39188575744629,31.69834918046681,31.383601168917636,31.640369699345218,63518000
2017-03-03,31.632091522216797,31.66522356375734,31.44158702282676,31.540983147448387,54969900
2017-03-06,31.648649215698242,31.690062676904653,31.549256276873948,31.681781248521194,30455800
2017-03-07,31.681781768798828,31.76460869257183,31.623802290228802,31.748045835532917,43470400
2017-03-08,31.38360023498535,31.65693477469144,31.35875278942831,31.607236723932697,60587000
2017-03-09,31.135120391845703,31.275926814698067,30.96946336052611,31.226231917053735,64159100
2017-03-10,31.482999801635742,31.482999801635742,31.30906132684631,31.383606838848255,45184900
2017-03-13,31.9219913482666,31.9468387989782,31.78118175506184,31.814313795774176,42405900
2017-03-14,31.73975944519043,31.864002983440013,31.714912001398282,31.822586364260534,56600300
2017-03-15,32.56803894042969,32.62601841155245,31.814302656189483,31.905414156423607,124080900
2017-03-16,32.76683044433594,32.841375935676666,32.66743434945201,32.79995931631947,137911800
2017-03-17,32.70885467529297,32.816529050818616,32.68400406893376,32.799963033127405,68267900
2017-03-20,33.08987045288086,33.18098198922025,32.86623390722386,32.91593197058501,70310000
2017-03-21,32.72541809082031,33.32178209928369,32.700570643682624,33.2555211870349,71712900
2017-03-22,32.88279724121094,32.95734275033819,32.61774724423519,32.700574183423164,70134100
2017-03-23,32.89107894897461,33.007037928674904,32.758553949367816,32.76683853914368,53877500
2017-03-24,32.973907470703125,33.031886957778944,32.857945336906404,32.86622992628585,68871400
2017-03-27,32.88279724121094,32.94077673057156,32.65916071382918,32.75855367278378,52896700
2017-03-28,32.973907470703125,33.07330042574095,32.857945336906404,32.857945336906404,51799000
2017-03-29,33.031883239746094,33.05673068579748,32.833094192400836,32.899358261397495,36857000
2017-03-30,32.857948303222656,32.99875789857943,32.83310085213131,32.8993649345687,33282500
2017-03-31,32.62602615356445,32.70057165693222,32.559765239262525,32.65087360147206,94971500
2017-04-03,32.808250427246094,32.84138246546165,32.60946135759785,32.72542033170721,60048300
2017-04-04,32.8248176574707,32.87451255698252,32.68400806968178,32.74198755887569,44136500
2017-04-05,32.72541809082031,33.04845070183455,32.70885523249176,32.96562061196749,44099200
2017-04-06,32.66743469238281,32.750264772322275,32.56804175609993,32.69228529618689,35544800
2017-04-07,32.60945510864258,32.75854609239716,32.576326236420584,32.6011736804982,40355800
2017-04-10,32.476932525634766,32.51834598868663,32.37753958238134,32.485217114031954,33853800
2017-04-11,32.40238571166992,32.51006323894525,32.21188126165638,32.46864977757615,46002800
2017-04-12,32.55976104736328,32.568042475717974,32.36097201076064,32.54319503100935,55149100
2017-04-13,32.41896057128906,32.7171426299151,32.410679140614086,32.63431568458362,48182500
2017-04-17,32.75855255126953,32.75855255126953,32.518350012344655,32.56804806994311,29862300
2017-04-18,32.34440612792969,32.501781704119445,32.26986063385153,32.385819589163205,50889200
2017-04-19,32.1456184387207,32.43551581066396,32.062788361276645,32.42723438274174,58751100
2017-04-20,32.54319763183594,32.55147906085248,32.39410663237986,32.493499578802314,46722900
2017-04-21,32.54319763183594,32.59289252522477,32.48521814978577,32.55147906085248,32949500
2017-04-24,33.00703048706055,33.07329455174696,32.92420356584704,33.02359650323215,63549800
2017-04-25,33.29693603515625,33.38804755797196,33.21410594184879,33.24723797917178,50957400
2017-04-26,33.172691345214844,33.33834836654279,33.13127787979408,33.238955417603975,56452000
2017-04-27,33.13127899169922,33.24723796262697,33.03188603942471,33.23895653312284,42298100
2017-04-28,33.18098068237305,33.238960174188115,33.073303129154205,33.16441466190513,56635400
2017-05-01,33.37147903442383,33.46259055040065,33.25552007214234,33.330065570701116,41171000
2017-05-02,33.61167526245117,33.653088718429956,33.470865720550314,33.5122791765291,55325500
2017-05-03,33.3880500793457,33.504009059088055,33.2969385496495,33.470877019263035,58336100
2017-05-04,33.01531982421875,33.2223903166841,32.9904723762093,33.20582429812948,81078300
2017-05-05,33.28865051269531,33.28865051269531,32.95733962768934,32.96562105696541,52581000
2017-05-08,33.280364990234375,33.46258800834506,33.255517545817284,33.379757927547246,35951500
2017-05-09,33.70279312133789,33.8021892353351,33.51228864231082,33.53713925063265,70127300
2017-05-10,33.926429748535156,33.926429748535156,33.760772717646915,33.80218934510277,47629100
2017-05-11,34.000972747802734,34.05895223039244,33.80218685310796,33.96784071213867,37366100
2017-05-12,34.14178466796875,34.17491354626674,34.042388554139656,34.05067314344793,65418200
2017-05-15,34.489662170410156,34.50622818966169,34.290876258682,34.315723707736744,52561000
2017-05-16,34.522789001464844,34.53935501821754,34.39854545564193,34.464809522652715,41936300
2017-05-17,33.934715270996094,34.26602618223765,33.91814925148724,34.2246127132881,63287300
2017-05-18,33.37147903442383,33.66966102865896,32.982185524211886,33.11471050391142,121234700
2017-05-19,34.08380889892578,34.1500698223939,33.851887767673865,33.86017235788575,63742000
2017-05-22,34.1169319152832,34.224609452007506,34.08380303906752,34.1169319152832,46357500
2017-05-23,34.150062561035156,34.191476024352625,34.05895104594989,34.14178113222955,39495600
2017-05-24,34.282588958740234,34.34056844171399,34.12521652776073,34.15834856364426,48549600
2017-05-25,34.44824981689453,34.564208795762724,34.38198573774402,34.464815836682156,39606900
2017-05-26,34.57249450683594,34.58905736751558,34.48138297487139,34.51451185587598,31372700
2017-05-30,34.39026641845703,34.43996447217094,34.32400234683849,34.381981829682296,35122800
2017-05-31,34.125221252441406,34.39027125691648,34.067241761440314,34.39027125691648,80159500
2017-06-01,34.41511917114258,34.42340376119452,34.133503142637764,34.21633324493055,46802100
2017-06-02,34.58905029296875,34.61390089819609,34.456525317120004,34.53935540180338,43699200
2017-06-05,34.54764175415039,34.663600729588836,34.514509715555086,34.58077379274569,39245500
2017-06-06,34.564205169677734,34.63875067107899,34.48965966827648,34.50622568632619,34184900
2017-06-07,34.522789001464844,34.58904990883101,34.33228454827576,34.45652493445406,34745400
2017-06-08,34.72986602783203,34.77127949770964,34.597341028436546,34.754713477829554,48941400
2017-06-09,34.46480941772461,34.8209708777117,34.27430496511552,34.754706810902654,73660800
2017-06-12,34.282588958740234,34.299154976682,34.11693193896742,34.26602294079847,52374200
2017-06-13,34.44824981689453,34.489663286541,34.33229083802634,34.464815836682156,38327800
2017-06-14,34.439971923828125,34.721584810204,34.32400977340535,34.70502194836055,70500400
2017-06-15,34.08380889892578,34.10037176005877,33.87673837866413,34.02582940602415,87660700
2017-06-16,34.14178466796875,34.199764154546536,33.99269365687015,34.15835068694027,53875900
2017-06-19,34.48137664794922,34.539356128625336,34.32400106356143,34.34885166931171,68181200
2017-06-20,34.10027313232422,34.39151700199151,34.075310551087355,34.38319402538888,71372000
2017-06-21,34.1751594543457,34.34158404687639,34.11691132310272,34.258370163468506,54840400
2017-06-22,34.34990692138672,34.491368948694294,34.27501600676162,34.35822989761471,50400700
2017-06-23,34.53296661376953,34.59953771162139,34.38318481788752,34.40814739243963,46141200
2017-06-26,34.865821838378906,34.95735235246986,34.74932239680957,34.85749886255278,44381000
2017-06-27,34.45808029174805,34.86582038452555,34.449760490554056,34.86582038452555,54898400
2017-06-28,34.72435760498047,34.757643157593336,34.47472230895397,34.55793301620113,33600800
2017-06-29,34.28334045410156,34.5662613465716,34.050344724000325,34.557938369986466,66218700
2017-06-30,34.441436767578125,34.5912185800999,34.416474190252835,34.49136509651372,76054300
2017-07-03,34.64113998413086,34.74931324710619,34.56624909284097,34.63281701049622,38427000
2017-07-05,34.57457733154297,34.59122010859023,34.275013693262544,34.44143828945002,49491000
2017-07-06,34.15851593017578,34.39151162433415,34.10859077550864,34.32494051906461,48464800
2017-07-07,34.22509002685547,34.30830074143033,34.07530820119249,34.25005260637087,69254100
2017-07-10,34.54961395263672,34.57457653048668,34.32494122913183,34.34158400579349,38230800
2017-07-11,34.83252716064453,34.874132506022676,34.63281705883131,34.732673696880106,41916900
2017-07-12,35.506553649902344,35.5814445658501,35.29852368052362,35.32348943536316,80106600
2017-07-13,35.681304931640625,35.697947711828625,35.53152308423435,35.56480864461035,38698800
2017-07-14,36.13064193725586,36.15560769097545,35.90597237377646,35.922611977209144,51171300
2017-07-17,35.96421813964844,36.01414329522845,35.88932723199335,35.989180717438444,44288000
2017-07-18,36.07239532470703,36.105680881547684,35.84772575174616,35.89765091272172,49195500
2017-07-19,36.37195587158203,36.44684678091461,36.072392234251716,36.072392234251716,37949700
2017-07-20,36.330345153808594,36.41355585221378,36.247134455403405,36.40523605208713,35990000
2017-07-21,36.30539321899414,36.346998580389815,36.20553654250178,36.33867560353932,34217900
2017-07-24,36.41355514526367,36.463483467908254,36.30538187429399,36.463483467908254,37613800
2017-07-25,36.322021484375,36.50508563622192,36.31369851085031,36.45516049221109,37103900
2017-07-26,36.6215934753418,36.66320200758083,36.33035279538064,36.38028112949627,49001700
2017-07-27,36.421878814697266,36.74640498236976,36.16392057087019,36.73808518224583,61916500
2017-07-28,36.40523910522461,36.413558906049005,36.19720916748047,36.28874284797348,46072600
2017-07-31,36.44684600830078,36.48013156158414,36.34699252273578,36.48013156158414,60833500
2017-08-01,36.555023193359375,36.63823390393081,36.51341783807366,36.61327132561641,37138400
2017-08-02,36.588314056396484,36.65488199965585,36.396926854883105,36.621596440883366,29234800
2017-08-03,36.43852233886719,36.43852233886719,36.25545498952794,36.41355658941246,45351400
2017-08-04,36.5716667175293,36.59662929635371,36.35531378676701,36.52173838559526,48442700
2017-08-07,36.8213005065918,36.84626308438437,36.679841666720485,36.70480424451305,23791100
2017-08-08,36.82962417602539,37.09590545568264,36.77969901519655,36.92115786992547,33793700
2017-08-09,36.49676513671875,36.52172770824521,36.30537801501928,36.40523147540938,29007400
2017-08-10,35.63136672973633,36.19720840238303,35.61472395415438,36.1888886017345,104326500
2017-08-11,35.71458053588867,35.86436235485288,35.548159114181914,35.67297518046198,52964600
2017-08-14,36.08070755004883,36.25545190996535,36.039102203537915,36.105670123098484,37340400
2017-08-15,36.122314453125,36.14727702725033,35.98085563403532,36.05574653069592,29467800
2017-08-16,36.49676513671875,36.52172770824521,36.371945930517924,36.42187424785511,43356300
2017-08-17,36.03078842163086,36.471814095154976,35.98086326279493,36.413562786037595,65838600
2017-08-18,36.33866500854492,36.48844680532709,36.02246181470228,36.17224361148445,67014400
2017-08-21,36.471797943115234,36.54668564820407,36.338655780422535,36.42186963210547,27756400
2017-08-22,36.87955093383789,36.929479266816756,36.69648355386733,36.72976910918658,30935800
2017-08-23,37.05428695678711,37.08757250457773,36.78800892303128,36.81297467101651,48383900
2017-08-24,37.1707878112793,37.25400169107958,37.05429155384384,37.220716139159464,52141700
2017-08-25,37.387142181396484,37.50363844337162,37.312251273800314,37.37881920594965,55530900
2017-08-28,37.25400924682617,37.37050552788905,37.17911832695924,37.37050552788905,37424900
2017-08-29,37.187435150146484,37.254006262155,36.82962335881403,37.254006262155,45507800
2017-08-30,37.24568176269531,37.270647515820094,37.112542718408875,37.137508471533664,46687600
2017-08-31,37.30392837524414,37.38713907709298,37.21239469863953,37.25400004956395,62118300
2017-09-01,37.57852554321289,37.595168318135116,37.40378116795667,37.45370631843859,55195500
2017-09-05,37.087581634521484,37.36218270996649,36.896194449038,37.28729179614379,49130500
2017-09-06,37.32889175415039,37.37049710597004,37.170786973236915,37.22903827492627,44733800
2017-09-07,37.60348892211914,37.60348892211914,37.46203009368409,37.51195841951783,39114300
2017-09-08,37.353843688964844,37.553553764804256,37.28727577987435,37.54523079224047,41973600
2017-09-11,37.85313034057617,37.878092918304986,37.65342019589044,37.66173999703836,45287800
2017-09-12,37.81151580810547,37.88640670368548,37.75326768646374,37.853124330093465,49495000
2017-09-13,37.611820220947266,37.71999669705234,37.528606326141244,37.661745383545366,54758700
2017-09-14,37.71166229248047,37.728305066398335,37.48698960601614,37.52027515385187,36057900
2017-09-15,37.936336517333984,37.98626484111226,37.70334402160472,37.7782349201298,47816300
2017-09-18,38.06947708129883,38.24422146017152,38.01954875549886,38.1776535333897,37633400
2017-09-19,38.1526985168457,38.16102149396294,37.97795408881216,38.094450374167856,63741000
2017-09-20,37.977943420410156,38.227578700945145,37.620131687738905,38.16933057462981,78810000
2017-09-21,37.977943420410156,38.10276264782006,37.894732718326765,37.977943420410156,32668200
2017-09-22,37.761600494384766,37.83649140946774,37.70335235757416,37.76992029637826,39264300
2017-09-25,37.120872497558594,37.44539877909166,36.97941045154231,37.44539877909166,85660600
2017-09-26,37.02100372314453,37.245673229799905,36.96275242872207,37.19574808355848,62892900
2017-09-27,36.887874603271484,36.9877280968211,36.68816444188692,36.912837183087554,80084700
2017-09-28,36.86290740966797,36.91283574163573,36.6881630092086,36.6964828107273,54957600
2017-09-29,37.287288665771484,37.37881917561691,37.07093574432031,37.14582665185571,70546800
2017-10-02,37.29560852050781,37.47035291357977,37.27064594272184,37.28728871934084,68124300
2017-10-03,37.886409759521484,37.89473273430422,37.553563776762765,37.595169127822004,54087400
2017-10-04,37.87808609008789,37.96961975763969,37.82815776934569,37.86976311615528,45574100
2017-10-05,38.161014556884766,38.26919101974413,38.02787551578291,38.036195317102035,38759200
2017-10-06,37.96962356567383,37.994586141406224,37.70334551024559,37.811518787942504,44870200
2017-10-09,37.94466018676758,37.94466018676758,37.80320134973136,37.86976928060575,25022400
2017-10-10,38.319114685058594,38.34408043661469,38.18597564913778,38.235903977964966,45691800
2017-10-11,38.49386215209961,38.510504929705924,38.3024749710549,38.31079794700069,48802900
2017-10-12,38.47722244262695,38.58539573534167,38.443936887506155,38.510504823462504,35546600
2017-10-13,38.82671356201172,38.90160447835323,38.776785226355564,38.82671356201172,61902200
2017-10-16,38.8017463684082,38.95984798442873,38.79342339297893,38.92656243128176,34089400
2017-10-17,38.60203552246094,38.71853178207369,38.52714461638345,38.701889005802585,38828200
2017-10-18,38.693565368652344,38.818384591168325,38.618674469999696,38.735170718062776,36187200
2017-10-19,38.35240173339844,38.37736431164309,38.18597713843541,38.294153601304146,51487000
2017-10-20,38.49386215209961,38.56875306418539,38.42729421595961,38.543790484918546,46370200
2017-10-23,38.185977935791016,38.435613246305586,38.177658134297445,38.427293444812015,47564000
2017-10-24,38.185977935791016,38.39400789026735,38.177658134297445,38.2608688463739,40213400
2017-10-25,38.10276412963867,38.38568497172375,37.80320051163271,38.33575664396111,57309600
2017-10-26,37.84480285644531,38.202614574593554,37.836483056288586,38.127723676044276,55320500
2017-10-27,38.394012451171875,38.435617812152486,37.92802732933206,38.044523609792016,55225600
2017-10-30,38.1526985168457,38.36905148189402,38.102773351285094,38.2691979764871,35732500
2017-10-31,38.51050567626953,38.51050567626953,38.32744146762173,38.3856896032304,63902300
2017-11-01,38.71022033691406,38.984818268948445,38.68525775426158,38.86000218140034,51926300
2017-11-02,38.76013946533203,38.80174481796074,38.57707210462379,38.7684592661438,38024500
2017-11-03,38.5604248046875,38.74349214391772,38.352394891665725,38.72684936996183,42909900
2017-11-06,38.99313735961914,39.00145716157884,38.72685925691334,38.74350203511813,30828500
2017-11-07,38.743499755859375,39.00145486714474,38.68525162271202,38.951529709752826,46904400
2017-11-08,38.92656326293945,38.9515290154756,38.793424221792144,38.859995329508365,35006300
2017-11-09,38.68525314331055,38.76846385842461,38.394009291840696,38.66028738934808,39894900
2017-11-10,38.51881408691406,38.66027288439107,38.435600228735716,38.635310314079625,32484400
2017-11-13,38.435611724853516,38.518825607921194,38.29415288506607,38.38568656929798,52239700
2017-11-14,38.177650451660156,38.41064293801641,38.12772212989044,38.36903759035059,56682300
2017-11-15,37.977943420410156,38.08611987254642,37.819841816737785,37.98626639518938,49000900
2017-11-16,38.76845932006836,38.884955577304765,38.52714383048728,38.53546680559556,46316400
2017-11-17,38.95984649658203,39.1262710816762,38.8599930152395,38.8849555920039,46258900
2017-11-20,39.1595573425293,39.19283972072275,38.90159907224879,38.918241848488016,45493800
2017-11-21,39.68379592895508,39.841900737675836,39.617227989192735,39.63387076770468,63587700
2017-11-22,39.78364562988281,39.88349910917459,39.65050659939881,39.80860820613454,60764000
2017-11-24,39.70043182373047,39.72539757431224,39.61722111988425,39.65882647180736,25838000
2017-11-27,39.117942810058594,39.384224014726186,39.1013032106586,39.367581241041684,47853200
2017-11-28,39.4091911315918,39.54233016213292,39.25940932544742,39.434153707854236,54357600
2017-11-29,38.78510665893555,39.25109174270271,38.69357296768548,39.25109174270271,66269800
2017-11-30,38.360721588134766,38.67692800157631,38.33575900985535,38.66860820024488,118059300
2017-12-01,38.14436721801758,38.33575436831939,37.961299868039866,38.26086346826349,88358900
2017-12-04,38.21925735473633,38.63531719689607,38.185971805535225,38.56874609849386,67381600
2017-12-05,38.19430160522461,38.45225672191752,38.16101605007544,38.24422676366311,32126400
2017-12-06,37.67837142944336,37.76158528729389,37.495307290740406,37.54523243116662,81862800
2017-12-07,37.78655242919922,37.88640589641675,37.48698885326213,37.77823262954963,70820800
2017-12-08,38.22758102416992,38.27750935302517,38.061159609889124,38.21093824788484,42794900
2017-12-11,38.41896438598633,38.4938552847114,38.36071626189845,38.43560716062353,46795900
2017-12-12,38.161014556884766,38.24422526721651,37.994589961936164,38.061161069629655,47157800
2017-12-13,38.618682861328125,38.74350211096568,38.39401011655176,38.40233309281314,75946200
2017-12-14,38.335758209228516,38.5937164851073,38.335758209228516,38.493859825504835,50968200
2017-12-15,38.41896438598633,38.4938552847114,38.219257438909246,38.41064458581007,67881200
2017-12-18,38.85166549682617,38.984804514475286,38.71852647917706,38.751812027160476,61186100
2017-12-19,38.646400451660156,38.916713814514495,38.587269604935116,38.916713814514495,51306800
2017-12-20,38.69709014892578,38.87448271079914,38.68864104270904,38.82379774066824,42832800
2017-12-21,38.950496673583984,39.08565333031585,38.83223500174221,38.857575867882915,40602200
2017-12-22,39.27994155883789,39.28838744024672,39.051864092132156,39.102549047751964,40032700
2017-12-26,39.24615478515625,39.254603889642226,39.07720814171789,39.21236481199074,29614100
2017-12-27,39.347530364990234,39.39821210964013,39.23771454759937,39.29684539795068,35373200
2017-12-28,39.617835998535156,39.744543557776296,39.524915188324904,39.71075358635638,34284300
2017-12-29,39.80367660522461,39.97262324930981,39.7529948676715,39.938833276014925,46485100
2018-01-02,40.55548858642578,40.60617354986562,40.318965201818735,40.36120106015722,68969400
2018-01-03,40.94406509399414,41.00319593759351,40.783564327890744,40.7920134326274,56228700
2018-01-04,41.14680480957031,41.205935662245274,41.02854310422038,41.04543809389749,52154900
2018-01-05,41.501583099365234,41.51002898096392,41.197479803588514,41.23971565635994,50026900
2018-01-08,41.501583099365234,41.57760892330941,41.40866228983468,41.442452261007425,36998200
2018-01-09,41.43400955200195,41.50158950477783,41.2481711266473,41.493140399486094,42131600
2018-01-10,41.17213439941406,41.256606095648515,40.99473868149987,41.1214494482402,72183900
2018-01-11,41.42556381225586,41.43400969518728,41.104565480240154,41.11301136317157,38720900
2018-01-12,41.82258224487305,41.847926336923514,41.400217231110936,41.5100330369581,69358300
2018-01-16,41.662086486816406,42.109792389444195,41.58606065218249,41.98308481331398,80418000
2018-01-17,42.211158752441406,42.31252544926295,41.9239504261227,41.98308126780103,65863500
2018-01-18,42.261844635009766,42.32097548248809,42.14358294005312,42.202713787531444,33947000
2018-01-19,42.608184814453125,42.608184814453125,42.3463205474387,42.473028128203545,60503700
2018-01-22,42.8531608581543,42.86160996433757,42.489926629630176,42.582847463307026,49191200
2018-01-23,43.05589294433594,43.07278793251892,42.78557957818724,42.853156308529655,61277300
2018-01-24,43.41912078857422,43.52048748046782,43.11501749050437,43.33464586000535,63963100
2018-01-25,43.39378356933594,43.78236185749815,43.25862688461547,43.46136352289095,61533700
2018-01-26,43.9935417175293,43.9935417175293,43.59651757038414,43.69788427219527,80566200
2018-01-29,43.326202392578125,43.5120408010069,43.26707155047953,43.461359063430514,58884200
2018-01-30,42.73488998413086,42.91228250725083,42.55749746101089,42.86160077058179,87601400
2018-01-31,43.106571197509766,43.36843865956654,42.77712701058013,43.31775369911997,96654200
2018-02-01,42.52371597290039,42.95452693249112,42.489925993452935,42.71800352113855,72143800
2018-02-02,41.43400955200195,42.10979296781322,41.40021957561401,42.08445209671702,116832800
2018-02-05,39.98107147216797,41.79723899446353,39.98107147216797,41.37487400475909,151202100
2018-02-06,41.281951904296875,41.62829105616031,39.85435944366743,39.972621121515076,183650300
2018-02-07,39.98107147216797,40.986298987604414,39.95572738156108,40.54703901162512,156301200
2018-02-08,38.5957145690918,40.268279670339425,38.54503282875633,40.23449291757891,163250200
2018-02-09,39.212364196777344,39.5164675057174,38.04663914235933,39.119446605613795,153419800
2018-02-12,39.82902526855469,40.116233629752784,39.41510610414964,39.76989441969533,104447700
2018-02-13,40.13312911987305,40.25139405095504,39.84592073202509,39.88815981860647,55739700
2018-02-14,41.13834762573242,41.23971431356107,40.031750273774186,40.04864525881045,96491500
2018-02-15,41.98309326171875,42.11824997022271,41.383335569131795,41.864831544576546,95168100
2018-02-16,41.84793472290039,42.228063955938886,41.67054215494576,41.678988039062176,70876400
2018-02-20,41.27350997924805,41.4171125382896,41.04543248336792,41.10456332796025,78660300
2018-02-21,41.23972702026367,42.11824717850364,41.20593703977985,41.64519711889983,66591900
2018-02-22,41.26506042480469,41.68742543722803,41.231273672826696,41.366430347906594,62436300
2018-02-23,41.99998474121094,42.01687973116001,41.59451464960283,41.77190721048328,43623300
2018-02-26,42.3885498046875,42.3885498046875,41.87326401163202,42.10978737012736,51742600
2018-02-27,41.155250549316406,41.89016481701433,41.155250549316406,41.83947985212879,94671000
2018-02-28,40.563941955566406,41.29885627955561,40.563941955566406,41.24817453317759,102169900
2018-03-01,40.48790740966797,41.18058572196946,40.124673267559984,40.85958743356003,112694400
2018-03-02,40.656864166259766,40.741335894681725,39.79523900231825,39.99797243948691,72756200
2018-03-05,40.71599197387695,40.7920178127237,40.166916113051606,40.21760107974598,55905400
2018-03-06,41.09611892700195,41.41711403139248,40.98630311634758,41.400219043415696,57199200
2018-03-07,41.13834762573242,41.163688492092355,40.6484027268476,40.834244339857555,46554800
2018-03-08,41.14680480957031,41.25662063127658,40.952517261868316,41.21438476827872,46733900
2018-03-09,42.02531814575195,42.042213132698265,41.45090147913445,41.484691453027075,58818700
2018-03-12,42.12668228149414,42.211157211085116,41.90705390933574,42.076000546128626,52944500
2018-03-13,41.74655532836914,42.388551937137954,41.5945068919652,42.32097198994577,60376000
2018-03-14,41.81413269042969,42.11823598921506,41.586055216340654,42.05910515027224,51067200
2018-03-15,41.662086486816406,42.00842568406213,41.51003481754858,41.949294837390134,65778900
2018-03-16,41.56916809082031,41.68742979106782,41.49314225174839,41.510037240696555,66155800
2018-03-19,41.12146759033203,41.39178100440633,40.8764950518303,41.29886016412016,65394200
2018-03-20,41.57761764526367,41.678984357657136,41.374880998087065,41.46780182711011,60101700
2018-03-21,41.82258224487305,41.98308301243182,41.400217231110936,41.5269280241953,78575100
2018-03-22,40.42878723144531,41.06233487116318,40.3612072697949,40.85959820860189,87622700
2018-03-23,39.60939407348633,40.56393999357687,39.59249908471424,40.49636003848851,82908800
2018-03-26,40.89339065551758,40.944075629811955,40.16692213591542,40.63152312191514,73320800
2018-03-27,40.1500129699707,40.98629702744155,40.05709216109739,40.92716618950198,84232100
2018-03-28,39.947288513183594,40.166916928538946,39.676975130104836,40.02331435357385,78140800
2018-03-29,40.783565521240234,40.92717130446161,40.18380796296068,40.23449292569576,82685500
2018-04-02,40.04865646362305,40.69064996267333,39.66852724992692,40.504811520058404,72405700
2018-04-03,40.445682525634766,40.496364274863296,40.090894169085274,40.411892544555776,52874500
2018-04-04,40.46257400512695,40.48791487754232,39.31374052724831,39.35597638873715,68352400
2018-04-05,40.563941955566406,40.76667538585802,40.40344438805307,40.623072807933944,48247700
2018-04-06,39.7698860168457,40.437220201886596,39.53335944899364,40.15846100507486,76156700
2018-04-09,39.812129974365234,40.25983589011785,39.80368086894185,40.05709925102089,55352700
2018-04-10,40.58928298950195,40.648413842103665,40.21760288423551,40.394995442040646,87142000
2018-04-11,40.60617446899414,40.69909529287575,40.327415219738846,40.33586110264194,51569200
2018-04-12,40.58928298950195,40.707544694705376,40.45412629464236,40.52170625326705,52968500
2018-04-13,40.183807373046875,40.59772650666675,40.07399156659436,40.55548742714624,56518000
2018-04-16,40.234500885009766,40.2682876444609,39.997974234511666,40.12468505522101,43005800
2018-04-17,40.318965911865234,40.43722760625143,40.040206664010555,40.05709842973187,58168100
2018-04-18,40.665306091308594,40.80891188251352,40.41188770832354,40.4710185569404,80289500
2018-04-19,40.42878723144531,40.792021469341414,40.29363053053443,40.766677372527546,67581100
2018-04-20,39.92194747924805,40.22605086412701,39.74455491219864,40.20070998951708,80997700
2018-04-23,39.6009521484375,39.955737280943545,39.51647719613372,39.84592145414361,74337500
2018-04-24,39.41511154174805,40.00642333430687,39.22082397977973,39.921948379718444,72196800
2018-04-25,39.111000061035156,39.20392088066943,38.866027576979235,39.11944916594156,69106800
2018-04-26,39.676971435546875,39.702312305854086,39.313737256659614,39.339078126966825,45047800
2018-04-27,39.92194747924805,39.989527441394465,39.676978172442176,39.9050557111014,33545000
2018-04-30,39.634735107421875,40.11623423342009,39.62628922419612,40.06554926689669,49179000
2018-05-01,39.4404411315918,39.4995719716892,38.94205032049288,39.39820527757781,75839300
2018-05-02,39.12789535522461,39.56715536450996,39.0941053801128,39.48268364911982,66837900
2018-05-03,39.04343032836914,39.15324293271045,38.51969529158316,39.10256118374983,83449200
2018-05-04,39.22081756591797,39.35597424876696,38.629505870057585,38.663295846367205,60099100
2018-05-07,38.992740631103516,39.153238187343106,38.87447893467545,38.89981980608445,58886100
2018-05-08,39.212364196777344,39.22925918309503,38.84068416495569,39.08565663297842,58783600
2018-05-09,39.288394927978516,39.37286987011108,39.08566151163945,39.33063401023958,46129500
2018-05-10,40.107791900634766,40.25139771883968,39.6938758824945,39.761452626880796,115804000
2018-05-11,40.04020690917969,40.31896615874123,39.93883697989411,40.276730299400334,68838600
2018-05-14,40.09088897705078,40.361202345895435,40.03175812901536,40.25983563817607,34353300
2018-05-15,39.26305389404297,39.448895543575965,39.09410723286657,39.34752883582594,78379300
2018-05-16,39.85436248779297,39.93038831827184,39.63473087868098,39.63473087868098,60004200
2018-05-17,39.24615478515625,39.53336311228471,39.11944721936938,39.42354731069139,73014000
2018-05-18,38.916709899902344,39.018076595178925,38.806894100292375,38.89981491362472,59258700
2018-05-21,39.153236389160156,39.31373716041801,38.992738840291715,39.23771132729308,59330200
2018-05-22,39.288394927978516,39.49113156670713,39.23771318508852,39.322184904831545,32584700
2018-05-23,39.27150344848633,39.30529020319633,38.81534842481077,38.82379430789087,70687800
2018-05-24,39.06032180786133,39.136347646858574,38.62950764608037,39.06032180786133,79762900
2018-05-25,39.22081756591797,39.27994841326506,39.01808093044974,39.05187090675936,39374500
2018-05-29,38.30851364135742,38.75622284279357,38.11422608021683,38.63796112926365,112089900
2018-05-30,38.61260986328125,38.65484572135932,38.14800897964362,38.31695563434533,72813800
2018-05-31,38.5957145690918,38.790002092619666,38.40142704556392,38.56192781633128,92066200
2018-06-01,39.13634490966797,39.15323667502849,38.857582445378114,38.908267408627935,66762200
2018-06-04,39.533363342285156,39.62628415783632,39.44889163126913,39.46578661795018,36302900
2018-06-05,39.22926712036133,39.48268874401233,39.212372130625276,39.415108785068114,40092200
2018-06-06,39.8205680847168,39.82901718849098,39.48267804869492,39.56714975210316,46801500
2018-06-07,39.212364196777344,39.719204119140485,38.96739495114377,39.67696826454085,89752500
2018-06-08,39.13634490966797,39.30528834238851,38.84913656269786,39.00118500766846,73944700
2018-06-11,39.13634490966797,39.279947471958316,39.077210841348474,39.1785807678481,38323500
2018-06-12,39.034976959228516,39.170133645680615,38.88292528417121,39.11945190225457,57189800
2018-06-13,38.77311325073242,39.161688327084775,38.53658662923955,39.10255747730897,100698800
2018-06-14,38.51124572753906,38.84913905947489,38.46900986664449,38.77311322090881,76094800
2018-06-15,38.2071418762207,38.25782684206858,37.9452743862577,38.15645691037282,86066000
2018-06-18,37.74253845214844,37.793223414618225,37.4553301095984,37.666512619638446,83532600
2018-06-19,37.3259162902832,37.402438796999476,36.90929303295215,37.04533268450984,122657600
2018-06-20,37.48746109008789,37.71702860244199,37.444949308564766,37.66601251854963,69822800
2018-06-21,36.96031188964844,37.27490299931661,36.90929580019899,37.257897636166796,86214100
2018-06-22,37.34292221069336,37.51297260331401,37.215386848808976,37.495967239707795,48711000
2018-06-25,36.841270446777344,37.03682721991578,36.475663318558304,36.99431219856507,110854500
2018-06-26,36.69674301147461,36.92631060754883,36.603215111950796,36.85828913755252,69228700
2018-06-27,35.99102783203125,36.65422075809508,35.88049459654019,36.645716455050454,95340400
2018-06-28,36.297119140625,36.314124505386495,35.837987265831295,35.9570215757201,105345300
2018-06-29,36.841270446777344,36.94329936244941,36.73073722945884,36.76474794916311,108877000
2018-07-02,36.475669860839844,36.535187009276946,36.161075512310774,36.237598023650094,78848700
2018-07-03,36.50117492675781,36.74774781451312,36.45015883994737,36.713737089972824,28637200
2018-07-05,36.40764617919922,36.63721369915579,36.26310546854572,36.603202975434556,67394400
2018-07-06,36.90929412841797,37.053838086923705,36.49267085872156,36.518180524011534,69933900
2018-07-09,37.57250213623047,37.5810064425569,37.23240448235148,37.41945705678004,80552700
2018-07-10,37.48746109008789,37.50446645138535,37.189875375985,37.453450367492984,63808300
2018-07-11,36.75625228881836,37.05384129103203,36.61171156125517,36.87528659232722,58679200
2018-07-12,37.257896423339844,37.34291999287984,37.07084067822231,37.20688033555108,53833300
2018-07-13,37.28339385986328,37.36842065235229,37.08783710229928,37.215375669312564,40515300
2018-07-16,37.079345703125,37.155868214577296,36.94330604314773,37.10485212579532,31717300
2018-07-17,37.35142517089844,37.41944337943559,36.89229010036761,36.9348018861335,46911500
2018-07-18,37.30890655517578,37.342914031498104,37.03682728395268,37.14735725802154,41182100
2018-07-19,36.84977722167969,37.01132330017533,36.61170863369848,36.73074292768908,72549300
2018-07-20,37.376930236816406,37.4449516863256,37.18987773754859,37.21538415939392,75114300
2018-07-23,37.13035583496094,37.2238837025055,37.01132154661008,37.206878340820936,57679100
2018-07-24,37.67451858520508,37.895581805542264,37.5639853533159,37.74253679013914,66639400
2018-07-25,38.28670120239258,38.31221087111765,37.81906502602735,37.92109397060265,77820500
2018-07-26,37.861572265625,38.07413443328459,37.836065843407056,37.963604441379324,68705800
2018-07-27,37.99761962890625,38.218686144430464,37.79356172289829,38.142163618816994,63743400
2018-07-30,37.93809509277344,38.14215620254617,37.82756509994446,38.082639054579396,41541400
2018-07-31,38.14215087890625,38.201668018566,37.844561937166645,37.93808979761507,88217500
2018-08-01,37.80205154418945,37.99760833073456,37.700022621522656,37.81055584641892,61755000
2018-08-02,37.30039978027344,37.3599169141921,36.951798034418196,37.028320527090834,68678600
2018-08-03,37.589500427246094,37.632012220545576,37.38544252203181,37.42795431533129,41043800
2018-08-06,37.30039978027344,37.42793834920802,37.21537622994408,37.31740513902742,33153800
2018-08-07,37.68302536010742,37.87858218868558,37.666019995434326,37.734041454126725,38719500
2018-08-08,37.63200759887695,37.68302369063609,37.48746687072169,37.60650117471815,30610200
2018-08-09,37.52146911621094,37.7680387287018,37.49595945437749,37.683015171765746,35013900
2018-08-10,36.72224426269531,36.841281818403026,36.60320995042935,36.679732471663435,86629900
2018-08-13,36.11855697631836,36.46715874205784,36.02502911955691,36.38213518687874,75183500
2018-08-14,36.339630126953125,36.441659060717036,36.18658510458659,36.25460331261542,56724600
2018-08-15,35.29383087158203,35.46388130248534,34.970738620652156,35.31934054445496,138633600
2018-08-16,35.514888763427734,35.803973452591606,35.497883400130874,35.642424122992104,78123900
2018-08-17,35.88899230957031,35.974019114881514,35.30232194840742,35.38734551027764,76030400
2018-08-20,36.0505485534668,36.084556038692774,35.85498848534902,35.97402603568555,50762900
2018-08-21,36.50968551635742,36.65422951166363,36.390651192835875,36.41616086462054,70462300
2018-08-22,36.798763275146484,36.85828042560448,36.5436893098349,36.5436893098349,45602900
2018-08-23,36.203590393066406,36.781756512168165,36.16107536426425,36.67122651891825,68878400
2018-08-24,36.87528610229492,36.90079576945176,36.62871643834957,36.747750740276594,69304200
2018-08-27,37.40243911743164,37.54697982944449,37.206879075916014,37.21538337864686,96574800
2018-08-28,37.26639175415039,37.56397741933533,37.18986926261134,37.50446028629834,50093400
2018-08-29,37.4959602355957,37.512965596025374,37.10484667603586,37.18136917624895,58165600
2018-08-30,36.51818084716797,36.91779551457984,36.39064224991319,36.91779551457984,120206400
2018-08-31,36.705238342285156,36.82427589619196,36.42465793096622,36.46716972135494,88660500
2018-09-04,35.99102783203125,36.12706748977361,35.90600101879148,36.12706748977361,76724700
2018-09-05,35.47237014770508,35.63391620276205,35.36183692927621,35.57439906440207,77835800
2018-09-06,35.50637435913086,35.6339129258542,35.268305827583816,35.54038507604915,73104400
2018-09-07,35.32783889770508,35.659435428648315,35.19179921210165,35.395860362227765,61590700
2018-09-10,34.97923278808594,35.319333582857176,34.93672099959992,35.319333582857176,61116600
2018-09-11,35.05575180053711,35.064256103449154,34.54560390281659,34.63913177420164,74608700
2018-09-12,35.23430252075195,35.446864681034235,34.76666641681917,34.894205010365006,116612700
2018-09-13,35.710445404052734,35.948514002178506,35.5488993186733,35.761461493697425,96306500
2018-09-14,35.67643737792969,35.94851672307861,35.5063869763512,35.9060049335444,65202700
2018-09-17,35.35334396362305,35.548900783490325,35.3023278718762,35.41286111560694,74603900
2018-09-18,35.69343948364258,35.752956632244924,35.51488803783554,35.523389097589586,52000700
2018-09-19,36.18659210205078,36.22910389571955,35.98253095162197,35.99103525642089,55892400
2018-09-20,36.58620071411133,36.61171038078466,36.297116024864394,36.50117714104399,93427400
2018-09-21,36.75625228881836,36.815769440572794,36.58620189375934,36.6372179853095,102750700
2018-09-24,36.339630126953125,36.38214191240131,36.21209152716724,36.33112582379869,54411700
2018-09-25,36.48417282104492,36.5691963965436,36.3566342143554,36.39914924554624,49467000
2018-09-26,36.56068801879883,36.994313356558976,36.509671937645514,36.54368265841439,84080400
2018-09-27,36.73925018310547,36.85828449717062,36.63722123439845,36.67123196511473,45547200
2018-09-28,36.492671966552734,36.688232018133924,36.373637669723365,36.46716554392968,64732800
2018-10-01,36.50117492675781,36.696731727702684,36.41615135884829,36.671225306018066,31030500
2018-10-02,36.04204177856445,36.22059322666549,35.931508539693695,36.02503641539654,57719700
2018-10-03,35.74445724487305,36.32262663843933,35.64242506240265,36.297116971100984,76571200
2018-10-04,34.8516960144043,35.38735036587916,34.698650987285355,35.37884930590207,132360900
2018-10-05,34.72415542602539,34.92821653166816,34.40106002685819,34.8686961414647,80578500
2018-10-08,34.77517318725586,34.85169570012528,34.41806704605144,34.48608849902043,59744400
2018-10-09,34.64763259887695,34.82618403752503,34.37555328947763,34.494587581909684,60976800
2018-10-10,33.61883544921875,34.47758523650764,33.610331145620194,34.469084176350584,99036700
2018-10-11,33.27873611450195,33.78888731912778,32.96414497988642,33.431781151545536,168923800
2018-10-12,34.25652313232422,34.31604028572486,33.78888696555848,34.231013464122796,116892100
2018-10-15,33.89091491699219,34.128983523633096,33.822893461699636,33.95893312884323,52651000
2018-10-16,34.74116134643555,34.77517207182913,34.25651986162141,34.316037009339546,65949500
2018-10-17,34.316043853759766,34.50309963729196,34.14599343631613,34.47758996643815,69718700
2018-10-18,33.41476821899414,33.97593214657636,33.29573393790714,33.95042572732655,107005100
2018-10-19,33.729366302490234,34.14598961644793,33.65284702881475,33.93342742928293,81176200
2018-10-22,34.09497833251953,34.367057710988476,33.941933276700496,34.29903948809226,67724900
2018-10-23,33.72087097167969,33.91642782788585,33.10018966891002,33.28724546329945,89864600
2018-10-24,32.63254165649414,33.59332022391633,32.615536295552026,33.550808443281525,87632500
2018-10-25,33.261722564697266,33.491290063768865,32.91312078687169,33.00664864687577,80961600
2018-10-26,32.87912368774414,33.1342009546825,32.42849280478616,32.57303680561404,139198800
2018-10-29,32.3094482421875,33.21921402532117,31.952345371099288,33.16819793940522,102322800
2018-10-30,32.938629150390625,32.94713020849181,32.43698239296241,32.505000588094,99881500
2018-10-31,33.29574203491211,33.49129886474582,33.15970236009554,33.29574203491211,92768300
2018-11-01,34.486083984375,34.51159040417858,33.63583539421878,33.82288787851329,120482200
2018-11-02,34.707149505615234,35.20029527764958,34.35854769013762,35.07275668324313,111324700
2018-11-05,34.80067825317383,34.87720076305887,34.613622508245655,34.698649321140856,58319600
2018-11-06,34.74116134643555,34.80067849415368,34.55410560021209,34.63062811062702,40847800
2018-11-07,35.395851135253906,35.45536827947539,34.98773218483188,35.208795400020065,81011500
2018-11-08,34.477577209472656,35.05574646878884,34.36704399251613,34.93671219365446,90610900
2018-11-09,33.83989334106445,33.99293834722705,33.5763183531274,33.95042656627988,82943700
2018-11-12,33.3637580871582,33.78888240749516,33.27873127702611,33.72936201868211,68569700
2018-11-13,33.746368408203125,34.077968112652925,33.53380624156265,33.68685126101909,106305600
2018-11-14,33.9504280090332,34.171491225417356,33.64433798370043,34.060961238945836,96621100
2018-11-15,34.707149505615234,34.90270630518159,34.06096196111082,34.12898016627072,146475800
2018-11-16,34.77517318725586,34.95372463613737,34.32453916993977,34.426571349393264,135075800
2018-11-19,34.307533264160156,34.588116888058025,34.21400863296888,34.537100799138045,77777300
2018-11-20,33.56782150268555,33.93342873818713,33.448787192232324,33.77188263734943,98272800
2018-11-21,34.18850326538086,34.41807082922276,34.12048504837682,34.18850326538086,68104600
2018-11-23,33.78889083862305,33.96744231929151,33.76338116749757,33.78889083862305,32048200
2018-11-26,34.20550537109375,34.367051459096345,34.07797001007321,34.265022521591625,76320100
2018-11-27,34.443572998046875,34.443572998046875,34.03545401613969,34.086470105168594,81069100
2018-11-28,35.268310546875,35.293816966256514,34.40956091214116,34.681640197013714,121010900
2018-11-29,34.96223068237305,35.20030255827709,34.792180269139266,35.021747840488594,104239600
2018-11-30,34.928226470947266,35.00474575846646,34.69015457271072,34.826194267370674,92961200
2018-12-03,35.63392639160156,35.837987526783714,35.45537492546825,35.82098216189839,125024100
2018-12-04,34.877197265625,35.72744584866771,34.79217046125616,35.66792870733,134758200
2018-12-06,34.554100036621094,34.58811075653858,33.737862219245976,33.950424353569126,165155100
2018-12-07,33.907920837402344,34.732659913992514,33.82289401689097,34.503095607215705,134304600
2018-12-10,33.550811767578125,33.73786751303435,33.13419173525998,33.67835036556033,104465300
2018-12-11,33.80589294433594,34.035460523697154,33.56782430356518,34.026959462287614,104014700
2018-12-12,34.35854721069336,34.67313829748058,34.33304078954446,34.435069717581186,89712200
2018-12-13,34.35004806518555,34.58811665834835,34.30753303631391,34.48608772462733,72445400
2018-12-14,33.86540603637695,34.16299177309117,33.83989637077197,33.91641888070438,94915600
2018-12-17,33.550811767578125,34.04395755343862,33.440281775664246,33.91641895545641,109276200
2018-12-18,33.77865219116211,33.98577874580302,33.683719324125235,33.80454177593039,102509800
2018-12-19,33.21769332885742,34.28783796307234,32.941523467077715,33.94263139713681,204046200
2018-12-20,33.47658920288086,33.77001650807449,33.191790660120475,33.55426123343695,183908800
2018-12-21,33.24357986450195,33.75276254777139,33.070974951295135,33.57152887037842,143673400
2018-12-24,32.932891845703125,33.41618494669324,32.932891845703125,33.17453675011573,50709500
2018-12-26,33.588783264160156,33.623304902012855,32.82932698438836,33.14864390411434,96347200
2018-12-27,33.54563522338867,33.58015686367051,33.00193420369145,33.140017472653966,81792700
2018-12-28,33.864952087402344,34.0548145057271,33.65782555849003,33.821798395262434,72869100
2018-12-31,33.7096061706543,34.12385591366493,33.59741250312091,34.0893342787063,72972200
2019-01-02,33.79591369628906,33.82180328158175,33.29536305836229,33.3039918227382,57198800
2019-01-03,33.183170318603516,33.45070482006138,33.05371580410354,33.42481523402741,62767600
2019-01-04,34.25331115722656,34.400026477068785,33.588784420427004,33.66645646218707,103055100
2019-01-07,34.33098220825195,34.477697523860215,34.08070856283838,34.2792030433493,76597000
2019-01-08,34.4604377746582,34.52084899702983,34.149749606938585,34.34824409361174,70518200
2019-01-09,35.073177337646484,35.26304303508999,34.80564290088255,34.81427166341896,125118800
2019-01-10,35.323455810546875,35.3493453914646,34.883313181959025,34.883313181959025,85207600
2019-01-11,35.150848388671875,35.211259601234445,34.95235393422855,35.038654725842456,63136200
2019-01-14,34.85742950439453,35.02140565708243,34.641674181102005,34.70208540825072,76217000
2019-01-15,35.099063873291016,35.28892955426754,34.995502271014715,35.05591348002289,78913000
2019-01-16,35.530582427978516,35.651408165491866,35.340719996215554,35.349348759955575,82543600
2019-01-17,35.68592834472656,35.858533257870995,35.21126730270305,35.245788943764914,85522800
2019-01-18,35.85853576660156,36.00525110529652,35.746342071383665,35.832646180076324,98168900
2019-01-22,35.23715591430664,35.51332242504324,35.08181184049674,35.43565038813829,101294900
2019-01-23,35.5996208190918,35.62551039892221,35.297564747189455,35.56509918454174,66625200
2019-01-24,35.94483184814453,35.97072142888815,35.62551165553952,35.62551165553952,76076900
2019-01-25,36.41949462890625,36.51442748590736,36.28141137113132,36.33319053519407,105779500
2019-01-28,36.039756774902344,36.065649644481496,35.76359030859382,35.875783964332896,85543100
2019-01-29,36.10017395019531,36.2382571935791,36.013869865477815,36.220996376635604,56518900
2019-01-30,36.88552474975586,36.96319678357412,36.14332604708455,36.315930932476725,127796800
2019-01-31,37.19621658325195,37.23073822525101,36.92005003158947,36.928682088171726,119929200
2019-02-01,36.90279006958008,36.97183335518532,36.79059966871915,36.920050890981386,65766100
2019-02-04,36.96320343017578,37.06676506316745,36.71292646596136,36.79059851374635,45770200
2019-02-05,37.47238540649414,37.5069070505859,37.07539637593443,37.135807607012424,81720100
2019-02-06,36.96320343017578,37.32567079172912,36.88553138239079,37.29978120652244,58194900
2019-02-07,36.59210205078125,36.85963652935036,36.272781820244575,36.66977409440304,101061400
2019-02-08,36.384971618652344,36.44538283588933,36.117433876485364,36.324560401415354,64212200
2019-02-11,36.2641487121582,36.471271942227816,36.246887894291675,36.454014416525666,42213400
2019-02-12,36.56620407104492,36.72154813660625,36.51442491063403,36.56620407104492,66073100
2019-02-13,36.307308197021484,36.65251805641569,36.22100737825554,36.583474767670765,82318100
2019-02-14,36.37633514404297,36.50578631403718,36.02249667859683,36.091536644160996,91302500
2019-02-15,36.32456588745117,36.35908752884732,36.20374343472959,36.35908752884732,72362200
2019-02-19,36.60934829711914,36.68702031680574,36.18646986161946,36.18646986161946,64391100
2019-02-20,36.816490173339844,37.04950632982388,36.7129285345131,36.807861408506426,73694800
2019-02-21,36.73881912231445,36.82511994166092,36.56621419145628,36.790601589221474,48092400
2019-02-22,37.14443588256836,37.2479975121352,36.971830971847055,37.0495030170634,58022200
2019-02-25,37.558685302734375,37.73991897563439,37.472381202188075,37.558685302734375,66533800
2019-02-26,37.429229736328125,37.55868423739324,37.27388565191588,37.29977852742774,58330600
2019-02-27,37.10990524291992,37.24798847957911,36.98045076823016,37.18757726930097,69471200
2019-02-28,36.626617431640625,36.88552641751752,36.626617431640625,36.86826559898143,87434700
2019-03-01,36.66977310180664,36.94593962894986,36.600729823938494,36.92004675366695,94263900
2019-03-04,36.721553802490234,36.92004829640842,36.40223685941879,36.86826912800835,94168300
2019-03-05,37.084022521972656,37.1444337434213,36.816484761153895,36.894156801897104,54576700
2019-03-06,36.87689971923828,37.153066271605205,36.81648849166833,37.101287100639524,61237800
2019-03-07,36.19511032104492,36.66977464596475,36.134699096448735,36.66114258978539,83415300
2019-03-08,35.93619918823242,35.970720823419086,35.72044390656228,35.763594304463446,97742100
2019-03-11,36.60934829711914,36.65250197973907,36.25550982791657,36.25550982791657,63002300
2019-03-12,36.79922103881836,36.89415389136701,36.73018105925123,36.79922103881836,42726900
2019-03-13,36.842376708984375,36.89415917019207,36.721554258331295,36.81648712446297,61450000
2019-03-14,36.64387512207031,36.7129183903208,36.49716311528436,36.69565757325818,58460400
2019-03-15,37.178955078125,37.23073424342082,36.95456772129437,36.98045730394227,139870800
2019-03-18,37.59320068359375,37.61046150082905,37.39470622363429,37.4464853831759,42149100
2019-03-19,37.61046600341797,37.748549265666874,37.52416190690949,37.63635558628818,53192700
2019-03-20,37.67087173461914,37.981556560275486,37.23072913698534,37.48963480444772,90678800
2019-03-21,37.72265625,37.731288305701,37.38607850528337,37.47237930930545,71400600
2019-03-22,36.61798858642578,37.23936488367515,36.58346694943093,37.15306079118801,118616600
2019-03-25,36.70429229736328,36.81648598041116,36.5057978071492,36.54031944688159,53285300
2019-03-26,36.816490173339844,36.92005181216659,36.617995660519775,36.82511893817326,57145800
2019-03-27,36.41949462890625,36.70428990774505,36.298672189873756,36.62661786948637,72804300
2019-03-28,36.661136627197266,36.70428702458157,36.410859713338326,36.54031419765551,41052500
2019-03-29,37.04086685180664,37.109910125301965,36.868265252397286,37.06675972544963,70439100
2019-04-01,37.653621673583984,37.68814002485207,37.45512716209076,37.54142797850864,70455500
2019-04-02,37.53279495239258,37.705396565631766,37.411969214094505,37.688135745874895,48692200
2019-04-03,37.79170227050781,38.09375839867808,37.73991980903653,37.89526390128549,73639400
2019-04-04,38.02470779418945,38.0937477647136,37.76579885127301,37.783059666945036,47028400
2019-04-05,38.318145751953125,38.33540328026923,38.09375837786505,38.12828001882705,50360800
2019-04-08,38.318145751953125,38.35266410075023,38.067868793226,38.12828001882705,30209000
2019-04-09,38.2404670715332,38.369918264434865,38.20594543656037,38.344028684287395,49530300
2019-04-10,38.42170715332031,38.52526878342321,38.326774287323964,38.40444633294235,51143400
2019-04-11,38.0074462890625,38.171419096726346,37.903881396909,38.14552951976992,55153600
2019-04-12,38.28362274169922,38.42170600844348,38.19731864238108,38.38718436871622,54695700
2019-04-15,38.085121154785156,38.266354791335274,37.93840585936543,38.249093974688,37957800
2019-04-16,38.36991500854492,38.42169745661016,38.24909258855673,38.24909258855673,43860100
2019-04-17,38.48211669921875,38.69787200628049,38.38718383736523,38.63746078367638,56935400
2019-04-18,38.45622634887695,38.53389838955665,38.23183899039577,38.34403266963636,56639800
2019-04-22,38.20594787597656,38.249098276365565,38.024714219044036,38.09375420123354,35929100
2019-04-23,38.29225158691406,38.36129486651528,38.10238915234026,38.14553955600863,32829900
2019-04-24,37.774436950683594,38.041974698171316,37.653614513806716,38.03334264287183,68961600
2019-04-25,37.72265625,37.731288305701,37.429228907294416,37.54142258625484,61168500
2019-04-26,37.86936569213867,37.938405666212105,37.6622391855901,37.783061609341715,55441700
2019-04-29,37.94704818725586,38.01608818037214,37.8693761373969,37.97293777315383,34398300
2019-04-30,37.91251754760742,37.99881834156401,37.65361187357339,37.84347427871074,69577000
2019-05-01,37.62771987915039,38.27498572541214,37.57594071843463,37.981558410086905,98629100
2019-05-02,37.714027404785156,37.84347861053792,37.49827210303257,37.714027404785156,53101500
2019-05-03,38.162803649902344,38.21458282188063,37.938416264112924,37.99019872825627,56642000
2019-05-06,37.37744903564453,37.446489019125025,36.92867762044528,36.97182802164116,80977000
2019-05-07,36.64387512207031,36.98908487899431,36.42811984703387,36.98908487899431,94189000
2019-05-08,36.59210205078125,36.90278693310363,36.574841230846985,36.74744613802483,73548600
2019-05-09,36.01387405395508,36.186478951300124,35.513323473035506,35.772229172970775,130849000
2019-05-10,36.22963333129883,36.341827020718796,35.67730023286967,36.11743964187886,90343300
2019-05-13,35.021400451660156,35.271674087434576,34.84879556024835,35.10770125128382,154670900
2019-05-14,35.51332473754883,35.6427759460435,35.36660941732388,35.496063917983264,89406800
2019-05-15,35.58236312866211,35.6514064038295,35.24578539263251,35.297567849008054,79039500
2019-05-16,35.409759521484375,35.74633726976218,35.3924987020644,35.53058196525952,60101000
2019-05-17,34.77112579345703,35.06455314036166,34.736604154488326,34.8229049597454,83972200
2019-05-20,34.62440490722656,34.779748965445805,34.494953720153305,34.66755530291765,53810000
2019-05-21,35.06454849243164,35.073177254947694,34.771121184421844,34.857421978239444,59832600
2019-05-22,34.89194869995117,35.05592154897789,34.8574270605251,35.02140320171656,44117200
2019-05-23,34.443172454833984,34.589887755827526,34.305089208574095,34.41728287496159,86731100
2019-05-24,34.477699279785156,34.75386581387963,34.44317763998215,34.71071541020826,66379700
2019-05-28,34.5985221862793,34.88331748802322,34.52947890575663,34.84016708377897,98395200
2019-05-29,34.82290267944336,34.84016349779743,34.41728497069847,34.46043537050139,82060400
2019-05-30,35.01276779174805,35.150851044059976,34.909206175555205,34.93509575656231,69626300
2019-05-31,35.13359069824219,35.21989478969994,34.82290255332318,34.84879542684274,85220400
2019-06-03,35.452919006347656,35.642781466646674,35.357986130115535,35.42702612690648,75619900
2019-06-04,35.530582427978516,35.556475303528025,35.228526314606945,35.306198356926025,64141900
2019-06-05,35.245784759521484,35.59099454482837,35.150851903953864,35.573733726346575,64072200
2019-06-06,35.26304626464844,35.340718303246696,35.11633095077858,35.24578544583054,47722500
2019-06-07,35.53921127319336,35.832638596316045,35.43564965684548,35.45291047493086,63584200
2019-06-10,35.91030502319336,36.08290988492558,35.78948260762998,35.86715463080128,57245800
2019-06-11,36.31593322753906,36.436755667299906,36.212368314460136,36.376344447419484,69040600
2019-06-12,35.92757034301758,36.08291440883651,35.858527072802794,36.057021536423804,55120600
2019-06-13,35.867164611816406,36.03976622941581,35.75497092664494,35.979355004823056,59717500
2019-06-14,35.47016525268555,35.65140218245795,35.45290772810167,35.6341413657099,71468300
2019-06-17,35.61017990112305,35.67974629187142,35.497130784232404,35.497130784232404,48715600
2019-06-18,36.4710807800293,36.54934503712819,35.99280068320985,36.00149855470196,112482400
2019-06-19,36.77545166015625,36.958067196039714,36.45369668672336,36.54065883519175,105746200
2019-06-20,37.314598083496094,37.57547785501968,37.16676742929703,37.5493908730472,89200400
2019-06-21,37.1928596496582,37.2798184799916,37.10589750205807,37.16677266401153,55544000
2019-06-24,37.14067459106445,37.236331274779324,37.10588973930158,37.175459442827325,37025600
2019-06-25,36.75804901123047,37.03632117443237,36.70587173665542,36.992841770919426,62167500
2019-06-26,37.105892181396484,37.23633372545913,37.01893336353223,37.04502034543825,45126700
2019-06-27,37.36677551269531,37.384167939834605,37.2015491135052,37.262420949859575,42358200
2019-06-28,37.314598083496094,37.3928623466798,37.20154896617158,37.36677536470732,66235700
2019-07-01,37.758094787597656,38.03637031395449,37.61895868305243,38.00158545850159,73169000
2019-07-02,37.662437438964844,37.749396251159666,37.558082883611796,37.72330927095443,67518700
2019-07-03,37.59286880493164,37.59286880493164,37.4363402847148,37.488517563875796,31218500
2019-07-05,37.33198928833008,37.418948103568844,37.14067591408539,37.33198928833008,51678000
2019-07-08,37.105892181396484,37.15806946247479,37.0102388086523,37.07111064461054,37679000
2019-07-09,36.99284744262695,37.03632685280613,36.80153405711897,36.81023192951462,28227600
2019-07-10,37.30590057373047,37.50590849329886,37.27111572234483,37.366772405022324,53673100
2019-07-11,37.236331939697266,37.43633986500618,37.13198069981133,37.43633986500618,44486100
2019-07-12,37.262420654296875,37.29720550829954,37.11459000068492,37.27111852643067,30512200
2019-07-15,37.40155029296875,37.479814542323666,37.36676876223988,37.41894271696603,28026300
2019-07-16,37.34938049316406,37.54938841548407,37.314595641299874,37.44503717715756,37093700
2019-07-17,37.236331939697266,37.401555012622175,37.1928525328503,37.33198862512025,32865600
2019-07-18,37.46242904663086,37.50590845218223,37.20154597879059,37.218938404464346,63374400
2019-07-19,37.271114349365234,37.58417136577167,37.23632949926099,37.566778940719544,81774700
2019-07-22,37.27981185913086,37.41894795331389,37.25372487811721,37.3667739912866,29826200
2019-07-23,37.32328796386719,37.410250088327714,37.17545732818308,37.32328796386719,37246400
2019-07-24,37.38416290283203,37.41024988139296,37.279808354056634,37.279808354056634,40358800
2019-07-25,37.05371856689453,37.488519294847265,36.984148858134276,37.305903785251026,55327700
2019-07-26,37.131980895996094,37.23633213643336,37.027629655558826,37.201547283865565,33068600
2019-07-29,37.062408447265625,37.08849874339317,36.87979296070223,37.0102344895423,31912400
2019-07-30,36.77545166015625,36.82762563197051,36.66240252578073,36.77545166015625,57335800
2019-07-31,36.3232536315918,36.78414134703007,35.89714745366986,36.75805436457623,98764700
2019-08-01,35.61017990112305,36.61021957433643,35.51452321123606,36.331947376810426,139325900
2019-08-02,35.26233673095703,35.54930679032629,35.15798548994373,35.47104253024978,92796300
2019-08-05,33.95793151855469,34.357947337102914,33.784010587844115,34.28838095517819,131194100
2019-08-06,34.444915771484375,34.618836734057695,34.21881752495913,34.540572466763024,88071500
2019-08-07,34.601436614990234,34.618829039108284,33.95793019168519,34.09706626736389,106772500
2019-08-08,35.02754211425781,35.044934539725844,34.731877515833155,34.81883964317333,81187700
2019-08-09,34.67100143432617,34.86231477375171,34.5231708118723,34.81013750374505,64704000
2019-08-12,34.253597259521484,34.36664636588164,34.15794057854489,34.23620483413792,78559800
2019-08-13,34.68839645385742,34.87970980760149,33.93184422709848,33.992716054696,110271800
2019-08-14,33.688358306884766,34.079676266940865,33.670965881529796,33.992717457431944,102911500
2019-08-15,33.91445541381836,34.053591508466454,33.74923233806942,34.001414228998605,78018300
2019-08-16,34.38404083251953,34.523176926582046,34.22751231204093,34.22751231204093,52047900
2019-08-19,34.5231819152832,34.82754112838009,34.497091613255876,34.818846572548736,43330900
2019-08-20,34.592742919921875,34.75796931035466,34.54926351301129,34.63622564409857,44920900
2019-08-21,34.92319107055664,34.95797592168379,34.757968003601654,34.95797592168379,39677100
2019-08-22,34.47099304199219,34.71448033062795,34.37533637366656,34.662306378643436,41603000
2019-08-23,33.95793151855469,34.71448375228996,33.905757561427606,34.3927321866982,80560300
2019-08-26,34.14055633544922,34.24491091276069,34.05359750495641,34.20143149751428,58145000
2019-08-27,34.20142364501953,34.497084927719264,34.175333348048504,34.375341266074436,62899100
2019-08-28,34.29707717895508,34.3579490100779,34.05358985446377,34.14054866542038,49483900
2019-08-29,34.679710388183594,34.70579737289149,34.39274028733029,34.51448397232262,43359900
2019-08-30,34.94927978515625,34.97537008342973,34.749271857145686,34.96667221158319,57071300
2019-09-03,34.73188400268555,34.740581875677044,34.549268477063144,34.549268477063144,50339600
2019-09-04,35.314517974853516,35.35799738705164,35.131902453261475,35.21016672212471,65958900
2019-09-05,35.71452331542969,35.84496483072454,35.697130892239336,35.73191573862004,72704000
2019-09-06,35.871055603027344,35.99279926097811,35.82757619908291,35.914535006971775,48716200
2019-09-09,35.984107971191406,36.088459213576854,35.87105885686856,35.9667155445828,38554200
2019-09-10,36.010189056396484,36.07975875144002,35.80148328853153,35.94931723186621,48449600
2019-09-11,36.26237869262695,36.288465672849426,36.079763196537556,36.14063502856735,62563900
2019-09-12,36.52326202392578,36.74066239311582,36.36673349272765,36.49717504114822,74590100
2019-09-13,36.731956481933594,36.82760982830137,36.66238679301301,36.74065103441599,58403500
2019-09-16,36.44499588012695,36.61891682996921,36.35803706383893,36.44499588012695,62905800
2019-09-17,36.44499588012695,36.47108286156012,36.088459425720124,36.11454640715329,98835700
2019-09-18,36.29716873168945,36.43630484153676,36.010198639166966,36.38412755636907,70984700
2019-09-19,36.149330139160156,36.4189077689162,36.08845830619365,36.29716410298318,52527900
2019-09-20,36.18410873413086,36.46238087021748,36.03627479587298,36.41890147094123,84880500
2019-09-23,36.21889877319336,36.23628788158453,36.010192982573294,36.010192982573294,41828800
2019-09-24,35.83626937866211,36.21019820932283,35.80148452993419,36.20150365577373,57006500
2019-09-25,35.810184478759766,35.88844873430626,35.47104047714695,35.601478691547136,43393200
2019-09-26,35.80148696899414,35.914536076428725,35.69713573296697,35.87105667118957,37645800
2019-09-27,35.34059524536133,35.88844497682754,35.21015704461787,35.8014828590663,79236200
2019-09-30,35.540611267089844,35.74061920777645,35.49713185689995,35.636267959867425,43961000
2019-10-01,35.288429260253906,35.575396020500364,35.26233896040143,35.56670146539377,48520000
2019-10-02,35.01885223388672,35.07972407251601,34.844931273260286,35.027546789148154,41806300
2019-10-03,35.47105026245117,35.47105026245117,35.044944016423486,35.14060072373176,62287700
2019-10-04,35.62757110595703,35.697137494318994,35.33190649156985,35.36668802711776,54314800
2019-10-07,35.331905364990234,35.59278511824504,35.30581506757852,35.41016962269328,57065700
2019-10-08,35.0797119140625,35.30580676242703,35.053624940053396,35.26232736665677,57784200
2019-10-09,35.349300384521484,35.48843648428393,35.305817658066864,35.36668949438379,41122500
2019-10-10,35.71452331542969,35.862357253914894,35.47103602529585,35.47973057825826,49289100
2019-10-11,36.28847122192383,36.566743444402526,36.20151239637419,36.26238423771225,95248800
2019-10-14,36.13194274902344,36.297169162046856,36.123248193359,36.244991876260535,29228200
2019-10-15,36.45368957519531,36.531953834915385,36.21890011330123,36.2362892223358,50663000
2019-10-16,36.55804443359375,36.592829286481155,36.34064407894669,36.41890833931028,40768400
2019-10-17,36.69717788696289,36.862400950388555,36.64500061138672,36.8450085251965,56380200
2019-10-18,36.5058708190918,36.71457664010209,36.410214122681516,36.61891994369181,78858900
2019-10-21,36.83632278442383,36.845017340467095,36.610224520098384,36.66240180815811,38432200
2019-10-22,36.862403869628906,36.99284541026642,36.810229907186844,36.862403869628906,53409500
2019-10-23,36.8711051940918,36.91458460595358,36.688486356645946,36.7145766575762,43342700
2019-10-24,36.8711051940918,37.03632828607315,36.84501489316154,37.02763373060739,61391900
2019-10-25,37.131980895996094,37.15806787678888,36.85370870998596,36.87110113626986,49443700
2019-10-28,37.34938049316406,37.44503717715756,37.28850866103476,37.305901086966855,56279100
2019-10-29,37.1580696105957,37.27111872808289,37.123284756404836,37.1580696105957,33949800
2019-10-30,37.32328796386719,37.32328796386719,36.914577589333206,37.0711060960963,60881000
2019-10-31,37.02762985229492,37.192852926970644,36.83631647942167,37.18415505514942,56057700
2019-11-01,37.584171295166016,37.61025827406225,37.40155249109474,37.41894491611419,72772400
2019-11-04,37.95809555053711,38.105926169429914,37.897223728961784,38.062446770771174,62191600
2019-11-05,38.175506591796875,38.21028813014127,38.00158563100924,38.184201147066375,62354500
2019-11-06,38.05375289916992,38.18419442611773,37.93200924322708,38.14940957662954,61670500
2019-11-07,38.332035064697266,38.479865724911875,38.2885523366187,38.34072961995313,97598200
2019-11-08,37.984188079833984,38.11462961214715,37.905923823899286,38.027667484849715,68666900
2019-11-11,37.71461486816406,37.75809427826048,37.47982207292379,37.514606927907465,47092800
2019-11-12,37.47112274169922,37.636345805912626,37.4015530405993,37.61895338063765,57453500
2019-11-13,37.18415451049805,37.25372421498427,37.045018418791706,37.097195697156366,63134600
2019-11-14,37.210243225097656,37.26241718397634,37.01892986316662,37.149371394895226,48737400
2019-11-15,37.505916595458984,37.58418086935059,37.41895444820903,37.45373930710901,67670700
2019-11-18,37.44503402709961,37.584170105585514,37.41024917816169,37.51460040770967,52545500
2019-11-19,37.5233039855957,37.72331192150981,37.471126704253045,37.72331192150981,40853600
2019-11-20,37.35807800292969,37.53199895874363,37.20154947442377,37.39286285754574,51991800
2019-11-21,37.27981185913086,37.297204285562,37.11458878393418,37.21024547067242,43842600
2019-11-22,37.27981185913086,37.38416641771774,37.192853044241275,37.34938156485545,23519900
2019-11-25,37.653743743896484,37.68852859953913,37.47982278294967,37.51460763859232,57048200
2019-11-26,37.54069519042969,37.558087618514506,37.29720783177518,37.44504181186289,49571200
2019-11-27,37.584171295166016,37.60156372018546,37.40155249109474,37.47112219117253,30402300
2019-11-29,36.99284744262695,37.149375973085064,36.99284744262695,37.0798062629853,35476600
2019-12-02,36.9841423034668,37.1145838256411,36.84500622787154,37.10588595495443,59762300
2019-12-03,36.79283905029297,36.80153360531552,36.4971744205315,36.66239750409049,50471700
2019-12-04,37.071102142333984,37.13197396433123,37.01892487322256,37.071102142333984,47026100
2019-12-05,37.236331939697266,37.28850921827329,37.08850129296437,37.14937312600334,43346400
2019-12-06,37.4537353515625,37.50591263440195,37.3754710859365,37.4537353515625,56766600
2019-12-09,37.30590057373047,37.540690027418485,37.28850814803765,37.418946364834774,37622000
2019-12-10,37.43634033203125,37.514604592238584,37.31459666443453,37.38416637007045,34791300
2019-12-11,37.984188079833984,38.01897293075296,37.62765165107944,37.64504407653893,60083200
2019-12-12,38.645084381103516,38.69726165845428,38.06245304505044,38.097237896617614,132196700
2019-12-13,38.62769317626953,39.01901447560414,38.52334193553568,38.74074228880311,160526800
2019-12-16,38.9554328918457,39.088657371794476,38.91990500860919,38.982077110210376,81828000
2019-12-17,39.31070327758789,39.35511482763688,39.186359068952086,39.25741483853002,79046200
2019-12-18,39.52386474609375,39.53274502267726,39.39952054517239,39.48833686350897,67065000
2019-12-19,39.541629791259766,39.550510068091185,39.3728774264591,39.39952164507882,59364600
2019-12-20,39.62157440185547,39.67486285061645,39.52387439495875,39.586046510597356,69295600
2019-12-23,39.67485046386719,39.67485046386719,39.55938993551514,39.60379809166017,29479500
2019-12-24,39.58604049682617,39.63044866008939,39.506104447702114,39.594924162354225,18951500
2019-12-26,39.870243072509766,39.88800700932067,39.719254691803876,39.73701862861478,24947900
2019-12-27,40.030120849609375,40.14558476135706,39.9235406016019,40.127820822001645,48407900
2019-12-30,39.76367950439453,40.12783189131993,39.710387671627664,40.12783189131993,44522800
2019-12-31,39.85248565673828,39.896893811969754,39.68373331160865,39.7903135617892,47292800
2020-01-02,40.66073989868164,40.66073989868164,40.27882353714139,40.28770720403835,78570100
2020-01-03,39.905784606933594,40.198881194336856,39.888020664041626,39.994600933267755,78998200
2020-01-06,39.808082580566406,39.85249074146386,39.60380232993772,39.61268260686701,40085300
2020-01-07,39.78144073486328,39.87914072754139,39.69262101964423,39.78144073486328,65705300
2020-01-08,40.012359619140625,40.23440379392845,39.69261546534612,39.72814334646223,86913300
2020-01-09,40.2788200378418,40.39428398058766,40.19888398334481,40.39428398058766,53199900
2020-01-10,40.491981506347656,40.65185360557819,40.438689677228915,40.53638966988376,67573300
2020-01-13,41.12258529663086,41.14034923926393,40.68738056056036,40.77619688560008,79593800
2020-01-14,40.891658782958984,40.91830300151936,40.696258811848374,40.88277511802189,75746900
2020-01-15,40.57190704345703,40.78506752844903,40.509734952990634,40.74065937641943,60620600
2020-01-16,40.82948684692383,40.891658949234476,40.70514264230253,40.838367123771576,50712700
2020-01-17,41.06041717529297,41.08706139776487,40.8650171754965,40.96271717539474,72382100
2020-01-21,40.02124786376953,40.27881656102604,39.99460025582012,40.207764178787365,106662600
2020-01-22,40.34987258911133,40.48310046533251,40.234408655594684,40.46533652262798,57584900
2020-01-23,39.932430267333984,40.05677448393644,39.50610578692882,39.7192697211943,88714300
2020-01-24,39.6126823425293,39.99459862232474,39.42616603512933,39.98571834545471,88654500
2020-01-27,38.24489212036133,39.941309579360585,37.88962006468723,37.96067583107222,129321800
2020-01-28,38.56463623046875,38.63569200298147,38.21824780978351,38.38700357543837,82396700
2020-01-29,38.75115966796875,38.89326783854243,38.63569572058825,38.86662022722321,51814700
2020-01-30,38.17383575439453,38.21824391362494,37.68533922660934,37.889619469569496,105864200
2020-01-31,37.401126861572266,37.59652684841519,37.196846597202715,37.56987923958388,99532200
2020-02-03,37.81856918334961,37.90738550672092,37.53434949468519,37.54323315989765,71309200
2020-02-04,38.795562744140625,39.0176069432769,38.768918524444466,38.795562744140625,73939300
2020-02-05,39.01760482788086,39.49722108516227,38.990960609629255,39.48833742032813,74350800
2020-02-06,39.053138732910156,39.39064350989136,39.044255066706164,39.37288295373524,80118800
2020-02-07,38.5113410949707,38.68009344316644,38.41364111881128,38.66232950312608,58449900
2020-02-10,38.72450637817383,38.7511539855855,38.529109789866325,38.529109789866325,45350800
2020-02-11,39.23076629638672,39.44393021191731,39.15083363970393,39.20412207749246,58708400
2020-02-12,39.76367950439453,39.825851615226235,39.52387133913255,39.60380739421987,41641100
2020-02-13,39.239662170410156,39.479470379448614,39.22189822291177,39.337362187588035,64757500
2020-02-14,39.257415771484375,39.49722391732058,39.11530761707688,39.48834025184943,45095300
2020-02-18,38.99984359741211,39.12418780873062,38.911027271649075,38.98207965463437,40176200
2020-02-19,39.2840576171875,39.37287732590216,39.24852973370164,39.301821558930435,45651500
2020-02-20,38.67121505737305,39.38175575309154,38.54687085913797,38.97319527656907,109316300
2020-02-21,38.44916534423828,38.66232582821113,38.39587352918267,38.58238979969011,70553100
2020-02-24,37.01033020019531,37.223494149294716,36.79716963922194,36.8238138623121,101505600
2020-02-25,36.717227935791016,37.61428498585442,36.717227935791016,37.55211288278693,118601100
2020-02-26,37.01033020019531,37.51659415579064,36.98368597710515,37.1524417583456,109411100
2020-02-27,36.12214279174805,36.87709497843033,36.11326251600769,36.60175899672855,151063200
2020-02-28,35.98892593383789,36.07774226251469,34.88758516236646,35.12739331554474,201191200
2020-03-02,36.7705192565918,36.77939953342561,35.88234249568983,36.09550302095604,135152300
2020-03-03,36.52183532714844,37.37448777626809,36.264266585976756,36.779407456446314,141798700
2020-03-04,37.170196533203125,37.241252301225614,36.86821629535853,37.07249993436045,80064800
2020-03-05,36.38860321044922,37.01920790156166,36.237611398307585,36.87709975443596,107474200
2020-03-06,35.64253616333008,35.8734606420492,35.35831985654087,35.766880374034656,104006900
2020-03-09,33.20893478393555,33.83953958943961,32.50727419791638,33.066826611031445,143376900
2020-03-10,34.89646911621094,34.93199700322528,33.901708608564185,34.594488852840634,142773700
2020-03-11,33.27109909057617,34.04381527578832,33.057938575302366,33.928351353608576,137795400
2020-03-12,29.940439224243164,30.79308814220834,29.212134516632208,30.313475243431444,171341200
2020-03-13,32.09870529174805,32.59608546185926,30.535515795595288,32.516149423593625,128272900
2020-03-16,28.093029022216797,29.736156299697306,28.057502834185208,28.421655155337962,101553900
2020-03-17,30.02925682067871,30.02925682067871,28.448299918418716,28.919035894881848,92310900
2020-03-18,27.435781478881836,28.43942223602934,26.778530834143265,27.45354542189006,101136100
2020-03-19,27.648942947387695,28.02197726991942,26.867348111354115,27.364726643375484,68919700
2020-03-20,27.853221893310547,29.06114274911104,27.755521914072972,28.94567882927343,100290200
2020-03-23,27.187091827392578,27.67558837965675,26.73412146548044,27.586770362682508,97832900
2020-03-24,29.229894638061523,29.28318645901464,28.732514473541308,28.9634423095463,84450500
2020-03-25,30.260181427001953,30.668741916496526,29.47858494283269,29.762801230144166,79588900
2020-03-26,31.405927658081055,31.485863694070943,30.44669522620239,30.517750986249013,89991500
2020-03-27,29.620691299438477,30.16247962322846,29.47858316435628,29.709511001443094,74103800
2020-03-30,30.10919952392578,30.135843747839292,29.505238935627926,29.727283169910194,47544900
2020-03-31,30.313472747802734,30.686505348154594,30.12695305950146,30.180244883034018,64131300
2020-04-01,29.016733169555664,29.602933084698652,28.97232500910935,29.398649448019782,65580600
2020-04-02,29.993732452392578,30.144720889692707,29.4874719219586,29.56740797350743,55784000
2020-04-03,29.425294876098633,30.073663457359984,29.265422799828688,29.922671657271607,68672500
2020-04-06,31.03289222717285,31.041775891393844,30.46445968953577,30.58880388362823,82394800
2020-04-07,31.19277000427246,32.08094685372997,31.130597895860497,32.0543026324465,74322600
2020-04-08,31.512508392333984,31.592444429547317,31.032892169053987,31.272700280693986,47112900
2020-04-09,31.397043228149414,32.05429544004793,31.317107194109393,31.85001521708455,67239300
2020-04-13,31.441457748413086,31.485865907501523,31.086185699454887,31.38816592463175,38193400
2020-04-14,32.160884857177734,32.40069302765754,31.983248798882396,32.160884857177734,52817400
2020-04-15,31.33487319946289,31.49474527808262,31.192765061592603,31.39704529802331,60775200
2020-04-16,31.503637313842773,31.814497889248493,31.397053641024105,31.778969998308938,37215100
2020-04-17,32.205291748046875,32.400691743238355,31.974367253105385,32.35628357745644,40870300
2020-04-20,31.796728134155273,32.18752808683448,31.73455603043368,31.86778390305169,44402700
2020-04-21,30.917430877685547,31.24605529452174,30.85525878228749,31.068419284187954,46166600
2020-04-22,31.761207580566406,31.858907591286517,31.69903546249476,31.778971526890636,37455800
2020-04-23,31.645742416381836,32.23193900745479,31.6279784726371,32.009894792834345,40733100
2020-04-24,31.601329803466797,31.74343794529835,31.308229855118707,31.699026398124136,30553700
2020-04-27,32.24081802368164,32.30299013029251,31.965485376726576,32.018773817749775,30617400
2020-04-28,32.3029899597168,32.72931442627969,32.285226016760966,32.70267020590879,34463600
2020-04-29,33.24446105957031,33.30663317043839,32.791488951101826,32.85366445009584,45483100
2020-04-30,32.54279327392578,33.18228157285124,32.32963276636742,33.07570131907205,59181700
2020-05-01,31.37040138244629,31.86778156383498,31.2638211250506,31.752317641916566,56829000
2020-05-04,31.70791244506836,31.743440330226843,31.37040431231396,31.49474852224305,37036200
2020-05-05,31.88555335998535,32.18753365377251,31.85002546939248,32.02766153423071,41772700
2020-05-06,31.78784942626953,32.1164739033237,31.770085483168536,32.08094601712171,36584500
2020-05-07,32.0454216003418,32.18752975738458,31.894429777663124,32.08982976414409,36883300
2020-05-08,32.72043228149414,32.818132268112585,32.42733232163881,32.4539799286146,60613000
2020-05-11,32.50727462768555,32.72043858392292,32.471750125084434,32.52503857304917,31053700
2020-05-12,32.38291549682617,33.00463974595365,32.37403522229381,32.7737153387418,49641400
2020-05-13,32.32075500488281,32.81813526023081,32.107594458394956,32.74707948598432,55002900
2020-05-14,32.44510269165039,32.49839452803475,31.583573359589998,31.699033922900195,58633700
2020-05-15,32.001007080078125,32.151998888751166,31.832254718032168,31.9388349788967,40402000
2020-05-18,33.25333786010742,33.324393629740676,32.782605244726646,32.79148552186801,47487700
2020-05-19,32.98688888549805,33.35992493810412,32.96912494126672,33.20005282814808,36152600
2020-05-20,33.42209243774414,33.670780846420406,33.23557274311148,33.510908758521246,43140300
2020-05-21,33.04017639160156,33.33327296272288,32.88030430258067,33.21781242252761,42845500
2020-05-22,32.35626983642578,32.52502214998184,32.2496896061864,32.52502214998184,47355000
2020-05-26,33.06681823730469,33.51090658868637,33.031290356044096,33.37768211614701,54511200
2020-05-27,33.17340850830078,33.24446429227432,32.7826118608251,33.217820067347375,47182400
2020-05-28,32.942474365234375,33.439854543402106,32.92471042442925,33.27998246428124,53388700
2020-05-29,33.51091003417969,33.573082138715456,32.9424774280666,33.173401903752946,63616700
2020-06-01,34.28361892700195,34.31026653166459,33.759594543639416,33.8217700291021,49360200
2020-06-02,35.10074996948242,35.14515813492773,34.621133651171036,34.70106970422293,54010500
2020-06-03,35.91786193847656,35.98891769565331,35.51818516279478,35.57147359255236,60769300
2020-06-04,35.41160202026367,35.68693800097115,35.23396601297256,35.447129899346905,50969300
2020-06-05,36.34419631958008,36.55736026165097,36.25537998679066,36.32643576352293,52467500
2020-06-08,36.56623458862305,36.58399852991508,36.02444962578017,36.23761014503384,39777100
2020-06-09,36.31754684448242,36.397482887681505,35.908986351742875,36.04221421978315,44389800
2020-06-10,36.58399963378906,36.69058328475729,36.1221473106365,36.4241275454622,81172700
2020-06-11,34.67441940307617,35.5981239901382,34.63001124541699,35.40272403068751,91271100
2020-06-12,35.41160202026367,35.615882242804695,34.887577662223656,35.544829872763266,73779500
2020-06-15,35.09000778198242,35.29547331094723,34.39321134394663,34.50041000954042,76868600
2020-06-16,35.31333923339844,35.974405034358405,35.06320788547068,35.974405034358405,79638000
2020-06-17,35.652809143066406,35.831475869621414,35.54561047024715,35.61707511619853,61471100
2020-06-18,35.67067337036133,35.80467425675723,35.55453949600382,35.56347470591506,48131400
2020-06-19,35.661746978759766,36.162013216186544,35.53668127134931,36.15308141185077,72411300
2020-06-22,36.09947204589844,36.179871897537666,35.82253846630017,35.9029383179394,39024200
2020-06-23,36.4478645324707,36.68906404943874,36.41213051341241,36.52826437146005,32995800
2020-06-24,35.96547317504883,36.41213828526336,35.71534180381968,36.30493961299149,51150200
2020-06-25,36.117340087890625,36.126271890423325,35.71534081823408,35.84040650039739,48199000
2020-06-26,35.67960739135742,36.028009036096606,35.52774289126297,36.010142022947086,53901200
2020-06-29,35.84040832519531,35.858275338954655,35.483078273361734,35.688543819917534,34712700
2020-06-30,35.724273681640625,35.81360533223598,35.50094114736821,35.77787130888422,67644600
2020-07-01,36.12627029418945,36.26027118074891,35.89400595297505,35.9208047671733,51766200
2020-07-02,36.94813537597656,37.16253270261206,36.78733567710791,36.90346955024284,42240200
2020-07-06,38.53826141357422,38.547196623268185,38.21666202027187,38.21666202027187,69159900
2020-07-07,37.89506149291992,38.30599593194418,37.877197889634616,38.04692938311635,34004100
2020-07-08,38.87773132324219,38.87773132324219,38.368533373871465,38.413199203015786,42278100
2020-07-09,38.87773132324219,39.270795390610225,38.529333085018465,39.21719775875078,64950400
2020-07-10,38.627593994140625,38.681191617730754,38.36852745417567,38.61865878501973,45293500
2020-07-13,38.368534088134766,39.181464461718285,38.29706603394596,38.89559906053184,47039600
2020-07-14,38.4221305847168,38.52933266282967,37.83253278623315,37.921867851327214,56528000
2020-07-15,38.53826141357422,38.72585992373925,38.38639692661701,38.654395285107626,48309100
2020-07-16,37.99333190917969,38.029065934665745,37.74320054634575,37.79680158457484,36512000
2020-07-17,38.207733154296875,38.2881330088005,38.01119941933595,38.270265995823664,40913000
2020-07-20,38.69906234741211,38.74372817395782,38.31493010510759,38.422128770374115,23319300
2020-07-21,39.056392669677734,39.32439101542554,39.03852565892337,39.306524004671175,44420500
2020-07-22,38.886661529541016,39.04746123408669,38.67226419533623,39.04746123408669,31232200
2020-07-23,38.57399368286133,39.01172352000994,38.38639518122621,38.85985903995785,39243400
2020-07-24,38.53826141357422,38.53826141357422,38.082664544918565,38.163064393244156,30184800
2020-07-27,39.136802673339844,39.163601492535925,38.690137511886554,38.806268000259394,39112200
2020-07-28,38.8151969909668,39.10999417823099,38.77053116353697,39.06532835080117,31219100
2020-07-29,39.440528869628906,39.547727537211095,39.172527088997136,39.172527088997136,37830900
2020-07-30,38.94026565551758,39.092130161975696,38.582932193122254,38.975999683314,47900300
2020-07-31,38.6722526550293,38.984916760684946,38.37745214873983,38.975984961001856,62457700
2020-08-03,38.94026565551758,39.02959731722418,38.779465938218124,38.815199966014546,30603000
2020-08-04,39.458396911621094,39.458396911621094,39.10106684356956,39.1099986469624,40597400
2020-08-05,39.88718795776367,40.06585124091925,39.7799858985299,39.806788117230184,36768200
2020-08-06,40.01226043701172,40.030127449928486,39.62812817876202,39.77106087431184,33523700
2020-08-07,39.190391540527344,39.44052629225213,38.984926021178254,39.29759360888824,35759300
2020-08-10,39.28866195678711,39.369061811445796,38.98492955116366,39.25292793076452,26964700
2020-08-11,39.181461334228516,39.62812641390229,39.13679550781796,39.54772656324964,34166400
2020-08-12,39.708526611328125,39.82466048723705,39.49412587178735,39.58346093317273,30740100
2020-08-13,39.59239196777344,39.72639285336133,39.422660466108304,39.66386001549607,26509200
2020-08-14,39.520931243896484,39.58346408795802,39.44053138613388,39.49412901945267,24593800
2020-08-17,40.02119827270508,40.039065288315264,39.75319985412189,39.81573270486514,26422200
2020-08-18,39.976524353027344,40.083723017224635,39.71745779074848,40.02119017912754,34464800
2020-08-19,39.48519515991211,39.86039220473923,39.47625994963475,39.85146040224612,28391100
2020-08-20,39.36012649536133,39.36905829717754,38.743726528739415,38.82412637622123,38399500
2020-08-21,39.55665969848633,39.574526711209494,39.11892981401355,39.288661323207286,34657800
2020-08-24,39.99439239501953,40.1730591118057,39.84252449302683,40.146256889228056,26576500
2020-08-25,40.39639663696289,40.43212725849858,40.039063159329174,40.1283948248453,27608400
2020-08-26,40.50359344482422,40.548259275517566,40.35172553112551,40.40532657262819,31465300
2020-08-27,40.164119720458984,40.61078476203291,39.99438823146307,40.61078476203291,31947400
2020-08-28,40.691192626953125,40.70012783790487,40.307060342855955,40.41426242756993,24151700
2020-08-31,39.78892517089844,39.94972486838747,39.52985861296788,39.94078965864695,52790000
2020-09-01,40.46785354614258,40.494655766897715,40.128387148110406,40.16412117059462,34212200
2020-09-02,40.360660552978516,40.530392071932376,40.00332709353579,40.5214602689493,50638400
2020-09-03,39.59239196777344,40.15519091634489,39.34226061631238,40.14625570648752,82433300
2020-09-04,39.61025619506836,39.89612155029415,38.93132682835308,39.681720829982886,62284500
2020-09-08,38.922393798828125,39.27079200703381,38.797328124885986,38.91346199688256,50051100
2020-09-09,39.5030632019043,39.58346305757404,39.217197805697275,39.31546126681867,49010500
2020-09-10,38.86879348754883,39.6102591508464,38.86879348754883,39.54772631271096,54276200
2020-09-11,39.24399185180664,39.529857213268585,39.04745813788259,39.404791543601974,49400700
2020-09-14,39.878257751464844,39.94079058997047,39.708526248061595,39.76212387661835,38892300
2020-09-15,40.29812240600586,40.405321066618875,40.217722558600094,40.36958704381988,30541000
2020-09-16,40.24452590942383,40.566125335307575,40.2266588960098,40.42319263577973,38179100
2020-09-17,40.083717346191406,40.146250175441374,39.73531918100343,39.76211799131524,38231100
2020-09-18,39.77106475830078,40.15519705406433,39.708531910877376,40.11946302474107,34270500
2020-09-21,39.40480041503906,39.43159923377702,38.76160150305054,39.10106797413167,42901100
2020-09-22,39.10999298095703,39.27972789089214,38.788393580852706,39.26186087891033,44884000
2020-09-23,38.50253677368164,39.065335849118505,38.46680614955006,38.99387119307048,40837000
2020-09-24,38.3238639831543,38.59186234089848,37.90399773109188,37.96653056763938,46493800
2020-09-25,38.359596252441406,38.37746326476593,37.77893368692307,38.00226622930339,44165700
2020-09-28,38.78839874267578,38.9491984641266,38.600800203578004,38.86879860340119,45528300
2020-09-29,38.761592864990234,38.88665853494261,38.63652719503785,38.67226121724822,25333200
2020-09-30,39.386924743652344,39.49412340282918,39.038526545489674,39.0653253583379,48674300
2020-10-01,39.75319290161133,39.77999171644732,39.4494605049281,39.68172485166978,51521100
2020-10-02,39.29759979248047,39.64599805001493,39.10999784722117,39.1546670866257,32647100
2020-10-05,39.82466506958008,39.82466506958008,39.511997430430995,39.511997430430995,36059100
2020-10-06,39.896121978759766,40.199854347922084,39.76212110115314,39.94972301135919,43464800
2020-10-07,40.333858489990234,40.458924168394,40.146256564600435,40.26239044073999,45691100
2020-10-08,40.66438674926758,40.70905257291766,40.155188862531986,40.47678824526687,29669900
2020-10-09,40.94132995605469,41.05746044335394,40.646529316484184,40.762663211568146,31901900
2020-10-12,41.29865264892578,41.3969195112027,41.07532011021791,41.16465517037152,40037700
2020-10-13,41.12892532348633,41.18252295723793,40.914524565126584,41.15572414036213,35585000
2020-10-14,40.85198974609375,41.21825499275989,40.834122733111954,41.11105632265338,42300500
2020-10-15,40.557193756103516,40.592924375344204,40.2177273149341,40.26239314482325,41119300
2020-10-16,40.70012664794922,40.816257124650626,40.566125749866806,40.70012664794922,31611400
2020-10-19,40.58399200439453,40.994923086077584,40.50359214860573,40.82519157176093,30869500
2020-10-20,41.03065872192383,41.24505607391359,40.816257962149606,40.83412497611283,51631300
2020-10-21,41.146793365478516,41.37905773570282,41.03959127972774,41.09319232260313,42909300
2020-10-22,41.13785934448242,41.25399323684638,40.93239378585981,41.21825920722906,41884100
2020-10-23,41.37905502319336,41.37905502319336,40.9770557474414,41.173589483983314,36931400
2020-10-26,40.84305953979492,41.128924943107805,40.512524898389564,40.88772537010298,53574300
2020-10-27,41.02171325683594,41.137847114674635,40.82518296793616,40.95918042748824,41828600
2020-10-28,39.99439239501953,40.423190470635824,39.95865837010546,40.36958943326472,67047200
2020-10-29,40.39639663696289,40.53039413523708,40.003329130008886,40.14626183950545,44763400
2020-10-30,39.940792083740234,40.12839060627322,39.67279370758108,40.06585776542889,66155200
2020-11-02,40.44998550415039,40.467852514937206,40.12838612555535,40.36065385800015,51001600
2020-11-03,40.628658294677734,40.73585696768442,40.36065990826883,40.52145962167105,49744300
2020-11-04,41.9061164855957,42.06691618247643,41.09318619926934,41.17358604770971,81110200
2020-11-05,42.62078094482422,42.7994476576646,42.26345092692757,42.62078094482422,78029300
2020-11-06,42.81731414794922,42.97811384676762,42.46891593643737,42.585046401751946,57353300
2020-11-09,43.11211013793945,44.24663980048838,43.094246534370214,44.20197397599735,74889400
2020-11-10,42.62078094482422,43.04957901097067,42.43318242984467,42.94238034638008,68735600
2020-11-11,42.8977165222168,42.96918116601785,42.48678544895404,42.55825009275508,46272000
2020-11-12,42.57611846923828,43.15678447972105,42.46891979621132,43.00491656913051,41292600
2020-11-13,43.174644470214844,43.20144328216628,42.87091210622456,43.09424462657672,48143400
2020-11-16,43.71064376831055,43.85357645356694,43.558775873347116,43.63917572179034,63565900
2020-11-17,43.66598129272461,43.78211176555222,43.38011590028323,43.442648741893265,34661600
2020-11-18,43.51411437988281,43.862512621890914,43.50518257707066,43.853580819078765,32343400
2020-11-19,43.5855827331543,43.64811557662234,43.21931747521957,43.308649135092665,27524000
2020-11-20,43.826778411865234,43.951844087694155,43.64811170020217,43.6838457240916,35259100
2020-11-23,43.94291305541992,44.30917831564668,43.844649592058346,44.30024651271724,38979600
2020-11-24,44.532508850097656,44.55931107323641,44.07691195014985,44.30917630138546,39275200
2020-11-25,44.28237533569336,44.309174149746525,44.005441761935714,44.13051084568,47358000
2020-11-27,44.70224380493164,44.818374276753,44.58610992532603,44.62184395101764,27040300
2020-11-30,43.53197479248047,44.05010787941352,43.514107781781,44.05010787941352,60622800
2020-12-01,44.38957595825195,44.55931087550193,44.08584355703983,44.30024430227719,50376400
2020-12-02,44.452110290527344,44.54144535728388,44.148377879123856,44.31811280206908,42826100
2020-12-03,44.961307525634766,45.1846400603551,44.83623844365278,44.871972467076205,61408300
2020-12-04,45.42583465576172,45.452636876310756,45.229304349177646,45.30970419525692,42230900
2020-12-07,45.42583465576172,45.550903733494756,45.247171360282366,45.36330182078716,43115100
2020-12-08,45.44370651245117,45.44370651245117,45.22930917190156,45.37224186819606,28632600
2020-12-09,45.05064010620117,45.58663683747871,44.836239369019694,45.58663683747871,40762600
2020-12-10,45.63131332397461,45.684910960950425,44.97024740306745,44.99704622155536,36032000
2020-12-11,45.3097038269043,45.47943531934339,45.229303981478644,45.34543444103934,38034400
2020-12-14,45.07413864135742,45.44419051307103,45.04706276682234,45.41711463853595,34407200
2020-12-15,45.561527252197266,45.588603128046344,45.14634775510454,45.27270643308791,39345000
2020-12-16,45.778133392333984,45.850336857945045,45.55249196740019,45.65177474525344,38243300
2020-12-17,46.075984954833984,46.130140144145315,45.93157455968585,46.075984954833984,36323800
2020-12-18,46.02183532714844,46.048911201542836,45.832293877340966,45.98573186594553,47662800
2020-12-21,45.34490966796875,45.534447669514044,44.98388195196446,45.00193368206622,48558100
2020-12-22,44.98387908935547,45.27269986657322,44.92069975952754,45.227572265698306,35229900
2020-12-23,45.44418716430664,45.5434699543066,45.35393196049686,45.41711129176677,36469400
2020-12-24,45.2456169128418,45.426130731102816,45.001923774641625,45.31782037433738,20689000
2020-12-28,45.37198257446289,45.52541710577064,45.272699786903644,45.46223777605389,26906100
2020-12-29,46.04890823364258,46.08501169251858,45.74203571922727,45.77813917810327,41965900
2020-12-30,46.66265106201172,46.82511317627718,46.56336827629225,46.6084958762515,35759500
2020-12-31,46.63557052612305,46.933418875480065,46.355777347895035,46.92439473293065,35680200
2021-01-04,46.93341827392578,47.6644977596012,46.77998375144671,47.49300806622453,48201300
2021-01-05,48.0616340637207,48.07968579484079,47.37568549623581,47.37568549623581,53358000
2021-01-06,47.65547561645508,48.233117202603616,47.529116949862015,47.70060321980754,56418700
2021-01-07,48.10675811767578,48.10675811767578,47.673526931831745,47.90819597604856,41031300
2021-01-08,49.37937927246094,49.40645859055244,48.68440312038361,48.964199787224814,76024300
2021-01-11,48.71147537231445,49.00932028398996,48.65732018700293,48.72952710075163,40816400
2021-01-12,49.18983840942383,49.28912120296752,48.882965885295796,49.01835213885819,47570500
2021-01-13,49.29814147949219,49.5418346509798,48.9912689794354,49.280089750898824,33561200
2021-01-14,49.75845718383789,50.07435385990445,49.695277848624585,49.83968824954294,38837200
2021-01-15,49.05445098876953,49.343271776016664,48.92809232472584,49.24399242785045,58519000
2021-01-19,49.866764068603516,50.12850899592082,49.7494295420448,50.09240553497729,50429300
2021-01-20,50.74224853515625,50.778348549153726,50.498555364843675,50.72419680664993,38832500
2021-01-21,50.83250427246094,50.949838787485795,50.642966285662084,50.91373533009119,31457000
2021-01-22,50.390254974365234,50.49856191643955,50.065330705126684,50.128510041588,48223800
2021-01-25,50.769325256347656,51.03107015954848,50.28193890756307,50.949839101417716,50793700
2021-01-26,50.39927291870117,50.48050397601863,50.119476289493214,50.35414531863929,32283000
2021-01-27,49.00029754638672,49.53281150000044,48.964194088477086,49.33424592451271,45279700
2021-01-28,49.3432731628418,49.523787020698556,48.78368330219977,48.91004196979486,38055000
2021-01-29,48.115787506103516,48.603170456546835,47.8811184530979,48.48583937305956,57657800
2021-02-01,49.41548156738281,49.50573677751427,48.88296756436984,49.117633176520975,51427000
2021-02-02,50.05629348754883,50.173627993980375,49.902858969381754,50.13752453922991,33172200
2021-02-03,50.30902099609375,50.498558994510724,50.155583014269006,50.390252058703226,32363100
2021-02-04,50.32707214355469,50.36317560521451,49.94799612517345,50.25486866325067,40161800
2021-02-05,50.76029586791992,50.77834415184813,50.36316476120198,50.55270272958198,24242300
2021-02-08,50.85056686401367,50.94082208376557,50.57077017395727,50.57979776174203,21606000
2021-02-09,51.392093658447266,51.437224701319124,50.850555574136656,50.859579716901926,27200000
2021-02-10,51.57261276245117,51.92461289746649,51.26574023189657,51.852409418932446,30531200
2021-02-11,52.12317657470703,52.34881803174039,51.9336385771227,52.032921369099846,48875000
2021-02-12,52.168304443359375,52.32174242529199,51.816304319476004,51.89753538214258,28400400
2021-02-16,52.29465866088867,52.61055874128406,52.15927586330361,52.46614835805092,34954000
2021-02-17,52.312713623046875,52.34881708184079,51.94266177794758,52.20440668968046,37789100
2021-02-18,51.590660095214844,51.590660095214844,51.031070272967646,51.46430143628953,46118400
2021-02-19,51.92461013793945,52.17733090691659,51.75312387289614,51.897534265305076,39809800
2021-02-22,50.39927291870117,50.87763167678444,50.3451177328178,50.5436833047083,46924200
2021-02-23,50.624916076660156,50.79640233990951,49.4515812202352,50.074350385418406,40316200
2021-02-24,50.29999542236328,50.31804715288941,49.47866062000983,49.785533152922966,36631300
2021-02-25,49.15373611450195,50.45343316185835,49.08153263576856,50.327071048797734,50895200
2021-02-26,48.49486541748047,48.87394488603343,48.187992873610234,48.83784142369206,68933600
2021-03-01,49.794551849365234,49.93896567777602,49.37034827896164,49.47865520725456,53421400
2021-03-02,49.307167053222656,49.559884357186746,49.153729087948,49.523780901473295,38533600
2021-03-03,49.2078857421875,49.803579007202714,49.02737190124028,49.677220351444205,43013300
2021-03-04,48.0616340637207,49.2349690424009,47.80891671407085,49.009327567923336,70653800
2021-03-05,48.585121154785156,48.76563156961721,47.65547599192584,48.747579839530914,64018500
2021-03-08,47.276397705078125,47.86306341096944,47.15906318669374,47.7276806063862,54120600
2021-03-09,48.31434631347656,48.58511880868036,47.90819445670145,47.97137378744493,42450100
2021-03-10,48.09772872924805,48.549011595666926,47.8720872960386,48.53095986784837,42853900
2021-03-11,49.614044189453125,49.67722352136387,48.98224742733028,49.19886129587703,57247200
2021-03-12,48.72953414916992,48.72953414916992,48.359482270220056,48.59414788781592,41559600
2021-03-15,48.846858978271484,48.85588656414683,48.36850021733444,48.49485887546761,32447400
2021-03-16,49.05445098876953,49.23496484155283,48.83783711984187,49.000299243045305,41261600
2021-03-17,49.11763000488281,49.334247315432634,48.30532283710552,48.422657357112314,57032400
2021-03-18,48.215065002441406,48.81978589911622,48.18798912929708,48.67537550398745,49205900
2021-03-19,48.810760498046875,48.810760498046875,48.133836142757495,48.287270677309074,60265700
2021-03-22,48.66635513305664,48.81076899261217,48.33240669037427,48.503896427088506,24860300
2021-03-23,47.7367057800293,48.19701627738932,47.70962990713119,48.03455415396994,40356400
2021-03-24,46.64459991455078,47.50203809651981,46.64459991455078,47.429831181273265,45315400
2021-03-25,46.8612174987793,46.996603754119434,46.5001932228981,46.536296683390866,73684400
2021-03-26,48.079681396484375,48.12480899864846,47.07783279057117,47.29445010118025,142402800
2021-03-29,47.74573516845703,47.9442973155633,47.51106611776485,47.69157997760141,51309500
2021-03-30,47.899169921875,47.99845271737223,47.59229739170878,47.72768364793511,44414300
2021-03-31,48.142860412597656,48.30532253373588,47.84501204283914,47.84501204283914,38807500
2021-04-01,48.6121940612793,48.937118296969444,48.56706646032573,48.84685965204704,44592700
2021-04-05,48.801727294921875,48.96418939693354,48.69342037458574,48.910034215258015,30891600
2021-04-06,49.07250213623047,49.28009185941336,48.702450291771335,48.81076066796572,31509200
2021-04-07,48.3504524230957,48.51291455192012,48.17896615067682,48.38655588350457,47888100
2021-04-08,48.747581481933594,48.99127468178593,48.72953319425468,48.84686427924554,50373000
2021-04-09,48.332393646240234,48.3504453738128,48.16993154110208,48.2782419065375,35808300
2021-04-12,48.04357147216797,48.09772665328624,47.8901369568552,47.998443876076855,30045900
2021-04-13,48.242149353027344,48.41363563919631,47.98040440859911,48.05261133520652,33697900
2021-04-14,48.48583984375,48.77466064793339,48.440708795646195,48.67537785092993,27449500
2021-04-15,48.9280891418457,48.97321674135203,48.72952701541481,48.88296154233937,42622000
2021-04-16,49.05445098876953,49.126657907089,48.82880953354425,49.05445098876953,32031300
2021-04-19,48.87394714355469,49.04543343307372,48.70245741101982,48.95517821606703,34318500
2021-04-20,48.476810455322266,48.91906923198815,48.34142764508895,48.819786438674456,27732600
2021-04-21,48.774658203125,48.80173407621766,48.14286143451154,48.25116836989758,33407600
2021-04-22,48.60316467285156,48.91003716817699,48.44973014669642,48.81075782696696,39452000
2021-04-23,49.307167053222656,49.36131879377779,49.04542216382268,49.08152561953614,27062900
2021-04-26,49.3703498840332,49.41547748537112,49.126656705190086,49.22593949394268,26805200
2021-04-27,49.3432731628418,49.49671114707545,49.2620455419725,49.36132489292902,25563100
2021-04-28,49.71333312988281,49.947998757005266,49.424508864401325,49.57794686303261,37381000
2021-04-29,49.59599304199219,49.88481383212119,49.18983772993096,49.875786245733494,36617000
2021-04-30,48.72049331665039,49.07249336885486,48.603158818244,48.982238181166686,46299900
2021-05-03,48.72049331665039,48.94613472888553,48.52192777211876,48.68438986436924,20628000
2021-05-04,48.1699333190918,48.43167821403281,47.81793322597154,48.359474744092424,38634800
2021-05-05,48.39557647705078,48.55803859395782,48.251166089024,48.40460406299852,26062900
2021-05-06,48.85588836669922,48.882964239293806,48.49486066469977,48.6482986431049,29454200
2021-05-07,49.36132049560547,49.57793779433945,49.09055145444936,49.15373078261862,41590600
2021-05-10,48.476810455322266,49.18081415199418,48.43168285191116,49.162762422026645,40686800
2021-05-11,48.34141540527344,48.35946713067036,47.52910497748491,47.56520842827875,37374100
2021-05-12,47.00563049316406,47.75475834829582,46.94244771693325,47.54716861872882,53632900
2021-05-13,46.942440032958984,47.393722878064594,46.69875032645504,47.15003317156065,42935200
2021-05-14,47.790855407714844,47.87208645997218,47.36664841892489,47.48398292618881,40363000
2021-05-17,47.74573516845703,47.78183518601194,47.41178332270396,47.48399024384479,23169500
2021-05-18,48.38655090332031,48.63024407147483,48.30531984726881,48.368499174973856,32405300
2021-05-19,48.242149353027344,48.42266322653012,47.75476292747457,47.790866390778284,46284100
2021-05-20,48.521934509277344,48.62121729532834,48.30532065154351,48.31434479435942,33273000
2021-05-21,47.96234893798828,48.50389051628012,47.89014546002534,48.50389051628012,39110900
2021-05-24,48.359474182128906,48.47680524979547,48.08870170470743,48.18798448735996,22436200
2021-05-25,48.83783721923828,49.0634786749228,48.76563030077186,48.98224761315576,40993700
2021-05-26,49.19886016845703,49.2530153558604,49.00932217706816,49.02737390620261,26984700
2021-05-27,49.2078857421875,49.34326854063655,49.09957881482523,49.24398919897997,35598900
2021-05-28,49.52378845214844,49.641122979599125,49.316198714668346,49.33425044527734,43730300
2021-06-01,50.5436897277832,50.70615186306375,50.38122759250265,50.67004840122016,41656100
2021-06-02,50.624916076660156,50.661019535138536,50.33609529486372,50.47147809963469,24532400
2021-06-03,50.08338165283203,50.23681619812012,49.94799539509444,50.10142994038252,40790400
2021-06-04,50.5346565246582,50.570756537014645,50.3631668331513,50.4353737438942,29038100
2021-06-07,50.28194046020508,50.30901977576166,50.05629900765379,50.28194046020508,24830500
2021-06-08,50.038246154785156,50.13752894256099,49.875784037154745,50.11045307062767,38113700
2021-06-09,49.893836975097656,50.11947842805018,49.84870937311022,49.984095622087864,30916900
2021-06-10,50.293601989746094,50.36612506621895,50.03071102466794,50.076039676508785,28571100
2021-06-11,50.121376037597656,50.21202644529554,49.958202537268335,50.166701241446596,28375700
2021-06-14,50.25735092163086,50.366135559003254,50.10324453915697,50.15763685784317,26421400
2021-06-15,49.91287612915039,50.13950560101853,49.80409149282795,50.13043848561267,34121300
2021-06-16,49.23298645019531,49.94913293477243,49.03355141347977,49.813157329995555,44138300
2021-06-17,49.504940032958984,49.6953079503295,49.35989731618748,49.44148406050215,27846900
2021-06-18,49.160465240478516,49.38709471519477,49.06981483382856,49.29644430854481,42443600
2021-06-21,49.368961334228516,49.368961334228516,48.879440864759424,49.1060703275035,26977400
2021-06-22,49.142333984375,49.187659187254354,48.81598699069754,48.95196605742692,35862600
2021-06-23,49.44148635864258,49.76783335107052,49.41428847054605,49.49587521865303,26049200
2021-06-24,49.894744873046875,49.940070075363124,49.686246175919095,49.73157137823535,20096200
2021-06-25,50.31174087524414,50.393327620392505,50.121372955928344,50.32987164728724,24992400
2021-06-28,50.35706329345703,50.420519263055574,50.22108769778487,50.29360732385849,22644900
2021-06-29,50.320804595947266,50.338935368013324,49.89474355571393,50.00352473001912,18308800
2021-06-30,49.99446105957031,50.13950377796858,49.903807199264406,49.96726317243295,33223400
2021-07-01,49.71343994140625,50.085112128379166,49.46867970245951,50.02165615436608,27478400
2021-07-02,49.6590461730957,49.66811328802755,49.35989708407607,49.51400345700625,24289100
2021-07-06,48.788787841796875,49.142329231389596,48.607483589723664,49.060742490861195,38126800
2021-07-07,48.73439407348633,49.07887179632986,48.553093284917935,49.06980814013779,25651700
2021-07-08,47.71910095214844,47.90040522091504,47.55592745606763,47.67377574947962,45146300
2021-07-09,48.544029235839844,48.56216000745969,48.12703186285677,48.253943806104566,28860500
2021-07-12,48.58935546875,48.61655335580348,48.29927003284812,48.38992389287444,22116100
2021-07-13,48.63468933105469,48.94290557193675,48.625622215036415,48.67094742085317,29025300
2021-07-14,48.84318161010742,49.124199924007286,48.75252775232433,49.06981106742852,19739600
2021-07-15,48.96103286743164,49.214860244464674,48.85225168189836,49.042619621104485,33310600
2021-07-16,48.58029556274414,49.060748954660994,48.480578038061445,49.0244908659421,23386300
2021-07-19,47.764427185058594,47.85508105044288,47.510603278165355,47.818819504289166,33737900
2021-07-20,47.91853332519531,48.036381612044764,47.438079979096095,47.54686115106191,37946000
2021-07-21,48.22675323486328,48.23581689235256,47.61938444034046,47.66471310206097,24101400
2021-07-22,48.31740188598633,48.38085786037904,48.108903190397264,48.36272708796808,27160800
2021-07-23,47.60125732421875,47.77349795256971,47.347433397922565,47.76443083629248,31210100
2021-07-26,46.69473648071289,46.91230230280788,46.504368547686916,46.60408607205998,43701400
2021-07-27,45.75196075439453,45.842611163604566,45.17178983603084,45.69756843401364,73640700
2021-07-28,46.99388885498047,47.0845392632498,46.19615212146298,46.304936761095874,56446200
2021-07-29,47.22957992553711,47.39275341975791,47.039212001643264,47.365558990084864,43339400
2021-07-30,46.77632141113281,47.01201799740301,46.62221503080263,46.64034580344582,59797000
2021-08-02,47.11172866821289,47.365552532130955,47.05733635819154,47.18424829015057,40234700
2021-08-03,47.3111686706543,47.338366559567206,46.857909713808475,47.04828110383319,30589900
2021-08-04,47.5559196472168,47.85507216027348,47.45620214286457,47.664704265468714,32586600
2021-08-05,47.48340606689453,47.64657955693917,47.44714452286435,47.48340606689453,15941700
2021-08-06,47.084537506103516,47.31116697641068,46.94856189877399,47.293036203815156,36049500
2021-08-09,47.23865509033203,47.41089227109613,47.18426276362617,47.293043958946036,24062300
2021-08-10,47.302101135253906,47.46527462298876,47.238645163144916,47.43808019439666,15222600
2021-08-11,47.429012298583984,47.592185783632296,47.22051361393138,47.58312212694786,22374700
2021-08-12,47.01201629638672,47.04827784036107,46.82164837765815,47.03014706837389,25726000
2021-08-13,46.89417266845703,46.89417266845703,46.585956430222964,46.8125859154512,28396200
2021-08-16,46.46810531616211,46.513433976936476,46.26867373273835,46.49530320424499,46222700
2021-08-17,45.61597442626953,45.88792906873074,45.434670178598424,45.62504154060308,78463000
2021-08-18,45.68850326538086,46.132695097148336,45.67037249252016,45.951390826632675,42994800
2021-08-19,44.908897399902344,45.09020167072917,44.75478755936757,44.7910491051512,63275200
2021-08-20,44.87263870239258,44.95422545653877,44.51909725378959,44.53722802783225,44682100
2021-08-23,45.55252456665039,45.61598054313075,45.19898313823369,45.29870066072894,45453900
2021-08-24,46.5859489440918,46.65847202759466,46.23240755724273,46.23240755724273,51292000
2021-08-25,46.640342712402344,46.68566791196079,46.422776913194305,46.53156154184386,25272500
2021-08-26,46.196144104003906,46.40464277331102,46.15081890773554,46.350253921025306,29030600
2021-08-27,46.76725387573242,46.76725387573242,46.32305862803688,46.46810133906361,32971400
2021-08-30,46.86697006225586,46.93042603040442,46.62220984592959,46.83070852100214,18518900
2021-08-31,47.51060104370117,47.6103185618884,47.438081412895784,47.56499336037363,43226700
2021-09-01,48.11797332763672,48.299274146950104,47.80068997765536,47.80068997765536,35980500
2021-09-02,47.9004020690918,48.1632930686007,47.82787898312062,48.06357555443587,24988400
2021-09-03,48.154232025146484,48.21768800432633,47.9819948613857,48.000125635164444,21311000
2021-09-07,48.43525314331055,48.57123221567308,48.27207963971209,48.30834118675429,33509700
2021-09-08,47.7281608581543,48.154221848593906,47.619376238471574,48.14515819266573,53397900
2021-09-09,47.637508392333984,47.728162244703164,47.41087894854734,47.49246568663417,34707100
2021-09-10,47.583126068115234,48.05451233275267,47.57405895258873,48.000123471959085,40329300
2021-09-13,47.71003341674805,47.83694535714125,47.465273192522126,47.64657744655144,35318400
2021-09-14,47.3111686706543,47.610321242056415,47.22051826252169,47.58312681123492,35994400
2021-09-15,47.302101135253906,47.302101135253906,46.95762338802575,47.14799130435271,38735100
2021-09-16,46.76725387573242,46.803515418011855,46.459037682539254,46.622211164705696,43721300
2021-09-17,46.56782913208008,46.83978384303334,46.47717871445958,46.78539497569775,45481400
2021-09-20,45.316829681396484,45.70662918266369,44.93609037914561,45.461872401756054,52798200
2021-09-21,45.65224075317383,45.77915270242059,45.452805714019625,45.65224075317383,39347200
2021-09-22,46.223350524902344,46.54063041546788,46.06924067941948,46.07830779520218,46189200
2021-09-23,46.5859489440918,46.63127414223561,46.34118872440607,46.440906235177025,27138400
2021-09-24,46.03297805786133,46.1870878997466,45.98765285428026,46.09643403449309,29743500
2021-09-27,46.332130432128906,46.44091161188641,45.93326034286578,46.078306526664264,31181700
2021-09-28,45.73382568359375,46.15988671655618,45.588782967631644,46.10549785937734,44156300
2021-09-29,45.30776596069336,45.742894154372216,45.28963518702864,45.61598219681065,43140500
2021-09-30,45.670372009277344,45.99671900113417,45.579718145933064,45.833545505205755,66460100
2021-10-01,45.62504196166992,45.7882119821798,45.217108265167894,45.66130004506605,45259100
2021-10-04,44.954219818115234,45.28056679376765,44.67319804283874,45.24430525023047,43597100
2021-10-05,45.271507263183594,45.44374789479517,45.03581410688842,45.08113931485768,28761900
2021-10-06,45.017677307128906,45.06300250903206,44.51909317001178,44.60067991667394,57466000
2021-10-07,45.89699935913086,46.114561704918756,45.62504469785042,45.66130278342097,60345100
2021-10-08,46.06923294067383,46.150819678555884,45.90605946490972,46.014840629388836,24990600
2021-10-11,45.97858428955078,46.440906849680616,45.96045351843516,46.295864138846646,26808200
2021-10-12,45.74289321899414,46.06924022210282,45.706631672406196,46.00578424461962,29309400
2021-10-13,46.37745666503906,46.468107073834084,46.04204600278777,46.16895795833737,35305500
2021-10-14,46.52249526977539,46.66753798584433,46.35932178193644,46.622212785464875,23980900
2021-10-15,47.084537506103516,47.16612425373775,46.703801655871295,46.803519176101055,41223700
2021-10-18,46.96669387817383,47.102669488997236,46.74912805952846,46.78538960565125,26239000
2021-10-19,47.592185974121094,47.646578288718594,47.25677534599755,47.32929497403647,40639700
2021-10-20,47.583126068115234,47.700970905228914,47.47434143034534,47.700970905228914,27540300
2021-10-21,47.27490234375,47.338358310002754,47.1298596411593,47.220510033494435,35404000
2021-10-22,47.17518615722656,47.51966042421065,47.00294556564362,47.329292520126145,51231000
2021-10-25,47.419952392578125,47.49247202606272,47.15706137275238,47.39275450419148,32479900
2021-10-26,47.17518615722656,47.592183506580504,47.09359941860593,47.53779119480311,32195200
2021-10-27,46.7944450378418,47.11172832350868,46.74911984220103,46.88509888721409,32422100
2021-10-28,46.83977508544922,46.83977508544922,46.45903925291879,46.5859511970956,27363500
2021-10-29,46.15988540649414,46.29586446176426,45.91512863995356,46.223344834886944,51488900
2021-11-01,46.52249526977539,46.540626041545394,46.096430778408,46.13269232194802,31197400
2021-11-02,46.105499267578125,46.21428044334942,46.03297617833643,46.18708601392941,34098000
2021-11-03,46.32306671142578,46.39558980863995,45.8879385024156,46.051112013055864,49350800
2021-11-04,46.21427917480469,46.44997575027926,46.051105686581096,46.422777863514575,23722200
2021-11-05,46.15988540649414,46.39558197455022,46.00577903807296,46.377451203308134,23969900
2021-11-08,46.5859489440918,46.64034125671894,46.43184257878465,46.48623143332084,23735200
2021-11-09,46.40464782714844,46.75819269596347,46.32306108174361,46.613146519162726,28482200
2021-11-10,46.21427917480469,46.71286329633625,46.10549800201934,46.513431722578304,36032600
2021-11-11,47.01201629638672,47.138928242205765,46.812581262618984,46.82164837765815,55636800
2021-11-12,47.13893127441406,47.19332359387437,46.939496227817685,47.002952204809006,31956200
2021-11-15,46.98482131958008,47.2658396368765,46.93949266109512,47.24770886510074,31610700
2021-11-16,47.048282623291016,47.14799669222065,46.876042000948466,47.05734628116043,32898900
2021-11-17,46.80352020263672,47.120800084789096,46.667541134233495,47.10266931179591,22601900
2021-11-18,46.2324104309082,46.35932237683572,46.00578096801159,46.34119160483305,36719300
2021-11-19,46.15988540649414,46.440907173609915,46.13269097867652,46.28680080518873,36975700
2021-11-22,45.78822326660156,46.22335495550173,45.77009594948152,46.09643952901898,37116100
2021-11-23,45.74289321899414,45.969522698031675,45.54346162894327,45.79728553887606,38638200
2021-11-24,45.67943572998047,45.68850284537314,45.34402508036924,45.452806258442095,32810400
2021-11-26,44.14741897583008,44.519091147496724,43.97517837509531,44.482829604385074,58023300
2021-11-29,44.31965637207031,44.6188089173165,44.17461365688489,44.609741802441164,44405000
2021-11-30,44.27432632446289,44.573475378864764,43.83013111266529,44.31965151960369,81647500
2021-12-01,44.43750762939453,45.307763978682445,44.41031319913283,44.97235332578652,52613200
2021-12-02,44.981414794921875,45.29869811760236,44.73665456019961,44.97235113797268,73971400
2021-12-03,44.34684753417969,45.00860854769347,44.15647963291231,44.92702181028018,79115000
2021-12-06,44.69133377075195,44.718531660466574,44.12022650002602,44.31059789566234,54871300
2021-12-07,45.39841842651367,45.42561285712489,45.20804703796102,45.24430858417023,51825000
2021-12-08,45.5797233581543,45.70663532325788,45.29870499487971,45.41654984356635,38176500
2021-12-09,45.36215591430664,45.60691615886949,45.307763596151126,45.43467554708935,36476000
2021-12-10,45.39841842651367,45.46187440333409,45.23524492666362,45.353089764706475,42011300
2021-12-13,44.67844009399414,45.08301824223706,44.5681012367659,45.03704401069271,50773400
2021-12-14,44.577301025390625,44.69683685050849,44.38420712085297,44.42098791436763,42023900
2021-12-15,44.44857406616211,44.485354861588654,43.81412112929793,44.283063994352375,57129100
2021-12-16,44.503746032714844,44.97268890591886,44.42099099537181,44.79798538602124,60401000
2021-12-17,44.28306198120117,44.4577654901205,44.080771123161234,44.17272310754737,55420900
2021-12-20,43.62102508544922,43.66700283499006,43.354373079205395,43.66700283499006,40091700
2021-12-21,44.35662841796875,44.36582186360766,43.95204665765824,43.97963400979482,31786900
2021-12-22,44.568111419677734,44.586501818019116,44.13594582767989,44.22789431177696,27630800
2021-12-23,44.79798126220703,44.880736291932166,44.50374193598641,44.63247120275675,22174400
2021-12-27,45.000267028808594,45.06463165993684,44.80717313542386,44.80717313542386,27011600
2021-12-28,44.853153228759766,45.05544410021628,44.83476283066283,45.018663304022404,24529800
2021-12-29,44.65085983276367,44.788782538443215,44.44856898863583,44.77039214283075,27939200
2021-12-30,45.162376403808594,45.2819762643274,44.61958135620919,44.61958135620919,34900300
2021-12-31,44.94158172607422,45.40157745923563,44.93238335558612,45.061181599353084,30439000
2022-01-03,45.263572692871094,45.31876992483636,44.87717452167277,45.153174719452274,27572700
2022-01-04,45.107177734375,45.31877533765415,45.015179997119276,45.31877533765415,24579500
2022-01-05,44.371185302734375,45.21757922524187,44.36198693280535,44.8955801259066,46425100
2022-01-06,44.57358932495117,44.78518695093946,44.30679094499194,44.49078994873931,34288700
2022-01-07,44.97837829589844,45.06117766101039,44.61958221690951,44.79437931681758,32640900
2022-01-10,44.97837829589844,45.153178905295135,44.674782963480354,45.02437716329649,43581800
2022-01-11,46.01797103881836,46.036371288272754,45.2267778597231,45.36477797588669,57536400
2022-01-12,46.781558990478516,46.81835948694988,46.42276292360402,46.588361648236635,56499100
2022-01-13,46.119171142578125,46.62516572470105,46.08237064328113,46.588365225404054,33229000
2022-01-14,46.10076904296875,46.183568408319964,45.833970698004975,45.990371058996665,40642300
2022-01-18,45.28197479248047,45.5395712441586,45.21757567956094,45.27277291378429,45012000
2022-01-19,45.47517395019531,45.72357204260135,45.43837345291548,45.622372429826086,43998100
2022-01-20,45.741973876953125,46.49636654989901,45.6959714990143,46.23876656949865,58279500
2022-01-21,45.0795783996582,45.714371199421144,45.03357953176037,45.64997208246644,59673800
2022-01-24,44.44478225708008,44.453980626172346,43.41438944432618,44.37118126638834,87752800
2022-01-25,44.36198806762695,44.601184296276294,43.90199235065691,44.1871874491055,54804100
2022-01-26,43.80078887939453,44.69318161487235,43.708787638398185,44.61038225271989,55516700
2022-01-27,43.2947998046875,43.865193532944076,43.27639955416452,43.791592530852164,61062300
2022-01-28,43.50639343261719,43.53399205112683,42.92679787749444,43.38679356992772,48799200
2022-01-31,44.932376861572266,44.98757760498957,44.012385528214516,44.05838439298471,65614900
2022-02-01,45.20838165283203,45.20838165283203,44.71158540160575,45.097983655722544,50158000
2022-02-02,45.13478088378906,45.410777611286164,44.831182026900095,45.3831789913831,35128100
2022-02-03,44.65637969970703,44.877175652106416,44.499979349726445,44.57358034018517,38246800
2022-02-04,44.766780853271484,44.97837845162606,44.36198590548298,44.45398364059762,36644200
2022-02-07,44.674781799316406,44.93237825762382,44.536781691229706,44.57358218798463,31917100
2022-02-08,45.107177734375,45.116379613793804,44.58278291114217,44.601183160491054,25562200
2022-02-09,45.81557083129883,45.843172959638586,45.42917612942884,45.48437336713103,40082900
2022-02-10,45.51197814941406,46.10077211582957,45.42917877854382,45.43837714886769,55440700
2022-02-11,44.821983337402344,45.72357451252967,44.74838233886683,45.53037715560712,53838300
2022-02-14,44.509185791015625,44.729981766049306,44.26998605699227,44.62878214853856,59439800
2022-02-15,45.47517395019531,45.511974447475154,45.07037900858284,45.107175996374096,32938500
2022-02-16,45.806373596191406,45.99037258189681,45.38317838571112,45.419975375261195,47236800
2022-02-17,45.27277755737305,45.68677440395365,45.180779817905716,45.59477666448632,41245300
2022-02-18,44.821983337402344,45.1347805622007,44.729982089232955,45.1071784330055,41312300
2022-02-22,44.18718719482422,44.49998442094336,43.90199209801683,44.17798882471283,60704500
2022-02-23,43.671993255615234,44.40798568003018,43.58919388852551,44.38038706082984,38873700
2022-02-24,42.77040100097656,42.79799961946965,41.40881066384047,41.43641279182218,95679500
2022-02-25,43.56159210205078,43.60759448039768,42.74280030411379,42.95439790845233,58887800
2022-02-28,42.99119567871094,43.10159365886138,42.485201134408825,42.54960024862063,79366600
2022-03-01,42.420806884765625,43.110800481435234,42.172408768825896,42.779602993515596,72297300
2022-03-02,42.49440383911133,42.67840283112613,42.05280836396913,42.45760684829947,61858700
2022-03-03,41.89641189575195,42.41160486684958,41.81361252404142,42.328805495139044,57514100
2022-03-04,41.050018310546875,41.31681667848601,40.82002044359706,41.06841856104153,68351300
2022-03-07,39.51362991333008,40.49802039523066,39.47682941637396,40.35082191689474,77557700
2022-03-08,39.642425537109375,40.13922168489212,39.31122810525421,39.71602301669479,90831500
2022-03-09,40.76481628417969,40.86601238049484,40.12082166410249,40.26802013359257,59840900
2022-03-10,40.001224517822266,40.194421864072645,39.752826425719526,40.130022748655854,59158300
2022-03-11,39.16403579711914,40.27722461080217,39.15483742678217,40.23122574013961,72846700
2022-03-14,38.2164421081543,38.980033115446496,38.10604061762719,38.7040364081058,85651000
2022-03-15,38.27164077758789,38.33603989473016,37.53564836061287,37.68284684400787,85987500
2022-03-16,41.35361099243164,41.43641035252526,39.85402414161982,40.04722147867546,134225700
2022-03-17,41.14201736450195,41.215614853058796,40.617622536637725,40.99481887789952,80743600
2022-03-18,41.730812072753906,41.81361144232242,40.700422647725944,40.80161875765296,77755100
2022-03-21,41.08681869506836,41.26161581003871,40.77402145652373,41.12361919595336,58558700
2022-03-22,41.83201217651367,41.970008787733086,41.62961293533858,41.65721155568469,61380900
2022-03-23,41.55601119995117,42.01600691485604,41.32601334249874,41.427212961296014,76986600
2022-03-24,41.77680587768555,41.81360637291855,41.445608439565255,41.58360854194484,52016600
2022-03-25,41.44561004638672,41.46401029471659,41.169613340415715,41.3996111803063,39294500
2022-03-28,41.58361053466797,41.60201078316623,41.224814462673294,41.48241092267182,49757000
2022-03-29,42.2920036315918,42.41159998068159,42.071204162638665,42.30120200094928,54088200
2022-03-30,42.17240524291992,42.53120132167205,42.08040750818452,42.21840411028762,57717400
2022-03-31,41.53761291503906,42.00680698261896,41.51001078671884,41.97920836378739,74448400
2022-04-01,42.227603912353516,42.45760174736745,41.970003950685765,42.32880001178935,54193400
2022-04-04,42.97279357910156,43.03719269053895,42.632397774434175,42.779596244789396,48057700
2022-04-05,42.18160629272461,42.798002384979824,42.10800880215779,42.798002384979824,45058100
2022-04-06,41.629615783691406,41.960813288461125,41.427216528667884,41.90561253450314,56877100
2022-04-07,41.29841232299805,41.49160966975506,41.09601309716389,41.390413566326565,38954900
2022-04-08,41.33522033691406,41.556016342075885,41.28922146162945,41.418019716222055,41263400
2022-04-11,40.82001876831055,41.151216244643905,40.80161851857105,40.97641913635187,47878200
2022-04-12,40.691219329833984,41.188015529685885,40.65441883144006,41.15121503129196,41815200
2022-04-13,41.22481918334961,41.28921830572362,40.88441981138533,40.91202194203773,33529400
2022-04-14,40.691219329833984,41.02241679640192,40.66362071078289,41.004016547204955,38915000
2022-04-18,40.55322265625,40.74642000825711,40.35082342491568,40.47962165958709,29106500
2022-04-19,40.350826263427734,40.37842488437343,39.95522965225774,40.13002676739537,40066400
2022-04-20,40.11162185668945,40.40601881086971,40.03802437288865,40.3968204414528,36373300
2022-04-21,39.33882522583008,40.1944173890986,39.25602587101415,40.12081991231121,44857400
2022-04-22,38.98923873901367,39.67003044853954,38.98003685917504,39.4124339648799,68371900
2022-04-25,38.70404052734375,38.75924127848227,38.262445046702304,38.34524441866564,67643800
2022-04-26,37.85765075683594,38.501641984411904,37.85765075683594,38.45564311236919,70774400
2022-04-27,38.29924392700195,38.53844015283722,38.08764632082378,38.14284356013797,61594000
2022-04-28,38.85123062133789,38.906431360542136,38.216437913185814,38.61203443709582,43763100
2022-04-29,38.98923873901367,39.76203169948147,38.96163660898665,39.58723107743624,61703900
2022-05-02,38.93403625488281,39.0812347403469,38.46484217918126,38.87883550677551,55015700
2022-05-03,39.219234466552734,39.27443170462339,39.03523548417695,39.18243396817984,45593000
2022-05-04,39.642425537109375,39.71602301669479,38.58443413084852,38.82363383584984,57175300
2022-05-05,38.17963790893555,38.888031611757995,37.83004024181149,38.82363250327307,63268900
2022-05-06,37.655250549316406,37.940449163899096,37.43445105585095,37.82084929204327,67425600
2022-05-09,36.56966018676758,37.176854404206054,36.54206156626684,36.974455161896934,83251500
2022-05-10,36.74445343017578,37.16765212039786,36.42245785994121,37.12164974508849,69865000
2022-05-11,36.486854553222656,37.278047627007496,36.4592559374589,36.992849062658365,75198500
2022-05-12,36.24766159057617,36.56965716813539,35.833664769793906,36.10966148048589,73481300
2022-05-13,37.250450134277344,37.25964850331315,36.62485575519104,36.652454371786845,49196100
2022-05-16,37.10325622558594,37.25965308484423,36.891655107371236,36.97445447682822,32425000
2022-05-17,38.01404571533203,38.13364558423023,37.71045036749975,38.08764671449671,49516400
2022-05-18,37.10325622558594,37.903647790677574,37.04805547611834,37.74724742193047,53296300
2022-05-19,37.69205093383789,37.857649676055246,37.250455457754576,37.250455457754576,55163500
2022-05-20,37.848445892333984,38.23484410790053,37.3424513207845,38.096843993164896,59025400
2022-05-23,38.133644104003906,38.24404208897682,37.88524600569835,38.078443356773114,36619400
2022-05-24,37.47125244140625,37.572452065406196,37.121654697448896,37.54485344412947,46400400
2022-05-25,37.655250549316406,37.74724829105849,37.305652813616476,37.37005193473371,37863200
2022-05-26,38.244041442871094,38.33603917721284,37.590848404374306,37.590848404374306,51355800
2022-05-27,38.685638427734375,38.70403867723432,38.391241454712684,38.510841321717976,31262900
2022-05-31,39.228431701660156,39.688427389549204,39.228431701660156,39.67922901996641,72069000
2022-06-01,38.95243453979492,39.522828203515964,38.78683581331324,39.4768293371574,40495600
2022-06-02,39.62403106689453,39.64243131684566,39.007638486231436,39.1088345967294,44322300
2022-06-03,38.980037689208984,39.256034428934036,38.88803994579695,39.24683605838841,39337000
2022-06-06,39.1916389465332,39.771234610427456,39.09044282317706,39.67923685847122,43126000
2022-06-07,39.31123352050781,39.34803402011407,38.88803830350225,38.952437423068794,57455300
2022-06-08,39.52283477783203,39.6792351608534,39.35723602380428,39.50443452633016,43591800
2022-06-09,38.58759689331055,39.25562085977487,38.55976374114531,39.17211786396683,53116000
2022-06-10,38.16081237792969,38.57832743357043,38.06802928816898,38.50410096176186,44176700
2022-06-13,36.82475662231445,37.40000104252176,36.67630724855727,37.16804867481914,67647000
2022-06-14,37.33505630493164,37.49278222303728,37.10310392702636,37.20516000028226,58868400
2022-06-15,37.82680130004883,38.08658687939145,37.2608368256412,37.46495608901787,67577900
2022-06-16,36.66703414916992,36.852596768593436,36.42580168212559,36.694867303324045,68035800
2022-06-17,36.80620193481445,37.158770543185184,36.57424955497021,37.06599100697246,63646300
2022-06-21,37.40000534057617,37.557731269870125,37.279389104502016,37.3350589533007,35943900
2022-06-22,36.73197555541992,36.973204450448954,36.564969574510556,36.6299159516073,41337900
2022-06-23,36.843318939208984,37.03815810880225,36.51858698988688,36.843318939208984,44261600
2022-06-24,37.7154541015625,37.74328725140762,37.20515609232171,37.270102468168346,41176300
2022-06-27,37.7618522644043,37.98452459132204,37.696905874110556,37.965967974193426,27076400
2022-06-28,37.52989196777344,38.21646896060006,37.50205527827738,38.06801959409873,31095700
2022-06-29,37.381446838378906,37.52989622170666,37.26083060838996,37.446393222377765,33969200
2022-06-30,37.20515823364258,37.28866122729594,36.657750506206575,36.880426335719626,52233200
2022-07-01,36.97320556640625,36.98248564302137,36.527857450310094,36.75980981531719,44010400
2022-07-05,36.68559265136719,36.68559265136719,36.063958375231714,36.21240777054108,49452600
2022-07-06,36.462913513183594,36.564973126911624,36.14745813407533,36.416523744937884,36060300
2022-07-07,37.19588088989258,37.36288687357877,36.95465199085261,36.96392852802977,56831500
2022-07-08,37.19588088989258,37.353606797089455,36.93609537718613,37.075264670716514,20993400
2022-07-11,36.203128814697266,36.397967969411305,36.054679429299064,36.35157820009547,52682500
2022-07-12,36.0639533996582,36.249516003021895,35.887670873084446,36.05467686218054,24669600
2022-07-13,35.98045349121094,36.17529618807654,35.535105328527216,35.535105328527216,39435300
2022-07-14,35.65571975708008,35.720666139643534,35.303151152226775,35.60004991232038,43245400
2022-07-15,35.84128189086914,35.878391580903596,35.36809706497824,35.67427589812086,44468400
2022-07-18,36.091793060302734,36.592807529501584,36.0361232129195,36.4072484501826,38982900
2022-07-19,36.68559265136719,36.72270588502272,36.4350836331615,36.509306561159796,33006200
2022-07-20,36.52785873413086,36.648474959181186,36.360852742311124,36.54641534870109,38969800
2022-07-21,36.94537353515625,36.963930149636816,36.583528401066076,36.64847478209188,36814900
2022-07-22,36.574249267578125,36.93609795031427,36.40724681156998,36.8618714904774,25611800
2022-07-25,36.70414733886719,36.74125703125931,36.5464178737785,36.63920095304025,21653200
2022-07-26,36.416526794433594,36.80620512750391,36.351580405588535,36.71342558324319,22891400
2022-07-27,37.09382247924805,37.1866055505692,36.56497136031048,36.71342073511204,37678900
2022-07-28,37.251556396484375,37.30722270663796,36.731981752737155,37.14949677545253,37796700
2022-07-29,37.07526397705078,37.103100666685776,36.60208272500107,36.76908870556264,54050700
2022-08-01,36.75980758666992,37.028873163200366,36.472188936658476,36.69486121155043,34808000
2022-08-02,36.583526611328125,36.97320487841916,36.351574250637135,36.43507724205838,41014300
2022-08-03,36.871150970458984,36.94537388978136,36.49074921823691,36.63919859619401,34939500
2022-08-04,37.13093566894531,37.24227181510198,36.982486294299,37.11237905470049,31865200
2022-08-05,37.16804504394531,37.223711341596164,36.8711463254344,36.89897947425983,28488300
2022-08-08,37.214439392089844,37.43711168876334,37.1309363960092,37.23299600669802,39087300
2022-08-09,37.07526397705078,37.307216334573845,37.001041063085694,37.25155003392805,22828600
2022-08-10,37.5391731262207,37.576286357243106,37.18660804944541,37.325777356810654,27028200
2022-08-11,37.6876220703125,38.22575329590739,37.6133991484481,37.84535153065711,39235300
2022-08-12,38.086578369140625,38.105134983420584,37.669063396122226,37.68762001040219,24877900
2022-08-15,37.91029739379883,37.98452031464371,37.724734782717995,37.752567935620775,29734500
2022-08-16,37.90102005004883,38.00307967046946,37.780407352563245,37.817517046005825,20907000
2022-08-17,37.743289947509766,37.928852551460544,37.63195380086421,37.71545679567645,34206700
2022-08-18,37.52989196777344,37.63195157086412,37.35360591177605,37.60411488136806,30611900
2022-08-19,37.01959991455078,37.22371559477936,36.90826022790358,37.18660590520926,36042800
2022-08-22,36.69486618041992,36.834039025556855,36.657752949808405,36.72270287303479,26934100
2022-08-23,36.88970947265625,37.03815887245176,36.657757064268715,36.731983533822905,33028200
2022-08-24,36.88043212890625,37.10310799339727,36.56497671880976,36.59280987462884,23561600
2022-08-25,37.6783447265625,37.68762126435499,37.20515989496029,37.27938635454981,44653100
2022-08-26,37.12165451049805,38.003074195226404,37.084544822401995,37.965960967818184,41080900
2022-08-29,36.88970947265625,37.177331733209435,36.880432933618415,36.954659403172606,22689800
2022-08-30,36.45363998413086,37.01960440565542,36.314467128593996,37.01032432765283,34508600
2022-08-31,36.583526611328125,36.96392834128886,36.55569346062509,36.80619889557668,37142200
2022-09-01,36.29590606689453,36.30518614376062,35.924784396433836,36.2309596860811,38353400
2022-09-02,35.96189498901367,36.38869005276372,35.878391991683486,36.23096059589008,35916900
2022-09-06,35.53510665893555,35.88767529483562,35.50727350376094,35.8320054451737,50091500
2022-09-07,35.850555419921875,35.85983549613596,35.330984409919104,35.36809409683926,39074600
2022-09-08,35.65571975708008,35.69283298691988,35.36809753479022,35.47943722430963,55415100
2022-09-09,36.1845703125,36.2680733086398,35.97117455332325,35.980451090977745,26119600
2022-09-12,36.72270202636719,36.778368331688554,36.43507980472801,36.52785933980522,41791000
2022-09-13,35.59077453613281,36.156738922068385,35.52582815144964,36.00828953717647,44191300
2022-09-14,35.76705551147461,35.87839166044952,35.61860613307061,35.813445278604796,37146200
2022-09-15,35.386653900146484,35.73922250251331,35.321707518041066,35.50727012661899,47618900
2022-09-16,35.06192398071289,35.173260136457245,34.89491797744007,35.05264390313519,67125000
2022-09-19,35.17325973510742,35.201092888897776,34.7557447316895,34.77430134732057,33531700
2022-09-20,34.978416442871094,35.13614234811139,34.84852368812917,35.00624959336947,36967300
2022-09-21,34.393898010253906,34.996975603230254,34.3475082429432,34.774299765101524,62370500
2022-09-22,34.22689437866211,34.46812684822631,34.15267145370494,34.37534376788907,41989200
2022-09-23,33.38258361816406,33.64236913183227,33.21557763385959,33.5959793671504,49807100
2022-09-26,32.97434997558594,33.36402826076171,32.90940359472331,33.17846565573464,53011900
2022-09-27,32.93723678588867,33.42897468137975,32.78878740955294,33.19702230964813,47114100
2022-09-28,33.22486114501953,33.30836414580393,32.649616677699214,32.723843140313136,49946800
2022-09-29,32.482608795166016,32.65889486400966,32.21354673205241,32.640338249430734,43114100
2022-09-30,32.36199951171875,32.70528806923938,32.33416281726761,32.39910920546576,50082400
2022-10-03,32.890846252441406,32.97434924589012,32.43621805715125,32.584667430025384,41489700
2022-10-04,33.967105865478516,34.06916547527875,33.55886742627759,33.58670411760367,51598600
2022-10-05,33.98566818237305,34.10628088754517,33.633099527354545,33.87432847701169,30037200
2022-10-06,33.78154373168945,34.069165950656824,33.75371057928732,33.874323265904806,29747200
2022-10-07,33.076412200927734,33.52176036462249,33.02074235322367,33.46609051691842,35957400
2022-10-10,32.61250305175781,32.88156509799582,32.49188683421602,32.86300848458076,31109900
2022-10-11,32.092933654785156,32.48261198122728,31.99087403424669,32.250659585208105,46679000
2022-10-12,32.130043029785156,32.297049018011855,32.01870334475918,32.12076295304353,42471500
2022-10-13,32.22282028198242,32.399102795168794,31.239341036361573,31.313567487794998,51431200
2022-10-14,31.740360260009766,32.436217343671956,31.71252710924317,32.42694080652048,33384600
2022-10-17,32.61250305175781,32.723839192936026,32.389827230089274,32.389827230089274,51122100
2022-10-18,32.62178039550781,33.00218213164303,32.38055149377103,32.92795921545948,33911100
2022-10-19,32.027984619140625,32.29705022571299,31.907368392175016,32.11148761637645,31393700
2022-10-20,32.23210525512695,32.733119721174226,32.19499202377159,32.2599384089872,44240000
2022-10-21,32.72384262084961,32.76095585156743,32.03726200981983,32.157878239996506,43879500
2022-10-24,31.48057746887207,31.55480039043543,31.07234255199243,31.51769069930998,55046000
2022-10-25,31.740360260009766,31.8053066380066,31.499131361637556,31.526964512404152,31871500
2022-10-26,32.25993728637695,32.547559510403296,31.833145758579743,31.833145758579743,37973800
2022-10-27,32.009429931640625,32.33416186304817,31.972316699676163,32.037263085957676,34227600
2022-10-28,31.81458854675293,31.851701776120606,31.499133175752377,31.573356095175377,46296700
2022-10-31,31.72180938720703,31.796035855100534,31.471300367035646,31.471300367035646,44107400
2022-11-01,32.30632781982422,32.61250666613764,32.19499166630684,32.566113357802266,50932800
2022-11-02,32.03725814819336,32.770228439615245,32.00942499816612,32.38055018198562,47639100
2022-11-03,32.22282028198242,32.32487988304738,31.805305340949417,31.823861953807775,38319300
2022-11-04,33.58670425415039,33.58670425415039,33.09496281759667,33.42897480036906,70533600
2022-11-07,33.60525894165039,33.874320988510625,33.48464272382966,33.800098073990874,38404800
2022-11-08,33.846492767333984,34.02277531189004,33.54959398739083,33.67021022277793,36282400
2022-11-09,33.26197052001953,33.75371198186904,33.2155807509842,33.59598251997391,34148700
2022-11-10,34.46812438964844,34.49595754210799,34.022772714421436,34.16194555534392,53986900
2022-11-11,35.40521240234375,35.45160217213312,35.05264378118193,35.136146782527824,52270400
2022-11-14,35.19181823730469,35.44232725278476,35.05264538226707,35.21037485393055,42158100
2022-11-15,35.99900436401367,36.33301631756842,35.75777547495303,36.29590309177078,77069300
2022-11-16,35.42376708984375,35.73922246227737,35.36809724553933,35.69283269501321,49376500
2022-11-17,35.488712310791016,35.53510207653744,34.774298592496834,34.78357866923347,56473600
2022-11-18,35.28459548950195,35.39593518202598,35.1175894900284,35.3866551046594,45040200
2022-11-21,34.83924865722656,34.91347512172132,34.65368603530231,34.82997211882103,29250900
2022-11-22,34.92275619506836,34.93203627399159,34.69080377237071,34.755750167581006,33677500
2022-11-23,35.21037673950195,35.238209896274896,34.95986771060673,34.96914424976007,43490300
2022-11-25,35.043365478515625,35.14542509050107,35.015532325905916,35.1083118608132,19986900
2022-11-28,34.88563537597656,35.25676058735789,34.87635883838257,34.87635883838257,45015900
2022-11-29,35.63716125488281,35.79489070369271,35.544381724509144,35.62788471757033,50909500
2022-11-30,36.66703414916992,36.815483536846216,36.16601613852022,36.40724860556456,103403400
2022-12-01,36.546417236328125,36.843316006162,36.41652446693987,36.769093083359785,50195900
2022-12-02,36.68559265136719,36.79692881302101,36.19385115371331,36.19385115371331,47593700
2022-12-05,36.26807403564453,36.6948655625532,36.17529449999044,36.676308947559896,62268800
2022-12-06,36.2216796875,36.45363203661671,36.12889662426613,36.40724227465576,31558200
2022-12-07,36.00829315185547,36.1474624732988,35.88767690848761,35.95262329969041,46263200
2022-12-08,36.444358825683594,36.555698522537355,36.24024312674363,36.36085582269959,41138200
2022-12-09,36.203128814697266,36.56497397039835,36.203128814697266,36.50930412363182,48742700
2022-12-12,36.091793060302734,36.091793060302734,35.78561420866379,36.073236444508325,41524600
2022-12-13,36.349884033203125,36.933892563537626,36.27452623922066,36.83969891431694,60886900
2022-12-14,36.36872482299805,36.5476942004208,36.086140271656724,36.35930330177408,62300900
2022-12-15,35.530391693115234,36.21801546915094,35.50213072063583,36.0955608370943,48081300
2022-12-16,35.63400650024414,35.86007271815767,35.57748814913689,35.69994277990707,48065200
2022-12-19,35.662261962890625,35.89774968996385,35.596325686770726,35.89774968996385,22995200
2022-12-20,35.6528434753418,35.7941375609117,35.5021314609209,35.53981036284059,25688000
2022-12-21,35.97310256958008,35.97310256958008,35.52096658143834,35.59632437609067,23607700
2022-12-22,35.6528434753418,35.897752744561906,35.3890983484197,35.869495364751074,27011800
2022-12-23,35.605743408203125,35.709358582435286,35.42677403023874,35.59632548020817,19543300
2022-12-27,36.133235931396484,36.32162682396077,35.869490837760935,35.91658766258765,42338900
2022-12-28,35.605743408203125,36.07671885961655,35.58690395895569,36.03903996112167,31813900
2022-12-29,36.19917678833008,36.25569514123291,35.96368904112172,36.010785871911814,27088700
2022-12-30,35.6999397277832,36.08613944418739,35.5680635864742,35.92600592636947,38297800
2023-01-03,36.001365661621094,36.396983327096756,35.89775048449434,36.11439876700591,35557900
2023-01-04,37.0846061706543,37.12228506928378,36.434661338954754,36.64189168815934,57044200
2023-01-05,36.97157287597656,37.04693067284408,36.71724570143499,36.7266672226722,25175600
2023-01-06,37.74397277832031,37.76281222776217,36.98099124558406,37.207061045628805,49058000
2023-01-09,38.02656173706055,38.31856784733849,38.007722285437005,38.19611320841445,59967500
2023-01-10,38.29972457885742,38.30914250710163,37.94178222019774,38.130173124400606,34936500
2023-01-11,38.45985412597656,38.469272053246385,38.16784807501047,38.233784345671,41854800
2023-01-12,38.64824676513672,38.733022495324455,38.14901390584103,38.51637420556863,42088800
2023-01-13,38.90257263183594,38.930833603108624,38.59173069389744,38.601148622149914,32838900
2023-01-17,38.68592071533203,38.73301753868543,38.52579079727901,38.63882389197863,41016000
2023-01-18,38.422176361083984,39.072121159546256,38.40333691273267,39.02502433529665,54860300
2023-01-19,38.71418380737305,38.85547789155456,38.563471794433084,38.58231124520781,33834900
2023-01-20,39.30760955810547,39.30760955810547,38.86489149728851,38.98734611707441,42854900
2023-01-23,39.59019470214844,39.7785855985396,39.335867531008994,39.36412850108503,38252700
2023-01-24,39.61845397949219,39.64671135510343,39.38296626737902,39.43948101860149,34713300
2023-01-25,39.656131744384766,39.656131744384766,39.19457781221405,39.41122608961669,30325100
2023-01-26,40.03291702270508,40.061174402525644,39.759750373580026,39.97639866980607,28722100
2023-01-27,39.844520568847656,39.91987836224003,39.65612967862408,39.90103891389194,36989100
2023-01-30,39.04386901855469,39.392389876639456,39.02502956767742,39.213420483192216,38598300
2023-01-31,38.95908737182617,38.95908737182617,38.62940242141055,38.70476021347949,43197800
2023-02-01,39.439483642578125,39.590195644627386,38.87431453320777,39.1380596384796,51809100
2023-02-02,39.2039909362793,39.467739601315216,39.0156000593271,39.439478634155265,45943800
2023-02-03,38.506954193115234,38.99676909733064,38.41275694619445,38.7236024711467,42341000
2023-02-06,37.94178009033203,38.017137885086015,37.67803499520795,37.819329063742956,41471500
2023-02-07,38.092491149902344,38.24320314244692,37.7251308926535,37.99829750203348,31941600
2023-02-08,38.04539489746094,38.2432037169113,37.885264975027034,38.18668896464399,38255400
2023-02-09,38.224369049072266,38.61998670026257,38.09249290541799,38.58230780207563,27083800
2023-02-10,37.85700225830078,38.02655369379165,37.734551238535225,38.00771424615297,34463800
2023-02-13,38.16785430908203,38.24320851932022,37.904109183361626,37.988884915665736,20906700
2023-02-14,38.1019172668457,38.2808866566884,37.772232273020386,37.89468690462738,21664300
2023-02-15,37.78165054321289,37.78165054321289,37.461387098828915,37.527323373267606,31114000
2023-02-16,37.79106903076172,37.97004200110969,37.49906655199611,37.60267813246478,30045300
2023-02-17,37.37661361694336,37.4708072737166,37.22590161015156,37.367192095311424,35131700
2023-02-21,36.905635833740234,37.32009292812986,36.89621431269874,37.112866177563774,33984300
2023-02-22,36.72666549682617,36.924474314421744,36.61362880683668,36.802019696895144,37035500
2023-02-23,36.905635833740234,37.26357817491068,36.67014811330711,37.19764190065,28551700
2023-02-24,36.07672119140625,36.255694174195945,35.935430702804545,36.08614271326769,48596300
2023-02-27,36.26511001586914,36.35930366951643,36.18975221834526,36.29336739331181,24344400
2023-02-28,36.01077651977539,36.28394309797657,35.97309762762552,36.13323112263401,39670600
2023-03-01,36.783180236816406,36.93389223016357,36.7078260367715,36.89621333351244,39597500
2023-03-02,36.91505432128906,37.00925156684516,36.54769404676408,36.61363032202459,28952900
2023-03-03,37.2447395324707,37.282418430937575,36.990412357705594,37.03750918416042,20682400
2023-03-06,37.11286544799805,37.37661053985605,37.103443927141754,37.216477024615564,26014300
2023-03-07,36.491180419921875,36.9715738106963,36.4629194487533,36.96215588247852,36382400
2023-03-08,36.64189529418945,36.71724950560668,36.4911832780971,36.50060120705254,18795900
2023-03-09,35.831817626953125,36.34047203962075,35.75645982066549,36.27453216249008,40118900
2023-03-10,35.6434211730957,36.02962088724172,35.60574227579916,35.81297261767273,49329400
2023-03-13,35.6999397277832,35.95426330287839,35.46445200818901,35.539806209965285,43071400
2023-03-14,35.71877670288086,35.812973949625594,35.5303893959065,35.64342249874262,36333400
2023-03-15,35.10651397705078,35.115931905957176,34.75799311538815,34.936962510672664,53217000
2023-03-16,35.6434211730957,35.662260621743975,34.99347636438872,35.04999111707612,39880200
2023-03-17,35.42677307128906,35.6716787183615,35.304318451124125,35.61516396540648,40165600
2023-03-20,35.55865478515625,35.63401259953119,35.2666486443409,35.35142438888352,28310700
2023-03-21,35.87891387939453,35.973107542473784,35.690522959978104,35.831817047854905,27670600
2023-03-22,36.02020263671875,36.56653226959253,36.001363188239324,36.142653661948934,40375300
2023-03-23,36.51943588256836,36.93389297430923,36.34046650975564,36.70782677636237,39622100
2023-03-24,36.42524337768555,36.434664899892496,36.16149824801719,36.22743453043428,28044500
2023-03-27,36.22743225097656,36.25569322256133,36.03904134452805,36.17091749432238,36646700
2023-03-28,36.745506286621094,36.745506286621094,36.51001854073764,36.54769744246087,43707600
2023-03-29,36.84912109375,36.90563944575818,36.64189432290228,36.73608798299144,32173100
2023-03-30,37.21648025512695,37.31067750557957,37.06576824766046,37.16938342652949,32982200
2023-03-31,37.16938018798828,37.32009218232335,37.03750764210227,37.21647701248223,36174700
2023-04-03,37.2447395324707,37.2729969096921,37.03750918416042,37.15054228630352,19637700
2023-04-04,37.2447395324707,37.2729969096921,37.065766561381814,37.17880325678244,31518500
2023-04-05,36.952735900878906,37.19764516383836,36.82086334078894,37.16938419149211,35785500
2023-04-06,37.10344314575195,37.17880093798573,36.76434026721458,36.867955434907365,22277700
2023-04-10,37.1411247253418,37.15054265342282,36.92447644690266,36.9904127232425,20271700
2023-04-11,37.3671875,37.527321008730965,37.348351645567874,37.46138473844681,23177000
2023-04-12,37.10344314575195,37.5179038165231,37.02808894677548,37.489642847806785,30341900
2023-04-13,37.61210250854492,37.67803878896499,37.49906939829021,37.53674470620326,28752600
2023-04-14,37.4142951965332,37.60268252357182,37.23532220528541,37.44255257693741,26673200
2023-04-17,37.57442092895508,37.63093927668253,37.42370892827274,37.565003000962605,26173500
2023-04-18,37.52732849121094,37.68745843861257,37.43313482724032,37.640361606627266,23990600
2023-04-19,37.150543212890625,37.19764363377774,37.018670658225005,37.094028457038284,25851700
2023-04-20,37.094024658203125,37.320090844976065,36.9809879715594,37.10344258546147,29763400
2023-04-21,36.745506286621094,36.79260671040406,36.538279513658985,36.77376725954244,26632600
2023-04-24,36.66072463989258,36.71724298335932,36.538273618933864,36.66072463989258,19963200
2023-04-25,35.97310256958008,36.19917236027966,35.91658781684825,36.17091498391375,31095100
2023-04-26,36.18033218383789,36.444077273300906,36.15207480804038,36.4158198975034,45521300
2023-04-27,36.67015075683594,36.71724758566626,36.34988729022899,36.387566190596324,23496200
2023-04-28,36.85853958129883,36.8867969583477,36.660727162184195,36.67956661130261,22481000
2023-05-01,36.736083984375,36.99041115084233,36.68898715945677,36.70782660807554,16797000
2023-05-02,36.37813949584961,36.59478775226753,36.24626695657411,36.59478775226753,24041500
2023-05-03,36.32162857055664,36.56653422738679,36.2933675996957,36.415822224739564,18827800
2023-05-04,36.61363220214844,36.73608683103069,36.528856473423446,36.6230537238166,29417100
2023-05-05,37.10344314575195,37.131700521210966,36.726664964355,36.78317971527302,18248200
2023-05-08,37.122283935546875,37.25415648346504,37.05634766158779,37.23531703472567,19721300
2023-05-09,36.89621353149414,36.92447450076281,36.70782623374233,36.74550153733827,17294900
2023-05-10,36.87738037109375,36.98099195512558,36.67956794478765,36.85854092129043,22410300
2023-05-11,36.745506286621094,36.754927808680826,36.453503781410625,36.557118964520605,34620300
2023-05-12,36.31220626831055,36.50059716588274,36.23685206523618,36.49117923797,32789300
2023-05-15,36.980995178222656,37.028095603464855,36.58537747764547,36.69841059305925,28911000
2023-05-16,36.71724319458008,36.87737670536173,36.698403746649454,36.72666471517403,24887200
2023-05-17,36.88679504394531,36.93389186766831,36.651307332073024,36.71724360393668,24358200
2023-05-18,36.688987731933594,36.76434193432707,36.52885421280408,36.745502485414335,30378900
2023-05-19,36.71724319458008,36.82085836156986,36.641888996114865,36.78317946570861,26847500
2023-05-22,37.018672943115234,37.17880647884851,36.98099404138296,36.98099404138296,30254000
2023-05-23,36.4440803527832,36.78318326403651,36.42524090290717,36.68898960791399,43844500
2023-05-24,36.17091751098633,36.425241102562666,36.15207806100703,36.406405245841036,31559600
2023-05-25,36.09556198120117,36.27453137737378,36.02962569875559,36.27453137737378,28492700
2023-05-26,36.736083984375,36.802020257912,36.41582054437066,36.41582054437066,24941700
2023-05-30,36.31220626831055,36.651309165288986,36.20859109498297,36.64189123737625,25536900
2023-05-31,35.97310256958008,36.02962091556933,35.70935747481175,36.0202029878665,35917900
2023-06-01,36.61363220214844,36.63247165222707,36.01078417266301,36.02962362274164,32875300
2023-06-02,37.2447395324707,37.338933185380355,37.19764270601588,37.20706063400383,53717000
2023-06-05,37.23531723022461,37.254156679062895,37.0657657839375,37.14112357929064,16947400
2023-06-06,37.564998626708984,37.61209544770224,37.122280604206715,37.15995949830416,35447700
2023-06-07,37.403621673583984,37.75487293073832,37.346660542123146,37.555514402737884,44313300
2023-06-08,37.669429779052734,37.70740386340169,37.42260185219257,37.43209718398381,26886800
2023-06-09,37.840309143066406,38.02068060973314,37.802335059113,37.81183039080533,22199200
2023-06-12,37.91625213623047,37.963721549931506,37.80233351044517,37.85929463404173,25267100
2023-06-13,38.295989990234375,38.41940396109281,38.191563062693255,38.324468744506234,35053100
2023-06-14,38.58078384399414,38.6662237181346,38.28649376082751,38.30547718049624,37898300
2023-06-15,38.9415283203125,38.960515360383965,38.694700420791,38.77064858107688,36328400
2023-06-16,38.80862808227539,39.00798659876217,38.704201157999044,39.00798659876217,40001900
2023-06-20,38.049163818359375,38.3054798371496,37.93524156399922,38.248522331377565,50477100
2023-06-21,37.8687858581543,37.93523869079391,37.72638848310132,37.840307107425254,20771300
2023-06-22,37.73588562011719,37.78335141862813,37.57450118089833,37.631458690548136,22804200
2023-06-23,37.18526840209961,37.24222952731329,37.08084510465308,37.24222952731329,26321700
2023-06-26,37.308685302734375,37.47956507043336,37.27071121626611,37.337167678289674,18302400
2023-06-27,37.688419342041016,37.707406385485456,37.51753957244935,37.612471168263276,21799500
2023-06-28,37.460575103759766,37.50804089743674,37.308682391148686,37.39412226833041,21628400
2023-06-29,37.26121520996094,37.28969396082506,37.16628362614199,37.175775335960765,23278300
2023-06-30,37.55550765991211,37.707400361794754,37.47006778876514,37.55550765991211,23366700
2023-07-03,37.97321319580078,38.17257169594086,37.92574740358759,37.98270490568029,15417000
2023-07-05,37.7453727722168,37.83081264778003,37.67891993804626,37.81182922779519,15853800
2023-07-06,36.976417541503906,37.24222887838695,36.84351187306238,37.18526775416579,36352500
2023-07-07,37.39411926269531,37.593477752959494,37.09033386189057,37.09982919270752,21518600
2023-07-10,37.42259979248047,37.44158683360991,37.15678845948389,37.166283790752516,22273400
2023-07-11,37.80233383178711,37.821320873147364,37.48905670286256,37.65044112231294,19616000
2023-07-12,38.647239685058594,38.67572205959412,38.36244128955984,38.38142833211417,61015900
2023-07-13,39.15038299560547,39.226327536144055,38.83710225968862,38.85608930017519,44062400
2023-07-14,38.93204116821289,39.074442187959974,38.90356241282682,39.055455143899806,26724500
2023-07-17,38.97950744628906,38.98899915684968,38.60926554907961,38.77065359987472,25782900
2023-07-18,38.6947021484375,38.846594854383376,38.58078352433004,38.761158602358606,29377700
2023-07-19,38.6187629699707,38.913056712981515,38.571297171783996,38.75166865345679,26941200
2023-07-20,38.333961486816406,38.54281170637936,38.27700036071307,38.44788011761511,31226700
2023-07-21,38.277000427246094,38.47635893684234,38.24852167484891,38.43838847411542,21620500
2023-07-24,38.799129486083984,38.94153048382772,38.37193011426058,38.40990419651328,47123600
2023-07-25,39.12190246582031,39.30227754822996,39.10291542443994,39.27379517545547,32437300
2023-07-26,39.3497428894043,39.46366151497138,38.9320352266453,38.95102226780778,34963100
2023-07-27,38.86558532714844,39.40670336619953,38.827614863364985,39.37822461300992,37548500
2023-07-28,39.805423736572266,39.8339024895606,39.558595805979806,39.62505226529936,34529000
2023-07-31,39.82440948486328,39.87187527877071,39.606063935762776,39.67251677151476,28029100
2023-08-01,39.321258544921875,39.5396076966359,39.27379275510007,39.50163361621541,34635600
2023-08-02,38.38142776489258,38.68521319845616,38.29598788536482,38.68521319845616,35588700
2023-08-03,38.533321380615234,38.67572239028623,38.39092037094424,38.428894456377584,20893600
2023-08-04,38.4858512878418,38.84659419495976,38.4383854970534,38.637743991209284,29249200
2023-08-07,38.42889404296875,38.590282093620246,38.267509613725316,38.590282093620246,19419100
2023-08-08,37.963722229003906,37.973213939069204,37.6599331857961,37.849799979773024,22600700
2023-08-09,38.058650970458984,38.23902241948022,37.90675827091278,38.21054367000519,27936800
2023-08-10,38.1156120300293,38.63774295754869,38.04915920042179,38.33395755894077,26321200
2023-08-11,37.55550765991211,37.71689207129656,37.46057245785567,37.688413321383464,32303600
2023-08-14,37.37514114379883,37.45108932283242,37.06186395880649,37.19476965070679,25510000
2023-08-15,36.94793701171875,37.19476494091482,36.90047121653736,37.19476494091482,31837500
2023-08-16,36.61567306518555,36.91945850203675,36.606181354649976,36.739087030596366,37596400
2023-08-17,36.70111083984375,37.09033613481483,36.67263208846299,37.071349093425034,35544200
2023-08-18,36.45428466796875,36.53022920821053,36.27390959475516,36.32137538508223,33913100
2023-08-21,36.53972625732422,36.56820500857808,36.33087242437501,36.39732525823924,24331900
2023-08-22,36.46377944946289,36.72009908451261,36.40681832342696,36.68212500048866,26689500
2023-08-23,37.04287338256836,37.09033917923496,36.72010089526406,36.739087938212336,27643300
2023-08-24,36.90046691894531,37.251721729476564,36.8909752095777,37.17577356890517,25776700
2023-08-25,36.938446044921875,37.01439421586758,36.62516889329113,36.9099672915213,20154800
2023-08-28,37.299190521240234,37.33716460458236,37.13780247774015,37.20425531288492,21426800
2023-08-29,37.77385711669922,37.802335869570854,37.299191921329005,37.40361884373574,30243400
2023-08-30,37.65044403076172,37.75487095560603,37.54601710591741,37.565004148744386,16164200
2023-08-31,37.18526840209961,37.39412223980852,37.12831089829385,37.37513519807062,35424700
2023-09-01,37.62196731567383,37.811834132822916,37.53652742902715,37.69791186968847,26152300
2023-09-05,37.318180084228516,37.46057747427037,37.28020599832076,37.42260338836262,23571600
2023-09-06,37.10932540893555,37.42260255719619,37.05236428133903,37.232739374690624,29118500
2023-09-07,36.672630310058594,36.76756189099608,36.59668214818247,36.73908314099637,23907500
2023-09-08,36.74858093261719,36.86250319428614,36.69162342319099,36.77706330873856,15126500
2023-09-11,37.20425796508789,37.22324500811249,37.01439477765818,37.15679216823046,20748000
2023-09-12,37.090335845947266,37.204254471990936,36.91945609617785,36.928951427502724,26259600
2023-09-13,37.04287338256836,37.1757790617981,36.97642054295349,37.052365093338416,20707900
2023-09-14,37.28969192504883,37.38462712509272,37.147294557094376,37.26121317573946,22611200
2023-09-15,37.14729690551758,37.356147116002305,37.10932282309933,37.29918961378275,32981700
2023-09-18,37.09983444213867,37.11881786364334,36.92895467733146,37.03337798123974,22967000
2023-09-19,36.88148498535156,37.00489895266396,36.80554043567263,36.93844611366685,17394800
2023-09-20,36.72958755493164,37.12830815919642,36.72958755493164,36.98590716737165,24521800
2023-09-21,36.09354019165039,36.26441994365325,36.08404486020141,36.16948473620284,33915600
2023-09-22,36.5207405090332,36.74857776994632,36.49225813536309,36.682124933729334,40006500
2023-09-25,36.359352111816406,36.397326195404546,36.21695473047279,36.21695473047279,29050100
2023-09-26,35.84671401977539,36.10303366026498,35.81823526685701,35.99860673768684,39426100
2023-09-27,35.90367126464844,36.055563966135274,35.72329981332271,36.02708521629639,27723500
2023-09-28,35.99860763549805,36.036581721275,35.67583877061834,35.74229161002395,31425500
2023-09-29,36.02709197998047,36.38783857176573,35.96063913694218,36.38783857176573,41783600
2023-10-02,35.84671401977539,36.00810206959834,35.75178242910875,35.96063627426502,30529200
2023-10-03,35.372047424316406,35.64735409632986,35.315089920732866,35.50495671596311,52953900
2023-10-04,35.26762390136719,35.372047197737416,35.144209942046885,35.30559436304369,36174300
2023-10-05,35.40053176879883,35.42901052217644,35.1537038348325,35.27711780181566,27725900
2023-10-06,35.91317367553711,35.99860994189687,35.334081505265104,35.39103901617162,33737600
2023-10-09,35.742286682128906,35.75177839156043,35.37204482896214,35.42900594977417,21799900
2023-10-10,36.25492477416992,36.31188589889464,35.951139351787226,35.97962172485353,35189100
2023-10-11,36.48276901245117,36.615674694310876,36.33087628726747,36.52074309909915,24577700
2023-10-12,36.07455062866211,36.577694518053534,35.97961904925499,36.558707477890586,36022000
2023-10-13,35.941646575927734,36.226444948290414,35.856206702078154,36.10303099241706,26187900
2023-10-16,36.207454681396484,36.29289454763385,35.894177586131114,35.94164337372799,21117700
2023-10-17,36.11252975463867,36.29290122927678,35.90367590507277,35.91317123718474,24251700
2023-10-18,35.56191635131836,35.81823599703318,35.504958844320484,35.77077020073224,29849100
2023-10-19,35.353065490722656,35.64735559536747,35.3340784482604,35.45748879215297,28401800
2023-10-20,34.92586898803711,35.17269331771919,34.89738661127537,35.04927934217397,39070000
2023-10-23,34.89738082885742,35.039781824845484,34.53663791612778,34.669543580965836,34568600
2023-10-24,35.34356689453125,35.410019726307674,35.0207944452996,35.0207944452996,33962200
2023-10-25,34.87839889526367,35.125223194562736,34.84042481186138,34.9828221925081,25267400
2023-10-26,34.70751953125,34.79295940916099,34.55562681734245,34.62207965333901,28415700
2023-10-27,34.679039001464844,35.07775966005102,34.62208149410121,35.02079853127924,34216900
2023-10-30,35.0397834777832,35.26762435783053,34.91636951686557,35.22015494265672,30506700
2023-10-31,34.84042739868164,34.85941444179253,34.56512070568602,34.75498751538673,37734300
2023-11-01,35.1631965637207,35.18218360503618,34.79295831158852,34.83092877281163,27879300
2023-11-02,35.7802619934082,35.80874436838052,35.57141176492394,35.68533040058882,33661400
2023-11-03,36.51124572753906,36.587193896593234,36.235939046829735,36.254926089093274,41736500
2023-11-06,36.805538177490234,37.01439201375739,36.758072384177126,36.98590964064321,32347100
2023-11-07,36.73908615112305,36.76756490345609,36.406818347802954,36.57769810461718,18218400
2023-11-08,36.49225997924805,36.6631397442711,36.416315428908995,36.520742354357324,18963500
2023-11-09,36.1505012512207,36.577697009053054,36.10303183687678,36.473270091749015,25631100
2023-11-10,36.40681457519531,36.40681457519531,36.0935374677708,36.15049858794235,18540300
2023-11-13,36.39732360839844,36.539724601028574,36.207456825360815,36.28340498713893,23437400
2023-11-14,37.36564254760742,37.42260004997986,36.938443172774996,36.94793488270112,66042500
2023-11-15,37.678924560546875,37.887778420081226,37.59348467450176,37.678924560546875,43281700
2023-11-16,37.318180084228516,37.48905984940527,37.15679202982462,37.251727244594015,22868300
2023-11-17,37.36564254760742,37.43209538131382,37.25172392145472,37.32766846508724,28460900
2023-11-20,37.830810546875,37.897263377355124,37.517533434812634,37.53652047515091,35801100
2023-11-21,37.593475341796875,37.81182447969051,37.51753080717042,37.735876323656655,20929700
2023-11-22,37.517539978027344,37.63145861851721,37.384634293887785,37.54601873279774,20006500
2023-11-24,37.536521911621094,37.56500066251452,37.33716341255155,37.36564216344497,11365000
2023-11-27,37.38462829589844,37.42259875569756,37.280201383283526,37.37513296489288,22925200
2023-11-28,37.69790267944336,37.76435550603398,37.48905249076174,37.55550531735236,35006700
2023-11-29,37.47956466674805,37.7074055616954,37.44159058068879,37.5080434205884,26049200
2023-11-30,37.55550765991211,37.6029734502365,37.299188046471215,37.56499936941392,30482700
2023-12-01,37.716896057128906,37.716896057128906,37.2232438184904,37.29919198816158,27140200
2023-12-04,37.28969192504883,37.4985457437378,37.20425205571312,37.42259758370268,28074900
2023-12-05,37.061859130859375,37.10932492586789,36.87199232941731,36.95743220899584,25462300
2023-12-06,37.0143928527832,37.30868295084005,37.004897521060606,37.28969590880284,23069000
2023-12-07,37.19476318359375,37.213750225050845,37.02388343188779,37.13780205922247,19735000
2023-12-08,37.03337478637695,37.1567887439593,36.88148207758632,36.957430242685554,25195400
2023-12-11,37.25172424316406,37.26121595317216,36.98590928463504,37.03337507749127,20426400
2023-12-12,37.26121520996094,37.28020225100629,36.96692150586973,37.13780125387007,20278300
2023-12-13,37.63145446777344,37.65044150932886,36.86249920252214,37.04287066518684,42607800
2023-12-14,38.18206787109375,38.239025374445276,37.87828244852598,37.87828244852598,51998900
2023-12-15,37.954227447509766,38.239025831898104,37.954227447509766,38.14409424423797,37110300
2023-12-18,37.93524169921875,37.96372407361434,37.76436193847747,37.92574998869226,37419400
2023-12-19,38.25801467895508,38.31497580708369,38.06814787326781,38.09663024803617,33688600
2023-12-20,37.569305419921875,38.06261856693667,37.52094196470789,38.00458389663794,44766600
2023-12-21,38.27542495727539,38.30444229451681,38.02393275809391,38.09164233825413,33402800
2023-12-22,38.091644287109375,38.16902508701059,37.93687899741139,37.97556755241421,17082900
2023-12-26,38.39149856567383,38.468883052659436,38.28510043091177,38.401173471494744,16173200
2023-12-27,38.61397171020508,38.67201007285799,38.51724479567883,38.58495437382626,30120600
2023-12-28,38.91383361816406,39.11696236601693,38.90416240203105,38.96219707862015,36660400
2023-12-29,38.89448928833008,39.09761804554348,38.855797042224,38.8848180717514,48758200
2024-01-02,38.43986129760742,38.64299001775862,38.35280560470048,38.526916990514366,20839200
2024-01-03,38.2270622253418,38.35281017227092,38.03360469696516,38.043279602826495,32220700
2024-01-04,38.10131072998047,38.3044394554053,38.091639514915286,38.10131072998047,20922700
2024-01-05,38.14967727661133,38.41084438327664,38.09164260172708,38.15935218235564,21875600
2024-01-08,38.25607681274414,38.27542293318048,37.84981935326668,37.888507904244165,16208600
2024-01-09,37.71440124511719,37.80145694454528,37.63701676122764,37.704726339683354,31344300
2024-01-10,37.62734603881836,37.69505561816145,37.54029033824935,37.66603459137489,20149400
2024-01-11,37.78211212158203,37.888510255742545,37.5112701085591,37.83047558072688,24682100
2024-01-12,37.91753005981445,38.207714495216784,37.88850903334752,38.05294921700919,21605800
2024-01-16,36.99860763549805,37.26944593546206,36.940569275550715,37.250099815479615,44484400
2024-01-17,36.44725799560547,36.466604116577834,36.25380047577708,36.27314659674945,50591600
2024-01-18,36.74711608886719,36.78580463960379,36.5923508162353,36.72776996855131,31884600
2024-01-19,37.134029388427734,37.16304672548785,36.69875088304921,36.83417373241891,31372000
2024-01-22,36.80514907836914,36.90187967552912,36.66972993224015,36.70842217110415,25753700
2024-01-23,37.124359130859375,37.17272259050625,36.94057281834763,36.95991894018547,34710400
2024-01-24,37.54029083251953,37.81112915345783,37.501598589558235,37.79178303197718,38215800
2024-01-25,37.588653564453125,37.74341884341035,37.47258052770903,37.69505538559159,23157000
2024-01-26,37.61766815185547,37.72406996521749,37.52094124328728,37.54995857787873,21031500
2024-01-29,37.63701629638672,37.73374321015873,37.433887563528366,37.724071994739624,24133600
2024-01-30,37.337158203125,37.3468331087615,37.15337558488044,37.230760070391014,22928200
2024-01-31,37.134029388427734,37.46290607139202,37.01795635029191,37.20173896816491,37689700
2024-02-01,37.491920471191406,37.511266591014284,37.26944562807088,37.35650132232631,22048300
2024-02-02,37.38552474975586,37.42421330199305,37.19206722898871,37.327486386557126,29803500
2024-02-05,37.43388366699219,37.53061057069578,37.23075495527773,37.288789621541945,26934900
2024-02-06,38.28510284423828,38.30444527730852,37.946551227178574,38.023935719042164,41288400
2024-02-07,38.33346176147461,38.38182521820703,38.17869648599374,38.207713822054146,22270000
2024-02-08,38.12065505981445,38.2077107508933,38.01425324961865,38.16901851265938,23485800
2024-02-09,38.28510284423828,38.34313752324031,37.96589735014447,38.1690261064429,22416400
2024-02-12,38.58495330810547,38.78808203693731,38.333461123346304,38.3431323385737,33026500
2024-02-13,37.85948944091797,38.23672955345268,37.675706837089415,38.09163918934437,42252400
2024-02-14,38.40116882324219,38.439861062051506,38.236728653250076,38.31411313086871,28923100
2024-02-15,38.58495330810547,38.604299428455434,38.410841914850984,38.43018803520095,27273300
2024-02-16,38.76873779296875,38.89448203451872,38.681682100413774,38.73971676885376,36729000
2024-02-20,38.82677459716797,39.00088599185533,38.7300476845173,38.92350519971383,32493800
2024-02-21,38.89448928833008,39.01056602664832,38.76874502332884,38.90416419480444,29069400
2024-02-22,39.291072845458984,39.32976508886612,39.107290224118245,39.24270938614778,32548100
2024-02-23,39.271724700927734,39.32976306304896,39.136305545873434,39.26205348552181,37973600
2024-02-26,39.09761428833008,39.16532755745643,39.02990470909906,39.05892573583758,23804700
2024-02-27,39.17499923706055,39.233037601329634,39.126635778450655,39.204016574247404,21206300
2024-02-28,38.66233825683594,38.826774746955486,38.59462867974022,38.807428626371674,31288900
2024-02-29,38.68168640136719,38.875140237536954,38.62364803657901,38.86546902168663,43973800
2024-03-01,39.15565490722656,39.23303939645945,38.884816574702526,38.962197374039874,35477300
2024-03-04,39.0685920715332,39.213686117416565,39.020228619537036,39.213686117416565,38144500
2024-03-05,38.720375061035156,38.971870952579394,38.65266548021064,38.875140344333374,32915100
2024-03-06,39.28139877319336,39.43616404567265,39.22336041230294,39.31041610869099,45875000
2024-03-07,39.523223876953125,39.552241215486525,39.26205676046586,39.33943755985345,26916100
2024-03-08,39.48453140258789,39.77471585592025,39.43616794201508,39.64897159641006,30341400
2024-03-11,39.57158279418945,39.70700194499054,39.53289055399054,39.56191157908729,22761600
2024-03-12,40.00686264038086,40.02620876114217,39.72634942418465,39.900460821141245,37392400
2024-03-13,39.88111877441406,39.95850326536449,39.81340918978024,39.842426528938844,25742900
2024-03-14,39.677982330322266,39.95849552080648,39.5715805208355,39.910128378388926,31566200
2024-03-15,39.436161041259766,39.581251397589476,39.37812268479095,39.50387061219261,32816600
2024-03-18,39.503875732421875,39.70700447154859,39.45551227404342,39.668312228887686,23107900
2024-03-19,39.31041717529297,39.387801658579846,39.097613536149304,39.252382502723066,23851800
2024-03-20,39.75536346435547,39.774709583512845,39.32975991257804,39.38779827005016,32308000
2024-03-21,39.80373764038086,40.035883731498906,39.78439151780509,40.02621251515881,27655700
2024-03-22,39.523223876953125,39.6199507986615,39.45551429377815,39.56191612159469,30355600
2024-03-25,39.55223846435547,39.61027682728085,39.465182764915035,39.465182764915035,12894800
2024-03-26,39.523223876953125,39.66831425951569,39.50387775463234,39.64897182709045,15363300
2024-03-27,39.5909309387207,39.5909309387207,39.40714832322104,39.50387523876922,21819500
2024-03-28,39.73602294921875,39.85209597985942,39.67798458895086,39.67798458895086,28296300
2024-04-01,39.80373764038086,40.1035933155663,39.716681933737696,39.910135779704206,20857100
2024-04-02,39.92947769165039,40.07457175072045,39.89078914047422,39.93915259686584,22346100
2024-04-03,39.958499908447266,40.05522682411365,39.70700402388216,39.74569626610685,33272500
2024-04-04,39.81340408325195,40.42279395669067,39.79405796299571,40.35508438074139,33317700
2024-04-05,39.90045928955078,39.98751498468742,39.68765565924008,39.76504013931492,31564000
2024-04-08,40.161624908447266,40.23900569580142,40.09391533580177,40.11326145511405,18452500
2024-04-09,40.43246841430664,40.50017799568582,40.23901088612523,40.42279719835052,23963700
2024-04-10,39.88111877441406,39.9875206045231,39.71668226598782,39.93915714262689,37281800
2024-04-11,40.1229362487793,40.19064582746447,39.87144405507654,40.171299706426524,23648600
2024-04-12,39.20401382446289,39.561911510842805,39.11695812911306,39.552236605862205,50234600
2024-04-15,38.95252227783203,39.43616421767614,38.88481270144547,39.43616421767614,31290100
2024-04-16,38.43986129760742,38.6139689935263,38.32378458046816,38.430186392898314,43707900
2024-04-17,38.41084289550781,38.66233877658301,38.29476986033978,38.642992655739135,26019400
2024-04-18,38.565608978271484,38.78808383778231,38.47855327760244,38.59463000509139,20581900
2024-04-19,38.41084289550781,38.50757349972722,38.28509864486547,38.41084289550781,29537400
2024-04-22,38.82677459716797,38.89448417400248,38.459205687284076,38.488226712995434,25738800
2024-04-23,39.14598083496094,39.184669386859156,38.84612149590429,38.86546761680104,21907100
2024-04-24,39.28139877319336,39.41681792537584,39.1556508362117,39.38780058987821,18118100
2024-04-25,39.36845779418945,39.41682125406811,38.90416193754248,38.95252539742115,21962500
2024-04-26,39.82307815551758,39.8327530612874,39.67798777802903,39.7360261429617,24407700
2024-04-29,40.209991455078125,40.219666360426025,39.96817047991413,40.016533936967875,31041200
2024-04-30,39.64896774291992,39.968169503593586,39.64896774291992,39.83275035119293,32748700
2024-05-01,39.68765640258789,40.12293488642385,39.63929294658283,39.71667742810707,34489500
2024-05-02,40.712982177734375,40.80970909814144,40.09392103137998,40.219668979825556,48855700
2024-05-03,41.08055114746094,41.09989726953575,40.790363006234244,40.954803198922406,31815100
2024-05-06,41.119239807128906,41.14826083526327,41.01284167028792,41.08055125277559,19706300
2024-05-07,40.887088775634766,40.99349058950066,40.83872532112164,40.925781015203285,21316800
2024-05-08,40.89676284790039,40.9161089690363,40.6259245317883,40.6259245317883,18933700
2024-05-09,41.02251052856445,41.03218174412304,40.78068955075167,40.86774525036008,22204400
2024-05-10,41.10956573486328,41.34171549433171,41.06120227786014,41.29334834743332,28056400
2024-05-13,41.419097900390625,41.554517061230655,41.37073444150424,41.39008056303787,22233800
2024-05-14,41.641571044921875,41.660917165657224,41.438442312043556,41.457788432778905,24295800
2024-05-15,42.08652114868164,42.08652114868164,41.73830204185019,41.941430776642356,30011900
2024-05-16,42.17357635498047,42.27030695843811,42.02848598463686,42.125212898199266,27395100
2024-05-17,42.357364654541016,42.43474545106184,42.125214885187724,42.20259937160396,30865100
2024-05-20,42.202598571777344,42.27997936683165,42.07685062868185,42.1058679655903,24234000
2024-05-21,41.941429138183594,42.00913871380254,41.825356107107545,41.941429138183594,18470000
2024-05-22,41.80601501464844,42.0091437659341,41.71895930839807,41.98012642714917,23030800
2024-05-23,41.496482849121094,42.04783440434212,41.4190983621239,42.01881337677045,28607000
2024-05-24,41.612552642822266,41.71895445919349,41.53516816186314,41.564189187170385,20986300
2024-05-28,41.55451583862305,41.83502905776443,41.47713504466059,41.747973358372114,21179400
2024-05-29,40.935455322265625,41.01283980724801,40.85807452717858,40.97414756475682,30803500
2024-05-30,40.81938171386719,40.92578353428237,40.645270314986945,40.664616435962,20741500
2024-05-31,40.422794342041016,40.451811677754435,40.1035888896127,40.43246555731376,49609100
2024-06-03,40.84839630126953,41.04185380810507,40.67428491410705,40.993490353869944,33839300
2024-06-04,40.27770233154297,40.35508681724016,40.05522747000661,40.20032153574115,38401100
2024-06-05,40.92578125,40.954798584895336,40.60657580657099,40.68396028615199,28092300
2024-06-06,41.128910064697266,41.16760230457304,40.983816010110665,41.11923515978078,26450400
2024-06-07,40.664615631103516,41.03218085266871,40.63559460526769,40.97414618078748,37626400
2024-06-10,40.906436920166016,40.98381771323812,40.63559491967557,40.732325523384745,30846300
2024-06-11,40.77008056640625,40.77008056640625,40.52658988334398,40.71164146493703,35763000
2024-06-12,41.17914581298828,41.42263651191158,41.1012307213269,41.3057620167329,34679600
2024-06-13,41.081748962402344,41.30575994834965,40.935653064214826,41.22784486058987,21553600
2024-06-14,41.13044357299805,41.159661264508905,40.925912301676455,40.99408939211698,18813600
2024-06-17,41.39341735839844,41.46159445446478,41.13044696698267,41.23758346519351,21037700
2024-06-18,41.77326202392578,41.85118082781012,41.490811932904656,41.490811932904656,35675300
2024-06-20,41.70508575439453,41.958318156662116,41.549251858911845,41.958318156662116,43438100
2024-06-21,41.558990478515625,41.70508638320918,41.539514492238126,41.61742958346768,20232900
2024-06-24,41.558990478515625,41.87066198955341,41.549252485376876,41.63690928511837,19840000
2024-06-25,41.46159362792969,41.49081132126907,41.35445713185461,41.49081132126907,25337500
2024-06-26,41.37393569946289,41.432374799914236,41.276540914083554,41.35445599931244,18961900
2024-06-27,41.40315628051758,41.59794958023903,41.36420059287182,41.58821158717088,24041500
2024-06-28,41.481075286865234,41.69534828913086,41.403156480451116,41.66612687903898,22614500
2024-07-01,41.578468322753906,41.80247930866989,41.510291227708734,41.744043921701476,18805300
2024-07-02,41.70508575439453,41.72456545575151,41.41289766478613,41.43237736614311,21593200
2024-07-03,42.31868362426758,42.338163325753875,41.97779442131716,41.97779442131716,27233300
2024-07-05,42.493995666503906,42.513475367277024,42.18232788488012,42.484253958430834,21337800
2024-07-08,42.50373458862305,42.669310191128616,42.47451689451099,42.60113309461841,18685200
2024-07-09,42.67905044555664,42.73748955225048,42.53295453650869,42.59139364320253,19364300
2024-07-10,42.92253875732422,42.93228046558338,42.74722516239027,42.83488195985724,15332700
2024-07-11,43.1757698059082,43.419260489545294,43.058891602693855,43.38030108847385,35650400
2024-07-12,43.35108184814453,43.477698050272835,43.30238445205616,43.31212616049773,24799300
2024-07-15,42.89331817626953,43.136808851136585,42.84462078437069,43.11732915130248,24174900
2024-07-16,43.136810302734375,43.146548295292696,42.87383991918399,42.91279932016323,19234300
2024-07-17,42.4355583190918,42.67904901576566,42.40634062441035,42.610871917926836,42630900
2024-07-18,42.036231994628906,42.542693068705525,41.968054899596765,42.513475375226896,42400100
2024-07-19,41.62717056274414,41.94857634591702,41.62717056274414,41.89013724198871,34590700
2024-07-22,41.97779083251953,42.01675023216138,41.79273925728004,41.89987574860869,17057500
2024-07-23,41.607688903808594,41.73430138330317,41.549249802629824,41.666124289614416,22891900
2024-07-24,41.00382995605469,41.47133534178858,40.99409196339786,41.42263423238542,28113700
2024-07-25,40.8382568359375,41.149924606735006,40.69216094290052,40.828515128202824,27940500
2024-07-26,41.25706481933594,41.35445961322648,41.09148921127413,41.179146011924914,21393700
2024-07-29,41.12070846557617,41.22784496246201,40.974612567027656,41.218103254359825,14299200
2024-07-30,40.93565368652344,41.159664675876186,40.79929949434116,41.14992668302306,19193600
2024-07-31,41.83169937133789,41.9875332571938,41.70508317802593,41.83169937133789,38600400
2024-08-01,41.10123062133789,41.76352561802791,40.99409411961256,41.675868818013846,35497100
2024-08-02,40.516849517822266,40.58502661410872,40.292838527827776,40.44867242153582,36857000
2024-08-05,39.36757278442383,39.63054317419009,38.364392335420476,38.38387203637053,60439500
2024-08-06,39.59158706665039,39.88377514704812,39.15330308836729,39.231218175965935,32540200
2024-08-07,39.835079193115234,40.50711217386468,39.81559949166803,40.477894479380446,36654400
2024-08-08,40.74086380004883,40.77008149376153,40.2344027219146,40.370756913071304,30021900
2024-08-09,40.964874267578125,41.04278935494706,40.6824241806981,40.838258070808976,21142800
2024-08-12,41.10123062133789,41.266802512823794,40.99409411961256,41.06227121791537,15042300
2024-08-13,41.558990478515625,41.568732187027564,41.18888729327216,41.20836699492285,21073600
2024-08-14,41.33497619628906,41.520031489571316,41.17914231084621,41.50055178946935,17537100
2024-08-15,41.79273986816406,41.88039666095307,41.461592397113705,41.53951119753633,26914000
2024-08-16,42.27972412109375,42.299203822533876,42.016753724711734,42.03623342615187,31457900
2024-08-19,42.68878936767578,42.766704456141376,42.43555697057321,42.4939960734522,26716600
2024-08-20,42.357643127441406,42.5719124135512,42.250506626699924,42.5621744204716,19230800
2024-08-21,42.52321243286133,42.610869226742686,42.36737854544702,42.37711653793475,14644400
2024-08-22,41.99727249145508,42.416076768709424,41.93883710463923,42.40633877603112,22515000
2024-08-23,42.69852828979492,42.78618508833472,42.30894169286848,42.41607819279191,27848700
2024-08-26,42.33816146850586,42.523213051448266,42.27972236661052,42.474515657555315,18429300
2024-08-27,42.39659881591797,42.455037920516176,42.2212852174965,42.33816342669293,14424700
2024-08-28,42.133628845214844,42.31868415396438,41.977794946747096,42.28946274368259,15443000
2024-08-29,42.153106689453125,42.377117676418564,42.13362698858139,42.21154579206834,15497600
2024-08-30,42.24076461791992,42.386860520687435,42.055713027737795,42.36738081929355,29450400
2024-09-03,41.40315628051758,41.89013767213463,41.35445888443051,41.84144027604756,35293700
2024-09-04,41.39341735839844,41.63690804874196,41.296022568410265,41.296022568410265,24895900
2024-09-05,41.45185470581055,41.61742658485182,41.325238511890625,41.412895305316276,22513900
2024-09-06,40.692161560058594,41.48107270675207,40.662943867157225,41.43237531345881,32436800
2024-09-09,41.03305435180664,41.130449146956884,40.877220450342286,40.93565584128312,19917400
2024-09-10,40.87721633911133,40.95513142432055,40.604504252446795,40.95513142432055,19700400
2024-09-11,41.17914581298828,41.19862551474693,40.477895126542975,40.809042625693586,26253300
2024-09-12,41.52003479003906,41.529772783177684,41.15966588256591,41.26680238395667,19993200
2024-09-13,41.71482467651367,41.783001769022796,41.636905876290164,41.65638557634604,16882300
2024-09-16,41.85118103027344,41.890136717031,41.66612572783943,41.87066073133876,14733000
2024-09-17,41.89987564086914,42.09466892320463,41.79273914981598,42.06544751586197,20623700
2024-09-18,41.753780364990234,42.3089388128273,41.695344980190264,41.977791342593534,26010500
2024-09-19,42.64009094238281,42.737489453313735,42.240766335999254,42.48425704026663,41025500
2024-09-20,42.55242919921875,42.70826308324015,42.406337022845925,42.669307398764445,33038100
2024-09-23,42.88357925415039,43.01993344647312,42.74722506182767,42.77644275579023,24891700
2024-09-24,44.344520568847656,44.45165706037198,43.81858353421356,43.98415540993453,64472700
2024-09-25,43.877017974853516,44.18868573510953,43.847800283383506,44.071811253856715,41967800
2024-09-26,45.48405838012695,45.659371961610944,45.09447181785747,45.50353807977771,80876300
2024-09-27,45.39640426635742,45.72755174920202,45.31848546315962,45.45483965338274,51540100
2024-09-30,44.665931701660156,45.172392770613165,44.55879520615835,45.14317136205713,61400400
2024-10-01,44.98733901977539,45.006818721024935,44.40296284378162,44.899682221839015,38648900
2024-10-02,45.8736457824707,45.922346894120224,45.51328059157797,45.8736457824707,55790400
2024-10-03,45.32822799682617,45.50354159184125,44.99708050795026,45.045777903149315,31198300
2024-10-04,45.74702835083008,45.76650805030986,45.46457828143241,45.65937156085745,29476800
2024-10-07,46.12687683105469,46.20479191973062,45.79572934459259,46.06843772801794,42198000
2024-10-08,44.98733901977539,45.0847375260231,44.59775614090392,44.938641624338096,47817300
2024-10-09,44.74384689331055,44.8607250970622,44.344522318924895,44.39322342817458,35395800
2024-10-10,44.83150100708008,44.928899504381086,44.4516561560381,44.82176301503637,18052400
2024-10-11,45.15291213989258,45.172391840070986,44.51009689549658,44.55879428825616,28389200
2024-10-14,44.967857360839844,45.22108975068623,44.69514898596492,44.81202347300089,20415200
2024-10-15,44.01337432861328,44.58801248658928,43.90624154947619,44.558794793676704,31270700
2024-10-16,44.35426330566406,44.510097192759204,44.26660651196224,44.32504189751483,25111200
2024-10-17,44.28609085083008,44.373747653713146,44.06207984687854,44.21791375029584,36885700
2024-10-18,44.724365234375,44.977597616042495,44.67566784263058,44.967855908469915,30391600
2024-10-21,44.41270065307617,44.51983715181908,44.15947196862545,44.35426526494229,19614900
2024-10-22,44.315303802490234,44.412698588434445,44.17894961601916,44.19842931628259,19243400
2024-10-23,44.05233383178711,44.28608652174979,43.886761951067136,44.159470326546135,19822000
2024-10-24,43.98415756225586,44.06207636549474,43.779626276813346,44.00363726306558,16257100
2024-10-25,43.94519805908203,44.27634554133594,43.877020964092075,44.130253358660205,21428500
2024-10-28,44.139991760253906,44.23738654960663,43.98415786806571,44.04259697090118,15169300
2024-10-29,44.003639221191406,44.15947311923062,43.96467981783831,44.120513715877514,15439300
2024-10-30,43.575096130371094,43.76014771984091,43.48743933212263,43.5556164290522,24149900
2024-10-31,43.29264450073242,43.43873668238936,43.03941210793027,43.43873668238936,43988700
2024-11-01,43.33160400390625,43.74066657195539,43.321862295882404,43.614050375256504,17525900
2024-11-04,43.575096130371094,43.90624362204606,43.5556164290522,43.769885712813796,24674200
2024-11-05,44.16920852661133,44.22764762821981,44.01337463769501,44.052334038767334,21398300
2024-11-06,43.6237907409668,43.76988291847206,43.19524477005643,43.370558355361055,37143300
2024-11-07,44.5880126953125,44.71462889081462,44.34452201224003,44.36400171273058,39247600
2024-11-08,43.4874382019043,43.915980473663,43.30238290187086,43.83806167041249,44833800
2024-11-11,43.15629196166992,43.34134355165953,43.01993405205463,43.321863850285915,21342300
2024-11-12,42.33816146850586,42.591390145972994,42.2018072794564,42.55243074470943,33946300
2024-11-13,42.06544876098633,42.39659623614667,41.997271667456815,42.38685824365943,26586800
2024-11-14,41.83169937133789,42.10440774274252,41.821957663574636,42.007012957347406,34443200
2024-11-15,41.83169937133789,41.99727124958415,41.73430087056988,41.9680535570402,29127800
2024-11-18,42.30894088745117,42.328420588463985,42.03623250401798,42.03623250401798,27765000
2024-11-19,42.27972412109375,42.386860621327884,42.143369926386,42.172587620859616,16624500
2024-11-20,42.23102569580078,42.26024338956222,42.00701470775928,42.221283987631594,18358000
2024-11-21,42.143367767333984,42.18232716821831,41.94857447828532,42.09467037391506,16086900
2024-11-22,42.153106689453125,42.162848397575516,41.97779309698051,41.987534805102904,14104100
2024-11-25,42.18232727050781,42.347899151608246,42.065449067571414,42.32841945111885,18855100
2024-11-26,42.007015228271484,42.19206681667535,41.958317832941326,42.18232882375856,19119700
2024-11-27,42.06544876098633,42.30893944226973,41.90961487357987,42.26024204908764,17922000
2024-11-29,42.133628845214844,42.17258824867508,41.68560685154171,41.69534856009338,17372200
2024-12-02,42.29920196533203,42.357641067086576,42.084928974271705,42.23102487097156,16508700
2024-12-03,42.38685989379883,42.41607758777096,41.97779360132365,42.13362749479679,49462500
2024-12-04,42.493995666503906,42.56217276152329,42.357641476465126,42.52321335997706,21339100
2024-12-05,42.77643966674805,42.825140773666206,42.688786591190116,42.70826257551,23736100
2024-12-06,42.7082633972168,42.912798390239004,42.64982801238722,42.88357698245132,13142400
2024-12-09,43.58483123779297,43.92571669987236,43.56535153776373,43.623790637851435,34841300
2024-12-10,42.88357925415039,43.16602934703208,42.85436156018783,43.12706994483328,26979800
2024-12-11,43.05889129638672,43.08811270466892,42.84462202276394,42.98097621017106,20405600
2024-12-12,42.84462356567383,43.06863455524868,42.786184462377875,42.91280066183256,17662900
2024-12-13,42.88357925415039,42.961498058547996,42.73748706896451,42.951756350311754,19381200
2024-12-16,42.64982986450195,42.81540174920642,42.640088156358715,42.68878926632879,32259800
2024-12-17,42.54781723022461,42.597336747110994,42.28040730532175,42.31012203793115,30224000
2024-12-18,41.557411193847656,42.597336146179195,41.47818072356655,42.48839472180479,33249500
2024-12-19,41.696067810058594,42.00309485876262,41.696067810058594,41.96347773413689,31146900
2024-12-20,41.864437103271484,42.08232750230216,41.52769911299535,41.557410066282515,25512200
2024-12-23,42.102134704589844,42.14175182997999,41.805013820357786,41.87434190074203,17955400
2024-12-24,42.23088836669922,42.260599321618486,42.05261508098957,42.102134598554024,7066800
2024-12-26,42.08232879638672,42.17146543708608,41.93376646918882,41.953575031354994,16152200
2024-12-27,41.89414978027344,41.92386451288001,41.70597410488433,41.82482170101972,22672400
2024-12-30,41.557411193847656,41.68616495841348,41.438563599377545,41.63664544222567,25055000
2024-12-31,41.41875457763672,41.6366449801613,41.389043623873135,41.53760217078791,40524000
2025-01-02,41.35932922363281,41.58712579796965,41.2800987535957,41.46827442576863,25287200
2025-01-03,41.74559020996094,41.78520355564051,41.557410761071296,41.68616452429628,17706000
2025-01-06,41.89414978027344,42.32002442603027,41.87434121790138,42.19127065966038,26200900
2025-01-07,41.59702682495117,42.06251857222136,41.55740970218419,42.05261240248122,30912500
2025-01-08,41.39894485473633,41.44846436898582,41.21076918934954,41.33952294887564,20257500
2025-01-10,40.69575881958008,40.87403209725547,40.62643074249485,40.87403209725547,42204300
2025-01-13,40.4184455871582,40.438254148457794,40.22036375225905,40.24017231355864,28154900
2025-01-14,40.8740348815918,40.99288248210567,40.74528111047846,40.94336296339965,23438600
2025-01-15,41.408851623535156,41.42866018514089,41.220672177329085,41.309808815506486,22557000
2025-01-16,41.35932922363281,41.54750867390264,41.34942683166451,41.53760250383744,17711400
2025-01-17,41.68616485595703,41.97338333847605,41.49798918366711,41.557411091707664,30692300
2025-01-21,42.1318473815918,42.19126928868013,41.88424602713218,42.05261313467824,16728200
2025-01-22,42.16156005859375,42.27050526350488,42.04271246146206,42.19127101335243,16894600
2025-01-23,42.260597229003906,42.30021435233256,41.99319109177757,42.07242156033804,15212800
2025-01-24,42.53791427612305,42.63695330858743,42.33983243309736,42.49829715189853,20962800
2025-01-27,41.76539611816406,41.913958447276876,41.67626325441274,41.79511085084481,25964200
2025-01-28,42.07242202758789,42.09223058947221,41.58712548476117,41.834726841169825,22438200
2025-01-29,42.08232879638672,42.40916062688641,42.0328055019228,42.32002398618705,24922400
2025-01-30,42.79541778564453,42.924171549598455,42.389351709879286,42.40916027187965,30450300
2025-01-31,42.310123443603516,42.90436522217666,42.24079536203989,42.80532618511349,29974700
2025-02-03,42.00309371948242,42.260597466371344,41.56731669471007,41.616836210100615,37505700
2025-02-04,42.755802154541016,42.89446209338514,42.46858744074933,42.528009350728354,26992900
2025-02-05,42.64685821533203,42.75579963657684,42.53791301599042,42.59733492246999,21829200
2025-02-06,42.82513427734375,42.84493906206099,42.69638050809944,42.78551715171519,19365700
2025-02-07,42.78551483154297,43.30052610249515,42.74589770806276,43.20148329379463,32804300
2025-02-10,43.3005256652832,43.3005256652832,43.092537658160616,43.20148285758273,19596700
2025-02-11,43.13215637207031,43.23119918342375,42.93407452746039,43.00340260635932,19596800
2025-02-12,43.36985397338867,43.528318688459436,42.96378790488878,43.07273310489309,19986000
2025-02-13,43.64716720581055,43.64716720581055,43.06282784820257,43.072734018284024,22841000
2025-02-14,43.98390579223633,43.98390579223633,43.76601538469679,43.93438627545833,24329400
2025-02-18,44.2612190246582,44.36026183836085,44.162179989052596,44.33054710520154,23037100
2025-02-19,44.191890716552734,44.26121879673907,44.09285168145711,44.22160544955903,20275200
2025-02-20,44.597957611083984,44.79603946295068,44.37016480377126,44.518727137195555,29210500
2025-02-21,44.46920394897461,44.9842114319916,44.31073923617782,44.82574671919481,33974700
2025-02-24,43.785823822021484,44.23150702794497,43.76601525974745,44.22160463585642,38307000
2025-02-25,43.81553649902344,43.9442864806194,43.63726322501713,43.92447791927461,19955500
2025-02-26,44.25131607055664,44.55834312199151,44.14237086591533,44.32064415021984,25171000
2025-02-27,43.38966369628906,43.97400305714457,43.35994896397646,43.8749602462641,30518900
2025-02-28,42.79541778564453,42.844937301597,42.44877739588038,42.6369530677385,52402300
2025-03-03,42.4190673828125,43.18167625720883,42.270505053563,43.04302009822768,45587700
2025-03-04,42.77560806274414,43.14206078266028,42.30021392192793,42.567623834530195,30082400
2025-03-05,44.0532341003418,44.122562179810764,43.40947282268753,43.5382228113602,47763400
2025-03-06,43.77592086791992,44.211697898063235,43.73630374388047,44.02352222602117,33544500
2025-03-07,43.99380874633789,44.11266012183966,43.58774265861602,43.914578274100386,23474500
2025-03-10,42.9439811706543,43.45899246107396,42.67657124420003,43.3302386939448,29502500
2025-03-11,43.3005256652832,43.52831845584908,43.003401020278595,43.31042805700485,21184100
2025-03-12,43.53822326660156,43.5976489545236,43.21139142827288,43.48870374904837,17731600
2025-03-13,43.359947204589844,43.488700964461636,43.07273250993292,43.102443462943036,17870100
2025-03-14,44.15227508544922,44.16217747720774,43.83534187772424,43.8848651708073,21858400
2025-03-17,44.90498352050781,44.964409207975244,44.310741758221454,44.310741758221454,37712400
2025-03-18,44.677188873291016,44.84555598034755,44.50881798813765,44.81584502688977,19974200
2025-03-19,44.786136627197266,44.94460135150268,44.56824621449093,44.85546470794982,31657500
2025-03-20,44.37016296386719,44.43949104243113,44.11265921178639,44.17208112021438,25180900
2025-03-21,44.15227508544922,44.22160316204933,43.974001809021274,44.013615154152184,19403800
2025-03-24,44.3503532409668,44.46920461090609,44.23150564912433,44.32064228753039,20479000
2025-03-25,44.22160339355469,44.42958762444384,44.181986270119566,44.3107400322353,29535900
2025-03-26,43.954193115234375,44.251313982355214,43.894767430571484,44.19188829769232,22002200
2025-03-27,44.172080993652344,44.33054571250117,43.9938077126853,43.9938077126853,15749100
2025-03-28,43.35004806518555,43.795731284257464,43.28071998422959,43.74620798806288,27866500
2025-03-31,43.28071975708008,43.320336882589004,42.74589989700066,42.89446222861062,25638300
2025-04-01,43.419376373291016,43.538223972966264,43.092540751562744,43.23120069229712,21530300
2025-04-02,43.47880172729492,43.617457888864266,43.29062226965335,43.30052844010661,18068100
2025-04-03,42.55772399902344,42.87465344527021,42.547817828648654,42.567626391301204,26997500
2025-04-04,40.19065475463867,41.08201738790463,39.75487394104039,40.95326362224178,75853000
2025-04-07,38.69514083862305,40.15103806699161,38.19993811094361,38.46734803726215,87724900
2025-04-08,38.15041732788086,39.86381825542567,37.82358172497101,39.83410730174181,57879100
2025-04-09,40.7947998046875,40.93345974359787,38.090993334536186,38.3683094342599,71100600
2025-04-10,40.091609954833984,40.49767601584856,39.44784871464328,40.4382541101029,44475900
2025-04-11,41.34942626953125,41.40885195482389,40.576911251211236,40.725469797297556,43956500
2025-04-14,41.72578048706055,41.97338183662851,41.45837057615553,41.6267376803753,22549600
2025-04-15,41.68616485595703,41.94366860635887,41.676262463982575,41.79511005816058,18077500
2025-04-16,41.20086669921875,41.62674136037269,41.032499580114546,41.389046159508275,19984700
2025-04-17,41.51779556274414,41.824822619105056,41.47818221522745,41.656455502392234,23264400
2025-04-21,41.50789260864258,41.814919660848346,41.2107717267547,41.76539636545287,16440700
2025-04-22,42.1318473815918,42.419065859508194,41.933765542404736,41.973382665861514,25716100
2025-04-23,42.61714553833008,43.102445873855366,42.56762602117778,42.87465307247721,24787400
2025-04-24,43.11234664916992,43.16186994256189,42.6864720170575,42.73599531044947,28843500
2025-04-25,43.03311538696289,43.03311538696289,42.72608835283847,42.80532259832739,18363700
2025-04-28,43.11234664916992,43.171772334382176,42.904362418072274,43.0925380874325,11002200
2025-04-29,43.231197357177734,43.34013877791901,43.142060719773575,43.171771672876034,12809100
2025-04-30,43.34014129638672,43.40947315448259,42.993500896392376,43.17177418156004,20928800
2025-05-01,43.330238342285156,43.538222579584854,43.29062121762894,43.50851162514117,14740500
2025-05-02,44.56824493408203,44.736612045902035,44.40978021432917,44.71680726176774,33945900
2025-05-05,44.90498352050781,45.0931591970092,44.90498352050781,45.023831117345686,22661100
2025-05-06,44.72671127319336,44.904984561631935,44.54843798475478,44.56824654770318,17418700
2025-05-07,44.21169662475586,44.39987606947521,44.09284903415723,44.3899698997022,23390500
2025-05-08,44.18198776245117,44.43949151728349,44.13246824553307,44.36026104583392,17573700
2025-05-09,44.47910690307617,44.7267082560833,44.399876434724234,44.66728257124673,16091100
2025-05-12,45.43980407714844,45.57846023862282,45.27143318243166,45.57846023862282,26843500
2025-05-13,45.5190315246582,45.68740240818364,45.10306306788382,45.13277402105433,23970300
2025-05-14,45.86567687988281,46.01423542770758,45.806251193894774,45.96471591176599,22561700
2025-05-15,45.84586715698242,45.84586715698242,45.59826580544732,45.78644147249915,21682500
2025-05-16,45.81615447998047,45.85577160474565,45.61807641234847,45.76663496307247,23296900
2025-05-19,45.91519546508789,45.92509785683672,45.499223227797465,45.499223227797465,16823000
2025-05-20,45.86567687988281,45.87557927183238,45.68740360001558,45.72701694591072,20233700
2025-05-21,45.746826171875,46.15289225344469,45.677498092931174,46.04395082803078,25570400
2025-05-22,45.5982666015625,45.70721180263554,45.45961044677749,45.528938524169995,16773000
2025-05-23,45.786441802978516,45.86567604952811,45.42989524969899,45.46951237297379,22018900
2025-05-27,45.67749786376953,45.73692355032194,45.5289393145339,45.627978347357654,26278900
2025-05-28,45.469512939453125,45.578458140767694,45.42989581568476,45.55864957888351,26970500
2025-05-29,45.63788604736328,45.89538980819519,45.48932371505064,45.875581245347036,24291700
2025-05-30,45.083255767822266,45.22191192395996,44.796037285481674,45.22191192395996,42291600
2025-06-02,45.41008758544922,45.429896147478075,45.0832557572154,45.2516228673153,20576500
2025-06-03,45.5190315246582,45.56855103930799,45.301144904579765,45.40018393387935,20943400
2025-06-04,46.08356475830078,46.14299044590415,45.905291473587674,45.95481476897231,26497800
2025-06-05,46.32126235961914,46.529246592929596,46.202414766027005,46.47972707710761,26292800
2025-06-06,46.46982192993164,46.49953666255639,46.27174386228381,46.360880503964125,16629900
2025-06-09,46.86598587036133,46.93531395002571,46.65800163136817,46.71742354073937,22715200
2025-06-10,47.13339614868164,47.17301327395617,46.88579478286131,47.0937790234071,26583600
2025-06-11,47.331478118896484,47.50975140499416,47.272052430831586,47.38099763656872,28230800
2025-06-12,47.41070556640625,47.440420297591196,47.2324322916837,47.27204941453244,19734400
2025-06-13,46.65800094604492,46.846176619784714,46.52924718080352,46.54905574300196,35198100
2025-06-16,47.22999954223633,47.5,47.18000030517578,47.18000030517578,26995900
2025-06-17,46.61000061035156,47.0099983215332,46.540000915527344,46.90999984741211,35176900
2025-06-18,46.599998474121094,46.790000915527344,46.47999954223633,46.619998931884766,26286900
2025-06-20,46.33000183105469,46.779998779296875,46.290000915527344,46.779998779296875,32783300
2025-06-23,46.709999084472656,46.720001220703125,46.150001525878906,46.25,22233200
2025-06-24,47.91999816894531,47.939998626708984,47.40999984741211,47.439998626708984,36113900
2025-06-25,47.959999084472656,47.9900016784668,47.81999969482422,47.900001525878906,23739200
2025-06-26,48.279998779296875,48.36000061035156,48.04999923706055,48.18000030517578,21962200
2025-06-27,48.09000015258789,48.25,47.959999084472656,48.040000915527344,37593400
2025-06-30,48.2400016784668,48.27000045776367,47.900001525878906,48.0,32966300
2025-07-01,48.33000183105469,48.41999816894531,48.189998626708984,48.349998474121094,25393000
2025-07-02,48.540000915527344,48.540000915527344,48.130001068115234,48.16999816894531,23950600
2025-07-03,48.7599983215332,48.79999923706055,48.58000183105469,48.58000183105469,20080100
2025-07-07,48.06999969482422,48.38999938964844,47.959999084472656,48.279998779296875,24462300
2025-07-08,48.369998931884766,48.41999816894531,48.2400016784668,48.369998931884766,16316900
2025-07-09,48.290000915527344,48.380001068115234,48.150001525878906,48.380001068115234,14846200
2025-07-10,48.41999816894531,48.43000030517578,48.20000076293945,48.380001068115234,21892100
2025-07-11,48.2599983215332,48.38999938964844,48.220001220703125,48.34000015258789,27338400
2025-07-14,48.33000183105469,48.369998931884766,48.20000076293945,48.27000045776367,16882100
2025-07-15,48.68000030517578,48.880001068115234,48.61000061035156,48.84000015258789,24890500
2025-07-16,48.90999984741211,48.91999816894531,48.47999954223633,48.65999984741211,32620000
2025-07-17,49.189998626708984,49.220001220703125,48.79999923706055,48.849998474121094,22323900
2025-07-18,49.08000183105469,49.41999816894531,49.04999923706055,49.33000183105469,23408000
2025-07-21,49.400001525878906,49.599998474121094,49.25,49.33000183105469,16861700
2025-07-22,49.43000030517578,49.439998626708984,49.04999923706055,49.2599983215332,22316500
2025-07-23,49.93000030517578,49.959999084472656,49.689998626708984,49.7400016784668,23744600
2025-07-24,49.65999984741211,49.849998474121094,49.630001068115234,49.779998779296875,18948000
2025-07-25,49.5099983215332,49.540000915527344,49.310001373291016,49.380001068115234,15605000
2025-07-28,49.18000030517578,49.34000015258789,49.09000015258789,49.290000915527344,27703400
2025-07-29,49.20000076293945,49.349998474121094,49.130001068115234,49.290000915527344,24742400
2025-07-30,48.84000015258789,49.130001068115234,48.7400016784668,49.040000915527344,37855400
2025-07-31,48.560001373291016,48.810001373291016,48.47999954223633,48.72999954223633,30587100
2025-08-01,48.20000076293945,48.380001068115234,47.97999954223633,48.380001068115234,27234300
2025-08-04,48.70000076293945,48.790000915527344,48.560001373291016,48.7400016784668,32920400
2025-08-05,48.84000015258789,49.02000045776367,48.72999954223633,48.959999084472656,18709100
2025-08-06,49.06999969482422,49.099998474121094,48.79999923706055,48.900001525878906,17094000
2025-08-07,49.47999954223633,49.68000030517578,49.349998474121094,49.599998474121094,23378900
2025-08-08,49.439998626708984,49.459999084472656,49.290000915527344,49.33000183105469,16926700
2025-08-11,49.29999923706055,49.459999084472656,49.22999954223633,49.400001525878906,15176100
2025-08-12,49.900001525878906,49.93000030517578,49.470001220703125,49.5099983215332,22908400
2025-08-13,50.5,50.59000015258789,50.40999984741211,50.45000076293945,28585500
2025-08-14,49.880001068115234,50.0099983215332,49.7400016784668,49.869998931884766,28016600
2025-08-15,49.939998626708984,50.08000183105469,49.880001068115234,50.029998779296875,24042600
2025-08-18,50.22999954223633,50.2400016784668,50.099998474121094,50.15999984741211,19212500
2025-08-19,49.81999969482422,50.099998474121094,49.7599983215332,50.099998474121094,17226800
2025-08-20,49.75,49.79999923706055,49.45000076293945,49.72999954223633,20299200
2025-08-21,49.63999938964844,49.7400016784668,49.540000915527344,49.58000183105469,14428500
2025-08-22,50.630001068115234,50.630001068115234,49.88999938964844,49.93000030517578,31264200
2025-08-25,50.34000015258789,50.66999816894531,50.33000183105469,50.540000915527344,23701400
2025-08-26,50.209999084472656,50.36000061035156,50.15999984741211,50.290000915527344,25684000
2025-08-27,49.90999984741211,49.93000030517578,49.59000015258789,49.630001068115234,31452900
2025-08-28,50.099998474121094,50.119998931884766,49.84000015258789,49.86000061035156,21353800
2025-08-29,49.86000061035156,49.900001525878906,49.650001525878906,49.810001373291016,24867400
2025-09-02,49.81999969482422,49.83000183105469,49.349998474121094,49.40999984741211,24343900
2025-09-03,50.0099983215332,50.06999969482422,49.880001068115234,49.970001220703125,29035600
2025-09-04,49.849998474121094,49.849998474121094,49.529998779296875,49.689998626708984,14791900
2025-09-05,50.45000076293945,50.619998931884766,50.18000030517578,50.529998779296875,24805800
2025-09-08,50.90999984741211,50.91999816894531,50.630001068115234,50.709999084472656,23345100
2025-09-09,51.189998626708984,51.290000915527344,51.099998474121094,51.11000061035156,23818600
2025-09-10,51.540000915527344,51.75,51.5,51.599998474121094,27152000
2025-09-11,52.290000915527344,52.31999969482422,51.869998931884766,51.88999938964844,38948300
2025-09-12,52.2599983215332,52.349998474121094,52.189998626708984,52.33000183105469,17773100
2025-09-15,52.63999938964844,52.66999816894531,52.4900016784668,52.58000183105469,22076400
2025-09-16,53.029998779296875,53.06999969482422,52.77000045776367,52.880001068115234,28614400
2025-09-17,53.2599983215332,53.66999816894531,52.9900016784668,53.25,53353400
2025-09-18,53.130001068115234,53.15999984741211,52.790000915527344,52.90999984741211,30544400
2025-09-19,53.0099983215332,53.119998931884766,52.90999984741211,53.06999969482422,37385100
2025-09-22,53.27000045776367,53.279998779296875,52.97999954223633,53.04999923706055,18357700
2025-09-23,53.29999923706055,53.529998779296875,53.25,53.31999969482422,21298600
2025-09-24,53.119998931884766,53.349998474121094,53.04999923706055,53.2599983215332,24947100
2025-09-25,52.810001373291016,52.97999954223633,52.63999938964844,52.779998779296875,27611900
2025-09-26,52.709999084472656,52.709999084472656,52.349998474121094,52.439998626708984,22608400
2025-09-29,53.189998626708984,53.38999938964844,53.119998931884766,53.2400016784668,26754400
2025-09-30,53.400001525878906,53.439998626708984,53.20000076293945,53.34000015258789,25165300
2025-10-01,53.81999969482422,53.849998474121094,53.59000015258789,53.59000015258789,29971300
2025-10-02,54.06999969482422,54.349998474121094,53.900001525878906,54.349998474121094,27872000
2025-10-03,54.22999954223633,54.38999938964844,54.060001373291016,54.33000183105469,21836000
2025-10-06,54.47999954223633,54.54999923706055,54.29999923706055,54.349998474121094,17890500
2025-10-07,54.060001373291016,54.689998626708984,54.02000045776367,54.68000030517578,18605600
2025-10-08,54.4900016784668,54.4900016784668,54.119998931884766,54.130001068115234,15391200
2025-10-09,53.93000030517578,54.529998779296875,53.79999923706055,54.52000045776367,24685200
2025-10-10,51.939998626708984,54.040000915527344,51.81999969482422,53.959999084472656,67561800
