Price,Close,High,Low,Open,Volume
Ticker,GOOG,GOOG,GOOG,GOOG,GOOG
Date,,,,,
2010-01-04,15.50413990020752,15.572414476748204,15.442048595758756,15.509087086196505,78541293
2010-01-05,15.43586540222168,15.531103705754493,15.375258347980417,15.514776949996099,120638494
2010-01-06,15.046745300292969,15.482122263500194,14.999744668744388,15.482122263500194,159744526
2010-01-07,14.696465492248535,15.089789994060343,14.660596261781539,15.074947488543486,257533695
2010-01-08,14.892386436462402,14.922813100848188,14.573027227454245,14.644517527898834,189680313
2010-01-11,14.86987590789795,14.952745781426119,14.694982492333484,14.952745781426119,289597429
2010-01-12,14.606916427612305,14.796899556276129,14.545568666040332,14.78428389983503,194859654
2010-01-13,14.523056030273438,14.55496694285325,14.19677097471263,14.26084001709349,260838034
2010-01-14,14.59133243560791,14.698940131198578,14.417180679827055,14.444144408033763,170239717
2010-01-15,14.347667694091797,14.683106405382922,14.299181863086314,14.67766383793762,218194794
2010-01-19,14.536168098449707,14.605433443349959,14.25589384193728,14.377354228760874,173315202
2010-01-20,14.357810974121094,14.495598110341891,14.231155243387834,14.495598110341891,130515377
2010-01-21,14.421384811401367,14.516376841166219,14.155953089749682,14.432764380697742,253253712
2010-01-22,13.605794906616211,14.115137211097071,13.231023070753974,13.964239039550744,273035583
2010-01-25,13.358175277709961,13.60258030497438,13.247104643901979,13.521193736838505,177458675
2010-01-26,13.418039321899414,13.595653064711597,13.266399490942197,13.307957560471648,174873019
2010-01-27,13.41012191772461,13.547413659602316,13.242154404508257,13.389589629226252,159170382
2010-01-28,13.216924667358398,13.531335732315155,13.125642782858344,13.46924442502736,129648138
2010-01-29,13.1093168258667,13.38266425305219,13.002203567808396,13.320821110885815,166240784
2010-02-01,13.185507774353027,13.254525902889535,13.11822206089479,13.224593672770109,90369462
2010-02-02,13.138505935668945,13.233496066969815,13.05167681359457,13.233496066969815,164462143
2010-02-03,13.378458023071289,13.410122664984305,13.067014531791207,13.077898719653081,120413655
2010-02-04,13.031146049499512,13.308698045264824,13.000966605733176,13.283962116134266,135614418
2010-02-05,13.14271068572998,13.197379786864667,12.924279604011094,13.071220395568648,126713179
2010-02-08,13.196638107299805,13.407647936472895,13.148647659559566,13.172642883429686,108175956
2010-02-09,13.270109176635742,13.39602230853907,13.236219578519629,13.346795770522567,113206742
2010-02-10,13.220881462097168,13.303504109538205,13.053657482253621,13.211481524539648,107380987
2010-02-11,13.269120216369629,13.37029552276292,13.098432352067498,13.192928057458264,96761331
2010-02-12,13.187981605529785,13.287673614130231,13.123169960033486,13.184271452582632,91529795
2010-02-16,13.39033317565918,13.46034017190665,13.217172182302651,13.280746794413785,146723904
2010-02-17,13.313895225524902,13.442281478651275,13.299052719869984,13.40764928118728,81492313
2010-02-18,13.437828063964844,13.482108361516074,13.26268745307027,13.297319648825596,93826371
2010-02-19,13.376975059509277,13.457865292475155,13.350752984457436,13.371284327428961,102506786
2010-02-22,13.427438735961914,13.543703765283084,13.382911219783203,13.539993612531074,86105539
2010-02-23,13.23621940612793,13.447970902462897,13.167448500312409,13.432386745540057,115334688
2010-02-24,13.147164344787598,13.319583675398892,13.12341728362387,13.209255649500847,93412827
2010-02-25,13.022486686706543,13.073446583695512,12.863426565490142,13.039556040503651,132864148
2010-02-26,13.031641960144043,13.154092163952408,12.949513740726731,13.046978900977022,82279251
2010-03-01,13.17734432220459,13.192186828027005,13.0548941227659,13.091011518395414,89851528
2010-03-02,13.384395599365234,13.498186555101062,13.234733521269797,13.246361254841306,174925214
2010-03-03,13.489777565002441,13.559041960280892,13.339621987091618,13.416553905272718,124039193
2010-03-04,13.719091415405273,13.757186544645608,13.511544521427712,13.518965773512498,127829347
2010-03-05,13.957066535949707,14.042657693948499,13.850448651122287,13.88631788479377,157074555
2010-03-08,13.914270401000977,13.981061676851809,13.877905788330407,13.971166357291239,95813793
2010-03-09,13.857621192932129,13.968196436198536,13.766340259288272,13.849211071423113,127540267
2010-03-10,14.259852409362793,14.310563201550226,13.907591517762324,13.945934817447396,227043838
2010-03-11,14.375868797302246,14.501287491221605,14.204192067759415,14.20567537107015,169966698
2010-03-12,14.336289405822754,14.55249366460076,14.326889467752181,14.549030728931069,110548817
2010-03-15,13.931586265563965,14.086689021925823,13.753971587306214,14.018166281751864,186853758
2010-03-16,13.981557846069336,14.061212005320272,13.871724237123965,13.898193533518132,137774484
2010-03-17,13.990460395812988,14.136164166510508,13.95805504822704,14.058241486461018,133362007
2010-03-18,14.01124095916748,14.061705478109856,13.92614424295625,13.969681943567878,71354455
2010-03-19,13.852922439575195,14.05082126391252,13.785636725637405,13.852922439575195,192486794
2010-03-22,13.791077613830566,14.022371576122183,13.711423469872756,13.756692635722992,160792439
2010-03-23,13.580809593200684,13.811114689436375,13.407648614491157,13.779698211894392,220876809
2010-03-24,13.786870956420898,13.849209471235689,13.350751411487707,13.494475531317102,263592319
2010-03-25,13.924163818359375,14.14976798047269,13.819771857947451,13.828677360177634,157825359
2010-03-26,13.919464111328125,14.03573008480771,13.853416384841896,13.983286882852125,108252241
2010-03-29,13.913527488708496,13.96968084102766,13.86702034346069,13.927132012683938,124645457
2010-03-30,14.018908500671387,14.041666691975877,13.859846484366264,13.922926655270047,79412546
2010-03-31,14.029051780700684,14.093863422711639,13.922432959221997,13.977844663559342,121686407
2010-04-01,14.070611000061035,14.185639952537827,13.99021424723024,14.133691179472581,84423257
2010-04-05,14.125280380249023,14.221013122378247,14.075557511958992,14.122559096305844,76345092
2010-04-06,14.056262969970703,14.122311646446924,13.986503193489694,14.086936850153203,82712870
2010-04-07,13.940491676330566,14.069374260434243,13.8989336070009,14.03350408184702,103626969
2010-04-08,14.038203239440918,14.096584390737782,13.854158071294245,13.93504925018164,78191988
2010-04-09,14.006789207458496,14.06986938704362,13.95187193292412,14.038204741436,82572346
2010-04-12,14.167827606201172,14.199245031509253,14.006787845701027,14.034740441144567,94448695
2010-04-13,14.51513957977295,14.567334615249964,14.128246543278118,14.162879685047134,157078570
2010-04-14,14.570304870605469,14.65292657111984,14.446864859892925,14.596525998400894,136618166
2010-04-15,14.726150512695312,14.788983470359353,14.552741362456231,14.648722266731626,271485795
2010-04-16,13.609256744384766,14.070855777727271,13.596393872365184,13.927131653159126,491254466
2010-04-19,13.60802173614502,13.704249855481065,13.48186138920335,13.574626573058676,156343827
2010-04-20,13.730225563049316,13.844510965718909,13.631769641051497,13.708703455592156,119542401
2010-04-21,13.711917877197266,13.859104943819187,13.658979294677465,13.765350894143175,96018557
2010-04-22,13.532819747924805,13.667390210446614,13.441043436978138,13.655021772392868,131719875
2010-04-23,13.481612205505371,13.588725452012321,13.414327449977515,13.537519286566752,83889263
2010-04-26,13.15137004852295,13.481613425998132,13.091258375193418,13.481118991548485,175407013
2010-04-27,13.087547302246094,13.31686353776567,13.042278134236927,13.08482601838255,154364435
2010-04-28,13.090763092041016,13.230280739500307,12.888905978693085,13.162747817842199,136754676
2010-04-29,13.160274505615234,13.271593295381367,13.028425320033906,13.194165997779642,122814620
2010-04-30,13.004429817199707,13.300782640904165,12.997998380769973,13.138754013725478,97781139
2010-05-03,13.125642776489258,13.183034114765908,12.989093617230651,13.024220249568614,74590540
2010-05-04,12.526256561279297,13.030157266831823,12.472824487419585,13.0247146989568,243963019
2010-05-05,12.610116958618164,12.757551251043937,12.380306286671296,12.392921942811316,183975008
2010-05-06,12.33577823638916,12.802077266832578,11.37918495039746,12.58513137202175,200753664
2010-05-07,12.198981285095215,12.500282249783146,11.906833040855256,12.36793768193134,204322993
2010-05-10,12.904243469238281,12.93318682775225,12.680370754043379,12.714260351329477,165738910
2010-05-11,12.592552185058594,12.860457968908749,12.57202084328214,12.756313220815791,133402157
2010-05-12,12.502015113830566,12.666517817771563,12.418154481864239,12.666517817771563,154649500
2010-05-13,12.637823104858398,12.91290296190517,12.625207447952421,12.776847284029104,133530637
2010-05-14,12.554952621459961,12.640543773157761,12.275915407741275,12.610364327196525,165257111
2010-05-17,12.565835952758789,12.575483107242098,12.32786238972086,12.536398160496953,112170874
2010-05-18,12.328356742858887,12.640048393102996,12.296198614267505,12.616052221274947,113443627
2010-05-19,12.230892181396484,12.354825670706262,12.065398733124857,12.276161345620649,138344613
2010-05-20,11.750493049621582,12.011966462630292,11.7205608221546,11.999350806871526,197268650
2010-05-21,11.677271842956543,11.9976208832486,11.488030351872537,11.603306525039615,389084940
2010-05-24,11.803678512573242,12.116111840751815,11.794773956232195,11.89199094901764,174475535
2010-05-25,11.80145263671875,11.810852574738798,11.478383283653866,11.580794680133671,121148398
2010-05-26,11.761872291564941,12.115369226490015,11.750245505010085,11.925138896181975,139545096
2010-05-27,12.132684707641602,12.178449254490387,11.899906498034639,11.99638183032076,112785168
2010-05-28,12.013201713562012,12.206647738714064,11.948142865083604,12.189084899584014,116226017
2010-06-01,11.932560920715332,12.147527194130177,11.87690105085498,11.884570468111747,107071833
2010-06-02,12.204670906066895,12.217039344647468,11.91004954635089,12.039177446976852,102012942
2010-06-03,12.507207870483398,12.566576939098685,12.237570627344331,12.247712215717852,146575349
2010-06-04,12.337015151977539,12.597499690226606,12.28704601731795,12.36175297568912,157399770
2010-06-07,12.010482788085938,12.391190664755543,11.951854421064024,12.345426117507198,145852650
2010-06-08,11.99217700958252,12.092610664783583,11.813079022857798,12.068121004439883,107806577
2010-06-09,11.726001739501953,12.093599515699381,11.676032606710514,12.052534938255725,109569158
2010-06-10,12.047341346740723,12.084199445409455,11.771024479374024,11.883084920288386,103502504
2010-06-11,12.084198951721191,12.089394301936768,11.914006477321049,11.935775799837835,71535130
2010-06-14,11.952844619750977,12.232623473656885,11.952844619750977,12.23212903921636,81921917
2010-06-15,12.318958282470703,12.378575520805084,11.927860636377659,11.950123447102166,171022641
2010-06-16,12.40009593963623,12.467628866181887,12.27245133930776,12.273935589860331,91915234
2010-06-17,12.370657920837402,12.51388762295927,12.286799186930995,12.454024114684271,79388456
2010-06-18,12.36942195892334,12.45451867417998,12.322420376077368,12.430770665532318,115346733
2010-06-21,12.085684776306152,12.392674579217015,11.994899223353876,12.36620623391984,119787316
2010-06-22,12.028541564941406,12.28457241422021,12.015677744575317,12.118832683150474,89120799
2010-06-23,11.92464542388916,12.044373392888941,11.828416352723414,12.044373392888941,81468223
2010-06-24,11.752718925476074,11.941959444588274,11.70720254132755,11.865521964162053,76027907
2010-06-25,11.692853927612305,11.815798549739567,11.6404107277932,11.801203262546608,90144622
2010-06-28,11.67801284790039,11.81332687166464,11.602069796175277,11.690629451776545,70756221
2010-06-29,11.237192153930664,11.491739689730474,11.159516694764712,11.46428152952559,140609069
2010-06-30,11.006887435913086,11.325505917452439,11.001198598222231,11.254509109407472,144668227
2010-07-01,10.87182331085205,11.092233109016151,10.726862130522058,11.015299293356874,141070793
2010-07-02,10.799094200134277,10.940838703875869,10.785488728245472,10.924512895363236,77730264
2010-07-06,10.78722095489502,11.074173865237883,10.726862061018819,10.983388307185153,102787835
2010-07-07,11.136758804321289,11.163722530827451,10.770151768479666,10.842631879344102,125657235
2010-07-08,11.294088363647461,11.313136403051914,11.123400502243193,11.219628620951124,107156148
2010-07-09,11.564468383789062,11.707202704674108,11.447955190801057,11.675044574658127,173909421
2010-07-12,11.770777702331543,11.860079954292031,11.653275636565859,11.685186550414342,133875926
2010-07-13,12.101516723632812,12.195270782103886,11.880859711606636,11.9295918173065,159648166
2010-07-14,12.15445327758789,12.216050145991959,12.033735501690831,12.118337778896825,125187481
2010-07-15,12.220749855041504,12.237571044362765,11.940228415175852,12.164101120893372,195056389
2010-07-16,11.369538307189941,11.640411666366376,11.367311457754068,11.604790600124403,314165171
2010-07-19,11.532061576843262,11.61789993933772,11.317836970021157,11.404169766939411,182694226
2010-07-20,11.913265228271484,11.947897424506913,11.394027607575298,11.404664578385239,162787890
2010-07-21,11.812088012695312,12.014933987583577,11.76088184777535,11.97288148940649,131675710
2010-07-22,11.992919921875,12.096074863630664,11.93528136646285,11.953834025124156,86230004
2010-07-23,12.122791290283203,12.13590138099419,11.874179793346984,11.892980616302145,90915501
2010-07-26,12.09582805633545,12.13985924639815,11.994650849001678,12.09879561040477,80107140
2010-07-27,12.186366081237793,12.306836649260616,12.125512754143088,12.135654343863896,98415508
2010-07-28,11.981539726257324,12.251176989004353,11.939981659362232,12.243508519270275,100214225
2010-07-29,11.997369766235352,12.0935988210208,11.857357694456747,12.021118718837233,107421137
2010-07-30,11.993908882141113,12.056000189767934,11.852658805869247,11.865275409496682,86085465
2010-08-02,12.131448745727539,12.20244460936336,12.045610376245824,12.096322113353892,74626675
2010-08-03,12.117101669311523,12.18216148314367,12.041158613222015,12.133676591527498,72362219
2010-08-04,12.525020599365234,12.541841790428814,12.147280242579642,12.17523378673575,153071607
2010-08-05,12.569051742553711,12.581420180841489,12.45674503471904,12.514382639118605,97178890
2010-08-06,12.37412166595459,12.510671765597042,12.27096767636252,12.502261644173894,133277692
2010-08-09,12.501023292541504,12.504734392300216,12.402322057407059,12.424338597170072,75168699
2010-08-10,12.460454940795898,12.517103675214766,12.333303836269858,12.426812561992591,83270954
2010-08-11,12.164349555969238,12.319206052250921,12.158412553591761,12.312526450980029,89253294
2010-08-12,12.171028137207031,12.238808277207703,11.936023075717255,11.971396922591376,88514535
2010-08-13,12.031015396118164,12.150744314883378,12.022605274051486,12.096569640753,77678069
2010-08-16,12.012213706970215,12.118090875218474,11.886300577548619,11.964965854880756,52395658
2010-08-17,12.134169578552246,12.23757173397283,12.023098953261783,12.0849420938589,75911472
2010-08-18,11.927118301391602,12.142828137077583,11.912276741799074,12.132191165080386,107858771
2010-08-19,11.576342582702637,11.936023757008135,11.558530628853852,11.89891749314075,157588475
2010-08-20,11.429155349731445,11.665890941951112,11.404417525097738,11.576342422645858,157291365
2010-08-23,11.479865074157715,11.583267220328585,11.323030860900225,11.416290471495348,119895720
2010-08-24,11.166196823120117,11.338863373699398,11.154570035978754,11.32228940046929,110922211
2010-08-25,11.246099472045898,11.325011977211158,11.131813114159518,11.131813114159518,104072633
2010-08-26,11.156054496765137,11.311405425365246,11.142697188793045,11.281720413888479,71346425
2010-08-27,11.350241661071777,11.378937802238982,11.073678527645496,11.195139851592357,92842698
2010-08-30,11.198355674743652,11.37324907120936,11.1916760738258,11.358158401637146,49440624
2010-08-31,11.132308006286621,11.252283197311675,11.082337918671216,11.134532961472924,78163883
2010-09-01,11.387348175048828,11.501388249003565,11.193654901047996,11.255003607421644,129616018
2010-09-02,11.457849502563477,11.488772493494697,11.386853641925175,11.449439381067526,67620512
2010-09-03,11.633981704711914,11.673065708302484,11.56323210908886,11.639423325549657,101996882
2010-09-07,11.488030433654785,11.566943885939764,11.453893614426686,11.490504500575534,68652365
2010-09-08,11.640905380249023,11.688401395221572,11.490749812971721,11.507571949736088,96432101
2010-09-09,11.779436111450195,11.883827131932325,11.640905435659274,11.82025252591532,97588419
2010-09-10,11.778446197509766,11.868738265779008,11.752225068689743,11.849691172637304,79268006
2010-09-13,11.930087089538574,11.981540478750132,11.86230694376725,11.896196543056679,89996068
2010-09-14,11.884570121765137,11.99143521228549,11.8759118358443,11.923654122635007,88992319
2010-09-15,11.889764785766602,11.920686830222444,11.836826200192963,11.872696377964902,96472251
2010-09-16,11.900155067443848,11.934539101799526,11.859337701737964,11.872696904529967,79075287
2010-09-17,12.125016212463379,12.150991070970154,11.903123120780075,11.966697730710289,226509844
2010-09-20,12.573505401611328,12.626195823937687,12.172265202401054,12.183150338184733,176800216
2010-09-21,12.701643943786621,12.862932817266588,12.589089067813234,12.608137107498708,179321632
2010-09-22,12.764476776123047,12.808509857190488,12.657611686093965,12.686801314799338,101864387
2010-09-23,12.702138900756836,12.855758352028104,12.648211448981824,12.730092442696346,93043447
2010-09-24,13.043761253356934,13.057119507098179,12.820382986583525,12.90646856350142,134779299
2010-09-27,13.120943069458008,13.280251360798948,13.082352556313275,13.082352556313275,124761892
2010-09-28,13.040794372558594,13.199608239574637,12.825084548270326,13.196886955609079,146735949
2010-09-29,13.053657531738281,13.183528979065208,12.979939439940626,13.05761490167623,87213678
2010-09-30,13.006654739379883,13.157058462840398,12.836709490884799,13.090019978237299,130250387
2010-10-01,13.002449989318848,13.126137213274687,12.937638349984644,13.110800274084342,89333594
2010-10-04,12.92155933380127,13.067510320794982,12.83497931544725,12.985877488497424,77910939
2010-10-05,13.3143892288208,13.358174145488693,13.025455759556598,13.070725873934334,140809819
2010-10-06,13.218406677246094,13.356936402447463,13.10931569080057,13.339867996000219,110906151
2010-10-07,13.111047744750977,13.288909640931658,13.089525638833258,13.264419034004074,96191202
2010-10-08,13.267882347106934,13.298805338564351,13.051925313280961,13.179323643112614,114796679
2010-10-11,13.329479217529297,13.471966322856673,13.288167419436792,13.320573714246809,105445761
2010-10-12,13.392558097839355,13.506349050130698,13.303503073621334,13.361140674968823,150706777
2010-10-13,13.439807891845703,13.543456316212366,13.415811719210932,13.531335094881065,122682126
2010-10-14,13.381178855895996,13.488044887568197,13.286682209351138,13.4615746496657,266358649
2010-10-15,14.878284454345703,14.88298442312947,14.634621098907083,14.824357001154455,595214680
2010-10-18,15.280513763427734,15.32949308121719,14.85602097516231,14.85602097516231,284992232
2010-10-19,15.03610897064209,15.209023688167145,14.91316433795586,15.061341230290688,184203863
2010-10-20,15.039820671081543,15.27235263782158,15.027946666066988,15.043778041291402,141532518
2010-10-21,15.139016151428223,15.238213718668975,14.990839264406521,15.127143094505882,117257870
2010-10-22,15.152377128601074,15.209024924811292,15.091027468691768,15.137286457276772,90582257
2010-10-25,15.250582695007324,15.454418509908619,15.212734779153115,15.228071719278029,126809538
2010-10-26,15.302531242370605,15.367589154744929,15.115269403654313,15.166474626671798,100892759
2010-10-27,15.249841690063477,15.337163365587175,15.147428396618972,15.232525116986958,90012128
2010-10-28,15.302035331726074,15.361899785911628,15.171422235464611,15.338398995227823,87699492
2010-10-29,15.181318283081055,15.3124277226336,15.163755439626158,15.264683537152665,91473585
2010-11-01,15.213475227355957,15.353489204006289,15.119721179034846,15.231533449956677,123946848
2010-11-02,15.228317260742188,15.337161027398267,15.20308500388519,15.30426030132267,80203500
2010-11-03,15.341615676879883,15.382432094426271,15.176370374450022,15.27532072931446,135726838
2010-11-04,15.442791938781738,15.582556808278103,15.389110756500742,15.451943711785214,143367369
2010-11-05,15.462827682495117,15.472971165802669,15.364620881085685,15.415827048896832,70892731
2010-11-08,15.504634857177734,15.571920567103698,15.414590954304558,15.436607495565015,84367048
2010-11-09,15.45639705657959,15.60556281640741,15.349779181154213,15.584537038625454,89823423
2010-11-10,15.408405303955078,15.411373804811333,15.275566311426182,15.388615613977494,100254375
2010-11-11,15.26764965057373,15.333451103706446,15.193932510902508,15.329740004046535,90803081
2010-11-12,14.92380142211914,15.26047717052226,14.872347089589017,15.18849054842316,136228712
2010-11-15,14.730354309082031,14.941365093453935,14.695227679350545,14.918605954740489,139677591
2010-11-16,14.439692497253418,14.790220984357358,14.433013842718019,14.663318970644518,132791878
2010-11-17,14.435486793518066,14.582674818285309,14.381558390940599,14.471356024697588,98066204
2010-11-18,14.757319450378418,14.841921735451724,14.559420631258904,14.570305767232911,103988318
2010-11-19,14.61557388305664,14.790219114206632,14.603452661771339,14.768202573802197,92244464
2010-11-22,14.625222206115723,14.680139479308075,14.415697544879972,14.532457015535694,87791837
2010-11-23,14.422127723693848,14.570552783175446,14.30314140606731,14.521078079079068,86828238
2010-11-24,14.717987060546875,14.758309990981619,14.52206692947376,14.52849931350473,96215292
2010-11-26,14.595041275024414,14.668759364391397,14.520829698421986,14.606420844403749,52640573
2010-11-29,14.39986515045166,14.59009549977992,14.346432128153337,14.57451039468,114816754
2010-11-30,13.746797561645508,14.207160539505256,13.687427541642073,14.207160539505256,285763111
2010-12-01,13.960528373718262,14.139132876281254,13.912290703869482,13.927133209544868,150726852
2010-12-02,14.145317077636719,14.182670559006452,13.985266180969477,14.067147179308254,102298006
2010-12-03,14.174507141113281,14.260592723609765,14.050819914187624,14.086689143692595,105642495
2010-12-06,14.307099342346191,14.39714419176437,14.26380885901575,14.3617684484722,84065923
2010-12-07,14.524292945861816,14.669254113993983,14.49609218621388,14.626458066487416,122144116
2010-12-08,14.608400344848633,14.657380613287627,14.438949511115013,14.643775141031092,70539412
2010-12-09,14.632148742675781,14.733076836161265,14.57030559921221,14.69102433213541,75036204
2010-12-10,14.649713516235352,14.69374565547688,14.602217493903794,14.672718928455934,68443585
2010-12-13,14.709328651428223,14.91662739050608,14.696217614279066,14.771171790173025,96299607
2010-12-14,14.71650218963623,14.800114653782266,14.656390516752937,14.770429643175103,65978380
2010-12-15,14.602462768554688,14.75459797125029,14.574014791828937,14.698939051081197,87033003
2010-12-16,14.63734245300293,14.68830235258968,14.547298552437606,14.665544160225767,64115423
2010-12-17,14.614831924438477,14.65837057271603,14.537403677398302,14.619779110618559,123946848
2010-12-20,14.72021198272705,14.789971755949539,14.561893508677535,14.710070393677734,79227857
2010-12-21,14.918359756469727,14.959177120859842,14.783292954206315,14.807041910587941,75461793
2010-12-22,14.97822380065918,15.015577281217,14.92355374814786,14.941365701740766,48481040
2010-12-23,14.947054862976074,14.990839781062062,14.892632973702753,14.974513972034023,44598542
2010-12-27,14.901290893554688,14.935922142975068,14.830046868162112,14.910195449536335,48505130
2010-12-28,14.815698623657227,14.938148817269221,14.79318764876314,14.89312686748105,42751645
2010-12-29,14.867154121398926,14.902033537557134,14.815699783902664,14.891891947593907,40920808
2010-12-30,14.814214706420898,14.875315244892477,14.777850096797124,14.792939818507802,39728356
2010-12-31,14.693248748779297,14.803330499150233,14.645257352828168,14.761771486602584,61802787
2011-01-03,14.95002269744873,14.980696576306247,14.755339612013403,14.755339612013403,94962614
2011-01-04,14.894859313964844,14.995292973722057,14.845384609390809,14.981441230959996,73253547
2011-01-05,15.066783905029297,15.097952218017467,14.843652845072569,14.844147279503368,101671667
2011-01-06,15.176369667053223,15.29832542673543,15.091025735874736,15.106609892715646,82620526
2011-01-07,15.24909782409668,15.293873506478398,15.09300618840509,15.235987733137012,84363033
2011-01-10,15.193934440612793,15.223125018418957,15.054168612852331,15.208529729515876,63404769
2011-01-11,15.238459587097168,15.307476756309102,15.201106110324481,15.280513032217204,57787794
2011-01-12,15.259734153747559,15.321083807366923,15.207786332177381,15.321083807366923,65552790
2011-01-13,15.255281448364258,15.328998589173981,15.192695712321465,15.262207318995282,53560006
2011-01-14,15.440566062927246,15.44279291240848,15.26493100603365,15.272846693449507,94978674
2011-01-18,15.82275676727295,15.881136022189551,15.467527421645654,15.487069894752045,145222296
2011-01-19,15.627825736999512,15.90513146400859,15.576125134821197,15.884352904567267,136754676
2011-01-20,15.504634857177734,15.685465261803289,15.418549271544597,15.639206277029661,220254485
2011-01-21,15.135058403015137,15.874705786332251,15.12343161641147,15.821519986366265,357511035
2011-01-24,15.116504669189453,15.151384081509802,14.872841322986302,15.029677437802812,184657557
2011-01-25,15.33493709564209,15.35423140498054,15.003702963586859,15.04526197765332,146418764
2011-01-26,15.250582695007324,15.398759587254204,15.220403249215572,15.345326566853592,81829572
2011-01-27,15.257756233215332,15.329740962564147,15.170185452635765,15.284967176986653,81070738
2011-01-28,14.866905212402344,15.346068051855267,14.836478551590039,15.314156193391632,169878368
2011-01-31,14.851323127746582,14.952992877577765,14.732335857222228,14.931471716517242,112616538
2011-02-01,15.115516662597656,15.17265983514571,14.919349320069323,14.953486135508529,110223602
2011-02-02,15.139263153076172,15.197149869503752,15.028686964928248,15.11452627631761,70691981
2011-02-03,15.093500137329102,15.125658267800391,14.994056297621288,15.076926164044465,60028160
2011-02-04,15.114031791687012,15.125411361874447,15.005929663676204,15.093500447972772,62264511
2011-02-07,15.195911407470703,15.297333925036048,15.070245501156283,15.093746291086088,72253814
2011-02-08,15.297087669372559,15.328010660669362,15.201354930365365,15.211743736949227,68050116
2011-02-09,15.250582695007324,15.323557242811415,15.14767497144807,15.259734468444016,73976246
2011-02-10,15.24909782409668,15.275320847593418,15.128380038342211,15.186265811683596,93725996
2011-02-11,15.448481559753418,15.460849998786689,15.164001778833507,15.183544253495354,103984303
2011-02-14,15.538773536682129,15.575631638583639,15.33815342840857,15.419786267158592,85439051
2011-02-15,15.439824104309082,15.586763971620236,15.413850191503172,15.51824217159817,83993653
2011-02-16,15.44155502319336,15.497955598754563,15.389111817767256,15.476435385860944,67612482
2011-02-17,15.467281341552734,15.516508827349282,15.344089492043405,15.368084718274527,59373716
2011-02-18,15.586516380310059,15.613727325871299,15.440566332666819,15.485588285619231,129198459
2011-02-22,15.09498405456543,15.459117971526583,15.034625164962682,15.337904810686817,146141730
2011-02-23,15.122441291809082,15.206053750150192,14.941364634061765,15.097951633354619,116017237
2011-02-24,15.060600280761719,15.166228346020159,14.875811550080886,15.124174893709352,108874565
2011-02-25,15.090779304504395,15.20654990373074,15.077421049148377,15.135801256825333,77585724
2011-02-28,15.173895835876465,15.250335212326371,15.040561451617279,15.089789883882444,91602065
2011-03-01,14.86121654510498,15.317868444795511,14.825100096952585,15.282245483910028,133426247
2011-03-02,14.861959457397461,14.990840148137972,14.723429716956263,14.837468848870815,81371863
2011-03-03,15.07890510559082,15.126648341253478,14.966102061814661,15.000240772255165,78103658
2011-03-04,14.857751846313477,15.064557098720423,14.847363040082687,15.048477560557233,120891439
2011-03-07,14.636107444763184,14.933697329545346,14.520831276733789,14.856022809120619,139027162
2011-03-08,14.652186393737793,14.792447608770908,14.599990402924558,14.667523334964663,91738575
2011-03-09,14.63882827758789,14.70660842313695,14.489909731166495,14.619779289939418,86362499
2011-03-10,14.355090141296387,14.511429940639447,14.334063415787368,14.482240310475412,125592995
2011-03-11,14.266283988952637,14.34766961113955,14.182671517170602,14.303637472845926,121734587
2011-03-14,14.10004711151123,14.305367165221625,14.051315010022783,14.169559666935712,113066217
2011-03-15,14.089410781860352,14.125032795041344,13.741603613278286,13.791078315854408,160824559
2011-03-16,13.781182289123535,14.095099843380119,13.637210940432325,14.051067710808583,152509508
2011-03-17,13.886564254760742,14.075556607354928,13.86627918229931,13.963744333177575,116406692
2011-03-18,13.879142761230469,14.050572269346342,13.846489250962954,13.967701460423237,132438559
2011-03-21,14.261087417602539,14.342721197241545,14.076051481882413,14.105736492660233,121288923
2011-03-22,14.281373977661133,14.328621835408207,14.16238765212913,14.280136944217853,75758903
2011-03-23,14.401101112365723,14.408275147691132,14.149769289103865,14.228680836106129,72920303
2011-03-24,14.518109321594238,14.555215585809583,14.317983659253185,14.481991926296336,84262658
2011-03-25,14.341238021850586,14.518604553756404,14.328868634970886,14.517862902027574,114764559
2011-03-28,14.232888221740723,14.47110902277412,14.21680868234007,14.398875177684983,89068604
2011-03-29,14.390463829040527,14.394421198850216,14.174754022678826,14.248718382108922,64432607
2011-03-30,14.393186569213867,14.483724910263556,14.362016358856042,14.456018582830204,57105245
2011-03-31,14.514893531799316,14.549526678618214,14.390712805386865,14.421881122015863,81480268
2011-04-01,14.639569282531738,14.723428963649054,14.564367887347595,14.564367887347595,104919797
2011-04-04,14.537652015686035,14.712297256575408,14.424354536302248,14.669254936628262,82488031
2011-04-05,14.077784538269043,14.384527137769588,13.993429470933165,14.374385547952107,242806701
2011-04-06,14.203696250915527,14.227938692659913,14.050819400968523,14.154221551390856,107132058
2011-04-07,14.347667694091797,14.363500014810244,14.203943563140248,14.242039640872584,101639547
2011-04-08,14.302151679992676,14.4686340066759,14.299678560611175,14.4686340066759,76357137
2011-04-11,14.282608985900879,14.30066720891162,14.174506865051532,14.25366562788676,74606600
2011-04-12,14.115385055541992,14.271230420020535,14.05205766194367,14.223981618458042,83736694
2011-04-13,14.255645751953125,14.288298316512915,14.143585310217865,14.236598659424688,83086265
2011-04-14,14.310809135437012,14.334062709282833,14.152243441618944,14.228680922506275,219070062
2011-04-15,13.128116607666016,13.500414385723623,13.112285233192141,13.489034815726667,563853569
2011-04-18,13.032629013061523,13.05291408464688,12.838688535740069,13.022239260062841,202347616
2011-04-19,12.901275634765625,13.13256961445335,12.88569147721634,13.10956420397763,107766427
2011-04-20,13.005171775817871,13.032135502646538,12.8978122501427,13.009377310195195,122858785
2011-04-21,12.989587783813477,13.068253063094518,12.922549291725542,13.048710588685703,99174342
2011-04-25,12.988348960876465,13.036586623589132,12.91314757470784,12.993297093497883,65476506
2011-04-26,13.180560111999512,13.294847407451194,12.992308451459182,13.024714747212409,140524754
2011-04-27,13.302762985229492,13.311421271466852,13.218407919511652,13.30869904034923,92280599
2011-04-28,13.307957649230957,13.339622293644304,13.211729524197002,13.310184498737861,80299860
2011-04-29,13.45959758758545,13.45959758758545,13.321315072526732,13.358174118166184,169773978
2011-05-02,13.322552680969238,13.499920151499927,13.286931614278465,13.499177552614464,85667905
2011-05-03,13.20702838897705,13.407895690479767,13.101647552369643,13.287177914683939,83572079
2011-05-04,13.25403118133545,13.333437168274235,13.185507488766897,13.238694240745076,84997401
2011-05-05,13.216429710388184,13.343826143941778,13.147906021817999,13.206287173934442,80211530
2011-05-06,13.241907119750977,13.394289529318137,13.238939566144058,13.31240854013725,82552271
2011-05-09,13.300782203674316,13.320820058342726,13.138010983000829,13.234486315045086,78240168
2011-05-10,13.423974990844727,13.467760855798836,13.297320206450244,13.358174479184939,82022292
2011-05-11,13.24561882019043,13.44599170036609,13.20208206630285,13.361638529314567,93902656
2011-05-12,13.235724449157715,13.282477868618734,13.133311159603752,13.240424418107585,58149143
2011-05-13,13.099668502807617,13.257246277490617,13.087300064021283,13.224839982790296,84664157
2011-05-16,12.8243408203125,13.043267290953601,12.774371685970776,13.019519283443115,118771522
2011-05-17,13.122179985046387,13.140980808369493,12.740483205345878,12.75037757788017,132639308
2011-05-18,13.106101036071777,13.118963909454665,13.004430346377688,13.099421434960135,78420843
2011-05-19,13.141722679138184,13.272582994676174,13.10387381735453,13.17833261324064,99118132
2011-05-20,12.963118553161621,13.160026587164849,12.940854796394712,13.155326618601674,93047462
2011-05-23,12.823598861694336,12.863426406202027,12.700159805668203,12.77931856588502,92344839
2011-05-24,12.82038402557373,12.961386879299463,12.817662741725695,12.872580011556979,76284867
2011-05-25,12.855262756347656,12.931947445660112,12.79539736086081,12.797376992785994,52259149
2011-05-26,12.817167282104492,12.9158704157429,12.739740931865501,12.80653031119342,85057626
2011-05-27,12.88569164276123,12.90770818459125,12.771898780696484,12.825827184116383,70093747
2011-05-31,13.086557388305664,13.08729903992244,12.950006349121704,12.98711260976952,107894906
2011-06-01,13.00195598602295,13.189959473926663,12.994781950617842,13.062314875929875,118679178
2011-06-02,13.062809944152832,13.1182216507275,12.924775585780731,13.050689669331385,88510520
2011-06-03,12.939618110656738,13.051431340098539,12.900534107789602,12.912902547055749,70202152
2011-06-06,12.8896484375,13.032135541964841,12.844873704132825,12.950997144010515,77975179
2011-06-07,12.83942985534668,12.977960523208445,12.838440986548235,12.934916314706046,76590006
2011-06-08,12.8428955078125,12.894101679728989,12.759035822815434,12.777589428843813,66383894
2011-06-09,12.782535552978516,12.863426730065092,12.75557182728299,12.863426730065092,67817246
2011-06-10,12.60393238067627,12.781547074189564,12.598490759840644,12.716981698339195,97961814
2011-06-13,12.485688209533691,12.621002239176685,12.42236081174098,12.616054105429502,97455925
2011-06-14,12.57573127746582,12.716980395368095,12.54159351655332,12.57028870999535,94011061
2011-06-15,12.44165325164795,12.575234835897248,12.383768435215561,12.493106632297252,83242849
2011-06-16,12.377832412719727,12.53120465695458,12.286305205587855,12.438192252049939,110693357
2011-06-17,11.998114585876465,12.534173432769753,11.99267296509105,12.521557776156882,210602442
2011-06-20,11.987228393554688,12.02804575540693,11.85488477782315,11.997619094121347,121598077
2011-06-21,12.195516586303711,12.218771106088617,11.990939137454232,12.051793405411583,111030616
2011-06-22,12.047341346740723,12.179438696123677,12.040415475760181,12.157174938273895,96644896
2011-06-23,11.879373550415039,11.94468057195691,11.71882822751574,11.926622348865656,192787918
2011-06-24,11.74727725982666,11.892485644740093,11.701265494224067,11.8907541770183,152794573
2011-06-27,11.943196296691895,12.081725068189748,11.715611555873965,11.725506874063377,138304463
2011-06-28,12.211597442626953,12.274924831779346,11.973376660871514,11.973376660871514,109011074
2011-06-29,12.308568000793457,12.374863890062908,12.180179862050217,12.283087578498947,94071286
2011-06-30,12.526503562927246,12.533677598495638,12.405785780365793,12.417907002067498,97500090
2011-07-01,12.888906478881836,12.892617578734914,12.526503086184947,12.535409536393852,146013250
2011-07-05,13.171160697937012,13.244383414239527,12.994535817859877,12.994535817859877,154545110
2011-07-06,13.243392944335938,13.321315625982699,13.186001606330919,13.197381176478174,108228151
2011-07-07,13.521440505981445,13.622370493568793,13.256256925692451,13.38291171346078,158010049
2011-07-08,13.160026550292969,13.30004052672623,13.04326709378538,13.18377550463684,191523195
2011-07-11,13.043514251708984,13.258729618348882,12.99948117291826,13.065778008312323,113997696
2011-07-12,13.209996223449707,13.343825029564053,13.011850215682145,13.06528228293189,114073981
2011-07-13,13.315131187438965,13.45712385875126,13.27109810534272,13.283962873046885,112026334
2011-07-14,13.084578514099121,13.407648796863512,13.029908462379607,13.336404772293449,266976958
2011-07-15,14.783540725708008,14.84860053201874,14.549525470030195,14.78057222463826,551342851
2011-07-18,14.717244148254395,14.893126407661805,14.644515875430736,14.656637096369282,179401931
2011-07-19,14.905495643615723,14.958186064375244,14.731840224208437,14.746929946886224,119144917
2011-07-20,14.727386474609375,14.91242241048213,14.727386474609375,14.896343818957908,89446014
2011-07-21,15.015329360961914,15.041798652099825,14.694237773532546,14.69473315514876,139300182
2011-07-22,15.293376922607422,15.324793399940553,14.948043836350271,14.975749213882654,141656982
2011-07-25,15.311930656433105,15.470992686384541,15.164001926666563,15.172907430183525,125733520
2011-07-26,15.399500846862793,15.522692693568567,15.268393313067058,15.288924656056404,94067271
2011-07-27,15.021018981933594,15.360663244281652,14.95991843970791,15.267403624596986,157965884
2011-07-28,15.113042831420898,15.237718932303938,14.916628268606193,14.970802940899912,124802042
2011-07-29,14.933695793151855,15.212486719834382,14.933695793151855,14.947054047512559,166116320
2011-08-01,15.0098876953125,15.225844729992888,14.8221314211401,15.119969453465107,159238637
2011-08-02,14.654411315917969,15.08162539482224,14.633879026438713,14.990838898443233,128503865
2011-08-03,14.871359825134277,14.916628996202151,14.437467043967903,14.700671948183365,153601587
2011-08-04,14.286319732666016,14.813968433325384,14.285083646539128,14.706360742430931,197320845
2011-08-05,14.323921203613281,14.595042739086521,13.902396867751818,14.410502174328242,238052949
2011-08-08,13.507094383239746,14.07555762708289,13.465782583673935,13.926639079804744,300987964
2011-08-09,14.184650421142578,14.214335432936439,13.383158891478146,13.877658713501436,259758001
2011-08-10,13.58105754852295,13.954838607879886,13.54939290705951,13.88705846793127,215589063
2011-08-11,13.905613899230957,14.063189792457067,13.566216826089498,13.700044708694339,193948251
2011-08-12,13.946182250976562,14.112663638030867,13.862816054449436,14.08792675993758,126644924
2011-08-15,13.784398078918457,13.976360825363393,13.507834949456115,13.690396811394768,286867234
2011-08-16,13.333436012268066,13.66590622608531,13.118220639418965,13.665659008870202,278616423
2011-08-17,13.18872356414795,13.449455331284968,13.129847976786895,13.358916048021653,163775579
2011-08-18,12.489398002624512,12.984392239305677,12.38080049668972,12.949265608216889,252571164
2011-08-19,12.144064903259277,12.73652429321256,12.142579705536777,12.352353464723276,217211120
2011-08-22,12.323410987854004,12.541841137458762,12.2333670876336,12.46762861134721,196971541
2011-08-23,12.834236145019531,12.898306132445986,12.34542614751396,12.455259735107608,174523715
2011-08-24,12.944812774658203,13.110800668585215,12.794904419239682,12.846852240278777,144318923
2011-08-25,12.864416122436523,13.290641347857049,12.821372857018812,13.120200701133479,132213719
2011-08-26,13.033125877380371,13.121932748788112,12.693728819465845,12.863180604785214,144391193
2011-08-29,13.335415840148926,13.344568560396672,13.198865740896528,13.223603565041245,93782206
2011-08-30,13.37549114227295,13.432140832160199,13.130839840596462,13.313400778584331,120008140
2011-08-31,13.381922721862793,13.514019129136788,13.259225305341623,13.475429561237878,108135806
2011-09-01,13.172643661499023,13.452917895208234,13.140979966471429,13.376727632244052,96982155
2011-09-02,12.983156204223633,13.059346468821886,12.88148551609474,12.974002536590454,96408011
2011-09-06,12.917353630065918,12.93170170079171,12.628422055323703,12.635843307907317,109039179
2011-09-07,13.210493087768555,13.25774189209536,13.046484809060477,13.121933429004178,110645177
2011-09-08,13.23349666595459,13.335909948282339,13.157800839252552,13.204801472627368,95576908
2011-09-09,12.983403205871582,13.225828579299073,12.892864871863196,13.14543278165126,131242091
2011-09-12,13.11376953125,13.16002756870251,12.80158342600172,12.812962996039898,107216373
2011-09-13,13.09892749786377,13.20678241111674,12.947533935099207,13.160275260374469,94520965
2011-09-14,13.162007331848145,13.28272511582127,13.007398054651569,13.174870205383666,108179971
2011-09-15,13.421502113342285,13.48136657105572,13.223604245956356,13.246856873601162,118875912
2011-09-16,13.523419380187988,13.527377697281043,13.435849547240629,13.476914127104774,141901897
2011-09-19,13.523173332214355,13.603074702296224,13.243888889193242,13.366833527811199,99106087
2011-09-20,13.522184371948242,13.816311319375169,13.424222883231602,13.590706170936276,111580670
2011-09-21,13.338383674621582,13.729234105669763,13.329973553045498,13.5484046518786,100948969
2011-09-22,12.879753112792969,13.080620422608089,12.71500319751804,13.01803563000237,176671736
2011-09-23,12.999730110168457,13.02224108695828,12.727372486331902,12.778331442457986,111508400
2011-09-26,13.157554626464844,13.183281320818962,12.696449971558318,13.042772897201335,105762945
2011-09-27,13.34184741973877,13.532572190867555,13.260460858318465,13.313646659844366,120887424
2011-09-28,13.082104682922363,13.457618174799459,13.053904869881682,13.395280599371327,90871336
2011-09-29,13.048958778381348,13.291385123762005,12.848833103302377,13.260214912644695,116699786
2011-09-30,12.740729331970215,12.962375192390525,12.724401629582102,12.868621142612263,109352349
2011-10-03,12.257856369018555,12.66552895271308,12.244993495357546,12.612343148667478,179646846
2011-10-04,12.415679931640625,12.453776008140784,11.88877387426467,12.122047460151851,166975528
2011-10-05,12.484944343566895,12.561630931122519,11.892979430997249,12.27838821203074,182043797
2011-10-06,12.732566833496094,12.745429706537779,12.432996392948223,12.554210501113953,137485405
2011-10-07,12.742708206176758,12.875795369045347,12.623473732191663,12.785009818863038,114664185
2011-10-10,13.288166999816895,13.295588252317948,12.942585744870502,12.991566011377467,93236167
2011-10-11,13.436840057373047,13.52638857989623,13.196392409388812,13.196392409388812,114563810
2011-10-12,13.568441390991211,13.734923718981952,13.472707706207343,13.559288670665238,127588447
2011-10-13,13.827937126159668,13.828184343381572,13.556567444708502,13.606289363661439,228356741
2011-10-14,14.63659954071045,14.832519646328759,14.534928861901093,14.829303928327308,342474886
2011-10-17,14.407285690307617,14.640311131632053,14.298193748778777,14.439691037899822,160928949
2011-10-18,14.607657432556152,14.658370114885994,14.283351060406973,14.352369183504585,152601853
2011-10-19,14.364984512329102,14.646001342769733,14.328372684434703,14.529239988246916,117699519
2011-10-20,14.438453674316406,14.567581566001794,14.335545961301678,14.39466876068192,135666613
2011-10-21,14.60716438293457,14.663071473812627,14.513410320820835,14.582922884953373,136148412
2011-10-24,14.75385570526123,14.84167370398453,14.508461827106489,14.51390344760248,137589795
2011-10-25,14.425837516784668,14.718728344702258,14.418169047271633,14.671726764393977,102000897
2011-10-26,14.503761291503906,14.599494979854802,14.171043840346266,14.58391082243638,115354763
2011-10-27,14.809514999389648,14.909207004892995,14.67667599405172,14.803331727067313,151778780
2011-10-28,14.845877647399902,14.899311611495412,14.700174831365375,14.706854432074458,100696024
2011-10-31,14.660347938537598,14.834746902875061,14.636353659936471,14.720955940466,102695490
2011-11-01,14.314271926879883,14.483970918663855,14.267272239604146,14.350142103363803,125472546
2011-11-02,14.466901779174805,14.544577240923804,14.359543201308814,14.468881411336541,85153986
2011-11-03,14.780571937561035,14.780571937561035,14.43969064999307,14.520829993387741,107192283
2011-11-04,14.746930122375488,14.835985156149173,14.65515380470442,14.681623097608119,113817021
2011-11-07,15.048477172851562,15.059609524828652,14.650205512005927,14.67716923732983,134799374
2011-11-08,15.147673606872559,15.197890904386949,14.931469372456437,15.065050964231846,121630197
2011-11-09,14.86591625213623,15.074700197252593,14.809267514223961,14.947797249303186,148996390
2011-11-10,14.720708847045898,14.989603519091,14.633632499160557,14.989109084639116,115166059
2011-11-11,15.04897403717041,15.141492014477192,14.807784720762184,14.874576001832127,159676271
2011-11-14,15.164002418518066,15.289667393568207,15.034873560526226,15.040315181390342,128026081
2011-11-15,15.252065658569336,15.289666356356772,15.10215824905908,15.159053256591083,107441212
2011-11-16,15.126152992248535,15.295110341046865,15.104879996869862,15.141243662464174,104731092
2011-11-17,14.863938331604004,15.146438489633688,14.76276207215637,15.091026782190623,140255750
2011-11-18,14.715760231018066,14.95373285097274,14.68780668874732,14.891890658818463,132000924
2011-11-21,14.370922088623047,14.557936711037495,14.151996552927452,14.539630322762497,120501984
2011-11-22,14.347667694091797,14.470612318497052,14.229918419919308,14.347667694091797,96572626
2011-11-23,14.10301685333252,14.35385331242302,14.10301685333252,14.232641091074218,93380707
2011-11-25,13.927133560180664,14.20592356228278,13.885822707671155,13.981309180855996,62730250
2011-11-28,14.550267219543457,14.565851375653722,14.261086546539618,14.332083350845513,113580136
2011-11-29,14.420150756835938,14.603948728801713,14.380570423127088,14.542600963859151,73546641
2011-11-30,14.827325820922852,14.830294322028243,14.646743582332258,14.79170475485059,136389312
2011-12-01,15.183050155639648,15.23821464524505,14.81767918405866,14.84241606267361,145366836
2011-12-02,15.346068382263184,15.436112280583307,15.244643967256234,15.26418738804685,164040568
2011-12-05,15.4769287109375,15.631537032170247,15.396531967131814,15.52615619440301,128379401
2011-12-06,15.430423736572266,15.550398924381577,15.343101114996063,15.411128478638966,93408812
2011-12-07,15.421022415161133,15.477175768885008,15.290162103153243,15.378720802967146,90630437
2011-12-08,15.239449501037598,15.521456145950026,15.220896843574268,15.362889508488257,96885796
2011-12-09,15.520715713500977,15.563016384624852,15.263199639239097,15.287690249252284,111062736
2011-12-12,15.470497131347656,15.490038657592114,15.344335840662254,15.383668951942722,87683432
2011-12-13,15.476434707641602,15.746813627620437,15.407663801450168,15.553862005427051,161731947
2011-12-14,15.289419174194336,15.444028447268366,15.151384821444038,15.382926958026506,156733281
2011-12-15,15.325783729553223,15.436112703334816,15.30475605769581,15.399500874492269,96705121
2011-12-16,15.484598159790039,15.567715245427374,15.37352753024632,15.44402895949679,179040582
2011-12-19,15.382431030273438,15.547430051248744,15.337161864097746,15.535307882966434,86061375
2011-12-20,15.593689918518066,15.630053583851677,15.53481433023418,15.535061547463533,95886062
2011-12-21,15.481134414672852,15.629558518344203,15.31143542224942,15.584783785865703,100290510
2011-12-22,15.577116012573242,15.627332367700369,15.510572901121115,15.533825528667816,73165217
2011-12-23,15.662211418151855,15.700307497754501,15.598389592104459,15.634011605075525,58365953
2011-12-27,15.838094711303711,15.942980171356822,15.6340116817777,15.635247767907122,64496847
2011-12-28,15.824488639831543,15.95559617032686,15.784908310993266,15.899937250490671,85406931
2011-12-29,15.891282081604004,15.90612458854577,15.713171998302798,15.868770156748548,63252199
2011-12-30,15.977859497070312,15.99913533345743,15.881879540835659,15.881879540835659,71559220
2012-01-03,16.460485458374023,16.52826654550252,16.13790961946288,16.15201141970281,147611217
2012-01-04,16.531482696533203,16.58021574885139,16.3419949495486,16.451086894498935,114989399
2012-01-05,16.302165985107422,16.4248633919683,16.233396029359092,16.37934700921349,131808205
2012-01-06,16.07978057861328,16.32665872791353,16.074089846033743,16.305631054267433,108119746
2012-01-09,15.398017883300781,16.005073558778875,15.367590271319102,15.992703224683472,233776981
2012-01-10,15.414838790893555,15.678540020579238,15.260725837455523,15.578353576947832,176483032
2012-01-11,15.484598159790039,15.569447660438378,15.36486924396114,15.423743885753938,96359832
2012-01-12,15.575631141662598,15.656028838822639,15.497955675671712,15.614717039086125,75289148
2012-01-13,15.460602760314941,15.509087647461913,15.363384821599016,15.49201923950715,92637933
2012-01-17,15.549408912658691,15.6335167567892,15.477670454166212,15.6335167567892,76658261
2012-01-18,15.656523704528809,15.683486486225247,15.389606752498558,15.501172768268136,110882061
2012-01-19,15.821271896362305,15.856399473552637,15.620651810971632,15.856399473552637,253157352
2012-01-20,14.495844841003418,14.619778336520667,14.389722351422341,14.608152496972668,424637703
2012-01-23,14.484217643737793,14.561893101693741,14.425837441665813,14.496091647358696,137027695
2012-01-24,14.370675086975098,14.537651855840313,14.298194026045108,14.504008527082933,122690156
2012-01-25,14.087678909301758,14.31575715848926,14.010745100179617,14.286072148358043,200255805
2012-01-26,14.053293228149414,14.211118219033368,13.9654761767053,14.149275078310518,129531704
2012-01-27,14.347174644470215,14.355585713662546,14.083722529024858,14.11959081372927,145242371
2012-01-30,14.290525436401367,14.34766860945314,14.184402941986617,14.299430939775082,93569411
2012-01-31,14.35038948059082,14.446617599950832,14.227692069099307,14.421879775560122,86017210
2012-02-01,14.36820125579834,14.48372463809578,14.326395021791075,14.469871001043186,93175942
2012-02-02,14.474075317382812,14.50623439338592,14.399121142036618,14.468139262678774,96950036
2012-02-03,14.751628875732422,14.769934315435574,14.546803262123383,14.61136768269286,127215053
2012-02-06,15.067278861999512,15.110321180358717,14.694238490141919,14.71897631481045,147735682
2012-02-07,15.0098876953125,15.074700285193245,14.935427950433139,15.01928858027679,83997668
2012-02-08,15.086078643798828,15.123184906975357,14.959671078968618,15.056146416035167,73731331
2012-02-09,15.12590503692627,15.201107378333901,15.065051713340718,15.139758673117818,90927546
2012-02-10,14.988614082336426,15.043530406813126,14.941366228020192,15.037347134430776,93356617
2012-02-13,15.144209861755371,15.184780005419565,15.090283358457986,15.102157362029482,72924318
2012-02-14,15.08385181427002,15.139263518289109,14.960165533108658,15.127884895694942,72418428
2012-02-15,14.979954719543457,15.162269364052353,14.905742195593977,15.162269364052353,97399715
2012-02-16,15.003704071044922,15.06035281153482,14.786262777185957,14.912175914770918,101615457
2012-02-17,14.957197189331055,15.031161552144384,14.90178548472929,14.965360093730261,98331193
2012-02-21,15.188738822937012,15.284719729493915,14.913658976899931,14.93814958519677,99603946
2012-02-22,15.038829803466797,15.257509064798008,15.008403141340578,15.138274588510836,78974912
2012-02-23,14.993561744689941,15.038830915393685,14.85107557832742,15.01557828694169,82508106
2012-02-24,15.087316513061523,15.130606997967373,14.978719001346452,15.024236335762492,77714204
2012-02-27,15.072720527648926,15.148169140807928,14.967586903675747,15.005434818867604,72827958
2012-02-28,15.297335624694824,15.33147433594227,15.032399258597236,15.089790597956704,114330940
2012-02-29,15.293872833251953,15.47569210277557,15.22584452594999,15.302531119227465,125946315
2012-03-01,15.396533012390137,15.478166795013598,15.291399384702126,15.393070076736933,89843498
2012-03-02,15.368084907531738,15.436113217024046,15.345079497123235,15.386637566197392,63167885
2012-03-05,15.194923400878906,15.398759210796978,15.123926592642805,15.34780025831746,63970883
2012-03-06,14.965113639831543,15.060352896770627,14.690033787787055,15.041553020374772,127451937
2012-03-07,15.010629653930664,15.119227163750825,14.987377026252341,15.066288577212005,50769586
2012-03-08,15.019041061401367,15.126895967961973,14.999497640185004,15.090778573768148,54021731
2012-03-09,14.848600387573242,15.136789364181856,14.842415221077744,15.039077941439272,107224403
2012-03-12,14.969812393188477,15.015576941464055,14.824109574183609,14.842415014616877,67010233
2012-03-13,15.282245635986328,15.283978050996243,14.979708575391989,15.058867343685405,90168712
2012-03-14,15.237966537475586,15.40593311602153,15.175380798504829,15.213475930334793,117916329
2012-03-15,15.365117073059082,15.423743549147664,15.209270764904389,15.253056629839309,97769094
2012-03-16,15.46183967590332,15.48336083540314,15.338399662332815,15.359179170149682,122477361
2012-03-19,15.682991027832031,15.764377590862638,15.367837371137794,15.414343572644238,87237768
2012-03-20,15.670869827270508,15.734445383785074,15.517003151495645,15.60729521794838,61850967
2012-03-21,15.831415176391602,16.014718699015113,15.646627403214145,15.69857522540977,99154267
2012-03-22,15.98157024383545,16.049597602732895,15.60927342544618,15.794803791593187,96769361
2012-03-23,15.895979881286621,16.042177133919697,15.854173650305553,15.99517555262186,77898894
2012-03-26,16.06270980834961,16.06666907291203,15.82053163530664,15.955597494048956,73040752
2012-03-27,16.005569458007812,16.165866648810677,15.95065312601561,16.005817622466434,80588939
2012-03-28,16.221771240234375,16.291778233766593,16.10600159096524,16.129501435499595,101936657
2012-03-29,16.039949417114258,16.242300001126107,15.938279690731209,16.1643782799218,77260510
2012-03-30,15.862584114074707,16.16561749092528,15.856648059172596,16.122573278547502,92774443
2012-04-02,16.003089904785156,16.017437973222073,15.704263058537636,15.850954724686648,91710470
2012-04-03,15.896720886230469,16.028571965257807,15.798266864683805,15.965739008990244,82102591
2012-04-04,15.711934089660645,15.80717239309923,15.611747653020373,15.793566921179432,65348026
2012-04-05,15.641926765441895,15.743596503250824,15.549161583383416,15.639947133326329,93095642
2012-04-09,15.605314254760742,15.71638581946978,15.468022511187982,15.546934053754113,87635252
2012-04-10,15.506861686706543,15.695854048413464,15.449717566394316,15.671612552123877,99652126
2012-04-11,15.73197078704834,15.732959655921475,15.616694629512818,15.682743303260462,88289696
2012-04-12,16.104267120361328,16.156957538006687,15.838340965641239,15.890042514443175,231127086
2012-04-13,15.450955390930176,16.054299923952442,15.424733315499177,16.01867791077483,327595322
2012-04-16,14.992571830749512,15.431411764217167,14.88347894324722,15.411374855667363,228537416
2012-04-17,15.07915210723877,15.280020366588474,15.01582471502969,15.05416801222697,121409373
2012-04-18,15.02670955657959,15.159053176208229,14.911927831652822,15.041552061837036,107180238
2012-04-19,14.825098991394043,15.244643648341663,14.817677739094757,14.98317024458028,132277959
2012-04-20,14.744949340820312,15.061340008898311,14.739260503433023,14.947549053266929,122794545
2012-04-23,14.783045768737793,14.804073441246262,14.599989460434568,14.666780736422615,88241516
2012-04-24,14.873832702636719,15.006423539514465,14.776119385139985,14.79887852466763,77453230
2012-04-25,15.082862854003906,15.123184835265802,14.913658294721257,14.941365567351584,73117037
2012-04-26,15.225101470947266,15.287687204794826,15.0823671628889,15.11229938801666,84013728
2012-04-27,15.212983131408691,15.256519888356385,15.104633779149387,15.213972000398627,65701345
2012-04-30,14.96239185333252,15.24019298005003,14.857505444480033,15.163754549266391,96652926
2012-05-01,14.95200252532959,15.129368094338492,14.84711612013327,14.936169256873093,80392204
2012-05-02,15.02200984954834,15.043035627304949,14.85750525554632,14.872100543835877,64701612
2012-05-03,15.115020751953125,15.209270184932656,15.063814583394008,15.080388556081296,75000069
2012-05-04,14.767460823059082,15.037593466555549,14.76350345319191,14.98886041732961,88626955
2012-05-07,15.029181480407715,15.103887488004021,14.718727822386636,14.718727822386636,80079035
2012-05-08,15.158806800842285,15.26047844109841,14.859732671276504,14.979214371638236,107493407
2012-05-09,15.068760871887207,15.247612572558634,14.88718883479316,15.011123270336775,93501157
2012-05-10,15.180328369140625,15.242914109697184,15.09547887025214,15.163011796929425,61666277
2012-05-11,14.971792221069336,15.202344538794526,14.960412651358029,15.09844700245082,84290763
2012-05-14,14.941366195678711,15.052684042169268,14.85676391247962,14.861711098690266,73249532
2012-05-15,15.11724853515625,15.213476659012434,14.93518109437403,14.974761425810039,84399167
2012-05-16,15.558067321777344,15.587010682137928,15.236729434144099,15.28669952018602,194128926
2012-05-17,15.412610054016113,15.778723584843114,15.367588106283705,15.679279752298092,134654835
2012-05-18,14.852312088012695,15.644402778063066,14.760783927842773,15.463325142892526,239835606
2012-05-21,15.191460609436035,15.230546507672473,14.842416386881316,14.855032990892205,123477094
2012-05-22,14.862205505371094,15.184037801839073,14.743466413757734,15.174886028905592,122533571
2012-05-23,15.076431274414062,15.079895157273814,14.771172927027633,14.883232426477628,127600492
2012-05-24,14.932954788208008,15.137285035105586,14.814462908722403,15.069009509860727,75935562
2012-05-25,14.632891654968262,14.885212367682238,14.552493956516521,14.867154142882727,143813034
2012-05-29,14.70240306854248,14.820894005692645,14.553484520298428,14.738766734882455,104618672
2012-05-30,14.55125617980957,14.642041727739173,14.434991156890595,14.549524712141148,76553871
2012-05-31,14.368943214416504,14.595042797574836,14.322932392056273,14.56337909985003,119177037
2012-06-01,14.124536514282227,14.16584830980417,14.059477658677038,14.144574369017219,122774470
2012-06-04,14.312788963317871,14.359790546094118,14.100542083536695,14.10573648682445,97672734
2012-06-05,14.11043643951416,14.301408417080452,14.012971292283027,14.235112529025159,93946821
2012-06-06,14.361767768859863,14.3963999644469,14.189596606978842,14.260592465853408,84146223
2012-06-07,14.303884506225586,14.542847913172714,14.27964206139153,14.535673877180953,70603652
2012-06-08,14.358799934387207,14.372406353792071,14.213591544519947,14.245008970572151,56627461
2012-06-11,14.063188552856445,14.479271242158447,14.018413819643017,14.451812133701733,106842978
2012-06-12,13.979082107543945,14.10771652644808,13.817794175854653,14.094605488449236,129451404
2012-06-13,13.87988567352295,14.026083884175828,13.820268432227556,13.89546983124261,78460993
2012-06-14,13.829421043395996,13.978339589643578,13.766835301393916,13.885079966915121,94147570
2012-06-15,13.964487075805664,13.964735240234134,13.780936329215722,13.861333079307617,120497969
2012-06-18,14.121321678161621,14.204438756050195,13.834367854495804,13.917732149593627,100250360
2012-06-19,14.385518074035645,14.45354543832515,14.177476716578852,14.1891035043351,83359284
2012-06-20,14.28607177734375,14.347667698170152,14.187122377604382,14.342967729553505,94219840
2012-06-21,13.981802940368652,14.343710011682354,13.945191111484196,14.343710011682354,80753554
2012-06-22,14.136907577514648,14.136907577514648,13.996893583730621,14.050821040922473,89450029
2012-06-25,13.870237350463867,14.05304644158556,13.787367482524132,14.034246565726972,63501129
2012-06-26,13.968693733215332,14.016188806090174,13.840058363135487,13.921197713148002,54210435
2012-06-27,14.082978248596191,14.198996060237143,14.001840798087763,14.043398865832213,67945726
2012-06-28,13.959538459777832,14.007034474383472,13.783903418690564,13.998871570469316,77124000
2012-06-29,14.34939956665039,14.350883817159863,14.154717427074921,14.222992003318204,101157748
2012-07-02,14.359295845031738,14.421880640637541,14.261088087626458,14.392691010129564,66468209
2012-07-03,14.541362762451172,14.555710834481186,14.298194767210513,14.34791669044418,47758342
2012-07-05,14.741488456726074,14.84390175183327,14.558926573510096,14.56436914163793,94187720
2012-07-06,14.495598793029785,14.682118041585683,14.417428892132857,14.655649694955889,86796118
2012-07-09,14.496339797973633,14.560410735963865,14.378590517407755,14.470118669750704,68861145
2012-07-10,14.38972282409668,14.655153612569185,14.316499165825567,14.599741908011733,77212330
2012-07-11,14.129733085632324,14.294483953153161,13.97512380776829,14.256140655226849,140496649
2012-07-12,14.11216926574707,14.148038496894332,13.9046223489939,14.029052180468785,92738308
2012-07-13,14.261580467224121,14.326640267393483,14.064424276305138,14.153478352798842,79336261
2012-07-16,14.222004890441895,14.327632959683458,14.1443294199197,14.257873177124997,58723287
2012-07-17,14.266777992248535,14.364242197905844,14.060714386841635,14.308830494129694,67455897
2012-07-18,14.366469383239746,14.438950448094618,14.251936759940284,14.27296253916258,62160121
2012-07-19,14.670740127563477,14.804816176622909,14.496093928287417,14.499556864157606,187688877
2012-07-20,15.11007308959961,15.162516289784952,14.797392573357376,15.059113192672351,259517101
2012-07-23,15.226091384887695,15.296345592740034,14.799125464600817,14.854289003060757,143002005
2012-07-24,15.029679298400879,15.285957384489919,14.949776980636589,15.21347726715951,80677269
2012-07-25,15.04006576538086,15.173400138542604,14.975254128619717,15.048229616272263,73193322
2012-07-26,15.172905921936035,15.259733151806747,15.090530496188816,15.21347511819419,67660662
2012-07-27,15.707234382629395,15.708223251532276,15.27532031510055,15.309704347709236,142520206
2012-07-30,15.641432762145996,15.896226577520858,15.572167421617156,15.734197946761432,87795852
2012-07-31,15.65800666809082,15.745330237127538,15.540504599476277,15.541494415616977,74903709
2012-08-01,15.650832176208496,15.819789524136546,15.61867499247877,15.765119470218657,74060561
2012-08-02,15.553614616394043,15.783177117755514,15.421517267543058,15.473466035650013,79404516
2012-08-03,15.864811897277832,15.92393470448132,15.73642469302277,15.831911166599463,76168432
2012-08-06,15.901668548583984,16.063945337670518,15.812614467234454,15.8222616217303,71563235
2012-08-07,15.845268249511719,15.937290833391213,15.74458737984339,15.876189345625539,79569131
2012-08-08,15.887075424194336,15.977119328483553,15.794804670424938,15.808410142961442,53086237
2012-08-09,15.890043258666992,15.98948709678521,15.869510968511083,15.943476277639874,42972470
2012-08-10,15.88138484954834,15.887322799156955,15.736176454780589,15.797031676738518,57599089
2012-08-13,16.326906204223633,16.33036913988174,15.997156302035512,16.015461743646178,131205956
2012-08-14,16.54088020324707,16.644529565059003,16.301918734561163,16.30810200606305,147016998
2012-08-15,16.51317596435547,16.67916385331342,16.42808019996119,16.580957051844948,96789436
2012-08-16,16.6450252532959,16.688812063424734,16.501796502174898,16.512435367178078,68965534
2012-08-17,16.75065803527832,16.753378372148795,16.616086607515275,16.67595106813073,87434502
2012-08-20,16.711074829101562,16.793450257265484,16.639830805957676,16.710085960241717,70587592
2012-08-21,16.561908721923828,16.771927792673615,16.380335732556443,16.650963748947454,89221174
2012-08-22,16.751644134521484,16.836245460574112,16.492395694752833,16.509217830836207,76654246
2012-08-23,16.74224853515625,16.833281320829514,16.59877159002532,16.67966183741884,71635505
2012-08-24,16.787513732910156,16.832535683085798,16.67495885747105,16.712560502217173,57277890
2012-08-27,16.55473518371582,16.623505140917175,16.307857061506645,16.400621296651703,104939872
2012-08-28,16.753376007080078,16.762527779758354,16.44391121036081,16.45034264655264,82652646
2012-08-29,17.019550323486328,17.043792765002017,16.726165064443112,16.75634450773345,120060335
2012-08-30,16.86296272277832,17.004213735045568,16.825857408114498,16.926290111551328,65319921
2012-08-31,16.94731903076172,17.033651834647767,16.822393817318112,16.920354355833275,85402916
2012-09-04,16.847129821777344,16.94508844981178,16.660610607744413,16.933957045860314,75867307
2012-09-05,16.839214324951172,16.98219680159277,16.800129379099197,16.82140331967295,68584110
2012-09-06,17.301307678222656,17.313429846053218,16.938409869117887,16.968837476508803,122196311
2012-09-07,17.46828842163086,17.619185654703816,17.25851370435845,17.316152260801584,129804723
2012-09-10,17.3351993560791,17.63303643582497,17.276323769475393,17.557586876210678,102783820
2012-09-11,17.12295150756836,17.332229872710208,17.09351466312728,17.265685820024594,75232938
2012-09-12,17.090547561645508,17.190239566636546,16.843173099170546,17.054182949240605,106088160
2012-09-13,17.465564727783203,17.538786488680664,17.082135563162257,17.145216682279624,106758663
2012-09-14,17.55560874938965,17.637736013763252,17.489559128840895,17.553629117270294,105132591
2012-09-17,17.563032150268555,17.634768718902954,17.439838403705135,17.516773164595072,60558139
2012-09-18,17.768348693847656,17.77774863051995,17.483868949776998,17.508605824639318,82981875
2012-09-19,17.996429443359375,18.02265151946507,17.7220921963342,17.749056871329753,124396528
2012-09-20,18.01176643371582,18.092410400116584,17.84107856289971,17.92147436487486,116731906
2012-09-21,18.156972885131836,18.17998018762599,18.061240153016396,18.112941700951385,255317419
2012-09-24,18.53768539428711,18.554011205106786,18.06446041795869,18.083012131274664,143086320
2012-09-25,18.53223991394043,18.92135791931387,18.495132704368874,18.628467084524296,243248350
2012-09-26,18.63861083984375,18.831068982368937,18.33038493989335,18.54930953426825,227766537
2012-09-27,18.71381187438965,18.870647999650373,18.59383669036969,18.799157702572355,157833389
2012-09-28,18.664339065551758,18.783079116646523,18.581469194218947,18.655679831768186,111757330
2012-10-01,18.844423294067383,18.92407648453146,18.706637122516163,18.77689037645486,127194978
2012-10-02,18.725934982299805,18.94857068358481,18.5597008052512,18.929028208052525,112026334
2012-10-03,18.86223793029785,18.897365511223388,18.607443148736902,18.694518554940984,88663090
2012-10-04,18.999528884887695,19.045047165561748,18.78555053149762,18.868422293873472,98535958
2012-10-05,18.989633560180664,19.156115886699283,18.924326537987238,19.065329388712456,109846193
2012-10-08,18.74696159362793,18.88895331794599,18.655678763785758,18.82513149132866,78637653
2012-10-09,18.406824111938477,18.833047477514576,18.36823359498839,18.79223105818285,120578269
2012-10-10,18.418447494506836,18.491917418375305,18.263344742870014,18.3516571712768,81901842
2012-10-11,18.589632034301758,18.763288411229713,18.56019518606426,18.624759615025614,95713418
2012-10-12,18.423147201538086,18.67348824868407,18.407067663984453,18.5987831870173,96528461
2012-10-15,18.32988739013672,18.400388814976186,18.07558896291186,18.35363539803084,121216653
2012-10-16,18.421913146972656,18.47856283697641,18.218077317504903,18.308863825789405,82636586
2012-10-17,18.688825607299805,18.709853278229968,18.31207604769815,18.403358872152285,92059774
2012-10-18,17.19246482849121,18.786044073693674,16.722454693365407,18.690065066667877,499561487
2012-10-19,16.86568260192871,17.481889960474554,16.623504458365144,17.45418458383487,461009524
2012-10-22,16.788503646850586,16.93593792855789,16.566608678276417,16.846388467180912,162832055
2012-10-23,16.830060958862305,17.002728447388535,16.623504821206147,16.623752985610864,117101285
2012-10-24,16.754613876342773,16.994566131390734,16.70439562876794,16.989617998203308,100234300
2012-10-25,16.765995025634766,16.870881440642187,16.66086044619066,16.82140578726113,96403996
2012-10-26,16.70142936706543,16.89635967616534,16.60371510090461,16.734823583615768,78324483
2012-10-31,16.828826904296875,16.84614158219976,16.69771842038215,16.817941768713727,61710442
2012-11-01,17.00916290283203,17.091043910229978,16.789741959263058,16.809038165943655,82311371
2012-11-02,17.017322540283203,17.20606956398378,17.003718963455842,17.187269689811007,93324497
2012-11-05,16.894624710083008,16.991100039377482,16.71156842274909,16.93272078627269,65681270
2012-11-06,16.863950729370117,16.982196326836746,16.76079580028041,16.95696312287232,63549309
2012-11-07,16.50278663635254,16.777618288637374,16.487201533246274,16.69771692984122,89626688
2012-11-08,16.13593101501465,16.610887350672783,16.109708942414436,16.578976440908978,104269368
2012-11-09,16.401609420776367,16.532966057210153,16.086703954508344,16.194310689716712,125030896
2012-11-12,16.47260856628418,16.569083905052263,16.348179684231358,16.419421816401943,56446786
2012-11-13,16.303157806396484,16.514660196009313,16.28287273301364,16.40087017892982,64007018
2012-11-14,16.142364501953125,16.38058529884016,16.091653712282515,16.34298365275058,66986143
2012-11-15,16.011503219604492,16.326656863168914,15.928385192260311,16.07928241324902,74233205
2012-11-16,16.009525299072266,16.153992993505714,15.732961191443453,15.98008845056777,138043489
2012-11-19,16.529748916625977,16.547311756853237,16.216078598214843,16.220284132170676,95083064
2012-11-20,16.57328987121582,16.771929391720217,16.43970731794453,16.561910300947073,83861158
2012-11-21,16.471866607666016,16.56908454908576,16.336552584834884,16.549047639434427,84804682
2012-11-23,16.523813247680664,16.574029600424687,16.477554264820533,16.57328889596102,37038310
2012-11-26,16.355104446411133,16.499818391943524,16.302414028939992,16.485964756257665,88514535
2012-11-27,16.59159278869629,16.69771621627652,16.277181769854973,16.330861053038007,100724129
2012-11-28,16.91219139099121,16.94286527148064,16.42288692339148,16.524802937253302,122136087
2012-11-29,17.11553192138672,17.16525383968871,16.870879699760277,17.013860288237485,111476280
2012-11-30,17.275829315185547,17.296855092558175,16.962160861648734,17.10118408212311,127018318
2012-12-03,17.198646545410156,17.461852348831716,17.170446735494124,17.371562187591767,88028721
2012-12-04,17.09425926208496,17.205082676599584,16.962408174520093,17.192466072769438,79966615
2012-12-05,17.01485252380371,17.180097831338472,16.87904406449354,17.121964839416986,74775229
2012-12-06,17.096731185913086,17.207552692152223,16.932969204231917,17.009159463367503,58711242
2012-12-07,16.92555046081543,17.238972688302695,16.881271103281417,17.192467428265797,77059760
2012-12-10,16.955482482910156,17.10959638415313,16.915160498620004,16.954739883998165,54872909
2012-12-11,17.238969802856445,17.36364684354125,17.012376754759813,17.068776378780054,107906951
2012-12-12,17.25579071044922,17.402978715128345,17.154861684704407,17.297103451044638,97403730
2012-12-13,17.382944107055664,17.72357724600345,17.30502047827962,17.70996987921446,138312493
2012-12-14,17.364635467529297,17.509597578520022,17.277313801784576,17.2956192417692,85523366
2012-12-17,17.8301944732666,17.858394285968814,17.415595090721407,17.452205972105453,121871097
2012-12-18,17.83736801147461,18.036007516922535,17.688448529105607,17.72679087716311,120646524
2012-12-19,17.813617706298828,17.885109892099063,17.728770108063404,17.828460210756944,77031655
2012-12-20,17.869277954101562,17.925925739268756,17.73594168820874,17.891540762892816,66528434
2012-12-21,17.702796936035156,17.781711332987626,17.576390306526367,17.661734246250923,141568653
2012-12-24,17.55116081237793,17.69166925857694,17.500942554564368,17.675093387896467,33762076
2012-12-26,17.535572052001953,17.63476772464424,17.375769325622393,17.51578141372504,47473277
2012-12-27,17.47174835205078,17.534829472440165,17.281766180799686,17.492776023642186,66142994
2012-12-28,17.31639862060547,17.487086475447235,17.31639862060547,17.35795763327465,56290202
2012-12-31,17.49871253967285,17.57762503187852,17.217201278888353,17.316150678863835,80195470
2013-01-02,17.891292572021484,17.984058695412017,17.725552856376126,17.796550605409806,102033017
2013-01-03,17.901683807373047,18.106014039443725,17.828708318551072,17.932852119443755,93075567
2013-01-04,18.255430221557617,18.34201119231972,18.000883607249616,18.041948190288522,110954331
2013-01-07,18.1757755279541,18.290308139597872,18.072620591520515,18.193090205180386,66476239
2013-01-08,18.139904022216797,18.214116541980047,17.9204831281104,18.195316668434916,67295297
2013-01-09,18.259138107299805,18.264826944369354,18.02363768095921,18.114424170376793,81291563
2013-01-10,18.342256546020508,18.429333841295062,18.144854064255952,18.375652657024187,73703226
2013-01-11,18.305397033691406,18.365755916872914,18.21411611014295,18.355118947157763,51600690
2013-01-14,17.891292572021484,18.36006563860403,17.86902976326318,18.231431235684077,114985384
2013-01-15,17.93285369873047,18.18195963037254,17.61547413516995,17.79432490828462,157696879
2013-01-16,17.691913604736328,17.918260409438084,17.65431195658115,17.87026995386273,81239368
2013-01-17,17.596181869506836,17.80199544686595,17.588759668592907,17.754253152983136,88791570
2013-01-18,17.427719116210938,17.632049381020803,17.349052883035885,17.57243118942392,129555794
2013-01-22,17.387147903442383,17.44824939479097,17.205328627177277,17.43142915104805,152264594
2013-01-23,18.342750549316406,18.528280916693298,18.201501427407877,18.206449560591334,237249950
2013-01-24,18.657163619995117,18.72197620871839,18.31826195988299,18.336321130616305,135815168
2013-01-25,18.643808364868164,18.76279469012041,18.559205128349056,18.572069897251904,89369729
2013-01-28,18.571081161499023,18.691550791113038,18.500825996876102,18.596560640660385,65327951
2013-01-29,18.644052505493164,18.724944632452058,18.46742764075605,18.4726220439813,70145942
2013-01-30,18.647764205932617,18.823894641899262,18.625005065758344,18.64553830367652,69579828
2013-01-31,18.69377326965332,18.74151555338661,18.559201862242737,18.56563329836981,65613015
2013-02-01,19.186294555664062,19.211033325993867,18.753391649086446,18.755863821173158,150405652
2013-02-04,18.77614974975586,19.059392485967322,18.75759803914289,18.990622527969578,122075862
2013-02-05,18.942384719848633,19.075224659462965,18.78728197102266,18.828344654180547,75108474
2013-02-06,19.051971435546875,19.120987660873187,18.763286143016224,18.777386048733828,83435569
2013-02-07,19.14548110961914,19.26570446705788,18.936450876152307,19.040348423364506,114033831
2013-02-08,19.427978515625,19.460137591396794,19.284255332268824,19.298355238075224,121256803
2013-02-11,19.355005264282227,19.369353336152333,19.14053436268437,19.255563313308176,87037018
2013-02-12,19.312456130981445,19.490566195696708,19.279556349084935,19.338431936207733,74638720
2013-02-13,19.365888595581055,19.427484517600867,19.294398301711034,19.298355671574157,48107646
2013-02-14,19.48858642578125,19.511345565351192,19.239974935802792,19.28846171600029,69672173
2013-02-15,19.61400604248047,19.623159710940133,19.470034674668792,19.47819757975834,109601278
2013-02-19,19.959339141845703,19.963050241759387,19.673127901744063,19.690690743653082,117711564
2013-02-20,19.60336685180664,20.011781062733228,19.586792879064625,19.920994564883376,110982436
2013-02-21,19.679311752319336,19.924706583737915,19.572693875657126,19.740413242944285,140781714
2013-02-22,19.782716751098633,19.820810940736145,19.63651758230481,19.77158344996483,82463941
2013-02-25,19.561561584472656,19.99792933809563,19.55463571358493,19.846782056772085,92501423
2013-02-26,19.54572868347168,19.689701932202055,19.403985125711777,19.666200193731672,88430220
2013-02-27,19.784446716308594,19.90739040448303,19.569973925407826,19.66125296932217,81347773
2013-02-28,19.819570541381836,19.962801184425924,19.815366901596168,19.817096474883375,90971711
2013-03-01,19.943010330200195,19.966510172910787,19.694647018747386,19.735463432374342,87342157
2013-03-04,20.321739196777344,20.35488714045193,19.91357317254203,19.920993477455355,111440145
2013-03-05,20.744747161865234,20.783091401761023,20.504794928951828,20.505537527738408,162370331
2013-03-06,20.566146850585938,20.878332005096333,20.502571294377503,20.804862076716365,115350748
2013-03-07,20.596323013305664,20.695766836777146,20.5216160635129,20.632439455079655,82415761
2013-03-08,20.569610595703125,20.6537174984336,20.40955969496459,20.643326797017394,116912581
2013-03-11,20.651243209838867,20.77196099469444,20.56911404587194,20.573815909251696,64027093
2013-03-12,20.47288703918457,20.57876231904422,20.37542093406945,20.549573635903037,80633104
2013-03-13,20.415990829467773,20.54907705294652,20.341778300397415,20.480060821699773,65898080
2013-03-14,20.322731018066406,20.45755060877146,20.220072401273782,20.45755060877146,66295564
2013-03-15,20.143632888793945,20.292056050140577,20.119884879876903,20.24752853342112,124452737
2013-03-18,19.98259162902832,20.105537210514743,19.826251830123674,19.91357539752272,73807616
2013-03-19,20.069913864135742,20.266081198634186,19.949442357355633,20.06793612640768,84242583
2013-03-20,20.153776168823242,20.22303867153946,20.072884036869702,20.20621842752608,58771467
2013-03-21,20.068429946899414,20.20844202857723,20.033548640699443,20.069170651332378,59325536
2013-03-22,20.0449275970459,20.16688239966297,20.028353625470697,20.154513962079875,59751126
2013-03-25,20.028352737426758,20.26558462614121,19.958593919021908,20.09687452268968,68736680
2013-03-26,20.097126007080078,20.136210956544904,19.982591495416486,20.123842517466972,47854701
2013-03-27,19.855690002441406,19.963050476089702,19.822788326046588,19.955131947339684,86852328
2013-03-28,19.646162033081055,19.922727048726866,19.62414738812229,19.888588341489804,91855009
2013-04-01,19.819324493408203,19.845546567570043,19.622908995985732,19.666447641446034,72562968
2013-04-02,20.112462997436523,20.15674424482006,19.888838435783597,19.902195743817877,81966082
2013-04-03,19.94325828552246,20.141157079788314,19.806459081663597,20.1228497458444,69800653
2013-04-04,19.66793441772461,19.93212915493845,19.57467573279036,19.895023833648008,98270968
2013-04-05,19.370588302612305,19.468054399647766,19.206085611295137,19.445047096470006,137870844
2013-04-08,19.167741775512695,19.284007749591286,19.00818721386168,19.264219005738436,113708616
2013-04-09,19.237009048461914,19.38790627921213,19.1247004385187,19.183822297466456,86615444
2013-04-10,19.546966552734375,19.600645838985955,19.196190906275454,19.36737319536183,79440651
2013-04-11,19.552162170410156,19.61920066207748,19.395574211702993,19.61375809435508,81452163
2013-04-12,19.543750762939453,19.594463444945678,19.367620332998147,19.59174121393922,65713390
2013-04-15,19.342885971069336,19.71567822225854,19.221425577258497,19.442329821476505,98491793
2013-04-16,19.625879287719727,19.69093815024761,19.392112184206905,19.458159915681577,69941178
2013-04-17,19.358469009399414,19.563293691177698,19.248140034105145,19.462118383613884,81785407
2013-04-18,18.946590423583984,19.43861707653734,18.831561488062803,19.42748377744711,133398142
2013-04-19,19.786672592163086,19.874985029144465,18.95524977604303,19.02698823921279,232998073
2013-04-22,19.79261016845703,19.887848479528678,19.17145459038058,19.80473233801878,115768308
2013-04-23,19.98531150817871,20.173315928941694,19.798790390635677,19.814623657956666,92035684
2013-04-24,20.122604370117188,20.235159243318616,19.987786686684956,19.990507023265234,73438237
2013-04-25,20.014997482299805,20.197313091863233,19.97863476279056,20.19187052384291,79986690
2013-04-26,19.825014114379883,19.981353907903216,19.70528520261343,19.977892866768485,99880980
2013-04-29,20.261381149291992,20.3514250471043,19.864098348786946,19.870283515124513,92376959
2013-04-30,20.397686004638672,20.473630003817675,20.227244399855984,20.25989791363404,92613843
2013-05-01,20.295272827148438,20.401394374598247,20.19459195311793,20.365279820954246,58418148
2013-05-02,20.52235984802246,20.644560920360565,20.261133673032734,20.28710758133459,81034603
2013-05-03,20.920879364013672,20.94759587315244,20.680432676149547,20.7041806842729,100880714
2013-05-06,21.312469482421875,21.319891681471358,20.98371039313066,20.98371039313066,85973045
2013-05-07,21.205604553222656,21.369860971367626,21.043327767136937,21.34858703067347,78653713
2013-05-08,21.611303329467773,21.617486602684437,21.09874521537059,21.199920538886403,99102072
2013-05-09,21.55811309814453,21.760463694795376,21.47771541126371,21.542279830780018,88353936
2013-05-10,21.774564743041992,21.78223321273039,21.5749344723495,21.65285809689557,76192522
2013-05-13,21.707775115966797,21.829978094861204,21.605116505728272,21.74141749679066,58157173
2013-05-14,21.94451332092285,21.983844540782645,21.69812961728329,21.707033226441414,63408784
2013-05-15,22.656700134277344,22.66882040823049,22.115694145431473,22.152305026084573,160033605
2013-05-16,22.359357833862305,22.757877709730078,22.313347011235983,22.733635265018737,128865215
2013-05-17,22.49071502685547,22.597332911002173,22.276488495188833,22.5114945363028,112098604
2013-05-20,22.474634170532227,22.77321386154565,22.38731060307932,22.38731060307932,91248746
2013-05-21,22.43604278564453,22.55206059704326,22.20450159729305,22.462016696329638,79617311
2013-05-22,22.00189971923828,22.493924438329895,21.939066771374247,22.326947697990416,102807910
2013-05-23,21.837892532348633,22.01525999606547,21.620453146129954,21.69466377781752,91345105
2013-05-24,21.60363006591797,21.73968477912555,21.54648594973993,21.651620514952885,92216359
2013-05-28,21.80029296875,22.069187638271465,21.778770862408486,21.855457455737486,90638467
2013-05-29,21.47969627380371,21.71915409177438,21.380252437401758,21.662752572720866,80837869
2013-05-30,21.54030418395996,21.741665931339988,21.432695544731263,21.51952467611369,85145956
2013-05-31,21.551681518554688,21.69466400455104,21.46015431409619,21.474996819465794,79071272
2013-06-03,21.462875366210938,21.619709599523695,21.15093836740419,21.59571532010083,99399181
2013-06-04,21.25186538696289,21.536096979263835,21.127434619571112,21.468315893196028,75024159
2013-06-05,21.26671028137207,21.50789769067057,21.203134722286816,21.336220948520918,84587872
2013-06-06,21.3889102935791,21.43071747304078,20.957985097691417,21.380499224803447,103550684
2013-06-07,21.762197494506836,21.76887709569252,21.40573298074931,21.53189333246883,107385002
2013-06-10,22.021692276000977,22.040988480711246,21.7711030398853,21.820824960661895,93862506
2013-06-11,21.764177322387695,21.942039228615855,21.757003286676525,21.86708410028634,70567517
2013-06-12,21.570484161376953,21.91730057784565,21.51284560532659,21.903943269664783,88522565
2013-06-13,21.694664001464844,21.760465459529907,21.410184227241995,21.496270758373438,83106340
2013-06-14,21.64617919921875,21.885142589368314,21.623668223856285,21.77135067923851,90136592
2013-06-17,21.92348289489746,22.002147219122655,21.726326702738213,21.74982654480958,86173794
2013-06-18,22.278959274291992,22.288359211447776,21.975431476874494,21.982853676345748,87000883
2013-06-19,22.280447006225586,22.531776954683107,22.201780775929237,22.297515414812256,117073180
2013-06-20,21.886133193969727,22.288362281308256,21.850759342561886,22.11495406569369,135385563
2013-06-21,21.79188346862793,22.013282136993165,21.59744758184959,21.975187949195025,159889066
2013-06-24,21.516305923461914,21.677842001653524,21.35452357525864,21.568007470834473,121128323
2013-06-25,21.427501678466797,21.760960786892717,21.385696391690807,21.70109632851824,102510801
2013-06-26,21.611793518066406,21.71940025811621,21.535603255614372,21.61426758462108,73530581
2013-06-27,21.696395874023438,21.88489474851503,21.686007067264796,21.739191923163567,77348840
2013-06-28,21.778024673461914,21.814389279150348,21.62514973522213,21.64271257432077,94324230
2013-07-01,21.96380615234375,22.06770368668282,21.892562128796957,21.928430410594313,69250599
2013-07-02,21.826021194458008,22.04098841606414,21.701344146247056,22.021197776949972,75943592
2013-07-03,21.927936553955078,21.99571764387404,21.73177110839335,21.766402357829026,42036977
2013-07-05,22.102582931518555,22.150078946855196,21.95044678379718,22.016496403720893,68331166
2013-07-08,22.389537811279297,22.41872839027454,22.191392714220004,22.244083139567124,79075287
2013-07-09,22.393247604370117,22.58397238411618,22.213654230436465,22.535735660800754,79472771
2013-07-10,22.411800384521484,22.539197765954782,22.273023433270048,22.348967427683124,68592140
2013-07-11,22.764307022094727,22.77840692825599,22.474384687197702,22.58520809312813,103755449
2013-07-12,22.832582473754883,22.832582473754883,22.64062067250983,22.758369948947568,103113050
2013-07-15,22.874387741088867,22.956268735534845,22.66832603387601,22.86474153365951,78713937
2013-07-16,22.74872398376465,22.955526397788617,22.607472967909263,22.93474878500611,79617311
2013-07-17,22.722503662109375,22.928070953086372,22.666844737213093,22.783108826170565,60469809
2013-07-18,22.527816772460938,22.75836907778049,22.34253457913716,22.733384037519695,145924920
2013-07-19,22.17951774597168,22.33660014620584,21.6602800912758,21.932391440190845,295475379
2013-07-22,22.52831268310547,22.57704573358892,22.18941102069969,22.313099196877165,116563276
2013-07-23,22.357627868652344,22.58520980538525,22.25298772681761,22.528313847605787,82134711
2013-07-24,22.33536148071289,22.51841777964976,22.28093959378366,22.443216385698573,83451629
2013-07-25,21.9593563079834,22.18570121282188,21.919280593969084,22.111985010532162,120493954
2013-07-26,21.90122413635254,22.01600492590726,21.81835426279137,21.941792391977465,71374530
2013-07-29,21.825027465820312,22.13548111643825,21.790890654450262,21.890086317811527,75959652
2013-07-30,22.03900718688965,22.155024993288098,21.79039570736534,21.903941341640447,70487217
2013-07-31,21.96059226989746,22.177292868980214,21.92175548219742,22.09021746062782,87265872
2013-08-01,22.36801528930664,22.37617819357765,22.13993703785224,22.13993703785224,85856610
2013-08-02,22.426149368286133,22.436786339674484,22.283909475731512,22.348720172995662,68812965
2013-08-05,22.38730812072754,22.40017288731939,22.24383121126889,22.39695622207525,52584363
2013-08-06,22.178773880004883,22.503823797838404,22.157994372651626,22.379641188163134,60469809
2013-08-07,22.03232765197754,22.225280213184483,21.99373713973615,22.140925153560666,55374783
2013-08-08,22.082056045532227,22.160720389616174,21.899740417003898,22.152061155015144,59743096
2013-08-09,22.02639389038086,22.152800510953035,22.016249459293533,22.030103095995983,53146462
2013-08-12,21.905179977416992,21.94203902456094,21.80969350615777,21.93956495787183,55286453
2013-08-13,21.79979705810547,21.97914224898562,21.67487185727955,21.93783140124264,57004870
2013-08-14,21.516801834106445,21.77456509546488,21.45124854127242,21.728554276589815,83600184
2013-08-15,21.265718460083008,21.395836178619557,21.22465387945935,21.38396217431319,75048249
2013-08-16,21.19769287109375,21.334490202080122,21.18853920268232,21.305794057813497,67255147
2013-08-19,21.413896560668945,21.57097896219616,21.21104960709042,21.21748104405599,72707508
2013-08-20,21.408205032348633,21.573696587951268,21.361697887234282,21.480684192107294,49504863
2013-08-21,21.504928588867188,21.692436684330282,21.434921600982253,21.537580204161053,70555472
2013-08-22,21.613279342651367,21.63900508904261,21.527687245931997,21.58829430074017,34926424
2013-08-23,21.526697158813477,21.719401570308424,21.515319482990282,21.715196035788363,43245489
2013-08-26,21.432201385498047,21.642716803364554,21.423790316483352,21.521502690307248,42257801
2013-08-27,21.030467987060547,21.36640117779542,20.974809060663123,21.264731427929068,69623993
2013-08-28,20.990886688232422,21.16058378885811,20.971590484133543,21.03294013755413,53395392
2013-08-29,21.16107749938965,21.28352863762624,20.99187483899862,21.003748842842537,59361671
2013-08-30,20.950069427490234,21.225643686363032,20.916921482692675,21.169242168449113,74743109
2013-09-03,21.283531188964844,21.42725628558653,21.124469151270393,21.134611688634962,82210996
2013-09-04,21.56182289123535,21.60808187260826,21.15464762040812,21.282785699733434,81954037
2013-09-05,21.75798988342285,21.76590651719791,21.561328121735848,21.608081536803667,51845604
2013-09-06,21.75848960876465,21.86238526096268,21.614021912530347,21.829237311831303,62698130
2013-09-09,21.9680118560791,22.010065304571885,21.828740473300936,21.861145819934457,49569103
2013-09-10,21.983348846435547,22.06572427589157,21.86782547142204,22.016744956404274,51697050
2013-09-11,22.169374465942383,22.188668776033623,21.919279667323295,21.98013299310247,64665477
2013-09-12,22.091947555541992,22.2116745769986,22.016497992867762,22.19930613784273,43984248
2013-09-13,21.993242263793945,22.156757976707304,21.888604028490153,22.127567402302997,53214717
2013-09-16,21.960840225219727,22.18941293317009,21.88934992327016,22.169624187233232,53660381
2013-09-17,21.920021057128906,21.976422575308664,21.79361254924932,21.952180133225355,50564822
2013-09-18,22.34575080871582,22.36183034739027,21.844820515107656,21.92595891295937,77678069
2013-09-19,22.22379493713379,22.411799364646605,22.149830578259003,22.411799364646605,64155573
2013-09-20,22.340557098388672,22.36579030547951,22.15527488722302,22.223796684046043,174463490
2013-09-23,21.929668426513672,22.302955041388426,21.897509351491145,22.168383633967643,71362485
2013-09-24,21.938077926635742,22.018721885405423,21.803508411597853,21.929668752734436,59694916
2013-09-25,21.700355529785156,21.930907878822723,21.660033543069424,21.930907878822723,66207234
2013-09-26,21.723608016967773,21.836905500572406,21.645189949955324,21.72682468269521,50584897
2013-09-27,21.679576873779297,21.707528524493025,21.553910950245175,21.640738192455483,50540732
2013-09-30,21.66769790649414,21.789654606926547,21.479695376680965,21.498743415185544,69154239
2013-10-01,21.94203758239746,21.95860966047848,21.770112691423215,21.775058930091426,67644602
2013-10-02,21.966529846191406,22.000418498129946,21.71494984488369,21.836410228789518,60036190
2013-10-03,21.672149658203125,22.117669125638113,21.57344843363674,21.966771923173038,84997401
2013-10-04,21.579635620117188,21.707281169599838,21.52150263044689,21.645188915471927,54523605
2013-10-07,21.416122436523438,21.62020642323355,21.375800452534385,21.45842405280136,51937949
2013-10-08,21.117542266845703,21.4220589600747,21.06707774688,21.40573315080767,78039419
2013-10-09,21.171716690063477,21.339682319772724,20.853100107863078,21.182105496394335,106449509
2013-10-10,21.477964401245117,21.492558741573536,21.27932300221117,21.369118735065204,90550137
2013-10-11,21.57073211669922,21.607591167270787,21.405240530181167,21.423297808798026,56567236
2013-10-14,21.67264747619629,21.67611230610524,21.407463905953232,21.43888038447157,49930453
2013-10-15,21.8185977935791,21.908147257547512,21.620452720844444,21.66398947236064,63914673
2013-10-16,22.214889526367188,22.222311725918257,21.868071244792183,21.91408395660839,80604999
2013-10-17,21.98632049560547,22.18694155978582,21.91062465618148,22.090218045863452,170902191
2013-10-18,25.01961326599121,25.119799706572834,24.09418918585491,24.158011013620197,464390148
2013-10-21,24.818994522094727,25.207369957304,24.72622838570032,25.0208507099586,145675990
2013-10-22,24.910518646240234,25.05894368833888,24.633212929105255,24.861044895130494,88675135
2013-10-23,25.514358520507812,25.596982112778733,24.75294276188744,24.762094534769723,106927293
2013-10-24,25.369400024414062,25.74095520886696,25.35084641859903,25.525739822321263,83997668
2013-10-25,25.11336898803711,25.450291037849457,25.003040007468485,25.450291037849457,81524432
2013-10-28,25.10841941833496,25.31695519813049,25.05869749890933,25.1133675515898,46521724
2013-10-29,25.63384437561035,25.65115905469239,25.071316215871235,25.20984501483765,64440637
2013-10-30,25.489870071411133,25.665257899501,25.380529969430306,25.66327826738329,53162522
2013-10-31,25.493825912475586,25.76445202585429,25.330312098127795,25.45300949998717,65845885
2013-11-01,25.4062557220459,25.62790442705287,25.358267166237617,25.523758728169394,51524405
2013-11-04,25.383249282836914,25.53810576220457,25.282322147828403,25.516583657340714,45722740
2013-11-05,25.269710540771484,25.52029980176641,25.168288951301072,25.240768125217503,47433127
2013-11-06,25.300134658813477,25.40526733416932,25.117572791973057,25.370636084945396,36652871
2013-11-07,24.93402099609375,25.329324157821517,24.92635252659548,25.296670647756862,67435822
2013-11-08,25.133899688720703,25.195001179931836,24.9476267139176,24.953811880681545,51825529
2013-11-11,24.99932861328125,25.131427864354794,24.93526051439828,24.972612102383955,44670812
2013-11-12,25.028766632080078,25.17174722615325,24.861047265708407,24.927837593829107,48906630
2013-11-13,25.54058074951172,25.549980686857445,24.89815129515952,24.904336461510546,63412799
2013-11-14,25.608858108520508,25.720670390210962,25.48813842889182,25.576450865532546,46842923
2013-11-15,25.567546844482422,25.677379492152255,25.487149149372076,25.59995219256342,51243355
2013-11-18,25.517822265625,25.943058619924305,25.460680041244746,25.6217198022957,70651832
2013-11-19,25.360740661621094,25.596983719470064,25.307555805525528,25.52203048647711,45433661
2013-11-20,25.289249420166016,25.562597784866625,25.241010804847733,25.47824272275903,38692487
2013-11-21,25.580162048339844,25.685048459067477,25.380531763829612,25.40526864231827,43835693
2013-11-22,25.526233673095703,25.632108948946787,25.460185944695695,25.564081588360402,50356042
2013-11-25,25.873546600341797,26.053139970270397,25.603661163802364,25.65659974931817,64761837
2013-11-26,26.182270050048828,26.25870848360784,25.79958344777647,25.93959744094491,91794785
2013-11-27,26.298532485961914,26.419498421935707,26.22159962830266,26.271815978326828,45112461
2013-11-29,26.211458206176758,26.38536083601395,26.20799527077068,26.275033759911942,47890836
2013-12-02,26.085052490234375,26.378685953734823,25.99302895017385,26.308430791689318,55133884
2013-12-03,26.054872512817383,26.306698788668545,25.94998610075227,25.99772839050727,67295297
2013-12-04,26.17658042907715,26.320057353680436,25.97422791573709,26.00811846184542,47842656
2013-12-05,26.155799865722656,26.21319025437162,26.00119154160328,26.152336930239894,45517975
2013-12-06,26.46575927734375,26.4689740484328,26.22357922384046,26.463779645176363,57366220
2013-12-09,26.670337677001953,26.773494516871374,26.419996595871016,26.493466528670364,59526286
2013-12-10,26.83162498474121,27.02086646257103,26.60874112478619,26.62111145843547,74433955
2013-12-11,26.649311065673828,26.996375644430913,26.596866913439957,26.899405868945166,68728650
2013-12-12,26.467987060546875,26.789077737761527,26.44423905038992,26.7057134321643,64099363
2013-12-13,26.24114418029785,26.62457336014184,26.16940571984266,26.602556819240043,86820208
2013-12-16,26.542692184448242,26.584991903815567,26.271323448739082,26.32055093351132,64320188
2013-12-17,26.465511322021484,26.735148591658994,26.428900440137095,26.538734980175125,61658247
2013-12-18,26.833850860595703,26.838797099316412,26.19785283944418,26.514737951755762,88743390
2013-12-19,26.870216369628906,27.012950701832978,26.693591489776242,26.735396777954506,66877738
2013-12-20,27.2264347076416,27.24004018074952,26.914249530696523,26.921669836762206,130953011
2013-12-23,27.58462905883789,27.601945631136125,27.337750925320943,27.405035687916804,69122119
2013-12-24,27.503986358642578,27.588091362769305,27.411468391402877,27.581413656177716,29478078
2013-12-26,27.64301109313965,27.68110717453252,27.426064234005242,27.557667156648836,53712576
2013-12-27,27.666263580322266,27.71276883468982,27.53119772729778,27.70584296357622,63023345
2013-12-30,27.445112228393555,27.71821244582636,27.4342270924754,27.714255075667463,49629328
2013-12-31,27.723403930664062,27.730577965711444,27.365950577845226,27.51387929418526,54519590
2014-01-02,27.535648345947266,27.650182850732683,27.415425003618505,27.59353506216837,73129082
2014-01-03,27.334781646728516,27.629898388742816,27.33305017898643,27.582156102051258,66917888
2014-01-06,27.63954734802246,27.67764153391479,27.37040450817628,27.532929471638443,71037271
2014-01-07,28.172388076782227,28.19292131432382,27.734538903151073,27.829529043389844,102486711
2014-01-08,28.23101806640625,28.381669026309478,28.034602555866844,28.34901551362979,90036218
2014-01-09,27.959152221679688,28.30498164922738,27.843382574306048,28.285687339460058,83692529
2014-01-10,27.957670211791992,28.177833735659522,27.761502862016737,28.177833735659522,86061375
2014-01-13,27.77956199645996,28.371526980670907,27.635836905296575,27.865894801421,97118665
2014-01-14,28.433120727539062,28.472702006119945,27.90596834063465,28.149879871393793,99676216
2014-01-15,28.41382598876953,28.571650983094234,28.294345239092973,28.521929062770145,78300393
2014-01-16,28.601831436157227,28.64413305233963,28.398490048812718,28.425700994394628,67608467
2014-01-17,28.461074829101562,28.710921456089746,28.30448687310696,28.617414620682908,108457005
2014-01-21,28.786867141723633,28.794287447554606,28.480122648216188,28.718343449480088,79492846
2014-01-22,28.81951904296875,28.890514903594738,28.66713662087269,28.858850261004257,63091600
2014-01-23,28.697811126708984,28.75693298445237,28.556065672391608,28.695337060054722,78256228
2014-01-24,27.800586700439453,28.53578041854378,27.780055357231767,28.472947461216545,156283602
2014-01-27,27.241519927978516,27.86663469357046,26.772500572059222,27.856740321979544,174796734
2014-01-28,27.780298233032227,27.8480793153551,27.456981712598264,27.466381649168586,88739375
2014-01-29,27.382278442382812,27.74913365427034,27.19674806920886,27.68407479392223,95552818
2014-01-30,28.0865478515625,28.509558280566264,27.885186120144137,28.324274192425488,204419353
2014-01-31,29.214080810546875,29.351867003056697,28.475918572790224,28.976106282963126,223486554
2014-02-03,28.03806495666504,29.232631853070014,28.002939272348872,29.170293330052427,183449044
2014-02-04,28.155071258544922,28.571648352865886,28.12662328320412,28.15086572446644,112897588
2014-02-05,28.27975082397461,28.46701267722873,27.904238248487825,28.28420452314812,96139007
2014-02-06,28.69434928894043,28.69929742243826,28.387358524115044,28.47591912629348,78155853
2014-02-07,29.126754760742188,29.138134329965066,28.709188789905756,28.884080284865856,105843245
2014-02-10,29.01519012451172,29.24945163341842,28.918466629458646,28.987234689193098,78099643
2014-02-11,29.441909790039062,29.483716969173276,28.99738101995804,29.194289063854345,82339476
2014-02-12,29.35557746887207,29.437458466344793,29.224222715991402,29.412719694255944,69238554
2014-02-13,29.68235969543457,29.68235969543457,29.181673758752073,29.208638433828646,73731331
2014-02-14,29.754093170166016,29.79342628035299,29.506720623114276,29.57623128207929,87795852
2014-02-18,29.9539737701416,30.003201255353343,29.684832828615853,29.71971224282807,84672187
2014-02-19,29.742719650268555,29.912913092735394,29.62299072972238,29.815941419151674,84459392
2014-02-20,29.786500930786133,29.855270886523897,29.690271867880202,29.76250475896832,68287001
2014-02-21,29.77858543395996,29.928988223732787,29.755085590053216,29.87802927160934,74771214
2014-02-24,29.99429702758789,30.183538506531708,29.8109925510767,29.817425882366173,67223027
2014-02-25,30.17957878112793,30.290896627847367,29.942595016298476,30.079146070163738,57763704
2014-02-26,30.18378448486328,30.39924613029202,30.025216898510845,30.27852645811018,79585191
2014-02-27,30.160036087036133,30.28421870085037,30.105614197425353,30.13975290783596,50588912
2014-02-28,30.071969985961914,30.283226094790404,29.838697337082984,30.18798779376685,92890878
2014-03-03,29.75137710571289,29.8787744972215,29.490397155658123,29.851809821076763,84507572
2014-03-04,30.053667068481445,30.080631743871564,29.919838243630043,30.055892970798674,58928052
2014-03-05,30.13653564453125,30.255770122603266,29.96708481233819,30.057128713955876,49597208
2014-03-06,30.169931411743164,30.331713772141647,30.144946369983753,30.235979139466412,50914126
2014-03-07,30.05069923400879,30.35249560160657,29.967829362496058,30.34779563243928,60831159
2014-03-10,29.97104263305664,30.121199157611876,29.78600858814429,30.072960540569152,48766105
2014-03-11,29.684587478637695,30.039074280901293,29.601715710291277,30.0254669130955,68776830
2014-03-12,29.865415573120117,29.879021045481807,29.293735675122182,29.595778298182626,78866507
2014-03-13,29.414203643798828,29.94457266049477,29.30783204316985,29.88149154120314,94175675
2014-03-14,29.01197624206543,29.45898098671644,29.005296640900674,29.239311902240306,92099924
2014-03-17,29.48940658569336,29.612352165351243,29.143330881228014,29.171532589153543,86808163
2014-03-18,29.9633731842041,29.97005278513626,29.51315368405183,29.552981230846417,72872123
2014-03-19,29.666282653808594,29.9814363458673,29.54655183307317,29.976736376463247,64757822
2014-03-20,29.614578247070312,29.92255787317216,29.5700507298535,29.6835944779677,67640587
2014-03-21,29.265283584594727,29.92305186019717,29.250689244420652,29.840922703407617,128821050
2014-03-24,28.64413070678711,29.311297042157097,28.347775042117675,29.293734200620456,121939352
2014-03-25,28.663671493530273,28.938751324434303,28.373751051948442,28.843761186418348,96769361
2014-03-26,28.001949310302734,28.98154705622655,27.990321576405854,28.745057741061206,103586819
2014-03-27,27.65727996826172,28.129741443695956,27.382918105135005,28.129741443695956,262719
2014-03-28,27.73305320739746,28.051988048614263,27.66768177568225,27.79297638834146,824257
2014-03-31,27.5834903717041,28.08021892571965,27.58151073950352,28.07477067480207,216593
2014-04-01,28.088138580322266,28.152026704374805,27.66965952787373,27.66965952787373,158434
2014-04-02,28.080219268798828,29.953718579314245,27.842007944650017,29.71402205740063,2942055
2014-04-03,28.215913772583008,29.084568806438647,27.938083285375146,28.221362023511755,101983228
2014-04-04,26.89857292175293,28.613595623812373,26.89163947278131,28.4590801141484,127386783
2014-04-07,26.651445388793945,27.16302970820218,26.106679023865922,26.779712294485837,88033033
2014-04-08,27.480976104736328,27.48592802688193,26.822798590360563,26.871829060510674,63024560
2014-04-09,27.93857765197754,27.999491593670733,27.384401914233482,27.714727677784527,66616395
2014-04-10,26.790109634399414,27.98116611267252,26.73810877500254,27.98116611267252,80737057
2014-04-11,26.277538299560547,26.74306445564077,26.07597384715926,26.374110255223677,78496923
2014-04-14,26.37262535095215,26.946114405745213,26.226034053602366,26.65639853553132,51501009
2014-04-15,26.566757202148438,26.666301438308814,25.676311116054016,26.585576020387673,77101101
2014-04-16,27.56219482421875,27.584974801778074,26.743062824497237,26.891637532189556,97865955
2014-04-17,26.549917221069336,27.213542916422874,26.30477247372149,27.17937011069974,136190888
2014-04-21,26.17947769165039,26.57963428263039,26.02991600925289,26.5499189621733,51334553
2014-04-22,26.48603630065918,26.605884564577924,26.124508087859343,26.18047200807886,47307527
2014-04-23,26.09627914428711,26.439482962074386,26.06210822947692,26.435519908865444,41046384
2014-04-24,26.00812339782715,26.329536075971394,25.857569066477108,26.25128851505319,37663121
2014-04-25,25.563396453857422,25.985344140847218,25.525758817170434,25.876884929389586,42007014
2014-04-28,25.611434936523438,25.683243482338376,24.900762205640806,25.61292013411535,66710653
2014-04-29,26.1339168548584,26.221079398689575,25.570331662678118,25.599056220981833,53981801
2014-04-30,26.08241081237793,26.148773006129026,25.87737965163815,26.12896342432847,35023895
2014-05-01,26.314680099487305,26.392927665409626,25.944733261121332,26.10469701161272,38110345
2014-05-02,26.145307540893555,26.445919900936367,26.030411203163972,26.434034530160694,33770463
2014-05-05,26.13936424255371,26.193346633003447,25.817953438382798,25.991287757015602,20482080
2014-05-06,25.51189422607422,26.089840762649217,25.507933067154124,26.011593192494015,33780490
2014-05-07,25.25535774230957,25.588161384938545,24.925528283953774,25.544084731764016,64486563
2014-05-08,25.30686378479004,25.615398457893757,25.081526705893708,25.18107094704348,40426688
2014-05-09,25.689685821533203,25.747629373350257,24.970099917560518,25.294483026457822,48789585
2014-05-12,26.243860244750977,26.257230812882312,25.7035513810294,25.92641060122018,38250730
2014-05-13,26.400854110717773,26.548436174363566,26.223558618302523,26.29190234604977,33068541
2014-05-14,26.08191680908203,26.39639416216227,26.014563850969836,26.39639416216227,23835261
2014-05-15,25.751588821411133,26.043288087752686,25.624807118474354,26.034867547303616,34087331
2014-05-16,25.783782958984375,25.841726513371547,25.526752800444747,25.821420600419113,29705333
2014-05-19,26.19136619567871,26.23692804740177,25.632880682879822,25.73772541630515,25555972
2014-05-20,26.236431121826172,26.55635671120944,26.06458201007942,26.234944029804772,35695734
2014-05-21,26.690568923950195,26.702602056154987,26.342413203548166,26.391441776374407,23925508
2014-05-22,26.9936580657959,27.11944900871134,26.781693450366372,26.79902707175844,32316482
2014-05-23,27.372020721435547,27.418573333186036,26.926302291261294,27.10260889459793,38643806
2014-05-27,28.028217315673828,28.030693276647394,27.453735643876318,27.53545182792821,42083223
2014-05-28,27.816747665405273,28.121815594771025,27.783071187925827,27.959872221096735,33040464
2014-05-29,27.737510681152344,27.93164534405434,27.66966139411307,27.899454062653334,27082150
2014-05-30,27.72810173034668,27.80040661169998,27.53099477438754,27.773167251791705,35422988
2014-06-02,27.432939529418945,27.778123020175887,27.02684208503995,27.768219174754144,28700582
2014-06-03,26.987714767456055,27.354194900705487,26.86935170192406,27.28733637296392,37332215
2014-06-04,26.973848342895508,27.169468204806506,26.681160201694542,26.817351316735802,36329469
2014-06-05,27.431447982788086,27.483448842372596,26.963444035296867,27.060015977733997,33782496
2014-06-06,27.551795959472656,27.63747330616582,27.185315830747054,27.63747330616582,34735104
2014-06-09,27.838537216186523,27.87716751022304,27.537432336040965,27.592403593021725,29350361
2014-06-10,27.76078987121582,27.9118386612549,27.62955066539244,27.75880834447874,27034019
2014-06-11,27.67609977722168,27.727604310781288,27.486917040575726,27.634499087322865,22002242
2014-06-12,27.305164337158203,27.634004912076026,27.162037882085148,27.599832104602292,29169867
2014-06-13,27.325469970703125,27.352213002559537,27.01842048600984,27.35023147593761,24410836
2014-06-16,26.955026626586914,27.219486529421676,26.818339187802803,27.201658474339528,34051232
2014-06-17,26.892133712768555,27.00653372558795,26.709884408536166,26.95106613421615,28891103
2014-06-18,27.405202865600586,27.414612274870972,26.941160049686427,26.983751503003532,34835379
2014-06-19,27.480976104736328,27.48592802688193,27.164515317335194,27.448290387559528,49136535
2014-06-20,27.553279876708984,27.613699386480455,27.25771984990032,27.57754694638267,90166875
2014-06-23,27.97869300842285,27.981168969449104,27.448784306027818,27.493355393270157,30736155
2014-06-24,27.96234893798828,28.359830648753007,27.783566373548016,27.99057716572576,44142862
2014-06-25,28.657175064086914,28.722052063975184,27.992065995386838,27.99404562761399,39387843
2014-06-26,28.525936126708984,28.845367312533494,28.320410517573222,28.77355875761792,34839390
2014-06-27,28.587345123291016,28.71759355288647,28.416981200347973,28.58437472786369,44738493
2014-06-30,28.490278244018555,28.702735394393265,28.464029648146987,28.657669874243968,26275943
2014-07-01,28.85626220703125,28.9419376548149,28.55812581874259,28.64083087113145,28959290
2014-07-02,28.839672088623047,28.993444992282353,28.74334640637318,28.889939591346856,21127848
2014-07-03,28.958280563354492,28.97214746024731,28.769594151986265,28.889938736536823,14283107
2014-07-07,28.83546257019043,29.04247527864467,28.703728932433172,28.91024531202027,21292298
2014-07-08,28.282772064208984,28.70065631687747,28.037379131415182,28.60814592617788,38190565
2014-07-09,28.52989387512207,28.561588823386167,28.197884035138475,28.307034685373413,22335153
2014-07-10,28.283266067504883,28.55515386293377,27.981664845856486,28.026235932378164,27134293
2014-07-11,28.683422088623047,28.766127140330354,28.29911392689539,28.323380996215345,32434806
2014-07-14,28.965213775634766,28.9820529621751,28.626469356553887,28.85279529809364,37081529
2014-07-15,28.960756301879883,29.011520131549666,28.55366816196127,29.00830157176279,32460877
2014-07-16,28.85576820373535,29.140037718065155,28.83298633007679,29.120228134425744,27942506
2014-07-17,28.413516998291016,28.773061776725797,28.159951687622797,28.700756894598772,60331186
2014-07-18,29.470857620239258,29.55603863400931,28.82308030600343,29.36784665647246,80283816
2014-07-21,29.193025588989258,29.43717959157608,28.98319215672486,29.305942292341832,41242922
2014-07-22,29.45401954650879,29.697182792159605,29.248988374492324,29.254932954305758,33983045
2014-07-23,29.51542854309082,29.60803933364185,29.343083095590238,29.3792374298236,24663528
2014-07-24,29.38517951965332,29.689753021213225,29.30693006198566,29.53870425088613,20702684
2014-07-25,29.170740127563477,29.311388731126257,29.07218664986464,29.23908384997892,18649061
2014-07-28,29.248991012573242,29.343087013384228,28.95942478270141,29.12369638404475,19736037
2014-07-29,29.001863479614258,29.204416792757627,28.898109914828858,29.157369744583562,26997920
2014-07-30,29.091501235961914,29.194512199235074,28.922128078113435,29.04841534765096,20329662
2014-07-31,28.308029174804688,28.90479642659339,28.228790841219038,28.75374764280139,42055146
2014-08-01,28.03415870666504,28.523953776384474,27.87469129337361,28.24859927081718,39105069
2014-08-04,28.38479232788086,28.49374408509358,27.936597916344063,28.181248250794315,28546159
2014-08-05,27.984636306762695,28.32684936364592,27.86280651866212,28.231268172891387,31024946
2014-08-06,28.049213409423828,28.263456957770483,27.733546396216692,27.821699695938722,26687069
2014-08-07,27.89995002746582,28.2233442681511,27.788025976853284,28.129742708610706,22218835
2014-08-08,28.167877197265625,28.241172846061975,27.75088328372756,27.90985628147102,29895854
2014-08-11,28.12380027770996,28.253057951629913,28.030695046179037,28.22829644594625,24294518
2014-08-12,27.868749618530273,28.025741076652555,27.777129591493082,27.957397355797774,30840441
2014-08-13,28.465517044067383,28.476413546312816,28.01831337715584,28.095572078664105,28784812
2014-08-14,28.459081649780273,28.620034288239946,28.272374846332788,28.534853263695858,19709966
2014-08-15,28.40113639831543,28.69332822801414,28.254543207415633,28.618051053094774,30383189
2014-08-18,28.831003189086914,28.94738471560311,28.525933364904578,28.531381615417487,25682318
2014-08-19,29.06376838684082,29.08754102270027,28.922129018131017,28.971653922049544,19573592
2014-08-20,28.94639778137207,29.05584587421665,28.851311021142887,29.01523783755345,20734771
2014-08-21,28.890932083129883,28.94689411381293,28.78049321969397,28.913219524008188,18296094
2014-08-22,28.85081672668457,28.983344112515507,28.755729965993893,28.901826831579932,15781209
2014-08-25,28.73393440246582,28.971651267353728,28.67450565984002,28.95778437130257,27228551
2014-08-26,28.61804962158203,28.81317505085938,28.55465971542022,28.786432019800678,32793789
2014-08-27,28.2783145904541,28.64925030309226,28.23389126525102,28.58883079204633,34067276
2014-08-28,28.18916893005371,28.389742600002254,28.085169100943745,28.206998879444104,25858801
2014-08-29,28.308029174804688,28.329820284856225,28.083637383383778,28.29465860584496,21675347
2014-09-02,28.5918025970459,28.616564101262643,28.28772352039875,28.320409236392607,31568434
2014-09-03,28.622013092041016,28.87210978481208,28.476412564017295,28.72403140135627,24302540
2014-09-04,28.82209014892578,29.02117673779297,28.6854027032051,28.724031105035774,29163850
2014-09-05,29.0251407623291,29.048417069973553,28.820605915738103,28.92114092401441,32647388
2014-09-08,29.205408096313477,29.306931971988405,29.036034930983877,29.05089259177128,28620362
2014-09-09,28.774051666259766,29.169748873742243,28.724030435003513,29.16479695181443,25744488
2014-09-10,28.877559661865234,28.897369245743242,28.57248979688194,28.798321326353207,19547521
2014-09-11,28.790889739990234,28.81367161249221,28.538811522266304,28.741861165050633,24420864
2014-09-12,28.507116317749023,28.805252712302256,28.449669096932862,28.77355775924454,32033708
2014-09-15,28.38231658935547,28.473936620081485,28.140142214035965,28.374392377368725,31951483
2014-09-16,28.721553802490234,28.798318062500563,28.360523845713455,28.365475767525485,29607064
2014-09-17,28.960262298583984,29.09645341314723,28.663364835306783,28.724526944092027,33856699
2014-09-18,29.183122634887695,29.196493203564753,28.971654342049604,29.07070225693767,28891103
2014-09-19,29.520381927490234,29.540191510503504,29.194513623887214,29.293561538953565,74732617
2014-09-22,29.089025497436523,29.414844533623747,28.895385268582938,29.40845666796707,33790518
2014-09-23,28.77999496459961,29.06327369955487,28.773557844833277,29.06327369955487,29428575
2014-09-24,29.119731903076172,29.200951764585238,28.749786932819184,28.796339549246945,34562632
2014-09-25,28.479379653930664,29.119232702223663,28.43579933466544,29.097937924181483,38519466
2014-09-26,28.580411911010742,28.686889600528335,28.459572889911087,28.52890737558625,28873054
2014-09-29,28.543766021728516,28.634393396298123,28.286733981407057,28.315458539948004,25648224
2014-09-30,28.59328842163086,28.71660340536024,28.369934761186197,28.571993641200688,32434806
2014-10-01,28.14311408996582,28.604184632318447,28.080713052671065,28.52643150011669,28909153
2014-10-02,28.23275375366211,28.323383023485114,27.897970469863672,28.09557186837056,23568530
2014-10-03,28.490278244018555,28.586602028247878,28.352600039474833,28.379839398599923,22834521
2014-10-06,28.59279441833496,28.773558520645068,28.4486790864558,28.66460486704404,24292512
2014-10-07,27.91876792907715,28.48978288872993,27.91876792907715,28.446696999230575,38226664
2014-10-08,28.352602005004883,28.420945730387874,27.609243461223187,28.009400074684006,39817018
2014-10-09,27.777130126953125,28.302581335481612,27.686995295870844,28.28722924067096,50496258
2014-10-10,26.965429306030273,27.987609113470324,26.94363819598071,27.62063454462124,61638766
2014-10-13,26.40679168701172,27.213541905760284,26.401345331182387,26.99018637960327,51633371
2014-10-14,26.64104461669922,27.099142863165348,26.40481293336345,26.688587992908534,44451708
2014-10-15,26.24930763244629,26.386489505412467,25.668388860220958,26.29783987581466,74387672
2014-10-16,25.975936889648438,26.219596486043407,25.50496245123719,25.703058297943212,74171079
2014-10-17,25.31528091430664,26.296354357871937,25.184536162374172,26.111629112636145,110787334
2014-10-20,25.79418182373047,25.839745569746636,25.163243666533308,25.230102193397958,52150788
2014-10-21,26.07646942138672,26.088851121020834,25.70850410055883,26.009610895501325,46725935
2014-10-22,26.382034301757812,26.733160443263998,26.188394062792394,26.24237645581083,58385859
2014-10-23,26.94017219543457,27.10062848789011,26.537539636214493,26.709388759248508,46976621
2014-10-24,26.7321720123291,26.984744676278257,26.534568716848543,26.958992407092534,39462046
2014-10-27,26.78120231628418,26.96147010659205,26.595980708978917,26.595980708978917,23706909
2014-10-28,27.183828353881836,27.187789512413584,26.82329283525665,26.891636554218813,25419598
2014-10-29,27.20512580871582,27.445814993600013,27.088744269580015,27.238307855423766,35410955
2014-10-30,27.253660202026367,27.37697519119895,26.916895387137192,27.18630723904853,29113713
2014-10-31,27.687986373901367,27.712253444084002,27.473545795405364,27.70135694231269,40701440
2014-11-03,27.496824264526367,27.629548658569846,27.39827078509789,27.51069116190866,27645693
2014-11-04,27.441850662231445,27.51069071356518,27.20363934395049,27.386879402438872,24884132
2014-11-05,27.0362491607666,27.575072863461553,26.943638363269667,27.575072863461553,40645286
2014-11-06,26.84409523010254,27.084039916428896,26.791103601182765,27.015448027824633,26665008
2014-11-07,26.7930850982666,27.05060967621835,26.677197996276618,27.05060967621835,32675465
2014-11-10,27.114002227783203,27.21800396177377,26.793580273459582,26.81537138358879,22692131
2014-11-11,27.252668380737305,27.334384567333082,27.055066987292882,27.16352620537448,19310873
2014-11-12,27.105085372924805,27.261086068709787,26.999104014004956,27.257621238868612,22593862
2014-11-13,27.009504318237305,27.228402379979997,26.915408329238325,27.228402379979997,26787343
2014-11-14,26.96097183227539,27.07388664712194,26.849542215228347,27.07388664712194,25790614
2014-11-17,26.57022476196289,26.9307602926961,26.448940562443493,26.920360120018135,34520517
2014-11-18,26.496931076049805,26.839142247669077,26.454339618929396,26.619255301872826,39253475
2014-11-19,26.5939998626709,26.65590268126936,26.251786790218183,26.495446377504994,27844237
2014-11-20,26.487024307250977,26.500891204640098,26.301310179020753,26.309728825468465,31267610
2014-11-21,26.61925506591797,26.849047748648214,26.572702450252827,26.822799150835234,44485801
2014-11-24,26.706912994384766,26.876782498531686,26.526150776411097,26.62668389468446,34127440
2014-11-25,26.796550750732422,26.94017164194143,26.673828712925392,26.693539787041384,35798014
2014-11-26,26.761390686035156,26.81982867267214,26.596573513078155,26.786646626058637,30459397
2014-11-28,26.83369255065918,26.842111196386266,26.574680904466202,26.773767478587867,22966883
2014-12-01,26.43601417541504,26.81289447116007,26.339938551481886,26.68858872363965,42307838
2014-12-02,26.433536529541016,26.52020463260086,26.23791667541493,26.42165115951703,30533600
2014-12-03,26.31319236755371,26.544767631560944,26.211172176067528,26.31913505223251,25559983
2014-12-04,26.60984230041504,26.611329392410195,26.177990785021322,26.305268810344433,27842232
2014-12-05,26.013076782226562,26.39094782947127,25.964544537319522,26.297346275122667,51312493
2014-12-08,26.09825897216797,26.297345551411926,25.940276753789487,26.10568685487391,46587556
2014-12-09,26.414722442626953,26.455332376136855,25.777347101904134,25.858565074538838,37426473
2014-12-10,26.05270004272461,26.561312101854625,26.0279366421609,26.40035947011544,34245764
2014-12-11,26.165613174438477,26.441958461153177,26.10420290023689,26.13887014328495,32216207
2014-12-12,25.68621826171875,26.173537402492606,25.68621826171875,25.92641110779873,39891221
2014-12-15,25.445531845092773,25.90610607594874,25.419283247481903,25.88827801935839,56268061
2014-12-16,24.533788681030273,25.408386342754465,24.21732981244693,25.334596267573485,79285081
2014-12-17,25.004268646240234,25.108764804159133,24.60411396395519,24.613523373073647,57663883
2014-12-18,25.31181526184082,25.44899713894397,24.99486005361381,25.40343528951764,58534266
2014-12-19,25.57181739807129,25.63966478981859,25.10435710950628,25.332118994464484,73804074
2014-12-22,25.993762969970703,26.072506862420553,25.558444712179163,25.558444712179163,54475152
2014-12-23,26.277040481567383,26.473651092024465,26.064085119920122,26.09924868871846,43952341
2014-12-24,26.186908721923828,26.33493785407591,26.10024061176453,26.27308050323369,14118657
2014-12-26,26.447402954101562,26.458299455083086,26.114601233059833,26.186906109531108,20810980
2014-12-29,26.264163970947266,26.51921446973692,26.24836669602316,26.356280326680512,45570772
2014-12-30,26.268619537353516,26.30477197440885,26.10568540621264,26.153228778292803,17525986
2014-12-31,26.069538116455078,26.37658951642866,26.039822792643587,26.309730985045324,27364925
2015-01-02,25.99079132080078,26.31071882031878,25.95562964389884,26.19879288117771,28951268
2015-01-05,25.448999404907227,25.96702277020053,25.408885802665935,25.914031138772163,41196796
2015-01-06,24.85916519165039,25.563152743019266,24.8140996677535,25.50496102571023,57998800
2015-01-07,24.816572189331055,25.120848259997118,24.744761748472268,25.108763979989778,41301082
2015-01-08,24.89482307434082,24.934442241267934,24.316380206189073,24.66255442952079,67071641
2015-01-09,24.572418212890625,25.005753030201028,24.50407449601518,24.99783071337942,41427428
2015-01-12,24.39314079284668,24.562811368824818,24.146014504927287,24.511503850488506,46535413
2015-01-13,24.57291603088379,24.909678951252754,24.38521847443088,24.70464966677946,47409807
2015-01-14,24.80518341064453,24.922059379315137,24.415426985232894,24.497143170797198,44714427
2015-01-15,24.850746154785156,25.04339563062503,24.65116323008768,25.037947379555504,54316718
2015-01-16,25.162254333496094,25.167702584826177,24.762097701643736,24.76259403052012,45965854
2015-01-20,25.10381507873535,25.38114924355188,25.060035843029194,25.306864727336148,44640224
2015-01-21,25.655513763427734,25.71692403692912,25.069146716920944,25.12114758090012,45374234
2015-01-22,26.465234756469727,26.561312280554752,25.737726507076665,25.825877924318387,53538588
2015-01-23,26.74058723449707,26.85053164829762,26.396394555898333,26.524663354396445,45634948
2015-01-26,26.505842208862305,26.693539751571716,26.231480349241778,26.670263445243858,30874534
2015-01-27,25.684734344482422,26.28249236404429,25.66294323426882,26.246338027051628,38080263
2015-01-28,25.25733757019043,25.900657373981208,25.25733757019043,25.890257201649,33676205
2015-01-29,25.29002571105957,25.31132049218927,24.82152726551159,25.30686489880638,83727244
2015-01-30,26.47167205810547,26.73662641032565,25.53071214525301,25.547551332435358,112127002
2015-02-02,26.172548294067383,26.396396401666962,25.680771634606565,26.33350092571478,56996054
2015-02-03,26.21018409729004,26.416204133332432,25.914029229887618,26.148773823473352,40773638
2015-02-04,25.889270782470703,26.380155210148594,25.81548069491905,26.21018719219549,33273101
2015-02-05,26.127973556518555,26.17353730116767,25.85608575827827,25.940277904604592,36995292
2015-02-06,26.297346115112305,26.604395583696117,26.07002940906658,26.130945247223224,35270570
2015-02-09,26.140357971191406,26.346874358139072,26.05071945908216,26.148776618383035,25355423
2015-02-10,26.59151840209961,26.629157932533545,26.09528621338153,26.21315293762881,34997823
2015-02-11,26.543481826782227,26.6663023728343,26.415114521948645,26.510299782104312,27555446
2015-02-12,26.888168334960938,26.981769887308978,26.47924832912618,26.606873032256868,32404724
2015-02-13,27.189279556274414,27.2338506457307,26.898076593841086,26.90897309615971,38006060
2015-02-17,26.88371467590332,27.23830754031224,26.797046565642624,27.08131607291279,32336537
2015-02-18,26.728206634521484,27.01495208387915,26.619747421672663,26.81239877810593,29061570
2015-02-19,26.88520050048828,26.897085871776866,26.64451320716206,26.64599840497689,19782163
2015-02-20,26.69106674194336,26.92878364782101,26.535064134468165,26.89807756081961,28887092
2015-02-23,26.342416763305664,26.566711953100413,26.218605439661957,26.54744605715267,29157834
2015-02-24,26.549423217773438,26.584090458467937,26.161153910764533,26.24782011811604,20101036
2015-02-25,26.934724807739258,27.05110634565396,26.517482739068477,26.540016447760518,36519991
2015-02-26,27.50969886779785,27.542386479477326,26.81735233036918,26.902038913534586,46230579
2015-02-27,27.65431022644043,27.966807958324857,27.38192609465695,27.448290186214756,48203982
2015-03-02,28.295154571533203,28.33526817228248,27.671644295442846,27.759797603460168,42592618
2015-03-03,28.4090576171875,28.495723825318855,28.056444416533107,28.251075400590103,34095352
2015-03-04,28.39568328857422,28.58090295699542,28.13023453669126,28.321396889696523,37536775
2015-03-05,28.492755889892578,28.620528363841753,28.397669133318555,28.4774019001322,27792094
2015-03-06,28.11414337158203,28.559613686359214,28.06833335362801,28.470469611639903,33182854
2015-03-09,28.17183494567871,28.242158291217947,27.9086139927132,28.073279586277852,21242161
2015-03-10,27.486425399780273,27.973742674794227,27.47255850173795,27.944029246407084,35846146
2015-03-11,27.296743392944336,27.641432386031326,27.27198188954159,27.49285957684529,36415706
2015-03-12,27.511186599731445,27.55377616234331,27.26108800327291,27.412138682234726,27792094
2015-03-13,27.10558319091797,27.654310728880073,26.952058447661997,27.41164191411308,34071287
2015-03-16,27.461658477783203,27.577545569594673,27.040207128130334,27.28535187921666,32819860
2015-03-17,27.279905319213867,27.426496597723233,27.13925672557545,27.3229912053168,36110871
2015-03-18,27.70878791809082,27.722654815937737,27.08973512039821,27.362117366302783,42690887
2015-03-19,27.634004592895508,27.77316609896709,27.542630837329806,27.703337181524883,23945563
2015-03-20,27.75137710571289,27.81873196176307,27.686501999531078,27.815265237348168,52337299
2015-03-23,27.67461395263672,27.850426129515686,27.527031899130456,27.75484494076453,32876014
2015-03-24,28.238197326660156,28.45610461583727,27.793471562435634,27.860328189079915,51665459
2015-03-25,27.673376083374023,28.340714811084762,27.671148286831045,28.253552271340762,43045859
2015-03-26,27.494348526000977,27.679071892338214,27.27049663947939,27.614194892543818,31452115
2015-03-27,27.156099319458008,27.499797606567164,27.145699145306935,27.386882783202,37949906
2015-03-30,27.338842391967773,27.41015651201406,27.147678116021684,27.318536480086355,25750504
2015-03-31,27.139259338378906,27.471566655040714,27.075867536344585,27.23830725307168,31760961
2015-04-01,26.86984634399414,27.29476254286049,26.71830124133965,27.168971601869405,39261497
2015-04-02,26.521692276000977,26.78516143921439,26.438343127365567,26.78516143921439,34327989
2015-04-06,26.582853317260742,26.664321338367596,26.226527101748246,26.357766296405625,26488525
2015-04-07,26.595481872558594,26.876284652854633,26.544968099028488,26.647979067085735,26057345
2015-04-08,26.822797775268555,26.933732952022268,26.66283591862437,26.66283591862437,23570536
2015-04-09,26.78169059753418,26.83963414081759,26.51970856677484,26.79407040122062,31157308
2015-04-10,26.74355697631836,26.856471774812707,26.60984183410339,26.856471774812707,28189181
2015-04-13,26.70195960998535,26.94413398806231,26.609845143754715,26.664321970600874,32906096
2015-04-14,26.267135620117188,26.622719217675588,26.153330455478603,26.5573477882732,52082601
2015-04-15,26.373117446899414,26.482071094106598,25.9120488143436,26.183440274728,46376979
2015-04-16,26.43601417541504,26.524663810590837,26.22850893803895,26.242870269867904,25997180
2015-04-17,25.95315170288086,26.23989524138702,25.80259737407804,26.181457262489403,43037837
2015-04-20,26.514263153076172,26.54942483032277,25.975439480719924,26.02991630592225,33585958
2015-04-21,26.444435119628906,26.712856201528513,26.42982372877197,26.619749077293132,36895018
2015-04-22,26.71161460876465,26.79654934799853,26.33448807485757,26.465727259972876,31871263
2015-04-23,27.089736938476562,27.285853153770013,26.754459195286884,26.792593166925204,83697161
2015-04-24,27.984140396118164,28.285247178903894,27.597356271419404,28.03564493039927,98650102
2015-04-27,27.57976531982422,28.105171095088487,27.472003231170905,27.97804081456752,47960000
2015-04-28,27.495840072631836,27.612045434203406,27.331265380144963,27.543514164270682,29820000
2015-04-29,27.26740074157715,27.495837019732672,27.15938860690485,27.33642833270241,33976000
2015-04-30,26.68439292907715,27.243069770505894,26.57067110877886,27.207313255403193,41644000
2015-05-01,26.712202072143555,26.7936435723389,26.424172218088028,26.73852076122299,35364000
2015-05-04,26.855224609375,27.018607740527788,26.571169151918006,26.743489991634423,26160000
2015-05-05,26.359617233276367,26.803577726605656,26.339305637202546,26.72759773263729,27662000
2015-05-06,26.032852172851562,26.43807816505833,25.877167828146398,26.38146636494189,31340000
2015-05-07,26.35464859008789,26.491711126165786,25.910189899905728,26.021428181065808,30926000
2015-05-08,26.72809410095215,26.873599919375618,26.071587397337634,26.650128791378577,30552000
2015-05-11,26.602951049804688,26.914817971521018,26.5880536060538,26.73554474009663,18106000
2015-05-12,26.272212982177734,26.479246522325308,26.084498379538626,26.399343260394588,32684000
2015-05-13,26.30101776123047,26.534519653435297,26.253095504479656,26.347697301436693,25046000
2015-05-14,26.737031936645508,26.76682871653737,26.439568044106903,26.507104759722946,28078000
2015-05-15,26.511077880859375,26.780434790881305,26.338757050099638,26.77576702641413,39426000
2015-05-18,26.434104919433594,26.55924798641853,26.26277674840547,26.4197038053673,40068000
2015-05-19,26.685386657714844,26.849266113748893,26.470855136028614,26.517534676373266,39338000
2015-05-20,26.78023338317871,26.961493799519733,26.46747424919389,26.741498898129908,28616000
2015-05-21,26.941133499145508,27.007181224906926,26.616852710508205,26.714682529919397,29254000
2015-05-22,26.821949005126953,27.024561027302383,26.792152228037764,26.823934320302076,23524000
2015-05-26,26.435096740722656,26.766828154521807,26.31392620272242,26.723126590474976,48130000
2015-05-27,26.806060791015625,26.84380262289569,26.404807320444878,26.458935582368742,30500000
2015-05-28,26.805561065673828,26.8467790887625,26.63026038534675,26.71766161391749,20596000
2015-05-29,26.424671173095703,26.748455679475768,26.39189641710229,26.685884140809662,51948000
2015-06-01,26.518028259277344,26.657077996951923,26.307967507900887,26.657077996951923,38086000
2015-06-02,26.775766372680664,26.96546818054027,26.38593416817719,26.465390353350355,38780000
2015-06-03,26.831880569458008,26.990296603453466,26.672968206646576,26.812017944895175,34340000
2015-06-04,26.65260887145996,26.845786877384523,26.534418197468224,26.70525003909712,26966000
2015-06-05,26.48525619506836,26.67744155110198,26.44503082444226,26.635228970633797,27764000
2015-06-08,26.162464141845703,26.52448679129173,26.133165584019125,26.4842633153877,30412000
2015-06-09,26.1555118560791,26.280158598337138,25.972762432405272,26.19871709409058,29106000
2015-06-10,26.652111053466797,26.73504343104192,26.28760679182026,26.288103120636666,36300000
2015-06-11,26.54882049560547,26.765835556422214,26.4698606350129,26.738274149264008,24350000
2015-06-12,26.43559455871582,26.47482537392121,26.327830583933174,26.399341716445043,19116000
2015-06-15,26.18083953857422,26.23546602305974,26.02192716246267,26.22056668540963,32654000
2015-06-16,26.22801399230957,26.30200866455651,26.0993947329085,26.240429790617465,21436000
2015-06-17,26.28313636779785,26.368552284893063,26.076549914537257,26.288599773615292,25884000
2015-06-18,26.654098510742188,26.724615091023065,26.35911627396332,26.369544862359145,36662000
2015-06-19,26.652111053466797,26.729581919676644,26.469361646634724,26.677935306998346,37870000
2015-06-22,26.726600646972656,27.0022146763692,26.69382400296538,26.796124565309675,25006000
2015-06-23,26.840322494506836,26.890925298577034,26.58060045793793,26.798608143442674,23950000
2015-06-24,26.70922088623047,26.81648663575748,26.60096247907754,26.81648663575748,25732000
2015-06-25,26.579607009887695,26.86118078564992,26.579607009887695,26.76037109972466,26714000
2015-06-26,26.403810501098633,26.70524880139162,26.38692584925595,26.68041909964114,42182000
2015-06-29,25.898767471313477,26.250857832226195,25.85010072552714,26.072080948872838,38756000
2015-06-30,25.84861183166504,26.133661830424458,25.84811550280649,26.122240583522927,44344000
2015-07-01,25.91465950012207,26.10585219575648,25.735388168988656,26.05817810406221,39220000
2015-07-02,25.992128372192383,26.054203573511682,25.876917571452765,25.876917571452765,24718000
2015-07-06,25.965312957763672,26.084001855849237,25.773625831359762,25.79845553444194,25610000
2015-07-07,26.07257843017578,26.13018478043007,25.58392374104612,25.97872113058195,31944000
2015-07-08,25.66585922241211,25.959053145693073,25.630104605186517,25.87542553218116,25934000
2015-07-09,25.857053756713867,26.0105027189402,25.840665433311727,25.978224295353442,36846000
2015-07-10,26.32634162902832,26.447015836493414,26.09889799868226,26.13564716981953,39134000
2015-07-13,27.141759872436523,27.169569440827292,26.439070047375697,26.4629051965237,44130000
2015-07-14,27.864316940307617,28.100152695838812,27.149707625008205,27.152189269127874,64882000
2015-07-15,27.820615768432617,28.132630425290625,27.65028215456912,27.81614691456948,35692000
2015-07-16,28.795446395874023,28.83666442292074,28.05799265743973,28.063952392391883,95366000
2015-07-17,33.417816162109375,33.4941939786479,32.03080804713892,32.229449474952716,223298000
2015-07-20,32.92568588256836,33.21669374247945,32.42858786876882,32.73797126404822,117218000
2015-07-21,32.88992691040039,33.421290491453796,32.492644099487514,32.53783654420865,67544000
2015-07-22,32.87999725341797,33.70137611059898,32.72605194279918,32.819907358103585,78586000
2015-07-23,31.99505043029785,32.955973369404425,31.83216364120033,32.8387753547237,60582000
2015-07-24,30.966089248657227,32.18822696816312,30.91444263615959,32.130122397920395,72514000
2015-07-27,31.14983558654785,31.499442431648184,30.814131632474787,30.83896133579873,53508000
2015-07-28,31.186580657958984,31.426440083726046,30.953675518790703,31.426440083726046,34546000
2015-07-29,31.381746292114258,31.452759201677097,30.920899295652866,31.226310122809974,31502000
2015-07-30,31.414520263671875,31.545126727826243,30.89110364381535,31.28590100914993,29484000
2015-07-31,31.067893981933594,31.430412932819163,31.062430576115634,31.354432946499205,34122000
2015-08-03,31.345991134643555,31.437664209077603,31.05448697387808,31.05448697387808,26090000
2015-08-04,31.248653411865234,31.524763763531297,31.14486386560117,31.207435390626763,29818000
2015-08-05,31.970218658447266,32.17283448603613,31.44282948965422,31.50093027345457,46686000
2015-08-06,31.91559600830078,32.04963133111016,31.397640813947827,32.03080872083464,31452000
2015-08-07,31.549100875854492,31.915592362687246,31.271501504931532,31.793927388426944,28078000
2015-08-10,31.47113609313965,31.953336616169647,31.347929087549904,31.75668241334567,36184000
2015-08-11,32.81444549560547,33.51564451419277,32.49115733440412,33.23258172341467,100584000
2015-08-12,32.75385665893555,33.02400730018618,32.39282480046153,32.92865912356369,58734000
2015-08-13,32.59940719604492,32.999171596735735,32.361586155686275,32.742031622415176,36214000
2015-08-14,32.63268280029297,32.76850260820723,32.41119891469122,32.52790059186638,21442000
2015-08-17,32.81891632080078,32.8442442508141,32.34069014546172,32.61680057592558,21034000
2015-08-18,32.583518981933594,32.97434569876395,32.45092720864128,32.87005982152452,29122000
2015-08-19,32.820396423339844,33.123323688577706,32.48717794708594,32.60686138233119,42682000
2015-08-20,32.12168502807617,32.9241957787785,31.926521694005896,32.550251752336216,57106000
2015-08-21,30.41585922241211,31.78498809872655,30.40841050056347,31.771581536030002,85304000
2015-08-24,29.280126571655273,29.76282339343507,28.060474284868658,28.455271652438228,115406000
2015-08-25,28.905193328857422,30.662665222051203,28.858015570715104,30.536529506979406,70760000
2015-08-26,31.217370986938477,31.37082184323704,29.748919623798905,30.310079988295644,84718000
2015-08-27,31.663814544677734,31.96078208123165,30.888619058969343,31.752704758618098,69826000
2015-08-28,31.304773330688477,31.62756515488086,31.015752706478942,31.425945767761622,39574000
2015-08-31,30.702396392822266,31.573932790689973,30.674090493723796,31.1637397350287,43534000
2015-09-01,29.686349868774414,30.434728544375194,29.50310411653093,29.913297187821758,74042000
2015-09-02,30.508224487304688,30.508224487304688,29.781697554458667,30.07369804838561,51512000
2015-09-03,30.106475830078125,30.77490200212552,29.936191456217667,30.640322996869916,35192000
2015-09-04,29.830860137939453,29.968419003351595,29.560213155488384,29.7960981749528,41780000
2015-09-08,30.52411460876465,30.606054329726085,30.000696083272338,30.416352528335295,45590000
2015-09-09,30.427776336669922,31.113087152118585,30.27283648366079,30.8498888807413,34042000
2015-09-10,30.85634422302246,30.995890308999332,30.363716968173474,30.446649356915387,38106000
2015-09-11,31.075841903686523,31.076338232554964,30.661179972338033,30.776887113389858,27470000
2015-09-14,30.9502010345459,31.080309284153184,30.760995553466312,31.07236423386485,34046000
2015-09-15,31.541156768798828,31.71794645384484,30.97701651347098,31.122024102506177,41688000
2015-09-16,31.58287239074707,31.680702221346568,31.40111562112411,31.55754635757088,25730000
2015-09-17,31.926517486572266,32.32379649540007,31.535194423478917,31.67275327957351,45494000
2015-09-18,31.248653411865234,31.782500478466407,31.13791147393166,31.62309179884626,102668000
2015-09-21,31.556053161621094,31.608196105149815,31.084283131298893,31.50440654692814,35770000
2015-09-22,30.922887802124023,31.16423622776372,30.56235415019964,31.1369229862065,51258000
2015-09-23,30.9064998626709,31.232767884495015,30.78930184469384,30.891106090743158,29418000
2015-09-24,31.07733154296875,31.152813310040926,30.41188526954059,30.62244425883173,44802000
2015-09-25,30.390527725219727,31.274479870335362,30.34235730891256,31.274479870335362,43480000
2015-09-28,29.542335510253906,30.52138588481763,29.268708645904713,30.309586063840918,62554000
2015-09-29,29.546308517456055,30.044399142720593,29.310421602431845,29.66102299588337,46190000
2015-09-30,30.214235305786133,30.231119957888616,29.83235005412735,29.958982103318686,48268000
2015-10-01,30.356761932373047,30.39648907780923,29.78864916587202,30.211754346918944,37352000
2015-10-02,31.13245391845703,31.15380742495718,29.95153415900403,30.153651766262726,53696000
2015-10-05,31.855504989624023,31.931981304000633,31.136921264127885,31.385222068635468,36072000
2015-10-06,32.05265426635742,32.24186163525381,31.61018279963673,31.724897273530086,43326000
2015-10-07,31.899702072143555,32.30934764400338,31.39267185755661,32.24136574875749,41854000
2015-10-08,31.740787506103516,32.003489414611266,31.065409038520922,31.850040462443268,43642000
2015-10-09,31.961776733398438,32.0799674030877,31.5499943023942,31.78250351917543,32974000
2015-10-12,32.11373519897461,32.20461262388348,31.73333895373674,31.886291577916307,25504000
2015-10-13,32.3933219909668,32.66704541724892,31.938931100987546,31.938931100987546,36154000
2015-10-14,32.336708068847656,32.74541399965009,32.22199549510904,32.43851230494623,28310000
2015-10-15,32.86212158203125,32.93114918570617,32.50059334391366,32.51052749929187,37714000
2015-10-16,32.88496017456055,33.02251903669291,32.63665936235609,32.979812024437535,32222000
2015-10-19,33.07863235473633,33.11438697223595,32.75484790449789,32.83430218907822,29546000
2015-10-20,32.293006896972656,33.0100996867063,31.990826023128236,32.976330385847746,49964000
2015-10-21,31.912120819091797,32.57061284758855,31.868417356230765,32.48519881492803,35822000
2015-10-22,32.36799621582031,32.6664527478439,31.981640230386372,32.11522466695285,81420000
2015-10-23,34.86143112182617,36.2519171299912,34.83660331486189,36.12776672886109,133078000
2015-10-26,35.39677429199219,35.713110075687354,34.82468894760341,34.83909006283253,54332000
2015-10-27,35.1837272644043,35.4384841348609,34.98806762276063,35.12860445494158,44916000
2015-10-28,35.405216217041016,35.406705203721415,34.91507059650662,35.12612782810554,43578000
2015-10-29,35.60236358642578,35.66890574759534,35.25921093145292,35.28354619884414,29120000
2015-10-30,35.29894256591797,35.656000031725405,35.26119883999853,35.54326897159622,38176000
2015-11-02,35.8104362487793,35.83576417185151,35.05262175944323,35.311353029253,37726000
2015-11-03,35.862579345703125,35.98622961606681,35.49310615458517,35.69869992437972,31308000
2015-11-04,36.15806579589844,36.405870323174355,35.84967883010648,35.854642119315734,34134000
2015-11-05,36.31399154663086,36.72269368840334,36.22559576580086,36.22559576580086,37232000
2015-11-06,36.43864440917969,36.52058414060551,36.10343676141681,36.32641346062947,30232000
2015-11-09,35.99814987182617,36.48581372762035,35.7270066008286,36.26184442248864,41396000
2015-11-10,36.168487548828125,36.28121480698938,35.68082366351539,35.9738205732517,32160000
2015-11-11,36.520084381103516,36.79818008192554,36.263342186682486,36.37408413817196,27328000
2015-11-12,36.31299591064453,36.63926197922501,36.184624833518356,36.30157277158735,36744000
2015-11-13,35.60633087158203,36.30902254419434,35.592922417089454,36.21069640376163,41510000
2015-11-16,36.20027160644531,36.22658839926328,35.32476275467799,35.536808816244815,38118000
2015-11-17,36.018516540527344,36.3435437402673,35.90563772017167,36.2166616265194,30218000
2015-11-18,36.74851989746094,36.818540150021214,36.102936275646314,36.131742291566226,33686000
2015-11-19,36.669559478759766,36.8478362355955,36.620888946641095,36.685945906551545,26542000
2015-11-20,37.572879791259766,37.638429294519106,36.897501295681266,37.07280008862983,44246000
2015-11-23,37.542091369628906,37.87620404478347,37.335504901119776,37.61509338839489,28290000
2015-11-24,37.159706115722656,37.50727646748334,36.630824197380264,37.34443894120362,46662000
2015-11-25,37.15325164794922,37.34444054494559,37.049462090573,37.15275531911749,22442000
2015-11-27,37.25802993774414,37.41446064496047,37.120471090454295,37.16864150344471,16770000
2015-11-30,36.87763977050781,37.48994666787186,36.81159014429581,37.18602669906433,41952000
2015-12-01,38.09133529663086,38.18618336549671,37.08124541855683,37.101606268684066,42692000
2015-12-02,37.85990905761719,38.53404476319227,37.6900736889997,38.18369348555368,44608000
2015-12-03,37.37125778198242,38.188415850904306,37.0281089065599,38.04018023479625,51812000
2015-12-04,38.07991027832031,38.163338990212004,37.24512304178442,37.39906833795078,55146000
2015-12-07,37.90311813354492,38.17525788959384,37.49789405006138,38.1275837994011,36246000
2015-12-08,37.859413146972656,37.98008923642024,37.453689002845806,37.636936616491276,36590000
2015-12-09,37.32508087158203,37.95178892588908,36.59959578970842,37.70051010949274,54000000
2015-12-10,37.21830749511719,37.535635924771995,36.938722792000746,37.38665770039785,39768000
2015-12-11,36.692405700683594,37.032080281076546,36.587127153781886,36.80612562673731,44488000
2015-12-14,37.13438034057617,37.182054430521696,35.962400189352365,36.83741277767224,48250000
2015-12-15,36.917362213134766,37.646374535200536,36.89799781148999,37.39410309729879,53324000
2015-12-16,37.646873474121094,37.77102388638658,36.7204624006624,37.24512367964493,39866000
2015-12-17,37.21681594848633,37.8748115856098,37.19546244234924,37.86189945840696,31068000
2015-12-18,36.71425247192383,37.45021715865734,36.65664802043581,37.07180622724002,62974000
2015-12-21,37.13438034057617,37.24512229202001,36.748520661459736,37.0529369457205,30514000
2015-12-22,37.24512481689453,37.48597692714539,37.02314457011953,37.3270645461441,27308000
2015-12-23,37.26051330566406,37.45418762414581,36.94715933672257,37.41744034892075,31318000
2015-12-24,37.16566467285156,37.31216503514641,37.077272673153146,37.22277658898761,10544000
2015-12-28,37.866371154785156,37.890210094454886,37.22128762871272,37.39013036670413,30306000
2015-12-29,38.56607437133789,38.733924405584595,38.06102770493185,38.07393982891526,35300000
2015-12-30,38.287986755371094,38.615745665532714,38.084382047446105,38.566086257900025,25866000
2015-12-31,37.686100006103516,38.213489112928066,37.65928309710982,38.213489112928066,30018000
2016-01-04,36.83989334106445,36.95013896043478,36.31439099015841,36.897501583642146,65456000
2016-01-05,36.876644134521484,37.34443973138614,36.680980704762746,37.06882568499458,39014000
2016-01-06,36.92829132080078,37.10508290086902,36.19828629570052,36.25192012209986,38940000
2016-01-07,36.07264709472656,36.6740309632769,35.70863723789701,36.26731409214426,59274000
2016-01-08,35.48069763183594,36.41232206078351,35.40769940143087,36.32392626934838,49018000
2016-01-11,35.558170318603516,35.6984609065151,34.93791451606441,35.58697633944968,41812000
2016-01-12,36.056758880615234,36.189847007826735,35.62208086488032,35.83874926044054,40490000
2016-01-13,34.789920806884766,36.4873046748109,34.693083648555096,36.2941266869493,50034000
2016-01-14,35.493106842041016,35.850906842301676,34.220815400259404,35.02928192350369,44516000
2016-01-15,34.48649978637695,35.09682512494133,34.03558693428019,34.37923213772879,72162000
2016-01-19,34.851009368896484,35.257726261900615,34.43485843833618,34.925996706772715,45362000
2016-01-20,34.685142517089844,35.10228608047107,33.434200578260224,34.196485922293355,68900000
2016-01-21,35.08937072753906,35.71508980386862,34.48699426027191,34.870372271277816,48244000
2016-01-22,36.01603317260742,36.15905543910222,35.76132555360703,35.93409345082716,40236000
2016-01-25,35.34164810180664,36.23602887991339,35.259212049387784,35.93310158259301,34234000
2016-01-26,35.40968322753906,35.66990351351016,35.08391343561902,35.449908596284224,26634000
2016-01-27,34.761619567871094,35.667669803909426,34.4835238531036,35.44096875359453,43884000
2016-01-28,36.29959487915039,36.43516843419715,35.3754191696017,35.86556476022544,53528000
2016-01-29,36.895015716552734,36.996323627118805,36.093005177021126,36.32789752644947,69486000
2016-02-01,37.34444046020508,37.635452072033225,36.9109104873707,37.26796414382612,102784000
2016-02-02,37.9726448059082,39.225075791400755,37.9726448059082,38.95839942208988,126962000
2016-02-03,36.10045623779297,38.46179568312572,35.78014984554739,38.24925327184372,123420000
2016-02-04,35.15989303588867,36.102936767335834,34.85448030736994,35.89486132213648,103374000
2016-02-05,33.94619369506836,34.96025398179163,33.77635453828861,34.95429424784525,102114000
2016-02-08,33.90497970581055,33.96904022300399,32.92766657533691,33.165540688861455,84948000
2016-02-09,33.675052642822266,34.757148050942284,33.21122764629747,33.38752289722088,72178000
2016-02-10,33.9735107421875,34.82716600316446,33.87468447537826,34.10957682560723,52760000
2016-02-11,33.92335510253906,34.233234816573464,33.21609781881839,33.52061263445481,60480000
2016-02-12,33.88809585571289,34.45173979465032,33.69938859088496,34.27842630212339,42828000
2016-02-16,34.3151741027832,34.66279753961071,34.01969550754933,34.41350026198089,50400000
2016-02-17,35.17926025390625,35.24630253977301,34.33404627818995,34.66726481448244,49852000
2016-02-18,34.63051986694336,35.37542241725185,34.56496656328615,35.2587207146019,37664000
2016-02-19,34.807308197021484,34.915117645660715,34.46663715910741,34.515303908985146,31786000
2016-02-22,35.082916259765625,35.41960903159779,34.88675651848281,35.132079330088295,38996000
2016-02-23,34.55602264404297,35.1792563018415,34.443295381691655,34.83411833377464,40186000
2016-02-24,34.740264892578125,34.762114728179654,33.80764783295925,34.211879263512024,39272000
2016-02-25,35.04765701293945,35.05908015327448,34.29456328013875,34.76260893230726,32844000
2016-02-26,35.01388931274414,35.42904750419384,34.80481744189124,35.18819543594479,44870000
2016-02-29,34.65137481689453,35.302914447635,34.64690406823332,34.778006878338296,49622000
2016-03-01,35.69621658325195,35.69621658325195,34.75068750707169,34.94188017648432,43028000
2016-03-02,35.69820785522461,35.75531597961434,35.358033175444106,35.70565657628546,32580000
2016-03-03,35.37889099121094,35.72800338481649,35.06106625764179,35.689763332413065,39160000
2016-03-04,35.30290985107422,35.58100932544227,35.061065112612056,35.50651832715137,39442000
2016-03-07,34.521759033203125,35.16391384406222,34.11156786682855,35.10477114691072,59702000
2016-03-08,34.46266555786133,34.95032570063209,34.03409506940914,34.1954928755336,41526000
2016-03-09,35.022335052490234,35.044184888113556,34.464154536935126,34.68613477264433,28430000
2016-03-10,35.39875411987305,35.578523656695694,34.92896943034372,35.165350761535024,56670000
2016-03-11,36.09400177001953,36.09896884751806,35.61254760827479,35.755319829004655,39416000
2016-03-14,36.276248931884766,36.52504603919354,36.011061609000166,36.09349764933739,34366000
2016-03-15,36.168983459472656,36.365635747979944,35.992191900318694,36.09896321163235,34420000
2016-03-16,36.554351806640625,36.62288307752662,35.97928472583464,36.07165493725662,32488000
2016-03-17,36.638275146484375,36.90097707641073,36.549879358851335,36.57222552298745,37216000
2016-03-18,36.62933349609375,36.84783561430088,36.342792657580695,36.84088322251107,59614000
2016-03-21,36.85231399536133,36.87267484616092,36.42652821685211,36.57471459505708,36730000
2016-03-22,36.7857666015625,36.996823823445865,36.62238726141863,36.62238726141863,25394000
2016-03-23,36.652183532714844,37.0325798443232,36.5573316720649,36.86572240701449,28642000
2016-03-24,36.515113830566406,36.63663103171138,36.30157499809885,36.35173072748984,31898000
2016-03-28,36.42721939086914,36.69836649944435,36.3760709968585,36.589113529837626,26026000
2016-03-29,36.98540115356445,37.10855891290879,36.190342913012806,36.479861776616374,38076000
2016-03-30,37.27144241333008,37.63644491036666,37.18255029822002,37.25008890720271,35648000
2016-03-31,36.99434280395508,37.28733597090956,36.795205049143,37.20788167379837,34376000
2016-04-01,37.24065017700195,37.26200368261049,36.599537313615926,36.67899539019902,31534000
2016-04-04,37.01122283935547,37.384170393621275,36.86919322624263,37.248100515387904,22684000
2016-04-05,36.63926696777344,36.887567778114835,36.51859465317728,36.649201121898116,22646000
2016-04-06,37.031089782714844,37.058403025917414,36.52803205217454,36.53846253608863,21074000
2016-04-07,36.762428283691406,37.09614315029527,36.56378685838289,37.015199866801574,29064000
2016-04-08,36.7063102722168,37.019167938024474,36.52753338067818,36.94567338154446,25816000
2016-04-11,36.55485153198242,36.9968267429917,36.552369887433485,36.89850057606976,24402000
2016-04-12,36.90196990966797,36.93872097666553,36.302075044404184,36.649202132890416,27060000
2016-04-13,37.33053207397461,37.46263130556378,36.96011925129499,37.20340370775126,34142000
2016-04-14,37.40403366088867,37.608138471402825,37.37945212331529,37.44425902840048,22706000
2016-04-15,37.69206237792969,37.79138118289664,37.3789054195968,37.44276891912083,36186000
2016-04-18,38.06998062133789,38.141489864642146,37.607644606612276,37.764567878794935,31176000
2016-04-19,37.440284729003906,38.23335757493872,37.21184843898209,38.21398938435953,40610000
2016-04-20,37.37771224975586,37.64895784145684,37.24561679838343,37.64240327008515,30584000
2016-04-21,37.69901657104492,37.76406974731523,37.222775793477915,37.512294632423504,61210000
2016-04-22,35.694236755371094,36.55584093338616,35.43799087624664,36.068176984725795,119038000
2016-04-25,35.91175079345703,35.95048338963514,35.53631778084968,35.56164570860578,39184000
2016-04-26,35.166351318359375,36.041659479672205,34.91238627807854,36.02447740782972,54892000
2016-04-27,35.0521354675293,35.20806989211737,34.3829666229507,35.12414104955171,61972000
2016-04-28,34.316162109375,35.46579601403946,34.24316388756198,35.17230277406831,57346000
2016-04-29,34.41498947143555,34.64392208656172,34.215851740549944,34.30027310507797,49754000
2016-05-02,34.6732177734375,34.79389386441348,34.31516770827462,34.6444155492185,32906000
2016-05-03,34.382713317871094,34.65484930585407,34.36483411189992,34.60667888315487,30876000
2016-05-04,34.54857635498047,34.74969941537417,34.21635049037451,34.28984883730725,33870000
2016-05-05,34.833126068115234,34.87732585493973,34.549566969408005,34.647893119559654,33670000
2016-05-06,35.31433868408203,35.35108596595431,34.6681108889213,34.68166710858715,36586000
2016-05-09,35.40272903442383,35.69125520474056,35.25871411367338,35.358032919612505,30206000
2016-05-10,35.91323471069336,35.92912481002241,35.542768827909754,35.59392100507749,31392000
2016-05-11,35.52141571044922,35.9777919468729,35.39776163857043,35.924658242671285,33842000
2016-05-12,35.42308807373047,35.71807029236281,35.209052913179995,35.60931366693618,27214000
2016-05-13,35.299930572509766,35.58954789562333,35.22196527541749,35.35455704998457,26290000
2016-05-16,35.58100891113281,35.6798313863781,35.04269296098135,35.21551010484376,26342000
2016-05-17,35.07149887084961,35.83080246022976,34.96622032129292,35.556181050667114,40024000
2016-05-18,35.09136199951172,35.33817382812671,34.79340177910785,34.94436531028026,35336000
2016-05-19,34.77800750732422,35.06007765401759,34.6032050202795,34.87931543157349,33404000
2016-05-20,35.24580383300781,35.48615959939167,34.787938582043004,34.8425650648016,36568000
2016-05-23,34.97267150878906,35.3321082714931,34.969689747283745,35.08639142185404,26614000
2016-05-24,35.75978469848633,35.80348436473276,35.1027779857997,35.1027779857997,38590000
2016-05-25,36.01702880859375,36.12826709547614,35.74066834804282,35.79305945945323,32584000
2016-05-26,35.95991897583008,36.16898708270369,35.76922261376411,35.8978437712666,31526000
2016-05-27,36.38401412963867,36.447381303322956,35.95395845546493,35.954454784299166,39500000
2016-05-31,36.535972595214844,36.73511032383298,36.314488703670726,36.33832764180744,42590000
2016-06-01,36.458003997802734,36.609963953987766,36.28469053825032,36.476875857325965,25072000
2016-06-02,36.271785736083984,36.401895886402365,35.9624023560223,36.3760716301323,26836000
2016-06-03,35.87152099609375,36.22658932589706,35.783125213061595,36.21566630320272,24526000
2016-06-06,35.583988189697266,35.999146413246066,35.48764735494879,35.999146413246066,31306000
2016-06-07,35.58895492553711,35.853642159760845,35.58398784856902,35.747370960769395,26724000
2016-06-08,36.16650390625,36.18090501968687,35.784118540628015,35.95197240239952,31674000
2016-06-09,36.18140411376953,36.22907820590988,35.87132360443545,35.89784499400729,19778000
2016-06-10,35.726016998291016,36.04781235283847,35.57802765893783,35.72899497117201,24328000
2016-06-13,35.67387390136719,36.02546794570818,35.58200381238799,35.58200381238799,25178000
2016-06-14,35.669403076171875,35.87797482848984,35.413649779228734,35.580510969852455,26122000
2016-06-15,35.701683044433594,35.90330242444706,35.621732426054486,35.70565746385733,24290000
2016-06-16,35.27659606933594,35.58895741348882,34.924005566575815,35.50254693878969,39650000
2016-06-17,34.35092544555664,35.200117541018976,34.188637286611396,35.19167237348176,68048000
2016-06-20,34.44975280761719,34.88527189207179,34.434855364902305,34.70103159595297,41650000
2016-06-21,34.56049728393555,34.89967555559198,34.36533016155707,34.682658596384094,29312000
2016-06-22,34.6359748840332,34.80481760259557,34.41856014204454,34.715429166659796,23686000
2016-06-23,34.854976654052734,34.85895107350913,34.116530276808035,34.63548185675295,43428000
2016-06-24,33.53153991699219,34.23572072929207,33.443640450483215,33.52905448380125,88980000
2016-06-27,33.18589782714844,33.38652833551927,32.938790481405825,33.32196770057878,52580000
2016-06-28,33.77089309692383,33.78529420947787,33.42128818773908,33.71775939461975,43476000
2016-06-29,33.9730110168457,34.137830056445466,33.83892647334344,33.917888213132386,38652000
2016-06-30,34.36979675292969,34.38072356440774,33.950167788968905,34.04054888737698,31954000
2016-07-01,34.722877502441406,34.79439052365911,34.37128349682648,34.37476158707696,26894000
2016-07-05,34.511329650878906,34.61015212683431,34.20989135737403,34.566452458940674,29252000
2016-07-06,34.65137481689453,34.84554549328299,34.22032265932284,34.264522450748,28238000
2016-07-07,34.53169250488281,34.672725670496796,34.17687042791862,34.66676593566145,26084000
2016-07-08,35.04170608520508,35.04567671631136,34.585079719211805,34.73728598202947,31504000
2016-07-11,35.51148986816406,35.58200645605262,35.12165574173871,35.16188111319866,22236000
2016-07-12,35.7870979309082,35.901314173186485,35.552205594527706,35.711614278187774,26738000
2016-07-13,35.6053466796875,35.95396279061349,35.59889061529423,35.93509092632777,18718000
2016-07-14,35.802490234375,35.865061758423195,35.65748266913754,35.83377410201447,19004000
2016-07-15,35.747867584228516,36.04036438985294,35.70838860449242,36.039868061029,25586000
2016-07-18,36.439632415771484,36.556334098169636,35.81441343883297,35.88989709633633,25910000
2016-07-19,36.59755325317383,36.59904223968765,36.202259538297255,36.24645553749248,24550000
2016-07-20,36.8076171875,36.85429483010376,36.60450503308887,36.61592817370984,25794000
2016-07-21,36.680484771728516,36.832444745499224,36.54148617898577,36.76639891267857,20526000
2016-07-22,36.88459396362305,36.90942177419454,36.5776922179001,36.84089050033263,25196000
2016-07-25,36.737098693847656,36.87813565283181,36.62437142344724,36.781794812185765,20648000
2016-07-26,36.67005920410156,36.83244587698204,36.46396907177927,36.70084674735464,23734000
2016-07-27,36.83641815185547,36.970002589071605,36.59953670130163,36.663104677012456,30250000
2016-07-28,37.042015075683594,37.17808116846874,36.713759841845935,37.098130546411205,70604000
2016-07-29,38.1782341003418,38.66292003013323,38.07792263616959,38.37290487163022,76830000
2016-08-01,38.38134765625,38.75628052173719,37.7958539120206,37.7958539120206,54010000
2016-08-02,38.29146194458008,38.52833961218786,38.13155692128572,38.1732712751886,35690000
2016-08-03,38.396240234375,38.3977292206973,38.08040085066111,38.09828005283651,25748000
2016-08-04,38.318275451660156,38.4404367407963,38.17848123011575,38.348566662361506,22806000
2016-08-05,38.84517288208008,38.88589457958735,38.354530985402135,38.42604022607503,36024000
2016-08-08,38.822330474853516,38.86553381665672,38.64012474735568,38.83424615581213,22158000
2016-08-09,38.94647979736328,39.17888671796986,38.76323216328399,38.78955274621309,26378000
2016-08-10,38.96733856201172,39.073211946110796,38.87288453017698,38.9211534577973,15728000
2016-08-11,38.97578430175781,39.2191180712435,38.88242142518847,38.983233024074806,19502000
2016-08-12,38.894832611083984,38.903524049012795,38.75479210161368,38.809418584637946,14810000
2016-08-15,38.85609817504883,39.10688062520967,38.74038915074171,38.921151349487374,18764000
2016-08-16,38.592891693115234,38.783588023850676,38.40934855860543,38.74981872408423,20560000
2016-08-17,38.7304573059082,38.775153423823525,38.41362521600818,38.60183993582502,18484000
2016-08-18,38.610774993896484,38.87695500140873,38.58594339800672,38.73542172462235,14388000
2016-08-19,38.507484436035156,38.59091314817575,38.39376450892798,38.486627258000006,17230000
2016-08-22,38.345088958740234,38.46377973637733,38.240803082197274,38.400711881665835,19028000
2016-08-23,38.341617584228516,38.55813440318424,38.32696641200772,38.510460314729556,18564000
2016-08-24,38.22044372558594,38.461792131784854,38.09281902483069,38.267125154649484,21440000
2016-08-25,38.20903015136719,38.33218791149778,37.89989303445538,38.089346693397424,18538000
2016-08-26,38.21548843383789,38.54026561248057,38.032240769645554,38.18867151767461,23334000
2016-08-29,38.345088958740234,38.486125898043106,38.07022131945092,38.17574991234287,16952000
2016-08-30,38.19313430786133,38.460109977701684,38.081399695227226,38.2050537779148,22600000
2016-08-31,38.091835021972656,38.193139163998,38.00890262744828,38.089845917530916,24972000
2016-09-01,38.17774200439453,38.28898029245286,37.955265428277876,38.20108461654465,18502000
2016-09-02,38.310829162597656,38.43299045948683,38.15936552193957,38.387801804957256,21454000
2016-09-06,38.73890686035156,38.83425126441182,38.28799015441764,38.40965893437341,28856000
2016-09-07,38.75231170654297,38.870502384367306,38.546221566448246,38.734928830125014,17874000
2016-09-08,38.50251388549805,38.752307459305534,38.41610720804843,38.66490433547473,25406000
2016-09-09,37.72484588623047,38.3994781036888,37.72484588623047,38.24329741691254,37710000
2016-09-12,38.189659118652344,38.252726980667774,37.44376400901771,37.49987947845845,26220000
2016-09-13,37.7263298034668,38.05061060461484,37.5331518012687,37.964200133394094,27900000
2016-09-14,37.86538314819336,38.12311803521921,37.69753304727578,37.72236085891663,21748000
2016-09-15,38.32573318481445,38.42703732267496,37.7397430403685,37.88524697149256,26102000
2016-09-16,38.182701110839844,38.22590444646403,37.973136706731715,38.22590444646403,40986000
2016-09-19,38.024784088134766,38.436964322487626,37.96226181377783,38.35849890605736,23456000
2016-09-20,38.308345794677734,38.403693974537724,38.16532352488775,38.18866613539865,19572000
2016-09-21,38.547210693359375,38.59389212333494,38.15395156619898,38.37041912729172,23356000
2016-09-22,39.092979431152344,39.224082238481486,38.657460322910715,38.734929302521124,29724000
2016-09-23,39.077579498291016,39.17838728503476,38.94101330619201,39.0621819395536,28238000
2016-09-26,38.44739532470703,38.87099874658522,38.390783524432415,38.87099874658522,30664000
2016-09-27,38.88440704345703,39.03239260749352,38.452263735936675,38.51145947705923,23064000
2016-09-28,38.81239318847656,38.82480898604425,38.48513443635371,38.628156695243746,22196000
2016-09-29,38.48712158203125,39.02295590797525,38.448487497863084,38.806435299753005,26294000
2016-09-30,38.600345611572266,38.78160793144157,38.441433244148705,38.55267531123793,31706000
2016-10-03,38.36545181274414,38.53951167486766,38.21349184343458,38.44938063592518,25576000
2016-10-04,38.55763626098633,38.67086363652972,38.3818411464527,38.537771742666976,24028000
2016-10-05,38.559627532958984,38.83772322752688,38.51890583643016,38.700660695555655,29224000
2016-10-06,38.57899475097656,38.75876430791211,38.513445241944744,38.68526974827976,21414000
2016-10-07,38.4906005859375,38.71804422247115,38.275568959086925,38.71804422247115,18664000
2016-10-10,39.0299072265625,39.20073905682003,38.52982753360655,38.621205077622854,23498000
2016-10-11,38.88738250732422,39.3447514154135,38.7637284316488,39.065663064082095,27450000
2016-10-12,39.03983688354492,39.13866314670502,38.83722485797321,38.92164621956397,18748000
2016-10-13,38.645042419433594,38.79551341066446,38.387307567375906,38.79551341066446,27306000
2016-10-14,38.66192626953125,38.931084270033956,38.53628687179374,38.81686801346163,17050000
2016-10-17,38.73294448852539,39.02544132289396,38.61077938797773,38.72499943779197,21860000
2016-10-18,39.49274444580078,39.80808756353253,39.01129028397833,39.12476394614826,41138000
2016-10-19,39.80261993408203,39.95656522129723,39.63029911420799,39.64072580820328,35336000
2016-10-20,39.577659606933594,39.925283022934174,39.53097817448552,39.89201004673427,35150000
2016-10-21,39.696842193603516,39.70329825718603,39.43016963770261,39.47982904226599,25324000
2016-10-24,40.37917709350586,40.48197400339979,39.96749691381934,39.9714675448664,33950000
2016-10-25,40.10902786254883,40.55646647036879,39.9833884533062,40.55646647036879,31528000
2016-10-26,39.68194580078125,40.074757876962856,39.54538338181204,40.0429776758111,32954000
2016-10-27,39.49721145629883,39.901442869267754,39.30601877275507,39.77778879375069,54984000
2016-10-28,39.49820327758789,40.49736622585623,39.40980749443379,40.14279043560896,85398000
2016-10-31,38.96038818359375,39.57219876719629,38.93357126935831,39.503171166114704,48546000
2016-11-01,38.91419982910156,39.20620031054067,38.513442713178094,38.878445209361836,48128000
2016-11-02,38.17376708984375,38.81686526490256,37.9130504870776,38.645537103405665,37448000
2016-11-03,37.847496032714844,38.23584111643439,37.6935507508907,38.10175656426476,38864000
2016-11-04,37.842041015625,38.2562066137455,37.272982924481084,37.27790074787388,42696000
2016-11-07,38.860069274902344,38.99266105825379,38.364956643270624,38.46179380725164,31702000
2016-11-08,39.25685501098633,39.51126331192074,38.744359513838305,38.90376820588445,27338000
2016-11-09,38.99862289428711,39.292464730602525,38.321259038748636,38.731950326735145,52142000
2016-11-10,37.86885452270508,39.28963190131828,37.35338478850698,39.28963190131828,94904000
2016-11-11,37.444759368896484,37.78046334085031,37.26399714890984,37.569902444271854,48636000
2016-11-14,36.55385208129883,37.634954753938246,36.12975236739363,37.52321636090569,73088000
2016-11-15,37.6667366027832,37.961021716782845,37.09465131203383,37.09465131203383,47680000
2016-11-16,37.96419906616211,38.057561927211914,37.270448826804646,37.5033520730693,29452000
2016-11-17,38.299407958984375,38.37240618576779,37.95178454560374,38.085372778237584,26080000
2016-11-18,37.76854705810547,38.48663270987255,37.74173014129437,38.3063668035494,30942000
2016-11-21,38.19860076904297,38.22343236884534,37.77152301607943,37.871341955413165,26612000
2016-11-22,38.15241622924805,38.58396090583992,38.08934457727638,38.368933060822805,31862000
2016-11-23,37.79088592529297,38.15305820555196,37.50583784016691,38.125597203079785,29568000
2016-11-25,37.82515335083008,37.99002545902776,37.76754889423854,37.95327818038521,11748000
2016-11-28,38.15092086791992,38.71158678356653,37.73179201859136,37.741722383738974,43764000
2016-11-29,38.2800407409668,38.66043702235786,38.15092325335685,38.314306375461484,32332000
2016-11-30,37.6443977355957,38.38681868137362,37.484989005580545,38.241811068028795,47858000
2016-12-01,37.1418342590332,37.73428048122216,36.600786494660156,37.61460080515782,60358000
2016-12-02,37.26995086669922,37.443760665546485,36.90246296197133,36.976457629469685,29050000
2016-12-05,37.86686706542969,37.935398333068584,37.389137296087796,37.62800407514363,27884000
2016-12-06,37.69752883911133,38.18022569636298,37.60962937844165,37.97661720427727,33814000
2016-12-07,38.297420501708984,38.30586188024104,37.53314991037729,37.79138107582144,35220000
2016-12-08,38.5571403503418,38.64454347414097,38.100764119155826,38.36148071536686,29762000
2016-12-09,39.196266174316406,39.20321856606278,38.68630539814298,38.73492288636611,36438000
2016-12-12,39.19527816772461,39.29360432140951,38.95119804007784,38.98521361528526,42082000
2016-12-13,39.534454345703125,39.945641932323774,39.397391816829575,39.42520138565786,42904000
2016-12-14,39.58262634277344,39.92677166514908,39.43066636578443,39.59901277192666,34084000
2016-12-15,39.621360778808594,39.877110301670584,39.376534278589055,39.596032854297725,32530000
2016-12-16,39.27125930786133,39.77064191391618,39.245931381048614,39.74799643619597,48876000
2016-12-19,39.440101623535156,39.61192612562435,39.04629688390096,39.24245665482477,24642000
2016-12-20,39.55034637451172,39.66108832640948,39.39391943660748,39.567232921420896,19020000
2016-12-21,39.45798110961914,39.56306264253778,39.08751518970622,39.52154530207546,24226000
2016-12-22,39.294097900390625,39.39639846642992,39.161009793162656,39.34872437945268,19444000
2016-12-23,39.22705841064453,39.367599037520414,39.09645193817822,39.27622148753949,12468000
2016-12-27,39.308502197265625,39.62185998404134,39.11517642764494,39.26529885483266,15782000
2016-12-28,38.985713958740234,39.441593942336766,38.893843859323255,39.41527714464004,23076000
2016-12-29,38.873477935791016,39.02941232989827,38.68129259329544,38.900294847652695,14886000
2016-12-30,38.32870864868164,38.87298439748577,38.25868839102511,38.871495410890944,35400000
2017-01-03,39.03983688354492,39.21315035471481,38.52635253323202,38.675827066823196,33146000
2017-01-04,39.077579498291016,39.29807072080159,38.89185023479024,39.150081389038874,21460000
2017-01-05,39.43115997314453,39.45400246436908,38.98421778085654,39.036858944079945,26704000
2017-01-06,40.03353500366211,40.12044179500302,39.34097448794243,39.49273743300962,32804000
2017-01-09,40.05837631225586,40.223047634430394,39.868672584918144,40.04596051208638,25492000
2017-01-10,39.965999603271484,40.18152755376016,39.90243541480071,40.11845969411395,23536000
2017-01-11,40.120941162109375,40.13286063138583,39.79616404009806,39.97642991063359,21318000
2017-01-12,40.043968200683594,40.09511659037095,39.686910764200164,40.082700792370545,27062000
2017-01-13,40.119449615478516,40.285511378049776,40.06035239045943,40.09958509754192,21984000
2017-01-17,39.95706558227539,40.08270498433531,39.746508478144705,40.07972701111318,27242000
2017-01-18,40.02956771850586,40.036270052045374,39.77729249028168,40.016655591483435,25888000
2017-01-19,39.83613967895508,40.19890679712066,39.817517876037165,39.98238997690709,18386000
2017-01-20,39.97742462158203,40.07128381660806,39.81205618476368,40.07128381660806,33400000
2017-01-23,40.68706512451172,40.76453409427209,39.91385683577853,40.08816296493175,39272000
2017-01-24,40.913516998291016,41.0143247903518,40.613120613830866,40.8355516979931,29480000
2017-01-25,41.49950408935547,41.50447116591355,40.97260751973007,41.19905847228522,29890000
2017-01-26,41.324703216552734,41.61521850699497,41.069450006604846,41.60578068143234,59478000
2017-01-27,40.885711669921875,41.81137637075344,40.743185721298026,41.45183725595178,59316000
2017-01-30,39.84334182739258,40.51474590637709,39.71819876621139,40.456148795137956,64932000
2017-01-31,39.568721771240234,39.79020567427056,39.257353094261234,39.57219607311643,43212000
2017-02-01,39.51434326171875,39.78722560100159,39.29062399633536,39.712238273734485,40594000
2017-02-02,39.655128479003906,39.86221126827818,39.33084767445946,39.420236119623816,30642000
2017-02-03,39.802127838134766,40.02609340052244,39.746508694192634,39.87661884556298,29268000
2017-02-06,39.794673919677734,39.811060347888706,39.49224296960036,39.713230529892044,23690000
2017-02-07,40.07426071166992,40.24956329826968,39.81652586207225,39.9262751548176,24824000
2017-02-08,40.14427947998047,40.31610396961254,39.88654463991716,40.07574821565411,23106000
2017-02-09,40.202884674072266,40.257511159842615,39.953591186021384,40.200399240956344,19794000
2017-02-10,40.406982421875,40.48544784205403,40.21380442193931,40.30915259983527,22700000
2017-02-13,40.683589935302734,40.76895469881771,40.49736434139709,40.52268847611521,24266000
2017-02-14,40.74367904663086,40.870314884677214,40.52269147704823,40.671673478713465,21094000
2017-02-15,40.670684814453125,40.87031889767688,40.645356886603,40.6895528893512,26272000
2017-02-16,40.927921295166016,40.93984076517365,40.670682764915384,40.717856738553365,25752000
2017-02-17,41.122093200683594,41.122093200683594,40.80352205420017,40.87131072673661,32220000
2017-02-21,41.30036926269531,41.38926137433123,41.135993494929394,41.151387265689635,25246000
2017-02-22,41.25567626953125,41.37933035132166,41.150397721542454,41.15139037924473,19658000
2017-02-23,41.28398513793945,41.340100607162206,40.864356152102225,41.22389524921669,29456000
2017-02-24,41.15039825439453,41.16827745957653,40.92990700099938,41.105209595736824,27844000
2017-02-27,41.18218231201172,41.24276853166201,40.91997670153596,40.94728994382593,22030000
2017-02-28,40.880741119384766,41.14542835557202,40.73126279057046,40.9999244461156,45216000
2017-03-01,41.478153228759766,41.52855901879773,41.08186308934224,41.16082483544726,29930000
2017-03-02,41.24922561645508,41.4419035150586,41.20005874810038,41.40913065451548,18850000
2017-03-03,41.172245025634766,41.28547240581915,41.006929640672915,41.24574336755201,17928000
2017-03-06,41.107688903808594,41.162315385195306,40.84051623159699,41.06647087835388,22180000
2017-03-07,41.31278610229492,41.38727710267609,41.04511710301063,41.08881677232533,20752000
2017-03-08,41.48461151123047,41.62266670332716,41.30682727955076,41.39224130476147,19796000
2017-03-09,41.64898681640625,41.81385893391926,41.42700656792362,41.515898690846,25230000
2017-03-10,41.87593078613281,41.958366838282195,41.68970517554147,41.877423561413025,34080000
2017-03-13,41.98965072631836,42.14583137878618,41.8759270238179,41.91317441585155,24472000
2017-03-14,41.993621826171875,42.07407255664542,41.75426252748125,41.8952956814394,15598000
2017-03-15,42.07209396362305,42.14310688074615,41.752780212237546,42.091462156139364,27630000
2017-03-16,42.15055465698242,42.25335156378262,42.01895552087751,42.16297045617099,19552000
2017-03-17,42.31641387939453,42.37997806482956,42.06761675446384,42.29108974424237,34246000
2017-03-20,42.131683349609375,42.22206824718342,41.97028932433861,42.21163776332103,24630000
2017-03-21,41.240779876708984,42.3849505146616,41.16927063262568,42.280664621719296,49270000
2017-03-22,41.197574615478516,41.49354952162154,41.07789495578951,41.31278731560145,28030000
2017-03-23,40.601158142089844,40.848962631120536,40.33681567286468,40.770993537323996,69742000
2017-03-24,40.444725036621094,40.8171762415367,40.169607322247906,40.725306156730454,39620000
2017-03-27,40.696998596191406,40.802280930814625,39.8954843494107,40.073268582527874,37886000
2017-03-28,40.76702117919922,41.01879628831635,40.42471341945151,40.74169325413266,32410000
2017-03-29,41.28795623779297,41.35524478986371,40.83952501898727,40.969635163506496,35726000
2017-03-30,41.29243087768555,41.40068740806344,41.168280456398925,41.39174969920678,21106000
2017-03-31,41.196083068847656,41.29937629283572,41.08831909680158,41.166784513989434,28038000
2017-04-03,41.642539978027344,41.7567562548791,41.17920743929986,41.17920743929986,33430000
2017-04-04,41.444881439208984,41.47517265259384,41.17006303234588,41.28547274478066,20908000
2017-04-05,41.28795623779297,41.83620638637659,41.25369060350649,41.49156472812415,31106000
2017-04-06,41.11265563964844,41.535262584874225,41.04213905876821,41.337117509284596,25088000
2017-04-07,40.9532470703125,41.14270070888549,40.74680837730941,41.11662639601734,21146000
2017-04-10,40.95622634887695,41.18565530355066,40.90855225860102,40.98900299633599,19578000
2017-04-11,40.8876953125,41.090159593720344,40.573348658727596,40.955233923170944,21594000
2017-04-12,40.93587112426758,41.052076498482705,40.7719916532265,40.81718410549861,18010000
2017-04-13,40.898128509521484,41.03816902860942,40.79284616699631,40.82760813232913,22448000
2017-04-17,41.573997497558594,41.60279972348374,40.94331134497357,40.97012825566789,17900000
2017-04-18,41.55661392211914,41.66139613032116,41.35251291127728,41.42749644767177,16734000
2017-04-19,41.625648498535156,41.82478625480294,41.53030031028868,41.7041101384619,19084000
2017-04-20,41.796478271484375,41.972769735289475,41.68076923850333,41.78604778792849,19180000
2017-04-21,41.872955322265625,41.907220957908365,41.744334159196214,41.85756154986221,26472000
2017-04-24,42.84480667114258,42.87907230801731,42.20419005463551,42.27073601284734,27450000
2017-04-25,43.31856155395508,43.45264232607399,42.84728406427388,42.95604069949029,33440000
2017-04-26,43.290252685546875,43.50478798702769,43.09250921184515,43.414403094541704,24744000
2017-04-27,43.415401458740234,43.47250958854488,43.223216101854355,43.38312113856936,40536000
2017-04-28,44.9901237487793,45.53092140380154,44.980689711627015,45.22352713220469,65526000
2017-05-01,45.31837844848633,45.47282007574061,44.766153869893195,44.79048913893262,42320000
2017-05-02,45.510555267333984,45.72558688033755,45.16357975647385,45.171873372910554,31744000
2017-05-03,46.036956787109375,46.089594163211615,45.31703373088921,45.432094874979676,29990000
2017-05-04,46.26638412475586,46.47843397456853,45.915286435318315,45.98878477430695,28442000
2017-05-05,46.04142761230469,46.427287307438306,45.94558309959596,46.35974869481445,38226000
2017-05-08,46.39748764038086,46.52784404487538,45.948560127384546,45.99126713754156,26596000
2017-05-09,46.29171371459961,46.556400948213145,46.1606109198396,46.529087708106076,31636000
2017-05-10,46.12336349487305,46.283268516088945,45.94359395461355,46.28227585845221,23478000
2017-05-11,46.213741302490234,46.309585800384,45.837815820199154,45.95153573182035,16700000
2017-05-12,46.294193267822266,46.35477947989408,46.0771801319928,46.25992763703135,21012000
2017-05-15,46.535545349121094,46.593646133035826,46.15117465931676,46.33044787695571,22162000
2017-05-16,46.82953643798828,46.834996055354104,46.56037843848414,46.68055442961985,19390000
2017-05-17,45.66847610473633,46.64742597017485,45.59498155213678,46.46552335315985,47242000
2017-05-18,46.19587326049805,46.34137718129815,45.6252769298987,45.737011544217935,31938000
2017-05-19,46.383087158203125,46.56906270194666,46.233608831851136,46.25695144125105,27860000
2017-05-22,46.772918701171875,46.77406290961652,46.43225147501281,46.43225147501281,22408000
2017-05-23,47.11855697631836,47.250004552254595,46.80842723260877,47.07386086017955,25416000
2017-05-24,47.423465728759766,47.42992179180196,47.15231865852642,47.325135796756214,20496000
2017-05-25,48.14751434326172,48.30091404925139,47.44879323135425,47.5411634356624,33210000
2017-05-26,48.24335479736328,48.41766091969617,47.92354098846354,48.15545534863653,25040000
2017-05-30,48.46236038208008,48.47825427180979,48.145031959121255,48.185753658004444,29334000
2017-05-31,47.915103912353516,48.630707786010895,47.68269320253013,48.41965058211436,48962000
2017-06-01,48.018890380859375,48.24484501261346,47.674248757684914,48.118209182911784,28210000
2017-06-02,48.44845199584961,48.462356780348514,47.971714903557256,48.14353939451364,35020000
2017-06-05,48.84970474243164,49.010109879497534,48.42362350594126,48.49562907152071,25042000
2017-06-06,48.49662399291992,49.076654330212975,48.425611081651645,48.82388655689689,36292000
2017-06-07,48.71364212036133,48.864609443161925,48.46534130052848,48.66696068723815,29078000
2017-06-08,48.83629608154297,48.893900529295244,48.52790541926698,48.78365492151468,29638000
2017-06-09,47.1687126159668,48.890428071775645,46.46353922345392,48.890428071775645,66188000
2017-06-12,46.82456970214844,47.145126155887894,45.45062155702196,46.6587049340819,75270000
2017-06-13,47.34599304199219,47.67275924736612,46.88365709007128,47.27200216444717,40266000
2017-06-14,47.21489334106445,47.73086314629241,46.79228639740928,47.66978060208835,29794000
2017-06-15,46.79527282714844,46.84637196843734,45.90784437993744,46.38110722094578,42662000
2017-06-16,46.669620513916016,46.781855226345826,46.26315376784389,46.68054732452424,61894000
2017-06-19,47.543148040771484,47.67325817771824,47.12997513799296,47.17516758182106,30666000
2017-06-20,47.20844268798828,47.75420739644558,47.177651356032044,47.55059890877136,22520000
2017-06-21,47.64644241333008,47.678722731127145,47.21489396758807,47.35791623478544,24044000
2017-06-22,47.52924728393555,47.709513168166374,47.40311155561396,47.60920169564918,18828000
2017-06-23,47.951358795166016,47.971719645106866,47.385729534183646,47.51633601337251,30558000
2017-06-26,47.28988265991211,48.33473444128488,47.216388103260805,48.165391586140714,31968000
2017-06-27,46.05135726928711,47.092234561899794,46.027518331268205,46.802715736611425,51598000
2017-06-28,46.704891204833984,46.817122149196706,45.48871119616965,46.13429486822896,54428000
2017-06-29,45.577598571777344,46.246520997266416,45.22153379485336,46.17997504825767,65984000
2017-06-30,45.12767791748047,45.987793013493544,45.106820741130015,45.987793013493544,41804000
2017-07-03,44.62958526611328,45.386403314241534,44.43541083585905,45.29900398239559,34196000
2017-07-05,45.27566909790039,45.414716957529514,44.61965872451226,44.78155286734475,36278000
2017-07-06,45.0263671875,45.43626277268608,44.679243932218284,44.898742493340876,28490000
2017-07-07,45.61732864379883,45.763825211932705,45.133639152404754,45.133639152404754,32756000
2017-07-10,46.12435531616211,46.20282073327699,45.66698642394307,45.775246724698285,23856000
2017-07-11,46.18842315673828,46.25496532121455,45.786669581794676,46.16110991505352,22264000
2017-07-12,46.87075424194336,46.99341187675181,46.40593280286138,46.61500091141655,30642000
2017-07-13,47.03611755371094,47.398138261268436,46.83002744070751,46.992910427160865,25894000
2017-07-14,47.4746208190918,47.52030959562875,47.07808436987258,47.27647572950478,21076000
2017-07-17,47.34699249267578,47.71050220672332,47.13946263581184,47.52477293035039,23310000
2017-07-18,47.941925048828125,48.07302785768165,47.20695291979107,47.3261400469452,23080000
2017-07-19,48.21455383300781,48.32132515300634,47.873886601977404,48.06309018517483,24490000
2017-07-20,48.078487396240234,48.46335062347444,47.748743190760344,48.41865829596455,32490000
2017-07-21,48.31536865234375,48.3307624248214,47.681208119846595,47.78549401387741,34220000
2017-07-24,48.683837890625,48.9748494795897,48.20859360073986,48.28059916321658,64966000
2017-07-25,47.211917877197266,47.65886011202995,46.948719613565196,47.36635950241224,93220000
2017-07-26,47.06789779663086,47.42545154537502,46.79372349675515,47.40956144638132,41766000
2017-07-27,46.387062072753906,47.265552790751535,45.68735204157309,47.265552790751535,64260000
2017-07-28,46.75653076171875,46.87075079769962,46.05979877191324,46.154154289081376,36928000
2017-07-31,46.20878982543945,46.85884051288192,45.98730210221261,46.77441913295854,39402000
2017-08-01,46.22517395019531,46.55377398230039,46.147208638761455,46.302146603858944,25554000
2017-08-02,46.20331954956055,46.313068842652505,45.5224776270755,46.114923762729724,36488000
2017-08-03,45.868614196777344,46.29519562587571,45.79859393413498,46.2008400920385,24050000
2017-08-04,46.082645416259766,46.19919934479379,45.83782268265084,46.022559314363946,21646000
2017-08-07,46.15216827392578,46.26837363293443,46.01014244862506,46.13727083101156,20644000
2017-08-08,46.02454376220703,46.47267566914734,45.96594285921795,46.03944120518583,21232000
2017-08-09,45.831363677978516,45.984316309159006,45.55078255202602,45.71763996785928,23842000
2017-08-10,45.053688049316406,45.650604966120795,44.9985652353183,45.56568347646835,36480000
2017-08-11,45.408756256103516,45.57710265664688,44.97124808418749,45.089935081316234,24136000
2017-08-14,45.81993865966797,45.919158955461896,45.59746211434112,45.812986267626506,21290000
2017-08-15,45.7975959777832,46.012623818605746,45.67841264641,45.89741111797543,17668000
2017-08-16,46.032981872558594,46.31802995061568,45.85842568126137,45.95004949559851,20134000
2017-08-17,45.239410400390625,46.02801243427259,45.239410400390625,45.974382403862585,25544000
2017-08-18,45.224021911621094,45.45270447986538,45.04941645488731,45.20614270688362,26854000
2017-08-21,45.02488708496094,45.339733876624955,44.8629929404627,45.190751860477995,18868000
2017-08-22,45.92025375366211,45.97835453382191,45.263993412414074,45.325822341754,23334000
2017-08-23,46.034969329833984,46.180473242894024,45.655565716931186,45.7831942143622,21804000
2017-08-24,45.75091552734375,46.225667336426845,45.46388211044637,46.11740702604226,25406000
2017-08-25,45.483245849609375,45.96321099903597,45.463881447065035,45.86066415511794,21068000
2017-08-28,45.379947662353516,45.649852017236775,45.28360683391965,45.48870428812802,21730000
2017-08-29,45.75141525268555,45.85272317787191,44.94245220417618,44.94741928184996,23712000
2017-08-30,46.16259765625,46.22462360541887,45.66996666151949,45.68983118118795,26024000
2017-08-31,46.647281646728516,46.77888077953434,46.27135611105376,46.27135611105376,31652000
2017-09-01,46.548458099365234,46.80371130872334,46.43970146261315,46.736669027332354,18948000
2017-09-05,46.10697555541992,46.53156779615804,45.78468009068816,46.33690082018741,26528000
2017-09-06,46.0751953125,46.22939066539749,45.65109936610018,46.19140067071708,30554000
2017-09-07,46.479427337646484,46.50226982914029,45.86711671643292,46.26985912865714,24254000
2017-09-08,46.0101432800293,46.53107640644349,45.92969254031499,46.506248597394425,20230000
2017-09-11,46.13826370239258,46.60010337872146,46.03099983965152,46.39500969012342,25340000
2017-09-12,46.286746978759766,46.35676723040893,45.87908673219874,46.312571232601044,22688000
2017-09-13,46.43672180175781,46.54398565931495,46.176997853490384,46.21672689203879,22052000
2017-09-14,45.94111251831055,46.321508777230385,45.88598970906537,46.246025120031156,27952000
2017-09-15,45.70174789428711,46.009642247423336,45.5065845887509,45.91876482227936,50108000
2017-09-18,45.439048767089844,45.79064280913616,45.220542839300805,45.68784590885921,26138000
2017-09-19,45.7772331237793,45.807524336946194,45.31737878785614,45.55922353067906,18734000
2017-09-20,46.26241683959961,46.37663689048763,45.786672349937064,45.83533910131055,33396000
2017-09-21,46.30562210083008,46.508234148939,45.87755172209644,46.33293534306164,25812000
2017-09-22,46.11095428466797,46.41884869067765,46.00915381958369,46.072221687453464,21054000
2017-09-25,45.73552322387695,46.0051775620199,45.1758536976335,45.95799979803187,37136000
2017-09-26,45.9286994934082,46.22467440545895,45.74396286420554,45.87208769428299,33338000
2017-09-27,46.90352249145508,47.172184134423986,46.07171709862461,46.07171709862461,44788000
2017-09-28,47.15232467651367,47.211421909016345,46.70786787130428,46.748093241062,20406000
2017-09-29,47.62956237792969,47.66313087934156,47.25214406324082,47.27647554360956,31620000
2017-10-02,47.33953857421875,47.79988540087617,47.069880502453536,47.672757038435215,25668000
2017-10-03,47.564002990722656,47.57443347295222,47.134443679519755,47.375792080720494,17766000
2017-10-04,47.26058578491211,47.693126916169696,47.211422706190284,47.524776712722904,19048000
2017-10-05,48.168373107910156,48.21555086927014,47.43439368135516,47.44979124176047,24276000
2017-10-06,48.61183547973633,48.640141377770526,47.840612474201336,48.006477231816284,23478000
2017-10-09,48.517974853515625,48.936364884504776,48.473778856888934,48.66695684917397,17828000
2017-10-10,48.299476623535156,48.74492608249262,47.975692141706766,48.6669607767078,19368000
2017-10-11,49.12631607055664,49.19881796618839,48.28209105538349,48.355093068606344,33866000
2017-10-12,49.05580139160156,49.368166539945115,48.91526454342996,49.036933316657645,25248000
2017-10-13,49.147666931152344,49.521607107158786,49.113897629261245,49.262875831848454,23396000
2017-10-16,49.26287841796875,49.35758250350469,48.86559940144442,49.26784549494657,18210000
2017-10-17,49.271820068359375,49.48336980977882,49.093539513117385,49.17796087815621,25804000
2017-10-18,49.303104400634766,49.49727505754901,49.01333929612928,49.25145968123735,21152000
2017-10-19,48.88794708251953,49.10794199760083,48.587005101895954,48.964919728602226,26272000
2017-10-20,49.07417297363281,49.21322082396731,48.894403425876106,49.135751848605196,23664000
2017-10-23,48.0933837890625,49.139724508517396,47.97767476461677,49.139724508517396,29568000
2017-10-24,48.197174072265625,48.28109910956792,47.72341494448853,48.17035716043205,24244000
2017-10-25,48.335731506347656,48.47279405526239,47.69958563199918,48.08941598141276,24226000
2017-10-26,48.2974853515625,49.0443768830731,48.27960993625574,48.66695859231798,40842000
2017-10-27,50.61711120605469,52.063212519597535,50.06737212475086,50.11653519717137,103354000
2017-10-30,50.50984191894531,50.90017230156612,50.0326085342165,50.355400314771764,41702000
2017-10-31,50.48650360107422,50.852002393138704,50.17761660089135,50.41598702561574,26614000
2017-11-01,50.92649841308594,51.13358120081261,50.501902354535986,50.51481448181287,27468000
2017-11-02,50.93046951293945,51.055116249792526,50.30624317099283,50.7407695990364,20980000
2017-11-03,51.27312088012695,51.281562258368915,50.66875532794292,50.758143764595765,21528000
2017-11-06,50.94636154174805,51.39181479868578,50.90166921178141,51.09981430101464,22504000
2017-11-07,51.315338134765625,51.34712212540511,50.90812493534486,51.01439614209737,22246000
2017-11-08,51.639122009277344,51.82147550210758,51.0729964409067,51.175793344448564,21774000
2017-11-09,51.21253967285156,51.348113221840876,50.63677927343953,51.348113221840876,24904000
2017-11-10,51.05412292480469,51.187707367812784,50.91557140468549,50.97417230604138,14400000
2017-11-13,50.93891143798828,51.228430283506995,50.78099551204154,50.82320619656584,17716000
2017-11-14,50.95132827758789,50.991553647550184,50.36285653768548,50.78198920718525,19184000
2017-11-15,50.69855880737305,50.85647473129203,50.42592272365695,50.61413365063871,17080000
2017-11-16,51.27411651611328,51.443955692250086,50.77850756100909,50.77850756100909,22594000
2017-11-17,50.60817337036133,51.36946602666553,50.541631207647846,51.34910517815319,27942000
2017-11-20,50.57291793823242,50.782982498845676,50.529218265732005,50.66628080712052,19070000
2017-11-21,51.37294006347656,51.4037313948882,50.78521474016324,50.817741328100844,21940000
2017-11-22,51.445945739746094,51.63197055684719,51.2209837335913,51.39827164712541,14926000
2017-11-24,51.676856994628906,51.80438697552622,51.398264985557006,51.44146832400537,10740000
2017-11-27,52.352237701416016,52.41431290332493,51.56909901522392,51.64656798821168,26158000
2017-11-28,52.014549255371094,52.757716433265045,51.646568786414825,52.39594196908772,28488000
2017-11-29,50.735801696777344,51.849180931288444,50.437345151314396,51.77965700703368,49188000
2017-11-30,50.723384857177734,51.07497889066422,50.40506379863794,50.77105894551231,34480000
2017-12-01,50.16520309448242,50.77701738857253,49.7604753659101,50.44479155391781,38192000
2017-12-04,49.59461212158203,50.45969438551538,49.440170492326246,50.28886253747882,38128000
2017-12-05,49.91591262817383,50.68365756747001,49.07814743481184,49.45854370819862,41346000
2017-12-06,50.57291793823242,50.90018051943311,49.716777172186404,49.734656377538364,25440000
2017-12-07,51.196144104003906,51.36051985150607,50.55756222689201,50.67471096753433,29164000
2017-12-08,51.50007247924805,51.74837329198583,51.27520899603291,51.52192231425566,25816000
2017-12-11,51.701194763183594,51.835275533011135,51.251770905008925,51.42309906945555,23856000
2017-12-12,51.67040252685547,52.158562757577066,51.33321339850234,51.62819184470908,25590000
2017-12-13,51.676856994628906,51.977548896112395,51.56611505132387,51.950485715674205,25654000
2017-12-14,52.10095977783203,52.56528108334187,51.80101045742434,51.894869649452176,31174000
2017-12-15,52.84784698486328,53.01818249173747,52.118338328537575,52.37210254356982,65518000
2017-12-18,53.490943908691406,53.55798618643939,52.73908910659234,52.94170492628189,31092000
2017-12-19,53.170143127441406,53.47604839449477,52.81606744218992,53.39460500063077,26774000
2017-12-20,52.88559341430664,53.30422596299768,52.71525789871695,53.22477167015922,25372000
2017-12-21,52.82003402709961,53.10309677984029,52.72885729081306,52.88558731574411,19914000
2017-12-22,52.64573669433594,52.848348750883716,52.611967386782965,52.69489977464642,15102000
2017-12-26,52.477882385253906,52.64573246300202,52.15310146419564,52.543928219647505,15212000
2017-12-27,52.111881256103516,52.55882346170408,52.04633175329255,52.51015671622076,25438000
2017-12-28,52.050804138183594,52.37905556891696,51.883446602248384,52.22262863361503,16742000
2017-12-29,51.964393615722656,52.12827306089524,51.88990261439242,51.98028371589961,17750000
2018-01-02,52.8880729675293,52.98441380384693,51.90629286000406,52.060734479904,24752000
2018-01-03,53.756134033203125,53.945337618341206,52.799181717935475,52.853808200584375,28604000
2018-01-04,53.95079803466797,54.30686280983609,53.83171321839722,54.03025611003402,20092000
2018-01-05,54.73691940307617,54.83723465662795,54.2288946494033,54.32821724531144,25582000
2018-01-08,54.970821380615234,55.18584922125656,54.70663046318352,54.73692167765171,20952000
2018-01-09,54.937049865722656,55.15108504006986,54.68730932631406,55.092984257682716,18050000
2018-01-10,54.75579071044922,54.85461318776576,54.4329989073615,54.48216198161137,20856000
2018-01-11,54.90030288696289,54.95020856089552,54.605816976540225,54.93903547917465,19566000
2018-01-12,55.73160934448242,55.83242092274711,54.68328335136789,54.745854879293375,34410000
2018-01-16,55.706783294677734,56.60811263801479,55.51171849196348,56.24062850846902,31506000
2018-01-17,56.21430969238281,56.245101023867136,55.470896242500274,55.928268945111796,24052000
2018-01-18,56.105552673339844,56.24062989033983,55.49523113023211,56.186003408944515,23964000
2018-01-19,56.488929748535156,56.506312623581415,56.031560845536276,56.206859638613906,35564000
2018-01-22,57.397708892822266,57.599824587752664,56.369743755177076,56.48793441808252,32360000
2018-01-23,58.10089874267578,58.1831832401048,57.54371092402748,57.5983374036265,26662000
2018-01-24,57.816349029541016,58.592039005136186,57.65793299087824,58.46639961314115,28332000
2018-01-25,58.12076187133789,58.397368564408744,57.74284727127152,58.228025723948306,29610000
2018-01-26,58.39240264892578,58.39240264892578,57.51192670431996,58.35466271543344,40376000
2018-01-29,58.379493713378906,58.94115230855167,58.200716823597794,58.424189830209066,27578000
2018-01-30,57.789039611816406,58.426178110431614,57.78059444359821,57.99462963560469,31126000
2018-01-31,58.09941482543945,58.251374808441255,57.56258780759908,58.13069869847341,30774000
2018-02-01,57.98816680908203,58.30102823997457,57.48262750486018,57.73539905135586,48242000
2018-02-02,55.217132568359375,55.7718349436155,54.98760133489535,55.71869745146713,97158000
2018-02-05,52.43120193481445,55.122781907857316,52.243983662566116,54.15937351616049,75966000
2018-02-06,53.66277313232422,53.71789594583136,50.80915119580008,51.009929479955936,68960000
2018-02-07,52.07265853881836,53.721375924615636,52.05676464846238,53.70945645404116,47384000
2018-02-08,49.73564910888672,52.57124410115747,49.692942094047645,52.411835394420486,57182000
2018-02-09,51.53632354736328,51.84372159099324,49.29068941563271,50.516799710766655,70118000
2018-02-12,52.23950958251953,52.71426135545679,51.69264994682707,52.04384994357435,41154000
2018-02-13,52.24745178222656,52.55882042733404,51.84952491188576,51.89486511504462,25302000
2018-02-14,53.12147521972656,53.22178668459579,51.981775425674854,52.0910245981142,31116000
2018-02-15,54.105743408203125,54.203027650932064,52.85529781602886,53.58679181686359,36868000
2018-02-16,54.367942810058594,54.858088328521276,54.04579511512378,54.05061442978803,33590000
2018-02-20,54.748348236083984,55.318940790791494,54.056083120756846,54.157887371359365,28462000
2018-02-21,55.1893310546875,56.313140870825045,54.940533892038474,54.94748628507396,30258000
2018-02-22,54.95542907714844,55.75942499183889,54.754802345117604,55.43018088832295,26344000
2018-02-23,55.956573486328125,55.98090496485596,54.86027405166285,55.25388175040145,25220000
2018-02-26,56.79881286621094,56.8092433496241,55.95185988632443,56.00673264014672,31182000
2018-02-27,55.53446960449219,56.8132173954044,55.520068489404466,56.67416953333667,35482000
2018-02-28,54.8610725402832,55.99332366867216,54.787077865678945,55.769854447089536,37652000
2018-03-01,53.1125373840332,55.12873871823473,52.98744357728,55.017004113184036,50318000
2018-03-02,53.579345703125,53.73224909428818,52.04956540380189,52.2961271895324,45432000
2018-03-05,54.17576599121094,54.48216760868166,53.086718157903576,53.391630788770115,24044000
2018-03-06,54.38085174560547,54.7180446474979,54.1183998982944,54.587438187644466,30656000
2018-03-07,55.10490036010742,55.23302518391112,53.90521296667597,54.08935096122555,25850000
2018-03-08,55.91733932495117,55.99679739945071,55.26182536540807,55.38696842285228,27102000
2018-03-09,57.6077766418457,57.645520367668006,56.238200729235544,56.413946610182464,42560000
2018-03-12,57.82926559448242,58.4525031435808,57.477671505150276,57.79698906082343,43446000
2018-03-13,56.52170944213867,58.43809574392449,56.28135367284526,58.10239179307025,38144000
2018-03-14,57.083858489990234,57.53576778371268,56.6840940335318,56.871316087836895,25828000
2018-03-15,57.08833312988281,57.659425790721365,56.34144533214492,57.10720499300261,27908000
2018-03-16,56.400535583496094,57.401187558269925,56.21331731579902,57.31478087568807,61840000
2018-03-19,54.61724090576172,55.718204341443595,54.0804139139647,55.619878189864316,56118000
2018-03-20,54.5124626159668,54.884413742967894,53.8048037356444,54.576523138878976,36638000
2018-03-21,54.173274993896484,54.93903458325711,53.888723242156914,54.26564519664748,37578000
2018-03-22,52.09748077392578,53.77698931418555,51.94006118400132,53.72633725281945,53340000
2018-03-23,50.73133087158203,52.80662947936399,50.713951784929556,51.99568121097577,43134000
2018-03-26,52.30257797241211,52.42275774489176,50.07730475395165,51.94452787661624,53302000
2018-03-27,49.91343307495117,52.88008160333813,49.50721252981443,52.788757093046144,61906000
2018-03-28,49.88661575317383,50.86342882991546,48.698745460671574,49.560845951307876,67386000
2018-03-29,51.23886489868164,51.795556470233315,49.80418268293043,50.23771649289947,54536000
2018-04-02,49.981468200683594,51.38834077611302,49.18193923537116,50.793409176318754,53608000
2018-04-03,50.326107025146484,50.70252887492903,49.36567663231315,50.350934833158654,45502000
2018-04-04,50.90861892700195,51.08630464932609,49.3125428509459,49.332903699420676,49694000
2018-04-05,51.04121017456055,51.78511994615038,50.65987050626826,51.71261804955385,27260000
2018-04-06,50.009769439697266,51.22048212741883,49.81063171022314,50.65336394061128,34928000
2018-04-09,50.42741012573242,51.626703481557804,50.35937518915097,50.49445240466592,35032000
2018-04-10,51.23141098022461,51.46183258935683,50.22331028352031,50.97317601244859,39490000
2018-04-11,50.651878356933594,51.217704611324045,50.4482698656689,51.050153842637805,29678000
2018-04-12,51.27461242675781,51.6808329367038,50.724627054430854,50.903650206687104,27140000
2018-04-13,51.11371612548828,51.96538608874161,50.80135100759755,51.69026836576851,24460000
2018-04-16,51.54624938964844,51.807462307294735,50.98807272627929,51.49758264668072,24224000
2018-04-17,53.34295654296875,53.5276931527179,52.056756455439995,52.211201853414,46406000
2018-04-18,53.23966598510742,53.50534587873895,52.94890443644345,53.50534587873895,26882000
2018-04-19,54.015357971191406,54.336410745165054,53.04599364436395,53.106579861983114,34954000
2018-04-20,53.28336715698242,54.24627919997797,53.11502075071515,53.73229469579824,37794000
2018-04-23,53.00973892211914,53.768049774145155,52.674531328090005,53.52670136729964,46826000
2018-04-24,50.65237808227539,52.49079541804357,50.18606762526479,52.24249458108259,95206000
2018-04-25,50.71196365356445,51.273622252221834,50.42045949537755,50.927491611331256,47822000
2018-04-26,51.648555755615234,52.04285682034747,50.563482387137995,51.1256335327743,41590000
2018-04-27,51.15245056152344,52.11834059972129,50.930966654437434,51.9445307834845,32396000
2018-04-30,50.52077102661133,51.49758400198432,50.49693208890703,51.15046072901386,33426000
2018-05-01,51.51298522949219,51.570589685097104,50.06787266327105,50.33851964312381,28558000
2018-05-02,50.870880126953125,51.66588906132989,50.79589279498349,51.05561296507841,32062000
2018-05-03,50.83810043334961,51.13382526517749,49.97252192445736,50.60370441467174,36302000
2018-05-04,52.05427551269531,52.06917295438441,50.499417551091646,50.499417551091646,38774000
2018-05-07,52.38104248046875,52.723202495259606,51.99915721398557,52.10493209016548,29322000
2018-05-08,52.33734130859375,52.66708551518945,52.001391097190584,52.56726658804805,24354000
2018-05-09,53.77003860473633,53.90312672017447,52.45925687394358,52.545417287106645,40656000
2018-05-10,54.50550842285156,54.64803057868303,53.913062268580596,53.932426671336124,28860000
2018-05-11,54.53976821899414,54.69222831243921,54.174769510688535,54.308353953399426,25074000
2018-05-14,54.636104583740234,55.16001940621078,54.58197822398138,54.62617421912257,30362000
2018-05-15,53.59473419189453,54.13205750128118,53.308693450893514,54.12957585717141,29898000
2018-05-16,53.72086715698242,54.09331832165045,53.44723845862335,53.49938328873532,21946000
2018-05-17,53.56295394897461,53.974137750629765,53.31018239432715,53.62751079470334,20876000
2018-05-18,52.95561218261719,53.133396414767326,52.67354206286299,52.73213917594871,31304000
2018-05-21,53.61212158203125,54.0302616002795,53.31763564871697,53.33799649844075,20464000
2018-05-22,53.122962951660156,53.96023176732551,52.97199564032962,53.809764573575045,21800000
2018-05-23,53.61758041381836,53.67171056550899,52.72468865287297,52.89452782903562,21214000
2018-05-24,53.595237731933594,53.65631649109144,52.94518332936868,53.583318261906264,15336000
2018-05-25,53.417449951171875,53.76010248718581,53.323840820074714,53.58430736540748,17988000
2018-05-29,52.65566635131836,53.303731672738174,52.40240223123798,52.88261367491012,37302000
2018-05-30,53.02711868286133,53.097138933150774,52.48234666250976,52.79024102102777,22770000
2018-05-31,53.88078308105469,54.48663770458597,53.015204489381134,53.015204489381134,61766000
2018-06-01,55.59455108642578,55.619382683488816,54.551688418864316,54.593899102855666,48432000
2018-06-04,56.57732391357422,56.70644138997972,55.71894786910466,55.73508802725154,37792000
2018-06-05,56.595699310302734,56.89753163323561,56.274396500863205,56.66174514038327,33560000
2018-06-06,56.45764923095703,56.76156919336508,55.9045835518841,56.72035116615059,33964000
2018-06-07,55.811073303222656,56.40500844672811,55.44656711963716,56.18153922182515,30400000
2018-06-08,55.6625862121582,55.95061606847008,55.229548770007696,55.52900176721011,25816000
2018-06-11,56.11548614501953,56.476514215651655,55.54985693605794,55.54985693605794,21586000
2018-06-12,56.57881546020508,56.60215428149233,56.15248415089527,56.16912063860182,18240000
2018-06-13,56.353851318359375,56.93537440070571,56.283831068402755,56.66820173871819,30128000
2018-06-14,57.21446228027344,57.3808233608689,56.644366131483906,56.80377482002096,26868000
2018-06-15,57.22141647338867,57.279024715664086,56.78565113400642,57.05257374344709,42450000
2018-06-18,58.27421569824219,58.31642638249536,56.79086685941903,56.79384483247558,28274000
2018-06-19,58.00605010986328,58.16545880940326,57.308325423061795,57.53129831312758,32420000
2018-06-20,58.09444046020508,58.91115138537104,58.06067115835546,58.36608007261501,32970000
2018-06-21,57.489585876464844,58.46466369846248,57.22003005301192,58.343244989410735,24762000
2018-06-22,57.38132095336914,57.72978924833498,56.973115128158604,57.56307959727281,26220000
2018-06-25,55.858245849609375,56.80675293350905,55.26083267114388,56.79135916293507,43146000
2018-06-26,55.54290771484375,56.275394380758144,55.453470013515066,56.01666686451935,31264000
2018-06-27,54.82382583618164,56.20715866247022,54.805946632406226,55.68592626132702,25878000
2018-06-28,55.33234405517578,55.73409761350508,54.428032932661665,54.72996756524977,21448000
2018-06-29,55.403358459472656,56.02793332503322,55.37107814321611,55.619378942064614,26302000
2018-07-02,55.98984909057617,56.016666003236985,54.318285530261,54.57652050244744,24346000
2018-07-03,54.76969528198242,56.40500400772636,54.62716934795472,56.40500400772636,13580000
2018-07-05,55.83143615722656,55.99183752451135,55.04730094895556,55.14910519921402,21334000
2018-07-06,56.62102127075195,56.65876499115058,55.65597624865037,55.79716095020975,19922000
2018-07-09,57.310306549072266,57.341097878788005,56.782421083591224,57.03369985428242,18180000
2018-07-10,57.250221252441406,57.585428871928386,57.08882723640385,57.455815056992364,15968000
2018-07-11,57.302860260009766,57.818830067313776,56.662243719679154,56.840524276005084,22400000
2018-07-12,58.77180862426758,58.81799372695928,57.40391878787665,57.600324820562044,25038000
2018-07-13,59.03699493408203,59.36460226703109,58.598990431457835,58.84729123837079,24438000
2018-07-16,58.790679931640625,59.14525194104461,58.563236299685386,59.06530132350502,21114000
2018-07-17,59.5326042175293,59.74316510464876,58.13218772126734,58.21263846129604,32208000
2018-07-18,59.387596130371094,59.81566650502305,59.11247839524951,59.42136543619557,27872000
2018-07-19,58.94462585449219,59.592194795613395,58.76386365167626,59.14525257689235,25534000
2018-07-20,58.84282302856445,59.43626183113543,58.808557394491686,58.944627273095115,24948000
2018-07-23,59.86532211303711,59.91448518460018,58.64864596616331,58.64914229495298,52384000
2018-07-24,61.97985076904297,62.86976073013699,61.3581061220283,62.700421678825485,66364000
2018-07-25,62.755550384521484,62.86281424697385,61.53539979571826,61.53539979571826,42556000
2018-07-26,62.985477447509766,63.05703594517183,62.02653977830506,62.12486593552039,48112000
2018-07-27,61.504112243652344,63.26158617183879,61.13166101433418,63.118067570697725,42612000
2018-07-30,60.57248306274414,61.32612615391969,60.161795600707265,60.98317431355054,36998000
2018-07-31,60.44932556152344,60.96221508369372,59.87028791185487,60.58589175979802,32894000
2018-08-01,60.58589553833008,61.25432166957766,60.09922805983379,60.98268203128828,31344000
2018-08-02,60.890804290771484,61.07603723366422,59.830062482187294,59.8851852902492,30626000
2018-08-03,60.76963806152344,61.08199939000257,60.340074931395016,61.063127528167215,21792000
2018-08-06,60.8222770690918,60.8877318560435,60.37667606491397,60.83370021001906,21634000
2018-08-07,61.68885040283203,62.13330721379069,61.38840473666652,61.429622764664536,29880000
2018-08-08,61.85719680786133,62.39799824912673,61.479679983966314,61.601943589380674,27406000
2018-08-09,62.03050994873047,62.35041850459936,61.877057199549995,62.070235198722,16972000
2018-08-10,61.45991134643555,61.86141483081425,61.18131554553216,61.72758033602135,22174000
2018-08-13,61.33079528808594,62.03909819011221,61.262809606110416,61.42862510832055,19946000
2018-08-14,61.682891845703125,61.87011012627945,60.83916686655105,61.33973915840645,26962000
2018-08-15,60.30631637573242,61.34222674936574,60.064467812078,61.045259157872366,36576000
2018-08-16,59.91448974609375,60.88335771621795,59.7188263137549,60.820289856203765,26864000
2018-08-17,59.63986587524414,60.04012664218229,59.00818706615897,59.693003367731244,27792000
2018-08-20,59.978057861328125,60.13845922479993,59.32532479017626,59.841491649443654,17416000
2018-08-21,59.672645568847656,60.449328204596455,59.60977472425744,59.98947764718995,24112000
2018-08-22,59.956207275390625,60.1801728290644,59.542538014030804,59.59219742079416,17748000
2018-08-23,59.85936737060547,60.648962131737576,59.80275557370696,59.94676671010853,19852000
2018-08-24,60.617679595947266,60.66733900153541,59.90798618343914,60.03020053043364,18932000
2018-08-27,61.66898727416992,61.73205513974052,60.86926127820025,60.96282116480366,23126000
2018-08-28,61.13910675048828,61.70498601828036,61.01694545084099,61.6426607576285,26080000
2018-08-29,62.04043960571289,62.107978213081914,61.397788501599045,61.45196790726364,25978000
2018-08-30,61.5349006652832,62.25571788001679,61.21061987091656,61.78866109014936,26628000
2018-08-31,60.495513916015625,61.51205599487815,60.1526113098396,61.32930847478208,36328000
2018-09-04,59.443214416503906,60.23728373764859,59.219745195425325,59.80424629193334,36620000
2018-09-05,58.92079162597656,59.54303265132716,57.705108014283915,59.28430135262247,41226000
2018-09-06,58.17390060424805,58.91185066503176,57.20850690343771,58.91185066503176,37770000
2018-09-07,57.84564971923828,58.36360486638052,57.467485024073696,57.539740653672176,28026000
2018-09-10,57.836212158203125,58.32785051229359,57.61125394798657,58.21114882318049,22308000
2018-09-11,58.467891693115234,58.53344120114919,57.419069254412804,57.68673827028372,24186000
2018-09-12,57.745826721191406,58.52996183813067,57.52434282954877,58.23746503839918,25910000
2018-09-13,58.3670768737793,58.529963660291685,57.74732129419851,58.13913691168964,28624000
2018-09-14,58.22802734375,58.62009679748214,58.01945557834197,58.55429723617712,18880000
2018-09-17,57.40962600708008,58.461922578959516,57.309310762540555,58.10933591989344,26130000
2018-09-18,57.6663703918457,58.404320381562165,57.4612729358671,57.4612729358671,24072000
2018-09-19,58.15652084350586,58.26179938879433,57.336631067696096,57.85309721737035,23828000
2018-09-20,58.940155029296875,59.09012968926177,58.26924726764407,58.598495143695246,24508000
2018-09-21,57.90821838378906,59.20534156157746,57.905732950897864,59.19491107872768,88112000
2018-09-24,58.269744873046875,58.49967394511351,56.955738890581756,57.46525265154408,25420000
2018-09-25,58.82991027832031,58.94065601840704,58.003071898502036,58.40779965058158,19554000
2018-09-26,58.623321533203125,59.305648586137195,58.33901606863435,58.85473577740142,29246000
2018-09-27,59.32601547241211,59.69648137888282,58.779258109323656,58.93320340193685,25216000
2018-09-28,59.26791763305664,59.36425847512857,58.82246437349704,59.188459549843934,27612000
2018-10-01,59.359291076660156,60.083832703729946,59.11049392225879,59.586734723786854,27152000
2018-10-02,59.59765625,60.08680913603152,58.92823749588726,59.143265324910175,33758000
2018-10-03,59.73868942260742,59.91051391209248,59.28579127263112,59.840493661377536,25124000
2018-10-04,58.012508392333984,59.46854403910731,57.3860959062914,59.36028372739779,44190000
2018-10-05,57.47418975830078,58.27620032720415,56.86684617901979,57.97824010795789,23686000
2018-10-08,57.058040618896484,58.00307348601481,55.9850799373282,57.114652418200826,38648000
2018-10-09,56.55398941040039,57.32520865974794,56.49201271389319,56.917995469633155,26174000
2018-10-10,53.693565368652344,56.22375142632394,53.68909462007632,56.16962126962422,53514000
2018-10-11,53.59920883178711,54.94400618936249,53.05046613088281,53.28237673697221,58980000
2018-10-12,55.12675476074219,55.37108115365448,53.95089871193376,55.02346153187485,42026000
2018-10-15,54.241310119628906,55.293906092484484,54.07991611181197,55.06864858413319,27448000
2018-10-16,55.682945251464844,55.82894549024168,54.75032823380208,54.854117789817465,38570000
2018-10-17,55.40534591674805,56.065826976524896,54.734934491691924,55.94018758582437,29344000
2018-10-18,54.028770446777344,55.7107608186724,53.488469102737334,55.7107608186724,41890000
2018-10-19,54.450382232666016,55.14065817068047,54.01784113717514,54.29692948530633,25352000
2018-10-22,54.683780670166016,55.2335197650355,54.17923401844562,54.778136186948785,30284000
2018-10-23,54.809425354003906,55.01799712327059,53.13637287414337,53.67717048776406,36974000
2018-10-24,52.178428649902344,54.93009842185369,52.08059882740994,54.83723567644148,39648000
2018-10-25,54.406185150146484,55.17144845461557,53.114028994024274,53.22526727574845,50916000
2018-10-26,53.20937728881836,54.950460995090985,51.353077092271256,51.499081126115954,83752000
2018-10-29,50.65734100341797,54.47918674799539,49.45308052745916,53.7556378047366,77614000
2018-10-30,51.45835876464844,51.52192295512571,49.697406772134414,50.08028847905828,64254000
2018-10-31,53.47257614135742,54.225919985922815,52.49079220664626,52.63034017825619,50596000
2018-11-01,53.136375427246094,53.83037576380471,52.761938882223546,53.4244052874649,29640000
2018-11-02,52.530025482177734,53.780717371364695,52.3721057638057,53.32160938946767,36780000
2018-11-05,51.651039123535156,52.56379162621848,50.71494401087702,52.391470803807444,48828000
2018-11-06,52.431697845458984,52.85554752266318,51.55072551469225,51.62074576931289,24666000
2018-11-07,54.29792404174805,54.40072094281368,52.93276588896669,53.086714970530885,41168000
2018-11-08,53.75215530395508,54.291964023462704,53.24586961674906,54.19810483729547,29764000
2018-11-09,52.94518280029297,53.41248588325865,52.297613837237265,53.33452057754619,26864000
2018-11-12,51.57853698730469,52.745053785624485,51.19962968345924,52.708802834868614,29436000
2018-11-13,51.450416564941406,52.47117939612699,51.20707902403573,51.80995568121496,30274000
2018-11-14,51.82832336425781,52.36981811650264,51.19962628892773,52.14317012513652,31318000
2018-11-15,52.8736686706543,53.22824066310302,51.238359984639246,51.88046548223224,36722000
2018-11-16,52.71376419067383,52.98738912581441,52.092515862787685,52.61047096709673,33162000
2018-11-19,50.65336608886719,52.679005312889714,50.46763680708325,52.50072475242903,37172000
2018-11-20,50.93941116333008,51.23638253887882,49.46251828027141,49.66016704846119,48982000
2018-11-21,51.52787780761719,52.07165714895595,51.32228402414957,51.48566712757862,30686000
2018-11-23,50.84605026245117,51.5268922195131,50.77250266050078,51.149970231442154,13830000
2018-11-26,52.07463836669922,52.108903999412384,51.344137056822184,51.56462829536438,38856000
2018-11-27,51.86557388305664,52.51959892312928,51.57158428158964,51.696231022986154,36064000
2018-11-28,53.942359924316406,53.97265113884249,51.43600913951251,52.081592780282605,49508000
2018-11-29,54.04515838623047,54.340386914863714,53.434336690717984,53.43831111034962,29378000
2018-11-30,54.349571228027344,54.40618302436861,53.52769615711763,54.083391215180626,51604000
2018-12-03,54.945491790771484,55.85029924314678,54.80818298898292,55.775315702510554,39824000
2018-12-04,52.18388748168945,54.845672247898925,52.14217313091959,54.78111161782458,46904000
2018-12-06,53.07330322265625,53.19596463595376,51.18820473540488,51.36151820845141,55384000
2018-12-07,51.47672653198242,53.39758340434202,51.07547311143295,52.640265216831104,42024000
2018-12-10,51.62422561645508,52.06620078340652,50.81675160350916,51.400752599907875,36154000
2018-12-11,52.230079650878906,52.66956937982034,51.63862615068184,52.46546834619843,27894000
2018-12-12,52.8225212097168,53.71491668806762,52.77832520970422,53.03705651230678,30476000
2018-12-13,52.734127044677734,53.621055291757514,52.33833322112314,53.04052863664331,26596000
2018-12-14,51.7508544921875,52.768889331186614,51.68580131655681,52.14217756994031,33732000
2018-12-17,50.48104476928711,52.29960118743607,50.052478083511026,51.522914763141856,47708000
2018-12-18,51.08590316772461,52.1173426072806,50.7248713269861,50.955793036096935,43850000
2018-12-19,50.80284118652344,52.73908805382493,50.059924106697544,51.3481095275268,49586000
2018-12-20,50.127464294433594,51.35953050023538,49.47939903873248,50.56050171879947,53470000
2018-12-21,48.64411926269531,50.85300243453579,48.35360775176028,50.41996497685852,91920000
2018-12-24,48.479244232177734,49.83595719257549,48.17582061163347,48.36403153470467,31806000
2018-12-26,51.6197509765625,51.64656788807736,48.81594020202713,49.114396741681155,47466000
2018-12-27,51.83925247192383,51.839748800774636,49.511182215145226,50.5118342211436,42196000
2018-12-28,51.501564025878906,52.41928366320624,51.303915265777775,52.12430140401568,28296000
2018-12-31,51.42856216430664,52.277254205164695,50.831649040079604,52.19084751824311,29866000
2019-01-02,51.93708038330078,52.258383210106956,50.440323119107994,50.483030131321556,30652000
2019-01-03,50.457706451416016,52.48979795071456,50.35888018130735,51.69622876067198,36822000
2019-01-04,53.171627044677734,53.17808310766216,51.02173912701551,51.278583590499984,41878000
2019-01-07,53.05641555786133,53.33501135252876,52.379548108136966,53.21086095542733,39638000
2019-01-08,53.4482421875,53.859429813354915,52.66609609518983,53.43980080803659,35298000
2019-01-09,53.36779022216797,53.763580249742475,52.95759529257134,53.714913504220625,23986000
2019-01-10,53.15275955200195,53.19348124839768,52.52605158361613,53.02016776868738,29128000
2019-01-11,52.50022506713867,52.82723755189398,52.06768398535762,52.79768893852365,30416000
2019-01-14,51.879478454589844,52.21915304227685,51.70889666746133,51.99022040994553,22886000
2019-01-15,53.4914436340332,53.635458563747235,52.01107654522952,52.15161338424672,29272000
2019-01-16,53.68114471435547,54.24752030985362,53.60019765106064,53.63297429719046,26636000
2019-01-17,54.124610900878906,54.218966423522225,53.31018452614541,53.60665576156301,24854000
2019-01-18,54.53976821899414,55.040939099727915,54.17426939308579,54.62617868994846,39112000
2019-01-22,53.162200927734375,54.20456730851409,52.81209585437609,54.03026115950947,32270000
2019-01-23,53.41297912597656,53.87779674907241,52.62735501298077,53.50137490994377,19340000
2019-01-24,53.330047607421875,53.606904374210856,52.67453362132586,53.458172431673006,27226000
2019-01-25,54.178741455078125,54.32821979037982,53.72335784534207,53.881277559779754,22382000
2019-01-28,53.14034652709961,53.78195571433053,52.82847774657626,53.63843712203488,25686000
2019-01-29,52.67055892944336,53.392122533628864,52.43442764916078,53.26946111589013,20436000
2019-01-30,54.08289337158203,54.179234203936936,52.9799408763929,53.05840629396684,25596000
2019-01-31,55.439117431640625,55.48679152217565,54.398240067703995,54.775162043606876,30766000
2019-02-01,55.16001892089844,55.86767768710958,54.86901112278974,55.24195863615852,29244000
2019-02-04,56.25503158569336,56.25503158569336,55.074113737468664,55.25487594126412,51530000
2019-02-05,56.9100456237793,56.95275263344802,55.48271386087382,55.859734312624624,71044000
2019-02-06,55.382503509521484,56.9602040299795,55.260338420411706,56.59123090728862,42112000
2019-02-07,54.56211853027344,54.86653481279246,53.93093601252303,54.83276550807552,40896000
2019-02-08,54.38085174560547,54.57204441744301,53.95824482564226,53.980590987751086,21516000
2019-02-11,54.37837600708008,54.921409022406436,54.27160847289673,54.47471684665475,21304000
2019-02-12,55.68741989135742,55.88233694881235,54.91669315855581,54.9638709216361,32182000
2019-02-13,55.627323150634766,56.35087203126092,55.54488710480258,55.86718256738005,20996000
2019-02-14,55.70231246948242,56.02808224531176,55.14487837694995,55.52254292988098,18952000
2019-02-15,55.30404281616211,56.198919977587124,55.15506459139416,56.119962011000204,28996000
2019-02-19,55.54787063598633,55.71323906171772,55.122778266975594,55.122778266975594,20928000
2019-02-20,55.311485290527344,55.78872249330547,54.888382027248696,55.61888332015716,21756000
2019-02-21,54.4757080078125,55.21912146218688,54.254720435235,55.16449498008729,28302000
2019-02-22,55.14115524291992,55.184358583538504,54.407672166210844,54.67087041808242,20990000
2019-02-25,55.09298324584961,55.54687405128572,54.98720458829011,55.42073833483918,28262000
2019-02-26,55.37753677368164,55.595046252775866,54.62220385964895,54.9117226954584,29426000
2019-02-27,55.42322540283203,55.51906612064316,54.67583754078689,54.971316110547086,19368000
2019-02-28,55.61540985107422,55.99928422620776,55.17293836102821,55.1873394753294,30850000
2019-03-01,56.661746978759766,56.76007312824697,55.855265686142715,55.86271440723904,29006000
2019-03-04,56.99992752075195,57.520368026493514,56.150242963083095,56.95970215712351,28920000
2019-03-05,57.70659637451172,58.083018199728286,56.920225902964354,57.11216117596989,28864000
2019-03-06,57.49951934814453,57.981519071821126,57.38182500130454,57.72944463569061,21986000
2019-03-07,56.776466369628906,57.4446424511904,56.35981535101713,57.39324399962645,23332000
2019-03-08,56.7277946472168,56.964175976415284,55.78325819926275,55.95358990974161,24248000
2019-03-11,58.388431549072266,58.4097888442425,56.83357347993431,56.83357347993431,34384000
2019-03-12,59.25450897216797,59.59219824711911,58.512584467242725,58.512584467242725,40262000
2019-03-13,59.260467529296875,59.63838216706605,59.191936260193664,59.6242273228948,28718000
2019-03-14,58.874603271484375,59.486913897460965,58.82146577841875,59.31955636849877,23456000
2019-03-15,58.820472717285156,59.421856527727954,58.728602633647625,59.263440496011846,49236000
2019-03-18,58.810543060302734,59.09559113955357,58.47091775527123,58.76286897269439,25852000
2019-03-19,59.53508758544922,59.59219571215117,58.89049660740537,59.03649685038681,30414000
2019-03-20,60.782554626464844,60.93997422988712,59.40199883656345,59.460599741666634,44548000
2019-03-21,61.158477783203125,61.17089358190513,60.24522891688312,60.38675841353051,24080000
2019-03-22,59.86532211303711,61.08199447114152,59.73248028079725,60.899246968538776,34284000
2019-03-25,59.24457550048828,59.909921352741556,58.948600597964656,59.439738818040915,29936000
2019-03-26,58.82841873168945,59.73272983620744,58.436103006416815,59.51919099305321,38024000
2019-03-27,58.25236511230469,58.97437201842313,57.57450116246461,58.87212448936261,28004000
2019-03-28,58.02740478515625,58.18011115403908,57.577533830475446,58.17886843752765,19234000
2019-03-29,58.26676559448242,58.548835710038425,57.74881046603974,58.34572355507541,25398000
2019-04-01,59.31559753417969,59.42633950164446,58.69831970855225,58.8026094001748,25050000
2019-04-02,59.61652755737305,59.65923456773753,58.88254817635296,59.35978158883607,16558000
2019-04-03,59.88618850708008,60.40165823904125,59.61703049963988,59.96365748665708,20286000
2019-04-04,60.337100982666016,60.370373960319476,59.79729598480945,59.887180762975085,19000000
2019-04-05,59.947261810302734,60.39768210964338,59.84198326873011,60.336599565747534,18144000
2019-04-08,59.782894134521484,60.02374623693548,59.585245375254054,59.984017195785356,17204000
2019-04-09,59.455631256103516,59.705917394296605,59.24854846083831,59.393556050409366,17528000
2019-04-10,59.699462890625,59.78015989726102,59.415157398303286,59.62596454648997,14492000
2019-04-11,59.82162094116211,59.987485693707264,59.59864806547033,59.788848084715596,14204000
2019-04-12,60.4796257019043,60.50346085314159,59.994939739047275,60.088798934978215,18668000
2019-04-15,60.6400260925293,60.7939713873273,60.044601973510275,60.48608079773129,23748000
2019-04-16,60.939476013183594,61.122723655804506,60.591360050489726,60.83370113647908,17126000
2019-04-17,61.396846771240234,61.60641120255438,60.97373970039527,61.23098200999365,24438000
2019-04-18,61.398338317871094,61.677923014226025,61.310935185321775,61.537882501620885,26636000
2019-04-22,62.01759719848633,62.030009207801015,60.99807338942072,61.379462306894624,16146000
2019-04-23,62.797760009765625,63.01874758349027,61.89543418153661,62.10946936275376,26398000
2019-04-24,62.37316131591797,62.96958184863736,62.32350191278521,62.77640385309833,20376000
2019-04-25,62.74312973022461,62.939683515879146,62.17601155196187,62.808679231855535,22146000
2019-04-26,63.176666259765625,63.220862258277876,62.587694432870975,63.0187465500366,24828000
2019-04-29,63.941429138183594,64.02535796413144,62.884415440283334,63.26704707902021,49988000
2019-04-30,59.02010726928711,59.23513509717516,58.350688518707415,58.84729012312195,124140000
2019-05-01,58.007041931152344,58.998756194394744,57.962349603523386,58.998756194394744,52784000
2019-05-02,57.735408782958984,58.31047210458252,57.35759262393842,57.99115834539586,38896000
2019-05-03,58.86716079711914,58.93668472590505,58.0527343838242,58.28365233541242,39614000
2019-05-06,59.06529998779297,59.137801882525196,57.91665871344253,57.91665871344253,31278000
2019-05-07,58.305999755859375,59.11744437193548,57.65743435333278,58.62233172370482,31028000
2019-05-08,57.91715621948242,58.6200449779598,57.89083563665726,58.202204304821635,26186000
2019-05-09,57.72397994995117,58.085508150468314,57.15139832922457,57.55761885798497,23714000
2019-05-10,57.81783676147461,58.23150599456592,56.73673408388552,57.784067457878415,26290000
2019-05-13,56.21678924560547,57.006880255757174,55.72415830353836,56.709912727684184,37212000
2019-05-14,55.641231536865234,56.633442123881885,55.59703553829508,56.47403342745319,36732000
2019-05-15,57.814857482910156,58.16844063383195,55.453817396826906,55.513607972720536,45786000
2019-05-16,58.548343658447266,59.004223617394025,57.74682558063116,57.82975796670032,30628000
2019-05-17,57.72000503540039,58.606436912031015,57.606281330331875,58.026406612978874,24172000
2019-05-20,56.555477142333984,56.95012676301317,56.187644433755715,56.836054484186626,27066000
2019-05-21,57.0908088684082,57.24366298744961,56.51028223044764,57.034197073674996,23196000
2019-05-22,57.1796989440918,57.53228561536112,56.905077570007975,56.94778836771292,18290000
2019-05-23,56.650821685791016,56.909200609254654,56.077444467753416,56.63741323060101,23978000
2019-05-24,56.288307189941406,57.09752024409963,56.19842241268091,56.97808685033878,22240000
2019-05-28,56.322078704833984,57.18800210090976,56.270926520321105,56.31462998290581,27300000
2019-05-29,55.44358444213867,56.07128883829994,55.034382175031375,55.992823420798814,30764000
2019-05-30,55.517574310302734,55.77481660337361,55.22805548997443,55.39789465975598,19038000
2019-05-31,54.80644226074219,55.10291347870039,54.6351141013036,54.69023690961125,30156000
2019-06-03,51.459354400634766,52.91290843053438,50.901670190428945,52.91290843053438,102612000
2019-06-04,52.29463195800781,52.44361395442288,51.33321273975074,51.790581634039874,56670000
2019-06-05,51.75681686401367,52.31946813595694,51.17430486032719,52.21964920453633,43368000
2019-06-06,51.86209487915039,52.01852560860015,51.33371303626473,51.89437519824824,34064000
2019-06-07,52.939720153808594,53.182065031160526,52.06371487838151,52.17446062231556,36048000
2019-06-10,53.65184783935547,54.261673064153214,53.2516855552984,53.28435990567152,29284000
2019-06-11,53.56941223144531,54.72500217159877,53.51394085299196,54.32722680918768,28734000
2019-06-12,53.48548889160156,53.679163231734776,53.01421138034348,53.53365931220592,21220000
2019-06-13,54.06849670410156,54.336662046791176,53.64042632901229,53.813739817984924,21154000
2019-06-14,53.89866256713867,54.26316496986427,53.641518749986034,53.95179627705098,22230000
2019-06-17,54.25372314453125,54.585452639487166,53.94483614038224,53.94483614038224,18832000
2019-06-18,54.80495834350586,55.44011151982296,54.57602571052356,55.10738932395313,27734000
2019-06-19,54.74189376831055,54.97380438837374,54.302400221231466,54.904280456366564,26776000
2019-06-20,55.193302154541016,55.625346972933166,54.86157260152441,55.618890908718946,25240000
2019-06-21,55.71274948120117,55.82349144058384,55.02743675708689,55.08504500548449,38952000
2019-06-24,55.39690399169922,55.71869935084206,55.17293466421706,55.60001235363825,27912000
2019-06-25,53.94832229614258,55.338804668333744,53.82168644826174,55.25487962446082,30938000
2019-06-26,53.623043060302734,54.27706425318252,53.24761009430409,53.95576522687758,36218000
2019-06-27,53.43483352661133,53.98556533663682,53.399078904666965,53.83162003634612,20086000
2019-06-28,53.678165435791016,53.682632395084404,53.30372513044205,53.45369978410579,33864000
2019-07-01,54.52437210083008,55.0026019603388,54.313466454795574,54.52685753365799,28726000
2019-07-02,55.18485641479492,55.2106806696115,54.53530214627036,54.737417858923685,19832000
2019-07-03,55.69784164428711,55.95508394414988,55.314467416111455,55.490758864983476,15340000
2019-07-05,56.194942474365234,56.25900678260704,55.4276938609159,55.51012991383004,25286000
2019-07-08,55.43812561035156,55.91635172068283,55.18287239554647,55.87612635098986,24728000
2019-07-09,55.8592414855957,56.017903795391064,54.982243590921726,55.212168870484284,26608000
2019-07-10,56.636417388916016,56.714386476879056,56.16415105695111,56.1765668546699,24190000
2019-07-11,56.821651458740234,57.26164127189394,56.591726187052934,56.77397737091699,23910000
2019-07-12,56.855918884277344,56.97709131731036,56.55199893279912,56.810730227883596,17280000
2019-07-15,57.126075744628906,57.14991468627009,56.58279641853022,56.95325857281082,18076000
2019-07-16,57.28696823120117,57.53526903124329,56.86088320964453,56.91054261189904,24776000
2019-07-17,56.92792892456055,57.52434569398189,56.899126696839645,57.15735787742021,23400000
2019-07-18,56.92693328857422,56.99024741673293,56.251554803904476,56.698993334155894,25814000
2019-07-19,56.12095260620117,57.1658006117316,56.097113666301624,57.01930403669093,32944000
2019-07-22,56.5167350769043,56.57533597231987,55.82993728070771,56.28730614938827,26030000
2019-07-23,56.92097854614258,56.955244181070874,56.20537463226794,56.81122924860078,21874000
2019-07-24,56.50382614135742,56.81122417052286,55.96650284290988,56.21033668523246,31796000
2019-07-25,56.22126388549805,56.69700834770129,55.665072473332145,56.50432666883815,44196000
2019-07-26,62.09556579589844,62.847420647904094,60.78404144167514,60.78602675706773,96116000
2019-07-29,61.5493049621582,61.94459868652512,60.99410241766122,61.630748358772806,44474000
2019-07-30,60.84064865112305,61.32384179780918,60.749274895948865,60.85405710655123,29066000
2019-07-31,60.42052459716797,61.28063971108436,59.97775382373371,60.73437869534831,34510000
2019-08-01,60.039634704589844,61.28610586818452,59.87625158472427,60.288928179554816,33970000
2019-08-02,59.29373550415039,59.93484835199198,59.04294927118899,59.62893931108769,32902000
2019-08-05,57.224395751953125,58.362606509511394,56.61953386131062,58.10437156004563,51950000
2019-08-06,58.09990692138672,58.597004861877814,57.605786953817166,57.77016272379351,34188000
2019-08-07,58.300533294677734,58.52176712903884,57.09051394819349,57.40714521226035,28886000
2019-08-08,59.830562591552734,59.840989285330004,58.252362005491165,58.73952578186306,29360000
2019-08-09,58.996768951416016,59.78487470410133,58.77791446440276,59.492377902427094,21314000
2019-08-12,58.33629608154297,58.845313559524406,57.986785825967495,58.55976532125671,20060000
2019-08-13,59.45662307739258,59.829570635165084,58.174897400507255,58.174897400507255,25888000
2019-08-14,57.8188362121582,58.71321706179279,57.63261058606478,58.415749357905405,31574000
2019-08-15,57.9663200378418,58.39240507922258,57.710570505000916,57.77959810031406,24374000
2019-08-16,58.47980499267578,58.734065525043306,58.1922714865603,58.576642152323245,26266000
2019-08-19,59.515220642089844,59.939316568719086,59.10006242297763,59.10006242297763,24632000
2019-08-20,58.732574462890625,59.396533604493236,58.70377223631247,59.35630823753976,18310000
2019-08-21,59.15767288208008,59.542539927209624,58.967969168298595,59.252028410101126,14814000
2019-08-22,59.07225799560547,59.49347449399108,58.528478578341726,59.29771253981895,18950000
2019-08-23,57.17324447631836,59.29820238786025,56.997449358957546,58.69781123572985,33740000
2019-08-26,58.047264099121094,58.076066324952286,57.25617660252783,57.469715441000865,24522000
2019-08-27,57.99512481689453,58.71817744858502,57.67779639602461,58.6253146989519,21544000
2019-08-28,58.15304183959961,58.42120717014808,57.47170738457014,57.690705850730474,16040000
2019-08-29,59.237125396728516,59.3965340906206,58.654609641903214,58.654609641903214,21768000
2019-08-30,59.00123596191406,59.517702090005464,58.78784866924462,59.517702090005464,22596000
2019-09-03,58.02243423461914,58.94115024840436,57.764699392098585,58.45150102835866,29598000
2019-09-04,58.669010162353516,58.77180705922492,58.152047705088485,58.43560679972394,21378000
2019-09-05,60.157325744628906,60.23976179329759,59.17157125108534,59.17157125108534,28162000
2019-09-06,59.83701705932617,60.188861155662366,59.717435910685,59.995933214785445,21442000
2019-09-09,59.811195373535156,60.58539634292538,59.225701651747805,59.790834525690116,29438000
2019-09-10,59.89015579223633,60.08879720189738,59.323037579725984,59.35134347859069,25202000
2019-09-11,60.593833923339844,60.714510016391756,59.701442342131266,59.761532224263796,26140000
2019-09-12,61.293052673339844,61.670963482082364,60.735368542986976,60.7989327280416,34518000
2019-09-13,61.55674743652344,61.62229693698073,60.93351001514758,61.14903795474725,26028000
2019-09-16,61.14655685424805,61.556751797853664,60.86399040777263,61.05816485644338,21066000
2019-09-17,61.039791107177734,61.33030261226768,60.768647793514425,61.101866312250884,19102000
2019-09-18,61.201683044433594,61.36059542200043,60.41308089171406,60.95834929507781,22702000
2019-09-19,61.51454162597656,61.79909339015752,61.182315771884426,61.18430108723955,19920000
2019-09-20,61.078521728515625,61.743473546733945,60.738350828108146,61.23693776798632,45400000
2019-09-23,61.28213119506836,61.53340998436601,60.79248195511087,60.88335938703533,21248000
2019-09-24,60.52381896972656,61.91331236824684,60.122565526241566,61.57860108694271,31664000
2019-09-25,61.90238571166992,61.99078149768227,60.093267120869385,60.377818880874166,29060000
2019-09-26,61.64762878417969,61.82690200020933,61.19462832342842,61.67593468262966,30760000
2019-09-27,60.838172912597656,61.77823871517594,60.30978727146025,61.72808297903912,27078000
2019-09-30,60.53573989868164,60.88335952672294,60.20301771344643,60.63356972337542,28082000
2019-10-01,59.845462799072266,61.143082327961565,59.76997914001535,60.535738753676455,25470000
2019-10-02,58.431640625,59.4422230070693,58.16645325394761,59.4422230070693,32302000
2019-10-03,58.987831115722656,59.04891366295943,57.72646249683497,58.5989934566008,32424000
2019-10-04,60.03913879394531,60.160307441600075,59.054376897074214,59.18945411874294,23248000
2019-10-07,59.97358322143555,60.496206110741845,59.77841990658086,59.810700224232654,16858000
2019-10-08,59.052391052246094,59.894130669586495,59.04643131737063,59.472516367653085,20786000
2019-10-09,59.706912994384766,60.00685853512725,59.47450227577442,59.55991630271113,17354000
2019-10-10,60.02274703979492,60.33709747505394,59.46009958065109,59.52167845498084,16932000
2019-10-11,60.35944366455078,61.00204553146064,60.27452596868297,60.69514760611892,25454000
2019-10-14,60.44336700439453,60.89974703768053,60.17619812590616,60.20500035255357,17350000
2019-10-15,61.72807693481445,61.94260843271399,60.60525992532149,60.60525992532149,27634000
2019-10-16,61.759368896484375,62.31059704968608,61.501634025704945,61.63670746642111,21892000
2019-10-17,62.227664947509766,62.73692868607656,62.07223065588313,62.12139373615485,19048000
2019-10-18,61.851234436035156,62.51667876109587,61.63223219092888,62.24702445615143,27056000
2019-10-21,61.884010314941406,62.30507902592307,61.608396262066,62.187433937520645,20544000
2019-10-22,61.71764373779297,62.104992363874366,61.64712716213834,61.96842996043059,20476000
2019-10-23,62.52859878540039,62.56633871901766,61.69579692529151,61.69579692529151,18230000
2019-10-24,62.62096405029297,62.77044237312191,62.25968593523572,62.61649330229058,20562000
2019-10-25,62.82655715942383,63.048537372883416,62.07569504053402,62.126347099346106,24262000
2019-10-28,64.06160736083984,64.52394333613366,63.19453986306935,63.33905111269777,52264000
2019-10-29,62.701908111572266,63.64395907969939,62.433344987636644,63.377782880430544,37728000
2019-10-30,62.6358642578125,63.036621368689126,62.174520931289194,62.222691348757266,28178000
2019-10-31,62.5772705078125,62.95269971367393,62.11706757623557,62.635371293682766,29114000
2019-11-01,63.25413513183594,63.2978348014475,62.5966358284961,62.82010504238802,33402000
2019-11-04,64.12964630126953,64.26670884654507,63.38400120063911,63.38871821934953,30020000
2019-11-05,64.16241455078125,64.50507084887559,64.12263247282912,64.2051215586552,25654000
2019-11-06,64.1510009765625,64.24684928299422,63.68916505432356,64.03479939705974,23060000
2019-11-07,64.99819946289062,65.73713835848879,64.27241517544036,64.27415043192991,40600000
2019-11-08,65.12284088134766,65.45209253183815,64.77497121734183,64.82041371919429,25028000
2019-11-11,64.51799011230469,64.8772791475001,64.42959053654617,64.71612761504201,20238000
2019-11-12,64.49861907958984,65.05481045407937,64.3481443069112,64.55820884755968,21718000
2019-11-13,64.4588851928711,64.77173902871758,64.23590854226391,64.26371810889643,16534000
2019-11-14,65.12731170654297,65.40242941818406,64.34218772663395,64.43405781052788,23870000
2019-11-15,66.28985595703125,66.29035607459745,65.26735043784288,65.49876847529693,35652000
2019-11-18,65.58617401123047,66.32258195695339,65.4272578691305,66.15825545220515,29748000
2019-11-19,65.32595825195312,65.93379814001467,65.19385901029838,65.93379814001467,25384000
2019-11-20,64.70967864990234,65.30312129815819,64.1187290124141,65.14122714907006,26172000
2019-11-21,64.625244140625,65.18342838031033,64.210586063109,64.63170020367174,19910000
2019-11-22,64.32679748535156,64.99174934852405,64.13163794395689,64.83730392927706,27714000
2019-11-25,64.89044189453125,65.1198670598301,64.46534950267933,64.51749055240094,20724000
2019-11-26,65.2311019897461,65.2931771906439,64.81098048542756,65.0478543599473,21394000
2019-11-27,65.20329284667969,65.46996918450434,65.03643543302076,65.3031117708454,19912000
2019-11-29,64.80453491210938,65.06499770823355,64.75537183000267,64.91180257399323,11740000
2019-12-02,64.05764770507812,64.84773511772092,63.61467984402647,64.60788322908518,30218000
2019-12-03,64.32381439208984,64.48178335483922,63.51534777539977,63.54365367362734,22876000
2019-12-04,65.57823181152344,65.83944475282698,64.80005639358517,64.90633138493415,30750000
2019-12-05,65.95514678955078,66.01613082090294,65.37461639567003,65.94869072658955,24254000
2019-12-06,66.57540893554688,66.74325902095445,66.21884779750104,66.21884779750104,26296000
2019-12-09,66.7214126586914,67.51051492322146,66.43735342335297,66.44728757806071,27086000
2019-12-10,66.77603149414062,67.03997233101526,66.34796116350438,66.6191006623861,21882000
2019-12-11,66.79390716552734,67.1008050719177,66.67720548763499,67.08292965745449,17008000
2019-12-12,67.05462646484375,67.32800894278013,66.56945175179673,66.83959862027363,25620000
2019-12-13,66.93345642089844,67.19481332306121,66.73679654783501,66.9394123666553,30992000
2019-12-16,67.5959243774414,67.77023051418952,67.17380997263811,67.36400620931931,27946000
2019-12-17,67.29547119140625,67.78611683437089,67.10691171373009,67.68133462663474,37080000
2019-12-18,67.17134094238281,67.56117512491949,67.09089776542427,67.36899352601004,30452000
2019-12-19,67.3411636352539,67.44346041005927,66.99080854785383,67.13159922014151,29398000
2019-12-20,67.02085876464844,67.71858344404939,66.99155641951448,67.7041861190547,66300000
2019-12-23,66.9836196899414,67.52789165434014,66.86791065439253,67.33273211206371,17662000
2019-12-24,66.7214126586914,67.05413485477206,66.6826762751171,66.96673551045554,6950000
2019-12-26,67.55768585205078,67.60372698452096,66.7666058409216,66.85102721301676,13350000
2019-12-27,67.13507080078125,67.76277897604893,67.00694977145382,67.68629887497241,20768000
2019-12-30,66.35292053222656,67.19019307204604,66.24763821220691,67.04121108745511,21018000
2019-12-31,66.3966293334961,66.44529987002558,66.00257454427881,66.05348045497554,19236000
2020-01-02,67.90382385253906,67.9420601209077,66.62159794771749,66.62159794771749,28132000
2020-01-03,67.57058715820312,68.15856627305749,66.81992586515675,66.93493774743344,23728000
2020-01-06,69.2366943359375,69.35041046473987,67.04121605389896,67.04121605389896,34646000
2020-01-07,69.19348907470703,69.67270781341017,69.04649239035008,69.42192915117019,30054000
2020-01-08,69.73875427246094,70.09928597759722,69.06933178718687,69.13090686518215,30560000
2020-01-09,70.50898742675781,70.88143863523739,70.03423186106627,70.54573849204765,30018000
2020-01-10,71.00062561035156,71.25880752665975,70.43549273531444,70.89285784756291,36414000
2020-01-13,71.47239685058594,71.5364573682517,70.81638653642962,71.31845156114929,33046000
2020-01-14,71.0577392578125,71.60002592316594,70.93309629884654,71.46147817790887,31178000
2020-01-15,71.47090148925781,71.5799043888649,71.02445561952192,71.02445561952192,25654000
2020-01-16,72.0916519165039,72.10605681797274,71.55631394755552,71.88010218520081,23474000
2020-01-17,73.51640319824219,73.56134558132662,72.41543984206496,72.64834307701408,47924000
2020-01-21,73.7155532836914,74.08551910391431,73.06003544050274,73.45334766192397,40734000
2020-01-22,73.79251861572266,74.64984900063922,73.74186276485368,74.04330485960594,32216000
2020-01-23,73.82727813720703,74.26776808793879,73.60133106334078,73.87644879125217,27024000
2020-01-24,72.83706665039062,74.26653171820506,72.76455716837988,74.1719261290208,35692000
2020-01-27,71.20770263671875,71.41478920034972,70.57701648729619,71.06369150781515,35104000
2020-01-28,72.13436889648438,72.30520453483493,71.13669483054908,71.65962086304285,31548000
2020-01-29,72.4358139038086,72.77349940796584,71.84534923411006,72.4442552836585,21554000
2020-01-30,72.2972412109375,72.36875044119347,71.33184765863578,71.50863920797372,26788000
2020-01-31,71.22410583496094,73.00690407316355,70.94103923607497,72.94582152006313,48344000
2020-02-03,73.7920150756836,73.99363823460793,72.45367770699539,72.60315224220815,60736000
2020-02-04,71.86172485351562,72.9756003128433,70.83028543793051,72.35832643111584,78660000
2020-02-05,71.9193344116211,72.69453183289252,71.04184021035354,72.62401525254852,39724000
2020-02-06,73.30982208251953,73.5963591584658,71.98588197112542,72.02362569501838,33588000
2020-02-07,73.45880126953125,73.78705268744903,72.81917361335594,72.86635137202896,23446000
2020-02-10,74.92129516601562,74.96201686466415,73.2149771862286,73.2149771862286,28398000
2020-02-11,74.92675018310547,75.96166771448218,74.77022096189218,75.07672483316374,26892000
2020-02-12,75.39752960205078,75.51795943123352,74.89298673750011,75.20931868546857,23352000
2020-02-13,75.21826934814453,75.84001408598347,74.71868971083379,75.12043572868542,18590000
2020-02-14,75.52019500732422,75.52019500732422,74.85474309784867,75.26493802395396,23956000
2020-02-18,75.46705627441406,76.06099138957565,75.11546602411893,75.23514568129174,22414000
2020-02-19,75.815673828125,76.0846310031763,75.55296812288319,75.7352230948315,18986000
2020-02-20,75.3915786743164,75.96217498532641,74.82893120236896,75.5827675764969,21932000
2020-02-21,73.75080108642578,75.09683723926696,73.51889050316402,74.8890080751722,34634000
2020-02-24,70.59638977050781,71.36016787022542,70.0898615612343,70.82085164728578,57342000
2020-02-25,68.9506607055664,71.41827153797638,68.6502188115759,71.16302209412986,49566000
2020-02-26,69.18553924560547,70.3038930958197,68.48135853104596,69.33253592785813,44048000
2020-02-27,65.4565658569336,68.11904040245773,65.41087329449262,67.64011718123767,59566000
2020-02-28,66.51134490966797,66.60122968273528,63.11806590820636,63.440857722867264,75782000
2020-03-02,68.98342895507812,69.07083587619785,65.88985288324025,67.12117278391376,48630000
2020-03-03,66.6136474609375,70.0282760870977,66.14733327280929,69.4954235267835,48046000
2020-03-04,68.85479736328125,68.93277023558767,66.69905582632043,67.49957731533306,38266000
2020-03-05,65.50375366210938,67.48370438452919,64.81148471358118,67.0511632155031,51226000
2020-03-06,64.47925567626953,64.86709689198965,62.62395190626873,63.41901010678455,53212000
2020-03-09,60.364906311035156,62.31158374927824,59.59219431268793,59.85539256469915,67308000
2020-03-10,63.58437728881836,63.62212101344055,60.52431674969943,62.5718058305141,52228000
2020-03-11,60.35745620727539,62.6194766827972,59.397029637217365,62.060303545096545,52170000
2020-03-12,55.36661148071289,59.287779834392445,55.28666086053564,55.917343269090544,84534000
2020-03-13,60.571990966796875,60.57347995332645,55.47750501442033,58.549333478932624,74002000
2020-03-16,53.84800338745117,57.22176643234208,53.35686516792831,54.427537393440815,85048000
2020-03-17,55.60945510864258,56.15869414570267,52.441630447260344,54.28402213645753,77230000
2020-03-18,54.46726608276367,54.94897026257438,51.511491499298955,52.46645848002609,84668000
2020-03-19,55.38548278808594,57.50497742074177,52.645137610709675,54.28104124933974,73022000
2020-03-20,53.251590728759766,56.810734761928465,52.91241245924176,56.400043458327744,72036000
2020-03-23,52.471923828125,53.20192884609394,50.332363822196605,52.70532720543696,80882000
2020-03-24,56.337467193603516,56.364284105537784,54.160364348778806,54.81339669421403,66890000
2020-03-25,54.74982833862305,57.05455571539655,53.93142762438477,55.940680241075036,81630000
2020-03-26,57.69269561767578,58.100901458540704,54.30487622162832,55.21216912318002,71434000
2020-03-27,55.15803909301758,57.1424602930449,54.9196724328834,55.90095622093427,64170000
2020-03-30,56.951271057128906,57.190137849348936,54.45138000336739,55.869671946812446,51482000
2020-03-31,57.74533462524414,58.366086677430644,56.52022073924125,56.97510802494447,49728000
2020-04-01,54.90526580810547,56.10058852822429,54.499545412012,55.71869949311908,46884000
2020-04-02,55.66109848022461,55.96005136655423,54.44740394113542,54.53977036171498,39298000
2020-04-03,54.520904541015625,55.79518156293612,53.62354572731836,55.57046961285702,46268000
2020-04-06,58.94264221191406,59.32701290979929,56.16266645797611,56.513267850486756,53294000
2020-04-07,58.92228317260742,60.833702448664546,58.70973696814291,60.635061029853695,47746000
2020-04-08,60.10270309448242,60.539214843926615,59.00422126942858,59.91498849334528,39502000
2020-04-09,60.16080093383789,60.86200368668178,59.43005335532061,60.78800901556082,43508000
2020-04-13,60.464229583740234,60.610729951707356,58.97631521213278,60.048078669090195,34796000
2020-04-14,63.0301628112793,63.667801353662334,61.426141773587794,61.83136961663061,49408000
2020-04-15,62.6944694519043,63.5878576103489,61.598469244430056,61.85719676474975,33434000
2020-04-16,62.74412536621094,63.51534838440943,61.70871143617545,63.272014649822715,50362000
2020-04-17,63.72639846801758,64.28159717465645,63.129485409059896,63.805856542207415,38980000
2020-04-20,62.900062561035156,63.64446870036649,62.63984226827033,63.11806837981865,33910000
2020-04-21,60.40364456176758,62.287254198245144,60.0743966777643,61.92622232442697,43060000
2020-04-22,62.7312126159668,63.84374694238709,61.677919492134386,61.8537184049048,41848000
2020-04-23,63.38175964355469,64.22598088095572,62.85337782412955,63.14537830328555,31324000
2020-04-24,63.53074264526367,63.584869009749326,62.047890156200104,62.6299058083651,32792000
2020-04-27,63.360408782958984,64.36702430836527,63.018748885356715,64.35957558686549,32012000
2020-04-28,61.264251708984375,63.96476934334331,61.19125348198349,63.958813397277744,59026000
2020-04-29,66.61811065673828,67.53731921132398,65.81659644188422,66.61711799909568,75872000
2020-04-30,66.97467803955078,67.18126451164983,65.67506931502436,65.79376390105523,53378000
2020-05-01,65.58171081542969,67.1440176191019,65.10447737169582,65.97353023284143,41450000
2020-05-04,65.88909912109375,65.93181371039051,64.50854722753725,64.9669125826129,30080000
2020-05-05,67.09635162353516,68.23009572109602,66.4184951214104,66.44134140733762,33030000
2020-05-06,66.9071273803711,68.09003419891603,66.90663484036196,67.62174231331143,24308000
2020-05-07,68.16155242919922,68.41183856226588,67.30292626177416,67.8328008735499,27952000
2020-05-08,68.9466781616211,69.46264794423483,68.306557980747,68.68645789632211,27738000
2020-05-11,69.68611907958984,70.34510735075402,68.38958697310302,68.44560772016183,28242000
2020-05-12,68.31947326660156,70.26912866499187,68.27130284922856,69.87780938011281,27812000
2020-05-13,67.00794982910156,68.80326603129674,65.9685614229895,68.38453118019004,36252000
2020-05-14,67.34563446044922,67.4096949741675,65.74558408249679,66.29730468858001,32062000
2020-05-15,68.19284057617188,68.25690109642692,66.49495642044602,67.04122125427448,34154000
2020-05-18,68.72667694091797,69.14307784630368,67.25226977527652,67.62472095633485,36448000
2020-05-19,68.20748138427734,69.1269399575353,68.20748138427734,68.87849518877472,25612000
2020-05-20,69.85794830322266,70.04169607289217,68.8910693426762,69.00677080232748,33108000
2020-05-21,69.66327667236328,70.29346275219423,69.19895535657272,69.92151164398065,27700000
2020-05-22,70.04169464111328,70.1578962160352,69.11850779560382,69.36085267784398,26188000
2020-05-26,70.36943817138672,71.56029390552685,70.1266007759835,71.37506096232993,41212000
2020-05-27,70.41016387939453,70.60383821218231,69.09168715665855,70.38086911158055,33716000
2020-05-28,70.35504150390625,71.55234573499438,69.32558734289624,69.36829435363889,33844000
2020-05-29,70.96039581298828,71.14165812703393,70.18719129549719,70.3654680591171,36418000
2020-06-01,71.10441589355469,71.40932849735742,70.41811058181692,70.437478772262,24342000
2020-06-02,71.47189331054688,71.49126150019829,70.45932193075866,71.04133754529134,25562000
2020-06-03,71.33087158203125,71.83601314446132,71.00296868490636,71.42621977038247,25124000
2020-06-04,70.12909698486328,71.45899318822453,69.7591311592007,71.0339007571692,29686000
2020-06-05,71.4306869506836,71.76142383132131,69.82219499499713,70.17825601372202,34698000
2020-06-08,71.8388900756836,71.90742134684552,70.63363688396181,70.63363688396181,28084000
2020-06-09,72.31314086914062,72.90112004210671,71.67004267427679,71.77681020500805,28184000
2020-06-10,72.79434967041016,73.21194027519641,72.31860145267983,72.48098811657447,30504000
2020-06-11,69.71492004394531,72.22945817301579,69.62354250078923,71.63378782991101,39826000
2020-06-12,70.17874145507812,71.3616483445136,68.82997739078206,70.9390414138141,38928000
2020-06-15,70.5099868774414,70.75580227390762,68.924341174515,69.06735966381535,30078000
2020-06-16,71.64571380615234,72.25653170525558,70.81042644799199,71.76986421688697,34184000
2020-06-17,72.06285858154297,72.50384109038218,71.08256740683144,71.8662062674768,30992000
2020-06-18,71.31000518798828,72.07726138513739,70.86555217884707,71.96552298583306,31638000
2020-06-19,71.09944915771484,71.89798545037623,70.58447197958613,71.70927440074308,63158000
2020-06-22,72.099609375,72.14380158720957,70.67684292152231,70.96437266985775,30848000
2020-06-23,72.72283935546875,73.2954740398959,71.77085787242056,72.28732025413952,28596000
2020-06-24,71.11186218261719,73.26959673401689,71.00161656714448,72.57882069771837,35120000
2020-06-25,71.57669067382812,71.6546559889747,70.51744142961496,71.00907984073605,24610000
2020-06-26,67.53285217285156,71.1853547034498,67.14004013783271,71.08305792934624,85354000
2020-06-29,69.2744369506836,69.30572461242006,66.89274042358561,67.44743906783222,36204000
2020-06-30,70.2000961303711,70.45038982710655,68.72767418167281,69.04947711567303,40848000
2020-07-01,71.41329956054688,71.65961505445209,70.01188670171123,70.07545467926525,35504000
2020-07-02,72.73724365234375,73.64354014024406,71.82945438911075,71.85527864461241,37182000
2020-07-06,74.27671813964844,74.81751204349781,73.1424740036534,73.50002782535272,31280000
2020-07-07,73.75428771972656,75.32453585801346,73.67333686045679,73.99364705161962,29164000
2020-07-08,74.29161834716797,74.78225652930372,73.776641104336,74.20818962417125,24994000
2020-07-09,75.03600311279297,75.61851883856808,73.89853874777877,74.81054859775554,28466000
2020-07-10,76.56305694580078,76.66684650358317,74.31842305623277,74.79565649049827,37126000
2020-07-13,75.05339050292969,78.32062845929656,74.75061476268897,76.9732510304685,36928000
2020-07-14,75.51224517822266,75.62993951455526,73.67085014930329,74.00903571655309,31700000
2020-07-15,75.16761779785156,76.24475002117451,74.39093505432963,75.63889535010237,32214000
2020-07-16,75.38412475585938,75.41839038766379,73.81039112568035,74.49024035607862,30386000
2020-07-17,75.26245880126953,75.65427822729781,74.41178145493603,75.56390091055303,29134000
2020-07-20,77.75391387939453,77.98086118912214,74.66902175040603,75.24805943564259,31146000
2020-07-21,77.39139556884766,78.81019145902654,77.1858017487569,78.81019145902654,24324000
2020-07-22,77.89147186279297,77.96645919704694,76.77958155441006,77.49468914416514,18640000
2020-07-23,75.2689208984375,78.05932740694908,74.85733921571824,77.81599743059809,32552000
2020-07-24,75.0797119140625,75.3660519890377,73.91418778068258,74.43711380413019,30880000
2020-07-27,75.98997497558594,76.5248128096962,75.24556515459534,75.26493334342516,24920000
2020-07-28,74.50712585449219,75.80524170279428,74.37404153040482,75.7406886448372,34044000
2020-07-29,75.5837631225586,76.04222701977507,74.5562941759085,74.80410246360779,22130000
2020-07-30,76.05205535888672,76.37087274245455,74.10388519012398,74.34125918255745,33428000
2020-07-31,73.64403533935547,74.93470244537478,72.20736420699416,74.7390428043027,68798000
2020-08-03,73.22142028808594,74.0169708911525,72.78390837510678,73.82677467694734,46604000
2020-08-04,72.75065612792969,73.77316187532486,72.43680955247252,73.3267159173788,38070000
2020-08-05,73.1797103881836,73.61672225544746,72.6756600275489,72.96567520295099,39590000
2020-08-06,74.49520874023438,74.60893245480757,72.80180291922724,73.08734734461783,39908000
2020-08-07,74.21662139892578,75.32676885402968,73.57848646985086,74.49024635782685,31556000
2020-08-10,74.29656982421875,74.69260992541598,73.15339190731413,73.85360202098929,25786000
2020-08-11,73.51293182373047,74.98684662304764,73.39772291210686,74.11481579178248,29088000
2020-08-12,74.8189926147461,75.10533266498275,73.75775067614931,73.77414089337864,28740000
2020-08-13,75.4064712524414,76.34008469384933,74.8877735437597,75.0037250475616,29104000
2020-08-14,74.87410736083984,75.57779549589343,74.63325529200144,75.26791204913721,27096000
2020-08-17,75.38314819335938,75.76205553935272,74.88604636726835,75.21876860259397,27566000
2020-08-18,77.40032958984375,77.59251114525708,75.66768730796404,75.79034493896614,40542000
2020-08-19,76.8505859375,78.14919419688756,76.67280172628168,77.13761552307406,33212000
2020-08-20,78.54997253417969,78.75457370010795,76.38727433165317,76.6479871835819,34138000
2020-08-21,78.48392486572266,79.34304363352457,77.86739346777892,78.31557465655982,28930000
2020-08-24,78.87027740478516,80.15995194578811,78.49137010472516,79.1573070347942,28198000
2020-08-25,79.86447143554688,80.03331417326007,78.56585542885654,78.56585542885654,44942000
2020-08-26,82.05746459960938,82.39713539106306,79.63503884299774,79.85354477576797,79868000
2020-08-27,81.16108703613281,82.18756319004888,80.7350020229949,82.1220099009033,37232000
2020-08-28,81.66165924072266,81.7987217645733,80.9833028021912,81.1193726684443,29980000
2020-08-31,81.15363311767578,81.83819551686672,80.96145158804603,81.8344749454982,36468000
2020-09-01,82.47113037109375,82.72042384830421,81.05631278645836,81.2753112601159,36506000
2020-09-02,85.82666778564453,86.06999773421208,82.75021705698761,83.11994036448972,50224000
2020-09-03,81.53404235839844,84.90467580647075,80.20413874830675,84.90467580647075,62156000
2020-09-04,79.01131439208984,81.69643848183921,76.85472372878253,80.66102066120379,52172000
2020-09-08,76.0987319946289,77.66178886886009,75.88121873526735,76.15435113149405,52218000
2020-09-09,77.31888580322266,77.91679155012265,76.28054315583707,77.34719549044677,35494000
2020-09-10,76.08036041259766,78.66571837375648,75.77172722974485,77.50163402685257,32372000
2020-09-11,75.51920318603516,78.22468778948516,74.3591349740814,76.27801038608244,31942000
2020-09-14,75.44768524169922,77.66848767072217,75.27189391194321,76.427233722132,33932000
2020-09-15,76.54816436767578,77.4485049291631,76.071180961901,76.27801749174402,26622000
2020-09-16,75.52814483642578,77.5691779671439,75.47451100832949,77.24837523384565,26234000
2020-09-17,74.26825714111328,74.90232288704672,73.00043632835278,74.2916035393257,37596000
2020-09-18,72.50334930419922,74.6393822566553,71.36812004181954,74.39142996934369,62078000
2020-09-21,71.0716323852539,71.92578773304085,69.84949659000128,71.51360750076257,57776000
2020-09-22,72.77498626708984,72.97660186440348,71.23899624858848,72.01170827626768,31664000
2020-09-23,70.27955627441406,72.55150718172865,69.90661251749657,72.44325445378254,33148000
2020-09-24,70.92911529541016,71.69482570377673,70.01338475181507,70.07198186797439,29004000
2020-09-25,71.75695037841797,72.00723650932608,70.18669474785692,71.14463971858872,26460000
2020-09-28,72.7282943725586,73.33811955209461,71.97251821532628,73.20950598351357,40158000
2020-09-29,72.96715545654297,73.331316795024,72.44447959311948,73.01979661552645,19564000
2020-09-30,72.98057556152344,73.98122749738637,72.49787873848452,72.84152014010796,34032000
2020-10-01,73.99810791015625,74.44256845643194,73.45780665142134,73.70908542006934,35590000
2020-10-02,72.42536163330078,73.65594628822517,72.052910466983,72.60463861376776,25682000
2020-10-05,73.79600524902344,73.90475810703862,72.71589508080001,72.81223592784607,22266000
2020-10-06,72.17806243896484,73.83273938886849,71.93721035186023,73.27754066084998,24908000
2020-10-07,72.51824188232422,72.94879009438718,71.31199611535075,72.71687950056844,34924000
2020-10-08,73.79153442382812,73.99365015535227,72.75661670687195,72.75661670687195,23756000
2020-10-09,75.2460708618164,75.31062391850578,73.96633057163652,74.2270433863395,28706000
2020-10-12,77.92424011230469,79.1513468413504,76.10767659400082,76.62563172156159,49652000
2020-10-13,78.04988861083984,78.95966320723888,77.62877440800898,78.64829451489132,32020000
2020-10-14,77.8711166381836,78.84465629449534,76.99957825302243,78.39304246496536,38586000
2020-10-15,77.42665100097656,78.21997396297216,76.72644842677744,76.831723188569,30800000
2020-10-16,78.11592864990234,78.51917498369669,77.61883449131766,77.76036777120736,28694000
2020-10-19,76.208984375,78.86779152424204,75.88073293035221,78.4859062532082,32142000
2020-10-20,77.26773071289062,78.33889916811343,75.76501384832301,75.83354510877699,44834000
2020-10-21,79.12403106689453,80.38639610675189,78.04739909800621,78.13182046570503,51366000
2020-10-22,80.21755981445312,80.54829670808118,78.71136458721318,79.11112529379649,28672000
2020-10-23,81.49232482910156,81.55985585659518,80.47478258314635,80.75089294892422,27516000
2020-10-26,78.98199462890625,81.35525695236471,78.28923332724133,80.69825405484927,37066000
2020-10-27,79.66781616210938,79.79618726816781,78.60111827113761,79.2412385447574,24580000
2020-10-28,75.31560516357422,77.53690047427607,75.21628634321627,77.45694984685586,36680000
2020-10-29,77.82939147949219,79.14389753821341,75.59468419892224,75.6006401448401,40062000
2020-10-30,80.49962615966797,83.77670009021313,79.67775100323058,83.0372609927354,86582000
2020-11-02,80.74890899658203,82.47410248300748,80.25230739284342,80.85468386515178,50708000
2020-11-03,81.94969940185547,82.52029573143325,80.281617663079,81.03446140401488,33234000
2020-11-04,86.86207580566406,87.9662748351412,84.721724049789,84.93278125242438,71418000
2020-11-05,87.56924438476562,89.07245394160914,86.93060935423904,88.44475330060617,41316000
2020-11-06,87.4887924194336,88.0191595578896,86.42606524965649,87.10144375982115,33218000
2020-11-09,87.55087280273438,90.28515986313533,87.40288344928055,88.93638807832393,45366000
2020-11-10,86.42804718017578,87.55086419350906,85.28139122878906,85.96620374870092,52722000
2020-11-11,87.03986358642578,87.61145255562555,86.77442995080564,86.9052864826371,25280000
2020-11-12,86.89733123779297,87.8125691391822,86.68677415967848,86.78758573945446,24950000
2020-11-13,88.24710083007812,88.4467386863625,86.63463830718922,87.28419257267741,29998000
2020-11-16,88.46361541748047,89.34210224720016,87.78376619529506,87.98290392040381,24936000
2020-11-17,87.90593719482422,88.64339091816939,87.7495064690329,88.24313012579633,22942000
2020-11-18,86.74537658691406,88.07080949198455,86.71359638610987,87.6616072020876,23470000
2020-11-19,87.5965576171875,87.87813142026519,86.2599553640355,86.3282365755733,24998000
2020-11-20,86.51744079589844,88.09713053872399,86.50105815463596,87.6606187752798,46270000
2020-11-23,86.1534194946289,87.09895237526523,85.30224970583001,86.88541732925395,43232000
2020-11-24,87.84288024902344,87.97795748524061,85.79737624497479,85.9369242300626,31560000
2020-11-25,87.9695053100586,88.32258834194486,87.23006627021488,88.04200720827063,20916000
2020-11-27,89.05010986328125,89.58693308542536,88.01966297279354,88.05194329189372,17698000
2020-11-30,87.43863677978516,88.79559980634644,87.15358490191596,88.45388308870092,36476000
2020-12-01,89.29393005371094,90.62134815547961,87.86719315015274,88.11549394339595,34738000
2020-12-02,90.77629852294922,91.15868391861666,88.86552333067591,89.29394228119898,24440000
2020-12-03,90.71769714355469,91.7322539122727,90.51309599849415,90.5806346083947,24546000
2020-12-04,90.77828216552734,91.03502436748224,90.23202490218026,90.60596133397502,27564000
2020-12-07,90.35567474365234,90.99579498873197,89.67533291775825,90.33183580370466,26418000
2020-12-08,90.30949401855469,90.47585891109519,89.19983904867857,89.88986500379232,21926000
2020-12-09,88.60018920898438,91.09015369158179,87.78974099788228,89.98471942656874,30152000
2020-12-10,88.16317749023438,88.46014125711915,86.42457170810688,87.88855230933521,27256000
2020-12-11,88.48299407958984,88.61608599046409,87.40189130640314,87.55385129163841,24414000
2020-12-14,87.40486145019531,89.25867611149724,87.26357823134042,88.14678589327933,32004000
2020-12-15,87.78773498535156,87.96899729214239,86.9027921109497,87.6213776974754,29646000
2020-12-16,87.55087280273438,88.04747445495914,87.20722379257133,88.0415109310898,30270000
2020-12-17,86.8010025024414,87.9870921256089,86.34214456016367,87.82450084714381,32494000
2020-12-18,85.96222686767578,87.1590384634366,85.4263963832509,87.11285336589343,80328000
2020-12-21,86.37740325927734,86.45090539883574,84.37262103651187,85.09319206300945,36568000
2020-12-22,85.58930206298828,86.27982057221251,85.04676533706252,86.13208127020164,18734000
2020-12-23,86.03028106689453,86.80547097894537,85.6657710862561,85.81823118958316,20676000
2020-12-24,86.3515853881836,86.7066613688301,85.86789580887913,86.16039645825141,6936000
2020-12-28,88.200927734375,88.92785635490118,86.72329217106092,86.98649046469971,27860000
2020-12-29,87.33831787109375,89.01286315485197,87.20771140146256,88.78194521823438,25988000
2020-12-30,86.38485717773438,87.65492118292299,85.69358845745481,87.50171846673888,26122000
2020-12-31,86.99864196777344,87.34874700149244,86.18123768239506,86.18123768239506,20238000
2021-01-04,85.8246841430664,87.43416872026468,84.81211267442745,87.27972330707433,38038000
2021-01-05,86.45436096191406,86.78956854803462,85.31689660509608,85.6637736010461,22906000
2021-01-06,86.17478942871094,86.80596817319672,84.3726155910741,84.55288525986151,52042000
2021-01-07,88.75513458251953,88.81223892370902,86.26219213131584,86.41166668470011,45300000
2021-01-08,89.746337890625,89.87694435913419,88.07403557290453,88.79137849204815,41012000
2021-01-11,87.73560333251953,89.10597864731983,87.42771274107503,88.69652629181913,24194000
2021-01-12,86.73396301269531,88.29776268305017,85.67918459442328,87.09995819655241,27140000
2021-01-13,87.12378692626953,87.65191867243024,86.30985313597574,86.33816282224139,21882000
2021-01-14,86.4176254272461,88.14728975943747,86.08092503499249,87.08505511058986,23590000
2021-01-15,86.21947479248047,87.20324395595209,85.49244780742124,86.31879359693272,26844000
2021-01-19,88.93440246582031,89.84889786069577,86.48118909961785,87.0170272514447,34692000
2021-01-20,93.70376586914062,94.53855311547629,90.65611726122195,90.9506031893154,49806000
2021-01-21,93.91978454589844,96.08546052520303,93.71419074084986,94.25499216619674,41278000
2021-01-22,94.40645599365234,94.89809436257674,93.44851097182695,94.13977963050202,25442000
2021-01-25,94.32452392578125,95.8232628796447,92.74185613608434,95.38079514923777,38546000
2021-01-26,95.21044921875,95.5958125637096,93.5719124038081,93.80010242602992,26262000
2021-01-27,90.91732788085938,93.8577087603916,89.83523249678757,93.48675031044843,54966000
2021-01-28,92.52234649658203,94.29620299289358,91.50580443786549,91.57035749557768,35462000
2021-01-29,91.16314697265625,92.23282272395863,89.89482602980084,91.68110209084873,32252000
2021-02-01,94.42134857177734,95.46629885336267,91.91748702295025,92.04858603471745,32044000
2021-02-02,95.720458984375,97.12335699570865,95.07388272809686,95.47463603844963,45474000
2021-02-03,102.80001831054688,105.10573483141508,100.23308126265648,102.94552222839214,82364000
2021-02-04,102.41763305664062,103.2211326377597,101.43535658050057,102.74142132961343,37046000
2021-02-05,104.18701934814453,104.41098867484233,102.26665873893617,102.7965333239075,30702000
2021-02-08,103.93424224853516,105.45568322436593,102.89584663952469,104.57982582293067,24838000
2021-02-09,103.46743774414062,104.5410916640509,103.22062972216717,103.22062972216717,17798000
2021-02-10,104.05691528320312,104.70200641313257,102.45339416940318,103.998818284505,22710000
2021-02-11,104.08224487304688,104.38715749634916,103.16005070399416,104.26201442684354,18914000
2021-02-12,104.49044036865234,104.72434385194158,103.44857417935044,103.80214974089506,17114000
2021-02-16,105.37389373779297,106.90243490328483,104.50285563064797,104.50285563064797,22676000
2021-02-17,105.69223022460938,105.9579139450878,104.23272017380373,104.28635400454772,21418000
2021-02-18,105.1405029296875,105.91197226654648,104.47058778252092,104.80231732410832,22432000
2021-02-19,104.34294891357422,105.80245872805783,104.1577159692045,105.24328938202082,29148000
2021-02-22,102.54228210449219,103.86025872703895,102.40621222539535,102.64755686254156,27350000
2021-02-23,102.83924865722656,103.39296222539039,99.42064156189565,100.56233433334488,33348000
2021-02-24,104.04647064208984,104.32506642736628,101.21385788397947,101.39759804068359,24966000
2021-02-25,100.87767028808594,104.03208635193012,100.37759056353809,102.66990237188517,36568000
2021-02-26,101.15080261230469,102.84669385638274,100.11787030544603,101.8291591099359,41670000
2021-03-01,103.36812591552734,103.61691926949968,101.60965936958632,102.12711438606556,28090000
2021-03-02,103.0865478515625,104.50335066083669,102.85910801329427,103.10393072642465,22692000
2021-03-03,100.64674377441406,103.7161395827425,99.81691990820529,102.65797415829452,29684000
2021-03-04,101.75814819335938,103.7520035618548,100.32694032520229,100.48089320545296,42360000
2021-03-05,104.71044158935547,105.18568971097893,101.62529942949482,102.95147492548972,43904000
2021-03-08,100.52061462402344,105.71704868302214,100.3934786674873,104.34246029802235,32948000
2021-03-09,101.93741607666016,103.19580287718115,101.69557133158327,102.7965347526403,33946000
2021-03-10,102.0531234741211,103.04483391737877,100.9774842066455,102.8839324499317,25372000
2021-03-11,105.01982879638672,105.56261554735316,102.91473520665973,102.99816391948156,24782000
2021-03-12,102.3952865600586,103.80265543335705,101.68167175761589,103.54144248438115,34516000
2021-03-15,102.62223052978516,102.65053263968963,101.48103793116822,102.41415129605637,25962000
2021-03-16,103.91488647460938,105.45633991461571,102.79654011995008,103.24298602763477,29832000
2021-03-17,103.84337615966797,104.77201879784445,102.00197340640412,103.09598826972228,25980000
2021-03-18,101.1190185546875,103.06967432851934,100.98642676236462,102.34960344904361,27228000
2021-03-19,101.46564483642578,101.95727558188297,100.19831655473305,101.40853292322431,46298000
2021-03-22,101.23670196533203,102.20011027796797,100.61495731014804,101.39810354673163,39096000
2021-03-23,101.95032501220703,102.91084628935776,101.26799035002452,101.88774969442517,27340000
2021-03-24,101.55801391601562,103.20424957414686,101.38395782876545,102.56661476222142,23080000
2021-03-25,101.52325439453125,102.24381779153703,99.85317981861238,101.5456005588539,28378000
2021-03-26,101.08573913574219,101.8524951893837,100.0165559083559,101.25011869726772,29870000
2021-03-29,102.09881591796875,102.22197367164188,100.09601911737299,100.70485170424155,24596000
2021-03-30,102.07845306396484,102.83527498742784,101.50686409622793,102.18224262398039,20732000
2021-03-31,102.72850036621094,103.9549553773567,102.13828584684074,102.25623024270668,29198000
2021-04-01,106.1610107421875,106.41875317220655,104.13189720333585,104.18453837054177,33980000
2021-04-05,110.52117156982422,111.105180115244,106.84980064800281,106.91535394206188,43298000
2021-04-06,110.48145294189453,111.12256584129652,109.98732915713552,110.36971454182618,27060000
2021-04-07,111.71947479248047,111.98366570346273,110.51025105593807,110.54998009498239,25798000
2021-04-08,112.50212097167969,113.42405745735331,112.11675762816488,113.12386565664774,27166000
2021-04-09,113.51717376708984,113.67410461282402,111.91980568049868,112.0680905535152,20888000
2021-04-12,111.97323608398438,112.99275609515577,111.16253032044648,112.5423395877862,31318000
2021-04-13,112.5929946899414,113.08661074499277,112.03778839671102,112.30496484946126,23310000
2021-04-14,111.97571563720703,113.12534959135084,111.69514208912982,112.98481654728462,20220000
2021-04-15,114.05250549316406,114.54597757924776,112.52992780673908,113.07519237333476,27472000
2021-04-16,114.10713195800781,114.53818027600758,113.44615836773826,114.36735223204192,22596000
2021-04-19,114.33757019042969,115.13461374183059,113.61476379901427,113.82010755714911,24688000
2021-04-20,113.90204620361328,114.69511909010087,112.81349473259375,114.61019760226046,21774000
2021-04-21,113.88514709472656,113.98595867563122,112.160946258089,113.48587897916379,23930000
2021-04-22,112.62528228759766,114.4052008828342,112.0556786331666,113.88217636454505,21096000
2021-04-23,114.97817993164062,115.5006058396982,113.13628458542806,113.39749753945685,28670000
2021-04-26,115.54627990722656,116.26735095454649,114.90566717052828,115.20809433526924,20834000
2021-04-27,114.57196044921875,116.07814801121411,114.43042716309434,116.00614622918422,31972000
2021-04-28,118.18672180175781,121.78549247633474,117.93544300392479,119.53921415086738,59728000
2021-04-29,120.66873168945312,120.99797577889495,119.29761381225978,119.69738206143543,39554000
2021-04-30,119.68695068359375,120.53217218777338,119.29166075067967,119.40736978099824,39142000
2021-05-03,118.94453430175781,120.16269958102548,118.41465968441923,119.31947096521989,33788000
2021-05-04,116.91243743896484,118.15443402408344,114.7993951294573,117.68167134481466,35120000
2021-05-05,117.03609466552734,118.30044506666131,116.77141120077286,117.61612502605115,21806000
2021-05-06,118.25822448730469,118.32576309593807,116.3208825675592,116.73316133099752,20618000
2021-05-07,119.11933135986328,119.99931097512678,118.6877829307849,119.18438453300577,23272000
2021-05-10,116.28721618652344,118.09186782363435,115.94307465547669,117.9374224148402,26006000
2021-05-11,114.65340423583984,115.3108997784846,113.37415640533781,113.81414624829634,32110000
2021-05-12,111.19307708740234,113.49184487851753,110.74464588842024,112.31688678777981,34934000
2021-05-13,112.32980346679688,113.05637585323183,111.37384380099436,112.28609621827044,26670000
2021-05-14,115.0208740234375,115.2681821640389,113.39003607815347,113.81264300616404,26624000
2021-05-17,115.28160095214844,115.37744167096106,113.97007284866895,114.68120976985234,19842000
2021-05-18,114.38871002197266,116.36121175024678,114.37529777706739,116.0511312565923,17302000
2021-05-19,114.65091705322266,115.05067773178804,112.40677566111775,112.45047533192839,19350000
2021-05-20,117.00381469726562,117.21487191358217,115.26570892590078,115.61085070914805,23832000
2021-05-21,116.45805358886719,117.64493126366465,116.32248381992106,117.49545670873583,22832000
2021-05-24,119.515625,120.10211138815971,117.20344496256361,117.54560117294325,21244000
2021-05-25,119.63481140136719,120.81771839959156,119.33287675236843,120.17759815141561,18838000
2021-05-26,120.84949493408203,121.3169988124976,119.80588588080619,119.82177598118606,21856000
2021-05-27,119.30903625488281,121.17079216441442,119.28370454142801,121.0188321938423,38962000
2021-05-28,119.75846099853516,120.58182125613297,119.56627187105762,120.27492333979943,24108000
2021-06-01,120.66476440429688,121.07004153589497,119.4267383958153,120.27691561393496,19166000
2021-06-02,120.24115753173828,121.27011158120108,119.39295810261487,120.93788952957286,17158000
2021-06-03,119.41332244873047,119.66832938326904,118.33172720268307,118.93708167290617,18346000
2021-06-04,121.75479888916016,121.8590355229707,120.06684891549519,120.30273772114525,25948000
2021-06-07,122.46642303466797,122.561278670413,121.22407790477241,121.73294754995992,23850000
2021-06-08,123.29875183105469,123.87703940418906,122.57321749287566,123.1522552425096,25060000
2021-06-09,123.72332763671875,124.3987061448382,123.5212119286207,124.12557373759515,20126000
2021-06-10,125.22306823730469,125.30550428934926,123.85244289546971,123.85294301307565,31234000
2021-06-11,124.84217071533203,125.49073229418146,124.0654805264024,125.3879353975969,25240000
2021-06-14,125.49320983886719,125.55230706682521,124.19707934200984,124.81535349520618,22550000
2021-06-15,125.17638397216797,125.99975184122711,124.79449871188605,125.66206636909179,22182000
2021-06-16,124.84217071533203,125.66354565283596,123.30612774712819,125.38942059527719,26316000
2021-06-17,125.51209259033203,126.33198237451515,124.66190780284795,124.66985664188314,25756000
2021-06-18,124.71404266357422,125.52996177651764,123.75609773304936,124.85110519296721,53306000
2021-06-21,125.59552001953125,126.17331498529592,124.28374184346295,124.88537574855032,26256000
2021-06-22,126.13631439208984,126.40497605682383,125.16992804070027,125.59054968356357,20984000
2021-06-23,125.60197448730469,126.92739979520356,125.3938952547923,125.68987394459323,19694000
2021-06-24,126.4168930053711,126.66867190696708,126.09708295505482,126.18994570038419,18934000
2021-06-25,126.13185119628906,126.63837940492667,125.58459371257997,126.09410747179957,33484000
2021-06-28,125.9575424194336,126.47151933869631,125.11758733316614,126.13681184631469,28110000
2021-06-29,125.16197967529297,126.1368073504115,124.58442722113656,125.9108527114043,20950000
2021-06-30,124.46426391601562,124.94497545455039,123.90955770269419,124.7995170032237,24006000
2021-07-01,125.50961303710938,125.60297590683362,124.00118246941788,124.00118246941788,17120000
2021-07-02,127.8441162109375,127.97225239581253,125.90737301210787,125.97739705021728,21160000
2021-07-06,128.8889923095703,129.00173095649177,127.53624978716002,128.56967475470603,21350000
2021-07-07,129.19338989257812,129.75196061243904,128.87804302390012,129.45510293925253,16680000
2021-07-08,128.2990264892578,129.14871119731734,127.16974571265423,127.37832507692177,19780000
2021-07-09,128.69381713867188,128.96695714492856,128.06710911677033,128.0681093520482,15106000
2021-07-12,129.67657470703125,129.8811834116048,128.71913751570182,128.95104051528588,16944000
2021-07-13,130.10415649414062,131.1445373973458,129.74907303244277,129.99191799148016,16618000
2021-07-14,131.1847686767578,132.09205775802025,131.00151346820178,131.0049991362441,17912000
2021-07-15,130.3743133544922,131.6937903398888,129.71036932726855,131.5994348157278,16586000
2021-07-16,130.94937133789062,131.28457134076675,129.93232924579308,130.74626299000448,14856000
2021-07-19,128.37547302246094,130.3549230687828,127.66335111861815,130.2640532282788,25710000
2021-07-20,130.21041870117188,131.10414388545607,128.31032064734973,129.12037465306724,19084000
2021-07-21,131.69923400878906,131.71587428440154,129.71382786408205,129.89806814697903,14742000
2021-07-22,132.4223175048828,132.59711620003762,131.50011571895737,131.748416553136,13608000
2021-07-23,136.87928771972656,137.86504978505846,133.7849693061165,134.34066056062528,26378000
2021-07-26,138.69537353515625,138.76340468505092,136.71542307644862,137.31035085997834,23052000
2021-07-27,135.86671447753906,139.05937415065188,134.18175774452874,139.05937415065188,42164000
2021-07-28,135.45455932617188,138.72666234133217,135.42327924102779,137.62023541491996,54688000
2021-07-29,135.61245727539062,136.21931206381885,135.21269662785772,135.4536472130092,19284000
2021-07-30,134.30194091796875,134.8485543487223,133.8979064812412,134.58997837124872,23954000
2021-08-02,135.06520080566406,135.09598076758107,133.75416538197373,134.56362836863565,20140000
2021-08-03,135.35374450683594,135.40886353152425,133.27149718319697,135.07564879525208,19064000
2021-08-04,135.10394287109375,135.60997092214097,134.49460265400916,135.3234338643048,16528000
2021-08-05,136.00926208496094,136.0191886621146,134.67837330254665,135.10395824854584,11866000
2021-08-06,136.10458374023438,136.1483364490167,135.12180727361948,135.36862286600922,13560000
2021-08-09,137.06402587890625,137.3813580573663,135.50147671572054,136.0181891004856,12374000
2021-08-10,137.15789794921875,137.609807275343,136.2938159163437,137.14101519026298,16034000
2021-08-11,136.753662109375,137.90403871877487,136.41647674857114,137.34313407637697,15204000
2021-08-12,137.4489288330078,137.47723852691797,135.84938566183644,136.77702825511324,14646000
2021-08-13,137.4652862548828,137.73145488877051,137.0670108065785,137.41710826210658,12580000
2021-08-16,137.97181701660156,138.04580410850207,135.24026571710425,137.06204251560223,18040000
2021-08-17,136.3673095703125,137.7756710534001,135.85779581736506,137.25174482040944,21272000
2021-08-18,135.64178466796875,137.35406622148543,135.49379531221848,136.18356362124237,14934000
2021-08-19,135.9829559326172,136.51779391929063,134.4360464379661,134.54678461961646,18296000
2021-08-20,137.49607849121094,137.67237752864176,135.53946682383835,136.15127737495007,15564000
2021-08-23,140.1405029296875,141.21067896594838,137.8049382603651,138.05378468839604,21090000
2021-08-24,141.4306640625,142.03553362463055,140.39276839296426,140.58147945198533,15126000
2021-08-25,141.97842407226562,142.33896345618618,141.47139567258316,141.91187811031543,12838000
2021-08-26,141.1570281982422,142.16194633566536,141.1257481150613,141.64915908057404,14922000
2021-08-27,143.5680389404297,144.02540408531675,141.05473570762118,141.14660579968208,24562000
2021-08-30,144.4807891845703,145.49386082231186,143.61720725668386,143.7209892450342,16916000
2021-08-31,144.47332763671875,145.11890364656045,144.01446218702657,144.89295658963923,26756000
2021-09-01,144.85072326660156,145.8225728736353,144.6247762272692,144.6600269358001,15824000
2021-09-02,143.23878479003906,145.33047378513322,143.12706153982109,144.95752241988444,21844000
2021-09-03,143.79098510742188,144.3888983959114,142.52962797359217,143.16626248612272,19104000
2021-09-07,144.52993774414062,144.8328726093159,143.5585881394308,143.76566713276492,15170000
2021-09-08,143.89877319335938,144.56173216985547,143.2199165378978,144.40530143364808,15486000
2021-09-09,143.92855834960938,144.67941673959078,143.4523251465258,143.89876346425862,14798000
2021-09-10,140.9564208984375,145.02656031291679,140.77813652859197,144.4549712876623,32896000
2021-09-13,142.48988342285156,143.21094683421506,141.3154255711307,142.2276854346635,20176000
2021-09-14,142.4313201904297,143.74382588138897,141.93421841606153,143.18117838664207,18916000
2021-09-15,144.21905517578125,144.5920064872075,141.2891088151266,142.78189914089353,20648000
2021-09-16,143.39224243164062,144.213117327754,142.44159458739804,144.13465947974922,20292000
2021-09-17,140.5020294189453,143.26908959112603,140.1027536523281,142.821150859102,60040000
2021-09-20,138.07212829589844,138.41528473171914,136.12147271475675,138.05544255479353,34918000
2021-09-21,138.69737243652344,139.85455376648324,137.9614114151825,139.16467934507432,18130000
2021-09-22,139.9805908203125,140.62119603940354,138.52380878375874,139.0986258018544,22068000
2021-09-23,140.862548828125,141.28560285700897,140.13749954100814,140.64701329530078,17272000
2021-09-24,141.66354370117188,141.93221291866206,139.89315783425127,139.98801346558426,14950000
2021-09-27,140.5392608642578,141.5314638843748,139.5450573737169,140.62317453651056,18844000
2021-09-28,135.25839233398438,138.65763094362842,134.77767324858462,138.1431463436552,42190000
2021-09-29,133.606689453125,136.46463420712936,133.33753525421145,136.17779403129396,26338000
2021-09-30,132.35972595214844,134.6684202783138,132.09602758880325,133.41201881760085,35294000
2021-10-01,135.5349884033203,136.13935777628745,132.47096495519594,132.64676386505874,28388000
2021-10-04,132.85581970214844,134.7776653863082,130.27498578434896,134.77716526875167,31530000
2021-10-05,135.25144958496094,136.4283930868425,133.08924403125957,133.08924403125957,24126000
2021-10-06,136.4204559326172,136.91507228888156,133.5724374642842,133.71050024596047,19764000
2021-10-07,138.23948669433594,139.2018493215567,137.62122011994975,137.91918411443467,18250000
2021-10-08,139.10406494140625,139.3632925486433,138.48167620279116,138.9550905257886,18924000
2021-10-11,137.90379333496094,139.80692269639079,137.86307163756283,138.84981883428435,16584000
2021-10-12,135.7837677001953,138.74550905224567,135.32391722843695,138.6883895707159,22536000
2021-10-13,136.9627227783203,137.60831398700387,136.0455070894087,136.81374835212816,16380000
2021-10-14,140.4508514404297,140.6887255432517,138.39194317635042,139.0007681210923,21426000
2021-10-15,140.71206665039062,141.23349226932052,140.10571197349168,141.23349226932052,21250000
2021-10-18,141.98883056640625,142.02682434979795,140.2537104011497,140.2537104011497,16564000
2021-10-19,142.84449768066406,143.12754911615338,142.12341895814004,142.31760100252214,15316000
2021-10-20,141.44703674316406,143.26734361153143,140.9474647136511,143.24226195551748,17940000
2021-10-21,141.81002807617188,141.87855932798774,140.67429155641642,141.22552712083464,14850000
2021-10-22,137.68280029296875,140.59636420413273,136.23818786571272,139.39706703841122,30182000
2021-10-25,137.82977294921875,138.25963155473733,135.81904279111734,137.86702412861393,21082000
2021-10-26,138.7227020263672,139.88226274953007,138.06072808223016,139.6503596979462,28258000
2021-10-27,145.43228149414062,148.10448575533377,138.9516208762769,138.9516208762769,51850000
2021-10-28,145.1357879638672,146.42248440447239,143.77957518003032,146.29783388712323,32418000
2021-10-29,147.26272583007812,147.60291186449984,144.17983441117272,144.53093210170812,28954000
2021-11-01,142.79681396484375,147.39087936586967,142.60363216365525,147.15796094565582,32272000
2021-11-02,144.8716278076172,145.92193550800826,143.65793318413486,143.82518465275882,21150000
2021-11-03,145.7923126220703,145.9120074468041,144.06761901113322,145.28081350462404,17886000
2021-11-04,147.67245483398438,148.93084180219506,145.63837021684802,146.1995325438334,24700000
2021-11-05,148.2266387939453,149.5473584112733,147.64163761262552,148.3383771869888,20408000
2021-11-08,148.33639526367188,150.00795498418364,148.10646240892873,148.9804861104016,18388000
2021-11-09,148.23410034179688,149.3564097124549,146.5044360276713,148.72821653544935,16876000
2021-11-10,145.62942504882812,147.6893185020603,144.33725757284623,147.00376336157126,22708000
2021-11-11,145.75057983398438,147.49289849249797,145.69744613170067,146.10713334614317,12464000
2021-11-12,148.6283721923828,148.8409221489603,145.4585665725729,146.8267063144616,17048000
2021-11-15,148.3726348876953,149.4542376202083,147.64212983770736,148.98047473967068,16248000
2021-11-16,148.06277465820312,148.81413317433152,147.34171114537742,148.1566300636326,17254000
2021-11-17,148.04885864257812,148.6090358208911,147.5532572551044,148.21473098023026,15290000
2021-11-18,149.68466186523438,150.57953892529528,147.98579274933263,148.13228173562428,26658000
2021-11-19,148.9333038330078,150.81791359337745,148.86874319950553,149.97368480232643,19766000
2021-11-22,146.078857421875,149.71994106936566,146.006340366025,149.1212851153036,24608000
2021-11-23,145.75953674316406,146.69016469557673,143.90472174702623,146.11311989749078,18126000
2021-11-24,145.7202911376953,146.00087225767157,144.21211836381826,145.35529623148872,16464000
2021-11-26,141.83538818359375,144.309454901125,141.51707089517092,144.0298739957344,16992000
2021-11-29,145.1208953857422,145.86381249404158,143.3177289782317,143.3177289782317,26276000
2021-11-30,141.4838104248047,145.63192296048572,141.1004323259518,144.4616930257455,41590000
2021-12-01,140.6554412841797,145.5034141829971,140.53824706981743,143.23230457794105,28476000
2021-12-02,142.79928588867188,143.69167751847058,140.02376969627727,140.86005722626084,21250000
2021-12-03,141.55184936523438,144.2260545883422,140.19066532771865,143.51343230289442,26688000
2021-12-06,142.8191375732422,143.37037323007655,139.69105367175214,142.59816137902388,22198000
2021-12-07,147.03033447265625,147.2920475344647,144.7121984110845,144.9580137948666,23258000
2021-12-08,147.70970153808594,148.14272764487512,146.19952810549825,147.32333792325784,18964000
2021-12-09,147.099365234375,148.58816989341202,146.52629107389916,147.1688815821325,18580000
2021-12-10,147.66448974609375,148.38455297770417,146.35593967200518,148.08660413983958,21634000
2021-12-13,145.70738220214844,147.55275550901322,145.36522599147315,147.4350611682193,24104000
2021-12-14,143.9851837158203,144.453475676983,141.27571311088354,143.7860459692288,24778000
2021-12-15,146.36688232421875,146.5146140427253,141.73558084850194,143.38478694937584,27280000
2021-12-16,143.8540496826172,147.5418102856595,143.11311797989157,147.07053286369882,27400000
2021-12-17,141.8323974609375,143.4782390274072,140.8242967688565,141.74449800342808,43404000
2021-12-20,141.4336395263672,141.64121864546996,139.2967582112902,139.72343430964892,20264000
2021-12-21,143.2402801513672,143.70861757420647,140.77166924607343,142.17704523650013,19548000
2021-12-22,145.95022583007812,146.30180849641584,142.98451336151084,143.12059081144602,18438000
2021-12-23,146.1424102783203,147.56278972961212,145.9520624884691,146.08976153453503,13818000
2021-12-27,147.0576171875,147.41765633735955,146.24915448225912,146.4612043111447,13256000
2021-12-28,145.45263671875,147.36604132348995,144.94362305228609,147.36604132348995,18624000
2021-12-29,145.50872802734375,146.1833562766642,144.51552490598095,145.43424082425693,17022000
2021-12-30,145.01016235351562,146.06295539127672,144.76781748297324,145.45461535948124,12978000
2021-12-31,143.69615173339844,145.37019687634756,143.69416641809505,144.55477786949103,17298000
2022-01-03,144.08847045898438,144.56074822207472,142.5271637905284,143.49354263214246,25214000
2022-01-04,143.43495178222656,145.6135400008662,142.8386751586961,144.56124701942412,22928000
2022-01-05,136.71788024902344,143.31721868134423,136.58875900213312,143.20100955914293,49642000
2022-01-06,136.61610412597656,138.7366029033195,135.83396560825292,136.56297041590392,29050000
2022-01-07,136.07333374023438,137.31508044590208,134.86609515369383,136.96771083741976,19408000
2022-01-10,137.6321563720703,137.6977020902201,132.23558416953537,134.18076891311077,34096000
2022-01-11,139.06582641601562,139.37570228850257,135.88360867858768,137.24130661904286,23502000
2022-01-12,140.6852569580078,141.8435900132155,140.15290447174183,140.59240178439916,23642000
2022-01-13,138.1853485107422,142.21229517301762,137.96982814883617,140.87643568208395,26566000
2022-01-14,138.83642578125,140.24081684047127,136.5654671823573,136.5654671823573,23826000
2022-01-18,135.36416625976562,136.45768099201436,134.69525137857937,135.6715718841705,27382000
2022-01-19,134.72999572753906,137.45883429829988,134.57903599165317,136.0077658521999,20796000
2022-01-20,132.5990753173828,136.97463405635267,132.23953626549041,135.58614103682268,21930000
2022-01-21,129.20777893066406,133.84455060592666,129.1174092047253,132.10793029814172,41920000
2022-01-24,129.4858856201172,129.88963206882565,123.794789887795,125.17091648897643,55148000
2022-01-25,125.87410736083984,128.4594198525649,125.51903901665523,127.56255743673402,36008000
2022-01-26,128.361572265625,131.90481396879233,126.28925196599668,129.70487277094642,39630000
2022-01-27,128.24339294433594,131.70863187790096,128.0685942727313,130.46815841958804,30248000
2022-01-28,132.38356018066406,132.46400333370082,127.8197903579095,129.11641335044254,30518000
2022-01-31,134.7761688232422,134.92018751229728,131.37494538356475,133.28586409572353,34056000
2022-02-01,136.94137573242188,137.26069326120614,133.6536327473979,136.8981837553438,51204000
2022-02-02,147.03033447265625,151.06622298026883,144.56817969394015,150.83131925347337,89750000
2022-02-03,141.68092346191406,148.10417567833292,141.23845582306743,144.30744992062452,56930000
2022-02-04,142.04397583007812,143.55289140192704,138.86721335908675,142.04496091029878,49224000
2022-02-07,137.99368286132812,142.86881432216353,137.75630885004662,142.73225190017172,44610000
2022-02-08,138.26681518554688,138.8866731285126,135.94272298766495,138.0465815573427,34256000
2022-02-09,140.4915771484375,141.20917010781585,139.42288648916647,139.89242112628284,28628000
2022-02-10,137.6604461669922,140.46972797265894,137.11171107310065,138.5518527480684,33018000
2022-02-11,133.21836853027344,138.33658768929035,132.382581010914,137.80696310064772,38808000
2022-02-14,134.3804168701172,135.24102842531744,132.39599547702588,132.45905576690186,26792000
2022-02-15,135.49826049804688,136.96272612403433,134.61828081664774,136.5371411862396,26578000
2022-02-16,136.55303955078125,137.008419376831,133.90729609790216,135.50321689003454,25610000
2022-02-17,131.40924072265625,135.9094355299163,131.3034582669167,135.22462294717934,30968000
2022-02-18,129.58074951171875,132.91444267162132,129.4213938501965,132.13328925103136,31858000
2022-02-22,128.52297973632812,131.0042601787714,126.87277350874811,129.10152487204434,38906000
2022-02-23,126.71783447265625,130.85352664157858,126.63689119712654,130.187597326834,26432000
2022-02-24,131.77174377441406,132.13278321849418,123.91651024825589,124.15040615809976,43166000
2022-02-25,133.60519409179688,134.46879103459742,130.8694146358547,132.61794687073737,26236000
2022-02-28,133.97418212890625,134.71858442717448,131.92247245359022,132.37859484962794,29676000
2022-03-01,133.256103515625,135.1858907943642,132.47196451652619,133.5659794382893,24640000
2022-03-02,133.83563232421875,134.69375841500843,132.5255969050421,133.69335643385028,23966000
2022-03-03,133.39517211914062,135.7846285037579,132.5241337553367,135.05432023558305,19780000
2022-03-04,131.2239990234375,133.28689328782372,129.52214421761676,132.47594498459415,24446000
2022-03-07,125.60496520996094,131.00750130702747,125.55083884037954,131.00750130702747,39178000
2022-03-08,126.4134292602539,130.35446224720434,125.00531019351016,125.39241639194996,35250000
2022-03-09,132.95614624023438,133.28639057084638,129.20382440838281,130.50690358230835,32258000
2022-03-10,131.7801971435547,132.630866855554,130.5078979922521,130.5689729586585,24266000
2022-03-11,129.58868408203125,133.28787210455567,129.4108998529499,133.08873436948377,26600000
2022-03-14,125.87956237792969,130.13544166879467,125.55379640056044,129.68551771558873,30254000
2022-03-15,128.77923583984375,129.63014804550917,125.70774845532965,126.87327251796893,30292000
2022-03-16,132.7818603515625,132.86180340191797,128.32287190648438,130.10964075840084,32058000
2022-03-17,133.68563842773438,133.82370118602773,131.81692641081665,132.4148396932478,23994000
2022-03-18,135.8717041015625,135.98294238982905,132.0285121724344,132.9740376227,45900000
2022-03-21,135.5509033203125,136.6474036948022,133.6965883073058,135.91739862875295,26632000
2022-03-22,139.3240509033203,140.5382453885067,135.57222965039693,135.57222965039693,29776000
2022-03-23,137.56211853027344,139.07327688827186,137.22741861816172,138.19281228361012,25302000
2022-03-24,140.35154724121094,140.43547607592194,137.101191703657,138.3259192080811,20544000
2022-03-25,140.5596160888672,140.99464263672576,138.74999354923477,140.7905340303311,19270000
2022-03-28,140.98519897460938,141.01152334676246,138.87777915970216,139.7282973460028,23774000
2022-03-29,142.2763671875,143.18267122550785,141.5155670635571,142.18748264880705,28678000
2022-03-30,141.6749725341797,142.50528894244454,141.2017097613591,141.89893427546133,21046000
2022-03-31,138.70033264160156,141.6749713070503,138.67003764113167,141.48030433304538,29516000
2022-04-01,139.7436981201172,139.9919989395044,137.85363240418224,139.05838543379573,23480000
2022-04-04,142.6661834716797,143.06470138090626,139.8673286650979,139.8673286650979,19076000
2022-04-05,140.10423278808594,142.6140502336185,139.98553821089865,142.42485422983833,19256000
2022-04-06,136.24363708496094,138.89797324343422,135.49089950949372,138.21564616094292,23574000
2022-04-07,135.53749084472656,136.76559793501727,133.94067580488647,135.68945083527822,19448000
2022-04-08,133.09967041015625,135.32395116568017,132.84342832050183,135.32395116568017,16434000
2022-04-11,128.914306640625,132.03564686822963,128.73652239994706,131.99671346832326,24188000
2022-04-12,127.5019760131836,131.52345225258287,126.70890310200467,131.52345225258287,23004000
2022-04-13,129.4004669189453,129.76770477005434,127.5656264653459,127.75224609635269,19542000
2022-04-14,126.38809204101562,129.82184647624504,126.24755899392567,129.76151410695084,23484000
2022-04-18,127.09127807617188,127.83718073982732,125.71812943757428,126.544028184169,14918000
2022-04-19,129.64382934570312,130.0140376416202,126.58525381886739,127.2064984385817,22720000
2022-04-20,127.37384796142578,131.02684338606394,127.02478860174018,130.39169402041003,22610000
2022-04-21,124.08833312988281,129.42182982228826,123.8027887062224,128.47084860610641,30158000
2022-04-22,118.80101013183594,124.59933564713744,118.33073288613822,124.15040432972323,46410000
2022-04-25,122.41230010986328,122.44010967951982,117.96200363333601,118.61776389439238,34522000
2022-04-26,118.69374084472656,121.9156953668597,118.35193320549877,121.9156953668597,49394000
2022-04-27,114.23873901367188,116.7013863853642,112.3553793997809,113.59564079374665,62238000
2022-04-28,118.5998764038086,119.61989645827704,114.3612816550315,116.31898422905778,36790000
2022-04-29,114.18511199951172,118.15146932582664,113.91446499658491,116.77886611846985,33694000
2022-05-02,116.36071014404297,116.54197246397206,112.62874925812542,113.13230706125103,30280000
2022-05-03,117.32659912109375,118.48914516775888,115.83430888353642,115.97137141053472,21216000
2022-05-04,121.74188232421875,122.30602254431851,114.95185399011818,117.20145868947985,33232000
2022-05-05,115.9530029296875,120.40926300704201,114.39963763262759,119.40339009736124,43090000
2022-05-06,114.87389373779297,116.69989134036265,113.36719849844387,114.7338456511006,35310000
2022-05-09,112.31539916992188,114.77744789119988,111.78651721177197,112.53340498595678,34520000
2022-05-10,113.80570220947266,115.89788360569034,112.6126640760728,115.2517998529397,31158000
2022-05-11,113.18643188476562,115.87801172984584,112.87754865050653,112.9376385371114,36502000
2022-05-12,112.39187622070312,114.07584796875001,109.36508870592871,111.17718906861133,41464000
2022-05-13,115.72357940673828,117.28240813192909,113.22517365203589,114.06492417413358,29738000
2022-05-16,114.01228332519531,115.81494200663734,113.55788861117713,114.59976235970011,23282000
2022-05-17,115.9083023071289,116.43072815630083,114.55357472870793,116.43072815630083,21576000
2022-05-18,111.63704681396484,114.90930135246086,111.37980448800577,114.45427007892951,27982000
2022-05-19,109.99279022216797,112.81547673433059,109.71717995492365,111.08084912114552,29192000
2022-05-20,108.57003784179688,111.78503649794904,105.65001766138406,111.32369313228837,37586000
2022-05-23,110.90751647949219,111.24421683515118,108.41234664078378,109.35563654883188,31558000
2022-05-24,105.20604705810547,105.67185355002357,101.51331517236112,105.65447825255532,60386000
2022-05-25,105.12013244628906,105.82053954981045,103.5029491848717,104.4273710798225,37900000
2022-05-26,107.55994415283203,108.21471938095945,104.77103056977111,105.32970743609883,30288000
2022-05-27,112.03234100341797,112.10086469507475,108.80542298250522,109.04229687404464,29924000
2022-05-31,113.263916015625,115.64214211698203,111.80738399886378,112.31044172803833,51302000
2022-06-01,113.36123657226562,116.60106649560727,112.77872082459464,114.15033877086611,28630000
2022-06-02,116.94570922851562,117.09667654320671,112.5378697956403,113.4118934841274,27472000
2022-06-03,113.78533935546875,115.5736007647939,112.89542555147902,115.20412752147398,25052000
2022-06-06,116.21520233154297,118.58697208336689,115.73627912507483,115.94902611405952,23786000
2022-06-07,116.4327163696289,116.94833760160844,114.34302049846592,114.86196827015152,26414000
2022-06-08,116.44116973876953,117.83960474098375,115.90359632038924,116.08213073971825,22544000
2022-06-09,114.13693237304688,117.54560519921974,114.08627652096877,115.55075728502685,23142000
2022-06-10,110.67015075683594,112.72558859918094,110.10750330953636,112.01470175076729,31324000
2022-06-13,106.15009307861328,108.47617042658251,105.86360145932794,106.71571852617872,36756000
2022-06-14,106.4654312133789,107.72033996425871,105.6291512136606,106.16349657161695,25480000
2022-06-15,109.64020538330078,111.30133841155991,107.38389452427676,108.15933443940176,33192000
2022-06-16,105.91122436523438,108.5476776894181,105.0734591737636,107.41443392201762,35314000
2022-06-17,107.13236999511719,108.50695842698342,104.91062020376842,105.81091527153718,43516000
2022-06-21,111.253662109375,111.90718700263724,108.55066284303653,108.95638703991682,39010000
2022-06-22,111.27252197265625,112.99623021836342,109.97172375218761,110.40744739575729,23922000
2022-06-23,111.91861724853516,112.42713836119685,110.27436690601084,112.18230805303997,24710000
2022-06-24,117.73233032226562,117.83114901539105,112.83086706945218,112.83086706945218,39122000
2022-06-27,115.82984161376953,118.43948553324545,115.21231762490287,118.12662409004317,32840000
2022-06-28,111.80638122558594,117.05545640991579,111.67974538764318,115.56018814367552,28232000
2022-06-29,111.49351501464844,112.89194226797524,110.7957903744075,111.3862473719189,18628000
2022-06-30,108.62911987304688,110.5731224594056,106.58063817299123,109.74845884295402,38046000
2022-07-01,108.339599609375,109.06001898117707,106.37703214586809,107.60065315455192,31028000
2022-07-05,113.11294555664062,113.27741605898653,105.52735078631547,106.78375993547321,36398000
2022-07-06,114.43042755126953,115.5611859137045,111.48756876631111,113.31655194729665,28852000
2022-07-07,118.49510955810547,119.04733033593438,114.74874365655043,115.21952861601214,32184000
2022-07-08,119.35174560546875,119.61642905396496,116.71528477183757,116.75104317989522,29082000
2022-07-11,115.73052978515625,117.98709081883325,115.44448523633669,117.84357221556846,26718000
2022-07-12,114.06889343261719,117.0485030317856,113.83598261451813,116.04437302073772,24970000
2022-07-13,111.42449188232422,114.37430681051723,111.06296746769611,111.8734232163138,38958000
2022-07-14,110.68257904052734,111.22635845772393,108.58244870643873,110.07274620815696,32366000
2022-07-15,112.00054931640625,113.22567073995222,111.06247266484746,112.19521630493217,34330000
2022-07-18,109.1629638671875,114.01972675406553,108.55710932830965,112.66896983894824,33354000
2022-07-19,113.84095764160156,114.0296611037204,109.74895758124637,110.97060089567981,30992300
2022-07-20,113.92041015625,115.53933630923396,112.49020262380105,113.2847606801528,26780100
2022-07-21,114.25810241699219,114.42694515033254,111.14937898253623,114.30775803280672,27267800
2022-07-22,107.62350463867188,112.41074399445272,106.86866804792542,111.05005281577733,44455300
2022-07-25,107.47453308105469,109.82842773723041,106.28269209776126,108.13997750376785,28289900
2022-07-26,104.72335815429688,107.00772119291918,104.04797960863033,106.69983059538612,36626600
2022-07-27,112.82788848876953,113.62245412544925,107.68309531399403,108.85507546044991,41474600
2022-07-28,113.8111572265625,113.92041019069406,111.09077509027343,112.03333007032592,23303800
2022-07-29,115.84722137451172,116.10545632985595,112.46040238141096,112.62924510786948,31336200
2022-08-01,114.69511413574219,116.3239668523193,113.91048266241526,114.74476975149842,22856200
2022-08-02,115.11226654052734,116.28424676364207,113.48341369857668,113.65225644471474,17911000
2022-08-03,117.9726791381836,118.60832860290465,115.36055735589358,115.54926081797245,25302800
2022-08-04,118.06207275390625,118.6877880718941,116.90995334962962,117.49594720595361,15757700
2022-08-05,117.41648864746094,118.05213811703545,115.916749628212,116.13525555416687,15615700
2022-08-08,117.33704376220703,120.03855810041402,117.02915314694705,118.310386384297,17061100
2022-08-09,116.70138549804688,117.39662476361512,115.76777198924981,117.18805298394464,15424300
2022-08-10,119.8299789428711,120.95229593723543,118.54874578423936,118.77717829844902,20497000
2022-08-11,119.00562286376953,121.50849192474884,118.73746129841248,121.25026451441688,16671600
2022-08-12,121.8163833618164,121.8163833618164,119.58167598999256,120.33651260174194,16121100
2022-08-15,122.0448226928711,122.4222448086092,120.74372875292782,121.37937827912454,15525000
2022-08-16,121.67733764648438,122.39045233747291,120.7089659505267,121.48862659584758,15626200
2022-08-17,119.5022201538086,121.31978400230632,119.38303303049176,120.10807476997451,17589200
2022-08-18,120.03854370117188,120.86290420560644,118.73744988691108,119.41282839044769,15652000
2022-08-19,117.31717681884766,119.18439629962747,116.87023078620014,119.05528259821722,20187000
2022-08-22,114.28789520263672,115.70817612252117,113.89061239572106,115.31089331560553,19316000
2022-08-23,113.98994445800781,115.14206397427968,113.52314525145644,113.543005984219,14390700
2022-08-24,113.92041015625,114.93050374532602,113.00666498155272,113.67210934285143,16051200
2022-08-25,116.90001678466797,116.97947486143589,114.26803429519929,114.36735310238954,14874700
2022-08-26,110.54351806640625,115.80749042633003,110.46405999260524,115.02285899700776,31698700
2022-08-29,109.59004211425781,111.19903409464067,109.06364560826388,110.02705396566685,20386100
2022-08-30,109.1629638671875,110.61303958362895,108.06050774415003,110.27534656608022,20548200
2022-08-31,108.40813446044922,111.01032208279608,108.30881565259938,110.87127423629843,25898000
2022-09-01,109.79862976074219,110.464074164737,107.45466932566379,108.45779922032823,22784400
2022-09-02,107.94132995605469,110.91597642992579,107.39506513529723,110.58324667157567,20618100
2022-09-06,106.7494888305664,108.13996732096346,105.7860804639774,107.40003574804634,20565100
2022-09-07,109.72909545898438,110.2356236471069,106.88356276802085,107.0275814788406,22987200
2022-09-08,108.67630004882812,109.82841947992603,107.32554299462903,108.43793338559875,21660700
2022-09-09,111.02024841308594,111.23875432148077,109.25234799431146,109.30201118350621,21732900
2022-09-12,111.10964965820312,111.87441282213105,110.17603618382878,111.22882919788367,19732900
2022-09-13,104.59423065185547,108.6266409540578,104.28634007264407,108.14990006532268,33015000
2022-09-14,105.15042877197266,105.37886127163304,103.78973761787205,104.72335107963008,22115800
2022-09-15,103.19381713867188,105.488114175741,102.60782329250287,104.29627333045454,26494900
2022-09-16,102.92565155029297,103.32293437151624,101.16272181821269,102.27014133618319,64540100
2022-09-19,103.14414978027344,103.31299250398746,101.67421330229175,101.84305602600577,19738600
2022-09-20,101.13789367675781,102.46878245915885,100.43272024432356,102.1807525933691,24001700
2022-09-21,99.33026123046875,102.78660436929312,99.31039292163136,101.54510028084249,26596800
2022-09-22,99.8864517211914,100.98890794782774,98.7343398779962,98.77406134022748,21272700
2022-09-23,98.4959716796875,99.42958522770691,97.34385976583845,99.3799220305629,25657000
2022-09-26,98.13842010498047,99.7573464071268,97.71134236348385,97.9397824669756,22437900
2022-09-27,97.42330169677734,99.7771960919519,96.67839927042913,99.23093885915345,24225000
2022-09-28,100.0552978515625,100.71081566371073,97.13528531596889,97.35378367581184,24617000
2022-09-29,97.42330169677734,98.62508427952042,95.8639729207233,98.62508427952042,21921500
2022-09-30,95.49649810791016,98.81777167666374,95.37731098487271,97.06576112897415,26277800
2022-10-03,98.62508392333984,99.29052826986492,96.3605741902864,96.55921938311879,24840000
2022-10-04,101.71395111083984,102.02184170152195,100.35325989509371,100.35325989509371,22580900
2022-10-05,101.52523803710938,102.0417003960936,99.06209062819975,100.00563826788984,18475500
2022-10-06,101.54510498046875,103.02498337822091,100.81013664780187,100.81013664780187,17156200
2022-10-07,98.89324951171875,100.7306740498155,98.53569572751684,99.9659108643245,24249900
2022-10-10,98.0390853881836,99.31038425136023,97.20479835080103,99.17133641179646,16529900
2022-10-11,97.38357543945312,99.43950573181782,96.58900985946508,97.58221304568066,21617700
2022-10-12,97.63188171386719,98.97071925966215,97.00615882181883,97.60207925147586,17343400
2022-10-13,99.03229522705078,99.84672158959769,94.62247036872678,95.27798815146768,32812200
2022-10-14,96.51949310302734,100.60155910753977,96.37051109853005,99.94107803038207,22624800
2022-10-17,100.09501647949219,101.07828551788228,98.8336517597424,98.84357833583454,23311600
2022-10-18,100.70087432861328,103.51164127263478,99.96590606417412,103.23354558217343,21610500
2022-10-19,99.60834503173828,100.96803584289833,98.95779817952992,100.01555438377231,21573700
2022-10-20,99.84672546386719,102.29993880091689,99.29053404665551,100.13475532707746,25125100
2022-10-21,100.79027557373047,100.92932343139746,97.5623648053156,97.79079732396568,28988700
2022-10-24,102.2701416015625,102.39925529834079,99.61829069764072,101.3961178770954,24680800
2022-10-25,104.2168197631836,104.38566250102328,102.31979787409422,102.59790115573206,29910200
2022-10-26,94.17552947998047,97.87024668893879,93.92722867376058,96.10234616105942,71504300
2022-10-27,91.97062683105469,94.52315908573566,91.27538753115718,93.66900361583868,54036500
2022-10-28,95.92356872558594,96.20166441454593,91.69549886314017,91.90109265695114,35696900
2022-10-31,94.0166244506836,95.69513281131775,93.73852117209412,95.12900725488336,29868700
2022-11-01,89.88489532470703,95.51139272035945,89.81537139938067,94.94029629746328,43220600
2022-11-02,86.47821807861328,90.6794717142661,86.41862830056758,90.29212300188809,43553600
2022-11-03,82.92253112792969,85.96173800234615,82.88280209154411,85.75812953244713,48510400
2022-11-04,86.1107177734375,86.14052023573473,83.30988494310704,84.92881107198549,40173300
2022-11-07,88.0474624633789,88.33549229174598,86.36894668265106,86.74636115902575,26899900
2022-11-08,88.30570220947266,89.79053617849021,87.05426402656451,88.55400301526575,30172000
2022-11-09,86.80596160888672,88.8817526695531,86.76623257139283,87.94317594418506,26743900
2022-11-10,93.52994537353516,93.907367446618,91.02707659419585,91.71238166301086,42371200
2022-11-11,96.07254791259766,96.69826319444732,93.52001601713935,94.06627322517157,30569100
2022-11-14,95.37731170654297,96.51949701728984,94.46654446211343,94.85091516983924,24170100
2022-11-15,98.04901885986328,99.73746122998911,96.36056891219857,97.99935566999062,31831000
2022-11-16,98.31719207763672,99.17134751777705,97.23658943843006,97.35378366881285,24660200
2022-11-17,97.83052825927734,98.80387085932485,96.44004207815523,96.51950016337138,21818700
2022-11-18,97.1352767944336,98.48603376380899,96.08247624099918,98.33705176706893,24969900
2022-11-21,95.17867279052734,98.04902968311204,95.01975662742383,96.89691023323071,18696900
2022-11-22,96.66846466064453,96.88497767394323,93.7683132736775,95.5064187907181,18868900
2022-11-23,98.14834594726562,98.39565410483331,96.67840178689299,96.67840178689299,17568900
2022-11-25,96.9366455078125,98.26754193800278,96.8671215763687,97.79576428441243,8567800
2022-11-28,95.59580993652344,97.16507284292202,95.2382561710772,96.5393499646215,19974500
2022-11-29,94.79132843017578,95.73486856455261,93.74846190056765,95.34751987127875,20220000
2022-11-30,100.76046752929688,100.76046752929688,94.02655065004306,94.4734966628274,39888100
2022-12-01,100.59162902832031,101.89272292672392,99.98577440901639,100.71081615225447,21771500
2022-12-02,100.14468383789062,100.46250856946295,98.49596283330087,98.69460802649564,18821500
2022-12-05,99.19120788574219,101.05842720345457,98.67970883582956,99.1365814057739,19955500
2022-12-06,96.64859771728516,99.52888841594041,96.10234052217703,98.99255779667037,20877600
2022-12-07,94.50328826904297,96.64860329233407,94.37913786605618,96.11227264212648,26647900
2022-12-08,93.31144714355469,95.21840324133728,93.16247271036373,95.0396263439683,25593200
2022-12-09,92.43743133544922,93.84777821058353,92.3877681391606,93.26179189758514,21885300
2022-12-12,92.92408752441406,93.23694895236896,91.2753741783329,92.45728081525563,27380900
2022-12-13,95.19853210449219,99.1216895753665,94.73172535425174,97.40344458071074,34788500
2022-12-14,94.66220092773438,96.55922280441791,93.30151730193226,94.89064101320092,26452900
2022-12-15,90.58013153076172,93.39089848982981,89.81536837789909,92.90423102891724,28298800
2022-12-16,90.24244689941406,91.1263971758981,89.39822566179373,90.58013236344645,48485500
2022-12-19,88.5440673828125,90.58012940979408,88.32059817683806,90.26230468678754,23020500
2022-12-20,89.02080535888672,89.16978736321556,87.44161581460381,88.12692848799274,21976800
2022-12-21,89.63658905029297,90.29707008944192,88.30570039579547,89.12012671896804,20336400
2022-12-22,87.66011047363281,88.57385553564636,86.34908264366686,88.32555475286843,23656100
2022-12-23,89.19957733154297,89.48760717002418,87.02446746738481,87.02446746738481,17815000
2022-12-27,87.33235931396484,88.89168806405394,86.94004737673795,88.70297702770877,15470900
2022-12-28,85.87235260009766,87.9183488825412,85.78296794428115,86.90528489558999,17879600
2022-12-29,88.34542846679688,88.75760873609705,86.39875095299075,86.4384799933794,18280700
2022-12-30,88.1269302368164,88.22624904916005,86.43848011681591,86.77120230581392,19190300
2023-01-03,89.09033203125,90.92776417873544,88.41495349133301,89.21945330850191,20738500
2023-01-04,88.10707092285156,90.61987426162709,87.20325978745099,90.39144172766956,27046500
2023-01-05,86.18023681640625,87.61045182410166,85.97166505737383,87.4714039847467,23136100
2023-01-06,87.56079864501953,87.86868921535695,84.98839839038199,86.76623304587501,26612600
2023-01-09,88.19644165039062,90.21264280732377,87.97793574771123,88.58875355562785,22996700
2023-01-10,88.63345336914062,88.8668567324073,86.11071627710662,86.13058458495952,22855600
2023-01-11,91.6329345703125,91.8216380363287,89.13005812040355,89.44788285939553,25998800
2023-01-12,91.28531646728516,91.99048988187711,89.95442014101864,91.7719839493901,22754200
2023-01-13,92.16926574707031,92.34804263733666,90.31197291916662,90.90590804551623,18630700
2023-01-17,91.53361511230469,92.33810731959731,90.22257954851013,92.14939627737729,22935800
2023-01-18,91.15619659423828,92.95190680596515,90.7787820725718,92.30831604596713,19641600
2023-01-19,93.27172088623047,93.75838835723602,90.75891029747898,90.76884445169445,28707700
2023-01-20,98.60521697998047,98.7442648281179,95.25812689297854,95.29784835455546,53704800
2023-01-23,100.52210235595703,100.71081340264897,98.07882321356192,98.45623772940617,31791800
2023-01-24,98.53569030761719,100.40290962876882,98.02915454493625,98.87338334191755,27391400
2023-01-25,96.07254791259766,97.05581694908685,94.61452332595738,96.53934704681242,31000900
2023-01-26,98.48603057861328,98.53568619089461,96.16193120623514,97.61200693402644,24542100
2023-01-27,100.02549743652344,100.88958698363005,98.29732591984958,98.37678399769513,29020400
2023-01-30,97.28425598144531,98.73333916952721,96.85717827788066,98.07385832960358,24365100
2023-01-31,99.19120788574219,99.23093692367725,97.12534337835456,97.1948673003561,22306800
2023-02-01,100.7406005859375,101.4954371374518,97.75105684092641,99.06208475800963,26392600
2023-02-02,108.06050872802734,108.08036945745748,105.81586742547779,106.06416821981836,46622600
2023-02-03,104.50485229492188,107.28581698457972,102.59790378014966,102.80647556355851,36823400
2023-02-06,102.76673889160156,103.98837461479222,101.51530070653128,101.98707072284537,25573000
2023-02-07,107.3056869506836,107.93140231057068,102.84421329966486,102.92565669885428,33738800
2023-02-08,99.32032012939453,102.87598940863623,97.78582300200476,101.99203916568776,73546000
2023-02-09,94.81117248535156,99.92617026088948,93.22204894919946,99.85664634298091,97798600
2023-02-10,94.21525573730469,96.36057069940037,93.88749686415954,95.08927182148604,49325300
2023-02-13,94.35431671142578,94.70193636274934,93.41077657532756,94.36425086647505,43116600
2023-02-14,94.30464935302734,94.5281261553057,92.02028633258648,94.01662706716678,42513100
2023-02-15,96.44002532958984,96.67839196630148,93.71865079264397,94.09606526556563,36964500
2023-02-16,95.12899780273438,97.21472293090793,94.324505664984,94.89063116516736,35642100
2023-02-17,93.94709014892578,95.0992095361386,92.81483906979004,94.4238310347647,31095100
2023-02-21,91.42436218261719,92.78008249699454,91.37469898910733,92.60626889724948,28367200
2023-02-22,91.17605590820312,91.7322472700053,90.25237663804509,91.30914022546922,29891100
2023-02-23,90.45101928710938,91.50381230278894,89.39822627142979,91.50381230278894,32423700
2023-02-24,88.74271392822266,89.51741129495574,88.2560464297052,89.02080964166122,31295600
2023-02-27,89.48760986328125,89.83522947965548,89.00094240035733,89.47767570923075,22724300
2023-02-28,89.6862564086914,90.8284340829204,88.91155150939896,88.93141981779948,30546900
2023-03-01,89.89482879638672,90.58013389010253,89.2393110103965,89.5472091723947,26323900
2023-03-02,91.6825942993164,91.85144461943293,89.15985700522896,89.24924924264828,23328600
2023-03-03,93.3809585571289,93.47035078260345,92.03020921946553,92.10965971400657,30242500
2023-03-06,94.93037414550781,95.64548174079101,93.65907512168873,93.71866489544904,28288200
2023-03-07,93.52994537353516,95.43689373660693,93.20616470053571,94.77144939806718,24101500
2023-03-08,94.0066909790039,95.58588054037929,93.76335345004838,93.76335345004838,25395200
2023-03-09,92.03022003173828,95.26805728523553,91.72729272669056,93.84777628448488,24438900
2023-03-10,90.39142608642578,92.5466752292869,90.18285432203977,91.8712967447107,32850100
2023-03-13,91.03701782226562,92.44736468511762,89.32870693935652,89.94945899985898,31508600
2023-03-14,93.60941314697266,94.18547289264055,92.14940305047024,92.43743292330419,32303900
2023-03-15,95.8937759399414,96.58901517755588,92.40763044267027,92.90423206312043,38367300
2023-03-16,100.38304901123047,101.27693342357118,95.21839530498953,95.91363452706608,54499500
2023-03-17,101.76360321044922,102.78660133674433,100.0652265768613,100.1546112313736,76140300
2023-03-20,101.2372055053711,101.88278912017725,100.104954429728,100.37311596762693,26033900
2023-03-21,105.1206283569336,105.23981547486385,101.16768366482349,101.28687078275374,33122800
2023-03-22,103.51165008544922,106.7792898816501,103.50171593064718,104.42539531119965,32336900
2023-03-23,105.53778839111328,106.37306821219377,104.69356707273279,105.17030042962385,31385800
2023-03-24,105.33911895751953,105.43844533011246,104.02809116119924,105.02129426682183,25236200
2023-03-27,102.3595199584961,104.68361940024222,101.9324422769274,104.60416132517383,25393400
2023-03-28,100.67107391357422,102.29992650610916,99.5984126714057,102.29992650610916,24913500
2023-03-29,101.2073974609375,102.12114249482876,100.34330803555046,102.02182370028201,26148300
2023-03-30,100.63134765625,100.91937749279721,99.60834957534662,100.75053476785062,25009800
2023-03-31,103.29313659667969,103.48184763642851,100.75053873603554,101.01870027577499,28108000
2023-04-03,104.19695281982422,104.23667428015045,101.68414232322633,101.97217216459619,20719900
2023-04-04,104.40553283691406,105.37886782015485,103.88906288138487,104.12742954987694,20377200
2023-04-05,104.23667907714844,105.81587620043213,103.39444313724364,105.39873264995701,21864200
2023-04-06,108.15983581542969,108.88486994702083,104.10260143442055,105.05110478252844,34684200
2023-04-10,106.22308349609375,107.23615504440266,104.88226063748664,106.66009534654383,19741500
2023-04-11,105.39873504638672,106.49125714141704,104.56444034892777,106.1932931257089,18721300
2023-04-12,104.50485229492188,106.8557612899172,104.25655147026279,106.66010163435317,22761600
2023-04-13,107.45466613769531,107.52915335326844,105.71656038395149,105.74635527018073,21650700
2023-04-14,108.71602630615234,108.835213423486,106.8587335097848,106.95805989633256,20758700
2023-04-17,105.69668579101562,105.98471563667432,104.60416375483595,104.71341671620785,29043400
2023-04-18,104.40553283691406,106.32241549456636,104.06783977713886,106.27275229892479,17641400
2023-04-19,104.30620574951172,105.00641588467009,103.09450410586554,103.5066768012728,16732000
2023-04-20,105.18022918701172,106.16151300008715,103.92879092869914,103.93872508324043,22515300
2023-04-21,105.1901626586914,105.91519680716492,104.76804823513352,105.36893197403585,22379000
2023-04-24,106.05423736572266,106.5905680074884,104.64389062860117,105.32920326711391,21410900
2023-04-25,103.89898681640625,106.70975367635846,103.8493236256496,105.88539320604784,31408100
2023-04-26,103.74007415771484,106.292606151167,102.56809404530065,104.84253034725442,37068200
2023-04-27,107.63343811035156,108.40813542704281,103.71028075621857,104.51478053531588,38235200
2023-04-28,107.48445892333984,107.5539828490293,105.31927549503187,107.06731536920317,23957900
2023-05-01,106.9779281616211,107.94133658968804,106.76935637475195,106.98786231648342,20926300
2023-05-02,105.25968170166016,106.99778735502116,103.78973758641469,106.9282634319883,20343100
2023-05-03,105.39873504638672,107.39506818799623,104.90213340523296,105.49805385910953,17116300
2023-05-04,104.49490356445312,105.57749894927852,103.98836783109303,105.4384511130681,19780600
2023-05-05,105.49307250976562,105.71654928810871,104.02710667184996,104.60415899455309,20710600
2023-05-08,107.50431060791016,107.68308748428713,105.07096583601026,105.07592912402055,17266000
2023-05-09,107.20635986328125,109.84331324601239,106.99281722693271,108.04064694542788,24782400
2023-05-10,111.51686096191406,112.73850430738177,107.74269311564817,107.81221704083481,47533500
2023-05-11,116.10546875,117.63500276059749,114.14885701191398,115.07253639566636,57115100
2023-05-12,117.11852264404297,117.45621568135543,115.75783907343545,116.20477749432098,31293800
2023-05-15,116.16504669189453,117.9875736754438,115.68831339386146,115.69823997014691,22107900
2023-05-16,119.27377319335938,120.37622939354988,116.03593609387349,116.03593609387349,32370100
2023-05-17,120.65433502197266,121.44889308123003,118.64806019895335,119.36316775656262,26659600
2023-05-18,122.68045806884766,123.0578801410531,120.66425675010093,120.73378067221154,27014500
2023-05-19,122.41230010986328,125.61934969441552,121.88590360171602,123.35584016285863,30268900
2023-05-22,125.01448822021484,126.18646828720705,122.61093074211966,122.67052808623045,29760200
2023-05-23,122.4520263671875,124.56754650589102,122.21365971519508,124.08087904795757,24477900
2023-05-24,120.81324005126953,121.91569624058509,119.92928978452667,121.05160670428555,23087900
2023-05-25,123.50482177734375,125.12374791339717,122.06468010570865,124.35897717270534,33812700
2023-05-26,124.57747650146484,125.14360201701167,122.45202227975999,123.22175626799147,25154700
2023-05-30,123.79285430908203,125.52102586799191,122.05474859581382,125.43164121138568,27230700
2023-05-31,122.531494140625,124.05109398083634,122.26332500556427,122.859245471475,41548800
2023-06-01,123.52469635009766,124.19014073818477,122.46196912907176,122.66060675677126,25017700
2023-06-02,124.37885284423828,125.88355524057309,123.50482908884814,123.6438769449257,19367500
2023-06-05,125.76932525634766,127.12008228724162,123.53461793608714,123.7630580184978,22672500
2023-06-06,127.0406265258789,128.0040348542417,125.1138098691533,125.73952516500479,19450100
2023-06-07,122.10440826416016,128.66948226061942,121.79651010825953,126.70789980739949,34179300
2023-06-08,121.83624267578125,122.88904328920802,121.18073246132641,121.75182130757703,24815000
2023-06-09,122.03487396240234,123.440257331191,121.58792799766866,121.7269758326866,20304500
2023-06-12,123.50482177734375,123.90210459013463,121.51841529092877,122.55631086147115,22255700
2023-06-13,123.58428192138672,125.00456288601805,123.003258923702,124.79599111076249,19287700
2023-06-14,123.53461456298828,123.94183152300235,121.32970976566907,122.95856245064682,24659600
2023-06-15,124.93502807617188,125.3025159781994,122.30303815147262,123.0380063779888,24517100
2023-06-16,123.216796875,125.83885293614735,122.9486353226839,125.83885293614735,56699200
2023-06-20,123.00822448730469,124.32422337741933,121.99516047767672,122.6953706074044,22698000
2023-06-21,120.43582916259766,122.5712176823766,120.03854634396957,122.39740408124571,22612000
2023-06-22,123.02809143066406,123.09264449030236,118.78710923648109,119.83990985239453,20781900
2023-06-23,122.1838607788086,122.60101190375572,121.03174894631987,121.21052583485735,29573100
2023-06-26,118.28057098388672,121.88590361816736,118.18125217474844,120.64042892943593,23185000
2023-06-27,118.20112609863281,119.0801055576817,116.1154006974822,117.03907248613567,27221700
2023-06-28,120.2570571899414,120.445760663912,116.80070637736142,117.15826017099177,19753100
2023-06-29,119.19432067871094,120.08820509315471,118.39975507086332,119.27377117746433,18517500
2023-06-30,120.14779663085938,121.2005896358522,120.05840439932904,120.27691032358173,23871800
2023-07-03,119.74058532714844,120.19745792784617,118.89140076393556,119.50221866103216,13888300
2023-07-05,121.79651641845703,122.53149230703713,119.24398427267846,119.24398427267846,17830300
2023-07-06,120.10807037353516,120.32657630284791,118.43948859587533,119.82004051921739,17732500
2023-07-07,119.32344055175781,120.92249842668345,119.27377735711704,120.06834300613163,20997700
2023-07-10,116.07566833496094,118.2607124874439,115.8472282498414,118.2607124874439,32960100
2023-07-11,116.90996551513672,117.42146463460325,115.04274594351887,115.96642536287848,18286600
2023-07-12,118.80696868896484,120.13785733052732,118.19117998131621,118.4891439702679,22059600
2023-07-13,123.9815673828125,124.48313231179097,120.2371867701117,120.71392767909752,31535900
2023-07-14,124.84564971923828,126.22620167725829,124.05109163887107,124.27952415068,20499800
2023-07-17,124.21000671386719,126.41491933110224,123.65381527079532,125.20321004937558,20675300
2023-07-18,123.23666381835938,124.14047485563204,122.46196647854292,124.05605348680996,21045800
2023-07-19,121.94549560546875,124.61721481184262,121.63760501827993,123.94183628886682,22313800
2023-07-20,118.71759033203125,123.85244962180235,117.87833232338083,121.28999084308815,27541700
2023-07-21,119.4922866821289,120.47556340564832,118.26071671097489,120.04848568324671,56514600
2023-07-24,121.0516128540039,122.5116228857852,120.55501121476073,121.09730541816157,22276100
2023-07-25,121.9554214477539,122.84930584040646,120.70398329804031,121.05160290142214,31820800
2023-07-26,128.7787322998047,130.47710130804813,127.83519227799407,129.47397151823998,46216900
2023-07-27,128.9873046875,132.6919638210211,128.3019920018063,130.90419489205476,35931600
2023-07-28,132.10595703125,133.1587651922078,130.03016590418054,130.07982909702133,26971000
2023-07-31,132.20529174804688,132.9203993357979,131.23195675836118,132.10596535610605,18381900
2023-08-01,130.99359130859375,132.01658956295688,129.86134007778986,129.96562218777584,22154300
2023-08-02,127.76567840576172,129.53357915729572,126.98104684953951,128.95751939537965,22705800
2023-08-03,127.894775390625,128.88797855244223,126.90653551670292,127.49748503285159,15018100
2023-08-04,127.66633605957031,131.0332943910306,127.44287442666632,128.71914420987264,20521900
2023-08-07,131.04324340820312,131.162422952378,128.55029347196347,128.6297515531065,17621000
2023-08-08,130.94390869140625,131.0432350752888,129.2455396745946,130.08975331728277,16836000
2023-08-09,129.26539611816406,131.56963491821122,128.62479093757165,131.29153922235432,17745200
2023-08-10,129.3249969482422,131.74542966075936,129.1511833550654,131.07302914614883,17855700
2023-08-11,129.28526306152344,129.5534321779395,127.87491628883082,128.32384002810613,15205500
2023-08-14,130.93399047851562,131.01344855968142,128.7092096711116,128.96745222367028,17526200
2023-08-15,129.38458251953125,131.09289320176865,128.93664388435008,130.6956028366682,14769200
2023-08-16,128.23248291015625,130.00832489221827,127.58690680583737,128.40132565813073,17548400
2023-08-17,129.5732879638672,131.59047420025007,128.96743344389486,129.56334623324454,23665600
2023-08-18,127.2392807006836,128.94759166067027,126.13682438528615,128.18282084420312,23627200
2023-08-21,128.05368041992188,128.38143929227465,126.29572167968155,126.9810267302367,21851100
2023-08-22,128.8085479736328,130.05997876879852,128.04874799887492,128.25235650911472,15557900
2023-08-23,132.3046112060547,133.1587666047098,129.62295031499127,129.96065093684385,26497000
2023-08-24,129.5335693359375,134.05264726921672,129.41438979253613,133.81130263179728,18680400
2023-08-25,129.80172729492188,130.50689307280985,127.1697297490035,129.2554625095367,20678100
2023-08-28,130.8942413330078,132.33439807807176,129.96064306758947,131.18227874405176,16715500
2023-08-29,134.5691375732422,136.36186248178282,132.07618727605134,132.09407027229858,30803300
2023-08-30,135.99929809570312,136.3171303735612,134.10327670440668,134.6485563800377,21773400
2023-08-31,136.4164581298828,137.45930930885152,135.89006167504502,136.11849415514433,28147900
2023-09-01,135.87020874023438,137.63810932726088,135.01605333205805,137.48911974549722,16671600
2023-09-05,135.78082275390625,136.4363253799754,134.63862992522493,135.51265363342227,17730200
2023-09-06,134.44992065429688,136.5455801421819,133.7745497109416,136.0837442628217,15814300
2023-09-07,135.27427673339844,135.65169880997274,133.04951120010622,133.6851606603438,16976000
2023-09-08,136.26748657226562,136.58034802933074,134.94652439525694,134.94652439525694,17810700
2023-09-11,136.8038330078125,137.32427361716273,135.6219186127161,136.4462792005151,17180800
2023-09-12,135.14517211914062,136.70449332504472,135.00610911668778,136.1979651285559,15212900
2023-09-13,136.56544494628906,136.76408256246793,134.01290535540068,134.97631370670078,16394900
2023-09-14,138.04531860351562,138.60150997223292,136.1284285416027,137.4493906198453,19064600
2023-09-15,137.36000061035156,138.41279353936486,136.2476027612339,137.85660219234484,48958800
2023-09-18,138.0155487060547,138.97894204444447,136.6945863886662,136.6945863886662,16233600
2023-09-19,137.88641357421875,138.22906991920226,136.56545138944225,137.31035385156648,15479100
2023-09-20,133.67523193359375,137.89634606670882,133.60571558145466,137.88641948928324,21473500
2023-09-21,130.46717834472656,132.28474209437664,130.19900922623293,131.49017647055624,22058400
2023-09-22,130.35791015625,132.10594220042228,129.62293438792227,130.78498022556303,17348700
2023-09-25,131.27166748046875,131.32133067237535,129.1462132005402,129.88118903755412,14650000
2023-09-26,128.57015991210938,130.51187411815656,127.3187292512261,130.0242139812398,20378800
2023-09-27,130.56651306152344,130.82474046483253,128.50064836981147,128.5602381432613,18764200
2023-09-28,132.2251434326172,133.26799464147877,129.80172526272474,129.80172526272474,18201400
2023-09-29,130.95387268066406,133.9732043098925,130.42747609778897,133.16871199097326,23237300
2023-10-02,134.2512664794922,134.43997750071378,131.16737497633093,131.25675962162205,19210400
2023-10-03,132.3939971923828,134.320813935823,131.91229300652276,134.01290819587905,19628700
2023-10-04,135.3437957763672,135.6417597486014,132.52308734830405,132.75153498156067,22848000
2023-10-05,135.06570434570312,135.57223250583104,133.54113384477424,135.20475218309574,15922900
2023-10-06,137.78709411621094,138.2400036865355,134.0228601531263,134.0228601531263,20826700
2023-10-09,138.55186462402344,139.01867140182978,135.77089226722055,137.05213305058865,16599100
2023-10-10,138.25389099121094,139.78343250100227,137.48912023631527,138.561781577511,19554900
2023-10-11,140.73687744140625,141.2533473012403,138.8895190534198,138.89946078375377,20146300
2023-10-12,139.3364715576172,141.41227778281169,138.50218449906495,141.19377186437015,18173100
2023-10-13,137.6381072998047,140.37934279597587,137.0322527150799,139.69403013316338,19438700
2023-10-16,139.53512573242188,139.9472984001884,138.37307978447413,138.78028158651918,17345600
2023-10-17,140.03173828125,140.28996568260703,137.58746642254545,139.07825644802168,17424000
2023-10-18,138.33334350585938,141.02493090489875,137.76225468439802,139.79335345416348,18304900
2023-10-19,138.03538513183594,140.0466308307612,137.6579781976682,138.84981908124664,21831200
2023-10-20,135.81060791015625,138.0949630937213,135.31896203197488,137.64802469498372,24970300
2023-10-23,136.9627227783203,138.07512072917788,134.1916923655936,135.30407516137223,20780700
2023-10-24,139.1676483154297,139.75364980879309,137.8069645778721,138.21418158789808,26535200
2023-10-25,125.80905151367188,129.21574647830838,125.2329918208008,128.88798759330868,58796100
2023-10-26,122.60100555419922,124.60727268606843,121.48861524118378,123.62400363880583,33907400
2023-10-27,122.561279296875,123.59421155863207,120.63446261844938,123.18699459977336,37367700
2023-10-30,124.89530181884766,125.68986740616607,123.03800911557579,123.61406878750469,24165600
2023-10-31,124.44837951660156,125.69981024889596,123.082724946229,125.41178037565804,21123400
2023-11-01,126.70293426513672,126.87177699365125,124.0759150866492,124.48808775404078,26536600
2023-11-02,127.70606994628906,129.2058013303489,127.2392632274276,128.6794048439865,24091700
2023-11-03,129.48391723632812,129.8414710522494,128.1331600600789,128.2126181475148,19529400
2023-11-06,130.55654907226562,130.66580202332503,129.04687606355694,129.33491345956676,15360400
2023-11-07,131.5001220703125,132.37414589846153,130.24869126143807,131.08297846735437,19223800
2023-11-08,132.35426330566406,132.63235901096158,131.26174879344643,131.46038641793334,15093600
2023-11-09,130.79495239257812,133.0495282543986,130.6161679078342,132.45360017869294,17976500
2023-11-10,133.14881896972656,133.35739831059152,129.9804983273355,130.63601607853604,20872900
2023-11-13,132.73165893554688,133.19846559530873,131.86757710602342,132.4535632856985,16409900
2023-11-14,134.50949096679688,136.3072013402471,134.18174727439643,134.7279968651151,22317300
2023-11-15,135.45306396484375,135.90992897259557,134.41019752225017,135.711291353787,15840900
2023-11-16,137.7572784423828,137.936062895952,135.1550909527121,136.0291146033218,17615100
2023-11-17,136.00926208496094,137.0620551562761,134.55917860130444,136.88328583703222,25565300
2023-11-20,136.9825897216797,137.4841622099929,134.56911311094566,134.57903968756656,19569400
2023-11-21,137.67782592773438,138.02048225208836,136.76905164689023,137.00245501050702,17648100
2023-11-22,139.0683135986328,140.14097485234876,138.05524211094365,138.1545684910402,17306400
2023-11-24,137.28053283691406,138.72763047201877,136.53563051656693,138.59155304008524,8828600
2023-11-27,137.11170959472656,138.68097252431508,136.6051662457298,136.63497628544607,17886400
2023-11-28,137.67782592773438,137.71756254349978,136.10856301672683,136.69456443617818,17046900
2023-11-29,135.47293090820312,138.7207101068505,135.36864879985237,138.0403682367615,21014700
2023-11-30,133.009765625,136.02911172406394,131.88744120241162,135.4729052231266,29913500
2023-12-01,132.41384887695312,132.5926181663359,131.25377319075582,132.41384887695312,24268000
2023-12-04,129.74215698242188,130.5565758395042,128.52050596417803,130.40164545419833,24117100
2023-12-05,131.49017333984375,132.63235097777428,128.84824914445224,129.48389859735832,19235100
2023-12-06,130.5366973876953,132.40392436898622,130.4175178459377,131.9967073945423,16360600
2023-12-07,137.5089874267578,139.04845550081836,135.30407499140995,135.6715705006872,38419400
2023-12-08,135.7113037109375,137.05213428137228,134.64858401825268,134.7379686815936,23016100
2023-12-11,133.7844696044922,133.87385425633943,131.98677421586547,132.91046108352194,24502900
2023-12-12,132.73165893554688,133.62553564504864,131.92716686598,132.36417864576356,26584000
2023-12-13,133.0594482421875,133.86394049599028,132.04637662569377,133.6305371126579,25414500
2023-12-14,132.294677734375,134.1172124747159,130.1692232592123,133.85401420402098,29619100
2023-12-15,132.93032836914062,133.91360510923639,131.72856084188126,132.0165831357041,58594000
2023-12-18,136.25755310058594,137.43946736521315,132.8607998837617,132.950184536949,25699800
2023-12-19,137.16136169433594,137.82680598922155,136.51577055088399,137.06203531685796,20661000
2023-12-20,138.71078491210938,142.10555326956867,138.46248407207844,139.37622934478264,33507300
2023-12-21,140.83624267578125,141.06467521034375,139.5182659093271,139.81324440416722,18101500
2023-12-22,141.74998474121094,142.2763813095659,141.08949602001425,141.16399839607325,18513500
2023-12-26,141.84930419921875,142.96665792446996,141.53147186515343,142.0082052111716,11170100
2023-12-27,140.4786834716797,142.34591060897586,140.09231985374717,141.85923551433922,17288400
2023-12-28,140.3197479248047,141.303024555929,139.87082419725482,140.88588102744305,12192500
2023-12-29,139.97210693359375,140.47367935346634,138.94910894331576,139.72380615624323,14881000
