Date,Close,High,Low,Open,Volume
,GOOGL,GOOGL,GOOGL,GOOGL,GOOGL
2010-01-04,15.576998710632324,15.645595458295071,15.514617107714663,15.581969311001453,78169752
2010-01-05,15.508401870727539,15.604088762845768,15.447511073144824,15.587685214441919,120067812
2010-01-06,15.117454528808594,15.55487773991369,15.070232882471554,15.55487773991369,158988852
2010-01-07,14.76552677154541,15.160699878266776,14.729489922624955,15.145787131571746,256315428
2010-01-08,14.962369918823242,14.992938921586422,14.641508573259287,14.713336021548937,188783028
2010-01-11,14.939751625061035,15.023011066988275,14.764035994896707,15.023011066988275,288227484
2010-01-12,14.675558090209961,14.866433674837447,14.613920945888562,14.853758076662158,193937868
2010-01-13,14.59130573272705,14.623366484788592,14.263486673966987,14.327857276400032,259604136
2010-01-14,14.659900665283203,14.768014061101619,14.484931370749667,14.512021520707163,169434396
2010-01-15,14.415093421936035,14.752108272726423,14.36637907570012,14.746639475744598,217162620
2010-01-19,14.604476928710938,14.674067226587177,14.322885983609364,14.444917629619795,172495332
2010-01-20,14.425281524658203,14.56371576394547,14.298032082386147,14.56371576394547,129897972
2010-01-21,14.489156723022461,14.584594521046384,14.222477578812109,14.50058967189256,252055692
2010-01-22,13.669733047485352,14.181468082831202,13.293200610772004,14.029861935247286,271743984
2010-01-25,13.420948028564453,13.666502114937794,13.30935483564237,13.584732522721277,176619204
2010-01-26,13.481093406677246,13.659542496916327,13.328741861300633,13.370495659940286,174045780
2010-01-27,13.473140716552734,13.611078662883884,13.304384669630227,13.452511967678195,158417424
2010-01-28,13.279033660888672,13.594923436059222,13.18732381782062,13.532540890681497,129034836
2010-01-29,13.170920372009277,13.445552653921927,13.063304229259858,13.383419206345712,165454380
2010-02-01,13.247469902038574,13.316812048723884,13.179868602012386,13.286738401759562,89941968
2010-02-02,13.200248718261719,13.295686519648733,13.113012218155024,13.295686519648733,163684152
2010-02-03,13.441328048706055,13.473140648048345,13.128421753835472,13.139357453252112,119844036
2010-02-04,13.09238338470459,13.371239919118052,13.06206158790237,13.346386918927815,134972892
2010-02-05,13.204473495483398,13.259400143898661,12.985016947262777,13.132646048435186,126113760
2010-02-08,13.258652687072754,13.470655211437574,13.210437489625916,13.234545088349334,107664228
2010-02-09,13.332468032836914,13.45897301803645,13.298418287634778,13.409514224025036,112671216
2010-02-10,13.283011436462402,13.366021786940646,13.114999843401526,13.273566538239281,106873020
2010-02-11,13.331474304199219,13.433126296269839,13.159984812614718,13.254925357997125,96303600
2010-02-12,13.249955177307129,13.350115424236787,13.184839177530165,13.24622817426535,91096812
2010-02-16,13.45325756072998,13.523593255598424,13.279281824988338,13.34315611871227,146029824
2010-02-17,13.376460075378418,13.505451318205498,13.361548274753778,13.4706561696062,81106812
2010-02-18,13.500977516174316,13.545465715670334,13.325013716060027,13.359808865937296,93382524
2010-02-19,13.439836502075195,13.521106948299057,13.41349175390238,13.434120501527904,102021876
2010-02-22,13.490538597106934,13.607350543656272,13.445802248002774,13.603621646350934,85698216
2010-02-23,13.298418045043945,13.511165016609562,13.229325951366764,13.49550781695258,114789096
2010-02-24,13.208946228027344,13.382175617339442,13.185086779560933,13.271328773928326,92970936
2010-02-25,13.083683967590332,13.13488171287444,12.923874640677054,13.100831968300142,132235632
2010-02-26,13.092878341674805,13.21590446854239,13.0103643058098,13.108288336779474,81890028
2010-03-01,13.239269256591797,13.254182005234375,13.11624405278531,13.152530004722168,89426484
2010-03-02,13.44729232788086,13.561618968188547,13.296928837925455,13.30860899009786,174097728
2010-03-03,13.553170204162598,13.62275955415463,13.402308509988126,13.479602858580805,123452424
2010-03-04,13.783560752868652,13.821834748583939,13.575038985417983,13.582494884806025,127224648
2010-03-05,14.022653579711914,14.108648375005304,13.915535627330684,13.951573426812129,156331512
2010-03-08,13.979658126831055,14.046764077401917,13.943124022423637,14.03682192890518,95360544
2010-03-09,13.922741889953613,14.03383782615686,13.831031103510561,13.914290544308907,126936936
2010-03-10,14.326862335205078,14.37781193249888,13.972945763874614,14.011468861131334,225969804
2010-03-11,14.443424224853516,14.569431957761662,14.270939301164134,14.27243104935513,169162668
2010-03-12,14.40365982055664,14.620880161638711,14.394214922559884,14.61740036267761,110025864
2010-03-15,13.997054100036621,14.152886386153725,13.818605015907067,14.084041493271656,185969844
2010-03-16,14.047259330749512,14.127288079391846,13.936909730810804,13.963502631877505,137122740
2010-03-17,14.056205749511719,14.202594083143648,14.023646804928253,14.12430429374626,132731136
2010-03-18,14.077083587646484,14.127785035716604,13.99158699101288,14.035328841085217,71016912
2010-03-19,13.918020248413086,14.116848987329329,13.85041800361067,13.918020248413086,191576232
2010-03-22,13.85588550567627,14.088266736448327,13.775856762680203,13.821339457128563,160031808
2010-03-23,13.644630432128906,13.876017166771057,13.47065564307443,13.844453667254275,219831948
2010-03-24,13.85166072845459,13.914291426373357,13.413492099888286,13.557890495566253,262345392
2010-03-25,13.989599227905273,14.216263526962797,13.884716530610364,13.893663232303107,157078764
2010-03-26,13.984875679016113,14.101687618429436,13.91851703358896,14.048998122766843,107740152
2010-03-29,13.978910446166992,14.03532789122418,13.932186049706576,13.992580542942173,124055820
2010-03-30,14.084789276123047,14.107654227605586,13.924979925485303,13.988356975462628,79036884
2010-03-31,14.094977378845215,14.160094322635434,13.987858486147763,14.043530532213207,121110768
2010-04-01,14.13673210144043,14.252302347707182,14.055957951775447,14.200109149946359,84023892
2010-04-05,14.19166088104248,14.287843142040762,14.141703880979906,14.188926482347236,75983940
2010-04-06,14.122316360473633,14.188675953017567,14.05222881799531,14.153134458787928,82321596
2010-04-07,14.006002426147461,14.135489023422842,13.964248626916312,14.099452172112917,103136760
2010-04-08,14.104172706604004,14.162828247281563,13.919262225141686,14.00053361623341,77822100
2010-04-09,14.072608947753906,14.135985041679556,14.017433206841995,14.10417244558052,82181736
2010-04-12,14.234406471252441,14.265969022258533,14.072609090964427,14.100693737538448,94001904
2010-04-13,14.583352088928223,14.63579343782227,14.194642240095604,14.229436442396063,156335508
2010-04-14,14.638775825500488,14.721786176068951,14.51475612839079,14.665119628094091,135971892
2010-04-15,14.7953519821167,14.858480876200346,14.621129039802732,14.717560386098993,270201528
2010-04-16,13.673213005065918,14.136980048986798,13.660289254962679,13.992581648877646,488930580
2010-04-19,13.671969413757324,13.768650809129793,13.545217212800045,13.638416914848953,155604240
2010-04-20,13.794746398925781,13.909570295312575,13.695828802162188,13.773124098455492,118976904
2010-04-21,13.776354789733887,13.924233935325534,13.723168041208927,13.830037840569007,95564340
2010-04-22,13.596414566040039,13.731618109485614,13.504207471313931,13.719191609194853,131096772
2010-04-23,13.544965744018555,13.652582827514824,13.477364450992823,13.601135983642102,83492424
2010-04-26,13.213171005249023,13.544966124302247,13.152776511864758,13.544469822027748,174577248
2010-04-27,13.14905071258545,13.379442963198429,13.103568014675128,13.146316314116715,153634212
2010-04-28,13.152281761169434,13.292455914573875,12.94947595818983,13.224605513366864,136107756
2010-04-29,13.22211742401123,13.333959707467624,13.08964828806751,13.25616811616716,122233644
2010-04-30,13.06554126739502,13.36328664751738,13.059078919119544,13.200496656333552,97318584
2010-05-03,13.187322616577148,13.24498270784958,13.050130091186688,13.085423431655899,74237688
2010-05-04,12.585121154785156,13.091389286422983,12.531438104446535,13.085921436785465,242808948
2010-05-05,12.6693754196167,12.817502718716895,12.438484973273175,12.451160572361745,183104712
2010-05-06,12.39374828338623,12.86223871593643,11.432659817990462,12.644272025818424,199803996
2010-05-07,12.256308555603027,12.559025494669003,11.962786469168694,12.42605815111201,203356440
2010-05-10,12.964883804321289,12.993962950911532,12.739959418456818,12.774008217908731,164954880
2010-05-11,12.651728630065918,12.92089306513702,12.631099882007081,12.81626041795815,132771096
2010-05-12,12.560763359069824,12.726040536665602,12.476510367207128,12.726040536665602,153917928
2010-05-13,12.697212219238281,12.973583475594394,12.684536619848936,12.836888175118581,132898968
2010-05-14,12.613951683044434,12.699945532167229,12.333603381113091,12.669623733286068,164475360
2010-05-17,12.624887466430664,12.634580516090407,12.385795714343788,12.595312015123735,111640248
2010-05-18,12.386293411254883,12.69944882564526,12.3539835602692,12.675341223348813,112906980
2010-05-19,12.288368225097656,12.41288421138983,12.122097496055014,12.333849970518491,137690172
2010-05-20,11.80571174621582,12.068414769335469,11.77563904865207,12.055739171354439,196335468
2010-05-21,11.732145309448242,12.05400020080525,11.542016060790859,11.65783350950598,387244368
2010-05-24,11.859146118164062,12.173046874473297,11.850199417630607,11.947873405827995,173650176
2010-05-25,11.856910705566406,11.866354656122725,11.532322380673985,11.635215126505473,120575304
2010-05-26,11.817145347595215,12.172302684704022,11.805463300659394,11.981178941297244,138884976
2010-05-27,12.18970012664795,12.235679122944225,11.95582714981289,12.05275668945579,112251636
2010-05-28,12.069657325744629,12.264013667106958,12.004292227834567,12.246366520855378,115676208
2010-06-01,11.98863410949707,12.204612751840685,11.9327139096014,11.94041890826591,106565328
2010-06-02,12.262024879455566,12.274451380249301,11.966018432270918,12.095754131411356,101530368
2010-06-03,12.565984725952148,12.625633825229484,12.295080373279767,12.305269725276107,145881972
2010-06-04,12.394990921020508,12.656699460734691,12.344786722695089,12.41984486903125,156655188
2010-06-07,12.066923141479492,12.449419709253933,12.008020395734507,12.40344071275626,145162692
2010-06-08,12.048532485961914,12.149438135015226,11.868591639832447,12.124832337435455,107296596
2010-06-09,11.781106948852539,12.150431643842659,11.730903696375334,12.109175093052082,109050840
2010-06-10,12.10395336151123,12.140985653538866,11.826339508999812,11.938925291782821,103012884
2010-06-11,12.140987396240234,12.146207094714834,11.9699951508924,11.991866549400013,71196732
2010-06-14,12.009014129638672,12.290108758243237,12.009014129638672,12.289611508814305,81534384
2010-06-15,12.376847267150879,12.436745460819076,11.983913184518261,12.006280884928882,170213616
2010-06-16,12.458368301391602,12.52621870043737,12.330123403760554,12.331615152137749,91480428
2010-06-17,12.428791999816895,12.572693141993122,12.344538057241081,12.512548692967686,79012908
2010-06-18,12.4275484085083,12.513045001115861,12.380327708802506,12.489185552979457,114801084
2010-06-21,12.142477989196777,12.450911870526344,12.051265393737028,12.424318023446617,119220660
2010-06-22,12.085064888000488,12.34230004834456,12.072141139559285,12.175781172496642,88699212
2010-06-23,11.980679512023926,12.100971243694817,11.884000022946282,12.100971243694817,81082836
2010-06-24,11.807948112487793,11.998078296286794,11.76221726694868,11.921281201059738,75668256
2010-06-25,11.747802734375,11.871325174175604,11.695113238254068,11.856661525443908,89718192
2010-06-28,11.732891082763672,11.868840024176244,11.656590288738094,11.745566681100845,70421508
2010-06-29,11.289999008178711,11.545741471035349,11.211958321663015,11.518155022233755,139943916
2010-06-30,11.058612823486328,11.37872686676801,11.052896822636557,11.307396669585383,143983872
2010-07-01,10.92291259765625,11.14435815399078,10.777270593252728,11.067062853624215,140403456
2010-07-02,10.849842071533203,10.992252409879121,10.836171974741902,10.97584980915635,77362560
2010-07-06,10.837912559509277,11.126213975147273,10.777268969388448,11.035000438835091,102301596
2010-07-07,11.189093589782715,11.216184686296794,10.8207634090683,10.89358440530943,125062812
2010-07-08,11.347161293029785,11.366300185774355,11.175672760271878,11.272352251383966,106649244
2010-07-09,11.618812561035156,11.762217402096041,11.5017524682974,11.729908502049353,173086740
2010-07-12,11.826091766357422,11.915813559590214,11.70803717405818,11.740097923152227,133242624
2010-07-13,12.158385276794434,12.25258042939744,11.936691569386078,11.985653120874835,158892948
2010-07-14,12.211572647094727,12.273457000505156,12.090286399031234,12.175285748997748,124595280
2010-07-15,12.278178215026855,12.295079012284376,11.996338193780323,12.22126446770538,194133672
2010-07-16,11.422966957092285,11.6951139513586,11.420729808118242,11.659325250624798,312679008
2010-07-19,11.586255073547363,11.672497071186335,11.37102183261092,11.457762026842698,181829988
2010-07-20,11.969247817993164,12.004042963534523,11.447571627429848,11.458257280368237,162017820
2010-07-21,11.867595672607422,12.071396890482044,11.816149776237975,12.029144898710756,131052816
2010-07-22,12.049278259277344,12.15291830999713,11.991369058909433,12.010009757825722,85822092
2010-07-23,12.179759979248047,12.192931880715625,11.929980682266082,11.948869531835932,90485424
2010-07-26,12.152667999267578,12.196907096778833,12.051016956591852,12.155649601540539,79728192
2010-07-27,12.243632316589355,12.364669455655863,12.182492422065277,12.192682720199874,97949952
2010-07-28,12.037843704223633,12.308748971011923,11.996089908104793,12.301043973021116,99740160
2010-07-29,12.053750038146973,12.15043047788113,11.91307865339251,12.077609485591458,106912980
2010-07-30,12.050270080566406,12.112652622973151,11.90835604772643,11.921031645397836,85678236
2010-08-02,12.188459396362305,12.259788652855187,12.10221739065311,12.153166994882582,74273652
2010-08-03,12.174042701721191,12.239407799253652,12.097741904884112,12.19069440183158,72019908
2010-08-04,12.583879470825195,12.600779322068762,12.204364484890032,12.232449133720063,152347500
2010-08-05,12.628118515014648,12.640545963528206,12.515283609419257,12.57319281066668,96719184
2010-08-06,12.432271003723145,12.569462595337443,12.328631909436643,12.561013143575657,132647220
2010-08-09,12.559769630432129,12.563498527619512,12.460604833220591,12.482724382347882,74813112
2010-08-10,12.519010543823242,12.57592618862694,12.391262899807595,12.485208947408506,82877040
2010-08-11,12.221513748168945,12.37709694805914,12.215548648921942,12.370386448191718,88831080
2010-08-12,12.228224754333496,12.296323307607219,11.99211554625837,12.027656097768729,88095816
2010-08-13,12.08755111694336,12.207841900716254,12.079099771603012,12.153412508956334,77310612
2010-08-16,12.068663597106934,12.175037092516325,11.942158602766668,12.021192850157252,52147800
2010-08-17,12.191190719604492,12.295078907917231,12.079598480421671,12.141731925359986,75552372
2010-08-18,11.983165740966797,12.199888810263884,11.968253942056688,12.189202210473312,107348544
2010-08-19,11.630743026733398,11.992114558714073,11.612847729725116,11.954833163517714,156843000
2010-08-20,11.482864379882812,11.72071347824554,11.458010431060378,11.63074352844973,156547296
2010-08-23,11.5338134765625,11.637701671045718,11.376242232509469,11.469940128463751,119328552
2010-08-24,11.218669891357422,11.392148379470779,11.206987844663875,11.375495732724715,110397492
2010-08-25,11.298948287963867,11.378231642473427,11.18412438064434,11.18412438064434,103580316
2010-08-26,11.208478927612305,11.364559359134903,11.19505792941049,11.33473576059018,71008920
2010-08-27,11.403579711914062,11.43240975881284,11.125715797569267,11.247747431411781,92403504
2010-08-30,11.250980377197266,11.426695077018866,11.244269877317274,11.411534177713428,49206744
2010-08-31,11.184621810913086,11.305161721572139,11.134417606332214,11.18685896012676,77794128
2010-09-01,11.4408597946167,11.555434578044272,11.246256273862103,11.307893413799741,129002868
2010-09-02,11.51169490814209,11.542761161532873,11.440364706644733,11.503245455504919,67300632
2010-09-03,11.688650131225586,11.727919573196713,11.617569041019147,11.694117980252365,101514384
2010-09-07,11.542015075683594,11.621297469122922,11.50771623193554,11.544499428461632,68327604
2010-09-08,11.695611000061035,11.743329902179305,11.544750241667202,11.561650094203749,95975928
2010-09-09,11.834790229797363,11.939672920659763,11.69560964121869,11.875799574084319,97126776
2010-09-10,11.833795547485352,11.924511837511874,11.807451746748262,11.905373891236845,78893028
2010-09-13,11.986149787902832,12.037844788297436,11.918050291230571,11.952100986708519,89570340
2010-09-14,11.94041919708252,12.04778719582076,11.93172064644374,11.979687697679621,88571340
2010-09-15,11.945637702941895,11.976704901726176,11.892450954131451,11.928489700320345,96015888
2010-09-16,11.956076622009277,11.990622671311126,11.915067277197316,11.92848922336874,78701220
2010-09-17,12.181995391845703,12.208091041929956,11.959059055988742,12.022932402765084,225438336
2010-09-20,12.63259220123291,12.685529852225208,12.229466855417863,12.240402554951912,175963860
2010-09-21,12.761332511901855,12.923378995783407,12.6482485213528,12.667386467774628,178473348
2010-09-22,12.824461936950684,12.868700089016057,12.717093942471683,12.74642124117535,101382516
2010-09-23,12.76183032989502,12.916170875285676,12.70764908304577,12.78991497864205,92603304
2010-09-24,13.105059623718262,13.118480624303752,12.880631511387028,12.96712261452505,134141724
2010-09-27,13.182602882385254,13.342659429416711,13.143829738181626,13.143829738181626,124171704
2010-09-28,13.102075576782227,13.261635817098558,12.885352488492657,13.258902365915505,146041812
2010-09-29,13.114999771118164,13.245481816007727,13.040937069816051,13.118976819595932,86801112
2010-09-30,13.067778587341309,13.218887481092539,12.89703355022187,13.151534334883783,129634236
2010-10-01,13.063553810119629,13.187821657004339,12.998436863546985,13.172411659757216,88911000
2010-10-04,12.982281684875488,13.128917224520501,12.895293344506301,13.046900431232725,77542380
2010-10-05,13.376956939697266,13.420947886843596,13.08666650818916,13.132149203640088,140143716
2010-10-06,13.280524253845215,13.419704840120934,13.17092006308105,13.402555891546553,110381508
2010-10-07,13.172659873962402,13.351357107243441,13.15103757503532,13.326752258957148,95736168
2010-10-08,13.330231666564941,13.36129886428222,13.113260426265128,13.241257167203303,114253632
2010-10-11,13.39211654663086,13.535274181676499,13.35061184772625,13.383169845600465,104946948
2010-10-12,13.455492973327637,13.569819608069638,13.366020284274493,13.423929475744421,149993856
2010-10-13,13.502964973449707,13.6071013202001,13.478857373185603,13.594923918063,122101776
2010-10-14,13.444062232971191,13.551429280470188,13.349120738768708,13.524836380103837,265098636
2010-10-15,14.948202133178711,14.952924582235585,14.703394389951624,14.894021833168797,592399008
2010-10-18,15.352322578430176,15.401533227321453,14.925835023748336,14.925835023748336,283644072
2010-10-19,15.106767654418945,15.280494285731182,14.983245217910694,15.132117902955502,183332484
2010-10-20,15.110496520996094,15.344120409801285,15.098567270120395,15.114472622240728,140862996
2010-10-21,15.210159301757812,15.309821348320344,15.061285662637538,15.198229103908448,116703180
2010-10-22,15.223580360412598,15.280495057282636,15.161943214613535,15.208418514753587,90153756
2010-10-25,15.322249412536621,15.527043257681695,15.284223562858815,15.29963261308319,126209664
2010-10-26,15.374442100524902,15.43980720061962,15.18630089744845,15.23774774814245,100415484
2010-10-27,15.321504592895508,15.409238342751467,15.218610890538258,15.304107491337112,89586324
2010-10-28,15.373944282531738,15.434089677993457,15.24271684581137,15.410478381286815,87284628
2010-10-29,15.25265884399414,15.38438258988673,15.235012645110627,15.33641554054656,91040868
2010-11-01,15.284968376159668,15.425639767731878,15.190773231772711,15.303111824113218,123360516
2010-11-02,15.299880981445312,15.409237977214199,15.274530730347495,15.376181780182067,79824096
2010-11-03,15.41370964050293,15.454718038375407,15.247687998405953,15.347102841602682,135084780
2010-11-04,15.515360832214355,15.655785021753621,15.4614286841731,15.524557579035342,142689168
2010-11-05,15.535493850708008,15.54568320250474,15.436824403526703,15.488271253396098,70557372
2010-11-08,15.577494621276855,15.64509686419891,15.487028376335347,15.509146977791863,83967948
2010-11-09,15.529031753540039,15.678898954717178,15.421912852366875,15.65777390302026,89398512
2010-11-10,15.480815887451172,15.483798436991302,15.347351294453912,15.460932539564238,99780120
2010-11-11,15.339398384094238,15.405508883030315,15.265334735307642,15.40178093283243,90373536
2010-11-12,14.993932723999023,15.332190207955238,14.942236777839128,15.259866460703089,135584280
2010-11-15,14.799577713012695,15.011578346505996,14.764284369764809,14.988712450236493,139016844
2010-11-16,14.507548332214355,14.859723127026154,14.500837832438272,14.732224578422372,132163704
2010-11-17,14.503321647644043,14.651200788390707,14.449141349132065,14.539360392458756,97602300
2010-11-18,14.826669692993164,14.911669046087196,14.627840935337808,14.638776635401587,103496400
2010-11-19,14.684257507324219,14.859723105877283,14.672079157853776,14.837604503047663,91808100
2010-11-22,14.693949699401855,14.74912544623184,14.483439852368319,14.600749049851359,87376536
2010-11-23,14.489901542663574,14.639023332882411,14.37035520162904,14.589316385190058,86417496
2010-11-24,14.787150382995605,14.827661530496847,14.590309698889348,14.596771099998799,95760144
2010-11-26,14.663627624511719,14.737691267371432,14.589066732237049,14.675059625347004,52391556
2010-11-29,14.46753215789795,14.658656834839336,14.41384816461263,14.642998687750541,114273612
2010-11-30,13.811399459838867,14.273923865678631,13.751750360894947,14.273923865678631,284411304
2010-12-01,14.026132583618164,14.205575210973253,13.977667342208452,13.992580088465944,150013836
2010-12-02,14.211791038513184,14.249320588522208,14.050988130884424,14.133254033497328,101814084
2010-12-03,14.241117477416992,14.327607627594716,14.116849628344335,14.152887427703842,105142752
2010-12-06,14.374330520629883,14.464798656991105,14.33083777251481,14.42925811081798,83668248
2010-12-07,14.592546463012695,14.738188448120532,14.564213665051351,14.695192001765877,121566312
2010-12-08,14.677048683166504,14.726259326897532,14.506801848488504,14.712589230068039,70205724
2010-12-09,14.700908660888672,14.802310607083095,14.638775212926292,14.760060506525088,74681244
2010-12-10,14.718555450439453,14.762795497655413,14.670836551322916,14.741668552244482,68119812
2010-12-13,14.778450965881348,14.98672459933998,14.765279065307402,14.840585360175737,95844060
2010-12-14,14.785659790039062,14.869664635637047,14.72526529464985,14.83984008823156,65666268
2010-12-15,14.6710844039917,14.823934147605495,14.642502505906226,14.76801394861738,86621292
2010-12-16,14.706128120422363,14.757325868552178,14.615659980414673,14.734460919193157,63812124
2010-12-17,14.683511734008789,14.727253583387965,14.605719190066013,14.688482334133118,123360516
2010-12-20,14.789387702941895,14.85947525158611,14.63032470318096,14.77919835108154,78853068
2010-12-21,14.98846435546875,15.029472752225612,14.852763567032076,14.876623015093191,75104820
2010-12-22,15.04861068725586,15.08614023466417,14.993684986070837,15.011579336443974,48251700
2010-12-23,15.017295837402344,15.06128678776002,14.96261828555292,15.044884185204488,44387568
2010-12-27,14.97131633758545,15.00611053722092,14.899737993480173,14.980263038635009,48275676
2010-12-28,14.885322570800781,15.008347761556081,14.86270482549713,14.963113218090541,42549408
2010-12-29,14.937018394470215,14.97206169450284,14.885323394178839,14.961872342851416,40727232
2010-12-30,14.883832931518555,14.945220986452856,14.847298827112395,14.862458780321244,39540420
2010-12-31,14.762296676635742,14.87289536928475,14.714081477245564,14.831140623967578,61510428
2011-01-03,15.020277976989746,15.051097024800244,14.824679930352257,14.824679930352257,94513392
2011-01-04,14.964853286743164,15.065759877045112,14.915146339309981,15.051841628678453,72907020
2011-01-05,15.137585639953613,15.168901934046568,14.91340571722328,14.913902966630454,101190708
2011-01-06,15.247687339782715,15.370215278670342,15.161942597675075,15.177599797849398,82229688
2011-01-07,15.320757865905762,15.365743314248844,15.163932963170742,15.307585964480227,83963952
2011-01-10,15.265335083007812,15.294662382945958,15.12491183378842,15.279997785835045,63104832
2011-01-11,15.310070991516113,15.379412190772724,15.272542391467695,15.35232204064313,57514428
2011-01-12,15.33144474029541,15.393081886436564,15.279252492064726,15.393081886436564,65242692
2011-01-13,15.326972007751465,15.40103565713879,15.264091261906682,15.333930658748928,53306640
2011-01-14,15.5131254196167,15.515361621506395,15.336664370117575,15.34461752016746,94529376
2011-01-18,15.897114753723145,15.955769353864905,15.540215605331172,15.559849855766172,144535320
2011-01-19,15.701266288757324,15.979874668940855,15.649322192936367,15.958997770155495,136107756
2011-01-20,15.577494621276855,15.75917535314808,15.491004477432185,15.712698159979208,219212568
2011-01-21,15.206182479858398,15.949305195085909,15.194501380122993,15.89587124368133,355819824
2011-01-24,15.187541961669922,15.222586208431986,14.942735166633595,15.100306412919295,183784032
2011-01-25,15.406999588012695,15.42638568663406,15.074209946435627,15.115963746104583,145726128
2011-01-26,15.322249412536621,15.471123057651123,15.291927614400093,15.417439059451011,81442476
2011-01-27,15.329456329345703,15.401780074581412,15.24147443643796,15.356795576415227,80687232
2011-01-28,14.93677043914795,15.418184634596752,14.906200489509255,15.386122936579046,169074756
2011-01-31,14.921112060546875,15.023260357974841,14.801566662291298,15.001638057517878,112083804
2011-02-01,15.186548233032227,15.243960179977828,14.989459391537961,15.023756343016897,109702188
2011-02-02,15.210408210754395,15.268565560313263,15.099312263099442,15.185554262091067,70357572
2011-02-03,15.1644287109375,15.196738558992259,15.064516617260594,15.147776063896819,59744196
2011-02-04,15.185056686401367,15.196488687285873,15.076446048006323,15.164427939154924,61969968
2011-02-07,15.26732349395752,15.369222692053729,15.141065702952954,15.164677000978164,71912016
2011-02-08,15.368973731994629,15.400040930578244,15.272790533818823,15.283229930873443,67728204
2011-02-09,15.322249412536621,15.395567660607734,15.21885846462691,15.331445212440023,73626300
2011-02-10,15.320757865905762,15.347103563040493,15.1994725660463,15.257629915814917,93282624
2011-02-11,15.521077156066895,15.533504603048012,15.235260082627494,15.254895278372148,103492404
2011-02-14,15.611794471740723,15.648826771939545,15.410232262026627,15.492249065612825,85034880
2011-02-15,15.512378692626953,15.660009687978961,15.486283041225537,15.591165737711712,83596320
2011-02-16,15.514120101928711,15.570785704740285,15.461429653476301,15.54916340336659,67292640
2011-02-17,15.539966583251953,15.58942538045431,15.416195988242292,15.44030358825745,59092848
2011-02-18,15.659762382507324,15.687100685451844,15.513125878146518,15.558359479588601,128587284
2011-02-22,15.16592025756836,15.531765136744937,15.105276663521009,15.409981646356226,145450404
2011-02-23,15.193506240844727,15.277512031509092,15.01157830573523,15.16890233952008,115468416
2011-02-24,15.131373405456543,15.237498748910413,14.945716565770512,15.195246753591647,108359532
2011-02-25,15.16169548034668,15.278010184589066,15.148275427218897,15.206930028820794,77218704
2011-02-28,15.245203018188477,15.322001064308282,15.111241175567331,15.160700920626482,91168740
2011-03-01,14.93105411529541,15.389852477357516,14.894767216066207,15.354062827608772,132795072
2011-03-02,14.93179988861084,15.06128648976609,14.792619290814276,14.907194090980678,80986932
2011-03-03,15.149765968322754,15.197733967404089,15.036432868627342,15.070731716504374,77734188
2011-03-04,14.927574157714844,15.135350548093456,14.917134760823933,15.119194203313455,120319560
2011-03-07,14.704885482788086,15.003874479096499,14.589068033013511,14.925834728242515,138369492
2011-03-08,14.721039772033691,14.861959311040003,14.668598427294327,14.736448821260044,91304604
2011-03-09,14.707618713378906,14.775718205348726,14.55799967795498,14.68848171427946,85953960
2011-03-10,14.422548294067383,14.57962228554541,14.40142229684164,14.550295934857191,124998876
2011-03-11,14.333324432373047,14.415093079727852,14.249319583188043,14.370853032592427,121158720
2011-03-14,14.166308403015137,14.3725930510637,14.117346853516189,14.236146852619624,112531356
2011-03-15,14.155619621276855,14.19140926629786,13.806177358259689,13.855885251185626,160063776
2011-03-16,13.84594440460205,14.161337898739713,13.701297851256777,14.117097850938165,151788060
2011-03-17,13.951820373535156,14.14170145689445,13.931440724543037,14.029363815587196,115856028
2011-03-18,13.944365501403809,14.11660134669141,13.91155935025985,14.033340950911985,131812056
2011-03-21,14.328104972839355,14.410122719860274,14.142200921017437,14.172024523052135,120715164
2011-03-22,14.34848403930664,14.395954786038857,14.22893864345069,14.347241389272469,75400524
2011-03-23,14.46877670288086,14.47598350478045,14.216263018133564,14.29554636330519,72575352
2011-03-24,14.586334228515625,14.623613729932433,14.385267389166756,14.550047331709711,83864052
2011-03-25,14.40863037109375,14.586830363821523,14.396202923621955,14.586085910371875,114221664
2011-03-28,14.299771308898926,14.539111194203178,14.283615911630122,14.466538349920627,88647264
2011-03-29,14.458088874816895,14.462065923126813,14.24136578832514,14.315677584788078,64127808
2011-03-30,14.460823059082031,14.551786553731034,14.429506763922987,14.523950057398942,56835108
2011-03-31,14.583104133605957,14.617898336373669,14.45833808568599,14.48965438360388,81094824
2011-04-01,14.708364486694336,14.79261843052177,14.632810040079624,14.632810040079624,104423472
2011-04-04,14.605968475341797,14.78143407168738,14.492138131898592,14.738189471195382,82097820
2011-04-05,14.143939018249512,14.452123797775872,14.059187825023052,14.441934446553487,241658100
2011-04-06,14.2704439163208,14.294799666922449,14.116848776992882,14.220736969117803,106625268
2011-04-07,14.415093421936035,14.430999721990203,14.270693124213146,14.30896807309304,101158740
2011-04-08,14.369359970092773,14.536625199697431,14.366875617333697,14.536625199697431,75995928
2011-04-11,14.34972858428955,14.367871086558415,14.241117933275442,14.320649434999094,74253672
2011-04-12,14.181716918945312,14.338294610978261,14.118090774968339,14.290823864500657,83340576
2011-04-13,14.322635650634766,14.355442746070482,14.21004891253085,14.303498651868134,82693224
2011-04-14,14.378059387207031,14.401421585001847,14.218748254737905,14.295545347245689,218033748
2011-04-15,13.18980884552002,13.563855011779456,13.173902547004213,13.552423010881173,561186252
2011-04-18,13.093873023986816,13.114253618904488,12.899021352361528,13.083434575404807,201390408
2011-04-19,12.961901664733887,13.19428290509296,12.946244463656342,13.171168856632708,107256636
2011-04-20,13.066285133361816,13.093376226138323,12.958420853049974,13.070510332287663,122277600
2011-04-21,13.050628662109375,13.129661954828691,12.983274573796868,13.11002770721267,98705196
2011-04-25,13.049386024475098,13.097850322117655,12.973830630554131,13.05435662452646,65166768
2011-04-26,13.242499351501465,13.35732230151468,13.053362707128004,13.085921654341623,139860000
2011-04-27,13.365273475646973,13.373972971980148,13.28052323809744,13.371238573949242,91844064
2011-04-28,13.370494842529297,13.402307439003543,13.27381345601323,13.372731044157131,79920000
2011-04-29,13.522848129272461,13.522848129272461,13.383916626415921,13.420948925766146,168970860
2011-05-02,13.38515853881836,13.56335948026294,13.349368891553116,13.56261313252311,85262652
2011-05-03,13.269092559814453,13.470903846297244,13.16321536939814,13.349618553491611,83176740
2011-05-04,13.316315650939941,13.396095305547904,13.247470749305302,13.300906599738298,84595320
2011-05-05,13.278535842895508,13.406531628739488,13.209691899327362,13.268346492196526,79832088
2011-05-06,13.304136276245117,13.457234171785418,13.301153726703188,13.374969223225957,82161756
2011-05-09,13.363286972045898,13.383419417931782,13.199750629178268,13.296679225671944,77870052
2011-05-10,13.48705768585205,13.531048630724037,13.359807299910505,13.420947192977215,81634284
2011-05-11,13.307865142822266,13.509179200060428,13.264123289859278,13.424428945570071,93458448
2011-05-12,13.29792308807373,13.344896586080186,13.195028443393273,13.3026445899905,57874068
2011-05-13,13.161227226257324,13.319544814194986,13.14879977912009,13.286986815921804,84263652
2011-05-16,12.88460636138916,13.104562048347193,12.834403110370946,13.080702599306541,118209672
2011-05-17,13.183846473693848,13.202735325480994,12.800356277745337,12.810297479588485,132011856
2011-05-18,13.167689323425293,13.180613072602469,13.065541032841988,13.16097882412736,78049872
2011-05-19,13.20348072052002,13.334955378548601,13.165453921358639,13.240263922398805,98649252
2011-05-20,13.024035453796387,13.221869687816975,13.001666806974775,13.217147239027858,92607300
2011-05-23,12.883862495422363,12.923876396799182,12.75984279555771,12.839374295986413,91908000
2011-05-24,12.880630493164062,13.02229638878058,12.87789704188475,12.933071841200428,75924000
2011-05-25,12.915674209594727,12.99271945740435,12.855527865361466,12.857515915950346,52011936
2011-05-26,12.877399444580078,12.976565189976192,12.799607847955254,12.866711896623539,84655260
2011-05-27,12.946244239807129,12.968363788996077,12.831916649522821,12.886097895191822,69762168
2011-05-31,13.148056030273438,13.148800483742939,13.010864432117963,13.048143934102107,107384508
2011-06-01,13.063055038452148,13.251941613306839,13.055847290118693,13.123697680048219,118117764
2011-06-02,13.124197959899902,13.179870014711843,12.985514598806162,13.112018661973316,88091820
2011-06-03,13.0004243850708,13.112762976287446,12.961156834372273,12.973582387270655,69870060
2011-06-06,12.95022201538086,13.093378715280549,12.905235619610309,13.011858217481294,77606316
2011-06-07,12.899767875671387,13.03894751792629,12.898773376808752,12.995701971670044,76227696
2011-06-08,12.90324592590332,12.954692769584403,12.818991987494423,12.837632683589408,66069864
2011-06-09,12.84260368347168,12.923875075152038,12.815513535292142,12.923875075152038,67496436
2011-06-10,12.663161277770996,12.841609415659333,12.657693428380956,12.776742517828794,97498404
2011-06-13,12.54436206817627,12.680311016547563,12.480736869231126,12.675340416272702,96994908
2011-06-14,12.6348295211792,12.776743571599637,12.600530673735527,12.629360724196355,93566340
2011-06-15,12.5001220703125,12.634331119690023,12.441964720868057,12.551817071088971,82849068
2011-06-16,12.435999870300293,12.590091312200961,12.3440409285913,12.496642516485847,110169720
2011-06-17,12.054495811462402,12.593072779097412,12.049027015345525,12.580397181862882,209606184
2011-06-20,12.043560981750488,12.084569378449908,11.910593644617704,12.053999431066245,121022856
2011-06-21,12.252827644348145,12.276190790908524,12.047288404267553,12.10842924830664,110505384
2011-06-22,12.10395336151123,12.236671587562341,12.096994711685737,12.21430388996075,96187716
2011-06-23,11.935198783874512,12.000812025556282,11.77389865706269,11.982668579036527,191875932
2011-06-24,11.802481651306152,11.948371796146164,11.756252607474375,11.946631896670269,152071776
2011-06-27,11.999321937561035,12.138502536228025,11.770669585259581,11.780610785980985,137650212
2011-06-28,12.268983840942383,12.332609037131544,12.029643007510677,12.029643007510677,108495396
2011-06-29,12.366410255432129,12.433018004153405,12.237419957663173,12.340810906232859,93626280
2011-06-30,12.585369110107422,12.592576859127696,12.464083815358114,12.476262164491187,97038864
2011-07-01,12.949475288391113,12.953204185689088,12.585369351720601,12.59431700038049,145322532
2011-07-05,13.233053207397461,13.306620547077078,13.055599574084033,13.055599574084033,153814032
2011-07-06,13.305625915527344,13.383914755955505,13.247965821796724,13.259398769518763,107716176
2011-07-07,13.584981918334961,13.686383860738685,13.318549998213625,13.445801333132668,157262580
2011-07-08,13.221871376037598,13.362543728837927,13.104563119026327,13.245730827027634,190617192
2011-07-11,13.104809761047363,13.321036543511186,13.060570663413085,13.127178408149119,113458428
2011-07-12,13.272074699401855,13.406531888714728,13.072996870228392,13.126680864355325,113534352
2011-07-13,13.377702713012695,13.520363106279937,13.333462666345412,13.346387363444938,111496392
2011-07-14,13.146066665649414,13.47065497590182,13.091139075647378,13.399075687249502,265714020
2011-07-15,14.853012084960938,14.91837718081676,14.617897397367786,14.850029535486925,548734716
2011-07-18,14.786404609680176,14.963113802471272,14.713335461225942,14.725513810491949,178553268
2011-07-19,14.975541114807129,15.0284787638217,14.801069072523344,14.816229024039254,118581300
2011-07-20,14.796595573425293,14.982500562410438,14.796595573425293,14.966345165033632,89022888
2011-07-21,15.085891723632812,15.11248462383084,14.76329143944829,14.763788688891037,138641220
2011-07-22,15.36524486541748,15.39680931156998,15.018288844588778,15.046125340790601,140986872
2011-07-25,15.383886337280273,15.543694732354993,15.235260845479166,15.244208494096583,125138736
2011-07-26,15.471868515014648,15.595639113859525,15.340143819159568,15.36077256801432,93622284
2011-07-27,15.091608047485352,15.432848089515405,15.030219997824151,15.339150191085535,157218624
2011-07-28,15.184062957763672,15.309325301563934,14.986725017655482,15.041154415182719,124211664
2011-07-29,15.003874778747559,15.283974931189718,15.003874778747559,15.017295778707338,165330504
2011-08-01,15.080422401428223,15.297394583569886,14.891783965117805,15.191022039342524,158485356
2011-08-02,14.72327709197998,15.15249806218781,14.702648344297238,15.061285468611544,127895976
2011-08-03,14.941242218017578,14.98672396381023,14.505309819011513,14.769752736692768,152874972
2011-08-04,14.35345458984375,14.883582163146112,14.352212886955664,14.775468769121415,196387416
2011-08-05,14.39123249053955,14.663628579212745,13.96772750410247,14.47822083528469,236926836
2011-08-08,13.57056713104248,14.141703144679212,13.529061480407185,13.992085039171563,299564136
2011-08-09,14.251307487487793,14.281132035860468,13.446050364276436,13.942873599339036,258529212
2011-08-10,13.644878387451172,14.02041630567479,13.613065790105185,13.952317760462833,214569216
2011-08-11,13.970958709716797,14.129276309475973,13.629967757817049,13.764424960376456,193030776
2011-08-12,14.011717796325684,14.178983031158376,13.927961103338765,14.154129084231736,126045828
2011-08-15,13.849176406860352,14.0420400483016,13.571312472542896,13.754732163187782,285510204
2011-08-16,13.39609432220459,13.730127559258353,13.179868477484337,13.729879408104718,277298424
2011-08-17,13.250699996948242,13.512657627212915,13.191549098915182,13.421693184152756,163000836
2011-08-18,12.548089027404785,13.045408532474315,12.438981139706108,13.010117083881553,251376372
2011-08-19,12.201132774353027,12.79637729922899,12.199641973158123,12.41040091387696,216183600
2011-08-22,12.381322860717773,12.600780371136185,12.290855656448874,12.526219467680678,196039764
2011-08-23,12.894547462463379,12.958918055276747,12.403440272777457,12.513789860457518,173698128
2011-08-24,13.005644798278809,13.172412806981809,12.855033135976237,12.907225389956524,143636220
2011-08-25,12.924869537353516,13.353096944566616,12.881623992558607,13.181855611908654,131588280
2011-08-26,13.094372749328613,13.183597302105623,12.753380838795255,12.92362864289184,143708148
2011-08-29,13.39808177947998,13.407278526026076,13.260890188984726,13.285743188919799,93338568
2011-08-30,13.438344955444336,13.495259652054349,13.192543668237697,13.375962409347217,119440440
2011-08-31,13.444807052612305,13.577525291840802,13.321532763880487,13.538753096721747,107624268
2011-09-01,13.23454475402832,13.51613566924496,13.20273215804877,13.43958672856188,96523380
2011-09-02,13.04416561126709,13.120714547159848,12.942017330658114,13.03496981291539,95951952
2011-09-06,12.978056907653809,12.992471458519331,12.687766474029727,12.695222374181734,108523368
2011-09-07,13.272570610046387,13.320041352923061,13.107791629759689,13.183595169971015,110121768
2011-09-08,13.295684814453125,13.398578503288102,13.219633122208442,13.266854767374367,95124780
2011-09-09,13.044415473937988,13.287981507371699,12.95345197722594,13.207206414805126,130621248
2011-09-12,13.175395011901855,13.221871263344921,12.861742352453495,12.873175301937279,106709184
2011-09-13,13.160482406616211,13.268843953928569,13.00837806196209,13.222118607027884,94073832
2011-09-14,13.223858833312988,13.345144124929696,13.06852379523291,13.236782582700824,107668224
2011-09-15,13.484572410583496,13.54471780494177,13.285742735044849,13.309105880184143,118313568
2011-09-16,13.586970329284668,13.590946430437311,13.498987488795747,13.540244984319601,141230628
2011-09-19,13.58672046661377,13.666997357141382,13.306123102891139,13.429645537085944,98637264
2011-09-20,13.58572769165039,13.881237839206998,13.48730734189927,13.654572590386447,111052836
2011-09-21,13.401065826416016,13.79375368783089,13.392616373778958,13.612073881151392,100471428
2011-09-22,12.940279006958008,13.142090293038176,12.77475366933245,13.079210497889186,175835988
2011-09-23,13.060818672180176,13.083435470178234,12.787179947375154,12.838378642152282,110980908
2011-09-26,13.219386100769043,13.2452336007531,12.756114416005317,13.104064008315438,105262632
2011-09-27,13.40454387664795,13.596165806551697,13.322776182394797,13.376210131254254,120315564
2011-09-28,13.14358139038086,13.520859222635046,13.115248590753282,13.458228524360887,90441468
2011-09-29,13.11027717590332,13.353842250244858,12.909211298362113,13.322526903053815,116147736
2011-09-30,12.800601959228516,13.023290141545173,12.784197463925242,12.929094051972628,108835056
2011-10-03,12.315459251403809,12.725046929116633,12.302535501704675,12.671612030855291,178797024
2011-10-04,12.47402572631836,12.51230162250806,11.94464447129935,12.179013773393905,166185648
2011-10-05,12.54361629486084,12.62066344407506,11.948869927038075,12.336088988172476,181182636
2011-10-06,12.792401313781738,12.805325063774543,12.4914233252172,12.613205871961405,136835028
2011-10-07,12.802590370178223,12.936303112073858,12.682795876854618,12.845090516481328,114121764
2011-10-10,13.350611686706543,13.358067586522532,13.003406571571219,13.052617215211894,92795112
2011-10-11,13.499981880187988,13.589952770537016,13.258404849263988,13.258404849263988,114021864
2011-10-12,13.632203102111816,13.799468340298441,13.536019907303833,13.623007302578669,126984888
2011-10-13,13.89291763305664,13.893165784194709,13.620273409377173,13.670229453752043,227276496
2011-10-14,14.705382347106934,14.902223039335901,14.603234050858141,14.898992338647858,340854804
2011-10-17,14.47498893737793,14.709110059227996,14.365383802549912,14.507546934212698,160167672
2011-10-18,14.676302909851074,14.727252504534905,14.350471003009064,14.419813142804065,151879968
2011-10-19,14.432490348815918,14.714826697794166,14.395707148777946,14.597518446668843,117142740
2011-10-20,14.506304740905762,14.636041385676739,14.402913792937527,14.46231473918001,135024840
2011-10-21,14.675806999206543,14.73197629704751,14.581611852017822,14.651451247588094,135504360
2011-10-24,14.823187828063965,14.911418822570273,14.576641134317423,14.582108983936712,136938924
2011-10-25,14.493629455566406,14.787895986920937,14.48592540435752,14.740674339377115,101518380
2011-10-26,14.571918487548828,14.668101683314166,14.23763805327802,14.652444482408248,114809076
2011-10-27,14.879109382629395,14.979269624496844,14.74564479480653,14.872895185495661,151060788
2011-10-28,14.915643692016602,14.969326737579221,14.76925536201665,14.775965861104693,100219680
2011-10-31,14.729242324829102,14.90446072313864,14.705134723667069,14.790134073491622,102209688
2011-11-01,14.381540298461914,14.552035293612192,14.334317702671665,14.417578096753525,124878996
2011-11-02,14.534886360168457,14.612927055884407,14.42702301060999,14.536875357947519,84751164
2011-11-03,14.850030899047852,14.850030899047852,14.50754913465179,14.589068688240209,106685208
2011-11-04,14.816228866577148,14.905702509250734,14.724022719863918,14.750615619663279,113278608
2011-11-07,15.119194030761719,15.130378828119532,14.719052198756668,14.746142348136647,134161704
2011-11-08,15.21885871887207,15.26931201717651,15.001638369456183,15.135847420056733,121054824
2011-11-09,14.935775756835938,15.145540202036702,14.878860110810027,15.018041653575478,148291560
2011-11-10,14.789883613586426,15.060041573121149,14.702398977239751,15.059544323734658,114621264
2011-11-11,15.119691848754883,15.212644341363129,14.87736941729116,14.944474411190633,158920920
2011-11-14,15.235260963439941,15.361517808245965,15.105526213904634,15.110993116436614,127420452
2011-11-15,15.323739051818848,15.361516747476012,15.173126465748279,15.230289311508615,106932960
2011-11-16,15.197234153747559,15.366984686921581,15.1758609529954,15.212395051755173,104235660
2011-11-17,14.933786392211914,15.217614461050287,14.832134405719936,15.161942417127511,139592268
2011-11-18,14.784913063049316,15.024005738450873,14.756829362949759,14.961871345211822,131376492
2011-11-21,14.438453674316406,14.626346699960406,14.21849990172818,14.607955102200787,119931948
2011-11-22,14.415093421936035,14.538615872088721,14.296789723319522,14.415093421936035,96115788
2011-11-23,14.169291496276855,14.421307002728929,14.169291496276855,14.299523502204247,92938968
2011-11-25,13.992582321166992,14.272682478672415,13.951075723293377,14.04701172262292,62433504
2011-11-28,14.618644714355469,14.634302864361262,14.328106092971046,14.399436297125797,113042844
2011-11-29,14.487913131713867,14.672575465446705,14.448147385120718,14.610938321441884,73198728
2011-11-30,14.897004127502441,14.899986677006115,14.715572487211752,14.861214480600138,135744120
2011-12-01,15.254399299621582,15.309822251235206,14.887311750084733,14.91216475183368,144679176
2011-12-02,15.418184280395508,15.508651477155032,15.316284134893529,15.335919331677541,163264572
2011-12-05,15.54965877532959,15.7049928619747,15.468884633531767,15.599117569806038,127772100
2011-12-06,15.502935409545898,15.623474358132329,15.415201664417104,15.483548363998652,92966940
2011-12-07,15.493489265441895,15.549906709488623,15.362013681040416,15.450990069057703,90201708
2011-12-08,15.311064720153809,15.594395549205307,15.292424023073941,15.435084410023979,96427476
2011-12-09,15.593650817871094,15.636150017838968,15.334924826490814,15.359528729179978,110537352
2011-12-12,15.543197631835938,15.562831881610075,15.416444484487961,15.455962082332936,87268644
2011-12-13,15.549161911010742,15.820811639942859,15.480068866570628,15.6269535053986,160966872
2011-12-14,15.361268997192383,15.516604036059015,15.222585657786215,15.455215989370508,155991852
2011-12-15,15.39780330657959,15.508651098014695,15.376678256250893,15.47186789972895,96247656
2011-12-16,15.557363510131836,15.640871101575803,15.445770325172216,15.516603266077404,178193628
2011-12-19,15.454717636108398,15.620491122742784,15.40923683591016,15.608313721127825,85654260
2011-12-20,15.666969299316406,15.70350434787947,15.607816504092744,15.608066549533213,95432472
2011-12-21,15.553884506225586,15.703005348158525,15.383387621651282,15.658020849720328,99816084
2011-12-22,15.65031623840332,15.700769534677843,15.583460340524072,15.606822540037998,72819108
2011-12-23,15.73581314086914,15.774088088690894,15.671691640101214,15.707480340662764,58089852
2011-12-27,15.912522315979004,16.01790131400561,15.707480320762489,15.70872297082011,64191744
2011-12-28,15.898852348327637,16.030577036233577,15.859085654243692,15.974655892230711,85002912
2011-12-29,15.965957641601562,15.980869441806282,15.787011303436007,15.943339895864218,62952984
2011-12-30,16.05294418334961,16.074317383649657,15.956511895157234,15.956511895157234,71220708
2012-01-03,16.537839889526367,16.605939391132765,16.21375066752817,16.22791612157581,146912940
2012-01-04,16.60917091369629,16.65813246598322,16.41879160747348,16.52839486569771,114445440
2012-01-05,16.37877655029297,16.502050852838394,16.30968444538583,16.456320949220384,131184684
2012-01-06,16.155344009399414,16.403383417628014,16.14962706104837,16.382256470988125,107608284
2012-01-09,15.470375061035156,16.08028223352068,15.439805115000723,16.067855734203178,232671096
2012-01-10,15.487277030944824,15.752216267597856,15.33243829143982,15.651559721218145,175648176
2012-01-11,15.557363510131836,15.642611000921173,15.437071775587091,15.496222670479327,95904000
2012-01-12,15.648825645446777,15.72959979307744,15.570784949072676,15.688094144787405,74932992
2012-01-13,15.533255577087402,15.58196802496956,15.435580635898328,15.564819076254693,92199708
2012-01-17,15.622482299804688,15.70698440518264,15.55040669605823,15.70698440518264,76295628
2012-01-18,15.730097770690918,15.757187921924224,15.461927815457251,15.574016370717525,110357532
2012-01-19,15.895621299743652,15.930913697466826,15.6940591063062,15.930913697466826,251959788
2012-01-20,14.563965797424316,14.688482743721378,14.457344148644001,14.6768006965333,422628948
2012-01-23,14.552284240722656,14.630323988400365,14.493629644033717,14.56421443869278,136379484
2012-01-24,14.438206672668457,14.605968214584406,14.365384729217824,14.572167565624612,122109768
2012-01-25,14.153881072998047,14.38303065841688,14.07658578033445,14.353206111238455,199308492
2012-01-26,14.11933422088623,14.277899961836217,14.031104175594859,14.215766513984711,128918952
2012-01-27,14.414594650268555,14.423045048869051,14.149902631159692,14.18594137435056,144555300
2012-01-30,14.357681274414062,14.415093223372148,14.251058677573976,14.366628923249468,93126780
2012-01-31,14.417824745178223,14.514506128468199,14.294550464383104,14.489652183123878,85610304
2012-02-01,14.435720443725586,14.5517869870429,14.393718493977335,14.537868738462407,92735172
2012-02-02,14.542093276977539,14.574403123336499,14.46678793108864,14.536128178265356,96491412
2012-02-03,14.820952415466309,14.839344963086425,14.615165011041881,14.680032862188003,126613260
2012-02-06,15.138083457946777,15.181329006433307,14.763291861536262,14.788144862966133,147036816
2012-02-07,15.080422401428223,15.145539344755786,15.005613356442923,15.089867299085892,83600316
2012-02-08,15.156972885131836,15.194253333510057,15.029970641209276,15.126899238707574,73382544
2012-02-09,15.19698715209961,15.27254254957214,15.135847253167068,15.210905401182732,90497412
2012-02-10,15.059048652648926,15.114222499744727,15.011577909228988,15.108009250007402,92914992
2012-02-13,15.215377807617188,15.256137106281138,15.16119751016,15.173126760675231,72579348
2012-02-14,15.154736518859863,15.21040856957993,15.030468666895302,15.19897656746708,72075852
2012-02-15,15.0503511428833,15.233522694459715,14.975790241908097,15.233522694459715,96938964
2012-02-16,15.074210166931152,15.13112486642774,14.855747168938349,14.982252166995659,101134764
2012-02-17,15.027484893798828,15.101797637191659,14.971812847611126,15.035686194398352,97866036
2012-02-21,15.260114669799805,15.356546964596715,14.983742482354472,15.00834827906739,99132768
2012-02-22,15.109501838684082,15.329207476182232,15.078931890562624,15.209412983729573,78601320
2012-02-23,15.064020156860352,15.10950190538162,14.920863464607217,15.08613970610995,82117800
2012-02-24,15.158215522766113,15.201709221314806,15.049107628954701,15.094838476432468,77346576
2012-02-27,15.14355182647705,15.219354425835812,15.037923731962449,15.075949580788002,72483444
2012-02-28,15.369222640991211,15.403520539873968,15.103039803638604,15.160700849316374,113790096
2012-02-29,15.365742683410645,15.548416973461972,15.297395037502366,15.374441233617423,125350524
2012-03-01,15.468884468078613,15.550901258960954,15.363256381033652,15.465404669366212,89418492
2012-03-02,15.440303802490234,15.508651449385745,15.417190701035299,15.458944500344376,62869068
2012-03-05,15.266327857971191,15.471121684945533,15.194997666903337,15.41992204427478,63668268
2012-03-06,15.035440444946289,15.131126404839494,14.759068220439753,15.112237553473012,126849024
2012-03-07,15.081168174743652,15.1902751130844,15.057805976914622,15.137088369425552,50529420
2012-03-08,15.089619636535645,15.197981181973354,15.069985387159077,15.16169428558575,53766180
2012-03-09,14.918376922607422,15.207921949162579,14.912163672619846,15.109750705075351,106717176
2012-03-12,15.0401611328125,15.086140132069177,14.893772788655255,14.912164388357926,66693240
2012-03-13,15.354061126708984,15.355801026126914,15.050101550824545,15.129633044631522,89742168
2012-03-14,15.30957317352295,15.47832921260909,15.246694325190136,15.284968324423867,117358524
2012-03-15,15.437320709228516,15.496223455975045,15.280743020192508,15.324733966894378,97306596
2012-03-16,15.534499168395996,15.556121468955721,15.41047947162474,15.431357318715634,121897980
2012-03-19,15.75669002532959,15.838458672285123,15.440055781706494,15.486780181600048,86825088
2012-03-20,15.744510650634766,15.808383996025809,15.58992101549301,15.680637305243723,61558380
2012-03-21,15.905814170837402,16.089978335383464,15.720157310663213,15.772349564843434,98685216
2012-03-22,16.056673049926758,16.125020695415927,15.682625921911,15.86902816090792,96311592
2012-03-23,15.970680236816406,16.1175648798888,15.928678286998322,16.07034228452439,77530392
2012-03-26,16.138193130493164,16.142171126355326,15.894878066442132,16.030578871002955,72695232
2012-03-27,16.080781936645508,16.241832034885686,16.025605243652883,16.08103008779842,80207712
2012-03-28,16.29800033569336,16.368336976115124,16.18168564630127,16.205295995772516,101454444
2012-03-29,16.115327835083008,16.31862992733015,16.013180486658285,16.240341080748937,76895028
2012-03-30,15.937126159667969,16.241582981695455,15.931161060911313,16.19833838356409,92335572
2012-04-02,16.07829475402832,16.09271025061273,15.778062202694635,15.925445027432266,91276632
2012-04-03,15.971426010131836,16.103897060391763,15.87250935483815,16.040768160589636,81714204
2012-04-04,15.785770416259766,15.88145637254247,15.685112912211855,15.867787220828337,65038896
2012-04-05,15.715431213378906,15.817579496012673,15.62223057815996,15.713443163000615,92655252
2012-04-09,15.678650856018066,15.79024310849562,15.540712905909249,15.619996255683404,87220692
2012-04-10,15.579730987548828,15.769612063216533,15.522319045676534,15.745256314152819,99180720
2012-04-11,15.805900573730469,15.806895072627364,15.690082179339667,15.75644177573327,87872040
2012-04-12,16.179946899414062,16.232884546613843,15.912771469155762,15.964714617508484,230033736
2012-04-13,15.523563385009766,16.129742632447545,15.497217689954338,16.09395203981185,326045628
2012-04-16,15.06302547454834,15.503928494426559,14.953421281367698,15.483797943170854,227456316
2012-04-17,15.150014877319336,15.351826177715044,15.086388729940104,15.12491182999452,120835044
2012-04-18,15.097323417663574,15.23028981022956,14.982002276392254,15.112235217791499,106673220
2012-04-19,14.894765853881836,15.316283726346239,14.887310900924211,15.053580693423015,131652216
2012-04-20,14.814240455627441,15.13211827832088,14.808524455115087,15.017791638081508,122213664
2012-04-23,14.852516174316406,14.87364122519685,14.668599230942323,14.735703280880836,87824088
2012-04-24,14.943726539611816,15.07694201497525,14.845555305901046,14.868420252866908,77086836
2012-04-25,15.153740882873535,15.1942529781248,14.983742193787707,15.011578690629982,72771156
2012-04-26,15.296649932861328,15.359528783286017,15.153245085824196,15.183317785405961,83616300
2012-04-27,15.284470558166504,15.328213352545125,15.175611768778136,15.28546505699938,65390544
2012-04-30,15.032703399658203,15.311809026616487,14.927324407879341,15.235011931610147,96195708
2012-05-01,15.022266387939453,15.200465432308652,14.91688644557849,15.006360088768945,80011908
2012-05-02,15.092602729797363,15.113727781117786,14.927325533757855,14.941989183531115,64395540
2012-05-03,15.186051368713379,15.280743766188392,15.134604519477579,15.151257166910545,74645280
2012-05-04,14.836857795715332,15.108259382235916,14.832881694468025,15.059297834384964,88207704
2012-05-07,15.099809646606445,15.174867795579722,14.787896897608002,14.787896897608002,79700220
2012-05-08,15.230042457580566,15.332190756381003,14.929562660399885,15.049605309720368,106984908
2012-05-09,15.139575004577637,15.31926674880191,14.95714980908923,15.081666754304223,93058848
2012-05-10,15.251665115356445,15.314543964473065,15.166416671457089,15.234267067826423,61374564
2012-05-11,15.042147636413574,15.273783455523763,15.03071468877849,15.169398020032896,83892024
2012-05-14,15.011578559875488,15.123419901420082,14.92657921607294,14.93155076322001,72903024
2012-05-15,15.188287734985352,15.28496817815277,15.005365298081806,15.04513104523475,83999916
2012-05-16,15.631179809570312,15.660258010879149,15.308331362700898,15.358535562517718,193210596
2012-05-17,15.485039710998535,15.8528726388716,15.43980611398606,15.752962441324426,134017848
2012-05-18,14.922106742858887,15.717918982762102,14.830147795928667,15.535990086734145,238701060
2012-05-21,15.262848854064941,15.302117352367697,14.912163926240883,14.92483952471618,122892984
2012-05-22,14.932046890258789,15.255392562227962,14.812749650106362,15.246195815755968,121953924
2012-05-23,15.147279739379883,15.150758591188023,14.840585755172503,14.953172500185724,126996876
2012-05-24,15.003130912780762,15.208420127402993,14.88408180805213,15.139824323652057,75576348
2012-05-25,14.701655387878418,14.955161696948915,14.620881235240496,14.93701919450081,143132724
2012-05-29,14.771492958068848,14.890542053551902,14.621874860678641,14.808028006235121,104123772
2012-05-30,14.619636535644531,14.710849126003723,14.502824598512882,14.61789663628013,76191732
2012-05-31,14.436466217041016,14.663628709435136,14.390238119439397,14.631816110225104,118613268
2012-06-01,14.190913200378418,14.23241884927645,14.125548101857131,14.211044699792586,122193684
2012-06-04,14.380049705505371,14.427272305089755,14.16680639528782,14.17202514701693,97210692
2012-06-05,14.17674732208252,14.368617425044883,14.078824219844996,14.302009674001688,93502404
2012-06-06,14.42926025390625,14.464055404707942,14.256278998859102,14.327608252931983,83748168
2012-06-07,14.371100425720215,14.611186656566774,14.346744675177899,14.603979854860514,70269660
2012-06-08,14.426276206970215,14.439946304131155,14.28038511877018,14.31194956538457,56359584
2012-06-11,14.12927532196045,14.547313391793184,14.084289876335085,14.51972599338637,106337556
2012-06-12,14.04477310180664,14.174012489789265,13.882727564544018,14.16083964213542,128839032
2012-06-13,13.945110321044922,14.091994962317271,13.885213074981142,13.960768468924847,78089832
2012-06-14,13.894407272338867,14.044026294672738,13.831527484065704,13.95032841076879,93702204
2012-06-15,14.030109405517578,14.03035755665891,13.845695221838675,13.926470312625234,119927952
2012-06-18,14.187682151794434,14.271190696999408,13.899379765558537,13.983137409056438,99776124
2012-06-19,14.453118324279785,14.52146596922456,14.244099288263701,14.255780387805064,82964952
2012-06-20,14.353206634521484,14.415092879994011,14.253792736491373,14.41037043095933,93774132
2012-06-21,14.047507286071777,14.411116922535207,14.010724086605002,14.411116922535207,80371548
2012-06-22,14.203339576721191,14.203339576721191,14.06266912749448,14.116849427772317,89026884
2012-06-25,13.935418128967285,14.119085020012816,13.85215773719586,14.100196171649232,63200736
2012-06-26,14.03433609008789,14.08205499133049,13.90509763600798,13.98661718884529,53953992
2012-06-27,14.14915943145752,14.265722281391861,14.067639881850805,14.109393681997924,67624308
2012-06-28,14.025139808654785,14.072858708260485,13.848678761720599,14.064657407167124,76759164
2012-06-29,14.416831970214844,14.418323718570388,14.221233925835707,14.289829724503663,100679220
2012-07-02,14.426773071289062,14.48965381582388,14.32810457359491,14.46032556978501,66153780
2012-07-03,14.609694480895996,14.624109978170345,14.365384004914922,14.415340048820196,47532420
2012-07-05,14.810762405395508,14.913656103036246,14.627341763950572,14.632810560759895,93742164
2012-07-06,14.563716888427734,14.751113635342008,14.485179887825618,14.724519787019455,86385528
2012-07-09,14.564462661743164,14.62883325944453,14.446159916044932,14.538116965619373,68535396
2012-07-10,14.457344055175781,14.724023198122488,14.38377670919124,14.668351149538998,76847076
2012-07-11,14.19612979888916,14.361655119922169,14.040795722309012,14.323132026462023,139832028
2012-07-12,14.178484916687012,14.214523660867275,13.969963132719005,14.094977321499483,92299608
2012-07-13,14.328601837158203,14.39396693471591,14.130518493831234,14.219991191814026,78960960
2012-07-16,14.288835525512695,14.394959919431903,14.210795779361767,14.324873322724864,58445496
2012-07-17,14.333821296691895,14.431744392248246,14.126790308161453,14.376072344876144,67136796
2012-07-18,14.433980941772461,14.50680193540042,14.318908901714776,14.340033951358764,61866072
2012-07-19,14.739680290222168,14.874387533474462,14.564214693664365,14.567693545515064,186801012
2012-07-20,15.181079864501953,15.233769360664757,14.866929990939644,15.129881169470917,258289452
2012-07-23,15.29764461517334,15.368228465061591,14.868670824688687,14.924094722598204,142325532
2012-07-24,15.100305557250977,15.357788883606673,15.020028663886071,15.284967890103355,80295624
2012-07-25,15.110745429992676,15.24470633040759,15.04562848135529,15.118946731184673,72847080
2012-07-26,15.244208335876465,15.331444830779988,15.161446138806115,15.284968582965908,67340592
2012-07-27,15.781045913696289,15.782040412548325,15.347102496032415,15.381648544726808,141846012
2012-07-30,15.714936256408691,15.970928798846325,15.645345958741974,15.808136905223243,87380532
2012-07-31,15.731588363647461,15.81932116503762,15.613533763428592,15.614528262359377,74549376
2012-08-01,15.724381446838379,15.8941310473846,15.692070650383494,15.839204398266594,73710216
2012-08-02,15.62670612335205,15.857348427861309,15.493988816433125,15.546181068993482,79028892
2012-08-03,15.939363479614258,15.998764422395906,15.810373190110946,15.906308232100395,75808116
2012-08-06,15.976397514343262,16.139436611149822,15.886922921881853,15.896615971160445,71224704
2012-08-07,15.919729232788086,16.0121854230947,15.818575439674701,15.950795482604272,79192728
2012-08-08,15.961731910705566,16.052199107444082,15.869028512163167,15.882697662706848,52835112
2012-08-09,15.964715957641602,16.064626161629135,15.944087208396692,16.018399957053973,42769188
2012-08-10,15.956016540527344,15.961979745219404,15.810125449623252,15.871265346269041,57326616
2012-08-13,16.40363121032715,16.40710911521222,16.07233235576878,16.09072395627484,130585284
2012-08-14,16.618610382080078,16.722746715221017,16.378525121139468,16.384738370542863,146321532
2012-08-15,16.59078025817871,16.757547326864827,16.505283650183447,16.658877868867368,96331572
2012-08-16,16.723247528076172,16.767238477304563,16.579344481956678,16.590032030315914,68639292
2012-08-17,16.82937240600586,16.832107751829582,16.69416979324801,16.7543151985451,87020892
2012-08-20,16.78960609436035,16.87236924094295,16.718026798397414,16.788611595448543,70253676
2012-08-21,16.639739990234375,16.85074614120297,16.457314791100437,16.729212690261303,88799112
2012-08-22,16.830366134643555,16.91536643393992,16.5699002282086,16.586801027600693,76291632
2012-08-23,16.8209228515625,16.912384551128472,16.676771651066026,16.758043998645473,71296632
2012-08-24,16.866403579711914,16.91163717728096,16.753320532931095,16.791096336051908,57006936
2012-08-27,16.632532119750977,16.7016242213962,16.384492725071826,16.47769337465911,104443452
2012-08-28,16.832107543945312,16.84130239745249,16.521189274394292,16.52765067639532,82261656
2012-08-29,17.099529266357422,17.123887858885485,16.804767375936567,16.83508727888424,119492388
2012-08-30,16.94220733642578,17.08412138103549,16.904927835138768,17.005832534049166,65010924
2012-08-31,17.02695655822754,17.113695799132824,16.901447017177933,16.999866410068847,84998916
2012-09-04,16.926300048828125,17.024719441906797,16.738904265875366,17.01353559217363,75508416
2012-09-05,16.91834831237793,17.062003215269332,16.87907981012387,16.90045490802232,68259672
2012-09-06,17.382614135742188,17.394792485731234,17.018011878137315,17.048581828693116,121618260
2012-09-07,17.550373077392578,17.70198015748809,17.339615102888907,17.3975233473665,129190680
2012-09-10,17.416662216186523,17.71589839703658,17.357509424359034,17.640096747253736,102297600
2012-09-11,17.203418731689453,17.413682330086722,17.17384328000271,17.34682548054904,74877048
2012-09-12,17.17085838317871,17.271018615543984,16.922322724227964,17.1343233401219,105586308
2012-09-13,17.547639846801758,17.621206239041815,17.162408892071632,17.22578593360978,106253640
2012-09-14,17.638107299804688,17.72062039403448,17.571748655116703,17.636118302147686,104635260
2012-09-17,17.645565032958984,17.71764063268685,17.521794431612843,17.599088782878212,60271668
2012-09-18,17.851848602294922,17.86129160536477,17.566031536058034,17.590884535110472,82589328
2012-09-19,18.08099937438965,18.10734317627065,17.805373534963927,17.832463684579245,123808068
2012-09-20,18.09640884399414,18.177431139328558,17.92491935562266,18.00569349981407,116179704
2012-09-21,18.242300033569336,18.26541408258539,18.146115887295025,18.19806093336274,254109636
2012-09-24,18.624797821044922,18.64120042332895,18.149347774564575,18.167987525860894,142409448
2012-09-25,18.619327545166016,19.01027546043314,18.58204804553447,18.716007987350707,242097660
2012-09-26,18.7261962890625,18.919559056880235,18.416522625481992,18.636475449549984,226689084
2012-09-27,18.801755905151367,18.95932811762122,18.681216941708186,18.887502557347855,157086756
2012-09-28,18.752046585083008,18.871344783592107,18.668789028144523,18.743349928641788,111228660
2012-10-01,18.9329833984375,19.01301120386526,18.79454724797791,18.865132048930622,126593280
2012-10-02,18.81393051147461,19.037613185360783,18.64691532731435,19.017978937290952,111496392
2012-10-03,18.950876235961914,18.98616863538282,18.694884632433286,18.782370230353695,88243668
2012-10-04,19.08881187438965,19.134543665686707,18.873827750203812,18.95708719113164,98069832
2012-10-05,19.078872680664062,19.246137927788627,19.013258483269944,19.154924381021445,109326564
2012-10-08,18.835058212280273,18.977716705439637,18.743348369127737,18.913595207717627,78265656
2012-10-09,18.493322372436523,18.921549846773296,18.45455206629509,18.88054239148675,120007872
2012-10-10,18.505002975463867,18.578817525785766,18.34916973240612,18.43789797776958,81514404
2012-10-11,18.67698860168457,18.851461594070123,18.64741315159917,18.71228099972089,95260644
2012-10-12,18.509723663330078,18.761242857342786,18.493569212392874,18.686185656418196,96071832
2012-10-15,18.416027069091797,18.486860018860803,18.160531768741617,18.439885572082748,120643236
2012-10-16,18.508480072021484,18.565395715569302,18.303687183131174,18.394900724638017,82245672
2012-10-17,18.77665138244629,18.797776432015358,18.398129971036678,18.489839812306126,91624284
2012-10-18,17.273258209228516,18.87432963400503,16.80104166459189,18.777897327055886,497198304
2012-10-19,16.944942474365234,17.56404556277592,16.701625510038003,17.53621095675773,458828712
2012-10-22,16.86739730834961,17.015524594567005,16.644459084185954,16.925553705834936,162061776
2012-10-23,16.909149169921875,17.082627632257957,16.701620965715392,16.701869116824433,116547336
2012-10-24,16.83334732055664,17.07442709425619,16.782894974758328,17.069456494444868,99760140
2012-10-25,16.84477996826172,16.95015896144945,16.73915282393058,16.90045296142705,95947956
2012-10-26,16.7799129486084,16.975759144615473,16.681741699449244,16.813464500274716,77953968
2012-10-31,16.907909393310547,16.925306493865655,16.776184700540387,16.8969736941049,61418520
2012-11-01,17.089094161987305,17.17135912075222,16.868643091107117,16.88802919196371,81921996
2012-11-02,17.0972957611084,17.286928720926618,17.08362471512798,17.26803892315514,92883024
2012-11-05,16.974018096923828,17.07094668405614,16.790102121925763,17.012292092956745,65370564
2012-11-06,16.94320297241211,17.06200297648336,16.839562921024942,17.036651777336655,63248688
2012-11-07,16.580339431762695,16.856463484234624,16.564681282677284,16.776185635203582,89202708
2012-11-08,16.211759567260742,16.688948530405405,16.18541387197506,16.656887781720464,103776120
2012-11-09,16.478687286376953,16.6106601288948,16.16230025479884,16.270414595665848,124439436
2012-11-12,16.550016403198242,16.64694689305853,16.425003159533404,16.49658055820178,56179764
2012-11-13,16.379770278930664,16.59226912391262,16.359389681197033,16.477943423102342,63704232
2012-11-14,16.21822166442871,16.457562503982572,16.16727111823143,16.419784805993487,66669264
2012-11-15,16.086746215820312,16.403381387947423,16.00323672712897,16.15484381384606,73882044
2012-11-16,16.08475685119629,16.229902533537782,15.806893880361661,16.05518140337517,137390472
2012-11-19,16.60742950439453,16.625076651284115,16.292286997708636,16.296511250345368,94633272
2012-11-20,16.65117073059082,16.85074486456221,16.516960743576572,16.639738729579797,83464452
2012-11-21,16.549270629882812,16.646947470856734,16.41332357678035,16.626815024462527,84403512
2012-11-23,16.601463317871094,16.651917560746078,16.554987070492167,16.651171213019673,36863100
2012-11-26,16.431964874267578,16.57735873350552,16.379027219027936,16.56343953609978,88095816
2012-11-27,16.6695613861084,16.776183021982604,16.35367257935811,16.407604722252874,100247652
2012-11-28,16.991662979125977,17.022482969325537,16.500060456901007,16.602455943701088,121558320
2012-11-29,17.19596290588379,17.24591705652185,16.95015878237897,17.093813667206547,110948940
2012-11-30,17.357013702392578,17.378138753038357,17.041869317911235,17.18154810731833,126417456
2012-12-03,17.27947235107422,17.54391435842838,17.251137655185943,17.45319900534684,87612300
2012-12-04,17.174589157104492,17.285933256704332,17.042120006062174,17.273256710411914,79588332
2012-12-05,17.094806671142578,17.26082924122555,16.958359547030867,17.20242280264027,74421504
2012-12-06,17.177074432373047,17.288418531811477,17.012544530523336,17.089092533352694,58433508
2012-12-07,17.00508689880371,17.31998314657304,16.96059964654719,17.27325685100516,76695228
2012-12-10,17.035158157348633,17.18999688374611,16.994647012220955,17.034411809682858,54613332
2012-12-11,17.31998062133789,17.445242005787904,17.092321853138216,17.148987446920355,107396496
2012-12-12,17.336881637573242,17.484760783912627,17.23548063453034,17.37838728632484,96942960
2012-12-13,17.464630126953125,17.806864666591917,17.386341279024442,17.793195515955478,137658204
2012-12-14,17.446239471435547,17.591881475809224,17.358505720605514,17.376897321313898,85118796
2012-12-17,17.913984298706055,17.942317098545722,17.49743701741013,17.534220216399678,121294584
2012-12-18,17.921188354492188,18.120764371945523,17.771570273467344,17.810094315220134,120075804
2012-12-19,17.89733123779297,17.96915868176458,17.81208279480931,17.912243037965567,76667256
2012-12-20,17.9532527923584,18.01016654317244,17.819290950327503,17.97562049312765,66213720
2012-12-21,17.785985946655273,17.86526739109017,17.658983714028274,17.74472845352952,140898960
2012-12-24,17.63363265991211,17.774800345164742,17.583180314609066,17.75814959367365,33602364
2012-12-26,17.61797523498535,17.717639174018785,17.45742144636549,17.598092835120394,47248704
2012-12-27,17.55385398864746,17.617231033406533,17.36297840093478,17.574979038805967,65830104
2012-12-28,17.39777183532715,17.569259404676632,17.39777183532715,17.43952562696962,56023920
2012-12-31,17.58094596862793,17.660229320619813,17.298112356486776,17.39752626186944,79816104
2013-01-02,17.975370407104492,18.068572948666468,17.80885340747022,17.880182656332384,101550348
2013-01-03,17.985809326171875,18.19110041130838,17.912491081480265,18.017125621773005,92635272
2013-01-04,18.341217041015625,18.42820443740271,18.08547360312387,18.126731099548397,110429460
2013-01-07,18.261188507080078,18.376260559162187,18.15755035142689,18.2785875028885,66161772
2013-01-08,18.22515106201172,18.299711960408366,18.00470001471346,18.280822163939494,66976956
2013-01-09,18.34494400024414,18.350659053503534,18.10833662788155,18.19955016601425,80907012
2013-01-10,18.42845344543457,18.51593904247171,18.230121945136013,18.462004997805995,73354572
2013-01-11,18.39141845703125,18.45206014818213,18.299708625544703,18.441374496110093,51356592
2013-01-14,17.975370407104492,18.4463480322233,17.953002706385746,18.317108639503346,114441444
2013-01-15,18.01712417602539,18.267398792472775,17.698251874990323,17.877943597851935,156950892
2013-01-16,17.775053024291992,18.002463679973225,17.73727532392922,17.954246581992283,80855064
2013-01-17,17.67886734008789,17.885649228045768,17.671411439986183,17.83768217967804,88371540
2013-01-18,17.509614944458008,17.7149060306237,17.43057975162494,17.655008784563215,128942928
2013-01-22,17.468854904174805,17.530244849730856,17.28618155161518,17.51334405072286,151544304
2013-01-23,18.42894744873047,18.615350621502113,18.287033416693507,18.29200401642474,236127636
2013-01-24,18.744836807250977,18.809952795621143,18.404341278711367,18.422484724140006,135172692
2013-01-25,18.73141860961914,18.850964952142217,18.64641831676558,18.659343013639795,88946964
2013-01-28,18.65834617614746,18.779383304678277,18.58776139019349,18.683945521254596,65018916
2013-01-29,18.731666564941406,18.81293890685761,18.554211975197607,18.55943072640913,69814116
2013-01-30,18.735395431518555,18.912353727626016,18.71253142781455,18.73315828252316,69250680
2013-01-31,18.78162384033203,18.829590891812142,18.646419342291082,18.652882638225453,65302632
2013-02-01,19.276456832885742,19.30131172749236,18.84151985581445,18.844005155846755,149694156
2013-02-04,18.864383697509766,19.14895812591596,18.845743947426445,19.079864133610158,121498380
2013-02-05,19.031400680541992,19.164864321270954,18.875569339833927,18.916824940938675,74753172
2013-02-06,19.141504287719727,19.210846438639155,18.851462925760554,18.865630273920047,83040876
2013-02-07,19.235450744628906,19.35623974446378,19.025437194175,19.12982359149172,113494392
2013-02-08,19.519277572631836,19.5515864732292,19.374878230251657,19.38904557708372,120683196
2013-02-11,19.445960998535156,19.460376497754233,19.230480540891577,19.346048897245932,86625288
2013-02-12,19.40321159362793,19.582156990704974,19.370156344342533,19.42930724486894,74285640
2013-02-13,19.45689582824707,19.518780180799418,19.3850683808174,19.38904637648179,47880072
2013-02-14,19.580167770385742,19.603031771287846,19.33038945265993,19.379100950853598,69342588
2013-02-15,19.7061767578125,19.71537161012752,19.561527372228007,19.569729619966783,109082808
2013-02-19,20.053131103515625,20.056859053390763,19.765575083725967,19.783222228561744,117154728
2013-02-20,19.69548988342285,20.105822021281288,19.678839130515513,20.014610371310734,110457432
2013-02-21,19.77178955078125,20.01833813712329,19.66467160234732,19.833179493358298,140115744
2013-02-22,19.87567710876465,19.913951107469295,19.72879246963784,19.86449325880908,82073844
2013-02-25,19.653488159179688,20.09190495084401,19.646528561126722,19.940049703724775,92063844
2013-02-26,19.63758087158203,19.7822283622157,19.495168635518134,19.75861801225161,88011900
2013-02-27,19.877418518066406,20.0009409619263,19.661938077684948,19.753647923057184,80962956
2013-02-28,19.912710189819336,20.05661133121761,19.908484043300373,19.91022488984942,90541368
2013-03-01,20.036727905273438,20.060340148061833,19.787197739366498,19.8282070810533,86928984
2013-03-04,20.417238235473633,20.450543529492954,20.007154253231974,20.01461015342877,110912976
2013-03-05,20.842235565185547,20.880757715560588,20.601153885704296,20.601900233424978,161602236
2013-03-06,20.66279411315918,20.976445828039697,20.59892075936788,20.9026312731245,114805080
2013-03-07,20.693115234375,20.79302543896315,20.618056137497675,20.729400238430248,82025892
2013-03-08,20.666271209716797,20.75077330250268,20.50546737742957,20.740333906117577,116359524
2013-03-11,20.7482852935791,20.869570567591058,20.665770314961318,20.67049276311775,63724212
2013-03-12,20.569091796875,20.67546528297949,20.471168709159112,20.646139881174065,80251668
2013-03-13,20.511930465698242,20.64564416060771,20.43736956660305,20.576302012992592,65586348
2013-03-14,20.418231964111328,20.55368270686036,20.315090120996274,20.55368270686036,65981952
2013-03-15,20.238292694091797,20.387414485503687,20.21443229820978,20.34267719036669,123864012
2013-03-18,20.076496124267578,20.200016672412584,19.91942023712767,20.007153980243224,73458468
2013-03-19,20.164228439331055,20.361319176965058,20.04319129413559,20.16223944154629,83844072
2013-03-20,20.24848175048828,20.318072045085742,20.167211303551543,20.301171247296086,58493448
2013-03-21,20.162738800048828,20.30341020291176,20.127696445629127,20.163485147832024,59044896
2013-03-22,20.13912582397461,20.26165376146394,20.122473178017113,20.249227261921092,59468472
2013-03-25,20.12247657775879,20.360822940966905,20.05238997192574,20.191322427711388,68411520
2013-03-26,20.191570281982422,20.230838784308297,20.07649822646916,20.218412282848686,47628324
2013-03-27,19.948993682861328,20.05685606201832,19.91593654690185,20.048903861184105,86441472
2013-03-28,19.73848533630371,20.016348313199618,19.716365787739008,19.982050415938975,91420488
2013-04-01,19.912466049194336,19.93880985532456,19.715127130130377,19.758869933837804,72219708
2013-04-02,20.20697593688965,20.251465079863255,19.982298756023873,19.99572164911384,81578340
2013-04-03,20.036975860595703,20.235805528913314,19.89953612864459,20.2174139314009,69470460
2013-04-04,19.76035499572754,20.02579144944131,19.666656164351995,19.988510058928977,97806096
2013-04-05,19.46161460876465,19.559537689293673,19.29633649719971,19.536423644557047,137218644
2013-04-08,19.257814407348633,19.37462728120648,19.097508788967446,19.3547429894268,113170716
2013-04-09,19.32740592956543,19.47901300874278,19.21457104341357,19.273970088591422,86205708
2013-04-10,19.638824462890625,19.692756611963752,19.286398677403366,19.45838637052255,79064856
2013-04-11,19.64404296875,19.711396116460875,19.486718927134422,19.7059292139889,81066852
2013-04-12,19.635591506958008,19.686542050211987,19.458633225396614,19.683808599123928,65402532
2013-04-15,19.433780670166016,19.808324094864155,19.311749030131836,19.533692761284797,98025876
2013-04-16,19.718103408813477,19.783469445534593,19.48323878920284,19.549597430417013,69610320
2013-04-17,19.449440002441406,19.65522740180094,19.338592205685988,19.55357635220015,81398520
2013-04-18,19.035627365112305,19.529965293179846,18.920057123386847,19.518779548590615,132767100
2013-04-19,19.879653930664062,19.968380271644097,19.04432419503072,19.116397890489807,231895872
2013-04-22,19.885622024536133,19.981307977204374,19.26154647015494,19.897798480176295,115220664
2013-04-23,20.0792293548584,20.268115943758694,19.891833567104026,19.907739865988795,91600308
2013-04-24,20.217166900634766,20.330249942919394,20.08171426446202,20.084447715556994,73090836
2013-04-25,20.109052658081055,20.29222419083759,20.072517611985774,20.28675728862206,79608312
2013-04-26,19.91817855834961,20.075254453148755,19.797887757810116,20.071774654078002,99408492
2013-04-29,20.356597900390625,20.447063207702886,19.957447696238603,19.96366094681934,91939968
2013-04-30,20.493539810180664,20.5698396581386,20.322296575358603,20.355103672525455,92175732
2013-05-01,20.390642166137695,20.49726569475649,20.28948743363741,20.46097880232624,58141800
2013-05-02,20.618799209594727,20.741577187366182,20.35634435195046,20.38244189418231,80651268
2013-05-03,21.019193649291992,21.046035649426855,20.777617542361924,20.80147604565752,100403496
2013-05-06,21.41262435913086,21.42008025891737,21.082320042597882,21.082320042597882,85566348
2013-05-07,21.305255889892578,21.470283968861647,21.142216808535025,21.448910768813345,78281640
2013-05-08,21.712858200073242,21.719071450260092,21.197889628031742,21.299540674228933,98633268
2013-05-09,21.659421920776367,21.86272400910266,21.578645881396454,21.643515621759597,87935976
2013-05-10,21.87689208984375,21.88459614132306,21.67632344595864,21.75461229365679,75832092
2013-05-13,21.80978775024414,21.93256385244129,21.706644004068394,21.843587453880758,57882060
2013-05-14,22.04763412475586,22.087150773340547,21.800092942465948,21.809039643547653,63108828
2013-05-15,22.763172149658203,22.77535049989293,22.219624475882714,22.256407677758265,159276564
2013-05-16,22.46442985534668,22.86482267505781,22.41820175958888,22.840464082886463,128255616
2013-05-17,22.596406936645508,22.703524902941965,22.381174610718226,22.61728383956963,111568320
2013-05-20,22.58024787902832,22.88023040572301,22.492514137828636,22.492514137828636,90817092
2013-05-21,22.54147720336914,22.658040053307097,22.308847805808764,22.567572854890987,79240680
2013-05-22,22.105295181274414,22.59963500818917,22.042168180109755,22.43187346348866,102321576
2013-05-23,21.94051742553711,22.118716475279715,21.722053482932346,21.79661438093514,90912996
2013-05-24,21.705154418945312,21.841849725255056,21.64774246606657,21.75336962406022,91780128
2013-05-28,21.902738571166992,22.172897499806204,21.881115324659422,21.95816151872008,90209700
2013-05-29,21.58063507080078,21.82121855592254,21.480724872337913,21.764552957135624,80455464
2013-05-30,21.64152717590332,21.843834770521912,21.533414727774904,21.620650276304154,84743172
2013-05-31,21.6529598236084,21.796614719284655,21.561001823310335,21.575915518569303,78697224
2013-06-03,21.56373405456543,21.721306243379875,21.250330523522024,21.697199590880533,98928972
2013-06-04,21.351734161376953,21.637303099851632,21.22672091391497,21.569203603734376,74669256
2013-06-05,21.36664390563965,21.608966325761706,21.302770562424623,21.43648234739805,84187728
2013-06-06,21.489423751831055,21.531425702127155,21.056473869006215,21.480973352684757,103060836
2013-06-07,21.864463806152344,21.8711752530493,21.5063248604341,21.63307706089027,106877016
2013-06-10,22.125179290771484,22.144563494747526,21.873411953113727,21.923367999948105,93418488
2013-06-11,21.866451263427734,22.045148496964217,21.859243514727822,21.969841256605463,70233696
2013-06-12,21.671850204467773,22.02029801035525,21.613941951405856,22.00687701025896,88103808
2013-06-13,21.796611785888672,21.862722276742293,21.51079472852598,21.59728581453989,82713204
2013-06-14,21.747900009155273,21.98798718865709,21.725284157896645,21.87365959950698,89710200
2013-06-17,22.026508331298828,22.105541625800083,21.828425004212352,21.852035353252756,85766148
2013-06-18,22.383655548095703,22.39310044580822,22.078702418704033,22.086156424419784,86589324
2013-06-19,22.38514518737793,22.637658852525036,22.306111893774126,22.402294135342917,116519364
2013-06-20,21.98897933959961,22.39310010016796,21.953438792438153,22.218875268879838,134745120
2013-06-21,21.894289016723633,22.116729057509527,21.698939125760855,22.078453163003836,159132708
2013-06-24,21.617422103881836,21.779714863520795,21.454879298788867,21.669365258385017,120555324
2013-06-25,21.528196334838867,21.863221232894986,21.486192489505548,21.803075833184593,102025872
2013-06-26,21.713354110717773,21.821466556302482,21.63680421779952,21.715839410747687,73182744
2013-06-27,21.79835319519043,21.987736077833517,21.7879137990729,21.841349641039763,76982940
2013-06-28,21.880369186401367,21.916904233215536,21.72677499337843,21.744420244639592,93878028
2013-07-01,22.067020416259766,22.17140491074208,21.995441124126508,22.031479868478673,68923008
2013-07-02,21.928586959838867,22.14456370540248,21.803325561977715,22.12468130465314,75584340
2013-07-03,22.03098487854004,22.099082481582883,21.833894135860334,21.868690232282876,41838120
2013-07-05,22.206451416015625,22.2541703175326,22.053601661603135,22.11996220933617,68007924
2013-07-08,22.494752883911133,22.52407828915678,22.29567503759074,22.348612688581944,78701220
2013-07-09,22.49848175048828,22.69010370415164,22.318043647972914,22.641638454893283,79096824
2013-07-10,22.517118453979492,22.645113294073088,22.377689718833356,22.453989562905786,68267664
2013-07-11,22.871286392211914,22.88545184603432,22.58000238121008,22.69134648527899,103264632
2013-07-12,22.93988037109375,22.93988037109375,22.747015781524343,22.86531947465474,102625272
2013-07-15,22.981882095336914,23.06414704233357,22.77485205510576,22.972189046295238,78341580
2013-07-16,22.85562515258789,23.06339963673292,22.71371111667876,23.04252273843541,79240680
2013-07-17,22.829282760620117,23.035816518961525,22.773361609744242,22.89017451208196,60183756
2013-07-18,22.633682250976562,22.865319032615588,22.447529111770066,22.84021598694836,145234620
2013-07-19,22.283742904663086,22.441563239301516,21.762066703091307,22.03545537913642,294077628
2013-07-22,22.63418197631836,22.68314352666435,22.293686378641993,22.417955176792553,116011872
2013-07-23,22.462692260742188,22.691345559050152,22.35756141163821,22.634181760902244,81746172
2013-07-24,22.44032096862793,22.624236955725383,22.385642474781314,22.5486834574724,83056860
2013-07-25,22.06254768371582,22.289958333132624,22.022284684212657,22.21589563002396,119923956
2013-07-26,22.00414276123047,22.11946296084161,21.9208814179914,22.04490206237428,71036892
2013-07-29,21.92759132385254,22.239504046567436,21.893293426625064,21.99295736492337,75600324
2013-07-30,22.142576217651367,22.25913906316194,21.89279787972147,22.0068754251815,70153776
2013-07-31,22.06378936767578,22.281506957996335,22.02477091425536,22.194023258884027,86853060
2013-08-01,22.473127365112305,22.481329612504755,22.24397589465854,22.24397589465854,85450464
2013-08-02,22.531536102294922,22.542223650678814,22.38862755476259,22.453743555417713,68487444
2013-08-05,22.492515563964844,22.505440261237005,22.348364367567825,22.502208613348056,52335612
2013-08-06,22.283000946044922,22.609577350469596,22.26212404537054,22.484812248753094,60183756
2013-08-07,22.135866165161133,22.329723353290937,22.097092075538228,22.24497121377174,55112832
2013-08-08,22.18581771850586,22.26485290107049,22.00264620522896,22.256154352108606,59460480
2013-08-09,22.129901885986328,22.25690223583065,22.119710640205014,22.133627941832394,52895052
2013-08-12,22.00811767578125,22.045149024718913,21.912181685861153,22.04266372471348,55024920
2013-08-13,21.902240753173828,22.082430688617727,21.776731207083962,22.040925041450258,56735208
2013-08-14,21.6179141998291,21.87688925701056,21.552051861201438,21.83066116555353,83204712
2013-08-15,21.36565399169922,21.496384191005554,21.32439649324397,21.484453992416427,74693232
2013-08-16,21.29730224609375,21.43474197174413,21.288105500617455,21.405912874029664,66936996
2013-08-19,21.514524459838867,21.672344800557447,21.31072606849349,21.317187469724868,72363564
2013-08-20,21.50881004333496,21.675080787949714,21.462083749317166,21.581630094197738,49270680
2013-08-21,21.605989456176758,21.79437977382635,21.53565280246796,21.63879655820963,70221708
2013-08-22,21.71484375,21.74069124778479,21.62885085813937,21.689740705614216,34761204
2013-08-23,21.62785530090332,21.821464320823157,21.61642330079358,21.817240068918483,43040916
2013-08-26,21.532915115356445,21.744419442965413,21.52446471675484,21.622637852358242,42057900
2013-08-27,21.12929344177246,21.466805520559934,21.073374191119694,21.364658173940697,69294636
2013-08-28,21.089529037475586,21.26002403237896,21.070142939171703,21.131781033046053,53142804
2013-08-29,21.260520935058594,21.383545175602055,21.090522252802966,21.10245055587021,59080860
2013-08-30,21.048519134521484,21.325387617329554,21.015215735532372,21.268722019390854,74389536
2013-09-03,21.383544921875,21.52794425548209,21.22373559234912,21.233926837345198,81822096
2013-09-04,21.663148880004883,21.709625124917004,21.25405942203784,21.382798715158586,81566352
2013-09-05,21.860240936279297,21.868193139456103,21.662653881309495,21.709628329708366,51600348
2013-09-06,21.86073875427246,21.965123258433522,21.715591158830357,21.931817962141718,62401536
2013-09-09,22.071243286132812,22.113495277850376,21.93131825263354,21.963875301799636,49334616
2013-09-10,22.086654663085938,22.169417805232744,21.97058812202212,22.120208107430226,51452496
2013-09-11,22.273555755615234,22.29294185476247,22.022284708753435,22.083426502985933,64359576
2013-09-12,22.19576072692871,22.316053409803768,22.11995907979506,22.303625015990196,43776180
2013-09-13,22.096593856811523,22.26087558190315,21.99146302416972,22.231550181082813,52962984
2013-09-16,22.06403923034668,22.293687036541243,21.992213673831245,22.273804634421193,53406540
2013-09-17,22.023029327392578,22.079694924847985,21.896027088260478,22.05533822724547,50325624
2013-09-18,22.450761795043945,22.466916245943768,21.947475257025584,22.028995753563315,77310612
2013-09-19,22.328231811523438,22.517120303707483,22.25392095899485,22.517120303707483,63852084
2013-09-20,22.44554328918457,22.470894489583653,22.25939012364484,22.328234080612923,173638188
2013-09-23,22.032724380493164,22.407764138893263,22.000413583417473,22.27256153406942,71024904
2013-09-24,22.04117202758789,22.122194319898274,21.905967545364625,22.03272162905622,59412528
2013-09-25,21.802331924438477,22.033966827456943,21.761820773597766,22.033966827456943,65894040
2013-09-26,21.825693130493164,21.93952252609003,21.746906087147824,21.828922884025186,50345604
2013-09-27,21.78145408630371,21.809538734976137,21.655198189995488,21.742431844117558,50301648
2013-09-30,21.7695255279541,21.89205348336434,21.580637024425634,21.59977497309081,68827104
2013-10-01,22.045148849487305,22.061801495961465,21.872416711915616,21.87738731188697,67324608
2013-10-02,22.069753646850586,22.103803393145267,21.81699181947454,21.939023458197745,59752188
2013-10-03,21.773998260498047,22.22161183309899,21.674832505005345,22.070004725647166,84595320
2013-10-04,21.68104362487793,21.80928661247029,21.62263718416249,21.746904070854463,54265680
2013-10-07,21.51676368713379,21.721806642585754,21.476252534954934,21.5592638372453,51692256
2013-10-08,21.216779708862305,21.52272735044784,21.16607731351661,21.50632474859107,77670252
2013-10-09,21.271209716796875,21.439965773911428,20.951096598881453,21.281649114585086,105945948
2013-10-10,21.578895568847656,21.59355921760866,21.379321433869666,21.469540475277814,90121788
2013-10-11,21.672100067138672,21.709131422340125,21.505829301227,21.52397275204901,56299644
2013-10-14,21.774492263793945,21.77797206241397,21.508061302494895,21.539625746918116,49694256
2013-10-15,21.92112922668457,22.01109821912298,21.72205140183306,21.765794195251058,63612324
2013-10-16,22.31928253173828,22.32673843124543,21.970834781067122,22.017062873438178,80223696
2013-10-17,22.08963966369629,22.291200917495477,22.013586068669895,22.19402416527614,170093736
2013-10-18,25.13718605041504,25.237844488787523,24.207412969666702,24.27153446725616,462193344
2013-10-21,24.935623168945312,25.32582471391174,24.842420636696318,25.138427044907868,144986868
2013-10-22,25.0275821685791,25.176703964351425,24.74897472112347,24.97787616617741,88255656
2013-10-23,25.634260177612305,25.71727147340348,24.86926511263376,24.878461859497573,106421472
2013-10-24,25.488615036010742,25.861917697569172,25.469975286331774,25.645690918442625,83600316
2013-10-25,25.231382369995117,25.56988895883067,25.120536469613462,25.56988895883067,81138780
2013-10-28,25.22641372680664,25.435929088706427,25.17645767527124,25.23138432741444,46301652
2013-10-29,25.754302978515625,25.771700079175943,25.189132098222657,25.32831079778883,64135800
2013-10-30,25.609651565551758,25.7858653900322,25.499800173486857,25.78387639240036,52911036
2013-10-31,25.613632202148438,25.88553010074339,25.449348557950845,25.572622855317803,65534400
2013-11-01,25.525651931762695,25.748340143792547,25.477434832552028,25.6437074851927,51280668
2013-11-04,25.502538681030273,25.658121895208108,25.401135773086406,25.63649864523745,45506448
2013-11-05,25.388456344604492,25.64022177312349,25.286555259178854,25.35937719893083,47208744
2013-11-06,25.419025421142578,25.524654460708742,25.23560762741077,25.489860260379643,36479484
2013-11-07,25.05119514465332,25.448356344558125,25.043489198629402,25.41554924544597,67116816
2013-11-08,25.252010345458984,25.313398392893564,25.064862706543103,25.071075956630597,51580368
2013-11-11,25.116806030273438,25.249525220486337,25.052436380063988,25.089965926279508,44459496
2013-11-12,25.146385192871094,25.29003819827735,24.97787729086122,25.04498229140868,48675276
2013-11-13,25.660602569580078,25.670047467076127,25.015155777879613,25.021369027736622,63112824
2013-11-14,25.72920036315918,25.84153896015867,25.607915064526942,25.696643310234755,46621332
2013-11-15,25.687694549560547,25.798046042313665,25.60692040137609,25.720253496559785,51000948
2013-11-18,25.637741088867188,26.06497404132046,25.58032913911613,25.74212559101289,70317612
2013-11-19,25.47991943359375,25.717271272166812,25.426483588021895,25.641964028354234,45218736
2013-11-20,25.408090591430664,25.68272383055804,25.35962723931427,25.597973581430168,38509452
2013-11-21,25.700368881225586,25.80574787037545,25.49980025368332,25.52465325274221,43628328
2013-11-22,25.646188735961914,25.752562232411613,25.57983008661405,25.684214585267075,50117832
2013-11-25,25.99513053894043,26.175568614608512,25.723979017458074,25.77716481386067,64455480
2013-11-26,26.3053035736084,26.382101611085844,25.920818978254573,26.061490357592362,91360548
2013-11-27,26.422121047973633,26.54365450328531,26.344826694805864,26.395279047572025,44899056
2013-11-29,26.33463478088379,26.509355930233934,26.331154981766783,26.398510026515503,47664288
2013-12-02,26.20762825012207,26.502640153414344,26.11517396174039,26.432057260808985,54873072
2013-12-03,26.177309036254883,26.430319001038242,26.071930049687307,26.119897094408934,66976956
2013-12-04,26.299592971801758,26.443742279853517,26.096288971819433,26.13033872164177,47616336
2013-12-05,26.27871322631836,26.336373322154184,26.123378189729465,26.275231533222453,45302652
2013-12-06,26.59012794494629,26.593359592641885,26.346811014580396,26.588140841527366,57094848
2013-12-09,26.79566764831543,26.89930769041312,26.54414846587562,26.617964907615324,59244696
2013-12-10,26.957714080810547,27.14784332127482,26.733781350298607,26.746209744706157,74081844
2013-12-11,26.77454376220703,27.123239706401268,26.721854262713542,27.025812910142083,68403528
2013-12-12,26.59236717224121,26.914967470524584,26.56850866936468,26.831209823586217,63796140
2013-12-13,26.364456176757812,26.749687144753164,26.292382477398103,26.72756949037648,86409504
2013-12-16,26.667423248291016,26.70992339501086,26.39477901057541,26.444238755220407,64015920
2013-12-17,26.589879989624023,26.860783372976176,26.55309679184251,26.66344638518705,61366572
2013-12-18,26.959949493408203,26.964920093137685,26.32096222848919,26.639336339439502,88323588
2013-12-19,26.996484756469727,27.13988959067931,26.819028282984124,26.861030229894844,66561372
2013-12-20,27.3543758392334,27.368044988761106,27.040722276366413,27.048180070392267,130333536
2013-12-23,27.71425437927246,27.73165147790404,27.466216912502126,27.53381820375486,68795136
2013-12-24,27.63323211669922,27.71773420441696,27.540279630781363,27.711022758368316,29338632
2013-12-26,27.772911071777344,27.811185070519844,27.55494533729054,27.68716632774966,53458488
2013-12-27,27.796276092529297,27.843000494846898,27.66057528944708,27.836042790731412,62725212
2013-12-30,27.574081420898438,27.84846649638279,27.56314761634545,27.844490395246837,49394556
2013-12-31,27.85368537902832,27.860893127905754,27.494550056577918,27.64317554328579,54261684
2014-01-02,27.66504669189453,27.780118733185976,27.544257702924725,27.72320309039468,72783144
2014-01-03,27.463237762451172,27.759740516616876,27.461498810026168,27.711773465085276,66601332
2014-01-06,27.769432067871094,27.807706067709244,27.49902498037315,27.66231411969749,70701228
2014-01-07,28.304779052734375,28.32540780076708,27.864869580224255,27.96030737484168,102001896
2014-01-08,28.36368179321289,28.515040732942026,28.16634480278346,28.48223363587222,89610300
2014-01-09,28.090539932250977,28.43799319600046,27.974225243969258,28.418607098906257,83296620
2014-01-10,28.08905029296875,28.310247677903167,27.891959560548017,28.310247677903167,85654260
2014-01-13,27.910104751586914,28.50484916738393,27.76570351701458,27.996842100791067,96659244
2014-01-14,28.566736221313477,28.606502916884633,28.037105893036347,28.282161784964998,99204696
2014-01-15,28.54734992980957,28.705916620151417,28.427307284737974,28.655960573445068,77929992
2014-01-16,28.736236572265625,28.77873482176849,28.531939995014238,28.559278293958982,67288644
2014-01-17,28.594820022583008,28.84584100612298,28.437497880154012,28.75189401386803,107943948
2014-01-21,28.922143936157227,28.92959983648421,28.61395914550745,28.85329809228429,79116804
2014-01-22,28.95494842529297,29.026277668564433,28.80185054266269,28.994465072322207,62793144
2014-01-23,28.832670211791992,28.89206926113966,28.690257974334394,28.83018491177145,77886036
2014-01-24,27.931230545043945,28.669879912783422,27.910601796698874,28.606751017710163,155544300
2014-01-27,27.369537353515625,27.99758896853529,26.898313476030996,27.98764776831082,173969856
2014-01-28,27.910852432250977,27.97895193353811,27.586014969685714,27.59545986852904,88319592
2014-01-29,27.510953903198242,27.879532220412656,27.324552618491488,27.814168074052912,95100804
2014-01-30,28.218534469604492,28.643532117169688,28.01622689081383,28.457378987689662,203452344
2014-01-31,29.35136604309082,29.489800290817968,28.60973316457545,29.11227335179874,222429348
2014-02-03,28.169824600219727,29.370004781546708,28.13453220311391,29.30737408402593,182581236
2014-02-04,28.287382125854492,28.705916505172375,28.25880117523693,28.283155979193054,112363524
2014-02-05,28.412643432617188,28.60078557122977,28.035366550800507,28.41711773041325,95684220
2014-02-06,28.82918930053711,28.834159900386403,28.52075448732767,28.609730876626916,77786136
2014-02-07,29.26363182067871,29.275063822203645,28.84410293754218,29.019818578545415,105342552
2014-02-10,29.151540756225586,29.38690357891224,29.054362121655906,29.123454215714393,77730192
2014-02-11,29.58026695251465,29.62226890269583,29.133647920443316,29.331483110675684,81949968
2014-02-12,29.493526458740234,29.57579140328047,29.361553620452177,29.55093840354832,68911020
2014-02-13,29.82184410095215,29.82184410095215,29.31880574039367,29.345895889342845,73382544
2014-02-14,29.893918991088867,29.933437535936985,29.645383297497276,29.715221745942316,87380532
2014-02-18,30.0947322845459,30.14419202406904,29.824325223757356,29.85936946662132,84271644
2014-02-19,29.882484436035156,30.05347761509434,29.76219175369152,29.956050828355163,84059856
2014-02-20,29.92647933959961,29.99557144353507,29.829798887752865,29.902370790858406,67963968
2014-02-21,29.91852569580078,30.06963649797991,29.894915343316693,30.018437797166374,74417508
2014-02-24,30.135250091552734,30.32537934629731,29.951084041888723,29.957545443581797,66905028
2014-02-25,30.321399688720703,30.433240079403742,30.083301515821816,30.220493102258843,57490452
2014-02-26,30.32562255859375,30.542097475751454,30.166311431273705,30.420812193187388,79208712
2014-02-27,30.301767349243164,30.42653244393935,30.247088853275635,30.281386752045357,50349600
2014-02-28,30.213289260864258,30.425538055596054,29.978919022230542,30.329852108017917,92451456
2014-03-03,29.891183853149414,30.019180590025623,29.628977129479075,29.992090441526784,84107808
2014-03-04,30.194896697998047,30.22198684862269,30.060440443796423,30.197133847000753,58649292
2014-03-05,30.278154373168945,30.39795075910317,30.107907533469188,30.198374727211327,49362588
2014-03-06,30.311708450317383,30.474251242215054,30.286605404199605,30.378067098713984,50673276
2014-03-07,30.191913604736328,30.495127786686886,30.108654159130257,30.490405337755163,60543396
2014-03-10,30.11188507080078,30.26274581036295,29.925978191828268,30.214280566494317,48535416
2014-03-11,29.824081420898438,30.180233271625735,29.740821970564863,30.16656412063247,68451480
2014-03-12,30.005760192871094,30.019429342964546,29.431392583532688,29.73485491388483,78493428
2014-03-13,29.552431106567383,30.085293093959184,29.445561306557842,30.02191604627995,93730176
2014-03-14,29.14830780029297,29.597413997834106,29.141598248226448,29.37671292450884,91664244
2014-03-17,29.627986907958984,29.75150935711605,29.280283564311333,29.308618259356287,86397516
2014-03-18,30.104177474975586,30.110888921120296,29.65184153794608,29.691856380836533,72527400
2014-03-19,29.805688858032227,30.122324046804565,29.685398060036253,30.11760159775723,64451484
2014-03-20,29.75374412536621,30.063171548541693,29.709006831655024,29.823084373335814,67320612
2014-03-21,29.40281105041504,30.06366784495642,29.388147401748792,29.98115474945803,128211660
2014-03-24,28.778738021850586,29.449039771350396,28.48099261967136,29.431394518926126,121362516
2014-03-25,28.798372268676758,29.074742555665303,28.50708828730477,28.97930476188574,96311592
2014-03-26,28.13353729248047,29.117740718700645,28.121857140187544,28.88013884029424,103096800
2014-03-27,27.693880081176758,28.132793188989147,27.391162182016334,28.10570303795669,152735112
2014-03-28,27.83976936340332,28.163860455291694,27.78061656850477,27.811186517717722,90265644
2014-03-31,27.6995906829834,28.208840356591487,27.65833319087417,28.09451467150112,77614308
2014-04-01,28.206111907958984,28.270977861033792,27.786332980901275,27.842750429151344,87152760
2014-04-02,28.21133041381836,28.452410201750215,27.93545453086957,28.38033460594754,83360556
2014-04-03,28.37926483154297,29.21351106609586,28.106645235496295,28.473117106716387,80366000
2014-04-04,27.075756072998047,28.787449618392053,27.03801626212291,28.729350048078775,107274000
2014-04-07,26.84634017944336,27.30418287279131,26.344800149139836,27.052915608161882,79232000
2014-04-08,27.684555053710938,27.80224309687659,27.048443300181365,27.06582335098044,69650000
2014-04-09,28.157793045043945,28.195532857768058,27.57878631125625,28.09820456495247,60632000
2014-04-10,27.147262573242188,28.215892363907518,27.088170395993867,28.205464332628402,65890000
2014-04-11,26.703821182250977,27.191953425535722,26.48731404473053,26.712758412005744,63494000
2014-04-14,27.073274612426758,27.461595187942898,26.840876314476446,26.99680238060962,50824000
2014-04-15,27.247074127197266,27.455140343659004,26.35025965335907,27.36128616835867,79956000
2014-04-16,28.001869201660156,28.00683601339086,27.465569086047022,27.6939931742844,91644000
2014-04-17,26.98090934753418,27.659231445716625,26.785258272212754,27.625463947351136,112294000
2014-04-21,26.783767700195312,27.013682561875555,26.517107528710806,27.013682561875555,48502000
2014-04-22,27.088172912597656,27.212316694868303,26.616426161112454,26.616426161112454,46622000
2014-04-23,26.69140625,27.053409520614046,26.22561897185911,26.997297053085386,39114000
2014-04-24,26.538957595825195,26.939196972467716,26.36813489644393,26.898973756177025,41348000
2014-04-25,25.975841522216797,26.510156381577797,25.946046337303677,26.43070444942629,47400000
2014-04-28,25.969884872436523,26.114884711414078,25.374986975341166,26.109919793874816,75056000
2014-04-29,26.632808685302734,26.703819688498207,25.970874069712824,26.0150695965769,50704000
2014-04-30,26.560808181762695,26.6333081002126,26.273291913838964,26.572727014540025,40770000
2014-05-01,26.742055892944336,26.810583490793178,26.460497179049487,26.5295210791605,40086000
2014-05-02,26.510650634765625,26.93422943750428,26.48085545215546,26.88655790304135,35616000
2014-05-05,26.583152770996094,26.602518031176423,26.198306347367453,26.33039473554844,24568000
2014-05-06,25.94952392578125,26.54442179569638,25.934130977257517,26.48781113034666,36700000
2014-05-07,25.72258949279785,26.041888051138052,25.379457057530068,25.98329217488619,61486000
2014-05-08,25.830345153808594,26.186887213885246,25.546801206722666,25.60936939418591,49040000
2014-05-09,26.150638580322266,26.186889488814632,25.53786619522258,25.754869660977917,45224000
2014-05-12,26.737089157104492,26.75298030095605,26.194829682782025,26.409846008482678,38968000
2014-05-13,26.891525268554688,27.01318562696273,26.710772736062736,26.79419698182825,40240000
2014-05-14,26.53746795654297,26.90542873182729,26.472912670203268,26.90542873182729,25618000
2014-05-15,26.274782180786133,26.517112218870487,26.085586802064277,26.474405591586084,36658000
2014-05-16,26.23406219482422,26.360191173119375,25.999180501568958,26.29861559087045,38154000
2014-05-19,26.756954193115234,26.782777066613203,26.102966053806274,26.262862529155722,39530000
2014-05-20,26.83441925048828,27.130376412738634,26.64472760081126,26.81505209656925,48506000
2014-05-21,27.296733856201172,27.2992153678172,26.91983202168362,26.959062636620992,31294000
2014-05-22,27.58226203918457,27.706904006358073,27.36128627908704,27.420876652851746,42994000
2014-05-23,27.996902465820312,28.056490942732925,27.518700060816524,27.715343739483316,53450000
2014-05-27,28.546611785888672,28.546611785888672,28.014283989683975,28.19454023103238,43716000
2014-05-28,28.327123641967773,28.685154596826003,28.30229526760227,28.531713841477355,31632000
2014-05-29,28.33258819580078,28.47758803106302,28.227811579282285,28.47311941596382,28222000
2014-05-30,28.3867130279541,28.432893764784804,28.095718883414865,28.38621672568372,37434000
2014-06-02,28.023717880249023,28.325140083346678,27.64433453921515,28.2923651876189,33210000
2014-06-03,27.53558349609375,27.92738194211002,27.437260710739093,27.852894926105478,40626000
2014-06-04,27.498340606689453,27.737690910131874,27.24012134482395,27.387108276742328,34582000
2014-06-05,28.053016662597656,28.0564926730843,27.5624009873825,27.664694198439317,35868000
2014-06-06,28.10763931274414,28.24519082079772,27.787348161778443,28.21341042513552,34804000
2014-06-09,28.341028213500977,28.404092698096704,28.0674141235101,28.14339004409659,30594000
2014-06-10,28.220361709594727,28.404093952310333,28.112603496536874,28.244195585006846,29676000
2014-06-11,28.180635452270508,28.253631669916043,27.990943789138125,28.102176120788467,22580000
2014-06-12,27.78337860107422,28.155809944535577,27.666683143704255,28.155809944535577,30930000
2014-06-13,27.825584411621094,27.840481057785883,27.4963560291076,27.81217667235935,27066000
2014-06-16,27.425840377807617,27.708391708607472,27.31162834114956,27.671644502478575,39436000
2014-06-17,27.342418670654297,27.49735024038497,27.18599819393358,27.428822633169126,29552000
2014-06-18,27.840980529785156,27.877725844579437,27.390089868658315,27.450670954978342,41212000
2014-06-19,28.055994033813477,28.05649033608685,27.642843228347786,27.865309775246036,52548000
2014-06-20,28.131969451904297,28.144382691366733,27.776918221603246,28.128493441769464,63212000
2014-06-23,28.517810821533203,28.52525914468123,27.98200512577731,28.024215447422147,34456000
2014-06-24,28.430910110473633,28.913082946785657,28.263067114015588,28.514334359263344,56886000
2014-06-25,29.095823287963867,29.16385459002965,28.466663502283595,28.481063846391855,42294000
2014-06-26,29.03822135925293,29.278066075720986,28.781490998883314,29.263169429586604,40248000
2014-06-27,29.083904266357422,29.1926531871273,28.93145611979995,29.071985434650127,40426000
2014-06-30,29.033254623413086,29.184213871485007,28.964727020162446,29.13703863289163,29578000
2014-07-01,29.371917724609375,29.479675938467707,29.113700357174775,29.181233459911184,32864000
2014-07-02,29.336660385131836,29.50400707120175,29.253732442648914,29.410154795850744,23916000
2014-07-03,29.45087432861328,29.508973901201802,29.248273119437417,29.382346724754182,17978000
2014-07-07,29.335668563842773,29.578492981925603,29.1956336533459,29.472227464048654,26734000
2014-07-08,28.72190284729004,29.197125564940336,28.50341049293428,29.11767362751246,42504000
2014-07-09,28.968202590942383,29.00494979780011,28.652381952304285,28.74921393952802,27456000
2014-07-10,28.803340911865234,29.062056475612604,28.409059051924917,28.453750883605885,28724000
2014-07-11,29.131576538085938,29.21003586785609,28.830154353299097,28.851010415028483,30232000
2014-07-14,29.50946807861328,29.539263263362436,29.13356078335129,29.327722945065528,39032000
2014-07-15,29.44988250732422,29.561114843835636,29.06503605040439,29.553666520484768,33476000
2014-07-16,29.328718185424805,29.645533336214623,29.31034552836756,29.640070222187084,28816000
2014-07-17,28.842071533203125,29.273098678537597,28.644931562639123,29.246779504598496,58706000
2014-07-18,30.04825210571289,30.127205837357202,29.3436108879047,29.943969910877218,97432000
2014-07-21,29.717039108276367,30.00107934873727,29.518904626587968,29.861540739950964,44758000
2014-07-22,29.97178077697754,30.235959457216133,29.75775704268568,29.77960760360631,37632000
2014-07-23,30.052227020263672,30.144590392015086,29.86154086070371,29.896302858181308,22120000
2014-07-24,29.9439697265625,30.23694906508463,29.84415804113872,30.06910798073837,27100000
2014-07-25,29.699159622192383,29.844159444395157,29.583458682361126,29.757259190383813,27200000
2014-07-28,29.74584197998047,29.849129692149226,29.42654341644282,29.682777487563595,27162000
2014-07-29,29.494077682495117,29.719522060986993,29.4056866194248,29.680293341148083,27332000
2014-07-30,29.568065643310547,29.717535983606297,29.432004936489484,29.58644019405281,24302000
2014-07-31,28.779010772705078,29.396749938257898,28.686151092800735,29.24628698615978,46190000
2014-08-01,28.483545303344727,28.971677534116818,28.319674626827744,28.72934942383671,44266000
2014-08-04,28.91407585144043,28.991044377551404,28.417004502191652,28.628048518300872,30388000
2014-08-05,28.460702896118164,28.811285528855418,28.32017168279334,28.77056600978024,32876000
2014-08-06,28.52774429321289,28.733821525270525,28.178154231936137,28.279953039267554,26456000
2014-08-07,28.3946590423584,28.717433596548542,28.2764746905859,28.60520676659564,23260000
2014-08-08,28.699058532714844,28.779504965818195,28.25611442549476,28.40508656542475,29866000
2014-08-11,28.664796829223633,28.78596279002873,28.567964836470914,28.751698986966968,24068000
2014-08-12,28.41005516052246,28.597759727647894,28.300311731398992,28.55306789343465,27890000
2014-08-13,29.02779197692871,29.105753108638904,28.562997317478462,28.625069199193877,37988000
2014-08-14,29.03226089477539,29.188681356389065,28.847037852249386,29.133561494541837,25458000
2014-08-15,28.985586166381836,29.27161354789757,28.83909741200338,29.173788944193902,34468000
2014-08-18,29.432004928588867,29.54870037432313,29.126610423916578,29.153922204589854,29320000
2014-08-19,29.65099334716797,29.685753450607116,29.518408651804883,29.57551372419052,20864000
2014-08-20,29.56657600402832,29.645035333754272,29.446900853153203,29.643048230326315,19346000
2014-08-21,29.418102264404297,29.558633487019804,29.352554366576317,29.54125343434889,22640000
2014-08-22,29.424062728881836,29.54572310191166,29.288000116597118,29.460311742479327,17544000
2014-08-25,29.326234817504883,29.575018665847793,29.26118322282305,29.534797341195645,25912000
2014-08-26,29.204570770263672,29.399725529717593,29.17129957650064,29.39724212417083,29434000
2014-08-27,28.95032501220703,29.266643834040604,28.846044706421285,29.189177110968707,27292000
2014-08-28,28.817245483398438,29.03524153207073,28.69607952848603,28.80234694304158,28116000
2014-08-29,28.91854476928711,28.94536024642454,28.71395646911235,28.918048467011747,24122000
2014-09-02,29.229896545410156,29.263167740425587,28.920531639127706,28.947841524036466,31660000
2014-09-03,29.274091720581055,29.520890334880722,29.12412698224952,29.383835138299283,31580000
2014-09-04,29.453855514526367,29.695191047058902,29.32772652833976,29.40370245916357,32616000
2014-09-05,29.68426513671875,29.72001784546079,29.474213710721163,29.552673043315554,35982000
2014-09-08,29.87544822692871,29.969302410281557,29.69618457724128,29.751802642825243,31984000
2014-09-09,29.395753860473633,29.824299526945268,29.321765038487626,29.807912079775576,31424000
2014-09-10,29.467758178710938,29.482656719350754,29.155909844143785,29.38433392826242,23202000
2014-09-11,29.353050231933594,29.394762357722847,29.101286675972098,29.297930366528703,30028000
2014-09-12,29.044677734375,29.371422717820124,28.964231297149958,29.317297351642505,37030000
2014-09-15,28.882793426513672,28.996010967714017,28.65287854517065,28.91258671871015,30908000
2014-09-16,29.237346649169922,29.30537795015927,28.8485297872645,28.8485297872645,31592000
2014-09-17,29.4613037109375,29.599351529597776,29.154918477311192,29.273599139459275,34390000
2014-09-18,29.658939361572266,29.67333970499699,29.44789344449315,29.54869963703329,29890000
2014-09-19,30.06265640258789,30.06265640258789,29.683273064144508,29.769180721409636,83832000
2014-09-22,29.658939361572266,29.98320281690565,29.452860255919042,29.918647528353798,35644000
2014-09-23,29.35652732849121,29.628154352768227,29.3098483892666,29.54621900510078,28074000
2014-09-24,29.716045379638672,29.79996782571463,29.312826279483502,29.375892663186793,35160000
2014-09-25,29.062055587768555,29.698663650775174,29.036729017543482,29.645034590966503,33420000
2014-09-26,29.193647384643555,29.276575326330853,29.04964016679551,29.09582090347591,25782000
2014-09-29,29.189180374145508,29.263667397624523,28.879319130067724,28.892228673453346,22874000
2014-09-30,29.21897315979004,29.347585540728414,29.024812885522103,29.173288723659383,31430000
2014-10-01,28.782981872558594,29.234368815546375,28.703031739250964,29.139025733765592,28954000
2014-10-02,28.84505271911621,28.962244463635578,28.50589072549338,28.702038101592482,30726000
2014-10-03,29.111713409423828,29.21301401121197,28.9751545077856,29.00494969385673,24290000
2014-10-06,29.18769073486328,29.417109321767093,29.069506378058954,29.295447060184873,25722000
2014-10-07,28.50837516784668,29.09185050596002,28.50837516784668,29.04467716163699,30914000
2014-10-08,28.987075805664062,29.034251047385343,28.187589573775632,28.542640853953298,44158000
2014-10-09,28.345003128051758,28.926987674190112,28.256612065623663,28.88130323604819,48234000
2014-10-10,27.569353103637695,28.564488499453848,27.560413979091013,28.179147636419316,59574000
2014-10-13,27.050926208496094,27.851903176272405,27.035036957964074,27.566372131870573,55116000
2014-10-14,27.2465763092041,27.74017165396952,27.0385119986003,27.318579919160232,52198000
2014-10-15,26.851303100585938,27.009708765522316,26.240017831282408,26.918339897596727,76720000
2014-10-16,26.662111282348633,26.864216198949652,26.06770968273963,26.169508488818234,76100000
2014-10-17,25.969385147094727,26.986370989474935,25.74294629376414,26.83739696296177,119930000
2014-10-20,26.436664581298828,26.4753988937955,25.77920039347023,25.84425009471904,54964000
2014-10-21,26.71722984313965,26.753975156570252,26.328411084017464,26.679490030814776,49190000
2014-10-22,26.948631286621094,27.34936694900937,26.826472735942318,26.867192252835242,59474000
2014-10-23,27.49287986755371,27.67909552072405,27.08816996898868,27.22621777925522,43026000
2014-10-24,27.25700569152832,27.55991679178466,27.071286339830266,27.558924187183674,43508000
2014-10-27,27.305667877197266,27.51025806733197,27.172586887440186,27.200394968540678,31934000
2014-10-28,27.755565643310547,27.768475184937362,27.332979422647508,27.39654210339408,34774000
2014-10-29,27.731233596801758,28.05500073366186,27.60857874411397,27.85041054509519,41066000
2014-10-30,27.821611404418945,27.9323474318557,27.41739971030365,27.721303407893945,32250000
2014-10-31,28.19900894165039,28.241715566158774,28.047057085737123,28.2203632010464,46810000
2014-11-03,27.99541473388672,28.1632577442082,27.88914731064847,27.983497794911123,30834000
2014-11-04,28.016267776489258,28.046062962140685,27.723786610811118,27.865806729944207,27726000
2014-11-05,27.607091903686523,28.150840322755624,27.517708238634476,28.14537910319166,32906000
2014-11-06,27.395551681518555,27.64930235143978,27.340431813850305,27.584747056565003,33014000
2014-11-07,27.402006149291992,27.589712608764515,27.279353178342195,27.589712608764515,31782000
2014-11-10,27.720312118530273,27.83948907909519,27.39207443895549,27.430808750708543,26090000
2014-11-11,27.872262954711914,27.93234773510809,27.6214920135351,27.73471144792771,21966000
2014-11-12,27.721302032470703,27.87027416585914,27.584743138532623,27.865309248935688,21882000
2014-11-13,27.631423950195312,27.848923696474312,27.5147285045829,27.848427394176564,30220000
2014-11-14,27.569353103637695,27.708889825900417,27.436270205772207,27.708889825900417,28502000
2014-11-17,27.1447811126709,27.56935258207504,27.035533988046343,27.56935258207504,33612000
2014-11-18,27.039011001586914,27.450174746820082,27.003754593642938,27.208839216792228,36440000
2014-11-19,27.172590255737305,27.223239613001116,26.774832355387957,27.050927991558023,30346000
2014-11-20,27.001766204833984,27.08221074625306,26.88954126754546,26.918838257622166,35016000
2014-11-21,27.10753631591797,27.363272168893268,27.063340787002037,27.363272168893268,50120000
2014-11-24,27.186491012573242,27.370719550437173,27.021131432250442,27.141302880644353,33076000
2014-11-25,27.273393630981445,27.435773517501193,27.158188983829977,27.173085630247904,38072000
2014-11-26,27.19890594482422,27.305669661535546,27.074762176289354,27.27339296365857,29604000
2014-11-28,27.26594352722168,27.29176450561214,27.037519457073326,27.162655825092834,24202000
2014-12-01,26.79767608642578,27.251546467749723,26.746528531475334,27.067812311797574,39888000
2014-12-02,26.745037078857422,26.906920656594338,26.54988230488171,26.787741807165744,41480000
2014-12-03,26.664588928222656,26.885068364756375,26.577192373791455,26.690908102145258,32476000
2014-12-04,26.943172454833984,26.94863556915206,26.561305689138255,26.697864604252697,32598000
2014-12-05,26.22313690185547,26.725671412318526,26.182419274721376,26.65118439049174,61402000
2014-12-08,26.35472869873047,26.50816945046397,26.169505658503045,26.279745380829443,64566000
2014-12-09,26.62188720703125,26.648702686237712,25.991236614783936,26.113891480467636,43322000
2014-12-10,26.22115135192871,26.783274335980064,26.19383957056596,26.611459022263578,46222000
2014-12-11,26.423254013061523,26.66806552559509,26.276765283926323,26.31897370815679,41426000
2014-12-12,25.896886825561523,26.429710903021867,25.894403419825068,26.191355097977933,47314000
2014-12-15,25.615325927734375,26.088561487454857,25.593477263096545,26.008613256915623,52352000
2014-12-16,24.737384796142578,25.602416967655827,24.68921695340554,25.504096072995484,86998000
2014-12-17,25.149044036865234,25.279147217291563,24.78455736847248,24.82180087667495,72788000
2014-12-18,25.554744720458984,25.635685555083207,25.154503478985585,25.622774119552332,77534000
2014-12-19,25.823890686035156,25.862126799643182,25.268719743855346,25.67243513847924,97442000
2014-12-22,26.432689666748047,26.465960861863884,25.851199571331072,25.85219407016026,66390000
2014-12-23,26.75397300720215,26.929264315365536,26.503203974736373,26.542432690825674,57544000
2014-12-24,26.66260528564453,26.82945377962026,26.571730821504005,26.75645756350588,14754000
2014-12-26,26.890531539916992,26.97643918777256,26.591096475211177,26.66260378042826,22270000
2014-12-29,26.681476593017578,27.010210587042984,26.6740282694927,26.839884173496895,44300000
2014-12-30,26.580671310424805,26.707794790865098,26.497743361465425,26.564780165013406,20972000
2014-12-31,26.35125160217285,26.73559981335905,26.32840843843772,26.702824921664444,24648000
2015-01-02,26.29613494873047,26.606494381733423,26.213205104874046,26.447588609294954,26480000
2015-01-05,25.795087814331055,26.218666661573288,25.71017466053814,26.17695453810655,41182000
2015-01-06,25.15848159790039,25.881989988136958,25.10435433612934,25.84673358035076,54456000
2015-01-07,25.084489822387695,25.399317861888598,25.010004697078788,25.372504277576205,46918000
2015-01-08,25.171890258789062,25.20118725120109,24.581460958071037,24.903739240305818,73054000
2015-01-09,24.864505767822266,25.25580791623763,24.76171626073284,25.23495185459241,42000000
2015-01-12,24.68276023864746,24.84265670873212,24.377365747348104,24.79101285772018,57138000
2015-01-13,24.918136596679688,25.255807788132557,24.692692232284372,24.95637270950198,60958000
2015-01-14,25.12322235107422,25.238925193681148,24.737385194944682,24.849610132852423,52800000
2015-01-15,25.027881622314453,25.312914481623768,24.92856622535341,25.27020975124383,51068000
2015-01-16,25.34817123413086,25.367536494599175,24.98219376296395,24.98517347094758,49658000
2015-01-20,25.322349548339844,25.603908287449528,25.294045162593612,25.462880766741375,46796000
2015-01-21,25.841270446777344,25.91377036055719,25.304968469150943,25.367040352064173,46356000
2015-01-22,26.680978775024414,26.75745100381848,25.91675089510246,25.970876260307634,56068000
2015-01-23,26.91188621520996,27.08370152568472,26.604010197082996,26.717229633167822,45966000
2015-01-26,26.652177810668945,26.889541014275842,26.42127032549222,26.889541014275842,30932000
2015-01-27,25.880996704101562,26.456527426992785,25.86460925644672,26.387999822512203,39148000
2015-01-28,25.44599723815918,26.104455910632613,25.44202492538807,26.070192108341782,35822000
2015-01-29,25.48572540283203,25.583053700484513,25.001563531962148,25.469337954350298,79018000
2015-01-30,26.69339370727539,26.96899302565216,25.731527649882253,25.772247169765592,121108000
2015-02-02,26.427722930908203,26.641250339114478,25.907312147970664,26.532995834011906,75378000
2015-02-03,26.482345581054688,26.688422765790847,26.16006737651625,26.31549521466888,47062000
2015-02-04,26.124813079833984,26.653664813920027,26.071678429296117,26.47440119470432,33896000
2015-02-05,26.310035705566406,26.352740430810456,26.101969509856616,26.21568523737284,33176000
2015-02-06,26.511150360107422,26.825978397110262,26.251442186766266,26.368633934834655,42938000
2015-02-09,26.28272819519043,26.511152291822977,26.196820534215004,26.371117367838757,30314000
2015-02-10,26.822998046875,26.864710170346463,26.27726253717318,26.425242072752976,47430000
2015-02-11,26.71573829650879,26.911885675807376,26.616422903989008,26.801645950024298,38306000
2015-02-12,27.113496780395508,27.22919772827797,26.666082148815832,26.798170544104625,48590000
2015-02-13,27.369234085083008,27.43776169213445,27.142795200415954,27.18798333802686,47382000
2015-02-17,27.063838958740234,27.46060235325634,26.976938696039646,27.369233475412194,39174000
2015-02-18,26.946643829345703,27.18996642869959,26.792706781647404,27.004743396065955,31164000
2015-02-19,27.135345458984375,27.155705219104398,26.852297815082792,26.937709168269595,30834000
2015-02-20,26.904436111450195,27.191456048219077,26.720703875050642,27.191456048219077,38234000
2015-02-23,26.5667667388916,26.780294174503883,26.417794593978833,26.765397528297687,32906000
2015-02-24,26.748016357421875,26.785257971379544,26.368134846501974,26.395446626259943,28406000
2015-02-25,27.179044723510742,27.290277056581033,26.716235248316597,26.737589507354425,40836000
2015-02-26,27.772947311401367,27.81465943512534,27.06780973212664,27.10008832378225,54032000
2015-02-27,27.938804626464844,28.275979538044812,27.66072189317392,27.716338060975378,68328000
2015-03-02,28.554059982299805,28.60222782614532,27.964625220219023,28.155807688677125,50406000
2015-03-03,28.741270065307617,28.84356327471937,28.329608138992487,28.620104108254722,50526000
2015-03-04,28.718425750732422,28.882294536730804,28.429915002234967,28.650890754045285,37964000
2015-03-05,28.872364044189453,28.960256904052777,28.713460178966177,28.782484080940353,35918000
2015-03-06,28.44878578186035,28.939401428306724,28.407073658466544,28.90066901291012,37592000
2015-03-09,28.50837516784668,28.575411969928673,28.257604222919717,28.350463898945073,23478000
2015-03-10,27.800756454467773,28.29286292472328,27.79926565325873,28.229300237849813,40080000
2015-03-11,27.594181060791016,28.015772823648753,27.580277019007337,27.798273072482495,40524000
2015-03-12,27.866304397583008,27.899573700859477,27.586236458157938,27.732725199316956,35602000
2015-03-13,27.460601806640625,28.024711890914418,27.32801710765712,27.76996862998029,35428000
2015-03-16,27.889644622802734,27.9944212414189,27.377178377429445,27.655757417484935,36856000
2015-03-17,27.68952178955078,27.839982830549165,27.530617927168148,27.72328739223741,28892000
2015-03-18,28.11409568786621,28.131475740140832,27.485430309267784,27.695481737777445,35324000
2015-03-19,27.990447998046875,28.153820488142077,27.91347946633433,28.032656425483843,24660000
2015-03-20,28.054006576538086,28.1607702867548,28.03066900428298,28.141405026920065,44320000
2015-03-23,28.07486343383789,28.286901953484733,27.960155095526584,28.10614752610461,30234000
2015-03-24,28.679197311401367,28.894709951581323,28.209932128894025,28.23227899200559,79156000
2015-03-25,28.155805587768555,28.804828781201113,28.155805587768555,28.68068501925706,53070000
2015-03-26,27.98895835876465,28.165244187559384,27.724285252976486,28.039113308035006,49842000
2015-03-27,27.686540603637695,28.010307726886147,27.655752816194845,27.899073513729707,34552000
2015-03-30,27.86481285095215,27.915464099401266,27.648803906595596,27.8206192152022,24788000
2015-03-31,27.545021057128906,27.929865618223985,27.543530255894506,27.7059101448576,34932000
2015-04-01,27.286304473876953,27.73371720753241,27.114489164368894,27.55147576118578,38902000
2015-04-02,26.88010597229004,27.21231406506224,26.836903046133052,27.183017074842397,47760000
2015-04-06,27.011199951171875,27.09015558077398,26.60152515789873,26.75744931373564,33718000
2015-04-07,27.0563907623291,27.319574957537966,26.993326270571075,27.06284648105767,27318000
2015-04-08,27.254024505615234,27.386114787443763,27.112996994295276,27.112996994295276,28386000
2015-04-09,27.213308334350586,27.280347035197874,26.91188801455625,27.27240240927661,32366000
2015-04-10,27.23912811279297,27.304179702621386,27.062347893301478,27.290275661698274,26104000
2015-04-13,27.24409294128418,27.474007812329727,27.127895697211734,27.165139205072844,29326000
2015-04-14,26.80413055419922,27.141305464980213,26.603514551024027,27.141305464980213,47206000
2015-04-15,26.86669921875,26.973462940873866,26.4361683197136,26.713754754949125,46962000
2015-04-16,26.98984718322754,27.07476033309171,26.720703602292343,26.733116841730613,31722000
2015-04-17,26.454538345336914,26.805120967055604,26.268820898175658,26.681473506850143,49234000
2015-04-20,27.040000915527344,27.10306729597418,26.484829991242425,26.504693447986053,38508000
2015-04-21,26.960052490234375,27.200891692271007,26.924796086047607,27.128391780523735,29128000
2015-04-22,27.27090835571289,27.361284621211258,26.880600713193274,26.967004666204737,31806000
2015-04-23,27.682071685791016,27.86630211879559,27.315599817423703,27.331987263708996,78184000
2015-04-24,28.486526489257812,29.034745420909633,28.222844107466766,28.80383793383585,92168000
2015-04-27,28.112106323242188,28.57888618556227,27.92241467040908,28.442329184183325,48062000
2015-04-28,28.025209426879883,28.19702474715317,27.855877512538974,28.02272602094751,37178000
2015-04-29,27.877227783203125,28.098203537483712,27.758547129670564,27.83352855578273,33622000
2015-04-30,27.25054931640625,27.863323522927168,27.14875241303415,27.73669635086005,47240000
2015-05-01,27.369234085083008,27.37221379333964,27.00623628864189,27.336955490872576,36572000
2015-05-04,27.452655792236328,27.643836356699698,27.182021399723894,27.36078872426724,35260000
2015-05-05,26.966012954711914,27.441235659155105,26.932741758321562,27.31957340344076,28528000
2015-05-06,26.57073974609375,27.010209763499308,26.429712222900335,26.946150773427824,39034000
2015-05-07,26.91635513305664,27.073273799119672,26.489798454446102,26.611458819591302,31844000
2015-05-08,27.25948715209961,27.45066770974418,27.213802718027633,27.25551483969554,28226000
2015-05-11,27.102075576782227,27.478977414156883,27.09313834632942,27.236647384454482,21858000
2015-05-12,26.751989364624023,26.96204078650385,26.5667663174552,26.95459056923534,35282000
2015-05-13,26.78972816467285,27.00573710021501,26.764401594339976,26.838392307668485,24238000
2015-05-14,27.27190399169922,27.296237960167907,26.93919957896632,27.012195801521276,31736000
2015-05-15,27.137327194213867,27.341421071589938,26.93919462656012,27.330993041713423,33440000
2015-05-18,27.146268844604492,27.229196789097575,26.926782000241474,27.004745027595437,26706000
2015-05-19,27.275875091552734,27.480463391188206,27.16861507756924,27.212312409087726,47126000
2015-05-20,27.436267852783203,27.613048070737275,27.06830517951552,27.35731222271834,30840000
2015-05-21,27.649795532226562,27.68952244590564,27.27686793848251,27.321559769229722,34170000
2015-05-22,27.53607940673828,27.720806143003497,27.491387576627886,27.533099698826458,24266000
2015-05-26,27.172090530395508,27.476986817356487,26.962535423751092,27.43974331044814,37474000
2015-05-27,27.522672653198242,27.57431650552318,27.14180042622904,27.24608073545722,34844000
2015-05-28,27.519195556640625,27.597654883751126,27.351354463922334,27.499830296710382,23544000
2015-05-29,27.07923126220703,27.50727871114813,27.06532722147902,27.470531505959748,43446000
2015-06-01,27.272401809692383,27.33993491710585,26.992830164469773,27.248566038168903,33210000
2015-06-02,27.507776260375977,27.748119170383895,27.140309874684945,27.18400910221827,31842000
2015-06-03,27.574316024780273,27.70839151757192,27.41839186594561,27.564880598600258,26710000
2015-06-04,27.395551681518555,27.607590223937724,27.2679318930562,27.41988375589475,26866000
2015-06-05,27.288288116455078,27.476987164701573,27.181524405586025,27.41094297138617,24396000
2015-06-08,26.98786163330078,27.30517307202973,26.96154245755187,27.29226163530132,27336000
2015-06-09,26.922313690185547,27.055396581279723,26.757946706195202,26.984881875977884,30016000
2015-06-10,27.440736770629883,27.54899128459995,27.068803675063062,27.098100663812644,30316000
2015-06-11,27.313615798950195,27.551475301597492,27.27041287400274,27.534591552307507,25872000
2015-06-12,27.185997009277344,27.254522719223417,27.09462623887655,27.170105863990887,25468000
2015-06-15,26.964025497436523,27.016165651651242,26.77582463997818,26.950617758597947,27150000
2015-06-16,27.056884765625,27.147261031578296,26.893015982585347,27.037519505368437,32526000
2015-06-17,27.14279556274414,27.230192130875977,26.9049360384879,27.084199684338046,24440000
2015-06-18,27.618511199951172,27.6716439575372,27.21231241424752,27.21231241424752,41192000
2015-06-19,27.68505096435547,27.704418118236248,27.423853903796118,27.63539421828439,59290000
2015-06-22,27.79231071472168,28.086780861124524,27.7540746038634,27.778904870949372,34752000
2015-06-23,27.976545333862305,28.05152866004181,27.66668219396257,27.797777992052172,31396000
2015-06-24,27.737194061279297,27.939300865701775,27.649797496971985,27.93135624011483,28924000
2015-06-25,27.706405639648438,27.964128605890064,27.68207356684318,27.82310108636662,26684000
2015-06-26,27.463581085205078,27.80820430985059,27.403496304068963,27.793803966012614,43676000
2015-06-29,26.877124786376953,27.356319789055522,26.826969842150902,27.150240687104684,37756000
2015-06-30,26.817041397094727,27.10803366628334,26.79221112769229,27.06781044836365,34510000
2015-07-01,26.978923797607422,27.103563864329512,26.803136181695944,26.996800151138782,30760000
2015-07-02,27.179540634155273,27.21231363426968,26.99233048281682,27.05043005431609,28124000
2015-07-06,27.09412956237793,27.241116497825892,26.91933454377543,26.926782866865597,25614000
2015-07-07,27.31311798095703,27.361285823759275,26.807605676965665,27.184009295182587,33578000
2015-07-08,26.899471282958984,27.22621815670066,26.874642907715454,27.093137156139196,27662000
2015-07-09,27.045961380004883,27.256012802218052,27.044472473118958,27.244592166575252,29766000
2015-07-10,27.615034103393555,27.77294535740057,27.410942114022266,27.495855262364657,43436000
2015-07-13,28.39068603515625,28.446302199335634,27.743648035721357,27.78387125200831,41792000
2015-07-14,29.008922576904297,29.28352929245654,28.51185119602049,28.528238643396033,74832000
2015-07-15,28.997997283935547,29.232877076173445,28.811781635628737,28.987072950807846,41466000
2015-07-16,29.882892608642578,30.01796069746104,29.194638834655663,29.273098158537852,112642000
2015-07-17,34.74138641357422,34.90923131427558,33.66779355471481,33.76710706005272,257162000
2015-07-20,34.404701232910156,34.65100352852883,33.85499536499212,34.213026279944,102436000
2015-07-21,34.52935028076172,35.03833671095354,33.973184822856965,34.009433834111874,75604000
2015-07-22,34.51693344116211,35.42218880461368,34.344125532643304,34.46330248610561,83100000
2015-07-23,33.505409240722656,34.56510176592235,33.349483184765575,34.35554475415876,76232000
2015-07-24,32.514244079589844,33.65736084388451,32.43529034189264,33.60671149075237,82622000
2015-07-27,32.68804931640625,33.1250340202171,32.354348530954475,32.35534113555465,58382000
2015-07-28,32.75707244873047,32.97755189891657,32.44671303297602,32.86135275779591,34364000
2015-07-29,32.844966888427734,32.93931737313179,32.41840828646361,32.88618271412222,36756000
2015-07-30,33.00039291381836,33.17369712529431,32.36129953689728,32.64683247031604,39606000
2015-07-31,32.64981460571289,33.022245951025205,32.634917958071206,33.00734930338352,34922000
2015-08-03,33.00833511352539,33.10516709183163,32.65775250949061,32.65775250949061,31348000
2015-08-04,32.83751678466797,33.17121757942854,32.79928256365863,32.98946864121203,26188000
2015-08-05,33.43390655517578,33.76263676034144,33.051045298927285,33.05948622710566,36448000
2015-08-06,33.27798080444336,33.50640490117635,32.81020638247692,33.46866698089444,40660000
2015-08-07,32.99195098876953,33.21093773520225,32.71784059331781,33.1602883837428,27544000
2015-08-10,32.92988204956055,33.35097751431134,32.78537851631666,33.12602754341603,34458000
2015-08-11,34.2785758972168,34.958885095515555,33.98162422252988,34.739398251493256,109880000
2015-08-12,34.3366813659668,34.561627561354875,33.79243470157144,34.48664423336969,58498000
2015-08-13,34.09037399291992,34.46379788223254,33.875357664631785,34.223951286199394,36354000
2015-08-14,34.232391357421875,34.37590226963787,33.91110952298015,33.967718288828394,27598000
2015-08-17,34.467769622802734,34.4990518178136,33.919052568860735,34.16634746981016,24680000
2015-08-18,34.20061492919922,34.5497048654418,34.03128113509334,34.316814070040046,27710000
2015-08-19,34.46429443359375,34.77018333078966,34.10477458236383,34.26914156037776,50194000
2015-08-20,33.74128341674805,34.56957030737072,33.532722787145346,34.21899144413884,57798000
2015-08-21,31.980924606323242,33.41404106580136,31.9347419724625,33.32217210037977,91880000
2015-08-24,30.693801879882812,31.169024582772078,29.45136971334161,29.824299210218552,129788000
2015-08-25,30.413734436035156,32.12840583620653,30.374007520780108,32.102090448703045,71430000
2015-08-26,32.761043548583984,32.89710614977157,31.302602415341504,31.934741895484446,87740000
2015-08-27,33.169227600097656,33.4681682812005,32.33200350693776,33.369347295142575,58974000
2015-08-28,32.75856018066406,33.12155414593678,32.46359372356286,33.05997856728276,38836000
2015-08-31,32.169124603271484,32.99294472468521,32.09613028147981,32.49289175674607,38936000
2015-09-01,31.26238250732422,32.0012857379304,31.038923334359215,31.473426545125292,51458000
2015-09-02,32.024620056152344,32.03206837877982,31.316008387749083,31.68148765303366,37630000
2015-09-03,31.63431739807129,32.33945312509356,31.473426415343194,32.17458982952882,34572000
2015-09-04,31.232585906982422,31.50768892316239,31.11042924157081,31.26933311420744,40478000
2015-09-08,31.97347640991211,32.031077785465854,31.42823718565743,31.830461787064287,39092000
2015-09-09,31.950138092041016,32.6428586437298,31.825494234398963,32.37073723452446,40978000
2015-09-10,32.33100891113281,32.520698669076545,31.865219760557604,31.974466876738582,27850000
2015-09-11,32.54056930541992,32.54106560779811,32.14877078066644,32.28781500648235,34892000
2015-09-14,32.4000358581543,32.571354871129046,32.252550722017766,32.55695452684959,29942000
2015-09-15,33.025718688964844,33.21342323930411,32.44323409504898,32.61057888651201,35546000
2015-09-16,33.04806137084961,33.17468663580093,32.883198102153756,33.04955027756432,26252000
2015-09-17,33.353458404541016,33.8659227368686,33.02224291614231,33.14589038419914,47752000
2015-09-18,32.81964111328125,33.262585229273206,32.775443689000895,33.0252201321159,72544000
2015-09-21,33.12056350708008,33.22087340019408,32.67464157335253,33.047569183303686,39094000
2015-09-22,32.436283111572266,32.7153603289232,32.03058061646289,32.64832163431363,54362000
2015-09-23,32.44075012207031,32.787854812606106,32.313624767166544,32.4213829692088,29160000
2015-09-24,32.52119445800781,32.61355971846178,31.88856061810192,32.226231795255394,38692000
2015-09-25,31.788253784179688,32.70344281816344,31.763921711078506,32.70344281816344,48480000
2015-09-28,30.998699188232422,31.922331040303625,30.680395135780596,31.733630084014774,47646000
2015-09-29,30.917261123657227,31.516625700673355,30.68982965138983,31.06077015155536,42130000
2015-09-30,31.69986343383789,31.74654047478173,31.242020782768375,31.375101779256696,52954000
2015-10-01,31.8801212310791,31.971493902283694,31.33984877275743,31.678512611037956,42506000
2015-10-02,32.62448501586914,32.62498131817348,31.458030635111264,31.681986102803837,48788000
2015-10-05,33.35395812988281,33.42099683355683,32.56887220906629,32.85341257863041,37960000
2015-10-06,33.35196304321289,33.70750864143224,32.92689346156388,33.23824543182252,42774000
2015-10-07,33.270530700683594,33.704537597824576,32.68010143939937,33.63799520284754,44354000
2015-10-08,33.121559143066406,33.36438737842453,32.50034393782565,33.24322141191819,39308000
2015-10-09,33.33210372924805,33.47362564759521,32.891144845022026,33.145888086613866,32124000
2015-10-12,33.589820861816406,33.66678937894605,33.133469083373264,33.23030105469225,26684000
2015-10-13,33.92451477050781,34.18720261078768,33.424958171124175,33.48206702360379,42446000
2015-10-14,33.78746795654297,34.26566852463642,33.71248462840916,33.952331260255114,31292000
2015-10-15,34.41364669799805,34.47025546832947,33.98510292500659,34.02780765390338,47156000
2015-10-16,34.527854919433594,34.572548643593045,34.21898821130241,34.53182912615083,36316000
2015-10-19,34.75777053833008,34.77217088078532,34.373420435177266,34.46230778973785,30172000
2015-10-20,33.76710891723633,34.66094566870785,33.45327155522896,34.6554825542433,52434000
2015-10-21,33.35991668701172,34.01042888136057,33.30529312076911,33.926508322625644,31952000
2015-10-22,33.82371520996094,34.16684953993885,33.35494819936342,33.54066755754482,88632000
2015-10-23,35.72013473510742,37.36727495019834,35.6511108289631,37.24610899343301,126726000
2015-10-26,36.30559539794922,36.49578525151523,35.754396780485045,35.754396780485045,48776000
2015-10-27,36.390018463134766,36.54594454309331,35.95899311831169,36.07965899888315,38778000
2015-10-28,36.59361267089844,36.615957640980405,36.114415732814784,36.39895608174765,39604000
2015-10-29,36.98739242553711,37.083728105229405,36.50621032934241,36.57920843679526,36520000
2015-10-30,36.616947174072266,37.05989127426885,36.574242446768764,37.02264966058952,39984000
2015-11-02,37.13090515136719,37.15275381787182,36.32198166843507,36.47492991110171,39914000
2015-11-03,37.18453598022461,37.327546810881394,36.804156266872845,37.01619478997868,36306000
2015-11-04,37.50680923461914,37.73473700079095,37.2034018486634,37.238161950631856,41840000
2015-11-05,37.772979736328125,38.05503479414209,37.6140758519255,37.6806144619859,45486000
2015-11-06,37.81916046142578,37.8896732751724,37.492907992277374,37.70941703375555,33544000
2015-11-09,37.47999572753906,37.90357648011128,37.19893708337894,37.666211381136215,35538000
2015-11-10,37.65330123901367,37.76950038671628,37.16417825756064,37.41593992044355,29798000
2015-11-11,38.00040817260742,38.19059424311937,37.727290367364276,37.857889853872,41866000
2015-11-12,37.5673942565918,38.02772032305142,37.534123059629984,37.748643098979656,35452000
2015-11-13,36.750030517578125,37.50780071783628,36.72023343923385,37.443743629388095,48188000
2015-11-16,37.26398849487305,37.32804559154807,36.46499858457742,36.756987258450174,50704000
2015-11-17,37.04350280761719,37.48893217272686,36.9476634355798,37.36578102328435,38864000
2015-11-18,37.74020004272461,37.79432729895138,37.11352181536831,37.22177632782186,36266000
2015-11-19,37.73672866821289,37.90009926473914,37.6021549712784,37.728780254143224,28078000
2015-11-20,38.583885192871094,38.69909174178161,37.943306623931406,38.201524018587385,55478000
2015-11-23,38.56898498535156,38.87686289429376,38.410577415934334,38.607222993534094,34648000
2015-11-24,38.21790313720703,38.53372564741837,37.64584848485511,38.383262714750686,47880000
2015-11-25,38.19953536987305,38.38525472025149,38.063969071458246,38.32020123367741,23612000
2015-11-27,38.33409881591797,38.43490499372376,38.08730022749332,38.194562122639056,14434000
2015-11-30,37.88123321533203,38.48605904858586,37.79532366229333,38.32914037786306,33586000
2015-12-01,38.92105484008789,38.98114151237987,38.035166646180095,38.08432709130372,40398000
2015-12-02,38.62609100341797,39.38088339135704,38.55557440836048,38.993555469351016,46876000
2015-12-03,38.14690017700195,38.95532364576941,37.861371001347024,38.76066704935789,41950000
2015-12-04,38.69363021850586,38.853030413782704,38.013324702855506,38.22188535194973,49800000
2015-12-07,38.38475799560547,38.78251207942652,38.07340218474456,38.73583314405524,36626000
2015-12-08,38.49152374267578,38.66582057894907,37.86484542727184,37.96316633095754,31082000
2015-12-09,37.866329193115234,38.538693752678945,37.34293866444746,38.290902529171774,46550000
2015-12-10,37.7416877746582,38.0411247325375,37.49141504875128,37.917973578611814,32458000
2015-12-11,37.26398849487305,37.61258594201988,37.17609373246114,37.19347567944157,43184000
2015-12-14,37.86583709716797,37.945787235086335,36.56083853502291,37.30570119511173,53864000
2015-12-15,37.74417495727539,38.4721519017893,37.64039095189413,38.12653608537291,49386000
2015-12-16,38.56352233886719,38.80734315749652,37.59321724163716,38.06595465557144,53120000
2015-12-17,38.22783279418945,38.811802428727795,38.201513622974076,38.79045006814483,36510000
2015-12-18,37.58328628540039,38.441866597130755,37.57037484750159,38.09873225384085,67794000
2015-12-21,37.7794303894043,38.05502969133449,37.44920752935699,37.891159016983146,34848000
2015-12-22,38.09376525878906,38.2531654452746,37.79929885448739,37.951747019719875,36338000
2015-12-23,38.162288665771484,38.33062985288538,37.623008881405,38.27054317989563,30594000
2015-12-24,38.029701232910156,38.19654971258984,37.95769952182222,38.162782217145136,10412000
2015-12-28,38.844085693359375,38.87288637907647,38.12355709389795,38.23627832543449,31156000
2015-12-29,39.426082611083984,39.66096244578487,39.04073980825326,39.07996663872075,38430000
2015-12-30,39.244327545166016,39.550220246155554,39.090390484359155,39.42607647748753,28566000
2015-12-31,38.6340446472168,39.1465090524068,38.59978084049125,39.12118247700208,32752000
2016-01-04,37.71189880371094,37.84895401366024,37.12097323352485,37.84895401366024,67382000
2016-01-05,37.81568908691406,38.19656139594633,37.52370415816384,37.943310785498205,45216000
2016-01-06,37.7064323425293,38.024240069232874,37.143814997008135,37.261503040571064,48206000
2016-01-07,36.796207427978516,37.506806144986285,36.51216721978172,37.06882889626221,63132000
2016-01-08,36.29517364501953,37.249093264612,36.19635265062561,37.13388671582636,47506000
2016-01-11,36.402427673339844,36.5022412611579,35.731555795117536,36.346811508868235,50896000
2016-01-12,37.011722564697266,37.16069659305226,36.5692747771626,36.78379480176829,46816000
2016-01-13,35.7320556640625,37.39210741363159,35.59351154133958,37.21035846781994,51728000
2016-01-14,36.31900405883789,36.74109211114066,35.0085424778138,35.97388453630851,55558000
2016-01-15,35.28116226196289,35.959978744079436,34.8352365670023,35.25633199421464,76676000
2016-01-19,35.70771789550781,36.019073700317456,35.24938084392699,35.76085254820308,48724000
2016-01-20,35.68190002441406,36.098524967082625,34.15344048699709,35.053232766036366,82440000
2016-01-21,36.08462142944336,36.63085326248508,35.311950722300196,35.76184686810186,51938000
2016-01-22,37.01768493652344,37.17162578840112,36.77138639294013,36.845869624498604,47146000
2016-01-25,36.42974090576172,37.36528969337714,36.37412473907267,36.93724221536653,45340000
2016-01-26,36.43817901611328,36.719737732490096,36.09951523054801,36.50869561219931,30940000
2016-01-27,35.63323974609375,36.54246565604552,35.428153217445214,36.54246565604552,42428000
2016-01-28,37.15871810913086,37.30073635432723,36.279778002182496,36.656679861679784,62104000
2016-01-29,37.80674362182617,37.99345557342639,36.955115415583435,37.19148790452058,75808000
2016-02-01,38.274513244628906,38.61317700275964,37.80822783156208,38.298843419419605,111522000
2016-02-02,38.778045654296875,40.239962787855916,38.76264891744155,39.75083603873114,135846000
2016-02-03,37.21234893798828,39.300444485273445,36.56084033521269,39.04470859580303,131114000
2016-02-04,36.25147247314453,37.00676507544592,35.882519040087296,36.974486480476955,104922000
2016-02-05,34.94696807861328,36.087103297267916,34.76720813944007,36.026524106840924,109556000
2016-02-08,34.966835021972656,34.98471327263674,33.866919123678606,34.14847789309019,89410000
2016-02-09,34.81090545654297,35.80107781699309,34.18919399297734,34.410169755219066,84300000
2016-02-10,35.10040283203125,35.91329662619882,35.02790482142751,35.345712519875725,60314000
2016-02-11,35.076080322265625,35.37203942176196,34.32277672765416,34.57851260668745,65004000
2016-02-12,35.10240173339844,35.55477944538513,34.83871742311023,35.366578557484594,46538000
2016-02-16,35.6362190246582,35.89642543367829,35.26577287175083,35.686372084304224,43444000
2016-02-17,36.34780502319336,36.43669238582909,35.58506795175862,36.1010063928899,49154000
2016-02-18,35.6297607421875,36.54792764330359,35.53243244413478,36.44662892655257,47276000
2016-02-19,35.858184814453125,35.95352790308859,35.41176275666596,35.54981057768238,34918000
2016-02-22,36.20280838012695,36.490822857890834,35.9247275263232,36.22564965352726,37516000
2016-02-23,35.618831634521484,36.29467034055154,35.53838898814118,36.056316426626495,41332000
2016-02-24,35.798095703125,35.81398874252974,34.860565498067686,35.28712027913558,37092000
2016-02-25,36.20628356933594,36.22564693632756,35.41722352300207,35.89890195761651,36146000
2016-02-26,35.9947395324707,36.55586798175661,35.84973970707273,36.42874640410648,42474000
2016-02-29,35.6153564453125,36.279772601353756,35.596485592887156,35.80306099930034,45068000
2016-03-01,36.854312896728516,36.862257521878966,35.68586956028292,35.817957951255984,60112000
2016-03-02,36.720733642578125,36.90148618661288,36.41136681715808,36.88907484026499,36292000
2016-03-03,36.32893371582031,36.79621179454385,36.231605426776234,36.72073217202049,40534000
2016-03-04,36.26090621948242,36.49826752612542,36.03247835408734,36.48833769172729,48516000
2016-03-07,35.3958625793457,36.1114280370124,35.015486735453216,36.00913295866715,61690000
2016-03-08,35.43212127685547,35.86513557924034,34.95888754375082,35.17688170761822,52530000
2016-03-09,36.022056579589844,36.063272406182364,35.388922533017386,35.51356261749824,39544000
2016-03-10,36.35773849487305,36.57474004358364,35.91677958818073,36.14023685529983,44616000
2016-03-11,36.98838806152344,36.989876968445806,36.582685550865385,36.744074726402076,35380000
2016-03-14,37.25505065917969,37.45467405792952,36.9283018852225,36.99335537405235,32824000
2016-03-15,37.27143478393555,37.39260073816079,36.88758095002437,37.04549221692645,29832000
2016-03-16,37.60860824584961,37.690047281949795,37.06932846567449,37.195953740310536,29306000
2016-03-17,37.664222717285156,38.0048717032354,37.60860655631369,37.62300689881046,44564000
2016-03-18,37.51177215576172,37.84596540227474,37.33350115538001,37.82064262325974,56222000
2016-03-21,37.84696578979492,37.905559766692214,37.30619331634567,37.437289099520186,28774000
2016-03-22,37.7421875,37.98799352788817,37.634433071967216,37.66224115514564,22096000
2016-03-23,37.61853790283203,38.00735853158211,37.5425619806947,37.906056039210014,24678000
2016-03-24,37.48347091674805,37.61853711518255,37.26795828882887,37.30271839010616,31116000
2016-03-28,37.406005859375,37.65528598251152,37.344430281981495,37.54951298397283,21676000
2016-03-29,38.03218460083008,38.09624547913695,37.15821524882239,37.42586613709167,40062000
2016-03-30,38.15385437011719,38.599283849604035,38.116116447438586,38.147398650787366,40396000
2016-03-31,37.88371276855469,38.19059428449691,37.65280338958673,38.15384897175002,32554000
2016-04-01,38.21989822387695,38.23826898748622,37.50135094244532,37.59868302903757,31674000
2016-04-04,37.99395751953125,38.35745164239982,37.82859790745303,38.21195170192593,26924000
2016-04-05,37.66869354248047,37.88222095902252,37.52120842336325,37.64684487742488,24478000
2016-04-06,38.140445709228516,38.15782765733349,37.55597580991502,37.6324480467282,25312000
2016-04-07,37.74566650390625,38.2044998897123,37.61556331422773,38.00388388543035,25498000
2016-04-08,37.71338653564453,38.09376246735049,37.52965618252044,38.031194280657886,23434000
2016-04-11,37.617549896240234,38.09823575577888,37.60762006098234,38.01034099119166,31774000
2016-04-12,37.954227447509766,37.9840207410099,37.32109344066061,37.66174626089941,27388000
2016-04-13,38.33112335205078,38.521805704956755,37.967629315580936,38.25166953024823,35426000
2016-04-14,38.50393295288086,38.71348616603375,38.39617474414302,38.50244404608362,26992000
2016-04-15,38.73285675048828,38.779039385261385,38.48109130248075,38.50939947697005,31712000
2016-04-18,39.11422348022461,39.15742829913434,38.61417430071955,38.742288484887496,33540000
2016-04-19,38.54663848876953,39.27660442284352,38.24968681923802,39.254259454714806,43952000
2016-04-20,38.480594635009766,38.71597452742897,38.29934579093973,38.69114425791046,34262000
2016-04-21,38.73285675048828,38.816281001325336,38.313250196187234,38.5992794464005,77628000
2016-04-22,36.63581848144531,37.437786144027754,36.268353997165384,36.940714780826504,140798000
2016-04-25,36.85629653930664,36.98888122693069,36.50323241171891,36.515647545486885,49442000
2016-04-26,36.02006530761719,37.024137835958484,35.76929248524072,36.96604016205313,55864000
2016-04-27,35.825904846191406,36.1084523778926,35.21114167057778,36.01757981195065,66262000
2016-04-28,35.01152038574219,36.21323493915493,34.91915890747914,35.91677956058797,62590000
2016-04-29,35.151554107666016,35.36160361707545,34.94795652752671,34.9648421697798,58278000
2016-05-02,35.4758186340332,35.525475380686316,35.07607557234023,35.35217117538381,33476000
2016-05-03,35.17936706542969,35.42417670922299,35.12424719933125,35.380975675947816,38620000
2016-05-04,35.32486343383789,35.50760119166312,34.96136933891436,35.096439342272674,34172000
2016-05-05,35.490718841552734,35.63174447083105,35.22951985743055,35.50511918587056,29668000
2016-05-06,36.0106315612793,36.05085478039048,35.353663681498574,35.36607881656755,39952000
2016-05-09,36.2067756652832,36.463007801381785,35.92720216933805,36.086106025212885,38074000
2016-05-10,36.71576690673828,36.74655280119019,36.32992789016604,36.496280073219076,32634000
2016-05-11,36.27729415893555,36.78628439522787,36.145702060242016,36.77238035301547,29834000
2016-05-12,36.15414047241211,36.516641937924206,35.96544331102753,36.34929335212944,27094000
2016-05-13,35.99325180053711,36.31403735737512,35.92770201188902,36.08213916276468,25244000
2016-05-16,36.26487350463867,36.38305784545785,35.75340183456489,35.96792185156133,22538000
2016-05-17,35.762840270996094,36.54047780712121,35.65409323511978,36.30262018611291,33404000
2016-05-18,35.841796875,36.029997739494426,35.506110877767355,35.67891879370633,32536000
2016-05-19,35.52051544189453,35.778240333795075,35.27222787202383,35.66899319688114,30598000
2016-05-20,35.838321685791016,36.135769696757535,35.50561726573984,35.577622779501176,34798000
2016-05-23,35.616851806640625,35.92721127478592,35.60145885596833,35.75241812559379,24816000
2016-05-24,36.40044021606445,36.458537888373556,35.73602030858427,35.74595393080758,37884000
2016-05-25,36.65220260620117,36.74108996296233,36.37908860647587,36.49826555565478,32216000
2016-05-26,36.59410858154297,36.80118030360096,36.39895569216139,36.54792594634735,27202000
2016-05-27,37.12395477294922,37.13934772178487,36.598078903866806,36.62290917378285,34802000
2016-05-31,37.1860237121582,37.415936687548225,37.02314564080785,37.18155320312877,42484000
2016-06-01,37.16666030883789,37.31116384494793,36.962070094454425,37.16715661116159,20788000
2016-06-02,36.958595275878906,37.109058225581464,36.59758269934217,37.0494678507641,33916000
2016-06-03,36.54097366333008,36.82054719550278,36.444141672805074,36.82054719550278,24608000
2016-06-06,36.252952575683594,36.67206275188357,36.165061619953306,36.67206275188357,29992000
2016-06-07,36.304107666015625,36.58318109974757,36.28970732226151,36.41236218388721,24314000
2016-06-08,36.892051696777344,36.93574903043478,36.53650603423627,36.721725294265575,32314000
2016-06-09,36.87168884277344,36.94170534663646,36.572751975866254,36.60105635876548,19180000
2016-06-10,36.408390045166016,36.72867931916578,36.27530903917141,36.545445258331405,29050000
2016-06-13,36.34333801269531,36.6968984626614,36.24104291170698,36.24104291170698,23354000
2016-06-14,36.4113655090332,36.5479244110593,36.07617960976965,36.215716325556116,26584000
2016-06-15,36.358734130859375,36.605032689807494,36.31503300524268,36.49429665160635,23234000
2016-06-16,35.964454650878906,36.26935098712566,35.53193662941622,36.14868132329461,45002000
2016-06-17,34.97129440307617,35.82242237114201,34.8158646767918,35.82242237114201,82262000
2016-06-20,35.06465530395508,35.54831894273367,35.02890259560226,35.272223321888106,45654000
2016-06-21,35.201210021972656,35.52398454050134,34.99165681976062,35.25930769256713,30318000
2016-06-22,35.28016662597656,35.465885970103535,35.05223885662532,35.45794134505235,29058000
2016-06-23,35.498661041259766,35.499157343542514,34.772669304345065,35.284141009535006,42500000
2016-06-24,34.025325775146484,35.00854618606526,34.010925429967436,34.27212442971075,95436000
2016-06-27,33.82371520996094,33.93246603464009,33.40261974184514,33.8907539085395,58146000
2016-06-28,34.32625198364258,34.39974640576452,34.007947902843604,34.33171509806599,38246000
2016-06-29,34.52140426635742,34.73542802118157,34.396764184399636,34.475225417183175,43124000
2016-06-30,34.935546875,34.94746570804069,34.507003073538684,34.643561985474975,42250000
2016-07-01,35.269248962402344,35.38246651470276,34.9454817691872,35.01351307646396,30984000
2016-07-05,35.00307846069336,35.16347123448708,34.717053015608684,35.009037876631986,28440000
2016-07-06,35.2056884765625,35.405808192817624,34.710602254902895,34.75231438386372,28902000
2016-07-07,35.120765686035156,35.26526920632639,34.79352442787681,35.262291392710196,21174000
2016-07-08,35.643165588378906,35.64912500450993,35.16297606748908,35.28463832446033,29946000
2016-07-11,36.110939025878906,36.19684478380676,35.697291909326005,35.72460368921142,28822000
2016-07-12,36.3746223449707,36.52806311116953,36.12583849286883,36.345325353661465,26468000
2016-07-13,36.22415542602539,36.52408869306127,36.20131415597992,36.52408869306127,20436000
2016-07-14,36.53799057006836,36.55487242332686,36.27927313802841,36.44562531368543,21408000
2016-07-15,36.5295524597168,36.79621074813857,36.48038822573442,36.79621074813857,32342000
2016-07-18,37.402034759521484,37.498370445980626,36.57325159001874,36.64277179792048,38698000
2016-07-19,37.4124641418457,37.57037161995348,37.1681470245661,37.236674626869686,30436000
2016-07-20,37.59470748901367,37.77148961752408,37.444244537708734,37.444244537708734,22502000
2016-07-21,37.462120056152344,37.647839401444166,37.318609136349515,37.59073054175283,19062000
2016-07-22,37.70395278930664,37.71239371689729,37.37521881846267,37.60662449944861,20920000
2016-07-25,37.61655807495117,37.730772019916394,37.4452390517871,37.62450270103642,21466000
2016-07-26,37.62301254272461,37.70296268039801,37.37969180197333,37.61655682388864,23792000
2016-07-27,37.837528228759766,37.96067938619593,37.537598748640754,37.688557987525925,32172000
2016-07-28,38.029701232910156,38.18513097240468,37.69451157825119,38.17867525466231,73464000
2016-07-29,39.29597091674805,39.9216527452363,39.22942852718966,39.612289735433905,101810000
2016-08-01,39.772682189941406,40.097938235438754,38.98312590515043,39.064068636968564,60594000
2016-08-02,39.73196792602539,39.84121505559731,39.45438338112995,39.59342380474243,39928000
2016-08-03,39.67237854003906,39.70316822807491,39.37940103847786,39.5507200606239,29206000
2016-08-04,39.58945083618164,39.73593958788748,39.42409122966158,39.63861128831362,21520000
2016-08-05,40.070133209228516,40.0845335531132,39.61725546461219,39.73146939965334,36146000
2016-08-08,39.9857177734375,40.10340582876523,39.80992824964125,40.02395199486319,24426000
2016-08-09,40.097442626953125,40.387938576169375,39.92761253558913,39.94896489900688,32154000
2016-08-10,40.14760208129883,40.2662827489946,40.048288571020564,40.076096656983886,18370000
2016-08-11,40.13319778442383,40.415252823666556,40.023950660733746,40.24591902423348,25646000
2016-08-12,40.07609176635742,40.08304378699987,39.906757970916026,39.97876347736312,17946000
2016-08-15,40.02196502685547,40.29011602164023,39.926125643492185,40.084036911151,18596000
2016-08-16,39.78510284423828,39.93755100888035,39.57703472121975,39.899809300185694,21158000
2016-08-17,39.99515151977539,40.00558144567187,39.54227375667548,39.726007907130196,21322000
2016-08-18,39.86256790161133,40.123270593308575,39.80695173149644,39.992174793956714,17292000
2016-08-19,39.70862579345703,39.78708702281025,39.571078068063606,39.71557781450306,22416000
2016-08-22,39.57455062866211,39.69124607489759,39.44444744318153,39.652015461763106,17056000
2016-08-23,39.556671142578125,39.775661684351874,39.52687785121766,39.74983881127038,18350000
2016-08-24,39.40819549560547,39.64953099546497,39.2671660928917,39.57007717051633,25672000
2016-08-25,39.29398727416992,39.46381738708547,39.0918823551793,39.32874738048978,24054000
2016-08-26,39.38932418823242,39.696209468981145,39.20013073675495,39.35307518058821,24978000
2016-08-29,39.518436431884766,39.65251002990497,39.24531863592342,39.380884929346706,15474000
2016-08-30,39.32477569580078,39.62669420301194,39.20311343331431,39.37244723844293,23348000
2016-08-31,39.22198486328125,39.30739432629569,39.09039276390476,39.20956972797703,21428000
2016-09-01,39.298954010009766,39.372944732092876,39.04719233798782,39.327754699680824,26070000
2016-09-02,39.57057571411133,39.58199824395058,39.39131208412663,39.49112567322942,26998000
2016-09-06,40.12425994873047,40.26677447882536,39.49907059933368,39.64605563865344,39790000
2016-09-07,40.12276840209961,40.25237148685552,39.910729890374064,40.11978679995681,22906000
2016-09-08,39.86703109741211,40.1441231073813,39.77615852667528,39.985219237022974,23554000
2016-09-09,39.15394973754883,39.81290656334033,39.132597373879136,39.664925135920484,37752000
2016-09-12,39.667415618896484,39.73445053233452,38.90665989813819,38.957313045683485,37274000
2016-09-13,39.16586685180664,39.51694576411525,38.94786892703056,39.42855471107566,36180000
2016-09-14,39.25227355957031,39.54376592710369,39.10677742124497,39.10677742124497,25842000
2016-09-15,39.78709030151367,39.90725987847842,39.16289347432624,39.22993217871135,31144000
2016-09-16,39.62519836425781,39.67734041220656,39.409189426828036,39.67734041220656,42612000
2016-09-19,39.49708557128906,39.92414043837122,39.40621299945896,39.781125816758006,22990000
2016-09-20,39.715084075927734,39.86256922294195,39.63960444418882,39.72601030480567,20984000
2016-09-21,39.97578430175781,40.01948542599686,39.528865955779565,39.78857603533837,26970000
2016-09-22,40.518043518066406,40.67247688000489,40.108866902276546,40.22258074469697,35186000
2016-09-23,40.4688835144043,40.57018222344818,40.35814748453506,40.47782074436295,28234000
2016-09-26,39.85759735107422,40.22655453438035,39.74835023043372,40.2136430977337,29454000
2016-09-27,40.258827209472656,40.3958824053179,39.816875727381465,39.816875727381465,27346000
2016-09-28,40.225555419921875,40.23499273990749,39.86405037254035,39.92860376283938,29406000
2016-09-29,39.85710144042969,40.41674099949979,39.76871038075745,40.085029216007314,27000000
2016-09-30,39.9276123046875,40.12773198778365,39.80049072946112,39.904771034584385,33204000
2016-10-03,39.74488067626953,39.90179556606137,39.5388015456928,39.852635113844,29784000
2016-10-04,39.86455154418945,40.04878199473808,39.70962187312062,39.97429497309959,25174000
2016-10-05,39.78709030151367,40.148099123336365,39.76126742448124,40.02395533891753,24276000
2016-10-06,39.87894821166992,40.071123270123216,39.751330334015925,39.928604958661495,21998000
2016-10-07,39.76126480102539,40.020974884161134,39.56809711552347,40.020478581833075,23262000
2016-10-10,40.42965316772461,40.58905334396795,39.837238703708955,39.921159255687996,29922000
2016-10-11,40.20123291015625,40.712208382317115,40.091985776072846,40.42965701389084,34432000
2016-10-12,40.31047821044922,40.446040728618925,40.150581723965715,40.319911743237846,18158000
2016-10-13,39.92860794067383,40.05175910709314,39.65747912676877,40.02742892833399,27380000
2016-10-14,39.95442581176758,40.22704728702367,39.8412082828059,40.09595151153643,22238000
2016-10-17,40.0656623840332,40.39588526330794,39.91619583247868,40.023453957315446,21128000
2016-10-18,40.793148040771484,41.15663833898216,40.3879418283442,40.43163916324333,45786000
2016-10-19,41.058815002441406,41.20580383991324,40.86217320079859,40.86217320079859,30002000
2016-10-20,40.80010223388672,41.13975867348115,40.74647127274879,41.09456864067151,27878000
2016-10-21,40.9207649230957,40.932187453135704,40.63523576920026,40.71915632074788,32316000
2016-10-24,41.500762939453125,41.610010059133586,41.16805855756593,41.220200605983266,28952000
2016-10-25,41.143733978271484,41.6378238069193,40.98234478821376,41.6378238069193,37814000
2016-10-26,40.82344055175781,41.10202150019633,40.53791137044877,41.07272071883279,35898000
2016-10-27,40.58757019042969,41.04590732631645,40.45150756883225,40.868632664908986,59470000
2016-10-28,40.69730758666992,41.66264965615888,40.57018221524051,41.2127535160124,87098000
2016-10-31,40.21761703491211,40.8497584522161,40.1232703403862,40.83982482843395,44854000
2016-11-01,39.99812698364258,40.41922621912431,39.6395997227287,40.26578167359592,47118000
2016-11-02,39.15097427368164,40.061692797664826,38.98114417012073,40.061692797664826,47014000
2016-11-03,38.841609954833984,39.22943424225597,38.66482781899251,38.956316412484156,43504000
2016-11-04,38.7874755859375,39.15394743989924,38.28593374885304,38.30083039346312,39412000
2016-11-07,39.826812744140625,39.97429408863921,39.37343869423307,39.47523749526773,39852000
2016-11-08,40.32090377807617,40.52251238861927,39.70713692754465,39.82681398097782,35382000
2016-11-09,40.00359344482422,40.30749717041964,39.330736290725326,39.81688147578414,61970000
2016-11-10,38.747257232666016,40.22555996730992,38.148387039679925,40.22258215344109,118192000
2016-11-11,38.32318115234375,38.59828036689577,38.01480695395398,38.574446491987054,71852000
2016-11-14,37.40302658081055,38.32467130135936,36.92482606320825,38.32367869677686,73766000
2016-11-15,38.49250793457031,38.744769646233735,37.99891452608387,38.011325870491916,58878000
2016-11-16,38.73186111450195,38.9066542280183,38.054037235217436,38.257134732440576,35968000
2016-11-17,39.03874206542969,39.174804657069366,38.72540485141423,38.85699693411214,30674000
2016-11-18,38.53273010253906,39.29348184621316,38.50194421062018,39.08889546305888,36126000
2016-11-21,38.971214294433594,39.05811266107162,38.54912244179917,38.638506108542465,32616000
2016-11-22,38.981143951416016,39.41663975293739,38.918575763837715,39.17927843969757,27884000
2016-11-23,38.68320083618164,39.20559880839825,38.36787458860709,39.20559880839825,26260000
2016-11-25,38.74427795410156,38.8768626490301,38.64297545788216,38.862462305407306,12270000
2016-11-28,39.0203742980957,39.71309486603506,38.63850566813346,38.65092080281659,51508000
2016-11-29,39.20162582397461,39.54922688748863,38.99802820922536,39.148987467827865,31240000
2016-11-30,38.52827453613281,39.30442331534109,38.39271199467825,39.184750028228386,45582000
2016-12-01,37.9547233581543,38.66333698464957,37.40998042135335,38.66085547307261,57342000
2016-12-02,37.961177825927734,38.26111111150189,37.6900490165336,37.83405624316506,34376000
2016-12-05,38.64446258544922,38.73285364085415,38.0858156579369,38.23627859417653,33770000
2016-12-06,38.54316329956055,38.99504844813297,38.40114506723061,38.742290394776404,34682000
2016-12-07,39.30242919921875,39.32874458683152,38.41157035890546,38.730374498298865,40588000
2016-12-08,39.48616027832031,39.67635014267584,39.12564779625137,39.37592054857355,32250000
2016-12-09,40.19527053833008,40.22010080827541,39.62917523839545,39.6912471246915,38090000
2016-12-12,40.11830139160156,40.2896204013279,39.95095658888988,39.96535693289629,32572000
2016-12-13,40.48774719238281,40.932680272409264,40.31891349905341,40.341258466364614,42564000
2016-12-14,40.614376068115234,40.930694879121766,40.36062543843855,40.5165514837908,35994000
2016-12-15,40.50314712524414,40.868130107738374,40.32189449545643,40.58806028086958,35394000
2016-12-16,40.21463394165039,40.67942669774496,40.12922070031987,40.635233064561525,51978000
2016-12-19,40.34672546386719,40.53145221293689,39.949463882334534,40.186828984355984,25272000
2016-12-20,40.48080062866211,40.54486151424936,40.27223999517827,40.38992805182753,25438000
2016-12-21,40.33182907104492,40.50662219796291,39.979261214788224,40.50662219796291,29192000
2016-12-22,40.20669174194336,40.27571564691839,40.02543911217138,40.17789105444019,22632000
2016-12-23,40.113338470458984,40.2707534537521,39.979761154431344,40.12376839702953,15310000
2016-12-27,40.2191047668457,40.520526970751554,40.01402204111536,40.15703288000675,19520000
2016-12-28,39.952938079833984,40.38793753907963,39.847168870006165,40.38793753907963,24296000
2016-12-29,39.8690185546875,40.01153307821494,39.63364246627767,39.84170677543585,21148000
2016-12-30,39.35108947753906,39.889376626310636,39.210556380478685,39.88540241973231,34718000
2017-01-03,40.12376022338867,40.29408282175852,39.57156903274868,39.75678827584104,39180000
2017-01-04,40.11184310913086,40.392905527577895,39.93009797402981,40.21711601976733,30306000
2017-01-05,40.3725471496582,40.408299857458964,40.01997930599535,40.098436742240544,26810000
2017-01-06,40.977874755859375,41.16409041417834,40.29706921793786,40.470373439010096,40342000
2017-01-09,41.07569885253906,41.23708423902911,40.79960322772455,41.03547563435124,28178000
2017-01-10,41.01759719848633,41.18643469593019,40.875082665975484,41.070235551217955,23948000
2017-01-11,41.20877456665039,41.210759775619636,40.79214967134748,41.04788550310677,26508000
2017-01-12,41.19239044189453,41.23459886535292,40.76930602565791,41.135281584950654,26990000
2017-01-13,41.262413024902344,41.446639693054166,41.1919002079973,41.265390838898014,25804000
2017-01-17,41.089599609375,41.22466580858141,40.87805739835459,41.21572857922101,28818000
2017-01-18,41.16706848144531,41.20629909573897,40.92175874938212,41.205802793423906,20554000
2017-01-19,40.936161041259766,41.36470863928663,40.915805068239166,41.16607783536013,21410000
2017-01-20,41.12486267089844,41.177997330530495,40.947584230387726,41.17054521819564,26124000
2017-01-23,41.932289123535156,41.98740898673662,41.151177506556365,41.29568103409985,49148000
2017-01-24,42.185546875,42.28436407947497,41.825526888539564,42.058917796965595,33768000
2017-01-25,42.62849044799805,42.645372304271284,42.19597244091147,42.3851697076146,33108000
2017-01-26,42.55549240112305,42.75511580559934,42.23470682286839,42.65828381161536,69866000
2017-01-27,41.96208190917969,43.05305663014353,41.80665594447029,42.65579885119086,75050000
2017-01-30,40.90934753417969,41.574756340957656,40.770303325603095,41.566315413007224,70338000
2017-01-31,40.72858810424805,40.87160272048884,40.391413217067,40.694324304166415,40404000
2017-02-01,40.482791900634766,40.917791441437295,40.33431414866347,40.917791441437295,45020000
2017-02-02,40.632747650146484,40.94559235168704,40.32437724613208,40.47086597445226,33784000
2017-02-03,40.72561264038086,41.023556933314836,40.68687832898687,40.87458668113146,30562000
2017-02-06,40.79960632324219,40.837840546539745,40.43561591127869,40.764846216350094,27018000
2017-02-07,41.17749786376953,41.31107896839442,40.882535145550776,40.992278582904895,33332000
2017-02-08,41.20977020263672,41.426775532625584,40.97290520436103,41.2420487935951,26044000
2017-02-09,41.21870803833008,41.31405111720374,41.041929710295285,41.30163598291664,23884000
2017-02-10,41.45656967163086,41.570779815167924,41.24105703263709,41.36221919678686,28302000
2017-02-13,41.660667419433594,41.79871523986722,41.526093715343826,41.59809543956966,25914000
2017-02-14,41.71379470825195,41.81161929976121,41.50523408850118,41.7008832715197,27266000
2017-02-15,41.579227447509766,41.800203215748176,41.524603883354885,41.65321437942685,27144000
2017-02-16,41.820064544677734,41.84588362990161,41.57624372769271,41.6378193098121,20102000
2017-02-17,42.03756332397461,42.05693047974495,41.70138102068094,41.777356948266714,29224000
2017-02-21,42.172630310058594,42.318126436243645,42.03756032019427,42.10906952188531,25206000
2017-02-22,42.27641296386719,42.397078818231854,42.0455036025588,42.10956447952747,24488000
2017-02-23,42.25853729248047,42.3389837260046,41.83644924475717,42.26251149935467,27734000
2017-02-24,42.100128173828125,42.127439952951306,41.85928897298742,42.09218354893961,26924000
2017-02-27,42.19248962402344,42.24214636651551,41.861770490804275,41.958106162436884,20206000
2017-02-28,41.95711135864258,42.15077910226053,41.78380716129796,42.07728469590585,27662000
2017-03-01,42.5440673828125,42.606139261813645,42.16021357980242,42.27740531766512,36374000
2017-03-02,42.20143508911133,42.53116168223281,42.1453226181728,42.522220663299926,25018000
2017-03-03,42.16319274902344,42.24959859557482,41.9461912109531,42.15624072866031,20100000
2017-03-06,42.07331085205078,42.15623879032412,41.770399783628015,42.052951094168705,20958000
2017-03-07,42.265987396240234,42.37424191674379,41.986417653413916,42.07281971803925,20774000
2017-03-08,42.3896369934082,42.553011386983464,42.270956329884356,42.36381411775927,20576000
2017-03-09,42.59819412231445,42.74071244041223,42.341465659674824,42.39211880213235,26954000
2017-03-10,42.775474548339844,42.91550757296608,42.58677737671605,42.8395316442865,26732000
2017-03-13,42.932891845703125,43.05951713750677,42.74617987323031,42.746676175573796,23332000
2017-03-14,42.99893569946289,43.08186364930785,42.711913840069855,42.891673781786864,21234000
2017-03-15,43.1220817565918,43.196072473882325,42.77001020729285,43.09973678728409,26658000
2017-03-16,43.20203399658203,43.33660769842675,43.0788828253829,43.2283531741591,22090000
2017-03-17,43.3197135925293,43.42151237810124,43.12108283224826,43.38476328170943,37366000
2017-03-20,43.09824752807617,43.21891339220518,42.93735844638178,43.17620866314828,30844000
2017-03-21,42.2158317565918,43.37434145250998,42.0941695040565,43.205007661231754,50760000
2017-03-22,42.198951721191406,42.47455104053938,42.05990751719952,42.183058681880595,27334000
2017-03-23,41.69492721557617,41.796229719861984,41.36470810197583,41.781333072760305,65754000
2017-03-24,41.47096633911133,41.91093259643544,41.17103687477328,41.81161531893822,42114000
2017-03-27,41.6383171081543,41.78083543285697,40.93268508277159,41.12088595198128,38692000
2017-03-28,41.743587493896484,41.98045247420343,41.328447717707775,41.696908563259385,30384000
2017-03-29,42.202423095703125,42.287832548610666,41.78083136754701,41.84886266393899,29146000
2017-03-30,42.18305587768555,42.30819224324912,42.0484859804764,42.30719963871452,18988000
2017-03-31,42.099632263183594,42.187030714904175,41.972510686650914,42.05146442256738,28820000
2017-04-03,42.5440673828125,42.6557960073012,42.08622286954287,42.14680584177843,39388000
2017-04-04,42.33650207519531,42.357854439227026,42.08523294111521,42.109566907434534,26970000
2017-04-05,42.154754638671875,42.73475396976128,42.08573073269953,42.442769094999306,37104000
2017-04-06,41.96556091308594,42.3871526694769,41.910937351406886,42.18405137123496,30672000
2017-04-07,41.816585540771484,42.004290095986434,41.57823163247008,41.96059276346349,22232000
2017-04-10,41.79672622680664,42.04700278046929,41.75153998294817,41.788781600884676,20924000
2017-04-11,41.70634460449219,41.9422169945127,41.44415303983873,41.7967208691919,19486000
2017-04-12,41.7848014831543,41.897026401816376,41.59262644436104,41.635827468853094,22716000
2017-04-13,41.72124481201172,41.89753063602346,41.605545755909446,41.76394954236912,21474000
2017-04-17,42.463626861572266,42.48895343437771,41.76345415052972,41.780836097580035,20982000
2017-04-18,42.407020568847656,42.57585429458095,42.27095795270042,42.3350150533803,18724000
2017-04-19,42.53215026855469,42.715384310857175,42.38416884206166,42.57584760017708,21606000
2017-04-20,42.70942687988281,42.9006055390823,42.58130891551063,42.69254123753704,23776000
2017-04-21,42.65331268310547,42.826620680934354,42.59273349663079,42.73624062636651,23458000
2017-04-24,43.645477294921875,43.69662674643918,43.008869122471076,43.12457197776612,33930000
2017-04-25,44.13758087158203,44.30691088306126,43.6628544572537,43.810832103933805,40760000
2017-04-26,44.15247344970703,44.34365589924191,43.954338979981195,44.26420207502128,26466000
2017-04-27,44.26668930053711,44.36302499112846,44.05515085394837,44.19518388036167,46846000
2017-04-28,45.909358978271484,46.47445784803481,45.8448017960648,46.13182363432645,76918000
2017-05-01,46.32151412963867,46.47048816478431,45.72463296161252,45.89098515400379,46556000
2017-05-02,46.53355026245117,46.826531506237814,46.2311354870929,46.34386050652352,35026000
2017-05-03,47.09766387939453,47.1845622449048,46.440199718768184,46.48191184346924,36496000
2017-05-04,47.409019470214844,47.62850633797308,47.04403645737104,47.18903630011815,38752000
2017-05-05,47.188533782958984,47.593739963256404,47.08027927035257,47.50832672091332,32310000
2017-05-08,47.60615539550781,47.72036553610699,47.04551946317826,47.04800476312628,37534000
2017-05-09,47.507835388183594,47.7804569073095,47.393128934028105,47.73725587362931,33758000
2017-05-10,47.414974212646484,47.507831992161584,47.16668667946404,47.48350181427313,22920000
2017-05-11,47.46711349487305,47.57139759499371,47.10560841482097,47.23868941405582,20622000
2017-05-12,47.429866790771484,47.570892400246365,47.27692235023578,47.56444047103576,24298000
2017-05-15,47.63247299194336,47.80528090625584,47.314665246344155,47.43732010846387,26754000
2017-05-16,47.90012741088867,47.964184504227276,47.68858897561223,47.84749284750133,22030000
2017-05-17,46.78581237792969,47.72036470195675,46.68103198240997,47.65630761234301,48982000
2017-05-18,47.199462890625,47.38220064101774,46.741122030598596,46.836961415092624,36010000
2017-05-19,47.405540466308594,47.649361297268904,47.27394836688544,47.31466788909999,27206000
2017-05-22,47.87330627441406,47.9105516736441,47.50037871127615,47.52222737543642,27748000
2017-05-23,48.195091247558594,48.39173302605479,47.89466167771871,48.16579425940525,30908000
2017-05-24,48.54567337036133,48.57099615153492,48.24872170800835,48.42897793264305,22660000
2017-05-25,49.2532958984375,49.447956275648764,48.55610479829733,48.614702568958215,39082000
2017-05-26,49.32331466674805,49.47824433371236,49.02983709738034,49.26024638861544,32728000
2017-05-30,49.467315673828125,49.539321178438854,49.228465466620754,49.28507423489885,30324000
2017-05-31,49.01642990112305,49.637645059905644,48.74778259818976,49.46930765176526,34482000
2017-06-01,49.076019287109375,49.3168585016576,48.72841446134228,49.208603983543696,26128000
2017-06-02,49.46483612060547,49.48271436903804,49.01543628397232,49.090915907520134,34710000
2017-06-05,49.850181579589844,50.02497471221807,49.431567616899976,49.55273357844312,27578000
2017-06-06,49.49264144897461,50.08505587439509,49.39928737075715,49.82187170550541,31042000
2017-06-07,49.73199462890625,49.85166788867017,49.452421103168035,49.61231758057516,27482000
2017-06-08,49.87004470825195,49.93559071184098,49.48966875851829,49.86755940807541,33758000
2017-06-09,48.17374038696289,49.93062395493144,47.34197564342895,49.93012765264671,72958000
2017-06-12,47.761085510253906,48.06846710767521,46.51915156354506,47.60764475696724,84042000
2017-06-13,48.19261169433594,48.56057248484658,47.77101615946489,48.26908392114349,40108000
2017-06-14,48.06498718261719,48.64945697091744,47.646869577049216,48.44089636467698,30110000
2017-06-15,47.680145263671875,47.704975533282926,46.69643241727006,47.07631205320229,48552000
2017-06-16,47.60267639160156,47.66872247848147,47.110075556725945,47.56741998797026,51184000
2017-06-19,48.426998138427734,48.62959935330474,48.07840069308716,48.15040241511228,29376000
2017-06-20,48.11763000488281,48.70358875444801,48.07839939128731,48.43146354794512,25946000
2017-06-21,48.594337463378906,48.64200900066004,48.140467148964284,48.207009537965774,23232000
2017-06-22,48.49651336669922,48.68918472682198,48.33214639015907,48.5089247119832,20190000
2017-06-23,48.96677017211914,48.99308934712927,48.38925238299885,48.4408981284628,31280000
2017-06-26,48.27156448364258,49.359065069678145,48.18416603105188,49.16093059165186,30358000
2017-06-27,47.07978057861328,48.02972960107417,47.030123833855164,47.750656195079486,48872000
2017-06-28,47.72135925292969,47.83209528017642,46.48736991430568,47.20740603112039,54912000
2017-06-29,46.569801330566406,47.257062550212794,46.16161732654267,47.24166960223247,64134000
2017-06-30,46.165592193603516,46.92634404803348,46.16211428898919,46.8761909965253,45754000
2017-07-03,45.6580924987793,46.392032689467364,45.4520133831645,46.34137954532232,33896000
2017-07-05,46.29370880126953,46.493828504046775,45.61687746165994,45.89346939571504,41882000
2017-07-06,46.066776275634766,46.48638286150789,45.6774630757691,45.933198961496345,40298000
2017-07-07,46.71828079223633,46.90946325905726,46.17105256814048,46.2306429416939,33266000
2017-07-10,47.22428894042969,47.33006194716031,46.774889103100755,46.774889103100755,29030000
2017-07-11,47.34992218017578,47.41745717929596,46.93230462783563,47.20045562653004,29224000
2017-07-12,48.05158233642578,48.149406927485614,47.524221373397765,47.71391113947091,32042000
2017-07-13,48.110679626464844,48.59980640307226,47.909567317126566,48.20751161942651,30492000
2017-07-14,48.51091766357422,48.542199863318615,48.17523166280488,48.36641413170419,21592000
2017-07-17,48.463741302490234,48.83070949451009,48.207509139919985,48.48161955090697,33210000
2017-07-18,49.00947189331055,49.20313584978742,48.269079865328976,48.33462585912776,28266000
2017-07-19,49.29848098754883,49.43901030087651,49.01245176107446,49.16142579010073,28242000
2017-07-20,49.26968002319336,49.5919544677151,48.89377083687307,49.50853022427339,28368000
2017-07-21,49.35161590576172,49.41468039130632,48.87142640982748,49.111273006659,29266000
2017-07-24,49.573585510253906,49.96488765818064,49.17433873721992,49.36452859177838,79690000
2017-07-25,48.1196174621582,48.5019786270156,47.859907378312386,48.20254541397949,118672000
2017-07-26,47.93489456176758,48.3639347000881,47.682636569697806,48.305837014331914,44432000
2017-07-27,47.29927444458008,48.1439506876731,46.53206682648937,48.12706504303131,74358000
2017-07-28,47.588279724121094,47.76009503516452,46.94173800020262,47.07482278877031,36276000
2017-07-31,46.951175689697266,47.730302117429886,46.76396364008721,47.67120804579541,45670000
2017-08-01,47.003807067871094,47.39759071893611,46.924357029902225,47.06587894913961,28052000
2017-08-02,47.05744171142578,47.129943523252535,46.306619661489165,47.09369072305552,40788000
2017-08-03,46.692955017089844,47.17463345963796,46.65025028683656,47.12994352013585,22478000
2017-08-04,46.965572357177734,47.05247071690164,46.66812439019673,46.874199699906896,25092000
2017-08-07,46.963584899902344,47.122988858803026,46.85185626884019,47.05147965561228,28916000
2017-08-08,46.88612365722656,47.298281898839306,46.80121049729213,46.89109046901767,30102000
2017-08-09,46.68203353881836,46.864771296221456,46.376140822674486,46.601090797455065,28018000
2017-08-10,45.8631706237793,46.49431550384399,45.77329067075242,46.429762118258715,54148000
2017-08-11,46.18595504760742,46.348333045164,45.745492416391265,45.869139889705636,32334000
2017-08-14,46.62492370605469,46.729700322419774,46.40444424532348,46.63187572699155,23012000
2017-08-15,46.58271408081055,46.83050531660814,46.511208664031344,46.72920281903163,22130000
2017-08-16,46.89009475708008,47.16966448874513,46.680041443047074,46.74012811717888,26906000
2017-08-17,46.06528091430664,46.867248566254176,46.064288309751625,46.82454383898648,33914000
2017-08-18,45.99178695678711,46.23212986131741,45.85622445091685,46.03151387078173,26748000
2017-08-21,45.72810363769531,46.094575493390245,45.615382409521395,45.97142812936667,26024000
2017-08-22,46.69792175292969,46.775386587747875,45.99129334138037,46.030523955384496,35502000
2017-08-23,46.806175231933594,46.94769715887722,46.44168854941543,46.52908321708336,22690000
2017-08-24,46.523624420166016,46.99139502641035,46.21822801645856,46.862288232643536,25892000
2017-08-25,46.20631408691406,46.71430792359812,46.18645062849384,46.638828297028184,23746000
2017-08-28,46.088623046875,46.422320034160585,45.98831315663476,46.2748386953657,20988000
2017-08-29,46.467010498046875,46.58817645136603,45.650642480001785,45.682424769489444,23172000
2017-08-30,46.85831069946289,46.96904672291328,46.38259171295649,46.4630381436228,22406000
2017-08-31,47.43484115600586,47.5321694518467,46.98841910804517,46.990900619675216,33866000
2017-09-01,47.2734489440918,47.58827887269883,47.18853578897905,47.54557414399536,20858000
2017-09-05,46.751548767089844,47.2436533044478,46.4595601242272,47.018703353641236,29148000
2017-09-06,46.77836608886719,46.90151346220583,46.314562128280734,46.87023126372384,27830000
2017-09-07,47.16916275024414,47.19945612924704,46.555396008702765,46.889096748567006,22332000
2017-09-08,46.748077392578125,47.20939609939607,46.678557179463546,47.159739345538156,19998000
2017-09-11,46.8414306640625,47.30771234839716,46.727713034004736,47.03559093934336,26748000
2017-09-12,47.00828170776367,47.07978712707591,46.55391504232252,47.02168944745563,25696000
2017-09-13,47.19648361206055,47.3161606672784,46.91343595393963,46.95117766225836,21908000
2017-09-14,46.68451690673828,47.07681170539086,46.59662214079876,46.97600550142022,28548000
2017-09-15,46.44416427612305,46.76495358485173,46.2435483033205,46.68252195045448,39886000
2017-09-18,46.1690673828125,46.522131537880455,45.95305843499129,46.4302663602677,29474000
2017-09-19,46.52212905883789,46.57576001334915,46.015624170347266,46.35081384747561,24854000
2017-09-20,47.0524787902832,47.17463736340538,46.55391845072899,46.565340981989486,40080000
2017-09-21,47.05297088623047,47.31367356396197,46.64727216295322,47.0817753629833,27414000
2017-09-22,46.83993911743164,47.174632508909085,46.71976955465617,46.8156089389221,21496000
2017-09-25,46.39401626586914,46.66564137393258,45.90885993792353,46.650744728026176,37468000
2017-09-26,46.55043029785156,46.880653141326654,46.435723862415706,46.51368498896058,33454000
2017-09-27,47.66624069213867,47.940847407459586,46.77488933609088,46.81411994929878,46692000
2017-09-28,47.910057067871094,47.978084573949374,47.45022734548085,47.48498744618636,28018000
2017-09-29,48.35251235961914,48.456296375608446,47.96915479920715,47.96915479920715,40622000
2017-10-02,48.042144775390625,48.55212753836745,47.76803439164116,48.44834353996474,30782000
2017-10-03,48.27106857299805,48.28894682091177,47.805779499195125,48.046614918060875,21666000
2017-10-04,48.00788497924805,48.38627569519033,47.94978351424919,48.2551799079345,21156000
2017-10-05,48.92207717895508,48.9876269663219,48.1811887921982,48.30632516237078,35618000
2017-10-06,49.341678619384766,49.37246830074749,48.5903603850542,48.664351092204924,31060000
2017-10-09,49.275638580322266,49.6803446567023,49.235415366099424,49.40921587024118,25910000
2017-10-10,49.05168533325195,49.531874855580924,48.71947724434681,49.42411663973674,23268000
2017-10-11,49.93806838989258,50.03341146107639,49.058632175522916,49.113255731126834,36300000
2017-10-12,49.93806838989258,50.230549532643174,49.71212584521881,49.848188431982514,30614000
2017-10-13,50.04831314086914,50.39045106261792,50.00808992348855,50.10988872268009,26552000
2017-10-16,50.12180709838867,50.25339919835815,49.73299021499581,50.13571114073588,21420000
2017-10-17,50.20374298095703,50.38052511472419,49.95794072561406,50.0269646357573,20260000
2017-10-18,50.29014205932617,50.46741668296336,49.921681194296724,50.20622151333141,25596000
2017-10-19,49.74887466430664,50.02099985703391,49.52343219453957,49.8933781880161,34284000
2017-10-20,49.90927505493164,50.08704599937899,49.77023084564916,50.0075959540706,32120000
2017-10-23,48.93946075439453,49.945026046966035,48.81829479847159,49.914732663701706,32786000
2017-10-24,49.08594512939453,49.12418313466014,48.51935359055698,48.987127940120494,28902000
2017-10-25,49.233436584472656,49.38091793397652,48.551142126082816,48.9757117138731,30574000
2017-10-26,49.2314453125,49.98077843539963,49.184270074131916,49.581531650167925,47396000
2017-10-27,51.32947540283203,52.81671915202787,50.99081158756672,51.19639440095461,103682000
2017-10-30,51.30266189575195,51.63536628294803,50.766359911617705,51.10552001718339,46804000
2017-10-31,51.29819107055664,51.69346364127679,50.963497687685155,51.296205861398875,30326000
2017-11-01,51.77292251586914,52.034121511120055,51.34586761417104,51.461074162189504,43262000
2017-11-02,51.79128646850586,51.91791553077604,51.080687694102885,51.6433088313825,26694000
2017-11-03,52.13988494873047,52.17315614450701,51.52711074940399,51.78036509056483,27770000
2017-11-06,51.77688980102539,52.26899816486857,51.743122301260705,52.095693945275194,18294000
2017-11-07,52.259063720703125,52.30971686383812,51.79278202702454,52.123001119166084,26104000
2017-11-08,52.55204772949219,52.77053819847026,51.993897041239954,52.142867298920365,24276000
2017-11-09,52.027164459228516,52.184079331287855,51.43772782444152,52.04106850047768,35892000
2017-11-10,51.84988784790039,51.97303901427993,51.704391711998106,51.83598380616616,19442000
2017-11-13,51.703399658203125,52.077816184401904,51.60706396965148,51.68353620000444,18814000
2017-11-14,51.725242614746094,51.75801750658367,51.113957353158646,51.53058604988484,21012000
2017-11-15,51.465538024902344,51.62543450584793,51.18497188835677,51.39552151348533,18106000
2017-11-16,52.06440353393555,52.227777904926825,51.544490919324424,51.58173253207966,23768000
2017-11-17,51.43971252441406,52.190038230718805,51.33245440236815,52.130451647993425,26712000
2017-11-20,51.37864303588867,51.579259050868096,51.28031834348671,51.44518164694156,17526000
2017-11-21,52.15528106689453,52.15975157627767,51.601104600345096,51.645794539907406,22206000
2017-11-22,52.23572540283203,52.41002222182036,52.003823420762416,52.19798369716838,14538000
2017-11-24,52.464149475097656,52.64043529180731,52.2357253976681,52.358380258212144,16492000
2017-11-27,53.233341217041016,53.28449066074243,52.377246298566796,52.56594724604327,35430000
2017-11-28,52.800331115722656,53.630106864905066,52.36582793510421,53.33166628219338,36424000
2017-11-29,51.51370620727539,52.57588029522122,51.12985235916925,52.44726601324541,55866000
2017-11-30,51.453617095947266,51.84938975798792,51.15070979064753,51.640829139164985,45092000
2017-12-01,50.90242385864258,51.50675336995166,50.4967213494707,51.16759325540741,37762000
2017-12-04,50.24694061279297,51.213775380227396,50.11534852033116,51.03798586303307,38778000
2017-12-05,50.630794525146484,51.478944849746625,49.77271436595063,50.20324335245284,38998000
2017-12-06,51.28229904174805,51.62294803363689,50.417759443215466,50.47784611408636,28710000
2017-12-07,51.87074279785156,52.08675174240578,51.4133983373536,51.44865474324005,30866000
2017-12-08,52.109596252441406,52.45918249383802,51.934799343175996,52.230262114856416,31170000
2017-12-11,52.23821258544922,52.43833229966285,51.84840308343956,52.19550785222034,23254000
2017-12-12,52.07930374145508,52.76110186689817,51.88563976474666,52.14038302140525,33882000
2017-12-13,52.209407806396484,52.41250531878568,51.97055379643362,52.243671608479154,27680000
2017-12-14,52.511322021484375,52.98852991159332,52.31914696411874,52.41300113259816,30962000
2017-12-15,53.232845306396484,53.39423447521856,52.64142725460796,52.824661301183696,63760000
2017-12-18,53.882869720458984,53.952389932484444,53.15191110096207,53.45382582665804,30292000
2017-12-19,53.619178771972656,53.876903615370104,53.24625118498767,53.780071632886745,26350000
2017-12-20,53.3103141784668,53.69118640544104,53.064011854629115,53.675793457342955,28728000
2017-12-21,53.175743103027344,53.50695859741206,53.083877923641126,53.40118937611114,25640000
2017-12-22,53.07692337036133,53.218941596613945,53.01634039388996,53.13353213994642,17788000
2017-12-26,52.927452087402344,53.07692242246825,52.569421137291236,53.06599619515144,18376000
2017-12-27,52.64688491821289,53.04762437647613,52.55650865349434,52.96469643439168,22324000
2017-12-28,52.43584442138672,52.87729962240284,52.30822275097462,52.748685347417684,19884000
2017-12-29,52.30921173095703,52.540121089472976,52.27445163047329,52.41299951872294,23606000
2018-01-02,53.292930603027344,53.43048210425983,52.290346969646514,52.290346969646514,31766000
2018-01-03,54.20216369628906,54.429595175331535,53.30386031030047,53.32868679132137,31318000
2018-01-04,54.41270446777344,54.8258552622725,54.338221243074656,54.478750554048816,26052000
2018-01-05,55.13422775268555,55.29760211686286,54.71263604418541,54.79457137739652,30250000
2018-01-08,55.328887939453125,55.57469395519942,55.11983102363961,55.16948777135291,24644000
2018-01-09,55.25837707519531,55.5389432030721,55.030449299116086,55.5389432030721,26808000
2018-01-10,55.12678527832031,55.25788106765144,54.82089636607006,54.97085921984269,20734000
2018-01-11,55.22163391113281,55.36067433046023,54.94504197942064,55.23454534843711,22424000
2018-01-12,56.145259857177734,56.177534659556635,55.02101396193982,55.12479796667836,38586000
2018-01-16,56.147743225097656,57.05051709977311,55.94712722945501,56.62495114176238,36462000
2018-01-17,56.56486892700195,56.575791366189605,55.78971292715813,56.428806325203404,27830000
2018-01-18,56.40943908691406,56.63885577232393,55.83788068830661,56.57728018999437,27498000
2018-01-19,56.78335952758789,56.797263569183215,56.23712769838544,56.51173441417679,30552000
2018-01-22,57.80928421020508,57.94435420687602,56.699934914928505,56.79925220323572,29550000
2018-01-23,58.40566635131836,58.52186548948102,57.96272225306838,58.13006704560148,39138000
2018-01-24,58.16334533691406,58.9459497156004,57.97017764820767,58.843158303476095,37128000
2018-01-25,58.70212173461914,58.84414374542783,58.19065003650471,58.631112623498296,29984000
2018-01-26,58.97126770019531,58.97126770019531,58.00145891691538,58.96977879330763,42170000
2018-01-29,58.91763687133789,59.489691531734586,58.79746352899024,58.99311648986224,31494000
2018-01-30,58.46525955200195,58.98964271166472,58.32323753435696,58.482641498195434,37338000
2018-01-31,58.70610046386719,58.90969806967231,58.203565956572426,58.785054206051385,36022000
2018-02-01,58.67481231689453,58.96580837065409,58.067501215152404,58.396731488528694,73514000
2018-02-02,55.57668685913086,56.17754230335684,55.17793633824946,55.9848709131568,117842000
2018-02-05,52.755638122558594,55.36762405397603,52.47507578397444,54.653547344759666,83550000
2018-02-06,53.85009002685547,53.996578761390936,51.147727863410985,51.344869739743885,76630000
2018-02-07,52.409027099609375,53.95436839993548,52.369796488951565,53.87690357172494,51942000
2018-02-08,50.04036331176758,52.83210511080701,49.8908929877317,52.63049653114084,66792000
2018-02-09,51.95515823364258,52.22579073196447,49.50853194425247,50.94264095935419,98360000
2018-02-12,52.3668212890625,52.91354941138,51.916428851689155,52.471597901569,56240000
2018-02-13,52.34596252441406,52.69753774722236,51.987435281283844,52.14037972836594,31586000
2018-02-14,53.267608642578125,53.405160155714356,52.130455011766124,52.35490489317309,41304000
2018-02-15,54.194217681884766,54.33028028169146,52.99598103659152,53.80142661926968,37396000
2018-02-16,54.39979934692383,55.03591111993563,54.20365007659564,54.29452264580204,39948000
2018-02-20,54.8015251159668,55.43217374635357,54.12667906442977,54.263734259657916,33754000
2018-02-21,55.30604553222656,56.42085787002624,54.99618243195606,55.0751399552506,41486000
2018-02-22,55.114864349365234,55.88753501449216,54.8789919557152,55.575190395688715,28010000
2018-02-23,56.01813507080078,56.06332509859273,55.042366895248946,55.5498643946512,25292000
2018-02-26,56.79328918457031,56.81811566364694,56.0802051174554,56.205341483074385,30912000
2018-02-27,55.492759704589844,56.82060321393675,55.45700699707799,56.79329143387391,42964000
2018-02-28,54.81791687011719,55.99629011248413,54.7722343255836,55.71572397232992,49292000
2018-03-01,53.20354461669922,55.18289271299136,52.9989544317525,55.096986960543916,55338000
2018-03-02,53.835689544677734,53.972248444556826,52.14584466787732,52.53664672639384,50162000
2018-03-05,54.36305236816406,54.68185272053652,53.24625474168803,53.53725079941223,28648000
2018-03-06,54.66794967651367,54.90283326979053,54.350141922947074,54.727540051020135,23382000
2018-03-07,55.37010192871094,55.42770708809224,54.12220861613932,54.26671213400329,30748000
2018-03-08,56.08219909667969,56.18449041281136,55.47736948722941,55.47736948722941,33862000
2018-03-09,57.6444206237793,57.652365249089435,56.32601441041463,56.58472808384261,42662000
2018-03-12,57.89717483520508,58.504485897434854,57.56297777204632,57.85347371604288,44306000
2018-03-13,56.6050910949707,58.49654850670492,56.339921687891135,58.19015948668351,43140000
2018-03-14,57.05101776123047,57.590793905417605,56.72625797280537,56.897576991862344,41870000
2018-03-15,57.13642120361328,57.72685043207554,56.39404391736325,57.08477924645605,33382000
2018-03-16,56.33247375488281,57.444304627482474,56.180521893914985,57.371806601864634,58656000
2018-03-19,54.62673568725586,55.58512193678122,54.07305175559994,55.50517559322201,63656000
2018-03-20,54.41469955444336,54.89885951199781,53.75027956495933,54.54380635074635,54598000
2018-03-21,54.3253173828125,55.05528339518891,53.98814246134083,54.254308264032936,44898000
2018-03-22,52.29680252075195,53.8247618862158,52.12250192039963,53.63060161783368,69312000
2018-03-23,50.975914001464844,52.9736368425676,50.892489752103316,52.20841446588547,49880000
2018-03-26,52.34347915649414,52.600707706466125,50.182882086302634,52.17017494431789,65984000
2018-03-27,50.002132415771484,52.862406005385694,49.53932482421722,52.83062371439159,60816000
2018-03-28,49.914730072021484,50.89844664652213,48.86298598855993,49.752352090618935,77698000
2018-03-29,51.50178146362305,52.04354652229107,49.858119315560096,50.21416503897661,69338000
2018-04-02,50.2846794128418,51.620467506554554,49.37197574603803,51.02904568382517,65068000
2018-04-03,50.58510971069336,50.89894704869862,49.52095040747162,50.45947703045491,51322000
2018-04-04,51.13283157348633,51.28329451593086,49.484202502071994,49.56961195881301,50724000
2018-04-05,51.27832794189453,51.97700791289334,50.84928786990736,51.96111866239519,35836000
2018-04-06,50.15160369873047,51.44517971547894,49.96786954744196,50.80459738044142,40134000
2018-04-09,50.655128479003906,51.8717359050067,50.610931054218156,50.652643178930234,33220000
2018-04-10,51.470008850097656,51.70389605094467,50.422731409142926,51.16014572107723,36620000
2018-04-11,50.90192413330078,51.43872243779296,50.610931860284275,51.24654736424903,34060000
2018-04-12,51.50923156738281,51.87471083487985,50.95108472637966,51.22022831284015,32896000
2018-04-13,51.44715881347656,52.288357056037405,51.15467765941173,51.985946068099906,25410000
2018-04-16,51.94672393798828,52.21139705413696,51.341894286241654,51.919412154671186,29776000
2018-04-17,53.59832763671875,53.878397473681886,52.49245621027263,52.69655011878857,54584000
2018-04-18,53.40118408203125,53.72941794142682,53.159352279439574,53.58094400447407,31126000
2018-04-19,54.099369049072266,54.499608420937356,53.08486657852938,53.08486657852938,39884000
2018-04-20,53.49702835083008,54.362556847641656,53.23781457958176,53.84214788447324,42434000
2018-04-23,53.32272720336914,54.02737039628368,52.96867044312873,53.778086462294134,69590000
2018-04-24,50.7817497253418,52.85991504987942,50.296100913555826,52.59722718781118,128220000
2018-04-25,50.79913330078125,51.448652805436495,50.5021778417112,51.134815491787386,57860000
2018-04-26,51.808170318603516,52.24068826273748,50.67299824931018,51.30712477756076,50926000
2018-04-27,51.21923065185547,52.22479586199621,51.027555687641446,51.91890697201854,40746000
2018-04-30,50.58014678955078,51.562867052071844,50.56624274753138,51.366721556848404,34492000
2018-05-01,51.68104934692383,51.729713492049775,50.18437210315958,50.466923441695464,35326000
2018-05-02,50.951087951660156,51.84144670991521,50.80757702556829,51.345864232563656,34698000
2018-05-03,50.96349334716797,51.1814912678133,50.04930081930993,50.91731450678032,39282000
2018-05-04,52.19003677368164,52.23373789350288,50.55382290019797,50.63128772871854,36892000
2018-05-07,52.61013412475586,52.88523709697885,52.153782339712755,52.333542245874604,34400000
2018-05-08,52.56693649291992,52.89666303909241,52.22181699981872,52.86636965891966,26030000
2018-05-09,54.07454299926758,54.325315845516826,52.741736391339906,52.84055738060697,47160000
2018-05-10,54.8948860168457,55.09053900023519,54.31935717435664,54.37497334297886,36414000
2018-05-11,54.79110336303711,55.070676908621735,54.48521442802203,54.64362200977643,30504000
2018-05-14,54.95100021362305,55.524543825293904,54.86161654761153,54.89985076782042,39338000
2018-05-15,53.87194061279297,54.579561619207226,53.56952581236141,54.46932189052054,35738000
2018-05-16,53.83320999145508,54.34418924040686,53.71105521051915,53.88287053385213,25628000
2018-05-17,53.69268035888672,54.17634403368262,53.45233742849618,53.702613982737724,25738000
2018-05-18,53.115657806396484,53.31875911494589,52.8693592526069,52.93490525680794,35482000
2018-05-21,53.8292350769043,54.29055374492948,53.53079448794665,53.58045123762888,25180000
2018-05-22,53.397212982177734,54.21606630323532,53.24575743425965,54.116752804645515,22226000
2018-05-23,53.92607116699219,54.02737367181847,52.98257769698878,53.133536955274714,23740000
2018-05-24,53.90074157714844,53.98366952524101,53.24774791799139,53.97274708591757,20604000
2018-05-25,53.83271026611328,54.10533177535372,53.75921963900276,53.955365130156125,22224000
2018-05-29,53.037689208984375,53.69664600602487,52.78989799449124,53.431472846847164,36076000
2018-05-30,53.50447463989258,53.57995426234568,52.96221324144176,53.30634015738228,28686000
2018-05-31,54.62325668334961,55.11983174410734,53.53079306510944,53.72942005855889,79368000
2018-06-01,56.361270904541016,56.5181895675051,55.21964302109908,55.26235153862954,63202000
2018-06-04,57.2570915222168,57.496441824139715,56.46058318094902,56.53507019815633,44754000
2018-06-05,57.15678405761719,57.657333349012276,56.98000572195679,57.337540388872256,32964000
2018-06-06,56.95467758178711,57.3400203215828,56.42682031231062,57.24368463663388,34934000
2018-06-07,56.33247375488281,56.901050583407496,55.9203155082814,56.836993485939566,36108000
2018-06-08,56.247554779052734,56.54897316961846,55.77679880926231,56.17306776325444,27284000
2018-06-11,56.65424728393555,56.99390747701788,56.182502488140315,56.258974714670835,24796000
2018-06-12,57.01625442504883,57.044062508388954,56.66020866698051,56.66020866698051,26092000
2018-06-13,56.819610595703125,57.386205994077834,56.777402167086755,57.219353700325605,34302000
2018-06-14,57.60816955566406,57.90015441535998,57.135924677487125,57.215874807163566,35422000
2018-06-15,57.56645965576172,57.79686894469169,57.28937143086144,57.59873445939219,44438000
2018-06-18,58.77362823486328,58.80094001304921,57.15578518117052,57.23970572474057,33038000
2018-06-19,58.53081512451172,58.73540156067979,57.682664718938064,58.10475281804588,47282000
2018-06-20,58.79796600341797,59.663001999379034,58.696667290776475,58.75973178216066,51686000
2018-06-21,58.071475982666016,59.10881977379724,57.77551690309091,58.86947325360065,44966000
2018-06-22,58.06402587890625,58.34756981513518,57.58532527605931,58.173272998773406,34220000
2018-06-25,56.57380676269531,57.40358254449578,55.611442493783244,57.35442209620706,57682000
2018-06-26,56.24308776855469,56.95070499123789,56.06332783032958,56.815142478390754,34688000
2018-06-27,55.46446228027344,56.917938644881524,55.45254344675141,56.41093359208918,34538000
2018-06-28,55.95309066772461,56.3116179560063,54.92468404426934,55.238517602814795,29726000
2018-06-29,56.07276153564453,56.67709484019678,55.96500710597914,56.22769499324829,31562000
2018-07-02,56.71433639526367,56.75803751842146,54.9510008115559,55.38550401161837,23216000
2018-07-03,55.43168258666992,57.10166407675513,55.33981740859035,57.07733389803412,16448000
2018-07-05,56.67361831665039,56.815144038212864,55.77134069603051,55.844835113864065,28594000
2018-07-06,57.358394622802734,57.414010788010465,56.47250260924555,56.69745257010211,21820000
2018-07-09,57.96421432495117,57.99649291747193,57.46515773375603,57.60270924298741,21584000
2018-07-10,57.95726013183594,58.273082658697575,57.72982866294087,58.098785842752704,21334000
2018-07-11,58.171783447265625,58.617705362930295,57.37279360508707,57.38520495065229,33252000
2018-07-12,59.651580810546875,59.68782982335083,58.25322437483113,58.34062283599067,44148000
2018-07-13,59.808494567871094,60.10743145334592,59.355120533932975,59.72804813448699,32612000
2018-07-16,59.415706634521484,60.02152885106319,59.261269477937034,59.77820432896544,26784000
2018-07-17,60.238529205322266,60.52058424508917,58.695173006314576,58.7319221081929,40162000
2018-07-18,60.23008728027344,60.661112563929755,59.81544754950289,60.012585640696145,38948000
2018-07-19,59.54431915283203,60.407366119256885,59.47628785220785,59.91923197114627,38338000
2018-07-20,59.48373031616211,60.12381625317306,59.419669440239254,59.55126530783523,37938000
2018-07-23,60.1352424621582,60.33884006696403,59.19224533856686,59.3734979736454,65446000
2018-07-24,62.47659683227539,63.31332465557816,61.78089463877043,63.11469385972955,107600000
2018-07-25,63.36000442504883,63.47421457687778,62.02471249104202,62.20199092382023,51104000
2018-07-26,63.83472442626953,63.92907489845586,62.717430559685354,62.92499856764167,54686000
2018-07-27,62.215396881103516,64.12969172230792,61.79827183744187,64.0144889691298,48362000
2018-07-30,61.08072280883789,62.21539873641477,60.78923422389018,61.826081764816344,43896000
2018-07-31,60.9406852722168,61.63539481960726,60.39296455080471,61.163646234061574,39382000
2018-08-01,61.227210998535156,61.86828580357069,60.827467917898836,61.53111469719147,36994000
2018-08-02,61.63142013549805,61.79429821059289,60.485821861833074,60.50767052807498,34704000
2018-08-03,61.48394012451172,61.89907615777278,61.04993323831139,61.832533764473176,21264000
2018-08-06,61.4596061706543,61.69746757021017,61.105053114502475,61.655259143661176,22114000
2018-08-07,62.36187744140625,62.87037129491698,62.161261465717786,62.17168760144371,42506000
2018-08-08,62.63450622558594,63.1504446729851,62.17715796998037,62.40558205234776,34344000
2018-08-09,62.7899284362793,63.16235972430303,62.57342319929309,62.70402268009503,27326000
2018-08-10,62.1965217590332,62.62804711722645,61.93085607544042,62.52773722882341,26602000
2018-08-13,62.00434494018555,62.86491033222362,61.9243986016627,62.1314703021955,27500000
2018-08-14,62.47610092163086,62.59775939606825,61.55247093542663,62.1960310809861,28080000
2018-08-15,61.18897247314453,62.170203767134936,60.89202079763251,61.787842635597315,37052000
2018-08-16,60.78376388549805,61.75903951359976,60.56378074725356,61.67412257464149,32176000
2018-08-17,60.37607955932617,60.927278191280145,59.78763931247009,60.683461164968854,33092000
2018-08-20,60.67898941040039,60.87563498332218,60.02102897018602,60.6149323186566,22218000
2018-08-21,60.45354080200195,61.21578530932155,60.335356457353775,60.732121703770495,23082000
2018-08-22,60.66905975341797,60.90642105715929,60.24547901274251,60.29513576126031,22296000
2018-08-23,60.6397590637207,61.33546121196604,60.54987909854594,60.57619827398301,24666000
2018-08-24,61.41392517089844,61.44619997520723,60.652673201303166,60.880104681225795,24454000
2018-08-27,62.38323974609375,62.46269358086583,61.609080102227516,61.78089542078315,28580000
2018-08-28,61.866302490234375,62.397637676874744,61.72279156401181,62.36486278187075,27330000
2018-08-29,62.79936218261719,62.92450233883406,62.21092195787059,62.3201690755682,36926000
2018-08-30,62.292362213134766,63.03970631773306,61.93333865538568,62.737291529043084,30104000
2018-08-31,61.168121337890625,62.19851316116859,60.867691733611835,62.18163130494511,42308000
2018-09-04,60.150638580322266,60.97296987986146,59.91476615856009,60.70730037499227,41458000
2018-09-05,59.54431915283203,60.327415986324205,58.36445325703717,60.0468498561786,53988000
2018-09-06,58.79399108886719,59.53885367290561,57.781970124505285,59.517997611478144,46854000
2018-09-07,58.47618103027344,59.02042760342463,58.06303023639028,58.19859273599347,32658000
2018-09-10,58.350547790527344,58.92657668285312,58.12957203875361,58.80441812609223,27670000
2018-09-11,59.09193801879883,59.13911325741079,57.89817186389085,58.15390772614469,29254000
2018-09-12,58.17873764038086,59.12669776184592,57.90859764733108,58.695172384751274,35716000
2018-09-13,58.70212173461914,58.98616575623651,58.060546857451136,58.58095957366541,40068000
2018-09-14,58.495548248291016,58.99311971042389,58.274076191844806,58.99311971042389,24176000
2018-09-17,57.594268798828125,58.6862361655645,57.526237497095515,58.48512386277596,34096000
2018-09-18,57.955772399902344,58.66190448481452,57.67371736548634,57.73479664478969,32314000
2018-09-19,58.31132125854492,58.41063475634106,57.53418006773367,58.04764077738549,25962000
2018-09-20,59.17039489746094,59.2910645497922,58.40964303637576,58.62912988571047,29244000
2018-09-21,58.20455551147461,59.41917769599644,58.201577697745954,59.33674605336531,91222000
2018-09-24,58.57400894165039,58.853578672277656,57.18061943196869,57.57341048981935,31150000
2018-09-25,59.28559875488281,59.43308009027321,58.30237848657922,58.80690195128173,33152000
2018-09-26,59.29404830932617,59.94853471601784,58.86401558601163,59.27567754536811,37650000
2018-09-27,59.95448684692383,60.42623164142763,59.49217558442596,59.589007570184826,36274000
2018-09-28,59.94058609008789,60.00861739270327,59.481252616139386,59.79210834988635,35612000
2018-10-01,60.01259231567383,60.79072620735744,59.74742289483192,60.23456448916691,33164000
2018-10-02,59.9683952331543,60.806615758270944,59.57213003168729,59.92022738792793,40180000
2018-10-03,60.161563873291016,60.29315597355086,59.69577466506429,60.1849014485084,26246000
2018-10-04,58.45036315917969,59.88198692902698,57.79389160215675,59.83878589735669,46576000
2018-10-05,57.99152755737305,58.69517437196721,57.320655638422835,58.39723007441471,31852000
2018-10-08,57.40010452270508,58.390273019094934,56.38113155167689,57.6027057183166,46190000
2018-10-09,56.86628723144531,57.6796774498576,56.81663048146986,57.17118354063311,33690000
2018-10-10,54.23394775390625,56.46158368014609,54.201669160103364,56.43079399331088,58980000
2018-10-11,54.163429260253906,55.4207600049258,53.42601496027823,53.58243732347526,67696000
2018-10-12,55.64322280883789,55.90591068506979,54.37645857421164,55.598529082892036,49370000
2018-10-15,54.74442672729492,55.705794631671345,54.53486970223227,55.517097458361356,30074000
2018-10-16,56.26593017578125,56.429304564006266,55.20673768076935,55.292643444584535,38378000
2018-10-17,55.99331283569336,56.95716225236894,55.3184667013269,56.6095611990299,35652000
2018-10-18,54.519474029541016,56.229678702436445,53.94493782172068,56.11298325717906,46152000
2018-10-19,54.88048553466797,55.66358619144851,54.47577940620576,54.807491207818124,41286000
2018-10-22,55.187862396240234,55.70032670121513,54.62325604352703,55.24447116448159,27116000
2018-10-23,55.363651275634766,55.517095825368735,53.58094854519631,54.19074117141181,37686000
2018-10-24,52.49393844604492,55.44856214064187,52.39164335362954,55.368115713015186,49286000
2018-10-25,54.8015251159668,55.50814966644162,53.40912828709078,53.645000672089374,72956000
2018-10-26,53.81632614135742,55.46743682357767,51.75454612630108,52.057457238578884,106438000
2018-10-29,51.382118225097656,55.06174175768118,50.01504771025178,54.45144898303669,81290000
2018-10-30,52.116050720214844,52.1850746277313,50.35122620654891,50.65115571345679,59768000
2018-10-31,54.15548324584961,55.020519198863425,53.044148755900416,53.044148755900416,70916000
2018-11-01,53.92705535888672,54.6182869579438,53.52184919136238,54.19619893653242,40132000
2018-11-02,53.207523345947266,54.523944344918306,53.01733348728428,54.077026023028715,43438000
2018-11-05,52.4249153137207,53.29988104253075,51.345859487915234,53.25916152587014,45358000
2018-11-06,53.112186431884766,53.62117669678235,52.319652192670546,52.389668709991646,28660000
2018-11-07,55.03243637084961,55.116356924335314,53.65940655409338,53.803413784401044,43388000
2018-11-08,54.35659408569336,55.03144016270578,53.84661129098667,54.98575762161647,33694000
2018-11-09,53.48212814331055,54.04474549675003,52.84849789006453,53.829729165357584,34860000
2018-11-12,52.10860061645508,53.337130656375315,51.66118977724127,53.28896281345424,34002000
2018-11-13,52.039581298828125,52.96817813538152,51.66367584312684,52.37924152927776,25750000
2018-11-14,52.36781692504883,52.92447870260061,51.69893020551954,52.63696053800622,34666000
2018-11-15,53.185672760009766,53.57399330003422,51.707862643052565,52.21288241227538,41584000
2018-11-16,53.04762268066406,53.254694378119986,52.383699074374555,52.896663446589216,35366000
2018-11-19,51.01911163330078,53.03421628635743,50.79317286728606,52.805292129601725,45684000
2018-11-20,51.169578552246094,51.512216572083716,49.767251759578734,50.01950971969448,54458000
2018-11-21,51.81413650512695,52.374272396289506,51.61699461554681,51.90749059270372,29698000
2018-11-23,51.152198791503906,51.79278108355172,51.073737566730806,51.321032496032565,14178000
2018-11-26,52.43534469604492,52.487979254950346,51.632380688800154,51.842433987868205,31558000
2018-11-27,52.25360107421875,52.97264461056947,51.91692626059895,52.206925926200434,33048000
2018-11-28,54.21556854248047,54.268703194965866,51.790294631860775,52.510827039531904,46042000
2018-11-29,54.3541145324707,54.630706454635245,53.72942148312216,53.80539740881542,31004000
2018-11-30,55.102455139160156,55.102455139160156,53.78802303845901,54.40626041290789,59668000
2018-12-03,55.43565368652344,56.36126880199864,55.20573692020723,56.22024318350778,57532000
2018-12-04,52.75960922241211,55.33037918066073,52.67568867692584,55.268307300508724,45630000
2018-12-06,53.534767150878906,53.60130954715465,51.766961025816045,51.892097404146035,47436000
2018-12-07,51.970550537109375,53.87988222444343,51.6125195900565,53.2442667619824,42682000
2018-12-10,52.29829406738281,52.617094416433666,51.29620668889493,51.78980016082642,33652000
2018-12-11,52.71889877319336,53.15340200899371,52.1453551081077,52.98158668178614,33852000
2018-12-12,53.318756103515625,54.21258896587803,53.23135764761644,53.48510829910612,28960000
2018-12-13,53.30931854248047,54.048225524488295,52.884748976627556,53.415091548646906,24986000
2018-12-14,52.22529602050781,53.21894247261031,52.10909687711849,52.63795054423084,36358000
2018-12-17,50.93122100830078,52.755139431940876,50.48331010286404,51.99190231023876,49932000
2018-12-18,51.813140869140625,52.62156426154026,51.17106588133121,51.34586279057288,43640000
2018-12-19,51.41836166381836,53.417077103456265,50.622353392626295,52.00580931223964,58264000
2018-12-20,50.82843017578125,52.01325904147724,50.047814888760385,50.94859973237818,53674000
2018-12-21,49.22300338745117,51.52810399378867,48.72345050801858,51.24853426247188,104656000
2018-12-24,48.89625930786133,50.259355463309994,48.5481581801127,48.878877361733565,36360000
2018-12-26,52.03361892700195,52.063412217943515,49.292522503368225,49.55769567387593,46318000
2018-12-27,52.284393310546875,52.30624197870864,50.0051116063417,50.958538688173235,45996000
2018-12-28,51.975521087646484,52.847009005559165,51.74312279410953,52.61212920045971,34398000
2018-12-31,51.890113830566406,52.785439451767516,51.298195632146374,52.529203482080625,33110000
2019-01-02,52.372779846191406,52.67618723970318,50.91284795002421,51.00819102881696,31868000
2019-01-03,50.92228317260742,52.94781410192929,50.76834611045528,52.17365449331464,41960000
2019-01-04,53.53426742553711,53.63010680671193,51.48788049970331,51.77092813408494,46022000
2019-01-07,53.42750549316406,53.76418029371647,52.768052356043505,53.678274535580336,47446000
2019-01-08,53.89677047729492,54.29303566168356,53.05159796752543,53.9280526765157,35414000
2019-01-09,53.712039947509766,54.20811868793683,53.35053110390623,54.026869858152644,26998000
2019-01-10,53.5720100402832,53.62067418512617,52.86935585954434,53.3788423677952,26598000
2019-01-11,52.85892105102539,53.30087252070798,52.45967430613802,53.12856092621398,30864000
2019-01-14,52.21536636352539,52.55998958791349,52.068381322887504,52.30623893575367,28490000
2019-01-15,53.95337677001953,54.040775222324044,52.36086020539616,52.53813862139533,37518000
2019-01-16,54.10234451293945,54.74044524745018,54.027861289007085,54.12667847770637,38280000
2019-01-17,54.579559326171875,54.65801676123475,53.79198821900565,54.02687179904467,24896000
2019-01-18,54.98575973510742,55.517094913944106,54.58750555498726,55.04981682869067,44892000
2019-01-22,53.562076568603516,54.57211235808889,53.17772643171997,54.42462722769224,39632000
2019-01-23,53.84910202026367,54.27317531205304,53.0128704811543,53.97076049657529,25194000
2019-01-24,53.828739166259766,54.02736995500105,53.13452590455034,53.754748449211625,29114000
2019-01-25,54.6982421875,54.79010736506848,54.21606745084884,54.33673331630397,23260000
2019-01-28,53.6231575012207,54.29402941484541,53.36245482221904,54.13016251506108,29334000
2019-01-29,53.13650894165039,53.86498597516775,52.935892951906915,53.6817481423739,19704000
2019-01-30,54.5234489440918,54.599424870640824,53.463260088524166,53.49901279715303,29452000
2019-01-31,55.90888977050781,55.99728083126573,54.88396111554397,55.23106585154242,40232000
2019-02-01,55.54787826538086,56.331475152825305,55.33087672539167,55.73011970324705,33116000
2019-02-04,56.68007278442383,56.7257591169716,55.49276232616493,55.56724934699765,78408000
2019-02-05,57.19898986816406,57.24368359376726,55.795174229865374,56.09460741599528,82296000
2019-02-06,55.75991439819336,57.304759350353756,55.534964454280875,57.069879572788025,48256000
2019-02-07,54.9167366027832,55.218651312777254,54.304954980209146,55.21021038502046,38298000
2019-02-08,54.7414436340332,54.87651363302211,54.33723381881599,54.36901232076592,21766000
2019-02-11,54.72853469848633,55.29016329647102,54.623261775972615,54.80947744111797,18498000
2019-02-12,55.99281311035156,56.25500468557506,55.1699855860319,55.1699855860319,35036000
2019-02-13,56.04494857788086,56.751080622973284,55.91434909906859,56.26393911146713,28042000
2019-02-14,56.0732536315918,56.41738053460743,55.47190197457435,55.864693020238974,21106000
2019-02-15,55.59803009033203,56.57479462132008,55.45352657142556,56.57479462132008,27826000
2019-02-19,55.93967819213867,56.0951041569781,55.44955884492726,55.44955884492726,21980000
2019-02-20,55.64570999145508,56.15917075275454,55.206740043846196,56.05737194470522,24090000
2019-02-21,54.832313537597656,55.574198314160704,54.52294672955471,55.55582376397569,33272000
2019-02-22,55.445579528808594,55.47984332640706,54.6480824414276,55.10493055036259,29436000
2019-02-25,55.48382568359375,55.884561389408304,55.323929200834094,55.71224977161717,26208000
2019-02-26,55.716217041015625,55.936200188668224,54.955961495978244,55.33683372192867,35026000
2019-02-27,55.75991439819336,55.90094000975693,55.048323045368875,55.31895552807981,22092000
2019-02-28,55.94166564941406,56.31111914967775,55.53745583327619,55.56675282375527,27422000
2019-03-01,57.03263854980469,57.10613296332023,56.1626395740389,56.1626395740389,34086000
2019-03-04,57.275962829589844,57.87681820631687,56.52265551266537,57.33257159923275,35490000
2019-03-05,58.059059143066406,58.421560605955044,57.25609887270483,57.40407651386332,40094000
2019-03-06,57.848018646240234,58.33466010001463,57.754164471585874,58.18668245468202,23602000
2019-03-07,57.14834213256836,57.780483507204465,56.69447178597159,57.627539050675985,30086000
2019-03-08,57.104644775390625,57.277452689504216,56.12291336583073,56.306647507649224,23694000
2019-03-11,58.559112548828125,58.591387351932774,57.18409379498416,57.20544615914636,30032000
2019-03-12,59.452449798583984,59.87255264332162,58.71007248986403,58.71007248986403,42220000
2019-03-13,59.54233169555664,59.94257109573969,59.48522662116568,59.883480812101666,25888000
2019-03-14,59.21806335449219,59.82239661214075,59.15350996216499,59.540341590991154,27302000
2019-03-15,59.107330322265625,59.67441820688941,58.9439559412454,59.48969525000366,51886000
2019-03-18,59.02043533325195,59.33824309500541,58.66935637292283,59.07704410677936,24442000
2019-03-19,59.7111701965332,59.75834543691231,59.06562105509747,59.177845996513305,29788000
2019-03-20,60.90145492553711,61.07823704388622,59.568648382978665,59.65852834902629,41508000
2019-03-21,61.38313293457031,61.3985258826227,60.41232777418861,60.58215787075375,28150000
2019-03-22,59.96889114379883,61.258993030583326,59.8869557983602,61.02163171082466,34422000
2019-03-25,59.45890808105469,60.05777828080662,59.09243617698376,59.56716260325463,27576000
2019-03-26,59.08448791503906,59.968887223940904,58.683255930629606,59.8467286672463,30752000
2019-03-27,58.49704360961914,59.18777898618902,57.81276016314124,59.18777898618902,29428000
2019-03-28,58.212005615234375,58.45930055069322,57.77303569939023,58.37240218481064,22402000
2019-03-29,58.441429138183594,58.79300440417544,57.919527459100415,58.60479974153169,30890000
2019-04-01,59.538360595703125,59.59893978558316,58.911682325807746,58.97027630646345,27706000
2019-04-02,59.86410903930664,59.87751677782474,59.15400656582166,59.59148754848322,18288000
2019-04-03,60.12580490112305,60.61195003139144,59.84126836433833,60.219655283116424,22180000
2019-04-04,60.554847717285156,60.6094712789344,60.037912879388585,60.149641514192155,21022000
2019-04-05,60.157588958740234,60.601529493519976,60.087076143019665,60.54740223163518,20012000
2019-04-08,60.00017547607422,60.28173042585157,59.822400748039556,60.14070479981026,21750000
2019-04-09,59.72257995605469,59.944051991655975,59.508556242701715,59.682856833585916,19668000
2019-04-10,59.909297943115234,60.03294540892047,59.62178358272797,59.84176673381358,15510000
2019-04-11,60.06522750854492,60.22164987782788,59.81445844622153,60.03096370531408,16998000
2019-04-12,60.71772384643555,60.733613096691826,60.2489568667719,60.36465591626555,24312000
2019-04-15,60.90642166137695,61.04397316716175,60.31202200298891,60.78525570830979,23796000
2019-04-16,61.173583984375,61.37568889802249,60.83243486055661,61.07873720086424,22622000
2019-04-17,61.5822639465332,61.828566285342575,61.22274406184032,61.426337881216384,30366000
2019-04-18,61.64830780029297,61.870276163119435,61.54601269771949,61.82359722682789,24750000
2019-04-22,62.25859451293945,62.28739519966087,61.24607723716746,61.40994791638979,19084000
2019-04-23,63.094329833984375,63.285015991280005,62.16970731143525,62.40160928978347,31868000
2019-04-24,62.57094192504883,63.263666286939014,62.55902688114224,63.09433248647827,23396000
2019-04-25,62.93294906616211,63.20407788772484,62.4691488640447,63.07993411318467,31344000
2019-04-26,63.43349075317383,63.50748146882299,62.81674612484598,63.23287475902277,27228000
2019-04-29,64.36605834960938,64.40430014627246,63.1499472420338,63.5869319411135,72368000
2019-04-30,59.5373649597168,59.637671060379766,58.744830834328255,59.12371784577644,133178000
2019-05-01,58.26414489746094,59.55176517078927,58.18270586078378,59.46486302046825,74340000
2019-05-02,57.92597579956055,58.5650691525691,57.5197770205605,58.22839057647205,45098000
2019-05-03,59.07008361816406,59.16194878639641,58.2755643276722,58.46723928875679,41588000
2019-05-06,59.26425552368164,59.36208012674179,58.156891321944585,58.19860345082,31774000
2019-05-07,58.539249420166016,59.329298264303915,57.8509955859456,58.884368941861375,36604000
2019-05-08,58.13801956176758,58.80789887001403,57.98159719682957,58.461286640169675,25520000
2019-05-09,57.99847412109375,58.30138520186433,57.33653949466912,57.73181583733012,29556000
2019-05-10,57.98208999633789,58.411130058090045,56.9258753943574,58.041680367135086,31650000
2019-05-13,56.44022750854492,57.20396101137546,55.88952893618015,56.86976769716593,45626000
2019-05-14,55.85774612426758,56.85139261583485,55.79170003032995,56.72476733058976,40392000
2019-05-15,58.139007568359375,58.51143885461089,55.685925617241296,55.74303068700111,59302000
2019-05-16,58.81932067871094,59.29901393563067,58.02231974314036,58.190657160881514,35308000
2019-05-17,58.0386962890625,58.908198905067536,57.921504550157444,58.38878259899885,25362000
2019-05-20,56.84096145629883,57.25510486677218,56.517194311050815,57.25510486677218,30602000
2019-05-21,57.32661437988281,57.503396504785506,56.773926824116245,57.3285995891205,20562000
2019-05-22,57.39662551879883,57.79040916164507,57.15578632141826,57.168201455126244,18826000
2019-05-23,56.874725341796875,57.10861252481973,56.2698995649493,56.91097813930794,25214000
2019-05-24,56.54053497314453,57.32263920538338,56.446184496005266,57.20544745669446,18554000
2019-05-28,56.58771514892578,57.42841722314295,56.54351772030625,56.683058238985716,20948000
2019-05-29,55.613433837890625,56.36127430790533,55.21666854156333,56.24706036700778,36230000
2019-05-30,55.686424255371094,55.95407894505592,55.41281014961116,55.62385606943314,18088000
2019-05-31,54.94602966308594,55.288663869008694,54.78960731106813,54.903324936483905,31582000
2019-06-03,51.58123779296875,52.984557117190384,50.99974958269806,52.98108300122584,96890000
2019-06-04,52.36334228515625,52.55949155555069,51.446664390549536,51.86676722491095,60512000
2019-06-05,51.87421798706055,52.47855128829843,51.29620765091686,52.388671319401666,46988000
2019-06-06,52.029151916503906,52.140384251303416,51.42084819128549,51.952183384017985,29020000
2019-06-07,53.05259704589844,53.303866217763456,52.19749459720091,52.35292437337108,43828000
2019-06-10,53.76716232299805,54.367025093560684,53.39572362813272,53.481133084662005,28510000
2019-06-11,53.68174743652344,54.82238266183361,53.60875311658757,54.473785248626626,33508000
2019-06-12,53.585418701171875,53.7552450144655,53.11367010203279,53.627627128343704,23670000
2019-06-13,54.17683792114258,54.453926154869045,53.7577314543571,53.86399697799452,20814000
2019-06-14,53.94294738769531,54.36305022172289,53.70360087599848,54.1137700872315,24582000
2019-06-17,54.319854736328125,54.68682295499365,54.02737354195678,54.081997107201346,19770000
2019-06-18,54.88346481323242,55.55582561833145,54.66248905562126,55.19432053850123,34526000
2019-06-19,54.84720993041992,55.0915270411147,54.42611449349191,54.98277622449,26714000
2019-06-20,55.27873992919922,55.75148115154757,54.97086200360046,55.70082800609436,24018000
2019-06-21,55.8830680847168,55.942654666471014,55.10592691342495,55.112878933867414,50774000
2019-06-24,55.452537536621094,55.793686642714576,55.28420013247602,55.61640822009714,24236000
2019-06-25,54.00651550292969,55.40288290479443,53.85853406442117,55.37209700696238,31644000
2019-06-26,53.64599609375,54.38092885450008,53.31676961512421,54.17633865543506,34698000
2019-06-27,53.462764739990234,54.05021240275102,53.42403042828709,53.96529924467173,24078000
2019-06-28,53.76914596557617,53.76914596557617,53.322227661551615,53.49255405592567,33672000
2019-07-01,54.62325668334961,55.04981523640269,54.39135470547454,54.674898640847694,29196000
2019-07-02,55.24895095825195,55.26335130387135,54.60687966801407,54.86311186356186,20630000
2019-07-03,55.764888763427734,56.01317631262774,55.36067514821172,55.54192399832887,20154000
2019-07-05,56.24557113647461,56.34389203663458,55.49226755662687,55.58512534265188,29794000
2019-07-08,55.45701217651367,55.97444335060463,55.2072357143228,55.907900952237895,29888000
2019-07-09,55.829437255859375,56.0067156718243,54.978305369170165,55.13572032831668,29472000
2019-07-10,56.65475082397461,56.72575994109737,56.145760594218096,56.228192241785564,30710000
2019-07-11,56.81216049194336,57.26702344838608,56.58622170920299,56.91544819980678,26004000
2019-07-12,56.874725341796875,56.9819872503697,56.53805054781437,56.755052087770366,21878000
2019-07-15,57.13146209716797,57.13990302508474,56.60956043332992,56.874729834923684,21164000
2019-07-16,57.277950286865234,57.53219724651398,56.94375319251821,56.94375319251821,25352000
2019-07-17,56.944252014160156,57.5252439434234,56.93829259800713,57.151820032082576,19538000
2019-07-18,56.969078063964844,57.01526069737615,56.25500514124155,56.70887169579786,25450000
2019-07-19,56.1899528503418,57.184591922191956,56.17505620403855,57.07236698404478,23184000
2019-07-22,56.57032775878906,56.6105509762166,55.87512568683337,56.38460840854743,28914000
2019-07-23,57.00929641723633,57.049519631107835,56.25450403931348,56.78087235827853,20648000
2019-07-24,56.59614944458008,56.88068598581315,56.0389914055494,56.24308530218296,27192000
2019-07-25,56.4079475402832,56.7878271533547,55.80063646164579,56.55741408555992,54762000
2019-07-26,61.83452224731445,62.98508355909175,60.97941991885774,60.97941991885774,121216000
2019-07-29,61.66667938232422,62.021732537959856,61.08866525629566,61.69945427748095,41382000
2019-07-30,60.97941970825195,61.42186751683444,60.84633492322061,60.92975917072659,28616000
2019-07-31,60.492774963378906,61.32255072451649,59.995207288072685,60.8239904446225,39960000
2019-08-01,60.173973083496094,61.391573064895034,59.93660799321709,60.464469037837034,35426000
2019-08-02,59.406272888183594,60.06075546050854,59.092435553008,59.73798468371987,34910000
2019-08-05,57.342002868652344,58.44092596469074,56.746114326909705,58.24676190835826,47840000
2019-08-06,58.152915954589844,58.66538029104162,57.67868583873652,57.8768203283182,36014000
2019-08-07,58.39276123046875,58.58940302004811,57.147845640683784,57.49346146790648,30686000
2019-08-08,59.896392822265625,59.90085954311422,58.29791671780245,58.91515767971558,30116000
2019-08-09,59.037811279296875,59.810481986746275,58.83868418619697,59.588513621875066,20418000
2019-08-12,58.32273864746094,58.87443356343119,58.03572059965884,58.59585644291829,22064000
2019-08-13,59.4266242980957,59.85864595596713,58.247758643856116,58.31528985018725,28434000
2019-08-14,57.813751220703125,58.73439950676399,57.6558399621332,58.40070253080758,35430000
2019-08-15,58.065513610839844,58.418081443279874,57.7516800872818,58.02131997692861,28506000
2019-08-16,58.5566291809082,58.786545959947794,58.24825875182244,58.635090408088814,24916000
2019-08-19,59.61085891723633,60.05529574028158,59.11229862258572,59.18330773838435,24450000
2019-08-20,58.77114486694336,59.48969205026634,58.74731099231225,59.358099966108526,20206000
2019-08-21,59.170894622802734,59.61682036799138,58.989149468913794,59.38144425440821,14152000
2019-08-22,59.16791534423828,59.528427829139154,58.541733367637406,59.28113288873037,17352000
2019-08-23,57.28390884399414,59.37399317082415,57.10613411697356,58.852587822155336,36254000
2019-08-26,58.15787887573242,58.19164637549429,57.34697394484166,57.57539802911654,21166000
2019-08-27,58.14000701904297,58.844150156794804,57.829151274957766,58.74483665086009,23460000
2019-08-28,58.285499572753906,58.52137197625076,57.61512397755388,57.84454066259142,16810000
2019-08-29,59.302982330322266,59.5487845627296,58.858049223414895,58.914657992783425,19636000
2019-08-30,59.11874771118164,59.606385511789306,58.87989372769038,59.606385511789306,18064000
2019-09-03,58.076942443847656,59.04675129231456,57.786942763733165,58.687727702759915,25908000
2019-09-04,58.708580017089844,58.8381868995286,58.17525962984092,58.568546997835206,21312000
2019-09-05,60.1943359375,60.284215906396916,59.226012251345395,59.27418009507138,26394000
2019-09-06,59.90285110473633,60.232077617336955,59.75089545233243,60.042884135331775,18972000
2019-09-09,59.850704193115234,60.6094708460387,59.24984880783227,59.94058416033059,31854000
2019-09-10,59.87205123901367,60.085578653540004,59.39086915580766,59.394843362401545,27922000
2019-09-11,60.582157135009766,60.704811992785714,59.70222455533278,59.78217468548401,23522000
2019-09-12,61.32553482055664,61.695480838602215,60.70928267774459,60.75447270829562,31644000
2019-09-13,61.57679748535156,61.62745062770808,60.93373368001796,61.183510121485625,23676000
2019-09-16,61.1596794128418,61.526647619947845,60.839882657354316,61.10058533988811,28218000
2019-09-17,61.072776794433594,61.32702375634473,60.74851332053332,61.1596789508108,20806000
2019-09-18,61.2103271484375,61.38859817864683,60.40687054530047,61.09065388731217,17440000
2019-09-19,61.513240814208984,61.79082535690578,61.19344784243326,61.193944144758845,16554000
2019-09-20,61.0707893371582,61.714349449559,60.75993361432121,61.259486500962936,37692000
2019-09-23,61.31163024902344,61.559421490024434,60.76986513224121,60.9084092480147,20798000
2019-09-24,60.499229431152344,61.92837163680693,60.11736460385631,61.57530749622939,35804000
2019-09-25,61.870277404785156,61.97356511403408,60.04585874292837,60.38402625668543,26798000
2019-09-26,61.689022064208984,61.80721020331351,61.16910942458877,61.68157374129965,23166000
2019-09-27,60.877620697021484,61.823099287343716,60.343800229031,61.715837376030635,34122000
2019-09-30,60.63876724243164,60.95011926542126,60.255413501341735,60.61195176436198,24470000
2019-10-01,59.886959075927734,61.22076215975125,59.864614104649,60.70581248424293,24504000
2019-10-02,58.49256896972656,59.52743120571696,58.22988109820769,59.41520627342781,33030000
2019-10-03,59.06412887573242,59.14209000990656,57.75863410934124,58.761714082594985,28368000
2019-10-04,60.13325500488281,60.20774202308976,59.14060116726233,59.30546445419043,24282000
2019-10-07,59.998680114746094,60.52803006832077,59.80551244669636,59.936608232240225,17040000
2019-10-08,59.0988883972168,59.93015305487434,59.06660980568097,59.5279284649476,20086000
2019-10-09,59.708187103271484,60.009112998690334,59.495652269995624,59.655056236377945,15948000
2019-10-10,60.059261322021484,60.364653914159625,59.48273993711372,59.51948524782527,12842000
2019-10-11,60.3691291809082,61.01666351549594,60.26633777470151,60.782280014965835,22330000
2019-10-14,60.4714241027832,60.87414501003201,60.17894292459229,60.27875272808499,13296000
2019-10-15,61.68654251098633,61.92936693809996,60.62784634543622,60.65664703340885,27584000
2019-10-16,61.72428512573242,62.27995049884577,61.50231296930733,61.66519105343478,22986000
2019-10-17,62.21092987060547,62.75468022830939,62.06543372545023,62.141409657513115,20958000
2019-10-18,61.7943000793457,62.47460550996362,61.582261551652444,62.30477919774274,31624000
2019-10-21,61.787841796875,62.24617884621241,61.574810673421815,62.007328638527795,18094000
2019-10-22,61.6348991394043,62.008819349312326,61.56786044406074,61.79777342883717,22862000
2019-10-23,62.450767517089844,62.471127275750284,61.585735396571906,61.585735396571906,21282000
2019-10-24,62.52426528930664,62.71246615004476,62.18857929877395,62.52426528930664,20224000
2019-10-25,62.78199005126953,62.96572420217347,62.02967907777432,62.17120101123446,27104000
2019-10-28,64.00752258300781,64.51700902366191,63.179735928210384,63.31331321051692,65428000
2019-10-29,62.601234436035156,63.601336608238725,62.35046159811055,63.3629789049207,52654000
2019-10-30,62.603214263916016,62.9667083095177,62.104157719594035,62.32761496903568,29204000
2019-10-31,62.50886917114258,62.89222670566317,62.0460615945574,62.568459544116386,31904000
2019-11-01,63.176761627197266,63.214007030059406,62.55405758935447,62.856472378558465,28812000
2019-11-04,64.03882598876953,64.18233693182867,63.36845030657615,63.36845030657615,30632000
2019-11-05,64.12968444824219,64.41769887565324,64.02739314388162,64.11776561700077,25148000
2019-11-06,64.10834503173828,64.206665937918,63.67434188252728,64.06266248369901,24626000
2019-11-07,64.89938354492188,65.6795025702987,64.2444008939936,64.27071628172959,45140000
2019-11-08,65.00167846679688,65.40440318196927,64.6302397412566,64.6302397412566,30392000
2019-11-11,64.46935272216797,64.7980867071686,64.34967945815737,64.75338919011158,17234000
2019-11-12,64.41621398925781,65.01905839317027,64.26873264189224,64.48374898972376,28852000
2019-11-13,64.36506652832031,64.67989646108992,64.16494683266741,64.21609248961553,20538000
2019-11-14,65.00911712646484,65.33537334863153,64.25382844084137,64.30646678854428,28948000
2019-11-15,66.22026824951172,66.22026824951172,65.14517907027717,65.3021015073178,39286000
2019-11-18,65.53996276855469,66.23914285190187,65.35722501650825,66.16068162445066,27984000
2019-11-19,65.1799545288086,65.87714187018383,65.1392350055665,65.87714187018383,21864000
2019-11-20,64.64712524414062,65.21073522847406,64.01895807514778,65.11887005161834,28892000
2019-11-21,64.56171417236328,65.10694959227335,64.09542491326984,64.51751674880599,25546000
2019-11-22,64.24043273925781,64.89740062254626,64.02640899374012,64.70373663785156,27776000
2019-11-25,64.83483123779297,65.07170005377529,64.33677100260695,64.36904959753625,23590000
2019-11-26,65.2003173828125,65.25047044145086,64.75538799721888,65.04687281558401,21910000
2019-11-27,65.1571044921875,65.43072239161592,65.02501988575632,65.32048266358889,18808000
2019-11-29,64.75785827636719,65.04885054748658,64.71515354665078,64.88250213794187,12802000
2019-12-02,64.00157165527344,64.82489543902715,63.58047244322369,64.68187703817355,26538000
2019-12-03,64.29356384277344,64.41721510369129,63.41512388738469,63.495070235441815,25270000
2019-12-04,65.49527740478516,65.75995430749485,64.70621729721654,64.85767664874567,35506000
2019-12-05,65.89352416992188,65.94417731167431,65.26585710883786,65.89550937906759,24408000
2019-12-06,66.5107650756836,66.66370952833653,66.10556267318071,66.18103850636753,32968000
2019-12-09,66.68953704833984,67.41255481566687,66.34590641392973,66.48445432136702,30842000
2019-12-10,66.6845703125,66.9383209613295,66.2431113169461,66.53808157608444,17606000
2019-12-11,66.75211334228516,67.03217941205793,66.59569096404834,66.95322566369387,20480000
2019-12-12,66.962646484375,67.26505746832218,66.45167489475152,66.70045492621999,29114000
2019-12-13,66.88219451904297,67.10465914668171,66.62348088668271,66.93334016742722,33170000
2019-12-16,67.5689697265625,67.70949525063956,67.06792417468502,67.28591831507632,28128000
2019-12-17,67.28044891357422,67.74921583150997,67.0758587420554,67.65387276539312,32948000
2019-12-18,67.13248443603516,67.5059083820404,67.06048649891805,67.38524250658368,23330000
2019-12-19,67.35742950439453,67.41156055314431,66.97556465783197,67.13247953584978,28922000
2019-12-20,67.09821319580078,67.73283607045846,67.07388301789467,67.6881461329654,50090000
2019-12-23,67.06891632080078,67.62607054490758,66.93831684293832,67.47114089047187,19936000
2019-12-24,66.76104736328125,67.13745670987207,66.74814350199244,67.04806924561835,13468000
2019-12-26,67.65685272216797,67.69310930532164,66.81466192573163,66.86630766675053,23662000
2019-12-27,67.2680435180664,67.88429180965007,67.18660448403294,67.73283248221288,23212000
2019-12-30,66.52664947509766,67.38522963637269,66.43379170296032,67.37579610505395,19994000
2019-12-31,66.5107650756836,66.57382956314609,66.15025261034924,66.3319977498753,19514000
2020-01-02,67.96524047851562,67.96524047851562,66.86334321576778,66.95868630395924,27278000
2020-01-03,67.60968780517578,68.21700271420914,66.90455208946976,66.93832337803212,23408000
2020-01-06,69.4117660522461,69.43708883609668,67.08729816087028,67.11857657252054,46768000
2020-01-07,69.2776870727539,69.69431580950295,69.10140504019108,69.54335656021222,34330000
2020-01-08,69.77078247070312,70.10894997178289,69.15453414305767,69.26328117365361,35314000
2020-01-09,70.50323486328125,70.94468628827275,70.0275120595761,70.60949659555637,33200000
2020-01-10,70.95858764648438,71.25554310798687,70.49379866523805,70.98391800569446,26258000
2020-01-13,71.50830078125,71.5802987088555,70.78032005165358,71.27093190331932,30730000
2020-01-14,71.03953552246094,71.63740929797085,70.89949492783481,71.50680981258097,26076000
2020-01-15,71.46708679199219,71.54554802109986,71.09267026131843,71.1602052622877,21550000
2020-01-16,72.0113296508789,72.03814512752133,71.50680619446874,71.77743868365702,26080000
2020-01-17,73.46928405761719,73.52042972169289,72.32865240023932,72.62610042823279,52424000
2020-01-21,73.60484313964844,73.9837301623698,73.00696178186003,73.44345017940596,48930000
2020-01-22,73.68527221679688,74.51505165919902,73.62519312703597,73.97627202033674,28458000
2020-01-23,73.72599792480469,74.16348648276097,73.50899638662688,73.86802372289836,26650000
2020-01-24,72.80635070800781,74.19824756618672,72.65786918227317,74.12971996265826,29786000
2020-01-27,71.09613800048828,71.33697719030968,70.48882316948702,71.08670446922109,34132000
2020-01-28,72.0282211303711,72.24174479037791,71.02811510182957,71.59321781876741,29724000
2020-01-29,72.3360824584961,72.70553591108064,71.77445774595031,72.42347711634613,21566000
2020-01-30,72.21443176269531,72.26408472389092,71.25852322835154,71.41246028918627,27110000
2020-01-31,71.14827728271484,72.98014026995669,70.86423327330586,72.8902603105145,43822000
2020-02-03,73.62222290039062,73.80596084309201,72.33162467760039,72.58189744131957,71636000
2020-02-04,71.77545928955078,72.86444505255666,70.61446801787635,72.2263518292056,95880000
2020-02-05,71.80724334716797,72.72739547157424,70.9943531463202,72.67922762415539,36376000
2020-02-06,73.29298400878906,73.57057229670284,72.02721627071665,72.1016994935962,37822000
2020-02-07,73.44891357421875,73.75380988182637,72.76860814708976,72.866929041931,28360000
2020-02-10,74.91629028320312,74.92721651036499,73.25475361833762,73.35555980846348,38302000
2020-02-11,74.9858169555664,75.97003370117069,74.7568965647971,75.14521713630961,34852000
2020-02-12,75.41139221191406,75.49431637909942,74.91680229151416,75.27383690022886,31042000
2020-02-13,75.15117645263672,75.77487310133188,74.68488719013807,74.98283526176698,22914000
2020-02-14,75.41634368896484,75.48189347519363,74.76185358549893,75.20778307563144,23198000
2020-02-18,75.45160675048828,76.00379801654766,75.03299279148968,75.19835617848237,25642000
2020-02-19,75.72123718261719,76.01272951679007,75.52807331271677,75.83694001450749,22746000
2020-02-20,75.32994079589844,75.83048626235644,74.69779566759601,75.43024689467184,25962000
2020-02-21,73.66492462158203,75.03001360117807,73.41812977284052,74.71369096599916,42520000
2020-02-24,70.50670623779297,71.32705227867518,69.8576867844857,70.66511381109099,49560000
2020-02-25,68.84120178222656,71.3503926943792,68.5482242890156,71.05990050137443,51580000
2020-02-26,69.04727172851562,70.19932951834674,68.35604008547062,69.27122908358415,49776000
2020-02-27,65.29713439941406,68.00098920954161,65.26187799484646,67.49150271843352,62290000
2020-02-28,66.50381469726562,66.66271477222554,62.97614362297551,63.279054704787185,80198000
2020-03-02,68.84120178222656,68.89830306989113,65.80613498528312,67.10666682093301,55430000
2020-03-03,66.4278335571289,69.92719618427,66.00673437386882,69.40529839669307,56602000
2020-03-04,68.60681915283203,68.66541313679936,66.39209082387919,67.48256934329274,47598000
2020-03-05,65.2876968383789,67.21788826087625,64.63619216465172,66.81664873105584,54380000
2020-03-06,64.34322357177734,64.69131713479612,62.42991752814102,63.06255522638061,64640000
2020-03-09,60.373104095458984,62.20745260056038,59.49168255231933,59.8353131816508,69252000
2020-03-10,63.3217658996582,63.355533400320745,60.30954041673716,62.289885180152496,54872000
2020-03-11,60.130271911621094,62.41600911448038,59.149040628206436,61.98597644813612,54732000
2020-03-12,55.196800231933594,59.030360304346644,55.04385578012002,55.74650994520569,94326000
2020-03-13,60.29762268066406,60.304078399115795,55.23354724050497,58.347075086419736,79400000
2020-03-16,53.28250503540039,56.88118149675051,52.988531177685545,54.107313960757686,96520000
2020-03-17,55.520076751708984,55.91435675345226,52.09569672522994,54.15846940339358,83194000
2020-03-18,54.18577575683594,54.87104797762396,51.494832347256526,52.63397869009644,93044000
2020-03-19,55.20276641845703,57.23574584400047,52.415987080198555,54.03829715284141,74064000
2020-03-20,53.04464340209961,56.53407651760465,52.741236013893825,56.157671020440276,82878000
2020-03-23,52.3454704284668,52.98009332639704,50.09797110911301,52.4567027625557,83672000
2020-03-24,56.11348342895508,56.278346728286216,53.94940826263607,54.820900000657495,72468000
2020-03-25,54.70370101928711,56.915939950853826,53.779574836331406,55.84383613305106,90324000
2020-03-26,57.747703552246094,58.17277317399136,54.227484694802776,55.354212048644065,76562000
2020-03-27,55.132747650146484,57.158278669216685,54.821891909688404,55.98735373238596,62794000
2020-03-30,56.92289733886719,57.15579193434455,54.54827641714749,56.244080799172416,58736000
2020-03-31,57.69953918457031,58.26811596366001,56.446678999724746,57.04306764962275,65228000
2020-04-01,54.7275390625,56.08418330124457,54.29998788869952,55.81503969905446,51970000
2020-04-02,55.46892547607422,55.75395831834769,54.282111383746546,54.623256692650074,56410000
2020-04-03,54.26075744628906,55.556322408776076,53.38579542668936,55.35372120018309,51374000
2020-04-06,58.7542610168457,59.129670102360336,55.86469079992479,56.26195233881764,63320000
2020-04-07,58.72297668457031,60.62088959155764,58.45929621552219,60.43367755721788,61620000
2020-04-08,59.936614990234375,60.32890978653167,58.79200919622647,59.74295099806535,40334000
2020-04-09,59.91525650024414,60.680975159986424,59.21260232823927,60.49178169677421,54028000
2020-04-13,60.10594177246094,60.3100356670181,58.711559676495355,59.663493971680225,38702000
2020-04-14,62.82817077636719,63.350564947040326,61.00623363759853,61.573821626847455,63358000
2020-04-15,62.43437957763672,63.31877881846095,61.27735885980792,61.89857394347941,42236000
2020-04-16,62.440834045410156,63.23187924434024,61.48592196083306,62.92300874781645,57896000
2020-04-17,63.5119514465332,64.05818325924749,62.866402347873645,63.64602504685049,51050000
2020-04-20,62.62556838989258,63.40370224725439,62.39168118173137,63.05957530501891,35292000
2020-04-21,60.19284439086914,62.07188272751854,59.83729494932787,61.709881356272376,49648000
2020-04-22,62.48950958251953,63.55565412208502,61.436272692073295,61.63043298256724,46296000
2020-04-23,63.12313461303711,63.96632194128163,62.594781016508605,62.853494700717256,34202000
2020-04-24,63.39277648925781,63.44789635340978,61.773940668732926,62.320172498657115,37402000
2020-04-27,63.10773849487305,64.2617815012073,62.81972404558168,64.15749740277272,44186000
2020-04-28,61.20734405517578,63.79797366912859,61.09760063818172,63.72051263057229,80700000
2020-04-29,66.64932250976562,67.54166657105931,65.88211483672906,66.78935554587703,108358000
2020-04-30,66.87376403808594,67.03763472110475,65.62239273502772,66.11201957490346,55842000
2020-05-01,65.41482543945312,67.10864836304023,65.03445329453278,65.75100773678034,48872000
2020-05-04,65.69190216064453,65.76987085956344,64.35661431461128,64.95846599149449,30806000
2020-05-05,66.98896789550781,68.08093904283001,66.29426590492336,66.41691697950115,39666000
2020-05-06,66.81069946289062,67.96573507924788,66.79580281692043,67.43489620672509,31732000
2020-05-07,67.99502563476562,68.32873019206323,67.16376099800789,67.59925677309654,30652000
2020-05-08,68.74287414550781,69.35365934273877,68.13059625287245,68.61773777696003,33326000
2020-05-11,69.69877624511719,70.29168699319136,68.30390161747533,68.36795870966984,32718000
2020-05-12,68.28801727294922,70.23210545562377,68.25474607445942,69.92870182776481,33918000
2020-05-13,66.95469665527344,68.79203030967484,65.94565735609089,68.33666731406043,40368000
2020-05-14,67.37828063964844,67.4036034198164,65.71177347406983,66.21927472185273,36660000
2020-05-15,68.1827392578125,68.25821509516415,66.49140158987903,66.95123515491863,41544000
2020-05-18,68.78459167480469,69.1609934145914,67.24619845412195,67.61267414754582,47094000
2020-05-19,68.24928283691406,69.1475824631101,68.21750433401863,68.79948889539037,31586000
2020-05-20,69.9753646850586,70.11788298668955,68.8958126076026,68.98221465946594,38262000
2020-05-21,69.85570526123047,70.33787623887854,69.24193460510683,70.06625110794857,30894000
2020-05-22,70.177978515625,70.36468668266832,69.31939827034222,69.71417454610717,28544000
2020-05-26,70.5816879272461,71.76056121271995,70.4838671234599,71.60413885227362,44590000
2020-05-27,70.52754974365234,70.77931513244671,69.25234861587866,70.51364570511628,31684000
2020-05-28,70.42625427246094,71.72827093237905,69.47481640511181,69.52049894034995,35170000
2020-05-29,71.1850357055664,71.34443588719381,70.31404407757432,70.53501605536583,37044000
2020-06-01,71.25206756591797,71.5852720478794,70.6268782127255,70.79671210149603,25162000
2020-06-02,71.62151336669922,71.65577716443912,70.5935994345022,71.25851563155427,23442000
2020-06-03,71.46956634521484,71.9542225686685,71.09067933557526,71.64088534545384,27732000
2020-06-04,70.2306137084961,71.572365163048,69.81895555154722,71.34691509398992,26982000
2020-06-05,71.50779724121094,71.8196493316685,69.89889140911707,70.29714555481402,42642000
2020-06-08,71.90605926513672,71.9537270182775,70.73612696690151,70.82551442260042,33878000
2020-06-09,72.10667419433594,72.88729335135558,71.62400313135672,71.76702155043542,33624000
2020-06-10,72.73335266113281,73.13408456859595,72.21989572507418,72.57494508918839,31762000
2020-06-11,69.61486053466797,72.0828392479217,69.44155631952972,71.55795600242254,47144000
2020-06-12,70.16209411621094,71.23419808106286,68.81537962995735,70.8046578832885,36676000
2020-06-15,70.5504150390625,70.7619534909497,68.88490017293951,68.99861781338377,30468000
2020-06-16,71.82809448242188,72.35942585801052,70.9600807295404,71.95372336605863,30648000
2020-06-17,72.1295166015625,72.60920983291969,71.2649807086044,72.14938384823937,30610000
2020-06-18,71.21482849121094,72.15086981349691,70.82352252928263,71.99594014241761,34862000
2020-06-19,70.74407958984375,71.73027401225617,70.46400595064995,71.50681672541624,52784000
2020-06-22,72.0361557006836,72.05055983277585,70.47343996852237,70.76244702073843,29442000
2020-06-23,72.69760131835938,73.25476320519093,71.75510423386123,72.10270529949794,37752000
2020-06-24,71.1443099975586,73.284047173786,71.01023261158954,72.66283584354171,31592000
2020-06-25,71.56143951416016,71.62201870743554,70.49082066575002,71.07082003141078,23958000
2020-06-26,67.66034698486328,71.35883760033668,67.28593042621895,71.14084342070748,97640000
2020-06-29,69.37997436523438,69.42119397415527,67.11956375249905,67.55108911052362,45074000
2020-06-30,70.41683197021484,70.71229477578841,68.871490423538,69.36558782541128,40286000
2020-07-01,71.60612487792969,71.92791062096299,70.22465415984608,70.4724491856165,42182000
2020-07-02,72.9930648803711,73.91620239471897,72.05652341416425,72.09476521463468,57218000
2020-07-06,74.46888732910156,74.98284440562607,73.34315236139928,73.89782896216443,44712000
2020-07-07,73.98572540283203,75.54497103854023,73.97479917371354,74.29409965572003,42364000
2020-07-08,74.66503143310547,75.04094065837363,74.10389915223111,74.52599101296335,31766000
2020-07-09,75.4128646850586,75.93327739481839,74.2672702352567,74.97935412387099,41836000
2020-07-10,76.42339324951172,76.53909607873655,74.5220100892504,75.14421398739223,35918000
2020-07-13,75.09357452392578,78.2781076228488,74.81201579568408,76.9661571516268,42954000
2020-07-14,75.52210998535156,75.61844566329884,73.78757526860957,74.12822804579645,38108000
2020-07-15,75.32447814941406,76.29031268421016,74.37850328273365,75.63980057926288,31026000
2020-07-16,75.2271499633789,75.27631040859266,73.90377320654089,74.56074103049501,26484000
2020-07-17,75.32299041748047,75.64973918687603,74.39191213481628,75.32596823132394,34264000
2020-07-20,77.65640258789062,77.91313106864892,74.62034318261358,75.23112844043321,30166000
2020-07-21,77.26309967041016,78.80894101145596,77.09922900132472,78.70863491641951,27486000
2020-07-22,77.70655059814453,77.81231981573042,76.6329540174062,77.25268025403719,24482000
2020-07-23,75.31802368164062,77.97966630423089,74.91281370486792,77.76017946109586,33910000
2020-07-24,74.89395141601562,75.25247869252917,73.87001533571343,74.44604426009818,29902000
2020-07-27,75.94767761230469,76.35139490251304,75.09853848495182,75.14472111823234,27124000
2020-07-28,74.66751098632812,75.77784905273722,74.5120812359818,75.72769600259622,30910000
2020-07-29,75.6537094116211,76.14134347579515,74.63572897642125,74.73454996381882,22676000
2020-07-30,76.3916244506836,76.51676082705961,74.24641643772134,74.38545685591691,36042000
2020-07-31,73.88787841796875,74.73553233193543,72.20200412112406,74.33976349994913,91468000
2020-08-03,73.63016510009766,74.37353500496488,73.08194428652723,74.03934550111532,45482000
2020-08-04,73.16040802001953,74.14412465541517,72.70008194737242,73.82631690480552,37212000
2020-08-05,73.44792175292969,73.98968686206358,73.05711589231713,73.33520430169227,29134000
2020-08-06,74.73206329345703,74.79761308231619,73.09088631186657,73.30193223362062,33306000
2020-08-07,74.40531921386719,75.48387877720482,73.80446006410948,74.93516546369514,27718000
2020-08-10,74.3283462524414,74.84130303996274,73.36845981921181,74.029405602229,20546000
2020-08-11,73.51992797851562,75.00469020881044,73.40323253058286,74.18831458702142,31098000
2020-08-12,74.84577941894531,75.06576635475058,73.74139696217233,73.84667366406597,22512000
2020-08-13,75.31305694580078,76.32210394410787,74.89395048360689,74.89395048360689,22388000
2020-08-14,74.71617889404297,75.46898996737282,74.43660535149617,75.16210085388852,21942000
2020-08-17,75.2927017211914,75.66712584393001,74.73455480772037,75.27929776949405,19990000
2020-08-18,77.25615692138672,77.33511065944776,75.56234161741558,75.78331358124228,28378000
2020-08-19,76.70147705078125,77.9056730464464,76.47255668317996,77.09277539659304,30472000
2020-08-20,78.27264404296875,78.46730061837314,76.19745643732924,76.4710667502079,26382000
2020-08-21,78.23887634277344,79.04878858984061,77.58041584466433,78.05166052261855,34838000
2020-08-24,78.714599609375,79.88800981322825,78.21256140841734,79.07808990589221,25638000
2020-08-25,79.74252319335938,79.89298237119974,78.3535963869925,78.46383613007552,25150000
2020-08-26,81.64339447021484,82.07343472584033,79.50067940074841,79.76485618715283,52188000
2020-08-27,80.86824798583984,81.83507518777941,80.38606945778591,81.76654758378608,31350000
2020-08-28,81.40999603271484,81.50533910442404,80.72373504529516,80.9154137932112,22418000
2020-08-31,80.91840362548828,81.66177357903628,80.7098429930012,81.61559094306867,26422000
2020-09-01,82.18714904785156,82.39273186560406,80.9184033108712,81.04900280397094,22652000
2020-09-02,85.28130340576172,85.7138213739487,82.44089345757524,82.82921400260896,49522000
2020-09-03,80.91740417480469,84.41775975388319,79.83486660961577,84.39392209014869,63726000
2020-09-04,78.51895141601562,81.1895276607906,76.37175816674525,79.89892947828622,55850000
2020-09-08,75.65817260742188,77.24472590354466,75.30560099876475,75.72769280921055,54032000
2020-09-09,76.83159637451172,77.40215464450723,75.73614722752552,76.9145205406051,39242000
2020-09-10,75.77983093261719,78.14402545722122,75.47940515868171,76.97807127825975,33024000
2020-09-11,75.26885986328125,76.40799857393957,74.13964719783384,75.8841155465487,30706000
2020-09-14,74.92473602294922,77.31673886317127,74.74001306241624,76.05791920997855,42660000
2020-09-15,76.230224609375,77.01829198977806,75.5836905116532,75.87120485456991,23042000
2020-09-16,75.08661651611328,77.18613425042128,75.06178624819889,76.59570881971476,22128000
2020-09-17,73.84269714355469,74.41971865207923,72.62211931019694,73.78161786394368,40008000
2020-09-18,72.05750274658203,74.24790053611717,71.09067564976073,73.9052625534038,63056000
2020-09-21,71.01718139648438,71.50977840564568,69.6535853440827,71.0906720117934,56908000
2020-09-22,72.49102783203125,72.6971107538117,70.98541319226422,72.01928297479436,33950000
2020-09-23,69.98678588867188,72.15632383261017,69.6535890139561,72.10716338954937,37726000
2020-09-24,70.65567779541016,71.40699611483514,69.62727125517097,69.65359421940595,34552000
2020-09-25,71.46013641357422,71.80177424957328,69.90188356916153,70.76443424115384,30326000
2020-09-28,72.43341827392578,73.14500968683816,71.81866263728527,73.09535672581238,30784000
2020-09-29,72.79890441894531,73.0958523244427,72.20201563977825,72.69412780151184,31816000
2020-09-30,72.77803802490234,73.80098141428527,72.28941138901646,72.54663235461291,40924000
2020-10-01,73.8853988647461,74.24144839111797,73.33420025236212,73.67485304245847,32884000
2020-10-02,72.28146362304688,73.44494012589321,71.87179071906452,72.481583309123,31222000
2020-10-05,73.6336441040039,73.7265018849997,72.5044313545936,72.6315529369491,21602000
2020-10-06,72.05403900146484,73.71756095605366,71.7555984119484,73.26965381491353,26096000
2020-10-07,72.45726013183594,72.94539430554703,71.1706323457871,72.46570105992748,36108000
2020-10-08,73.66343688964844,73.891857179053,72.77059285124541,72.77059285124541,26076000
2020-10-09,75.00518035888672,75.07470056543451,73.84071121636063,74.13170347927738,32966000
2020-10-12,77.69363403320312,78.87697017179133,75.94121726115524,76.37324269858246,55344000
2020-10-13,77.8167953491211,78.71510256314015,77.39768887008755,78.31039264019142,39072000
2020-10-14,77.63652801513672,78.65003789110749,76.76553645387474,78.19071202382867,33174000
2020-10-15,77.24076843261719,78.03181374739641,76.52868444146476,76.69602546749853,31210000
2020-10-16,77.84807586669922,78.34514345056063,77.34951558739077,77.55658351214443,34194000
2020-10-19,75.97349548339844,78.65401262927215,75.6244093541497,78.25675108360606,29734000
2020-10-20,77.02277374267578,78.15297918871582,75.50424770864896,75.633854601613,41670000
2020-10-21,78.75630950927734,80.20383009011108,77.82026822454186,77.95483812956394,60322000
2020-10-22,79.78272247314453,80.11840464128612,78.3337169261627,78.70714079624807,30512000
2020-10-23,81.08971405029297,81.14632281760413,80.04342551674175,80.19935535511631,30548000
2020-10-26,78.67189025878906,80.92087457366932,77.85204435340098,80.19687183701743,35826000
2020-10-27,79.39640045166016,79.5513301261755,78.30939985271544,78.90231064798252,25902000
2020-10-28,75.0225601196289,77.15832688244774,74.90735737417214,76.96963351424793,45174000
2020-10-29,77.31078338623047,78.8928663291568,75.30809370967367,75.33143128379692,55406000
2020-10-30,80.25199127197266,83.49016299701641,79.52997371419903,82.80091654542893,99878000
2020-11-02,80.6596908569336,82.34407276460104,80.15913775613008,80.62095654393035,44228000
2020-11-03,81.71937561035156,82.38180661638104,80.05336826018032,80.9794835557131,31432000
2020-11-04,86.69457244873047,87.8952907499738,84.56674619709445,84.69486039848417,71342000
2020-11-05,87.52135467529297,88.97731615159634,86.45520644116196,87.91613094031692,39758000
2020-11-06,87.3838119506836,87.81930775936743,86.23920242731536,86.96718320704757,28622000
2020-11-09,87.46773529052734,90.22223606893807,87.27556398943896,89.18390335682369,53440000
2020-11-10,86.29084777832031,87.36642960090843,85.2182437695995,85.89607149256915,43022000
2020-11-11,86.76309204101562,87.54121828786089,86.55601653319594,86.82118593096598,31838000
2020-11-12,86.54409790039062,87.64450998714952,86.30325868083496,86.5033783796767,26474000
2020-11-13,88.0060043334961,88.24783612815703,86.20443475003442,86.80131586899107,29744000
2020-11-16,88.09391021728516,89.10245712996237,87.46325773434673,87.60279824360163,25468000
2020-11-17,87.47964477539062,88.24834505186563,87.37189034826642,87.78751889696511,21314000
2020-11-18,86.43584442138672,87.64550364770136,86.33305301374617,87.23036759862198,20108000
2020-11-19,87.3261947631836,87.57051186681568,85.90847513549838,86.06787530015252,20106000
2020-11-20,86.22430419921875,87.81235033915841,86.15577659553901,87.49652779946634,27694000
2020-11-23,85.78632354736328,86.70151257860655,84.92328035546011,86.4149908162109,22530000
2020-11-24,87.59087371826172,87.71898790033936,85.44715853732825,85.78334081970468,27984000
2020-11-25,87.602294921875,87.91265434022236,86.81919809848146,87.78504024540288,19600000
2020-11-27,88.73896026611328,89.23504284568759,87.62265891076838,87.62265891076838,14790000
2020-11-30,87.11913299560547,88.40724583978081,86.7933768344479,88.17435503755391,32418000
2020-12-01,89.1530990600586,90.46207172577871,87.5476710184764,87.72793104126895,37350000
2020-12-02,90.62346649169922,91.00930935976088,88.64709964033578,89.15310829223527,29424000
2020-12-03,90.46803283691406,91.55999635366734,90.2276861454191,90.40347565496144,24728000
2020-12-04,90.56339263916016,90.84842174267934,90.05836898552865,90.38760309715401,20544000
2020-12-07,90.22917938232422,90.83797937404678,89.53446984443129,90.15568118177275,22288000
2020-12-08,89.94612884521484,90.17654191763987,88.95050099478975,89.80659591980766,19936000
2020-12-09,88.28408813476562,90.79229370200468,87.49652084591008,89.8979570205451,31728000
2020-12-10,87.77708435058594,88.14156720772428,86.08276908538737,87.526311537251,28688000
2020-12-11,88.13214111328125,88.25678497137464,87.03669966329481,87.39721213285257,18628000
2020-12-14,87.01286315917969,88.87700490171588,86.85743340263497,87.92954487062023,33050000
2020-12-15,87.45084381103516,87.59583985286919,86.48699444327288,87.39025704522699,21352000
2020-12-16,87.25767517089844,87.84959334388638,86.8539654427043,87.84959334388638,24676000
2020-12-17,86.42938995361328,87.73042186459409,85.96460093493897,87.59237404777944,34880000
2020-12-18,85.71977996826172,86.81919943152793,85.16262570212646,86.71045239928884,85256000
2020-12-21,86.13391876220703,86.25508471112633,84.11981047967087,84.87112877315111,33974000
2020-12-22,85.42183685302734,86.03709256654695,84.70478234258736,85.87421449147438,20370000
2020-12-23,85.81959533691406,86.60815530253585,85.47050159575537,85.60607168641371,22974000
2020-12-24,86.11405944824219,86.52373235094736,85.62691792776171,85.8578235085603,9312000
2020-12-28,88.0904312133789,88.73796554394026,86.49444423582476,86.64788120786828,27650000
2020-12-29,87.28598022460938,88.81096184437173,87.15438813378992,88.749390051316,19726000
2020-12-30,86.21784973144531,87.78255832007542,85.80817679890423,87.6455031107277,21026000
2020-12-31,87.03173828125,87.27307001104465,86.20989955570158,86.2685011129459,21070000
2021-01-04,85.71532440185547,87.52086474779807,84.7723272191455,87.39722105879531,37324000
2021-01-05,86.40655517578125,86.74323001175622,85.25698257400377,85.66367771378998,20360000
2021-01-06,85.55391693115234,86.60119804549143,84.2240920775024,84.4306674741296,46588000
2021-01-07,88.10930633544922,88.28211046401697,85.74659668999963,85.74659668999963,41936000
2021-01-08,89.27576446533203,89.35174039577915,87.45779767164348,88.24934305652008,35484000
2021-01-11,87.21297454833984,88.60785665174316,87.00689924554796,88.24237361206355,34796000
2021-01-12,86.27643585205078,87.78949855387994,85.23114750770641,86.67021949760816,29528000
2021-01-13,86.76408386230469,87.21795421271686,85.77440403010542,85.77440403010542,23432000
2021-01-14,85.95317840576172,87.77213786116161,85.71233916919952,86.84452983792997,29212000
2021-01-15,85.78929901123047,86.78244915170757,84.9992539543371,85.85881921797849,31444000
2021-01-19,88.61233520507812,89.5741993642567,86.04802079890773,86.5530367998629,41660000
2021-01-20,93.35958862304688,94.33535679156603,90.3523301990079,90.69297541443379,64152000
2021-01-21,93.56219482421875,95.94227893241104,93.32681871001536,94.03394723441394,58634000
2021-01-22,93.97980499267578,94.56725260357804,93.18230407695297,93.9251814346911,32744000
2021-01-25,94.06523132324219,95.43280572730802,92.32126272722915,94.98191314189884,50586000
2021-01-26,94.74404907226562,95.13137705953588,93.16395122365255,93.65357053351266,31462000
2021-01-27,90.32402801513672,93.37945448291312,89.24844618847803,93.10335885414129,82512000
2021-01-28,92.0252914428711,93.75287039579504,90.92289423121268,90.92289423121268,55278000
2021-01-29,90.74214935302734,91.74424063423733,89.46099218330933,91.07286857202571,44530000
2021-02-01,94.00514221191406,95.12094344819168,91.59774264388165,91.59774264388165,40252000
2021-02-02,95.29871368408203,96.80085020179051,94.66557593964733,95.00126570965045,66332000
2021-02-03,102.23884582519531,104.60949618353341,99.98786872230788,102.57304290034453,97882000
2021-02-04,101.97814178466797,102.75626795110452,101.05798224734457,102.32524270155008,48596000
2021-02-05,103.72608184814453,104.07914597400963,101.7978831509678,102.27260573689149,29866000
2021-02-08,103.51206970214844,105.02563265356915,102.46082562034202,104.28077001063603,28828000
2021-02-09,103.0586929321289,104.2067727221709,102.79103824523523,103.02939215435124,21892000
2021-02-10,103.60939025878906,104.22514605872993,101.90911925986293,103.44353437120024,25102000
2021-02-11,103.72211456298828,103.98281343588366,102.73442756709264,103.83384698116288,20480000
2021-02-12,104.03396606445312,104.2559306269806,102.96831036572891,103.2761920503462,18990000
2021-02-16,104.81209564208984,106.52230017354546,103.87108383484501,103.87108383484501,31004000
2021-02-17,105.20539855957031,105.39509213585352,103.70226923732812,103.98183521258457,20294000
2021-02-18,104.56928253173828,105.37274677650936,103.94955623441486,104.52906309897602,22546000
2021-02-19,103.72509765625,105.203404154816,103.45794305157632,104.66760224999184,37938000
2021-02-22,102.00943756103516,103.30401380258728,101.69858559876539,101.97666645227667,29466000
2021-02-23,102.3004150390625,102.91517821894672,98.82985283276733,100.00971865711338,34658000
2021-02-24,103.47681427001953,103.7007716404692,100.68209421429081,100.80673050303888,22608000
2021-02-25,100.1070556640625,103.4365925447622,99.63729605423056,102.09236341525845,41548000
2021-02-26,100.40300750732422,102.12165310365899,99.3651674256296,100.80225428942666,40042000
2021-03-01,102.77416229248047,103.1004109765312,101.02423063600573,101.69858046026536,26060000
2021-03-02,102.51692962646484,104.01956628120942,102.1291091622479,102.53480408624813,25564000
2021-03-03,99.8816146850586,103.08849296020443,99.01707119860353,101.8947305503321,33892000
2021-03-04,100.9999008178711,103.0189723022075,99.58465876832166,100.05342577855534,49216000
2021-03-05,104.13526153564453,104.58863175555176,100.69449268365985,102.35156636872838,53100000
2021-03-08,99.68746185302734,104.96307275679592,99.57275159861996,103.48924412975461,36868000
2021-03-09,101.3191909790039,102.48912326397398,101.08282227095005,101.78548025372508,33920000
2021-03-10,101.11212158203125,102.36398540325158,100.2748937042112,102.36398540325158,27100000
2021-03-11,104.30757904052734,104.84040311495322,102.11818127805286,102.20607603435747,27702000
2021-03-12,101.79789733886719,103.16894200275561,100.92492047951261,103.10935541436235,33818000
2021-03-15,102.01836395263672,102.04567194316412,100.69499478793517,101.54860438306733,26168000
2021-03-16,103.48078155517578,104.9600729874848,102.25920360174919,102.5919079750365,31900000
2021-03-17,103.3978500366211,104.23109987836469,101.5059003100196,102.71505934343303,26382000
2021-03-18,100.37471008300781,102.72897123956768,100.26744816681611,101.70751288989462,31700000
2021-03-19,100.65379333496094,101.15433888979732,99.46052334385746,100.79134864835028,46072000
2021-03-22,100.83900451660156,101.71545922515175,100.01021756030983,100.68705266414705,33536000
2021-03-23,101.36735534667969,102.49855328173614,100.70542448407849,101.29882774538657,28510000
2021-03-24,100.93038177490234,102.67186495267238,100.75508476350407,101.88529017608958,25218000
2021-03-25,100.92688751220703,101.58136999340283,99.12083986233408,100.75755373326653,35616000
2021-03-26,100.54304504394531,101.27101819730069,99.50619002125315,100.89362388193071,27978000
2021-03-29,101.58882141113281,101.7586552860578,99.5856394185537,100.41541890802056,26492000
2021-03-30,101.62258911132812,102.42703821443308,101.11012484535064,101.94585993243118,27312000
2021-03-31,102.41960144042969,103.59847472541622,101.64891595703786,102.01638423893236,42570000
2021-04-01,105.75956726074219,106.05602264817969,103.85520604605419,103.89592556687435,39880000
2021-04-05,110.1880111694336,110.68607889590042,106.52577031479808,106.6221059920728,48510000
2021-04-06,109.70633697509766,110.63692268035109,109.33539838290059,109.78876861526743,35240000
2021-04-07,111.18465423583984,111.45627935995104,109.89703385350786,109.89703385350786,24134000
2021-04-08,111.75074768066406,112.81143286154771,111.38228678145336,112.42459741103764,28664000
2021-04-09,112.75580596923828,112.91967664270406,111.09674705309764,111.5029496208984,26146000
2021-04-12,111.46223449707031,112.07152700708663,110.62798445173745,111.93397929114465,25024000
2021-04-13,111.94937133789062,112.39827866126174,111.38426865957148,111.7785524215588,25682000
2021-04-14,111.32765197753906,112.5949124498781,111.03517461319218,112.5949124498781,21002000
2021-04-15,113.47982025146484,114.01364453887427,111.78749754528548,112.3228069510781,29174000
2021-04-16,113.35568237304688,113.92624821584293,112.76823467346607,113.67796065609285,26282000
2021-04-19,113.70377349853516,114.41536491519754,112.73148319799424,112.73148319799424,30290000
2021-04-20,113.16996002197266,114.16261011066196,112.08295945388272,114.08762678716785,22288000
2021-04-21,113.13719177246094,113.2191233304055,111.47216945327,112.82434703331222,23204000
2021-04-22,111.85453796386719,113.6600858814164,111.24871571357562,112.99069904576704,24146000
2021-04-23,114.20879364013672,114.51617525978173,112.28804305693671,112.5735722203721,29066000
2021-04-26,114.70536804199219,115.43037100832214,114.07918606462448,114.43672073608383,32038000
2021-04-27,113.76435852050781,115.12844726225228,113.52500442771635,115.08772774296831,44386000
2021-04-28,117.14405059814453,120.73627149792708,116.85504353918805,118.80558735314312,81106000
2021-04-29,118.81849670410156,119.38459197971964,117.87947003584557,118.64320728077503,41234000
2021-04-30,116.86894226074219,118.27672829890145,116.52431905123296,117.58996717984161,44856000
2021-05-03,116.35150909423828,118.2618334205683,115.97510737902364,117.43553178904428,28242000
2021-05-04,114.55142974853516,115.45320725454022,112.06110599855704,114.88512675108498,44818000
2021-05-05,114.94570922851562,115.95027810340052,114.6234309796566,115.63396305915562,26636000
2021-05-06,116.06697845458984,116.06697845458984,113.86665436169554,114.52660004687345,25190000
2021-05-07,116.79098510742188,117.75037160345586,116.50446333323039,117.38489608496133,28898000
2021-05-10,113.80259704589844,115.75165577723939,113.44456228631331,115.60962996809558,30914000
2021-05-11,112.72551727294922,113.2330185640915,110.93089578077006,111.38526620724798,34186000
2021-05-12,109.25892639160156,111.62908428486004,108.92969990964455,110.54704678651926,46376000
2021-05-13,110.6885757446289,111.20501049695574,109.5802152495057,110.54357212276646,33204000
2021-05-14,113.13866424560547,113.45349415886822,111.729385535674,112.153462565409,31996000
2021-05-17,113.66205596923828,113.70476069631124,112.00299702300212,112.40323639373455,21598000
2021-05-18,112.3486099243164,114.59363131394053,112.3347058838358,114.32895445397962,22204000
2021-05-19,112.79703521728516,112.97033944882926,110.50981640277661,110.65829036295091,23684000
2021-05-20,114.55738830566406,114.80815356114391,113.39391177615245,113.76535047048326,32352000
2021-05-21,113.92076873779297,115.15029510370941,113.68092214088712,115.07679690474603,40632000
2021-05-24,117.24335479736328,117.46730456289447,114.80616214501279,114.95165826755068,31832000
2021-05-25,117.33423614501953,118.38349497580484,116.94343028761784,117.78760640059416,22440000
2021-05-26,118.20025634765625,118.63128160358181,117.5124950673565,117.5154728809379,21572000
2021-05-27,117.3248062133789,118.63427145441929,117.00600585374315,118.63427145441929,35224000
2021-05-28,117.03530883789062,117.98972478731321,116.83668181583471,117.90779322442732,21482000
2021-06-01,118.24345397949219,118.46840392834247,116.90766590408418,117.90876440152581,23354000
2021-06-02,117.71759033203125,118.86219221155922,116.81232738781806,118.63922746306862,21158000
2021-06-03,116.57496643066406,117.04373341126214,115.67815198832696,116.48310125637171,18696000
2021-06-04,118.85871887207031,119.1298514725484,117.31139225486027,117.65204506352062,24458000
2021-06-07,119.29222106933594,119.4019682763619,118.23452137477915,118.65362780359852,24120000
2021-06-08,119.10054016113281,120.14732118685833,118.91879503132425,119.77439739573903,24240000
2021-06-09,119.57230377197266,119.81760592267354,119.02408294020918,119.74560799112477,17942000
2021-06-10,120.92247772216797,120.96568253894894,119.36571770257208,119.52163996137934,25904000
2021-06-11,120.67767333984375,121.24972423320611,120.11951891042602,121.16431477759886,21958000
2021-06-14,121.60677337646484,121.6072658902099,120.07185807853914,120.77997160978902,22098000
2021-06-15,120.58780670166016,121.93451362598967,120.22679410743353,121.61124274090027,21562000
2021-06-16,119.94522857666016,121.051103781599,118.65165259558208,120.73925165647537,26472000
2021-06-17,120.90957641601562,121.68323972485655,119.67459443294561,119.87074371139391,25842000
2021-06-18,119.28826141357422,120.77003827045989,119.19291832944006,120.53565476719979,46116000
2021-06-21,120.97811126708984,121.16432693348352,119.07722028973333,119.67510169323509,27414000
2021-06-22,121.4925537109375,121.56158140548996,120.23473424319909,120.91603228443775,22390000
2021-06-23,121.29044342041016,122.25230755219879,120.99995125396923,121.2571722246555,19148000
2021-06-24,121.660888671875,122.2125798006143,121.46226168040718,121.85951566334282,21362000
2021-06-25,121.6693344116211,121.79298566675085,120.73230051757878,121.16431840853278,34594000
2021-06-28,121.6966552734375,121.94395021731748,120.57389819100639,121.83817341747176,28526000
2021-06-29,121.43494415283203,122.1783216062728,120.8574301606362,121.83022049740785,23108000
2021-06-30,121.25320434570312,121.41956032796028,120.5232383872112,121.15885387013645,24474000
2021-07-01,121.60578155517578,121.74729969788072,120.69903343613329,120.89120472356075,18110000
2021-07-02,124.39949798583984,124.54499411136423,122.21655601213538,122.30643597468982,25982000
2021-07-06,125.32562255859375,125.56199126890598,123.72912789938306,124.78782786126658,26404000
2021-07-07,125.60768127441406,126.41213053638484,125.2888808990829,126.29097214874531,24060000
2021-07-08,124.18746185302734,124.73518256604955,123.17246685935096,123.17643727760102,23790000
2021-07-09,124.65872192382812,124.87323817975565,123.69834285244087,124.16860255332142,18632000
2021-07-12,126.1057357788086,126.19909364851405,124.75058049262387,125.31369794743844,17668000
2021-07-13,126.46923065185547,127.18032198506866,125.80679967583957,126.16830475866163,19240000
2021-07-14,127.35859680175781,128.44064190439045,127.03830375300998,127.08150857342966,23742000
2021-07-15,126.1350326538086,127.8184218627249,125.66328784581317,127.76777629667595,24218000
2021-07-16,126.10028076171875,126.93601597931935,125.28937581428032,126.78853463100182,20424000
2021-07-19,123.72466278076172,125.34051699003123,122.65900702825122,125.22580675306436,27968000
2021-07-20,125.3449935913086,126.17278040531404,123.49872621377297,124.66765836432434,26312000
2021-07-21,126.6753158569336,126.7219910057635,125.16026022646466,125.26950735241101,20746000
2021-07-22,127.54180908203125,127.60289593105068,126.62563515800662,126.96827312782288,14302000
2021-07-23,132.10386657714844,132.48523890184507,128.91139257324573,129.5370668627534,41506000
2021-07-26,133.11688232421875,133.31749453004386,131.3952513476987,132.4152245404215,30572000
2021-07-27,130.9965057373047,133.47839621773178,129.21281791360002,133.33091486736993,54710000
2021-07-28,135.1617889404297,137.34970192584692,134.35088391570483,135.3782980058052,95130000
2021-07-29,134.8474578857422,135.72490530544914,134.61456705577282,135.21740393865812,31716000
2021-07-30,133.8036346435547,134.3776782948477,133.3353677791156,134.11002362301198,25576000
2021-08-02,133.9307861328125,134.40947921310809,132.87754921456434,134.19148503936958,21634000
2021-08-03,134.70095825195312,134.80224938250032,132.40628376383424,134.20933862806302,20762000
2021-08-04,134.1999053955078,134.720318101296,133.56577506518238,134.42237004478915,19676000
2021-08-05,135.3181915283203,135.41602748559603,133.92231670480348,134.75110364771078,17870000
2021-08-06,134.8087158203125,135.5376968094334,134.28384768963306,135.1101493986969,20488000
2021-08-09,135.9751434326172,136.24429836344723,134.41242029641282,135.01130176206638,17760000
2021-08-10,135.869873046875,136.8287592097628,135.43039934124485,136.40119675698182,19414000
2021-08-11,135.34552001953125,136.73939453465712,135.33806411914702,136.24183441816174,15352000
2021-08-12,136.25424194335938,136.35951864766164,134.49786220697922,135.04408266615167,16506000
2021-08-13,136.7840576171875,136.9121869370476,136.09432634999487,136.3098351681771,15948000
2021-08-16,137.3621063232422,137.41475225696215,134.3722294840913,136.58297984358083,22384000
2021-08-17,135.7253875732422,137.31840428534073,135.14985876148344,136.80643247596538,21716000
2021-08-18,134.52120971679688,136.16537221527594,134.39458063861548,135.56500550987712,19258000
2021-08-19,134.7506103515625,135.418504459747,133.33041285553048,133.51464330667287,21782000
2021-08-20,136.4881591796875,136.61180288137527,134.3235836466228,135.06844640251904,31194000
2021-08-23,139.0822296142578,139.90951622851577,136.6648966422779,137.02441648321607,28454000
2021-08-24,140.2938995361328,141.10678974477585,139.3772177307821,139.64834277921207,19268000
2021-08-25,141.1057586669922,141.21550586786483,140.40758643675133,140.6548737639869,15848000
2021-08-26,140.47164916992188,141.44194660984968,140.38870986385695,140.77902317776307,20610000
2021-08-27,143.01759338378906,143.52260939124648,140.52776217570977,140.68219932895803,28780000
2021-08-30,143.60006713867188,144.97061910433263,143.1754900221093,143.41086610714518,24434000
2021-08-31,143.70632934570312,144.17708151735482,143.29269360899076,144.15275891770565,22448000
2021-09-01,144.22079467773438,145.25217904174795,143.8910681023776,144.00677094284313,21936000
2021-09-02,142.30552673339844,144.5227329152527,142.20422043422548,144.2213144723881,32342000
2021-09-03,142.75491333007812,143.16756408093735,141.4250807432199,142.10043075100694,19850000
2021-09-07,143.29220581054688,143.57475715594347,142.63523794111092,142.8492616821158,20124000
2021-09-08,142.7067413330078,143.4108844692113,142.020480234913,143.1129515291971,18344000
2021-09-09,142.5577850341797,143.3220149038084,142.1967799984015,142.85523305878948,15314000
2021-09-10,139.9110107421875,143.72718852242127,139.77395555302834,143.2246427259932,36840000
2021-09-13,141.3575439453125,141.97080687143628,140.2824546953372,140.9771566588483,22094000
2021-09-14,141.56808471679688,142.38098998687326,140.779032265316,142.01599943041023,19674000
2021-09-15,143.44017028808594,143.46102255975654,140.37928108999674,141.7935227681328,27408000
2021-09-16,142.62631225585938,143.31158837344907,141.42609402248692,142.96447980482031,26190000
2021-09-17,139.8355255126953,142.46736699769946,139.5077841883665,142.0507458996069,53384000
2021-09-20,137.769287109375,138.04786802419636,135.3882181598803,137.21511067059447,46518000
2021-09-21,138.0806427001953,139.05244043758358,137.33080952468467,138.79222650353563,25332000
2021-09-22,139.32257080078125,139.92193727417347,137.60244009203043,138.3497879973125,25056000
2021-09-23,140.2487030029297,140.72591094990884,139.4397832505702,140.02176781696548,20952000
2021-09-24,141.2408447265625,141.35556254003694,139.28036730337084,139.57583007870915,22984000
2021-09-27,140.10568237304688,140.96624781578487,139.10806172640446,139.84001289276725,21882000
2021-09-28,134.8995819091797,138.14370154604273,134.4328001428913,137.70522795258165,45772000
2021-09-29,133.4331817626953,136.2115195537081,132.9480330690793,136.04168568698242,30848000
2021-09-30,132.76034545898438,134.61406121757818,132.64117228038688,133.34184510409415,37996000
2021-10-01,135.60769653320312,135.9726870836677,133.15461451676552,133.52654572208218,35360000
2021-10-04,132.74395751953125,135.02919100762176,130.152335016585,135.02919100762176,51202000
2021-10-05,135.09124755859375,136.28452488914058,133.12282944603132,133.12282944603132,32404000
2021-10-06,136.62269592285156,136.8064262666575,133.6283489777049,133.82697596683917,24364000
2021-10-07,138.27134704589844,139.08275211863085,137.7012737211679,137.94062025981415,25110000
2021-10-08,138.8280029296875,139.3697529009224,138.26388525704718,138.62091984045634,26526000
2021-10-11,137.96246337890625,139.7481514962856,137.90783223964974,138.33788008148647,17954000
2021-10-12,135.51434326171875,138.5513949378648,134.8300522945647,138.5245718836767,36332000
2021-10-13,136.6395721435547,137.05470814080826,135.58385011505686,136.46129734353676,19654000
2021-10-14,140.18414306640625,140.36935854476863,137.8740717298719,138.51862826245136,31894000
2021-10-15,140.399658203125,140.74726684594384,139.79086571869038,140.64447543325574,30274000
2021-10-18,141.8000030517578,141.81788509015465,140.10320976767485,140.11016557752583,20396000
2021-10-19,142.255859375,142.67845134559514,141.6232292235095,142.40532593908162,20164000
2021-10-20,140.7979278564453,142.56276401325104,140.4081145292242,142.35618098340703,23288000
2021-10-21,140.91412353515625,141.18227835648491,139.53761565803003,140.79792058686868,26292000
2021-10-22,136.6241912841797,139.6200235721843,135.12403988549715,138.19684070584688,50588000
2021-10-25,136.50550842285156,137.0547142470015,134.49635558033071,136.60779973139745,34412000
2021-10-26,138.35426330566406,139.12344853853375,137.35714271239888,138.3095733663112,49236000
2021-10-27,145.21592712402344,147.63175995262506,138.45009190052772,138.45009190052772,85782000
2021-10-28,144.84996032714844,146.1499996170041,143.6363306801379,146.1266620424721,36206000
2021-10-29,147.03192138671875,147.22657797948324,143.65868705793508,144.08424925630118,43320000
2021-11-01,142.51405334472656,147.0319042836874,142.24441345744162,147.0319042836874,46924000
2021-11-02,144.43629455566406,145.60473405193912,143.3468087936872,143.58914068719244,33482000
2021-11-03,145.59384155273438,145.66435436896379,143.60058532417827,144.90110958293442,27494000
2021-11-04,147.25189208984375,148.70785360831633,145.30581121346245,146.1167161309597,38412000
2021-11-05,147.8323974609375,149.29778499356024,147.1818852970317,148.14771234223062,38354000
2021-11-08,148.0101776123047,149.58332721149728,147.41378132223133,148.79873004411684,23052000
2021-11-09,147.89842224121094,148.80814807366832,146.23637795284716,148.21076684871005,19530000
2021-11-10,144.89414978027344,147.0557547297235,143.54745049930153,146.48965185190764,29970000
2021-11-11,144.76803588867188,146.52493110973253,144.60317257756452,145.48609069795575,16518000
2021-11-12,147.65956115722656,147.83039521534081,144.41494154872743,145.6111891207511,22360000
2021-11-15,147.43511962890625,148.52510553842666,146.56412805215115,147.8805490402253,23508000
2021-11-16,146.86306762695312,147.7434851066345,146.30342052771164,147.13469271784953,18904000
2021-11-17,147.03289794921875,147.54188437232324,146.23143414004474,147.0135307938096,19594000
2021-11-18,148.8121337890625,149.54905558493877,146.87152355597607,147.2260728349166,35608000
2021-11-19,147.90638732910156,149.93242230081603,147.87907933458402,148.94819792793513,33682000
2021-11-22,145.2998504638672,148.80318386713506,145.14641349880958,148.30959419909644,30594000
2021-11-23,144.78341674804688,145.65540854361367,143.1278431625673,145.1518776457965,27218000
2021-11-24,145.1190948486328,145.24770912643848,143.38406747968642,144.47702364133363,18040000
2021-11-26,141.2090606689453,143.567292087887,140.87089317793425,143.35972407872825,30470000
2021-11-29,144.53363037109375,145.29537478702147,142.90783507857046,143.01361186652207,32596000
2021-11-30,140.925537109375,144.9999291351749,140.63155943723774,144.01521986367607,42068000
2021-12-01,140.0853271484375,144.95077215345802,139.94678681424585,143.01363215793765,34020000
2021-12-02,141.98670959472656,142.87905356135158,139.2540463739242,140.2824605205018,29194000
2021-12-03,141.02879333496094,143.4108622939395,139.33994117662564,142.69679322157347,41230000
2021-12-06,142.17440795898438,142.86712473038352,139.189986920454,142.06069032750446,30618000
2021-12-07,146.2607421875,146.52045607098424,144.2327219717644,144.5991976891351,32240000
2021-12-08,147.1714324951172,147.37653035976174,145.4031415660559,146.5854775642507,24270000
2021-12-09,146.62721252441406,148.07870362963027,146.10729983987582,146.58003728286783,23270000
2021-12-10,146.9877166748047,147.95702922192558,145.6991036669825,147.68143367478206,24458000
2021-12-13,144.82760620117188,146.9564170720681,144.5207171315335,146.76920125229069,27070000
2021-12-14,142.92123413085938,143.49030713866176,140.2476730088014,142.98182088749533,38446000
2021-12-15,145.43788146972656,145.71596227271536,140.70750727401295,142.4266528071714,36370000
2021-12-16,143.45558166503906,146.66543763733537,142.6233092253354,146.16240684047588,33650000
2021-12-17,140.75421142578125,142.84925876287545,140.33211958011196,141.5238967322668,50416000
2021-12-20,140.63702392578125,140.8033875058699,138.36668691075283,139.04103678781289,27192000
2021-12-21,142.48974609375,142.88352978541766,139.54008877939256,141.0804596519441,28756000
2021-12-22,145.41207885742188,145.49650329171536,142.0875201032057,142.0875201032057,26322000
2021-12-23,145.91014099121094,147.22804705597008,145.4488147669003,145.4964900938066,26384000
2021-12-27,146.89334106445312,147.32784420840972,146.16138996745596,146.24729950718424,15976000
2021-12-28,145.68222045898438,147.28317810290264,145.0540608351718,147.22060612425986,18200000
2021-12-29,145.6504364013672,146.40722543558255,144.64984548921163,145.64001026436924,17788000
2021-12-30,145.19903564453125,146.29100668000854,144.99445303661054,145.68915495604028,15688000
2021-12-31,143.8597869873047,145.69363529996593,143.8597869873047,145.0495788982198,18136000
2022-01-03,143.99832153320312,144.8519311224432,142.72857575378174,144.0613784409724,28646000
2022-01-04,143.410400390625,145.4816101983603,142.73208012573355,144.400065125975,28400000
2022-01-05,136.83128356933594,143.50972565162783,136.74488906628477,143.43077189598904,54618000
2022-01-06,136.803955078125,138.98144174621683,135.62310409438905,136.06009260812084,37348000
2022-01-07,136.07846069335938,137.50015849299731,134.83652283935174,137.1992250078914,29760000
2022-01-10,137.71963500976562,137.8686166309049,132.25235351586585,134.15274434444186,44408000
2022-01-11,138.77882385253906,139.25554684251247,135.7561836931482,137.06167849311132,28730000
2022-01-12,140.4617156982422,141.6311554318166,139.73076471910252,140.18313478333724,26108000
2022-01-13,137.63771057128906,141.871510304291,137.46092086663876,140.57047082946312,31436000
2022-01-14,138.52508544921875,139.77794951568995,136.06009199236166,136.14003076332514,29662000
2022-01-18,135.06643676757812,136.19217162710595,134.5107751926396,135.24222628592668,34872000
2022-01-19,134.1909637451172,137.01449172836578,134.09065764793374,135.58832360539645,28648000
2022-01-20,132.3943634033203,136.6832943570819,132.0537105865044,135.31671267129403,29908000
2022-01-21,129.4586181640625,133.94169047418686,129.19543397045766,131.68526524961257,55652000
2022-01-24,129.90802001953125,130.30428901156284,123.64720029032809,125.11507313847382,76622000
2022-01-25,126.06552124023438,128.51264787747468,125.63400340844352,127.85816527451126,46960000
2022-01-26,128.3477783203125,132.0889733339284,126.27109790890478,130.2208611272421,49130000
2022-01-27,128.12132263183594,131.74382882791292,128.0493095569631,130.40457051733026,31950000
2022-01-28,132.4375762939453,132.4430469854513,127.6049098676887,128.7708642548901,34362000
2022-01-31,134.37667846679688,134.5450272244261,131.30387795487317,133.24300286957987,39986000
2022-02-01,136.70115661621094,136.8491380497125,133.44809584204324,136.65199616866573,68644000
2022-02-02,146.98622131347656,150.50842187379808,144.52569849957,150.213959281509,123200000
2022-02-03,142.10984802246094,148.64974827603828,141.68825627852442,144.70744115071966,71518000
2022-02-04,142.31143188476562,143.88259579803744,139.5524615064177,142.46189858449821,57998000
2022-02-07,138.2475128173828,143.2619244603311,137.9485645278239,143.2619244603311,54974000
2022-02-08,138.44412231445312,139.04100341814646,136.07546496175857,138.0741763550411,54284000
2022-02-09,140.6221160888672,141.5482389401136,139.22674129304525,139.99792689638787,40144000
2022-02-10,137.67047119140625,140.51535178227655,137.0120182079764,138.74656067127665,39330000
2022-02-11,133.36268615722656,138.20329295411477,132.486223876279,137.6506167768868,39958000
2022-02-14,134.59765625,135.36635645883993,132.3437014572627,132.3437014572627,34302000
2022-02-15,135.67276000976562,137.16248526255038,134.89114828122072,136.62816089438695,26680000
2022-02-16,136.79452514648438,137.14013340541413,133.99979001083722,135.71049482174425,25022000
2022-02-17,131.63113403320312,136.17429301504373,131.571047355808,135.30975711120635,38950000
2022-02-18,129.50975036621094,133.15163912187222,129.30466766211782,132.55275761865371,45620000
2022-02-22,128.92430114746094,131.27507671013754,127.34518092700627,128.9486237480946,44990000
2022-02-23,126.71403503417969,131.146461476255,126.65394836077941,130.74672218976002,32786000
2022-02-24,131.78207397460938,132.0889630529401,124.09757963651286,124.09757963651286,54456000
2022-02-25,133.53846740722656,134.34490176287858,130.84900920998376,132.63718249004066,36406000
2022-02-28,134.1319122314453,134.821643746424,131.6842852175535,132.1386557412079,38864000
2022-03-01,133.14317321777344,135.32214458518868,132.3059606090061,133.95457811063864,26496000
2022-03-02,133.6497039794922,134.3359650140929,132.1599788001748,133.7058202345684,23520000
2022-03-03,132.98231506347656,135.5049097951273,132.1142937033128,135.07834743813976,24604000
2022-03-04,131.00296020507812,132.93464460585957,129.44470730870609,132.01697782761468,30430000
2022-03-07,125.51282501220703,130.8326323863865,125.42989327908792,130.5873302458659,45112000
2022-03-08,126.23385620117188,130.35096043233546,124.81365114823323,125.38520955872268,40428000
2022-03-09,132.506103515625,132.81944835755982,129.01071051027446,130.35096930824116,37026000
2022-03-10,131.5223846435547,132.35911244842734,130.01577753476292,130.36685648313625,27102000
2022-03-11,128.98089599609375,132.87901308686813,128.74353470326596,132.5741092235153,31526000
2022-03-14,125.08824157714844,129.5157047953753,124.41687721797516,129.35779732793398,38812000
2022-03-15,128.31301879882812,128.96503124625056,124.85933803680028,126.1062389125735,30920000
2022-03-16,132.3675537109375,132.41968439619922,127.85268781908668,129.83750304335058,35576000
2022-03-17,132.92222595214844,133.1620725593792,131.27954871173705,132.23694993148916,28264000
2022-03-18,135.19305419921875,135.3107422407677,131.35253849053151,132.51055184296035,44566000
2022-03-21,135.16921997070312,136.1112244178566,133.173978749984,135.23079176119532,26832000
2022-03-22,138.90992736816406,140.0838376848272,135.16923238113208,135.16923238113208,35496000
2022-03-23,137.3283233642578,138.6323329542987,136.8908499613676,137.7524003944116,25154000
2022-03-24,140.6022491455078,140.64892428959428,136.80692345204187,138.2464879446874,26396000
2022-03-25,140.7025604248047,141.06208028165258,138.78031728528904,140.94389214459488,24126000
2022-03-28,140.48655700683594,141.02980723169944,138.85380578704,139.9353507908975,35050000
2022-03-29,141.52935791015625,142.80854493506988,141.06556149858096,141.67039869442453,34318000
2022-03-30,140.96624755859375,141.74288866121253,140.63006526780768,141.48417499062563,19884000
2022-03-31,138.1149139404297,141.13458383266473,138.07220921119722,141.07995269395536,37524000
2022-04-01,139.19049072265625,139.5087909885533,137.36011265105827,138.54444908128045,25942000
2022-04-04,141.99217224121094,142.72760894504665,139.34940401086646,139.39707934303763,25942000
2022-04-05,139.62799072265625,142.01104517908408,139.4209227742379,141.89038687951535,21418000
2022-04-06,135.61268615722656,138.405921270331,134.58874241741407,137.79959891315158,32468000
2022-04-07,134.9576873779297,136.22494793186857,133.30805431972186,135.07834566419274,26234000
2022-04-08,132.37449645996094,134.74066862943772,132.0546959534093,134.65475908711477,25142000
2022-04-11,127.94110107421875,131.18770666287224,127.78716398786327,130.92055201674495,36884000
2022-04-12,126.83966827392578,130.69855860670543,125.9205088911911,130.69855860670543,32710000
2022-04-13,129.00424194335938,129.4412304311551,126.86598980577136,127.12321836007308,27928000
2022-04-14,125.86192321777344,129.58574380720424,125.73380145210479,129.58574380720424,31598000
2022-04-18,126.80193328857422,127.33425728221141,125.31767118048631,126.13006878953061,20808000
2022-04-19,129.1184539794922,129.44022454936223,126.12956257149347,126.8168237740638,26490000
2022-04-20,127.16293334960938,130.49893329620238,126.62663895836951,129.99540243243885,31696000
2022-04-21,123.95953369140625,129.2073354940893,123.67350445849084,128.36465210884853,36446000
2022-04-22,118.81600952148438,124.54301206602497,118.11038133016164,124.1437652925247,56884000
2022-04-25,122.23095703125,122.43306193166998,117.69921703394614,118.28517197562043,46128000
2022-04-26,117.83726501464844,121.6708251413164,117.69921720652222,121.4568014084917,73054000
2022-04-27,113.5115966796875,116.43890115247335,111.9642701529319,113.68539340141608,91820000
2022-04-28,117.71063232421875,118.82991140062502,113.33332202730232,115.6175702979795,48884000
2022-04-29,113.32786560058594,117.11226538731582,113.03488812105105,115.93488477812409,42676000
2022-05-02,115.784423828125,115.94580921166728,111.82870509334481,112.62819126516962,35534000
2022-05-03,116.5302734375,117.63068544527395,115.23967536784316,115.63295892784193,24968000
2022-05-04,121.42353057861328,122.01296342752673,114.32746860054469,116.22985211462537,49916000
2022-05-05,115.70744323730469,120.2098896284902,114.2177181713299,119.38061025102026,45840000
2022-05-06,114.95365142822266,116.76615498990255,113.23451331524208,114.39550456228451,39710000
2022-05-09,111.74031066894531,114.28873566343553,111.23330949084597,112.47424700492478,40802000
2022-05-10,113.61140441894531,115.45370122184362,112.12714235556041,114.71628695611551,39900000
2022-05-11,112.8243408203125,115.56742256499777,112.4608505325777,112.4608505325777,37534000
2022-05-12,112.07102966308594,113.5120868563292,109.07221226169113,110.61457573394516,53836000
2022-05-13,115.25557708740234,117.06758067088552,112.82683262018276,113.74846982950024,35038000
2022-05-16,113.66107177734375,115.37425431835217,113.10938061192142,114.1680730032844,25990000
2022-05-17,115.6751708984375,116.0992479298773,114.08315444400371,116.04015386240661,23054000
2022-05-18,111.13301086425781,114.60953671958168,110.79136543123056,114.21227511679197,35126000
2022-05-19,109.62789154052734,112.2359033534811,109.24651920632846,110.66821695459474,34144000
2022-05-20,108.16199493408203,111.41506331912538,105.07181220746052,111.18415014796633,48962000
2022-05-23,110.72431945800781,111.37930208284921,107.99613444392592,108.83684020240013,37184000
2022-05-24,105.24412536621094,105.72928171250157,101.18660771550725,105.0474835711035,76780000
2022-05-25,105.08026123046875,105.77050034276571,103.14510641575914,104.26637085220138,40258000
2022-05-26,107.05414581298828,107.90527019647237,104.50422783594661,104.9531351796144,37948000
2022-05-27,111.5471420288086,111.54863472420854,108.39090958839716,108.73305507461306,37914000
2022-05-31,112.98274993896484,114.94223478737628,111.31077945637375,111.9742030382361,50012000
2022-06-01,113.11185455322266,116.29937309388902,112.47425385777059,114.06826317353504,36606000
2022-06-02,116.81681060791016,117.09191364618562,112.17284522011377,113.2191263212025,37992000
2022-06-03,113.75640869140625,115.5247147902425,112.7409135990989,115.26748624103267,26136000
2022-06-06,116.02029418945312,118.52948481957034,115.36828939248328,115.90508386814868,33542000
2022-06-07,116.34703826904297,116.88483293983977,114.26390982732367,114.68947198764029,31590000
2022-06-08,116.39124298095703,117.75831718034826,115.80131001338671,115.96170279833255,26108000
2022-06-09,114.04889678955078,117.48867330795103,113.98980271889602,115.53067360236983,25798000
2022-06-10,110.40005493164062,112.50305059167471,109.61000232222437,111.67476376402166,41452000
2022-06-13,105.66372680664062,108.0462884474437,105.39210170145553,106.05502516866834,47252000
2022-06-14,105.9845199584961,107.18523818559247,105.07529410324224,105.80526010580438,33706000
2022-06-15,109.01263427734375,110.66026699950997,106.93198347818276,107.8014823825955,39698000
2022-06-16,105.30718231201172,107.90426771466136,104.41781621124528,106.48654806155035,51684000
2022-06-17,106.40959167480469,107.95493317182847,104.32645545514198,105.30719432645122,51376000
2022-06-21,110.77993774414062,111.7189644125282,107.85610349476617,108.18334476803008,47416000
2022-06-22,110.72383117675781,112.57009089350043,109.62639691916156,109.7992086229141,30774000
2022-06-23,111.47315216064453,111.9702273097303,109.74358796129896,111.46272602416786,28362000
2022-06-24,117.1668930053711,117.27018450537825,112.17879704892937,112.22100926625183,41164000
2022-06-27,115.04006958007812,117.76725468629267,114.39054242656216,117.46285844800849,36420000
2022-06-28,111.24026489257812,116.50594891671535,111.08185732274715,115.00926788550748,35792000
2022-06-29,110.93635559082031,112.3853612198346,110.11303179566326,110.78788165155984,24716000
2022-06-30,108.21661376953125,110.12843077767293,106.0187751041556,109.24651298788866,43170000
2022-07-01,107.99266052246094,108.50164691075395,105.99940454132032,107.19366691373251,35476000
2022-07-05,112.48716735839844,112.60038490089782,105.00725515042267,106.36688099642751,39342000
2022-07-06,113.78719329833984,114.79772535634902,110.71239988316604,112.52589598936854,37432000
2022-07-07,117.96935272216797,118.37307002049975,114.04691270803878,114.29172234358994,40936000
2022-07-08,118.53594970703125,118.8651762014679,116.10074202416587,116.44685795142414,38238000
2022-07-11,114.8841323852539,117.1897331383704,114.54050176466727,117.1897331383704,31196000
2022-07-12,113.23947143554688,116.17273911133853,112.91123756952663,115.41893551644583,29960000
2022-07-13,110.59075164794922,113.41377989157871,110.43979239256281,110.93586740386377,43722000
2022-07-14,109.61149597167969,110.33202838278505,107.63065884898506,109.45557370657367,37004000
2022-07-15,111.01183319091797,112.36550334245979,110.14034911864573,111.23331281907532,46770000
2022-07-18,108.28316497802734,112.90131491852276,107.62768978683735,111.86843780236956,43164600
2022-07-19,113.0304183959961,113.2389790223901,108.80953017450513,110.090694802755,36530900
2022-07-20,113.11979675292969,114.60952188775194,111.70952544381008,112.3947938533773,35600400
2022-07-21,113.5567855834961,113.76535378483867,110.34891481197837,113.49719899861788,32676200
2022-07-22,107.16089630126953,111.57047755149821,105.77048465887167,110.23966006699301,48901200
2022-07-25,106.77357482910156,109.11740979105046,105.571864055946,107.66741148020654,34690900
2022-07-26,104.30062103271484,106.46568857174864,103.35713146074687,105.86980002223551,47991000
2022-07-27,112.28555297851562,113.12973666354446,107.27014929212193,108.51158697347695,59858500
2022-07-28,113.43760681152344,113.55677997539442,110.69651038548061,111.60028062288364,32816600
2022-07-29,115.52323150634766,115.91055948000562,112.28555971746356,112.30542696475278,37223400
2022-08-01,114.07322692871094,115.92048681539644,113.55678460709224,114.51021541975226,26034300
2022-08-02,114.34137725830078,115.55302168772738,112.94103944751733,113.21912028499861,20236000
2022-08-03,117.27117156982422,117.80747356026012,114.68898269438547,114.91740298576683,28499000
2022-08-04,117.38042449951172,117.96637948017171,116.08932620935268,116.67528876714736,21602900
2022-08-05,116.66534423828125,117.30095970035435,115.20541236919229,115.43384022765638,19159500
2022-08-08,116.49651336669922,119.32698972388245,116.07938455316629,117.57904337218183,19138300
2022-08-09,115.83110809326172,116.51638417366392,114.91741170414872,116.33761682995618,19086500
2022-08-10,118.88006591796875,120.09171027247865,117.59890893552108,117.96636962927194,30930400
2022-08-11,118.02595520019531,120.65780450187786,117.74787438229087,120.44924388844952,24293700
2022-08-12,120.84651184082031,120.84651184082031,118.64171727202111,119.4362404313281,19096300
2022-08-15,121.2437744140625,121.4622686635192,119.7838424537241,120.30027720751173,19494800
2022-08-16,120.86637115478516,121.59137410380659,119.81363441236235,120.68760382332333,19041200
2022-08-17,118.73110961914062,120.4591888481378,118.56226832626471,119.2972049309053,22847000
2022-08-18,119.34685516357422,119.99240429519782,117.90679043522003,118.61192615288643,17987700
2022-08-19,116.4071273803711,118.33384108294739,115.96021284676502,118.24445362994561,21809500
2022-08-22,113.45747375488281,114.83795189055648,113.07014579319794,114.41089701265592,21456600
2022-08-23,113.08007049560547,114.22219462101687,112.65301565139542,112.70267618703092,15870400
2022-08-24,112.91124725341797,113.99377732088206,112.09686440266782,112.72254629309008,17734600
2022-08-25,115.85096740722656,115.92048761517785,113.32836509749748,113.45747189022575,16956800
2022-08-26,109.58417510986328,114.33143881025576,109.43520866103887,113.93417726674532,37245700
2022-08-29,108.67048645019531,110.1900049513534,108.05473821304507,109.236581726649,21191200
2022-08-30,108.19377899169922,109.74309078993296,107.0615884349693,109.41534942426527,27513300
2022-08-31,107.47871398925781,110.09069624211486,107.38932653270058,109.89206923641922,28627000
2022-09-01,108.98829650878906,109.69343221359867,106.62460185419623,107.53829818348746,28360900
2022-09-02,107.11124420166016,109.98144758364315,106.52528923902702,109.83247354287955,24160700
2022-09-06,106.078369140625,107.29001358215552,105.05542565947091,106.56501818821323,25068300
2022-09-07,108.70027923583984,109.22665517213872,106.16775093808137,106.32665101955834,23167000
2022-09-08,107.63760375976562,108.84924807890526,106.42596701775983,107.29993636702643,24238300
2022-09-09,109.89205932617188,110.22972672082997,108.27321982491722,108.32288036042995,23197700
2022-09-12,110.10063171386719,110.85542798702407,109.17700172532125,110.22973851202329,22966800
2022-09-13,103.60542297363281,107.55816389040682,103.3769951060123,107.06158881718635,38172900
2022-09-14,104.28076171875,104.55884253765855,102.94994420622076,103.85370686767357,26395100
2022-09-15,102.20508575439453,104.54891314157877,101.64891651695895,103.31740907499702,34188300
2022-09-16,102.0958480834961,102.42358190529536,100.24858802403818,101.37084507165368,42797200
2022-09-19,102.36397552490234,102.6221966599399,100.8543907802679,101.05301775975306,23036800
2022-09-20,100.44721221923828,101.66879031860427,99.83145635767744,101.38077584676782,26517100
2022-09-21,98.5999526977539,102.17529197681066,98.59001907394925,100.97358111903203,31487300
2022-09-22,99.45405578613281,100.54651943978457,98.1133045940541,98.14309788632383,34298600
2022-09-23,98.06364440917969,98.97734831250827,96.802347043361,98.94754744299671,31625400
2022-09-26,97.49755096435547,99.19583685614552,97.13009024858292,97.42803075511732,27072700
2022-09-27,96.8321304321289,99.31500557141426,96.20644862479709,98.74891034274255,30072800
2022-09-28,99.36467742919922,100.010218977276,96.44481350795311,96.98111550841472,32466300
2022-09-29,96.75267791748047,97.96432221417734,95.3026797257865,97.96432221417734,31047200
2022-09-30,94.99481201171875,98.22254995330734,94.90542455938035,96.38522371736838,32941500
2022-10-03,97.9643325805664,98.60988170924736,95.85885148341555,96.09721298076929,27982000
2022-10-04,100.94377136230469,101.14239834319558,99.6924001667179,99.75199432269207,28850800
2022-10-05,100.73522186279297,101.23179694688893,98.1232396482166,99.14618310911277,22176900
2022-10-06,100.72528076171875,102.2249395259523,99.90096436480401,99.99035181341513,22324000
2022-10-07,98.00406646728516,99.84139290487568,97.62667210200152,99.16605043527572,27502800
2022-10-10,97.18966674804688,98.42117071694531,96.34549070144016,98.321857225074,18225100
2022-10-11,96.51432800292969,98.57014842775828,95.65028467937152,96.76261553045553,26507100
2022-10-12,96.8917236328125,98.07357470456819,96.07734083455361,96.63351005621553,21876400
2022-10-13,98.38146209716797,99.09653149501064,93.73351858832581,94.49824852990454,34574500
2022-10-14,95.89856719970703,100.00028178963521,95.70987384109085,99.3050722025817,25410700
2022-10-17,99.28522491455078,100.23864818008829,98.1530343131541,98.18282760627487,28419200
2022-10-18,100.0797348022461,102.76124468709659,99.28521924820954,102.42356970435209,24060700
2022-10-19,98.94754028320312,100.32801829577426,98.24240463180688,99.32494216503058,23811100
2022-10-20,99.28522491455078,101.61912632700415,98.709195990434,99.31501820767156,25323200
2022-10-21,100.43726348876953,100.61603080380956,97.05062570240428,97.17973248327009,32458700
2022-10-24,101.8177490234375,102.04617688958683,99.29515433560225,101.10268728739813,27176400
2022-10-25,103.76432800292969,104.10199540713289,102.01638166791882,102.19514899283054,40611400
2022-10-26,94.27973937988281,97.63658399309821,94.04138547726846,95.7694645312069,88114100
2022-10-27,91.58830261230469,94.77631349543512,91.17118139256064,93.87254327552247,60710900
2022-10-28,95.63043212890625,95.88865329835012,91.49892372634271,91.63796414593529,43697300
2022-10-31,93.86262512207031,95.37221005350747,93.3362567418793,94.766387840837,31675000
2022-11-01,89.85029602050781,95.37220847515945,89.75098252011932,94.79617956491805,47161400
2022-11-02,86.374267578125,90.55542869485429,86.2848801267709,90.31707478646692,57038300
2022-11-03,82.85852813720703,85.9273588644088,82.76914067192502,85.72873183932593,61288000
2022-11-04,85.98694610595703,86.04653269325414,83.13660230513511,84.81502856726082,51124900
2022-11-07,87.88385772705078,88.29105293982344,86.2550920302293,86.68214691275777,34078900
2022-11-08,88.29104614257812,89.70131747784048,86.9900143482646,88.29104614257812,30429000
2022-11-09,86.72187805175781,88.82735927371178,86.68215113317737,87.84413508739937,31769100
2022-11-10,93.29652404785156,93.74343856788602,90.98248246585224,91.61809793205568,51620100
2022-11-11,95.74961853027344,96.26605332250858,93.27666897055418,94.04139890058521,33090500
2022-11-14,95.04446411132812,96.12700168973441,93.86262061279506,94.43864192776208,30179500
2022-11-15,97.76570892333984,99.4540612464855,96.04755572915394,97.58694158277216,41640800
2022-11-16,98.17288970947266,98.95747922841689,96.97117895072545,97.22940010842291,29105200
2022-11-17,97.6862564086914,98.59995279410664,96.12701086376991,96.30577820675418,26052600
2022-11-18,96.76261901855469,98.2225509453757,95.70988228857895,98.09343657704217,28342300
2022-11-21,94.94515991210938,97.72598357054807,94.70680597991417,96.62358621558475,21647400
2022-11-22,96.38522338867188,96.55405709268237,93.40577299121226,95.29275218122933,23438500
2022-11-23,97.78556823730469,98.08351632954358,96.42494972921129,96.42494972921129,18868100
2022-11-25,96.79240417480469,97.96432155155298,96.73281759574188,97.56706001115576,9701400
2022-11-28,95.39208221435547,96.91160084741479,94.95509369034133,96.37529881625241,26237500
2022-11-29,94.5379638671875,95.46159379672028,93.46535990183312,95.07426584986467,20061700
2022-11-30,100.29823303222656,100.34789357132563,93.77323675188165,94.17049833327081,43647500
2022-12-01,100.29823303222656,101.54960436160536,99.563304031794,100.32802632483222,28687100
2022-12-02,99.75200653076172,100.07974033162778,98.22255434389345,98.37152838636051,21480700
2022-12-05,98.79857635498047,100.68555550376762,98.32186096786398,98.71912252760538,24405100
2022-12-06,96.31568908691406,99.0965045046302,95.75951994166437,98.61979675399684,24910700
2022-12-07,94.28968048095703,96.21638667703273,94.0711862290918,95.74961245738875,31045400
2022-12-08,93.06809997558594,94.92529349040643,92.80987881407734,94.72665891342506,32213300
2022-12-09,92.19412994384766,93.61433495682455,92.11467611359325,93.12768592936698,28225400
2022-12-12,92.67083740234375,92.91912493805006,90.98248519039448,92.07494883207544,29420000
2022-12-13,94.97493743896484,98.84822418549331,94.37904891883746,97.09035191454747,40593700
2022-12-14,94.41878509521484,96.20645840814433,92.95885315251148,94.54789188781861,28733600
2022-12-15,90.23761749267578,92.998573521634,89.39344143432389,92.49206485576933,40107000
2022-12-16,89.64173126220703,90.70440157933497,88.90679472353236,90.13830631838147,58011800
2022-12-19,87.83419036865234,89.93966356588601,87.60576252965812,89.64172310557181,29493000
2022-12-20,88.41021728515625,88.56912493587465,86.84104590854801,87.50645464738024,23453800
2022-12-21,88.96639251708984,89.60200800878793,87.71502120281298,88.46981744062983,24745600
2022-12-22,87.15885925292969,87.93351515729785,85.72872061278274,87.55612082820765,27658300
2022-12-23,88.61878967285156,88.93659741222335,86.47358174924135,86.5133086638046,23003000
2022-12-27,86.79138946533203,88.33077520142463,86.4139951427837,88.19173478905765,20097300
2022-12-28,85.43077850341797,87.43694618896947,85.3513322445214,86.38420938152522,19523200
2022-12-29,87.84413146972656,88.24139306203571,86.01673875309298,86.02667237661274,23333500
2022-12-30,87.62564086914062,87.69516107639714,85.97700798686586,86.3842031844642,23986300
2023-01-03,88.5095443725586,90.4263244711382,87.91364821898763,88.97631857972549,28131200
2023-01-04,87.47666931152344,90.02906496049344,86.67221251659535,89.73111687687052,34854800
2023-01-05,85.60954284667969,86.97016132679408,85.3116023377022,86.8708478238016,27194400
2023-01-06,86.74172973632812,87.0893383476196,84.2787216281847,86.19550170469084,41381500
2023-01-09,87.41707611083984,89.43317735489786,87.25817602105704,87.75475111447206,29003900
2023-01-10,87.8143310546875,88.06261858260312,85.24207590250592,85.3910499346821,30467800
2023-01-11,90.89309692382812,90.97255075305516,88.40029554318691,88.56912924744373,26862000
2023-01-12,90.50576782226562,91.24070436753142,89.13522338270101,90.85337642641241,30258100
2023-01-13,91.4889907836914,91.55851098824732,89.51261661092427,90.22768590186173,26329200
2023-01-17,90.6646728515625,91.6180960310852,89.4331688584874,91.42939508883157,32602400
2023-01-18,90.49584197998047,92.1643344905254,90.0191265867673,91.50885177199906,29116700
2023-01-19,92.41262817382812,92.96878985532521,90.00919895635575,90.09858641353043,37000400
2023-01-20,97.34857940673828,97.62666782792186,94.36912880255512,94.44858263717902,63191100
2023-01-23,99.10645294189453,99.35474047579733,96.83213822208886,97.2790527522602,40005100
2023-01-24,97.03076934814453,98.9276898249223,96.5341942592039,97.42803093472394,33078500
2023-01-25,94.56775665283203,95.50132020032594,93.11775837133916,94.91535768313268,42330000
2023-01-26,96.85199737548828,96.90165791285827,94.7266567027606,95.83898757649443,30114000
2023-01-27,98.68932342529297,99.63281294412907,96.6434291650943,96.6434291650943,33879800
2023-01-30,96.27597045898438,97.6167215415183,95.73966851054406,96.8122724074247,27226200
2023-01-31,98.16295623779297,98.20268315266414,96.15679628817142,96.20645682604395,29870700
2023-02-01,99.7420654296875,100.49686163170139,96.91158914355285,98.03384603535108,35531100
2023-02-02,107.00199890136719,107.11124602798093,104.8865917332853,105.07529269327897,69883800
2023-02-03,104.06227111816406,107.07151484914603,101.87734382713276,102.22494486291488,65309300
2023-02-06,102.19515991210938,103.64515833481778,101.18214243699336,101.69858479842287,31999600
2023-02-07,106.90267944335938,107.43898142309807,102.413644187333,102.51295768495851,49010200
2023-02-08,98.68932342529297,102.43349578854317,97.36843203721557,101.3509658685551,94743500
2023-02-09,94.35919952392578,99.34481003021067,92.9886474435818,99.31501673753093,119455000
2023-02-10,93.92221069335938,96.08727835366426,93.60440294400885,94.79618010978967,54980700
2023-02-13,93.9619369506836,94.54789190623137,93.19720708667369,94.0910437433125,50076100
2023-02-14,94.03146362304688,94.20029734281495,91.62804189662572,93.78317606675209,54726100
2023-02-15,96.27597045898438,96.45473777513115,93.50508084727629,93.84274823492368,50169000
2023-02-16,94.85576629638672,97.01090015224685,94.09103649131777,94.7167258913076,42462600
2023-02-17,93.7037124633789,94.90542320133379,92.571521930855,94.20028752420988,34284100
2023-02-21,91.16126251220703,92.46228691724235,91.09174229767389,92.36297340750001,33629300
2023-02-22,91.022216796875,91.4790649768656,89.98933968584355,91.07186976029493,30884000
2023-02-23,90.26741790771484,91.31022861201542,89.14516094882144,91.29036136551639,41206400
2023-02-24,88.51947021484375,89.27426645106479,87.9732421781732,88.82735191404939,36585100
2023-02-27,89.25440216064453,89.54241659872595,88.72802624317121,89.25440216064453,27502300
2023-02-28,89.44310760498047,90.60509913680653,88.70817855378289,88.71811217771574,30142000
2023-03-01,89.74105834960938,90.40646720714943,89.05578224361832,89.36366397752738,31111200
2023-03-02,91.36980438232422,91.64788518332035,88.97630913050227,89.04583690788485,32204400
2023-03-03,93.00850677490234,93.08796060004295,91.81672212919472,91.8465229964728,35160100
2023-03-06,94.4783706665039,95.31262072930046,93.35611372922939,93.37597339821141,32639300
2023-03-07,93.21707916259766,95.01467861504145,92.88933777532736,94.32941012372648,27835500
2023-03-08,93.60440063476562,95.30268646381667,93.3561130999254,93.47529384441702,34103300
2023-03-09,91.6876220703125,94.87563316082465,91.2705008234345,93.40577517359714,28813500
2023-03-10,90.00919342041016,92.15440133504755,89.78077313404465,91.53864552759404,35941000
2023-03-13,90.48590850830078,91.93590678175909,88.80748237211967,89.47289113745587,37335600
2023-03-14,93.32632446289062,93.71365243038926,91.80680588622143,91.92597905952277,36050200
2023-03-15,95.45166015625,96.26604296450648,92.00542797274241,92.58145687000861,50622100
2023-03-16,99.63282012939453,100.49686346498038,94.84583683514583,95.54103889104195,65492000
2023-03-17,100.9239273071289,102.13556420140692,99.41433474115614,99.5732424121574,61028500
2023-03-20,100.52666473388672,101.05303312899842,99.18591347561197,99.43420102629747,32960400
2023-03-21,104.20130920410156,104.38007652952844,100.52665677571322,100.55645006709534,42110300
2023-03-22,102.66193389892578,105.8598710222932,102.62220698360557,103.55576297366062,43427400
2023-03-23,104.87664794921875,105.5718575582382,103.74445745321431,104.34034599156392,40797800
2023-03-24,104.71774291992188,104.76739587577343,103.12869679000204,104.27082085445686,30393300
2023-03-27,101.75817108154297,104.04241962848944,101.23180267495889,103.9033792032459,31120900
2023-03-28,100.33795928955078,101.74823069594882,99.05679467597474,101.7383046499017,32057900
2023-03-29,100.69548797607422,101.78795157003168,99.96055902408595,101.57939095840531,28779600
2023-03-30,100.19891357421875,100.46706834599645,99.09651635054152,100.21878081953102,33086200
2023-03-31,103.01947021484375,103.1783703015433,100.34789383942677,100.60611500458978,36863400
2023-04-03,103.6451416015625,103.81397529444574,101.23178663559096,101.68863475716934,25035400
2023-04-04,104.00267791748047,104.85678759514104,103.32733555786824,103.61534999123135,24420100
2023-04-05,103.75439453125,105.37322650348958,102.9499453565425,105.05541876730959,28290500
2023-04-06,107.67733001708984,108.4221925782105,103.61534982080275,104.53897969967772,48711500
2023-04-10,105.71089172363281,106.85300819756863,104.39993398580671,106.24719364962533,27067400
2023-04-11,104.62837219238281,105.99892431955422,103.9629633760187,105.82015698023338,26311800
2023-04-12,103.92322540283203,106.018772710828,103.62527734328293,105.84993901307934,24370300
2023-04-13,106.69412231445312,106.75370889955026,105.11500961516911,105.11500961516911,24843600
2023-04-14,108.12425231933594,108.19377252209617,106.10815128502132,106.15781182005027,26578000
2023-04-17,105.24412536621094,105.43282632433963,103.80405306468714,103.94310106029505,37571200
2023-04-18,103.7841796875,105.8102066882632,103.35712486512638,105.76054615516696,26596400
2023-04-19,103.46639251708984,104.26091574156263,102.363995142273,102.87050388730277,20905700
2023-04-20,104.56878662109375,105.52220991435789,103.1585151400448,103.19824205773932,27820800
2023-04-21,104.6879653930664,105.27392036941873,104.0622759226367,104.74755197991318,25800100
2023-04-24,105.24412536621094,105.89960054228061,103.98282039945786,104.76740994777748,23542800
2023-04-25,103.1386489868164,105.95919955597199,103.12871536300369,105.1050897593156,46664100
2023-04-26,102.99960327148438,105.62151911538743,101.92699926885099,104.20131406851206,53347600
2023-04-27,106.85302734375,107.62769087152307,102.83077354378922,103.73453629382233,50089200
2023-04-28,106.604736328125,106.61466995148949,104.37014843058833,106.30679582140083,36139800
2023-05-01,106.46569061279297,107.2502801225946,106.0882962921976,106.10815596080403,26681700
2023-05-02,104.59856414794922,106.4656835353344,102.99959194316321,106.40609695634207,30997200
2023-05-03,104.6879653930664,106.75371203414588,104.24104326031167,104.80713856675996,21795400
2023-05-04,103.97289276123047,104.8766554674694,103.25782343309649,104.76740834360812,23419500
2023-05-05,104.84686279296875,105.1547369199555,103.39686445887698,104.10200016796126,26639300
2023-05-08,107.03178405761719,107.22048500326504,104.43966924058789,104.45952890885576,26511400
2023-05-09,106.61466979980469,109.3954933214144,106.45576971187144,107.64754689134159,36360100
2023-05-10,110.9845199584961,112.16637096260268,107.19068700662434,107.2304139185501,63153400
2023-05-11,115.77151489257812,117.11226610524719,113.62631446773452,114.60953101340723,78900000
2023-05-12,116.70507049560547,117.22150521421085,115.31465883871317,115.88075409322448,41102300
2023-05-15,115.7119369506836,117.66844414202528,115.21536182910997,115.31467533799768,36266800
2023-05-16,118.69137573242188,119.92287978836107,115.63247147293116,115.69205805683869,45035600
2023-05-17,120.01227569580078,120.83659224326266,118.07563568876174,118.79070509971008,33323600
2023-05-18,121.98863983154297,122.46534768023274,120.00233944868812,120.12151262229324,35234200
2023-05-19,121.91911315917969,125.10712419543219,121.31329096834843,122.7037026780781,41353400
2023-05-22,124.19343566894531,125.56398021859039,121.89925355212753,122.09788813861321,35253000
2023-05-23,121.7204818725586,123.77630241228727,121.37288083002176,123.30952819924319,34046300
2023-05-24,120.07186126708984,121.07494509546325,119.03898414491616,120.29035552447165,34182600
2023-05-25,122.6341781616211,124.46157071574463,121.12458576052133,123.66704760178328,42317000
2023-05-26,123.75643920898438,124.4019883136242,121.61123127549837,122.32630058666038,35635900
2023-05-30,122.8228759765625,124.79925021039784,121.16431706152757,124.7793829644057,35076700
2023-05-31,122.02836608886719,123.21020965782616,121.66089779225682,121.90918533877162,37325800
2023-06-01,122.87252807617188,123.56773009546939,121.7800645127899,121.97869149626527,30772700
2023-06-02,123.81602478027344,125.28589030532665,122.91226210287383,123.14068238937887,26980100
2023-06-05,125.14684295654297,126.55711424322588,122.99170153716558,123.160542808381,32305500
2023-06-06,126.43794250488281,127.41122540355373,124.50130275345192,125.14685186297365,26638300
2023-06-07,121.660888671875,128.15608373390776,121.28349435723253,126.10027088310036,52539000
2023-06-08,121.30335235595703,122.38588990281892,120.40951575238618,121.39273980488107,29389200
2023-06-09,121.39275360107422,122.9122722112698,121.07494583670085,121.41261327135108,23778300
2023-06-12,122.79308319091797,123.20027838695897,120.8266501491064,121.94890708399343,28306400
2023-06-13,122.98178100585938,124.30267248212147,122.33623191333673,124.1239051576865,22278300
2023-06-14,122.8228759765625,123.20027787907088,120.61808145375716,122.25678069993417,30592300
2023-06-15,124.233154296875,124.60062259691578,121.56158542388738,122.29651444683428,35246300
2023-06-16,122.683837890625,125.24616711855725,122.43555035095251,125.0673997869077,45535600
2023-06-20,122.25677490234375,123.7167067510306,121.30335172255789,122.08794120508804,26097500
2023-06-21,119.72425842285156,121.81980592970349,119.27733629111745,121.56158475873276,30306300
2023-06-22,122.30644226074219,122.39582213705168,118.01603392379701,119.17801777862638,26952200
2023-06-23,121.50199127197266,121.9489134061973,120.23076023416286,120.54856799361531,34913600
2023-06-26,117.52938079833984,121.16431385089092,117.45986059347797,119.9328098317089,33969900
2023-06-27,117.51946258544922,118.26432522024346,115.3047343507218,116.27802486079214,39535900
2023-06-28,119.3567886352539,119.56534926327315,116.04959672566056,116.28795064666333,27091400
2023-06-29,118.28417205810547,119.23759521795598,117.48965654679691,118.42321246201281,24090900
2023-06-30,118.88006591796875,120.25061792814805,118.87013987233996,119.34684768508002,29532200
2023-07-03,119.07870483398438,119.36671928754727,118.0061008504676,118.4232220961238,14467900
2023-07-05,120.91603088378906,121.77014061981656,118.4132958372177,118.42322188319095,27584800
2023-07-06,119.28726196289062,119.47596291107514,117.58897616063236,118.97938784922883,24745200
2023-07-07,118.66158294677734,120.2208283751295,118.58212911647212,119.27733118880711,21709500
2023-07-10,115.65233612060547,117.49959607260462,115.34446198765048,117.48967002628223,35315200
2023-07-11,116.33760833740234,116.9037036216299,114.55986865395298,115.49343222262571,23078800
2023-07-12,118.11534881591797,119.5057605551569,117.59891406672692,117.98624202290381,30404400
2023-07-13,123.68692779541016,123.97494226494403,119.62493950517667,120.10165493888594,44297900
2023-07-14,124.5608901977539,125.91157501012879,122.64411010204061,123.94514195311505,33283100
2023-07-17,123.7961654663086,126.22938025879756,123.34924336063862,125.07733004581449,25716200
2023-07-18,122.91226196289062,123.82595826213851,122.11773882963688,123.7465044333863,26193600
2023-07-19,121.1941146850586,124.32253925282353,120.96569438792449,123.74651033261091,37224000
2023-07-20,118.38349151611328,123.2399950067099,117.41020863971083,120.58828599937979,37906800
2023-07-21,119.1978759765625,120.16123282072522,117.91671896913194,119.79377211980879,72937900
2023-07-24,120.69754028320312,122.15747226159789,120.15131222994013,120.82665465609776,29686100
2023-07-25,121.37287902832031,122.3064425948192,120.19102792410442,120.52870291550938,52509600
2023-07-26,128.384521484375,130.08279971943918,127.44103189219841,129.1790446188331,61682100
2023-07-27,128.5136260986328,132.32733427349476,127.90780388799678,130.76808123057597,44952100
2023-07-28,131.67184448242188,132.82390225649658,129.67561820048323,129.8841712389039,36591200
2023-07-31,131.81088256835938,132.61533172518926,130.87731904908145,131.82080861382926,28055500
2023-08-01,130.64889526367188,131.72149916208852,129.78484439440243,129.884165463508,23166800
2023-08-02,127.50061798095703,129.19889620943687,126.68622760387115,128.5632807351884,26273300
2023-08-03,127.57013702392578,128.50370061366522,126.54719355540765,127.093429182837,20089500
2023-08-04,127.23246765136719,130.60917213492286,127.03384065014664,128.39445152048964,26147200
2023-08-07,130.6290283203125,130.70848214492673,128.13622708439468,128.2752674889027,22746300
2023-08-08,130.4999237060547,130.60917082877378,128.6526638200663,129.7252678010533,23535200
2023-08-09,128.7718505859375,131.1355376104998,128.11636785754888,130.75815086279874,24912900
2023-08-10,128.8016357421875,131.14547052700968,128.56327426848324,130.42047521494374,20857800
2023-08-11,128.6725311279297,129.03999183440246,127.29205302432788,127.7787020538132,19591100
2023-08-14,130.43038940429688,130.47010873583676,128.07662878820625,128.503676007891,24695600
2023-08-15,128.89102172851562,130.51978732378583,128.3944466671007,130.20198716469977,19770700
2023-08-16,127.81841278076172,129.38759173200384,126.99410396965816,127.81841278076172,25216100
2023-08-17,129.0300750732422,131.08590330762058,128.40438558377576,128.91090189592276,33446300
2023-08-18,126.5869140625,128.3646536960574,125.51431010865518,127.6297171477929,30504800
2023-08-21,127.49067687988281,127.84821153156675,125.69307757573549,126.30883338188762,25248700
2023-08-22,128.19583129882812,129.3876085234466,127.44104259256599,127.62972840342931,22054900
2023-08-23,131.46327209472656,132.49615667103,128.98039687858824,129.28827098070656,27819700
2023-08-24,128.89102172851562,133.3304039899065,128.68246868911157,133.0324559222039,28500700
2023-08-25,128.9903564453125,129.8643183409359,126.37836649664419,128.65267385059113,26762900
2023-08-28,130.1125946044922,131.63211310890395,129.24855883060624,130.41054267784654,20543300
2023-08-29,133.64822387695312,135.6345241905877,131.33418219305656,131.33418219305656,43075600
2023-08-30,134.9492645263672,135.34651857557154,133.1516649491711,133.85679315964938,28315800
2023-08-31,135.2372589111328,137.05472556870842,134.8598569913601,135.07835124446333,30053800
2023-09-01,134.73072814941406,136.51840112072355,133.92627910089126,136.51840112072355,21543700
2023-09-05,134.83999633789062,135.48553785563058,133.65814526775816,134.5122549790437,19403100
2023-09-06,133.53897094726562,135.59478380227105,132.7543738711037,135.08828269985364,18684500
2023-09-07,134.33348083496094,134.65129614991582,132.03930646435293,132.67492193999442,18844300
2023-09-08,135.44580078125,135.72388156671576,133.9262825055741,133.9858690804216,23558300
2023-09-11,135.9821319580078,136.5382936796498,134.8598673133779,135.60473000934917,20763400
2023-09-12,134.4129180908203,135.9324363867072,134.26395165172022,135.326614277256,18405500
2023-09-13,135.77357482910156,135.9622606435177,133.2310975066341,134.16466114901567,20749500
2023-09-14,137.154052734375,137.74993377942062,135.30679270162085,136.65747761970206,24751000
2023-09-15,136.45883178710938,137.57117031901896,135.5451354191522,137.03486072317858,38919600
2023-09-18,137.26327514648438,138.20676466359907,135.67422900398907,135.67422900398907,21861300
2023-09-19,137.09445190429688,137.46192779650633,135.68418038774342,136.47870360736692,20353700
2023-09-20,132.8238983154297,137.13416606327112,132.7047099998862,137.13416606327112,29927500
2023-09-21,129.5465087890625,131.32424090064023,129.17904808066385,130.53965894518316,31503900
2023-09-22,129.35780334472656,131.12560934891957,128.71226182736228,129.86430445123077,26397300
2023-09-25,130.2119140625,130.27150064557682,128.0766473461499,128.94068310930032,20094600
2023-09-26,127.68933868408203,129.46707101615596,126.34857974531425,128.88111598839194,25718700
2023-09-27,129.64581298828125,130.0033476459015,127.68932114866523,127.68932114866523,22746500
2023-09-28,131.40371704101562,132.38694131804104,128.90097397948725,128.95063452657826,22513100
2023-09-29,129.96363830566406,133.1317899299604,129.46706319600682,132.36706001789275,30859800
2023-10-02,133.25096130371094,133.49924885517964,130.27151068608651,130.31124518071243,22288000
2023-10-03,131.5228729248047,133.34033959843973,130.9369179473362,133.0225394165618,22989400
2023-10-04,134.3136444091797,134.64138580810248,131.62220058096094,131.88041418877737,26752300
2023-10-05,134.14480590820312,134.5619271771739,132.53589226586496,134.14480590820312,19832600
2023-10-06,136.63758850097656,137.2136173603073,133.0920354756824,133.0920354756824,27597600
2023-10-09,137.4718475341797,137.98828987637378,134.68109792388904,136.00198949560956,19278100
2023-10-10,137.1143035888672,138.76293643045838,136.3893082421022,137.55129206777264,27786600
2023-10-11,139.58724975585938,140.1434113878539,137.63074284413509,137.63074284413509,25884300
2023-10-12,138.01808166503906,140.25266956903684,137.3129383696769,140.08383585702484,24765500
2023-10-13,136.4191131591797,139.04102910178543,135.68417654981894,138.42528082227236,23420500
2023-10-16,138.14718627929688,138.67355462493762,137.04478905169177,137.22354879733518,28501900
2023-10-17,138.76295471191406,138.94171448359813,136.24034458016837,137.6804245719955,23515800
2023-10-18,137.0150146484375,139.75610387270848,136.43898568706683,138.49479881670254,23375000
2023-10-19,136.8064422607422,138.70336281042037,136.43898153017037,137.55130492277888,26066000
2023-10-20,134.6711883544922,136.92562865141565,134.15474594911157,136.38933415087234,26335700
2023-10-23,135.56497192382812,136.71702953471015,133.03243645044188,134.1149662888537,26317900
2023-10-24,137.85916137695312,138.40539695654883,136.47868335993908,136.8858785332984,44814300
2023-10-25,124.74958038330078,127.43108253036509,124.21327843846119,127.28211608218771,84366200
2023-10-26,121.44239807128906,123.47835889189942,120.43931430693331,122.42561458962273,57061100
2023-10-27,121.3331527709961,122.4653433429545,119.38657937399506,122.03828847268005,44566500
2023-10-30,123.60746765136719,124.54103122378429,121.90918179187298,122.36602995491228,28940100
2023-10-31,123.23006439208984,124.5112289112743,121.84958637981057,124.2033472324064,26292300
2023-11-01,125.5838394165039,125.62356633365168,122.87254362109682,123.2201446747215,30082400
2023-11-02,126.61671447753906,128.09650612590542,126.06055280075913,127.54034444912548,27124600
2023-11-03,128.2156982421875,128.64274555866953,126.9841865255831,127.1430941962939,26393100
2023-11-06,129.35780334472656,129.44718321865057,127.78862433400963,128.16602622960193,19052700
2023-11-07,130.07286071777344,131.00642417120397,128.99033082146218,129.81464716535797,29757300
2023-11-08,130.93690490722656,131.30438074733325,129.88416823105302,130.0728691738139,26425800
2023-11-09,129.347900390625,131.6420751565133,129.1790666583162,131.05612011715854,23747800
2023-11-10,131.68179321289062,131.8903614415095,128.52358256716738,129.20885869142413,26913300
2023-11-13,131.1851806640625,131.68175566709485,130.3509382959921,130.87730658686507,18324800
2023-11-14,132.7047119140625,134.7704659468235,132.40677900657556,133.27081474682353,32395200
2023-11-15,133.69784545898438,134.10504058781052,132.65505010339137,133.94613295398577,23861500
2023-11-16,135.99203491210938,136.28005692536698,133.3999277183977,134.26396344963493,28013200
2023-11-17,134.38316345214844,135.12802617040742,132.73453033204356,135.06843957763004,37240600
2023-11-20,135.3166961669922,135.72389133009685,132.70470665032983,132.7742344288309,27815500
2023-11-21,136.03176879882812,136.240321830969,135.02869266524024,135.35641885860446,22635300
2023-11-22,137.54136657714844,138.46498892143381,136.52834920416745,136.52834920416745,17813900
2023-11-24,135.75367736816406,137.18381580805348,135.0584753916252,137.08449474529084,12514300
2023-11-27,135.47561645507812,137.47184281366268,135.06842125397912,135.098214546326,23436500
2023-11-28,136.26019287109375,136.30985340774254,134.49238687712713,135.14786959064773,18730000
2023-11-29,134.0653533935547,137.34273698978822,133.91637176828155,136.62768277470195,23967200
2023-11-30,131.62217712402344,134.62149456857514,130.38073954068037,134.12491953523792,38988300
2023-12-01,130.956787109375,131.2050746615197,129.77493593648308,130.956787109375,31442300
2023-12-04,128.384521484375,129.1393101272626,127.02390307918412,128.9903436695441,36669900
2023-12-05,130.09274291992188,131.2348595247084,127.37150606769525,128.06670813818567,27384800
2023-12-06,129.12939453125,130.93692003300382,128.99035410803816,130.53966601076132,23576200
2023-12-07,135.99203491210938,137.61087441248972,133.77731444870147,134.11498184317722,56767100
2023-12-08,134.0653533935547,135.46568368379624,133.11192251632352,133.280756234884,32260100
2023-12-11,132.37696838378906,132.42662891897587,130.4601959905728,131.47321332216674,31138000
2023-12-12,131.6122589111328,132.08896672831054,130.3608800539224,130.90711565395327,29032800
2023-12-13,131.66189575195312,132.58551792864452,130.66874580492208,132.4663447843658,30104800
2023-12-14,131.03623962402344,132.8040457651367,128.8016516772407,132.46637833464752,38722400
2023-12-15,131.6917266845703,132.59548187748211,130.2814400208757,130.71842854717318,50847100
2023-12-18,134.8697967529297,136.21054039619156,131.52287035934194,131.72151251769395,32258000
2023-12-19,135.71395874023438,136.52834911810746,135.14787104828332,135.90265968897415,25476800
2023-12-20,137.3923797607422,140.72936466802966,137.12424014761805,138.01806916656724,49107200
2023-12-21,139.45814514160156,139.72629993086744,138.22663347448133,138.5345227569631,27488300
2023-12-22,140.52081298828125,141.01738803787043,139.74615712326357,139.8057437045314,26532200
2023-12-26,140.55059814453125,141.70264067565995,140.22285681225833,140.62011076723138,16780300
2023-12-27,139.40847778320312,141.10677115979163,138.9317699678128,140.62012214444914,19628600
2023-12-28,139.2694549560547,140.1732253182547,138.7927470804766,139.8156906230036,16045700
2023-12-29,138.73312377929688,139.39853245049494,137.82935365624894,138.67353720490095,18733000
2024-01-02,137.22354125976562,138.49477211762903,135.5451152423906,137.60094312997316,23711200
2024-01-03,137.96841430664062,138.67355756715372,136.14102170359678,136.3098554072648,24212100
2024-01-04,135.45574951171875,138.20677969396053,135.41603017325698,137.47184312113336,27137700
2024-01-05,134.8002471923828,136.22045959299393,134.22421836559974,135.81326445012317,22513900
2024-01-08,137.8889617919922,138.05779549726947,135.32663261243945,135.35642590429612,21404000
2024-01-09,139.98452758789062,140.52083722032057,137.20370379980002,137.55131245616278,24759600
2024-01-10,141.30538940429688,142.02045866024227,139.94477867069364,140.03415853912,21320200
2024-01-11,141.10675048828125,144.22524080851176,139.676612097351,142.50709559225592,24008700
2024-01-12,141.67286682128906,142.21910245000933,140.8485655093565,141.6927340680432,18785500
2024-01-16,141.51397705078125,143.36123702369463,140.48109235933,141.0273279986293,22670500
2024-01-17,140.50094604492188,140.86840673304152,137.94854301050196,140.38177288213018,20968600
2024-01-18,142.4971466064453,143.22215696078524,141.01736292096842,141.07694949162317,25746400
2024-01-19,145.37733459472656,145.44684723016536,143.39103414732446,143.74856883402762,34271900
2024-01-22,144.989990234375,147.37354444028344,144.84100862508816,146.09238746431797,32200400
2024-01-23,146.0327911376953,146.17183155228614,144.5033465771963,144.89067452886135,21636100
2024-01-24,147.6814422607422,148.82357416490728,147.0855611907291,147.52253458036384,25233500
2024-01-25,150.82969665527344,152.0016216209964,148.5156551679274,149.04203864825777,29149100
2024-01-26,151.14752197265625,151.49511542850038,149.9755969292419,150.06499195893298,26115500
2024-01-29,152.45846557617188,152.72662034492586,150.3927115607608,151.01840096976417,27784300
2024-01-30,150.42251586914062,152.56770849737956,150.15436110776048,151.75333332236926,36331800
2024-01-31,139.14035034179688,143.0136300951665,138.91191488265414,142.63622816638244,71910000
2024-02-01,140.1930694580078,142.08004855541006,139.82559362212137,141.14648505201,40466500
2024-02-02,141.40472412109375,141.64307045990364,135.56499635195138,138.3060853281464,62499600
2024-02-05,142.69580078125,144.4735479676609,141.80197174238813,141.84170623324798,38505400
2024-02-06,143.11293029785156,144.3642939230755,142.2091601025006,143.65915070969015,29128200
2024-02-07,144.54307556152344,144.62252939720187,142.94410310988516,143.76841960649566,25208900
2024-02-08,144.91053771972656,145.32765895182595,144.10608854680143,144.83108389157408,22563800
2024-02-09,147.97935485839844,148.41634329742809,145.17866449239943,145.6752395087028,26829500
2024-02-12,146.51942443847656,148.31702358925634,146.36051679478177,147.40332736941176,21564100
2024-02-13,144.14581298828125,145.6653315141202,142.70574829340842,143.92731874169158,27837700
2024-02-14,144.94033813476562,145.5163670514816,143.10300425982211,145.0793785522992,22704200
2024-02-15,141.79205322265625,142.53691584599866,139.49787876744466,142.15951393413914,37590700
2024-02-16,139.55747985839844,142.20918925460697,139.1800779073113,142.0105622319239,31468900
2024-02-20,140.15335083007812,141.1067816862522,138.53452631527114,138.70336003010283,25144700
2024-02-21,141.57354736328125,141.7125877687313,139.71634640315906,140.4810762102682,23223300
2024-02-22,143.10301208496094,144.00678242548355,141.82185496436466,143.9372546357804,27191900
2024-02-23,142.97390747070312,143.68896166282684,142.44752393009878,142.68588543031947,19493800
2024-02-26,136.62767028808594,141.46430655871978,136.44889538495062,141.16635848967314,53641800
2024-02-27,137.92869567871094,138.29615637950963,136.1509484496325,137.07458595594144,33099200
2024-02-28,135.44580078125,137.06462496358296,134.48244407650566,136.9553778582738,37328600
2024-02-29,137.51156616210938,137.9088201307194,135.4656642763921,136.3396411924551,42133000
2024-03-01,136.2006072998047,137.91875276987585,135.98211306034264,137.4817642909518,31151100
2024-03-04,132.4365997314453,134.7307745199385,131.00646086218435,134.7307745199385,55999400
2024-03-05,131.76124572753906,132.32734866075268,129.7749451690699,130.97666367482282,40194800
2024-03-06,130.4999237060547,132.6649989142327,129.95370324672783,132.20814317715227,35318600
2024-03-07,133.45950317382812,134.0156647546649,130.7084734033321,131.88038314091438,37738200
2024-03-08,134.4824676513672,137.1441028229162,133.08212227990484,133.29069048269943,39370400
2024-03-11,136.7270050048828,138.1472178662724,135.19756015458088,135.19756015458088,32437800
2024-03-12,137.55128479003906,138.4252617016085,136.09135297378896,136.09135297378896,27563400
2024-03-13,138.83245849609375,140.1235567749136,138.0379504669147,138.04787651328522,23347200
2024-03-14,142.11981201171875,142.60644595320565,139.4978958624177,140.2228913281213,42753400
2024-03-15,140.2129364013672,142.19923677925948,139.07081974578682,141.52390192482534,49475400
2024-03-18,146.6683807373047,151.10776232891698,146.16187970661488,147.59201809240486,69273700
2024-03-19,146.0228729248047,147.77081182403458,145.07938326416507,147.14513750194737,24070400
2024-03-20,147.72117614746094,147.84034933011694,145.73487561375214,146.98623949445133,21311500
2024-03-21,146.58895874023438,149.33997356709878,145.8937415566917,148.44614455149775,24755600
2024-03-22,149.7372589111328,150.54170814315216,147.9595115784489,148.0985519993625,29211800
2024-03-25,149.04205322265625,149.3499273505425,146.8074653411052,148.91293885124503,19229300
2024-03-26,149.63792419433594,151.2170292210166,148.95264819861129,149.1910096788579,22149100
2024-03-27,149.83656311035156,150.60129299369396,147.88005603945206,150.14443724209133,22879200
2024-03-28,149.89614868164062,150.39272376928287,149.14136000396124,149.8167100033746,24485400
2024-04-01,154.4249267578125,154.67321430251357,149.57834903588156,149.6578028686982,31730800
2024-04-02,153.5012969970703,153.64033742298443,151.10780130772653,152.44856017882478,24586000
2024-04-03,153.85882568359375,154.01773335108788,151.6838243418592,152.54787531244028,24705000
2024-04-04,149.4989013671875,153.7098637544804,149.41944753109482,152.44855873219765,34724700
2024-04-05,151.45538330078125,152.36907953234603,148.57525420463722,149.00230145399445,23459200
2024-04-08,153.789306640625,154.20642788470977,151.56464485123763,151.73347855806227,20702000
2024-04-09,155.52732849121094,157.4738944107065,154.12698306219647,155.02081218686513,31079500
2024-04-10,155.07044982910156,155.53723156984424,153.62044407299865,155.13997760737982,22838600
2024-04-11,158.31808471679688,158.58622437276043,155.38829451519794,155.835209096074,27166400
2024-04-12,156.64956665039062,159.12251594365648,156.06361170739086,156.87800209265978,25353700
2024-04-15,153.79922485351562,158.1492271341313,153.53107008373672,157.77182524735122,27136500
2024-04-16,153.34239196777344,154.5838297756546,152.37903501651604,153.13383890244066,20779500
2024-04-17,154.40504455566406,156.0040167948363,153.52114158831216,154.55401100634845,21763100
2024-04-18,154.9413604736328,155.86499805909074,153.56088227305054,154.27595164428578,19883000
2024-04-19,153.0345001220703,155.28895516371534,151.25676805460682,155.13004750565483,32615600
2024-04-22,155.2095184326172,156.56020336638682,153.00472368551868,153.25301124573906,26446200
2024-04-23,157.1759490966797,157.8810924240559,155.2095158950794,155.88486592805785,21151600
2024-04-24,158.0399932861328,158.47698179082704,156.093412261841,156.41122759408012,22779100
2024-04-25,154.93142700195312,155.4180760423038,149.8365617646382,150.2934175121377,57109700
2024-04-26,170.7721405029297,173.51324421825365,168.48789245824855,173.17556169896704,64665300
2024-04-29,165.01190185546875,168.38862167278765,164.07835338468118,167.9019726128003,45610000
2024-04-30,161.66497802734375,166.94854402823327,161.48621827680026,164.4755947325024,33562900
2024-05-01,162.7375946044922,165.97525884524785,161.9728646968349,163.1745831231535,33493200
2024-05-02,165.4786834716797,165.5879306011689,162.76738763615438,163.66121676523363,24294500
2024-05-03,166.0944366455078,166.8095059662969,161.93313508971997,166.41223681348706,34662400
2024-05-06,166.9485626220703,166.9882819640809,164.89273433624226,166.31294707001013,21871300
2024-05-07,170.07696533203125,170.5834664593811,167.23655526104525,167.34580238509352,28039700
2024-05-08,168.2197723388672,168.98448702093918,167.58415686761862,167.84237044353367,19569100
2024-05-09,168.79580688476562,169.5208022541753,167.02798566826758,168.22970402279228,15346700
2024-05-10,167.49476623535156,168.68655853520565,165.05162536004164,166.87901799355728,29799900
2024-05-13,167.98141479492188,168.12045520894833,162.87662365956714,163.13483724153954,31327600
2024-05-14,169.1731719970703,170.07694215885084,167.64372762305203,168.6070843617822,25127100
2024-05-15,171.3283233642578,171.46736377620064,169.3420231054926,169.46121142592096,26948400
2024-05-16,172.9868927001953,173.920456302831,171.50710861685377,172.102989637879,27867900
2024-05-17,174.85400390625,175.06257209479978,172.50024302231847,172.9868768718215,24479300
2024-05-20,175.70811462402344,177.54544837857875,174.87387217348427,174.98311929112162,22554400
2024-05-21,176.63177490234375,176.92970784866182,174.60573994176147,175.6882700581035,16989400
2024-05-22,175.17184448242188,175.9365592574652,174.00986051813194,175.4300580897296,17880000
2024-05-23,172.3612060546875,177.02900857965074,171.7653099220249,175.85709871415395,21024900
2024-05-24,173.79135131835938,174.56600722798484,172.46051859158212,173.7814101180637,16579400
2024-05-28,175.19168090820312,176.0557318461207,173.1755873101766,173.2550411409201,20572200
2024-05-29,174.6951141357422,175.62867774851856,173.52320417367446,174.228332329354,23388700
2024-05-30,170.93106079101562,174.01975814446928,170.6132454915233,173.99989089968412,22931500
2024-05-31,171.3184051513672,171.87456682456684,168.2793680411912,170.68278964567202,37638900
2024-06-03,171.98382568359375,173.33451061963038,169.9875991516087,171.35813618142186,27459100
2024-06-04,172.59954833984375,172.6591500751279,170.71256922107634,172.09304724693698,26879600
2024-06-05,174.20846557617188,175.43996202192773,172.73859249264606,173.99989738382425,22068500
2024-06-06,175.51942443847656,175.93654568931473,174.54614151985416,174.69510798291464,23251000
2024-06-07,173.26498413085938,176.65161466995326,173.10607646773101,175.83723941639084,19661400
2024-06-10,174.0106964111328,176.0489940505707,171.77354379577315,173.97093148461332,23726700
2024-06-11,175.6114959716797,175.83024098669136,172.77777855811084,175.21378603801926,21540600
2024-06-12,176.77481079101562,179.3798608836739,175.1044108888481,177.2321908623203,27864700
2024-06-13,174.1598358154297,175.7308157979112,173.8814358359176,175.10440825817855,20913300
2024-06-14,175.780517578125,176.04898011878856,173.15559265736175,173.22520023784008,18063600
2024-06-17,176.22796630859375,177.34156626154072,173.81183370223593,174.45813130980525,19618500
2024-06-18,174.09024047851562,176.37711061819581,173.105903043034,176.12853810674497,21869900
2024-06-20,175.29331970214844,176.27765703426607,173.99080230638756,174.36862216738828,20160100
2024-06-21,178.6043243408203,179.81735940064124,175.60156417866833,175.9893366865349,57759000
2024-06-24,178.19664001464844,179.85710235428542,177.6497775263464,179.1312749634446,18298000
2024-06-25,182.9792022705078,183.23771222959664,178.39552439329216,178.59437937502688,23130200
2024-06-26,182.83006286621094,183.4564552933738,181.43804766567274,181.587200279121,19839000
2024-06-27,184.35130310058594,184.98764806113232,182.9692406782277,183.12831553961882,18848900
2024-06-28,181.1099090576172,184.07290404421764,180.92100671054675,183.2675316089203,29156600
2024-07-01,181.9451446533203,182.8300622052628,180.26479201418334,181.98490958043197,16006100
2024-07-02,184.18228149414062,184.51039900838427,180.52328647575237,181.01049402811313,17372500
2024-07-03,184.75897216796875,185.027419540138,182.94935711411654,183.79450966944947,10242100
2024-07-05,189.5116729736328,189.77018290215648,184.7390781179793,184.79873308828007,20967500
2024-07-08,187.95062255859375,189.0841124617017,186.7077601573061,188.8156499349587,21035900
2024-07-09,187.9009246826172,190.26733979712682,187.64241473790693,189.22333223651012,15121400
2024-07-10,190.08834838867188,190.65510095160317,187.9506310307602,188.06994097173066,15952500
2024-07-11,184.51039123535156,189.77017833635344,184.02318370351583,188.76595095990965,25625800
2024-07-12,184.01327514648438,186.04162026455913,183.4365850708399,184.0232125856348,22898400
2024-07-15,185.4648895263672,187.16513189141418,183.86408221767505,183.86408221767505,16474000
2024-07-16,182.8697967529297,187.60261121941616,182.3229342731027,186.29015643949128,18290700
2024-07-17,179.9863739013672,182.5019263017259,178.8727588226684,181.92523630082098,20734100
2024-07-18,176.67538452148438,181.45791677729983,175.4623495627197,180.89116422058456,25315700
2024-07-19,176.64556884765625,179.2605412872754,176.11859635003367,177.85860388752832,18881900
2024-07-22,180.63265991210938,181.65677738382092,179.20087990499312,179.5588249067722,24100300
2024-07-23,180.75196838378906,182.5615834257329,180.50339588934585,181.01049348787305,36352700
2024-07-24,171.64427185058594,175.18394149926314,170.83889945173814,172.60873427607675,49585200
2024-07-25,166.3248291015625,172.42976906222302,166.2353466432372,171.53491413564743,44852000
2024-07-26,166.0464324951172,167.1302049702039,163.12321742372532,166.19556992869366,41336900
2024-07-29,168.5619659423828,169.45682078589076,167.03076616819678,167.86596604502552,20293800
2024-07-30,169.317626953125,170.2522619227889,167.47819966988007,169.2679245935279,18959700
2024-07-31,170.56048583984375,173.25501819286436,169.0392234792002,172.25079083759002,25729100
2024-08-01,169.78494262695312,173.0561649858844,167.9156878792241,169.2778602255202,24531400
2024-08-02,165.7083740234375,167.54780140914312,163.729731473792,165.4896290110481,29130100
2024-08-05,158.34066772460938,163.4910821616065,154.04532804302696,154.6120805725385,53630700
2024-08-06,157.38613891601562,159.65313380734776,155.51688425256785,158.4202088905404,49004600
2024-08-07,158.03244018554688,162.0493647327587,157.56512271570298,160.329247442372,25138600
2024-08-08,161.1048126220703,162.75533771588556,159.29521265364664,159.59348752582613,25578800
2024-08-09,162.73544311523438,162.8547530607689,158.15176559045875,159.09633805981707,28602300
2024-08-12,161.36331176757812,163.95840918346863,160.9158843175958,163.41156183996847,15895300
2024-08-13,163.22264099121094,163.78937837052388,162.03943352934883,162.47692353255772,18551700
2024-08-14,159.4542694091797,162.2880017461777,156.80946975586303,161.47267673043564,40591100
2024-08-15,160.3789825439453,160.71703750803647,158.6986299901853,159.58354749716605,31524300
2024-08-16,162.0294952392578,164.11749500950546,160.20994282911744,160.5479977673965,24208600
2024-08-19,165.7183074951172,165.73819754258415,163.32206502598987,164.3362450435517,22416200
2024-08-20,166.22540283203125,167.67707297668008,165.8674729797842,165.9470028325088,18341500
2024-08-21,164.90298461914062,165.89727451091318,163.72971465758596,164.20696955757205,22902000
2024-08-22,162.8647003173828,166.63305263271135,162.3774927696954,166.30493512161505,22493300
2024-08-23,164.67430114746094,165.23110110715456,162.89452876403584,163.77944623676203,13955700
2024-08-26,165.2112274169922,166.59328988817313,163.52093747817295,165.42997242725056,14190400
2024-08-27,163.7396697998047,165.489629908409,163.5209399578905,164.89304984017366,11821900
2024-08-28,161.9201202392578,164.65441753105478,160.6076502567984,164.0976024292579,16407400
2024-08-29,160.85623168945312,165.0223091315335,159.33496923436493,163.37178412416296,19699800
2024-08-30,162.44711303710938,162.72551303705623,160.76676042707592,161.69144289011467,22123800
2024-09-03,156.46148681640625,160.9258547151699,155.58650669543206,160.79659215048164,38945300
2024-09-04,155.55665588378906,158.09209822934648,155.06946352992597,155.76546344377343,19353800
2024-09-05,156.3421630859375,158.5395354620366,155.08934799190737,155.40752807028366,18688700
2024-09-06,150.05824279785156,156.92879023916618,149.69036035813147,156.40181776056022,37912100
2024-09-09,148.05706787109375,152.7264627958575,146.57360452316883,151.84037111346015,39260500
2024-09-10,148.00729370117188,150.60583478404823,147.68869140831964,149.78942780245947,31118800
2024-09-11,150.49632263183594,150.83482618648793,146.8723049733769,149.26176148971257,29607700
2024-09-12,154.0108184814453,154.14025256310887,151.97976682488095,153.1247267348267,29621500
2024-09-13,156.76866149902344,157.6846203163579,154.5285403677334,154.7475604574538,29591200
2024-09-16,157.36599731445312,157.55516550467146,155.91241630124466,156.61929036893335,18379800
2024-09-17,158.62049865722656,159.8450939790901,157.68462338017213,158.32181279555903,20715600
2024-09-18,159.1083221435547,159.7952950013501,157.9036433802318,159.1581056476457,23677300
2024-09-19,161.42811584472656,163.07086536284316,160.6316252452358,162.99122997550924,26587700
2024-09-20,162.87173461914062,163.01111932448998,161.34845348503907,162.78213342108606,40896400
2024-09-23,161.13938903808594,164.7634066817542,160.9601714446055,163.62841256235794,24150900
2024-09-24,161.5774383544922,162.5033629705114,159.98447247380625,162.31419475907774,23332100
2024-09-25,160.7809600830078,162.09515653085376,160.59179187501798,160.7610436422212,18869200
2024-09-26,162.01548767089844,163.3595662240988,161.56746655042878,162.92149572700265,20319300
2024-09-27,163.23016357421875,164.9724800827397,161.91596702181027,162.0951694277683,21101300
2024-09-30,165.12179565429688,165.42046626766094,162.5431562218553,162.6029055363192,20413900
2024-10-01,166.25680541992188,168.41727581616183,163.85738331840562,166.9537289039037,28338100
2024-10-02,165.13177490234375,166.78449014447432,164.00673142434744,165.6893137329917,17760200
2024-10-03,165.13177490234375,165.90834901528822,163.2002902448892,163.68814431760305,15073100
2024-10-04,166.32650756835938,167.491368768802,164.75344285896497,167.3221169901183,19047400
2024-10-07,162.264404296875,167.74025561009242,162.0354184047515,166.9835979885841,22463100
2024-10-08,163.65826416015625,164.0067183055417,162.15488437084886,163.22019363060423,23072700
2024-10-09,161.1493377685547,164.11624952090352,159.0386507061608,162.7323530653501,31181800
2024-10-10,161.3683624267578,162.35402113493024,159.695730848507,160.16366845010265,14144100
2024-10-11,162.5232696533203,163.18036025385564,160.53205102817606,161.41814270869355,15344300
2024-10-14,164.23573303222656,165.5001460300089,162.68256960973142,162.92152133437537,19016100
2024-10-15,164.7335205078125,166.94375916455598,163.9071629705859,165.06205820613152,20247200
2024-10-16,164.43484497070312,165.07203435121127,163.02108150744417,163.80760621471472,16406000
2024-10-17,162.214599609375,165.63949768690946,162.04534786844684,165.00230840679544,21453400
2024-10-18,162.70249938964844,163.98684412618314,162.36399581249785,162.47351346296364,19757700
2024-10-21,163.34963989257812,163.77774463817317,161.90599412379152,162.234547045473,20946500
2024-10-22,164.41493225097656,165.0421710211609,162.26441234616763,162.26441234616763,16568100
2024-10-23,162.06529235839844,165.09195335667494,161.21901831548328,164.0365946612512,18280500
2024-10-24,162.00555419921875,162.61287650871054,160.3030555310391,162.11507183508752,22412500
2024-10-25,164.5443572998047,164.86294438388538,162.70247397291948,162.95137630402328,19828900
2024-10-28,165.9879913330078,168.00907708946656,163.23014919167423,168.00907708946656,32138600
2024-10-29,168.9349822998047,169.6319209779577,166.3563578043749,166.99354716216052,42169000
2024-10-30,173.6940155029297,181.2208198283368,173.29576264414507,179.8866917411499,68890800
2024-10-31,170.35870361328125,176.0436392565969,170.24918598538505,172.36983860201502,44769000
2024-11-01,170.5379180908203,171.56340969304173,168.13851111414587,169.32328866587017,31796500
2024-11-04,168.49691772460938,169.98036580888692,167.2723073887744,169.18387535736116,21492700
2024-11-05,168.9947509765625,169.7812757458724,168.0986933699296,168.68609929058584,18242100
2024-11-06,175.7349853515625,176.1631052339176,172.73820694224352,173.03689275917634,33695500
2024-11-07,179.95639038085938,180.28494329004707,176.41202351829116,176.63105879108298,25352900
2024-11-08,177.5669403076172,180.1057320918823,177.29812151933496,179.85682974504894,22006200
2024-11-11,179.5581512451172,179.7572700755342,177.68640081725277,177.79591845275107,17450400
2024-11-12,180.8225555419922,181.68874596023673,178.6023510648301,179.03047096199322,25134900
2024-11-13,178.0946044921875,180.16547375277025,177.75608576913012,179.66766908027805,23184000
2024-11-14,174.80909729003906,178.03487716000262,173.55463493650558,177.49723958577857,31007500
2024-11-15,171.732666015625,173.37541540242353,170.46823785970153,172.96721191394371,32504600
2024-11-18,174.5303192138672,174.6697039128958,172.1408476982141,172.6585688053745,20135300
2024-11-19,177.3379364013672,178.08464343003916,172.7979600977284,172.95726124320882,23434900
2024-11-20,175.2073211669922,176.89985394642653,173.01698373526585,176.56135042889815,18997100
2024-11-21,166.8939971923828,173.36545785068716,162.98124461770655,173.1364567662256,59734400
2024-11-22,164.03659057617188,165.7291386198519,163.18036592990532,165.12181631038618,38604600
2024-11-25,166.91390991210938,167.88961806266173,164.88287341953946,165.3607616780629,33135300
2024-11-26,168.37744140625,169.07438007569232,166.84420975542025,166.8939932592079,20486700
2024-11-27,168.48695373535156,168.7358560546641,167.2822750172823,168.25796785528576,19266500
2024-11-29,168.20819091796875,168.68607913599834,166.4260569265254,167.76016976407897,14257200
2024-12-02,170.73704528808594,171.32445113236562,167.82986793872016,168.02898676148365,23789100
2024-12-03,170.5876922607422,171.9218050645491,170.09985343093683,170.73704276945597,22248700
2024-12-04,173.60440063476562,174.14203820088363,170.3089360574109,170.39853725449947,31615100
2024-12-05,171.8820037841797,175.28698606114204,171.57336730521956,174.5900625293299,21356200
2024-12-06,173.9429168701172,174.3112874696141,171.10542413534188,171.2746759024565,21462400
2024-12-09,174.8001251220703,175.68723243233256,173.08571309629525,173.3947185178427,25389600
2024-12-10,184.56826782226562,185.75440321939527,180.46166108394456,182.2558148271153,54813000
2024-12-11,194.76502990722656,194.97435419169267,184.2493249317854,184.70782161706586,67894100
2024-12-12,191.33619689941406,194.5457189168856,191.08700932100274,194.36631116084678,34817500
2024-12-13,189.2031707763672,192.10370292043277,189.0237477931648,190.3892909926089,25143500
2024-12-16,196.02093505859375,198.3533273175459,191.99405497177682,192.2432425689094,44934900
2024-12-17,194.7849578857422,200.76546017959686,194.34638528405358,196.60901291047233,43504000
2024-12-18,187.7877655029297,196.35982485436523,187.12992181114345,194.58561039475242,34166100
2024-12-19,187.89739990234375,192.40271566857012,187.76783270124025,191.00727128528027,32265200
2024-12-20,190.7880096435547,192.2631960692161,184.61812184829927,185.17629967372764,63462900
2024-12-23,193.99754333496094,194.46601725929617,189.5320904055188,191.99406521325346,25675000
2024-12-24,195.47271728515625,195.47271728515625,193.15028707875092,194.20684004621347,10403300
2024-12-26,194.96438598632812,196.11064287242172,193.7483492712215,194.51583613513964,12046600
2024-12-27,192.1335906982422,194.68528435280825,190.0304468655215,194.31647638353087,18891400
2024-12-30,190.61856079101562,191.92430144195808,188.50543950298513,189.1832377151322,14264700
2024-12-31,188.6848602294922,191.33622003458325,187.89741886934635,190.45907478557154,17466900
2025-01-02,188.81443786621094,191.37609392383928,186.89071672249932,190.03047467975512,20370800
2025-01-03,191.166748046875,192.58214696582633,189.36263229859958,190.74811471378376,18596200
2025-01-06,196.23025512695312,197.57587431060844,193.22007973541784,193.34964695093382,29563600
2025-01-07,194.85475158691406,200.34684110917007,193.96764429186354,196.4694824542812,26487200
2025-01-08,193.3197479248047,195.6521403419425,191.7548576174653,191.944242637603,24864800
2025-01-10,191.4159393310547,195.88139205518456,189.69156540477465,193.66860495961419,26665200
2025-01-13,190.3892822265625,190.55872796393814,186.75114946876002,189.45234965681547,21823700
2025-01-14,189.04367065429688,191.35612350397113,187.69805162927054,190.6185379959385,17174900
2025-01-15,194.91453552246094,195.72190087885951,191.23652426846428,192.462522950062,21776000
2025-01-16,192.2831268310547,194.84476749712078,192.18344570554987,193.50912558690098,17815400
2025-01-17,195.36306762695312,196.58906629276984,193.1203793506233,195.89134409308565,27735100
2025-01-21,197.4064178466797,201.63262976778796,197.22699486763423,198.4231075033933,29971300
2025-01-22,197.72537231445312,199.82851627036754,196.88810562725033,198.41313252508547,26200600
2025-01-23,197.33665466308594,199.64912306411188,194.56568956099102,197.49613838919916,26951400
2025-01-24,199.5594024658203,200.24714745985025,197.35657740975262,197.45625853253006,23877500
2025-01-27,191.1866912841797,196.24022309921364,190.11019902992624,191.78474760627742,41728900
2025-01-28,194.6653594970703,194.84476727172617,190.06036222791346,192.1236428916819,24157900
2025-01-29,194.77499389648438,196.15049906796548,192.80141720875304,194.92450036864417,18218300
2025-01-30,200.21725463867188,200.74553115150178,197.0276562944523,197.35658576249432,24354700
2025-01-31,203.3570098876953,204.81225687597484,201.1442229024234,201.3435699298202,32001100
2025-02-03,200.57606506347656,203.08788015886492,199.44974753049775,200.03782657620917,27838300
2025-02-04,205.70936584472656,206.37718683120792,202.15095938406645,202.7290764789022,43856400
2025-02-05,190.708251953125,192.12363566704624,187.41897265861886,190.4491023297435,70373900
2025-02-06,190.97738647460938,191.4757616843978,188.1067403992826,188.88420450981621,29297400
2025-02-07,184.73770141601562,190.5587196584731,182.6445348609554,190.42915245859984,49315000
2025-02-10,185.86404418945312,187.58841808469597,185.2560258505473,186.74118938897723,23105600
2025-02-11,184.71778869628906,186.33251945346055,183.68115977846736,184.4287225674103,21239500
2025-02-12,183.01333618164062,184.50846173776452,181.23912173844323,182.62460414541655,22072600
2025-02-13,185.5351104736328,185.67465491496642,182.54485940859573,183.7210327362961,21402500
2025-02-14,184.62806701660156,185.79426312591357,183.7210357377169,184.45862127858567,20448400
2025-02-18,183.17283630371094,185.35572224471403,181.14943408652655,184.99689147072442,29916700
2025-02-19,184.66795349121094,184.85733850337527,182.99340488662492,183.47185603605197,19549400
2025-02-20,183.9602508544922,184.7078136523139,182.12623377404523,184.1994764251086,20441500
2025-02-21,179.07618713378906,184.73772231465065,178.49807005531437,184.54833729817733,35199200
2025-02-24,178.6675262451172,182.52494579417478,178.3086954585161,181.39862807698137,29854200
2025-02-25,174.84996032714844,178.15917908775072,174.12233676466118,177.4614416125168,41913400
2025-02-26,172.16868591308594,175.50780571224857,171.0224290795126,174.50109332110333,35431300
2025-02-27,167.9524383544922,173.99274319952536,167.3942605774098,173.4246033939964,39991000
2025-02-28,169.72665405273438,170.05558350433006,166.22806568264113,168.13184735576206,48130600
2025-03-03,166.46726989746094,172.80660270971413,165.3907776981119,171.37127977724876,40770500
2025-03-04,170.36456298828125,172.7268563813862,165.2612062132619,165.69977878784067,45388000
2025-03-05,172.457763671875,173.21528852342593,168.51062527668861,169.96588759666264,30954900
2025-03-06,171.78994750976562,174.24194511914502,169.9459530788933,169.97585437589512,28302000
2025-03-07,173.29501342773438,174.40140690524717,169.7166833840427,170.7034564793899,27385800
2025-03-10,165.52139282226562,168.10596109578225,163.34598174937858,167.906369246359,43604000
2025-03-11,163.6952362060547,166.39954739419704,161.03084947828359,164.56341811184632,39587400
2025-03-12,166.75880432128906,167.2876892617743,163.18632617734653,166.22991938080386,28372400
2025-03-13,162.4179229736328,165.7808506225565,161.76929516473905,165.6910282026151,31756200
2025-03-14,165.14219665527344,166.14009496437765,162.10857726863358,162.92686119092454,31995900
2025-03-17,163.94471740722656,165.95050288703504,163.326025286982,164.68316768669845,31184300
2025-03-18,160.33233642578125,163.9048145767925,156.39064073396676,163.336005171718,42074800
2025-03-19,163.54556274414062,165.52139724714462,160.66163707283374,161.42003435006743,34275600
2025-03-20,162.45785522460938,164.5434591319573,160.62172590598882,161.23044451155243,28138500
2025-03-21,163.64535522460938,163.89482981108262,160.55186426165298,160.87119904116452,36625800
2025-03-24,167.3275909423828,167.96626051519195,164.79293578885944,166.71888755590038,30879100
2025-03-25,170.20155334472656,170.27141354347242,167.96627061240434,168.62487200219408,24174400
2025-03-26,164.71310424804688,169.25354492463828,164.49356538620054,168.64482630346816,28901600
2025-03-27,161.89903259277344,165.0723420135672,161.6595315089187,164.2840090226325,24508300
2025-03-28,154.00564575195312,161.47990946590778,153.3071199905367,160.15270290585678,48669300
2025-03-31,154.31500244140625,155.2131048785596,150.34337121509955,152.78821916221315,54603500
2025-04-01,156.7399139404297,157.76774810671006,153.29715217046743,153.29715217046743,30672900
2025-04-02,156.70994567871094,158.07707673307476,154.37486726125917,154.8239184605045,25041700
2025-04-03,150.40322875976562,152.4588967636163,150.07392050283045,150.7924084767401,46883400
2025-04-04,145.29400634765625,150.75251155896433,145.0744674917677,147.6989298070746,62259500
2025-04-07,146.44158935546875,152.5287756510523,140.2346601251265,141.25252075073843,76794100
2025-04-08,144.39588928222656,151.92005142460044,142.72940085243894,150.9021908364876,52200200
2025-04-09,158.37646484375,159.21469586163823,143.60756519119073,144.11648790346825,70406200
2025-04-10,152.4988250732422,157.38852063839548,149.6148843769422,156.21099272991097,48022000
2025-04-11,156.8097381591797,157.3386230397259,152.49882542365125,152.57864388809023,33636200
2025-04-14,158.73568725585938,161.3801116162915,157.22885110276232,159.66372535063462,30333000
2025-04-15,155.9814910888672,159.3144679755199,154.8838120227522,158.79557178865275,27551500
2025-04-16,153.0077667236328,155.56238424519245,151.1915842885331,152.7782543502781,28187400
2025-04-17,150.84231567382812,154.3549068428226,148.1879024535801,153.96572710201332,33046600
2025-04-21,147.35964965820312,148.63695834662283,145.7929571438361,148.5671133790027,26049100
2025-04-22,151.15167236328125,151.8701604317821,148.22782212376958,148.57709265560683,26971800
2025-04-23,155.0235137939453,157.19892487451833,153.48674181759014,155.28296188170384,31128800
2025-04-24,158.94525146484375,159.25459752387056,155.4625806651454,155.82182468811348,45894000
2025-04-25,161.61961364746094,165.75091195641818,160.70153382171975,164.72307793649614,56034000
2025-04-28,160.27244567871094,162.80710064682614,158.26667558851017,162.0886126566934,29745800
2025-04-29,159.8234100341797,160.4021929284458,157.1889588897359,159.98307743122987,26809000
2025-04-30,158.4662628173828,158.93527626532435,155.07339925298186,157.6479788523033,34981100
2025-05-01,160.9610137939453,161.60964165853642,158.5760372443709,160.11279406942978,30203200
2025-05-02,163.68527221679688,164.62329914267073,161.5298080330937,163.0665800855699,25715000
2025-05-05,163.86488342285156,165.04239608560687,162.3780095025418,162.6574198030844,21341800
2025-05-06,162.88694763183594,164.45365539079762,160.8512416447926,161.82917778967573,21277200
2025-05-07,151.06185913085938,164.6532299684301,147.52929039730043,163.73516530126716,127490100
2025-05-08,153.95574951171875,155.60227562678833,152.57864497617126,154.6742375105505,57498700
2025-05-09,152.42898559570312,154.7241550362692,151.880138412371,153.84599954293776,32435300
2025-05-12,158.12698364257812,158.7656379952877,155.92162152792991,157.15902099799507,44138800
2025-05-13,159.19473266601562,160.23255554287942,155.83181988552568,158.45628235850566,42382100
2025-05-14,165.02244567871094,166.64902486582008,159.27455664998826,159.6238271640479,48755900
2025-05-15,163.61541748046875,165.8606887311189,162.02874755770196,165.49145599350894,33146700
2025-05-16,165.84072875976562,168.99409119137468,165.27191939302787,167.3774855147182,42846900
2025-05-19,166.1899871826172,166.2897831099107,163.87487089127026,164.16425471766837,30426100
2025-05-20,163.63536071777344,168.1458653454169,162.55762871505934,166.08020853353494,46607700
2025-05-21,168.20574951171875,172.77612594690945,163.21625758160502,163.34598924433868,73416000
2025-05-22,170.51087951660156,176.3984886871392,170.3512273591593,171.48883082455436,74864400
2025-05-23,168.11593627929688,169.60281030274047,167.5371534089642,168.70469265151235,35211400
2025-05-27,172.53662109375,172.80605791558804,169.6427219280191,169.80238932071725,37995700
2025-05-28,171.9977569580078,174.90164475593082,171.5487057543554,172.79607866823434,34784000
2025-05-29,171.49880981445312,174.0534271359213,170.27139911620654,173.63431165912297,29317300
2025-05-30,171.37905883789062,171.84807225515158,167.08809311971586,170.98987911151661,52639900
2025-06-02,168.6747589111328,169.5129898808019,167.03820620651766,167.4872574240746,38612300
2025-06-03,165.8307342529297,168.12590341689224,164.93263186241904,167.1379938326745,45084900
2025-06-04,167.6968231201172,167.86646401479533,166.01037244863588,166.38957869951685,26900800
2025-06-05,167.8564910888672,170.57076063975376,167.23778374687686,169.98200425737,36379100
2025-06-06,173.3149871826172,174.13327118123485,170.47098587242346,170.47098587242346,35731800
2025-06-09,175.93264770507812,176.31231302715454,174.21418342483807,174.38402968862113,28935900
2025-06-10,178.44041442871094,180.94816607880887,174.7537092641778,176.04254985052344,61766100
2025-06-11,177.1915283203125,180.20881870896204,176.59205837486806,179.60936400867158,31646800
2025-06-12,175.54299926757812,176.56209210971562,174.59385119423692,176.02256609234394,20941900
2025-06-13,174.513916015625,176.9717245091389,172.2359546046385,172.28591297451578,27663100
2025-06-16,176.61204528808594,176.78189154925582,174.49392932110277,174.57385966373928,27389200
2025-06-17,175.7927703857422,177.20151408744945,174.4239994778565,175.5429937823964,24973000
2025-06-18,173.16513061523438,176.4022256326498,173.04522747911062,175.85271405711507,28707500
2025-06-20,166.4910888671875,174.18420505107113,165.312150640077,173.79455416726213,75659900
2025-06-23,165.04238891601562,167.19046158134836,161.85523705575486,166.1214256591391,57671000
2025-06-24,166.62098693847656,168.06968824197463,165.98155942026995,166.77084680791774,40524300
2025-06-25,170.52748107910156,172.2059878377665,167.40028826627824,167.48021861146748,35479000
2025-06-26,173.38491821289062,173.53479332021178,169.78814431449064,172.275909497391,31796700
2025-06-27,178.37046813964844,178.52032800475203,171.57654142712704,173.3849216100962,108140200
2025-06-30,176.07252502441406,181.0680572633364,174.4240054836315,180.6184624108643,63378900
2025-07-01,175.682861328125,175.9326379218849,173.37492804100808,175.5829598377131,35904500
2025-07-02,178.48036193847656,178.70016656024188,174.91356011283625,175.38312608280393,29128900
2025-07-03,179.36956787109375,179.50944215502514,176.89178830781478,178.34048951535135,21689700
2025-07-07,176.63201904296875,179.13978593904164,175.52301029591823,178.89999490759814,34175600
2025-07-08,174.20419311523438,177.7909814447806,172.6555751408571,177.691079951528,40442500
2025-07-09,176.46217346191406,179.27966092294577,172.61562283881983,175.09340252603724,43025600
2025-07-10,177.46127319335938,178.27054693495992,174.22417822695712,175.47306122205768,29252400
2025-07-11,180.02899169921875,181.26787392679407,176.32230010231936,176.6320206592132,34282900
2025-07-14,181.3977508544922,183.5058659137902,179.5194259926096,180.84823929966979,32536600
2025-07-15,181.83737182617188,184.05538933948807,181.4377353487915,182.6466456022175,33448300
2025-07-16,182.80650329589844,184.1652886399438,181.86734081977315,183.07626629854497,33104200
2025-07-17,183.41595458984375,183.89552139280437,180.31871865434178,181.9772389358081,31992600
2025-07-18,184.89462280273438,186.25340807875182,183.54583834733725,185.2343153104504,34014500
2025-07-21,189.9301300048828,190.11994741222205,185.98364758555138,186.08356432217508,45803100
2025-07-22,191.1690216064453,191.47874216205827,187.29249900550474,191.328882294876,44660200
2025-07-23,190.0600128173828,192.35796066638142,189.01094801184496,191.32888225818212,58681900
2025-07-24,191.99827575683594,197.7731095502254,190.8293230940032,196.85393348830104,74881700
2025-07-25,193.0073699951172,194.1563515198352,191.08908750710862,191.80844534575607,39785900
2025-07-28,192.4079132080078,193.87660084223495,190.6694625759226,193.47694913334269,38139500
2025-07-29,195.5750732421875,195.7449194968108,191.90835466905762,192.2580327538162,41389200
2025-07-30,196.35438537597656,197.42343657324804,194.51603320447785,195.42522371418744,32445400
2025-07-31,191.728515625,195.8148724632573,190.91924186518514,195.53512388567077,51329200
2025-08-01,188.96099853515625,190.65947636814528,187.65217158882444,188.86108179697592,34832200
2025-08-04,194.86570739746094,195.0955128481526,189.95010569222902,190.11995195242244,31547400
2025-08-05,194.4960479736328,197.68319994217242,193.71674617353807,194.5360207683401,31602300
2025-08-06,195.91476440429688,196.45429038129967,193.49692881868756,194.32618893507828,21562900
2025-08-07,196.34439086914062,197.36346840439734,194.15634544876863,196.88390160867925,26321800
2025-08-08,201.24000549316406,202.42894452614235,196.99380337261508,197.04376174071106,39161800
2025-08-11,200.8203887939453,201.29995560301907,198.8921207366326,200.76044484845534,25832400
2025-08-12,203.15829467773438,204.31726177746063,200.41075203769518,201.19005382143942,30397900
2025-08-13,201.779541015625,204.3472366094903,197.33350521250262,203.94760013613634,28342900
2025-08-14,202.75865173339844,204.2573113073674,201.05017311120625,201.31993610316366,25230400
2025-08-15,203.71778869628906,206.25552748751167,201.10013480886678,203.66784557245273,34931400
2025-08-18,203.3181610107422,205.08658368227987,202.30906899226142,204.01753247133055,18526600
2025-08-19,201.389892578125,203.2582167438639,199.7813305987235,202.84857944432244,24240200
2025-08-20,199.1418914794922,201.10013145192505,196.4243208994537,200.55061989251405,28955500
2025-08-21,199.57150268554688,202.29905887913935,199.25178132101763,199.57150268554688,19774600
2025-08-22,205.9058380126953,208.353645687597,201.12012497867053,202.54883983863883,42827000
2025-08-25,208.30369567871094,210.3318804204715,205.0965574752735,206.2455237198617,29928900
2025-08-26,206.95489501953125,207.66426725745978,205.5161793925774,207.32455950181813,28464100
2025-08-27,207.29458618164062,208.72331622375268,205.46621968804243,205.51617805576655,23022900
2025-08-28,211.4508819580078,212.0303655105851,206.71511204255788,207.0648053873533,32339300
2025-08-29,212.71974182128906,214.45817715575657,210.01215683893824,210.3218773757616,39728400
2025-09-02,211.16114807128906,211.4908397743193,206.01574085860813,208.25374472878948,47523000
2025-09-03,230.45388793945312,231.1033010071871,224.5891229524102,226.00786746880672,103336100
2025-09-04,232.09242248535156,232.16235200669,225.90795135774627,229.4447813472723,51684200
2025-09-05,234.79000854492188,235.54932393536487,231.69277254690593,231.9925075217388,46588900
2025-09-08,234.0399932861328,238.1300048828125,233.6699981689453,235.47000122070312,32474700
2025-09-09,239.6300048828125,240.47000122070312,233.22999572753906,234.1699981689453,38061000
2025-09-10,239.1699981689453,241.66000366210938,237.85000610351562,238.89999389648438,35141100
2025-09-11,240.3699951171875,242.25,236.25,239.8800048828125,30599300
2025-09-12,240.8000030517578,242.0800018310547,238.0,240.3699951171875,26771600
2025-09-15,251.61000061035156,252.41000366210938,244.66000366210938,244.66000366210938,58383800
2025-09-16,251.16000366210938,253.0399932861328,249.47000122070312,252.0800018310547,34109700
2025-09-17,249.52999877929688,251.60000610351562,246.27999877929688,251.22000122070312,34108000
2025-09-18,252.02999877929688,253.99000549316406,249.8000030517578,251.67999267578125,31239500
2025-09-19,254.72000122070312,256.0,251.80999755859375,253.25,55571400
2025-09-22,252.52999877929688,255.77999877929688,250.3000030517578,254.42999267578125,32290500
2025-09-23,251.66000366210938,254.36000061035156,250.47999572753906,253.0399932861328,26628000
2025-09-24,247.13999938964844,252.35000610351562,246.44000244140625,251.66000366210938,28201000
2025-09-25,245.7899932861328,246.49000549316406,240.74000549316406,244.39999389648438,31020400
2025-09-26,246.5399932861328,249.4199981689453,245.97000122070312,247.07000732421875,18503200
2025-09-29,244.0500030517578,251.14999389648438,242.77000427246094,247.85000610351562,32505800
2025-09-30,243.10000610351562,243.2899932861328,239.25,242.80999755859375,34724300
2025-10-01,244.89999389648438,246.3000030517578,238.61000061035156,240.75,31658200
2025-10-02,245.69000244140625,246.80999755859375,242.3000030517578,245.14999389648438,25483300
2025-10-03,245.35000610351562,246.3000030517578,241.66000366210938,244.49000549316406,30249600
2025-10-06,250.42999267578125,251.32000732421875,244.5800018310547,244.77999877929688,28894700
2025-10-07,245.75999450683594,250.44000244140625,245.52000427246094,248.27000427246094,23181300
2025-10-08,244.6199951171875,246.00999450683594,243.82000732421875,244.9600067138672,21307100
2025-10-09,241.52999877929688,244.75999450683594,239.14999389648438,244.47000122070312,27892100
2025-10-10,236.57000732421875,244.08999633789062,235.83999633789062,241.42999267578125,33073600
