Date,Close,High,Low,Open,Volume
,HYG,HYG,HYG,HYG,HYG
2010-01-04,35.78208541870117,35.78208541870117,35.567870329419556,35.567870329419556,1316800
2010-01-05,35.95185852050781,36.00440396529934,35.73764332339645,35.87102364434789,733000
2010-01-06,36.0447998046875,36.0771349692368,35.972047226277084,35.98821480855173,715700
2010-01-07,36.19029998779297,36.226674730173606,36.016502356789644,36.12562966758215,956000
2010-01-08,36.24691390991211,36.299456274286904,36.17820395257898,36.19841113103711,711400
2010-01-11,36.21457290649414,36.25903300907423,36.16607321906317,36.17415547241748,895800
2010-01-12,36.02864074707031,36.49344882557794,35.99226599108406,36.174145938318816,1133900
2010-01-13,36.10948944091797,36.141824625517685,36.01248697077176,36.01248697077176,868900
2010-01-14,36.14988708496094,36.16605466702866,36.05692425898429,36.14988708496094,394600
2010-01-15,36.00439453125,36.18223182893459,35.96801668795293,36.18223182893459,835300
2010-01-19,36.020545959472656,36.052878036768305,35.95991830361097,35.97204321805317,796900
2010-01-20,35.9680061340332,36.05692629861011,35.915463802079195,36.03267646596228,588500
2010-01-21,35.406211853027344,36.036735541838276,35.406211853027344,36.036735541838276,1416800
2010-01-22,35.070735931396484,35.58404682449748,35.00606866355625,35.563836568743106,1394400
2010-01-25,35.123291015625,35.34154888641598,35.06266331535202,35.260710924834356,711300
2010-01-26,35.16773986816406,35.33749490767605,35.12327977443684,35.244532052523134,576000
2010-01-27,35.17986297607422,35.33345042053556,35.13136021714611,35.14752780345548,876500
2010-01-28,35.0302848815918,35.26066739127168,34.981785248174425,35.208125093853155,833700
2010-01-29,34.85247802734375,35.27282293911992,34.84843535983096,35.27282293911992,1357000
2010-02-01,35.020660400390625,35.14285204261053,34.88624679716132,35.00843843938122,924700
2010-02-02,35.1265983581543,35.27730496984893,35.028844313902525,35.13881722524264,1238500
2010-02-03,35.30581283569336,35.318031701445854,35.11844964321755,35.19176594527719,641200
2010-02-04,34.80481719970703,35.17139870592577,34.77630547742028,35.15103496574646,1762600
2010-02-05,34.60118103027344,34.75596170378652,33.9902125381023,34.75596170378652,3261500
2010-02-08,34.450443267822266,34.67446296143182,34.373053007870645,34.540052388283435,1202400
2010-02-09,34.51971435546875,34.64190927762154,34.40159342606665,34.564518953088374,853800
2010-02-10,34.05535888671875,34.58893664862481,34.05128489632913,34.49932750531817,1463200
2010-02-11,34.193851470947266,34.38528866589791,33.965757676560905,34.17756172067242,1157700
2010-02-12,34.17347717285156,34.28345004473203,33.96167319416811,34.19791489825968,743100
2010-02-16,34.511539459228516,34.62965717834537,34.079786722029425,34.079786722029425,1061300
2010-02-17,34.776309967041016,34.81296967616799,34.67448193036452,34.69077478913817,1400200
2010-02-18,35.1062126159668,35.18767375053757,34.8210924298829,34.8210924298829,1153400
2010-02-19,35.34247970581055,35.34655369809378,35.151045574136965,35.179557305028396,1485600
2010-02-22,35.38728332519531,35.46059964654944,35.3180409960124,35.39135731736652,1596200
2010-02-23,35.13066101074219,35.476875599194315,35.00846616420895,35.44428989244625,1014900
2010-02-24,35.26506423950195,35.42798961727619,35.17138113733026,35.260990250483246,1047000
2010-02-25,35.269126892089844,35.293567712956545,35.02881442428775,35.14286122985772,503400
2010-02-26,35.505393981933594,35.52576082936107,35.29766705438752,35.33432365070343,697900
2010-03-01,35.53246307373047,35.610431141852814,35.49553280824817,35.57350087637052,1468800
2010-03-02,35.76226043701172,35.782776206190256,35.57349845454849,35.651463386618246,1291800
2010-03-03,35.79921340942383,35.85666260875829,35.73765980135218,35.81562791362604,986800
2010-03-04,35.82792663574219,35.877170132716785,35.73354717997284,35.877170132716785,641100
2010-03-05,36.04130935668945,36.0454106330783,35.81971833262397,35.94282236994124,975800
2010-03-08,36.04952621459961,36.15211450953629,36.02490602565363,36.098769723237886,937900
2010-03-09,36.205448150634766,36.205448150634766,36.02899622768949,36.037201910520515,630800
2010-03-10,36.2177619934082,36.23417649151632,36.111069321078126,36.11927500475949,640200
2010-03-11,36.18491744995117,36.213642026612206,36.11925948572935,36.1808130445013,488500
2010-03-12,36.19314193725586,36.262904343178405,36.1726261608339,36.189040660418875,636700
2010-03-15,36.15212631225586,36.21367993546277,36.08236700030345,36.19726542722444,471400
2010-03-16,36.275203704833984,36.30803269429298,36.10695748191518,36.201340043923615,923300
2010-03-17,36.275203704833984,36.37368754246623,36.25058039736736,36.30392828792442,918300
2010-03-18,36.32855224609375,36.37369132861222,36.279311887524564,36.30803647360494,637200
2010-03-19,36.14803695678711,36.357318110549286,36.09879654231269,36.14803695678711,674600
2010-03-22,36.320350646972656,36.3244519234845,36.03310162312652,36.09055080174666,759000
2010-03-23,36.31624984741211,36.35728453182501,36.24649057083561,36.32445553199639,699200
2010-03-24,36.29573059082031,36.3531797745951,36.25469590680199,36.30804381369695,430800
2010-03-25,36.38191604614258,36.44346652126015,36.320362440278565,36.3737072289626,1005200
2010-03-26,36.369625091552734,36.39834970777945,36.31628027020263,36.36552381119775,1312500
2010-03-29,36.41474151611328,36.42295033320161,36.39832701268302,36.41474151611328,546200
2010-03-30,36.377811431884766,36.468089635875394,36.34087801627659,36.4188461253133,605600
2010-03-31,36.262916564941406,36.3572960559318,36.033116624047565,36.344985959780594,1255400
2010-04-01,36.175270080566406,36.381985909598214,36.175270080566406,36.31583533027609,773100
2010-04-05,36.15871810913086,36.373704252513946,36.13804842695725,36.237271102393755,930200
2010-04-06,36.394371032714844,36.41504386747206,36.15458002815081,36.17938806070581,679100
2010-04-07,36.448123931884766,36.48119605591865,36.340630854636224,36.34476605297751,859000
2010-04-08,36.5101432800293,36.52668092239835,36.38611569361057,36.423323023266356,736100
2010-04-09,36.563907623291016,36.6176526191531,36.489489776740506,36.50602742644441,679800
2010-04-12,36.57215881347656,36.65484702569062,36.56389156937155,36.60936929753109,443300
2010-04-13,36.6713752746582,36.72098819354553,36.64657039233066,36.64657039233066,1162900
2010-04-14,36.7706184387207,36.80369057933025,36.71273824986184,36.75408079129907,857700
2010-04-15,36.869834899902344,36.989730457647624,36.762341787056016,36.80368432146362,1251000
2010-04-16,36.57215881347656,36.940112683688994,36.42332318572403,36.857427625707714,1334100
2010-04-19,36.50188446044922,36.58456953714509,36.40266173756748,36.489482014368186,757200
2010-04-20,36.89461135864258,37.34525315284965,36.59280825122725,36.65482358216612,1299400
2010-04-21,36.898746490478516,36.96489701782554,36.83259596313149,36.935953796438156,553100
2010-04-22,36.791259765625,36.886350376424474,36.70443954927659,36.886350376424474,250700
2010-04-23,37.03108215332031,37.04348460128757,36.74168118663785,36.7954261792406,676000
2010-04-26,37.03108215332031,37.084827145923065,36.960799512016564,36.960799512016564,440100
2010-04-27,36.563907623291016,37.09723499786399,36.53496752486772,37.03108439904835,1220700
2010-04-28,36.588680267333984,36.7623207048075,36.588680267333984,36.71271095366157,988000
2010-04-29,36.840843200683594,36.89045606501082,36.74988785986474,36.75815824770033,812200
2010-04-30,36.960777282714844,37.01038704474708,36.77886641064445,36.77886641064445,809800
2010-05-03,36.95659255981445,37.098171220448286,36.95659255981445,36.97741444613063,639000
2010-05-04,36.57766342163086,36.90662959644472,36.56517155803879,36.877480855738405,786100
2010-05-05,36.07798385620117,36.37363639184261,35.85312069311282,36.331995771339365,2567500
2010-05-06,35.18269729614258,36.02385247014908,32.879936282776875,35.928076180781204,6587300
2010-05-07,35.178531646728516,35.44503540960729,34.358198460971,35.16603660227054,2584000
2010-05-10,35.83646011352539,36.39445453704237,35.64907575209882,36.182083264310315,1670100
2010-05-11,35.79481887817383,36.17791762382746,35.63658326852784,35.6740588693748,1524400
2010-05-12,36.232051849365234,36.24037870134325,35.990531841325264,36.01968058871111,1031200
2010-05-13,36.007198333740234,36.331999656161095,36.007198333740234,36.26537211465116,1151600
2010-05-14,35.798988342285156,36.003029607421325,35.54497642616687,35.89892646727369,1050700
2010-05-17,35.753170013427734,35.890586872111264,35.44502571754084,35.790645605628015,1120800
2010-05-18,35.67822265625,36.00302389364771,35.5657926806028,35.94472639857506,1067400
2010-05-19,35.47002410888672,35.665738532106005,35.086925293252655,35.565800401283184,1565100
2010-05-20,34.412322998046875,34.93283853610661,33.86682373079219,34.93283853610661,3092800
2010-05-21,35.103580474853516,35.14522109592819,33.90847527045825,33.9334590077079,1815000
2010-05-24,35.157718658447266,35.47835498732358,34.97449608367437,35.020301727367595,1266200
2010-05-25,35.11607360839844,35.11607360839844,34.14999655057834,34.645525360075254,1507500
2010-05-26,34.69550704956055,35.41590243945613,34.64137454069225,35.245171702524246,1738300
2010-05-27,35.17438507080078,35.34511264418547,35.03696810250622,35.03696810250622,828500
2010-05-28,35.23264694213867,35.328419997429165,35.1118869870983,35.30760128744049,1253900
2010-06-01,35.06608200073242,35.39337051641001,34.98216301769345,35.08286643760101,770300
2010-06-02,35.246524810791016,35.30526876270458,35.12064308451608,35.21715283483424,1414500
2010-06-03,35.25907897949219,35.41433253481628,35.1248067591289,35.33880421078054,877200
2010-06-04,35.0618782043457,35.30944459790055,34.96537171293706,35.040900063358485,1439000
2010-06-07,34.818511962890625,35.35979474004432,34.818511962890625,35.02411567211276,992900
2010-06-08,34.87307357788086,35.04510849197666,34.638097811777435,35.04510849197666,1085200
2010-06-09,34.94860076904297,35.015735327939815,34.83111288999503,34.95279767938171,1081900
2010-06-10,35.305240631103516,35.305240631103516,34.98214915302174,35.08285253301697,588200
2010-06-11,35.355587005615234,35.36397761843069,35.07445185611486,35.11641452409845,468300
2010-06-14,35.401763916015625,35.54022991625882,35.35141060600649,35.39337009702879,843100
2010-06-15,35.74582290649414,35.84652628588591,35.48147213379952,35.51923790188563,1387200
2010-06-16,35.77520751953125,35.80038257296284,35.582191306846795,35.66191337648143,1877200
2010-06-17,36.04374313354492,36.06052756542808,35.81715810507687,35.8759020160164,1097000
2010-06-18,36.19901657104492,36.22419483555006,36.05635361117118,36.07733496470795,734300
2010-06-21,36.32907485961914,36.42977825733961,36.28291846872573,36.408796915550504,1094400
2010-06-22,36.06893539428711,36.33748002997199,35.92627245715027,36.29552053089084,1011000
2010-06-23,36.04374313354492,36.123465183361105,35.78778614960711,36.0982901361879,882300
2010-06-24,35.79617691040039,35.98919307588669,35.750020522859856,35.96821493692476,613600
2010-06-25,35.959835052490234,35.97661949094454,35.771015722161835,35.930463085521275,536500
2010-06-28,36.0395622253418,36.16963762855562,35.94724940965284,36.01019025683208,682200
2010-06-29,35.67869567871094,35.9094776590443,35.468895042518305,35.90528074995542,1354400
2010-06-30,35.6241569519043,35.71646976550949,35.46051267371488,35.60317560288334,1111300
2010-07-01,35.794517517089844,35.811426037004615,35.27881894708571,35.701522270043796,2044000
2010-07-02,35.80296325683594,35.99318165044911,35.71842389854328,35.743785061037116,880400
2010-07-06,36.086181640625,36.10309015950834,35.87060205607525,36.01854756509166,1176600
2010-07-07,36.52154541015625,36.5553624293016,36.01429979788126,36.09038647847408,1173900
2010-07-08,36.690650939941406,36.70755623544658,36.40321254179548,36.6314727307617,1525200
2010-07-09,36.6060905456543,36.690633106942016,36.551140299543995,36.690633106942016,778800
2010-07-12,36.5765266418457,36.65684132413106,36.29331612269475,36.652613386913096,786500
2010-07-13,36.85972595214844,36.92313209125166,36.572287583188015,36.66951075980898,1464900
2010-07-14,36.825927734375,36.88510596260632,36.72447657885998,36.79633862025934,640400
2010-07-15,36.88086700439453,36.90200346172053,36.74137412597236,36.75828264683904,565900
2010-07-16,36.65678787231445,36.863911344376845,36.55534010180971,36.85545870723748,1215300
2010-07-19,36.77940368652344,36.86817096513501,36.661047315041344,36.76672310743167,556000
2010-07-20,37.07530212402344,37.26552052383218,36.716005002122344,36.77518319984865,2442800
2010-07-21,37.05839538574219,37.383878713830995,36.93158633808569,37.23170527666715,1376100
2010-07-22,37.38808822631836,37.392316160345935,37.176736674502045,37.176736674502045,809300
2010-07-23,37.55718994140625,37.55718994140625,37.214801278686785,37.362746798073566,985400
2010-07-26,37.57408905029297,37.603678146759144,37.396554471495925,37.53604730839488,887200
2010-07-27,37.523372650146484,37.66286552105066,37.40079152416813,37.616367897415934,887100
2010-07-28,37.443050384521484,37.59944850518648,37.41768599943756,37.569859410063145,603100
2010-07-29,37.55718994140625,37.59100698154336,37.44306146215658,37.56987052521505,628800
2010-07-30,37.459957122802734,37.56563291822649,37.345825457762245,37.451501253186,1038700
2010-08-02,37.65528869628906,37.68507914178243,37.53612366740053,37.616984839560416,1021600
2010-08-03,37.65528869628906,37.7191230459784,37.48930964635166,37.52335679746267,1705900
2010-08-04,37.63399124145508,37.70208226568982,37.574410377657095,37.69782880892822,1844200
2010-08-05,37.617000579833984,37.62551399463157,37.51486233067777,37.59572028975643,708100
2010-08-06,37.60849380493164,37.6170039735806,37.39570387262406,37.595723681583166,830300
2010-08-09,37.5404052734375,37.70212447811001,37.48933451289593,37.70212447811001,1266200
2010-08-10,37.527591705322266,37.57866240232456,37.42970701446283,37.54887197413484,1271500
2010-08-11,37.03818893432617,37.32332646293834,36.98286475989698,37.276512451146566,1558600
2010-08-12,36.9105224609375,37.08500841952944,36.684962531325425,36.876475311533994,1261600
2010-08-13,37.072235107421875,37.1658631285524,36.876468902746375,37.01265422977778,776300
2010-08-16,37.119075775146484,37.22547073976366,37.01693751825066,37.02119097905536,1087600
2010-08-17,37.25951385498047,37.35739539350836,37.22546669074629,37.25951385498047,860800
2010-08-18,37.323341369628906,37.34887836156925,37.23822672160295,37.280784045615924,717000
2010-08-19,37.24675750732422,37.370176088126975,37.14461922376651,37.32336203172188,882800
2010-08-20,37.33610916137695,37.35312949238847,37.22120082209848,37.246734565531256,557700
2010-08-23,37.33610916137695,37.37015307031549,37.268014849668894,37.36589961102035,633300
2010-08-24,37.140357971191406,37.26803324520691,37.13184780148502,37.24249948917065,1000800
2010-08-25,37.08927536010742,37.16162313736884,36.9360663924269,37.110552399170075,788400
2010-08-26,37.03818893432617,37.21267811407996,36.94030745288111,37.1190500904964,1012400
2010-08-27,37.0339469909668,37.208436240270515,36.987136207431035,37.11055147289502,1302000
2010-08-30,37.10206604003906,37.20846104436965,37.03822838805714,37.03822838805714,620800
2010-08-31,37.08927536010742,37.18715688301034,37.067995074128994,37.110552399170075,1154800
2010-09-01,37.490055084228516,37.490055084228516,37.24572258730825,37.25429749337194,1697900
2010-09-02,37.55005645751953,37.55434390942241,37.43860560061782,37.51576338303168,603900
2010-09-03,37.66153335571289,37.66153335571289,37.49864604481758,37.60580952391525,999600
2010-09-07,37.605796813964844,37.6100809970145,37.44290628775319,37.584362817241605,883500
2010-09-08,37.6143913269043,37.66154353207765,37.575814033782855,37.60581968522311,835500
2010-09-09,37.7644157409668,37.777274837365326,37.648680603009666,37.777274837365326,789300
2010-09-10,37.86298751831055,37.88013406120579,37.7301026284646,37.820122796256776,957600
2010-09-13,38.06016159057617,38.07302067803857,37.91441763514338,37.970144707971265,1103500
2010-09-14,38.05162048339844,38.0559079398168,37.94445696553665,38.0559079398168,658700
2010-09-15,38.0173225402832,38.03875327706527,37.92301814140519,37.92301814140519,570800
2010-09-16,38.08161544799805,38.10733690891711,38.00017342113634,38.03875070695976,751400
2010-09-17,38.15019226074219,38.17162626117123,38.107327530253414,38.17162626117123,922800
2010-09-20,38.21021270751953,38.244505808288224,38.171635421932315,38.193066157135185,631900
2010-09-21,38.14588928222656,38.24876851797369,38.09445293472098,38.24876851797369,810900
2010-09-22,37.991607666015625,38.19307559485292,37.98732348013846,38.19307559485292,832700
2010-09-23,37.89301681518555,37.94445320562492,37.82871805676563,37.9358815640086,758800
2010-09-24,38.04300308227539,38.10301431846595,37.9486987767282,37.9486987767282,917200
2010-09-27,38.10733413696289,38.18449197336734,38.081612677914826,38.12019323130199,615900
2010-09-28,38.16306686401367,38.21879397963142,38.06447827085566,38.21879397963142,1038800
2010-09-29,38.2530517578125,38.325925365597094,38.197327959264655,38.23590521894365,826600
2010-09-30,38.44595718383789,38.4673879098413,38.24877684461565,38.35594028573874,2290800
2010-10-01,38.496437072753906,38.5438998783628,38.39719576323169,38.49212137444948,837800
2010-10-04,38.362701416015625,38.522346131136665,38.3540700146001,38.522346131136665,2490600
2010-10-05,38.50077438354492,38.539605814343055,38.427420638845454,38.50940249308391,993500
2010-10-06,38.466251373291016,38.543917518749815,38.42310424623942,38.49645469141862,1990200
2010-10-07,38.54388427734375,38.617234659263374,38.457586805751305,38.55251237854702,1371700
2010-10-08,38.67334747314453,38.69492267625293,38.556849935335094,38.59999704963808,1524800
2010-10-11,38.75534439086914,38.78554771183758,38.67336253741975,38.686309639476306,644900
2010-10-12,38.720794677734375,38.81140456881908,38.69059138070614,38.73373847761612,855200
2010-10-13,38.85025405883789,38.940863984436845,38.755328434330295,38.80279124658409,880300
2010-10-14,38.66473388671875,38.88910094049854,38.63884626679821,38.88478853178848,994400
2010-10-15,38.76396942138672,38.8330074592111,38.7208222937039,38.74239750350272,524200
2010-10-18,38.712181091308594,38.87614143781293,38.712181091308594,38.81141912222232,516300
2010-10-19,38.70787048339844,38.811424226814886,38.69492667696065,38.7423894951753,601800
2010-10-20,38.82869338989258,38.84163719954966,38.67767679070173,38.75534294055917,965600
2010-10-21,38.76829147338867,38.8847923583257,38.76829147338867,38.8718452551763,521000
2010-10-22,38.945194244384766,38.95382235351423,38.83732477473418,38.86321239403753,418000
2010-10-25,39.09617233276367,39.1652070135433,39.02713436007232,39.035765752614594,1051500
2010-10-26,39.156620025634766,39.165248135324454,39.07032576107712,39.087581980456505,568100
2010-10-27,39.113433837890625,39.17815611764009,39.06165535570867,39.13500573653252,910700
2010-10-28,39.135032653808594,39.22133018346773,39.07031362145694,39.21701448400623,1078600
2010-10-29,39.15230178833008,39.22133982903567,39.117786059892246,39.18250510816003,898000
2010-11-01,39.0788688659668,39.26564140470522,39.07017992154473,39.222206624178895,921400
2010-11-02,39.270023345947266,39.27436450843903,39.12234097461474,39.17880591178819,859800
2010-11-03,39.40028381347656,39.43937742929803,39.2395715064075,39.28735075137774,1301600
2010-11-04,39.91285705566406,39.9476062304196,39.552341823768685,39.556686299079054,1495800
2010-11-05,39.869380950927734,39.912815717454365,39.75210343605953,39.86503648011699,1281500
2010-11-08,39.75217056274414,39.86944827565094,39.721765843447166,39.830354600060055,1178800
2010-11-09,39.63920974731445,39.8259823956739,39.569711406593136,39.8259823956739,705400
2010-11-10,39.313446044921875,39.63486760501502,39.30041593373564,39.63486760501502,1250800
2010-11-11,39.15709686279297,39.32215054008449,39.009414466172075,39.28306018777797,1051000
2010-11-12,39.013736724853516,39.200509367413446,39.013736724853516,39.15273008811696,1088500
2010-11-15,38.93991470336914,39.17880789321351,38.91385115777791,39.16577777735023,1071300
2010-11-16,38.50990295410156,38.961629086152335,38.43606011036954,38.90950862453508,1674100
2010-11-17,38.70534133911133,38.81827447077747,38.65756206470884,38.76615072219398,1827000
2010-11-18,39.19615936279297,39.19615936279297,38.90948704132244,39.01373122059693,1197000
2010-11-19,39.18312072753906,39.18312072753906,39.02240836265732,39.09190667629115,592000
2010-11-22,38.909507751464844,39.07021692299804,38.892133160027434,38.98769175600094,424600
2010-11-23,38.37522888183594,38.82261359701629,38.36219877383848,38.82261359701629,1975700
2010-11-24,38.605445861816406,38.66625525678465,38.47079696065292,38.47079696065292,690700
2010-11-26,38.4664192199707,38.601071318550915,38.44470349132659,38.55763323354145,365000
2010-11-29,38.56636047363281,38.66626021509251,38.43171155520283,38.44474166810072,598300
2010-11-30,38.65323257446289,38.70970081911731,38.405650471976024,38.47948999236275,1459300
2010-12-01,39.01087188720703,39.023988660575235,38.82285701848744,38.90593436435768,1710800
2010-12-02,39.03275680541992,39.05462033216111,38.91470243437263,39.02838676879634,775600
2010-12-03,39.098323822021484,39.11144059691784,38.984642882317004,39.00212969157609,1621000
2010-12-06,39.07646179199219,39.09832197048287,39.01524795477197,39.09832197048287,776300
2010-12-07,39.277610778808594,39.312591082913094,39.20765017059959,39.27323740681918,946300
2010-12-08,39.150794982910156,39.35192665215713,39.093954512004764,39.233872339998484,1216200
2010-12-09,39.067745208740234,39.20766313551992,39.063371835304665,39.20766313551992,457200
2010-12-10,39.08522033691406,39.18141450006748,39.05024003469369,39.133317418490776,613100
2010-12-13,38.88845443725586,39.16391675806343,38.83598399409531,39.08958613218109,1176600
2010-12-14,39.080848693847656,39.08959543774226,38.86222679915772,39.08959543774226,1366900
2010-12-15,38.92780685424805,39.08958822740287,38.87533974417982,39.08958822740287,566500
2010-12-16,39.072113037109375,39.072113037109375,38.81851078834133,38.87098125440211,498600
2010-12-17,39.128944396972656,39.14643454823939,39.01526341759674,39.0677305354917,989700
2010-12-20,39.19891357421875,39.19891357421875,39.1333263266019,39.190166828719974,587700
2010-12-21,39.281978607177734,39.30384212999063,39.20327793122384,39.268861827852085,785400
2010-12-22,39.391273498535156,39.41313701243925,39.25135568289898,39.286335970783995,803000
2010-12-23,39.430641174316406,39.46124810312085,39.40440761702832,39.417524395672366,560500
2010-12-27,39.46123504638672,39.50933210943745,39.40439457910127,39.4918419650641,590800
2010-12-28,39.486351013183594,39.56115996358418,39.40273903487033,39.5479587790866,575100
2010-12-29,39.61833572387695,39.63153689821445,39.48191911256435,39.53472380991434,535700
2010-12-30,39.66236114501953,39.66676265785082,39.5875522137406,39.66676265785082,335400
2010-12-31,39.732757568359375,39.741557233472705,39.62714480015263,39.6623468179753,715700
2011-01-03,39.76359176635742,39.91761120360613,39.72398484970951,39.73278787890768,1448800
2011-01-04,39.94398498535156,39.94838649680013,39.816371369668715,39.85157338914871,1077800
2011-01-05,40.04522705078125,40.04962856524654,39.88240458928355,39.88680610374885,2537800
2011-01-06,40.093605041503906,40.09800655282988,39.90878185424629,40.062801176960974,2046600
2011-01-07,39.93959045410156,40.09801130692488,39.91318474038446,40.09801130692488,917900
2011-01-10,39.90879440307617,39.92639709654558,39.85598632266796,39.873589016137366,517400
2011-01-11,40.06282043457031,40.084821287036796,39.97920846603297,40.00561418931221,493300
2011-01-12,40.14641571044922,40.19042075445617,40.067205288288854,40.067205288288854,609600
2011-01-13,40.13759994506836,40.24321268863095,40.11999726157983,40.15080111834261,1563900
2011-01-14,40.2036247253418,40.22122741564157,40.150816654442465,40.19922321342438,912500
2011-01-18,40.1992301940918,40.26523945483611,40.15522513938574,40.26523945483611,1186800
2011-01-19,40.075984954833984,40.216803039804894,40.0715834454189,40.16399499892781,1073200
2011-01-20,39.996795654296875,40.10240843435099,39.939589431219595,40.076006078679896,766000
2011-01-21,40.159610748291016,40.19481276369308,40.03639530096094,40.03639530096094,681100
2011-01-24,40.216819763183594,40.24322211591705,40.17281472283804,40.17281472283804,697300
2011-01-25,40.27843475341797,40.27843475341797,40.19042465685848,40.234429705138226,686400
2011-01-26,40.36205291748047,40.36205291748047,40.27844096270044,40.32684753048146,985500
2011-01-27,40.41486358642578,40.419265099790834,40.34885767280499,40.384059707612415,679400
2011-01-28,40.17283630371094,40.43687004499271,40.16403327649122,40.43246853138285,2015100
2011-01-31,40.3884162902832,40.3884162902832,40.203593223012184,40.27840208014085,1183200
2011-02-01,40.46773147583008,40.50316087032605,40.3968659287276,40.441155206139015,944600
2011-02-02,40.51203536987305,40.52975176304069,40.46774607648218,40.52089187692862,550400
2011-02-03,40.51203536987305,40.55189472020788,40.42345340403482,40.51646531292908,1240800
2011-02-04,40.689186096191406,40.69804260110816,40.53416853817484,40.613890598648396,1667600
2011-02-07,40.76448059082031,40.76891053306475,40.65375568810048,40.751194143142875,2260600
2011-02-08,40.808738708496094,40.81759858621825,40.746733080654145,40.799882209827224,2632400
2011-02-09,40.578460693359375,40.80876698793254,40.578460693359375,40.80876698793254,936900
2011-02-10,40.622745513916016,40.706897506082875,40.525307076471286,40.569596353749276,801800
2011-02-11,40.72459030151367,40.72459030151367,40.58286265713255,40.68916092470858,586700
2011-02-14,40.755615234375,40.755615234375,40.6847530632575,40.6847530632575,660000
2011-02-15,40.675907135009766,40.77334561039891,40.644904290936545,40.77334561039891,1109100
2011-02-16,40.689186096191406,40.786621166498485,40.689186096191406,40.75119176777576,1378100
2011-02-17,40.782169342041016,40.791025841471836,40.72902020829537,40.74673658621058,658800
2011-02-18,40.90618896484375,40.91061890499091,40.7954641145446,40.82646693746619,870300
2011-02-22,40.569583892822266,40.853039235204534,40.56515395273854,40.830896292894366,1305600
2011-02-23,40.609466552734375,40.6714722281619,40.56517388823824,40.58289027822551,1062700
2011-02-24,40.640464782714844,40.706900392870836,40.61831845297768,40.680324121375136,857300
2011-02-25,40.76448059082031,40.78219698074219,40.649325745856046,40.662612193533484,1907800
2011-02-28,40.968231201171875,40.981517654425794,40.737924793636985,40.8087870040103,4044100
2011-03-01,40.90535354614258,40.99449342485134,40.860785306957546,40.99003558083123,1692100
2011-03-02,40.941001892089844,40.94991417813576,40.86969000237032,40.89197581799218,1271400
2011-03-03,41.088130950927734,41.10150109670793,40.96333838985625,40.96333838985625,1615300
2011-03-04,41.003421783447266,41.09701614252085,40.97222366375607,41.08810385132623,1057200
2011-03-07,41.0123291015625,41.06581304326491,40.96776085031363,41.061355198038136,1086800
2011-03-08,40.976680755615234,41.03016130247902,40.963310618899285,41.00342102904713,971400
2011-03-09,40.86077880859375,41.00785703481836,40.84740867899845,40.985571218600754,1241700
2011-03-10,40.6468620300293,40.91427832523615,40.633491895336846,40.8875346555118,1098400
2011-03-11,40.6379508972168,40.71371726285722,40.58446695658497,40.60675278193312,1023500
2011-03-14,40.4730110168457,40.67357307738943,40.450728610343106,40.59780337433777,1643400
2011-03-15,40.26356506347656,40.330419130796386,39.88918772702812,40.06746410643462,1598300
2011-03-16,40.01397705078125,40.388357758361124,39.98723678607514,40.27247761073654,2882900
2011-03-17,40.44630813598633,40.450765981539995,40.210093326739624,40.210093326739624,1634200
2011-03-18,40.6379508972168,40.76720120348905,40.566638976374364,40.620122917006185,1300400
2011-03-21,40.887516021728516,40.90534399330681,40.7404412067989,40.776093749617594,943800
2011-03-22,40.90983963012695,40.92766761817533,40.79395940798307,40.83407323117716,2285400
2011-03-23,40.86077880859375,40.92317501359725,40.7939247602791,40.8652366519049,749400
2011-03-24,40.896453857421875,40.93656426494363,40.847427759113245,40.896453857421875,923100
2011-03-25,40.90983963012695,40.941037759126345,40.896469489175935,40.93212206493164,478500
2011-03-28,40.92317199707031,40.95882794025495,40.865233639648714,40.95882794025495,844000
2011-03-29,40.94548034667969,40.96330832808393,40.86079828509446,40.869710575626705,1010700
2011-03-30,41.00786209106445,41.03014450969131,40.891981953053644,40.981118428238226,1868800
2011-03-31,40.98558807373047,41.016786189062294,40.94547766844935,41.016786189062294,924100
2011-04-01,40.93623352050781,41.0483507259963,40.93623352050781,40.98556536464639,1322400
2011-04-04,41.18739700317383,41.19636830047851,40.96764812087279,41.00801211564905,3254100
2011-04-05,41.14253616333008,41.21877847714133,41.09768995738276,41.09768995738276,1338100
2011-04-06,41.232261657714844,41.25020083730778,41.187411997958165,41.218808128407304,835300
2011-04-07,41.27259826660156,41.290537435771995,41.22326640676955,41.22775205444882,1156700
2011-04-08,41.27259826660156,41.3129622526217,41.21878418063694,41.29950530958388,1168900
2011-04-11,41.232261657714844,41.33540766343842,41.22777600742944,41.2950470755158,1045900
2011-04-12,41.1021842956543,41.25017988596625,41.088730773179925,41.25017988596625,940100
2011-04-13,41.29948806762695,41.29948806762695,41.18288864901778,41.20082781069886,1128100
2011-04-14,41.133583068847656,41.268121735025396,41.09770472258129,41.25915385923251,1538700
2011-04-15,41.18739700317383,41.21430747354047,41.15152207859732,41.19188265182617,658300
2011-04-18,41.04390335083008,41.12462795091467,40.99905711112726,41.12462795091467,1736400
2011-04-19,41.18739700317383,41.19636830047851,41.08425103500182,41.09770455941144,1020800
2011-04-20,41.344383239746094,41.362322421194264,41.21881239115795,41.25917298325456,716400
2011-04-21,41.443016052246094,41.451983925493046,41.30847400271667,41.40265206876869,632000
2011-04-25,41.39816665649414,41.46095203421874,41.39368443061843,41.46095203421874,978700
2011-04-26,41.49238586425781,41.49238586425781,41.40717900802964,41.460993144268514,575400
2011-04-27,41.51927185058594,41.51927185058594,41.474425623003725,41.47890785067845,738800
2011-04-28,41.541690826416016,41.555147773297485,41.505815899375044,41.51926942470886,697600
2011-04-29,41.6403694152832,41.6403694152832,41.56413046352083,41.60000882489684,799000
2011-05-02,41.61913299560547,41.70486886312993,41.61010599304959,41.65523067745079,848700
2011-05-03,41.62818145751953,41.70940731514843,41.56049266902965,41.7048938111705,977700
2011-05-04,41.614646911621094,41.686845765671784,41.56952219749003,41.686845765671784,959400
2011-05-05,41.44319152832031,41.61467035854755,41.42063087994095,41.61467035854755,1300000
2011-05-06,41.655235290527344,41.718410544243866,41.56498591173034,41.56498591173034,968900
2011-05-09,41.709407806396484,41.74550895305559,41.64623252114046,41.69135723306693,620500
2011-05-10,41.799652099609375,41.799652099609375,41.664277980446286,41.664277980446286,723600
2011-05-11,41.73647689819336,41.84478032507457,41.68232862754718,41.826729753927694,595200
2011-05-12,41.777099609375,41.777099609375,41.63269845511669,41.72746138983667,1129800
2011-05-13,41.60559844970703,41.78610065595255,41.60559844970703,41.78610065595255,1053400
2011-05-16,41.686859130859375,41.72747379655526,41.632710833659665,41.632710833659665,540400
2011-05-17,41.75904846191406,41.78160909779787,41.56500909077915,41.68233610287806,1674000
2011-05-18,41.80867385864258,41.813187361553126,41.70939745137441,41.731961523133165,813000
2011-05-19,41.79060745239258,41.817681574007615,41.74548276876996,41.817681574007615,715900
2011-05-20,41.75904846191406,41.79063610638742,41.700386677262124,41.79063610638742,538900
2011-05-23,41.56046676635742,41.67328019593103,41.551443206820295,41.632669013825,1204800
2011-05-24,41.4927978515625,41.6823271203542,41.48377428771256,41.65524954321579,808100
2011-05-25,41.4927978515625,41.53792599919509,41.470237220540504,41.52889899255085,1407900
2011-05-26,41.456695556640625,41.51535732214655,41.456695556640625,41.50182025647548,787900
2011-05-27,41.58302307128906,41.63266124646392,41.47020966276293,41.49277027879295,1225700
2011-05-31,41.695831298828125,41.72290541181681,41.6326560733268,41.695831298828125,1848000
2011-06-01,41.45340347290039,41.7212825027428,41.385297519275355,41.66225919040787,2091600
2011-06-02,41.42616653442383,41.49881382188384,41.40800471255882,41.48065200001884,1177000
2011-06-03,41.26271057128906,41.353519673945,41.235469572498815,41.29903421235144,1141100
2011-06-06,41.162803649902344,41.32171516419818,41.12193870964844,41.28993286133901,1660100
2011-06-07,41.131038665771484,41.285412403383305,41.10833898883734,41.271791904420226,995500
2011-06-08,40.93581771850586,41.126511682433424,40.92673507412043,41.117429038047995,1642600
2011-06-09,40.963043212890625,41.06293147922422,40.917640400196966,40.95850189241749,1480700
2011-06-10,40.695167541503906,41.02207339004206,40.608903222149166,40.98574974820157,3870000
2011-06-13,40.540775299072266,40.85859833298141,40.540775299072266,40.74963093049988,2015400
2011-06-14,40.7950553894043,40.87224052948217,40.77235571150598,40.84954085158385,1253000
2011-06-15,40.62250900268555,40.795041042892954,40.57710619884274,40.672453126116196,1319400
2011-06-16,39.900577545166016,40.726920754373246,39.78706884354958,40.59525370882757,7149900
2011-06-17,40.34101104736328,40.49084343611796,40.091293863451135,40.35917286394073,3486900
2011-06-20,40.62250900268555,40.66791180652835,40.38187102470799,40.386408880283945,1555600
2011-06-21,40.89494323730469,40.899484558441394,40.66338435551591,40.69062881832305,2212000
2011-06-22,40.59980773925781,40.881310678471515,40.59526988347279,40.81774605736069,1667400
2011-06-23,40.817752838134766,40.86315565161181,40.33193545950389,40.52262935451505,2999800
2011-06-24,40.62250900268555,40.885850114590454,40.55894438450325,40.885850114590454,1416400
2011-06-27,40.613433837890625,40.6815397881948,40.572572346115635,40.640678296419814,1137600
2011-06-28,40.77689743041992,40.77689743041992,40.690633103815756,40.726953284695355,1477500
2011-06-29,41.18096923828125,41.2036723717492,40.840443020332906,40.90854895672494,1752700
2011-06-30,41.45795440673828,41.58962503487656,41.18099264824289,41.18099264824289,2514300
2011-07-01,41.678192138671875,41.78785859168646,41.50912026367273,41.760442849991236,1749800
2011-07-05,41.733028411865234,41.737595378134635,41.54111124153659,41.60965059791554,2253200
2011-07-06,41.75131607055664,41.75588303784714,41.54568749674322,41.57767369894959,1969400
2011-07-07,41.91579818725586,41.91579818725586,41.723877576371464,41.847255360956645,2662100
2011-07-08,41.801570892333984,41.81984572972085,41.64620688467549,41.65534778960269,1771000
2011-07-11,41.39030838012695,41.6416274315632,41.376600511932814,41.586795958786645,1967100
2011-07-12,41.27607727050781,41.42687081420217,41.27150681839279,41.36289494329231,1407200
2011-07-13,41.59593200683594,41.61421032590437,41.372028699155265,41.39944443464146,1056800
2011-07-14,41.57309341430664,41.81070462797646,41.49540967420357,41.52282890033608,823300
2011-07-15,41.559391021728516,41.65992007135193,41.53197527591639,41.65992007135193,688800
2011-07-18,41.48626708984375,41.582225653773726,41.35832233793711,41.467988770109514,2103500
2011-07-19,41.6735954284668,41.6873067769088,41.449692211154925,41.48167838505662,894100
2011-07-20,41.71016311645508,41.769568516767976,41.67360648337521,41.769568516767976,878500
2011-07-21,41.91123962402344,41.93408491511463,41.74216773602562,41.78786180444197,936300
2011-07-22,41.96607208251953,41.975212988154645,41.828989874099086,41.85640561853637,670000
2011-07-25,41.74216842651367,41.920377736649066,41.73759797372625,41.833560051092086,1050600
2011-07-26,41.8289794921875,41.87467355031976,41.7330209242398,41.78328543405524,570200
2011-07-27,41.49996566772461,41.847246692465234,41.49996566772461,41.81982747588555,1158100
2011-07-28,41.56394958496094,41.66447860582694,41.50454765728249,41.54567126423683,689700
2011-07-29,41.60508346557617,41.61879133679725,41.31263725874733,41.34462345367443,1199100
2011-08-01,41.69749069213867,41.840009312597196,41.49061368891753,41.738868197258874,907000
2011-08-02,41.182586669921875,41.60553714496446,41.1779883909112,41.600938865953786,1286700
2011-08-03,41.15959167480469,41.357275548616705,40.828585792379116,41.19637088562055,2361600
2011-08-04,39.97350311279297,41.07685529028109,39.95511700809106,40.91595056819029,3396500
2011-08-05,39.93212127685547,40.51597644166977,38.897729471172966,40.19876533966605,4671900
2011-08-08,38.231136322021484,39.47240552418148,37.84955970161259,38.55754409729378,6491600
2011-08-09,39.3988151550293,39.3988151550293,38.180534835222524,38.73220880994795,5124100
2011-08-10,38.73225402832031,39.21037366808163,38.56675094119287,39.146011746138925,3395000
2011-08-11,39.435604095458984,39.49537118757869,38.46097959889289,38.46097959889289,2916900
2011-08-12,39.25172424316406,39.63330077211594,39.090819534407125,39.52756489527263,2273600
2011-08-15,39.890724182128906,39.9458929806791,39.38962074826356,39.52294271416674,3280700
2011-08-16,39.637901306152344,39.895348854806464,39.59192903067265,39.780416412377335,2712000
2011-08-17,40.074615478515625,40.07921375512248,39.812569831242804,39.826361153606,1668900
2011-08-18,39.58732604980469,39.642494878304774,39.12759633468208,39.6195069895649,2342700
2011-08-19,39.24251937866211,39.803390058173655,39.11839042108704,39.20114189031757,1879400
2011-08-22,39.28848648071289,39.702243772556095,39.23791595018438,39.53674085581881,1681100
2011-08-23,39.58272171020508,39.64708357987129,38.93909950608409,39.2057435418206,2588800
2011-08-24,39.403419494628906,39.564324136392834,39.164361670787954,39.30687670957055,2550900
2011-08-25,39.08620071411133,39.74821231933297,39.077007667353364,39.637878220948615,1678800
2011-08-26,39.48157501220703,39.55973170636549,38.75520494249659,39.100002127011834,1629000
2011-08-29,39.88155746459961,39.92752974001209,39.619511636542704,39.75283369046075,2082100
2011-08-30,39.955108642578125,39.978093022373145,39.762019509036904,39.817188333971416,1774500
2011-08-31,40.46999740600586,40.63090206960013,40.25852220421645,40.35966328060673,3213700
2011-09-01,40.44361877441406,40.536155097396275,40.360334671716295,40.48063118558628,1624000
2011-09-02,40.25391387939453,40.513018402340556,40.054957612122585,40.054957612122585,1814600
2011-09-06,39.777366638183594,39.930054827537404,39.56915450814577,39.68020238951379,3004100
2011-09-07,39.971656799316406,40.14285280470674,39.84210459200822,40.064193081670005,916900
2011-09-08,40.096622467041016,40.1845309591481,39.97169448504408,40.050350752205865,1533100
2011-09-09,39.735694885253906,40.16137107138165,39.620022737617475,40.04569892374523,1978400
2011-09-12,39.39331817626953,39.54137842861729,39.240630048213596,39.471974413134156,2110000
2011-09-13,39.69407653808594,39.79124077218116,39.39332808205649,39.485864439279815,2331900
2011-09-14,39.95780944824219,40.05034580641277,39.63392866460936,39.82362925786979,1648300
2011-09-15,40.22614669799805,40.23539891648054,39.962414345824875,40.05032277652676,1534000
2011-09-16,40.20302963256836,40.32332970922655,40.06884945668719,40.32332970922655,1217200
2011-09-19,40.14289093017578,40.22154719788294,39.96706688467007,40.13363517513009,1251000
2011-09-20,40.207679748535156,40.29096391997434,40.054991512557095,40.21693197645624,1509100
2011-09-21,39.86064147949219,40.29094221174806,39.8560136030064,40.207658085181265,2524900
2011-09-22,39.319297790527344,39.56914664888949,39.22675790776768,39.407206266604554,2295700
2011-09-23,39.425697326660156,39.61540135739394,39.18972513941674,39.20360876340029,2251300
2011-09-26,39.57373046875,39.967014825043705,39.333134101498025,39.508954387950176,2451400
2011-09-27,39.620052337646484,39.809756495913895,39.55990404675109,39.809756495913895,3481300
2011-09-28,39.175846099853516,39.606146674039024,39.1018177534525,39.59689445450171,2696800
2011-09-29,39.10183334350586,39.45810218330197,39.03242931418477,39.32854987792157,1643100
2011-09-30,38.32451629638672,38.856609152177185,38.27824811980398,38.856609152177185,2510700
2011-10-03,37.862518310546875,38.40274425618265,37.862518310546875,38.15125847777684,2560600
2011-10-04,37.746097564697266,37.80663906779287,36.27909866959739,37.54118239558346,4870500
2011-10-05,38.2071533203125,38.239753137995066,37.59706949520428,37.92306767202998,2563800
2011-10-06,38.79861068725586,38.80326881954513,38.141956159023486,38.323584234052475,2317200
2011-10-07,38.83125305175781,39.02685573796288,38.500596359219436,39.017539463177144,2686900
2011-10-10,39.664825439453125,39.669483570204946,39.059399906886554,39.29691127853882,2014300
2011-10-11,39.227081298828125,39.59965026737906,39.203794183805925,39.59965026737906,2278800
2011-10-12,40.13987731933594,40.18178985976746,39.31556182636931,39.47856096101635,4223000
2011-10-13,39.97220993041992,40.06069312218743,39.63689547941066,39.97686450943512,3361300
2011-10-14,40.25162887573242,40.26559971602768,40.05137187423672,40.19574196143839,2760400
2011-10-17,40.018768310546875,40.08396792788729,39.92562701523562,40.06068082750314,1904100
2011-10-18,40.233001708984375,40.32148843897416,39.78591703391677,40.01411572623903,2890000
2011-10-19,40.10261535644531,40.61955795552593,40.07932824534232,40.307530564185896,3574500
2011-10-20,40.45655059814453,40.46120517692579,40.1445197172355,40.237664589564154,1759800
2011-10-21,40.94554901123047,40.954865275283495,40.63352167461395,40.72666299646215,2405600
2011-10-24,42.05393600463867,42.13776458779319,40.91293564764034,40.98279339245452,5630300
2011-10-25,41.30880355834961,41.835062310661804,41.290178137184405,41.639463410405334,4506500
2011-10-26,41.485782623291016,41.68138154988389,41.19238068028769,41.68138154988389,2839500
2011-10-27,42.09585189819336,42.57553633631016,41.91422387896686,42.258850947100115,5132100
2011-10-28,41.97012710571289,42.00738150772215,41.839724262780905,41.9887560832746,2820700
2011-10-31,41.57893753051758,41.76056567210412,41.541679564777986,41.755911091223055,2972600
2011-11-01,40.83682632446289,41.28187820881886,40.64006834990643,41.005477038130856,3132800
2011-11-02,41.22571563720703,41.310041107613706,40.97273922598701,41.05237895521184,1812500
2011-11-03,41.63325119018555,41.68946573616355,41.28189598114297,41.54892579704853,1409900
2011-11-04,41.59109115600586,41.62856990678073,41.25847528476224,41.403700976301884,3759500
2011-11-07,41.450557708740234,41.59578342307732,41.23505664504067,41.5676761426691,1756000
2011-11-08,41.54426193237305,41.60984798665712,41.38029679666286,41.57705495951508,1823800
2011-11-09,40.66353988647461,41.21165354473843,40.66353988647461,41.08984931817784,2151500
2011-11-10,40.70565414428711,41.08980219596626,40.69628624875914,41.02421620476507,2487700
2011-11-11,41.24442672729492,41.277219744719815,40.91181081507934,40.944603832504235,1270200
2011-11-14,40.96803665161133,41.16948054958049,40.75722484930091,41.16948054958049,1603100
2011-11-15,40.86025619506836,40.94458156174729,40.71034482921346,40.90241709132338,1450000
2011-11-16,40.46209716796875,40.813452637587254,40.45272568724223,40.74318082882902,1788500
2011-11-17,40.26533889770508,40.64948743499932,40.06858067537283,40.527686768321054,2131700
2011-11-18,40.23720932006836,40.433967433445815,40.19036266081244,40.41991379308614,2226100
2011-11-21,39.782779693603516,40.251253322329426,39.735933045564956,40.19035303729631,3219000
2011-11-22,39.47829055786133,39.885864102229434,39.44081536548106,39.77343137674481,4123400
2011-11-23,38.76618957519531,39.44547485107461,38.70997145769026,39.35646729940391,4483000
2011-11-25,38.76618957519531,39.206555893560285,38.66312481352097,38.878622236035575,1476200
2011-11-28,39.6329231262207,39.78283475191963,39.361207187711685,39.60013006979204,2455000
2011-11-29,39.89054489135742,39.89054489135742,39.64225434856182,39.78279434443425,2010300
2011-11-30,40.5698127746582,40.60729152020909,40.32152234018092,40.429272840097234,2944100
2011-12-01,40.748504638671875,40.790934537770006,40.47033988901476,40.54577561670939,2442000
2011-12-02,40.979530334472656,41.01724820759256,40.74851465631834,40.87109594547086,2664700
2011-12-05,41.210533142089844,41.31896748776184,41.07380860439535,41.22467643961463,2719200
2011-12-06,41.39441680908203,41.42270341342865,41.078534140323676,41.19168775165836,2355600
2011-12-07,41.262386322021484,41.33782203011253,41.106806468785656,41.290676511041895,1740600
2011-12-08,40.99367904663086,41.262412633363596,40.988967009599904,41.201123779187654,1994200
2011-12-09,41.34725570678711,41.3708302682363,41.017233428336844,41.06437895426216,1355900
2011-12-12,41.12567901611328,41.19639551965337,41.04081561489144,41.19639551965337,1772000
2011-12-13,40.97012710571289,41.35201090718809,40.95598379409922,41.2577197651126,1742400
2011-12-14,40.899383544921875,41.00782153353106,40.76737458277118,40.9842469630151,1317700
2011-12-15,41.04552459716797,41.182249155464305,40.98423576633449,41.17753352325451,1562200
2011-12-16,41.238834381103516,41.25769331682437,41.01724638260118,41.13511203312589,1383900
2011-12-19,41.18698501586914,41.46514630431171,41.18226938134335,41.27184845245717,2268000
2011-12-20,41.70085525512695,41.73385748511545,41.422694116220086,41.46041197819931,1957100
2011-12-21,41.818721771240234,41.818721771240234,41.53584499428747,41.5877061563757,1792300
2011-12-22,41.97904968261719,42.03562651560259,41.70560038531818,41.78574820098228,1885800
2011-12-23,42.17231750488281,42.20060769969686,41.89887199948435,41.95544519516589,1255200
2011-12-27,42.3406982421875,42.35493026127018,42.11778060385795,42.22686741984228,2282000
2011-12-28,42.14149475097656,42.44504603271748,42.09880954820833,42.407104836462395,1899200
2011-12-29,42.392860412597656,42.42132082473223,42.146226425330546,42.260057218021856,1558600
2011-12-30,42.41659927368164,42.52094572997641,42.335969236951165,42.38814246509855,1553400
2012-01-03,42.55414581298828,42.682205068023315,42.42608293933574,42.60157503268209,3118800
2012-01-04,42.48302459716797,42.549426266636395,42.26484716625461,42.544682256354484,3010000
2012-01-05,42.29802703857422,42.48774755101197,42.20790898097728,42.46877513790642,2579700
2012-01-06,42.165218353271484,42.397624051402595,42.094072717912105,42.397624051402595,1916400
2012-01-09,42.222137451171875,42.32174352478388,42.16996783832351,42.16996783832351,2157800
2012-01-10,42.3691520690918,42.44029767896852,42.30749085184449,42.402352871218795,2318000
2012-01-11,42.32647705078125,42.36916587806686,42.231618619106676,42.340705453670715,1191100
2012-01-12,42.26957702636719,42.42135273700366,42.231632194053475,42.32649065621938,1558100
2012-01-13,42.222137451171875,42.274310682638045,41.999219738728364,42.24585387224479,1929400
2012-01-17,42.30750274658203,42.39287677871377,42.24110112365924,42.39287677871377,4144200
2012-01-18,42.42606735229492,42.43081135810664,42.188917722335496,42.31223654312693,2725800
2012-01-19,42.48773956298828,42.615798804102404,42.43082233437249,42.55414118706481,2953000
2012-01-20,42.48773956298828,42.563625582525546,42.46876715344968,42.50196796548795,2037500
2012-01-23,42.6347770690918,42.696434694597436,42.5256902225343,42.57785983265901,1680100
2012-01-24,42.74388122558594,42.76759403439852,42.55416066199142,42.63479072546799,2863800
2012-01-25,43.11854553222656,43.161230726778896,42.648986680454776,42.829222707096235,3882800
2012-01-26,43.2228889465332,43.38889657737725,43.123286539196414,43.30352256842914,6487500
2012-01-27,43.06637954711914,43.24661198536292,43.06637954711914,43.165981969723596,2431100
2012-01-30,42.9288215637207,43.03316796659836,42.852931954858505,42.90510515629734,2553000
2012-01-31,43.03791427612305,43.09957549646341,42.93831186474579,43.04265828198374,2864400
2012-02-01,43.11758804321289,43.2702165253201,43.060350997816414,43.060350997816414,4284200
2012-02-02,43.14619064331055,43.222506678893886,43.122344611402404,43.20819469301036,2079600
2012-02-03,43.27021789550781,43.51823782217952,43.20344315990581,43.50870013378645,2312900
2012-02-06,43.27973556518555,43.289276888115516,43.16526516266527,43.23203986738114,2270500
2012-02-07,43.3656005859375,43.39898794700238,43.24635949085588,43.303596526516856,2467000
2012-02-08,43.40373229980469,43.44665732131861,43.31310795801231,43.42281130012662,3336000
2012-02-09,43.4228401184082,43.446686155426015,43.24636197751813,43.432377805425396,3258700
2012-02-10,43.046024322509766,43.22250240814706,43.046024322509766,43.20342340113639,2909600
2012-02-13,43.170040130615234,43.27020219768084,43.08418641042345,43.165269468674346,2193100
2012-02-14,43.170040130615234,43.2368148419923,43.11280310417109,43.14619045985963,3000100
2012-02-15,43.0317268371582,43.29405506212605,43.022185511770616,43.17958463012098,1986600
2012-02-16,43.212955474853516,43.222496796594356,42.9220070238744,43.03171039020589,2514100
2012-02-17,43.19867706298828,43.336997212486445,43.14144000972853,43.327455884134544,2402700
2012-02-21,43.360809326171875,43.446659373254334,43.23679763769599,43.2511059788764,2265100
2012-02-22,43.49912643432617,43.52297609598515,43.389426724168786,43.41804340700159,3570600
2012-02-23,43.65653610229492,43.75669815555612,43.49913703047803,43.52775735923005,3212300
2012-02-24,43.79011154174805,43.80919055927657,43.63271601530109,43.66610338623839,1795500
2012-02-27,43.79965591430664,43.85688933191975,43.68518180117889,43.68518180117889,1608100
2012-02-28,43.885501861572266,43.93796824433802,43.80918579974931,43.83303547880651,2813200
2012-02-29,43.942718505859375,44.004726192173564,43.77101107121024,43.928410159463404,3085800
2012-03-01,44.0180549621582,44.061231678753984,43.898114757901645,43.97007961251249,3802800
2012-03-02,43.835750579833984,44.00846478022345,43.82135467956416,44.00846478022345,1709000
2012-03-05,43.59107971191406,43.88853281521928,43.586281077588914,43.874136912243834,2333700
2012-03-06,43.010589599609375,43.533527517692484,43.010589599609375,43.43757674785858,5792700
2012-03-07,43.130489349365234,43.1832633212525,43.0057505376059,43.14488158528289,5840700
2012-03-08,43.46632766723633,43.47592493297779,43.19766279102619,43.298412119605,2249700
2012-03-09,43.51430130004883,43.62944652270156,43.48071819184618,43.5095063276515,2531300
2012-03-12,43.51430130004883,43.523898565412026,43.41835060812249,43.47592321944886,2153000
2012-03-13,43.830928802490234,43.830928802490234,43.54307317393166,43.64862109180248,2890700
2012-03-14,43.72057342529297,43.82612132185065,43.499884032618816,43.80693046245087,2928800
2012-03-15,43.57186508178711,43.754172823617246,43.533483348680704,43.754172823617246,1726800
2012-03-16,43.413536071777344,43.65821500492593,43.32238404592429,43.61503830746126,3570300
2012-03-19,43.57666015625,43.59105238991915,43.33677983434214,43.413539634005375,2283900
2012-03-20,43.54310989379883,43.61986975134728,43.471145010900536,43.54310989379883,2756600
2012-03-21,43.403961181640625,43.62465071559271,43.39436391565581,43.62465071559271,3280100
2012-03-22,43.509525299072266,43.55270203118015,43.38478641695082,43.394380026212836,3500900
2012-03-23,43.41836166381836,43.53830188940902,43.37038630563914,43.49512516513328,3465200
2012-03-26,43.68220138549805,43.686996355797035,43.451914701253024,43.47590419387866,2081200
2012-03-27,43.75897216796875,43.8069475049913,43.6294383919795,43.663021493923644,4196700
2012-03-28,43.61505889892578,43.778175824513355,43.547889015130394,43.778175824513355,2803700
2012-03-29,43.61025619506836,43.63424203820635,43.46632649510311,43.571874453706386,2158600
2012-03-30,43.52389907836914,43.69181462136137,43.461527833626086,43.64383927483277,4020300
2012-04-02,43.598716735839844,43.66628890022315,43.53596852433621,43.61319595929244,5883800
2012-04-03,43.56007766723633,43.69039428487473,43.55525003475946,43.58903609728828,4099700
2012-04-04,43.40081787109375,43.48769688155589,43.33807335114019,43.42495236160233,2297600
2012-04-05,43.29461669921875,43.39115094472009,43.241523784794246,43.37667172849612,3658900
2012-04-09,43.072608947753906,43.23188774830655,43.024343648848756,43.21258089226323,2692500
2012-04-10,42.8602409362793,43.164315633832516,42.821627224156465,43.087088209586845,4471100
2012-04-11,43.120872497558594,43.14500698723534,42.99055582756006,43.072607200611216,2003700
2012-04-12,43.50700759887695,43.540793679143846,43.12087781090683,43.15949152618516,2753500
2012-04-13,43.367061614990234,43.535992117495844,43.338103152391774,43.492554423598165,2767400
2012-04-16,43.434600830078125,43.521479834302994,43.29945653070743,43.458735318854025,3804300
2012-04-17,43.62281799316406,43.67591089812453,43.511808233631655,43.56490113859212,2787400
2012-04-18,43.608375549316406,43.66146849904389,43.531151783972035,43.55528259958892,3322600
2012-04-19,43.52630615234375,43.67592966749311,43.47804085865743,43.593878299985775,2597800
2012-04-20,43.59389877319336,43.66147095256962,43.49254050412896,43.66147095256962,2241500
2012-04-23,43.50218200683594,43.51666491255039,43.36703767942166,43.44908906643651,2850700
2012-04-24,43.603511810302734,43.603511810302734,43.48767441699378,43.55042258693956,2049300
2012-04-25,43.92211151123047,43.92211151123047,43.661474363670486,43.71456732052944,3351000
2012-04-26,43.95104217529297,43.98965587993889,43.902776885688354,43.92208373801131,2641100
2012-04-27,43.931739807128906,43.99448800418468,43.87382292665395,43.989660370009794,2413000
2012-04-30,44.01860809326172,44.02826335926078,43.825546962140905,43.93655674429487,3989000
2012-05-01,44.05213165283203,44.25113119872432,44.03757116204418,44.0958131251956,3624600
2012-05-02,44.221988677978516,44.25596437429332,43.97444934592888,44.00357401639383,2040700
2012-05-03,44.19286346435547,44.28993581504974,44.144323585935524,44.265665875839765,1871900
2012-05-04,44.10551452636719,44.20744164632737,44.071538819713794,44.13949023302058,2381400
2012-05-07,44.178306579589844,44.285088404843265,43.97930711685946,44.09093996829827,1906100
2012-05-08,44.16862106323242,44.20259677746575,44.032718206299116,44.11523012614075,1688900
2012-05-09,44.01329040527344,44.1006570316307,43.89680280448843,44.05697186691504,3146800
2012-05-10,43.96474075317383,44.183155400659565,43.935616084588915,44.158889163757216,3354000
2012-05-11,44.076393127441406,44.24142064566461,43.91622404305436,43.945345021474814,2765200
2012-05-14,43.75118637084961,43.95989530826534,43.683234968255995,43.92591960696853,4544000
2012-05-15,43.53759765625,43.77057640473182,43.53759765625,43.73174599613959,5242100
2012-05-16,43.11048889160156,43.707494591195236,43.09592840920927,43.59100332591126,6224400
2012-05-17,42.513492584228516,43.11535314527558,42.40671445540435,43.11049841571468,8867800
2012-05-18,42.513492584228516,42.85325329509192,42.46010537135326,42.71735049197602,6525600
2012-05-21,42.95517349243164,42.98429445896855,42.55717090311056,42.56202563189107,4276900
2012-05-22,42.9503173828125,43.25124760528702,42.89692647716262,43.08136913416146,3675300
2012-05-23,42.906646728515625,43.04254953960539,42.688228322343754,42.853255809434096,4320900
2012-05-24,42.916351318359375,43.027987883333104,42.83383942859441,42.83383942859441,2183000
2012-05-25,42.78043746948242,43.0231220495013,42.75616753025141,42.98914635642157,1651500
2012-05-29,43.251251220703125,43.31920261483347,42.93090576002584,42.969736186121246,4380300
2012-05-30,43.05708312988281,43.105619288799836,42.96971656260354,43.066792583509155,2543300
2012-05-31,42.60082244873047,43.10075547614256,42.59111670105559,43.10075547614256,10706100
2012-06-01,42.230682373046875,42.56766946138148,42.176959685744706,42.284405060349044,5945600
2012-06-04,42.264854431152344,42.41625264642122,42.21113176262147,42.264854431152344,3125700
2012-06-05,42.53346252441406,42.67509467036997,42.22089631474692,42.26485291746303,2970100
2012-06-06,42.987674713134766,42.99744450625247,42.64092157914293,42.7288310867806,2334800
2012-06-07,43.14883041381836,43.33930033816547,42.99743219858944,43.22208893689415,5454300
2012-06-08,43.314884185791016,43.41744462972679,43.07069158801537,43.139065217305884,3738100
2012-06-11,43.031612396240234,43.461389952210304,43.02672750183072,43.417437080772736,5266700
2012-06-12,43.33441925048828,43.37837212876636,43.1048776165918,43.17813613980521,3648400
2012-06-13,43.207427978515625,43.42719977080058,43.10486756037715,43.2709166965778,3527200
2012-06-14,43.529747009277344,43.583469649095846,43.187879052324384,43.21718095546856,3874100
2012-06-15,43.6078987121582,43.65185157526672,43.466266609783005,43.466266609783005,2683200
2012-06-18,43.622554779052734,43.632320841082986,43.466271703991794,43.510224572251545,3628200
2012-06-19,43.93026351928711,44.00840696874781,43.632348138866476,43.80328600304059,2809100
2012-06-20,44.10120391845703,44.12073605586019,43.86677728268451,44.04259632799266,3719000
2012-06-21,43.739784240722656,44.29654315873352,43.671410599990374,44.150029811200326,4843700
2012-06-22,44.03769302368164,44.09141569429769,43.88140990718498,43.89117969788794,3211700
2012-06-25,43.96929931640625,43.97906910264826,43.79348042486721,43.86185402423443,3385600
2012-06-26,43.905826568603516,44.013271899828474,43.78861517366859,44.00838700493196,2357900
2012-06-27,44.16957092285156,44.179336990081744,43.98398211071845,43.98398211071845,1918000
2012-06-28,44.16466522216797,44.19396713614008,43.993731180526225,44.047453840196866,3068700
2012-06-29,44.58470153808594,44.58470153808594,44.33562395237464,44.43330326347943,3394900
2012-07-02,44.63279724121094,44.63279724121094,44.401945821020426,44.5984153539918,3810700
2012-07-03,44.79490661621094,44.824379498693034,44.61317528641414,44.672113556684764,1987500
2012-07-05,44.79981994628906,44.89805664354262,44.55914659587481,44.69667422468295,2221300
2012-07-06,44.740882873535156,44.76053021515766,44.549325976899816,44.56897331852232,2612400
2012-07-09,44.75560760498047,44.81454586461039,44.642636361779594,44.69175282725323,1916600
2012-07-10,44.55912399291992,44.86364823156663,44.50018200446656,44.794884452043505,1832600
2012-07-11,44.70158767700195,44.735969584727485,44.51985259482593,44.62791108977671,3188700
2012-07-12,44.60334396362305,44.677020539261406,44.43143445203107,44.662285973603,1989100
2012-07-13,44.740882873535156,44.76053021515766,44.578798863007194,44.652475457254766,2316400
2012-07-16,44.56895446777344,44.711394823780005,44.52966354849405,44.544398111642025,2178900
2012-07-17,44.78015899658203,44.789984536994474,44.544398489523026,44.696660639804705,4036500
2012-07-18,44.9668083190918,44.9668083190918,44.74086585007553,44.76051318422242,3958600
2012-07-19,45.079769134521484,45.13379835859272,44.932419771246046,44.94715433283906,4718200
2012-07-20,44.86857223510742,44.996278035059284,44.809633979241845,44.94716157272268,2733500
2012-07-23,44.79490661621094,44.83911406626069,44.49038222688796,44.6180843107055,4561700
2012-07-24,44.51984786987305,44.77525951216713,44.485465965796514,44.755612174502474,3447700
2012-07-25,44.426513671875,44.662277921945226,44.42160464910472,44.64263058882724,2891000
2012-07-26,44.88331604003906,44.902963378488046,44.61317356789555,44.642642701895696,4330900
2012-07-27,45.14852523803711,45.15835077565745,44.87838291099165,44.87838291099165,5556800
2012-07-30,45.14852523803711,45.163259797123,45.015910458919464,45.138703447761394,3889700
2012-07-31,45.04048538208008,45.18292575755764,44.96189978543332,45.16327842155941,3530800
2012-08-01,45.284976959228516,45.284976959228516,45.01827471943694,45.146687746321426,3598100
2012-08-02,45.10222244262695,45.2355716399007,45.018261697376914,45.17136702907961,4516600
2012-08-03,45.289894104003906,45.38867476314172,45.22568950163697,45.24050565848343,4602000
2012-08-06,45.26028060913086,45.43314212437524,45.26028060913086,45.26522058616597,2864400
2012-08-07,45.17137908935547,45.388692857997064,45.12199062414557,45.3491805785898,3680600
2012-08-08,45.20100021362305,45.29484091193609,45.1812478469126,45.23063629988357,3162100
2012-08-09,45.2059440612793,45.27015244692875,45.13185949142871,45.25039631042874,2975600
2012-08-10,45.16640853881836,45.23061689141649,45.09726398070946,45.15159238609443,1533600
2012-08-13,45.191139221191406,45.191139221191406,45.067666163210006,45.14669072900548,2007800
2012-08-14,45.26028060913086,45.33436519226372,45.176319840026224,45.19113600303311,2381000
2012-08-15,45.0429573059082,45.304723280002406,45.0429573059082,45.304723280002406,2580400
2012-08-16,45.21089172363281,45.23064786349152,44.98370176740532,45.1121110243393,2914300
2012-08-17,45.21089172363281,45.26522016621965,45.136807141187276,45.186195606784835,2222000
2012-08-20,45.26520919799805,45.289901540764426,45.146676155665986,45.2207569520626,2333200
2012-08-21,45.36398696899414,45.368926944880464,45.28990240308947,45.30472233074844,2531200
2012-08-22,45.319549560546875,45.37387800427464,45.28003727999968,45.319549560546875,1889100
2012-08-23,45.30965042114258,45.363978841866356,45.24544581851305,45.32446657804963,1141700
2012-08-24,45.51213455200195,45.51707452554933,45.284944754067574,45.32445323815929,2082100
2012-08-27,45.47758483886719,45.546729430456224,45.398560295281065,45.497340974763716,1883600
2012-08-28,45.43805694580078,45.51214148791863,45.413360842396045,45.4726292297096,1795700
2012-08-29,45.502288818359375,45.52204495930788,45.43808418635068,45.502288818359375,1617600
2012-08-30,45.482505798339844,45.526958031228425,45.43805733354763,45.47756959209384,2022400
2012-08-31,45.6010627746582,45.635635074177124,45.482525946509284,45.56155049860856,1801800
2012-09-04,45.60005569458008,45.6248884320298,45.4709322799403,45.6248884320298,3921500
2012-09-05,45.605037689208984,45.649732084282,45.57027411894831,45.64476856634832,1541000
2012-09-06,45.87319564819336,45.87815916398701,45.61991615181311,45.61991615181311,3306000
2012-09-07,45.952659606933594,45.98742316676589,45.87320166543571,45.93776147971173,3403300
2012-09-10,45.878143310546875,46.04203020974582,45.84834707030781,45.92780876286804,2138600
2012-09-11,46.19103240966797,46.19103240966797,45.90298937385905,45.90298937385905,4400300
2012-09-12,46.33012008666992,46.34005091382723,46.22582935126176,46.25065831362796,1957400
2012-09-13,46.62807083129883,46.63800544243208,46.31519878159323,46.34996234267163,5946800
2012-09-14,46.62310791015625,46.70256965091886,46.53868265230424,46.63304252222375,3467200
2012-09-17,46.583377838134766,46.672770396281656,46.53371235887441,46.57344322670505,3075500
2012-09-18,46.60322189331055,46.64295274614528,46.49396773142903,46.598258378413206,4099400
2012-09-19,46.543636322021484,46.65289428908759,46.543636322021484,46.65289428908759,3306500
2012-09-20,46.32512283325195,46.5039079180807,46.32015552841131,46.49894061324006,2122200
2012-09-21,46.26057434082031,46.41949403409958,46.200978034986456,46.41949403409958,3121700
2012-09-24,46.200965881347656,46.24566404620083,46.15627150543784,46.195998576598775,1867200
2012-09-25,45.78878402709961,46.23574689973032,45.75402045861415,46.21091794449488,5726800
2012-09-26,45.560340881347656,45.78878774838164,45.431221210162214,45.77885692326933,6554200
2012-09-27,46.056949615478516,46.056949615478516,45.68944858989881,45.778841140871585,3882600
2012-09-28,45.83845138549805,46.022200059726806,45.833484078670395,46.0172365418441,3668200
2012-10-01,45.76105880737305,46.065596485295906,45.73110134690423,46.065596485295906,5386700
2012-10-02,45.87586212158203,45.91580284413418,45.75105022032428,45.850898217747705,3151900
2012-10-03,45.99070358276367,46.105528430952724,45.88586201352054,45.91581565931629,3201000
2012-10-04,46.185420989990234,46.21537464297949,46.02066828063148,46.045632197428475,1847200
2012-10-05,46.16047286987305,46.32522563561222,46.07060807119352,46.320232088752185,2513500
2012-10-08,46.09555435180664,46.13050154852915,46.025659958361615,46.06060715508413,1143300
2012-10-09,45.96575927734375,46.18542959742805,45.955775994139756,46.18542959742805,5777300
2012-10-10,45.85590744018555,46.035636944169624,45.830947336773356,46.00568329649169,5431800
2012-10-11,46.105533599853516,46.11552068887709,45.990708738791426,46.03064566801043,2811000
2012-10-12,46.185420989990234,46.31023295605737,46.085569131761176,46.1504737918498,3696800
2012-10-15,46.39509201049805,46.41506237690611,46.22035606562495,46.31022080998225,2378500
2012-10-16,46.56486511230469,46.59482258614706,46.40011614649361,46.46002347625748,3536300
2012-10-17,46.66969680786133,46.70963374628453,46.57983203073033,46.62975606047881,2971500
2012-10-18,46.64472579956055,46.694649821721704,46.57982495164691,46.60478505824812,1676300
2012-10-19,46.41007995605469,46.63973351135096,46.37013921366607,46.61477340407721,2041200
2012-10-22,46.42005157470703,46.52489313181518,46.390094123420724,46.43003485249742,3021700
2012-10-23,46.245338439941406,46.33520322758005,46.18043757457563,46.28028564574756,3916900
2012-10-24,46.20538330078125,46.36514243711772,46.18041938833938,46.35016180427764,4332900
2012-10-25,46.28026580810547,46.41007129215678,46.23034179391901,46.390100924690564,2005600
2012-10-26,46.17044448852539,46.3252101086713,46.0705926295934,46.295256455471176,4591800
2012-10-31,46.22534942626953,46.26529016221846,46.15046530756306,46.170435675537526,2914100
2012-11-01,46.200439453125,46.24536997310105,45.960798586365655,46.02070975529608,2092300
2012-11-02,46.1354866027832,46.30522901020808,46.125499514724055,46.26029854081611,2829300
2012-11-05,46.06061553955078,46.225364463255616,45.98572758752525,46.130509945718764,3361700
2012-11-06,46.130489349365234,46.19039663707068,46.065584709073995,46.145466171291595,1409000
2012-11-07,45.85590744018555,46.06559059184755,45.830947336773356,46.055607312274326,3698200
2012-11-08,45.70612716674805,46.01066855985712,45.681163258870555,45.91081673730472,5829400
2012-11-09,45.62626647949219,45.77104883138534,45.55637207636574,45.57134890432722,3953900
2012-11-12,45.64126205444336,45.716150033970045,45.59133800441253,45.67620927036103,2066000
2012-11-13,45.53639602661133,45.62126724711998,45.46650163219728,45.57134322381835,4347400
2012-11-14,45.28677749633789,45.68118380263796,45.25183029496747,45.66121342914639,5017500
2012-11-15,45.26681137084961,45.39162336016526,44.97724664148699,45.206904053712265,6989700
2012-11-16,45.3965950012207,45.43154218900778,45.19689515288405,45.31172380358891,4730200
2012-11-19,45.97075653076172,45.99072690773987,45.536409401646786,45.546396494615834,9498500
2012-11-20,45.97572708129883,46.02066136298729,45.850915133992935,45.970737345856605,4010400
2012-11-21,45.96074676513672,46.0456217776646,45.91581629582025,45.93079311892574,2984700
2012-11-23,46.11552429199219,46.15047148838834,45.98571878725272,46.055613180045036,1041100
2012-11-26,46.12550354003906,46.12550354003906,45.93579074889795,46.08556280223302,2160700
2012-11-27,46.17044448852539,46.21537496832558,46.060609348179675,46.060609348179675,4194100
2012-11-28,46.1804313659668,46.300249797056395,46.05062584372684,46.13550088266792,6528000
2012-11-29,46.3851318359375,46.405098403332865,46.23036237142477,46.29526704681908,3870500
2012-11-30,46.45500564575195,46.50492966001854,46.36514089648884,46.380117719873006,3276200
2012-12-03,46.69038391113281,46.690383911132805,46.504688820372756,46.605064338130596,5444400
2012-12-04,46.69038391113281,46.760647539379406,46.60004441351853,46.67030804176513,3121100
2012-12-05,46.76569747924805,46.820905198172554,46.60007432247452,46.810865342504634,4580900
2012-12-06,46.85100555419922,46.8710814315016,46.75062999676934,46.75062999676934,2261500
2012-12-07,46.780757904052734,46.92630519248199,46.75566592065117,46.90120937999704,2294400
2012-12-10,46.820884704589844,46.92628016847313,46.76065708419311,46.92628016847313,2140700
2012-12-11,46.866031646728516,47.031654657143854,46.850975705614324,46.94131518137909,3206300
2012-12-12,47.00657272338867,47.076836349626404,46.89615735956353,46.9513650414761,3305600
2012-12-13,46.84096145629883,47.07684818759046,46.825905508187695,46.9764688183805,4898700
2012-12-14,46.805850982666016,46.926302451574905,46.80585098266602,46.85603877562112,2741400
2012-12-17,46.98648452758789,47.02663242556196,46.83591746567694,46.83591746567694,2195600
2012-12-18,47.0116081237793,47.08187177887033,46.96644027225592,47.0617959018326,3409800
2012-12-19,46.96142578125,47.0467453967241,46.96142578125,47.0467453967241,2566400
2012-12-20,47.127037048339844,47.13205697418687,46.97144997973394,46.97646990558097,3191200
2012-12-21,46.99153137207031,47.01662717517086,46.896175744268525,46.896175744268525,3187900
2012-12-24,46.820884704589844,46.95137596757543,46.77069693546657,46.8911483471787,1221400
2012-12-26,46.93440246582031,47.00000125381339,46.8233861708166,46.929355220614674,2257200
2012-12-27,47.03031921386719,47.03031921386718,46.8738891214469,46.954629717485446,2332600
2012-12-28,46.90413284301758,47.05047218581567,46.858719176246204,46.934412470786036,2426100
2012-12-31,47.10599899291992,47.131231384395534,46.894060764245495,46.9142459074415,2918500
2013-01-02,47.55005645751953,47.55005645751954,47.333071017007455,47.46931589829562,3975200
2013-01-03,47.40371322631836,47.58032837285547,47.37343359411096,47.47435928493321,3950700
2013-01-04,47.43399429321289,47.474364574039434,47.34821033389791,47.4239036479672,2968000
2013-01-07,47.4743766784668,47.47942007741461,47.34822240616002,47.444097035165626,4137300
2013-01-08,47.43902587890625,47.49453403423638,47.39865561140787,47.484439542401475,2179100
2013-01-09,47.529850006103516,47.55507853210761,47.4390188426647,47.55507853210761,2183900
2013-01-10,47.61062240600586,47.62576030295173,47.53492907135357,47.60053175801625,1684300
2013-01-11,47.69638442993164,47.69638442993164,47.53995443361178,47.58537195346277,1982600
2013-01-14,47.63078689575195,47.67115717004876,47.545002950312174,47.66106267651393,2182400
2013-01-15,47.640899658203125,47.64594305698328,47.51978878887015,47.54502118246187,2136000
2013-01-16,47.560157775878906,47.63585110465794,47.519787487207076,47.57529567165019,3272700
2013-01-17,47.731719970703125,47.741814466614855,47.590427827316255,47.645936005064264,6058900
2013-01-18,47.797332763671875,47.79733276367187,47.67622573654637,47.70650153084701,2836800
2013-01-22,47.82758712768555,47.87300464870906,47.7064801548249,47.76198831945295,2295200
2013-01-23,47.7720947265625,47.832650157935106,47.762004079628326,47.79227987035337,2227900
2013-01-24,47.87807083129883,47.90330322720043,47.78219619670351,47.82256264025376,3175400
2013-01-25,47.862937927246094,47.92349337377382,47.82761487925246,47.92349337377382,2525100
2013-01-28,47.83769607543945,47.85787736874632,47.782187894039524,47.82255433057568,2331000
2013-01-29,47.756954193115234,47.81246237299323,47.70649326138677,47.79227723031738,1514300
2013-01-30,47.4138069152832,47.69134777046581,47.37848388370739,47.6610681363139,6595600
2013-01-31,47.26746368408203,47.48949635010778,47.24223514925635,47.39866515490828,5963700
2013-02-01,47.42424011230469,47.56628898761148,47.414091552330454,47.45467805114427,5713000
2013-02-04,47.22639465332031,47.38366641106505,47.18581201408733,47.32786092775927,3878000
2013-02-05,47.33292770385742,47.38365889776151,47.282192639411356,47.30248589108138,2590900
2013-02-06,47.26186752319336,47.32781763834903,47.211132497108466,47.26186752319336,2850500
2013-02-07,47.17057800292969,47.246672846322184,47.084330729515905,47.236528157383646,4071400
2013-02-08,47.180702209472656,47.23143337322436,47.13504532325802,47.14011573025541,3220400
2013-02-11,47.175662994384766,47.22132378507564,47.10971281954526,47.124931792928024,3146100
2013-02-12,47.33800506591797,47.36337260186648,47.13508026050017,47.14015067125582,3490600
2013-02-13,47.40904235839844,47.424265206414816,47.266993407927764,47.39382338092567,3672200
2013-02-14,47.38871383666992,47.4597382532555,47.30754086312045,47.30754086312045,2731800
2013-02-15,47.393775939941406,47.51553537893007,47.312606851155365,47.414069179772845,2483000
2013-02-19,47.439449310302734,47.48003193021591,47.38871813250569,47.434375031360794,3074300
2013-02-20,47.393775939941406,47.545973303407365,47.38363125529555,47.474948899267176,3830300
2013-02-21,47.44450378417969,47.4800159837647,47.33289677872638,47.39377262342101,7185300
2013-02-22,47.56120300292969,47.56120300292969,47.43944740699356,47.50032326969132,3367000
2013-02-25,47.414093017578125,47.65253386730092,47.409018737434195,47.576435147308715,5259300
2013-02-26,47.64744186401367,47.64744186401368,47.41914965949527,47.5053930371542,4075600
2013-02-27,47.7286262512207,47.764138466430516,47.56120986357105,47.61194104665062,3681600
2013-02-28,47.70833969116211,47.75399660117111,47.65760850097154,47.723558661165114,3822000
2013-03-01,47.80321502685547,47.940930641632704,47.680800714666724,47.68589855454234,4833200
2013-03-04,47.80832290649414,47.84402724761924,47.747113796787694,47.76751683335651,2222500
2013-03-05,47.90519714355469,47.95620275162772,47.838890242207576,47.838890242207576,3733400
2013-03-06,47.87464141845703,47.97665273445552,47.86443795196783,47.96135142620397,2118000
2013-03-07,47.946022033691406,47.94602203369141,47.89501640556858,47.920517273890006,2124900
2013-03-08,48.00214385986328,48.04294993125244,47.90523041318432,48.032746467664566,2464100
2013-03-11,47.97154998779297,48.02255564057708,47.94604521565997,47.98685129448001,2782800
2013-03-12,47.951114654541016,47.997018543687076,47.92560989958482,47.94091119596684,1526200
2013-03-13,47.96133804321289,48.03274672278262,47.920531971607005,47.997042382997755,1431200
2013-03-14,48.14494705200195,48.14494705200195,47.98172670595268,48.03273233444058,2954100
2013-03-15,48.13983917236328,48.15004263164548,48.04802749622102,48.07353225294701,2024300
2013-03-18,48.15007019042969,48.18067280283273,47.946043694285315,47.946043694285315,3000600
2013-03-19,48.06844711303711,48.21636619184385,48.05314581031242,48.175560123590785,3742800
2013-03-20,48.2265625,48.252063370264345,48.1092460440471,48.11434777469208,2553200
2013-03-21,48.13983917236328,48.231650848505545,48.05823095550322,48.13474133420169,3532400
2013-03-22,48.10415267944336,48.18066308650328,48.07355007321177,48.13985701720719,2201500
2013-03-25,48.032745361328125,48.170464876224145,48.02254578945634,48.099056198678454,2131700
2013-03-26,48.11946105957031,48.150067561784205,48.07355714347177,48.144965829501636,1169400
2013-03-27,48.03782653808594,48.09393388807563,48.03272480859249,48.042928267579384,2195100
2013-03-28,48.12454605102539,48.13984735106879,48.02763652025712,48.068438689879464,1959100
2013-04-01,48.21070098876953,48.24146270731649,48.01587025178221,48.10815931913704,3823000
2013-04-02,48.174774169921875,48.28757226727979,48.15426506933762,48.16964591684807,2528700
2013-04-03,48.174774169921875,48.22092062416419,48.082485173148214,48.190155017432325,2773100
2013-04-04,48.15940856933594,48.272206702404944,48.128646864576105,48.15428031463857,3040600
2013-04-05,48.205535888671875,48.205535888671875,48.03121440118635,48.07735694374041,2243800
2013-04-08,48.256813049316406,48.27219389761637,48.16964838943136,48.23117569434237,2346800
2013-04-09,48.4106559753418,48.4106559753418,48.25684348362558,48.29785780105506,2985400
2013-04-10,48.564456939697266,48.584966047748786,48.37475062400493,48.37475062400493,2932600
2013-04-11,48.564456939697266,48.600346900859336,48.523438723594204,48.57983779280781,2676200
2013-04-12,48.579872131347656,48.61063385931259,48.47733043032111,48.52347302226851,2040900
2013-04-15,48.272247314453125,48.57987635600026,48.26199079642944,48.57987635600026,3910600
2013-04-16,48.60547637939453,48.610600722752125,48.35937098829314,48.405517460498864,4138300
2013-04-17,48.5285758972168,48.53882849727061,48.400396882122045,48.50806678539606,5778600
2013-04-18,48.451663970947266,48.538824755681816,48.431154860707466,48.50806304617852,2476900
2013-04-19,48.426021575927734,48.533695371432415,48.41576897772902,48.50292975341148,2474800
2013-04-22,48.53883361816406,48.65163178922186,48.46705367507519,48.54909013101305,3641900
2013-04-23,48.728538513183594,48.7336667694528,48.59010297590881,48.59010297590881,2217400
2013-04-24,48.8156623840332,48.84129973427218,48.71312080649821,48.75413509048594,3872600
2013-04-25,48.9489860534668,48.974619500630375,48.779788872997806,48.82080708251364,2453100
2013-04-26,48.897735595703125,48.95413467932934,48.87722648241056,48.943878166826366,2679000
2013-04-29,48.99003601074219,49.01054121707664,48.902871281106414,48.90799953854717,1785300
2013-04-30,49.14381408691406,49.14381408691406,48.99000167691672,49.03101597255575,2953100
2013-05-01,49.05006408691406,49.23554784295528,49.03976118087024,49.12219622194048,4812400
2013-05-02,49.36435317993164,49.37466001633737,49.13765388078804,49.204632593799914,3368200
2013-05-03,49.441619873046875,49.52920829455894,49.390097503387125,49.4467732892843,2407400
2013-05-06,49.47256088256836,49.49317062843349,49.40042873749392,49.421038483359055,1458700
2013-05-07,49.436466217041016,49.53951488676557,49.421009899308544,49.524058569033095,2590900
2013-05-08,49.61166000366211,49.616813421226325,49.47254524576924,49.47254524576924,3801200
2013-05-09,49.467403411865234,49.61166767873459,49.462249993503775,49.565294775294326,1644900
2013-05-10,49.209800720214844,49.488026422732695,49.184037552406565,49.488026422732695,4654400
2013-05-13,49.00883865356445,49.204625276186555,49.00368523612799,49.15825631197569,2710000
2013-05-14,49.060367584228516,49.18402210286973,49.00369177757914,49.05006074797975,4473900
2013-05-15,49.06551742553711,49.12218929714889,48.99338136977323,49.06036400778841,3179800
2013-05-16,49.183998107910156,49.276739934372515,49.03973391805857,49.09640969705803,6036800
2013-05-17,49.183998107910156,49.271586518762284,49.12216891330047,49.25613020283595,4313300
2013-05-20,49.23554229736328,49.27676177870896,49.132497524905176,49.18401991113423,2086200
2013-05-21,49.32831954956055,49.34892930501735,49.22527470318541,49.235577615459356,4666500
2013-05-22,49.0243034362793,49.400420425035506,48.99854027555619,49.317985386353136,5243800
2013-05-23,48.890350341796875,48.957329067731706,48.787305543296036,48.947026160244455,3294400
2013-05-24,48.79759216308594,48.83881164109084,48.776982424083485,48.81820190208839,3420400
2013-05-28,48.617271423339844,48.962475774993706,48.59150826179278,48.962475774993706,3486700
2013-05-29,48.421451568603516,48.56571574020073,48.19990189624954,48.45236419654467,10958100
2013-05-30,48.51936721801758,48.61726249683419,48.272058208562505,48.43177877428998,5462100
2013-05-31,47.875328063964844,48.48845503772628,47.865025159683235,48.41632291503739,6809400
2013-06-03,47.833404541015625,47.91626676391766,47.54338083394352,47.84376083714963,14320900
2013-06-04,47.833404541015625,48.19075800242709,47.745362194408266,47.905910467783656,7927000
2013-06-05,47.41905212402344,47.7712252430195,47.35690648326038,47.7453325431263,10309200
2013-06-06,47.791927337646484,47.952475462821404,47.29474260535087,47.33617565419375,11849800
2013-06-07,47.823028564453125,48.14930907887116,47.75052266153253,47.874821881918145,8879800
2013-06-10,47.72461700439453,47.95249094405239,47.68836406277117,47.82301558807263,7678000
2013-06-11,47.429420471191406,47.77123340763029,47.27922856155429,47.42942047119141,9065200
2013-06-12,47.46567916870117,47.70909353617932,47.455318924698716,47.610690974532744,9193300
2013-06-13,48.00944519042969,48.071594764047774,47.465651238545334,47.465651238545334,7526400
2013-06-14,48.0664176940918,48.133747390933905,47.93176620295415,48.05088128752001,3909200
2013-06-17,48.06123733520508,48.39786998496854,48.06123733520508,48.128563074903184,3830700
2013-06-18,48.18037033081055,48.22180339431625,48.04053868057183,48.04053868057183,3609700
2013-06-19,47.46048355102539,48.304661402938365,47.45012726167958,48.13893311448692,7971700
2013-06-20,46.99440002441406,47.42943951515727,46.75616571214279,47.17566483252521,11094000
2013-06-21,46.68881607055664,47.186000983748016,46.67327965940604,47.13421162948787,9245400
2013-06-24,46.11394500732422,46.611129918973674,45.71515868308153,46.32628254451461,12116100
2013-06-25,46.77168655395508,46.77168655395508,46.35218757328646,46.35218757328646,6233300
2013-06-26,47.16008758544922,47.222237159258086,46.90631707379085,46.97364281529567,5527200
2013-06-27,47.38798904418945,47.61586697722526,47.3361996824836,47.3361996824836,5578600
2013-06-28,47.066917419433594,47.29479549161562,46.85457972140006,47.28443919346073,6112000
2013-07-01,47.32198715209961,47.374051477540974,47.118933502300905,47.1553789273352,5213400
2013-07-02,47.17622756958008,47.40531547562939,47.0408570821641,47.26994498821341,3799800
2013-07-03,47.285560607910156,47.30638714085329,47.004408371560274,47.00961599785981,1679600
2013-07-05,46.78052520751953,47.087711584067655,46.665981269561065,47.061677426439005,3312600
2013-07-08,47.42613983154297,47.42613983154297,46.85863164387201,46.905488368833275,5638400
2013-07-09,47.452171325683594,47.47820548625753,47.31159718644784,47.431344791675485,6127700
2013-07-10,47.639610290527344,47.66043682634141,47.42093762286297,47.47300197627037,6529900
2013-07-11,48.23836898803711,48.24878027169466,47.899944671450605,47.99366211339369,5865400
2013-07-12,48.19150161743164,48.2487736002698,48.030100923390854,48.11340707015753,5788300
2013-07-15,48.394535064697266,48.467425926384436,48.191481382532416,48.24875334132292,6791500
2013-07-16,48.27478790283203,48.46742633652655,48.14462508125289,48.46742633652655,3292100
2013-07-17,48.62882995605469,48.69130556691055,48.42056865127582,48.43618755398979,8660500
2013-07-18,48.9203987121582,48.94122524212325,48.64966176712138,48.680899575941744,6825000
2013-07-19,48.88917922973633,48.92562467777335,48.82149198891334,48.91520942275939,2603100
2013-07-22,48.92560577392578,48.946432303650845,48.811061846565146,48.904779244200725,3888200
2013-07-23,48.80587387084961,48.93083309950992,48.76942842222101,48.88397239569831,2483700
2013-07-24,48.394535064697266,48.753785720336936,48.24354968852672,48.701721386596674,5249800
2013-07-25,48.28519058227539,48.35808143159919,48.12899760754728,48.165443032209176,5995400
2013-07-26,48.30602264404297,48.30602264404297,48.10296897304288,48.14982965141034,4213600
2013-07-29,48.20193099975586,48.28002954217615,48.118624828572386,48.21234228502536,3850100
2013-07-30,48.269588470458984,48.35289459709101,48.170663438147145,48.170663438147145,4239400
2013-07-31,48.410160064697266,48.42577896827949,48.04570176801032,48.155038065340136,4076500
2013-08-01,47.95132064819336,48.44312634255208,47.930392151796866,48.35418322664388,4616600
2013-08-02,48.24431610107422,48.27047772192851,48.035035109348634,48.1135159802086,4309400
2013-08-05,47.99840545654297,48.228614918896,47.97747696071975,48.228614918896,2231000
2013-08-06,47.95132064819336,48.09781613126628,47.799592043095686,48.09781613126628,3398800
2013-08-07,47.79960250854492,47.893778767097224,47.7629786297581,47.84668864196937,2253300
2013-08-08,47.904232025146484,47.91992740000699,47.81005578428083,47.830984281329044,2857100
2013-08-09,47.909454345703125,47.961773580676486,47.6740157924721,47.836206618400055,1765600
2013-08-12,47.86762237548828,47.98796027134424,47.83099849269801,47.84146474018314,3840800
2013-08-13,47.86762237548828,47.909479382021125,47.768216974602595,47.86239324344957,2290500
2013-08-14,47.77345657348633,47.867632862966694,47.74729893245022,47.83624209704148,4605800
2013-08-15,47.52751159667969,47.65831166689296,47.48042548741956,47.611225557632835,6446100
2013-08-16,47.36533737182617,47.663561476666885,47.30778500144439,47.595546853353305,6922400
2013-08-19,47.051422119140625,47.41766088020019,46.98340748971617,47.38627012688168,6536300
2013-08-20,47.48565673828125,47.53797596596636,47.23451885701106,47.2449850975688,4208300
2013-08-21,47.313026428222656,47.49614582444122,47.28163567221474,47.43859344395775,3098100
2013-08-22,47.56937789916992,47.56937789916992,47.344401574647165,47.386258563326315,4049900
2013-08-23,47.768184661865234,47.79957539967871,47.532742153160726,47.55890376247272,3370400
2013-08-26,47.77345657348633,47.81531358918976,47.67928028400596,47.77868969837544,2365400
2013-08-27,47.464725494384766,47.67923551295557,47.459492374409585,47.637382528257035,3578500
2013-08-28,47.64262008666992,47.65831545767172,47.43334315104372,47.48566238495027,3860600
2013-08-29,47.83620071411133,47.87282457324248,47.51704823095361,47.564138330808674,4012900
2013-08-30,47.79435348510742,47.91992045750229,47.710643500744865,47.8571389671559,2486900
2013-09-03,47.54188919067383,47.957401263249785,47.49981110446147,47.83117101739986,9986800
2013-09-04,47.720726013183594,47.77857837418236,47.60501326561058,47.6155307823046,3507400
2013-09-05,47.47875213623047,47.67862095546785,47.47875213623047,47.63654288691414,3622300
2013-09-06,47.63657760620117,47.91533799116571,47.55768217335745,47.75229037266684,4713800
2013-09-09,47.75753402709961,47.86272522467642,47.710195179239165,47.72071670666903,4227400
2013-09-10,47.925838470458984,47.93109522096132,47.794347477740985,47.79960422824332,5287100
2013-09-11,47.98896408081055,47.99948561012956,47.81013821026415,47.85747305383666,3514200
2013-09-12,47.93111038208008,48.0257840872948,47.915332100008946,47.96267095901027,3594500
2013-09-13,47.89427185058594,48.031023589310095,47.85219778795139,47.98894551388941,2789300
2013-09-16,48.15725326538086,48.288744240013536,48.09939691551959,48.23614865271769,4331300
2013-09-17,48.3150634765625,48.37818061438036,48.183572449032724,48.2151290115478,5978600
2013-09-18,48.777896881103516,48.85153151501541,48.236154640414576,48.30452851110803,7476300
2013-09-19,48.63591766357422,48.909417323827824,48.59910032444798,48.909417323827824,5821100
2013-09-20,48.578041076660156,48.64641496010168,48.53596298864045,48.62011916467986,4033900
2013-09-23,48.57279586791992,48.630652254278715,48.504421962581624,48.57279586791992,6564600
2013-09-24,48.46760177612305,48.604353591544566,48.420262911528205,48.53071491186499,7947700
2013-09-25,48.38344192504883,48.525454495322776,48.3624028771272,48.4623373515579,3535700
2013-09-26,48.35712814331055,48.457058567794384,48.26771121969598,48.446541054138514,4751200
2013-09-27,48.30455017089844,48.35714980109543,48.18358065213747,48.320332467630564,6779700
2013-09-30,48.16777038574219,48.36237444221961,48.125692314638954,48.17302713504079,6248900
2013-10-01,48.37654113769531,48.38711403753736,48.12813041234464,48.18098684679527,5743900
2013-10-02,48.3976936340332,48.3976936340332,48.22856349048509,48.33955476915285,2765700
2013-10-03,48.429439544677734,48.461154241951036,48.32373464012309,48.44001245456338,3169700
2013-10-04,48.513973236083984,48.556256781698025,48.38184018032574,48.413550823345844,2048300
2013-10-07,48.38712692260742,48.49811820622611,48.339556925410335,48.339556925410335,2391700
2013-10-08,48.36600875854492,48.55099432153963,48.35543585072645,48.49285542568661,2944700
2013-10-09,48.40828323364258,48.508705685508886,48.36600370393577,48.508705685508886,2973700
2013-10-10,48.6302604675293,48.6778264413488,48.52983803517925,48.52983803517925,2899500
2013-10-11,48.720115661621094,48.75182631452222,48.630266123479856,48.709546788114764,3293900
2013-10-14,48.79411697387695,48.84168699253318,48.62498674648882,48.62498674648882,1003900
2013-10-15,48.77824783325195,48.83638671049012,48.65140120672395,48.83638671049012,2310100
2013-10-16,49.0372314453125,49.04251789795029,48.79410704493849,48.79939349757629,6949700
2013-10-17,49.275054931640625,49.28562380056765,49.01078885228101,49.021357721208034,7277900
2013-10-18,49.37547302246094,49.417756562692276,49.285623523754595,49.301478843246265,2873800
2013-10-21,49.264495849609375,49.396628926354076,49.264495849609375,49.391342474217474,2471400
2013-10-22,49.41248321533203,49.475908542498246,49.34377546852135,49.35434434019168,5488400
2013-10-23,49.454750061035156,49.46531892913534,49.32261703169261,49.45475006103516,2434200
2013-10-24,49.47062301635742,49.518193020717746,49.39662881613601,49.470623016357415,2284400
2013-10-25,49.486473083496094,49.52347017967667,49.444193568133336,49.49175953505934,2026000
2013-10-28,49.47591781616211,49.52348379616639,49.46006248949402,49.497059595846956,1697900
2013-10-29,49.55518341064453,49.57103873249054,49.454760995778585,49.46532986621561,1864600
2013-10-30,49.35435104370117,49.592193028593094,49.3173539392578,49.55519592414972,3691100
2013-10-31,49.380775451660156,49.43891433019567,49.269784146923705,49.38606190399474,5846500
2013-11-01,49.295799255371094,49.52948027341408,49.285179232686076,49.391395667125295,7882000
2013-11-04,49.38076400756836,49.4338722122727,49.354207879268046,49.4338722122727,2025500
2013-11-05,49.24799728393555,49.3489016692174,49.24799728393555,49.3489016692174,2770300
2013-11-06,49.39140319824219,49.3967152363433,49.295806771911614,49.33298293482362,4936700
2013-11-07,49.42325973510742,49.46574792959733,49.3489074206987,49.444503832352375,4802700
2013-11-08,49.3382568359375,49.37012093611841,49.210796383319106,49.22672843340956,4191100
2013-11-11,49.15239715576172,49.35952199918052,49.14177308323455,49.35952199918052,1607600
2013-11-12,49.083343505859375,49.17362784568869,49.056791433383765,49.15769579182419,2148900
2013-11-13,49.26922607421875,49.27453810967199,49.03023715346934,49.05679327883965,2795100
2013-11-14,49.412620544433594,49.41793257965851,49.20549574151409,49.25860393807628,4216800
2013-11-15,49.48700714111328,49.48700714111329,49.37016659652934,49.42327482991337,2990600
2013-11-18,49.34362030029297,49.52418912538287,49.3011320878369,49.513569098218326,3694600
2013-11-19,49.322364807128906,49.39671713581202,49.27987660448198,49.32767279353626,1415800
2013-11-20,49.274566650390625,49.42858335257682,49.21614638225455,49.30112279114273,2470600
2013-11-21,49.444496154785156,49.44449615478516,49.26392743408699,49.30110358551877,1895800
2013-11-22,49.481658935546875,49.49759098872733,49.38606256456861,49.42323870595485,1649200
2013-11-25,49.5560417175293,49.57197378051513,49.42326912345006,49.497621451982596,2813900
2013-11-26,49.59320831298828,49.619764447439444,49.471059819066326,49.508235976159604,2835300
2013-11-27,49.56134033203125,49.73128904434579,49.550720310216484,49.73128904434579,1845300
2013-11-29,49.61444091796875,49.6303729741902,49.55602067722588,49.56664474930438,958700
2013-12-02,49.63048553466797,49.6464947172696,49.55043555014849,49.57178248412111,5748100
2013-12-03,49.58244323730469,49.63047077082255,49.502393276598106,49.55575855989911,2710300
2013-12-04,49.454341888427734,49.56107648384301,49.38496745503918,49.49703572659384,3076100
2013-12-05,49.41701889038086,49.502406623893606,49.38500052606919,49.454375005914876,5354700
2013-12-06,49.555721282958984,49.61976201765337,49.4436530508741,49.539712117162146,2487900
2013-12-09,49.73719787597656,49.763882551525015,49.57710203721537,49.65715199235089,4313000
2013-12-10,49.73719787597656,49.758544802113356,49.678494846977834,49.73719787597656,1473200
2013-12-11,49.5877685546875,49.73719295134023,49.518394105244276,49.73719295134023,3586600
2013-12-12,49.49704360961914,49.6357965700029,49.49704360961914,49.59310272503726,4268800
2013-12-13,49.57706832885742,49.614424406320275,49.51836533977194,49.555721417234786,3523200
2013-12-16,49.61977767944336,49.65179602114317,49.56107467198815,49.56107467198815,3108500
2013-12-17,49.6251220703125,49.67315366474142,49.56641905018229,49.67315366474142,2799900
2013-12-18,49.71051788330078,49.77989234046618,49.497052690817384,49.630467927180774,4893500
2013-12-19,49.65718078613281,49.67852365313546,49.58246853708696,49.630496095111205,5775500
2013-12-20,49.68915939331055,49.68915939331054,49.59310028262325,49.65714104691776,12743900
2013-12-23,49.72653579711914,49.806585767303844,49.635814397614766,49.67850418640407,5525100
2013-12-24,49.699825286865234,49.74251912497658,49.68381611545061,49.68381611545061,1281600
2013-12-26,49.74649429321289,49.75721949957608,49.6714055725854,49.6714055725854,1577400
2013-12-27,49.74113464355469,49.76258915046587,49.69286507202612,49.76258915046587,1357300
2013-12-30,49.78403091430664,49.81085006408799,49.70357755699031,49.75721176452528,1888600
2013-12-31,49.81624221801758,49.85915124807311,49.75724332469879,49.80015235475433,2413400
2014-01-02,49.90206527709961,49.907429929401545,49.72506857941251,49.80552199581853,7412500
2014-01-03,49.88593292236328,49.93956712360797,49.848388572289274,49.87520362689799,1903300
2014-01-06,49.993228912353516,50.003958213739494,49.91277552007668,49.961049192254585,2622700
2014-01-07,49.993228912353516,50.0468631431949,49.966413842947574,50.003958213739494,3953000
2014-01-08,49.96103286743164,50.036121584480156,49.94494301263955,49.99321257701581,4540500
2014-01-09,50.036128997802734,50.04149364753765,49.98249477653998,50.01467449089188,3036600
2014-01-10,50.18629837036133,50.18629837036133,50.068300647372546,50.100484448569205,2423900
2014-01-13,50.13268280029297,50.20777154429445,50.100503079157946,50.17559182315943,4716600
2014-01-14,50.207763671875,50.2453080379889,50.13803958967175,50.13803958967175,2636100
2014-01-15,50.3096809387207,50.3096809387207,50.20777302940591,50.25604261253622,1797400
2014-01-16,50.288246154785156,50.325790542625136,50.27215628742964,50.30433602214066,1269800
2014-01-17,50.29892349243164,50.35792234459856,50.26674378835059,50.32574264051751,2192300
2014-01-21,50.36330795288086,50.39012302009917,50.32039893489654,50.36330795288085,2056000
2014-01-22,50.288246154785156,50.38478945094958,50.27215628742964,50.379424797820626,3235400
2014-01-23,50.22382736206055,50.31500590482675,50.19164766273763,50.298916055165286,4989500
2014-01-24,49.891319274902344,50.132679443342155,49.875229415412235,50.12731479283566,7575400
2014-01-27,49.875205993652344,49.99856834519364,49.853751493730925,49.96102399333802,5482900
2014-01-28,50.09513473510742,50.13804375481048,49.90204823847299,49.93959260770583,5393600
2014-01-29,49.944942474365234,50.02003119060449,49.934213176600686,50.01466654172222,5781700
2014-01-30,50.03074264526367,50.1111959882724,49.9931982974632,50.04147194007924,3940200
2014-01-31,50.0146598815918,50.079023383523776,49.94493582351951,49.95029637965982,7756900
2014-02-03,49.86481857299805,50.139716237784064,49.75162469119158,50.139716237784064,16150600
2014-02-04,49.924095153808594,50.02111903738478,49.902533833858186,49.994166359346444,5246900
2014-02-05,49.924095153808594,49.96721368130812,49.87558115581985,49.924095153808594,3893000
2014-02-06,50.10200500488281,50.11278772884045,49.94569251913524,50.01037241326409,3426100
2014-02-07,50.35533905029297,50.35533905029297,50.161291168170536,50.161291168170536,5193300
2014-02-10,50.38768768310547,50.420027628929255,50.296050982597905,50.35534362487758,5199700
2014-02-11,50.47390365600586,50.53319626861987,50.36610114892695,50.414611043391844,3950800
2014-02-12,50.39304733276367,50.51702391119443,50.37687736870789,50.490071229500224,2432100
2014-02-13,50.538639068603516,50.549417685321636,50.36615241426997,50.36615241426997,3078400
2014-02-14,50.619422912597656,50.640980116148675,50.50083773106441,50.5062249757519,2158700
2014-02-18,50.68954086303711,50.71648944853452,50.570955572116425,50.570955572116425,3734700
2014-02-19,50.5601806640625,50.77039856340115,50.549397939150225,50.727275888561266,7273600
2014-02-20,50.71647262573242,50.71647262573242,50.59789148654977,50.60867009469257,3756900
2014-02-21,50.75962448120117,50.79196854904053,50.721893162393016,50.721893162393016,2574600
2014-02-24,50.872806549072266,50.90515060935309,50.80273529120514,50.80273529120514,3531600
2014-02-25,50.932064056396484,50.948234019178834,50.87277145126016,50.88355416804941,2979500
2014-02-26,51.01831817626953,51.018318176269524,50.93746423595423,50.97519552644774,2722100
2014-02-27,51.11534881591797,51.12073606355371,51.01832489723848,51.01832489723848,4377300
2014-02-28,51.16927719116211,51.21778712000347,51.05608324479397,51.10998453653047,3919300
2014-03-03,51.12213134765625,51.18713236854391,50.97588421635781,51.116717695334884,9488700
2014-03-04,51.306312561035156,51.322561787462725,51.17631461705446,51.24672930909398,9313600
2014-03-05,51.21421432495117,51.29546043086383,51.18712953460775,51.29004677884218,4531600
2014-03-06,51.13837432861328,51.27920364646337,51.116707326046,51.25753664389609,4075500
2014-03-07,50.943389892578125,51.122135482498116,50.921722883863104,51.084219250386674,4552000
2014-03-10,50.94879150390625,50.965040723462266,50.872959057605904,50.937960068388364,1908200
2014-03-11,50.89463806152344,51.00297310503825,50.883806623451626,50.99213753440709,1618500
2014-03-12,50.98129653930664,50.99212797534796,50.90004630504165,50.905464089341606,2595000
2014-03-13,50.84591293334961,51.01382715954134,50.824245915040805,51.01382715954134,4829700
2014-03-14,50.807979583740234,50.92172829215556,50.775477000936,50.85672725910688,4088200
2014-03-17,50.87837600708008,50.92171001355757,50.835042000602584,50.86754457173986,2943100
2014-03-18,51.03000259399414,51.04083815375948,50.87833781772105,50.93250321888212,2903500
2014-03-19,50.77006530761719,51.073395208434995,50.667148034456886,51.01922974508324,9983600
2014-03-20,50.943389892578125,50.95422133065595,50.73755537606517,50.862139643036656,4872300
2014-03-21,50.91091537475586,51.003001245691216,50.89466614240304,50.92175095136549,6106500
2014-03-24,50.9271354675293,51.02463493842041,50.89463702141868,51.02463493842041,5986100
2014-03-25,51.03000259399414,51.073336567945084,50.96500163306772,50.96500163306772,3468800
2014-03-26,51.0408821105957,51.10587899494277,51.00296588387366,51.10587899494277,3887200
2014-03-27,50.965030670166016,51.046280884477184,50.95419923678473,51.008364668806315,2255400
2014-03-28,51.05171585083008,51.105881301083095,51.00838183760409,51.04088441380306,2732600
2014-03-31,51.127567291259766,51.18173276162431,51.100482489797244,51.16006574696639,2641400
2014-04-01,51.2227783203125,51.2227783203125,51.141143230176645,51.18468249853352,4514900
2014-04-02,51.16836166381836,51.23367057848544,51.14659617772993,51.23367057848544,2285900
2014-04-03,51.190101623535156,51.239084319170225,51.17921888680043,51.211871249136124,2812400
2014-04-04,51.30986022949219,51.353399504234105,51.2391120221369,51.25543821213168,4555000
2014-04-07,51.20102310180664,51.32075404743178,51.195579653696136,51.304423703100255,1520900
2014-04-08,51.32072067260742,51.32072067260743,51.20098980484552,51.23908561257598,2804400
2014-04-09,51.40238952636719,51.407832974956136,51.26633237658629,51.32075855820641,4383400
2014-04-10,51.25543975830078,51.42959271038817,51.25543975830078,51.42959271038817,3226900
2014-04-11,51.03773880004883,51.277200625258764,51.03229535343955,51.277200625258764,7228500
2014-04-14,51.20102310180664,51.23367548620101,51.070405259960495,51.070405259960495,3355800
2014-04-15,51.25543975830078,51.277209396328445,51.15747846324326,51.277209396328445,3104900
2014-04-16,51.28263473510742,51.29351747421142,51.211882398467885,51.2771912894892,3450100
2014-04-17,51.2227783203125,51.29352651729255,51.211891427156694,51.255430695513574,2443800
2014-04-21,51.2227783203125,51.30985270489309,51.211891427156694,51.28808307071465,1682200
2014-04-22,51.277183532714844,51.304392452425134,51.222761541162456,51.29350971496738,2442800
2014-04-23,51.29353713989258,51.3969418856214,51.26632405350056,51.28809369218737,1591300
2014-04-24,51.304412841796875,51.375165195851956,51.23910808683335,51.2935301000141,1021700
2014-04-25,51.28809356689453,51.33163284416178,51.24455844176129,51.32618939646987,1195400
2014-04-28,51.277183532714844,51.32072278680947,51.22820083382543,51.298953159762156,1903900
2014-04-29,51.35338592529297,51.36426866503393,51.26086810503043,51.35338592529297,1775300
2014-04-30,51.34252166748047,51.386060949903715,51.26632999930705,51.35340856415353,4393100
2014-05-01,51.28948974609375,51.415227913386275,51.28948974609374,51.39336022469039,7322200
2014-05-02,51.40976333618164,51.40976333618164,51.29496109108967,51.40976333618164,2146000
2014-05-05,51.38788986206055,51.43162523741162,51.25121994221464,51.26215170063493,3541300
2014-05-06,51.3988151550293,51.469886173743525,51.37695164093892,51.469886173743525,2567800
2014-05-07,51.475364685058594,51.530031823154765,51.41522958190222,51.43709310047245,1578600
2014-05-08,51.464420318603516,51.55735485521619,51.437084668618795,51.53548716939534,4522400
2014-05-09,51.513633728027344,51.55190114298848,51.464430382599936,51.47536631306622,1736600
2014-05-12,51.5682487487793,51.595580205650755,51.508113704498406,51.595580205650755,1123000
2014-05-13,51.65029525756836,51.72683007503553,51.524557102681,51.53548886053285,1933600
2014-05-14,51.67760467529297,51.71040410568046,51.601069890500206,51.606537852509106,1721400
2014-05-15,51.628414154052734,51.71588070664132,51.573742866497014,51.71588070664132,4240700
2014-05-16,51.7322998046875,51.74323573462896,51.59562987626578,51.66123294340888,3185000
2014-05-19,51.80881118774414,51.852546546049545,51.66667752950159,51.71587667947016,7351000
2014-05-20,51.74323654174805,51.8143034041352,51.73776857669203,51.808835439079175,4217800
2014-05-21,51.73774719238281,51.808814025396536,51.6612123965731,51.78695051587967,2925900
2014-05-22,51.77605056762695,51.786986500817946,51.71044748099042,51.74871907632241,1950900
2014-05-23,51.79246139526367,51.84712856042394,51.74873016563787,51.74873016563787,2289100
2014-05-27,51.841617584228516,51.85254933897702,51.78148250602788,51.808813978315904,4384700
2014-05-28,51.8580322265625,51.87989991318659,51.83069657557368,51.85256426219778,3904400
2014-05-29,51.907249450683594,51.93458511118185,51.84711433425638,51.87991796102154,4734800
2014-05-30,51.96189880371094,51.97283056078689,51.89629574875188,51.923631397693434,4445800
2014-06-02,51.79661560058594,52.03275385957012,51.791122843936336,52.03275385957012,5722500
2014-06-03,51.80207061767578,51.85698557492722,51.79108511237989,51.846004259374006,2978300
2014-06-04,51.80207061767578,51.84051150672606,51.76362972862551,51.79108511237989,2527200
2014-06-05,51.928428649902344,51.94490273525051,51.80212453573511,51.85154679177958,2034100
2014-06-06,52.076663970947266,52.12059762477465,51.94486300946513,51.95035576362951,3059100
2014-06-09,52.137081146240234,52.15904797713493,52.04921382266142,52.15355522197511,2906800
2014-06-10,52.10965347290039,52.17006124741928,52.03826437108132,52.03826437108132,2091000
2014-06-11,52.11513900756836,52.12612033334638,52.04923848366049,52.10415349204376,1699500
2014-06-12,52.082183837890625,52.131610275588756,52.065709755240036,52.065709755240036,1354000
2014-06-13,52.1425895690918,52.15906784084668,52.076693241057015,52.15906784084668,1276500
2014-06-16,52.11513900756836,52.17005401595162,52.109646249806055,52.12612033334638,1869500
2014-06-17,52.076663970947266,52.17001984302258,52.049204389869196,52.10961211644589,7251700
2014-06-18,52.31281661987305,52.34027201881565,52.08216696823421,52.08216696823421,4284800
2014-06-19,52.30183792114258,52.34027883646539,52.25241568276134,52.318312000602994,2882500
2014-06-20,52.35124206542969,52.38968296438974,52.301815658341766,52.31280116646964,2372300
2014-06-23,52.34575271606445,52.406160445465574,52.329278642544885,52.35673403516283,1551000
2014-06-24,52.30183792114258,52.39519802099415,52.30183792114258,52.318312000602994,1839300
2014-06-25,52.37873077392578,52.389716289041445,52.307341684659626,52.33480128270237,2385000
2014-06-26,52.323829650878906,52.38423743080405,52.27989595825198,52.35677782547534,1806400
2014-06-27,52.323829650878906,52.35128925620762,52.27440738898426,52.34030373817712,1702700
2014-06-30,52.27984619140625,52.34574666761389,52.23042397655818,52.23042397655818,2647600
2014-07-01,52.29365539550781,52.414999856200694,52.27710918870228,52.35984443081917,3472700
2014-07-02,52.326759338378906,52.39846098059792,52.29366271204798,52.326759338378906,2819400
2014-07-03,52.24952697753906,52.348808413915776,52.2329765647357,52.321228600665535,2776100
2014-07-07,52.2109260559082,52.288144495566186,52.20540925076425,52.23298486030532,1941300
2014-07-08,52.22195816040039,52.277113590425984,52.210928757631095,52.25505057679783,2035300
2014-07-09,52.183349609375,52.28814787343349,52.16680340096359,52.26056805402138,3945400
2014-07-10,52.02338790893555,52.14473236273229,52.00684170307034,52.14473236273229,6011600
2014-07-11,52.11166000366211,52.139235621352256,52.02892473441046,52.02892473441046,2071400
2014-07-14,52.095088958740234,52.288139246595094,52.08957636223902,52.288139246595094,2632700
2014-07-15,52.012359619140625,52.12818727076103,52.006842814371346,52.10060745500371,2888400
2014-07-16,51.929622650146484,52.07303011274721,51.91858904097547,52.07303011274721,4264900
2014-07-17,51.56559753417969,51.92411414393418,51.56008493680209,51.90756793562222,5767800
2014-07-18,51.78070831298828,51.835867953243515,51.653851239816596,51.72003607517931,1994800
2014-07-21,51.69245529174805,51.78070313276645,51.642812462102626,51.76415692558108,3111700
2014-07-22,51.76414108276367,51.846876301458074,51.71450247639985,51.72001507171492,3707100
2014-07-23,51.86342239379883,51.89100220266792,51.808266984148645,51.8248131862349,1995900
2014-07-24,51.95722198486328,52.00686483262603,51.84139428420466,51.88552032486247,3089100
2014-07-25,51.86894226074219,51.97374049092887,51.85239605767867,51.94616068043082,3072300
2014-07-28,51.714534759521484,51.868971686512296,51.70350114582748,51.852425474061945,5355100
2014-07-29,51.642799377441406,51.846879033228646,51.631769978142096,51.74759760718191,3877100
2014-07-30,51.427696228027344,51.720023736043046,51.35047779980013,51.697964934911326,5415100
2014-07-31,51.00848388671875,51.27874823826887,50.986420889518634,51.20152985211169,7460000
2014-08-01,51.003509521484375,51.1752931294168,50.60452441989452,51.01459056195471,10942000
2014-08-04,51.31386947631836,51.330493163906425,50.99800672876199,51.01463041635006,7020400
2014-08-05,51.21409225463867,51.33046222540963,51.136512274124705,51.319381182961294,3612500
2014-08-06,51.33602523803711,51.38590051833197,51.17532257809917,51.19194626226628,4167700
2014-08-07,51.36928176879883,51.50781813195933,51.35265808166665,51.36374335828429,3833900
2014-08-08,51.52996063232422,51.56875062696269,51.25843066985495,51.25843066985495,3426300
2014-08-11,51.773799896240234,51.80704726413865,51.52997459086921,51.602016191707094,6908300
2014-08-12,51.76271438598633,51.84583279856499,51.712839110646016,51.79596175101779,4231700
2014-08-13,51.91234588623047,51.9234269349927,51.7904332108747,51.895722199190004,4960200
2014-08-14,52.01205062866211,52.067464283732996,51.928928032160336,51.934470666004685,4246600
2014-08-15,52.11732482910156,52.150572167205986,52.01757858699862,52.100696932259666,6051300
2014-08-18,52.266990661621094,52.278071708692735,52.095206951352125,52.12845432036067,5112800
2014-08-19,52.25035095214844,52.30022199036601,52.22264200127713,52.294683582425606,2747200
2014-08-20,52.289146423339844,52.35564537572055,52.18385747235193,52.26698010587962,2470000
2014-08-21,52.289146423339844,52.344560103094054,52.27806115071335,52.28914642333985,1869100
2014-08-22,52.161678314208984,52.31684249823373,52.13951200220545,52.283590916332564,3065500
2014-08-25,52.27252960205078,52.30023433166726,52.13399327058841,52.233739598353054,1958000
2014-08-26,52.31132125854492,52.350111263468236,52.261445979190114,52.27253125362161,1562400
2014-08-27,52.26142883300781,52.3556367235935,52.25589042540258,52.35009408819621,3685200
2014-08-28,52.183868408203125,52.305781065886514,52.161702086097634,52.244824737044816,1815400
2014-08-29,52.2226676940918,52.2448340201359,52.15617294375389,52.22266769409179,2046000
2014-09-02,52.28392791748047,52.31733195266594,52.189292353335205,52.20042420028004,4484800
2014-09-03,52.15030288696289,52.283906230761275,52.14473484221229,52.283906230761275,3200200
2014-09-04,51.97772216796875,52.20039295096933,51.9164864284917,52.178129270407624,4754500
2014-09-05,51.916446685791016,52.02221395259822,51.91087864632652,51.98324617068616,4752700
2014-09-08,51.86634826660156,51.966551751626994,51.816248647673916,51.905316052602004,2549200
2014-09-09,51.62697219848633,51.849647075902624,51.61027232593486,51.849647075902624,4647900
2014-09-10,51.649269104003906,51.671537028962526,51.521233844457356,51.63256922207805,3290600
2014-09-11,51.649269104003906,51.68266886785563,51.537933726383216,51.59360141519356,2822400
2014-09-12,51.588016510009766,51.66038830426281,51.50451288050218,51.60471638647707,5372500
2014-09-15,51.49337387084961,51.638113192018636,51.47667399670904,51.63254515158164,3592400
2014-09-16,51.59916687011719,51.69380236106529,51.454427488732186,51.46555932706694,5132200
2014-09-17,51.76615524291992,51.82182291314604,51.63812002611696,51.69935573751698,4399300
2014-09-18,51.782875061035156,51.816279073771625,51.72164357322567,51.76061138210769,3640300
2014-09-19,51.86080551147461,51.877505391224936,51.782865660686674,51.82740150480211,6000600
2014-09-22,51.76615524291992,51.90532654207072,51.721623655041626,51.86079495419242,4355300
2014-09-23,51.504539489746094,51.727214534418536,51.46000787855018,51.654846949948606,3573100
2014-09-24,51.34865188598633,51.493391256022186,51.248448360141786,51.493391256022186,6342700
2014-09-25,50.997928619384766,51.27070316270625,50.936692911084116,51.27070316270625,7348000
2014-09-26,50.964542388916016,51.06474591570304,50.630527801511334,50.780835215277826,11842500
2014-09-29,50.8587532043457,50.86432124478642,50.59711051684803,50.68061413477693,6289400
2014-09-30,51.18721389770508,51.231749742994005,50.964543165604375,51.014642806175445,6905400
2014-10-01,51.24369430541992,51.3778681726859,51.16542159542856,51.29400790615328,9996600
2014-10-02,51.34431457519531,51.366677594272275,51.098329895968334,51.2213243682367,6197300
2014-10-03,51.51759719848633,51.67413397644648,51.41696580332518,51.48964237443317,6371600
2014-10-06,51.57355499267578,51.679778313657984,51.51205772950837,51.60150984513793,4213800
2014-10-07,51.37784957885742,51.55115760574312,51.327531731023925,51.50643157773752,4994200
2014-10-08,51.62385940551758,51.646222430438215,51.2828350050828,51.36669101689659,7589400
2014-10-09,51.07597732543945,51.56236349291567,51.0256594558954,51.517637445612216,7177500
2014-10-10,50.66226577758789,51.04801615820805,50.600768536488566,50.97533953932254,14239800
2014-10-13,50.41068649291992,50.85234657155441,50.39950711480079,50.62313306497538,7908500
2014-10-14,50.5783805847168,50.74609676070034,50.43861497207651,50.595151775784345,11695300
2014-10-15,50.58959197998047,50.58959197998047,49.87399227274002,50.43305507718546,11711300
2014-10-16,50.87468719482422,50.930592591427185,50.23176447061916,50.31003287892499,12623100
2014-10-17,51.305179595947266,51.56793973456072,51.09832913685048,51.28840839821614,13575900
2014-10-20,51.67416763305664,51.71330185303573,51.28282543326581,51.33873085247735,7331400
2014-10-21,52.093448638916016,52.10462801319288,51.78037497545841,51.78037497545841,7453700
2014-10-22,51.75242614746094,52.10463405972303,51.685337098088,52.082275308574644,8363900
2014-10-23,51.73005676269531,53.06621590805762,51.71887738849737,51.92014024653015,9482300
2014-10-24,51.875431060791016,51.94810767994436,51.6853475152444,51.6853475152444,5764300
2014-10-27,51.66297912597656,51.853058370768906,51.62384064760355,51.841878995026136,4911400
2014-10-28,51.746826171875,51.830686404047746,51.646194746329435,51.735646798062646,6024200
2014-10-29,51.707706451416016,51.81392972628037,51.551169582337884,51.785974885955085,5320700
2014-10-30,51.685333251953125,53.082989686730755,51.65179086241732,51.71328808677225,3341700
2014-10-31,51.73005676269531,51.88659359331887,51.713285568744034,51.88659359331887,5065400
2014-11-03,51.838993072509766,51.94568214612737,51.760381423743176,51.782842506821275,4936200
2014-11-04,51.67617416381836,51.822169120387166,51.63686832366698,51.822169120387166,5886200
2014-11-05,51.66494369506836,51.760400119619035,51.608793109098265,51.74917171603106,4399300
2014-11-06,51.799705505371094,51.81093390886092,51.69863273790245,51.70424908165489,3747700
2014-11-07,51.85021209716797,51.87267317618495,51.73791098609581,51.79967788238933,3456300
2014-11-10,51.872684478759766,51.89514556267081,51.8221502529702,51.83337865291886,2680400
2014-11-11,51.9906005859375,52.007449611436975,51.79968780374616,51.872683111522804,2730700
2014-11-12,51.822147369384766,51.94568118201477,51.80530262839222,51.92883644102223,3218900
2014-11-13,51.6087646484375,51.872672685361216,51.54699775272842,51.872672685361216,5081300
2014-11-14,51.35051727294922,51.625662558681725,51.32806045502797,51.55266290637765,7868000
2014-11-17,51.34486389160156,51.474009768798034,51.29432538190585,51.389781775314326,5213700
2014-11-18,51.24378967285156,51.41224137092904,51.238173331044905,51.32801766389709,5227200
2014-11-19,51.232566833496094,51.24379951926775,51.01919292799306,51.15395516915211,7733300
2014-11-20,51.23817825317383,51.26625568089076,51.05287751187571,51.097799682617186,3274300
2014-11-21,51.5189323425293,51.66492724678402,51.39539852231482,51.44593703240881,7983000
2014-11-24,51.51332092285156,51.62562635378409,51.45155400684221,51.58632052396124,4569100
2014-11-25,51.597557067871094,51.63124656046046,51.46841115693533,51.490867962651684,4878500
2014-11-26,51.66494369506836,51.73232268462644,51.60317676529673,51.63124991627422,3055800
2014-11-28,51.17082214355469,51.462812124263145,51.12028788767223,51.42911833632524,5290500
2014-12-01,50.655784606933594,51.146545005237066,50.62193594574501,51.146545005237066,12432400
2014-12-02,50.93220138549805,50.949123567943225,50.69528222384829,50.79681962222799,6821200
2014-12-03,51.01681137084961,51.056297893742816,50.88142531775157,50.949118344300594,7627000
2014-12-04,50.98297882080078,51.050671868746726,50.937854425879735,50.97169879799792,4581600
2014-12-05,50.94347381591797,50.988602498187234,50.79116989289422,50.91527161728069,5237400
2014-12-08,50.6839714050293,50.88140393653086,50.599356233326795,50.841917430230545,6770800
2014-12-09,50.655784606933594,50.700908982338845,50.33425029974218,50.37937467514743,9702100
2014-12-10,50.074737548828125,50.48652900867458,49.87730505590403,50.41319816950436,15409400
2014-12-11,49.894264221191406,50.153752037099885,49.595294181128864,49.99016376346574,12053000
2014-12-12,49.21731948852539,49.606546658801086,49.132704324938594,49.527573653775,11563300
2014-12-15,49.18912887573242,49.4147679502226,48.77169938533541,49.32451490265096,14114000
2014-12-16,49.01425552368164,49.44861144990833,48.579903901161885,48.760414281180175,14875500
2014-12-17,50.012718200683594,50.19322862139755,49.014266573837716,49.05375309387802,16864000
2014-12-18,50.4132194519043,50.943466327648196,50.04655649385197,50.768598089194,16638700
2014-12-19,50.898338317871094,50.943462686574264,50.49782672986399,50.554239722230335,9952800
2014-12-22,50.77421569824219,50.93780384053983,50.599343240638326,50.85318869056446,6622400
2014-12-23,50.954742431640625,50.99987109999906,50.74038340879136,50.9039716038107,5314400
2014-12-24,51.12808609008789,51.156413628426286,50.94113471027569,50.97512862071687,2285700
2014-12-26,50.9694938659668,51.269746941034285,50.929837880998974,51.184768595480904,1815500
2014-12-29,50.997779846191406,51.12241408566819,50.83349397289023,50.9977798461914,4717100
2014-12-30,50.89582061767578,50.96380412738895,50.793851836370365,50.85616465088716,3624300
2014-12-31,50.75986862182617,50.98647604646812,50.66922824527567,50.9184925224224,4185400
2015-01-02,50.75986862182617,50.94682007131907,50.697551471995205,50.81085734540475,3271900
2015-01-05,50.28963088989258,50.55589414099979,50.22165172598416,50.476582234990154,7523100
2015-01-06,50.0970573425293,50.39731041440847,50.04606860686742,50.1933641161173,9489700
2015-01-07,50.408626556396484,50.578578867522815,50.346309412330484,50.48793849935745,8353100
2015-01-08,50.7881965637207,50.89016968948979,50.408631609760214,50.595578738522576,8388600
2015-01-09,51.043128967285156,51.06579014291945,50.62957439794689,50.82785428202533,6766700
2015-01-12,50.9808464050293,51.08281960348316,50.78256638641907,51.08281960348316,8698500
2015-01-13,50.9808464050293,51.11681355108794,50.72591556998476,50.986512783326795,7738700
2015-01-14,50.86186218261719,50.89585179720819,50.618259859630996,50.70890459477882,7415500
2015-01-15,50.55025863647461,50.97514592271284,50.538925888422476,50.97514592271284,7061300
2015-01-16,50.74288558959961,50.81653118276278,50.60692283215294,50.61258488550371,7685500
2015-01-20,50.65222930908203,50.89582719212437,50.56725099150759,50.89582719212437,5915300
2015-01-21,50.92412567138672,50.935458412422236,50.58988328780228,50.623872866560205,6110700
2015-01-22,50.99211883544922,51.082759170076116,50.86181822184009,50.997780884868,6940100
2015-01-23,50.99211883544922,51.06576437746952,50.946796507048205,50.99211883544922,5134500
2015-01-26,51.22444152832031,51.26409752640852,50.94684954170286,51.026161537879275,8252300
2015-01-27,51.18476486206055,51.23008721934029,50.992151326888454,51.031807308963764,8771100
2015-01-28,51.07712173461914,51.269735239880816,50.992143408460144,51.21875083749175,5622400
2015-01-29,51.2584114074707,51.281068262445004,51.071459937600714,51.17909512635025,4923200
2015-01-30,51.116764068603516,51.25839313367845,51.0941028995304,51.20173804990763,6383000
2015-02-02,51.31301498413086,51.31301498413086,51.125304208456825,51.21062768282977,4120600
2015-02-03,51.603084564208984,51.66565478821369,51.36418243968001,51.40968450644997,11682400
2015-02-04,51.38694763183594,51.55759454056958,51.3641987610872,51.55759454056958,8333900
2015-02-05,51.68840789794922,51.69409294395407,51.42106318490913,51.50638661200934,10172500
2015-02-06,51.728267669677734,51.807901776857264,51.63725478162492,51.80221238642063,6076700
2015-02-09,51.603084564208984,51.756663261483396,51.59170579271916,51.694093037478694,4672800
2015-02-10,51.779441833496094,51.7794418334961,51.69980775297061,51.70549714150297,6846600
2015-02-11,51.76237106323242,51.779434886808346,51.66567316981465,51.750996627425586,5688000
2015-02-12,51.75670623779297,51.84202973589612,51.728267964914174,51.84202973589612,3185400
2015-02-13,51.830650329589844,51.8704673795926,51.728263009620896,51.76808005962366,4676600
2015-02-17,51.7964973449707,51.92163783420372,51.7794335218446,51.898884623458514,6624200
2015-02-18,51.97287368774414,51.984248132015,51.78516280926579,51.84773310209191,4744400
2015-02-19,51.8533935546875,51.94440207726613,51.84201477703259,51.91595947286099,2964800
2015-02-20,51.99559783935547,52.001282888444464,51.807887065847616,51.84770410813121,5470600
2015-02-23,52.035400390625,52.03540039062501,51.91594495730849,52.01833222891484,4165700
2015-02-24,52.08662414550781,52.10368797806507,51.98423681043067,52.024053866308805,3689300
2015-02-25,52.25723648071289,52.27430030194923,52.08658958888805,52.12071723136073,9048500
2015-02-26,52.2458610534668,52.31412068251541,52.18329081177165,52.240171666113326,7928200
2015-02-27,52.25723648071289,52.30273855743288,52.223104498509485,52.27430030194923,4521800
2015-03-02,52.247535705566406,52.327511904807984,52.15613620288003,52.304660939542394,6933000
2015-03-03,52.09901809692383,52.213272948441826,52.053320514693574,52.167571007834624,10032000
2015-03-04,52.001888275146484,52.07615499471033,51.97332784009355,52.0133159358681,7832800
2015-03-05,52.09901809692383,52.09901809692383,52.00761857408637,52.081880958790364,6412500
2015-03-06,51.76770782470703,51.967648436031695,51.71629203415015,51.956220767739744,9271900
2015-03-09,51.65913009643555,51.8362196038438,51.630565304361475,51.83051013212927,9607500
2015-03-10,51.45919418334961,51.60771891183449,51.35636702450391,51.57344464501117,12447300
2015-03-11,51.60199737548828,51.67625972236879,51.453468323352546,51.61342067563347,9214800
2015-03-12,51.70482635498047,51.77908870451046,51.61913634652287,51.756237745030106,4469900
2015-03-13,51.52775573730469,51.642010586212514,51.39636810903174,51.61915961643095,6184500
2015-03-16,51.4763298034668,51.6077173946775,51.44205553765107,51.567729298433946,4772600
2015-03-17,51.21925735473633,51.42490728095118,51.12213968374245,51.34493109898567,13059600
2015-03-18,51.67629623413086,51.6820100674279,51.12217208051778,51.2192898130564,11633900
2015-03-19,51.26496124267578,51.61914463392269,51.23068697713999,51.51060364855859,9226000
2015-03-20,51.664878845214844,51.6877298226433,51.39638530840339,51.47064771626214,9127300
2015-03-23,51.70482635498047,51.72196348499702,51.59057155757871,51.65912443601977,5459200
2015-03-24,51.78480911254883,51.824797207125684,51.67055430063251,51.687695791201534,6767200
2015-03-25,51.64773941040039,51.88766812518733,51.642025576702196,51.819115195943304,5364600
2015-03-26,51.641998291015625,51.7162606563423,51.54488496134785,51.704837353359665,4876400
2015-03-27,51.68199157714844,51.733402983295,51.61343867724345,51.63628964387845,3822000
2015-03-30,51.824806213378906,51.864794314905,51.699128077617985,51.704841908800624,4197700
2015-03-31,51.761962890625,51.89335048839221,51.733398095436044,51.807664819577,4498400
2015-04-01,51.868682861328125,51.89163667055106,51.7022710279555,51.8457290521052,9298200
2015-04-02,51.90888977050781,51.98348642280095,51.84576784241564,51.908889770507805,4774400
2015-04-06,52.04084777832031,52.10970484590867,51.862956805067654,51.862956805067654,5020700
2015-04-07,52.316287994384766,52.333502262331415,52.04085095125273,52.08675420644616,8659800
2015-04-08,52.3047981262207,52.390873819016974,52.22446198040861,52.33922665214258,7151900
2015-04-09,52.2531623840332,52.367931458852,52.218733850583845,52.327763377163556,3415700
2015-04-10,52.37364959716797,52.37938914354054,52.24741022290922,52.24741022290922,3012700
2015-04-13,52.27613830566406,52.40238215235478,52.264663582326,52.37368877701802,2866600
2015-04-14,52.29905700683594,52.333485531722694,52.17855279174083,52.293317460024326,2830000
2015-04-15,52.50566101074219,52.54008955143067,52.339249100758764,52.356463371103004,4438300
2015-04-16,52.39662170410156,52.47122269902593,52.37366788858581,52.47122269902593,5285400
2015-04-17,52.23594665527344,52.35645089696596,52.21873238903057,52.35645089696596,3901300
2015-04-20,52.35071563720703,52.43678696827394,52.281854194361074,52.35645080728321,3641000
2015-04-21,52.3851318359375,52.49416133360862,52.356438480342554,52.49416133360862,3730700
2015-04-22,52.33348846435547,52.47121132760306,52.322013748080686,52.46547178046981,4031100
2015-04-23,52.316287994384766,52.42531752870401,52.26464519054483,52.367935176217564,4755200
2015-04-24,52.40235137939453,52.41382609599413,52.32775477651751,52.32775477651751,4221400
2015-04-27,52.41958236694336,52.49991854274611,52.373674729915145,52.476964724232005,5049600
2015-04-28,52.33922576904297,52.396608103941766,52.31627195948515,52.37939384127128,4697400
2015-04-29,52.241703033447266,52.33351394231769,52.17284156829907,52.2187492117312,8152700
2015-04-30,52.21299743652344,52.26464461779025,52.109707451982636,52.21873698510705,11463800
2015-05-01,52.329429626464844,52.34095526712524,52.22568127083698,52.254501968619586,8053700
2015-05-04,52.31789779663086,52.43317618639222,52.24873516019498,52.42164614870561,6683700
2015-05-05,52.24870681762695,52.32363443226127,52.1564841558445,52.27176248307256,12736900
2015-05-06,52.093135833740234,52.271816325638866,52.0585544986606,52.24876063644475,13677500
2015-05-07,52.087371826171875,52.20841088851158,52.029730408219145,52.047025472058635,8676400
2015-05-08,52.49656295776367,52.49656295776367,52.335177656380814,52.36975896455724,10319600
2015-05-11,52.168033599853516,52.485039223501914,52.150742943689814,52.456222929035796,5499200
2015-05-12,52.16225814819336,52.29482714796486,52.041219181838144,52.08156550395655,6569200
2015-05-13,52.087371826171875,52.31791990829162,52.064316138475334,52.231466576208106,4349000
2015-05-14,52.340946197509766,52.375531908340115,52.21414218511258,52.21414218511258,5147100
2015-05-15,52.456214904785156,52.49656122880207,52.340936552294316,52.39281291027007,8939400
2015-05-18,52.36977767944336,52.45047035897116,52.30637566018277,52.45047035897116,2843700
2015-05-19,52.289058685302734,52.38127695945916,52.24294734951501,52.38127695945916,4743200
2015-05-20,52.22569274902344,52.369787474763505,52.225692749023445,52.29485980045061,2841700
2015-05-21,52.30060958862305,52.35248596580211,52.21991691071886,52.21991691071886,3709300
2015-05-22,52.340946197509766,52.36400187225656,52.27178357068971,52.294839245436506,3716900
2015-05-26,52.23141860961914,52.32940189427962,52.2256535936336,52.260234894709356,3951500
2015-05-27,52.34670639038086,52.39281773562402,52.26601373491527,52.32365071775927,3737800
2015-05-28,52.32365036010742,52.35247105004238,52.27177839512836,52.34094101510044,5440700
2015-05-29,52.398597717285156,52.43317903738341,52.31214001961834,52.31214001961834,4764000
2015-06-01,52.48658752441406,52.550266721291095,52.370797127928554,52.480796900351784,9372600
2015-06-02,52.3881721496582,52.538697478353946,52.30133044398941,52.538697478353946,5203700
2015-06-03,52.1044807434082,52.365001380344616,52.06974583633709,52.33026647327351,9532700
2015-06-04,51.93661880493164,52.11030227721427,51.93661880493165,52.06398609567834,11381700
2015-06-05,51.7802848815918,51.890280244107984,51.71660126368398,51.809229169853,7747600
2015-06-08,51.7802848815918,51.878703412193964,51.72238747116485,51.826596626200164,6487800
2015-06-09,51.69342803955078,51.780269712799054,51.62395381756197,51.768688467325426,11416200
2015-06-10,51.762908935546875,51.803434466027724,51.67606725110174,51.70501153461575,5187500
2015-06-11,51.86713790893555,51.87292853512659,51.74556126064533,51.79766806245749,5202100
2015-06-12,51.676082611083984,51.82660353078076,51.66450136067477,51.768710529593314,5713500
2015-06-15,51.43292236328125,51.65292194051026,51.41555490549004,51.56608023460158,12726200
2015-06-16,51.7224006652832,51.7224006652832,51.415563746337895,51.415563746337895,5249800
2015-06-17,51.676082611083984,51.757133696136975,51.49082235711244,51.64134327680922,5660400
2015-06-18,51.86713790893555,51.92503533693875,51.69345887578679,51.69345887578679,6869900
2015-06-19,51.89607238769531,51.96554663207,51.79186322960949,51.96554663207,12585700
2015-06-22,52.000274658203125,52.09869317865049,51.89606551392008,52.04080019114921,5035400
2015-06-23,51.96553039550781,51.988688469730334,51.89605617284026,51.97131660135018,3474800
2015-06-24,51.82659912109375,51.98291506964779,51.82659912109375,51.930808281145616,2636900
2015-06-25,51.6702766418457,51.896062371294285,51.6702766418457,51.85553684080227,5176700
2015-06-26,51.519744873046875,51.71079567147034,51.4965867989697,51.67027014607304,6683200
2015-06-29,51.166622161865234,51.40977987466564,51.160835952645265,51.322938149876464,10156900
2015-06-30,51.409725189208984,51.444460075395085,51.282358050594745,51.386567126101944,4912700
2015-07-01,51.418487548828125,51.64528215611112,51.3835974359193,51.64528215611112,13614700
2015-07-02,51.61037826538086,51.668529916934105,51.476625473790435,51.552226613827614,5586300
2015-07-06,51.44175338745117,51.6103963417027,51.41267976983495,51.511538055768824,4719100
2015-07-07,51.482452392578125,51.540604055904176,51.24984130258638,51.36614906592601,8406300
2015-07-08,51.22658157348633,51.4184860623125,51.20913651753625,51.27310468047831,5744800
2015-07-09,51.342899322509766,51.59877202402207,51.34289932250977,51.43594111789426,6291000
2015-07-10,51.639427185058594,51.68013376185617,51.499857976023364,51.51730301798173,7097900
2015-07-13,51.685997009277344,51.72089156443873,51.59295521445351,51.703446505202294,6119200
2015-07-14,51.633663177490234,51.65692473597468,51.546433442345744,51.604585120212526,6354100
2015-07-15,51.633663177490234,51.69763135415029,51.55224994113901,51.62784667869697,5983300
2015-07-16,51.71506118774414,51.77321284848975,51.68598313902768,51.691799636108435,7523600
2015-07-17,51.57551193237305,51.74996696743719,51.52317231617174,51.74996696743719,7788400
2015-07-20,51.33707809448242,51.55806065695393,51.33126159634156,51.55224415881306,6740400
2015-07-21,51.244041442871094,51.360344797214424,51.23822494414736,51.29637662131902,4904800
2015-07-22,50.91254806518555,51.13352610921649,50.89509857721852,51.09863600665542,10578500
2015-07-23,50.88349151611328,51.005611363349345,50.88349151611328,50.89512007631694,4918400
2015-07-24,50.73810577392578,50.91256521888381,50.70902772087011,50.88348716582814,4702900
2015-07-27,50.52293395996094,50.7497285505519,50.48222735233403,50.59853511461624,11061700
2015-07-28,50.79624557495117,50.85439723078755,50.5520059584262,50.57526750809814,10471000
2015-07-29,51.09284210205078,51.13354871859984,50.796262789085674,50.796262789085674,8839500
2015-07-30,51.244041442871094,51.27311506311264,51.063765475943796,51.063765475943796,6127600
2015-07-31,51.15681076049805,51.31382072961997,51.13936570133878,51.18007231827324,5936500
2015-08-03,51.06100082397461,51.171987265414224,51.037634084526836,51.16614446636482,5416900
2015-08-04,51.0901985168457,51.18950380257441,51.07851737718611,51.11356525291408,3691400
2015-08-05,51.020103454589844,51.2479280400479,51.014265112545786,51.195351764403846,7778300
2015-08-06,50.8098258972168,51.014279344538565,50.798140296369326,50.955864710553904,10794800
2015-08-07,50.652099609375,50.75724772935825,50.634575665502915,50.73388098527856,5483500
2015-08-10,50.79814910888672,50.803991910324065,50.663795873089335,50.687158165335404,3234500
2015-08-11,50.564456939697266,50.64623828568992,50.5060423292381,50.60534761269359,4598600
2015-08-12,50.494384765625,50.51775151206839,50.26072175794221,50.3892366350053,6371900
2015-08-13,50.430091857910156,50.494349251247314,50.40088233121216,50.453458587918945,7422100
2015-08-14,50.45931625366211,50.53525926946368,50.40090163464149,50.406744433568484,3437900
2015-08-17,50.45931625366211,50.53525926946368,50.3541681567251,50.406744433568484,4153600
2015-08-18,50.395057678222656,50.471000692279944,50.34248585933652,50.395057678222656,5471300
2015-08-19,50.34834289550781,50.50022005307052,50.24903311494645,50.360024039646895,7208500
2015-08-20,50.102970123291016,50.21980379205698,50.0328743787802,50.178913122176084,11099100
2015-08-21,49.921897888183594,50.09130341413177,49.8693260646566,49.9627885698435,13158600
2015-08-24,49.512996673583984,49.87517005019155,48.73606917739268,48.95804655198282,19116200
2015-08-25,49.612308502197266,50.05626776640908,49.60062735747509,49.980324727085986,18194700
2015-08-26,50.02702331542969,50.12049023499937,49.764155403449,49.80504606657373,10654800
2015-08-27,50.400882720947266,50.50018798169148,50.15553873907989,50.15553873907989,12772100
2015-08-28,50.44764709472656,50.52942847212983,50.27239873929052,50.365865717323295,9100000
2015-08-31,50.37752151489258,50.412573842394494,50.07960569999206,50.37752151489258,5408800
2015-09-01,50.215003967285156,50.3264855054343,50.13285779112017,50.2854124173518,4739100
2015-09-02,50.420387268066406,50.437989386818245,50.27369697629112,50.4203872680664,5259700
2015-09-03,50.490779876708984,50.59639702329879,50.379293867355685,50.46144003952213,8779000
2015-09-04,50.4379768371582,50.502520907610474,50.37343276670593,50.379301630373774,4671000
2015-09-08,50.7137451171875,50.719613979684645,50.60225911289388,50.66680317047119,5450300
2015-09-09,50.6491813659668,50.825211359392945,50.60223943750267,50.81347363896257,4914800
2015-09-10,50.77240753173828,50.813480605618444,50.625717342647796,50.625717342647796,4744100
2015-09-11,50.754825592041016,50.784165432168614,50.525989164265184,50.54946014104105,4834900
2015-09-14,50.66680145263672,50.71961226005964,50.5905241492817,50.672670314934884,4383100
2015-09-15,50.655059814453125,50.70200175180268,50.578778047102695,50.60811787710356,4247800
2015-09-16,50.473182678222656,50.59640643602696,50.42624519727453,50.479051542077976,5026700
2015-09-17,50.514244079589844,50.70201186644626,50.37342271607797,50.467306609506174,6576800
2015-09-18,50.37340545654297,50.49076028311872,50.27952607191126,50.36753659605696,10827600
2015-09-21,50.279537200927734,50.4027564386343,50.23259525990717,50.37928546812402,7579000
2015-09-22,49.915748596191406,50.27954195857953,49.85120454033819,50.080040928679495,7366900
2015-09-23,49.82773971557617,49.939225730647436,49.792535490450874,49.90402150552214,7686000
2015-09-24,49.581298828125,49.72798906134431,49.49328379286729,49.72798906134431,9167500
2015-09-25,49.3289909362793,49.73385740828709,49.31138882473646,49.63997351121779,8384200
2015-09-28,48.57206344604492,49.29964566155755,48.536859226842246,49.09428025515844,12416300
2015-09-29,48.56621551513672,48.75397889285715,48.48406931717353,48.531011280761646,11417600
2015-09-30,48.871307373046875,48.900642726951354,48.60139794332573,48.777423496641454,14539800
2015-10-01,48.55766677856445,48.864245500430286,48.53408310794013,48.787601944495144,12179800
2015-10-02,48.604827880859375,48.62251450702604,48.14495760802731,48.28055807405489,14060200
2015-10-05,49.18853759765625,49.21212127894787,48.822997284826975,48.85837505582805,13531400
2015-10-06,49.45973205566406,49.51279645116124,49.1472562205875,49.21800724854165,13985800
2015-10-07,49.96674346923828,50.0139107963106,49.642473718270956,49.73091133200058,18000700
2015-10-08,50.17313003540039,50.1908166709063,49.79580015085083,49.890134871051735,9466900
2015-10-09,50.17901611328125,50.46790825903661,50.1023725434638,50.24976713796924,9900600
2015-10-12,50.08466720581055,50.26154246829198,50.01392069931779,50.220272173462945,3867000
2015-10-13,49.96674346923828,50.084657288795185,49.89599247862981,49.99032713277444,7772600
2015-10-14,49.93135452270508,50.084641540305086,49.90187382802374,49.97262479638546,7748100
2015-10-15,50.049285888671875,50.084659136218946,49.88420473595346,50.00801560049227,8049200
2015-10-16,50.279232025146484,50.285129067072816,50.04929686939506,50.06109095324772,5978200
2015-10-19,50.414852142333984,50.450225408265915,50.16133324086023,50.20260355048961,10347000
2015-10-20,50.46199035644531,50.52095176837561,50.285119615027,50.338179488015236,10294800
2015-10-21,50.408935546875,50.56811967995344,50.26743803990253,50.49737317552953,14332200
2015-10-22,50.426597595214844,50.515035180765175,50.35585112527254,50.456078289772435,11805100
2015-10-23,50.60348129272461,50.756768335509264,50.45608679134638,50.64475157318559,13201700
2015-10-26,50.55043411254883,50.66835245259938,50.51506085959603,50.662455411065665,9354100
2015-10-27,50.38535690307617,50.51506483828552,50.31460589347333,50.50916779628734,5585800
2015-10-28,50.52095031738281,50.532739900555754,50.29101521145595,50.385345371211656,8637000
2015-10-29,50.391258239746094,50.51506914350923,50.36767456786852,50.37946415474457,6064500
2015-10-30,50.450172424316406,50.56219364628874,50.34404823984832,50.42658877242109,8803100
2015-11-02,50.60659408569336,50.63028685298391,50.41113214474628,50.45259335777143,5476000
2015-11-03,50.659854888916016,50.68947195172681,50.55916410564623,50.55916410564623,5873700
2015-11-04,50.51180648803711,50.68357560548727,50.48811372849931,50.68357560548727,6082100
2015-11-05,50.31636047363281,50.54735930328555,50.31044067108097,50.49405396671949,8529600
2015-11-06,50.07352066040039,50.16236741251593,49.955056817935166,50.12090619738648,8207700
2015-11-09,49.8662109375,50.01428734055096,49.83066952789319,49.96690180703069,10127900
2015-11-10,49.75366973876953,49.86620924733246,49.67667163860876,49.81289939419574,9673000
2015-11-11,49.635189056396484,49.81287794616726,49.605571981969135,49.77734107199933,3943900
2015-11-12,49.30352783203125,49.56414379998861,49.291683705730506,49.43976013862735,11570600
2015-11-13,49.161354064941406,49.374584395894274,49.15542974493379,49.32719887369761,7487900
2015-11-16,49.39236831665039,49.42198540703839,49.04882995145715,49.10806413223315,8228200
2015-11-17,49.42789077758789,49.59965991002988,49.38050977330876,49.51673750387612,9106400
2015-11-18,49.52264404296875,49.55226111407492,49.39826047839787,49.39826047839787,7479000
2015-11-19,49.07844543457031,49.451596358997655,49.07252111290002,49.35682980693994,9428300
2015-11-20,49.06657791137695,49.285732539517454,49.04880947213641,49.09027067000822,9763700
2015-11-23,49.0251350402832,49.09621334274779,48.97775402424015,49.00736659440039,5138900
2015-11-24,49.09026336669922,49.10803632222727,48.90665016328815,48.954035673501,9529200
2015-11-25,49.14360046386719,49.15544458852689,49.0665978373119,49.0665978373119,7132500
2015-11-27,49.220577239990234,49.250194317204105,49.125810726982586,49.17319172402065,2259900
2015-11-30,49.190975189208984,49.250204837357025,49.15543378517416,49.22058775381676,5356300
2015-12-01,49.54092788696289,49.56473474090822,49.279061574950425,49.30881673686227,9849200
2015-12-02,49.43974304199219,49.65995299483978,49.41593619243902,49.50521074309032,11871300
2015-12-03,49.30878829956055,49.47543164037844,49.23141947437809,49.35044913476502,15290200
2015-12-04,49.19572067260742,49.35641119821074,49.10049329396003,49.27904235857823,14027900
2015-12-07,48.85051727294922,49.10048227476416,48.81480474362543,48.999306613175776,11989900
2015-12-08,48.24349594116211,48.57678743915671,48.18398106174337,48.46370598977513,25199100
2015-12-09,48.49345779418945,48.62438869128799,48.23753976778505,48.243488076271234,16703900
2015-12-10,48.291072845458984,48.546990718481084,48.20775116965558,48.368441675650494,14206800
2015-12-11,47.326942443847656,47.9340058937107,46.79130409957159,47.9340058937107,54233300
2015-12-14,46.91629409790039,47.321001614876764,46.54729459866799,47.25553388855015,38540500
2015-12-15,47.68403244018555,47.880431013296025,47.46977532343548,47.49358217426243,36337800
2015-12-16,48.047061920166016,48.14228474899265,47.64830298617497,47.84470603028671,30575300
2015-12-17,47.51142883300781,48.094680695686726,47.493574832820556,48.02921300120557,17345300
2015-12-18,47.332889556884766,47.48763182505584,47.219808144679824,47.350743560771285,23548900
2015-12-21,47.18408966064453,47.55308897491056,47.05910712049597,47.43405474094164,14468700
2015-12-22,47.75544357299805,47.76734926754142,47.23170653039064,47.25551337878535,12569500
2015-12-23,48.058990478515625,48.14231220401547,47.86258732239736,47.91615388347211,12824900
2015-12-24,48.157100677490234,48.28274296002882,48.025474124927726,48.07333915579783,5284300
2015-12-28,47.86992263793945,48.013513174937025,47.79214081670925,48.007528904536045,7151600
2015-12-29,48.145137786865234,48.18103427849631,47.95368222373169,47.95966649389043,7485500
2015-12-30,48.181034088134766,48.246847365638835,47.97163028001303,48.08530858927654,13145300
2015-12-31,48.21095275878906,48.390439787912406,48.097274445081695,48.151123749081286,7935200
2016-01-04,47.923763275146484,47.95966432981829,47.666494445857516,47.86991854012949,14787700
2016-01-05,48.01350784301758,48.181030878354726,47.905813811063645,48.06735257666436,11491300
2016-01-06,48.01350784301758,48.0613728715883,47.822052293395075,47.822052293395075,11320100
2016-01-07,47.702396392822266,47.86393516555536,47.63658311679678,47.66649533747891,11004700
2016-01-08,47.57676315307617,47.99557544435152,47.56479917431373,47.887881376842074,17902100
2016-01-11,47.50495147705078,47.834013257275714,47.451102182133205,47.780168527018205,16917700
2016-01-12,47.55282211303711,47.834018900880665,47.44512807515595,47.79812240980715,15217700
2016-01-13,47.026302337646484,47.636569897870835,46.96048907988388,47.58870488046906,20352700
2016-01-14,47.235748291015625,47.28959762487515,46.83488868256637,47.06224543605245,18572700
2016-01-15,46.613502502441406,47.07419097325845,46.32033254725989,46.4699073781911,27309900
2016-01-19,46.45193862915039,46.745103890293755,46.30236386422792,46.6374098769632,15975700
2016-01-20,46.14085006713867,46.32033714326828,45.363059043257536,46.087000749036356,25973500
2016-01-21,46.45193862915039,46.64339414566477,45.949369610047476,46.140825126561865,20065800
2016-01-22,47.1639289855957,47.21777372478947,46.81093006934685,46.90666013635021,17653100
2016-01-25,46.697261810302734,47.11008521996865,46.68529326818988,47.020339412767754,16448400
2016-01-26,47.11605453491211,47.139987046879504,46.775024227531524,46.88271824905486,12010900
2016-01-27,47.04427719116211,47.31351464286141,46.8947023506609,47.09812650736672,14563000
2016-01-28,47.28357696533203,47.439136008853424,47.110069679223535,47.3314419886709,14622600
2016-01-29,47.439144134521484,47.53486963293581,47.34341407144651,47.38529483287665,14218700
2016-02-01,47.15715789794922,47.37361340680616,47.08500453256943,47.35557621228182,8865500
2016-02-02,46.8204460144043,47.03088757193243,46.79639489536081,46.92867375645904,15442100
2016-02-03,47.04890441894531,47.13909492953666,46.676119115898395,46.96472783233471,15465200
2016-02-04,46.898597717285156,47.13309033888911,46.85650941564549,47.03087654737576,8989700
2016-02-05,46.53783416748047,46.89257772291818,46.46568083660218,46.89257772291818,14632300
2016-02-08,45.9967041015625,46.17708516824577,45.864425264298916,46.159043391752576,15649900
2016-02-09,45.82234191894531,46.032783461327554,45.61791430271158,45.75018856700787,18685000
2016-02-10,45.7562141418457,46.13501360185069,45.666023575783434,45.942609201649795,13086000
2016-02-11,45.449554443359375,45.61791225699682,45.14892237135743,45.30525233323723,22158200
2016-02-12,46.12897491455078,46.17106321115134,45.55777136093708,45.61188750644083,17751500
2016-02-16,46.17108154296875,46.31538367613881,46.1109560364214,46.183104809365375,14106000
2016-02-17,46.54987335205078,46.65208716529857,46.363482917624594,46.405571228213795,16353000
2016-02-18,46.591949462890625,46.748279398694606,46.56188901307333,46.71821436159671,13247300
2016-02-19,46.68214797973633,46.70619909607652,46.32740433510172,46.387529832311486,12879900
2016-02-22,47.08499526977539,47.1090463868372,46.868539803500646,46.92265596371009,13826600
2016-02-23,46.98881149291992,47.06697420969775,46.74229089900944,46.93469531416365,16809700
2016-02-24,47.06694030761719,47.121056447393876,46.57390406221087,46.6340295385229,13622100
2016-02-25,47.31949234008789,47.33753412002799,46.93468360577438,47.097027514261555,10699100
2016-02-26,47.63813400268555,47.680222286175336,47.415664740080196,47.46977628144756,12060200
2016-02-29,48.14924240112305,48.17930286135374,47.656205897974175,47.66822916461001,23746800
2016-03-01,48.91019821166992,48.96459900231951,48.07609118345034,48.25137544668518,24023200
2016-03-02,48.57777786254883,48.722838986292274,48.48711293093044,48.65635167719945,14987400
2016-03-03,48.7409553527832,48.879975484679804,48.34807718324081,48.51731587500468,12018400
2016-03-04,48.88001251220703,49.10364754798481,48.65637286501727,48.82561168498272,18029900
2016-03-07,48.94043731689453,48.958569382543885,48.75910743758021,48.76515299660013,12656200
2016-03-08,48.59590148925781,48.86789162547946,48.571723870930015,48.83162750369235,17813700
2016-03-09,48.7167854309082,48.77722717159558,48.57172433097666,48.686566866269125,7699600
2016-03-10,49.05525207519531,49.07338413056686,48.68655157794793,48.994805742079784,18167000
2016-03-11,49.647605895996094,49.720138755906156,49.345392563485085,49.39374780342512,18662700
2016-03-14,49.50859451293945,49.59925483119672,49.2789094095947,49.49045783787812,12512400
2016-03-15,49.049224853515625,49.24868675997426,49.02504723351371,49.20033151997044,16442600
2016-03-16,49.37561798095703,49.55694322184278,48.849765098427994,48.916252403509006,21567100
2016-03-17,49.68992233276367,49.77454170845685,49.39375451783753,49.49046039945397,18423000
2016-03-18,49.804744720458984,49.93167373259505,49.7322118800634,49.744302992500124,12922000
2016-03-21,49.750370025634766,49.841034970820466,49.64761857308261,49.798725277921896,12653600
2016-03-22,49.61738586425781,49.71409635026999,49.55090316938668,49.64760904398907,8941200
2016-03-23,49.38770294189453,49.60529691328306,49.369570879513745,49.60529691328306,11354200
2016-03-24,49.170135498046875,49.25475490908285,49.00694223716665,49.0311198705215,13497800
2016-03-28,48.94646453857422,49.21845464423673,48.92228692296287,49.11570323644499,11298900
2016-03-29,49.13384246826172,49.15197452976513,48.76514184632788,48.8014059693347,11348400
2016-03-30,49.30912399291992,49.38769779218019,49.19428146127031,49.22450463635992,11796400
2016-03-31,49.37561798095703,49.50254703299996,49.2486889289141,49.2547298756235,9436700
2016-04-01,49.41143798828125,49.496451763954276,49.06530914935444,49.17461323706308,10822400
2016-04-04,49.28998565673828,49.49645098935832,49.23533593019085,49.34464001618894,9269700
2016-04-05,49.10784912109375,49.229296130187265,49.053194723967174,49.07748505236716,13254500
2016-04-06,49.52072525024414,49.563232123638016,49.1745965289221,49.19281309853351,13935000
2016-04-07,49.27784729003906,49.43573201367844,49.22319292562773,49.32035418106847,11306100
2016-04-08,49.50251007080078,49.57538099101451,49.44178662040715,49.53894784735879,7953000
2016-04-11,49.5693359375,49.70900412383106,49.56326683198059,49.58148341434878,8126900
2016-04-12,49.86082077026367,49.87903735468371,49.62399590699213,49.6543553367237,11772800
2016-04-13,50.18872833251953,50.29195872284869,49.98226291895617,49.98226291895617,13596100
2016-04-14,50.17049026489258,50.23728746130157,50.097619332563745,50.18870683974902,10758400
2016-04-15,50.09153747558594,50.140118089262394,50.03688775987666,50.07939463861798,7857300
2016-04-18,50.376983642578125,50.38305738243871,49.87296979098953,49.89119101057127,9211400
2016-04-19,50.5894775390625,50.65020562303603,50.44981406488901,50.49232094392907,11623600
2016-04-20,50.686668395996094,50.82633195180993,50.5348573631258,50.63201401505216,10128800
2016-04-21,50.528743743896484,50.765568397623696,50.50445344186018,50.747351829321815,13349500
2016-04-22,50.644161224365234,50.674520651035756,50.52878335746417,50.571290261126926,10982300
2016-04-25,50.449825286865234,50.625926577174994,50.43160871078205,50.553055639938876,8972400
2016-04-26,50.61986541748047,50.62593915531836,50.49841845814985,50.5773585184243,8291000
2016-04-27,50.917415618896484,50.95385341438473,50.65023137177604,50.668447953067805,10505400
2016-04-28,50.832401275634766,51.0327929335171,50.79596811343967,50.90527223292961,9229000
2016-04-29,50.917415618896484,50.95385341438473,50.6137935762878,50.78382117888391,20284700
2016-05-02,50.936920166015625,50.95522011123866,50.808815895348324,50.86371573101741,11420700
2016-05-03,50.60753631591797,50.76614368931128,50.534331838788255,50.7539406160686,18449200
2016-05-04,50.41841506958008,50.54651937459765,50.394013584704254,50.51601635497603,17645200
2016-05-05,50.37571334838867,50.58311898749389,50.35131186365147,50.577022106890084,18782100
2016-05-06,50.345218658447266,50.4550230308779,50.15001140236037,50.162214473801605,16204400
2016-05-09,50.25371170043945,50.381816019452486,50.19271030863913,50.265914771264235,11622800
2016-05-10,50.680721282958984,50.69291969739697,50.28420532917318,50.28420532917318,11420700
2016-05-11,50.644134521484375,50.851544872644226,50.58923465606798,50.6807390858706,20692000
2016-05-12,50.723426818847656,50.77832666942119,50.60752092882705,50.77832666942119,11312400
2016-05-13,50.49769592285156,50.74170601853136,50.47329444787304,50.67460312586678,11332400
2016-05-16,50.77834701538086,50.80274851011545,50.552641333777025,50.5892412488243,12981700
2016-05-17,50.67461013793945,50.82711588707904,50.6380102474599,50.69291008317922,7489900
2016-05-18,50.680721282958984,50.83322706102222,50.54041391933374,50.69291969739697,16612500
2016-05-19,50.54039764404297,50.57700218378331,50.38179038278281,50.50379775840812,20290200
2016-05-20,50.71733474731445,50.72953781912376,50.54652897485005,50.54652897485005,10556700
2016-05-23,50.72953796386719,50.9979450410307,50.607530515967184,50.70513647428719,10457400
2016-05-24,51.0345458984375,51.0345458984375,50.821034043635954,50.85763860240337,10838400
2016-05-25,51.11385726928711,51.19315862964041,51.08945577669174,51.13825876188247,15119600
2016-05-26,50.96742630004883,51.20533491073622,50.9613247665653,51.20533491073622,12269000
2016-05-27,51.05284118652344,51.052841186523445,50.95523524420493,50.991835145520625,6225600
2016-05-31,51.0040168762207,51.16262413907618,50.949112393110696,51.089419712964684,11994100
2016-06-01,51.084938049316406,51.1094574203438,50.81523432119877,50.870399398566526,16488600
2016-06-02,51.09720993041992,51.127860319264975,50.94396733938018,50.99913242738997,12118900
2016-06-03,51.18915557861328,51.219801290361644,51.017524627725884,51.14624784089143,13093000
2016-06-06,51.41593933105469,51.44658971207199,51.256570444221076,51.35464324561164,16126200
2016-06-07,51.642757415771484,51.70405352189591,51.44660707021744,51.477257461576215,18423500
2016-06-08,51.83890151977539,51.8572898817394,51.70404729658261,51.710178309434795,14652800
2016-06-09,51.6366081237793,51.83888941131989,51.575312039352546,51.83888941131989,11188300
2016-06-10,51.38530731201172,51.501768502393006,51.2811034713469,51.42821505090857,15259900
2016-06-13,51.04203414916992,51.3730386679893,51.04203414916992,51.183019374008474,17257900
2016-06-14,50.87039566040039,51.02363821061682,50.73554146795529,50.95621111439427,20578800
2016-06-15,50.89491653442383,51.10945517575175,50.8581398177938,51.03590174249168,14202800
2016-06-16,50.925567626953125,50.968475355817716,50.53939339058008,50.784582416917054,19195500
2016-06-17,50.95622253417969,51.07881940778288,50.913314797566706,50.93170315945905,16113800
2016-06-20,51.2565803527832,51.471119031602754,51.20141059160534,51.32400746278255,13368400
2016-06-21,51.452720642089844,51.47724001154653,51.262696697948385,51.34851215275103,12141800
2016-06-22,51.50176239013672,51.56306316122227,51.42207793495464,51.48337402944795,10759500
2016-06-23,51.88181686401367,51.881816864013665,51.68566651331505,51.728574256386835,9920200
2016-06-24,51.02976989746094,51.6120897253539,50.81523125963677,50.87039633368089,31416700
2016-06-27,50.294189453125,50.91328577468612,50.2696700923815,50.876509071865826,27244200
2016-06-28,50.925567626953125,50.94395598552485,50.68650961233729,50.77232507006647,13910300
2016-06-29,51.569190979003906,51.67339948688864,51.207540737486056,51.232060111306446,23604300
2016-06-30,51.91857147216797,51.979872230374625,51.45271751061791,51.52627093791988,26304600
2016-07-01,52.02143096923828,52.16307541922629,51.88594170499579,51.916736428183654,16343000
2016-07-05,51.72582244873047,51.91674129287755,51.63960285406359,51.91674129287755,12078200
2016-07-06,51.95370864868164,51.9598685356876,51.578035417808834,51.65809515441791,9607000
2016-07-07,52.02143096923828,52.10149067146563,51.88594170499579,51.96600140722314,13058100
2016-07-08,52.711177825927734,52.74197254336924,52.21849523716296,52.23697018818219,21395600
2016-07-11,52.74197769165039,52.914416849481,52.71734285501535,52.74197769165039,18313500
2016-07-12,52.88978958129883,53.160768124446236,52.87747451052637,53.000644012712286,16074300
2016-07-13,52.73582077026367,52.90210475223749,52.66192095482191,52.88362979837705,13040300
2016-07-14,52.840545654296875,52.90829031707709,52.71737140441595,52.90213042992874,7764400
2016-07-15,52.73582077026367,52.92673959025639,52.71734581640323,52.871310030060144,9163800
2016-07-18,52.91444396972656,52.92676374366567,52.7358448365461,52.76663957277679,7447200
2016-07-19,52.772762298583984,52.883616692889895,52.6803828535601,52.797397130497934,7349700
2016-07-20,52.90825271606445,52.95751768238784,52.74812865432535,52.846663285585976,7247500
2016-07-21,52.83440399169922,53.01300319166916,52.80360924395243,52.8282441024261,11265000
2016-07-22,53.068382263183594,53.12381182152857,52.79740845125574,52.84667342703323,10523500
2016-07-25,52.81590270996094,53.01913196853824,52.76663301755945,53.01913196853824,14768400
2016-07-26,52.61265563964844,52.809729661519405,52.58186091491862,52.7789349367896,14292600
2016-07-27,52.772762298583984,52.79123724786601,52.55720869399033,52.705017685474054,11730800
2016-07-28,52.551090240478516,52.66194471226599,52.495660655276254,52.66194471226599,17968100
2016-07-29,52.60034942626953,52.61266449906599,52.34168591138273,52.45870024672161,15202400
2016-08-01,52.305240631103516,52.571252087305346,52.26193666008363,52.56506445722283,18335300
2016-08-02,52.23099899291992,52.342352726478836,52.14439105790505,52.28667349981014,21959800
2016-08-03,52.46608352661133,52.515575129856536,52.24337603178695,52.27430946375997,13733700
2016-08-04,52.800148010253906,52.86819778894888,52.58362813248777,52.65786554191302,11832000
2016-08-05,52.91769790649414,53.06616802944518,52.899139731097776,52.97337243268324,12314900
2016-08-08,53.13420104980469,53.15894684911671,52.95479754462647,53.016659683017224,10800900
2016-08-09,53.3198127746582,53.35692912806973,53.15277974474546,53.1651550090696,13772300
2016-08-10,53.220821380615234,53.356920948634475,53.202263206754374,53.33217514356009,7250400
2016-08-11,53.35072708129883,53.42496448784443,53.26411913355188,53.30742310742535,6732600
2016-08-12,53.3940315246582,53.406406785747535,53.27649486298482,53.319798837239055,3996500
2016-08-15,53.554893493652344,53.58582693619234,53.40642335297785,53.505401873500624,9396400
2016-08-16,53.44351577758789,53.57342768247949,53.41876997859255,53.57342768247949,8104400
2016-08-17,53.51778030395508,53.54252611549463,53.40023887908744,53.48065922675527,14139600
2016-08-18,53.72810363769531,53.72810363769532,53.52395426646857,53.561075337460814,8582700
2016-08-19,53.56724166870117,53.70334120739184,53.54250058873805,53.66003723778832,7474000
2016-08-22,53.48063278198242,53.54868255012212,53.394024844309826,53.51156621105633,5364700
2016-08-23,53.66004943847656,53.709541049213115,53.56725384829047,53.61674545902702,7476400
2016-08-24,53.511573791503906,53.68478969138686,53.50538616085686,53.65386097771022,6655300
2016-08-25,53.6105842590332,53.67862935162852,53.53015917907036,53.54253444665619,7482800
2016-08-26,53.54869842529297,53.83326812197836,53.455907550119484,53.57963186353747,10544900
2016-08-29,53.81473159790039,53.84566504859016,53.61058687060639,53.62914505310749,10038500
2016-08-30,53.84565734863281,53.90751952138412,53.690999556863915,53.81472390236653,16157400
2016-08-31,53.635276794433594,53.83942604673235,53.58578992823966,53.80230971714255,16985000
2016-09-01,53.741539001464844,53.7601769271016,53.50545070996182,53.67941100265483,14952700
2016-09-02,53.99005126953125,54.07081718729529,53.81609099123203,53.90307113038164,13540100
2016-09-06,54.05218505859375,54.058399280645595,53.95899068806642,53.97141913217011,12662000
2016-09-07,53.903072357177734,54.05839471491736,53.86579176807794,54.02111412581757,8245100
2016-09-08,53.80368423461914,53.94036871982128,53.79747001072886,53.90930234043389,8430700
2016-09-09,53.28799057006836,53.77880977240734,53.26935264619228,53.64833956521273,25087600
2016-09-12,53.47441101074219,53.57381965046796,53.151342411763075,53.182404056628755,17718300
2016-09-13,53.0643310546875,53.41225160924684,52.97734617598562,53.34390939459239,21907200
2016-09-14,53.05190658569336,53.312847021157864,52.989778587734534,53.13888673084819,14257700
2016-09-15,53.362545013427734,53.3873971576887,53.08296668560005,53.12024253196058,9964800
2016-09-16,53.37501907348633,53.38744278620403,53.16999226314994,53.2942483505906,8396600
2016-09-19,53.406063079833984,53.47440532736568,53.31908289935079,53.41227730417259,9855500
2016-09-20,53.343936920166016,53.49304512905127,53.25695673664424,53.43091710368779,8705600
2016-09-21,53.78505325317383,53.81611963657565,53.35636181056459,53.37500448464445,17484300
2016-09-22,53.965213775634766,54.132959878091576,53.87201938979727,53.96521377563477,11813600
2016-09-23,53.903072357177734,54.03354256887156,53.86579176807794,53.92792450322354,13122600
2016-09-26,53.66697311401367,53.85336181770365,53.62348304849423,53.78501960902143,6590500
2016-09-27,53.82229995727539,53.828514178601466,53.51165525184022,53.59242590889307,8516500
2016-09-28,54.18265914916992,54.195087594160825,53.722906225827934,53.9155044626206,11149300
2016-09-29,53.97765350341797,54.170256555334326,53.778840966649135,54.15782810549984,13425800
2016-09-30,54.213714599609375,54.23235252327798,54.039754325286424,54.052178027711506,12158000
2016-10-03,54.18001174926758,54.23617871565932,54.07392440967778,54.18001174926758,10708800
2016-10-04,54.086448669433594,54.29238645036404,54.01780274245678,54.25494494878645,11057500
2016-10-05,54.229942321777344,54.28610453267818,54.14257570851603,54.273625628408,9424500
2016-10-06,54.261146545410156,54.28610911718197,54.12385954235077,54.273630211857935,9455200
2016-10-07,54.385990142822266,54.410952728702746,54.13012720839214,54.28613979930034,10824200
2016-10-10,54.54196548461914,54.60436952613867,54.38595300025875,54.42339447294582,4182300
2016-10-11,54.236202239990234,54.46709775440774,54.14883083647086,54.46085591962959,8855400
2016-10-12,54.21749496459961,54.311103473245154,54.12389121708058,54.21125788884935,7915300
2016-10-13,54.080204010009766,54.14884516623471,53.936670338877526,54.048999588986085,10614800
2016-10-14,54.20499038696289,54.279878110646756,54.13010266327903,54.23619479544557,6766300
2016-10-17,54.13010787963867,54.28612041483798,54.11138713719471,54.19251194149345,7790000
2016-10-18,54.348533630371094,54.36725913709364,54.18004215887246,54.32357581032544,8404600
2016-10-19,54.504539489746094,54.535743902654445,54.37973136036258,54.3922150299759,9874300
2016-10-20,54.51076889038086,54.5482151295542,54.40468152849142,54.50452705699799,12558000
2016-10-21,54.52326965332031,54.57319005266458,54.336052682121924,54.40469858748631,8332900
2016-10-24,54.55446243286133,54.64182907211061,54.467095793612046,54.591908679057276,7200800
2016-10-25,54.52326965332031,54.55446930776981,54.435903003061156,54.498307073085506,6906500
2016-10-26,54.30483627319336,54.510773943804686,54.28611553243311,54.38596583132017,13813300
2016-10-27,54.105106353759766,54.373447911575205,54.01150270892289,54.348485352578265,19333100
2016-10-28,53.84303283691406,54.08017488226572,53.79934952768459,54.042728644980734,19745600
2016-10-31,53.6807975769043,53.86177271118775,53.624635342708736,53.83057305700976,21174600
2016-11-01,53.47142791748047,53.7096341896731,53.26456193283132,53.7096341896731,26184000
2016-11-02,53.23321533203125,53.43381134036927,53.170529976160516,53.38366592522433,19593600
2016-11-03,53.2457389831543,53.42752980737397,53.20185876921055,53.34603456534658,12699700
2016-11-04,53.27081298828125,53.44006387216087,53.22693277523212,53.33976350942885,10970400
2016-11-07,54.01676940917969,54.04811446400099,53.71587792626431,53.75348816598276,14416200
2016-11-08,53.89768600463867,53.99171163408377,53.74723543235567,53.76604055824469,20370600
2016-11-09,53.52157974243164,53.91023665867895,53.471434319840704,53.565459976315466,24858900
2016-11-10,52.819480895996094,53.40872889927901,52.78813583107676,53.40872889927901,33213300
2016-11-11,52.32426834106445,52.781875766210995,52.18635768167684,52.65023507750091,16442900
2016-11-14,52.7129020690918,52.77559218885049,52.180069529235524,52.186339497728326,21036000
2016-11-15,53.40871810913086,53.47767341195403,52.98245113830786,52.98245113830786,17888600
2016-11-16,53.19560623168945,53.28336668833393,53.114115745544204,53.18306629069099,11965700
2016-11-17,53.051422119140625,53.33977856953377,53.05142211914063,53.18933276554298,12017600
2016-11-18,53.051422119140625,53.2457529311557,52.957396480762554,53.1642576677802,17781800
2016-11-21,53.47767639160156,53.502751483351155,53.183050041774784,53.189320010358365,11581600
2016-11-22,53.87260055541992,53.92901592224444,53.54662916070766,53.5654342829825,16648100
2016-11-23,53.67203140258789,53.71591163732576,53.458895417727604,53.46516538914355,10662900
2016-11-25,53.74097442626953,53.759779553621506,53.65947916429656,53.70335938897978,2009600
2016-11-28,53.73469924926758,53.91022013099204,53.57798349307283,53.67201390330674,16897400
2016-11-29,53.66575622558594,53.722171615096514,53.55292066397835,53.59680089445983,9164000
2016-11-30,53.690799713134766,53.784830089540485,53.55288913208419,53.72213998354759,15211300
2016-12-01,53.439579010009766,53.72292585449682,53.43957901000977,53.697738721038384,18249400
2016-12-02,53.76070785522461,53.767005840011585,53.508846111203425,53.56551356242174,9360400
2016-12-05,53.89925003051758,53.943326328655964,53.76072314952374,53.78591029188228,9782100
2016-12-06,54.16999435424805,54.188883506034685,53.93072375835872,53.98109803242652,16090600
2016-12-07,54.44075393676758,54.52890652066596,54.195185338199856,54.23926163014905,20886400
2016-12-08,54.4344482421875,54.465933362244726,54.232955964103866,54.38407877563272,10782100
2016-12-09,54.45964050292969,54.54149990120075,54.37778590861391,54.40927103163437,6463400
2016-12-12,54.38408660888672,54.579280930282906,54.327414345411846,54.56039177710979,8457100
2016-12-13,54.51631546020508,54.680024656934435,54.50371948879172,54.58557889111193,10739200
2016-12-14,54.10704040527344,54.68003228163649,54.056666120506776,54.51632306207916,15672400
2016-12-15,54.13222885131836,54.23927060605823,53.99370196685203,54.018889109841936,11221700
2016-12-16,54.18259048461914,54.31481935147093,54.16999451408743,54.283334229096845,15722200
2016-12-19,54.32109451293945,54.39035791602165,54.21405281870465,54.226648785057925,5897900
2016-12-20,54.39666748046875,54.45333973321703,54.270736613846445,54.3400000316751,11072400
2016-12-21,54.491111755371094,54.54148601779906,54.358882919463234,54.37147408309319,17461400
2016-12-22,54.608638763427734,54.608638763427734,54.43806304196826,54.50123727144465,8507600
2016-12-23,54.70969772338867,54.716016590125385,54.589668174689784,54.62757173534385,4230500
2016-12-27,54.65917205810547,54.74762175806076,54.614949618070064,54.64022027235951,5840600
2016-12-28,54.58336639404297,54.73498550400324,54.55809573906882,54.73498550400324,6961200
2016-12-29,54.65917205810547,54.678128663735905,54.57072717803465,54.62758735515702,3794300
2016-12-30,54.67812728881836,54.77288621516541,54.57072580581779,54.69707907408777,7513400
2017-01-03,54.90555953979492,54.93082537411124,54.77288740026976,54.886602934231,14050100
2017-01-04,55.20246505737305,55.208783924311895,54.96240113241243,54.96240113241243,11912400
2017-01-05,55.120338439941406,55.227735077264455,55.0887489254896,55.12665730680841,10458600
2017-01-06,55.10770034790039,55.139285039501154,54.98766598812235,55.063477923753126,6836400
2017-01-09,55.0950927734375,55.13931522179136,54.994014957151,55.0950927734375,6648800
2017-01-10,55.10137939453125,55.23404666194795,55.07610875027817,55.158234729188734,11777000
2017-01-11,55.13298034667969,55.16456986628415,55.031902559736565,55.120347430768284,11914200
2017-01-12,55.14562225341797,55.151941121793584,55.04453963894548,55.12035159979985,12512300
2017-01-13,55.164573669433594,55.21511497633155,55.025587485406355,55.12667009920228,8861000
2017-01-17,55.10770034790039,55.1456039057744,55.05715905747987,55.12665212683739,8633000
2017-01-18,55.15824508666992,55.15824508666992,55.02557779434128,55.088752006895376,12715500
2017-01-19,54.981361389160156,55.151937083621995,54.924506037595535,55.120347563941216,10703200
2017-01-20,55.0887565612793,55.101394296765,54.943456342380735,55.00031169241482,9262000
2017-01-23,55.0887565612793,55.101394296765,54.98767877681298,55.044534126847054,13561300
2017-01-24,55.126651763916016,55.1645553215405,55.03188804997211,55.057158695016,7490500
2017-01-25,55.32249450683594,55.32249450683594,55.17718949947204,55.215097877848564,8953900
2017-01-26,55.29723358154297,55.33513714669949,55.22142645122994,55.27828179896471,7443900
2017-01-27,55.3477783203125,55.39831962358365,55.24669571377019,55.25301458165007,7888100
2017-01-30,55.23405838012695,55.30355146159555,55.15824643128386,55.2656478971158,7637600
2017-01-31,55.177215576171875,55.22775689130447,55.076137765791785,55.20880510310102,12249400
2017-02-01,55.38151550292969,55.41324378919057,55.172120432144176,55.330752181334994,12489400
2017-02-02,55.41325378417969,55.43863544955517,55.29269208391056,55.37517886558763,10886200
2017-02-03,55.5084114074707,55.57186312476185,55.47668312829727,55.533788221542586,12674000
2017-02-06,55.47034454345703,55.54014289490975,55.42592785081043,55.52110786106927,7004900
2017-02-07,55.38788604736328,55.53382460864983,55.38153941915898,55.53382460864983,11170100
2017-02-08,55.425933837890625,55.432280463541815,55.27999533531178,55.38786376609735,11107300
2017-02-09,55.5020751953125,55.54649188985421,55.42593021564531,55.42593021564531,7292600
2017-02-10,55.540157318115234,55.552850571342816,55.457670536366706,55.53381069150145,5471800
2017-02-13,55.62261962890625,55.66068968641146,55.57819810707667,55.58454473034592,7477200
2017-02-14,55.66069412231445,55.686075776359104,55.50206241532704,55.6162774380002,8785000
2017-02-15,55.67977523803711,55.69246365503373,55.565560120829524,55.60363021287888,10582800
2017-02-16,55.635353088378906,55.88916497308131,55.527484610724585,55.62266467262036,8917800
2017-02-17,55.69244384765625,55.70513710119795,55.527470280076614,55.57822877107,6247300
2017-02-21,55.87641906738281,55.87641906738281,55.69240574538438,55.69240574538438,10437800
2017-02-22,55.901851654052734,55.91454491047642,55.8003298079577,55.844746523322826,10963600
2017-02-23,55.952613830566406,56.02875884434361,55.88916207294813,56.02241221626415,8150200
2017-02-24,55.99702072143555,56.07316572185462,55.876459014369836,55.90818730814227,8390200
2017-02-27,56.066802978515625,56.06680297851563,55.95893455638879,55.99700462512613,5693300
2017-02-28,56.02240753173828,56.073170870011644,55.99067923505282,56.02875415928705,5868400
2017-03-01,56.228885650634766,56.27986586877741,56.19701875986634,56.19701875986634,10612100
2017-03-02,56.050437927246094,56.24162954764412,56.0504379272461,56.24162954764412,9193000
2017-03-03,56.075958251953125,56.139687202927256,55.967618549076384,56.09507645102464,15059300
2017-03-06,55.897499084472656,56.01221310794538,55.884755242844975,55.986720562484116,17066300
2017-03-07,55.53422927856445,55.82738620768958,55.52148543912643,55.78277547634891,17023100
2017-03-08,55.164573669433594,55.48959736639719,55.15820418324839,55.40037593777239,22433500
2017-03-09,55.01802062988281,55.266566836418406,54.9351686529008,55.049882660702245,21260700
2017-03-10,54.99889373779297,55.36852338249312,54.85868721019437,55.36852338249312,20643900
2017-03-13,55.043514251708984,55.113617527974334,54.88418950787051,55.049883740674694,13512300
2017-03-14,54.87779998779297,54.94152889527183,54.80132238149595,54.88417433720205,12808500
2017-03-15,55.636199951171875,55.636199951171875,55.01164484449163,55.06262992711962,19654600
2017-03-16,55.47686767578125,55.78276840556977,55.46411897575415,55.76365021773354,15807500
2017-03-17,55.49601364135742,55.604353334793565,55.47052109074771,55.604353334793565,9984500
2017-03-20,55.38762283325195,55.489588079384944,55.38762283325195,55.489588079384944,12220600
2017-03-21,54.992530822753906,55.553352187559554,54.98615647139093,55.495997611909125,16918200
2017-03-22,55.12636947631836,55.17098021666645,54.82046378378433,54.96067035693717,14054600
2017-03-23,55.14547348022461,55.28568001729905,55.04350818375532,55.081744562155706,10618900
2017-03-24,55.336639404296875,55.355757584620655,55.19005858481035,55.19005858481035,8920800
2017-03-27,55.279293060302734,55.304785594157636,55.06261381584155,55.139086555202596,7788700
2017-03-28,55.58522415161133,55.60434234523841,55.25382592138892,55.25382592138892,16871700
2017-03-29,55.69990921020508,55.79550499083414,55.58519524589088,55.623431613261154,12266300
2017-03-30,55.96123123168945,55.97397993625537,55.74455187613055,55.827399006984336,16367900
2017-03-31,55.942081451416016,56.01855904901276,55.88472689987102,55.91021943240327,11778400
2017-04-03,55.91200256347656,55.98240497150072,55.82880193715366,55.97600342087514,20664400
2017-04-04,55.93124008178711,55.99524098238148,55.86723918119274,55.91844185485052,8473900
2017-04-05,55.886417388916016,56.13602422294589,55.85441450949523,56.02082069316642,11102300
2017-04-06,55.956783294677734,56.0143825804959,55.873582698623494,55.937583532738344,7234500
2017-04-07,55.93124008178711,56.078446547814316,55.93124008178711,56.033645429102684,5457800
2017-04-10,56.008018493652344,56.078420917015244,55.96961406448399,56.02081671473947,7996900
2017-04-11,55.89921951293945,56.04642593241541,55.835218632584144,56.04642593241541,8005800
2017-04-12,55.9376106262207,56.06561235644826,55.886407980948476,55.9376106262207,8723800
2017-04-13,55.82242965698242,55.995232550862895,55.784030098998976,55.91843343489601,10446700
2017-04-17,55.98884201049805,56.00164023690891,55.82883732410688,55.89283822207224,7158700
2017-04-18,55.976009368896484,56.040010233095806,55.82880786953336,55.982410920202305,9062800
2017-04-19,55.92483901977539,56.12964483325603,55.892841010674026,56.00804458594162,8643200
2017-04-20,56.11042404174805,56.12322714695933,55.96322251249584,55.988823839964475,7766000
2017-04-21,56.06561279296875,56.13601521002796,55.99521037590955,56.0912141158042,11328200
2017-04-24,56.32804489135742,56.334441562372724,56.244839338608735,56.29604200446101,8904700
2017-04-25,56.430416107177734,56.449615876187444,56.34081392983081,56.366415249494565,12493400
2017-04-26,56.37924575805664,56.46885286967689,56.366447532371026,56.37924575805664,7269000
2017-04-27,56.417625427246094,56.424026978755506,56.32802323792668,56.3792210011427,6897900
2017-04-28,56.3984375,56.4752366024293,56.36643461868505,56.42403882846114,7542800
2017-05-01,56.4273796081543,56.46594328259359,56.36952919267103,56.40166885725333,10336000
2017-05-02,56.446624755859375,56.49804622423808,56.40806110648591,56.491617314735464,10792800
2017-05-03,56.498046875,56.530181615240984,56.433772490696846,56.49161796542333,7413400
2017-05-04,56.1959228515625,56.459449162250685,56.14450140914868,56.459449162250685,20562500
2017-05-05,56.292381286621094,56.343802769644654,56.163827579062215,56.19596723190757,14935200
2017-05-08,56.356658935546875,56.388798590243994,56.26667378698232,56.31166636126459,8199200
2017-05-09,56.318077087402344,56.46590768209864,56.31164817777431,56.4337729416009,10810000
2017-05-10,56.56231689453125,56.588027627032716,56.38877557992237,56.465902873605955,10824900
2017-05-11,56.56877517700195,56.58805701043496,56.45307927258055,56.52378259771715,8461400
2017-05-12,56.549495697021484,56.60734119972789,56.504503115864196,56.60091228704155,8929900
2017-05-15,56.67803192138672,56.72302449253669,56.63303935023676,56.63946826149318,10690200
2017-05-16,56.76157760620117,56.787288342627335,56.6780213906823,56.735866869775,12638900
2017-05-17,56.510929107666016,56.6266250209621,56.47879435075382,56.57520352531412,14055700
2017-05-18,56.57518005371094,56.665170085672194,56.32450649620478,56.343793226939,10731800
2017-05-19,56.67803192138672,56.761588152430235,56.64589226892712,56.67160301013031,15998800
2017-05-22,56.85158157348633,56.85158157348632,56.73588567313551,56.79373607522251,7181800
2017-05-23,56.84516143798828,56.87729619349424,56.78731103195992,56.87729619349424,6998400
2017-05-24,56.941551208496094,56.95440902937667,56.81943133306173,56.88370572599906,8533600
2017-05-25,56.89655685424805,57.044392366795655,56.877275027355246,56.941549418271805,7985500
2017-05-26,56.92869186401367,56.94154477962127,56.88369930365516,56.88369930365516,2909500
2017-05-30,56.98654556274414,57.01225139545646,56.89655553296473,56.92226626949862,5371100
2017-05-31,56.98008728027344,57.01222200650965,56.90295511043224,56.99294019000411,13758400
2017-06-01,57.14601135253906,57.19119607421822,56.99109301031983,57.03627773199899,19189300
2017-06-02,57.17826843261719,57.22990950370082,57.12662736153355,57.15890426215172,9491600
2017-06-05,57.12665557861328,57.21702503526483,57.10083503031769,57.15893249517428,10384400
2017-06-06,57.0362548828125,57.133080654697316,57.003977983929786,57.11371648527302,14386500
2017-06-07,56.920074462890625,57.08790550058093,56.849069213281815,57.08790550058093,13329000
2017-06-08,56.96529769897461,57.023390256252306,56.823287103716915,56.933020772864225,14208300
2017-06-09,57.01045227050781,57.094365339313185,56.9329906436964,57.02336007926061,10414900
2017-06-12,57.1072883605957,57.15247308651775,56.99109836182963,57.02982671982973,9900000
2017-06-13,57.21057891845703,57.21703528787934,57.12666581503465,57.13312218445696,8640400
2017-06-14,57.21703338623047,57.288038673215226,57.13957173003798,57.2815823040075,8850700
2017-06-15,56.99756622314453,57.09438713766845,56.88137620094908,57.07502295476367,10860500
2017-06-16,56.90071105957031,57.049173001840316,56.887798327777304,57.049173001840316,11996100
2017-06-19,57.075035095214844,57.09439928223859,56.99112197652268,57.010486163546425,6398400
2017-06-20,56.874881744384766,56.94588698399681,56.86842537948454,56.90070227922218,18318500
2017-06-21,56.54568862915039,56.90717127232702,56.494047548015935,56.881350731759795,26728100
2017-06-22,56.70062255859375,56.72644310626989,56.565068376868474,56.60380166076563,18699400
2017-06-23,56.9329833984375,56.94589613031191,56.71997257015229,56.726424011325236,11337700
2017-06-26,57.01045227050781,57.036272812778286,56.90071865943197,56.92008283494361,9504500
2017-06-27,56.82970428466797,57.023350933490896,56.7909759398562,57.01044312680833,15293300
2017-06-28,57.062129974365234,57.08795053320591,56.87493461634636,56.93948355106403,9755500
2017-06-29,56.920074462890625,57.05562859629905,56.84261284747261,56.97171553983598,14548400
2017-06-30,57.05564880371094,57.11374626704189,56.93945880181494,56.997556265145896,8202000
2017-07-03,57.027774810791016,57.209287907431516,56.96942848923603,57.05370595971979,13882000
2017-07-05,56.982391357421875,57.11852616752876,56.94349216463384,57.06666387438504,16269100
2017-07-06,56.83976745605469,56.97590225402304,56.74901092407579,56.962939154823225,15424700
2017-07-07,56.787906646728516,56.85921605883511,56.690666089686786,56.794390669427344,15731200
2017-07-10,56.852752685546875,56.87868383990043,56.76848014329429,56.78792727259396,12286600
2017-07-11,56.8138313293457,56.86569361331688,56.73603790338893,56.85272556939427,9261400
2017-07-12,57.18335723876953,57.183357238769524,56.96294988981519,57.04073839139391,17979900
2017-07-13,57.2287483215332,57.25467947648336,57.13150772693565,57.18985406203902,11744600
2017-07-14,57.39080047607422,57.41673162476443,57.20928738110365,57.26762875626095,12626700
2017-07-17,57.41022872924805,57.42967584790782,57.358371394775055,57.40374965360097,10158100
2017-07-18,57.43619155883789,57.46212271331109,57.351919016196504,57.3972973000591,9221100
2017-07-19,57.533409118652344,57.58527140683612,57.45561568637667,57.494514875444516,8250900
2017-07-20,57.56580352783203,57.59821373686522,57.481526103457604,57.591729716715285,11827800
2017-07-21,57.52046203613281,57.55935629017076,57.46859973350795,57.552872265877305,8771700
2017-07-24,57.56580352783203,57.565803527832024,57.46856300901597,57.5074572381991,4707500
2017-07-25,57.59173583984375,57.637119039860174,57.55932562736472,57.611187902361685,7292900
2017-07-26,57.676021575927734,57.72139983661781,57.60471217400625,57.676021575927734,7279800
2017-07-27,57.63065719604492,57.6954825918074,57.572310877756216,57.669551444330274,11624500
2017-07-28,57.63715362548828,57.63715362548828,57.54639211685205,57.598254422969404,4945300
2017-07-31,57.63715362548828,57.689010985743906,57.55936016631225,57.56584419104235,9779900
2017-08-01,57.69440841674805,57.72695830481754,57.65535252419715,57.68139144136962,14946800
2017-08-02,57.70742416381836,57.752991022374815,57.6683633090449,57.69440222342217,7422700
2017-08-03,57.59677505493164,57.71394771195794,57.55771419164541,57.6553589002367,9548300
2017-08-04,57.60980224609375,57.62281922521964,57.55121839040164,57.596785266967856,6451600
2017-08-07,57.5837287902832,57.60976769933734,57.54467290990904,57.60976769933734,5204700
2017-08-08,57.33638381958008,57.60978499711818,57.277795015013005,57.557707163373145,18534700
2017-08-09,57.11506271362305,57.27129623456481,57.07600681659571,57.21921839425089,15001700
2017-08-10,56.750518798828125,57.04995888370341,56.704951937356135,56.99788105161673,24749700
2017-08-11,56.84819030761719,56.932813099862955,56.802623424651344,56.874229235943055,17434300
2017-08-14,57.14759826660156,57.245242951086226,57.01740369848369,57.01740369848369,12566000
2017-08-15,57.16714096069336,57.212707829688206,57.10855711473551,57.15412398373036,6830500
2017-08-16,57.17366409301758,57.2647978503911,57.154136140211435,57.21271999862986,11716100
2017-08-17,56.854679107666016,57.15412420957684,56.8221341819218,57.10204636868659,14112300
2017-08-18,56.939308166503906,57.08251974907854,56.82213550498069,56.95232514382143,14324400
2017-08-21,56.9979248046875,57.030474716331675,56.92631897220569,57.01094675591286,7763400
2017-08-22,57.23225784301758,57.28433570377955,57.01744039218804,57.04999029676882,12982200
2017-08-23,57.23876190185547,57.26480082909053,57.09555028527138,57.1346061929152,6449500
2017-08-24,57.32337951660156,57.329890489427044,57.20620683782844,57.26479566042355,8480100
2017-08-25,57.42753982543945,57.44706777906616,57.290839183635,57.31036713726171,6622800
2017-08-28,57.43404006958008,57.460074025273975,57.37545125322739,57.460074025273975,5161700
2017-08-29,57.36245346069336,57.38198141720334,57.2778256939258,57.290847642544605,8991600
2017-08-30,57.518638610839844,57.54467752198094,57.37542708277106,57.38193805215996,13431100
2017-08-31,57.6749153137207,57.681426288551215,57.55774259886462,57.55774259886462,12705200
2017-09-01,57.73371124267578,57.75332108039706,57.62258550409352,57.62258550409352,10535700
2017-09-05,57.6030158996582,57.69453186443924,57.49842337576785,57.69453186443924,9560500
2017-09-06,57.56377029418945,57.70758246866254,57.550698727075634,57.67490105725589,9023300
2017-09-07,57.570281982421875,57.65525959752515,57.563743708262564,57.65525959752515,8784000
2017-09-08,57.38724899291992,57.56374249356145,57.38724899291992,57.56374249356145,7688700
2017-09-11,57.570281982421875,57.64872631060777,57.426469874368685,57.48530436731859,8047600
2017-09-12,57.64220428466797,57.648742560670286,57.55722664561114,57.596446327138395,4752800
2017-09-13,57.66183090209961,57.674907457908866,57.5572433918495,57.58992480688307,11725900
2017-09-14,57.74028778076172,57.76643591079868,57.629161968539066,57.63569526061391,9554600
2017-09-15,57.792579650878906,57.80565122128153,57.68144885985195,57.707596987902676,8248000
2017-09-18,57.766441345214844,57.79912277040117,57.73375493278219,57.77297463790431,7442200
2017-09-19,57.82521438598633,57.83175265953178,57.733698505315814,57.78599471919652,7208300
2017-09-20,57.81869888305664,57.87099511753306,57.733721242465016,57.83831371141786,10087200
2017-09-21,57.746795654296875,57.84484985196324,57.733724088655066,57.83831656276417,6932300
2017-09-22,57.80561065673828,57.80561065673828,57.72063304063977,57.74024287610543,7570500
2017-09-25,57.83831024169922,57.85138180591245,57.75986589469046,57.78601401036005,4326200
2017-09-26,57.91022491455078,57.96905943542383,57.87754350272734,57.890615070007854,8816500
2017-09-27,57.93635177612305,57.95596660071243,57.84483587700908,57.91020366391299,7490100
2017-09-28,57.93635177612305,57.9624998883331,57.90367037629232,57.93635177612305,5934000
2017-09-29,58.0213623046875,58.0213623046875,57.916769805522435,57.982137623878174,8906900
2017-10-02,57.99180603027344,58.02462739222638,57.91960304024636,57.93273358816223,13097600
2017-10-03,58.096824645996094,58.10338491146956,57.99180030438578,57.99180030438578,5928800
2017-10-04,58.03773498535156,58.09681241703105,58.00491864138313,58.07712160908295,5832400
2017-10-05,58.10995864868164,58.10995864868165,58.03119538883802,58.03119538883802,5967900
2017-10-06,58.024620056152344,58.083692490795,57.99179869834902,58.057436406119564,5847400
2017-10-09,58.031211853027344,58.07059349412222,58.01151602464151,58.05090267357478,3278400
2017-10-10,58.07713317871094,58.10994952921676,58.02462100849819,58.10994952921676,8786500
2017-10-11,58.0180549621582,58.077132404819366,58.00492942369801,58.077132404819366,7948700
2017-10-12,57.952388763427734,58.02459170905243,57.952388763427734,58.02459170905243,6181100
2017-10-13,57.978702545166016,58.044340286203614,57.9458811707279,58.031214741131556,3941200
2017-10-16,58.01149368286133,58.024624230061626,57.94585597036924,58.01805895646148,6060300
2017-10-17,58.096824645996094,58.12964099687214,58.01149111647865,58.01149111647865,7468100
2017-10-18,58.15592956542969,58.18875094247444,58.103417365293694,58.11654791924721,7974400
2017-10-19,58.16246032714844,58.188716411635326,58.0508757239562,58.07713180844309,7270600
2017-10-20,58.21500015258789,58.24125624954838,58.1624879586669,58.195309331827126,7107000
2017-10-23,58.14934158325195,58.24780066810249,58.14934158325195,58.22154457828655,7227200
2017-10-24,58.14934158325195,58.21498431171037,58.14278131667577,58.169037406491725,7103700
2017-10-25,57.9852294921875,58.109944633977605,57.90646625133966,58.109944633977605,16817000
2017-10-26,57.91303634643555,58.06400257585537,57.886780261354666,58.04431176400375,10649800
2017-10-27,58.070560455322266,58.08368599227343,57.913028972730686,57.958975863813045,13720000
2017-10-30,58.05744552612305,58.09683216324134,57.95899145291954,57.95899145291954,5954500
2017-10-31,58.070560455322266,58.09681653706012,58.05086964597776,58.08368599227343,7198400
2017-11-01,58.015201568603516,58.13384226827918,58.00861405041697,58.12066220326626,9505500
2017-11-02,57.98225402832031,58.054756963913924,57.936116253728045,58.00861918932166,6096800
2017-11-03,57.988826751708984,58.05473711736011,57.916323840901164,58.01518687505858,7003200
2017-11-06,57.99541091918945,58.0283686144311,57.92950055734442,57.955865707810084,12262400
2017-11-07,57.830657958984375,57.988848931418616,57.81088534459021,57.9822563837404,11805400
2017-11-08,57.57361602783203,57.8306701263202,57.547250860212536,57.8306701263202,18120000
2017-11-09,57.29018020629883,57.43518607198223,57.15835943493578,57.43518607198223,38343500
2017-11-10,57.415401458740234,57.461539221938054,57.26380307758225,57.30335332363684,24521600
2017-11-13,57.37586212158203,57.448365046700474,57.3626770286662,57.369269575124115,16280500
2017-11-14,57.1319694519043,57.31652046308379,57.09242424340523,57.29015531453845,13870600
2017-11-15,57.1319694519043,57.18469974899498,56.8287777865897,56.98696364922385,25382000
2017-11-16,57.69221878051758,57.73835653631204,57.36925448995638,57.42198479047526,30075200
2017-11-17,57.65266799926758,57.67903314697971,57.56698001204369,57.580165100218636,15942100
2017-11-20,57.665870666503906,57.7581462053538,57.62632544375101,57.68564327788035,8930300
2017-11-21,57.78450012207031,57.810865274989766,57.71858975409104,57.71858975409104,10102400
2017-11-22,57.87678527832031,57.91633552860321,57.804282352881174,57.817467445855335,9473800
2017-11-24,57.916316986083984,57.94926965069008,57.88995183721632,57.916316986083984,3126500
2017-11-27,57.7384033203125,57.916366971603686,57.69885807719993,57.916366971603686,10645400
2017-11-28,57.916316986083984,57.929497046198826,57.75812609287803,57.76471863725444,10403700
2017-11-29,57.84383773803711,57.922928188344706,57.79110741873869,57.883382963190904,11806200
2017-11-30,57.8570442199707,57.96909242815891,57.8570442199707,57.86363677005304,17981500
2017-12-01,57.83845520019531,57.91788726359943,57.57369175559292,57.864932554663355,15485800
2017-12-04,57.81862258911133,57.99072293999486,57.798765827478825,57.91791144731495,14801700
2017-12-05,57.785545349121094,57.88482918422303,57.77230413774585,57.851736255869874,9347600
2017-12-06,57.732574462890625,57.85834068558145,57.71933325521734,57.77890858966497,10081700
2017-12-07,57.75908279418945,57.79217573103242,57.69950742780208,57.75908279418945,8955900
2017-12-08,57.81862258911133,57.831863796893735,57.76566785806392,57.80538643137003,9100400
2017-12-11,57.83185958862305,57.84509574540119,57.77890486142901,57.81861838180417,11847900
2017-12-12,57.80540466308594,57.8848317346671,57.79878405710661,57.8848317346671,8846700
2017-12-13,57.83845520019531,57.884789308004635,57.805362294639515,57.83183964910755,7495000
2017-12-14,57.71934509277344,57.851731946451885,57.63329742541402,57.812013365327296,19337000
2017-12-15,57.72593688964844,57.8119845140655,57.71931628775802,57.785512206583,14223900
2017-12-18,57.785545349121094,57.84511565018226,57.7392112093927,57.74582676503784,11735200
2017-12-19,57.666419982910156,57.81865861698277,57.64655815886027,57.78556567698815,10985000
2017-12-20,57.71273422241211,57.759068362450186,57.64653826517843,57.719349778101474,11857400
2017-12-21,57.77318572998047,57.81971248395326,57.7399552320204,57.77983385798683,11195700
2017-12-22,57.826377868652344,57.872904636509766,57.76655991185167,57.806438549718784,11136900
2017-12-26,57.912784576416016,57.912784576416016,57.779852399845375,57.786500529985155,5798900
2017-12-27,57.939361572265625,57.96594901699023,57.8795436249127,57.8795436249127,5625500
2017-12-28,57.912784576416016,57.96595947545926,57.89284525703417,57.95266828621719,6116500
2017-12-29,57.99921798706055,58.032448508823265,57.879576952427875,57.919455606958934,5116800
2018-01-02,58.05237579345703,58.06567205623548,57.99255782406934,58.02579340997701,7223500
2018-01-03,58.3315315246582,58.34482271411835,58.05236583561949,58.05236583561949,20557100
2018-01-04,58.43122482299805,58.484394644258735,58.33816622595896,58.37140180140412,13610900
2018-01-05,58.471107482910156,58.49769493088968,58.41128445719693,58.471107482910156,9851600
2018-01-08,58.424583435058594,58.51098884173439,58.397995985842016,58.464462073364736,9804000
2018-01-09,58.2451286315918,58.484410641344006,58.231837440400334,58.484410641344006,13550400
2018-01-10,58.11885452270508,58.198611825593176,58.005856558548444,58.15873317414913,33182000
2018-01-11,58.311614990234375,58.31825805204144,58.13215090065257,58.17202955565317,12911500
2018-01-12,58.211883544921875,58.29828894363064,58.191944227607316,58.21852660333543,12088500
2018-01-16,58.17866897583008,58.31160625765636,58.125494063099566,58.25178321307484,18474100
2018-01-17,58.18528747558594,58.28498911842076,58.171991218655315,58.19857866148035,16340400
2018-01-18,58.12549591064453,58.198610150213256,58.0922653924108,58.1587314999172,16134900
2018-01-19,58.18528747558594,58.191935604051245,58.0855858327511,58.11882140404145,14401800
2018-01-22,58.23847579956055,58.2584151185212,58.15206532268122,58.15206532268122,16674700
2018-01-23,58.41130828857422,58.42460455350735,58.24514047418486,58.27837606547843,11600300
2018-01-24,58.32487869262695,58.41128409474636,58.25841260860917,58.358114270154424,10746300
2018-01-25,58.28498840332031,58.42456867316208,58.231813518322646,58.42456867316208,11039300
2018-01-26,58.3315315246582,58.38470135353635,58.24512104453578,58.304944074700344,7164100
2018-01-29,58.12549591064453,58.278372521844304,58.11220471755883,58.24513693257163,19590800
2018-01-30,57.92607498168945,58.132121355858594,57.91942685222165,58.12547322639079,18469300
2018-01-31,58.02579116821289,58.10554845764848,57.965968130097956,58.02579116821289,12692800
2018-02-01,57.91630935668945,58.06315341857763,57.88293894687001,57.976384242183094,17920000
2018-02-02,57.549198150634766,57.81618686262093,57.502475507966146,57.76946421995231,24787000
2018-02-05,57.22880935668945,57.74276350656615,57.12201692979188,57.48912194446066,28071300
2018-02-06,57.575927734375,57.64267367428874,57.07532554643876,57.07532554643876,33924300
2018-02-07,57.3622932434082,57.816172412630884,57.30889449587969,57.65597617004534,24298100
2018-02-08,56.86171340942383,57.402361932949454,56.8550372903075,57.342292138062966,25419300
2018-02-09,56.701534271240234,57.01524576365453,56.114162920848344,56.921800437282826,47230300
2018-02-12,57.088626861572266,57.175401096939865,56.84166657293452,56.86836085355641,23448100
2018-02-13,56.90843963623047,57.01523208687152,56.808318212738335,56.948486168672474,14679900
2018-02-14,57.00853729248047,57.02856055035364,56.66812663148154,56.72819640510105,19332400
2018-02-15,57.4691162109375,57.46911621093751,57.14205762005325,57.14205762005325,21931600
2018-02-16,57.70273208618164,57.74278371612377,57.4490955276912,57.462442676080045,29195600
2018-02-20,57.50252151489258,57.65603670974926,57.47582211309355,57.535891947848725,22740600
2018-02-21,57.242183685302734,57.65601150127762,57.228831444046016,57.56256618203245,15656700
2018-02-22,57.282222747802734,57.4958127485407,57.22882397452141,57.268875600676054,14626900
2018-02-23,57.66267395019531,57.68269721494494,57.28889276183746,57.328939291336724,15919500
2018-02-26,57.76279067993164,57.85623596943972,57.66266927191975,57.70271579816996,10996300
2018-02-27,57.60927200317383,57.736092796104664,57.535849974886126,57.72274565113712,13840900
2018-02-28,57.52250671386719,57.722749548606224,57.48246018387411,57.676026899485365,8751000
2018-03-01,57.14116668701172,57.58344862386338,57.14116668701172,57.570048464843545,24974200
2018-03-02,57.46285629272461,57.489661737162216,57.15460135061572,57.17470415578999,18767600
2018-03-05,57.46285629272461,57.503061903073146,57.34223434906324,57.34223434906324,9000200
2018-03-06,57.54328918457031,57.59689497625526,57.42266720619902,57.51648373241922,14462900
2018-03-07,57.40256881713867,57.50308287967663,57.36235807950587,57.47627742546064,8195200
2018-03-08,57.469581604003906,57.49638705901639,57.36906242586152,57.469581604003906,10201800
2018-03-09,57.67729187011719,57.717497478468246,57.4829562420612,57.53656712827296,8942600
2018-03-12,57.583499908447266,57.677316442979716,57.48968337391482,57.63040817571349,10126500
2018-03-13,57.40256881713867,57.657212963264215,57.36906072121427,57.58349924232463,19020400
2018-03-14,57.335533142089844,57.48296053387169,57.308727696982615,57.449457561949565,10802500
2018-03-15,57.37575149536133,57.46286536908153,57.2953351493466,57.32884323834021,8647900
2018-03-16,57.496395111083984,57.50309264131173,57.355665174405495,57.389173276018184,11006000
2018-03-19,57.26185989379883,57.42269267804839,57.19484879000459,57.40258985817207,14298800
2018-03-20,57.37575149536133,57.39585430371087,57.248426892325476,57.248426892325476,14317800
2018-03-21,57.39585876464844,57.5030754550513,57.30873977154058,57.3489505039815,8643700
2018-03-22,57.05409622192383,57.34224842961504,57.04069605272246,57.26183207655575,15972300
2018-03-23,56.90669250488281,57.221650294804824,56.839681405725166,57.15463919564718,21847400
2018-03-26,57.27525329589844,57.288653468828564,57.047409455138656,57.194836920462315,12454200
2018-03-27,57.221614837646484,57.38244239849247,57.10099288885799,57.281928368348716,12661500
2018-03-28,57.19483184814453,57.255145402527326,57.09431266591853,57.20153449032439,14642900
2018-03-29,57.38916778564453,57.42937341363852,57.22163751884556,57.28864860304155,10299600
2018-04-02,57.16643142700195,57.37501728348563,57.11933122929478,57.27409195521065,18902700
2018-04-03,57.32789611816406,57.334626182099726,57.1193103379704,57.26734094334706,12994100
2018-04-04,57.45574951171875,57.48939470245717,57.126048203330726,57.126048203330726,9677200
2018-04-05,57.50288772583008,57.58363315687878,57.469247646380516,57.48270265145259,10152000
2018-04-06,57.375,57.52976067929619,57.30771475690665,57.46920550057267,12680800
2018-04-09,57.5903205871582,57.603780717003175,57.46921021976596,57.49612021238508,9043200
2018-04-10,57.7989387512207,57.82585389005061,57.650908054425166,57.664363057071206,11434100
2018-04-11,57.81911087036133,57.86621106937866,57.73836547195876,57.77874073792839,7675500
2018-04-12,58.02772521972656,58.04118535950321,57.846054401055454,57.88642455330699,23692600
2018-04-13,58.06132888793945,58.14207426820172,58.02768369611296,58.06805895301186,16213400
2018-04-16,58.14878463745117,58.20934494086555,58.05458428417037,58.12859958082446,10781600
2018-04-17,58.17573165893555,58.310307332800456,58.15554659124007,58.236291995559014,15577600
2018-04-18,58.115177154541016,58.23629269570702,58.09498695306575,58.216102494231755,13745600
2018-04-19,57.93351745605469,58.02771788843301,57.859502097251934,58.00753281485745,19345500
2018-04-20,57.792205810546875,57.92677636446967,57.77875080856962,57.89986636051517,17693500
2018-04-23,57.63745880126953,57.75856923777843,57.58362851824002,57.7518443025535,15971100
2018-04-24,57.52305603027344,57.71145684758973,57.44904069010814,57.65763170945454,17872600
2018-04-25,57.529781341552734,57.55669647516384,57.35483553984892,57.469226141080355,15078400
2018-04-26,57.73167037963867,57.77204053293841,57.54326435264812,57.576909569424124,17479700
2018-04-27,57.7047119140625,57.81236728655814,57.60378147304219,57.77872722857502,7014700
2018-04-30,57.66434097290039,57.765271421473926,57.65761604092179,57.66434097290039,12473000
2018-05-01,57.70693588256836,57.70693588256836,57.558275506568776,57.625846998739206,18707700
2018-05-02,57.68666458129883,57.80829532857701,57.65287625774264,57.7069355132828,12057000
2018-05-03,57.67988967895508,57.70691929913053,57.585288586027445,57.70691929913053,21626200
2018-05-04,57.720436096191406,57.74070702408284,57.54475128421677,57.57853444557806,14862100
2018-05-07,57.77449417114258,57.79476509862362,57.70692269441472,57.72719362189576,23063900
2018-05-08,57.68666458129883,57.75423607303685,57.64611756195653,57.74071868146463,13693500
2018-05-09,57.78125762939453,57.80152855854687,57.666380438575196,57.67313913341719,10476200
2018-05-10,57.95017623901367,57.97044716373272,57.8082746106078,57.821786841963,13375800
2018-05-11,57.9299201965332,58.004245221139705,57.86234355627919,57.95019112645987,8505100
2018-05-14,57.94342041015625,57.99072095529657,57.82178970045646,57.92314948443508,14695800
2018-05-15,57.65960693359375,57.84205038816465,57.61905993395544,57.81502077352973,20008800
2018-05-16,57.73395538330078,57.754226311858716,57.632595585137636,57.68665483154111,13028100
2018-05-17,57.76774215698242,57.815042711698965,57.66638235248301,57.66638235248301,13198300
2018-05-18,57.70693588256836,57.74747774679574,57.65963532251162,57.67314755879595,14241600
2018-05-21,57.788047790527344,57.82183613077615,57.70020532340812,57.70020532340812,7000400
2018-05-22,57.828548431396484,57.8623315891626,57.7812478862257,57.815031043991816,6220700
2018-05-23,57.8758430480957,57.8758430480957,57.70015311744115,57.76097104378675,13053100
2018-05-24,57.909629821777344,57.923147208642206,57.78799911685641,57.78799911685641,12468600
2018-05-25,57.815032958984375,57.86909219964807,57.747461485841214,57.82855034683677,12895700
2018-05-29,57.57175827026367,57.706906340792855,57.54473381152959,57.686635419056415,13519800
2018-05-30,57.74748992919922,57.76776086558926,57.63261785273865,57.63261785273865,15145000
2018-05-31,57.69338607788086,57.77447491615306,57.67987384918791,57.76771622412084,17391000
2018-06-01,57.82509231567383,57.852244053750965,57.763999610334125,57.797940577596684,12891000
2018-06-04,57.94727325439453,57.98120904340643,57.852244759297854,57.879391319041545,13830900
2018-06-05,58.015159606933594,58.04909540155856,57.8997685836109,57.94728283901821,10614100
2018-06-06,58.15768814086914,58.17805064839412,57.954052708290995,57.97442039448015,6920900
2018-06-07,58.17806625366211,58.21879127963585,58.06946445817692,58.12376276658673,13764400
2018-06-08,58.14412307739258,58.19163732788565,58.08303036752154,58.10339287792358,9784000
2018-06-11,58.25271224975586,58.27307475575026,58.16447299755889,58.1712570471145,10429300
2018-06-12,58.30024337768555,58.354546861843104,58.2187881514492,58.25951835390001,12432400
2018-06-13,58.32059860229492,58.40884304769095,58.25951107424965,58.313814551621874,9958900
2018-06-14,58.490299224853516,58.503877684954226,58.39527071880922,58.42921169039583,13954300
2018-06-15,58.456382751464844,58.48353450197461,58.36813826764139,58.44959351917068,16303700
2018-06-18,58.4495964050293,58.46316969162089,58.36135709551605,58.40887136658736,11512000
2018-06-19,58.36812210083008,58.395273843819346,58.28667205052772,58.33418630609258,12543200
2018-06-20,58.42919921875,58.463135004427876,58.395258254408056,58.42919921875001,10422800
2018-06-21,58.30704116821289,58.42243220498987,58.286678653330604,58.42243220498987,8132500
2018-06-22,58.313804626464844,58.4359796617609,58.293436941918415,58.40204387817769,7385200
2018-06-25,58.17806625366211,58.24594302317354,58.12376276658673,58.21879127963585,13975400
2018-06-26,58.171241760253906,58.19160943955964,58.1033650318887,58.17803098668915,7503900
2018-06-27,58.04911804199219,58.17808757639817,58.0151822341315,58.13736253549837,13119200
2018-06-28,57.886173248291016,57.97441768165556,57.80472322200242,57.93368748984734,13829300
2018-06-29,57.75043487548828,58.0490936811979,57.736856415108356,57.96085440338954,17450500
2018-07-02,57.805660247802734,57.81929978771817,57.68293039836526,57.71020427623584,22438600
2018-07-03,57.81248474121094,57.92839483016088,57.77839109059708,57.84657318986406,10098600
2018-07-05,58.03069305419922,58.044327398548646,57.88068925654187,57.88750902969795,12729400
2018-07-06,58.18064498901367,58.18064498901367,58.03746109214804,58.04427565726681,9640300
2018-07-09,58.26932144165039,58.32386921206446,58.20113932961366,58.20795910140584,11517200
2018-07-10,58.276126861572266,58.351128726930206,58.26930709145961,58.29658096994981,7531700
2018-07-11,58.187496185302734,58.26249806449042,58.16022750374483,58.22158984019219,14111200
2018-07-12,58.37158966064453,58.39886354232384,58.255679564978244,58.28295344665755,10327300
2018-07-13,58.37158966064453,58.44659153477237,58.37158966064453,58.41931765309306,9860300
2018-07-16,58.33071517944336,58.38525777239011,58.303441281987965,58.378443199499294,7963100
2018-07-17,58.35110855102539,58.39883652139036,58.26246717609143,58.28974104515122,10721000
2018-07-18,58.378387451171875,58.41929565730774,58.31701994000901,58.37156768282954,12838600
2018-07-19,58.35110855102539,58.39201675363576,58.28974104515122,58.344288783270784,6907300
2018-07-20,58.378387451171875,58.426115425650075,58.35111357976161,58.378387451171875,9329000
2018-07-23,58.35792541503906,58.426112691353154,58.35792541503907,58.412473155306806,7459200
2018-07-24,58.480674743652344,58.521588163484665,58.36476465837533,58.36476465837533,11803700
2018-07-25,58.58976745605469,58.60340179403911,58.44658349839681,58.49431148428277,11342300
2018-07-26,58.59656524658203,58.64429321456533,58.569291378883236,58.59656524658203,9233600
2018-07-27,58.576114654541016,58.623842625382835,58.50792738023097,58.60338332191462,10811200
2018-07-30,58.59656524658203,58.64429321456533,58.53519774377015,58.59656524658203,8400500
2018-07-31,58.719337463378906,58.73979157843747,58.671609460921545,58.70569791869845,10709500
2018-08-01,58.77204895019531,58.80628328956075,58.6624865260885,58.72411669570456,23297900
2018-08-02,58.80625534057617,58.81310429488371,58.69669819276275,58.724088785771464,10989200
2018-08-03,58.85420227050781,58.88159287035704,58.78572838299611,58.7925773390141,6940500
2018-08-06,58.963768005371094,58.96376800537109,58.79942962120215,58.79942962120215,7521900
2018-08-07,58.99115753173828,59.0459387335373,58.799428549664675,58.799428549664675,8408200
2018-08-08,58.95689392089844,59.004826146861106,58.9432012381466,58.97743555713661,10103600
2018-08-09,58.91581344604492,58.98428731149725,58.88842285501978,58.96374567428366,6354700
2018-08-10,58.81310272216797,58.89527449899676,58.76517049173984,58.81995167629236,9473300
2018-08-13,58.77204895019531,58.86106450161416,58.73096042904329,58.86106450161416,10479000
2018-08-14,58.874759674072266,58.89530132157939,58.79258785982012,58.806280550083635,9767700
2018-08-15,58.77204895019531,58.819981204686066,58.70357504724051,58.79943955622202,14684800
2018-08-16,58.84733581542969,58.88157013385494,58.792554636884404,58.82679417953039,14931800
2018-08-17,58.91581344604492,58.93635508325851,58.81994898956746,58.81994898956746,15280900
2018-08-20,58.9432373046875,58.99116955997924,58.90899774052596,58.950081038140596,8174900
2018-08-21,59.032257080078125,59.08703829696539,58.95008525474723,58.96378317108123,9281400
2018-08-22,59.052791595458984,59.08018220059322,59.02540099032475,59.02540099032475,8297400
2018-08-23,59.04593276977539,59.10755769740782,59.01854217164239,59.05277650114182,7751800
2018-08-24,59.148651123046875,59.169197993336034,59.059635582020455,59.0801772280863,7458500
2018-08-27,59.16921615600586,59.20345050188312,59.141825544769105,59.16236719714044,5581700
2018-08-28,59.141815185546875,59.169205791985924,59.107575621442074,59.141815185546875,8175300
2018-08-29,59.10758590698242,59.15551817053563,59.08019529577703,59.121278600472664,7403700
2018-08-30,59.059635162353516,59.12810905682753,59.03909351643364,59.11441636762204,8481700
2018-08-31,59.13493347167969,59.17601674646928,59.080152289146156,59.08700124301813,9569300
2018-09-04,59.011844635009766,59.094370956400674,58.94995382903818,59.06686218260371,16029000
2018-09-05,58.94996643066406,59.0256142630863,58.92933615759677,59.00498399001901,13369200
2018-09-06,58.99808883666992,59.02559760858559,58.94994979750794,59.00496734133928,13137500
2018-09-07,58.93620300292969,58.98434205043508,58.8880639554243,58.8880639554243,12374700
2018-09-10,59.053070068359375,59.06682182248028,58.984295557479236,59.0049310587984,6997900
2018-09-11,59.066864013671875,59.128760068324354,58.977464431131935,58.977464431131935,17897800
2018-09-12,59.20439910888672,59.24566489178115,59.08749075867009,59.08749075867009,14041900
2018-09-13,59.314456939697266,59.35571749164736,59.25943937258781,59.25943937258781,10375800
2018-09-14,59.369476318359375,59.41073687156846,59.300706980756175,59.307580241781594,12945000
2018-09-17,59.32816696166992,59.36943273134723,59.3006634442321,59.35567572586803,13279900
2018-09-18,59.32131576538086,59.39008507806909,59.30755875478587,59.34194603451111,19882300
2018-09-19,59.21127700805664,59.34194236682194,59.19752524507384,59.30755508922205,14471100
2018-09-20,59.29379653930664,59.29379653930664,59.09436189493132,59.225027238740296,15360100
2018-09-21,59.30760192871094,59.33511072316414,59.280093134257726,59.29385015486736,10966700
2018-09-24,59.280059814453125,59.31444709988294,59.19753872424255,59.280059814453125,10229400
2018-09-25,59.23188781738281,59.266275083686,59.20437905369231,59.23188781738281,13240400
2018-09-26,59.29379653930664,59.37631760128173,59.25940926564281,59.27316627381287,19504800
2018-09-27,59.40385055541992,59.41760756919076,59.328202719970726,59.35571150074893,7996600
2018-09-28,59.44510269165039,59.4657329608031,59.33506759381963,59.38320663743003,17085200
2018-10-01,59.61714172363281,59.61714172363281,59.506609155116514,59.52042836142253,22566000
2018-10-02,59.56877899169922,59.61713566789243,59.5342362499259,59.58950252857025,13577600
2018-10-03,59.40987777709961,59.62402797555605,59.34770717902439,59.603304442864314,17930600
2018-10-04,59.18880844116211,59.34078801705659,59.11972825315931,59.28552175846214,24935100
2018-10-05,58.92628860473633,59.18188577094634,58.926288604736335,59.16807184458877,25063300
2018-10-08,58.79502487182617,58.96772791626921,58.774301349769594,58.96081831875747,12869500
2018-10-09,58.884864807128906,58.93322147852221,58.801970667872894,58.815784600921596,19488500
2018-10-10,58.46345901489258,58.79505132844384,58.44964508413174,58.79505132844384,25204700
2018-10-11,58.511810302734375,58.719056138474144,58.42200658483676,58.60161929111253,37665300
2018-10-12,58.822696685791016,58.86414375716865,58.67762666548721,58.79506354804523,31877600
2018-10-15,58.781211853027344,58.85029729444638,58.74667440279703,58.774307525268796,16658500
2018-10-16,58.9815788269043,58.99539803059351,58.88486548300761,58.89177508485222,18955700
2018-10-17,58.86410140991211,58.96772428429126,58.81574477126562,58.8986441248646,18739400
2018-10-18,58.615447998046875,58.850327022465606,58.615447998046875,58.822693886035054,28653800
2018-10-19,58.64997100830078,58.76740784576736,58.615428281761154,58.75359391743956,20606400
2018-10-22,58.67765426635742,58.822724354899485,58.62929757017673,58.78818159884845,15049900
2018-10-23,58.62233352661133,58.649966651694385,58.4081833953173,58.477263572785084,20873200
2018-10-24,58.33223342895508,58.6638206152906,58.311509888619526,58.636187471348755,23827800
2018-10-25,58.44966125488281,58.49110832911314,58.32531476170938,58.44966125488282,29513700
2018-10-26,58.187110900878906,58.3943513878208,58.14565858710768,58.242371868442945,27424100
2018-10-29,58.131858825683594,58.33219503453761,58.05586904748104,58.30456190878397,23379400
2018-10-30,58.27002716064453,58.27002716064453,58.021334265297654,58.14568071297109,24105300
2018-10-31,58.27002716064453,58.435820667382266,58.27002716064453,58.33910734924521,23047900
2018-11-01,58.537315368652344,58.59979865418922,58.3151625802084,58.37764056920501,33115700
2018-11-02,58.502593994140625,58.68309476570144,58.41234625663,58.60672925836954,19675800
2018-11-05,58.55120849609375,58.62063555884066,58.4748482608464,58.50261273009566,12299600
2018-11-06,58.703922271728516,58.703922271728516,58.57896101074215,58.59979230135629,14675500
2018-11-07,59.044097900390625,59.057980130943555,58.759461856928375,58.759461856928375,26155500
2018-11-08,58.89830780029297,59.064926353101946,58.88442556916218,58.90525156412832,20677500
2018-11-09,58.56507110595703,58.78722384120684,58.50953159800983,58.780280078578684,20869300
2018-11-12,58.20409393310547,58.59980912025407,58.18326793305369,58.54426958908852,22319600
2018-11-13,58.106910705566406,58.329063565433984,58.05831493298731,58.21798978377118,22907600
2018-11-14,57.995811462402344,58.308211963753784,57.85696267560421,58.18325070390528,44747700
2018-11-15,57.98190689086914,57.98190689086914,57.613966982959475,57.75281572894111,32332600
2018-11-16,57.80836868286133,57.82919997391946,57.620929435656585,57.73200846847407,64912800
2018-11-19,57.62785339355469,57.78752282767918,57.551487908873234,57.65562314221503,36567300
2018-11-20,57.447357177734375,57.60008815906695,57.41264366505392,57.46818316672729,21901900
2018-11-21,57.73896408081055,57.85698161581877,57.6695423129552,57.73896408081055,16560400
2018-11-23,57.419586181640625,57.55149117111966,57.41958618164062,57.50289543234395,9708100
2018-11-26,57.690345764160156,57.71811551975617,57.55844604575323,57.64175001600196,19807100
2018-11-27,57.6625862121582,57.669529976420755,57.53068647041116,57.57928222716854,14370700
2018-11-28,58.14159393310547,58.15547616237343,57.66257492700286,57.69728844498159,23513100
2018-11-29,58.155479431152344,58.238788701060386,57.99580995116965,58.03051817456003,17927900
2018-11-30,58.037452697753906,58.13464418223642,58.002744479889394,58.0096829455391,15081000
2018-12-03,58.439151763916016,58.46007184926469,58.2299402694906,58.33454601670331,27052900
2018-12-04,58.07651901245117,58.37638598249139,58.02072857140432,58.32059554144454,32066500
2018-12-06,57.874290466308594,57.94402586679591,57.68600435294582,57.77665984153234,27661900
2018-12-07,57.76273727416992,58.1532599246125,57.762737274169915,58.062604400894635,28901200
2018-12-10,57.80452346801758,57.85333875372171,57.57439198378365,57.755708182313455,23434700
2018-12-11,57.909156799316406,58.062577862000374,57.860341490323286,58.00678741730263,19243900
2018-12-12,58.09742736816406,58.29268855193656,58.08348242095241,58.104402502004,17571500
2018-12-13,58.23691940307617,58.29967966343108,58.18112895800314,58.229944267324626,15859200
2018-12-14,57.99283218383789,58.21598860259206,57.950986697499246,58.13927808485137,16397600
2018-12-17,57.61626434326172,57.992841860331744,57.567449034778726,57.94402123137917,24124900
2018-12-18,57.511837005615234,57.75707402738454,57.38571434502444,57.708026623030676,25284300
2018-12-19,56.99338150024414,57.638011987186935,56.92331447981608,57.539917089433445,32062700
2018-12-20,56.49582290649414,56.88820731682552,56.06140475522685,56.804123797662264,68796100
2018-12-21,56.21558380126953,56.70605788151448,56.12449193939079,56.46782379556226,56295000
2018-12-24,55.79519271850586,56.29968359194948,55.79519271850586,56.21560534355461,18853600
2018-12-26,56.734107971191406,56.734107971191406,55.73914282087301,55.8652655403337,25010300
2018-12-27,56.69906234741211,56.73409850921797,56.32069425213335,56.397769531492045,31806100
2018-12-28,56.78314208984375,56.9793317528519,56.6500110989022,56.748105930406275,30106400
2018-12-31,56.8251953125,56.98635420184884,56.81818700971908,56.88825934599084,14153600
2019-01-02,56.74813461303711,56.83221823072563,56.50990571490809,56.558953155450546,26977400
2019-01-03,56.7761344909668,56.86722636832384,56.60096438314781,56.692056260504856,32776600
2019-01-04,57.729061126708984,57.8061364029076,57.154503378716846,57.22457035368808,38754000
2019-01-07,58.289608001708984,58.289608001708984,57.855184200799684,57.8621925020732,38127600
2019-01-08,58.667991638183594,58.67499459554619,58.338670885996336,58.42975744363088,30795000
2019-01-09,58.738014221191406,58.86413685335526,58.709986375625554,58.75202547109186,40909400
2019-01-10,58.96929168701172,59.00432251538706,58.54187602213727,58.618951328640506,50520000
2019-01-11,58.780086517333984,58.84315054191875,58.7030112349348,58.73103909633159,19793300
2019-01-14,58.59092330932617,58.69602113995429,58.541875873109845,58.62595413761234,20137700
2019-01-15,58.787109375,58.81513724333658,58.541872209266536,58.59091964241323,24799000
2019-01-16,58.878173828125,58.95524910066534,58.82912641339635,58.864162572102785,26508100
2019-01-17,59.03932189941406,59.06034145249494,58.78006827129516,58.815104423607494,24574400
2019-01-18,59.20750045776367,59.32661485617371,59.130425177435335,59.15144473647619,36236400
2019-01-22,58.81514358520508,59.09541160725281,58.738068275411,59.08840864874051,25504200
2019-01-23,58.93424606323242,59.018329660236446,58.76608421499314,58.899209894705216,18529400
2019-01-24,58.99730682373047,59.01132342994114,58.81513370914339,58.91322856954226,17875500
2019-01-25,59.14444351196289,59.200493889123315,59.095390745074575,59.10940734869066,16775200
2019-01-28,59.05337142944336,59.088407604465054,58.906229116737805,58.990312729328025,14694100
2019-01-29,59.018310546875,59.10238877088112,58.87817126391973,59.10238877088112,18717000
2019-01-30,59.48774337768555,59.57882986899468,59.088355922306924,59.09535887457026,25993500
2019-01-31,59.6348991394043,59.72598565145206,59.47374032264838,59.47374032264838,27070400
2019-02-01,59.6060791015625,59.66239222689233,59.5075338173929,59.592003505387645,24749900
2019-02-04,59.7468376159668,59.782034650725855,59.55678759108305,59.613100698572126,15968400
2019-02-05,59.95802688598633,60.02137512298509,59.78205240056965,59.78909288367454,33188300
2019-02-06,59.90171432495117,59.97914352888768,59.84540120021277,59.90875480812226,25936800
2019-02-07,59.69755554199219,59.7609091204697,59.59197519505079,59.71163650179282,27119400
2019-02-08,59.6834831237793,59.69755871401517,59.53566525989439,59.62717002220992,16728100
2019-02-11,59.71166229248047,59.73981885393046,59.62015212518926,59.669424765147994,10051800
2019-02-12,60.00025177001953,60.021367846459164,59.88059042331862,59.887630905569985,20174000
2019-02-13,59.91578674316406,60.04952368244369,59.86651410862643,60.03544808842482,25088400
2019-02-14,59.92280197143555,59.986155549284454,59.73275197851403,59.817221625541706,19406700
2019-02-15,60.11286544799805,60.155097592055576,60.02839578956964,60.02839578956964,24052000
2019-02-19,60.134002685546875,60.16919973152544,60.014341321724125,60.04249788444393,11317700
2019-02-20,60.183258056640625,60.21845509251852,60.06359672715767,60.155101502001045,9925700
2019-02-21,60.12693786621094,60.20436703977252,60.07766524397293,60.14805393712536,15479800
2019-02-22,60.24660873413086,60.30292184570686,60.1762200298178,60.19733610408032,12330300
2019-02-25,60.295894622802734,60.41555597282121,60.2677380633311,60.33108629440632,13698200
2019-02-26,60.373321533203125,60.44371562063626,60.302932816084876,60.33812985980144,16049300
2019-02-27,60.394447326660156,60.436679485906495,60.345174684101,60.394447326660156,14818900
2019-02-28,60.35923767089844,60.415550785006154,60.32404063200257,60.380353746110295,21340600
2019-03-01,60.530330657958984,60.565685187047045,60.45255500944027,60.48790953852833,26455300
2019-03-04,60.43842697143555,60.629327436499445,60.33943535159923,60.60104488716688,16034400
2019-03-05,60.41014099121094,60.44549013011051,60.35357589575833,60.438423538937236,14510100
2019-03-06,60.31114196777344,60.395984198596615,60.28285942605129,60.38184562490717,16806400
2019-03-07,60.26873779296875,60.33944147630451,60.15561297850058,60.332374884012616,28101100
2019-03-08,60.16975784301758,60.18390181776943,59.96471336388237,60.08491557188978,21043400
2019-03-11,60.36772155761719,60.374793543964884,60.1343999515937,60.14853852994405,17922400
2019-03-12,60.47378921508789,60.50914375799997,60.30409927667083,60.318237857228134,20180500
2019-03-13,60.63640213012695,60.64346872201712,60.49498937714939,60.50913334961962,24524800
2019-03-14,60.59397506713867,60.68589470434127,60.57983648913937,60.60811903948287,12342500
2019-03-15,60.65055847167969,60.7212621717038,60.6293479011071,60.636419889413474,21775300
2019-03-18,60.629329681396484,60.68589478215601,60.57276458063695,60.65761223177625,10498900
2019-03-19,60.664695739746094,60.777820568405566,60.62934119647042,60.67176233292448,14067200
2019-03-20,60.92631530761719,61.018234985580214,60.558652778806966,60.67177763599961,31184400
2019-03-21,60.91214370727539,60.989919364465706,60.83436805008507,60.84850662669041,16400700
2019-03-22,60.692962646484375,60.841447387677526,60.62933095255448,60.8202314286892,27030400
2019-03-25,60.67174530029297,60.74245436699387,60.55862050339149,60.65053473802047,23592100
2019-03-26,60.820228576660156,60.912148211597454,60.72831433606763,60.77073546336499,18762700
2019-03-27,60.86265182495117,60.975776623108224,60.721239084324246,60.8555798393337,16706700
2019-03-28,60.98284912109375,60.98284912109375,60.83436978794634,60.869718927641706,19706700
2019-03-29,61.13840103149414,61.18082215727686,61.01820424554671,61.03234282269276,22358900
2019-04-01,61.12348937988281,61.272622374597134,61.1092885595687,61.22291137635903,21353900
2019-04-02,61.151893615722656,61.17319755425663,61.03116768530196,61.137687377971865,15129300
2019-04-03,61.17317581176758,61.29390169927925,61.14476876445478,61.21578367369163,13746500
2019-04-04,61.2655029296875,61.272606046997986,61.16608095970472,61.18028719432569,14435700
2019-04-05,61.37915802001953,61.42886902678568,61.315240772409695,61.32944701325338,14227000
2019-04-08,61.34363555908203,61.36494491608285,61.29392456226473,61.35073867808231,11472100
2019-04-09,61.30103302001953,61.37204796193011,61.26552284001786,61.30813613963842,19118700
2019-04-10,61.57088851928711,61.57088851928711,61.379147645054466,61.379147645054466,16767000
2019-04-11,61.663177490234375,61.68448141760124,61.535348507943816,61.56375555046276,20976100
2019-04-12,61.755496978759766,61.79100713681254,61.63477111032342,61.73419305116387,17442800
2019-04-15,61.712913513183594,61.748418267178806,61.66320252311704,61.748418267178806,13940000
2019-04-16,61.677398681640625,61.76261983735587,61.6560947472346,61.75551671985681,11543800
2019-04-17,61.52827453613281,61.741324746893056,61.52117141761629,61.741324746893056,11818600
2019-04-18,61.55666732788086,61.63478535918492,61.48565241344736,61.63478535918492,15295500
2019-04-22,61.45014190673828,61.54246617127194,61.443038789907085,61.51405912203779,24591400
2019-04-23,61.663177490234375,61.69868222981603,61.492735235120726,61.528245392791746,15094100
2019-04-24,61.57799530029297,61.677417302932106,61.57089218064938,61.677417302932106,11938800
2019-04-25,61.60636901855469,61.648976877170696,61.4785400246168,61.570858857648105,14369000
2019-04-26,61.76263427734375,61.7697373965035,61.677413101703955,61.677413101703955,11937200
2019-04-29,61.73420333862305,61.783914317327174,61.73420333862305,61.748404153356944,7601200
2019-04-30,61.74129867553711,61.812313576439244,61.727092444502894,61.762602603998786,11168100
2019-05-01,61.538780212402344,61.95241568378223,61.53164706537938,61.75272565411827,24574300
2019-05-02,61.58158874511719,61.67430336433767,61.460352410289104,61.588721894518486,24936600
2019-05-03,61.73846435546875,61.759858355386235,61.667149208744824,61.702804061608326,18522700
2019-05-06,61.766971588134766,61.77410473280644,61.33194226008016,61.46031165919455,18893700
2019-05-07,61.39612579345703,61.65286459818547,61.29628352950656,61.617209755914764,30266300
2019-05-08,61.417537689208984,61.545907117618476,61.35335025450603,61.403271396609924,27527500
2019-05-09,61.32484436035156,61.374765519753936,61.103765717426505,61.324844360351555,30890400
2019-05-10,61.49602127075195,61.55307015090179,61.15370078485524,61.303464297122694,33782400
2019-05-13,60.932586669921875,61.16792608610481,60.91832037742814,61.10374409287211,34801600
2019-05-14,61.06809997558594,61.21073573331635,60.99678481721965,61.05383912031181,18128500
2019-05-15,61.125160217285156,61.16082052043179,60.932608726889065,60.96826358903735,19543700
2019-05-16,61.3105583190918,61.410400596884045,61.18932204477207,61.21071604129954,29384100
2019-05-17,61.2891731262207,61.403276271089176,61.18219768722118,61.18219768722118,27089400
2019-05-20,61.23212432861328,61.38902092776048,61.17507003056024,61.2749123316544,15780000
2019-05-21,61.42466354370117,61.438929835870375,61.32482126250178,61.32482126250178,15004300
2019-05-22,61.4745979309082,61.47459793090821,61.310573622592045,61.38902192343801,14976200
2019-05-23,61.167938232421875,61.32483483503022,61.09662307878102,61.303440833037705,18333400
2019-05-24,61.08232116699219,61.3105327698453,61.07518802412353,61.23921766414004,17611600
2019-05-28,61.02528762817383,61.20357817347537,60.96823334783838,61.153657038430765,20544600
2019-05-29,60.86127471923828,60.98964416490213,60.797092716904935,60.94685616334657,25441900
2019-05-30,60.989627838134766,61.08234240468191,60.93257899833156,60.96823384308411,20311900
2019-05-31,60.547489166259766,60.861276924029944,60.53322287122633,60.78996177185478,34947400
2019-06-03,60.644920349121094,60.73805292959396,60.51596460224062,60.644920349121094,58940600
2019-06-04,61.25386428833008,61.26103001342078,60.831179427373776,60.831179427373776,34113300
2019-06-05,61.39714050292969,61.41147195182909,61.20370966955779,61.31117367291829,28368700
2019-06-06,61.526092529296875,61.583407389769675,61.304004277272206,61.38281084396082,23538600
2019-06-07,61.683712005615234,61.76251858040753,61.01028145627171,61.61207115558037,29934000
2019-06-10,61.77689743041992,61.85569859982869,61.74107424499264,61.79838915533601,17482200
2019-06-11,61.86284255981445,62.084936392774885,61.76970996266896,61.97747234016161,34293700
2019-06-12,61.719547271728516,61.86282899990733,61.70521581940209,61.84850301342848,18195500
2019-06-13,61.86284255981445,61.90583146036902,61.791201680021864,61.82702485284254,19438500
2019-06-14,61.819847106933594,61.86999625962397,61.76969795424322,61.84133882010837,8842000
2019-06-17,61.72671890258789,61.8198514882283,61.69806146104128,61.78402831983301,10554000
2019-06-18,62.15655517578125,62.163715435120885,61.998942016760104,62.02043372647265,22540400
2019-06-19,62.450294494628906,62.464625947337154,62.006117845932074,62.113576412005365,28212600
2019-06-20,62.765541076660156,62.79419852545761,62.536286952130055,62.63658528999638,48362000
2019-06-21,62.56492614746094,62.65089300292277,62.56492614746094,62.60074384862074,22467800
2019-06-24,62.55775451660156,62.5935776802282,62.52909707886972,62.564920242496356,13764100
2019-06-25,62.29269027709961,62.55060180449789,62.24970684448273,62.55060180449789,26173600
2019-06-26,62.264015197753906,62.443120055003206,62.24251802357295,62.414462621941745,19554600
2019-06-27,62.43598175048828,62.47179945816044,62.34284368567316,62.37150113132021,12995100
2019-06-28,62.45745849609375,62.50760764749222,62.43596678347263,62.47178448255865,14690800
2019-07-01,62.476192474365234,62.792820870070315,62.461802770086855,62.6992685767076,26036100
2019-07-02,62.61286926269531,62.64884623967854,62.49053216852209,62.51931704420087,20683200
2019-07-03,62.85036087036133,62.88634335237839,62.62728485429221,62.64168004316141,16237900
2019-07-05,62.59850311279297,62.67046259028769,62.49775874626912,62.66327048564757,17591400
2019-07-08,62.476192474365234,62.569739277569894,62.46899487714702,62.569739277569894,16679400
2019-07-09,62.404205322265625,62.46177509418696,62.38981013420747,62.43299020822629,19189100
2019-07-10,62.576908111572266,62.663262768024204,62.52653593451419,62.55532081999817,24497000
2019-07-11,62.45459747314453,62.61291165147928,62.36824278764629,62.61291165147928,19191200
2019-07-12,62.555294036865234,62.562491627693454,62.404177570391724,62.45454972588289,21291200
2019-07-15,62.59850311279297,62.656072890851235,62.50495634106545,62.54093882489092,10735200
2019-07-16,62.46897506713867,62.59131222042096,62.41141077812171,62.59131222042096,20147200
2019-07-17,62.38980484008789,62.519334070841815,62.38261273682474,62.519334070841815,9361300
2019-07-18,62.41860580444336,62.43300099498862,62.25309954426897,62.397018508782054,17236600
2019-07-19,62.310646057128906,62.44737287751421,62.28905876762702,62.418587994793356,14771000
2019-07-22,62.51933288574219,62.51933288574219,62.35382667134429,62.38261155431676,12852800
2019-07-23,62.62730407714844,62.648891376922315,62.49777478834757,62.56973428431302,14051800
2019-07-24,62.677669525146484,62.684867121015394,62.59851244105965,62.61290763279745,12713700
2019-07-25,62.59130859375,62.713640249787815,62.54093641243113,62.713640249787815,14272500
2019-07-26,62.72804641723633,62.74244161005302,62.66328452003354,62.692069415509486,8512700
2019-07-29,62.634483337402344,62.72083800137494,62.57691356142062,62.71364040683822,14731800
2019-07-30,62.663265228271484,62.670457332308196,62.490555908586806,62.533735983585856,13794100
2019-07-31,62.555294036865234,62.79276512281783,62.30343325940938,62.713608094166965,23449700
2019-08-01,62.52424621582031,62.86389569784943,62.5025674001048,62.5459305449681,28839000
2019-08-02,62.430294036865234,62.50255858353412,62.278536834831144,62.50255858353412,23559600
2019-08-05,61.7799072265625,62.05452024554055,61.67873575012804,62.05452024554055,47727900
2019-08-06,62.177391052246094,62.235204918836665,61.91000605434003,62.05454072081646,28695000
2019-08-07,62.17014694213867,62.24241150006395,61.75100478736676,61.92444634250626,38028500
2019-08-08,62.41583251953125,62.4519620298906,62.184582702195335,62.184582702195335,27074700
2019-08-09,62.32915115356445,62.40141573337453,62.20630081654391,62.30747233096483,19090800
2019-08-12,62.112335205078125,62.249641729213494,62.06174946146498,62.15569835205551,17466700
2019-08-13,62.386932373046875,62.444746212012106,62.06173366394081,62.1050967998803,30078600
2019-08-14,61.83050537109375,62.126797263982844,61.7871477334741,62.10511844517302,29745300
2019-08-15,62.01117706298828,62.07621904073545,61.89555484417536,61.938912487050985,27296500
2019-08-16,62.220726013183594,62.2424048268937,62.10510383558578,62.10510383558578,15780200
2019-08-19,62.40140151977539,62.40862963014021,62.30745813876382,62.33636506679033,13603000
2019-08-20,62.451969146728516,62.488104174636256,62.3291188733321,62.43029033535635,16126800
2019-08-21,62.71937561035156,62.762733248022386,62.56761836507063,62.610976002741445,18334300
2019-08-22,62.83501052856445,62.892824399444955,62.690481364797385,62.82778792978003,20677200
2019-08-23,62.54593276977539,62.97229752983268,62.49534702682906,62.71936881510103,30340300
2019-08-26,62.856685638427734,62.856685638427734,62.68324405124588,62.74105791363983,14187800
2019-08-27,62.827754974365234,63.00119098259914,62.719355401682314,62.97951217074881,14722700
2019-08-28,62.97953796386719,63.00844489598348,62.79164566182803,62.81332448255686,13576000
2019-08-29,63.04456329345703,63.16741911161544,63.00843376976668,63.116827854270305,16271400
2019-08-30,62.98677444458008,63.15298243454163,62.849467877141535,63.14575432219373,14413600
2019-09-03,62.8060188293457,62.936653246222974,62.69715589244815,62.936653246222974,20561500
2019-09-04,62.936683654785156,62.958455145284006,62.84233314662125,62.9149121642863,13526700
2019-09-05,63.18341064453125,63.2342126154375,62.98020276090622,62.99472077373632,23399100
2019-09-06,63.24149703979492,63.35761904110915,63.16892355747442,63.27052754012348,25162700
2019-09-09,63.30682373046875,63.32859522376224,63.1544122034096,63.27779322707664,17484200
2019-09-10,63.343074798583984,63.364846280566624,63.212440369688665,63.31404431027397,14055800
2019-09-11,63.33583068847656,63.35760771258052,63.26325721913241,63.30680573033953,13999200
2019-09-12,63.37211990356445,63.451952380580344,63.32131792155442,63.386632382567,23246400
2019-09-13,63.25602340698242,63.36488087632928,63.2197338925318,63.26327688027054,34407300
2019-09-16,63.480995178222656,63.48825418763111,63.27052820139227,63.35761970328817,23020800
2019-09-17,63.517269134521484,63.524528142785186,63.38663467077974,63.50275665499505,14626400
2019-09-18,63.480995178222656,63.531797170078136,63.27778721080072,63.473736168814206,15913800
2019-09-19,63.408382415771484,63.53175781427904,63.37935193312293,63.44466636633337,13327000
2019-09-20,63.48823928833008,63.510010774444304,63.3866297914628,63.430178300691786,23298400
2019-09-23,63.45919418334961,63.50999615158608,63.42290469018102,63.43742270224816,15456800
2019-09-24,63.37211990356445,63.52452584959458,63.29228742654857,63.51726684159293,21934200
2019-09-25,63.30682373046875,63.35036671705573,63.16167121350822,63.32133621366362,15142100
2019-09-26,63.263275146484375,63.32859516330485,63.168930163301866,63.30682367003214,13873100
2019-09-27,63.19068145751953,63.30680343385843,63.13987947712141,63.25600145346031,13419200
2019-09-30,63.263275146484375,63.263275146484375,63.15441214311849,63.18344264648288,21827700
2019-10-01,63.11752700805664,63.29240661055062,63.0665202256908,63.277830067404764,27665700
2019-10-02,62.74590301513672,63.088379508020274,62.6948962327491,63.08109123644424,33789500
2019-10-03,62.782371520996094,62.840661046004115,62.48361338328214,62.753223978829475,30387800
2019-10-04,62.97909927368164,62.98638754775758,62.81150232588048,62.86250912576358,17588600
2019-10-07,62.92805480957031,63.0227800785648,62.84790052068232,62.93534307928402,14542500
2019-10-08,62.694908142089844,62.89893531039671,62.694908142089844,62.8624995049176,15471500
2019-10-09,62.88438034057617,62.94266986113646,62.84794452581679,62.86251551612567,11351300
2019-10-10,62.96451187133789,63.015518657924595,62.88435755536981,62.898928540399105,11092800
2019-10-11,63.22683334350586,63.270557420576964,63.08110124479742,63.132108035277696,18661400
2019-10-14,63.27055740356445,63.29970493516295,63.168543822631335,63.22683332650511,9842600
2019-10-15,63.40900802612305,63.44544383435741,63.24870492413375,63.27784689953267,26321500
2019-10-16,63.357994079589844,63.40171815640114,63.35071136622395,63.38714161102298,11813000
2019-10-17,63.4454231262207,63.46728238029709,63.39441634693513,63.401704618067924,14814300
2019-10-18,63.459999084472656,63.48914661196703,63.36527378960778,63.445428100386685,21363700
2019-10-21,63.48189163208008,63.518321887871025,63.474603357191945,63.51103917230775,10090400
2019-10-22,63.49644470214844,63.5255922341499,63.45272618380788,63.5255922341499,15464300
2019-10-23,63.554744720458984,63.562032993858324,63.460013844238816,63.50373792531109,9097500
2019-10-24,63.627593994140625,63.627593994140625,63.518292159274836,63.583875483923215,14832800
2019-10-25,63.67860794067383,63.700467198242045,63.613030167969185,63.613030167969185,11593600
2019-10-28,63.67131805419922,63.715042127550056,63.65674706929744,63.685894598423744,10646500
2019-10-29,63.554744720458984,63.68590584502839,63.54016817366032,63.66404658415411,10655700
2019-10-30,63.47459030151367,63.59846315250903,63.394435972205216,63.59117487911997,24566400
2019-10-31,63.25596618652344,63.467281572107645,63.241395203765386,63.45999330106766,24576400
2019-11-01,63.527427673339844,63.59328485534997,63.351817825540174,63.359130948235205,23894100
2019-11-04,63.659122467041016,63.695710402622346,63.615221410371554,63.644490642329586,14135800
2019-11-05,63.59332275390625,63.7177129042892,63.52746553264839,63.710394194696164,21946800
2019-11-06,63.520137786865234,63.59331370730634,63.49818724374848,63.59331370730634,8976900
2019-11-07,63.4908332824707,63.6444981640448,63.47620145603004,63.61522892862763,15077600
2019-11-08,63.54936218261719,63.5713127102403,63.395702906720395,63.483510599747845,11692800
2019-11-11,63.5128059387207,63.54206959922415,63.42499820959846,63.49084981953717,4933600
2019-11-12,63.527427673339844,63.578647444887096,63.46157607386612,63.47620790179259,14690200
2019-11-13,63.46159744262695,63.49086110833354,63.42500948668629,63.46159744262695,15333600
2019-11-14,63.424991607666016,63.51279932764831,63.40304107330462,63.468892676388805,14965100
2019-11-15,63.615238189697266,63.622551312714315,63.48352940241384,63.49084252543089,12996200
2019-11-18,63.53474807739258,63.585967850309366,63.50547883822062,63.56401731656454,13135800
2019-11-19,63.30795669555664,63.4762535416679,63.30795669555664,63.46893483117426,20175500
2019-11-20,63.17622375488281,63.35183924459392,63.16891062971524,63.271350207444236,22566100
2019-11-21,63.19084548950195,63.25669709489884,63.12498830156816,63.24206526565628,17853800
2019-11-22,63.43231201171875,63.43231201171875,63.22011420298241,63.28596580782979,20394800
2019-11-25,63.600616455078125,63.61525386979341,63.44695709579578,63.44695709579578,16885300
2019-11-26,63.673763275146484,63.673763275146484,63.58596114942003,63.6225435076274,11469400
2019-11-27,63.75425338745117,63.76889079701744,63.62254461403508,63.65181385063155,11814700
2019-11-29,63.615238189697266,63.73962827142699,63.60791948414356,63.73962827142699,11519500
2019-12-02,63.57188415527344,63.63799504857428,63.43230924116998,63.63799504857428,20966400
2019-12-03,63.48374557495117,63.520477593963236,63.351518152834664,63.42497658633956,29757200
2019-12-04,63.674739837646484,63.696776806502626,63.51312792667606,63.51312792667606,12406800
2019-12-05,63.770259857177734,63.77025985717773,63.60130596104028,63.718838375154874,18158900
2019-12-06,63.858394622802734,63.91716361486649,63.79962563073898,63.873084068558896,16094700
2019-12-09,63.858394622802734,63.90981608972863,63.83635765190871,63.83635765190871,18034300
2019-12-10,64.01268005371094,64.02002758126268,63.8363786241188,63.85841560225264,15117100
2019-12-11,64.14490509033203,64.15959454035611,63.97594559018859,64.02737267657584,14127500
2019-12-12,64.29179382324219,64.35791033066815,64.15222449337624,64.17426146101198,18958100
2019-12-13,64.35791015625,64.3872946478576,64.27710420545878,64.31383622109796,18088100
2019-12-16,64.48277282714844,64.51950483298123,64.42400385962287,64.45338834338565,17517400
2019-12-17,64.68115234375,64.68115234375,64.49015589627301,64.49015589627301,18650700
2019-12-18,64.79867553710938,64.82806003289609,64.68848507903908,64.71052204974923,31575700
2019-12-19,64.76475524902344,64.82373418013016,64.66891870438035,64.8089922596237,29429300
2019-12-20,64.6689224243164,64.86796929757575,64.65417487842119,64.83847983032608,31918800
2019-12-23,64.69841003417969,64.72789950058277,64.67629434051253,64.69103626144377,9720200
2019-12-24,64.75003051757812,64.75003051757812,64.67630964639442,64.7131672697153,4854900
2019-12-26,64.84587097167969,64.86798667190524,64.79426579630595,64.83112904637673,11382700
2019-12-27,64.8163833618164,64.89010423953725,64.7942676609544,64.89010423953725,11627100
2019-12-30,64.77214813232422,64.89010040479857,64.70579540911693,64.87535847994258,12524300
2019-12-31,64.83110809326172,64.83847624126071,64.73526592387032,64.77212916202708,8310800
2020-01-02,65.1038818359375,65.11125560915977,64.91220872848658,64.94906634551592,15756600
2020-01-03,65.03752899169922,65.08176037803428,64.90482920815357,64.96380813962729,17342200
2020-01-06,64.97122192382812,65.0080851880273,64.91224857547165,64.95647999287512,17936900
2020-01-07,64.9122085571289,64.99330318873676,64.90483478392612,64.97855564233117,9640300
2020-01-08,64.97122192382812,65.04494845222648,64.89012724222547,64.92699050642466,16088100
2020-01-09,65.1407241821289,65.14809795298586,65.00065065854265,65.05225580546298,16649500
2020-01-10,65.16285705566406,65.17760460126736,65.09650997407118,65.14811513460143,16182900
2020-01-13,65.16285705566406,65.20708844339265,65.13336758899813,65.17023082846572,17762400
2020-01-14,65.15550994873047,65.23660460911586,65.08178906416455,65.14814179745395,29157100
2020-01-15,65.17024230957031,65.26607887471276,65.16286853546961,65.17024230957031,24637900
2020-01-16,65.19235229492188,65.26607315584418,65.15548905219015,65.22184176419903,22349200
2020-01-17,65.1407241821289,65.25130824682651,65.1407241821289,65.22919255879484,29626700
2020-01-21,65.00066375732422,65.19234246645745,65.00066375732422,65.12598976445197,19724900
2020-01-22,65.1186294555664,65.1481189239476,65.04490859688389,65.10388190910531,17731800
2020-01-23,64.91960906982422,65.02281944795241,64.89011958685278,65.00807751873857,28566200
2020-01-24,64.64679718017578,64.92693864085312,64.61730771728239,64.92693864085312,40838300
2020-01-27,64.21185302734375,64.41827370218898,64.10864268992114,64.31506336476637,41372700
2020-01-28,64.76475524902344,64.84584987316006,64.42563483197047,64.5067294561071,32628300
2020-01-29,64.72792053222656,65.04492536838634,64.71317298196288,64.85324658675562,17308200
2020-01-30,64.79426574707031,64.80901329690433,64.50675039527191,64.51412417018892,20103300
2020-01-31,64.52886199951172,64.72791453784023,64.42565165539395,64.72791453784023,35659700
2020-02-03,64.51848602294922,64.75538671688362,64.50367655248941,64.6517430162972,25754700
2020-02-04,64.90345764160156,64.91826711436804,64.7628015392738,64.7776053638813,25063800
2020-02-05,65.16998291015625,65.19219147497748,65.02932113540855,65.05893443789017,36687700
2020-02-06,65.2218017578125,65.25881979624063,65.05153233662627,65.14777132911588,18329900
2020-02-07,65.12554168701172,65.1847682700638,65.05891036903867,65.14034550869583,12865100
2020-02-10,65.2143783569336,65.22178309213201,65.05891280671517,65.11073465678797,14220000
2020-02-11,65.25881958007812,65.35505857224896,65.25881958007812,65.34765383495593,16821500
2020-02-12,65.4291000366211,65.48832664863582,65.34026576675961,65.38468290169035,26688200
2020-02-13,65.45130157470703,65.4883139639267,65.36246167389274,65.3772654999487,13297900
2020-02-14,65.44388580322266,65.51051148148012,65.40686777208504,65.47349909850105,11398800
2020-02-18,65.31063842773438,65.44389545205483,65.25881656539639,65.40687741545939,26635300
2020-02-19,65.34024047851562,65.42167562647835,65.33283574283945,65.3772528605797,18547500
2020-02-20,65.45130157470703,65.47351013787073,65.19218660937187,65.38467023705644,31277000
2020-02-21,65.3920669555664,65.42907934024748,65.26621468096488,65.39946604360733,23027000
2020-02-24,64.68876647949219,64.85163679350688,64.5555094633128,64.77760637299812,57828300
2020-02-25,64.23712921142578,65.00705747897597,64.17790830481049,64.9700451183608,68418000
2020-02-26,64.30382537841797,64.59254806404336,64.11134170528078,64.3556472540902,69233800
2020-02-27,63.43766403198242,64.1779798474168,63.31180605075589,63.763399150023766,72596300
2020-02-28,63.69676971435547,63.77820490114586,62.69734455157279,62.69734455157279,97472600
2020-03-02,64.1800537109375,64.2469805979489,63.37697077928761,63.68184354194812,72357700
2020-03-03,63.90494918823242,64.8344486554887,63.7562258695427,64.23212914292075,58721000
2020-03-04,64.78240966796875,64.81215433756346,64.38829705075075,64.4403544774532,52664700
2020-03-05,63.96442794799805,64.32879579599589,63.83801739169549,64.21725473381724,62455700
2020-03-06,63.24314880371094,63.414173536209994,62.52928818902388,62.85647383132088,69860600
2020-03-09,60.5215950012207,62.08315364610383,59.2202951849486,59.2202951849486,73609600
2020-03-10,61.451080322265625,61.62211075384483,60.32824315811247,61.43621082410099,57598000
2020-03-11,60.1125602722168,60.744624169347205,59.63665720903975,60.41743868595848,60006600
2020-03-12,57.71076202392578,59.67386439889199,56.68459667848893,56.79613207337329,82926400
2020-03-13,59.5251350402832,59.6961597275852,58.10485744402895,59.58461868144161,69164600
2020-03-16,56.25331497192383,57.74051428024586,55.249456573449486,56.305366720786495,43080100
2020-03-17,56.78128433227539,57.77770539641641,55.49485411068473,56.178970276286165,68569400
2020-03-18,54.27534103393555,55.584078106961,53.4722576618935,54.91483723591301,54289800
2020-03-19,53.055843353271484,54.03739483936383,52.62455411779646,53.43508083089374,45706300
2020-03-20,51.86607360839844,53.643276250226876,51.61325246018882,53.100451703440385,55796500
2020-03-23,51.033241271972656,52.14120882074622,50.2078452173737,52.089157072853276,48862100
2020-03-24,53.137611389160156,53.50197349943286,51.97759816359876,52.11887818901131,51304000
2020-03-25,54.632259368896484,56.19381727561041,53.59865645728414,53.72506701810826,45692600
2020-03-26,57.13075637817383,57.13075637817383,54.8032860910369,55.03380581573864,41965200
2020-03-27,57.27946853637695,58.275894815736564,56.037658733835194,56.09714805536406,66536800
2020-03-30,57.7702522277832,58.030510941825135,56.98947041244294,57.33152553278583,35016900
2020-03-31,57.3092155456543,57.78511879095966,57.242294311102384,57.53229767392239,31103400
2020-04-01,55.73609161376953,56.25174746133076,55.57915238175543,56.18449023405235,36859100
2020-04-02,56.16956329345703,57.021522643528776,55.47454322348277,55.57916941021442,31824800
2020-04-03,54.96634292602539,56.19943778091189,54.794453831983446,56.04997346568266,39986200
2020-04-06,56.30405807495117,56.468472225590034,55.90797254933805,56.09480577475537,32347800
2020-04-07,56.30405807495117,57.33538112834126,56.22932592512375,57.11865390265345,35120800
2020-04-08,57.76881790161133,58.015433350404116,56.56561184198663,56.76738915494361,46291400
2020-04-09,61.550350189208984,62.81334486281634,60.900168385895995,61.25889075709939,88846900
2020-04-13,60.66847610473633,61.22150077271968,60.10050158800666,61.13929370970499,40390500
2020-04-14,60.922550201416016,61.34852954946195,60.51152069811284,61.214015156948136,37632800
2020-04-15,60.35459518432617,60.46669623846162,59.756726696734745,59.97345388094423,34367500
2020-04-16,60.294830322265625,60.34714340736816,59.73433053829626,60.205148304219016,25821900
2020-04-17,60.601219177246094,60.832896242134346,60.42186088644331,60.77310824463433,38251800
2020-04-20,59.689483642578125,60.37702857519444,59.57738256185425,60.00336210724673,24676200
2020-04-21,58.5984001159668,59.08416214428224,58.478824064769185,59.009429963133705,42335600
2020-04-22,59.11403274536133,59.315815826417456,58.91972458996964,59.23360874920165,15720900
2020-04-23,59.084136962890625,59.532541262073835,58.837521440376875,59.226132037745145,23896700
2020-04-24,58.531131744384766,59.211207643801764,58.411561405953954,59.12900054163708,37915200
2020-04-27,58.77027130126953,58.9869985725747,58.67312005621497,58.81510946026413,20550700
2020-04-28,58.949607849121094,59.12897182219785,58.62078530187367,59.0916029023827,23927600
2020-04-29,59.9884147644043,60.05567769633081,59.24108179725403,59.360657808813144,34838300
2020-04-30,60.10798263549805,60.205133855459025,59.43538191581398,59.67452820484639,34636000
2020-05-01,59.0711669921875,59.71683602460257,59.01861280247823,59.5666771054496,31859400
2020-05-04,58.98856735229492,59.213802814853736,58.71077771220248,58.958535575422026,20400900
2020-05-05,59.49910354614258,59.49910354614257,59.17626906434413,59.17626906434413,26484200
2020-05-06,59.1612434387207,59.634230994961094,59.13871531206381,59.55915442336384,18823300
2020-05-07,59.3114128112793,59.84446406184624,59.28889040643485,59.461565995560164,19581700
2020-05-08,59.87449645996094,59.88200583764524,59.51412079481373,59.559171332942675,21770400
2020-05-11,59.60420608520508,59.85196395518742,59.5666649310953,59.74685559725114,14285100
2020-05-12,59.529144287109375,60.06219558557406,59.529144287109375,59.99462836496941,25332700
2020-05-13,59.21383285522461,59.62675710876623,59.11622809887691,59.5742029045708,29962000
2020-05-14,59.011085510253906,59.23632095661904,58.5456073221298,58.9059771627436,30429100
2020-05-15,59.093685150146484,59.19128414459725,58.68826468954253,58.838423597901404,34133400
2020-05-18,60.13725280761719,60.18230333481521,59.806914733359456,60.032144457447615,31900200
2020-05-19,60.21235275268555,60.385034096687654,59.97961356240148,60.092231332143925,18536500
2020-05-20,60.85050582885742,61.00065900598924,60.47511715805133,60.527671342845125,36053700
2020-05-21,60.83549499511719,60.98565391977618,60.66281939173095,60.83549499511719,23307300
2020-05-22,60.98564529418945,61.060721881911746,60.67031446099344,60.77542282939995,11311900
2020-05-26,61.44361877441406,61.68387303778349,60.94810867615686,61.43611512466644,27673800
2020-05-27,61.571250915527344,61.90158904827,61.30847999358097,61.87906664467124,24905000
2020-05-28,61.63130187988281,61.97666445649235,61.518689874440426,61.661333657326075,23282500
2020-05-29,61.87907791137695,62.029236842669896,61.473657388852345,61.601293912445726,32189000
2020-06-01,62.34712600708008,62.36973647184411,61.668783312296696,61.759230921725326,46987000
2020-06-02,62.96516418457031,62.995313384787096,62.271749830700244,62.44510054398178,35930900
2020-06-03,63.25913619995117,63.5983047706042,63.14607809294209,63.22144824749008,35991000
2020-06-04,63.063133239746094,63.296788061103236,62.950075197201784,63.191263004456545,36405800
2020-06-05,63.65858840942383,64.08820451597886,63.613367477272625,63.74149728528295,35306500
2020-06-08,63.73394012451172,63.82438771304359,63.57566115735933,63.80931599014055,20493100
2020-06-09,63.23651123046875,63.42493944882511,62.995323340987525,63.394790243843346,28412400
2020-06-10,63.14603042602539,63.47766575614466,62.754102468005215,63.1535691609017,36663100
2020-06-11,61.525577545166016,62.27175740292971,61.40498648000702,62.241608199046794,48794500
2020-06-12,62.1361198425293,62.4602167579038,61.69142605149194,62.362230358833855,36156800
2020-06-15,62.73906707763672,63.14607277839013,61.59342587395484,61.72909444087264,39432300
2020-06-16,62.995296478271484,63.560580892289636,62.79179086901752,63.5002825080388,40976300
2020-06-17,62.70138168334961,63.025478479449276,62.67123247552948,62.95010258471223,17066700
2020-06-18,62.678741455078125,62.71642363418165,62.43001492143797,62.52799548755196,22223600
2020-06-19,62.467689514160156,62.83701277696882,62.33955977010163,62.799324852071614,32037600
2020-06-22,62.422481536865234,62.580760503558736,62.32450096235149,62.46016946957038,21536000
2020-06-23,62.51296615600586,62.6637064753783,62.47527820097546,62.64109600250989,17438000
2020-06-24,61.87226104736328,62.392324551840495,61.4577225912127,62.31695444621043,43720600
2020-06-25,61.894893646240234,61.93257583384955,61.4200509293126,61.706465457077705,31159700
2020-06-26,61.3069953918457,61.81198732989176,61.22409227554046,61.81198732989176,33705800
2020-06-29,60.960296630859375,61.3899127492565,60.658816074377405,61.382379760605566,76540200
2020-06-30,61.518028259277344,61.65369676562209,61.11102274024313,61.163782395467685,40554300
2020-07-01,61.70954513549805,61.891198014542,61.61872158329653,61.61872158329653,28799100
2020-07-02,62.163665771484375,62.451289018978215,62.04256580514978,62.246924524744216,30623300
2020-07-06,62.61020278930664,62.62533811158683,62.375567758826406,62.53451462863268,22888200
2020-07-07,62.1939582824707,62.70107571093944,62.163681839401384,62.5421287158063,22408000
2020-07-08,62.360477447509766,62.443736224446994,62.15611866979916,62.163683449781665,21155700
2020-07-09,62.22421646118164,62.41343984384232,61.936598998407575,62.360457527682904,21655600
2020-07-10,62.436161041259766,62.47400803693142,62.050149403684586,62.118267066324634,17903400
2020-07-13,62.09556198120117,62.75406160176828,62.087991427040855,62.670802829927354,20039400
2020-07-14,62.62537384033203,62.65565027680209,62.095550638705454,62.095550638705454,31929700
2020-07-15,62.981101989746094,63.05679017826591,62.754037424186635,63.00380786883818,21291300
2020-07-16,63.041664123535156,63.049234675892315,62.88271717187163,62.94327004144997,17570400
2020-07-17,63.215755462646484,63.23846712297203,62.98112027771192,63.185484798159706,22863700
2020-07-20,63.59419250488281,63.62446893935144,63.2081809583466,63.26872805264443,16701600
2020-07-21,63.889373779296875,64.01804426959824,63.78340339210002,63.8061150444811,22331600
2020-07-22,64.01805114746094,64.04832757925021,63.836392556725286,63.95749828388239,15251400
2020-07-23,63.97261047363281,64.04830441304703,63.556322680038654,64.01045744333992,28434900
2020-07-24,64.03319549560547,64.10888369842047,63.80613088716046,63.836401548574685,14977500
2020-07-27,64.18456268310547,64.19969801027715,63.96506290396676,64.13158037604704,12931500
2020-07-28,64.01805114746094,64.18456863498251,63.95749828388239,64.12401577140396,14862900
2020-07-29,64.3738021850586,64.41921395260609,64.10888480865866,64.2148494493627,18012800
2020-07-30,64.51004791259766,64.54031857671819,64.13916586875835,64.16944230751913,54812400
2020-07-31,64.63115692138672,64.63872747579451,64.2602806003796,64.48734526084392,28623100
2020-08-03,64.6471176147461,64.67751545064677,64.47993241618957,64.61671977884542,17480600
2020-08-04,64.62430572509766,64.6471026472965,64.44192454971387,64.57111097403602,17120700
2020-08-05,64.7383041381836,64.76870197080481,64.60151679028499,64.6395097327162,14566000
2020-08-06,64.88268280029297,64.89788461461114,64.66990378218564,64.73830035103066,13258600
2020-08-07,64.72309875488281,64.85988609524051,64.63191105983995,64.85988609524051,14289900
2020-08-10,64.75347900390625,64.82187555441072,64.60149568823918,64.79147773171894,13708700
2020-08-11,64.1683349609375,64.79907092029185,64.13793713914582,64.78387490829186,20535400
2020-08-12,64.18354797363281,64.60910599585314,64.18354797363281,64.44952173752053,18003400
2020-08-13,64.0087661743164,64.44952020206118,63.947970516078136,64.1987482579662,28444900
2020-08-14,63.89476013183594,64.0619452521905,63.77316884510837,63.99354870395833,14072300
2020-08-17,64.27473449707031,64.30513232361913,63.90996637627699,63.95556601499653,13756500
2020-08-18,64.37351989746094,64.41911373613023,64.14554490632214,64.30512913945698,24900300
2020-08-19,64.19116973876953,64.43434665874075,64.1151780383651,64.34315313957838,18738300
2020-08-20,64.4039077758789,64.4039077758789,64.07713845436692,64.08473935890201,19912800
2020-08-21,64.39631652832031,64.4495112724603,64.31272395927286,64.40391743399525,17570600
2020-08-24,64.69271850585938,64.7231163450662,64.51033726841341,64.51793817766388,16058100
2020-08-25,64.76110076904297,64.80669461887084,64.52552481454076,64.70030510407669,24018600
2020-08-26,64.75347900390625,64.87507029467339,64.72308118121447,64.76868081414807,16243100
2020-08-27,64.65467071533203,64.85984870870311,64.51788345382128,64.837051798083,19861800
2020-08-28,64.70789337158203,64.79908105342511,64.66229373286791,64.69269155941313,14418500
2020-08-31,64.61670684814453,64.76869599723275,64.58630901832689,64.69269852379203,21473800
2020-09-01,64.96845245361328,65.02949291237944,64.57932680540222,64.63273575153796,22774200
2020-09-02,65.04473876953125,65.1515566431685,64.81583999965854,65.00658703417328,15878600
2020-09-03,64.64036560058594,64.94556206542364,64.37332087677984,64.93029904055564,34169800
2020-09-04,64.46488952636719,64.80823780565683,64.07576962610109,64.70141989329285,36087300
2020-09-08,64.10624694824219,64.40381761324149,64.02232362663388,64.19780760063706,34967600
2020-09-09,64.6098403930664,64.65561782186596,64.28175523734778,64.38094160679277,32976800
2020-09-10,64.30461120605469,64.72425682681515,64.28172250331048,64.70899381089569,32866300
2020-09-11,64.43436431884766,64.46488455161636,64.16731955854553,64.35043513401854,20807100
2020-09-14,64.36567687988281,64.62509004093874,64.2970049235733,64.56405541672028,28958000
2020-09-15,64.54116821289062,64.64036040314186,64.42672464127448,64.51065380788494,22176900
2020-09-16,64.54116821289062,64.84636465318884,64.48013358174133,64.586951462675,26951200
2020-09-17,64.47248077392578,64.59456163817553,64.26647659192432,64.3275112029132,25752400
2020-09-18,64.31227111816406,64.6174675388615,64.28175089398056,64.60220451620098,29891800
2020-09-21,63.79345703125,64.11391074430139,63.61796714773755,64.03761307278523,42968900
2020-09-22,64.01470184326172,64.05284775503654,63.72476264385988,63.8697322435608,41396800
2020-09-23,63.36615753173828,64.07573662477705,63.29748558279304,64.07573662477705,39577800
2020-09-24,63.40431213378906,63.58742765418976,62.992297847034415,63.22882812457015,38755800
2020-09-25,63.28986358642578,63.45009621767206,63.14489979888214,63.32801532170109,36032200
2020-09-28,63.701900482177734,63.80109270063524,63.473007452719564,63.6179712917012,20277000
2020-09-29,63.75527572631836,63.79342745495791,63.54927152661971,63.75527572631836,20243400
2020-09-30,64.01470184326172,64.11388819924083,63.74765717628936,63.75528286596203,28797600
2020-10-01,64.2345962524414,64.2805692796181,64.1273219583554,64.2192680127088,31098000
2020-10-02,64.2345962524414,64.26524688589606,63.81315734995309,63.81315734995309,26284300
2020-10-05,64.71733856201172,64.73266680363585,64.30356372832948,64.35720088199136,27394000
2020-10-06,64.57174682617188,64.93954861179327,64.53343791571845,64.73266412651384,37848500
2020-10-07,64.8016357421875,64.84760878169847,64.72501206099851,64.76332097858693,20968200
2020-10-08,64.94720458984375,65.01616412762107,64.85525269346367,65.00850000808681,18738800
2020-10-09,65.09284210205078,65.15414341745743,64.94725878547901,65.0468690385034,21287800
2020-10-12,65.42228698730469,65.49125238396837,65.23072488525541,65.29969028191908,10503400
2020-10-13,65.13111877441406,65.33034500990145,65.07748161632266,65.25372133348685,25183100
2020-10-14,64.9701919555664,65.14642578509614,64.91655481014296,65.10045275930759,31620600
2020-10-15,64.92424774169922,64.96255666485352,64.61008300336377,64.70969321878054,32232100
2020-10-16,64.84761047363281,65.08515149133216,64.76332266832213,65.0238502063767,27456900
2020-10-19,64.61775970458984,65.02387061435766,64.59477317702022,64.9778975592184,20998100
2020-10-20,64.84761047363281,64.95488479929872,64.72501374973419,64.7326778718567,27650700
2020-10-21,64.8399429321289,64.97786788056358,64.77097753490585,64.8399429321289,26901600
2020-10-22,64.95488739013672,65.00852455510909,64.70968808654698,64.83229066134811,28977800
2020-10-23,65.03150177001953,65.06981068120949,64.87824858722618,65.05448828593575,20734700
2020-10-26,64.45684814453125,64.83997252660427,64.43385577095499,64.7939936254659,50102400
2020-10-27,64.48746490478516,64.62538399767355,64.45681426880627,64.50278729976907,30880900
2020-10-28,63.951114654541016,64.15034094985491,63.836176182397864,64.06605312668417,45794300
2020-10-29,64.1349868774414,64.16563751407188,63.805499841177856,63.90511587172967,37112600
2020-10-30,64.2729263305664,64.30357697411706,63.928116821143455,64.08136419288421,36801700
2020-11-02,64.42607879638672,64.52611717634255,64.24908149369709,64.47224945311379,25665400
2020-11-03,64.98011779785156,64.98011779785156,64.55686741818464,64.55686741818464,39777600
2020-11-04,65.58805084228516,65.72656860249285,65.14941224681716,65.1724975616621,57673400
2020-11-05,65.81893157958984,66.08827012688225,65.73428148313509,65.90358167604461,55079000
2020-11-06,65.58805084228516,65.8573893007062,65.49570371176735,65.84199517671753,25953400
2020-11-09,66.08829498291016,66.87323146868239,66.05751258433652,66.85783733382448,59347100
2020-11-10,65.99595642089844,66.22681561315109,64.16444179152482,66.01134468525831,39295700
2020-11-11,65.97285461425781,66.12676070399331,65.89589569824908,66.11906363816425,14416200
2020-11-12,65.52652740478516,65.91129855117715,65.52652740478516,65.91129855117715,43300100
2020-11-13,65.74969482421875,65.81895081184193,65.5957828442644,65.60347991104754,20277100
2020-11-16,66.11904907226562,66.14983145765962,65.94205769517475,66.10366081513847,28350400
2020-11-17,66.14213562011719,66.2652651639766,65.96514423974405,66.01131488312143,23747100
2020-11-18,66.01905059814453,66.28838929409612,65.99596526294057,66.21143621970184,22098900
2020-11-19,66.2421875,66.28835814871478,65.91128415154961,65.95745480026439,21704200
2020-11-20,66.11904907226562,66.19600210018078,66.06518136561105,66.11904907226562,48530200
2020-11-23,66.21910858154297,66.34223228040662,66.14984673063007,66.28836456131482,23790600
2020-11-24,66.41920471191406,66.58080791635669,66.3422516437713,66.42690178007118,26080100
2020-11-25,66.38838195800781,66.50381442563076,66.32682306359621,66.41147314844376,26510900
2020-11-27,66.49617004394531,66.56542605058904,66.48077590615117,66.51155831059614,7338500
2020-11-30,66.42688751220703,66.51153763032485,66.29606673734912,66.51153763032485,24256900
2020-12-01,66.59762573242188,66.74442053438246,66.58217644010182,66.63625780486204,26256700
2020-12-02,66.78304290771484,66.86802873919909,66.55898988784054,66.61307124474635,23705000
2020-12-03,66.8216781616211,66.98392225438856,66.78305198396787,66.84485504709836,20748400
2020-12-04,67.09982299804688,67.138455076127,66.84486542934411,66.96075576915696,19362000
2020-12-07,67.06891632080078,67.09209320911978,66.968481173276,67.06119462097935,17811300
2020-12-08,67.01482391357422,67.09980975303289,66.98391943609595,67.03800079807634,21408300
2020-12-09,66.91437530517578,67.09979623827292,66.82166189141462,67.09979623827292,36608500
2020-12-10,67.0379867553711,67.12297257702745,66.79848447311687,66.81393965583175,24251500
2020-12-11,66.96845245361328,67.10751961831517,66.86028975822568,66.99935692292756,17699600
2020-12-14,66.98392486572266,67.12299207843432,66.9066666129777,67.08436589927527,20705200
2020-12-15,67.1925277709961,67.21570465707991,66.96847471480795,67.09981433223408,25052800
2020-12-16,67.09207916259766,67.19252018352127,66.90665820043839,67.16934330005462,42386700
2020-12-17,67.19217681884766,67.24648269390536,67.11459784289328,67.17665747231891,23911400
2020-12-18,67.24649047851562,67.27752325626909,67.1456383899897,67.22321737492481,26741200
2020-12-21,67.00597381591797,67.14561831460873,66.88960241385978,67.01372756886524,30308300
2020-12-22,67.09130096435547,67.1378471496525,66.99044300435274,67.05250853067837,21975100
2020-12-23,67.39388275146484,67.42491552371955,67.18441301846954,67.19993236404495,15913900
2020-12-24,67.53350067138672,67.53350067138672,67.448162061018,67.45591581185604,7327300
2020-12-28,67.61886596679688,67.67317183856329,67.52576764995611,67.63437939348894,22575500
2020-12-29,67.53350067138672,67.73520473326391,67.5257410016549,67.73520473326391,22893000
2020-12-30,67.67317199707031,67.7119585233394,67.5568005804708,67.5568005804708,21080100
2020-12-31,67.72747039794922,67.75849724798347,67.62661241920377,67.65764518813349,12059900
2021-01-04,67.58784484863281,67.80506837315419,67.39389442761058,67.80506837315419,34528300
2021-01-05,67.611083984375,67.68866293002887,67.479199184874,67.51022602802024,33725500
2021-01-06,67.48696899414062,67.75849832798424,67.47145556887622,67.56454795825371,37148100
2021-01-07,67.680908203125,67.78176616684631,67.59556958100448,67.63436201611184,25868200
2021-01-08,67.7817611694336,67.78951492076773,67.60332426754795,67.76624182897703,27403600
2021-01-11,67.41717529296875,67.62663916747398,67.40941561794328,67.51026771768315,26608000
2021-01-12,67.50247192382812,67.54901810719831,67.33179469294531,67.40937363819364,41746100
2021-01-13,67.70420837402344,67.73524115074154,67.45595207917546,67.47923110088676,47710300
2021-01-14,67.68865966796875,67.7895117005691,67.66538657728358,67.70417308879424,25484800
2021-01-15,67.58008575439453,67.70421094708736,67.53353954699686,67.60335885809336,48134800
2021-01-19,67.77400970458984,67.78952312803047,67.61109212343636,67.7662500334221,24270500
2021-01-20,67.89810180664062,67.97568664277222,67.78173639022721,67.97568664277222,24534700
2021-01-21,67.8593521118164,67.93693107113191,67.78952690520582,67.8593521118164,20451400
2021-01-22,67.72747039794922,67.79728968886948,67.63437209116006,67.71195105403663,26615900
2021-01-25,67.74298858642578,67.75850201253375,67.51800543503686,67.7274751603178,28718200
2021-01-26,67.64213562011719,67.7507473581166,67.63437594771844,67.71971458741736,39103500
2021-01-27,67.44818115234375,67.66540461517006,67.34732317396336,67.51024077108309,46378600
2021-01-28,67.64986419677734,67.87484726144432,67.60331801749922,67.61883735652098,38836200
2021-01-29,67.47145080566406,67.78177255910454,67.40938527119694,67.59557595570317,46095900
2021-02-01,67.68789672851562,67.71904337328446,67.47766430209475,67.5944567942091,35620700
2021-02-02,67.85142517089844,67.94486512312524,67.81249037231655,67.85921331873806,29522300
2021-02-03,67.90595245361328,68.02275094680482,67.87480579272099,67.89816430323567,31911000
2021-02-04,68.04608917236328,68.10838247557784,67.98379586914872,68.014942520756,21181100
2021-02-05,68.14730072021484,68.24852880732563,68.11616001407431,68.23295251363992,21653100
2021-02-08,68.34976196289062,68.34976196289062,68.17845834844867,68.20181685212414,16590100
2021-02-09,68.22520446777344,68.31085630408438,68.18626965467995,68.24856297938216,14404300
2021-02-10,68.20960998535156,68.27190329344981,68.10838781515454,68.22518628268453,20469400
2021-02-11,68.24076843261719,68.27191509204901,68.16290475434657,68.24076843261719,17047200
2021-02-12,68.34976196289062,68.35755011098792,68.17067614096777,68.17067614096777,17800100
2021-02-16,68.24076843261719,68.3186321108878,68.18626326376598,68.31084990149324,22264400
2021-02-17,68.21737670898438,68.21737670898438,68.07721978009083,68.10057827813726,20276700
2021-02-18,68.12396240234375,68.20182607199345,68.04609873269406,68.10839204466069,26366700
2021-02-19,68.13172912597656,68.23295127062792,68.11615877318995,68.23295127062792,28124800
2021-02-22,67.92152404785156,68.10060990980007,67.92152404785156,68.0305343831118,25455400
2021-02-23,68.08499908447266,68.13950421970769,67.75018012785341,67.89033703854551,29015900
2021-02-24,68.15509796142578,68.15509796142578,67.92150699050958,67.9837943517175,21791800
2021-02-25,67.50883483886719,68.06946281122164,67.4309711628441,67.99938728498617,59413400
2021-02-26,67.30638885498047,67.68013686717393,67.28303034679557,67.64899020938822,46615300
2021-03-01,68.06201171875,68.10890120072006,67.64004215176226,67.72599924661849,48014200
2021-03-02,67.96044921875,68.10892169304444,67.92919154196211,68.1011057833994,23988500
2021-03-03,67.74163818359375,67.91355239138136,67.71819642103927,67.85884699636613,30197000
2021-03-04,67.4837646484375,67.94480186159471,67.26496692274996,67.78851947518672,49020300
2021-03-05,67.68693542480469,67.7650766167441,67.27277578012327,67.58534650967172,46950100
2021-03-08,67.19464874267578,67.70257553996251,67.17902288571264,67.64787609790345,39868700
2021-03-09,67.28840637207031,67.55408761219157,67.26496461109382,67.37436347017794,31441100
2021-03-10,67.49935913085938,67.59313209619609,67.31963506619917,67.37433447219854,23776600
2021-03-11,67.74945068359375,67.87448137098518,67.65568362984149,67.65568362984149,27728500
2021-03-12,67.56189727783203,67.67129612680895,67.49157200139979,67.64003846113124,21842000
2021-03-15,67.5697021484375,67.6322174695822,67.4446715061481,67.51500273288318,14719400
2021-03-16,67.4134292602539,67.58534345181695,67.3431039792275,67.53845993113268,22931400
2021-03-17,67.5072250366211,67.71039696444282,67.23372780404908,67.28061134054927,28345800
2021-03-18,66.99146270751953,67.33528511375069,66.97583089345115,67.24932802174533,37150300
2021-03-19,67.24932098388672,67.31965221625356,66.92894037049676,67.09303863029986,47467800
2021-03-22,67.49158477783203,67.60879359407389,67.31967056495563,67.35873818310583,32979500
2021-03-23,67.56189727783203,67.59315494350975,67.39779900436665,67.47594018766586,24705800
2021-03-24,67.6009750366211,67.82758865547513,67.6009750366211,67.6244167968835,31374500
2021-03-25,67.71820831298828,67.71820831298828,67.48377872269332,67.55410402270653,24070300
2021-03-26,67.92137145996094,67.92918736912584,67.64787425710789,67.79634672228178,25948000
2021-03-29,67.96044921875,67.98389098589286,67.74946139087977,67.87449209803135,17447500
2021-03-30,67.79633331298828,67.89010035725369,67.78070149775024,67.85103274274,19622100
2021-03-31,68.12454223632812,68.14798400164236,67.86667089428803,67.87448680332338,41604700
2021-04-01,68.26881408691406,68.26881408691406,68.09631813552188,68.19040846772633,30806600
2021-04-05,68.3001480102539,68.35503251815963,68.24526350234818,68.27662693286041,20758300
2021-04-06,68.41777038574219,68.44913382129994,68.31583772468856,68.31583772468856,15367900
2021-04-07,68.3942642211914,68.46482748011327,68.34721606661184,68.43346403771523,15645400
2021-04-08,68.41777038574219,68.49617598365474,68.40208567698147,68.47265490247734,11052100
2021-04-09,68.3707046508789,68.37854700324158,68.2922990731387,68.33150485298987,17413100
2021-04-12,68.3001480102539,68.3236690876474,68.22957879611072,68.29230565713517,15464500
2021-04-13,68.34719848632812,68.37071956658531,68.14334513612349,68.22175073096861,20643500
2021-04-14,68.31582641601562,68.44128013747964,68.28446298564963,68.36287455254597,17992800
2021-04-15,68.59025573730469,68.59025573730469,68.42559623046941,68.47264436754925,20944400
2021-04-16,68.44913482666016,68.62946710631132,68.44913482666016,68.60594602478845,32509300
2021-04-19,68.33934783935547,68.44127449316714,68.30798441157599,68.37070528517276,23904900
2021-04-20,68.22171783447266,68.32364446042597,68.18251206497338,68.26091762201136,22901000
2021-04-21,68.44913482666016,68.44913482666016,68.18254861148553,68.19039096598108,19527000
2021-04-22,68.32368469238281,68.47265952585022,68.30800596452711,68.46481717094034,18506500
2021-04-23,68.50399780273438,68.56671867308451,68.36286537601329,68.37070174608087,14388700
2021-04-26,68.47264862060547,68.59025999766614,68.44128518792509,68.51184842498361,12746100
2021-04-27,68.37854766845703,68.51183775010831,68.37854766845703,68.51183775010831,17660600
2021-04-28,68.51185607910156,68.56674059693314,68.34720252560685,68.40208704343843,14795000
2021-04-29,68.59025573730469,68.64514024559553,68.48832309193402,68.64514024559553,17152900
2021-04-30,68.55888366699219,68.59808346399566,68.48831446124673,68.50399916561773,23367500
2021-05-03,68.58564758300781,68.70365574720638,68.57777877148936,68.62498563845553,15782400
2021-05-04,68.54631042480469,68.5620480480476,68.42043944958463,68.53057880370642,23089700
2021-05-05,68.6800765991211,68.69580822488875,68.57780002411882,68.5935376520329,13676300
2021-05-06,68.65644836425781,68.71151804018399,68.56204663532408,68.67218598717645,23110100
2021-05-07,68.70365905761719,68.76659754850832,68.6249889450757,68.71939067926755,17872700
2021-05-10,68.54631042480469,68.74298870032855,68.54631042480469,68.72725707923028,16580800
2021-05-11,68.47550964355469,68.51484169766958,68.29456298776316,68.36537028860147,28683600
2021-05-12,68.14508056640625,68.42829771970206,68.14508056640625,68.38109085939028,31630100
2021-05-13,68.38898468017578,68.4440543688925,68.25524486502745,68.26310767616847,28689600
2021-05-14,68.60924530029297,68.60924530029297,68.45976789808053,68.4833743317017,22550800
2021-05-17,68.48333740234375,68.60920830305966,68.43613056270183,68.60133949609583,13545000
2021-05-18,68.31816101074219,68.57777776775023,68.31029820148338,68.57777776775023,16447500
2021-05-19,68.1372299194336,68.31817059207393,68.10576067155151,68.12936110692675,34701000
2021-05-20,68.42830657958984,68.71151776741127,68.19229025390342,68.19229025390342,28013700
2021-05-21,68.53057098388672,68.5463026031899,68.38109359085871,68.50697055385997,36466200
2021-05-24,68.60924530029297,68.68791540593055,68.52270638344832,68.58564486881613,24277800
2021-05-25,68.61710357666016,68.66430443236705,68.55416510095534,68.64857281451255,15466600
2021-05-26,68.64070892333984,68.65644054232168,68.56990763470584,68.56990763470584,14354900
2021-05-27,68.60924530029297,68.7429850800913,68.60137648908591,68.7429850800913,12682100
2021-05-28,68.58564758300781,68.71938736809872,68.58564758300781,68.68005531479558,15464100
2021-06-01,68.79168701171875,68.79958217882108,68.67328359417576,68.72064255229375,22655300
2021-06-02,68.87850189208984,68.88639103535316,68.76799366393581,68.79167313821928,13698300
2021-06-03,68.73641204833984,68.85481542998762,68.6653676104527,68.69694224704186,16701800
2021-06-04,68.88639068603516,68.91796532566859,68.80745709807493,68.85482206864846,26829200
2021-06-07,68.91007995605469,68.94954374107252,68.87850531469219,68.9021847901523,9189800
2021-06-08,68.95741271972656,69.02056197847003,68.91794292745071,69.02056197847003,10983900
2021-06-09,69.01268768310547,69.06004663036072,68.98900820947784,69.04426232202451,13232200
2021-06-10,69.13896942138672,69.19422954755183,69.0363563776065,69.06793101159556,15290000
2021-06-11,69.16268157958984,69.2179357048128,69.10742745436688,69.18636105864998,12559600
2021-06-14,69.09952545166016,69.13898923877379,69.04427133190315,69.13898923877379,19408600
2021-06-15,69.09162139892578,69.12319603790407,69.02058297790961,69.0521576168879,16037000
2021-06-16,68.99688720703125,69.1231797108672,68.87848384439147,69.09160507934692,21267200
2021-06-17,69.04423522949219,69.06791469382814,68.97319081424011,69.0363400672988,21099000
2021-06-18,69.01268768310547,69.02847199144169,68.90217945801216,68.941643239976,35134500
2021-06-21,69.14686584472656,69.14686584472656,69.02846247067265,69.08371657559837,21265000
2021-06-22,69.19425201416016,69.19425201416016,69.08373774819283,69.123207559056,14604400
2021-06-23,69.12318420410156,69.26526704405612,69.12318420410156,69.17054314333788,16583100
2021-06-24,69.33628845214844,69.33628845214844,69.22578027286244,69.25735489869331,12722300
2021-06-25,69.4073715209961,69.42315583158026,69.32843792358034,69.34422223416452,16175000
2021-06-28,69.39949035644531,69.43896017424025,69.35213139289033,69.43896017424025,16019300
2021-06-29,69.48629760742188,69.48629760742188,69.4073640185383,69.4152591841007,12728000
2021-06-30,69.49418640136719,69.51786587363651,69.43103712715148,69.43893229199001,26093500
2021-07-01,69.63041687011719,69.63041687011719,69.54329916636077,69.55914204465522,31932400
2021-07-02,69.74128723144531,69.74920866995447,69.63041126146584,69.66209097321529,11464800
2021-07-06,69.7016830444336,69.75712102220221,69.64624506666497,69.74127814724751,17784300
2021-07-07,69.72543334960938,69.77294988447268,69.6383156741695,69.76502844790022,11463700
2021-07-08,69.574951171875,69.63831057524402,69.51159176850597,69.54327147019048,21936400
2021-07-09,69.69375610351562,69.70959293493334,69.59080159358564,69.59871698815154,17698100
2021-07-12,69.67000579833984,69.70960090255272,69.60664638085531,69.6937640693249,17546700
2021-07-13,69.464111328125,69.66210503480953,69.45618988801687,69.6304253166654,26938600
2021-07-14,69.574951171875,69.59870943756707,69.4878335028139,69.54327147019048,16100200
2021-07-15,69.52748107910156,69.55123936066221,69.47204307469698,69.51163819653493,16384800
2021-07-16,69.43241119384766,69.56704542465563,69.40865292279761,69.56704542465563,17820400
2021-07-19,68.96514892578125,69.28985536653232,68.88595267503366,69.26609709553671,54224700
2021-07-20,69.31360626220703,69.3215276991249,68.96514158753877,69.02850099830971,26941300
2021-07-21,69.4799575805664,69.50371585975552,69.34531726134693,69.36116014233214,18522600
2021-07-22,69.5195541381836,69.57499213820253,69.41659957880239,69.4878744178458,17110500
2021-07-23,69.6541748046875,69.6858545188338,69.55914170453622,69.59873681550337,19441000
2021-07-26,69.55120849609375,69.6700058934678,69.51952878730822,69.63040474691425,15282700
2021-07-27,69.45616149902344,69.51159947254426,69.34528555198177,69.45616149902344,19919000
2021-07-28,69.5116195678711,69.57497899657908,69.43242330312995,69.53538388535236,15129200
2021-07-29,69.66207885742188,69.69375856366152,69.55912434385766,69.55912434385766,18675000
2021-07-30,69.56703186035156,69.6699924045418,69.56703186035156,69.63831270188984,21062100
2021-08-02,69.39462280273438,69.67271465698815,69.39462280273438,69.65682057638274,27274400
2021-08-03,69.47406768798828,69.48995570371494,69.34693931491714,69.43433855594992,16058700
2021-08-04,69.3469467163086,69.45818102371064,69.3469467163086,69.41845794924711,17113300
2021-08-05,69.5058822631836,69.53765830948669,69.38670087318641,69.38670087318641,15465700
2021-08-06,69.4264144897461,69.53764882208253,69.4184735101624,69.46614363493045,12923200
2021-08-09,69.26750183105469,69.41051825024152,69.26750183105469,69.39462416932312,10788700
2021-08-10,69.10861206054688,69.2834045550374,69.10066501840097,69.27546357470854,31522900
2021-08-11,69.21986389160156,69.25164600639782,69.1324645913665,69.15629966200905,15834400
2021-08-12,69.33902740478516,69.35492149037857,69.19601094353214,69.21985207192226,14127800
2021-08-13,69.4899673461914,69.4899673461914,69.36284501363643,69.36284501363643,10016800
2021-08-16,69.5138168334961,69.5138168334961,69.40258249624104,69.47409374837171,12598100
2021-08-17,69.35491180419922,69.44231107730408,69.28340055265127,69.43436403561728,18468400
2021-08-18,69.19600677490234,69.43436954990332,69.19600677490234,69.36286435449334,12147600
2021-08-19,69.18805694580078,69.28339719415418,69.0847635943294,69.12449273902091,20026700
2021-08-20,69.35491180419922,69.38669390912978,69.19600127954641,69.20394832123321,16784100
2021-08-23,69.56944274902344,69.59327781545817,69.45026741684974,69.45026741684974,21933100
2021-08-24,69.66480255126953,69.68069057802661,69.56151522280182,69.58535029384677,20828100
2021-08-25,69.73628997802734,69.77601912751507,69.6488967604252,69.68067280583482,19085400
2021-08-26,69.69657135009766,69.73629444031005,69.58533699859494,69.72835345935808,17676100
2021-08-27,69.88724517822266,69.91108024035988,69.70450566062638,69.72039368144571,18519700
2021-08-30,69.9746322631836,69.99846732117062,69.88723300935428,69.90312708922252,11640000
2021-08-31,69.99053955078125,69.99848659290333,69.89519929258442,69.96670448623205,19163900
2021-09-01,70.05030822753906,70.1220434157722,69.99451689482405,70.01045466954297,22973500
2021-09-02,70.13796997070312,70.15390774287252,70.0821786469129,70.13796997070312,16521300
2021-09-03,70.14596557617188,70.16987528289621,70.05032066847423,70.10611201109778,6491000
2021-09-07,69.962646484375,70.13002050936153,69.9546745553375,70.13002050936153,11728800
2021-09-08,70.04235076904297,70.06626655726065,69.90685837314511,69.97062164679133,13020900
2021-09-09,70.10610961914062,70.12205347694638,70.02640857251205,70.03438050141493,23024700
2021-09-10,70.00249481201172,70.20971630508356,69.99452288357058,70.20175045744215,16112600
2021-09-13,70.17784881591797,70.1858146644746,70.0503222694066,70.09814168394816,17136900
2021-09-14,70.14596557617188,70.23363855469464,70.11408394027265,70.20175691879543,20108000
2021-09-15,70.24956512451172,70.24956512451172,70.14595438496971,70.15392023207342,17069500
2021-09-16,70.22563171386719,70.24954140870517,70.09810523366826,70.22563171386719,13859700
2021-09-17,70.13796997070312,70.20969906666274,70.11406027204991,70.20173322097716,38948500
2021-09-20,69.89089965820312,69.98653845922186,69.77931700314885,69.81916447664044,49641000
2021-09-21,70.01045227050781,70.04233389965236,69.8829318347286,70.00248642382093,27304200
2021-09-22,70.13796997070312,70.20173322097716,70.01841539663887,70.11406027204991,24344800
2021-09-23,70.16988372802734,70.26552864723611,70.10612044855483,70.17785565816166,27590300
2021-09-24,70.06626892089844,70.15393582411879,70.026415353325,70.1061164076712,21713200
2021-09-27,70.00249481201172,70.05031422105911,69.92279376999949,69.94670347452319,17652900
2021-09-28,69.68367767333984,69.89887107357605,69.64382411587431,69.86699552456257,35515900
2021-09-29,69.81122589111328,69.90687081861019,69.74746868691689,69.7634064677656,19783400
2021-09-30,69.73151397705078,69.88295023516137,69.64384099401839,69.85106859762227,41680700
2021-10-01,69.89864349365234,69.95461973788288,69.68273076522523,69.85065949791684,30062800
2021-10-04,69.65072631835938,69.87463124014965,69.63473572435359,69.85064229866519,24726400
2021-10-05,69.61875915527344,69.74670834811435,69.5947702068541,69.72271939969501,22347700
2021-10-06,69.57875061035156,69.60273954877319,69.38682690107696,69.46679816375008,28905900
2021-10-07,69.58675384521484,69.81066487472927,69.53877596079475,69.67471736728615,29054000
2021-10-08,69.37885284423828,69.61075614469549,69.37885284423828,69.5707705028761,28064300
2021-10-11,69.1629409790039,69.41883322727621,69.1629409790039,69.37885368592417,16068400
2021-10-12,69.29090118408203,69.38685697936414,69.23492493651632,69.2509155354122,32922200
2021-10-13,69.4748306274414,69.4748306274414,69.21893830122623,69.33089081263573,29370400
2021-10-14,69.86665344238281,69.87464569056277,69.6027628295769,69.61076117870967,26937000
2021-10-15,69.7466812133789,69.88262260216982,69.70669558093408,69.88262260216982,29782900
2021-10-18,69.71471405029297,69.71471405029297,69.56277592428785,69.58676487029862,20338400
2021-10-19,69.7626953125,69.77069366187422,69.66673952382138,69.71471741816069,26103300
2021-10-20,69.78668212890625,69.80267882716626,69.72271363872463,69.77069153159904,19720100
2021-10-21,69.61078643798828,69.80270418014507,69.56280242673283,69.77071687295977,19273600
2021-10-22,69.44282531738281,69.61875238996643,69.41084412323372,69.58676509486462,20734400
2021-10-25,69.562744140625,69.63471704672511,69.38681714899128,69.5227646158582,20230000
2021-10-26,69.57875061035156,69.73068258733883,69.57875061035156,69.66671411853139,19617200
2021-10-27,69.5228042602539,69.67473630252474,69.51480591035963,69.65074735379531,18521300
2021-10-28,69.69871520996094,69.69871520996094,69.55477544996748,69.55477544996748,16374700
2021-10-29,69.5147933959961,69.61075527459171,69.5147933959961,69.58676022922859,26521600
2021-11-01,69.44015502929688,69.61664439278049,69.43213723674023,69.57653706864025,29987000
2021-11-02,69.60865020751953,69.66480538165992,69.44018468509837,69.44018468509837,26441600
2021-11-03,69.74505615234375,69.76109787024531,69.54450101606069,69.56054273396224,22984200
2021-11-04,69.9295425415039,70.24240797092291,69.7931665585172,69.80920827162231,28989800
2021-11-05,70.19429016113281,70.21033187731169,69.99373504638672,70.03384851751849,27595000
2021-11-08,70.10604095458984,70.28253042359538,70.06592748601368,70.26648258798251,11957900
2021-11-09,70.16218566894531,70.16218566894531,70.0177857722564,70.10603049359158,13732600
2021-11-10,69.76910400390625,70.07394552998187,69.74503837296021,70.07394552998187,30438400
2021-11-11,69.64875793457031,69.82524735889561,69.64875793457031,69.81722344312053,10086100
2021-11-12,69.67284393310547,69.8332916932484,69.66482001498426,69.72899911904143,26392400
2021-11-15,69.59261322021484,69.72898920660742,69.5765715067091,69.72097141008223,17057100
2021-11-16,69.62468719482422,69.68886627540306,69.58457373934894,69.6086393644525,14302000
2021-11-17,69.5525131225586,69.66482350004898,69.5525131225586,69.64878178346031,17919200
2021-11-18,69.49635314941406,69.64075307059731,69.49635314941406,69.64075307059731,23421300
2021-11-19,69.44015502929688,69.6086204797715,69.44015502929688,69.49631017945508,45282700
2021-11-22,69.17544555664062,69.52841825730877,69.16742164149132,69.5043526323148,26266000
2021-11-23,69.07917785644531,69.28775680992823,69.0149987753038,69.1754464781576,33967100
2021-11-24,69.0631332397461,69.07918107100528,68.79840522851295,68.99093636044277,31158800
2021-11-26,68.56576538085938,68.68609964180816,68.46147283182489,68.67807572562363,36123400
2021-11-29,68.99095153808594,69.09523798239574,68.79842036380026,68.83852770986296,31728900
2021-11-30,68.70214080810547,69.04709575584319,68.60587217602004,68.95885103987855,35465700
2021-12-01,68.71179962158203,69.17057557982332,68.67155363865699,69.03374292228305,41845200
2021-12-02,69.2188491821289,69.26713943747305,68.74397862944915,68.75202291155759,42383500
2021-12-03,69.2188491821289,69.29933498792694,69.08202269820491,69.2590951553646,47368800
2021-12-06,69.52471923828125,69.60521120968801,69.21887062523146,69.24301576038339,28211300
2021-12-07,69.89496612548828,70.08008908172461,69.73399444755087,69.79033514889656,42893500
2021-12-08,69.87885284423828,69.91909882336554,69.76617147149106,69.84665728907133,26598200
2021-12-09,69.56494140625,69.86274563273673,69.56494140625,69.86274563273673,24939100
2021-12-10,69.72593688964844,69.75008816547708,69.6454510589121,69.66959619406548,20247200
2021-12-13,69.72593688964844,69.79032801050762,69.66959619406548,69.72593688964844,17125800
2021-12-14,69.60520935058594,69.69373946355331,69.48447753737571,69.62130406003224,20310500
2021-12-15,69.87081909179688,69.89496422876468,69.48448461896061,69.59716601859417,31699000
2021-12-16,69.81912231445312,69.96449494334091,69.77066682538545,69.89988967847894,27374000
2021-12-17,69.7545166015625,69.8675835164507,69.625293749299,69.74643863287486,27248200
2021-12-20,69.63337707519531,69.68991053698879,69.52838195923229,69.5606876747836,27560400
2021-12-21,70.00489807128906,70.01297604227248,69.73030251303074,69.73030251303074,24390500
2021-12-22,70.1906509399414,70.20680071941791,69.97258886604851,69.98066683662985,17433300
2021-12-23,70.39253997802734,70.43291749775611,70.21486163850369,70.23101141405826,15612100
2021-12-27,70.46524047851562,70.52177394933753,70.368323316384,70.40062903709453,13396700
2021-12-28,70.43291473388672,70.45714247711018,70.32792579269021,70.44099270218935,17150700
2021-12-29,70.31983947753906,70.40867863326967,70.30368970453519,70.384450892922,16760300
2021-12-30,70.28754425048828,70.34407770695718,70.25523853797966,70.34407770695718,12326100
2021-12-31,70.27140045166016,70.36023962819344,70.24717270563929,70.31177797446655,11505300
2022-01-03,70.23909759521484,70.23909759521484,70.0694972044807,70.19871390907964,35368400
2022-01-04,70.06140899658203,70.26331507438198,69.99679757288176,70.26331507438198,33609900
2022-01-05,69.52030181884766,70.08563636902088,69.52030181884766,70.05333065734176,44808500
2022-01-06,69.52837371826172,69.71413002024329,69.49607416822398,69.53645168661339,42823200
2022-01-07,69.35071563720703,69.53646581524542,69.34263766721405,69.52838784525244,34630100
2022-01-10,69.4072494506836,69.42339922906453,68.94690374575472,69.26187679851206,52621800
2022-01-11,69.73028564453125,69.73028564453125,69.25379022044834,69.44761834535622,32513100
2022-01-12,69.84334564208984,69.87564518878631,69.73027258191688,69.83526767457381,24621400
2022-01-13,69.59298706054688,69.85950456834023,69.56875931650832,69.82719885572727,31699700
2022-01-14,69.52837371826172,69.64144679013168,69.45569048815011,69.54452965496506,31046200
2022-01-18,69.1891860961914,69.3345587456412,69.14073060027002,69.32648077575908,46331500
2022-01-19,69.12456512451172,69.42338835206962,69.10033737989335,69.31032143606065,31390200
2022-01-20,68.995361328125,69.43147929782224,68.9792115492559,69.25380092183234,38217700
2022-01-21,69.00343322753906,69.13264993218138,68.91459404736011,68.99535525797222,57098000
2022-01-24,68.93073272705078,68.97919437496411,68.46230915455648,68.80151604321217,79230800
2022-01-25,68.72884368896484,68.88229431564028,68.56732125370667,68.72076571869616,43642700
2022-01-26,68.49462890625,69.35071502911299,68.4057897221634,69.02766401076954,63574900
2022-01-27,68.19583129882812,68.74501633855024,68.04238063485523,68.66424893960402,47351000
2022-01-28,68.38963317871094,68.39771114783399,67.80006466642948,68.0423544466405,51496700
2022-01-31,68.40579223632812,68.51078736411797,68.01813592941673,68.24426980206269,78932100
2022-02-01,68.67731475830078,68.71783820008153,68.38551876808769,68.61246983070839,42377300
2022-02-02,68.7826919555664,68.86374503348328,68.58005616879746,68.81511442352385,29261500
2022-02-03,68.16669464111328,68.52333569472654,68.15858747608888,68.4665979074658,44760800
2022-02-04,67.89916229248047,68.0045368059177,67.43715318019126,67.89106131756247,65508300
2022-02-07,67.85057067871094,67.97215339576832,67.61551240812103,67.7127798185577,37620700
2022-02-08,67.77763366699219,67.96405516488855,67.74521119258527,67.90731738066513,39549000
2022-02-09,68.13424682617188,68.18288361427545,68.03698561787014,68.03698561787014,37641800
2022-02-10,67.23455047607422,67.94783239155839,67.22644949718253,67.71277414067869,57751400
2022-02-11,66.9994888305664,67.47770624284918,66.82926935492249,67.46149810342962,58997100
2022-02-14,66.88600158691406,67.13727410677883,66.64284241201675,66.99137612825966,36550200
2022-02-15,66.9994888305664,67.12106533609425,66.91842958161122,67.0643275721971,32724800
2022-02-16,67.37232971191406,67.42096030823167,66.90221333433806,66.95895109135918,38996000
2022-02-17,67.08866882324219,67.25078119990526,67.0400382022207,67.25078119990526,30755200
2022-02-18,67.18590545654297,67.26695851574878,66.96706157829209,67.02379933813135,43848800
2022-02-22,67.03192138671875,67.31561645904644,66.9427611383793,67.14539694206823,37004300
2022-02-23,66.91033935546875,67.20213538352822,66.8941250294913,67.15349858954933,36545400
2022-02-24,67.38854217529297,67.4209646362366,66.3267328611854,66.39157778307268,56132500
2022-02-25,67.76950073242188,67.78570887148469,67.45338945710212,67.45338945710212,44118800
2022-02-28,67.81815338134766,67.98836672462934,67.45341138630893,67.45341138630893,54006400
2022-03-01,67.62858581542969,68.0434868665024,67.48215051544676,67.87264671764342,43268500
2022-03-02,67.79127502441406,67.81567986604402,67.47399966977513,67.58789306853143,41489200
2022-03-03,67.58792877197266,67.92960914873481,66.8801569571985,67.91334131462956,23594200
2022-03-04,67.14862060546875,67.4740331376341,67.09981089799868,67.4740331376341,32141100
2022-03-07,66.56285858154297,67.04284331367974,66.50591187163445,67.02656927843395,43675900
2022-03-08,66.32694244384766,66.78251617613839,66.30253759486445,66.61167602652937,57474500
2022-03-09,66.8801498413086,66.96963843618607,66.58727920475093,66.71744669065538,31143000
2022-03-10,66.31880187988281,66.60354165406896,66.2374503187123,66.51405307476354,46408900
2022-03-11,65.8388442993164,66.42458565711249,65.78189756768225,66.40831161565802,40097000
2022-03-14,65.057861328125,65.79003806405048,64.98464055116817,65.77376402173626,61536700
2022-03-15,65.54595184326172,65.70052415208248,65.16359268358482,65.18799753092995,57385300
2022-03-16,66.4652328491211,66.4977747128177,65.52968064642855,65.86322388754851,66254800
2022-03-17,66.92082977294922,66.95337164493135,66.50592866358627,66.52219649621362,48573700
2022-03-18,67.14047241210938,67.14860943090953,66.66862462932873,66.79065508442397,59780500
2022-03-21,66.36763000488281,67.07539554481414,66.23746251765607,67.02658584046782,62364300
2022-03-22,66.70933532714844,66.7662820724512,66.30257108734875,66.43273862331492,40148600
2022-03-23,66.49779510498047,66.71745120061067,66.37576463037789,66.59542072600809,36294900
2022-03-24,66.63607788085938,66.66048272647267,66.31879626770947,66.48964260045393,18435800
2022-03-25,66.15611267089844,66.6442283473038,66.10730296527618,66.6442283473038,36497500
2022-03-28,66.57101440429688,66.58728223741217,66.1073035764158,66.1235714095311,26886100
2022-03-29,67.39266204833984,67.40893608543641,66.83133190303967,66.87200458232795,49781100
2022-03-30,67.18929290771484,67.27878150871564,67.02658974592855,67.21370396803778,43905200
2022-03-31,66.94522857666016,67.30318292939455,66.92895453877574,67.27064106035262,40717600
2022-04-01,66.94032287597656,67.00567185219255,66.69527356319873,66.84230564367398,31316100
2022-04-04,67.44674682617188,67.45491700362798,66.98114642348452,66.99748054637732,32710900
2022-04-05,66.57274627685547,67.36508548120037,66.54824196860092,67.29973650450727,51886400
2022-04-06,66.04998016357422,66.4910764966149,65.91111823428993,66.11532915336306,67118000
2022-04-07,65.94375610351562,66.19697550827905,65.93558592632414,66.11529243242174,42831400
2022-04-08,65.54351043701172,65.94376817642392,65.53534649034479,65.73955733338435,42177200
2022-04-11,65.09426879882812,65.40466712482885,65.00441550382384,65.33115419183741,42293400
2022-04-12,65.59253692626953,65.85392660250184,65.4046601752175,65.54352207746122,38031000
2022-04-13,65.98463439941406,66.06631752463183,65.65789566652005,65.70691052726909,31635500
2022-04-14,65.54351043701172,66.07445987531865,65.37197407670092,65.98460660581961,45130400
2022-04-18,65.4373550415039,65.64156598440411,65.34750172806595,65.47819972289331,20864100
2022-04-19,65.3801498413086,65.50267760400487,65.23311777247723,65.31480087026779,29920800
2022-04-20,65.58439636230469,65.70692419162359,65.47820890064125,65.57622617847694,25769700
2022-04-21,65.13510131835938,65.78857863497863,65.0779225205568,65.74773396568185,38695100
2022-04-22,64.74301147460938,65.0697500903279,64.66949232586285,65.05340973193056,28243000
2022-04-25,65.29032135009766,65.34750016345976,64.75120148237795,64.85739515863845,35914500
2022-04-26,64.90641021728516,65.26582349802483,64.89824003398911,65.26582349802483,31171600
2022-04-27,64.58781433105469,65.07791917733036,64.5224653563456,64.91455297257889,37598600
2022-04-28,64.94721221923828,65.04522942627968,64.48161178973231,64.72666103935558,30808800
2022-04-29,64.14673614501953,64.73486461880618,64.10589769835396,64.64501131130972,35697100
2022-05-02,64.15081024169922,64.2082119667018,63.822797703262154,64.09340851669664,38674400
2022-05-03,64.4870376586914,64.58544332626572,64.24922865429397,64.29023257986344,42665700
2022-05-04,65.14308166503906,65.31528694057988,64.02784213706975,64.49525824391553,55154900
2022-05-05,63.98679733276367,64.7986234721958,63.806390133707986,64.75762581734034,53807900
2022-05-06,63.62601089477539,63.962225596457614,63.47841176485192,63.658812786865454,39256900
2022-05-09,62.953582763671875,63.396398887347964,62.912585094046,63.24879351278926,38442700
2022-05-10,63.314395904541016,63.57680475841584,63.01098312561801,63.46200127586564,48419700
2022-05-11,62.937198638916016,63.544018085749066,62.928996600678225,63.1422058006063,42473500
2022-05-12,62.9125862121582,63.1257953694924,62.65017734787028,62.863386505204474,49069700
2022-05-13,62.98637771606445,63.19138481057717,62.67476918468033,63.12578729513631,49084400
2022-05-16,62.89617919921875,63.10938834658764,62.78957775369457,63.0109826809588,33300100
2022-05-17,62.8387451171875,63.03555634715252,62.68294404719516,63.02735431515798,41666500
2022-05-18,62.3221549987793,62.52716208759107,62.24835544984059,62.49436020262281,47647800
2022-05-19,62.74038314819336,62.87158445670785,62.2155654014933,62.28116292759003,53929100
2022-05-20,62.69937515258789,62.97818808161537,62.51077211077341,62.9617840089146,56691000
2022-05-23,62.94538116455078,63.02738275254259,62.79777580363747,62.84697550516853,29917100
2022-05-24,63.32257080078125,63.355372675496795,62.773153476011004,62.7977533179682,42246500
2022-05-25,64.28201293945312,64.3230168537934,63.36357906257372,63.39638094278216,56661500
2022-05-26,65.1758804321289,65.20867607285597,64.347649736522,64.5198550037888,64773400
2022-05-27,65.75808715820312,65.75808715820312,65.28246912855809,65.43827654496755,52813100
2022-05-31,65.1922607421875,65.48747148001625,65.04465537327313,65.38906581529984,68424700
2022-06-01,64.9510498046875,65.40380999961032,64.82756746768216,65.22270968998473,87646100
2022-06-02,65.22270202636719,65.2309295754476,64.77816943372376,64.96750355172244,34752500
2022-06-03,64.73701477050781,64.92635519307446,64.63822764387662,64.92635519307446,36008000
2022-06-06,64.25131225585938,64.86871753846954,64.17722035604908,64.85224988048,35756100
2022-06-07,64.39949798583984,64.47358361452474,63.98789441162031,64.03728483074357,31499900
2022-06-08,63.847957611083984,64.26779510206644,63.76563813535124,64.24309988740396,25361600
2022-06-09,63.33759689331055,63.806824989937915,63.21411449302423,63.60102308298598,49468700
2022-06-10,62.259159088134766,62.74485460837593,61.97103782048623,62.72838694704025,59907000
2022-06-13,60.176456451416016,61.17253659824118,60.00358366037102,61.123146166677955,122714600
2022-06-14,60.571598052978516,61.106684084231404,60.13529916429609,60.464577078383755,62818600
2022-06-15,61.74878692626953,62.06160346760569,60.950274768029125,61.081984682064515,70628200
2022-06-16,60.769161224365234,61.040821134397774,60.275238111943516,60.835019314174296,61583400
2022-06-17,60.9585075378418,61.38657260171303,60.760933249371625,60.90911082543739,49281000
2022-06-21,60.9173583984375,61.4689059468691,60.85973412144576,61.32896217139991,45924600
2022-06-22,60.90085983276367,61.12312297102512,60.76090986215474,60.810306555546084,38204800
2022-06-23,61.33718490600586,61.394809172570056,60.983205474090354,61.073758790201815,30961800
2022-06-24,61.773460388183594,62.036886404058876,61.403013431733854,61.53472957995731,38198600
2022-06-27,61.394798278808594,61.822863285819984,61.394798278808594,61.822863285819984,25658200
2022-06-28,60.71978759765625,61.567690326688734,60.71155376400864,61.48537083193725,39303800
2022-06-29,60.62922668457031,60.744475218919824,60.44812005042849,60.68685095174507,36806800
2022-06-30,60.596282958984375,60.77738954926436,60.14351648328441,60.36578594610896,45139900
2022-07-01,61.17428207397461,61.38100780828833,60.73601821786377,60.77736588823402,38849300
2022-07-05,61.11640930175781,61.1742922646573,60.38873055814159,60.78564681000224,38316200
2022-07-06,60.8848876953125,61.19084418740728,60.793927827629496,61.0171952514956,44706000
2022-07-07,61.8771858215332,61.91852720819765,61.215660547176356,61.265272734682725,44430400
2022-07-08,61.926780700683594,61.98466367285375,61.48852301014228,61.6539011281225,31230300
2022-07-11,61.579498291015625,61.95160230405462,61.56295668981207,61.852377931922824,28213700
2022-07-12,61.827537536621094,61.9350389694539,61.60427649163751,61.653888655240635,24036500
2022-07-13,61.761409759521484,61.9515939864215,61.12469068289071,61.190844461278346,46874900
2022-07-14,61.64564895629883,61.71179643144591,60.86835776717892,61.257003361738875,53953100
2022-07-15,62.43119430541992,62.43119430541992,61.81928767735911,61.8275521674023,48360800
2022-07-18,61.827537536621094,62.61309921003121,61.76139008807344,62.58829312822965,33302800
2022-07-19,62.646175384521484,62.79501818242733,62.0508041928981,62.0508041928981,31028200
2022-07-20,62.919063568115234,63.357327578168245,62.745414647349,62.89425748068734,82881900
2022-07-21,63.66325759887695,63.721140554158005,62.786742473544145,62.86116071229023,52282000
2022-07-22,63.580570220947266,64.11805842471789,63.38211527035027,63.76248988764832,51055800
2022-07-25,63.564056396484375,63.74596981583086,63.38213666836662,63.63020386316889,26032000
2022-07-26,63.117523193359375,63.43174414030901,63.0761755095738,63.357325880019935,24151200
2022-07-27,63.81211471557617,64.06018818464483,63.39866313964199,63.39866313964199,35075700
2022-07-28,64.46536254882812,64.51497471419769,63.861726840932455,64.11806477370159,42335900
2022-07-29,64.65557861328125,64.78787987620498,64.29173909988954,64.46538805616133,33606800
2022-08-01,64.67548370361328,64.81660439785621,64.343430168093,64.45134487544446,31595600
2022-08-02,64.37662506103516,64.6339634983542,64.33511600122543,64.55924845737535,40604400
2022-08-03,64.94111633300781,64.95771615747312,64.39322712474974,64.56755378190634,35660900
2022-08-04,65.11546325683594,65.12376000495412,64.8415185674438,65.03244510849007,24386400
2022-08-05,64.78339385986328,64.84150274949253,64.24380769422362,64.33512256841159,31006700
2022-08-08,64.84151458740234,65.28978596069352,64.79170876816836,65.03244111672934,19465600
2022-08-09,64.36003875732422,64.71699524826337,64.33513584711373,64.69209233805289,24675700
2022-08-10,65.3229751586914,65.3893807894674,65.0739334597526,65.18184815148288,38121800
2022-08-11,64.94941711425781,65.8459596925369,64.85810224054084,65.74634173937457,37778700
2022-08-12,65.53050231933594,65.55540522046962,64.99091623899858,65.18184270328547,16912300
2022-08-15,65.41429138183594,65.58031496230711,65.28977052978574,65.4308912065256,18441100
2022-08-16,65.10716247558594,65.35620426263128,64.96604175184491,65.35620426263128,22963200
2022-08-17,64.43476867675781,64.78342216687696,64.40985942740924,64.65059817060487,28774600
2022-08-18,64.53434753417969,64.65056530513947,64.46794190319804,64.59245641965958,19089300
2022-08-19,63.878562927246094,64.22722267881315,63.737442210375974,64.19401668659746,45428900
2022-08-22,63.156333923339844,63.421975446674246,63.09822503802899,63.388769464583255,42014200
2022-08-23,63.31404113769531,63.42196214019663,62.9487880781147,63.17292049346207,33240000
2022-08-24,63.38875961303711,63.50497736559687,63.22273606177818,63.289141682246246,16917400
2022-08-25,63.986480712890625,64.03628653196928,63.4634942789844,63.57141533151494,20080000
2022-08-26,62.93220901489258,64.01968458481794,62.87410011675877,64.01968458481794,34460600
2022-08-29,62.691444396972656,62.89897699490587,62.47561505516455,62.55032375039222,28020200
2022-08-30,62.21000671386719,62.807701927567706,62.01077075370325,62.7578897708289,66233900
2022-08-31,61.8696403503418,62.35942075902399,61.8530405229569,62.234899886756,39161800
2022-09-01,62.03315353393555,62.074867452189956,61.407482948021446,61.69111722527035,38499700
2022-09-02,61.991432189941406,62.625446756490035,61.92469883923857,62.567051096719084,22364500
2022-09-06,61.824588775634766,62.058171412865114,61.607687884785356,61.9914316980423,28820900
2022-09-07,62.71721649169922,62.7255605478418,61.89133314378336,61.90801489141853,26853200
2022-09-08,62.992515563964844,63.025885425210284,62.38352673437346,62.48363631810979,26928000
2022-09-09,63.24278259277344,63.54310499175693,63.09262139328169,63.30117826120631,29526800
2022-09-12,63.43466567993164,63.593170956152846,63.209420670075055,63.468035546749334,30276100
2022-09-13,61.991432189941406,62.70886821835575,61.96640638784665,62.55036935020576,47111300
2022-09-14,62.08320236206055,62.49197837575467,61.991436837733296,62.033150754118424,29672400
2022-09-15,61.69110107421875,62.0998769992112,61.657737585930356,61.9747416418594,46282300
2022-09-16,61.899658203125,61.89965820312501,61.20725443619255,61.315701685314814,56479900
2022-09-19,62.133270263671875,62.141607956561245,61.59935878015229,61.65776081828425,26891900
2022-09-20,61.49925231933594,61.7912306714105,61.45753839847497,61.74951675054954,32769500
2022-09-21,61.31572723388672,61.93305386203028,61.032092911238806,61.649419539382365,37851300
2022-09-22,60.94866943359375,61.223966082725205,60.73177482941607,61.10717472212128,48278100
2022-09-23,60.17283630371094,60.673377970463356,59.96427939744799,60.531554437069275,53312000
2022-09-26,59.46372604370117,60.2145319512529,59.44704429671102,59.997631052482454,42287400
2022-09-27,59.33860778808594,59.997648365743956,59.1467390014086,59.97262255571227,45295500
2022-09-28,60.3980712890625,60.473148707807155,59.59721366586633,59.789082423536435,48935800
2022-09-29,59.83080291748047,60.03935981199781,59.49711061332245,60.00598994511688,38068800
2022-09-30,59.55550003051758,60.29796198780194,59.54715597351139,59.83914068687208,42928700
2022-10-03,60.33599853515625,60.470131093608074,59.90843861265237,60.02580699983424,48967900
2022-10-04,61.635440826416016,61.643826110745714,61.00667881974403,61.115668327736486,45901300
2022-10-05,61.39231872558594,61.53483656379751,60.872539885164805,61.132426107326765,47833500
2022-10-06,61.20790100097656,61.585155731189495,61.1156820409513,61.32526942353611,37196000
2022-10-07,60.46173858642578,61.006660377265185,60.444968022836164,60.838993117944746,33983000
2022-10-10,59.72400665283203,60.45337289908332,59.45573511330823,60.41983815713059,37759700
2022-10-11,59.908424377441406,60.377897814614386,59.76590656917045,59.84135491610359,46344600
2022-10-12,60.00904846191406,60.23539997384287,59.8665306063997,59.8665306063997,32784800
2022-10-13,60.143157958984375,60.2856821559172,59.01977332260265,59.07845749918833,48832500
2022-10-14,59.95035171508789,60.671332522325834,59.799448606687,60.520429413924944,37152100
2022-10-17,60.68809509277344,60.86414764858675,60.478507803077136,60.48689308557201,33820000
2022-10-18,61.115665435791016,61.45938532386958,60.84739391481595,61.308482193565006,37648400
2022-10-19,60.52880859375,60.89768428187162,60.34437714578588,60.69648226839469,33194000
2022-10-20,60.193477630615234,60.989906845415504,60.134793440009915,60.53719749099005,47281100
2022-10-21,60.771942138671875,60.847396905581704,59.99227699312581,60.01742645006312,60211200
2022-10-24,60.81385803222656,60.973146443470334,60.49528760583648,60.83062220367974,29551200
2022-10-25,61.400691986083984,61.40907726876835,60.94798266257785,60.964753227946574,37459200
2022-10-26,61.56837463378906,61.79472613048789,61.15757887163192,61.249797806312294,50552100
2022-10-27,62.02105712890625,62.155189632760425,61.5012784857462,61.719251000115875,49481500
2022-10-28,62.49895477294922,62.61632318560782,62.1384642494696,62.24744737662436,123446800
2022-10-31,61.55998229980469,62.188744202745866,61.55159701685836,62.18035891979954,60269700
2022-11-01,61.93025588989258,62.23321731167634,61.6104661316002,62.22480635371134,39586700
2022-11-02,61.36642837524414,62.51936553285667,61.33276527349851,61.90502516201404,50659500
2022-11-03,60.928829193115234,61.130801410520505,60.49963261312065,60.735267936856964,37507100
2022-11-04,61.34959411621094,61.610475103847016,60.92881501585364,61.324348397482225,39849100
2022-11-07,61.341190338134766,61.526334210638204,61.16446384726721,61.475842761984886,24913000
2022-11-08,61.28226089477539,61.49265042083828,61.08869970574286,61.39166113691972,39489200
2022-11-09,60.55012893676758,61.21496089401916,60.440728647820436,61.097143222666375,45728900
2022-11-10,62.435203552246094,62.50252332713889,61.82086325457636,62.25847710456616,67165700
2022-11-11,62.65401077270508,62.85598938077223,62.2164032963864,62.460455965699154,20934800
2022-11-14,62.19116973876953,62.5193770153438,62.165924012968645,62.485713907415494,37932800
2022-11-15,62.738189697265625,62.86441833771968,62.33423878606692,62.81392688153806,50673700
2022-11-16,62.60352325439453,62.75500400964829,62.53619704748609,62.68767780273984,31124900
2022-11-17,62.33420944213867,62.41836396968613,62.048082764361524,62.11540253405216,34338000
2022-11-18,62.46886444091797,62.66241922033165,62.29213157890839,62.66241922033165,31663800
2022-11-21,62.44361114501953,62.56984614957992,62.292130423662876,62.4015370905521,19070500
2022-11-22,62.898067474365234,62.94014795888866,62.49412307349452,62.56144285991932,24572500
2022-11-23,63.25152587890625,63.36934352906482,62.83074672245982,62.847575063662305,30316300
2022-11-25,63.12527084350586,63.26833417042169,63.032698944777174,63.24308845632812,9465900
2022-11-28,62.46048355102539,63.057989417470694,62.43523781901238,62.94858910522,31668900
2022-11-29,62.72976303100586,62.78025447971526,62.342646942878226,62.46046460358746,27162300
2022-11-30,63.67231369018555,63.69755941571106,62.603530892009374,62.78025739126926,41702100
2022-12-01,63.9080924987793,63.94189813375294,63.53623696183474,63.86583384312084,42134200
2022-12-02,63.85737228393555,63.88272489483444,63.37565333356245,63.37565333356245,27535800
2022-12-05,63.248897552490234,63.63765916316008,63.12213447049586,63.62075312038341,29736500
2022-12-06,63.02070999145508,63.38411249433321,62.90239349728689,63.274249020538555,24976800
2022-12-07,63.3671989440918,63.44325676740513,63.00379652125669,63.00379652125669,24614200
2022-12-08,63.417903900146484,63.50241474162571,63.21507659104358,63.443256507813864,23839500
2022-12-09,63.417903900146484,63.65453683539387,63.23197618023386,63.23197618023386,20687300
2022-12-12,63.66299819946289,63.722156441029796,63.46861743559176,63.570034327319924,22415700
2022-12-13,64.32218933105469,64.82080785485047,63.96723989569859,64.74475002488752,45923300
2022-12-14,63.958805084228516,64.40671851556091,63.5700499089633,64.2376967690165,57177300
2022-12-15,63.717529296875,63.810982191711666,63.40318715227147,63.64107137292624,41666500
2022-12-16,63.3776741027832,63.556082330796876,63.216260838397204,63.35218813902118,38197100
2022-12-19,63.05487823486328,63.2587725467431,62.91894437248785,63.13133617118697,24135100
2022-12-20,62.89345932006836,63.029393184445944,62.60460958079109,62.740536963485276,32917800
2022-12-21,63.428672790527344,63.54761164722862,63.15680513900264,63.207783564504304,23211500
2022-12-22,63.03784942626953,63.28422455832304,62.79997177647437,63.18228069794216,26893700
2022-12-23,63.19928741455078,63.25025935944725,62.82547586749211,62.93592372367674,13196500
2022-12-27,62.545101165771484,63.182276174251186,62.51111772085105,63.13979524768079,22108000
2022-12-28,61.704044342041016,62.72352855612948,61.6700608867366,62.64706416127421,41064800
2022-12-29,62.50264358520508,62.54512452764297,61.80599890832355,61.950423741921504,33378900
2022-12-30,62.55360412597656,62.58758757739463,62.256257028169216,62.29024047958728,15170300
2023-01-03,62.67256546020508,63.029388587329265,62.579119037365366,62.96142166009771,28787700
2023-01-04,63.394691467285156,63.42867492486928,62.8594601124376,63.08884683070992,37120100
2023-01-05,63.26725769042969,63.326727123195916,63.02088247420332,63.173804798699614,35142000
2023-01-06,64.16778564453125,64.38017736530975,63.46264357594321,63.6070748721501,60041200
2023-01-09,64.39717102050781,64.5330983485622,64.2612372107726,64.35469008454535,35806900
2023-01-10,64.3207015991211,64.45663539821969,64.16777931597532,64.36318253175948,35695500
2023-01-11,64.74549865722656,64.77948211417022,64.43965402641528,64.56709036953359,31826700
2023-01-12,65.11079406738281,65.16176599735742,64.60955280481966,64.90689986580456,29404900
2023-01-13,65.11079406738281,65.2212354095544,64.75397759420093,64.7879610414106,26301500
2023-01-17,64.88992309570312,65.03435440726098,64.81346517930334,65.00886195344609,30961200
2023-01-18,64.96639251708984,65.48462892947576,64.94939754656585,65.28922565854249,52989700
2023-01-19,64.58409881591797,64.84746906820156,64.52462936830884,64.74551866586434,50070900
2023-01-20,64.71150970458984,64.71150970458984,64.3377046733187,64.56708488610597,36625400
2023-01-23,64.70303344726562,64.88144176046387,64.54161362412705,64.65205501372142,26764800
2023-01-24,64.74549865722656,64.77948211417022,64.46513999870261,64.57558785418992,27774500
2023-01-25,64.73697662353516,64.80494351164862,64.46511555276051,64.53308244087398,25857700
2023-01-26,64.8984146118164,64.96638151904216,64.64354195056033,64.872928642027,25512400
2023-01-27,64.70303344726562,64.88144176046387,64.60958054773093,64.79647986511773,35813400
2023-01-30,64.34618377685547,64.59255891195308,64.3291952938087,64.4651226032226,32002000
2023-01-31,64.84745788574219,64.87294386151072,64.49913226575222,64.51612723738626,41006600
2023-02-01,65.5286636352539,65.71647480760399,64.69205200744351,64.86279239734354,46900900
2023-02-02,65.90430450439453,66.02381956618923,65.79332809360871,66.00674877725388,56399900
2023-02-03,65.21283721923828,65.61406923054145,65.16161832863234,65.3921098494428,39682300
2023-02-06,64.79450225830078,64.96523615097551,64.70059666340552,64.93108806982447,40944200
2023-02-07,65.02500915527344,65.18721095111124,64.69207342608787,64.73476016596585,37101300
2023-02-08,64.75182342529297,65.01646945821795,64.61523759711218,64.93109598838849,34066600
2023-02-09,64.3335189819336,64.97378090929115,64.27376146257014,64.97378090929115,42581900
2023-02-10,63.838401794433594,64.23963377171235,63.761573465039724,64.05182250463862,65905000
2023-02-13,64.0005874633789,64.21400811971239,63.81277624371239,63.88107241687868,38741300
2023-02-14,64.01765441894531,64.18839484164295,63.60789043063332,63.88106859386836,54193600
2023-02-15,63.91523361206055,63.92376575064505,63.66766481836917,63.78717988938116,44897600
2023-02-16,63.40301513671875,63.67619335688472,63.36887355814521,63.633513127126534,89945400
2023-02-17,63.65058898925781,63.75303327239063,63.06155227222246,63.300582419782664,75910300
2023-02-21,62.66886520385742,63.19814443676567,62.412757727035974,63.04448125328954,98782400
2023-02-22,63.07859802246094,63.33470537208413,62.831029321313295,62.831029321313295,70093300
2023-02-23,63.70180130004883,63.7957069120239,63.28349211467562,63.368865589621464,47908100
2023-02-24,63.31765365600586,63.44570738255226,63.104232949456225,63.17252913869205,47576500
2023-02-27,63.744483947753906,63.829850912863364,63.4969151897791,63.616430243548734,40292000
2023-02-28,63.62498092651367,63.71888655981777,63.53107529320958,63.71888655981777,32999000
2023-03-01,63.444618225097656,63.64215430990299,63.29002163354944,63.624979823129465,45341400
2023-03-02,63.521888732910156,63.59919027517868,63.10963568295833,63.10963568295833,37886100
2023-03-03,64.17465209960938,64.25194711540188,63.70227182761199,63.805338401314955,50123300
2023-03-06,64.17465209960938,64.40654369963318,64.12312208908105,64.32065816453719,33430800
2023-03-07,63.71944808959961,64.21758677687275,63.71085757094009,64.18323780752631,40222100
2023-03-08,63.418827056884766,63.86544220666259,63.290002064299415,63.76237565994973,54303900
2023-03-09,63.06670379638672,63.74521058559241,62.99799275510488,63.47896349143222,52669500
2023-03-10,63.07530975341797,63.51332800534931,62.84341157049228,63.109665282467965,81516000
2023-03-13,62.731746673583984,63.539085040064094,62.55138510179186,62.8605782399057,78478100
2023-03-14,63.186954498291016,63.478973192041224,62.92929133043181,63.29002107596401,66395600
2023-03-15,62.98081970214844,63.04094022647471,62.36243342185209,62.534204476314095,81454700
2023-03-16,63.39309310913086,63.51333419620256,62.714586087713236,62.80906216364783,63386700
2023-03-17,63.015167236328125,63.36729981913575,62.90351016769934,63.075287753034054,55132200
2023-03-20,62.84339904785156,63.17835719853383,62.75751351866433,62.894935607480576,38540800
2023-03-21,63.530494689941406,63.62497073531795,63.12682550563174,63.255657072294824,38203400
2023-03-22,63.590606689453125,64.23475788377176,63.30717859131818,63.53907669075397,55263500
2023-03-23,63.34152603149414,63.87402664318531,63.14398347392749,63.58200806495339,54660900
2023-03-24,63.21272659301758,63.290028173102314,63.03236497634959,63.08389499464122,44225600
2023-03-27,63.05809783935547,63.43600192123662,63.05809783935547,63.34152590076633,30905100
2023-03-28,63.02375793457031,63.10105949439105,62.81763136279097,62.93787240904938,38277200
2023-03-29,63.81393051147461,63.82251447834579,63.25566469046388,63.25566469046388,44457300
2023-03-30,64.19180297851562,64.20039349465988,63.78813390410611,63.9599114637718,37130200
2023-03-31,64.88748931884766,64.97337482062571,64.37216320289183,64.38934423483369,54218900
2023-04-03,64.83747863769531,64.9668960765818,64.68217902752039,64.82884905311771,43302900
2023-04-04,64.64765930175781,64.93237631571873,64.57863579853513,64.83747064439842,46144300
2023-04-05,64.28528594970703,64.66490199447436,64.2076328748493,64.60450808400392,37633900
2023-04-06,64.56999969482422,64.67353493920339,64.09547796858287,64.1817540476774,35719600
2023-04-10,64.50959014892578,64.54410188868911,64.1989976559384,64.34566761310158,29083900
2023-04-11,64.64765930175781,64.79432930927335,64.4578479591172,64.50961229531244,28875100
2023-04-12,64.63038635253906,65.03588449570438,64.57861545021296,64.97549059502516,41457600
2023-04-13,65.0704116821289,65.24297042677351,64.74255994096873,64.74255994096873,95864000
2023-04-14,64.94962310791016,65.18257576490045,64.7770709476857,65.05315835351061,43767600
2023-04-17,64.77706146240234,64.84608494936224,64.54410883952322,64.76843188092185,26391100
2023-04-18,64.8202133178711,65.01865424965995,64.69080247370853,64.93237815940365,28030700
2023-04-19,64.56139373779297,64.69943418429608,64.51825239563563,64.56139373779297,26979400
2023-04-20,64.50098419189453,64.60451285609537,64.31980244710003,64.40607852808174,30203900
2023-04-21,64.69940185546875,64.73391359546095,64.44057367918926,64.60449621610053,33061800
2023-04-24,64.880615234375,64.93238616086339,64.664921690933,64.73394520462114,24661600
2023-04-25,64.77706146240234,64.96687276032102,64.71666755692294,64.84608494936224,34575300
2023-04-26,64.52687072753906,64.8029581548423,64.43196505729951,64.7598168202085,33762700
2023-04-27,64.7425537109375,64.92373543854733,64.53548981973232,64.64764805612629,39687600
2023-04-28,65.0186538696289,65.12218912679755,64.75981901792915,64.75981901792915,33821100
2023-05-01,64.7205810546875,64.98920096982891,64.58193425265104,64.92854464669881,37748300
2023-05-02,64.65990447998047,64.76388293789822,64.44327387793007,64.72056078411293,39045300
2023-05-03,64.62525177001953,65.02385133985281,64.60791761726378,64.72923024238511,33178300
2023-05-04,64.43462371826172,64.47795249446308,64.20065890444323,64.45195126211642,45207600
2023-05-05,64.78121185302734,64.86786276463666,64.53858665610497,64.62523756771428,31591500
2023-05-08,64.5992660522461,64.72923916061042,64.4519521776946,64.72923916061042,18367400
2023-05-09,64.43462371826172,64.53860881451916,64.35663324330787,64.42595664081283,21732900
2023-05-10,64.82453155517578,64.91984953765851,64.58190636741628,64.78986986963292,35392700
2023-05-11,64.7205810546875,64.78989784466233,64.65125765366928,64.76390322204135,25265500
2023-05-12,64.4865951538086,64.80721082045328,64.36528254719519,64.71189282796544,27553200
2023-05-15,64.46926879882812,64.54725264263709,64.38261787980439,64.49526341343112,19764500
2023-05-16,64.01868438720703,64.36529473360167,63.958028072416155,64.34796719125106,40998700
2023-05-17,64.1919937133789,64.41728482212358,64.06201400538463,64.08800862477497,38534100
2023-05-18,64.22664642333984,64.2873027304448,63.95801996812506,64.00134873507501,29129200
2023-05-19,64.29597473144531,64.43462152172886,64.18332917262205,64.28731426533471,36044900
2023-05-22,64.5819320678711,64.70324471002735,64.31331216181698,64.31331216181698,34897700
2023-05-23,64.24395751953125,64.53857851508779,64.18330122795196,64.46058807674872,32415500
2023-05-24,63.793373107910156,64.13997673365505,63.663393442735625,64.06199290117456,38083200
2023-05-25,63.750030517578125,64.04465146878701,63.73270298446652,64.02731732463644,21457900
2023-05-26,64.1399917602539,64.21798222204625,63.79338805330733,63.81938267022414,23547600
2023-05-30,64.41728973388672,64.42595681135855,64.20065907439255,64.42595681135855,27482600
2023-05-31,64.21797180175781,64.33928440171279,64.07932505264306,64.24396641445661,43393600
2023-06-01,64.60368347167969,64.6994576617757,64.23800382368516,64.25542093607466,42425700
2023-06-02,64.9345474243164,65.09997014928356,64.69076097263208,64.83006466958771,49950900
2023-06-05,64.88229370117188,64.9084193682322,64.72557291221835,64.88229370117188,24080200
2023-06-06,64.98677825927734,65.00419537113811,64.70816425364188,64.82134891000939,23006600
2023-06-07,64.62983703613281,65.11741011057435,64.55147328192047,65.03904635636201,32340900
2023-06-08,65.0390396118164,65.07386720533417,64.6298303340222,64.6298303340222,33987800
2023-06-09,65.05644226074219,65.17833548960203,65.03032323208404,65.09126984651397,27016700
2023-06-12,64.98677825927734,65.126088583436,64.84747457780055,65.11738002750562,30629500
2023-06-13,65.06515502929688,65.24799488442123,64.96938082289604,65.1522206780204,39425900
2023-06-14,65.09127044677734,65.2915207634583,64.78653737181753,65.1260980328703,32864600
2023-06-15,65.40469360351562,65.43081262503658,65.14349010294424,65.17831767919915,42412300
2023-06-16,65.23926544189453,65.3959862164996,65.2131464199072,65.37856910672066,47560800
2023-06-20,65.06515502929688,65.23928632674391,65.06515502929688,65.13480356266577,31930500
2023-06-21,64.89970397949219,65.0390076424054,64.76910222866789,64.93453155589073,39751900
2023-06-22,64.70818328857422,64.84749365371323,64.69077281427376,64.75171943835112,31504700
2023-06-23,64.59497833251953,64.65592493747516,64.42954898649066,64.61238880135754,33811100
2023-06-26,64.62983703613281,64.71690270761381,64.5079371248375,64.60371135627207,36111900
2023-06-27,64.84749603271484,64.9084426590281,64.68206662871428,64.69947710365346,31707600
2023-06-28,65.22187805175781,65.22187805175781,64.79524506607551,64.83878121324584,35679600
2023-06-29,65.04773712158203,65.05644567915326,64.80395065105252,64.98679050394965,41712000
2023-06-30,65.36117553710938,65.50918779508982,65.2044547219881,65.26540133660843,35842000
2023-07-03,65.25875091552734,65.38130202113965,65.23248423986668,65.37254646258609,13046500
2023-07-05,65.05743408203125,65.25001636099562,64.95238738117709,65.23250523825166,37947100
2023-07-06,64.58473205566406,64.65476318751709,64.4096609045678,64.58473205566406,52251100
2023-07-07,64.64600372314453,65.06618381035638,64.5409637102435,64.56722371346876,42269100
2023-07-10,64.96987915039062,65.0399102634322,64.69851693552268,64.70726581575198,45752200
2023-07-11,65.32000732421875,65.32000732421875,65.03113408342428,65.13618071967656,32000700
2023-07-12,65.82772827148438,65.9240193696463,65.67016162708609,65.73143717332245,42820700
2023-07-13,66.2216567993164,66.29168791223857,66.01157013908444,66.09035013222099,33954200
2023-07-14,65.74020385742188,66.2041483115242,65.69643941900804,66.15162831401368,36081800
2023-07-17,65.86275482177734,65.96780149509574,65.65266815367531,65.70518815106713,28836600
2023-07-18,66.04658508300781,66.13412732146801,65.88901840372861,65.91528508238775,25990800
2023-07-19,66.09910583496094,66.22165694357443,66.0553347196556,66.16913026950112,26794800
2023-07-20,65.81024932861328,65.9152960250834,65.63517817969931,65.83650933309676,27028500
2023-07-21,65.97657012939453,66.08161014499497,65.82775230973377,65.82775230973377,37447800
2023-07-24,65.86275482177734,66.12536816580595,65.84525038215833,66.02907705156444,20925500
2023-07-25,65.81900787353516,65.88903232915358,65.70520561089921,65.79274786786118,30067600
2023-07-26,66.08157348632812,66.14284902094789,65.75769137985183,65.79270692513919,33068400
2023-07-27,65.55638122558594,66.25667906869043,65.41632566408616,66.20415238940971,48675800
2023-07-28,65.93278503417969,65.98530503085209,65.78397392458477,65.83649392125717,27588400
2023-07-31,66.09034729003906,66.17788283816009,65.9853006251733,66.02031618012856,30744800
2023-08-01,65.76315307617188,65.93026769700963,65.68399775705036,65.93026769700963,34529700
2023-08-02,65.48171997070312,65.54328747375756,65.31461201118653,65.48171997070312,37500500
2023-08-03,65.2706298828125,65.402562158763,65.16508271998123,65.2706298828125,30348000
2023-08-04,65.65762329101562,65.9126905445527,65.58725852238051,65.65762329101562,37411900
2023-08-07,65.78076171875,65.81594410490624,65.61364706209633,65.78076171875,19412600
2023-08-08,65.9214859008789,65.96546556206195,65.66642533915059,65.73678340254763,32545600
2023-08-09,65.93028259277344,66.00944464013278,65.78955975686831,65.93028259277344,27569200
2023-08-10,65.9127197265625,66.27332758235308,65.73680772709191,65.97428724878804,43697200
2023-08-11,65.81594848632812,65.84233360011328,65.5960635909792,65.68401620704788,23329000
2023-08-14,65.8071517944336,65.90390168607235,65.58726689713725,65.70160462800372,28545100
2023-08-15,65.5960464477539,65.78074890633334,65.56966134086437,65.63122882705753,32968600
2023-08-16,65.39376068115234,65.74557782428955,65.39376068115234,65.56967260789789,31759400
2023-08-17,65.12110900878906,65.45533162165889,64.96279162156563,65.42894650884736,38546600
2023-08-18,65.16507720947266,65.3673742435373,64.96278688576174,64.9891719966498,44130500
2023-08-21,65.14749145507812,65.20905895256979,64.94519441454611,65.15628872910663,30768700
2023-08-22,65.18267822265625,65.31461050053706,65.12990799564568,65.28822538703177,18135400
2023-08-23,65.71038818359375,65.80713805503278,65.43773311518544,65.43773311518544,33378000
2023-08-24,65.34977722167969,65.71918214290116,65.27941246229861,65.71918214290116,34336100
2023-08-25,65.62245178222656,65.70160712729414,65.31461425637245,65.3673844864175,31149300
2023-08-28,65.86872100830078,65.90390339802465,65.69281577003612,65.87751828332043,21461600
2023-08-29,66.28211975097656,66.28211975097656,65.77198505736735,65.79837017766503,42178200
2023-08-30,66.2557144165039,66.38764668809686,66.19414691780774,66.28209952875169,29458200
2023-08-31,66.21172332763672,66.29967592339995,66.10618289686202,66.20292605495452,30824500
2023-09-01,66.33631896972656,66.48653946799843,66.14191279935731,66.44236053768806,33213100
2023-09-05,65.90332794189453,66.239116128998,65.85030378682458,66.239116128998,29500600
2023-09-06,65.74427032470703,65.87682060245227,65.61172004696179,65.84147341226772,30797500
2023-09-07,65.9651870727539,66.00053426393819,65.63823061063977,65.63823061063977,28757400
2023-09-08,65.93868255615234,66.16842920077282,65.88565839511179,66.0977415556984,26389100
2023-09-11,66.0535659790039,66.0535659790039,65.89450695513543,66.02705726532396,29159400
2023-09-12,65.94751739501953,66.06239746451226,65.88566148905734,65.88566148905734,21668500
2023-09-13,66.12425994873047,66.19495434594535,65.9210152421849,65.9210152421849,27498900
2023-09-14,66.20377349853516,66.27446788230527,66.1242473731344,66.19494175690451,29575900
2023-09-15,65.95635223388672,66.14191994151713,65.95635223388672,66.00936965269891,41636900
2023-09-18,66.00054931640625,66.0712369731089,65.87683748994048,65.87683748994048,19549700
2023-09-19,65.79730987548828,65.95636891393787,65.75313092923473,65.85916579367482,33937200
2023-09-20,65.74427032470703,66.06238829458073,65.7354318417141,65.94750824103417,26715100
2023-09-21,65.27593231201172,65.5321943863117,65.27593231201172,65.47917022976834,43327300
2023-09-22,65.39082336425781,65.62940853717265,65.38198487880494,65.40849359337449,36657300
2023-09-25,65.30245208740234,65.4173254194394,65.1522315589412,65.22291921000102,30197500
2023-09-26,65.0196762084961,65.29360853227436,64.97549053095025,65.24942285472852,39193000
2023-09-27,64.93130493164062,65.25825464149054,64.81642487852609,65.2052372273067,45532200
2023-09-28,65.24059295654297,65.26710166710455,64.7810861675154,64.81643336219352,45776600
2023-09-29,65.14339447021484,65.57638583755813,65.13455598547235,65.51452992793766,51698300
2023-10-02,64.74808502197266,65.05898817946633,64.66814140026595,64.93462691646886,69255900
2023-10-03,64.09073638916016,64.6681317539089,64.0640885192329,64.490467992428,77754200
2023-10-04,64.41942596435547,64.517139374485,64.06411186626481,64.24176891531013,138971500
2023-10-05,64.4815902709961,64.5615406668362,64.31281815032084,64.37499877944968,56138500
2023-10-06,64.5704345703125,64.68591096134594,64.04633481400117,64.22399862003095,52741500
2023-10-09,65.05012512207031,65.05900323063796,64.57932105788328,64.57932105788328,27277200
2023-10-10,65.03233337402344,65.23664501413138,64.80137386285354,64.8813242532192,50761600
2023-10-11,65.02347564697266,65.23667225886497,64.73922027496556,65.15672183510969,53330500
2023-10-12,64.6770248413086,64.99681290887249,64.48159804699942,64.99681290887249,60368000
2023-10-13,64.62373352050781,65.05899800674644,64.56155287961658,64.85469309118163,54191200
2023-10-16,64.60596466064453,64.76585869087054,64.55266213244856,64.59707977641504,39352900
2023-10-17,64.3039321899414,64.49935895741035,64.21510368941375,64.33058006238169,50948700
2023-10-18,63.993045806884766,64.3661296731057,63.948628156399536,64.23288349883195,58306500
2023-10-19,63.76207733154297,64.31282494572007,63.762077331542976,63.993036882930916,70971900
2023-10-20,63.89531707763672,64.03744132618539,63.79760369174311,63.83313644817537,64845500
2023-10-23,64.1529312133789,64.3305882370095,63.67324911695911,63.75319274443856,47508700
2023-10-24,64.4815902709961,64.50824492106298,64.250637521192,64.32170303367647,46427900
2023-10-25,64.13516998291016,64.37501445164065,64.06411123030662,64.3217186928925,42518300
2023-10-26,64.35723114013672,64.47271429603647,64.0463279842153,64.14404137281639,45233400
2023-10-27,64.27728271484375,64.49935734921588,64.16180634475505,64.41940695670831,35621800
2023-10-30,64.29505920410156,64.40165749076814,64.19734580228588,64.26841132673027,29094000
2023-10-31,64.4638442993164,64.66815600735056,64.29506535690481,64.32172001400828,42185900
2023-11-01,65.07827758789062,65.07827758789062,64.55136060540511,64.55136060540511,59313100
2023-11-02,65.81060028076172,65.89990628416838,65.48016057318462,65.48909321760868,68930600
2023-11-03,66.45361328125,66.49826287539125,66.08744981579129,66.22141222543743,88763600
2023-11-06,66.18567657470703,66.43573606054203,66.12316170324829,66.30177367495615,93899100
2023-11-07,66.19461822509766,66.27499157922036,65.99814094131652,66.14102917540497,50458200
2023-11-08,66.23033905029297,66.29285392748672,66.14102624263568,66.17675000297648,41143500
2023-11-09,65.81953430175781,66.25714535604335,65.8016758242988,66.13211557299381,62856100
2023-11-10,66.14105224609375,66.17677602047941,65.97137283477846,66.00709660916412,35563300
2023-11-13,66.07852172851562,66.14103661551357,65.89990971241055,65.89990971241055,37530100
2023-11-14,66.74830627441406,66.91799240653019,66.6411418234856,66.6411418234856,68210800
2023-11-15,66.53398895263672,66.72153360721883,66.47147406777601,66.63222760221946,44022800
2023-11-16,66.62327575683594,66.68579062367988,66.48931338113906,66.56076088999198,52928200
2023-11-17,66.77511596679688,66.77511596679688,66.51613059591942,66.63222772126488,44272100
2023-11-20,66.84654235839844,66.93584833531736,66.6679304045606,66.6679304045606,30846200
2023-11-21,66.93587493896484,66.95374022961475,66.80191932715049,66.80191932715049,29493900
2023-11-22,67.05194854736328,67.12339605041002,66.87332978974642,67.02515743712299,40866800
2023-11-24,66.98049926757812,67.00729037710775,66.93584287595624,66.99835773606164,8536200
2023-11-27,67.07875061035156,67.15912395419598,66.9179971090527,66.98051198102392,31007400
2023-11-28,67.37346649169922,67.40025760631138,67.025168374521,67.0698179610046,44031100
2023-11-29,67.73961639404297,67.90930252131669,67.61458666245476,67.64137777442232,48815500
2023-11-30,67.61461639404297,67.74857882639628,67.40921323623192,67.71285505686124,55047100
2023-12-01,68.1744384765625,68.19238531273167,67.46568903155527,67.54643610489154,60321100
2023-12-04,68.00395965576172,68.04881304030636,67.77967219890856,67.77967219890856,33105700
2023-12-05,68.06675720214844,68.14749739799032,67.88732313687248,67.88732313687248,32466500
2023-12-06,68.07573699951172,68.21031086343997,68.03088360800966,68.14751063956825,21297200
2023-12-07,68.1923599243164,68.3089869371451,68.11161288104275,68.17441309482895,27779300
2023-12-08,68.05780792236328,68.10266816576804,67.88734721107978,68.01294767895853,30123200
2023-12-11,68.012939453125,68.02191286966308,67.79762536919009,68.00397288129822,30141700
2023-12-12,68.16544342041016,68.1923568187057,67.82452212277414,67.97703594292202,29203400
2023-12-13,69.20614624023438,69.21511965620738,68.23722265647659,68.27310947565772,64201300
2023-12-14,69.51177978515625,69.76422095080854,69.37654148112657,69.53882607026101,67220400
2023-12-15,69.35850524902344,69.73716695563745,69.196220677831,69.44866181557366,36336400
2023-12-18,69.4035873413086,69.49374390833914,69.17819248447965,69.49374390833914,34793600
2023-12-19,69.60192108154297,69.68306679754872,69.45767196648349,69.48471824565061,25269400
2023-12-20,69.6109619140625,69.90848484069777,69.57489790369702,69.68308993479347,38376400
2023-12-21,69.92650604248047,69.98961633434709,69.71012888158145,69.88143119315055,22861400
2023-12-22,69.84537506103516,70.09781625696218,69.80029332811674,70.04372368026544,18048400
2023-12-26,69.9805908203125,69.98960166118583,69.8543702630411,69.87239882329224,12374700
2023-12-27,70.26909637451172,70.39531693257463,69.97157353971863,70.02566609931573,22835300
2023-12-28,70.04373168945312,70.2420803313637,69.9084933537407,70.23306260804755,22648100
2023-12-29,69.77324676513672,70.19699029027778,69.77324676513672,70.02568796007012,36993900
2024-01-02,69.53883361816406,69.63800792665005,69.45769475404278,69.53883361816406,41547100
2024-01-03,69.34949493408203,69.4937509587704,69.01591491437541,69.16918178172742,39495500
2024-01-04,69.07902526855469,69.33146643348373,69.06098982619926,69.25032069989604,32856100
2024-01-05,69.13311767578125,69.42162284623576,69.01591481477048,69.06098966354116,31158500
2024-01-08,69.52079772949219,69.57489029987534,69.15114682252499,69.15114682252499,33479100
2024-01-09,69.62895965576172,69.71009847626897,69.38552943723411,69.43061114540676,25593500
2024-01-10,69.75521850585938,69.86340365930272,69.67407276227017,69.79128251650938,35702800
2024-01-11,69.9805908203125,69.98960166118583,69.57487599036489,69.73716054664304,35947100
2024-01-12,70.052734375,70.25108299380828,69.98962407615251,70.034705808975,31155500
2024-01-16,69.6109619140625,69.9175025629158,69.53883389333153,69.9175025629158,43669900
2024-01-17,69.31343078613281,69.49375081662444,69.1781993613964,69.49375081662444,54160800
2024-01-18,69.4576644897461,69.46668220799921,69.28636223545487,69.4125827769841,34837600
2024-01-19,69.57488250732422,69.57488250732422,69.22326708220376,69.48472594061477,44359700
2024-01-22,69.62895965576172,69.80927273144644,69.58387794758907,69.58387794758907,36758900
2024-01-23,69.5478515625,69.64702587130277,69.44867725369723,69.59293329504914,24561500
2024-01-24,69.51177978515625,69.80930267832039,69.44866949374318,69.78225639321563,27623300
2024-01-25,70.04373168945312,70.04373168945312,69.69211614370529,69.75522644990343,48268800
2024-01-26,69.98959350585938,70.1158140484233,69.95352951105487,70.00762894251348,26232800
2024-01-29,70.14289093017578,70.16993721580201,69.93552460953137,70.01667034491605,25924900
2024-01-30,70.052734375,70.16994412893581,69.89946748901421,70.14289784064499,32486600
2024-01-31,69.8543930053711,70.23305480046531,69.80931127230937,70.05273474672516,55548900
2024-02-01,70.25666809082031,70.32009271382337,69.86705771729713,70.06639422181115,48019300
2024-02-02,69.93955993652344,70.03016557265697,69.80364802593967,69.81271066338309,42727400
2024-02-05,69.61336517333984,69.77645806253524,69.45933492042364,69.72208915762607,51908600
2024-02-06,69.86708068847656,69.9667489735029,69.64962575422258,69.64962575422258,32948200
2024-02-07,69.98484802246094,70.03921692559486,69.78551150742348,70.01202901764499,42954100
2024-02-08,69.94860076904297,70.0392132986519,69.87612042322746,69.93048241078046,25548400
2024-02-09,70.09358215332031,70.13888842256347,69.89424562907627,69.99391389119829,33951400
2024-02-12,69.93955993652344,70.18419584536069,69.92143466163657,70.06640920966377,36249100
2024-02-13,69.37779998779297,69.58619919058073,69.26001334181491,69.46840563183514,69904200
2024-02-14,69.64961242675781,69.75833641669658,69.52276316331832,69.5771251582877,38603100
2024-02-15,69.89425659179688,69.9758065066722,69.71304531193405,69.76740731333946,44319900
2024-02-16,69.68585205078125,69.7764576747716,69.60430215025372,69.70397041047292,50322900
2024-02-20,69.83081817626953,69.88518016695035,69.60430066474501,69.66772529146124,31994100
2024-02-21,69.70396423339844,69.87611974266012,69.6042959820117,69.82175084287121,38674100
2024-02-22,70.03921508789062,70.04827081087049,69.85799693680877,69.90330320277064,45450200
2024-02-23,70.08452606201172,70.18419433344162,70.03016406405605,70.10265133650813,24686900
2024-02-26,69.85799407958984,70.08451157460328,69.83987572160552,70.05733058124412,32795300
2024-02-27,69.94860076904297,69.94860076904297,69.81269580016048,69.90330141700396,30926600
2024-02-28,69.93955993652344,70.02110293521353,69.85801002506639,69.90331629951663,24667600
2024-02-29,70.06639099121094,70.19324023136832,69.98484110095826,70.0392099987151,43322400
2024-03-01,70.3288345336914,70.35617036132862,69.96434061019403,70.10102670052346,39342900
2024-03-04,70.31062316894531,70.37440909340275,70.19215862913553,70.27417307609187,21607300
2024-03-05,70.25595092773438,70.48375881462854,70.21950083157391,70.31062954804757,38076900
2024-03-06,70.42908477783203,70.53843506263583,70.32884875479807,70.43819903960187,34335200
2024-03-07,70.51107025146484,70.62953476103318,70.45639860221335,70.61130624318763,30393000
2024-03-08,70.52930450439453,70.83001250401495,70.52019024473063,70.6113119849402,38317900
2024-03-11,70.52017974853516,70.5566298296224,70.43817228019545,70.47461540914057,27177600
2024-03-12,70.583984375,70.62954872648065,70.40174087336531,70.62954872648065,33351700
2024-03-13,70.61132049560547,70.78445668937167,70.52931300517557,70.52931300517557,28482200
2024-03-14,70.27415466308594,70.62953428511115,70.19214023761876,70.59308420180824,46677200
2024-03-15,70.2286148071289,70.38352250107015,70.12837878113281,70.23772906916808,53985300
2024-03-18,70.39263916015625,70.45642509231266,70.32885322799984,70.41086073271013,34649300
2024-03-19,70.67509460449219,70.69332312297045,70.36527931178995,70.37439357102907,41841500
2024-03-20,70.91202545166016,70.93936128061623,70.5930958602666,70.65688177854531,36886700
2024-03-21,70.87556457519531,71.03958647611152,70.78444284182912,71.03047221713211,34693300
2024-03-22,70.80266571044922,70.97580187353063,70.76622257814627,70.90290170463922,26955700
2024-03-25,70.69332885742188,70.77533634079782,70.65687876965144,70.67510033746497,29373100
2024-03-26,70.61132049560547,70.78445668937167,70.5930989262246,70.77534242860924,28522200
2024-03-27,70.98494720458984,70.98494720458984,70.71157492765646,70.78447512845813,28891100
2024-03-28,70.83000946044922,71.0031386737651,70.82089520117695,70.89379537106934,31546700
2024-04-01,70.54151916503906,70.84376314717949,70.51404370987247,70.84376314717949,47857400
2024-04-02,70.42245483398438,70.44077646209011,70.26675593335435,70.30339220191208,45551200
2024-04-03,70.47740173339844,70.51403799987185,70.25759112221128,70.32170284162642,29542300
2024-04-04,70.42245483398438,70.72469880884529,70.32170684236407,70.62395081722498,36056400
2024-04-05,70.35832977294922,70.45907774547052,70.33085432365293,70.36749058526544,30857300
2024-04-08,70.52320098876953,70.55983725637303,70.32170501077705,70.36750209219481,31067800
2024-04-09,70.66974639892578,70.73385812062673,70.54151596787028,70.63311013114615,32219100
2024-04-10,70.04694366455078,70.30339055077825,69.88208395373977,70.20264256152409,76623900
2024-04-11,69.98281860351562,70.12019584662792,69.7996372999455,70.07440576147457,50836000
2024-04-12,69.94618225097656,69.9919723360698,69.83627346897877,69.95533607540386,41441700
2024-04-15,69.5431900024414,70.01944741326791,69.46075666946724,70.01944741326791,55560400
2024-04-16,69.314208984375,69.52486570590402,69.23177566285453,69.52486570590402,55746100
2024-04-17,69.40580749511719,69.64393970026656,69.34169578461378,69.50655546700145,48158800
2024-04-18,69.46076202392578,69.50655909995865,69.27758769509974,69.40581112280852,40291400
2024-04-19,69.5890121459961,69.68059933634541,69.51573959865475,69.52490041398609,54739500
2024-04-22,69.97367095947266,70.0011464132656,69.70806326005157,69.73553871384452,40772500
2024-04-23,70.2575912475586,70.30338832764541,69.95534728935368,70.03778063597927,43554400
2024-04-24,70.10189056396484,70.24842863872163,69.94619167589413,70.22095318643306,40496500
2024-04-25,69.95533752441406,69.97365914895265,69.52487717489065,69.6805760452067,46371600
2024-04-26,70.1751708984375,70.21180716811384,69.94619945370087,69.94619945370087,34500800
2024-04-29,70.38581085205078,70.38581085205078,70.22095115543439,70.2667482330262,33157800
2024-04-30,69.87291717529297,70.30338454942289,69.87291717529297,70.15683949114334,49937500
2024-05-01,70.24120330810547,70.55424239064828,69.90974602983455,69.92815720107916,71484700
2024-05-02,70.67393493652344,70.69234610655593,70.27802804823618,70.41613640917043,41497900
2024-05-03,70.96856689453125,71.25398570552741,70.83966762346954,71.03301653006211,44204400
2024-05-06,71.05142974853516,71.10667731235606,71.00539830724865,71.05142974853516,29547100
2024-05-07,71.06063079833984,71.15270069496874,70.92252244115507,71.1342895254361,34064000
2024-05-08,70.89491271972656,70.95015326102397,70.8488742523228,70.88570362134904,22959500
2024-05-09,70.913330078125,70.95015945036405,70.76601961365331,70.85808953200868,24590900
2024-05-10,70.8028335571289,70.92252372246055,70.7199657315278,70.9041125525953,24633800
2024-05-13,70.78440856933594,70.95013718014961,70.75678830494738,70.95013718014961,22109800
2024-05-14,70.89491271972656,70.92253299037527,70.80284280940292,70.82125398167409,27298700
2024-05-15,71.3092269897461,71.31843608762789,71.06984664068757,71.1250871790113,56544400
2024-05-16,71.14347839355469,71.31841608181873,71.13427632273772,71.31841608181873,31749800
2024-05-17,71.15269470214844,71.18031496636252,71.04221364529214,71.0974541737203,31550300
2024-05-20,71.18954467773438,71.18954467773438,71.07905656440056,71.10668386109722,18665000
2024-05-21,71.13429260253906,71.26319186829198,71.12508350513295,71.14349467546202,20295900
2024-05-22,70.9777603149414,71.06983723260335,70.9133106872676,71.03300787043509,31110700
2024-05-23,70.72917175292969,71.09745835456617,70.70155148709141,71.05141989518062,36464700
2024-05-24,70.9777603149414,70.99617850826682,70.74758206975172,70.83965898741366,20488500
2024-05-28,70.69234466552734,71.06984037608706,70.67393349587016,71.05142218194699,27771700
2024-05-29,70.48057556152344,70.57264544696241,70.45294827385796,70.47136646563494,38800000
2024-05-30,70.7660140991211,70.78442527156365,70.55424698136991,70.55424698136991,44210200
2024-05-31,71.01459503173828,71.03301322645247,70.821246134138,70.821246134138,45381900
2024-06-03,71.23475646972656,71.23475646972656,71.0774999925516,71.10525611716359,36791300
2024-06-04,71.19775390625,71.31800221481897,71.14225577263967,71.1515007567482,39230600
2024-06-05,71.42903137207031,71.42903137207031,71.1885276107128,71.33653209685353,29793700
2024-06-06,71.3087387084961,71.39199295276579,71.2624926236695,71.39199295276579,24398300
2024-06-07,71.1237564086914,71.17000956126189,70.99425605018234,71.03125716079069,32498800
2024-06-10,71.1884765625,71.19772860055988,71.00347814472607,71.04972422055091,24875700
2024-06-11,71.281005859375,71.2902579013402,71.08675532154729,71.15150550082319,25339600
2024-06-12,71.56775665283203,71.81750530685946,71.54925257046575,71.77125215818344,51775700
2024-06-13,71.5584945678711,71.73424803948407,71.46599534074166,71.73424803948407,38532000
2024-06-14,71.281005859375,71.39200919123665,71.17925456947854,71.32725901196075,52953300
2024-06-17,71.32725524902344,71.40125746636048,71.07749952982088,71.17000583011212,33165000
2024-06-18,71.54923248291016,71.60473765718615,71.39198311314311,71.41048013307667,46845500
2024-06-20,71.50301361083984,71.54000766478292,71.35500916610611,71.52151063781139,26989000
2024-06-21,71.58624267578125,71.60474675530361,71.41974124627289,71.49374344988517,26857600
2024-06-24,71.51224517822266,71.69725069942817,71.51224517822266,71.5584983228338,28766200
2024-06-25,71.6047592163086,71.61400420044006,71.48450385020156,71.55850606669208,26111600
2024-06-26,71.44751739501953,71.47526646758455,71.38276720662077,71.46602148155704,29282000
2024-06-27,71.53075408935547,71.53075408935547,71.3920017033913,71.41049872814142,29404500
2024-06-28,71.3550033569336,71.70650329869926,71.3550033569336,71.57700294872033,34952000
2024-07-01,71.34105682373047,71.52703171192258,71.31316129995037,71.48054153711816,31113100
2024-07-02,71.53632354736328,71.5549181960385,71.31315229082894,71.35034868266573,30418400
2024-07-03,71.78739929199219,71.78739929199219,71.52703161109537,71.52703161109537,22067300
2024-07-05,72.00126647949219,72.01986112782545,71.82458539513823,71.86178178629096,25941500
2024-07-08,71.98265838623047,72.04775028496834,71.88966387847505,71.98265838623047,26962000
2024-07-09,71.89898681640625,71.9826804801776,71.81530024712195,71.9826804801776,19108500
2024-07-10,72.06636810302734,72.08496275386668,71.94548513635378,71.9826815325196,25361900
2024-07-11,72.32672119140625,72.38251222715682,72.26162928486868,72.30812654431797,44932500
2024-07-12,72.51270294189453,72.5498922359722,72.33602186983991,72.33602186983991,31688100
2024-07-15,72.52200317382812,72.59639595757707,72.43831661297531,72.5685004372928,23235600
2024-07-16,72.80097198486328,72.838168376441,72.53130346678942,72.59639537842888,41375400
2024-07-17,72.71729278564453,72.76379005798145,72.55921341087932,72.5871089364864,32750400
2024-07-18,72.56852722167969,72.78239768578763,72.5034352854961,72.75450215520738,42513000
2024-07-19,72.51270294189453,72.65218053090007,72.41970842324322,72.6428867546235,36125700
2024-07-22,72.78237915039062,72.79168002304506,72.6336006603555,72.68939170730778,32378800
2024-07-23,72.79167175292969,72.92185557735247,72.74518158391375,72.77307710422058,28826900
2024-07-24,72.5592041015625,72.81957176647371,72.54060945170603,72.7172834560462,37612800
2024-07-25,72.56852722167969,72.83819584143711,72.56852722167969,72.60572362728301,35409000
2024-07-26,72.80097198486328,72.87536476801874,72.7265792017078,72.87536476801874,23683700
2024-07-29,72.73589324951172,72.94046989300567,72.6615004528798,72.90327349468973,28468400
2024-07-30,72.7730941772461,72.85678075779998,72.64291032228135,72.83818610472846,33652100
2024-07-31,73.033447265625,73.08923830815804,72.8660670435393,72.96835535117427,50714800
2024-08-01,72.87359619140625,73.19141702396638,72.85490420437293,73.0885932662226,51319800
2024-08-02,72.63056182861328,72.8829500239182,72.54643718459472,72.73338559238572,71578700
2024-08-05,72.18190002441406,72.33145736001573,71.58365641875476,71.63973952815209,104456100
2024-08-06,72.45297241210938,72.73339506029927,72.13515151954351,72.42493086045295,60113400
2024-08-07,72.59318542480469,72.92034873837878,72.54644475216895,72.89230718744747,56107800
2024-08-08,72.89228820800781,72.92967217843206,72.71468225618686,72.8175060039123,31528100
2024-08-09,72.88294982910156,72.99511602082649,72.75208451767276,72.92968336511208,29759900
2024-08-12,72.92969512939453,72.94839425211477,72.78948736712148,72.94839425211477,33878400
2024-08-13,73.26618957519531,73.27553913420141,72.99510941701018,73.01380853502238,37310200
2024-08-14,73.39705657958984,73.42510525725963,73.191416198047,73.24749929013831,36086900
2024-08-15,73.46251678466797,73.49056547285804,73.33165143295484,73.4344752281047,39411300
2024-08-16,73.69619750976562,73.73358862478598,73.41577484455192,73.42512440621351,33682600
2024-08-19,73.81770324707031,73.84574479390685,73.61205572810334,73.6681388217764,29604300
2024-08-20,73.75228118896484,73.87379695325454,73.63075829304981,73.85510496321972,33189300
2024-08-21,73.92054748535156,73.94858903995667,73.76164058817177,73.82707325945911,34266700
2024-08-22,73.82705688476562,73.92987351830438,73.74292510798428,73.92053108992567,29292100
2024-08-23,74.21966552734375,74.21966552734375,73.92054374066514,74.01401796182233,32590900
2024-08-26,74.07010650634766,74.24771253172416,74.06076407568418,74.21032141419087,20460100
2024-08-27,74.11683654785156,74.19161877218431,73.94858010891558,73.98597122108195,22784300
2024-08-28,74.07945251464844,74.14488518428593,74.01401984501095,74.13553562244454,22351600
2024-08-29,74.15422821044922,74.18226976187579,74.06075399515215,74.15422821044922,18353000
2024-08-30,74.16355895996094,74.23834117307148,74.07008475938495,74.23834117307148,27633300
2024-09-03,73.90057373046875,74.16356394848619,73.8723972308163,74.08842183878234,31596800
2024-09-04,74.17296600341797,74.24810812071954,73.88179925630781,73.88179925630781,32371800
2024-09-05,74.42656707763672,74.46413813900627,74.2481134935654,74.30446650264611,44675300
2024-09-06,74.3326416015625,74.55806079956992,74.19175191557771,74.4547421742442,49888900
2024-09-09,74.5111083984375,74.55806685361401,74.35143675213153,74.45474821989893,24823800
2024-09-10,74.3702163696289,74.54867712516918,74.29507424456486,74.52049345380956,38347600
2024-09-11,74.4829330444336,74.49232043604552,74.17297713849317,74.28568316541856,42342700
2024-09-12,74.58624267578125,74.66137762934538,74.3983873770036,74.43595843675914,28515000
2024-09-13,74.7928695678711,74.83983518205058,74.6707690033297,74.68955094943352,31806800
2024-09-16,74.98072052001953,75.04646807649847,74.80225979559974,74.82104890656298,31402400
2024-09-17,74.99950408935547,75.08404075862853,74.95254564282276,75.04646970183455,27423900
2024-09-18,75.06524658203125,75.40337890441438,74.94314603014962,75.02767552777247,39546900
2024-09-19,75.2906723022461,75.45034390710273,75.22491758336248,75.41277285314602,48785900
2024-09-20,75.38460540771484,75.38460540771484,75.1403971106402,75.29068134451589,43626300
2024-09-23,75.24370574951172,75.33762980025246,75.21552925088407,75.3188478564826,29049400
2024-09-24,75.25311279296875,75.30946579957609,75.14039961380715,75.25311279296875,28674500
2024-09-25,75.16857147216797,75.24371358696574,75.15917691633163,75.2155370854032,28899100
2024-09-26,75.2906723022461,75.31884880122718,75.1591700304247,75.31884880122718,32732300
2024-09-27,75.47853088378906,75.48792544006882,75.32824664710022,75.34703575965973,36712700
2024-09-30,75.42217254638672,75.48792010380366,75.31885393245346,75.45034904728736,31551500
2024-10-01,75.3844223022461,75.50711877792904,75.31835386135221,75.4976783718242,45992200
2024-10-02,75.39385223388672,75.39385223388672,75.21452773120086,75.29946977969632,41214300
2024-10-03,75.21453094482422,75.32778701432382,75.15789570915443,75.29947299694892,31147700
2024-10-04,75.12958526611328,75.233408135374,75.07295722866937,75.20509411665205,40122800
2024-10-07,74.80865478515625,75.07292845984885,74.7992143822265,75.07292845984885,69202500
2024-10-08,74.98800659179688,74.99744699817059,74.846436500792,74.91250494356767,40947200
2024-10-09,74.9408187866211,75.01632763559401,74.88418354943131,74.97857321110756,42426500
2024-10-10,74.9030532836914,74.95024810754924,74.79923043193948,74.94080770259384,30091700
2024-10-11,75.10127258300781,75.12014619551799,74.88418643407825,74.88418643407825,26970800
2024-10-14,75.1390151977539,75.15788880729733,74.9408098934111,75.14845560298528,12065800
2024-10-15,75.12015533447266,75.24285903393829,75.11072212753017,75.12959574233648,31134400
2024-10-16,75.25228118896484,75.32778283079807,75.18621275178603,75.22395997224285,31626300
2024-10-17,75.1390151977539,75.3183468925533,75.0163187334234,75.29002567685919,46599300
2024-10-18,75.31835174560547,75.31835174560547,75.17677446168986,75.22396208904854,28905600
2024-10-21,75.0163345336914,75.23341349329974,74.9408256777751,75.18622585904268,36341500
2024-10-22,74.91249084472656,74.99743288334305,74.82754160519124,74.96911887047088,35466600
2024-10-23,74.68597412109375,74.84643221658165,74.62934608793319,74.808677794168,39761500
2024-10-24,74.9030532836914,74.95968131158551,74.77091641799242,74.8464252557973,30163900
2024-10-25,74.82755279541016,75.08239335120786,74.79923877830372,74.99744409896864,35590200
2024-10-28,75.0163345336914,75.05408176072872,74.9219448633356,74.95969929129376,31854500
2024-10-29,75.03520202636719,75.05407563834626,74.7803686595882,74.7992422715673,42992200
2024-10-30,74.9030532836914,75.17676742004477,74.87473926974435,75.025749744435,28728700
2024-10-31,74.69542694091797,74.92194631212634,74.69542694091797,74.92194631212634,43194600
2024-11-01,74.70014953613281,75.01318047107863,74.68118125388162,74.96574890989041,44045700
2024-11-04,74.90885162353516,75.03216357512723,74.8329640054593,74.98473924161101,27291200
2024-11-05,75.1175308227539,75.12701134620588,74.88038746972038,74.88038746972038,31611900
2024-11-06,75.25033569335938,75.27879173975262,75.01319232402724,75.14599203188993,43173100
2024-11-07,75.5728530883789,75.60130913698865,75.17445393375881,75.22188550613629,51325800
2024-11-08,75.69615173339844,75.72460777428356,75.57283257350974,75.67717621478177,30543400
2024-11-11,75.61079406738281,75.71513773307228,75.61079406738281,75.68668168552817,11008700
2024-11-12,75.30725860595703,75.60131411032424,75.25034650499366,75.51594595887919,44594900
2024-11-13,75.32622528076172,75.506449324985,75.2977619965819,75.49696156359173,33873600
2024-11-14,75.16496276855469,75.44004995439654,75.16496276855469,75.37365009829965,32749300
2024-11-15,75.15548706054688,75.20291139677444,74.98474352863525,75.11754324933962,33709500
2024-11-18,75.2977523803711,75.3072401405527,75.11752835916407,75.19340872949518,27780900
2024-11-19,75.41158294677734,75.4779827932237,75.2218711675136,75.24083945062378,34523200
2024-11-20,75.39262390136719,75.41159218680151,75.3072485243093,75.40210442556366,19934000
2024-11-21,75.42108917236328,75.54440113537142,75.38314535981257,75.44954522251575,28040000
2024-11-22,75.40211486816406,75.49697078255522,75.36417105499912,75.41160263071589,29564900
2024-11-25,75.6866683959961,75.74358048109134,75.6202685510382,75.6202685510382,35003000
2024-11-26,75.54438018798828,75.69615539610602,75.48746810346425,75.69615539610602,41103500
2024-11-27,75.77203369140625,75.77203369140625,75.59180968299432,75.6107779649703,30239600
2024-11-29,75.923828125,75.9522841736912,75.78154064450213,75.8953720763088,25037800
2024-12-02,75.89618682861328,76.16298958138404,75.7818396760702,76.16298958138404,32387400
2024-12-03,75.89618682861328,75.98194174064827,75.85807111109892,75.96288751680598,24868500
2024-12-04,76.07723999023438,76.07723999023438,75.88666864095296,75.95336934018455,22733500
2024-12-05,76.0105209350586,76.05816739578819,75.95335099804646,76.02958242728212,23106300
2024-12-06,76.13441467285156,76.2297003443158,76.08676820220407,76.12488392475592,29931300
2024-12-09,76.03911590576172,76.17251727680313,76.02005441285324,76.13440156081566,22095100
2024-12-10,76.07723999023438,76.17253293470607,75.98195431559367,76.17253293470607,27195200
2024-12-11,76.09628295898438,76.18203786433195,76.0676979905352,76.17251438806835,24730000
2024-12-12,75.88665008544922,76.22015350006025,75.87711933936627,76.04863641971326,29081600
2024-12-13,75.6675033569336,75.95336034700914,75.63891111507894,75.95336034700914,34201100
2024-12-16,75.8104248046875,75.86760201599306,75.73420063932976,75.8009013276614,22269000
2024-12-17,75.64844512939453,75.75326154456464,75.64844512939453,75.6675066247875,29039500
2024-12-18,74.87166595458984,75.80073860488038,74.85251305686755,75.80073860488038,80034500
2024-12-19,74.79503631591797,75.1973202243945,74.79503631591797,75.13984691891108,69005700
2024-12-20,75.26436614990234,75.35056514671216,74.70883714553851,74.70883714553851,63276200
2024-12-23,75.063232421875,75.3697299416619,75.063232421875,75.33141683825387,29239400
2024-12-24,75.30268859863281,75.32184149780913,75.04407696114708,75.0919701703045,11926100
2024-12-26,75.49423217773438,75.49423217773438,75.15900170108561,75.19731479948496,18384900
2024-12-27,75.23564147949219,75.43677980179112,75.21648127309554,75.41761959539447,20631800
2024-12-30,75.34098815917969,75.4176070495877,75.1877357634108,75.26436196129524,20659200
2024-12-31,75.33140563964844,75.51338371943747,75.23562654910535,75.45591772660684,18664900
2025-01-02,75.51337432861328,75.61873350735111,75.39844235724496,75.55168742156116,30415400
2025-01-03,75.62832641601562,75.69537251316063,75.59959341830726,75.65705941372399,32611000
2025-01-06,75.76242065429688,75.84862695722423,75.68579445335628,75.81031385675394,32110000
2025-01-07,75.51337432861328,75.87734505788043,75.494221435877,75.80071887198469,43790200
2025-01-08,75.60917663574219,75.6570625314039,75.43677133491103,75.5229703315882,35304900
2025-01-10,75.21646881103516,75.47508040219894,75.18773581367839,75.47508040219894,37417300
2025-01-13,75.19731140136719,75.24519729159518,75.06321921676722,75.17815119929519,39180700
2025-01-14,75.29309844970703,75.40803775186302,75.23563245236743,75.36972465114437,29581100
2025-01-15,75.9539794921875,75.96355228585759,75.72410090953603,75.81988730604552,53574900
2025-01-16,76.04019165039062,76.05935185600154,75.78158733446203,75.86778633727911,32363000
2025-01-17,76.10723114013672,76.16469713702006,76.04018504128058,76.13596413857839,29546400
2025-01-21,76.30838012695312,76.33711312942008,76.24133401870432,76.25091412201922,32962700
2025-01-22,76.20301055908203,76.35626296138675,76.16469745850584,76.33710275736028,25028500
2025-01-23,76.2988052368164,76.3083780323908,76.08808681453903,76.16470571652191,27434800
2025-01-24,76.38499450683594,76.4616207065306,76.2987955127869,76.33710130515762,23648600
2025-01-27,76.44245910644531,76.49035230724873,76.25090091818458,76.3083669131675,28540600
2025-01-28,76.4137191772461,76.4424521721311,76.30835999101718,76.40413907645915,30439900
2025-01-29,76.3658447265625,76.46162382635055,76.26048552455259,76.39457772575122,20072100
2025-01-30,76.5094985961914,76.56697189368776,76.42329961116063,76.56697189368776,34495300
2025-01-31,76.35626983642578,76.59572125597931,76.30837662952412,76.52867515080342,37101100
2025-02-03,76.26005554199219,76.36589269098248,76.0483812440116,76.17345817435184,29965100
2025-02-04,76.50059509277344,76.50059509277344,76.23119410338897,76.29854435073509,28938600
2025-02-05,76.70264434814453,76.75074747210147,76.5294569525218,76.5294569525218,31834000
2025-02-06,76.58717346191406,76.76998439428988,76.5679336830128,76.70263415719752,24224100
2025-02-07,76.34664916992188,76.56794703932815,76.33702560847989,76.54869991644416,28778200
2025-02-10,76.50059509277344,76.57756156072156,76.46210818848617,76.52945843583228,23382600
2025-02-11,76.47171783447266,76.5198209506088,76.39474403990472,76.5198209506088,24410000
2025-02-12,76.30815887451172,76.42361958480608,76.15421860141215,76.2119452862462,34362700
2025-02-13,76.65453338623047,76.68339672854262,76.375508842836,76.42361930710706,36149900
2025-02-14,76.74112701416016,76.86620393829314,76.70264011274404,76.76999035506579,26668300
2025-02-18,76.67377471923828,76.78922807977001,76.62566425859961,76.73150139950415,23274200
2025-02-19,76.73149871826172,76.74112227817831,76.54868778297356,76.62566158105547,38958600
2025-02-20,76.77960968017578,76.79884945950958,76.6641489822966,76.72187566092346,25789000
2025-02-21,76.63529205322266,76.8373427859429,76.63529205322266,76.75074542013361,32016500
2025-02-24,76.73149871826172,76.81808873563479,76.62566158105547,76.65452492017982,21029200
2025-02-25,76.9239273071289,76.95279798741699,76.81809016794926,76.9239273071289,30604400
2025-02-26,77.02976989746094,77.04901701901505,76.94317987234564,76.97204321405074,21777500
2025-02-27,76.88545227050781,77.04901609863357,76.8469653684854,77.02015275727327,40521800
2025-02-28,77.09711456298828,77.09711456298828,76.90468740512739,76.96241408436055,44321200
2025-03-03,76.9366455078125,77.09131500898197,76.8593181322755,77.03331763356728,40729100
2025-03-04,76.92698669433594,76.98498407163473,76.66598374639543,76.85932062913803,66274600
2025-03-05,76.96565246582031,77.0236498419096,76.7916529625046,76.80131427515427,32302200
2025-03-06,76.67565155029297,76.84965105523126,76.63698417419025,76.78198499081347,50431500
2025-03-07,76.80131530761719,76.85932005953408,76.68532055387925,76.70465055448626,52828900
2025-03-10,76.51131439208984,76.73364256744465,76.5016457051035,76.65631519669579,57602100
2025-03-11,76.24066925048828,76.61766701185032,76.17300317473226,76.56933093986068,75826700
2025-03-12,76.32766723632812,76.4726680808694,76.25033246923287,76.42433200767253,53763000
2025-03-13,75.9023208618164,76.24065856824043,75.87332217270534,76.23098988018738,81223200
2025-03-14,76.25032043457031,76.33732387758296,76.08598961171637,76.20199174405053,51469800
2025-03-17,76.4339828491211,76.46298153624797,76.2406533515769,76.25998335131229,33954200
2025-03-18,76.29865264892578,76.43398477562727,76.29865264892578,76.37598739991171,40195900
2025-03-19,76.80131530761719,76.88831874796857,76.3276528547421,76.3276528547421,45212700
2025-03-20,76.6949691772461,76.84963865670339,76.61764181256416,76.74330523333818,42977600
2025-03-21,76.57899475097656,76.66599082495709,76.4339939192937,76.62732344483841,35124000
2025-03-24,76.80131530761719,76.84965137170661,76.70465055448626,76.7723166191827,36393500
2025-03-25,76.76265716552734,76.92698798733466,76.73365110134243,76.84965323293777,29075500
2025-03-26,76.45331573486328,76.77231605539586,76.33732098197716,76.75298605493079,51236100
2025-03-27,76.3083267211914,76.50165623725057,76.29865803287396,76.41466016753843,38493100
2025-03-28,76.17298889160156,76.36631839321085,76.03765676546551,76.35664970561605,58896900
2025-03-31,76.25999450683594,76.28899319820482,75.9023267715062,75.9023267715062,47853500
2025-04-01,76.43677520751953,76.46591499502078,76.18421803095417,76.4270594747082,54256000
2025-04-02,76.59219360351562,76.60190933679955,76.29107257011164,76.29107257011164,49072400
2025-04-03,75.64025115966797,76.03850725052678,75.51396887327942,75.86366112477766,116401400
2025-04-04,74.56204223632812,75.11572045593981,74.34834057070027,74.60089775834528,181273300
2025-04-07,73.92093658447266,75.37798529800733,73.46439346848251,73.69752659851981,193374800
2025-04-08,73.5809555053711,74.92143757139462,73.26040302949616,74.81458674610298,106007700
2025-04-09,75.55282592773438,75.61110550052513,72.93014139909623,72.94956545304899,152382200
2025-04-10,74.3191909790039,74.97000421234782,73.95978300595192,74.86315339362783,93884100
2025-04-11,74.54261016845703,74.96029776310536,73.82380154427142,74.08606705210502,71884000
2025-04-14,74.91172790527344,75.24198869684194,74.73688177710999,75.06714256867849,50011400
2025-04-15,75.11572265625,75.28085307146019,74.97001629715083,75.02829587641719,39790500
2025-04-16,75.10601043701172,75.30028065094517,74.9020244891015,75.13515022800837,52028800
2025-04-17,75.5431137084961,75.56254517428499,75.3099879955589,75.39741476974335,37355500
2025-04-21,75.0962905883789,75.29056820260118,74.9408759079343,75.27113673571235,36078000
2025-04-22,75.38770294189453,75.58197314424983,75.29056784071688,75.35856315263456,33941100
2025-04-23,75.76653289794922,76.48534151961212,75.73739310950697,76.349350899593,63723400
2025-04-24,76.44648742675781,76.4853429490513,75.9413804588087,76.03851555907585,49007800
2025-04-25,76.51447296142578,76.67961076280596,76.29106300045075,76.33962683891255,47981700
2025-04-28,76.5533447265625,76.61163172039261,76.30079492672236,76.52420493511431,42220700
2025-04-29,76.75732421875,76.78647141867928,76.39792360655309,76.39792360655309,51198600
2025-04-30,76.34934997558594,76.45620080586966,76.21335935721262,76.37848976367552,69994200
2025-05-01,76.44796752929688,76.63346838055234,76.36985798722303,76.5456007324212,50848600
2025-05-02,76.68228149414062,76.75062547479308,76.50653876547213,76.64322672677704,41354100
2025-05-05,76.65299224853516,76.77991465571186,76.54559350056441,76.61393748118805,39815300
2025-05-06,76.59441375732422,76.66275774453673,76.4772568929233,76.55536643514786,36292600
2025-05-07,76.66275024414062,76.76039088683652,76.50653862391057,76.70180501143194,32676200
2025-05-08,76.64324188232422,76.90685230298605,76.59442155123214,76.80921908973859,32684900
2025-05-09,76.69205474853516,76.83850082968357,76.68228919347995,76.73110207088409,23971200
2025-05-12,77.45359802246094,77.51217645027374,77.1606909855262,77.36572293180637,70558600
2025-05-13,77.59029388427734,77.69769264548945,77.44384035090302,77.5024187846783,52141900
2025-05-14,77.30715942382812,77.5512461854026,77.26810464810379,77.52195696584356,45406500
2025-05-15,77.45359802246094,77.45359802246094,77.18998019943261,77.18998019943261,49301300
2025-05-16,77.54146575927734,77.55123131356991,77.39501224063036,77.50241099104245,30657200
2025-05-19,77.5024185180664,77.51218407330741,77.18022968447458,77.18998779077947,26228800
2025-05-20,77.46334838867188,77.50240315295702,77.33642599144613,77.39500441340654,25933700
2025-05-21,76.9458999633789,77.34620578429752,76.9361418572121,77.20951780860239,54737300
2025-05-22,77.10211944580078,77.18022898915285,76.88732192605062,76.94590035909664,43242700
2025-05-23,77.08258819580078,77.11188486120675,76.87755623157521,76.89708734184585,29598900
2025-05-27,77.55123901367188,77.56100456893407,77.29738671940768,77.40478548048345,33524700
2025-05-28,77.5024185180664,77.56100440057628,77.37549609567787,77.54147329009429,27012900
2025-05-29,77.61957550048828,77.68791948284576,77.53170785842956,77.67815392852742,28616300
2025-05-30,77.68792724609375,77.69769280138794,77.52195005077334,77.57076292937198,28930300
2025-06-02,77.67418670654297,77.68399862614433,77.47799322032638,77.62513459283795,45527200
2025-06-03,77.82134246826172,77.84095882490318,77.66438167792028,77.73305015261906,28458700
2025-06-04,77.96849060058594,77.99791887742097,77.83114616818519,77.83114616818519,41403600
2025-06-05,77.80171203613281,77.97828916815651,77.7624718418718,77.95867281317689,44563900
2025-06-06,77.79190826416016,77.88019308877395,77.74285614984015,77.87038116904958,41300100
2025-06-09,77.8311538696289,77.91944619317294,77.77229731013493,77.77229731013493,30169000
2025-06-10,78.01753234863281,78.03715618866534,77.82133885411997,77.89981924564593,24234400
2025-06-11,77.99791717529297,78.1254422002293,77.97829333496296,78.07639008370646,30114400
2025-06-12,78.0862045288086,78.0862045288086,77.95867949974871,77.9979196973754,28373200
2025-06-13,77.85075378417969,77.9880907036559,77.79189724277582,77.90961032558354,35271000
2025-06-16,78.00772857666016,78.08620897638353,77.9783002978396,78.00772857666016,26225100
2025-06-17,77.91944122314453,78.12544665253661,77.86058466740468,78.00772605675431,27747200
2025-06-18,78.03716278076172,78.19411609277003,77.91944218352846,77.97829873999373,32833500
2025-06-20,78.28240203857422,78.29220647431842,78.07638913911245,78.10582489925135,45845800
2025-06-23,78.42955017089844,78.42955017089844,78.19411645963005,78.25297301637147,32361400
2025-06-24,78.64535522460938,78.68459541773409,78.47859001705551,78.5276421295368,50893200
2025-06-25,78.62574005126953,78.69440851919389,78.55707158334516,78.65516832547972,24156100
2025-06-26,78.85136413574219,78.86117605553558,78.67478700097055,78.74345547092052,28889100
2025-06-27,78.8121337890625,78.93966630940714,78.77290107359029,78.8709978308765,47849500
2025-06-30,79.11624145507812,79.13585781231558,78.92004046119035,78.99852085874547,52885900
2025-07-01,79.01667785644531,79.11523775910504,78.94768517261964,79.04624507527937,45411000
2025-07-02,79.1645278930664,79.1645278930664,78.92798260356382,79.0166842672626,32359500
2025-07-03,79.21380615234375,79.23351512526185,79.10538800219756,79.14481346767242,19750000
2025-07-07,78.94768524169922,79.18423051221728,78.90825977667312,79.17437978568968,37027200
2025-07-08,78.83927154541016,78.96740619389134,78.78999535107347,78.93783145372252,31358900
2025-07-09,79.05611419677734,79.06597244429103,78.92798705765776,78.98712150346071,30277500
2025-07-10,78.97726440429688,79.06597359393075,78.97726440429688,79.05611534627373,28776200
2025-07-11,78.87869262695312,78.89840911930274,78.78013272412076,78.88855087312794,30482200
2025-07-14,78.93782806396484,78.94768631026444,78.81955918692432,78.85898465248405,23716200
2025-07-15,78.70128631591797,79.01668253488633,78.70128631591797,79.00683180778411,37039500
2025-07-16,78.90826416015625,78.92798065358387,78.60272618877902,78.7998460052213,39780100
2025-07-17,78.98712158203125,79.02654705248564,78.84913619526071,78.8885616657151,25703200
2025-07-18,79.09553527832031,79.16452796780867,79.02654258883196,79.10539352528698,27686400
2025-07-21,79.20394897460938,79.29265063339548,79.16452350860263,79.16452350860263,28483300
2025-07-22,79.34193420410156,79.36164317725036,79.18423234035625,79.28279976501643,26017700
2025-07-23,79.3813705444336,79.39122879217784,79.2828106259105,79.36165404894511,26025000
2025-07-24,79.28279876708984,79.35179145170032,79.25323154791944,79.28279876708984,27013700
2025-07-25,79.33207702636719,79.42078620582859,79.2532336130712,79.34193527289375,30123100
2025-07-28,79.29265594482422,79.36164863504781,79.28280521739175,79.36164863504781,22093800
2025-07-29,79.34193420410156,79.39121791643166,79.29265049177147,79.33207595770779,21371800
2025-07-30,79.17438507080078,79.36164664262681,79.09553413548505,79.2926539541353,38392400
2025-07-31,79.22366333007812,79.32223076161083,79.17438713395104,79.24337982424038,41501300
2025-08-01,79.22763061523438,79.33658889105041,79.04932357484265,79.28706377615671,68963100
2025-08-04,79.49508666992188,79.49508666992188,79.30687158522298,79.33658816541235,37539200
2025-08-05,79.45545959472656,79.48517617399997,79.3464937656411,79.45545959472656,29656300
2025-08-06,79.53470611572266,79.54461416101533,79.38611566682927,79.45545686862962,30512900
2025-08-07,79.45545959472656,79.60405004871805,79.40593448181235,79.55451737817941,29405000
2025-08-08,79.46536254882812,79.49507912619752,79.40592939408933,79.44554645883255,24679000
2025-08-11,79.46536254882812,79.53470374856471,79.41582988146315,79.46536254882812,30159800
2025-08-12,79.6436767578125,79.6436767578125,79.4554616739896,79.51489483409172,40846200
2025-08-13,79.85169982910156,79.85169982910156,79.70310937223893,79.70310937223893,35039600
2025-08-14,79.6436767578125,79.73282649796569,79.59414408597765,79.73282649796569,36559900
2025-08-15,79.70310974121094,79.71301778708087,79.61396000125539,79.71301778708087,22754000
2025-08-18,79.6436767578125,79.73282649796569,79.6238606660287,79.68330138375546,25400800
2025-08-19,79.62385559082031,79.72292092817563,79.60404705792374,79.69319679239453,21700500
2025-08-20,79.5941390991211,79.67338834604176,79.55451447566075,79.65357981312368,29704900
2025-08-21,79.445556640625,79.54462198805122,79.43565615198231,79.50499736060571,35825900
2025-08-22,80.08943939208984,80.09934743783555,79.54461779806854,79.56442633193542,59541500
2025-08-25,79.93094635009766,80.04981266542777,79.93094635009766,80.02009608659525,32714800
2025-08-26,80.10926055908203,80.13897714057738,79.9804786291022,80.03001130334444,33659900
2025-08-27,80.20831298828125,80.22812152207902,80.05972253311229,80.05972253311229,24335000
2025-08-28,80.24794006347656,80.24794006347656,80.1389742302009,80.2083154370468,24203800
2025-08-29,80.09934997558594,80.2281243438619,80.09934997558594,80.2281243438619,35070300
2025-09-02,80.01275634765625,80.05256955243387,79.82364552336067,79.8933167333234,51804000
2025-09-03,80.23172760009766,80.23172760009766,80.03266916379046,80.03266916379046,34283100
2025-09-04,80.45069122314453,80.46063882880048,80.25162520614383,80.28149080388802,37999700
2025-09-05,80.49050903320312,80.71942547386521,80.46064343374967,80.59999345042152,39147800
2025-09-08,80.49050903320312,80.59003825060371,80.47059863356748,80.57012785096806,27003400
2025-09-09,80.40092468261719,80.50045389662662,80.29144026912913,80.47059589178302,36704500
2025-09-10,80.46063995361328,80.56017676030118,80.41087914386155,80.46063995361328,38106100
2025-09-11,80.65970611572266,80.719422124967,80.53031889782919,80.53031889782919,34221500
2025-09-12,80.580078125,80.64974933228072,80.56017532017354,80.64974933228072,25702800
2025-09-15,80.80900573730469,80.81895334336406,80.68956612226049,80.69952132191227,27248800
2025-09-16,80.74928283691406,80.84881964711481,80.71942483129082,80.82890924763767,33075600
2025-09-17,80.66966247558594,80.85876570544406,80.53032005628319,80.80900489488869,35955700
2025-09-18,80.84881591796875,80.88862152790205,80.68956310386706,80.75923431163852,43250000
2025-09-19,80.87867736816406,80.90853537368224,80.76919295220245,80.86872216846052,32042900
2025-09-22,80.93839263916016,80.94834783877268,80.7990502189544,80.80900541856693,26670200
2025-09-23,80.87867736816406,80.97820658442214,80.81895376353526,80.95829618501506,37088500
2025-09-24,80.7691879272461,80.86871713731209,80.7393299235855,80.86871713731209,28124300
2025-09-25,80.54026794433594,80.6298495533971,80.51040993917968,80.61989435381422,33509900
2025-09-26,80.69951629638672,80.72937429989027,80.58007668878057,80.65970309385133,31046800
2025-09-29,80.83885955810547,80.85876236278638,80.74927795306134,80.77914355047072,28558500
2025-09-30,80.80900573730469,80.82890854301586,80.71942412762343,80.78909533800112,54970300
2025-10-01,80.95999908447266,81.0,80.77999877929688,80.80999755859375,58042600
2025-10-02,80.93000030517578,80.97000122070312,80.83999633789062,80.94000244140625,33348900
2025-10-03,80.83999633789062,80.94000244140625,80.81999969482422,80.91999816894531,35109200
2025-10-06,80.86000061035156,80.91000366210938,80.83000183105469,80.88999938964844,29485100
2025-10-07,80.7699966430664,80.88999938964844,80.76000213623047,80.88999938964844,27672300
2025-10-08,80.6500015258789,80.83999633789062,80.63999938964844,80.81999969482422,34932200
2025-10-09,80.41999816894531,80.6500015258789,80.30999755859375,80.63999938964844,65586700
2025-10-10,79.94999694824219,80.48999786376953,79.94999694824219,80.47000122070312,83773800
