Date,Close,High,Low,Open,Volume
,INTC,INTC,INTC,INTC,INTC
2010-01-04,13.519427299499512,13.616550613936436,13.42230522003683,13.461155039801298,47800900
2010-01-05,13.512954711914062,13.590651888091868,13.338134213052472,13.558278270513506,52357700
2010-01-06,13.467626571655273,13.551799932401018,13.383454445883572,13.474101540556795,40037400
2010-01-07,13.338130950927734,13.441727983810843,13.169785463749172,13.422303077029992,54041500
2010-01-08,13.48704719543457,13.525895761532972,13.20862979595312,13.299278096814257,48234700
2010-01-11,13.5647554397583,13.69425116603628,13.480582044451795,13.668352514770502,51086400
2010-01-12,13.3446044921875,13.532373631084461,13.195682692748079,13.512949961355691,69958400
2010-01-13,13.571220397949219,13.648918771437305,13.23453073943084,13.415824885946794,71446700
2010-01-14,13.907920837402344,13.95324440514001,13.62950322418572,13.668353055081946,150821600
2010-01-15,13.467626571655273,13.8561160609283,13.44820289992475,13.849641092026777,198078600
2010-01-19,13.629497528076172,13.707195922421912,13.500001850798713,13.532375461374556,82573500
2010-01-20,13.648921966552734,13.687770544904078,13.500001387060884,13.590648481538699,65670100
2010-01-21,13.493525505065918,13.797841612344103,13.38992847982339,13.694244587101574,73633300
2010-01-22,12.891365051269531,13.461149837885445,12.826616611657663,13.448199902968318,116302400
2010-01-25,13.156832695007324,13.325178145963863,13.04028574934712,13.105034189710986,73785600
2010-01-26,12.9496431350708,13.195685811248495,12.917269521222806,13.066190120882311,65298900
2010-01-27,13.1050386428833,13.16331213551509,12.833096088926343,12.949643074189925,74926200
2010-01-28,12.897844314575195,13.202160476642765,12.742448748733828,13.143886985080481,76974600
2010-01-29,12.561149597167969,13.098559566874947,12.496401155100202,13.03381112480718,96053900
2010-02-01,12.697122573852539,12.787769659793598,12.587050583078145,12.606474252937558,50338300
2010-02-02,12.891365051269531,12.97553839325709,12.664746130114878,12.742444504643872,63332500
2010-02-03,12.844380378723145,12.974911950709057,12.707320796556758,12.9096467871427,45582300
2010-02-04,12.413619041442871,12.779109044929315,12.367932946613656,12.77258228211761,90931100
2010-02-05,12.707318305969238,12.779111465644876,12.400567864828442,12.465834260456024,88711700
2010-02-08,12.628997802734375,12.91616915509967,12.596363987208333,12.713843233396535,62563200
2010-02-09,12.824793815612793,12.981432372362798,12.687735545276261,12.818267053474969,69454100
2010-02-10,12.850906372070312,12.968385651197654,12.694267748184899,12.785639967571443,56250600
2010-02-11,13.092386245727539,13.183759680622213,12.759528810049797,12.811741667909871,58837300
2010-02-12,13.333874702453613,13.497040078166744,12.916171738980964,13.02712299940699,91108900
2010-02-16,13.523148536682129,13.607995245770415,13.412196009695865,13.457883369510549,69083400
2010-02-17,13.48398494720459,13.614517730206659,13.39913950965026,13.614517730206659,47296700
2010-02-18,13.601459503173828,13.607986264554004,13.412187157706082,13.470926765275214,42613600
2010-02-19,13.588409423828125,13.686308379634262,13.431770845567751,13.523143038339779,40760000
2010-02-22,13.621047019958496,13.6797854138647,13.477460683056576,13.673259893871984,38730600
2010-02-23,13.307767868041992,13.673259212064542,13.242502712544367,13.601466047193497,62245300
2010-02-24,13.510091781616211,13.58188369073,13.37955900074101,13.392612527799102,51070100
2010-02-25,13.464407920837402,13.483988216490953,13.196816771171422,13.294717004586001,48789400
2010-02-26,13.399141311645508,13.497040289636649,13.333874911367063,13.444827418384504,47795300
2010-03-01,13.621047019958496,13.66673312902616,13.45788163337221,13.497040977594049,51203300
2010-03-02,13.510091781616211,13.764629334984711,13.431771864120519,13.69936294454711,59399000
2010-03-03,13.392611503601074,13.588409415087403,13.340398644214536,13.54925008176069,49909900
2010-03-04,13.399141311645508,13.451354182897653,13.222922404349623,13.444827418384504,62750100
2010-03-05,13.568827629089355,13.601460192792315,13.3469227103222,13.483980971697644,45879700
2010-03-08,13.555780410766602,13.627572333275658,13.510094302391813,13.58188622490087,35742100
2010-03-09,13.66672420501709,13.83641624564479,13.483978643221343,13.497032164389388,83168700
2010-03-10,13.829898834228516,13.895165239337272,13.647153148894624,13.673260208879382,58435600
2010-03-11,13.869054794311523,13.882108321117908,13.699362680387019,13.79726164172924,53778700
2010-03-12,13.882105827331543,13.94737220478616,13.823366212107649,13.908211631401823,39584500
2010-03-15,13.816841125488281,13.914740081116413,13.73852121407412,13.81031436246604,34378000
2010-03-16,14.365082740783691,14.384663037987757,13.836427164806715,13.856006217157502,123060900
2010-03-17,14.515188217163086,14.586981363731786,14.299810022309714,14.397708975451659,77805900
2010-03-18,14.489080429077148,14.586979368830528,14.365074441468167,14.482553667113248,54458500
2010-03-19,14.352025985717773,14.613090332201473,14.23454671858686,14.521718122145428,77998500
2010-03-22,14.515188217163086,14.554347549449318,14.254123927166987,14.273704215736467,47405700
2010-03-23,14.795836448669434,14.848049319559477,14.593511729577143,14.613090778127763,64740900
2010-03-24,14.639195442199707,14.795834029256316,14.567402289645617,14.70446183135317,54729000
2010-03-25,14.586984634399414,14.834995454291068,14.560877577119761,14.808889641864424,52428700
2010-03-26,14.515188217163086,14.743619937729445,14.404235738308152,14.639194221731005,45700500
2010-03-29,14.573931694030762,14.678357437658459,14.528245586800276,14.632671330427973,34467900
2010-03-30,14.580459594726562,14.710992406858859,14.47603384296199,14.61961894042499,37886300
2010-03-31,14.547825813293457,14.684884134351272,14.489086177167808,14.567404862099972,45983800
2010-04-01,14.613092422485352,14.776257817983769,14.48908761820084,14.619619187687668,45491000
2010-04-05,14.743622779846191,14.782782119681139,14.580457411538776,14.671829619437979,34942900
2010-04-06,14.619607925415039,14.67182076195804,14.528235772677839,14.639188205938245,47056500
2010-04-07,14.652251243591309,14.802363090550392,14.521718445020698,14.639197714763641,62539800
2010-04-08,14.560872077941895,14.626138451638985,14.462973139822527,14.606558166074096,40824500
2010-04-09,14.717514038085938,14.730567564820484,14.59350926866622,14.619615077282488,45528700
2010-04-12,14.71098804473877,14.834992810155935,14.645721658025492,14.808887002382296,49353000
2010-04-13,14.861099243164062,14.893731812733726,14.665300091187872,14.78277933340304,122395600
2010-04-14,15.350598335266113,15.461550836854673,15.187432964980172,15.383230911382109,159980600
2010-04-15,15.807458877563477,15.905359084794085,15.533341035994038,15.552921326410727,110819600
2010-04-16,15.611659049987793,15.768297619670959,15.513760099542402,15.703031237756466,102974900
2010-04-19,15.663867950439453,15.689974994552662,15.36364441225184,15.605128346037116,71310800
2010-04-20,15.742193222045898,15.827038654727762,15.598606920018861,15.794406083277693,65991400
2010-04-21,15.533345222473145,15.748723495693167,15.36365430587219,15.729144444852462,73899300
2010-04-22,15.657349586486816,15.703035693334124,15.220066321893514,15.370178171492679,73666100
2010-04-23,15.689983367919922,15.703035652089836,15.48765740262319,15.63124373216965,56963700
2010-04-26,15.546394348144531,15.748719033576903,15.539867584762476,15.71608646151946,57727600
2010-04-27,15.239643096923828,15.585552823105223,15.20700928181527,15.487653867485069,78937600
2010-04-28,15.180902481079102,15.311433998412522,14.952470769679765,15.278801430292337,109052100
2010-04-29,15.331018447875977,15.344071976608566,15.207012414622406,15.226592707721291,59059400
2010-04-30,14.906785011291504,15.311434342425127,14.88720472306786,15.30490882453662,81864000
2010-05-03,15.180902481079102,15.298381718076055,14.945944007085192,14.998156862989097,55449900
2010-05-04,14.72404670715332,14.978585601159244,14.619620941098235,14.965532069189027,90704300
2010-05-05,14.57155704498291,14.70958201693857,14.394095292211796,14.525548720997689,96854100
2010-05-06,14.137765884399414,14.709585553752518,13.079569163772332,14.558414951843822,160695900
2010-05-07,14.006309509277344,14.262643578336833,13.447634299318002,13.973446777834438,139360500
2010-05-10,14.82131576538086,14.827888561611388,14.564982980553735,14.650428077917908,112607400
2010-05-11,14.643856048583984,15.025069474489849,14.5255482175041,14.6701459812502,102689700
2010-05-12,15.176238059997559,15.209100784962247,14.781879092258299,14.854178591539734,83343400
2010-05-13,14.788456916809082,15.228824350699385,14.696440252711506,15.136807686601808,62099000
2010-05-14,14.38752555847168,14.597850086400344,14.150911091368467,14.584705743629607,83526200
2010-05-17,14.472965240478516,14.492682374038672,14.07203347632062,14.295503516641485,64550400
2010-05-18,14.08518123626709,14.61099243936594,14.019454522471534,14.55183852231322,76636100
2010-05-19,14.196915626525879,14.269213880136077,13.802556615360462,14.144334508612673,89530600
2010-05-20,13.664527893066406,13.960296129876642,13.559364432528277,13.815698408789354,106551000
2010-05-21,13.743404388427734,13.914293356035694,13.263601471855132,13.414772047712328,111769100
2010-05-24,13.585661888122559,13.947156984680374,13.546226355720409,13.769696462054213,56436100
2010-05-25,13.703968048095703,13.717113641818774,13.165011241778025,13.22416515989902,96151400
2010-05-26,13.605378150939941,14.131189346085355,13.605378150939941,13.868283748512647,85666800
2010-05-27,14.302079200744629,14.328369135345083,13.881430218074534,13.907720152674989,83236800
2010-05-28,14.078611373901367,14.295508697091224,13.953730717024465,14.249500363934747,72712600
2010-06-01,13.920863151550293,14.288930942768415,13.887999172385431,13.999734194280723,57164500
2010-06-02,14.334939956665039,14.348085548969879,13.907718235819203,14.058888786426813,61537200
2010-06-03,14.39409351348877,14.45982021975966,14.111469554066787,14.433529035798243,54614400
2010-06-04,13.769700050354004,14.196921981335478,13.664537767454972,14.157486438656667,67919400
2010-06-07,13.349045753479004,13.822277141487845,13.303037424896573,13.76312321798674,65435200
2010-06-08,13.26359748840332,13.296460211152054,12.974400764410907,13.289887415875803,91377800
2010-06-09,13.099284172058105,13.539651520792955,13.053275848906114,13.4016252977042,58981200
2010-06-10,13.506784439086914,13.539648414966022,13.30960559834225,13.37533229646797,57168300
2010-06-11,13.565943717956543,13.638243239908979,13.329329266023738,13.349046405732226,49491800
2010-06-14,13.73025894165039,13.894575113775964,13.684250614036495,13.76969572557622,68877500
2010-06-15,14.118048667907715,14.170629805728046,13.809134639917419,13.874861375601135,62082000
2010-06-16,14.124617576599121,14.229779823275715,13.94058301809865,14.072036453260825,43764600
2010-06-17,14.144335746765137,14.256070788815741,13.934011256701138,14.19034407226253,37270900
2010-06-18,14.065464973449707,14.22978115597513,13.920867184135208,14.170627229975338,64872600
2010-06-21,13.927436828613281,14.25606911925972,13.841991731010895,14.242923526762015,48844300
2010-06-22,13.789408683776855,14.019451505743925,13.710537647100018,13.887998106439165,58831100
2010-06-23,13.677680969238281,13.815707237526084,13.579091493965961,13.763126100471968,61352400
2010-06-24,13.355613708496094,13.664528808914694,13.276742674846753,13.552793799884398,62003900
2010-06-25,13.165010452270508,13.414770449866602,13.072992555360164,13.408197653399238,94683200
2010-06-28,13.381912231445312,13.53308284024747,13.086142558890513,13.217596025277793,54468400
2010-06-29,13.007267951965332,13.178155656805718,12.915250049013403,13.145292925943988,79050800
2010-06-30,12.783801078796387,13.165014619132243,12.75093708605778,12.94811728159,64294700
2010-07-01,12.652342796325684,12.895531235437847,12.488026656113663,12.770650617859566,88020000
2010-07-02,12.619482040405273,12.731217083343394,12.461737417971458,12.62605358384323,58093400
2010-07-06,12.80351448059082,12.987549025266665,12.652343919053218,12.849522803351588,60697600
2010-07-07,13.237308502197266,13.257026891295553,12.744360057434614,12.79036837836456,72806800
2010-07-08,13.211017608642578,13.381906540822682,13.033555880574859,13.36876094904745,65407600
2010-07-09,13.303035736083984,13.329326922583684,13.11900119148441,13.184727904100884,52843800
2010-07-12,13.519927024841309,13.57250812093004,13.34246535542976,13.349038149144876,56587900
2010-07-13,13.809126853942871,14.643853043127564,13.68424625191833,13.782835673039807,103191800
2010-07-14,14.039175033569336,14.624140242090398,13.986593905316129,14.49925959237666,199002600
2010-07-15,14.137765884399414,14.190347017829966,13.809133487050195,14.026030819155356,118558200
2010-07-16,13.815704345703125,14.118045507071706,13.802558750782858,14.085182773403966,80451500
2010-07-19,14.19034481048584,14.203490405206924,13.907720792147098,13.91429358950764,63430400
2010-07-20,14.229777336120605,14.2823584502685,13.868282333057918,13.907717855260676,72666400
2010-07-21,13.973448753356934,14.229781605023113,13.92086762343482,14.177200475101,71775300
2010-07-22,14.315224647521973,14.44667682643698,14.02602784809641,14.032600645087088,74465500
2010-07-23,14.256071090698242,14.275788228538737,14.019455407549316,14.223207104909294,62115500
2010-07-26,14.26921558380127,14.288933975485264,14.072036681492861,14.24949844575016,50929500
2010-07-27,14.183767318725586,14.288929534422907,14.058886717472829,14.249494016944535,53975800
2010-07-28,14.01945972442627,14.256075480434003,13.993169781332778,14.223211484525564,51673900
2010-07-29,13.822272300720215,14.118040561010318,13.644810592366658,14.058886658225799,83811400
2010-07-30,13.539651870727539,13.749976355505527,13.526506277020712,13.651386909969949,67395900
2010-08-02,13.901148796081543,13.986593913060934,13.625097559191097,13.736832613495158,50316200
2010-08-03,13.71711540222168,13.82227765823673,13.611951892573654,13.809132062826604,60929200
2010-08-04,13.729034423828125,13.815131345135434,13.543597233066762,13.782016658787962,85639700
2010-08-05,13.689298629760742,13.768772617086555,13.550219467739618,13.669429817130247,44475000
2010-08-06,13.67604923248291,13.782013679495984,13.517102561963299,13.54359430531449,50833800
2010-08-09,13.67604923248291,13.768769071016237,13.517102561963299,13.768769071016237,46082800
2010-08-10,13.126359939575195,13.358157672012092,13.046887225320042,13.318421314884516,136352400
2010-08-11,12.868069648742676,12.96741115714287,12.781972748452244,12.934297742074742,99079200
2010-08-12,12.881315231323242,13.06675237266162,12.636271670445806,12.69587682678908,86580600
2010-08-13,12.682632446289062,12.907807227116832,12.682632446289062,12.801842772985639,57384800
2010-08-16,12.894563674926758,12.954168849000991,12.65614424182599,12.676011791053293,48721100
2010-08-17,12.934300422668457,13.159475228746778,12.914431611592343,13.060132436562284,60836400
2010-08-18,12.97403621673584,13.09986948834697,12.894562239087753,12.934299859509807,58982400
2010-08-19,12.517061233520508,12.669384959021075,12.457456077768848,12.563420518394961,159900400
2010-08-20,12.523681640625,12.58328678434332,12.424340155492972,12.530304574726538,95174400
2010-08-23,12.384608268737793,12.57004543749925,12.318380167096143,12.530309081792648,71954400
2010-08-24,12.192547798156738,12.371363306798393,12.179301924213787,12.291889326336747,75107400
2010-08-25,12.238905906677246,12.311756943101402,12.040222869588021,12.093205097024876,63350600
2010-08-26,12.040226936340332,12.32500697870029,12.00049056814017,12.318384040134202,69586000
2010-08-27,12.166056632995605,12.265398155619248,11.795179762513213,12.073336783777009,135184300
2010-08-30,11.894523620605469,12.126321394371047,11.881279007998822,12.086585030158624,73718900
2010-08-31,11.702460289001465,11.868029901883096,11.656100999505954,11.841538157488003,111601400
2010-09-01,12.013731956481934,12.09982887152836,11.848162326372995,11.8812770103124,73611500
2010-09-02,12.106451034545898,12.139564453172866,11.973994833646124,12.07333635272298,53192100
2010-09-03,12.205799102783203,12.311763615081107,12.053475274254543,12.26540429885035,59143200
2010-09-07,12.000484466552734,12.192544534531823,11.954123920161907,12.159431121734103,58636500
2010-09-08,11.854787826538086,11.954129373445005,11.755446279631169,11.94750769842134,101747000
2010-09-09,11.921011924743652,11.9739941494369,11.874652636036545,11.954125341478477,65019600
2010-09-10,11.90114688873291,11.987243820644409,11.815051220017688,11.88790227575876,68814700
2010-09-13,12.291890144348145,12.291890144348145,12.053470713488794,12.066715325117094,73870900
2010-09-14,12.411099433898926,12.450835791790425,12.146188275962201,12.272021549680662,64479500
2010-09-15,12.397851943969727,12.430966623892383,12.2786428858358,12.404474879954257,56107300
2010-09-16,12.563420295715332,12.570043231036548,12.305132134166668,12.384606094825507,69165800
2010-09-17,12.45745849609375,12.636273998061588,12.364739908345694,12.603160577636144,70436600
2010-09-20,12.5369291305542,12.556796672233277,12.377982481143158,12.510437390721185,44935100
2010-09-21,12.676010131835938,12.76210704453853,12.477327086392414,12.503817569626753,69131400
2010-09-22,12.589916229248047,12.748862940296778,12.510442242125595,12.609785041827703,61569400
2010-09-23,12.57004451751709,12.788596352701886,12.417720779126812,12.48394887592133,51954700
2010-09-24,12.861452102661133,12.881320917945493,12.702505369975281,12.735618798919537,55749300
2010-09-27,12.742240905761719,12.868074201291163,12.702504540982623,12.848205387303485,51071000
2010-09-28,12.921051979064941,12.9607883301189,12.649517931003878,12.788595791290646,61019600
2010-09-29,12.742240905761719,12.993907496820608,12.662768176203526,12.901187628074368,62484300
2010-09-30,12.715746879577637,12.980658009736358,12.656141717392437,12.808465459334212,75382200
2010-10-01,12.7952241897583,13.477371700597285,12.503821210161526,12.894565741403731,41275000
2010-10-04,12.497200012207031,12.781978800949934,12.430971887514751,12.748865370202001,67082000
2010-10-05,12.682632446289062,12.775352291050808,12.603159737288635,12.636273155506158,61004600
2010-10-06,12.788599014282227,12.828336638546714,12.669388667881051,12.722370903704224,54990000
2010-10-07,12.8482027053833,12.940922554775298,12.722369436120161,12.828335158739014,51794600
2010-10-08,12.9276762008667,12.967412555873779,12.722368963072228,12.84820222765659,46528700
2010-10-11,12.954166412353516,13.079999674307535,12.93429886686325,12.974035221039705,52722400
2010-10-12,13.093247413635254,13.113114961958289,12.874695539709153,13.013773430754807,94743400
2010-10-13,12.742240905761719,13.265441638670913,12.689258664990836,13.232326948691448,173827300
2010-10-14,12.7952241897583,12.887942802867855,12.715751453720504,12.788601251222424,59255900
2010-10-15,12.7952241897583,12.894565741403731,12.715751453720504,12.874698188992465,64052800
2010-10-18,12.709125518798828,12.795221173074035,12.563423431753927,12.755484814423637,54985100
2010-10-19,12.722368240356445,12.84157856180169,12.517062277420681,12.589913310125192,85409800
2010-10-20,13.007148742675781,13.099868587421206,12.775352288802058,12.78197396188765,84884600
2010-10-21,13.086627006530762,13.152855127869156,12.960793702307445,13.080004068077287,74287500
2010-10-22,13.139603614807129,13.199208772124772,13.079998457489488,13.106490199939909,50129800
2010-10-25,13.159475326538086,13.24557098211556,13.11311476701597,13.212457559938706,45769400
2010-10-26,13.272062301635742,13.31842159646405,13.066755048544593,13.106492669708325,56344600
2010-10-27,13.371406555175781,13.378029493387114,13.119739955930344,13.199213951270035,48151900
2010-10-28,13.556841850280762,13.59657947391494,13.258817252201165,13.437632768966598,71144000
2010-10-29,13.278685569763184,13.616447811036066,13.252195082335845,13.54359802321374,60774400
2010-11-01,13.623067855834961,13.68929595513407,13.470744111684159,13.477367047933662,51593700
2010-11-02,13.470747947692871,13.709168667785368,13.437634520211708,13.669431038972427,60959100
2010-11-03,13.669651985168457,13.696351135879825,13.496111324801296,13.576207503849822,53044600
2010-11-04,13.996706008911133,14.030079940304574,13.723046136911465,13.789792726613038,66048200
2010-11-05,14.176922798156738,14.210296732796433,13.996707370358688,14.023406518070445,55960500
2010-11-08,14.170243263244629,14.350458630658416,14.130195828181012,14.243664621765433,53006900
2010-11-09,14.12352466583252,14.25034306132567,14.036754988759522,14.150223811445954,46639500
2010-11-10,14.043426513671875,14.130196170593205,13.89658379307188,14.116846600886836,48072100
2010-11-11,14.15689468383789,14.170244254154287,13.71636904807761,13.809814767207282,69682800
2010-11-12,14.370481491088867,14.557370350684167,14.236988357305188,14.310409708194697,100662400
2010-11-15,14.216967582702637,14.457254774742351,14.190269713078887,14.450579989065115,50076900
2010-11-16,14.063447952270508,14.19694108756962,13.936629601044842,14.103495383626285,62890100
2010-11-17,14.070127487182617,14.163571949592983,13.970008238445036,14.030080042304649,44262100
2010-11-18,14.030071258544922,14.17691264655519,13.963324710145884,14.05009433190547,68847000
2010-11-19,14.110172271728516,14.150220982141018,13.936631679196239,13.996703471729914,49134200
2010-11-22,14.183599472045898,14.20362383549372,13.936637415198492,13.963336566462257,40328600
2010-11-23,14.076802253723145,14.16357192968433,13.88991205607979,14.043429595219301,44856200
2010-11-24,14.27703857421875,14.397182163451832,14.130197116870054,14.17024455558604,42449700
2010-11-26,14.243667602539062,14.30373940424822,14.083476555676391,14.17692101474163,19147500
2010-11-29,14.236997604370117,14.31709379128053,14.096830868634017,14.116853960547346,46887900
2010-11-30,14.12352466583252,14.216969129308877,14.063452861287624,14.136874238639237,52406500
2010-12-01,14.33711051940918,14.417206670767476,14.2970630802726,14.323760948668609,52939300
2010-12-02,14.483948707580566,14.530670917430061,14.337106021671023,14.35045558822366,48095800
2010-12-03,14.477282524108887,14.537354336194918,14.430560286505418,14.437233800661206,43907400
2010-12-06,14.483948707580566,14.523996134153743,14.383828231520518,14.423876931178432,31861200
2010-12-07,14.403857231140137,14.590747403953932,14.403857231140137,14.577397833091842,46991400
2010-12-08,14.564054489135742,14.617451522329013,14.4572604227492,14.477284787603812,68959600
2010-12-09,14.557378768920898,14.730919433960775,14.497306951288417,14.690871979900992,79874700
2010-12-10,14.624120712280273,14.670842939302702,14.550699342339199,14.624120712280273,52407700
2010-12-13,14.350462913513184,14.697544182543298,14.243668872747824,14.690869395859789,78296300
2010-12-14,14.330438613891602,14.390510421211102,14.216969785964254,14.28371637999541,41699300
2010-12-15,14.203622817993164,14.350464320167816,14.203622817993162,14.25034505627212,42701400
2010-12-16,14.216967582702637,14.277039380712566,14.183594927401652,14.250341511088816,35224900
2010-12-17,14.323765754699707,14.34379011752931,14.19694860936892,14.223646486722826,57138100
2010-12-20,14.170243263244629,14.303736410903362,14.150220182255325,14.277037272137612,34211900
2010-12-21,14.083476066589355,14.196944879978892,14.070126494876414,14.196944879978892,34102300
2010-12-22,13.943305969238281,14.030076898966346,13.8899089636691,13.983354678228942,49206900
2010-12-23,13.90993595123291,13.96333296690983,13.81649149206962,13.90993595123291,27960800
2010-12-27,13.90993595123291,13.92328552342346,13.783117561593249,13.849864149460716,18604300
2010-12-28,13.936630249023438,13.970004170942369,13.8565353825879,13.889908031421884,21169600
2010-12-29,13.976679801940918,14.056774673228071,13.936631093212315,13.976679801940918,20848400
2010-12-30,14.030071258544922,14.070118678350537,13.96999949229424,13.983349056590953,18876000
2010-12-31,14.036750793457031,14.056773873597278,13.976679006866384,14.036750793457031,15743700
2011-01-03,13.916611671447754,14.050103583057743,13.86988943872999,14.02340570996989,58223800
2011-01-04,14.116847038269043,14.150220963568993,14.050100460754221,14.09682395617415,75206200
2011-01-05,13.976679801940918,14.156893898879527,13.949980662788516,14.143545602388352,61810500
2011-01-06,13.863211631774902,13.896584284135079,13.716368905985929,13.796465053969468,116669000
2011-01-07,13.789790153503418,13.8632115157836,13.529479902633788,13.82316280558437,74806100
2011-01-10,13.809812545776367,13.863209545367472,13.729716409847265,13.823160840860474,51449700
2011-01-11,14.050102233886719,14.096825735203184,13.843188963254743,13.903260763290678,64452600
2011-01-12,14.216967582702637,14.236991939734345,14.063451331381795,14.196944498756125,53380600
2011-01-13,14.210295677185059,14.230318763396026,14.07012770828158,14.19027131788875,104066300
2011-01-14,14.070127487182617,14.297065129966636,13.996706110668576,14.250342898761453,154888800
2011-01-18,14.070127487182617,14.150223650023873,13.976683024772251,14.036754828631864,55272100
2011-01-19,14.023407936096191,14.103502841159667,13.983360483564454,14.06345538862793,43339000
2011-01-20,13.983359336853027,13.983359336853027,13.76309645636288,13.976684549797513,56170800
2011-01-21,13.896586418151855,14.043429166490604,13.889911632037796,13.983357364549349,63697600
2011-01-24,14.176922798156738,14.176922798156738,13.970009495732366,14.036756091926321,82375700
2011-01-25,14.383837699890137,14.397187275230326,14.130202133854413,14.20362352513988,72327200
2011-01-26,14.517330169677734,14.617449433472203,14.457258356783951,14.5306797443398,57196100
2011-01-27,14.517330169677734,14.644148582796333,14.450583569452919,14.524004957008767,58069200
2011-01-28,14.323765754699707,14.610775256496181,14.250345637162296,14.524005563739035,55193100
2011-01-31,14.323765754699707,14.44390938550619,14.036757525988797,14.38383757010295,90844300
2011-02-01,14.33711051940918,14.4839532513852,14.203618631258868,14.343785304779466,60971000
2011-02-02,14.390510559082031,14.49062981454528,14.330438751187002,14.337113537962606,46928100
2011-02-03,14.519071578979492,14.572920658026062,14.33733045574857,14.411373420886349,39846000
2011-02-04,14.593111991882324,14.606574580255282,14.424833488809627,14.451757381692452,39353500
2011-02-07,14.599847793579102,14.714277262351647,14.559460015991037,14.633502991039004,43643100
2011-02-08,14.566194534301758,14.59311972531633,14.404647239805653,14.572925832055402,48215100
2011-02-09,14.44503402709961,14.539270913643747,14.418110119418282,14.492153112303576,44601400
2011-02-10,14.673892974853516,14.700818166316207,14.370992274080985,14.424841373142577,56661800
2011-02-11,14.646968841552734,14.707549237546488,14.485421546857317,14.559463254511192,43716600
2011-02-14,14.519071578979492,14.67388752075547,14.471953795296656,14.559458067298591,45134600
2011-02-15,14.438302993774414,14.50561340015771,14.323873505513623,14.45849560214392,50640200
2011-02-16,14.640239715576172,14.727744031734645,14.424843290696275,14.519078905615238,55214100
2011-02-17,14.788321495056152,14.848901887986106,14.586387707865445,14.593119005286962,50185500
2011-02-18,14.902750015258789,14.949867810284452,14.81524572219165,14.869094814201496,55060500
2011-02-22,14.680625915527344,14.936410127590806,14.62677681043987,14.77486281232838,64515600
2011-02-23,14.23636531829834,14.620040213484936,14.14212973951243,14.606578904989428,83648300
2011-02-24,14.330604553222656,14.411377553020673,14.155594675175374,14.202712472368164,54496400
2011-02-25,14.71428108215332,14.80851668659523,14.445034297124167,14.485422085196832,53475700
2011-02-28,14.451765060424805,14.700817942202733,14.384454650521805,14.640237546199014,66390100
2011-03-01,14.397910118103027,14.59984511743836,14.370986221842934,14.54599604105492,57987400
2011-03-02,14.465222358703613,14.606576992235338,14.404641984884774,14.418104575480806,52192300
2011-03-03,14.66716194152832,14.727741050381727,14.572925061821868,14.579656359219737,50504000
2011-03-04,14.512346267700195,14.862366067763263,14.404648065198304,14.727742672703977,64664800
2011-03-07,14.276749610900879,14.63350055024358,14.189245341782325,14.5998453583972,57520200
2011-03-08,14.222905158996582,14.310410740435714,14.148863456083115,14.310410740435714,57165700
2011-03-09,14.270020484924316,14.364256055031113,14.095010651966444,14.18924622207324,60415900
2011-03-10,13.994048118591309,14.148864112798663,13.946929035087386,14.095015015515072,69121300
2011-03-11,14.047896385192871,14.108475492673957,13.872886508403973,13.88634781903106,45640700
2011-03-14,14.027698516845703,14.054622414331094,13.87961387101778,13.906537768503169,48954200
2011-03-15,13.583449363708496,13.684416271145013,13.469019859583408,13.61710457156604,80464000
2011-03-16,13.334392547607422,13.711337441094143,13.267080867780258,13.482478499999887,84812700
2011-03-17,13.394970893859863,13.502669051658396,13.327659224269953,13.47574515414042,59048300
2011-03-18,13.415168762207031,13.56325345217333,13.381512275489445,13.448823965060924,74001300
2011-03-21,13.590182304382324,13.724804435945034,13.38151588208446,13.394978480399942,43392300
2011-03-22,13.563253402709961,13.603639902760086,13.448823916014865,13.583447294666868,45962800
2011-03-23,13.657489776611328,13.704607572239228,13.469017310236095,13.522866402934214,37924600
2011-03-24,13.718064308166504,13.805569857036607,13.650753927636535,13.805569857036607,49378300
2011-03-25,13.711337089538574,13.866153050467153,13.603637634258396,13.664218016163227,52478400
2011-03-28,13.691147804260254,13.906544219515398,13.684416505800542,13.758459504993462,37109400
2011-03-29,13.650755882263184,13.657487178052664,13.448820860168926,13.644024586473702,59545200
2011-03-30,13.771920204162598,13.771920204162598,13.536331187893655,13.744996295387796,54565700
2011-03-31,13.583449363708496,13.711341464522155,13.421902055037291,13.657492361631753,87528000
2011-04-01,13.27381420135498,13.718069558987684,13.166116010647883,13.718069558987684,82621500
2011-04-04,13.119003295898438,13.327668460761677,13.031498963492627,13.320938444615555,69372800
2011-04-05,13.267083168029785,13.381512658416723,13.159384975178991,13.186310165323555,62605700
2011-04-06,13.428627967834473,13.42862796783447,13.267079440088372,13.368047590895527,56267400
2011-04-07,13.48248291015625,13.522869417717681,13.34112820789535,13.408439909740354,51606400
2011-04-08,13.475747108459473,13.59690787451998,13.428629318072275,13.489209701102528,46474900
2011-04-11,13.543060302734375,13.596909395466646,13.469017318778638,13.50940381736193,43166300
2011-04-12,13.300739288330078,13.509404370731978,13.253621490742264,13.46901787049438,52110300
2011-04-13,13.314200401306152,13.428629875797682,13.273812621699577,13.38151079959001,38977500
2011-04-14,13.179580688476562,13.233429792340928,13.065151182281797,13.21996719540886,52706900
2011-04-15,13.294004440307617,13.294004440307617,13.14591978974563,13.193037574748837,44283000
2011-04-18,13.206500053405762,13.287273031619698,13.09207059771657,13.145919677813641,46481400
2011-04-19,13.368051528930664,13.448824532734907,13.20650423745843,13.240159441732906,81426500
2011-04-20,14.411376953125,14.431570844165744,14.09501369666845,14.27675358058063,174554500
2011-04-21,14.44503402709961,14.465227920758451,14.263294119625208,14.397916225759438,77640100
2011-04-25,14.768131256103516,14.81524906175017,14.357531034558805,14.384456228564845,81676700
2011-04-26,15.131607055664062,15.165263536310858,14.680620485904713,14.687351782034073,105300000
2011-04-27,15.232574462890625,15.266230944715115,15.030640707397707,15.171995363333554,68452900
2011-04-28,15.34700870513916,15.39412779434396,15.111419678434686,15.111419678434686,55000000
2011-04-29,15.582595825195312,15.609521013513739,15.232576080237656,15.347005562863673,156189000
2011-05-02,15.421045303344727,15.602786434677286,15.353733630570073,15.495088271783185,71970500
2011-05-03,15.636441230773926,15.79125717550713,15.259497670247713,15.353733239413431,110500000
2011-05-04,15.942411422729492,15.98311508958896,15.41325857777144,15.637130686417878,137107200
2011-05-05,16.01702308654785,16.18662307249115,15.718526748982983,15.894910889637442,94292200
2011-05-06,15.772801399230957,16.003457523208464,15.691392822673132,15.915264790775366,100005900
2011-05-09,15.440388679504395,15.73888512927235,15.365764243575981,15.691396028443375,73296400
2011-05-10,15.623556137084961,15.738884215942871,15.481091430756663,15.501443901359453,66314300
2011-05-11,15.881342887878418,16.030590412579567,15.738879518019854,15.799935617657876,85800000
2011-05-12,16.084871292114258,16.166279901500456,15.759239442461372,15.772807759683396,66300000
2011-05-13,15.881342887878418,16.145918457013025,15.84742340761073,16.050942877107317,53099500
2011-05-16,16.03738021850586,16.247685210895323,15.786372870609084,15.820292362828965,74471600
2011-05-17,15.976323127746582,15.989891441389345,15.657475520815295,15.854212186798536,86074100
2011-05-18,16.2001895904541,16.254461532531437,15.955966498078674,16.01023844015601,65592900
2011-05-19,15.969541549682617,16.193413567017153,15.738885374980887,15.820292675495784,98367500
2011-05-20,15.75245189666748,15.969541043702264,15.704964090547447,15.915267786484314,63124700
2011-05-23,15.508224487304688,15.623552539607171,15.44038422819523,15.548928125192235,64900000
2011-05-24,15.338624000549316,15.54214347748452,15.32505569036823,15.528575167303433,51736300
2011-05-25,15.386112213134766,15.487871954386069,15.202943902515228,15.277568316607331,49375900
2011-05-26,15.264006614685059,15.35898224178042,15.230087117564109,15.345415219299564,44432200
2011-05-27,15.067262649536133,15.2775675709964,14.999423687976304,15.236862641326203,67162300
2011-05-31,15.270791053771973,15.358982524276064,15.141894633239016,15.230087397689001,59575300
2011-06-01,14.924799919128418,15.250431606817076,14.911231608655065,15.230080435052349,56011400
2011-06-02,14.985858917236328,15.148674792532937,14.829827198486939,14.931586958804125,53445700
2011-06-03,14.741630554199219,14.992639104204972,14.700926919638496,14.782335482705156,53937700
2011-06-06,14.809473037719727,14.89088161304459,14.694144977477661,14.748416929712432,49667100
2011-06-07,14.965499877929688,15.223292537774103,14.924796250460302,14.95193286473655,60300000
2011-06-08,14.802696228027344,15.01299998556059,14.741640089719942,14.897671868085059,49513200
2011-06-09,14.761990547180176,14.931590620616603,14.721286891860277,14.836614993554884,36986100
2011-06-10,14.504194259643555,14.789122366975345,14.422786968374794,14.741634564744308,53233300
2011-06-13,14.51097583770752,14.653440513030889,14.436352716295596,14.538112459272098,43550000
2011-06-14,14.802696228027344,14.870536525474018,14.619527813105138,14.6534486088015,51995000
2011-06-15,14.531333923339844,14.809477932212069,14.517765607310508,14.707718149883714,48556700
2011-06-16,14.531333923339844,14.782342594099232,14.429574141011491,14.558469261452682,53634800
2011-06-17,14.37529182434082,14.707707564131036,14.293883280703772,14.707707564131036,96504000
2011-06-20,14.470277786254883,14.531333914403515,14.361733845978613,14.375302161999604,37358400
2011-06-21,14.687360763549805,14.714497386532447,14.395648536213427,14.558464392273065,55384300
2011-06-22,14.51776123046875,14.660225917934595,14.504192918530013,14.61273812009446,37679600
2011-06-23,14.728067398071289,14.734851555196066,14.287107536526134,14.382084442327342,54189000
2011-06-24,14.382080078125,14.74841539407984,14.368511767992713,14.660223966110522,124407700
2011-06-27,14.477059364318848,14.57203497164859,14.246403208850383,14.361731286584615,45183400
2011-06-28,14.578814506530762,14.612735279784347,14.422782831399854,14.531326717920937,36515100
2011-06-29,14.51097583770752,14.633088046857456,14.456703888523696,14.60595271923821,31660400
2011-06-30,15.033347129821777,15.074050776271536,14.572034823572547,14.572034823572547,53930200
2011-07-01,15.284353256225586,15.31827274040155,14.992641034108916,15.067264158085116,35837100
2011-07-05,15.223295211791992,15.392895198974339,15.16902326765145,15.392895198974339,33358200
2011-07-06,15.433600425720215,15.481088219998869,15.22329678222389,15.230080937684463,43269800
2011-07-07,15.759230613708496,15.867774502783531,15.508223355451937,15.528574525937742,53107000
2011-07-08,15.664260864257812,15.738885301000456,15.4743083407064,15.576068112844558,35838800
2011-07-11,15.501435279846191,15.589626682183846,15.420026736658055,15.494651126751771,34663100
2011-07-12,15.230077743530273,15.413244726769303,15.08761309662761,15.345405774281925,51048100
2011-07-13,15.250434875488281,15.420034910920167,15.141890956327519,15.311490991759406,43265500
2011-07-14,15.107975959777832,15.399688314504257,15.06727100752812,15.304711386534231,47571900
2011-07-15,15.17580795288086,15.3047030160044,15.060479905807776,15.10796769684753,49959400
2011-07-18,15.114755630493164,15.216515393010193,14.979075084506738,15.121539787187045,45195400
2011-07-19,15.643903732299805,15.671040353557661,15.223296454365611,15.223296454365611,55706900
2011-07-20,15.596420288085938,15.752452021991894,15.535364167175661,15.671044723408647,57158800
2011-07-21,15.4743070602417,15.521794863713614,15.040131378274928,15.162243612314482,80125400
2011-07-22,15.691391944885254,15.772800516889024,15.453952972260412,15.56249687230187,45085500
2011-07-25,15.623556137084961,15.793156176938027,15.46752311702147,15.562500019222206,40716100
2011-07-26,15.535367012023926,15.704967091399615,15.487879196830079,15.623559777908998,45573600
2011-07-27,15.284353256225586,15.433600798123365,15.162241042879502,15.365760535826054,59198500
2011-07-28,15.29792594909668,15.521797991973113,15.148678351827677,15.243653977912873,36736700
2011-07-29,15.148670196533203,15.345406794877414,15.07404579109986,15.162238505511112,51897500
2011-08-01,15.087621688842773,15.392902324669855,14.856965495983605,15.311493723800695,51674300
2011-08-02,14.734853744506836,15.053702707017722,14.728069586374067,14.931590448519584,56976600
2011-08-03,14.940357208251953,15.04996082733207,14.625247130041165,14.796502948176125,65640300
2011-08-04,14.28273868560791,14.940360547050739,14.275888294562236,14.70745247781178,86743900
2011-08-05,14.24163818359375,14.522497694177558,13.844323327415294,14.385492481248535,101800300
2011-08-08,13.775818824768066,14.296436683649146,13.755267655633123,13.864871277863008,137491600
2011-08-09,14.111477851867676,14.125178629126552,13.371652865402826,13.8922706420378,116628500
2011-08-10,13.652515411376953,14.049828897365108,13.54291178121321,13.885423452119491,95403800
2011-08-11,14.22108268737793,14.385488108976858,13.748416283669664,13.796367701647084,75327100
2011-08-12,14.145731925964355,14.323838153876896,14.084079719895461,14.234785693209801,54183200
2011-08-15,14.31013298034668,14.33753453311147,14.132026807109387,14.21423015882581,46288900
2011-08-16,14.24163818359375,14.43344391380013,14.042980755504521,14.207386227072222,44763700
2011-08-17,14.159433364868164,14.371790247546167,13.974476738062284,14.09778115593287,51304900
2011-08-18,13.542911529541016,13.8237709899386,13.392205560932734,13.803219819697931,92196400
2011-08-19,13.145594596862793,13.67306142866219,13.12504343202205,13.43330437174336,79157400
2011-08-22,13.275754928588867,13.481262763673568,13.193552839817901,13.392208976496605,48904000
2011-08-23,13.501811027526855,13.501811027526855,13.22095152888618,13.262053874964197,54210800
2011-08-24,13.563464164733887,13.618265989995454,13.268905170564585,13.412759471909228,53521400
2011-08-25,13.303156852722168,13.618267045760652,13.28945606869997,13.584016392283834,51597200
2011-08-26,13.542911529541016,13.67991541141054,13.200399864999735,13.310003493126679,53819400
2011-08-29,13.905969619750977,13.912820008137567,13.584009205049119,13.659362170723634,40646100
2011-08-30,13.8648681640625,13.940221127389464,13.645660968832729,13.830617529774578,39098800
2011-08-31,13.789521217346191,13.981328250149996,13.714169527719905,13.858023822388873,55288500
2011-09-01,13.693610191345215,13.940218899861717,13.693610191345213,13.892267496889673,40781200
2011-09-02,13.453857421875,13.652514809398879,13.40590599911497,13.56346104720601,42807600
2011-09-06,13.385358810424805,13.412759068943098,13.125049168319046,13.186701383208382,44255600
2011-09-07,13.755267143249512,13.796368173410146,13.604562494941725,13.714166113088877,46090100
2011-09-08,13.631958961486816,13.905967930780344,13.570306780073544,13.73471216164966,42985100
2011-09-09,13.494955062866211,13.851166067883424,13.467553512784521,13.529205693890502,61406600
2011-09-12,13.892271041870117,13.899121430696715,13.371653250251285,13.378503639077882,53318000
2011-09-13,14.22108268737793,14.316985523332768,13.844319119624505,13.919672094490819,60222400
2011-09-14,14.467691421508789,14.659497092734956,14.186830690711071,14.3101350831154,58352700
2011-09-15,14.755399703979492,14.844452141155125,14.53619119212792,14.59784338193336,53239300
2011-09-16,15.04996109008789,15.132164459122261,14.680049195878787,14.830753848100537,90738900
2011-09-19,15.022560119628906,15.11161256746023,14.817052360161128,14.912956503877357,57738000
2011-09-20,15.207517623901367,15.392472919971405,14.974609599806106,15.063662052982181,71495200
2011-09-21,15.02941608428955,15.413028881726046,15.00201451689762,15.193821568905191,66811700
2011-09-22,14.810206413269043,15.002012128157125,14.618399391802523,14.762253677968584,94232800
2011-09-23,15.18011474609375,15.255467719865187,14.536192540920522,14.652646542849956,74135600
2011-09-26,15.2349214553833,15.37192666877167,14.926661685127295,15.180119631343665,64847800
2011-09-27,15.440425872802734,15.741835185308796,15.323971859059585,15.413024313532224,88219700
2011-09-28,15.28286075592041,15.55686965859885,15.27601037003126,15.488368412862373,74789100
2011-09-29,15.21436882019043,15.48152882998144,14.981462070324598,15.330822848412557,85510500
2011-09-30,14.618395805358887,15.118462448743953,14.611545416282336,15.022559614828493,64453700
2011-10-03,14.125184059143066,14.6595015118617,14.090932102828708,14.50879682381413,95768300
2011-10-04,14.5361909866333,14.570442928584338,13.974472204416168,14.008724146367205,77896900
2011-10-05,14.967756271362305,15.04995831868118,14.426587349104786,14.556742115033984,70932100
2011-10-06,15.091062545776367,15.104762017666133,14.844453759666504,15.015709570780986,58483000
2011-10-07,15.269168853759766,15.413023108952473,15.008859287347022,15.118462902706653,58425800
2011-10-10,15.673330307006836,15.680180695825007,15.39247089835216,15.39932128717033,40172800
2011-10-11,15.748684883117676,15.755535272634294,15.488376614377259,15.591129843970103,50604700
2011-10-12,15.837738037109375,15.947341652044818,15.741833894107247,15.755534672618715,59913300
2011-10-13,16.02269172668457,16.070643140126112,15.72813155088307,15.769233882328411,51288900
2011-10-14,16.098052978515625,16.098052978515625,15.92679709576546,16.056951932497622,44894100
2011-10-17,15.947338104248047,16.166545285352015,15.851433982581664,15.974738348597112,47936100
2011-10-18,16.0295467376709,16.091198946039427,15.803489075845762,15.87199167476395,85272200
2011-10-19,16.604961395263672,16.783067575301125,16.34465316694924,16.44740638058446,139956200
2011-10-20,16.17339515686035,16.35835039340225,15.995289001253715,16.35835039340225,88682000
2011-10-21,16.461109161376953,16.611813805949385,16.303552820939682,16.344655156659748,123273100
2011-10-24,16.8447208404541,16.98172600510183,16.45425781975959,16.47480767985209,138273600
2011-10-25,16.87212371826172,17.022829684171146,16.707718279015484,16.762520092097564,60939200
2011-10-26,16.920074462890625,17.01597729788831,16.673465679664435,16.988575741272893,58249900
2011-10-27,17.21463966369629,17.26259240534096,17.02283392343205,17.077635750161637,84559200
2011-10-28,17.111879348754883,17.146131292954596,16.940623547490535,17.03652768467166,44897400
2011-10-31,16.810468673706055,17.070776894968574,16.77621673237022,16.83101853192959,43121800
2011-11-01,16.372053146362305,16.680314088803332,16.317251346214785,16.515908688360774,68002400
2011-11-02,16.337806701660156,16.4816609739773,16.13229891846355,16.45426072016474,56626000
2011-11-03,16.72482681274414,16.745559224831595,16.089006917759203,16.441472423279812,58297700
2011-11-04,16.406917572021484,16.63498335126406,16.35162893821071,16.61425093745065,46476000
2011-11-07,16.78011703491211,16.80084944896772,16.330895396993515,16.379274105554995,51137900
2011-11-08,17.10493278503418,17.118755269305595,16.76628982949243,16.918333201924035,55961900
2011-11-09,16.476028442382812,16.807760240184752,16.448383466806824,16.75247160721776,56872200
2011-11-10,16.62806510925293,16.759376053609973,16.406910667083878,16.683353719795193,45508700
2011-11-11,17.174043655395508,17.208598547420966,16.793933252192282,16.8008444942343,43867200
2011-11-14,17.022003173828125,17.208602800526823,16.91833715394606,17.125670511895155,49418100
2011-11-15,17.5126953125,17.59562762186341,17.015097501763652,17.042741165489694,77391300
2011-11-16,17.236236572265625,17.62325674342177,17.19476913671796,17.36754616361425,74241700
2011-11-17,16.82158088684082,17.24315749093793,16.669537492369084,17.20860127525014,62125300
2011-11-18,16.787025451660156,16.88378021611728,16.6004258474773,16.70409185485062,45683600
2011-11-21,16.289430618286133,16.690273581296257,16.13738719031165,16.60734128174113,58579300
2011-11-22,16.061359405517578,16.261781478584997,15.957693406910327,16.158114161793055,48479200
2011-11-23,15.688162803649902,15.992249581499818,15.681251560764476,15.923139789015162,52698400
2011-11-25,15.70889663696289,16.0475396599127,15.556853234266521,15.584496890127264,28346900
2011-11-28,16.21341323852539,16.289435635018165,16.06828101051432,16.089014750881134,39753000
2011-11-29,16.29633903503418,16.51749355305096,16.18576177602579,16.234139162068846,44191100
2011-11-30,17.215511322021484,17.2362450499933,16.745557366805066,16.78011358009142,73450200
2011-12-01,17.222421646118164,17.256976539376776,16.86304495621599,17.187866752859552,51820400
2011-12-02,17.028913497924805,17.37446775765987,17.00126984260214,17.284624230130103,41486500
2011-12-05,17.284629821777344,17.415940852048085,17.13258637285381,17.298452313002752,42526800
2011-12-06,17.519607543945312,17.60945110384277,17.27771921134935,17.339919105965034,49516000
2011-12-07,17.733842849731445,17.816776444332213,17.36755489403728,17.5057771123103,54791500
2011-12-08,17.077295303344727,17.644005543262182,17.022006660204635,17.58871690012209,58000600
2011-12-09,17.284629821777344,17.346829714106363,16.84923057547422,16.86996431231233,44071500
2011-12-12,16.586597442626953,16.787019461120508,16.31706565600325,16.71099713435615,94831300
2011-12-13,16.282516479492188,16.628070741983358,16.18576170781383,16.621159498551346,78519000
2011-12-14,16.1097354888916,16.282512578745564,15.992247015063525,16.227223962719677,56395100
2011-12-15,16.1097354888916,16.35853492010037,16.068269356418334,16.29633506229818,38692600
2011-12-16,16.054452896118164,16.510584479007676,16.054452896118164,16.220318806424796,94567200
2011-12-19,15.964606285095215,16.22722692968931,15.93005006989545,16.165027060514557,42243000
2011-12-20,16.476028442382812,16.572783220528798,16.199585277547865,16.234140178832863,46309500
2011-12-21,16.365449905395508,16.648804292117205,16.192672776019602,16.552049521485863,45222100
2011-12-22,16.600425720214844,16.65571434493575,16.420737360325713,16.469114742183404,32002200
2011-12-23,16.863046646118164,16.863046646118164,16.614248489716957,16.676447040178648,24832700
2011-12-27,16.97362518310547,17.070381273986992,16.863047923399368,16.897604140923093,24136000
2011-12-28,16.745559692382812,16.973625459006904,16.711004792482317,16.945981802723495,23703400
2011-12-29,16.966712951660156,16.987446680967107,16.780114660636958,16.83540328727065,22319300
2011-12-30,16.759374618530273,17.01508524425741,16.759374618530273,16.88377431114432,21710100
2012-01-03,16.959800720214844,17.201687604975195,16.856133405963657,17.015089339329304,44845600
2012-01-04,17.353736877441406,17.36755804723022,16.95289395349573,16.980537611258363,47504000
2012-01-05,17.554155349731445,17.58871156507811,17.26388973174363,17.31917835811346,49490600
2012-01-06,17.45048713684082,17.554153133422744,17.28462127867281,17.42284216805382,36343500
2012-01-09,17.602529525756836,17.664729383862852,17.429752435058923,17.554152151270955,47478600
2012-01-10,17.68546485900879,17.91353058856639,17.630176237242846,17.76839713256534,41060900
2012-01-11,17.830604553222656,17.892804443842003,17.51269517288847,17.574895063507817,57170000
2012-01-12,17.79604721069336,17.89971324148756,17.650915031218492,17.865158337284527,44420500
2012-01-13,17.37446403503418,17.7753068377155,17.346820385634402,17.75457443021182,63313400
2012-01-17,17.305362701416016,17.55416094022286,17.25698398452347,17.40211749883061,60438600
2012-01-18,17.547243118286133,17.60944298422179,17.284622487368168,17.367554763159205,62687000
2012-01-19,17.71310806274414,17.7476642743392,17.533421035188578,17.637087033604384,64946300
2012-01-20,18.231441497802734,18.293641367738278,17.62326660288111,17.878977325747773,101272500
2012-01-23,18.459505081176758,18.583904806444338,18.203795706513123,18.210706948826285,69663500
2012-01-24,18.590816497802734,18.64610511945881,18.390395738618732,18.452595602754904,56220400
2012-01-25,18.590816497802734,18.62537271020323,18.31437338952236,18.549350361106857,54757900
2012-01-26,18.487146377563477,18.659923446512668,18.383480399830848,18.6253685599966,61678200
2012-01-27,18.47332763671875,18.5493499842707,18.376572880332404,18.424950258525577,50587400
2012-01-30,18.48024559020996,18.521711741121983,18.15542499139296,18.321290913226225,60694100
2012-01-31,18.259082794189453,18.521703389122212,18.162328046296,18.514793465573746,45325300
2012-02-01,18.348926544189453,18.549348602557394,18.3212828950745,18.480237502493118,46330600
2012-02-02,18.307466506958008,18.480243655553142,18.28673277457998,18.37657763003307,34780300
2012-02-03,18.62791633605957,18.77420956491598,18.516455461082515,18.579152369346914,42191600
2012-02-06,18.613988876342773,18.620955349170274,18.363202498146826,18.495561495712888,36772600
2012-02-07,18.558250427246094,18.627913796790182,18.411958547049945,18.55128395741986,33101300
2012-02-08,18.704544067382812,18.802071989762027,18.537352773853463,18.572183795069385,37072100
2012-02-09,18.711515426635742,18.809043374498735,18.662751452704246,18.746346456952914,35754200
2012-02-10,18.60004234313965,18.66273921958871,18.42588464827399,18.627906883384917,33616000
2012-02-13,18.60004234313965,18.697570227074735,18.474648590241532,18.690603759833976,24723000
2012-02-14,18.655780792236328,18.655780792236328,18.460723611586623,18.509487574569462,25409300
2012-02-15,18.516456604003906,18.72544542530603,18.46072616307544,18.72544542530603,35832700
2012-02-16,18.69061279296875,18.77420911154201,18.35623017611251,18.3910612004323,42450700
2012-02-17,19.066791534423828,19.157352982066673,18.68364367755156,18.711509556037495,74254100
2012-02-21,18.920501708984375,19.06679493972685,18.81600730343601,19.045895527129797,34911800
2012-02-22,18.62095069885254,19.05286260526204,18.467692321078072,18.850838929873493,51973800
2012-02-23,18.57218360900879,18.71151034991325,18.35622835645332,18.50252023855656,33800100
2012-02-24,18.60004234313965,18.6697043581117,18.42588464827399,18.6139739489034,39309500
2012-02-27,18.732404708862305,18.948361247226,18.42588806572585,18.47465201673765,46022400
2012-02-28,18.976228713989258,19.018026202902863,18.683643634157605,18.760273471097722,32820500
2012-02-29,18.725446701049805,19.01803186803739,18.69758214304645,18.983200838353547,41856200
2012-03-01,18.711515426635742,18.906571322361728,18.607019678246953,18.85084087662307,39413000
2012-03-02,18.753311157226562,18.82994101114786,18.64881674742748,18.739378214928415,29632800
2012-03-05,18.488584518432617,18.74633720448769,18.363190745230483,18.74633720448769,32332200
2012-03-06,18.537353515625,18.551285127437872,18.25173487832689,18.286565900936573,37196700
2012-03-07,18.7463436126709,18.809040520704052,18.474657897006182,18.51645539278881,32720900
2012-03-08,18.69757652282715,18.836903257120166,18.63487962526711,18.809037378774278,37261600
2012-03-09,18.857803344726562,18.927466719289303,18.71847792431944,18.76724188789785,29396700
2012-03-12,18.802074432373047,18.864771341681408,18.746343993956554,18.809040903264915,24006900
2012-03-13,19.150386810302734,19.157353280032574,18.892634073889965,18.892634073889965,33796800
2012-03-14,19.12948226928711,19.43600021157981,19.045887312391386,19.122517130144033,46835700
2012-03-15,19.33150863647461,19.40117199640372,19.10858694767592,19.157350901010876,34191900
2012-03-16,19.317575454711914,19.477800250422142,19.296677377099833,19.380272344984274,54672100
2012-03-19,19.32454490661621,19.436005766813704,19.18521949572848,19.268814476517466,26937200
2012-03-20,19.33150863647461,19.436003012009238,19.19914838548111,19.2618452765455,22684900
2012-03-21,19.352407455444336,19.42903595319331,19.296677034936884,19.359373924097522,22212900
2012-03-22,19.436002731323242,19.4708350751438,19.23398045203622,19.317575419769454,23395100
2012-03-23,19.422073364257812,19.498703206032257,19.282747949516814,19.463872184526583,24899500
2012-03-26,19.638029098510742,19.686793057992904,19.477802951860188,19.51263530057476,32799700
2012-03-27,19.638029098510742,19.70072599747873,19.554432790314006,19.672860118507074,24365100
2012-03-28,19.36634063720703,19.67982510847531,19.36634063720703,19.596228806564387,35152000
2012-03-29,19.61713409423828,19.631067036852702,19.275784972496208,19.33151541423535,39616000
2012-03-30,19.589271545410156,19.81915980723493,19.51960815391687,19.77736097510775,43024400
2012-04-02,19.77039337158203,19.819158672939455,19.498707621897946,19.533539980010396,28853500
2012-04-03,19.582292556762695,19.76341672738667,19.47083173310453,19.721617921976488,34152500
2012-04-04,19.4569034576416,19.526566821290874,19.227015287701697,19.415105970939294,30845100
2012-04-05,19.55443572998047,19.575335142351072,19.366345004800355,19.415110300331765,22033800
2012-04-09,19.338481903076172,19.436009844028465,19.2200545481833,19.317582489135592,22965500
2012-04-10,19.12252426147461,19.40814290669972,19.094658379638805,19.296682036793257,36272100
2012-04-11,19.401172637939453,19.50566701692938,19.24791297528398,19.28274532075937,26668200
2012-04-12,19.840051651000977,19.86791753031649,19.45690511144048,19.484769662037735,37053200
2012-04-13,19.56836700439453,19.777355795421585,19.56140053419785,19.749491243353198,34480900
2012-04-16,19.79129409790039,19.888822049640638,19.603203337785327,19.68679967407603,37480000
2012-04-17,19.833084106445312,20.049040673283383,19.79128661845525,19.81915249626075,61288000
2012-04-18,19.470840454101562,19.582301327683094,19.12949003394989,19.21308635349525,72249100
2012-04-19,19.289710998535156,19.568363107316557,19.115553264457024,19.415104779666304,43035900
2012-04-20,19.227018356323242,19.484771115629165,19.20611894527748,19.31061334306957,38058500
2012-04-23,19.12252426147461,19.206119249545267,18.97623103927339,19.038927944685575,37791200
2012-04-24,19.025001525878906,19.22702525229071,18.97623754466746,19.052867417267638,35010600
2012-04-25,19.40814208984375,19.44297311195415,19.05286008370073,19.10859051630836,40854600
2012-04-26,19.6589298248291,19.71466026155469,19.33151367515608,19.366344699840166,46644900
2012-04-27,19.77039337158203,19.87488911720077,19.57533748102673,19.58230395264922,33310200
2012-04-30,19.784326553344727,19.88185582851678,19.70769802201072,19.79825949675768,28810500
2012-05-01,20.1674747467041,20.23713680709782,19.763428684314828,19.833090744708546,43316200
2012-05-02,20.327699661254883,20.390396578737413,20.007248602042115,20.07691199132477,40434700
2012-05-03,20.040008544921875,20.538202739917182,19.94177363535249,20.53118576946933,41219000
2012-05-04,19.57689094543457,19.913697354778677,19.53479047885398,19.871596888198088,34573600
2012-05-07,19.47866439819336,19.63303373383215,19.401479061198827,19.527781853244324,37385900
2012-05-08,19.205001831054688,19.366388074911086,18.952396344427445,19.282185799918754,53087400
2012-05-09,19.078699111938477,19.190967919837473,18.76995922104136,19.001513804626757,40599300
2012-05-10,19.113788604736328,19.2681579294051,18.917317460144115,19.183956966258563,36239000
2012-05-11,19.387451171875,19.61199028246091,19.08572937690311,19.127829874609542,34937400
2012-05-14,18.959421157836914,19.226059352009425,18.86118490663625,19.190975836948674,39447300
2012-05-15,18.86118507385254,19.12080763799487,18.81908458773633,18.98047089980707,35712100
2012-05-16,18.594539642333984,18.938363044929883,18.587522674319807,18.88222863916626,44629300
2012-05-17,18.377023696899414,18.706813247984385,18.377023696899414,18.573493498247846,31503200
2012-05-18,18.292818069458008,18.64365846615141,18.278784132386296,18.41210385786776,43444900
2012-05-21,18.348947525024414,18.37701539158928,18.0191581229845,18.28579616360301,41389400
2012-05-22,18.264755249023438,18.44017548305357,18.089335014993306,18.433158513090344,46037700
2012-05-23,17.85076141357422,17.899878859529352,17.485887045978906,17.871810982783547,61969600
2012-05-24,17.99811553955078,18.089334809687248,17.75954391690947,17.94198111883225,37129200
2012-05-25,18.061262130737305,18.13844744059616,17.941976351114434,18.047228194699365,19122200
2012-05-29,18.30685806274414,18.468244377408418,18.145471748079864,18.271774546808548,35052800
2012-05-30,18.334918975830078,18.37702078804066,18.103364362071602,18.17353271073931,33089800
2012-05-31,18.131437301635742,18.292823611807464,18.0332023890704,18.089336816014924,42240200
2012-06-01,17.6402587890625,18.040216719472237,17.62622618710179,17.822695998053824,40246400
2012-06-04,17.570091247558594,17.79462893252992,17.429754525276426,17.738494511287087,39903700
2012-06-05,17.843740463256836,17.941975333249843,17.542017547307196,17.570085417790757,29491300
2012-06-06,18.292818069458008,18.320885943601432,17.84374278996242,17.899877199899368,33553600
2012-06-07,18.201602935791016,18.54542641647335,18.16651808775194,18.503325937176562,29534200
2012-06-08,18.531391143798828,18.5805085891691,18.138450242486645,18.159499811445325,26750500
2012-06-11,18.23668670654297,18.685762061070957,18.215635797418173,18.62962764175496,28041300
2012-06-12,18.60857391357422,18.62260784985538,18.278783102716076,18.32790187970014,29132000
2012-06-13,18.62260627746582,18.854160853154482,18.482269603203115,18.566470537080967,30496500
2012-06-14,18.931346893310547,18.987481301494906,18.53840603602004,18.650674852388757,38301200
2012-06-15,19.183956146240234,19.25412450476312,18.86118223237501,18.959418469647098,51838900
2012-06-18,19.24009132385254,19.37341107646661,19.09975460127455,19.14887339102197,30432300
2012-06-19,19.303245544433594,19.387446519641493,19.12080831368265,19.359379974022318,30060200
2012-06-20,19.394454956054688,19.47164026465498,19.212017805585674,19.282186146281415,28164900
2012-06-21,18.741893768310547,19.359373629783228,18.671726758081775,19.30323921859025,47571100
2012-06-22,18.903284072875977,18.917316673917068,18.71382990614495,18.861182254702335,100360700
2012-06-25,18.278779983520508,18.699788631663218,18.159494222185902,18.66470513529699,41787800
2012-06-26,18.250717163085938,18.440171294004273,18.061263032167602,18.355969011923946,34935400
2012-06-27,18.3980712890625,18.482273579405007,18.28580246083916,18.320887306127705,23642100
2012-06-28,18.124418258666992,18.26475497915766,17.857780095754908,18.243704069579017,40166600
2012-06-29,18.69979476928711,18.69979476928711,18.39105481420159,18.44017359892545,35082300
2012-07-02,18.713830947875977,18.755931430043077,18.51735980051251,18.60156210319691,21739700
2012-07-03,18.847152709960938,18.847152709960938,18.636647600007077,18.748916456642334,12515500
2012-07-05,18.629629135131836,18.83311725793305,18.503327685308935,18.812066347120783,20324500
2012-07-06,18.35597038269043,18.594541971658956,18.194584113197006,18.552441496649795,32515300
2012-07-09,18.362991333007812,18.391057876315923,18.11038575148351,18.27878902638296,27910200
2012-07-10,17.93496322631836,18.538409221762084,17.850762268747197,18.138451327423834,47231600
2012-07-11,17.815671920776367,17.977059493269937,17.69638615242008,17.941974656488867,34809100
2012-07-12,17.359588623046875,17.661311681846193,17.31748813573894,17.654294710903145,53147600
2012-07-13,17.717445373535156,17.815680285948005,17.373621841739876,17.401688385993417,35972100
2012-07-16,17.633235931396484,17.75953867532348,17.542018026532414,17.70340427117257,36984500
2012-07-17,17.80866050720215,18.005131639398307,17.436770489793474,17.773576997829664,63631500
2012-07-18,18.39105796813965,18.538411670881292,17.577108132886593,17.68236135128074,67503500
2012-07-19,18.28580093383789,18.48928900446867,18.11739770556581,18.48928900446867,36555800
2012-07-20,17.90690040588379,18.243706982824147,17.89286646392368,18.15248903678419,48844000
2012-07-23,17.724462509155273,17.79463087796767,17.40168854795838,17.57710880081421,36378200
2012-07-24,17.549034118652344,17.696386420314482,17.394664849527764,17.67533685627686,33637600
2012-07-25,17.633235931396484,17.913909290500815,17.542018026532414,17.556051962157582,34407600
2012-07-26,17.892860412597656,18.13143199183362,17.780591591586603,17.95601179171011,37808200
2012-07-27,18.257736206054688,18.29281971353722,17.871810931996716,18.019164607793403,33344000
2012-07-30,18.075300216674805,18.38404018864389,18.01916579798498,18.22966953348429,25878100
2012-07-31,18.03319549560547,18.27176705350965,18.03319549560547,18.07529596513274,26616900
2012-08-01,18.194578170776367,18.243695598636773,18.012141054188056,18.124409843111703,29207700
2012-08-02,18.180551528930664,18.42614010507615,18.019165247422226,18.06126572556572,34309900
2012-08-03,18.56631851196289,18.651258422057918,18.389361603499484,18.580475388657742,30692600
2012-08-06,18.62295150756836,18.799908481015617,18.545091357302272,18.559246889121383,24613200
2012-08-07,18.757431030273438,18.856526460296493,18.651257162381025,18.729117278796007,27077800
2012-08-08,18.828216552734375,18.927311995882853,18.615867438749437,18.743276637125568,27034400
2012-08-09,18.898996353149414,19.033482617219512,18.80697801449732,18.85652572758356,26465300
2012-08-10,19.026405334472656,19.040562210520555,18.77866675400445,18.898997500263583,24930300
2012-08-13,18.89191436767578,18.991009775238258,18.693722202477154,18.941462071457018,23619700
2012-08-14,18.74327278137207,18.976855813652296,18.67248975793815,18.969777376301515,27470400
2012-08-15,18.594627380371094,18.736192059907022,18.53800123854198,18.566313634419682,26081000
2012-08-16,18.821134567260742,18.86360384202513,18.64417768065624,18.714960705312823,25699700
2012-08-17,18.637102127075195,18.84944988382958,18.552162214328973,18.806980602493525,30376900
2012-08-20,18.56631851196289,18.63710154536307,18.47430151359451,18.559240073615467,25600800
2012-08-21,18.48137664794922,18.644176650613343,18.396436753039254,18.63709821353136,31661300
2012-08-22,18.212404251098633,18.410596469773267,18.16285653394848,18.3256565617487,33619400
2012-08-23,17.724002838134766,18.113307458031493,17.646141374125847,18.106229020387598,51397600
2012-08-24,17.63198471069336,17.745237014208595,17.483341568607344,17.731080138750702,45187500
2012-08-27,17.582439422607422,17.653222459589244,17.518734824331194,17.596596300018614,34424700
2012-08-28,17.695690155029297,17.702768593100192,17.469185537056767,17.54704700576258,33119500
2012-08-29,17.462108612060547,17.667377933606783,17.37009160931378,17.646143967628216,60462600
2012-08-30,17.178974151611328,17.440869576707577,17.094034255588262,17.391321866558226,37182200
2012-08-31,17.575359344482422,17.695690091104897,17.327619413192153,17.341776289282798,43447800
2012-09-04,17.28514289855957,17.738151943215684,17.17896907247747,17.71691798804333,40688000
2012-09-05,17.263917922973633,17.539971656048685,17.122353186851747,17.270996362290866,38595800
2012-09-06,17.7664737701416,17.7664737701416,17.31346316921948,17.32054160752324,40187600
2012-09-07,17.12234878540039,17.48334099733748,16.994939610590368,17.079878160414445,86282100
2012-09-10,16.464067459106445,17.41255639678177,16.400362877466026,16.952468801658373,80584600
2012-09-11,16.520692825317383,16.740118957252463,16.421597414135164,16.492379079223195,54237700
2012-09-12,16.41452407836914,16.69057643820121,16.322505725042358,16.55608880260968,44862700
2012-09-13,16.534852981567383,16.570243821138693,16.159703871771132,16.287113054346236,52998300
2012-09-14,16.541927337646484,16.66225805259998,16.442830581166533,16.598553477032034,47983700
2012-09-17,16.499469757080078,16.59148815008302,16.393295830601453,16.48531422360439,36169000
2012-09-18,16.541927337646484,16.64810118023518,16.379126005598582,16.49945672055208,41948200
2012-09-19,16.386207580566406,16.641025931648773,16.379129143028127,16.633947494110494,39459800
2012-09-20,16.40744400024414,16.40744400024414,16.272956378090367,16.343739408175196,33083000
2012-09-21,16.372055053710938,16.471151855491843,16.287116480840762,16.435759658400706,56246600
2012-09-24,16.138465881347656,16.24464108259994,15.94027505250076,16.230484209089802,48846500
2012-09-25,15.954431533813477,16.25879620635689,15.933196224070281,16.244640683268493,49535100
2012-09-26,16.032297134399414,16.103080174411666,15.911966371400842,15.97567097240445,49734700
2012-09-27,16.343738555908203,16.379129394068112,16.03229404982007,16.110155513860587,43872200
2012-09-28,16.03936767578125,16.32249834634531,15.989819977191729,16.32249834634531,47920800
2012-10-01,16.110157012939453,16.400366233091766,16.053530856570074,16.103078574634022,55261300
2012-10-02,16.16678237915039,16.28003468635389,16.039373196027956,16.202173218873735,36381100
2012-10-03,15.96151351928711,16.258801196567813,15.919044236839621,16.180941070426446,49772700
2012-10-04,15.904884338378906,16.011059549442063,15.763319640417851,15.982745799805516,52980100
2012-10-05,16.053529739379883,16.209251321040245,15.982746711325548,16.039372863754224,38344600
2012-10-08,15.933197975158691,16.011059436033797,15.855336514283584,16.011059436033797,29698200
2012-10-09,15.501420974731445,15.706691584455253,15.466030142056034,15.685456274805771,66317400
2012-10-10,15.402331352233887,15.572209843058342,15.35986206704633,15.501426801029593,47188900
2012-10-11,15.345701217651367,15.487265915002235,15.232448919741119,15.480188827697493,36817700
2012-10-12,15.204126358032227,15.466022988952586,15.147500241897163,15.274909340719333,46274000
2012-10-15,15.381085395812988,15.501416079009257,15.218285456804301,15.239520759747162,49513800
2012-10-16,15.819947242736816,15.904885799300587,15.536816470734223,15.565128872897475,80707000
2012-10-17,15.42355728149414,15.558043494404899,15.055486767049784,15.055486767049784,99053800
2012-10-18,15.338624000549316,15.473111621294713,15.28907628503101,15.444797869527685,42921800
2012-10-19,15.055492401123047,15.352780027875616,15.02010021337041,15.338623152774561,55622300
2012-10-22,15.189971923828125,15.267833352259089,15.076719673423082,15.147502667444563,36500300
2012-10-23,15.281998634338379,15.409407823705477,15.076727973674926,15.090884850287729,47194400
2012-10-24,15.189971923828125,15.388164037073613,15.154581101854044,15.381085602664132,33237800
2012-10-25,15.352779388427734,15.395248661888125,15.225370217972705,15.274917928688803,79226400
2012-10-26,15.536820411682129,15.586368140591219,15.289080417062321,15.409411194444836,92415400
2012-10-31,15.310306549072266,15.635907865342109,15.281994154220873,15.579281725565657,40612800
2012-11-01,15.756237983703613,15.862411822999501,15.374010542150076,15.402324286001575,50359300
2012-11-02,15.614672660827637,15.954430851826837,15.586360265787347,15.848255657723145,51737600
2012-11-05,15.618254661560059,15.811337806185914,15.5324394759532,15.746976757977295,48797400
2012-11-06,15.539582252502441,15.732665290239133,15.46806986474974,15.539582252502441,49860500
2012-11-07,14.95318603515625,15.410863223374115,14.946034658592145,15.40371321079562,70960100
2012-11-08,14.89598274230957,15.110518674826505,14.88883136269418,14.946041035631108,38090000
2012-11-09,14.874527931213379,15.117669371203167,14.874527931213379,14.881679310505564,35017900
2012-11-12,14.853073120117188,14.953189688503816,14.767257944367257,14.931735553569847,27267000
2012-11-13,14.502664566040039,14.88882946823194,14.431152142971605,14.710049092553868,56379200
2012-11-14,14.273823738098145,14.659989982596876,14.26667372378012,14.602780320151059,58961300
2012-11-15,14.323884010314941,14.50981576236135,14.28812711723717,14.309581253083833,45733800
2012-11-16,14.438298225402832,14.488356493992493,14.137947249879344,14.352483076402327,50855500
2012-11-19,14.481206893920898,14.624231705134145,14.109343475955006,14.295275184937953,69433800
2012-11-20,13.952017784118652,14.21661192134061,13.837598476565526,14.21661192134061,85743300
2012-11-21,13.84475326538086,13.980625374090433,13.751786702594233,13.959172601128959,95636000
2012-11-23,14.102197647094727,14.1880128403813,13.952022763826001,13.966325523371468,51711900
2012-11-26,14.223763465881348,14.245217597794586,14.030681734605224,14.08074001175036,67047900
2012-11-27,14.252370834350586,14.438302576563235,14.245219456113261,14.266673590825235,44893200
2012-11-28,14.366787910461426,14.381090664698378,14.044982760058568,14.22376309606333,43226300
2012-11-29,13.966320991516113,14.331033057664731,13.916261349350561,14.18085685913964,64926300
2012-11-30,13.994927406311035,14.137952250572262,13.887659455108118,14.037834313995003,51427800
2012-12-03,13.97347354888916,14.245219095090885,13.944868036664824,14.216613582866549,50637000
2012-12-04,14.280976295471191,14.338185962640367,14.02353347520293,14.037834869005682,57942400
2012-12-05,14.195162773132324,14.316733488903706,14.116498967637288,14.259523820539885,45847000
2012-12-06,14.41684341430664,14.509809934985983,14.280970003152081,14.295272754638972,46291200
2012-12-07,14.41684341430664,14.559868201204647,14.323878257612757,14.53841407397431,41701200
2012-12-10,14.359633445739746,14.423994461981435,14.288121053917267,14.409691710819855,27273200
2012-12-11,14.767253875732422,14.831614898815802,14.409693242596113,14.416844618937107,51036500
2012-12-12,14.7815580368042,15.010396645577533,14.688592863484669,14.917431472258004,48354700
2012-12-13,14.652837753295898,14.960340182577996,14.617082227838576,14.752954315765097,41607600
2012-12-14,14.681438446044922,14.831613240457695,14.552716414270877,14.674287070503539,34149500
2012-12-17,14.710049629211426,14.79586481282149,14.559874762876401,14.695746871278736,34959900
2012-12-18,14.988943099975586,15.010397231880718,14.710046205137639,14.788709991470702,41601200
2012-12-19,15.089065551757812,15.23924042825686,14.917436536907692,15.067611413406738,52804600
2012-12-20,15.03900146484375,15.189176283478236,14.931732178406959,15.16772215339375,34005500
2012-12-21,14.853073120117188,14.910282782621824,14.64568724104666,14.774409322678581,61993100
2012-12-24,14.760108947753906,14.824469998955196,14.667143742677691,14.76726032721918,14193100
2012-12-26,14.767253875732422,14.96748832132356,14.760102499391428,14.831614898815802,22488700
2012-12-27,14.667139053344727,14.845919390858944,14.52411423773906,14.803012491771536,31704300
2012-12-28,14.466902732849121,14.652834423747034,14.452599980321844,14.552717884027217,25906900
2012-12-31,14.745809555053711,14.774413712812622,14.416852874914957,14.481213934855445,41139500
2013-01-02,15.289299964904785,15.289299964904783,15.053309879779045,15.124822316117266,47623000
2013-01-03,15.24638843536377,15.360807753288814,15.117666361701628,15.303598094326292,41054100
2013-01-04,15.131966590881348,15.29644416243784,15.05330281144753,15.274991396399987,30142500
2013-01-07,15.196329116821289,15.339353936456266,15.146270839144776,15.217783248962265,36352100
2013-01-08,15.081907272338867,15.418013768820119,15.031849003074162,15.182023810868273,48672000
2013-01-09,15.33935546875,15.353656860953492,15.160575108340261,15.174876500543753,34290000
2013-01-10,15.589646339416504,15.603949095107982,15.396564593524978,15.453774252305035,44621600
2013-01-11,15.732674598693848,15.782732890542817,15.568196964336908,15.589649738565807,44944700
2013-01-14,15.732674598693848,15.825639802986768,15.553894205526873,15.718371839883813,35724500
2013-01-15,15.646856307983398,15.825636665708915,15.5753452560819,15.696915953894687,33990300
2013-01-16,15.8113374710083,15.875698517852557,15.625405709456677,15.668312619357492,36763700
2013-01-17,16.218950271606445,16.490695748184734,15.81133137474624,15.818482750970084,101020600
2013-01-18,15.196329116821289,15.332202559075942,15.039002906411428,15.274992904019104,143760400
2013-01-22,15.139123916625977,15.224939106456226,15.039007331812495,15.217787726971524,51127400
2013-01-23,15.096216201782227,15.174878643963,15.046157912034618,15.160577249739466,42432300
2013-01-24,14.981799125671387,15.14627677795275,14.967496365302667,15.089067100464176,58396800
2013-01-25,14.988943099975586,15.06760688630865,14.931733445547655,15.046154118389271,107632800
2013-01-28,15.053306579589844,15.081912093448356,15.010399672788052,15.024702429717308,105398300
2013-01-29,15.217790603637695,15.232092001324366,15.02470741301015,15.081917095716115,105703100
2013-01-30,15.282144546508789,15.346504216076674,15.174875247928801,15.224934890459497,34151300
2013-01-31,15.046156883239746,15.246390028539055,15.03185412600808,15.232087271307389,36534100
2013-02-01,15.274988174438477,15.274988174438475,15.081905136911109,15.153417524586283,31867100
2013-02-04,15.131966590881348,15.289292785763346,15.124815214206851,15.232083136353015,38345600
2013-02-05,15.309053421020508,15.417474201951823,15.222315969088438,15.280140477494808,30076500
2013-02-06,15.17172622680664,15.323516488360356,15.113901693511325,15.294603532389887,32361000
2013-02-07,15.041622161865234,15.15727123983219,14.962114282416552,15.15727123983219,41015200
2013-02-08,15.178953170776367,15.244005937514192,15.092215688910766,15.106672165662618,28150100
2013-02-11,15.20063591003418,15.222319243697923,15.121126676879593,15.178951197725114,18897200
2013-02-12,15.316286087036133,15.359654136223575,15.171724084884094,15.200637036772672,28391400
2013-02-13,15.359658241271973,15.395798062146058,15.287377220878005,15.337973521560043,21267200
2013-02-14,15.345194816589355,15.381335999752588,15.222317551124712,15.272913828908065,35262200
2013-02-15,15.26568603515625,15.395790150633175,15.171720343336979,15.345193875951301,33809100
2013-02-19,15.244006156921387,15.330742261389878,15.222321441481503,15.309058924595517,31061600
2013-02-20,14.983795166015625,15.251234476616258,14.962111829105798,15.244006238097805,46119800
2013-02-21,14.636847496032715,15.00547937618507,14.542883155748616,14.998251137910065,60754500
2013-02-22,14.759725570678711,14.810321862636426,14.52842744821741,14.687444562748166,34534800
2013-02-25,14.622389793395996,14.925968882263698,14.622389793395996,14.868144359557723,41525600
2013-02-26,14.875373840332031,15.070532137765694,14.752496546982556,14.81032107452081,67247100
2013-02-27,15.128353118896484,15.207862342614987,14.824774075824658,14.889826826386132,46966600
2013-02-28,15.09221076965332,15.236772732761315,15.048842732178944,15.113895477713037,34808000
2013-03-01,15.20063591003418,15.316284951725223,14.933196639470319,15.027162347497619,45695700
2013-03-04,15.374109268188477,15.388565742869005,15.150038046576212,15.294600036090879,47545800
2013-03-05,15.547579765319824,15.605404274004362,15.395789568369768,15.424702512034553,38796400
2013-03-06,15.721061706542969,15.749974665684283,15.547588087632402,15.562044567203058,37188900
2013-03-07,15.822254180908203,15.894535199543133,15.721061582006758,15.757201402001343,42380000
2013-03-08,15.598180770874023,15.930672830678331,15.518671530316276,15.865620066339346,44990500
2013-03-11,15.677688598632812,15.713828407277521,15.381337756081148,15.56203955659535,42148200
2013-03-12,15.641545295715332,15.706598045393235,15.50421293852433,15.65600176867601,28617300
2013-03-13,15.656007766723633,15.684920723721968,15.511445739023303,15.583726752873469,24617400
2013-03-14,15.648773193359375,15.79333516254572,15.547580642116003,15.71382594162872,28836500
2013-03-15,15.453621864318848,15.684921394256627,15.374113986465785,15.61986861687502,52949600
2013-03-18,15.3668851852417,15.533130553075813,15.316288888826593,15.352428706652903,35154400
2013-03-19,15.280142784118652,15.439161240224674,15.186178460765742,15.36688024914423,42546000
2013-03-20,15.309053421020508,15.439158909596097,15.258457148495562,15.403017730188973,29919000
2013-03-21,15.207864761352539,15.280144381343092,15.106670811804081,15.186180048168145,32607200
2013-03-22,15.417476654052734,15.424704891083787,15.236774864212151,15.287371144784274,30803200
2013-03-25,15.287376403808594,15.482534734847878,15.23678010583079,15.46085001629494,32740700
2013-03-26,15.735513687133789,15.735513687133789,15.35965359763443,15.381338310790486,39548500
2013-03-27,15.778881072998047,15.88730187694015,15.547582990282809,15.627092223208166,45370900
2013-03-28,15.786109924316406,15.836706209547328,15.6126363555338,15.79333816201302,33336700
2013-04-01,15.48975944519043,15.684917731764997,15.410250207257366,15.663233018152688,33718100
2013-04-02,15.511438369750977,15.598175820892532,15.410245825623342,15.554807784644263,28166700
2013-04-03,15.215089797973633,15.540353563552587,15.186178229169512,15.504213757886133,36620800
2013-04-04,15.280142784118652,15.316283968981493,15.150037275902902,15.215090030010776,28702500
2013-04-05,15.13558578491211,15.157269122348133,14.998252007019843,15.13558578491211,36721600
2013-04-08,15.244006156921387,15.244006156921387,15.034391376939073,15.099444144613203,34213000
2013-04-09,15.721061706542969,15.822254306246023,15.22232419052148,15.258465389448121,61518700
2013-04-10,16.08969497680664,16.20534406551852,15.6921500280444,15.699378268419629,67102900
2013-04-11,15.778881072998047,15.836705593676857,15.533126515451775,15.706600077488204,59295600
2013-04-12,15.670459747314453,15.757195836122166,15.518669523933045,15.71382779171831,34028000
2013-04-15,15.453621864318848,15.69214825516949,15.43916676384739,15.54035936037623,38459200
2013-04-16,15.843935012817383,15.851163250772018,15.482531386958085,15.518671198085846,64767000
2013-04-17,15.851164817810059,16.00295369392693,15.590953740300494,15.749972233732143,79461200
2013-04-18,16.075231552124023,16.190880590879605,15.829477000107088,15.937897801609786,76237300
2013-04-19,16.219802856445312,16.227031097850055,16.05355606142841,16.09692550985686,49101000
2013-04-22,16.537826538085938,16.58119595853746,16.154739641280504,16.248703961635083,52817000
2013-04-23,16.89923095703125,16.9498286167808,16.573968559084282,16.610108365974412,62494100
2013-04-24,17.10162353515625,17.19558927228275,16.805272601718677,16.826957320743045,54282000
2013-04-25,16.89923095703125,17.253407682051794,16.855862913034038,17.094389222986585,109178000
2013-04-26,16.913692474365234,17.029341545270807,16.72576238948226,16.84863969965014,101377300
2013-04-29,17.17389488220215,17.224491152787873,16.91368391502417,16.94259685744171,102141600
2013-04-30,17.311229705810547,17.347369507493134,17.087158523714315,17.14498303359349,41468900
2013-05-01,17.34014129638672,17.4702467884634,17.21003580431004,17.21726404038597,38373800
2013-05-02,17.426877975463867,17.455789539836484,17.108842495495075,17.1522105313765,33486300
2013-05-03,17.481603622436523,17.671304002934473,17.474308685015327,17.671304002934473,30085800
2013-05-06,17.44512939453125,17.66401377521636,17.40135279672082,17.634829840553724,31009100
2013-05-07,17.62023162841797,17.693193529546726,17.46701288851684,17.48890048471271,38605600
2013-05-08,17.69318962097168,17.722374931628906,17.481600293603403,17.53997091491786,24900600
2013-05-09,17.773448944091797,17.926667659718376,17.58374858786439,17.656710477433744,31333900
2013-05-10,17.875595092773438,17.904780405806378,17.766152952164553,17.817225858339878,22554800
2013-05-13,17.56915855407715,17.868301093493823,17.53267829966341,17.80993185145234,28535200
2013-05-14,17.394046783447266,17.634820024837286,17.350270210003313,17.569154468855263,36694400
2013-05-15,17.65671157836914,17.65671157836914,17.37216033046948,17.430529567437958,33568900
2013-05-16,17.467012405395508,17.80263519301926,17.45971607632119,17.554565571022366,29812900
2013-05-17,17.53997230529785,17.671302038769156,17.43782510153263,17.59834153960698,36277400
2013-05-20,17.56915855407715,17.693193367369368,17.510789312035662,17.56915855407715,31324400
2013-05-21,17.62023162841797,17.693193529546726,17.51078947254109,17.58375137366985,37917900
2013-05-22,17.561864852905273,17.89748908859253,17.467015342256335,17.60564144307919,49686400
2013-05-23,17.547269821166992,17.59834412637313,17.394051080446147,17.423235006074272,38132900
2013-05-24,17.452421188354492,17.539975752843514,17.20435154587362,17.452421188354492,30861700
2013-05-28,17.56915855407715,17.80263552224309,17.510789312035662,17.627527796118635,31153700
2013-05-29,17.707782745361328,17.78803956853021,17.4305278533023,17.48160075667311,31653900
2013-05-30,17.66400718688965,17.87559654871515,17.66400718688965,17.715081488857223,26299900
2013-05-31,17.71508026123047,18.028814030352567,17.605636727659505,17.678598619496036,47793200
2013-06-03,18.415512084960938,18.568732205317833,18.11636956462345,18.152849816710496,76493500
2013-06-04,18.503067016601562,18.955428274913306,18.49577068770848,18.64898941956594,68515500
2013-06-05,18.021520614624023,18.44469795303254,17.985038969810603,18.320663143931814,53335200
2013-06-06,17.98504066467285,18.196630049632954,17.70778709612548,18.058002569542975,40020000
2013-06-07,17.941261291503906,18.02151951355742,17.671302702908147,17.802633832947578,35539400
2013-06-10,18.24770164489746,18.30607088624264,17.977743033905693,18.028815946128667,29780800
2013-06-11,18.028818130493164,18.298776774193012,17.970448882075985,18.116372698935255,27077800
2013-06-12,17.846410751342773,18.240404148943504,17.809930499697845,18.211218834321645,24535200
2013-06-13,18.233104705810547,18.24769736062884,17.80263113009599,17.84640770291871,27707000
2013-06-14,18.182037353515625,18.342552430598804,18.123668108064233,18.25499925823801,24762700
2013-06-17,18.313365936279297,18.495769976697154,18.174738475904658,18.320662264891897,42643200
2013-06-18,18.58332633972168,18.714657494119365,18.29148010307829,18.29148010307829,36674300
2013-06-19,18.24040985107422,18.73654922168469,18.24040985107422,18.597921717159334,28843900
2013-06-20,17.649415969848633,18.058000645297266,17.583750401626048,18.043407987551706,63565700
2013-06-21,17.65671157836914,17.766153723730987,17.57645335567534,17.736968409430556,67754000
2013-06-24,17.204345703125,17.671299510797876,17.080310924007875,17.569153713277466,49145200
2013-06-25,17.42323112487793,17.467009091016934,17.197050533021937,17.386750878060976,34571300
2013-06-26,17.51808738708496,17.685898800724132,17.430532819480856,17.656714872611193,33645000
2013-06-27,17.547269821166992,17.7661555257243,17.518085895538864,17.583751467742804,25564500
2013-06-28,17.678606033325195,17.80993721538048,17.31379781278625,17.459721657655,80413900
2013-07-01,17.430524826049805,17.817221785548302,17.394044584729873,17.766148891047596,29698200
2013-07-02,17.306486129760742,17.539964352771808,17.17515645583361,17.41592961214755,28290100
2013-07-03,17.335676193237305,17.437821987126902,17.10949562463945,17.29189962323206,18167200
2013-07-05,17.554569244384766,17.569161905586974,17.27731563970668,17.474312391038165,17830400
2013-07-08,16.919801712036133,17.445124926102856,16.803063220021304,17.408644669210446,68826600
2013-07-09,16.883316040039062,17.087609048196132,16.8614284477727,17.000054504233884,34739800
2013-07-10,16.963573455810547,17.000053702288444,16.518507212292782,16.88331524360054,50037500
2013-07-11,17.50349235534668,17.510788684294365,17.12409159986185,17.189757168758547,41313800
2013-07-12,17.437820434570312,17.510782305837694,17.255416452217837,17.474302066019973,34561900
2013-07-15,17.467012405395508,17.488900000985986,17.335681265322744,17.39405050628481,25650100
2013-07-16,17.69318962097168,17.729669867661006,17.43782371924977,17.510785604260633,34496100
2013-07-17,17.62023162841797,17.824524673251986,17.5399747896456,17.72967378429485,44084200
2013-07-18,16.956279754638672,17.22623835193993,16.897910516253592,17.124091141041728,77863900
2013-07-19,16.81035804748535,16.8906148838031,16.642545262531936,16.861430959223682,45866700
2013-07-22,16.613359451293945,16.868725372618027,16.58417413839642,16.83224373149612,35890900
2013-07-23,16.598766326904297,16.773874024455985,16.518508110331002,16.671728215458902,28521400
2013-07-24,16.730100631713867,16.781173545931583,16.511214924396107,16.730100631713867,33432700
2013-07-25,16.824947357177734,16.824947357177734,16.64983965516926,16.671728639782433,114558100
2013-07-26,16.970869064331055,16.970869064331055,16.708206847596877,16.73739215684829,110474500
2013-07-29,16.956279754638672,17.00005633551938,16.832244949116323,16.90520684500578,85543100
2013-07-30,17.058429718017578,17.145984292681597,16.985469196035773,17.00006046545248,28855200
2013-07-31,17.029247283935547,17.116800474660238,16.97087802624146,17.051136277433155,27679200
2013-08-01,16.927095413208008,17.13868337526611,16.795764282177004,17.080314138322592,37832700
2013-08-02,16.941688537597656,16.941688537597656,16.78117346629903,16.91250461173997,36242100
2013-08-05,16.886430740356445,16.96010654795142,16.83485809661471,16.945371105382595,20869000
2013-08-06,16.798019409179688,16.893798380165975,16.731711323188915,16.856959773921577,28843300
2013-08-07,16.72434425354004,16.790652336542767,16.613829845036104,16.731710569207827,23350900
2013-08-08,16.5401554107666,16.783284579503636,16.51068452716256,16.761181416800603,34792500
2013-08-09,16.584365844726562,16.613835332879244,16.437014188214512,16.510690016470537,25145400
2013-08-12,16.680137634277344,16.724343959000013,16.54015515506939,16.56225691218167,23520400
2013-08-13,16.591733932495117,16.72435014521881,16.495954932083748,16.716982421706433,26099200
2013-08-14,16.628564834594727,16.753813276276723,16.466479194579392,16.503316392912726,23202500
2013-08-15,16.2307186126709,16.51068498848643,16.18651228602967,16.414907424595334,40451200
2013-08-16,16.142309188842773,16.348601187400405,16.12757374496381,16.252822207436434,30079000
2013-08-19,16.414905548095703,16.724342772964842,16.245450792507423,16.267553953301274,43412200
2013-08-20,16.591733932495117,16.709614698194052,16.429646825721903,16.43701454923428,32084300
2013-08-21,16.3338680267334,16.635937642230203,16.252824479319802,16.606468155602194,32403300
2013-08-22,16.40017318725586,16.49595075818346,16.333865097671666,16.40017318725586,17380600
2013-08-23,16.53278923034668,16.62856680048596,16.451745698133223,16.459113419720737,23088700
2013-08-26,16.40753936767578,16.59172817583043,16.37806848385148,16.5033169296066,22267800
2013-08-27,16.34859848022461,16.37070023713393,16.208614597053057,16.29702584043747,37638500
2013-08-28,16.422279357910156,16.510689223370935,16.304397195213323,16.355971256189832,28090000
2013-08-29,16.252817153930664,16.525417159934538,16.245449434282037,16.385433297108285,28303500
2013-08-30,16.193878173828125,16.392802405446098,16.134937816894908,16.385434685173326,33896300
2013-09-03,16.260189056396484,16.385437512144748,16.18651324620647,16.363334347512986,26427300
2013-09-04,16.680137634277344,16.783284320047848,16.414906712186607,16.48858110955961,37941800
2013-09-05,16.65067481994629,16.74645241801064,16.56963126410364,16.709615204581958,22552800
2013-09-06,16.702239990234375,16.812752986207236,16.503315754333833,16.71697543109715,27606600
2013-09-09,16.87906837463379,16.967479652849608,16.724350394318094,16.739084436312737,27770600
2013-09-10,16.930633544921875,17.041146539865434,16.89379634835701,16.996941622937804,31705400
2013-09-11,16.805391311645508,16.93063979354026,16.731715486075156,16.87906713721586,45815300
2013-09-12,16.672773361206055,16.827492719231262,16.650671599523413,16.783287790616637,29517900
2013-09-13,17.269540786743164,17.284274821478636,16.974839013300222,16.98220532804351,61134800
2013-09-16,17.232707977294922,17.468469475269554,17.20323849267278,17.409529100775895,30088500
2013-09-17,17.490568161010742,17.60108115921309,17.43899552219958,17.45373096335963,37540700
2013-09-18,17.608448028564453,17.62318346901216,17.357951161949188,17.571610832694127,31975400
2013-09-19,17.615827560424805,17.74844380287717,17.564254889526637,17.652664780994957,28261400
2013-09-20,17.51267433166504,17.65265683098936,17.36532270524556,17.637922792546817,47069000
2013-09-23,17.402156829833984,17.571610172872752,17.39478910988679,17.461097184162636,22437100
2013-09-24,17.461103439331055,17.57161646763074,17.37269217354167,17.37269217354167,24410100
2013-09-25,17.461103439331055,17.54214557728448,17.37269217354167,17.52004381477418,19879900
2013-09-26,17.2474365234375,17.534770558507322,17.092718629245695,17.497933366151788,32003300
2013-09-27,16.930633544921875,17.232703053550456,16.856957746543177,17.100086897518594,28924100
2013-09-30,16.886430740356445,17.0706195567193,16.650669280251858,16.739079125166505,32489600
2013-10-01,16.82012176513672,16.974841093434474,16.72434420399931,16.901165289733118,25888800
2013-10-02,16.86433219909668,16.87169992240062,16.7022465021586,16.73171599012483,23205400
2013-10-03,16.65067481994629,16.82749597385329,16.576998987839303,16.812760526381968,34888500
2013-10-04,16.805391311645508,16.834862203973447,16.650673342672313,16.650673342672313,22550000
2013-10-07,16.82012176513672,16.9453702098543,16.628565237612825,16.73171051964528,21321300
2013-10-08,16.5622615814209,16.856963469742553,16.5622615814209,16.849597152127778,36111200
2013-10-09,16.643301010131836,16.915899662420024,16.562257483924974,16.584360647049326,40435400
2013-10-10,17.019046783447266,17.107456627689032,16.886430611835475,16.938003255184697,39189400
2013-10-11,17.136924743652344,17.136924743652344,16.812752088230376,16.820119808268252,24550600
2013-10-14,17.27691078186035,17.30638026046091,16.967473527684525,17.011678448209903,27176700
2013-10-15,17.232707977294922,17.380059616153755,17.181135325269143,17.2400756997628,42957700
2013-10-16,17.461103439331055,17.49057292442792,17.107459781422907,17.136930671769168,47723400
2013-10-17,17.623184204101562,17.637919645163908,17.306379247506147,17.3726873270377,28694900
2013-10-18,17.593711853027344,17.667387646938664,17.446361670453587,17.578977818444187,29579100
2013-10-21,17.7852725982666,17.807375763287986,17.54951112570205,17.63792238053837,35297600
2013-10-22,17.73370361328125,17.829482609566874,17.6894986793607,17.80737943998184,29010800
2013-10-23,17.490568161010742,17.718961877995465,17.357952001068316,17.630552041533193,31651100
2013-10-24,17.520044326782227,17.660026844269645,17.520044326782227,17.57898470394783,47590200
2013-10-25,17.85894775390625,17.85894775390625,17.696862098782834,17.76317018616268,59634700
2013-10-28,17.947357177734375,18.043134735723946,17.80737329582744,17.814741016480333,65581600
2013-10-29,18.06524085998535,18.175753877402418,17.939992398846208,17.976829602902143,29961700
2013-10-30,18.050506591796875,18.183122783433646,17.97683077363763,18.072609758819453,24091800
2013-10-31,18.028404235839844,18.21996080957193,17.99893475039998,18.065242849201447,30901400
2013-11-01,17.92525863647461,18.16102013714474,17.84421509365073,18.057874831913907,28302100
2013-11-04,17.87368392944336,17.97682922281859,17.79264039593469,17.917888854425712,26639800
2013-11-05,17.86996841430664,17.929460552006354,17.676618612181457,17.788166193067866,22849900
2013-11-06,18.033567428588867,18.078186167341496,17.765852159264824,17.892273101067385,25525700
2013-11-07,17.89227294921875,18.130241445085357,17.847654210844794,18.122806170693128,25631100
2013-11-08,17.914581298828125,17.936891375064214,17.72866825207267,17.86996256475993,31502900
2013-11-11,17.97408103942871,18.06331996381316,17.795604609064394,17.877406838216427,19236500
2013-11-12,18.167423248291016,18.21947867470267,17.832779195067534,17.840215887184055,37813500
2013-11-13,18.293846130371094,18.3087195161919,17.996385505975656,18.033567552123532,22990300
2013-11-14,18.137678146362305,18.219480348756242,18.10793279356713,18.1674249175616,20198900
2013-11-15,18.23435401916504,18.25666267950884,18.03356756564601,18.145115122577423,22866500
2013-11-18,18.293846130371094,18.368211641070985,18.204607233850393,18.301282823281497,24712500
2013-11-19,18.368209838867188,18.49463076913193,18.301281027644443,18.397955189186185,24870200
2013-11-20,18.264101028442383,18.45745080657658,18.189735510943958,18.368213320301887,20288600
2013-11-21,18.76235008239746,18.806970248530483,18.234357548796453,18.30128637959157,44050600
2013-11-22,17.750986099243164,18.22692325340115,17.728676013240282,18.21948655806686,77908100
2013-11-25,17.661739349365234,17.862525779227603,17.475826303582444,17.862525779227603,43389300
2013-11-26,17.587383270263672,17.728677657913803,17.490709058758675,17.69149559619759,30600800
2013-11-27,17.773290634155273,17.788164021365468,17.490703369182956,17.579940855635574,28419200
2013-11-29,17.728668212890625,17.840215757016573,17.669176094796523,17.773286946860207,13802900
2013-12-02,17.624563217163086,17.847658379545624,17.58737974449636,17.847658379545624,25685300
2013-12-03,17.51301383972168,17.646871501624986,17.401466260937063,17.617126142537817,35066400
2013-12-04,17.654308319091797,17.736110539359608,17.490705296960606,17.490705296960606,43501500
2013-12-05,18.041013717651367,18.10794257058253,17.66175069050973,17.71380614981066,45399100
2013-12-06,18.45745086669922,18.77722160010107,18.405395429802038,18.568998434108074,53871400
2013-12-09,18.53925323486328,18.650800803215628,18.353340148141275,18.472324410171016,29614700
2013-12-10,18.45745086669922,18.568998434108074,18.338466605675873,18.5095063035964,18203700
2013-12-11,18.15998649597168,18.502065821773655,18.145113111787946,18.397954969295483,24682400
2013-12-12,18.197175979614258,18.509510083179244,18.159993922353607,18.38308910272664,21917800
2013-12-13,18.063316345214844,18.212045964854692,17.96664074496486,18.003822795273745,20631200
2013-12-16,18.182300567626953,18.375648930885937,18.093061661319172,18.093061661319172,25061100
2013-12-17,18.338468551635742,18.42027077167122,18.130245363547445,18.159992141161954,28158500
2013-12-18,18.70285415649414,18.74003762073776,18.241790547106277,18.375646763170923,42680500
2013-12-19,18.69542121887207,18.7697867438925,18.50950811552321,18.680549248591518,31880600
2013-12-20,18.635927200317383,18.851587059254644,18.62105523153889,18.673110668274294,55380100
2013-12-23,18.82927703857422,18.91107924993622,18.725166164771142,18.792094988902914,28120800
2013-12-24,18.911075592041016,19.052369906589664,18.85158347303169,18.873892131157685,12157900
2013-12-26,19.111867904663086,19.111867904663086,18.91108140934052,18.91108140934052,16957000
2013-12-27,19.03750228881836,19.186231922190835,18.948263374071328,19.149049868448824,12970600
2013-12-30,19.22340965270996,19.22340965270996,19.03749660271935,19.089552029772083,19787200
2013-12-31,19.305213928222656,19.364707476667505,19.163921005878937,19.193666361697094,22808100
2014-01-02,19.17879295349121,19.20110161407935,18.940823032785875,19.17135626049378,31833300
2014-01-03,19.171358108520508,19.260595596283437,19.037500458471822,19.23085023983056,27796700
2014-01-06,18.93338966369629,19.178796320482157,18.92595438779769,19.16392293187615,28682300
2014-01-07,19.030061721801758,19.13417258581654,18.940822825214703,18.992879675626234,19665100
2014-01-08,18.911075592041016,19.119297299371656,18.81440001214836,19.067241872538997,29680500
2014-01-09,18.821840286254883,19.000316677248186,18.777221543107625,18.903642497361748,20878000
2014-01-10,18.985445022583008,19.223413547844604,18.963134941438124,18.963134941438124,30588800
2014-01-13,18.963138580322266,19.327528131853242,18.90364643759077,19.05981278035923,40274500
2014-01-14,19.714223861694336,19.74396921796264,19.26059547676738,19.342397688712712,74142900
2014-01-15,19.833213806152344,20.167858025079173,19.788595049763664,19.87039586674213,58277700
2014-01-16,19.736530303955078,19.885259894684488,19.58036260252457,19.810894390117774,48960800
2014-01-17,19.22340965270996,19.230846344918067,18.777218049051694,18.859020244936847,111758900
2014-01-21,19.030061721801758,19.186228017823932,18.792093222108463,19.17879274331214,42286400
2014-01-22,18.821840286254883,18.992881402060537,18.70285602559268,18.881332416585984,48749900
2014-01-23,18.687986373901367,18.777225296437887,18.516946642311304,18.717733154215058,40241000
2014-01-24,18.450014114379883,18.73260279721439,18.43514214560249,18.502069551111433,34838700
2014-01-27,18.383089065551758,18.58387557852419,18.338470313248294,18.42027254114178,32564900
2014-01-28,18.516942977905273,18.628490545197828,18.27153776249994,18.375648636185755,32453800
2014-01-29,18.353347778320312,18.56156961423589,18.316164294474763,18.405403237299208,27145700
2014-01-30,18.397958755493164,18.50950632301907,18.249229138260052,18.405395449115463,24610100
2014-01-31,18.24923324584961,18.331034057298286,18.145120930107826,18.182304406588678,28623300
2014-02-03,17.81047248840332,18.226917363725455,17.765852330815697,18.219480670794184,52868200
2014-02-04,17.71380043029785,17.8774048705953,17.535324019576986,17.840221398525685,50816300
2014-02-05,17.657493591308594,17.837671922003977,17.64247837243479,17.792627697312653,32476200
2014-02-06,18.010337829589844,18.077904864533046,17.680010262304158,17.71754829945577,28008400
2014-02-07,18.175504684448242,18.213042729421556,17.845178480263087,18.167998507383583,30808400
2014-02-10,18.235570907592773,18.29563036524439,18.062898713905266,18.10043676989404,24571300
2014-02-11,18.370704650878906,18.408242708987707,18.26560095203527,18.28061617527879,17911700
2014-02-12,18.43075180053711,18.5358568611031,18.295619177402912,18.400722806039358,25874100
2014-02-13,18.54336929321289,18.573398295525028,18.250578287072532,18.340668157868777,22922000
2014-02-14,18.588411331176758,18.588411331176758,18.325650790115088,18.4532772568062,20539700
2014-02-18,18.588411331176758,18.603426546535655,18.430754433767856,18.52084429399148,17738100
2014-02-19,18.39322280883789,18.558385926728526,18.33316336306583,18.50583409066924,25686000
2014-02-20,18.57339859008789,18.655980853633327,18.3932202775678,18.42325071228612,20193800
2014-02-21,18.333158493041992,18.738559286330123,18.280606670942582,18.731053110541428,30579800
2014-02-24,18.490821838378906,18.67850781552495,18.325658693985318,18.40073337122981,24145500
2014-02-25,18.483314514160156,18.550880144370407,18.36319417885344,18.520851134491437,21539100
2014-02-26,18.61844253540039,18.75357662577817,18.475802268383774,18.57339831591777,19820200
2014-02-27,18.588411331176758,18.6184403299648,18.400725434979815,18.6184403299648,20863900
2014-02-28,18.588411331176758,18.65597836836204,18.445769649126753,18.6109341542151,23482700
2014-03-03,18.39322280883789,18.460789864322727,18.24307347844267,18.430759425471628,25728500
2014-03-04,18.475799560546875,18.6034260236508,18.393217310323834,18.55838037884021,23661200
2014-03-05,18.39322280883789,18.55087831701575,18.31814814364028,18.543372139233114,21036200
2014-03-06,18.490821838378906,18.505837060213878,18.30313586123286,18.44577760480436,22371700
2014-03-07,18.498329162597656,18.65598612556066,18.445777318920104,18.543374827404424,25373400
2014-03-10,18.648475646972656,18.686012263275522,18.45328209195148,18.475804920891274,24908100
2014-03-11,18.565893173217773,18.655983056078412,18.475804722287243,18.603431221047252,26656800
2014-03-12,18.588411331176758,18.678499759470633,18.475800079844543,18.505829078632583,21244800
2014-03-13,18.44577407836914,18.768594126452946,18.340670409478637,18.618444800669288,26243300
2014-03-14,18.39322280883789,18.50583409066924,18.31814814364028,18.37820758941234,21807200
2014-03-17,18.54336929321289,18.63345773207922,18.385712377301942,18.49832364184981,18525800
2014-03-18,18.633460998535156,18.6935204456178,18.430759827657415,18.528357324123068,26344000
2014-03-19,18.78360939025879,18.956280112971147,18.595923448546205,18.65598289261703,34229400
2014-03-20,19.091411590576172,19.211530462173364,18.72354736731853,18.768591586185003,37009100
2014-03-21,18.89621925354004,19.279098717786972,18.888711644602257,19.22654688715249,56861900
2014-03-24,18.858678817749023,19.05387088284205,18.708529533291635,18.92624442063218,36950600
2014-03-25,19.113935470581055,19.271592405018186,18.896220524462265,18.91123574334772,32317400
2014-03-26,19.053876876831055,19.324145101103742,19.008832650095655,19.211533818300172,26442800
2014-03-27,19.001325607299805,19.33165328771974,18.986311819226774,19.03886365730786,27201100
2014-03-28,19.234052658081055,19.376692918478216,19.008828707260008,19.076395749313335,22884500
2014-03-31,19.37669563293457,19.56438156894653,19.234055352555117,19.25657674844132,29336300
2014-04-01,19.511829376220703,19.519336985354364,19.24906878426262,19.369187666541166,23778700
2014-04-02,19.43675994873047,19.556878863342188,19.249073965658354,19.489311794881797,22464700
2014-04-03,19.827144622802734,19.86468124188478,19.62444344312712,19.631951053329576,38581300
2014-04-04,19.639453887939453,20.06737754191253,19.601917277984928,19.88719923665702,47918000
2014-04-07,19.88719940185547,20.074885317046927,19.66948448483692,19.74455770536959,49813500
2014-04-08,20.202512741088867,20.255064570690404,19.7820966723466,19.789604281136818,56699500
2014-04-09,20.25506591796875,20.285096355127102,20.067379981519235,20.21752930345087,34481800
2014-04-10,19.842153549194336,20.337644209942884,19.789601726377033,20.27758477930457,40478200
2014-04-11,19.65447425842285,19.962279122937137,19.64696664807735,19.72204131960211,36121100
2014-04-14,19.93975257873535,20.007319627332325,19.624440162592798,19.752066650839307,26957900
2014-04-15,20.097410202026367,20.142454425348255,19.789605384121714,19.90221665839146,45074400
2014-04-16,20.217531204223633,20.450261386360996,19.969785802095423,20.255067822270558,59033600
2014-04-17,20.30010986328125,20.39019830330561,20.112423942645574,20.179989556698875,38108500
2014-04-21,20.232547760009766,20.307621001060113,20.06738319306632,20.307621001060113,20398600
2014-04-22,20.149961471557617,20.25506513368206,20.014827373437615,20.20251330261984,29601600
2014-04-23,20.082393646240234,20.247556742041635,20.059870820114156,20.119930257853753,25574300
2014-04-24,20.082393646240234,20.240049133332942,19.99981138237456,20.127437866562445,25432800
2014-04-25,19.71453094482422,20.059872380710914,19.661979111704945,20.00732054759164,33614400
2014-04-28,19.76708221435547,19.812126436897703,19.526844451556848,19.646963332956158,33472800
2014-04-29,19.87969970703125,20.014833848871433,19.782103622330265,19.789611233758105,22146000
2014-04-30,20.0373477935791,20.044855401676188,19.684497372665174,19.75957202170621,25863900
2014-05-01,19.857173919677734,20.02233703882633,19.812128261057996,19.902218146367325,19755200
2014-05-02,19.827144622802734,19.999815361668528,19.81963701260028,19.93975591197911,24235200
2014-05-05,19.815786361694336,19.883934003689074,19.67949107770486,19.808214241002215,20738900
2014-05-06,19.838499069213867,19.974792883861575,19.687059571737635,19.808210592024988,21818000
2014-05-07,19.96722412109375,20.027799637038846,19.85364376499175,19.88393224508141,24692800
2014-05-08,19.944509506225586,20.088376910771814,19.85364550223998,19.929365264855594,24166900
2014-05-09,19.914220809936523,19.997512692343957,19.853645289340484,19.9672256541631,20324400
2014-05-12,19.96722412109375,20.09594727300636,19.914219280936848,19.997511156949187,20607800
2014-05-13,20.027799606323242,20.095947242186238,19.936935610427838,20.058086642132228,20525000
2014-05-14,19.936931610107422,20.080798972977412,19.936931610107422,20.058082617503015,17811900
2014-05-15,19.694631576538086,20.065656754540363,19.694631576538086,19.936933615704138,31752700
2014-05-16,19.550765991210938,19.740064657189716,19.490190475867095,19.724920417295206,30017200
2014-05-19,19.717355728149414,19.755214895146256,19.49776851571072,19.49776851571072,22679600
2014-05-20,19.717355728149414,19.815790428881993,19.5962032164433,19.702211483656818,22292600
2014-05-21,19.838499069213867,19.876358221465882,19.687059571737635,19.76277932047575,18721300
2014-05-22,19.800634384155273,19.891498352725606,19.747631004253325,19.846065646323545,15926500
2014-05-23,19.90665054321289,19.914221219738145,19.793070176052975,19.800642296812594,17172200
2014-05-27,20.224666595458984,20.24738295284714,19.823354391239896,19.93693328971258,27271900
2014-05-28,20.353391647338867,20.398824366390166,20.186809343520004,20.217097822887535,27150100
2014-05-29,20.413965225219727,20.413965225219727,20.232238698957023,20.376106073836098,20638900
2014-05-30,20.68655776977539,20.68655776977539,20.391252316105565,20.398824435973278,43641000
2014-06-02,20.641128540039062,20.70927618136672,20.53512173985574,20.678987698894723,20264900
2014-06-03,20.944002151489258,20.974290628188026,20.53511782569433,20.610836128973126,33256300
2014-06-04,20.898571014404297,21.019722033506483,20.82285126640691,20.83042338563006,21612500
2014-06-05,20.944002151489258,20.944002151489258,20.76984774317353,20.8682824039764,26546200
2014-06-06,21.330175399780273,21.36046243769147,20.997009317351186,21.03486992003308,34795600
2014-06-09,21.133298873901367,21.51946825124435,21.07272337025348,21.277166236652814,39933000
2014-06-10,21.38317108154297,21.45131869753977,20.989429621168977,21.087865708379375,34256900
2014-06-11,21.14844512939453,21.36045869028089,21.050009023925238,21.307455300059303,27747700
2014-06-12,21.17116355895996,21.277171801243398,21.027297602817367,21.09544524277304,31211400
2014-06-13,22.61740493774414,22.76127088207475,22.38267355528732,22.526540943852115,122194300
2014-06-16,22.723407745361328,22.829414516131745,22.465961492718378,22.503820641069545,36407800
2014-06-17,22.677982330322266,22.791561248917617,22.59469044937633,22.62497748702575,28440600
2014-06-18,22.6628360748291,22.700695229584063,22.46596529278811,22.62497547583996,34412300
2014-06-19,22.78398323059082,22.78398323059082,22.632543748842398,22.69311925269498,27166600
2014-06-20,22.86727523803711,22.86727523803711,22.738552110987673,22.7688391409931,39826400
2014-06-23,22.889997482299805,22.950573005949988,22.602264106020034,22.791562797956157,26528900
2014-06-24,23.094438552856445,23.34431274828191,22.783988838668265,22.83699223705635,53397600
2014-06-25,23.382169723510742,23.473033715291027,23.056577243197268,23.079292157966723,44293300
2014-06-26,23.30645751953125,23.39732009087534,23.177734339931682,23.329172440250005,26722300
2014-06-27,23.420032501220703,23.47303589959391,23.245878065356074,23.37460122321999,30776300
2014-06-30,23.397319793701172,23.473039565015867,23.21559320908661,23.374604873270922,21558400
2014-07-01,23.457895278930664,23.54118717164769,23.374604830448153,23.465467400471713,28240000
2014-07-02,23.457895278930664,23.510898685483497,23.32159997966081,23.465467400471713,16831200
2014-07-03,23.579036712646484,23.745620430098658,23.48817417970341,23.533605446174946,20437600
2014-07-07,23.495746612548828,23.624469739468886,23.41245475270822,23.54117787962828,22233400
2014-07-08,23.314022064208984,23.533607743788085,23.245874435731388,23.47303223450067,37608700
2014-07-09,23.389739990234375,23.457887617612364,23.23830194157642,23.351880839128395,28302400
2014-07-10,23.669898986816406,23.722902367925354,23.048999760853608,23.170150758883725,32455100
2014-07-11,23.662338256835938,23.81377779937349,23.503328036982566,23.669910378386266,20045000
2014-07-14,23.844058990478516,23.91220662347488,23.73048008356263,23.783483477174432,24244600
2014-07-15,24.010643005371094,24.078790643233216,23.59418650219971,23.912208330811513,61006100
2014-07-16,26.23679542541504,26.30494305853826,25.14643329544351,25.22215449250727,135834600
2014-07-17,25.5174560546875,26.017204325345105,25.464452669047137,25.89605331695744,70591100
2014-07-18,25.5174560546875,25.623462825968222,25.282724712231698,25.593174351754335,46528800
2014-07-21,25.7900447845459,25.918766458463047,25.39630331205653,25.403873985859082,32097200
2014-07-22,26.342803955078125,26.373092435906827,25.797622854035552,25.865770491665874,42915100
2014-07-23,26.123207092285156,26.2822172248321,25.971767632897265,26.25950231688752,26077000
2014-07-24,25.93392562866211,26.251946103920563,25.820345236944465,26.032361775586114,33180400
2014-07-25,25.93392562866211,26.024788208954618,25.691623488902522,25.858207293163243,31614000
2014-07-28,25.918777465820312,25.986925112855396,25.653760443166604,25.918777465820312,30972200
2014-07-29,25.88847541809082,26.024770640757247,25.812757133706096,25.94905235637252,26141700
2014-07-30,26.009634017944336,26.176217758502585,25.774905534577613,25.97934842840776,32782800
2014-07-31,25.66132164001465,25.93391212745074,25.60074758084432,25.81276112064224,35431200
2014-08-01,25.54774284362793,25.76732704602389,25.449306753160137,25.555313517448056,33472400
2014-08-04,25.782482147216797,25.81277063219666,25.40388475037523,25.585612771785502,27250100
2014-08-05,25.016433715820312,25.748175144439085,24.848741881381105,25.732930167882614,49845100
2014-08-06,25.0393009185791,25.29845971701003,24.68867516413788,24.848743064076423,27923900
2014-08-07,24.90972328186035,25.267972983222723,24.803011347245725,25.100281138724228,27820100
2014-08-08,24.8487491607666,25.153642965850032,24.803017125382063,24.985951082285865,35484000
2014-08-11,25.168882369995117,25.33657421640242,25.008814466251152,25.016435501232316,27718600
2014-08-12,25.252723693847656,25.267968668715543,24.909719028524318,25.085031877982548,24805600
2014-08-13,25.992090225219727,26.03020412231599,25.328949704830702,25.3365736473228,36291000
2014-08-14,25.870128631591797,26.09117640093578,25.717684701529894,25.953974537734798,25458000
2014-08-15,26.045446395874023,26.07593635071693,25.694820638227004,25.992090428740003,28577600
2014-08-18,26.228382110595703,26.27411704093037,25.90062237906896,26.114046238600046,27232200
2014-08-19,26.17502212524414,26.296979013055395,26.106421194120212,26.296979013055395,29281900
2014-08-20,26.296979904174805,26.304600937810577,26.053066120286847,26.09117710382903,27140300
2014-08-21,26.792430877685547,26.822917919300856,26.258868395715968,26.266489429199396,37164900
2014-08-22,26.632368087768555,26.830549909973975,26.609502072776575,26.830549909973975,21196700
2014-08-25,26.533275604248047,26.792434391901033,26.411318698745582,26.74669946195686,18614500
2014-08-26,26.52565574645996,26.716213622379474,26.441809815826183,26.518034710803448,19664700
2014-08-27,26.518028259277344,26.632361212403723,26.396071364666838,26.594250228028265,17168900
2014-08-28,26.411319732666016,26.533276642942713,26.380829778176317,26.380829778176317,18908900
2014-08-29,26.61711883544922,26.632363812223943,26.42656098728816,26.53327582471124,32302800
2014-09-02,26.350343704223633,26.609502540187428,26.243631755476635,26.495166647854198,32094800
2014-09-03,26.350343704223633,26.586636524793793,26.258876734966567,26.540901586323997,26668800
2014-09-04,26.609500885009766,26.746702784202327,26.31223107265333,26.319852108082983,27632400
2014-09-05,26.6781005859375,26.769567545223982,26.548522635921834,26.61712067462504,20841900
2014-09-08,26.92963409423828,27.10494694997729,26.586629416626415,26.647606410600886,24859600
2014-09-09,26.609500885009766,26.899149661936544,26.563765949384795,26.899149661936544,22333100
2014-09-10,26.693349838256836,26.77719577589688,26.426567045067355,26.563768959808762,19964200
2014-09-11,26.693349838256836,26.693349838256836,26.319855090864632,26.51803692668341,21949000
2014-09-12,26.38844871520996,26.60949650616495,26.29698176669412,26.60187547198941,26732600
2014-09-15,26.32746124267578,26.50277403577238,26.09116856971217,26.457039125872118,22438000
2014-09-16,26.624746322631836,26.739082209824538,26.27412053317507,26.27412053317507,20875700
2014-09-17,26.66285514831543,26.830546993850685,26.479921232897116,26.60949918067824,26278900
2014-09-18,26.807682037353516,26.807682037353516,26.571392119360997,26.769571041646586,23809600
2014-09-19,26.540891647338867,26.845785307596433,26.54089164733887,26.800050386253368,46851900
2014-09-22,26.457050323486328,26.700964130826417,26.335093419816285,26.510406287111852,25447700
2014-09-23,26.236007690429688,26.457055530486564,26.20552063927349,26.457055530486564,25690700
2014-09-24,26.487537384033203,26.563759350123238,26.197888679064143,26.220757595036453,18829000
2014-09-25,26.0225772857666,26.518028816096116,25.824398418243867,26.434182904100496,34639700
2014-09-26,26.114046096801758,26.190270980278967,25.6338424154643,26.114046096801758,25882300
2014-09-29,26.601871490478516,26.670472418518337,25.870127288826595,25.96159713133398,29003100
2014-09-30,26.540891647338867,26.67809350368663,26.22837695403151,26.60187154246296,35274600
2014-10-01,25.908248901367188,26.51040955182195,25.79391301798541,26.380831597826084,35086600
2014-10-02,25.549999237060547,25.915869993935406,25.35181742645189,25.885380037275254,32910800
2014-10-03,25.93874168395996,26.053077592615356,25.511893828036776,25.656716792341722,25834600
2014-10-06,25.99971580505371,26.2817406336976,25.816778973590303,26.030205761577992,24321100
2014-10-07,25.511890411376953,25.953983189759462,25.473776508474238,25.94636215378845,25972100
2014-10-08,26.12166404724121,26.197886005552746,25.260341961450493,25.52712463090352,34960600
2014-10-09,25.626224517822266,26.24363313504902,25.59573746492229,26.030209226335778,28185700
2014-10-10,24.322811126708984,25.046931754653134,23.24806464782191,24.86399488460127,80917600
2014-10-13,23.987422943115234,24.673430949768314,23.987422943115234,24.177980803510042,42110200
2014-10-14,24.498111724853516,24.902093353846098,24.170352057213005,24.383777328984685,68671000
2014-10-15,23.842601776123047,24.124626616176382,22.600163620476877,23.278550642175176,92305200
2014-10-16,23.51484489440918,24.017917628617365,23.43862144447189,23.545333402079265,47787400
2014-10-17,23.918819427490234,24.170355718035434,23.6063046863232,23.781619003971805,37504500
2014-10-20,24.071269989013672,24.162738405957114,23.552952351963565,23.659665747371108,30523700
2014-10-21,24.856369018554688,24.863990053971552,24.071270071071122,24.139871020552267,33278400
2014-10-22,24.597206115722656,25.054543764552005,24.55909512960052,24.89447587822992,26725600
2014-10-23,24.91734504699707,25.085036896410042,24.84874410020833,24.9402139677148,22254900
2014-10-24,25.290836334228516,25.40517219938811,24.825874747179515,24.94021061233911,27814300
2014-10-27,25.30608367919922,25.382305657986805,24.9783239365848,25.214616723117693,23751900
2014-10-28,25.717683792114258,25.72530482527523,25.328944224230693,25.328944224230693,21857800
2014-10-29,25.854888916015625,25.893002813965175,25.542374143531692,25.73293200255073,24615200
2014-10-30,24.833494186401367,25.61859140126059,24.696292336158606,25.595725395447232,55217900
2014-10-31,25.923490524291992,25.92349052429199,24.871613209147302,25.717690590050562,52089700
2014-11-03,26.152158737182617,26.281736671351666,25.755798085170824,25.77104306113457,28703600
2014-11-04,26.32746124267578,26.5103950669154,26.07592359974542,26.106413539678925,34695900
2014-11-05,25.901660919189453,26.162519008722803,25.778904343335387,26.124158127533587,34705500
2014-11-06,25.947694778442383,26.262258675422117,25.633130881462648,25.847954149620264,25240600
2014-11-07,25.763553619384766,26.085788424496034,25.46433182310719,26.070443491860264,27604500
2014-11-10,25.51804542541504,25.694510741302608,25.379946842966454,25.64847592932139,30653600
2014-11-11,25.556413650512695,25.732876070161026,25.47201794399653,25.59477453708876,19676600
2014-11-12,25.6101131439209,25.64080008954432,25.31856520989348,25.49502758590427,22864200
2014-11-13,25.84028434753418,25.978385862565055,25.579426255447824,25.58709726106169,26449300
2014-11-14,26.04743766784668,26.062782606439328,25.587098290310582,25.89399120866798,18104600
2014-11-17,26.26993751525879,26.277608521948604,25.90166480569026,25.947699626073344,17646300
2014-11-18,26.63052749633789,26.776302932053877,26.208551979431064,26.23156792117678,30674800
2014-11-19,26.35432243347168,26.69190516207271,26.277600682469917,26.61518048432375,21289600
2014-11-20,27.581897735595703,27.597242674927983,26.08579980829953,26.193211456877567,61994700
2014-11-21,27.30568504333496,27.973173571579768,27.236634304085715,27.60490393783274,56721600
2014-11-24,27.81206703186035,27.950168564365296,27.49750308043199,27.535863966850467,33321100
2014-11-25,27.865768432617188,27.98852500570921,27.735340854158974,27.896458307577085,29093200
2014-11-26,28.310758590698242,28.379809335621786,27.835074380448454,27.904125125371994,24060000
2014-11-28,28.579286575317383,28.916866356403613,28.34144447904823,28.41816915207716,19128500
2014-12-01,28.517908096313477,28.863161823323342,28.310758786854702,28.548597966880386,30904000
2014-12-02,28.847816467285156,28.847816467285156,28.525581611273946,28.525581611273946,28361100
2014-12-03,28.717388153076172,29.070312869911785,28.702043218420666,28.909195446149486,30660800
2014-12-04,28.740415573120117,28.740415573120117,28.41818059686671,28.694383677511457,23359100
2014-12-05,28.90153694152832,29.07800232088084,28.786454260307625,28.824815154047855,20527600
2014-12-08,28.540925979614258,28.947556507005753,28.341444754546966,28.740404277934505,28134800
2014-12-09,28.30309295654297,28.456539426548694,27.850427479737476,28.134301546861874,28487300
2014-12-10,27.942495346069336,28.40283477511504,27.850428630959435,28.33378400709559,27499900
2014-12-11,28.157320022583008,28.548605735167836,27.957838736364906,28.003873554741684,25088200
2014-12-12,27.796714782714844,28.24938014761845,27.789043778147473,27.96550615066959,29322500
2014-12-15,27.558876037597656,28.218693727494628,27.543534026586318,27.91947475806405,30633400
2014-12-16,27.282676696777344,28.00387123101542,27.282676696777344,27.512844916066285,31166300
2014-12-17,27.80438232421875,27.87343305644536,27.106203999148168,27.328698201436946,31637700
2014-12-18,28.40283203125,28.40283203125,27.950166579463076,28.195679747203663,32128100
2014-12-19,27.904138565063477,28.510250626124776,27.796726893837125,28.402838954898428,76786800
2014-12-22,28.54859733581543,28.58695820980253,27.919469636836343,27.919469636836343,29227100
2014-12-23,28.717388153076172,28.924540380804995,28.617647541188884,28.694372214466423,22169700
2014-12-24,28.725061416625977,28.8478179767794,28.52558310390689,28.748080283793485,12109100
2014-12-26,28.80945587158203,28.95523129268467,28.786439932143566,28.786439932143566,14037200
2014-12-29,28.52558708190918,28.78644517445627,28.517913149534103,28.732739354821366,12203300
2014-12-30,28.20334243774414,28.53325120839017,28.20334243774414,28.44885845984438,15214100
2014-12-31,27.84274673461914,28.418168600812304,27.84274673461914,28.10360476436325,20393600
2015-01-02,27.896469116210938,28.510252219484546,27.70466171351614,28.134308422433318,23605600
2015-01-05,27.581897735595703,27.96551243865893,27.574223802555604,27.77370508712732,32785000
2015-01-06,27.06784439086914,27.796712693368686,27.052499456140545,27.68163007302478,30847600
2015-01-07,27.63559913635254,27.673960015168987,27.060177173863448,27.344051189202112,27725200
2015-01-08,28.14964485168457,28.38748701271763,27.81973598469424,27.904131684633324,31765400
2015-01-09,28.20334243774414,28.47187439792533,27.92714240053192,28.211016368269096,22850500
2015-01-12,28.080595016479492,28.387487948787165,27.796720956481032,28.3107661790842,29400800
2015-01-13,28.003868103027344,28.76342636126186,27.84275066019642,28.287742110883833,31478000
2015-01-14,27.88878631591797,28.318435815008115,27.55120644811356,27.873444304118113,34250300
2015-01-15,27.76602554321289,28.295415599581276,27.64326898010885,28.026883605652397,47181800
2015-01-16,27.965513229370117,28.12663070679269,27.244315694101072,27.712326113350642,62812200
2015-01-20,27.689306259155273,27.97318028789459,27.290346661786394,27.696977264581705,35929400
2015-01-21,27.988523483276367,28.14196992298158,27.443791402732884,27.505168222566528,27442600
2015-01-22,28.31842803955078,28.387478780681775,27.72766123804047,28.04989900556744,31809900
2015-01-23,27.965513229370117,28.41050477559646,27.91180740356259,28.35679894978894,27427100
2015-01-26,27.4744873046875,27.850428091372333,27.29035095128714,27.766032384678336,30906800
2015-01-27,26.231563568115234,26.63819700754341,25.740537380708396,26.392683913839992,58456200
2015-01-28,25.91699981689453,26.622852158612808,25.87096794089454,26.446389804869977,34929100
2015-01-29,26.246912002563477,26.300617816051542,25.67149006369364,25.963037998876942,29569400
2015-01-30,25.349262237548828,26.07813081497996,25.318572356515315,25.85563356760921,38719700
2015-02-02,25.8172664642334,25.893988221598416,25.050037183593446,25.364601071585927,38733800
2015-02-03,25.855619430541992,26.12414842589137,25.01933965349409,25.9169962323019,36038300
2015-02-04,25.963809967041016,26.1492670579478,25.731990814212885,26.0179010044429,25052800
2015-02-05,26.226539611816406,26.265178594453428,25.84790234299389,26.025630461710247,20491400
2015-02-06,25.731990814208984,26.272904135968183,25.608353736184633,26.21108412308578,29342400
2015-02-09,25.446081161499023,25.685629294867837,25.245169063127626,25.50017220004351,28705500
2015-02-10,26.041080474853516,26.064261501801038,25.538803274230872,25.65471430444839,20200000
2015-02-11,25.925174713134766,26.08744783022438,25.7474465923594,26.01790178750875,18364200
2015-02-12,26.373361587524414,26.373361587524414,26.087448434327907,26.257450531067384,20056700
2015-02-13,26.55107879638672,26.55880482136181,26.234258713098775,26.466077782963715,18037900
2015-02-17,26.84471893310547,26.852444958390265,26.473804869165846,26.581989857329624,19374100
2015-02-18,26.48154640197754,26.82154768281676,26.419726379420815,26.775185613640136,19992900
2015-02-19,26.435169219970703,26.597442282894963,26.311532179494183,26.46607921702472,11017500
2015-02-20,26.589723587036133,26.713360661593573,26.20335736057659,26.388814446282936,20955600
2015-02-23,26.087448120117188,26.659271471882256,25.948358980880872,26.58199940033535,25565500
2015-02-24,26.589723587036133,26.65154359818504,25.894263200312807,25.97153821424894,29607500
2015-02-25,26.234264373779297,26.388811436283014,26.06426231025121,26.29608143013676,24686300
2015-02-26,26.002445220947266,26.180173310892336,25.83244315763458,25.97926124557006,25928400
2015-02-27,25.693347930908203,25.994713044023367,25.662437932706734,25.986987018342834,24427300
2015-03-02,26.319263458251953,26.3733544839652,25.592893202548684,25.724259227666437,25406400
2015-03-03,26.350175857543945,26.566542952044355,26.20335775049115,26.234267756525554,27332000
2015-03-04,26.36562728881836,26.589720380599346,26.05653611356805,26.16471817229266,23005800
2015-03-05,26.06426429748535,26.659268617458917,25.95608222980657,26.47381153876653,21225800
2015-03-06,25.646987915039062,26.025628097201462,25.561989825085284,25.917446030223704,32373100
2015-03-09,25.283811569213867,25.70881390889139,25.09835444854573,25.654722862809212,33058800
2015-03-10,24.495615005493164,25.044254242367497,24.34106795275311,24.912891163569356,50278900
2015-03-11,24.982440948486328,25.469260258409935,24.68880179887664,24.704255327379663,49683600
2015-03-12,23.800159454345703,24.418346313833908,23.630158841768313,23.962434039239312,107402400
2015-03-13,23.900619506835938,23.9392555472118,23.460162161521055,23.668798842969363,47954700
2015-03-16,23.823333740234375,24.03969928749218,23.68424170798791,23.900607255245713,33074600
2015-03-17,23.63788604736328,23.746068120024376,23.498793968873187,23.63015854590603,29215600
2015-03-18,23.869701385498047,24.109249470825315,23.413789189384808,23.498790217976417,39834100
2015-03-19,23.75379180908203,24.031975921414652,23.71515578186693,23.784701809950086,27414200
2015-03-20,24.19425392150879,24.433802055311148,23.900616222934314,23.946979759789176,64777100
2015-03-23,24.109256744384766,24.56516907804291,24.109256744384766,24.178802793510272,29694000
2015-03-24,23.792428970336914,24.201976158899257,23.753791469803712,24.078339104932894,28471400
2015-03-25,23.09697723388672,23.869709843639992,23.073796198871232,23.80789129381455,37691000
2015-03-26,23.243793487548828,23.491067651160474,22.648789110189384,22.79560869753515,45450100
2015-03-27,24.727441787719727,25.500174343585968,23.066067087381384,23.189704178410352,73857200
2015-03-30,24.310163497924805,24.804711821309994,24.186526417078507,24.464710585917807,51391500
2015-03-31,24.16334342956543,24.673346715239195,24.109252395307628,24.286980500403303,32098500
2015-04-01,23.807880401611328,24.2019740291505,23.6842433585249,24.055154487784186,31532100
2015-04-02,23.807880401611328,24.132428008180657,23.699698357378157,23.8001529021847,20909600
2015-04-06,23.98561668395996,24.147889795930908,23.529704406703168,23.807887094920535,21490900
2015-04-07,24.155614852905273,24.41061648438852,23.95470425327149,24.008795285120954,23258300
2015-04-08,24.19425392150879,24.387437044586022,24.00107079843156,24.13243538107889,18250300
2015-04-09,24.14015769958496,24.433796808980645,23.622426981948312,23.707428009489686,34167600
2015-04-10,24.6733455657959,24.681073066597037,24.209705834818127,24.209705834818127,28084900
2015-04-13,24.518802642822266,24.76607681478418,24.503347638607067,24.580621185812745,23489000
2015-04-14,24.333341598510742,24.681071746614435,24.163341011587825,24.480161158140078,39754000
2015-04-15,25.368806838989258,25.492443908647477,24.781528547307527,24.92834664635783,61083500
2015-04-16,25.39971923828125,25.49244927083533,25.26835611377429,25.38426423285557,28903200
2015-04-17,25.090621948242188,25.2683500463502,24.89743884841954,25.12152900393128,30593600
2015-04-20,25.291526794433594,25.337891791730165,25.1369797511847,25.198799747580125,20649300
2015-04-21,25.059715270996094,25.47699152945585,24.943804216621533,25.44608152192389,19023800
2015-04-22,25.268352508544922,25.28380751176552,24.750620217746555,25.044259383456968,21144200
2015-04-23,24.99789047241211,25.04425547483778,24.735161354146626,24.758345329229464,23775300
2015-04-24,24.789257049560547,25.098348243941928,24.74289204392025,25.04425721123168,22759900
2015-04-27,25.113807678222656,25.260625800385608,24.78926142468117,24.78926142468117,25869600
2015-04-28,25.515625,25.53108000221234,24.905165677443783,24.95925671131684,29572800
2015-04-29,25.4151668548584,25.500167886117193,25.152437734485773,25.16016670882204,21819000
2015-04-30,25.15244483947754,25.384264023468777,24.959261694861368,25.276081934122256,22013300
2015-05-01,25.824716567993164,25.878810550375157,25.206531209416543,25.214260184502674,27091200
2015-05-04,25.832439422607422,25.886530444433337,25.670166357129673,25.708802380185386,21397300
2015-05-05,25.404367446899414,25.76239397832413,25.349885277728504,25.684563156381557,29779200
2015-05-06,25.077472686767578,25.521114872890013,24.85175916216344,25.295401348285875,31985400
2015-05-07,25.093048095703125,25.396592541492634,25.046347808252293,25.11639675490036,21475300
2015-05-08,25.528902053833008,25.59116909519363,25.17087547317728,25.30318848248468,26926500
2015-05-11,25.443288803100586,25.458855564937632,25.240926837331465,25.43550690671018,18358600
2015-05-12,25.100826263427734,25.295406311981438,24.90624621487403,25.24870603146842,24530200
2015-05-13,25.404367446899414,25.60673233443898,25.116389842845233,25.116389842845233,20470800
2015-05-14,25.66122055053711,25.785751676423637,25.505555900914885,25.575604844792075,21098900
2015-05-15,25.67678451538086,25.777964002915812,25.489986362371244,25.75461534718558,17149700
2015-05-18,26.00367546081543,26.00367546081543,25.567815118547323,25.66899756692407,23689500
2015-05-19,25.801313400268555,25.980326673209888,25.67678229869825,25.96475991438164,21867100
2015-05-20,25.97254753112793,26.073730001274615,25.692351748602537,25.731270138774864,21359800
2015-05-21,26.112642288208008,26.120427152930617,25.739048946033645,25.848013299702504,21269800
2015-05-22,26.03481674194336,26.081514063537533,25.933634263395053,26.050383505493606,20845000
2015-05-26,25.762401580810547,25.910284342819413,25.560039602609493,25.894717580026036,28594500
2015-05-27,26.237167358398438,26.3461316869668,25.78574328732161,25.84022545160579,30172700
2015-05-28,26.470672607421875,26.579639945531934,26.21382844737482,26.260528735136273,27065700
2015-05-29,26.82090950012207,27.046623038048892,26.626329478265603,26.649681099846127,43545500
2015-06-01,26.39284324645996,26.92210132793468,26.21382992023418,26.75086989891152,46734500
2015-06-02,25.894712448120117,26.268305773951845,25.79352999454408,26.182690080084107,36351100
2015-06-03,25.47441864013672,25.871363586895228,25.36545429210287,25.8168784438225,38138700
2015-06-04,25.147525787353516,25.46663693861859,25.06191009351677,25.303187446268513,33761800
2015-06-05,24.781713485717773,25.139740039124288,24.773930106140085,25.12417327996891,27778500
2015-06-08,24.361421585083008,24.86733090102107,24.29137264855398,24.75836506390483,38171600
2015-06-09,24.32250213623047,24.641613245495595,24.244669832488984,24.38476768231811,33976700
2015-06-10,24.766145706176758,25.030774662803797,24.41590254677824,24.485949991035707,33336800
2015-06-11,24.789493560791016,24.98407208618396,24.781710182250873,24.867325861664792,24293600
2015-06-12,24.376991271972656,24.98408014873952,24.28359366840613,24.688319091407987,31629800
2015-06-15,24.431467056274414,24.52486611990813,24.08122390783543,24.221321761022125,23175000
2015-06-16,24.62605857849121,24.719457685742668,24.229114970597305,24.330297460497086,20254500
2015-06-17,24.867334365844727,24.976298733615263,24.66497090817932,24.71166971086267,28194200
2015-06-18,25.202016830444336,25.29541445247138,24.90625423012567,24.96852129084828,27722400
2015-06-19,24.96072769165039,25.349887777855177,24.875111997636406,25.21757477369235,39008400
2015-06-22,25.108606338500977,25.209788787748387,24.96851144523125,25.108606338500977,23608400
2015-06-23,24.97629165649414,25.170871677822685,24.851760561606092,25.14752302536102,17995900
2015-06-24,24.836196899414062,25.02299504955804,24.81284675951408,25.02299504955804,23313900
2015-06-25,24.89846420288086,25.155309821703487,24.89846420288086,24.921814344420383,22743300
2015-06-26,24.143491744995117,24.54043520515785,23.941128325037965,24.524868445654707,62157200
2015-06-29,23.65315055847168,24.11235959825324,23.5908850014434,23.894430890918247,35194500
2015-06-30,23.67650032043457,23.886647128742464,23.466353512126677,23.839946848322075,34412200
2015-07-01,23.489704132080078,23.77768177791424,23.357389637242548,23.730982981068045,27178900
2015-07-02,23.785465240478516,24.065660991581552,23.42743865587174,23.489704213391526,27105200
2015-07-06,23.3807373046875,23.699848437681826,23.22507268562927,23.5364004392179,32468100
2015-07-07,23.271772384643555,23.2951225237708,22.64133347348679,23.248423730044195,43833700
2015-07-08,22.960447311401367,23.092761812915988,22.688034927750316,22.882614989711342,45223800
2015-07-09,22.516799926757812,23.263986483512678,22.431184243765088,23.131672011854704,47167800
2015-07-10,22.70359992980957,22.843697801090542,22.52458664296297,22.726950069865712,31423800
2015-07-13,23.139455795288086,23.209504721774547,22.71916372089706,22.781429268381945,26452400
2015-07-14,23.07719612121582,23.435224223771996,22.91374957416688,23.08497950219836,39778300
2015-07-15,23.10832977294922,23.341825265604264,22.937098359442594,23.077196248846874,47852500
2015-07-16,23.271772384643555,23.7231980160751,22.64911685319587,23.715414636366017,81166700
2015-07-17,22.937095642089844,23.1939412473932,22.64911800090048,23.08497689500025,43697600
2015-07-20,22.649118423461914,23.053845289226615,22.6257682827158,23.053845289226615,33812900
2015-07-21,22.353357315063477,22.773650967704036,22.314441895905535,22.54015399917214,45191000
2015-07-22,22.267738342285156,22.454534986516403,22.12764048797978,22.23660482598273,36387200
2015-07-23,22.25995635986328,22.54793398109042,22.12764187633172,22.30665515271917,33775200
2015-07-24,21.83966064453125,22.29108622360044,21.83966064453125,22.20547202578699,31621000
2015-07-27,22.06537437438965,22.119856541994803,21.497201077182,21.847444219441304,42161100
2015-07-28,22.54014778137207,22.711379141299478,22.135422486379277,22.18990465198248,33182400
2015-07-29,22.57906723022461,22.67246481482317,22.40783733544202,22.532368437925328,26470200
2015-07-30,22.501235961914062,22.92152956565194,22.45453716745249,22.649117209658268,26582400
2015-07-31,22.532371520996094,22.664686021054987,22.39227364040103,22.664686021054987,27158800
2015-08-03,22.610204696655273,22.843701683315047,22.493456945589486,22.571289274476076,26213600
2015-08-04,22.672466278076172,22.688033038023207,22.462320956902968,22.555718547529295,25741700
2015-08-05,22.852964401245117,23.064855441190055,22.774485517592076,22.907899170744184,23622700
2015-08-06,22.766637802124023,22.93929015111888,22.641072185244088,22.884355380841434,27958200
2015-08-07,22.66461753845215,22.727400354469893,22.515509285947754,22.6018347224344,25606100
2015-08-10,23.26105308532715,23.29244523912956,22.805877333214145,22.81372537166475,22807400
2015-08-11,22.735248565673828,23.135489582139236,22.727400526504656,23.12764154297006,23758900
2015-08-12,23.119789123535156,23.2061160411802,22.4919610775534,22.4919610775534,33589100
2015-08-13,22.656770706176758,23.11194649069388,22.656770706176758,23.072706295647343,18821900
2015-08-14,22.774490356445312,22.790186435882877,22.617532555790707,22.696011456118008,14302700
2015-08-17,22.82157325744629,22.915748221363245,22.5312018241576,22.62537678807455,15548300
2015-08-18,22.688156127929688,22.7980256549765,22.601829215615737,22.71954827672023,19182600
2015-08-19,22.256528854370117,22.60183357653071,22.193746041535434,22.48411598957322,30530100
2015-08-20,21.605161666870117,22.162359074090038,21.605161666870117,21.99755471314691,31936600
2015-08-21,20.84391212463379,21.68363275945157,20.84391212463379,21.448197599041812,52288400
2015-08-24,20.60063362121582,21.683637701541077,19.51762954089056,19.77660887511142,83234200
2015-08-25,20.302413940429688,21.306939035810395,20.302413940429688,21.220613595963904,59371900
2015-08-26,21.424657821655273,21.456049981057344,20.467219412800258,20.804677642069805,47386700
2015-08-27,21.75426483154297,21.903374573188337,21.19706755533921,21.75426483154297,38649400
2015-08-28,22.30361557006836,22.45272531174157,21.542373778013093,21.715026138940793,43452400
2015-08-31,22.397789001464844,22.860811278416275,22.099569538572474,22.232983193685328,42401800
2015-09-01,21.832744598388672,22.107419976598283,21.70717896781177,21.903375452695727,44144000
2015-09-02,22.444881439208984,22.444881439208984,22.08387907607486,22.248684925748872,34618800
2015-09-03,22.82157325744629,23.08840057554068,22.515507244221663,22.601832672880246,38665900
2015-09-04,22.382099151611328,22.680317200604797,22.29577220462293,22.421337856500248,29116500
2015-09-08,23.151182174682617,23.151182174682617,22.71955056339024,22.743093180492615,27805000
2015-09-09,22.947139739990234,23.63775217635992,22.892204966000442,23.32383661608625,30774100
2015-09-10,22.970685958862305,23.276752011600816,22.680314488085934,22.900055101021035,25195800
2015-09-11,23.127641677856445,23.166881873931178,22.790184972776302,22.821575632775662,21786900
2015-09-14,23.064857482910156,23.17472852849437,22.82942230797033,23.127640296018136,24065100
2015-09-15,23.331684112548828,23.49648992754844,23.13548764036757,23.19827045159116,29819000
2015-09-16,23.363082885742188,23.37877896721012,23.072711366028297,23.245365268454126,25957800
2015-09-17,23.31598663330078,23.700533012886424,23.190421018405136,23.245357284674657,29805200
2015-09-18,22.774490356445312,23.088404460894004,22.609684516071923,22.9314466602394,60693400
2015-09-21,22.884355545043945,23.025617239262527,22.711703194810255,22.829420774372327,24417100
2015-09-22,22.499813079833984,22.680313487751448,22.35070333131676,22.499813079833984,28576200
2015-09-23,22.554746627807617,22.82942199268423,22.437029041963445,22.774487219080974,25984000
2015-09-24,22.350704193115234,22.499813947381835,21.87198576656529,22.272225296298053,32754700
2015-09-25,22.60968017578125,22.852964869779544,22.468418481681656,22.71170317567995,29192300
2015-09-28,22.570451736450195,23.041323765102494,22.476276731975368,22.50766889908728,42291000
2015-09-29,22.947139739990234,23.03346666875153,22.570442863894222,22.625377637884018,34169600
2015-09-30,23.6534481048584,23.79470981565977,23.182577731334376,23.19827231275421,41051700
2015-10-01,23.543581008911133,23.763321637197443,23.11979583225766,23.708385357480438,29832800
2015-10-02,23.94382667541504,23.959522758356034,23.17473657363654,23.284606160501795,27901500
2015-10-05,24.493175506591797,24.626589214600305,23.9830647983925,24.11647850640101,34842500
2015-10-06,24.909107208251953,24.995434146373533,24.414692691874937,24.45393139273357,34899800
2015-10-07,25.364280700683594,25.442758095213197,24.893408849204196,25.11314944572401,36930100
2015-10-08,25.521236419677734,25.58401773148044,25.097451338557736,25.293647802736942,27794600
2015-10-09,25.2230224609375,25.544784612668817,25.066066153453754,25.403522888131057,24209900
2015-10-12,25.277956008911133,25.364282946770643,25.113151669572595,25.23871730817162,18795000
2015-10-13,25.1445369720459,25.48984163561636,25.09744874776441,25.136687437805573,35588600
2015-10-14,25.74097442626953,25.84299742162256,24.210642967715614,24.634426534272333,75954800
2015-10-15,25.701740264892578,25.945024990940997,25.4741516173364,25.772371121247225,37634800
2015-10-16,25.929330825805664,26.05489646928836,25.48984957675569,25.701742161455442,29371300
2015-10-19,26.3609561920166,26.384498808964103,25.795909435513646,25.803758970309726,37624000
2015-10-20,26.24323272705078,26.447278685508945,26.141212741541562,26.21184357428172,24416100
2015-10-21,26.188302993774414,26.721957611628984,26.149064299992254,26.4237381501878,31928800
2015-10-22,26.99664306640625,27.075120479001757,26.36096524698564,26.44729219707353,39572600
2015-10-23,27.389026641845703,27.491046644182706,26.996633727170096,27.106503264284008,42796600
2015-10-26,27.145742416381836,27.436112339913876,27.114350264183667,27.287004107553187,22646900
2015-10-27,27.05157470703125,27.114356031059963,26.926009065252778,27.00448646871893,22630100
2015-10-28,27.23991584777832,27.23991584777832,26.776892081411813,27.05156892224777,21908400
2015-10-29,26.70626449584961,26.910310516088707,26.502221469331285,26.839679661962986,21325200
2015-10-30,26.572853088378906,26.91031129072462,26.572853088378906,26.76120004232204,24693900
2015-11-02,26.769044876098633,26.90245702889615,26.40019458164848,26.470825425400204,21743100
2015-11-03,26.92600440979004,27.00448179968758,26.667023634431214,26.682719711154824,18167000
2015-11-04,26.989238739013672,27.084075625583363,26.79166013335416,27.084075625583363,20762100
2015-11-05,26.870685577392578,27.028749036692126,26.657300359559645,26.949715799637488,16486100
2015-11-06,26.744234085083008,26.846975780748124,26.404398719644963,26.815362487495847,23701700
2015-11-09,26.356979370117188,26.73633286802223,26.143597172908866,26.554557935154975,24168700
2015-11-10,26.246326446533203,26.2937463704733,25.93020266469161,26.214713163906474,22451700
2015-11-11,25.969722747802734,26.380686456446092,25.922302814756105,26.206816383417596,19864700
2015-11-12,25.606184005737305,26.017144780356062,25.598279174604404,25.85117950428198,23265400
2015-11-13,25.376989364624023,25.590374559730606,25.258441029072788,25.503439515634287,23673200
2015-11-16,25.369089126586914,25.49553930048678,25.23473713579766,25.361187309697527,29899700
2015-11-17,25.79585838317871,25.98553514252994,25.297959527840312,25.40860606276759,22636400
2015-11-18,26.20682144165039,26.27004803124939,25.780051006286314,25.86698605958008,18619800
2015-11-19,27.10777473449707,27.44761006008727,26.18310862636273,26.254237020435315,45381600
2015-11-20,27.392288208007812,27.890186964647704,27.250031420396414,27.250031420396414,41137700
2015-11-23,27.250036239624023,27.54245168151321,27.194714480747955,27.392293052393843,20152900
2015-11-24,27.155195236206055,27.218418801808685,26.79165144326538,27.131486775956226,21413500
2015-11-25,27.226327896118164,27.455519763794868,26.98132938086275,27.07616625152527,17939400
2015-11-27,27.234220504760742,27.408090554532308,27.18680359286576,27.297447073699036,6620900
2015-11-30,27.479230880737305,27.58197259251325,27.210523875576413,27.305360755394947,21785800
2015-12-01,27.73212242126465,27.81905745630079,27.431802213360466,27.660994030308636,23560200
2015-12-02,27.526641845703125,27.985022460924743,27.5108352017563,27.7321221873937,18688200
2015-12-03,26.90229034423828,27.653089276801975,26.87067705943778,27.637282634401725,30131100
2015-12-04,27.613582611083984,27.68471102396824,26.87068819914511,26.957623260982537,24901000
2015-12-07,27.653099060058594,27.7953528623706,27.46342229895952,27.49503559494434,17731900
2015-12-08,27.463424682617188,27.621488161450387,27.202619490320895,27.400198085159868,13380200
2015-12-09,27.51082992553711,27.834858527279863,27.27373332661586,27.566151661336473,22548300
2015-12-10,27.479230880737305,27.71632458768867,27.392295818066128,27.542454462346313,17400700
2015-12-11,27.084064483642578,27.3843846848451,27.028742738001196,27.115677771097374,21251400
2015-12-14,27.242130279541016,27.250032094688635,26.775844800789862,27.17100188397527,19357100
2015-12-15,27.803253173828125,27.937605137707397,27.376482791842175,27.384387621958222,24365900
2015-12-16,27.898088455200195,28.032443426297217,27.47922292699789,27.945508388788998,23257900
2015-12-17,27.589868545532227,27.953412353241713,27.471320209848546,27.91389724628362,24963600
2015-12-18,26.7679386138916,27.46341588918884,26.760036799144547,27.447609244885594,41336600
2015-12-21,27.06036376953125,27.10778069947409,26.728430185881912,26.95762206330528,18006800
2015-12-22,27.447607040405273,27.487122140585132,27.08406329505633,27.155191681303634,18422000
2015-12-23,27.661001205444336,27.700516318490138,27.487131090270953,27.621486092398534,12526500
2015-12-24,27.64518928527832,27.8664762879829,27.62938264011238,27.716317681120408,5893800
2015-12-28,27.60567855834961,27.66100031780043,27.321164929854096,27.62148520602267,9449400
2015-12-29,28.008726119995117,28.127274421877875,27.668890870393664,27.668890870393664,14188600
2015-12-30,27.653099060058594,28.016642919454487,27.621485764073775,27.961321158885976,11566800
2015-12-31,27.226327896118164,27.629386857541192,27.21842306492393,27.51874333929996,14736700
2016-01-04,26.862781524658203,26.878585155943686,26.44391294016542,26.775846478540654,27882200
2016-01-05,26.736330032348633,26.870681995216238,26.499233367602205,26.839068704608803,16709500
2016-01-06,26.143600463867188,26.49133769677541,25.922310393098293,26.277952457896493,25491300
2016-01-07,25.163606643676758,26.088272898578424,25.163606643676758,25.511343839443164,37680500
2016-01-08,24.902801513671875,25.46392539959395,24.839576435706476,25.361183705772202,29953800
2016-01-11,25.337474822998047,25.463924976829457,25.037154577094896,25.13989476180614,27732400
2016-01-12,25.827472686767578,25.993437973420427,25.50344393028871,25.89069626581203,28587700
2016-01-13,25.218931198120117,26.025052210009726,25.155706109387896,25.890697200623105,34445700
2016-01-14,25.87489128112793,25.97762996856201,25.13199391617824,25.266347406293736,48728200
2016-01-15,23.51974868774414,24.10458096300724,23.274751729537673,23.49603872118045,76373900
2016-01-19,23.551362991333008,23.756844868010727,23.298462683854197,23.693619791141025,28878100
2016-01-20,23.385398864746094,23.606687398231802,23.08507860448658,23.195723624931837,39598200
2016-01-21,23.440715789794922,23.73313266636522,23.108783811684763,23.432812468006052,30157400
2016-01-22,23.65410804748535,23.899105066773583,23.322175969860513,23.8042681916836,25326500
2016-01-25,23.3933048248291,23.883298872725415,23.36959485190316,23.70152693584146,26441000
2016-01-26,23.662010192871094,23.748943739471976,23.4012065382587,23.4012065382587,24754900
2016-01-27,23.559268951416016,23.883297695068194,23.424915459603778,23.614590711443718,26384100
2016-01-28,23.685718536376953,23.851685319780337,23.511849936654006,23.725235154999126,22028100
2016-01-29,24.515548706054688,24.52345202954297,23.788459526585854,23.8753930701473,38311400
2016-02-01,24.357486724853516,24.594581921632983,24.215229908266817,24.278454992593694,19015100
2016-02-02,23.551362991333008,24.096680221462158,23.417009514559297,24.065068436729675,24994300
2016-02-03,23.391910552978516,23.69487259567214,22.738149155056167,23.69487259567214,44660100
2016-02-04,23.73473358154297,23.822432267130626,23.20853538532829,23.232452517455748,29257800
2016-02-05,23.152734756469727,23.726768936958464,23.04908874568326,23.583260011668102,27957500
2016-02-08,22.977325439453125,23.104888541575956,22.56274459721785,22.913543888391708,28725900
2016-02-09,22.9693546295166,23.240426626172244,22.65044684541357,22.714228402234177,22902600
2016-02-10,22.50693130493164,23.120829558161297,22.475041296290417,23.025156490893995,27267800
2016-02-11,22.49896240234375,22.65044415203198,22.06843732516679,22.18802753990083,28450200
2016-02-12,22.83381462097168,22.881651920689848,22.4351795806856,22.77800595863915,19699000
2016-02-16,22.9454402923584,23.08097630720322,22.610586698075462,22.921521635383744,30705200
2016-02-17,23.49555778503418,23.61514955976266,22.905577880442188,23.009223882450527,27691700
2016-02-18,23.455690383911133,23.72676238557337,23.423798844575675,23.543390596411353,20623300
2016-02-19,22.889623641967773,23.383931768763638,22.889623641967773,23.280287325760906,42056700
2016-02-22,23.399887084960938,23.551368890250366,23.12084213437703,23.208542367019223,23893100
2016-02-23,22.961383819580078,23.399883392932026,22.80193067345679,23.360018965896902,26638200
2016-02-24,23.272319793701172,23.360018490047192,22.6265297749387,22.738148647690938,21593600
2016-02-25,23.61514663696289,23.61514663696289,23.080975482332114,23.375964637781596,17571400
2016-02-26,23.75865364074707,23.981889865696658,23.678927829603705,23.822435202065183,19902200
2016-02-29,23.591228485107422,24.029726545304133,23.583255599563717,23.694872955830714,22903100
2016-03-01,24.213104248046875,24.340667398458653,23.7187958996967,23.86230482407813,25502600
2016-03-02,24.348642349243164,24.61174155935193,24.013788670861747,24.157296086734213,23779800
2016-03-03,24.380521774291992,24.994420171072854,24.348631758193754,24.819019760179938,25625200
2016-03-04,24.42038917541504,24.60376250429742,23.95797245172296,24.316744703153216,20356800
2016-03-07,24.667539596557617,24.81104847111075,24.316740294391305,24.388494731667873,18858200
2016-03-08,24.36457633972168,24.61970255469172,24.221067463632984,24.579839653854723,19104900
2016-03-09,24.61173439025879,24.747270399663517,24.452279724839443,24.57984284890596,14707800
2016-03-10,24.914695739746094,25.03428597516241,24.22106994125573,24.82699552412704,29584800
2016-03-11,25.32130241394043,25.34522106802425,25.13793062798125,25.249547972361228,22811200
2016-03-14,25.058202743530273,25.265493178955833,24.954556765481378,25.241574525404804,17438600
2016-03-15,25.23360252380371,25.23360252380371,24.763212965546973,24.986449177817516,16927700
2016-03-16,25.265493392944336,25.35319208202975,24.850912518581886,25.106038742598088,26298400
2016-03-17,25.496707916259766,25.648188202658503,25.27347316970472,25.321308969584706,22865300
2016-03-18,26.054794311523438,26.062765676534926,25.56048756449861,25.64021337999313,49934200
2016-03-21,25.783723831176758,25.847503879138095,25.472788874170636,25.69602360405296,21760900
2016-03-22,25.76776695251465,25.879384269346893,25.47277789498032,25.64020387022869,22200400
2016-03-23,25.512645721435547,25.88736367869933,25.496699952898325,25.88736367869933,18765300
2016-03-24,25.41697120666504,25.472781393418035,25.27346385988792,25.408999843515282,14211900
2016-03-28,25.432924270629883,25.512651611048916,25.209689542263625,25.409007132974946,11433000
2016-03-29,25.81561279296875,25.863447063817645,25.297385888910608,25.4568405548781,15313200
2016-03-30,26.07870864868164,26.110600187994258,25.743856609932916,25.8714197258388,16598000
2016-03-31,25.79169464111328,26.038849544834335,25.767777503811093,25.93520354761647,17880000
2016-04-01,25.87141990661621,25.88736567638394,25.592373497697842,25.727911020051245,18049700
2016-04-04,25.512645721435547,25.815609240954018,25.30535529246822,25.672100365463393,21581600
2016-04-05,25.432924270629883,25.60832320301373,25.289415362010125,25.424951384520725,20080000
2016-04-06,25.576427459716797,25.696016155483232,25.32927262231542,25.488725737342772,15740600
2016-04-07,25.15387535095215,25.432920237835496,24.994422216070447,25.424947352990564,23738200
2016-04-08,25.217660903930664,25.52859737945117,25.098070653656258,25.32130690266168,17031900
2016-04-11,25.249547958374023,25.783719067238696,25.24157507368383,25.43291974423162,19707700
2016-04-12,25.401031494140625,25.4648130554293,25.018340605736206,25.416975743958513,16774200
2016-04-13,25.616294860839844,25.656157766435296,25.47278596762043,25.48873021745518,19968100
2016-04-14,25.35319709777832,25.424951552562447,25.153879505749646,25.33725284612716,21620900
2016-04-15,25.08212661743164,25.424953140439275,25.018345044825985,25.345227315186687,28782800
2016-04-18,25.23360252380371,25.289411196703277,25.018339196329144,25.05820362030904,21566600
2016-04-19,25.193742752075195,25.361168791584923,25.03428807768,25.273470089272795,33619300
2016-04-20,25.512645721435547,25.719934629730687,24.9146930873394,24.970501756547492,57629800
2016-04-21,25.488731384277344,25.56048735484427,25.361168255725474,25.464814248094147,28431400
2016-04-22,25.225631713867188,25.401032152461188,24.89077812825513,25.305359047712425,29625600
2016-04-25,25.026315689086914,25.114015913813848,24.874835418141764,25.002398551923207,19315700
2016-04-26,25.034286499023438,25.273468495533468,24.85091469950308,25.026313613739198,20976400
2016-04-27,25.31333351135254,25.35319642042425,24.86686254292486,24.914698337945413,20006200
2016-04-28,24.803077697753906,25.281438626078913,24.739296139265754,25.07414970149664,25146400
2016-04-29,24.14134407043457,24.611733646466348,23.997835180028623,24.60376076136909,36443700
2016-05-02,24.404443740844727,24.468225302374524,24.205126170980062,24.27688061778513,21086600
2016-05-03,24.205120086669922,24.364573190077362,23.98985680036428,24.244982982353783,27111100
2016-05-04,24.004085540771484,24.29358100311706,23.883462303643523,24.261415522326516,23278800
2016-05-05,24.04429054260254,24.14079004362915,23.92366731667493,24.02016681770154,23393300
2016-05-06,24.156869888305664,24.213160616286824,23.73870800357804,23.811082234927333,19632200
2016-05-09,23.963876724243164,24.26141547344651,23.931711243517427,24.18904122455401,16888300
2016-05-10,24.237287521362305,24.269454532324055,23.97995756889832,24.124706050611188,17013800
2016-05-11,24.172962188720703,24.325752468401685,24.100587926440657,24.25337820612164,15754200
2016-05-12,23.93170928955078,24.317704229590095,23.77891905060739,24.21316450850728,20826700
2016-05-13,24.052331924438477,24.2855381536006,23.996041188794518,24.01212469435208,19999600
2016-05-16,24.438329696655273,24.575036442175747,24.028209460093855,24.044292967521603,21826100
2016-05-17,24.108627319335938,24.583080088324596,24.0121293349563,24.583080088324596,25709900
2016-05-18,24.116666793823242,24.325747785290925,23.94779457021915,24.148833808114116,22469900
2016-05-19,23.827173233032227,24.06842127354552,23.722633489141984,23.939756265461583,21740900
2016-05-20,24.245336532592773,24.430292299571782,23.88346675378271,23.907590485418606,22777300
2016-05-23,24.309663772583008,24.510703006297007,24.22924777233588,24.309663772583008,20881900
2016-05-24,24.977108001708984,25.025358510617842,24.486573431593712,24.526780655210498,23699200
2016-05-25,25.242488861083984,25.387237372926574,25.04949135656314,25.089700128634874,18359600
2016-05-26,25.32289695739746,25.435478416398215,25.25052272409488,25.32289695739746,12692300
2016-05-27,25.387235641479492,25.45156813859887,25.290737662704288,25.411360903077153,13341300
2016-05-31,25.4033203125,25.45156930409706,25.178155795367413,25.33898781243466,23040200
2016-06-01,25.459611892700195,25.507860885878483,25.306821624859808,25.427446408517284,17753500
2016-06-02,25.540023803710938,25.540023803710938,25.290735589534346,25.379191807192598,14140100
2016-06-03,25.42744255065918,25.523940522375057,25.250527046167395,25.523940522375057,15777500
2016-06-06,25.475690841674805,25.588272316875234,25.395274844899827,25.443523829441787,15139600
2016-06-07,25.636520385742188,25.749103390728987,25.491773437286316,25.53198066733392,19339100
2016-06-08,25.644567489624023,25.733025254755752,25.564153012749177,25.572193233390397,12732100
2016-06-09,25.684772491455078,25.73302147725881,25.475691507895437,25.475691507895437,11276800
2016-06-10,25.765188217163086,25.926020213213807,25.451565978244936,25.49177474416141,35749100
2016-06-13,25.869726181030273,26.13509943233697,25.765187991983833,25.773228211289272,23004800
2016-06-14,25.845605850219727,25.926023391912388,25.564152123334292,25.741064579827043,18754300
2016-06-15,25.419403076171875,25.942103281805675,25.403319568174844,25.934063061614903,23783300
2016-06-16,25.483734130859375,25.548066625395723,25.10577938337663,25.28269489370733,18547900
2016-06-17,25.540023803710938,25.580231035936727,25.306817562140107,25.51589854409091,27047900
2016-06-20,25.869726181030273,26.08684891365889,25.741061198837222,25.789311717515297,21961600
2016-06-21,25.990346908569336,26.038597419755874,25.80539121710961,25.942096397382794,15476500
2016-06-22,25.966222763061523,26.23963618676095,25.934055756128735,25.974262980987408,18304800
2016-06-23,26.529138565063477,26.537178784641444,26.135100318207485,26.19943434529224,22048800
2016-06-24,25.37114906311035,25.990350231573057,25.250525837336358,25.572188284002852,38094300
2016-06-27,24.70370101928711,25.258569745768423,24.478538054309162,25.258569745768423,34965100
2016-06-28,25.081653594970703,25.08969534785271,24.77607312068447,24.904738099181557,23693900
2016-06-29,25.676727294921875,25.716934522065237,25.17814939578424,25.210316404544848,22771100
2016-06-30,26.37635040283203,26.44068443874208,25.70890011834365,25.733025381809917,34528900
2016-07-01,26.336135864257812,26.448717328279017,26.110972936215404,26.247678123208345,17084600
2016-07-05,26.27985191345215,26.32005915131832,26.102936385702254,26.135103403041438,20107200
2016-07-06,26.51305389404297,26.537177619332798,26.038601201780597,26.376345626298665,21070200
2016-07-07,26.698009490966797,26.979463176785373,26.505010486680412,26.505010486680412,26119400
2016-07-08,27.341341018676758,27.341341018676758,26.939262474284455,27.059887264648484,23341900
2016-07-11,27.64691734313965,27.743415320103352,27.373503852063,27.373503852063,23820700
2016-07-12,28.09724235534668,28.121369149504538,27.727330899489157,27.751454626031734,28064100
2016-07-13,28.15353012084961,28.346529115642863,28.04899193846759,28.17765691245811,29120900
2016-07-14,28.306331634521484,28.38674612060292,28.113332573263634,28.25004088074128,25296400
2016-07-15,28.201784133911133,28.378699645443977,28.065078924174177,28.354572850843375,23661900
2016-07-18,28.185701370239258,28.30632614357827,28.105286899756855,28.29024263595871,19347200
2016-07-19,28.26612091064453,28.274161131216157,28.024871346876935,28.0570383643947,20395400
2016-07-20,28.700361251831055,28.89336027503326,28.19374456770415,28.386740523290953,42994200
2016-07-21,27.55845832824707,27.735373834285152,27.22875411002216,27.60670884833434,63708600
2016-07-22,27.872081756591797,27.90424877311877,27.550417726553125,27.646918776134047,33033700
2016-07-25,27.89621353149414,27.952504292844946,27.799715521695106,27.839922770143335,20277700
2016-07-26,28.217872619628906,28.330454122243523,27.90425184302652,27.9444590843009,29644400
2016-07-27,28.008787155151367,28.370655317114693,27.847955156714765,28.145492359872584,23601800
2016-07-28,27.96053695678711,28.008787477157373,27.759497723333894,28.008787477157373,21667400
2016-07-29,28.03291893005371,28.081166396106834,27.823836351769845,27.96054466335793,18171200
2016-08-01,28.024869918823242,28.0731204426412,27.791666722741788,28.000746190721998,18824400
2016-08-02,27.79166030883789,28.040946955326994,27.60670461164396,27.992699510259307,20057300
2016-08-03,27.751148223876953,27.775454809885797,27.540483933108277,27.629609112096713,18388800
2016-08-04,28.018529891967773,28.05093763938996,27.726838529094465,27.783555950667868,16362600
2016-08-05,28.342626571655273,28.46416565938542,28.115756904817555,28.196780902726054,20046200
2016-08-08,28.39124870300293,28.496579303917994,28.245403003878035,28.277813846098688,19497300
2016-08-09,28.29401969909668,28.4884816857641,28.229201097453153,28.3912522378646,12578900
2016-08-10,27.9780216217041,28.358841337311606,27.95371503249287,28.358841337311606,19579000
2016-08-11,28.099557876586914,28.148174140907244,27.94561100920801,28.0833524551468,16364100
2016-08-12,28.01042938232422,28.164376248484228,27.905095689231544,27.96991737447875,15708300
2016-08-15,28.28591537475586,28.488478504936253,28.059045658031597,28.115763087212663,18931100
2016-08-16,28.528987884521484,28.528987884521484,28.172477920960525,28.172477920960525,16320900
2016-08-17,28.375045776367188,28.52899265414683,28.17248263098267,28.49658180907691,18221600
2016-08-18,28.334535598754883,28.43176504938723,28.15627903020516,28.32643134152889,16085200
2016-08-19,28.553298950195312,28.577605535683585,28.14817270742838,28.22919671963459,16417600
2016-08-22,28.650535583496094,28.723458449155903,28.456073578113696,28.520895276864067,14941400
2016-08-23,28.682941436767578,28.917912326637758,28.60191432744322,28.76396545522375,18316000
2016-08-24,28.48038101196289,28.691045334531545,28.375047305244326,28.618122474629224,16343500
2016-08-25,28.431760787963867,28.537094480034526,28.27781392329755,28.399349945654734,12428000
2016-08-26,28.569503784179688,28.828787445876337,28.399351489111314,28.447967755217224,14469900
2016-08-29,28.80447769165039,28.901707132738345,28.480378524401143,28.747760260110066,15264300
2016-08-30,28.926021575927734,28.958432425251917,28.78017584483763,28.836893285720592,15183200
2016-08-31,29.079965591430664,29.088069848392752,28.828789261237308,28.861197016480432,20562700
2016-09-01,29.185293197631836,29.201498617301503,28.82878323750247,29.16098661356122,18925800
2016-09-02,29.233919143676758,29.43648232036786,29.128585426354125,29.339249770130603,16726700
2016-09-06,29.63093376159668,29.655240347587718,29.306831524332157,29.476986898873434,22337800
2016-09-07,29.541807174682617,29.695757137043774,29.476988578058062,29.695757137043774,18495600
2016-09-08,29.525606155395508,29.647145292133093,29.266325548499395,29.452683291526686,20356500
2016-09-09,28.715351104736328,29.485091694878868,28.715351104736328,29.25011769846943,29457900
2016-09-12,29.233919143676758,29.266326902887055,28.407461011872808,28.512791638326657,22796600
2016-09-13,28.85310173034668,29.071870349879664,28.61812768445543,28.96653662398548,23591300
2016-09-14,28.861202239990234,29.023253409008685,28.682948735852005,28.772073942486635,14074500
2016-09-15,29.622833251953125,29.695756102407643,28.79637531042463,28.95842643264223,23736000
2016-09-16,30.522205352783203,30.830102119416228,30.181900840347367,30.562720444054857,74577900
2016-09-19,30.108989715576172,30.805807520710466,30.05227227477396,30.53842265046971,30531700
2016-09-20,30.092784881591797,30.327758907166533,29.930733722889606,30.319654649253604,24796900
2016-09-21,30.343955993652344,30.35205715847032,29.865906906825842,30.1494940384738,21233700
2016-09-22,30.42498016357422,30.651852960940698,30.33585189577324,30.46549216961068,17013400
2016-09-23,30.13328742980957,30.506005904966436,30.076570005716356,30.343954797185337,18062500
2016-09-26,29.695770263671875,29.930741257528453,29.655255145645643,29.914535828491868,25518800
2016-09-27,30.12519073486328,30.157601579401728,29.679552440498565,29.89832100483068,22391600
2016-09-28,30.335845947265625,30.384462199497058,30.100875121982018,30.23051537039851,19020800
2016-09-29,30.238624572753906,30.408776864498737,29.979344006989933,30.376369111929353,17675000
2016-09-30,30.5870304107666,30.724771845556134,30.335851035078342,30.36016071070485,24279300
2016-10-03,30.514108657836914,30.749082621807382,30.408774968666023,30.5384152434656,14113600
2016-10-04,30.416879653930664,30.740978800071794,30.24672737039147,30.603237358407114,14393100
2016-10-05,30.781497955322266,31.04077854275953,30.49790768784073,30.587035969310115,22420800
2016-10-06,30.846324920654297,30.919247798823164,30.449302765744314,30.659967141082575,15171400
2016-10-07,30.870620727539062,30.96785325836221,30.611340160413672,30.854418396603375,16942500
2016-10-10,30.805809020996094,31.081295071538563,30.708579559295476,30.992166777117635,14954300
2016-10-11,30.198122024536133,30.789606193668096,29.833507648805714,30.716683318522012,27650500
2016-10-12,30.084678649902344,30.18190809240793,29.82539807597528,30.141396082269626,14053900
2016-10-13,29.955041885375977,30.084682187584015,29.541811297115682,29.85780934056849,16936000
2016-10-14,30.343955993652344,30.546519113648866,30.10898203264808,30.133288617969928,19123900
2016-10-17,30.214330673217773,30.562739659304864,30.17381864734311,30.424995062287678,15788100
2016-10-18,30.5870304107666,30.83010553095674,30.40877388022217,30.765286941311032,42907800
2016-10-19,28.772071838378906,29.242019885078115,28.54520207286549,29.22581446027448,75229000
2016-10-20,28.70724105834961,28.901699891806473,28.43985629876213,28.691035640416963,25669500
2016-10-21,28.48038101196289,28.68294416826172,28.20489499576174,28.528994191318784,20813200
2016-10-24,28.569503784179688,28.755864592151575,28.447967755217224,28.70724832604566,21524700
2016-10-25,28.439861297607422,28.561400408031343,28.366938449526668,28.472272139169533,17860300
2016-10-26,28.29401969909668,28.528993698149858,28.148177072681637,28.3912522378646,19977600
2016-10-27,28.204893112182617,28.545197708421565,28.15627684520494,28.439864008737395,14634700
2016-10-28,28.148176193237305,28.49658196156417,28.12386651387063,28.253506803975704,22296400
2016-10-31,28.253507614135742,28.423663011108314,28.229201024940412,28.294019626417438,19188600
2016-11-01,27.96991539001465,28.48847647172813,27.76735227429108,28.277812191357476,25368200
2016-11-02,28.034744262695312,28.277822563416887,27.92941362930955,28.034744262695312,21416400
2016-11-03,27.70001792907715,28.18168650136861,27.651033575968352,28.124539646543354,19400000
2016-11-04,27.438779830932617,27.700023538543356,27.283664238477673,27.37346734689461,21914700
2016-11-07,28.320478439331055,28.369462805600534,27.879631599989157,27.95310659225795,19296600
2016-11-08,28.36129379272461,28.532734363915598,28.157196984848635,28.246996964327145,14833100
2016-11-09,28.36945915222168,28.4510966378868,27.487759358540224,27.863299889702947,25999400
2016-11-10,28.165359497070312,28.532734374233954,27.781656501558274,28.532734374233954,28249900
2016-11-11,28.255172729492188,28.467432115644915,28.034747724100168,28.222516481077534,22665000
2016-11-14,28.149028778076172,28.353125567169766,27.9204413708577,28.21434124543565,22558900
2016-11-15,28.500078201293945,28.81030622206726,28.25516265406034,28.279653274502657,20676100
2016-11-16,28.442934036254883,28.508243401706086,28.19801846583959,28.491918396046117,18565500
2016-11-17,28.589887619018555,28.589887619018555,28.271497025763644,28.418447009461424,15748500
2016-11-18,28.532737731933594,28.573556475473023,28.279656539156306,28.49191898839416,16806900
2016-11-21,28.557220458984375,28.73682661802045,28.442926762968558,28.655186039245123,14259500
2016-11-22,28.96541976928711,28.98174788828872,28.663357353433014,28.72050421280351,22327400
2016-11-23,28.736835479736328,28.998079183839064,28.655194875785096,28.96542294225857,15843100
2016-11-25,28.93276596069336,28.940931578014943,28.66335976022114,28.66335976022114,6372800
2016-11-28,28.98991584777832,29.11237520620726,28.74500024519128,28.924606473748174,13549000
2016-11-29,28.826629638671875,29.096035762406196,28.79397340722843,29.096035762406196,19581000
2016-11-30,28.32863998413086,28.81847111930933,28.32863998413086,28.73683363486972,27016100
2016-12-01,27.56122589111328,28.51640037474635,27.39795096984291,28.459253529447817,29618700
2016-12-02,27.887786865234375,27.96942434022251,27.430608908198714,27.528577615308528,21492500
2016-12-05,28.0755558013916,28.10004642125409,27.732674666236484,28.010246443668276,14462000
2016-12-06,28.344968795776367,28.36945941885199,28.002084501365275,28.07555948486262,15297700
2016-12-07,28.98174285888672,29.03888970834013,28.124537002815845,28.304140052125252,21710300
2016-12-08,29.145030975341797,29.414437199515405,28.75316539473513,28.96542474971219,19966500
2016-12-09,29.19400978088379,29.30830662397291,29.055225428538524,29.18584727779841,16326900
2016-12-12,29.365447998046875,29.463413588107937,29.12052935148929,29.210332439991074,21985800
2016-12-13,30.043052673339844,30.116527656515483,29.332796578822293,29.39810594482816,35773600
2016-12-14,29.838956832885742,30.11652865471926,29.765481847274792,29.96141618032751,30819400
2016-12-15,30.034894943237305,30.33695742683944,29.8226324628794,29.99407619371339,23721500
2016-12-16,29.64301872253418,30.100193536253098,29.463412551847547,29.97773733155118,38212800
2016-12-19,30.116527557373047,30.165511917419042,29.610368293979594,29.667515156898023,18744300
2016-12-20,30.377763748168945,30.402257479279154,30.116520120971096,30.165504468921824,18551800
2016-12-21,30.19000816345215,30.492070654321346,30.13286128988963,30.41043315330947,14323600
2016-12-22,30.14917755126953,30.402258687669583,30.05121196574395,30.394093072218393,10793900
2016-12-23,30.181842803955078,30.190005307575703,30.01856470310586,30.149186560931085,6287300
2016-12-27,30.26347541809082,30.475737849254546,30.132853581324778,30.132853581324778,9033700
2016-12-28,29.904268264770508,30.36960878586861,29.863449521814097,30.287968185685326,12868600
2016-12-29,29.928754806518555,29.97773915994888,29.740986123107376,29.806295480077768,8447300
2016-12-30,29.610368728637695,30.043053015448866,29.553221864880392,30.03489051245661,17468000
2017-01-03,29.879762649536133,30.14917185163756,29.61035656170393,29.887928263443634,20196500
2017-01-04,29.724668502807617,30.01856849864267,29.667521627425373,29.969584127913112,15915700
2017-01-05,29.67567253112793,29.977738027801976,29.643019411010936,29.757313117095205,13986000
2017-01-06,29.78180503845215,29.945083103258813,29.54505200019598,29.871608129809317,15114000
2017-01-09,29.88794708251953,30.11653458755303,29.781815834780616,29.781815834780616,19461400
2017-01-10,29.83078956604004,30.149180081420205,29.82262394990358,29.83895206790642,15918800
2017-01-11,30.16550636291504,30.20632509830201,29.806294017261962,29.806294017261962,22398400
2017-01-12,29.969575881958008,30.06754459646159,29.65118534549706,30.06754459646159,20391900
2017-01-13,30.034894943237305,30.09204181542498,29.896107457730835,29.96958245258227,15072200
2017-01-17,30.043052673339844,30.067546410578704,29.87161208402017,29.936921450026034,20195200
2017-01-18,30.010400772094727,30.214497631060816,29.887944525277625,30.11653201075295,15382500
2017-01-19,29.855283737182617,30.132855547707777,29.806299377347433,29.806299377347433,13654500
2017-01-20,30.1573429107666,30.230817885442207,29.86344612633429,30.01039296141539,23950900
2017-01-23,30.018558502197266,30.377767758447394,29.838952316937153,30.26347404574372,27752600
2017-01-24,30.712486267089844,30.81045497551769,30.051214613687364,30.07570523365928,35140900
2017-01-25,30.859439849853516,31.022717935526167,30.63085239847408,30.916586712698376,32276400
2017-01-26,30.663503646850586,30.957400416094313,30.549206825496423,30.875762943682712,34144800
2017-01-27,31.006391525268555,31.390094580616644,30.867607169069828,31.022719646163218,44368600
2017-01-30,30.54921531677246,30.89209964760113,30.475743439742192,30.81046215249806,23954700
2017-01-31,30.05938148498535,30.508393897268935,29.91243151525319,30.38593766533916,27059100
2017-02-01,29.814468383789062,30.165515216839076,29.40627468157005,30.059383982266308,28380600
2017-02-02,29.945083618164062,29.961411736352495,29.553218124451973,29.602199364747165,31916900
2017-02-03,30.027313232421875,30.27397727808975,29.969758392982822,30.167088374915714,21038100
2017-02-06,29.82175064086914,30.019080565251432,29.723085678677993,30.019080565251432,21427000
2017-02-07,29.887527465820312,30.027305709799574,29.79708640971929,29.9697508847795,18581900
2017-02-08,29.912202835083008,30.134201411802966,29.71486972138634,29.879313460049655,20807400
2017-02-09,29.155765533447266,30.010870542769258,29.106434602931124,30.010870542769258,47802700
2017-02-10,29.057092666625977,29.131092178863256,28.645984962308408,28.99131392841379,44106500
2017-02-13,29.435312271118164,29.476422416022057,29.057093919597527,29.246203095357846,28180600
2017-02-14,29.54219627380371,29.566861729368295,29.213308895930982,29.468196770607474,25734800
2017-02-15,29.640867233276367,29.649091144464464,29.32842447469435,29.583312400972197,18452200
2017-02-16,29.936870574951172,30.06020417245464,29.68198260381239,29.747761358881885,21317500
2017-02-17,29.99441909790039,29.99441909790039,29.68197635015579,29.862864751982087,18909900
2017-02-21,30.027313232421875,30.134202135595906,29.871093402016374,30.03553400812595,20556000
2017-02-22,29.65731430053711,29.928646934475168,29.427094952834544,29.879312872894598,29904400
2017-02-23,29.747764587402344,29.84642959421101,29.51754519268078,29.797098659058683,22775000
2017-02-24,30.035524368286133,30.035524368286133,29.558641117916743,29.714860898183826,18617600
2017-02-27,30.019084930419922,30.15886318897702,29.821754977343268,29.945085413890414,14065200
2017-02-28,29.764198303222656,29.977972928568573,29.59975459483964,29.9450835595914,24977000
2017-03-01,29.54219627380371,29.681971370673004,29.139309392734745,29.476417543628173,34085900
2017-03-02,29.525754928588867,29.616199124552,29.311980304360148,29.542199612991514,23602100
2017-03-03,29.517539978027344,29.673759805918156,29.32842763833917,29.550426216817776,17538100
2017-03-06,29.24620246887207,29.435311640581464,29.122868900299324,29.427090866377984,24416700
2017-03-07,29.435312271118164,29.435312271118164,29.09820406450142,29.22153763571611,23434900
2017-03-08,29.28731918334961,29.517541687234406,29.21331965290515,29.328429336595725,20920100
2017-03-09,29.451759338378906,29.55042432142868,29.18865062591068,29.270870922368278,23616800
2017-03-10,29.525754928588867,29.846418433183363,29.418866048223087,29.69841941006239,25402300
2017-03-13,28.909090042114258,29.632640389830556,28.728201671059566,29.476417474282417,53582900
2017-03-14,28.9255313873291,28.96664152059776,28.497979101030353,28.82686644018389,28586900
2017-03-15,28.859758377075195,28.917313202343504,28.51442942546534,28.728204042675813,27996100
2017-03-16,28.892648696899414,29.073537088847903,28.835093869734504,28.917314155254992,19616100
2017-03-17,28.999540328979492,29.04887438687469,28.859762066528003,29.032429700909624,30778900
2017-03-20,29.131088256835938,29.295531943723873,28.991310025205337,29.081754209818822,17322300
2017-03-21,28.810422897338867,29.270861426534623,28.777533534824247,29.262640654157085,22814500
2017-03-22,29.08176040649414,29.155759924536238,28.777541559655795,28.958429967426056,19144500
2017-03-23,28.999540328979492,29.180428738092075,28.79398645917088,29.180428738092075,20640400
2017-03-24,28.909090042114258,29.377752515753713,28.876200677103864,29.311976922235402,22188000
2017-03-27,29.09820556640625,29.1886497717649,28.72820797016775,28.835096861637354,16992200
2017-03-28,29.270864486694336,29.361308674814033,28.9502010099082,29.057089881004433,18398100
2017-03-29,29.24620246887207,29.353091352534925,29.13931358520922,29.205092324848803,17202600
2017-03-30,29.394193649291992,29.509303276427904,29.205084528068408,29.254418569627557,16433000
2017-03-31,29.65731430053711,29.805313348775435,29.385984803102424,29.394205578447497,21438400
2017-04-03,29.73130989074707,30.208196346749688,29.698420520711792,29.755975350022045,32013600
2017-04-04,29.829973220825195,29.91219664138317,29.591533142464037,29.698418884435224,18918000
2017-04-05,29.7806396484375,30.224633533833323,29.73952637357459,29.95330411145268,22455500
2017-04-06,29.624427795410156,29.82998170048295,29.624427795410153,29.70665123934148,20198200
2017-04-07,29.624427795410156,29.86287107805548,29.5915415543413,29.657317172982683,15689500
2017-04-10,29.435312271118164,29.67375550266496,29.279092465882165,29.616200672498906,19973700
2017-04-11,29.3859806060791,29.42709074993971,28.95020429894851,29.41064606509488,22711800
2017-04-12,29.2955322265625,29.60797178451338,29.188643358578,29.492862143531216,19289800
2017-04-13,28.983095169067383,29.402423676558488,28.983095169067383,29.22975918150351,15764000
2017-04-17,29.172197341918945,29.262641523269266,29.04886693357951,29.139307978427496,12560700
2017-04-18,29.410640716552734,29.443530080261212,29.024198534233985,29.131087398035366,12321100
2017-04-19,29.525754928588867,29.78064283207562,29.50931024418622,29.575088981796807,16594600
2017-04-20,29.747764587402344,29.821764126634847,29.484655811576555,29.747764587402344,22968300
2017-04-21,29.862863540649414,29.94508382732461,29.476421292969654,29.764198569338603,20390500
2017-04-24,30.216415405273438,30.298635689190075,29.97797219081129,30.1506366689379,26305800
2017-04-25,30.315080642700195,30.42196952194403,30.142416163039027,30.23286035805282,22066800
2017-04-26,30.364410400390625,30.611074355945313,30.241076854362095,30.241076854362095,27241000
2017-04-27,30.775529861450195,30.833084701973593,30.241088472014557,30.315088000759438,39890000
2017-04-28,29.72308921813965,30.002642591389616,29.501090674396764,29.68197593720347,56769300
2017-05-01,29.854637145996094,29.9286366446734,29.550415242265903,29.69019346710183,24825600
2017-05-02,30.397306442260742,30.4466373623079,29.887530600751077,29.903975286267816,35813000
2017-05-03,30.63172149658203,30.78910346224256,30.333521427047316,30.41635653516045,22040300
2017-05-04,30.52404022216797,30.739408363084497,30.350091219006856,30.640009384111945,16437100
2017-05-05,30.499197006225586,30.59031407069392,30.23413090586525,30.53233105872992,18119200
2017-05-08,30.267257690429688,30.524038636085713,30.21755662360768,30.424639662278103,17660200
2017-05-09,30.126434326171875,30.441201374801413,30.05188431886056,30.217551352867467,17819100
2017-05-10,29.828243255615234,30.13472846652109,29.76197831801181,30.043611412459175,25133800
2017-05-11,29.56316566467285,29.819949702429017,29.36436776949791,29.745399701779522,21508900
2017-05-12,29.430639266967773,29.60459141396556,29.32295836625043,29.58802439235452,19730800
2017-05-15,29.51347541809082,29.588025438057116,29.3395232649452,29.43064030710805,22120100
2017-05-16,29.670852661132812,29.728835649662926,29.33951858967283,29.6128696726027,22291800
2017-05-17,29.024755477905273,29.811671548901217,29.008188457903298,29.546602388705594,26670200
2017-05-18,29.173860549926758,29.38094359605665,29.057894549667864,29.14900843570234,17171900
2017-05-19,29.322965621948242,29.447213575020637,29.099315514613455,29.115882540323852,18340100
2017-05-22,29.629438400268555,29.91107142929465,29.30638939988134,29.389221342603577,14638100
2017-05-23,29.703989028930664,29.81167308457258,29.455490035772208,29.71227095944029,16903700
2017-05-24,29.91935157775879,29.96905263633378,29.72883559297514,29.80338560091969,20640600
2017-05-25,30.035320281982422,30.143004338755315,29.869656391360955,29.919354294612926,13148500
2017-05-26,30.035320281982422,30.09330643550334,29.9276393850457,30.035320281982425,11145500
2017-05-30,29.969057083129883,30.184422049238847,29.894507064123633,30.04360710213613,13026900
2017-05-31,29.911073684692383,30.134723738709685,29.71227258339824,30.07674074246479,17741900
2017-06-01,29.91935157775879,29.927636667439227,29.654285585030596,29.91935157775879,17510900
2017-06-02,30.08502960205078,30.09331469475744,29.819963512504373,30.043613618028598,19127400
2017-06-05,30.10158348083496,30.234116467724714,29.985617512285888,30.06844944415361,11685700
2017-06-06,29.927635192871094,30.19270117253919,29.803384132473546,29.952484141016313,18420900
2017-06-07,30.035320281982422,30.292104368183573,29.902787273583545,29.9276393850457,17192000
2017-06-08,30.21755599975586,30.258971974667617,29.95248996851701,30.101590006068406,17154200
2017-06-09,29.57973861694336,30.283822799851762,29.248407671900765,30.23412173616908,33322100
2017-06-12,29.5963077545166,29.82823974861482,29.331241715593944,29.480341757467492,28488300
2017-06-13,29.720556259155273,29.77853925263951,29.43063813189794,29.554889209270534,20588200
2017-06-14,29.430639266967773,29.861372349345988,29.173858331587347,29.811674444349148,19149000
2017-06-15,29.2484130859375,29.389228052683055,29.107594959355154,29.165577964466475,20410000
2017-06-16,29.16556739807129,29.264969507824123,28.999900374985547,29.22355038217595,30762800
2017-06-19,29.414072036743164,29.496907144210876,29.2566900723089,29.496907144210876,21583800
2017-06-20,28.875656127929688,29.364372169905174,28.85908910754319,29.364372169905174,21536500
2017-06-21,28.643726348876953,28.660290210691905,28.23784221801237,28.436643317990924,27138500
2017-06-22,28.461488723754883,28.68513874842148,28.403505735119385,28.627155759785982,24602900
2017-06-23,28.320674896240234,28.61887497397437,28.2461248768067,28.337241918318394,29260900
2017-06-26,28.22127914428711,28.585744192091134,28.188145096349455,28.37866113223588,18854800
2017-06-27,27.873374938964844,28.287540966825624,27.873374938964844,28.16328989453298,27078900
2017-06-28,28.32896614074707,28.362100192100687,27.947934029691627,27.972782988288316,25940100
2017-06-29,27.782258987426758,28.24612293437065,27.616591937874162,28.09702290575693,25215700
2017-06-30,27.947921752929688,28.10530368797019,27.773969639654155,28.055602632772082,24432000
2017-07-03,27.71599578857422,28.188144909121203,27.69114683270439,27.757411768302838,12676900
2017-07-05,28.444923400878906,28.51947341354794,27.740842405543898,27.765691356488215,30010800
2017-07-06,27.8568058013916,28.4035047902221,27.798822814685018,28.26268670833769,20733200
2017-07-07,28.06389617919922,28.262694140229875,27.91479612850792,27.91479612850792,18304500
2017-07-10,27.873374938964844,27.947924950373228,27.525473832447055,27.54204085274181,29918400
2017-07-11,28.097028732299805,28.105313824405414,27.69114769455545,27.865096710731603,25737500
2017-07-12,28.370378494262695,28.486344499322314,28.11359436889022,28.395227449679282,23768300
2017-07-13,28.362096786499023,28.49462981616243,28.262694644373962,28.43664681317448,15046200
2017-07-14,28.72655487060547,28.751403820200032,28.38693886685745,28.560887833691233,16316400
2017-07-17,28.552608489990234,28.77625853610668,28.461491453442473,28.77625853610668,21044400
2017-07-18,28.602304458618164,28.643723588673115,28.370372497523153,28.519472518180226,14362800
2017-07-19,28.627155303955078,28.726554260056645,28.54432020734057,28.726554260056645,17036200
2017-07-20,28.7845458984375,28.859095927877288,28.560895810118147,28.6105968830236,17506200
2017-07-21,28.76797103881836,28.842521047953515,28.494623111880074,28.61058909057122,22245000
2017-07-24,28.57745361328125,28.825952577951323,28.478054659380376,28.76796959152283,16146300
2017-07-25,28.718273162841797,28.77625931845101,28.494626270481223,28.618874192921954,18096700
2017-07-26,28.7845458984375,28.966780005920707,28.65201286385975,28.743129917601355,15499300
2017-07-27,28.966772079467773,29.1987040365539,28.718269942777297,28.80938697158568,43062800
2017-07-28,29.2484130859375,29.70399519459937,28.99162894913251,29.099313027126446,36291500
2017-07-31,29.380943298339844,29.604593365074265,29.256692207986337,29.380943298339844,27057000
2017-08-01,30.109874725341797,30.17614281920622,29.463776609346862,29.538326635026017,38710200
2017-08-02,30.350095748901367,30.374944707394185,29.869664645630284,30.093314751576784,35004300
2017-08-03,30.452739715576172,30.53619346631035,30.16899250610084,30.50281069259407,26611300
2017-08-04,30.294178009033203,30.51116288956326,30.12726729713863,30.419361838843393,20520300
2017-08-07,30.402660369873047,30.50280549038576,30.227405613086802,30.369277601850147,18169300
2017-08-08,30.38597297668457,30.627993301303,30.294171944342658,30.352590204277256,22819900
2017-08-09,30.536191940307617,30.594610199613474,30.060498581070554,30.27748023226998,22796800
2017-08-10,30.160642623901367,30.511155350628247,30.13560713754811,30.377627450817116,22693300
2017-08-11,29.93532371520996,30.377637618013356,29.86856133473759,30.2607978809614,19275100
2017-08-14,30.327550888061523,30.43604329291052,30.11056926191953,30.14394884655645,18469400
2017-08-15,30.043811798095703,30.310867648283118,29.89359248442068,30.2941762597018,21706600
2017-08-16,29.88524055480957,30.102222182424413,29.676603027521598,30.027112545258504,22014000
2017-08-17,29.35113525390625,29.776757729300613,29.35113525390625,29.70999217098109,19525000
2017-08-18,29.217599868774414,29.467967465058464,29.200911667007958,29.45127607973578,16231400
2017-08-21,29.142486572265625,29.442925103287884,28.958887723851007,29.28436173793984,26493300
2017-08-22,28.91716766357422,29.367822382619032,28.89212899105864,29.225950367109288,26097800
2017-08-23,28.925512313842773,29.050696128124567,28.691839256310505,28.82536717255132,19648100
2017-08-24,28.967233657836914,29.117452932859635,28.83370576710072,28.958889557471668,14301900
2017-08-25,28.933855056762695,29.150839900185023,28.85874859198938,29.05903886516454,14726800
2017-08-28,28.91716766357422,29.042348291925773,28.867093502099646,29.025656904767583,20712900
2017-08-29,28.98392677307129,29.000618158354644,28.75859784708035,28.80032471851062,15843700
2017-08-30,29.11745262145996,29.175870874060035,28.900470995167694,29.000616116259817,18565000
2017-08-31,29.267681121826172,29.359482171583547,29.100770411681573,29.159188682698634,16366800
2017-09-01,29.28436279296875,29.53472718332191,29.267671409137748,29.409546579923305,12822000
2017-09-05,29.225955963134766,29.484667738288557,29.150846298319614,29.225955963134766,18772000
2017-09-06,29.843515396118164,29.9937346950823,29.301059646353487,29.392860682782295,28076400
2017-09-07,29.659914016723633,30.002079461514043,29.484659243831143,29.943661203883213,16297100
2017-09-08,29.367830276489258,29.659924854935724,29.276032397779446,29.559776505067397,14125000
2017-09-11,29.85186004638672,30.043806203996613,29.326092546421027,29.618187016871417,20037600
2017-09-12,30.118913650512695,30.327551178381707,29.82682238491849,29.943658891156172,19489900
2017-09-13,30.3192195892334,30.377637866458496,30.01878091575728,30.043816410694507,15509800
2017-09-14,30.444395065307617,30.627997153081253,30.177339219576947,30.202374710252695,18093900
2017-09-15,30.878360748291016,30.945126299637785,30.22741254044357,30.502812480857216,33596100
2017-09-18,30.878360748291016,31.153763872261376,30.711450053480803,30.878360748291016,19393800
2017-09-19,31.070308685302734,31.128726954247327,30.89505387846895,31.04527319391416,23850500
2017-09-20,30.936771392822266,31.12037343023973,30.594605985352587,31.070299279065168,23957500
2017-09-21,31.045270919799805,31.10368918446517,30.753176412916325,30.870016125803712,22954200
2017-09-22,31.0285701751709,31.06195294021457,30.836624051503343,30.836624051503343,21631800
2017-09-25,31.01189422607422,31.07031250219532,30.753182443568434,30.920093168296127,23180800
2017-09-26,31.270599365234375,31.412471381800394,30.878359722988037,31.053614514118976,29790400
2017-09-27,31.329015731811523,31.45419635351475,30.961811600946675,31.39577809334196,25981400
2017-09-28,31.571027755737305,31.612754618666198,31.12036999557187,31.14540547661809,21171400
2017-09-29,31.77967071533203,31.83808897018288,31.46254077217304,31.57937728187474,23217300
2017-10-02,32.580848693847656,32.622575577538115,31.77968106618513,31.8130606630032,37394500
2017-10-03,32.864585876464844,33.13164167041474,32.50572905642789,32.50572905642789,34002200
2017-10-04,32.83122253417969,32.881296719010216,32.430638606209655,32.87294942975943,28368800
2017-10-05,32.98976516723633,33.089913473621756,32.7227093839873,32.964729682417996,17710300
2017-10-06,33.07322692871094,33.2902085905174,32.8979689586696,33.04818825667274,18887500
2017-10-09,33.265174865722656,33.28186625344758,32.98142764151235,33.11495555975504,18494100
2017-10-10,33.08992385864258,33.34028833606902,32.86459487389166,33.323596946432986,29890000
2017-10-11,32.797828674316406,33.106611417655316,32.59753836971273,32.94804799454766,30754700
2017-10-12,32.706024169921875,32.87293486183097,32.530769376017815,32.83955208673782,18286900
2017-10-13,33.106605529785156,33.22344523417434,32.781131455020635,32.914659362194705,16829400
2017-10-16,33.18171691894531,33.2067555915503,32.91466109057382,33.13999004267913,12489100
2017-10-17,33.206748962402344,33.27351131438898,32.856236267915634,33.01480282305132,15532800
2017-10-18,33.59064865112305,33.624031426258504,33.04818969762013,33.21510038974077,21424600
2017-10-19,33.45711898803711,33.65741244484005,33.24013732809404,33.281864203057346,19222700
2017-10-20,33.74086380004883,33.7575551855608,33.46546071443575,33.65741005604525,18335700
2017-10-23,34.07468795776367,34.24994274478108,33.715831098505255,33.8410117248506,28647000
2017-10-24,34.174842834472656,34.258296609151664,33.982896605864994,34.21656972181216,19652400
2017-10-25,34.032955169677734,34.26663138385246,33.79093803806131,34.12475619843678,24031700
2017-10-26,34.50864791870117,34.70059725745406,33.97453632449195,34.141446993571385,38247400
2017-10-27,37.05402755737305,37.554756368868844,35.96910982653859,36.136020491555904,90028300
2017-10-30,37.028995513916016,37.71332649773397,36.62006765418799,37.12079655527933,48161500
2017-10-31,37.96369934082031,38.22240792900689,37.2626768729714,37.721678959210735,47000900
2017-11-01,38.98184585571289,38.98184585571289,38.04715036059334,38.36428038312846,47813700
2017-11-02,39.30732727050781,39.415819726887165,38.564577834991695,38.89839930836316,44602300
2017-11-03,38.67306137084961,39.4742289018708,38.055492742631124,39.39077514455655,39298100
2017-11-06,39.2044563293457,39.238036931493575,38.69236335506934,39.12050482397602,34035000
2017-11-07,39.27162170410156,39.53186661597241,38.94421877774915,39.204463689620006,24461400
2017-11-08,39.2044563293457,39.2044563293457,38.85186641163801,39.13729512504996,21565800
2017-11-09,38.86866760253906,38.9442223773287,38.32299707565691,38.658793583948224,25570400
2017-11-10,38.264217376708984,38.69235879515902,38.09631758817916,38.6503846486321,24095400
2017-11-13,38.40694046020508,38.56644354093803,37.98719247703344,37.995586027630765,18999000
2017-11-14,38.49928283691406,38.54965054182211,38.045954278205166,38.36496361978803,22201200
2017-11-15,38.163490295410156,38.45731583922221,37.92003566830331,38.10472582713241,17157200
2017-11-16,38.3229866027832,38.67557332049799,38.163480342692935,38.306196301593566,26439400
2017-11-17,37.466705322265625,38.29780452333701,37.45830856936911,38.197065905539276,63798000
2017-11-20,37.45831298828125,37.87806101478237,37.35757435859951,37.550658066499224,22420000
2017-11-21,37.7269401550293,37.96200115702478,37.53385650503388,37.54225325640283,21871000
2017-11-22,37.483497619628906,37.735345778732146,37.39115254739233,37.726949025388954,19538300
2017-11-24,37.567440032958984,37.5926238841835,37.298801611822135,37.39954021914281,6465800
2017-11-27,37.349178314208984,37.44991693716678,37.164488170100455,37.29041064819193,18202100
2017-11-28,37.5506591796875,37.643004260643046,37.20646591584992,37.48350115871654,20194100
2017-11-29,36.89583969116211,37.852864355515685,36.74473019653552,37.65138396187283,27036900
2017-11-30,37.64299774169922,37.9452167897893,37.21485622518683,37.24004007838672,34145300
2017-12-01,37.50868225097656,37.643001485439285,36.543260551609805,37.550656411291826,26656300
2017-12-04,37.349178314208984,38.02916802220296,37.214859082790895,37.79411016782707,28000800
2017-12-05,36.46770477294922,37.693371356231346,36.29141138304958,37.44151999646263,30626900
2017-12-06,36.47610092163086,36.70276522021182,35.821291880478164,36.21585601531426,27710800
2017-12-07,36.16548538208008,36.60202043765643,35.91363404684858,36.4844915225072,32708400
2017-12-08,36.39215087890625,36.58523778000912,36.190673629163555,36.39215087890625,23154700
2017-12-11,36.65239715576172,36.75313578437095,36.308203905792176,36.33338776233867,20425900
2017-12-12,36.3753662109375,36.618817637132544,36.16549219366439,36.4928951482227,16557400
2017-12-13,36.38374710083008,36.65238549325824,36.299798804104626,36.643991944554585,21399500
2017-12-14,36.31659698486328,36.57684190801114,36.11511973026506,36.45931297575831,19644900
2017-12-15,37.4079475402832,37.64300542458477,36.157096936485225,36.434132187917925,47477000
2017-12-18,38.83507537841797,38.91063013061503,37.81089265159634,37.90323770455079,50369300
2017-12-19,39.48988342285156,39.674570322243895,38.52446196644872,38.86865511828913,41421100
2017-12-20,39.92643356323242,39.99359158243043,39.17088583210911,39.85087879012009,40935000
2017-12-21,39.25482940673828,39.95161258584135,39.086932777847686,39.909638428618706,42963500
2017-12-22,39.2044563293457,39.47309474168372,38.633598902521804,38.893843765534086,33913500
2017-12-26,38.68396759033203,39.01137043646738,38.57483224081282,38.851864186611074,15533300
2017-12-27,38.70915603637695,38.91903000907262,38.61681097600323,38.70915603637695,13359700
2017-12-28,38.801513671875,38.919042622286725,38.57484932361365,38.919042622286725,9504400
2017-12-29,38.75113296508789,39.02816816604532,38.69236850471927,38.79310712214792,17394500
2018-01-02,39.330379486083984,39.37235684072965,38.793102651813875,38.935818612279554,23370800
2018-01-03,37.995582580566406,38.79310431672374,36.64399688740861,38.17187915134584,116479000
2018-01-04,37.29880142211914,37.48349153661985,35.83807721249705,36.53486031544242,89209100
2018-01-05,37.559059143066406,37.90325243631367,36.85388224928864,37.29881418381168,41824000
2018-01-08,37.559059143066406,37.64300747705894,36.90424996871469,37.164494927969415,33733800
2018-01-09,36.61880874633789,37.64299472674081,36.509676589597234,37.52546581799081,44282300
2018-01-10,35.67858123779297,36.602025588860684,35.62821032317314,36.37536447912948,45735000
2018-01-11,36.44251251220703,36.58522846331902,35.636597313622026,35.930419562349165,35371500
2018-01-12,36.299808502197266,36.60202437260421,36.106721603782326,36.47610189387376,29973600
2018-01-16,36.21585464477539,36.76152829134853,36.005980658004624,36.56004785498253,38367200
2018-01-17,37.265220642089844,37.3155915464661,36.52646339001752,36.56004399293502,32368600
2018-01-18,37.34077453613281,37.55904524763936,37.08052967315885,37.27361653426944,26826500
2018-01-19,37.6262092590332,37.68497372095774,37.14769681054879,37.45830942392465,25780200
2018-01-22,38.40694046020508,38.44052106744032,37.60102510109704,37.60941865169437,27706800
2018-01-23,38.66719055175781,38.69237440935242,38.30620698159258,38.45731653200702,22135100
2018-01-24,38.20546340942383,38.725953260487486,37.74374122744815,38.53286955538577,32464200
2018-01-25,38.029170989990234,38.92743152065306,37.92003560518893,38.51608024339351,36758700
2018-01-26,42.04195785522461,42.100722314331584,40.39654339296071,40.61481412886335,86916100
2018-01-29,41.9580078125,42.68836840304062,41.445914763096674,41.638998450139695,46304000
2018-01-30,40.95900344848633,42.0251635664003,40.9170292963085,41.538254434354414,32814600
2018-01-31,40.413330078125,41.34517099257886,39.926424145908676,41.3283806911338,41619900
2018-02-01,40.00197982788086,40.690366190962344,39.83408001196334,40.04395398125458,28840400
2018-02-02,38.742733001708984,40.11950562089266,38.7007556491744,39.72494156450866,28663000
2018-02-05,37.374351501464844,39.67456808324448,37.3575612020272,38.91062707215385,47869000
2018-02-06,37.957542419433594,37.974446632895,36.36858181970033,37.2053226532205,58145400
2018-02-07,38.20264434814453,39.1323534140967,37.475779372438915,37.67862668683414,37508400
2018-02-08,36.131919860839844,38.38857857122397,36.123469368386495,38.270252331987855,43151300
2018-02-09,37.146156311035156,37.425067748695035,35.531841142561916,36.76581960136371,49301100
2018-02-12,37.88993835449219,38.16884988663997,37.26449519513223,37.315207848318124,28379500
2018-02-13,37.577205657958984,37.847666624906985,37.40816674757922,37.68708143332819,19517600
2018-02-14,38.35478210449219,38.464654652127095,37.22222563329796,37.24758034057541,19922000
2018-02-15,38.81119155883789,38.87035792918123,37.99135800837558,38.777386349691255,23536800
2018-02-16,38.50692367553711,39.37746983850392,38.4646615236595,38.72667203421289,21475200
2018-02-20,39.149261474609375,39.47888557177859,38.36323329329094,38.422396427441875,25512000
2018-02-21,38.82808303833008,39.774699515200446,38.81117882722718,39.44507223491694,27527500
2018-02-22,38.70975875854492,39.35210591661331,38.55762407501024,38.99712391364946,16946400
2018-02-23,40.34097671508789,40.391689349196845,39.1408067251804,39.16616143016055,26040900
2018-02-26,41.507347106933594,41.524251320584106,40.65370205040256,40.738223118655135,26992300
2018-02-27,42.18349075317383,43.02023142191571,41.676377345792844,41.7270867520419,43624100
2018-02-28,41.65948486328125,42.54693518809959,41.65103114376098,42.41170469311917,35541200
2018-03-01,40.4339599609375,42.02292082365144,40.121240020517334,41.83697766895046,36326600
2018-03-02,41.397464752197266,41.456627878498466,39.69017813457318,39.893025441997715,33310600
2018-03-05,42.04826354980469,42.09052246633154,40.60298732520507,41.05093764385733,30826500
2018-03-06,42.859649658203125,43.38367058080981,42.386344597976326,42.394795092273704,39132300
2018-03-07,43.37520980834961,43.51889398122922,42.34407556771988,42.41169240769814,31801900
2018-03-08,42.885005950927734,44.0175623682911,42.6568039238304,43.77245612909596,29481200
2018-03-09,44.11053466796875,44.20350623079855,43.104758138758065,43.33296018639056,32727900
2018-03-12,43.54425048828125,43.90768295785123,42.682155087730266,43.83161562179825,32044400
2018-03-13,43.76400375366211,45.45438632551957,43.434379668013726,44.38944672387488,45573900
2018-03-14,43.831634521484375,44.10209556092605,43.36677981145336,44.0006734771729,24993500
2018-03-15,43.00334167480469,44.20351198052073,43.00334167480469,44.14434883723329,25631200
2018-03-16,43.248435974121094,43.696389542084766,43.09630451090852,43.248435974121094,42559800
2018-03-19,42.96107482910156,43.29914941069729,42.2004013782506,42.88500748401647,31115200
2018-03-20,43.569610595703125,43.78936213784221,42.97797604460035,43.003333975861885,22215000
2018-03-21,43.578060150146484,44.09362408234975,43.24843286843483,43.569606432484115,23239500
2018-03-22,42.96107482910156,43.91613866565467,42.76667799510162,42.88500748401647,30916000
2018-03-23,41.718650817871094,43.09631379503069,41.718650817871094,42.758235922696585,37683900
2018-03-26,44.35564041137695,44.36409413016228,42.53002727577977,42.88500930933566,39306200
2018-03-27,43.26533508300781,45.006430064018204,42.91880683026018,44.80358276341421,38777000
2018-03-28,41.921478271484375,42.85119043817611,41.422815381609674,42.68215156930959,37970900
2018-03-29,44.0175666809082,44.0175666809082,42.149691362954464,42.24266292652694,45265800
2018-04-02,41.34675979614258,43.98375916152938,39.96910020031235,43.6879402509502,67187800
2018-04-03,42.04826354980469,42.22575293370668,40.915707176482194,41.414370129455875,39432400
2018-04-04,42.25111770629883,42.394798690591685,40.57763596827553,40.653703320003864,30370000
2018-04-05,42.58073806762695,42.868103235021934,42.23420976789909,42.26801496912581,25115400
2018-04-06,41.23688507080078,42.597643605073685,40.99177881542823,42.082076386582806,28215200
2018-04-09,41.87922286987305,43.19772228854707,41.54959882124167,41.54959882124167,31437000
2018-04-10,43.33295440673828,43.51889750759721,42.546926311114724,43.206174433580166,25906400
2018-04-11,43.18928146362305,43.72175297567195,42.952628891223306,43.09631311314421,17568400
2018-04-12,44.5584831237793,45.02333766010715,43.48508986402664,43.51889828736106,29781400
2018-04-13,43.831634521484375,44.97264183011958,43.61188291184432,44.84586503146562,20884900
2018-04-16,44.288028717041016,44.397901272858945,43.77246146967519,44.195057151234174,18855500
2018-04-17,45.25154113769531,45.38677161123634,44.70216552535116,44.71906973756239,21228700
2018-04-18,45.31071090698242,45.94460444910775,45.08250884491939,45.23464355296141,22164700
2018-04-19,44.135894775390625,44.76133458936744,43.62032751912778,44.75288409421608,25422400
2018-04-20,43.55270767211914,44.18660116188986,43.00333524880726,44.09362960085964,26910100
2018-04-23,43.18928146362305,43.856983477636014,42.97798360279485,43.68794454414356,21706700
2018-04-24,43.4850959777832,45.3360638895709,43.2230854963273,43.84007480025653,42494700
2018-04-25,43.42593765258789,44.03447330485043,42.76668612842499,43.83162916214609,25752800
2018-04-26,44.83739471435547,45.02333781920315,44.00910768462746,44.16969285981036,39575000
2018-04-27,44.56693649291992,47.15322301018934,44.144340846420604,46.857404123150474,69888100
2018-04-30,43.6287841796875,45.107869299685305,43.28225579482543,44.42326625045641,36417400
2018-05-01,45.07404708862305,45.15011119949138,43.47663305327007,43.64567193376836,27600800
2018-05-02,44.21196365356445,44.964183489806366,44.076733157432756,44.87121191918782,25778300
2018-05-03,44.18660354614258,44.423259320847954,43.28224904320379,43.85697942953955,28561000
2018-05-04,44.86665344238281,44.91765876416716,43.35353123310562,43.8805732538499,25642500
2018-05-07,45.334190368652344,45.546707661039974,44.90915578387708,44.93465682128151,20285700
2018-05-08,45.58921432495117,45.58921432495117,44.88365529805511,45.300190653160485,21026800
2018-05-09,46.1927604675293,46.21826150585259,45.21517959021884,45.6997187749013,19827500
2018-05-10,46.73680877685547,46.75381055164145,45.98874690005726,46.37127872584935,18715900
2018-05-11,46.47328186035156,46.91531823588761,46.26926706718518,46.430779048671624,15405000
2018-05-14,46.66880798339844,46.95783168821511,46.53279701894101,46.55829806141516,21878200
2018-05-15,45.835731506347656,46.54129052656125,45.52970930625309,46.39678031341299,21712600
2018-05-16,46.447792053222656,46.49879738522595,45.869744594881794,46.04825839275714,16260500
2018-05-17,46.5922966003418,47.12783789122296,46.26076687006134,46.37127678015482,16872600
2018-05-18,45.478702545166016,46.362775298137386,45.4532015066546,46.35427279012913,23679900
2018-05-21,46.17576599121094,46.94082968937361,45.78473487559765,46.209769542853095,25367400
2018-05-22,46.28627014160156,46.79631038161236,45.94624115308986,46.5242884879057,19009600
2018-05-23,46.93232345581055,46.94932523028246,45.76772946791798,45.90374042093641,20555400
2018-05-24,46.54128646850586,47.00882385753772,46.01424449774756,46.906816466400485,19667100
2018-05-25,47.12783432006836,47.17883963842119,46.36277400131548,46.58379056199789,18550000
2018-05-29,47.02583312988281,47.44236851115647,46.59229921633898,46.85581862236791,24253500
2018-05-30,47.33184814453125,47.77388446937065,47.28084283071106,47.51036187876746,24711500
2018-05-31,46.923831939697266,47.48487761890284,46.8048227414957,47.3233623561229,30962100
2018-06-01,48.52194595336914,48.53894448180277,47.43385529650855,47.46785883888838,31183200
2018-06-04,48.3094367980957,48.96398726377306,48.26693074159781,48.462446279012156,22538100
2018-06-05,48.054412841796875,48.55595382041733,47.79089345417451,48.368940793694925,21687000
2018-06-06,48.47944259643555,48.504946876015005,47.67187949798051,48.05440802135123,22955400
2018-06-07,47.50187301635742,48.45394971685703,47.28085318416117,48.38594261687142,27596100
2018-06-08,46.79631805419922,47.34886444043543,46.46479151956041,47.22985524777096,30822900
2018-06-11,46.34577178955078,46.8303109596651,46.124751988205254,46.58379012076299,25752400
2018-06-12,46.600799560546875,46.77931333832664,46.09075926895981,46.643302377719614,23294900
2018-06-13,46.77931213378906,47.34886024606097,46.677304726649695,46.736809317710744,22631400
2018-06-14,47.21284484863281,47.48486673725907,46.9068194132391,47.136338489784386,23419800
2018-06-15,46.847312927246094,47.076831994480116,46.396777300503324,46.8983150025715,39194700
2018-06-18,45.240684509277344,46.15875757218559,44.492622694597394,46.15875757218559,40764400
2018-06-19,44.99416732788086,45.01116910264119,44.101595230883724,44.322611817254106,31780900
2018-06-20,45.444705963134766,45.69122684904716,44.79015218472453,45.21518685308776,21403000
2018-06-21,44.3651123046875,46.35427444866616,44.15259499547079,46.22676600879021,44435600
2018-06-22,44.62863540649414,45.130176391248824,44.458620908775174,44.730642808022786,34682100
2018-06-25,43.107017517089844,43.991090451280726,42.42696266108045,43.498048653950576,45356500
2018-06-26,42.22294616699219,42.851998959124614,41.959426724453,42.46096780759343,37543000
2018-06-27,41.449378967285156,42.554471686846234,41.44087970082633,41.942420733582516,33338800
2018-06-28,41.865909576416016,42.06992761842371,41.22835765393253,41.29636474885401,29055700
2018-06-29,42.25693893432617,42.59696790966329,42.078425181514675,42.103926219700135,28906500
2018-07-02,42.6734733581543,42.73297794115752,41.508879492975616,41.68739324198529,23755500
2018-07-03,42.05293273925781,43.234528643808396,42.018929186222195,42.996510258073684,16327900
2018-07-05,43.141021728515625,43.31953552292357,42.290952334850296,42.48646790626243,26163500
2018-07-06,43.66804885864258,43.77855874986643,42.84348403483587,43.158008694581596,19968000
2018-07-09,44.08460235595703,44.110103401867214,43.35354210746059,43.89758603859535,21361600
2018-07-10,44.33961868286133,44.42462432366593,44.06759674097779,44.28861335272416,17362900
2018-07-11,43.52355194091797,44.093096856384435,43.51504943136211,43.94008411195163,18665600
2018-07-12,44.50111389160156,44.61162377711924,43.9740719835848,44.246093822739006,20292700
2018-07-13,44.39061737060547,44.56062862677503,43.999583050247665,44.543630095363554,13749300
2018-07-16,44.21210861206055,44.47563129670089,44.09309941343505,44.331121053443496,15951500
2018-07-17,43.9910888671875,44.1015987906713,43.36203612130729,43.39603967357265,15754500
2018-07-18,43.965572357177734,44.178089619936316,43.753055094419146,44.09308076917923,14649000
2018-07-19,44.18660354614258,44.21210458845371,43.396038806925844,43.863576291587194,15954600
2018-07-20,44.12710189819336,44.2631128708615,43.63406333830537,44.05909803323798,17380500
2018-07-23,44.46712875366211,44.62864076236187,43.634061181895554,44.00809052755894,15945500
2018-07-24,44.35662078857422,45.3086975922283,44.271615147139116,44.84965934586107,17788700
2018-07-25,44.56912612915039,44.58612790140905,43.430033329872366,44.382109877061666,19854800
2018-07-26,44.33961868286133,45.20668983864909,44.093097784667705,44.586139581054944,28282500
2018-07-27,40.53130340576172,41.82340909653766,40.36128890173071,41.44937653911805,67816700
2018-07-30,40.53980255126953,40.794825927936785,39.46871669174343,40.48880047014163,35696600
2018-07-31,40.888336181640625,41.38137798219059,40.53980786298741,41.007348619632154,36581200
2018-08-01,41.491878509521484,41.576884131783984,40.803321295271395,40.85432661428287,28060700
2018-08-02,42.06142807006836,42.09543161992195,40.97334041680931,41.22836055519728,26452500
2018-08-03,42.188941955566406,42.31645041001566,41.79790759742008,42.07843203417133,22008200
2018-08-06,42.16327667236328,42.17183088826037,41.32514295070923,41.71000110414156,26669000
2018-08-07,42.505374908447266,42.616556881362996,42.25735483904972,42.27446000891964,28322700
2018-08-08,42.72773361206055,42.873125917979536,42.28300900348102,42.41984709362261,21990600
2018-08-09,42.881683349609375,43.27509251039088,42.52248453215093,42.642217471303745,23795600
2018-08-10,41.77842330932617,42.052099524818864,41.30804251785297,41.487641922555454,28712400
2018-08-13,41.43632507324219,42.11196458260189,41.37645861165107,41.83828513500004,17070600
2018-08-14,41.15410232543945,41.701454797476984,40.752142188930804,41.62448315219183,23061600
2018-08-15,40.589637756347656,41.051467549271564,40.11070605625844,40.86331394567793,26739900
2018-08-16,40.341617584228516,41.00870614863584,40.23898982911874,40.83765771513454,24358000
2018-08-17,40.28175735473633,40.52977745856589,39.62322616694861,40.196234755991384,26382000
2018-08-20,39.76860809326172,40.298855287678194,39.503482864814764,40.238988826815564,24334000
2018-08-21,40.726478576660156,40.92318314700103,39.88834478293382,39.90544995372143,19254300
2018-08-22,40.23898696899414,40.495557969770665,40.12780500574931,40.41003539033758,23182500
2018-08-23,40.17913055419922,40.34162480073057,39.94821561703692,40.0765027807309,31343200
2018-08-24,40.76069259643555,40.95739718452683,40.26465564874405,40.444255064504176,18214700
2018-08-27,41.350807189941406,41.38501753528976,40.735037286061434,41.05147482433851,17170300
2018-08-28,41.53895950317383,41.72711313411589,41.31659879045157,41.521854331044736,13472400
2018-08-29,41.69290542602539,41.78698224744473,41.39357305103495,41.650144124237926,13479100
2018-08-30,41.2567253112793,41.76131638470368,41.128438173341216,41.49619115545445,16418800
2018-08-31,41.41922378540039,41.530405765550626,40.983050081529804,41.01726042349569,16484000
2018-09-04,41.01726150512695,41.419224877631486,40.67516786388038,41.3764635802854,15682900
2018-09-05,40.81201171875,41.154105408159545,40.59820193943966,40.83766784827418,20857200
2018-09-06,40.418582916259766,41.017250708963054,40.37582163016889,40.84620230212254,19318100
2018-09-07,39.725852966308594,40.606748109252734,39.64888132432954,40.11926213087802,25958300
2018-09-10,39.59757614135742,39.99098540858222,39.53770965558316,39.81994017064364,21522400
2018-09-11,38.42588806152344,39.36664964503837,38.39167771894672,39.34099351934475,32455300
2018-09-12,38.42588806152344,38.46864935850542,37.68183105410789,38.10945054888337,29778700
2018-09-13,38.97324752807617,39.21271344438461,38.57983830486133,39.06732435590546,18657100
2018-09-14,38.94757843017578,39.31533140062254,38.78508095894557,39.15283392939233,22998700
2018-09-17,38.8449592590332,39.25547690755731,38.64825465295783,38.733780522432994,17603200
2018-09-18,39.426517486572266,39.7942705258866,38.836403737719884,38.981796067496184,20528100
2018-09-19,39.46928024291992,39.717297067705466,39.24691628107078,39.41796472961371,15918900
2018-09-20,40.367271423339844,40.504109498843626,39.78570878682952,40.00806943609426,21999300
2018-09-21,39.905452728271484,40.55543295100376,39.65743262832342,40.29886189630623,52650600
2018-09-24,40.119258880615234,40.19623051635843,39.46927871626642,39.60611681731236,17847000
2018-09-25,39.264015197753906,39.67452945137886,39.16993840291703,39.52914041388716,23389900
2018-09-26,39.08441925048828,39.59756129689322,38.98179149370281,39.375200613445095,23957700
2018-09-27,39.23836135864258,39.48637815834656,39.11007421958942,39.264017481462226,15415500
2018-09-28,40.444244384765625,40.837653457064285,38.87915578576239,39.01599386580006,46223500
2018-10-01,39.725852966308594,40.384387400467645,39.51204321219765,40.01663436239859,23796200
2018-10-02,41.137001037597656,41.804089780557376,40.46991555711632,40.632409818073,42121100
2018-10-03,41.70145797729492,42.5224900104346,41.530412763599216,41.5817250227166,39211900
2018-10-04,41.162654876708984,41.78697896875926,40.72648115025656,41.769873796890735,30108300
2018-10-05,40.22189712524414,41.342261612551646,39.90545954580558,41.24818478184541,28901400
2018-10-08,40.22189712524414,40.495573398674004,39.78572658398983,40.16203064433626,19376800
2018-10-09,39.81137466430664,40.72648013024672,39.80282370982551,40.350176145997764,23285700
2018-10-10,38.314697265625,39.443612211142884,38.314697265625,39.392299971559304,43109500
2018-10-11,37.82722473144531,39.00745559451329,37.39960518449819,38.61404639431671,43648800
2018-10-12,38.38312530517578,38.77653444241673,37.82721867811266,38.71666797642258,32087400
2018-10-15,38.083797454833984,38.60549384667747,38.006825802554154,38.16932332541067,21633000
2018-10-16,39.289676666259766,39.34954313248951,38.34036416069764,38.40023062692738,21472000
2018-10-17,39.246910095214844,39.62321727519361,38.947577804301986,39.340986890209535,23124400
2018-10-18,38.460105895996094,39.127191393798896,38.34037293613184,39.041668783175425,26638800
2018-10-19,37.630516052246094,38.63969833464547,37.51078311407632,38.5028602249546,28368500
2018-10-22,38.49431228637695,38.776542768789966,37.7160447988601,38.05814176012223,34508800
2018-10-23,38.058135986328125,38.56272713327519,37.55354483938106,37.78445976382917,38590300
2018-10-24,36.27923583984375,37.93840154327781,36.22792358920742,37.76735309537522,33631800
2018-10-25,37.8956413269043,38.4344395488076,37.014742936968545,37.23710690432238,48255300
2018-10-26,39.07586669921875,39.71729591579312,38.2291819603281,38.990344108666584,67280400
2018-10-29,38.827850341796875,39.98242164032313,38.00681845536812,39.76861189893103,35732200
2018-10-30,40.84620666503906,40.948837677591925,38.8791579324588,38.93902439187596,43975200
2018-10-31,40.093605041503906,41.53040681562195,40.05084374420425,41.299491895230354,33369100
2018-11-01,41.239627838134766,41.45343759961414,40.07650221369048,40.15347385832218,28335300
2018-11-02,40.290306091308594,41.26527793927643,39.98241955774452,41.162650182247596,30759800
2018-11-05,41.025814056396484,41.26527992179434,40.127810536199085,40.487012596773596,23751200
2018-11-06,40.66434860229492,41.24096318652543,40.47501090215519,41.13768956963516,23839600
2018-11-07,41.929466247558594,41.95528383320064,40.95696336459255,40.991389000788196,29913200
2018-11-08,42.161827087402344,42.42001274827075,41.7056956940924,41.7315165582854,26581700
2018-11-09,41.40449142456055,42.19626144770438,41.19794086725666,41.98971417341022,21761400
2018-11-12,40.147979736328125,41.13769213279464,40.104946050517555,41.06023609454863,24412800
2018-11-13,40.784847259521484,41.52498218224835,40.44060067237625,40.44060067237625,29315900
2018-11-14,40.526649475097656,41.28399699494594,40.35452459108544,41.18072009473315,25632700
2018-11-15,41.40449142456055,41.51637311322556,40.208228338326876,40.457806021181504,29581000
2018-11-16,42.02413558959961,42.213470024837555,41.043024644780154,41.111875917964426,31670600
2018-11-19,41.309818267822266,42.29953397702593,41.12048055019841,41.834797733590676,26859000
2018-11-20,40.784847259521484,41.413100481996366,40.52666149841004,40.79345531193091,29200800
2018-11-21,40.47501754760742,41.206547601794334,40.46641277937423,41.18072673107552,19011400
2018-11-23,40.053321838378906,40.50945014227938,40.03610901594735,40.18241308210026,8906900
2018-11-26,40.83648681640625,40.845091586035586,40.191020754870884,40.68157469899695,20723000
2018-11-27,41.370059967041016,41.49915445757887,40.09634101130525,40.397557111881206,27621000
2018-11-28,42.049949645996094,42.06716246284737,41.008598849062274,41.25817648588297,28003200
2018-11-29,41.051631927490234,41.791766685328625,40.99138870608565,41.73152346392405,23592500
2018-11-30,42.43723678588867,42.44584155422267,40.93114953569583,41.26679131188583,43313700
2018-12-03,43.142948150634766,43.46137712318565,42.62657338332567,43.03106645859965,30870400
2018-12-04,41.09466552734375,42.68681355917836,41.034422301253336,42.617965564936284,35397700
2018-12-06,41.62825393676758,41.645466757793486,40.03610574648552,40.27707867482834,31661700
2018-12-07,39.79511642456055,41.361446379559716,39.78650837608872,41.25816949594916,34016400
2018-12-10,40.62993240356445,40.84508773713513,39.59718614582323,39.82955430004075,23289000
2018-12-11,40.77622985839844,41.81758063266239,40.56107457695502,41.22375323776183,23851000
2018-12-12,41.163516998291016,41.86061812719166,40.80205435703805,41.808982952019534,31305000
2018-12-13,41.55939865112305,41.80897958773711,41.18933127145649,41.53357778260512,19526000
2018-12-14,41.189327239990234,41.96388427652076,41.18071919032367,41.21514482297188,26372100
2018-12-17,40.51805114746094,41.66267573448136,40.15658850529001,41.18933469048029,26598700
2018-12-18,41.086063385009766,41.69710373612689,40.759026363182514,40.85369523394907,29014300
2018-12-19,39.218509674072266,41.07745142256975,39.054992820230964,40.870904163297524,39717600
2018-12-20,39.19269561767578,39.855374426632785,38.73656408659563,39.08081392707011,37750900
2018-12-21,38.59025573730469,40.14798133147246,38.555830100492166,39.373420918237784,52768300
2018-12-24,37.51447296142578,38.87425255895413,37.47144256408158,38.40951967142429,19241600
2018-12-26,39.7520866394043,39.760694688718736,37.44562187446762,37.8673276496352,28677600
2018-12-27,39.898399353027344,39.91561217098663,38.44394742405645,39.26153822057114,29970700
2018-12-28,40.234046936035156,41.086063492146096,39.84676668325745,40.02749637355044,24758700
2018-12-31,40.38895034790039,40.862291318123475,40.06191339557881,40.52664959892909,20490400
2019-01-02,40.51805114746094,40.853692918970616,39.390636096868526,39.55415295701155,18774600
2019-01-03,38.289039611816406,39.82954910412985,38.2029755198096,39.71767070903514,32267300
2019-01-04,40.63853073120117,40.93974681291969,39.19268697293418,39.45087265483706,35447300
2019-01-07,40.82786560058594,41.30981461969904,40.234038197311044,40.53525428237604,22736800
2019-01-08,41.086063385009766,41.33564107347365,40.25986442023513,41.13769856323894,22749200
2019-01-09,41.31843185424805,41.80038101878764,41.12048932676127,41.27540144097007,22554500
2019-01-10,41.791770935058594,41.86922698231361,40.80205514046775,41.094666509763414,27202600
2019-01-11,42.11019515991211,42.42001931411282,41.352847592200284,41.39587799517054,21751300
2019-01-14,41.61103820800781,42.02413931774262,41.568007799954934,41.70570707552997,19193900
2019-01-15,41.82618713378906,42.28231858180951,41.68848787927571,41.920855986831214,22480800
2019-01-16,41.42170333862305,42.07577407026188,41.37867293100372,41.82619310985628,19057700
2019-01-17,41.71432113647461,42.0327501415517,41.23237196102565,41.309828019883334,17448700
2019-01-18,42.33395004272461,42.49747015020679,41.903639499681226,42.265102063002296,29874600
2019-01-22,41.54218292236328,42.153223145320844,41.19793315232597,42.13601032851807,25940700
2019-01-23,41.258174896240234,41.998309577282754,40.89671560531752,41.66266786913766,18960700
2019-01-24,42.82451248168945,43.06548866709697,41.826191950742796,41.91225604660604,50578300
2019-01-25,40.483619689941406,40.819261413209844,39.37341761835414,40.320099570291234,86455700
2019-01-28,40.19961929321289,40.216832112813584,39.63160937842861,39.70046065683138,35928700
2019-01-29,40.053321838378906,40.42338931313181,39.87259212736289,40.25986914153715,20988300
2019-01-30,40.9139404296875,41.034426895357676,39.97586301167118,40.17380553141646,26931700
2019-01-31,40.55246353149414,40.604101977109146,39.67462965409184,40.191004261215504,43051300
2019-02-01,41.938072204589844,42.213470735947375,40.45780263628605,40.50083632425585,37442900
2019-02-04,42.35977554321289,42.37698836077931,41.51636718051417,41.843400865248256,20905000
2019-02-05,43.039669036865234,43.650712644565786,42.32535507717257,42.32535507717257,31641600
2019-02-06,43.217220306396484,43.85811509050195,43.14793259794195,43.26052347227067,21647800
2019-02-07,42.636940002441406,43.173906435635644,42.16059865184236,42.87078102265968,27825900
2019-02-08,42.29917907714844,42.455073121349585,41.58033395068537,42.23855398260575,18851200
2019-02-11,42.2385368347168,42.71487808580551,42.07398354545154,42.45505588555881,18004100
2019-02-12,43.31248092651367,43.42507178778437,42.671586216737644,42.74953322779899,18050100
2019-02-13,43.71087646484375,44.00534256962563,43.30381950428135,43.41641036006187,17712800
2019-02-14,44.00535202026367,44.20454923630487,43.60695428436132,43.65892006830162,17545400
2019-02-15,44.74150848388672,44.75016779455307,44.24784518041948,44.38641727781696,22520400
2019-02-19,44.51633071899414,44.78481230325036,44.46436494277384,44.4730242535675,15611800
2019-02-20,44.507667541503906,44.802133662055965,44.221864035455404,44.715527339936884,21607700
2019-02-21,44.524986267089844,44.897399372314936,44.351770331479706,44.44703926125624,16162100
2019-02-22,45.460350036621094,45.884725607050875,45.087936933857485,45.642225281090994,31934100
2019-02-25,45.9886589050293,46.43035975169448,45.78080240386175,45.95401835738105,20711800
2019-02-26,46.10124969482422,46.222499870943125,45.82410549117542,45.91071181588335,16082200
2019-02-27,46.10990905761719,46.23115922518475,45.477670377324706,45.69418947764372,17590300
2019-02-28,45.86740493774414,46.057942801249254,45.7374954612064,45.83276108913971,18388800
2019-03-01,46.16187286376953,46.490982830852516,45.80678166111821,46.28312303484764,18359300
2019-03-04,46.71615219116211,46.8547242603606,46.083916918955325,46.551598891432256,21706100
2019-03-05,46.490989685058594,46.759474606185485,45.997326313562596,46.6382211134115,21057700
2019-03-06,45.85873794555664,46.46499197930159,45.850075332947014,46.44767005790103,14740500
2019-03-07,45.55562210083008,45.89339470749711,45.347765593148424,45.70285682227257,17803000
2019-03-08,45.451690673828125,45.52097837409785,44.77615211529531,45.00999314797653,16793900
2019-03-11,46.20517349243164,46.46499904915499,45.52963497411698,45.79811984094882,18963000
2019-03-12,46.39570999145508,46.733479240700035,46.05794074221012,46.19651282661367,20782100
2019-03-13,47.08857727050781,47.261793227190715,46.465004451796766,46.768129898127164,25522300
2019-03-14,46.28312301635742,47.1578620567618,46.1878573847051,47.02794927133323,26647100
2019-03-15,47.053932189941406,47.3657169173557,46.490981210900905,46.490981210900905,46512500
2019-03-18,46.8547248840332,47.20981602256954,46.65552773839757,47.13186902611918,16274000
2019-03-19,46.91535949707031,47.33107909853875,46.76812808707397,47.17518507394295,18274800
2019-03-20,46.61223220825195,47.11455811281587,46.430356954731636,46.82009200071755,24325300
2019-03-21,47.32242202758789,47.62555080150991,46.629561450340155,46.69884585615501,19127200
2019-03-22,46.12722396850586,47.305088308122784,46.08392081268856,47.11455376176288,21438400
2019-03-25,45.71151351928711,46.37839277561494,45.36508492502318,45.87607015759545,16971400
2019-03-26,46.28312301635742,46.56892982277253,45.93669442824686,46.17919477030619,17724300
2019-03-27,46.04062271118164,46.64687687063502,45.85008484008559,46.413035838967886,19656000
2019-03-28,45.997314453125,46.28311792427656,45.702848368527604,46.118564610814694,13607900
2019-03-29,46.508304595947266,46.8027707120472,46.317766725582786,46.594910916756916,18736100
2019-04-01,47.20982360839844,47.26178938232163,46.85473241280488,47.062592204678346,17830400
2019-04-02,47.079917907714844,47.460990368943285,46.9673270404216,47.22714932325098,13704500
2019-04-03,48.04991912841797,48.49161995039687,47.538933911195315,47.6601840807364,24552800
2019-04-04,48.43098068237305,48.62151850817521,47.86803312113177,47.86803312113177,16520500
2019-04-05,48.15385055541992,48.45697930312409,47.521615126875176,48.283763347838786,19268400
2019-04-08,48.22312545776367,48.27509122170031,47.80740925772658,47.876693639156755,11758800
2019-04-09,47.911346435546875,48.00661536865876,47.547595931468024,47.93732767046128,13339700
2019-04-10,48.283756256103516,48.37902518270867,47.911343163275575,47.911343163275575,13084000
2019-04-11,48.327064514160156,48.56090554856167,48.17983310573296,48.292420663770436,10845800
2019-04-12,48.8640251159668,48.924653498782774,48.36170256087499,48.68214987897592,12910200
2019-04-15,48.74278259277344,48.985286250564734,48.4309945354843,48.89867662141801,11676900
2019-04-16,49.11519241333008,49.773412335003854,48.56090403959594,49.07188925359822,30301900
2019-04-17,50.71744918823242,51.60950706951445,50.33637335248461,50.61351761276291,38788400
2019-04-18,50.656803131103516,50.99457235209406,50.336352528373,50.84733766633323,20464200
2019-04-22,50.942604064941406,50.95126667746157,50.12849359043493,50.36233457119947,12327500
2019-04-23,50.9079704284668,51.081186371590945,50.665470090384574,51.00323936237604,17739900
2019-04-24,50.85600280761719,51.34966604804132,50.35367695381355,50.68278688203597,17723700
2019-04-25,49.89466857910156,50.561547892395154,49.56555857819128,50.49226018533206,27949900
2019-04-26,45.40838623046875,45.97999652627073,44.62025683316876,45.67687110570123,72364500
2019-04-29,44.26517105102539,45.40839178240729,44.16990210610695,45.1832100391783,42142300
2019-04-30,44.20454025268555,44.54230952010326,44.05730554668697,44.16989640376597,27130900
2019-05-01,43.962039947509766,44.689544310887925,43.94472132555606,44.256506078015676,20467600
2019-05-02,43.78015899658203,44.45570079872263,43.40774590037425,43.99667808489729,22655400
2019-05-03,44.819454193115234,44.88007927747671,43.93605585893754,44.239184584564214,25656600
2019-05-06,44.63209915161133,44.684379841189454,43.734575199913685,43.7868592135438,26245200
2019-05-07,43.98728561401367,44.33583913074172,43.50802702155212,44.09185033941101,29713400
2019-05-08,42.90677261352539,44.25741157674009,42.75863621613793,43.743297004723246,36812400
2019-05-09,40.62376403808594,42.078971418629926,40.127077344931955,41.73913350479334,59642200
2019-05-10,40.257789611816406,40.78061671007814,39.299268832931716,40.46691912149965,42522800
2019-05-13,39.00298309326172,39.769798733762734,38.95070239953472,39.49967295203392,39091900
2019-05-14,39.36025619506836,39.63910101748737,39.0988427058567,39.36897186167204,24706500
2019-05-15,39.75238037109375,39.86566077506924,39.0029925547303,39.142413311910495,23407900
2019-05-16,39.673946380615234,40.03992785712616,39.57809401000399,39.62166568686528,19954700
2019-05-17,39.116268157958984,39.848227874334725,39.00298776788642,39.36896928810061,22500400
2019-05-20,37.95732879638672,38.793853124779,37.86147642716532,38.34073494922013,28675000
2019-05-21,38.741573333740234,39.02041480695422,38.49758787569113,38.637008612298125,25543400
2019-05-22,38.340736389160156,38.74157056272882,38.21002800366709,38.47144477465322,16932500
2019-05-23,38.80257797241211,38.985570429022324,37.34737393152601,37.791776585457626,35783900
2019-05-24,38.83742141723633,39.2556835807893,38.76771271867026,38.854849422890894,27168100
2019-05-28,37.96604537963867,38.94199053848464,37.73077226272845,38.91585018906769,34779900
2019-05-29,38.54115676879883,38.80257023806711,37.756916360993976,37.77434104476627,28450300
2019-05-30,38.97685623168945,39.23826976292556,38.541165904944805,38.60216228476479,21618900
2019-05-31,38.37559127807617,39.18597526667706,38.27973890806175,38.4975839948028,25532500
2019-06-03,37.87018966674805,38.85485040477464,37.64363223561786,38.558580949264524,31155700
2019-06-04,39.029136657714844,39.09013303189321,38.140328074476145,38.48016596605648,28094900
2019-06-05,38.81999206542969,39.36896259032928,38.506294622629916,39.307966234679554,20802000
2019-06-06,39.299259185791016,39.36025555481311,38.78514455828138,38.99427734068056,19076200
2019-06-07,40.10963821411133,40.18806258202895,39.299254186980065,39.42996257486023,24370300
2019-06-10,40.780609130859375,41.12044701397481,40.25778212976686,40.28392248260558,20806100
2019-06-11,40.82416915893555,41.23371899807779,40.53661536425762,41.18143497902165,18415500
2019-06-12,40.362342834472656,40.667324667311405,40.30134646790491,40.667324667311405,15900600
2019-06-13,40.69346618652344,40.92002363262653,40.54532978695209,40.606326150289554,12267600
2019-06-14,40.24905776977539,40.44947485437645,39.69137486931118,39.93536363130349,15381100
2019-06-17,40.19677734375,40.54532749684097,39.909220226498945,40.20548968485504,12643300
2019-06-18,41.27729415893555,41.82626481537211,40.606330761969275,40.73703916913846,25732300
2019-06-19,41.015872955322266,41.46027879688151,40.95487659652821,41.3731387671384,17436400
2019-06-20,41.120452880859375,41.869840793650205,40.84161133061909,41.71299200613336,20126800
2019-06-21,41.355712890625,41.590985996967405,40.780601960916584,40.9113103502354,31096300
2019-06-24,41.50384521484375,41.6955466232371,41.10300774481672,41.30342814185629,14479900
2019-06-25,40.82416915893555,41.54741646430995,40.7806008050816,41.44285175025001,16665600
2019-06-26,41.99182891845703,42.24453008421865,41.44286154683393,41.521285931930535,21886300
2019-06-27,41.355712890625,42.19223727491862,41.16401146342381,41.95696749262863,23062900
2019-06-28,41.71297836303711,42.00053548745096,41.54741728549884,41.62584165360695,26646200
2019-07-01,41.86983108520508,43.08976507767781,41.60841760797598,42.95034433488545,27423300
2019-07-02,41.93082809448242,42.01796813759491,41.556134219230614,41.74783899002533,15381600
2019-07-03,42.279380798339844,42.31423681490841,41.82626255510653,41.9831113056124,10739100
2019-07-05,41.89596939086914,41.98310609742819,41.33828316711349,41.852397713537336,14339200
2019-07-08,41.66941452026367,41.782694914030735,41.0158791566158,41.495137758480354,16564300
2019-07-09,41.60841751098633,41.6519858697475,41.06816254943184,41.2685796589754,17853200
2019-07-10,42.00925064086914,42.35780415002673,41.73912482912199,41.75654951293252,16032300
2019-07-11,42.349090576171875,42.50593933063607,42.09639275980425,42.31423788277644,16615100
2019-07-12,43.49930953979492,43.50802520557832,42.53208005314835,42.69764113845487,20148700
2019-07-15,43.673583984375,43.786864365208714,43.3686021791139,43.56901926886439,14345100
2019-07-16,42.84577178955078,43.56901910219231,42.66278270709414,43.49059473484627,17131400
2019-07-17,43.0374755859375,43.307604695058636,42.90677052595163,43.13332795769185,11928600
2019-07-18,43.51674270629883,43.56031439227622,42.60179380967357,42.94163168635842,15671600
2019-07-19,43.804290771484375,44.14412857751772,43.490593312360595,43.53416166522729,29141100
2019-07-22,44.745391845703125,44.89352827410959,43.473176985521185,43.57774172530313,21688000
2019-07-23,45.09394073486328,45.31178585918629,44.7018188462713,45.31178585918629,18413500
2019-07-24,46.11345291137695,46.15702459415173,45.137507714981076,45.29435646562271,20896400
2019-07-25,45.45119857788086,45.83460473231046,45.2072131454304,45.75618036844393,27765400
2019-07-26,44.95451736450195,46.61885388422915,44.90223334105696,45.91303452595852,36401500
2019-07-29,45.75618362426758,45.799755303778866,44.24869592183504,44.902231225875,21897500
2019-07-30,45.05036163330078,45.581904141759914,44.92836892461547,45.05907397361315,16487700
2019-07-31,44.04827880859375,45.067795610966165,43.61258860608728,44.88480319963359,24169800
2019-08-01,43.133331298828125,45.21592999534738,43.10719094961656,44.02213973659937,34020800
2019-08-02,42.41879653930664,43.01133545490009,42.26194780729353,42.77606235688043,27881600
2019-08-05,40.928733825683594,41.79139846271066,40.58018037545824,41.617121737597984,38936600
2019-08-06,41.196311950683594,41.72267229870707,41.0296330143824,41.36299423348098,26119600
2019-08-07,40.99453353881836,41.12612443639495,40.32781457911927,40.61730986869403,29440400
2019-08-08,41.38053512573242,41.55598856896444,40.27518412241407,40.49450008983007,30643700
2019-08-09,40.33659362792969,41.231403205457454,40.161140179032756,41.178766166839516,24975500
2019-08-12,40.00321960449219,40.41553457544195,39.86285755960431,40.14358164938007,18494300
2019-08-13,41.091026306152344,41.275250855175045,39.79267660664308,39.90672180929784,28959500
2019-08-14,40.24008560180664,40.906807898113726,40.04708986045079,40.40676784913116,25650200
2019-08-15,40.0909423828125,40.512028458749256,39.86285200012093,40.4418457728458,21896000
2019-08-16,40.79276657104492,40.95067432226541,40.406771705003635,40.65240449734847,22701800
2019-08-19,41.433162689208984,41.75774930975099,41.26648379682154,41.63493293151863,21403600
2019-08-20,40.880496978759766,41.336674614781934,40.75768056646461,41.257720728807016,23113300
2019-08-21,41.36299133300781,41.48580773498558,41.134900860909696,41.327899976301026,15915000
2019-08-22,41.03839111328125,41.60861380544288,40.95943725354341,41.47702292371477,19783000
2019-08-23,39.4417724609375,40.90680448027517,39.3014104123628,40.66116838539804,32814000
2019-08-26,39.968135833740234,40.196222925890225,39.69618287889232,40.196222925890225,22080500
2019-08-27,40.169898986816406,40.45939421979056,39.915491752706316,40.24007833103943,16925500
2019-08-28,40.169898986816406,40.275169676398384,39.80144655353716,40.0909451330062,14888800
2019-08-29,41.11734390258789,41.42438816979497,40.70503228713102,40.75766596125591,17803800
2019-08-30,41.5910758972168,41.924437072409184,41.371759951049974,41.44194266014132,16922600
2019-09-03,41.21384811401367,41.42439287390764,40.792761940721164,41.33666449624539,15003800
2019-09-04,42.91573715209961,42.94205733782994,41.70511569635515,41.72266137134359,23450700
2019-09-05,43.95090866088867,44.8895805228986,43.74913841775989,43.80177544285687,30014200
2019-09-06,44.67026901245117,44.7316805543716,43.924596155724345,44.082503900101074,17067900
2019-09-09,45.258033752441406,45.64402857003638,44.757993718501965,44.793085069145704,20749700
2019-09-10,45.459800720214844,45.47734639427127,44.5913116066401,45.02994341856537,18532000
2019-09-11,46.310752868652344,46.310752868652344,45.073811149654695,45.26680689363251,18968900
2019-09-12,46.50375747680664,46.78448500123045,45.67913062245624,46.49498631033848,23308700
2019-09-13,46.09143829345703,46.49497881586978,45.81948532583333,46.28443404311343,18010800
2019-09-16,45.793148040771484,45.872101876995856,45.354516360968105,45.52996970218828,13354600
2019-09-17,45.573848724365234,45.74052761838461,45.047488509864756,45.661573753534306,19641100
2019-09-18,45.38962936401367,45.73176170212879,44.88081476625579,45.73176170212879,14906800
2019-09-19,45.24048614501953,45.608938618052406,45.17907795726326,45.354531356493425,11428400
2019-09-20,44.49481201171875,45.51243768013369,44.35444996595446,45.26680159017481,37067900
2019-09-23,44.65272521972656,44.9422205106053,44.205318843147296,44.59131702631302,18916600
2019-09-24,43.705284118652344,44.89836347314962,43.547376360175,44.82818075982816,28197400
2019-09-25,44.75799560546875,44.9246745083105,43.35437163900179,43.64387027427463,19486700
2019-09-26,44.67026901245117,44.87204262198473,44.16145777228944,44.72290604274197,11351800
2019-09-27,44.547447204589844,44.933445353459966,44.161452402214984,44.41585966460752,14845700
2019-09-30,45.20539855957031,45.26680675243929,44.68781282932072,44.90712875999435,13652100
2019-10-01,44.529911041259766,45.82826446923971,44.24041571426811,45.591402830885094,18413100
2019-10-02,43.32804489135742,44.1877627428305,42.96836698057282,44.135129073175776,20078700
2019-10-03,43.88950729370117,43.92459864922042,42.57361158019188,43.42455854580656,16320100
2019-10-04,44.67026901245117,44.714134877608004,43.889504802197145,44.17022893742341,12644900
2019-10-07,44.40708541870117,44.94221678537291,44.35445174099266,44.47726811763956,12081400
2019-10-08,43.6263313293457,44.28427922394039,43.521060603229444,44.003555056633004,17409100
2019-10-09,44.28428268432617,44.55623570674771,43.99478732826121,44.275511517504455,11834900
2019-10-10,44.83695602416992,45.424721198862386,44.21409949222823,44.22287065829253,13907900
2019-10-11,45.6966667175293,46.31075198288461,45.459805114613864,45.61771284989082,24072500
2019-10-14,45.301902770996094,45.573855757783306,45.12644933908486,45.52999323642947,15016800
2019-10-15,46.18793487548828,46.55638402103171,45.46857891338361,45.55630394427621,18878100
2019-10-16,46.012489318847656,46.108988877193596,45.72299064380983,45.92476092648953,14769300
2019-10-17,45.494895935058594,46.35461395792239,45.07380976140053,46.179160548941006,16533900
2019-10-18,45.0562629699707,45.45980345808683,44.76676435034695,45.39839526843852,16974100
2019-10-21,45.73176193237305,45.76684994034674,45.038722740832526,45.19663048944925,12189000
2019-10-22,45.62648391723633,45.89843687107689,45.5212132094413,45.52998772054657,13114300
2019-10-23,45.37207794189453,45.58261934800108,44.91590043333659,45.06503365045412,15887500
2019-10-24,45.81948471069336,45.99493812788553,45.117674388420234,45.69666832260751,23413000
2019-10-25,49.530303955078125,49.661894838729964,47.3020535223422,47.5389151050184,59767700
2019-10-28,49.793495178222656,49.83736104838169,49.1794131539488,49.46013732118715,32307500
2019-10-29,49.425045013427734,50.21458381016619,49.337319967788346,49.45136185782036,18155800
2019-10-30,49.65312576293945,49.6794459504477,48.79340770940395,49.40749298949947,15248000
2019-10-31,49.59172439575195,49.65313259756463,48.793414425691154,49.416274302856316,19249700
2019-11-01,49.57416534423828,49.696985061228304,48.79340126338199,49.074125352083236,17953500
2019-11-04,50.53915786743164,50.70583675109955,49.87243563976974,49.94261833594263,19068000
2019-11-05,50.48653793334961,51.18834840014278,50.18826806665048,50.416358559918436,20865400
2019-11-06,50.80848693847656,50.905517576017,50.26159095814612,50.711459665849354,17721000
2019-11-07,51.20542907714844,51.64647498369565,51.03783284402926,51.16132515947636,16962800
2019-11-08,51.399497985839844,51.42595966739011,50.55269052709396,51.02901761956744,11888900
2019-11-11,51.470062255859375,51.602377390004335,51.07312358325179,51.13486974854247,11228900
2019-11-12,51.33774948120117,51.86700327758851,51.187792107779494,51.51416853496814,11952500
2019-11-13,51.06430435180664,51.134873325597454,50.587973873460264,51.04666210835894,15332700
2019-11-14,50.99372482299805,51.19660551989479,50.78202132432891,50.81730580159259,12119000
2019-11-15,51.12604904174805,51.77879857076598,50.82613764164474,51.31128754521703,16112100
2019-11-18,51.38184356689453,51.5847242621674,50.78202091786479,50.89669378559743,16097500
2019-11-19,51.470062255859375,51.73469252414929,50.94080844910684,51.58473514779076,17061900
2019-11-20,51.073123931884766,51.47888541082575,50.60561292231796,51.390674199155754,18542300
2019-11-21,51.35538864135742,51.4259542396816,50.640893030687444,50.71146199392499,16139000
2019-11-22,50.81730270385742,51.73467886731376,50.71145264343176,51.46122923255867,15690200
2019-11-25,51.87582015991211,51.90228183723709,51.161324587918976,51.161324587918976,15011700
2019-11-26,51.955223083496094,52.15810385117723,51.55828098807034,51.999327013006926,22338700
2019-11-27,51.6111946105957,51.68176357641719,51.081940826588536,51.62883685205107,18184200
2019-11-29,51.20542907714844,51.425952030422046,50.97608668630571,51.29364027740582,9481100
2019-12-02,50.86141586303711,51.769969390454264,50.693819623147675,51.64647707001854,19154500
2019-12-03,49.45888900756836,50.15574236604182,49.17661988905742,50.15574236604182,25737400
2019-12-04,49.4147834777832,49.979321696400945,49.27364892312877,49.979321696400945,18881400
2019-12-05,49.46772384643555,49.758812473576086,49.185451294330655,49.758812473576086,17673700
2019-12-06,50.11164093017578,50.27041773781957,49.76762227033856,49.97932580216812,16476800
2019-12-09,49.86465835571289,50.24395817480815,49.83819667318983,49.873481159829815,14298600
2019-12-10,49.91757583618164,50.129279351880065,49.78526071825598,50.02342591157424,16157900
2019-12-11,50.340980529785156,50.42918836692651,49.90875741691391,50.199845971411015,20051100
2019-12-12,50.7643928527832,51.20543884345015,49.93522760169833,50.05871994069886,27883300
2019-12-13,50.97608947753906,51.46123932832308,50.614431948964054,50.7643859502426,22795200
2019-12-16,50.89670181274414,51.66412080109857,50.8525978920182,51.34656718801027,19131200
2019-12-17,50.54385757446289,51.24953031505718,50.39390358923607,51.16132248432529,21653100
2019-12-18,50.42919921875,50.68500671238558,50.22631845773648,50.62326054011685,28261000
2019-12-19,51.12604904174805,51.1525140886106,50.252779888300694,50.42919558784423,18865100
2019-12-20,51.99932098388672,52.08752883268103,51.06430230806386,51.443602114724115,49953000
2019-12-23,52.24630355834961,52.73145343710041,52.07870730639238,52.09634954842687,23593000
2019-12-24,52.40507507324219,52.46682123166315,52.18455211747784,52.26394051614954,6313200
2019-12-26,52.76674270629883,52.79320438929343,52.352158393175976,52.40508512407908,11480300
2019-12-27,52.9960823059082,53.34891704255763,52.83730549669623,52.84612493502422,14085800
2019-12-30,52.59031295776367,52.96961270661077,52.37861280695933,52.9166893513663,12750500
2019-12-31,52.79318618774414,52.86375513795149,52.36096314491871,52.59030550326712,14432900
2020-01-02,53.666473388671875,53.78114628224531,53.11957733187456,53.137219574340754,18056000
2020-01-03,53.01372146606445,53.542978621239165,52.75791737422256,52.75791737422256,15293900
2020-01-06,52.86376190185547,53.10192709190934,52.33450816723343,52.563850554926134,17755200
2020-01-07,51.9816780090332,52.749097050459284,51.94639352404693,52.73145480796615,21876100
2020-01-08,52.01695251464844,52.325683286764566,51.62001054698982,51.94638355821444,23133500
2020-01-09,52.30804443359375,52.49328290885404,51.893463564903556,52.08752147783247,18813300
2020-01-10,51.99049758911133,52.996085224470654,51.928751422674395,52.54621645195738,15200600
2020-01-13,52.5638542175293,52.73145046002449,52.11398884824566,52.19337388554858,16453300
2020-01-14,52.42272186279297,52.69617156303979,52.2110183263255,52.47564858813823,17051200
2020-01-15,51.99049758911133,52.6167854221217,51.82290133234162,52.308051225023355,18498800
2020-01-16,52.6255989074707,52.784375707464505,52.10516458858286,52.27276082639262,21365500
2020-01-17,52.57265853881836,52.92549652830537,52.25510838617498,52.90785429233978,21803400
2020-01-21,53.41065216064453,54.0281170282355,52.74026394420276,52.75790618212397,28358500
2020-01-22,55.333621978759766,55.4394720597931,53.78114178558841,53.84288794660064,29475100
2020-01-23,55.85405349731445,56.198068767029056,55.4041881518984,55.4482920696979,42778700
2020-01-24,60.39683532714844,61.120150438199374,58.6238286692718,58.72085931964194,84711000
2020-01-27,57.944618225097656,59.470633421287,57.865226455737705,58.853171792163046,30764000
2020-01-28,59.37360763549805,59.61177623324683,58.165145958172474,58.659115301906866,30915400
2020-01-29,58.509151458740234,60.03516652358781,58.368013538615415,59.65586677553541,18055800
2020-01-30,58.632633209228516,58.65909488202732,57.274211257013064,57.90049552261057,18522400
2020-01-31,56.392147064208984,58.20043852400809,56.16280123856646,58.04166168007535,25268400
2020-02-03,56.82435607910156,57.37125545574237,56.71850936285463,56.85964056112615,16646600
2020-02-04,57.741737365722656,58.27099118174895,57.26540691235078,58.0151837125403,20970800
2020-02-05,59.40005874633789,59.629404499325005,58.33272847295846,58.82670445860966,23401400
2020-02-06,59.470977783203125,59.74577749484234,59.187318582423366,59.65713526265532,17408000
2020-02-07,58.52249526977539,59.65713890514116,58.51363578009392,59.26710494414139,18134600
2020-02-10,58.85048294067383,58.85934919391999,58.00837148246923,58.114739469544524,22299300
2020-02-11,59.7546501159668,60.02057684087195,59.01004040769938,59.240515646326145,17975600
2020-02-12,59.798954010009766,60.35740608968441,59.66598729685828,59.923054472159684,15586600
2020-02-13,59.78125762939453,59.96740841403758,59.16074825094642,59.382357294041185,11602700
2020-02-14,59.63054275512695,60.15354347688361,59.23164928700013,59.85215174030174,13405500
2020-02-18,58.62887191772461,59.11641438481621,58.398396682102266,59.089822388969296,12758400
2020-02-19,59.48870849609375,59.5684844737692,58.66432291193765,58.85047362281566,13551200
2020-02-20,58.0172233581543,59.648268829925556,57.228295997031765,59.42665986864464,26452600
2020-02-21,57.03327560424805,57.83993542109659,56.76734892446081,57.77788518618273,20775900
2020-02-24,54.74627685546875,55.64157896164464,54.35624629704113,54.61331350625872,26903100
2020-02-25,52.946807861328125,55.20721838679124,52.7074697988931,54.950154584754294,34495700
2020-02-26,52.87590408325195,53.91303248855288,52.53905748618226,53.28366379568729,26190100
2020-02-27,49.489715576171875,51.86536056469032,49.46312020102196,51.35122952541268,42226900
2020-02-28,49.21492385864258,49.97725930907249,47.51296509325502,48.1334709283597,60721700
2020-03-02,51.572837829589844,51.60829607501277,48.32848276604894,49.45425669709383,43140300
2020-03-03,49.61381912231445,52.317447980102386,49.10855092252884,51.439874938562575,49740300
2020-03-04,52.016056060791016,52.0426480542734,49.78223730819138,50.53570642972391,29223100
2020-03-05,50.49138259887695,51.99832414240934,50.18113141998098,50.58002820819311,29099200
2020-03-06,49.436527252197266,49.64926996037955,48.346211573681046,48.91352997081297,36259200
2020-03-09,45.07526397705078,46.724035285308354,44.32179481774299,46.023750115631714,56197000
2020-03-10,47.84980010986328,47.86752923017105,44.70295395713957,46.768347441477154,36569000
2020-03-11,45.79327392578125,47.45977419963433,45.21708929522246,46.44037166294854,38563500
2020-03-12,40.36829376220703,44.4015766371938,40.217597893127646,42.540062504579836,50661700
2020-03-13,48.248714447021484,48.753982724740894,42.31845849292857,42.779402262982806,48805100
2020-03-16,39.54390335083008,46.3162726252334,38.67519663368516,42.11456525711987,53878900
2020-03-17,44.392704010009766,45.76667874704545,40.06689660057324,40.563298456724226,52085200
2020-03-18,42.20322036743164,44.366123085749194,40.066909648214896,41.405426579556035,49309900
2020-03-19,40.72285842895508,43.639232950487155,40.03143960410563,42.40708775995426,44538000
2020-03-20,40.6253547668457,43.807656076283095,40.306237334432616,41.22812800625633,52344000
2020-03-23,43.94948959350586,44.756146054718,40.69626837463899,40.7937768559093,46698500
2020-03-24,46.449241638183594,48.434856123172885,45.51848125551754,47.10520229820371,50019800
2020-03-25,45.438690185546875,47.68137469201198,44.24200340394039,46.52014276667642,41106100
2020-03-26,49.2326545715332,49.596093183871766,45.79328206208312,45.86419856277595,41459800
2020-03-27,46.422645568847656,48.434855399688914,46.156715484123,47.35340255612621,31633500
2020-03-30,49.188331604003906,49.72905468481914,46.83041214818453,46.97224176276446,31628600
2020-03-31,47.973899841308594,49.463112109684815,47.17610972848954,48.80715157568808,48074700
2020-04-01,45.98829650878906,48.479179281592316,45.58939966821132,46.53788583276023,29586600
2020-04-02,48.17778778076172,48.36394188183995,45.40324596543232,45.46529620529691,27810000
2020-04-03,47.982784271240234,48.86922032009345,46.741772450251666,47.734579878151415,23906100
2020-04-06,51.79444885253906,52.09583718765959,49.74678074791271,50.19886494133577,32323400
2020-04-07,51.76784896850586,54.50693556152496,51.599424012455,53.13295744872364,41410000
2020-04-08,52.281986236572266,52.75179615687849,51.33350014379304,52.29085248873904,26719500
2020-04-09,50.65095138549805,52.93795783833537,49.69360228491573,52.618840344312964,40499700
2020-04-13,52.033782958984375,52.095833195446694,50.145673728316574,50.145673728316574,23251900
2020-04-14,53.77119827270508,53.98394436355708,52.7517956974084,53.22160899510696,25674000
2020-04-15,52.184471130371094,53.03545201173259,51.75898238043235,52.95567265977632,22841600
2020-04-16,53.88643264770508,54.03712510934584,52.13129018400507,52.8404381418408,24433500
2020-04-17,53.50526428222656,55.07425602037551,53.03545440037123,54.976747543428,27385600
2020-04-20,52.45927047729492,53.22160579997869,52.20220328588125,52.547912703962446,26420300
2020-04-21,49.95951843261719,51.94513258009935,49.57835079706335,51.51078096473686,25248000
2020-04-22,53.27479934692383,53.62937508021338,51.24486358736982,51.65262331361344,23350400
2020-04-23,52.33517074584961,53.274790535127046,52.131290916450084,52.893622868406645,35092000
2020-04-24,52.530189514160156,52.65429337958665,49.72905222845494,49.81769784661672,50187000
2020-04-27,52.716339111328125,53.03545654643877,51.75898680599617,52.9379480655456,25902200
2020-04-28,52.07810592651367,53.38116770155847,51.64375087433727,53.17728786285833,28784700
2020-04-29,54.781734466552734,54.98561430483375,52.58337397986699,52.689745334299616,30451500
2020-04-30,53.168426513671875,54.55126777759426,52.96454665617105,54.400571911581224,26279900
2020-05-01,50.9434700012207,52.583374991073754,50.801640398754955,52.149023312921834,21194800
2020-05-04,51.404415130615234,51.475328238451716,49.915202669721594,50.63321352593095,18957200
2020-05-05,52.07810592651367,52.56564496527351,51.72353023569684,52.113564171892236,17252100
2020-05-06,52.7556037902832,53.44201539654614,52.54165594653691,52.63080229834187,17848700
2020-05-07,52.74667739868164,53.575719609190415,52.52381666253595,53.42417594089213,14733500
2020-05-08,53.192405700683594,53.29046498127175,52.63971195624221,53.192405700683594,20384500
2020-05-11,53.60247039794922,54.2353941337214,53.22806255668245,53.25480816000634,18684400
2020-05-12,52.05136489868164,54.057111982878325,51.93547633720849,53.6827074927761,16754900
2020-05-13,51.471927642822266,52.800175997558746,50.72311528021217,52.10485144677282,21065000
2020-05-14,52.66645812988281,52.728858872643556,50.00995479270186,51.09751642467854,21569400
2020-05-15,51.953304290771484,52.03353430812823,50.7765996365962,51.1688367883784,21373300
2020-05-18,53.41527557373047,53.736195673801596,52.91606955191847,53.25481892428088,20428700
2020-05-19,53.74510955810547,55.064445042191544,53.35287238676513,53.60247878686875,21865000
2020-05-20,56.250057220458984,56.597722879589,54.39585737469305,54.52065886231564,30584000
2020-05-21,55.25164794921875,56.874074266559845,55.109017176285,56.25006335975499,20987700
2020-05-22,55.50124740600586,55.55473521765864,54.75243504579513,55.251644419464164,14103000
2020-05-26,55.57255935668945,57.17715615166381,55.37644079932431,56.76709316861426,20933600
2020-05-27,56.66012954711914,56.68687175423826,54.44043454041389,55.55473851152206,19886300
2020-05-28,55.002037048339844,56.5620623910366,54.81483482335672,56.16091233708321,17253500
2020-05-29,56.0985107421875,56.749263752887366,54.93071913634824,55.18032549978137,33393900
2020-06-01,55.144676208496094,55.857830079486604,54.96638689060199,55.70628636965745,14317700
2020-06-02,55.37644577026367,55.4210172462335,54.226486727665424,55.00204129141439,20702400
2020-06-03,55.20708084106445,55.750861768608914,54.850502180206604,55.67063173994521,16737300
2020-06-04,56.13417053222656,56.57989206187591,54.68111739340576,55.037695977359405,22010100
2020-06-05,57.355445861816406,58.04186085833844,56.303546131027694,56.481835431369795,26813100
2020-06-08,56.7581901550293,57.186085907995995,56.10743698991388,57.02562585078002,21546200
2020-06-09,56.196571350097656,56.793836568352056,56.07176986572124,56.1519998771897,23594100
2020-06-10,56.93647003173828,57.310877903271816,55.93805470862479,55.973713248882376,21367800
2020-06-11,53.21915054321289,56.42834414959759,53.05869052283512,56.223312657022745,26998200
2020-06-12,52.889320373535156,54.342370167625695,51.81067164587563,53.584644898329046,30419800
2020-06-15,53.57573699951172,53.80751414466411,52.22074627643987,52.88932870189427,29651700
2020-06-16,53.843162536621094,54.95746636891387,53.03194948273537,54.81483561440381,23226600
2020-06-17,53.923397064208984,54.627634560747175,53.54007624175348,54.14625784933029,20454800
2020-06-18,53.55790328979492,53.94122069575572,52.8804046268167,53.79858993522118,24899700
2020-06-19,53.1478385925293,54.279971778555975,52.68428775568947,54.06602733114416,60336100
2020-06-22,53.56681823730469,53.97688126417609,52.44360138096439,53.24589816389726,22846000
2020-06-23,53.41527557373047,53.905572060275794,53.361791157442596,53.65596564878381,22809600
2020-06-24,52.67537307739258,53.317213199558395,52.300965205934,53.16566610378677,27764500
2020-06-25,52.15833282470703,52.675371440514965,51.24014754559659,52.57731215816619,21906900
2020-06-26,51.25798034667969,52.35445499646011,50.87465952595331,52.140510548036744,38477500
2020-06-29,51.94438934326172,52.015703022268305,50.598308370937616,51.231235550268245,22150300
2020-06-30,53.335044860839844,53.46875929189546,52.18508239059864,52.33662609257882,31542100
2020-07-01,52.4257698059082,53.513328072827676,52.3811949305497,53.40635585325547,14748100
2020-07-02,52.71103286743164,53.31721446371969,52.56840210363361,52.76451727848987,15578600
2020-07-06,53.07652282714844,53.14783650662495,52.238564139346956,52.345539759440044,20536700
2020-07-07,51.980045318603516,53.10326206208074,51.828498232239674,52.65754053837646,15996500
2020-07-08,52.24748229980469,52.3277123173844,51.641300700443665,52.10485153528361,13277900
2020-07-09,52.07810974121094,52.372287627399274,51.4362729541757,51.88199455100463,20683700
2020-07-10,53.0676155090332,53.210246292807426,51.55216470665185,51.65913694433599,17742300
2020-07-13,52.22073745727539,54.0392787629463,52.05136109505655,53.34395424608935,19082900
2020-07-14,52.577308654785156,52.817998677080055,51.124255587116814,51.58780636332344,24190900
2020-07-15,52.62187957763672,52.89822813382106,52.07809879965942,52.62187957763672,19986300
2020-07-16,52.71993637084961,52.91605491120604,52.060270481517136,52.18507195244031,12425900
2020-07-17,53.4865837097168,53.89664670201746,52.84474361701287,52.96954510157521,16322800
2020-07-20,54.511741638183594,54.71677312322749,52.89822855946615,53.55789788574299,16868700
2020-07-21,54.1106071472168,55.207081960802675,53.878829992782336,54.84159035627405,19803700
2020-07-22,54.42259979248047,55.06443990344048,54.0392789929444,54.654376899476254,18959900
2020-07-23,53.843162536621094,55.03769638086237,53.4687546806663,54.60980071674677,43518600
2020-07-24,45.09809875488281,46.51549317444024,44.126425808134826,46.488750974258856,182269900
2020-07-27,44.1888313293457,45.58839663353827,44.09968838536077,45.490337354803636,107526500
2020-07-28,43.8946647644043,44.777191630089675,43.80551840384935,44.10860922856429,62362600
2020-07-29,42.8516731262207,44.12643713780414,42.700129418836724,44.11752420231689,60500800
2020-07-30,42.78036880493164,43.23500342718622,42.42379009684392,42.63773800181387,39735200
2020-07-31,42.54857635498047,43.074527890337635,41.87108113345218,42.905154935101905,46536000
2020-08-03,43.05669403076172,43.350871838085794,42.55748815251724,43.029951830308626,31767100
2020-08-04,43.79660415649414,43.80551709198975,43.2349940038675,43.32413696116691,29045800
2020-08-05,43.609405517578125,44.32256289299179,43.377631750979155,44.32256289299179,29438600
2020-08-06,43.59144973754883,43.815824094206455,43.16962485145458,43.78890026698545,23795500
2020-08-07,43.10679626464844,43.66324708204788,42.81062392193771,43.55554493589793,36765200
2020-08-10,44.17482376098633,44.327396677821014,43.13372689891134,43.25937598893542,37442600
2020-08-11,43.25039291381836,44.632539553832615,43.13372073186631,44.54279119484175,35348100
2020-08-12,44.147891998291016,44.210716536881975,43.2952722820764,43.6811929804149,30659800
2020-08-13,43.58247375488281,44.27354714435332,43.42989742084556,44.21071917832802,24774500
2020-08-14,43.878639221191406,44.16583806216861,43.66324180229862,43.7350398007028,22321200
2020-08-17,43.914546966552734,44.255596928723314,43.735046806269224,44.07609676843981,20018300
2020-08-18,43.66324996948242,44.48894593581774,43.636322719323914,44.21072050871908,19251400
2020-08-19,43.37605285644531,43.95942413740121,43.30425141798125,43.7889008565706,27775000
2020-08-20,44.12994384765625,45.05436846283977,43.97737093878641,44.704345037850594,55081300
2020-08-21,44.228668212890625,44.2555954614329,43.663247348713135,43.99532040883525,34621500
2020-08-24,44.1030158996582,44.33636711029198,43.81581704324773,44.21071461489202,36295300
2020-08-25,44.36330032348633,44.76717487070114,44.165849784029945,44.29149888234541,38384300
2020-08-26,44.47099304199219,44.57869176544449,44.18379416366559,44.327393602828884,28616600
2020-08-27,44.33637619018555,44.81204875159094,44.129948760164694,44.68639965413904,24420600
2020-08-28,45.26079177856445,45.59286484049162,44.39021825071358,44.48894350731696,35384700
2020-08-31,45.72749328613281,46.221116172167356,45.16206896461934,45.7723674714667,46114100
2020-09-01,45.583892822265625,45.77236645067324,45.07231958877021,45.69159154940129,30472800
2020-09-02,46.89424133300781,47.28016550686772,45.853144437490194,45.96084317187311,53000700
2020-09-03,45.224891662597656,47.226310375176524,45.00051732140701,47.118611650035625,47394300
2020-09-04,44.9466667175293,45.97878656498406,44.41714317016363,45.350537766192176,43318400
2020-09-08,43.896602630615234,44.78512666289651,43.84275154803777,44.21072538644731,39752700
2020-09-09,44.53382110595703,44.84794725775943,44.01327438168707,44.45304620105709,33437300
2020-09-10,43.941471099853516,44.95564410242484,43.717096753848935,44.87486920091596,32649100
2020-09-11,44.228668212890625,44.91974158167712,43.932495868371085,44.210717855089335,29333600
2020-09-14,44.34534454345703,44.623569958352576,43.842744787940134,43.842744787940134,27212500
2020-09-15,44.874874114990234,45.41337123489764,44.63254938392754,44.68640046539076,27598300
2020-09-16,45.20693588256836,45.79928393532119,45.02743574640804,45.332584950776486,26531400
2020-09-17,45.16206359863281,45.314639919056546,44.246615947131815,44.309440483870866,26959900
2020-09-18,44.77614212036133,45.32361605014205,44.01327074443517,45.17104314442909,50123500
2020-09-21,44.62356948852539,44.65049331353865,43.8247973921123,44.32739371865679,27377100
2020-09-22,44.829986572265625,45.063334341737395,44.39918831992377,44.77613550684283,22290900
2020-09-23,43.81582260131836,45.00949578143308,43.672223154897424,44.72229688859122,30078800
2020-09-24,44.120975494384766,44.551773869202904,43.456825860072755,43.55555112957546,29343400
2020-09-25,44.821014404296875,45.12616362647677,43.75299383850753,43.94146745182085,26633400
2020-09-28,46.158287048339844,46.185210872132735,45.01846505080664,45.332587740658866,29652200
2020-09-29,45.94289016723633,46.43651647074183,45.727492710871054,46.0505923190998,19558200
2020-09-30,46.472408294677734,47.01090871957262,45.9069874705067,45.98776236305691,27711300
2020-10-01,46.88526916503906,47.31606753819689,46.66089479837262,47.02886862275834,22127600
2020-10-02,45.781333923339844,46.651907364866716,45.76338699090126,46.22110908905311,25811800
2020-10-05,46.39163589477539,46.499338039749524,46.014688658407785,46.04161248281101,20883200
2020-10-06,46.104434967041016,47.29810800969016,45.97878589385278,46.409584183504066,25642800
2020-10-07,47.271183013916016,47.47761041390468,46.48138782378459,46.53523547275499,21978700
2020-10-08,47.899436950683594,48.08791401325743,47.27118806402646,47.48658895396185,22369500
2020-10-09,47.40581130981445,48.33023251509272,47.27118533342134,48.06098398598729,24343900
2020-10-12,48.35715866088867,48.644357541870285,47.75583365005293,48.06098288905598,27303500
2020-10-13,48.312278747558594,48.72512666204341,48.1238017225283,48.707176306150984,20005800
2020-10-14,48.06098175048828,48.82385654176372,48.02508103529589,48.47382970415886,21874200
2020-10-15,48.330230712890625,48.446906326501846,47.2263093881463,47.342985001757526,18272900
2020-10-16,48.608455657958984,49.09310504185152,48.37510785664812,48.37510785664812,23414400
2020-10-19,48.98540115356445,50.46626954992109,48.32125168749789,48.88667590907129,43537200
2020-10-20,47.953285217285156,49.09310729906277,47.80968577364204,49.00335550698532,27224900
2020-10-21,48.0161018371582,48.5276749847064,47.405803446455046,47.69300228635297,21866000
2020-10-22,48.37510681152344,48.662305679399985,47.63018239418826,47.675056575353864,41522700
2020-10-23,43.259368896484375,43.68119028330956,42.774719551266976,43.39399143214674,97322500
2020-10-26,41.93107604980469,42.95422245081328,41.50925121217882,42.94524556031709,54161300
2020-10-27,40.9617805480957,41.65285395288638,40.71048237314668,41.26692979925417,50130500
2020-10-28,39.714256286621094,40.64765431820468,39.66938210549662,40.28865402184774,45066000
2020-10-29,39.58860397338867,39.91170352895843,39.418077305904475,39.70527957371781,36796800
2020-10-30,39.741188049316406,40.20788715833668,39.139866370030305,39.57963822605242,46781300
2020-11-02,39.902732849121094,40.4412333334349,39.70528575285209,40.351481540875525,33856700
2020-11-03,40.25275802612305,40.800232001588995,40.118135466968425,40.14505929406316,34349500
2020-11-04,41.015621185302734,41.419495594880196,40.18992201197992,40.486097720230056,34748200
2020-11-05,41.295875549316406,41.92869394243491,41.160270376297156,41.72076853943278,31103200
2020-11-06,41.03371047973633,41.40436073886106,40.59073998517859,41.16931566297494,36233700
2020-11-09,41.22355651855469,42.80560095542922,41.16931720209794,42.16374375441438,48481700
2020-11-10,41.07890701293945,42.0190941210704,40.90714345318933,41.04274862307498,39224500
2020-11-11,41.901573181152344,42.001016520448054,41.45860269521348,41.49476453651791,31496900
2020-11-12,40.63594055175781,41.7569300650214,40.274329028947136,41.70269075060794,42881300
2020-11-13,41.09698486328125,41.2054703705218,40.65401444542098,40.6720953632944,30884700
2020-11-16,41.75692367553711,42.2631790402902,41.39531565664137,41.62132196166966,36306300
2020-11-17,41.16027069091797,41.69364575437707,41.05178862082303,41.35915735991104,31118000
2020-11-18,40.73537826538086,41.304911679539686,40.71729734687989,41.1783486986155,32817900
2020-11-19,41.24162673950195,41.286827307682366,40.409925249519034,40.60880843922931,29469100
2020-11-20,41.03371047973633,41.476684422877135,40.97947116530734,41.27779774041599,24199300
2020-11-23,41.63941192626953,41.77501366959713,41.08795587042075,41.11507552936961,35489600
2020-11-24,42.498233795166016,42.760401996589835,41.594208368394206,41.847337832926975,33901200
2020-11-25,42.534385681152344,42.65190992471959,42.10045399173002,42.516304763020266,28126900
2020-11-27,42.895999908447266,43.48361426695147,42.81463749590573,42.81463749590573,15921400
2020-11-30,43.709617614746094,43.845222775960416,42.73327217918349,42.868873891815305,46332700
2020-12-01,44.80348587036133,45.40918104113844,44.035062454671674,44.07122428687446,57768000
2020-12-02,45.11086654663086,45.25551046533587,44.45996718816681,44.49612902998882,33753500
2020-12-03,46.096248626708984,46.204730690192335,45.00237546249746,45.12893844465847,50261200
2020-12-04,47.000274658203125,47.596931190253,46.10528813583697,46.159530892780666,39767700
2020-12-07,45.38207244873047,46.36746020056473,44.80349678684301,46.10529202608979,51040300
2020-12-08,45.825042724609375,45.85216582953892,45.029502917390495,45.04758383781587,28956500
2020-12-09,45.264549255371094,45.9606491926496,44.95718049668426,45.454393752288034,34068400
2020-12-10,45.43631362915039,45.85216792073417,44.83061828589939,44.89389978598284,33706000
2020-12-11,44.95718002319336,45.3278302769488,44.40572401059997,45.3278302769488,29398800
2020-12-14,45.626163482666016,46.4126646226667,44.966225348115636,45.03854558755156,33436400
2020-12-15,45.80696105957031,46.1143298046394,45.39111024229535,46.087210148733654,25465600
2020-12-16,46.21377944946289,46.52114823648922,45.81600949802198,45.843129157629676,28351000
2020-12-17,45.78888702392578,46.3945823751569,45.40015583338697,46.24089971538178,26399000
2020-12-18,42.9050407409668,45.81600336686853,42.588633259274395,45.716560030170086,119298400
2020-12-21,41.910614013671875,41.99197642969049,40.89810662989358,41.874452173534074,53775700
2020-12-22,41.738853454589844,41.89253957466034,41.377245343017265,41.81117714605441,32171200
2020-12-23,42.1004524230957,42.516303178891626,41.64843983238299,41.73884097109258,22564200
2020-12-24,42.55247497558594,42.57055589727718,41.89253685247998,42.12758193729973,11865600
2020-12-28,42.55247497558594,43.067769173745155,42.36263047070269,42.6609570571502,21269200
2020-12-29,44.64980697631836,45.80695820393119,42.02813579518521,42.688073820219564,84531400
2020-12-30,44.07123565673828,44.469005567842544,43.89947208233524,44.39668533336132,37385400
2020-12-31,45.03854751586914,45.37303596582078,44.04412090311199,44.07124056298868,28576800
2021-01-04,44.90294647216797,46.457871489128884,44.65886261353687,45.1018331925468,46102500
2021-01-05,45.75271987915039,45.95160654389077,44.59556862665967,44.70405069443499,24866600
2021-01-06,46.1956901550293,47.144919452274856,45.38206947699663,45.59903361170558,36809600
2021-01-07,47.18107986450195,47.633092521198556,46.37649788735526,46.548264903993015,32092300
2021-01-08,46.69291305541992,47.48845292045296,46.34938243953831,47.41613268207868,34625400
2021-01-11,46.59346008300781,47.22627841880005,46.33129194483092,46.367453780837906,32925000
2021-01-12,48.130313873291016,48.68176647116758,46.61155092351375,46.9189196978397,39883900
2021-01-13,51.4842414855957,54.467524283612256,51.43904091034662,53.789505309127456,124070700
2021-01-14,53.56349563598633,54.3680775503064,52.28882018157958,52.840276131461685,74680900
2021-01-15,52.05377960205078,53.9251117393238,51.98145592110162,53.20188872416388,50265400
2021-01-19,52.4244270324707,52.74083449818821,51.61984164370684,52.37922301001158,35647100
2021-01-20,53.03915786743164,53.53637449603541,52.51482503442567,52.65043019651443,28701300
2021-01-21,56.46541976928711,57.81241899222635,52.63235440412696,53.37365487895273,86519500
2021-01-22,51.222068786621094,53.897982608038426,51.21303005180458,53.20188277536075,85729300
2021-01-25,50.11915588378906,51.07742383799151,48.8716035898405,50.96894177951391,61968500
2021-01-26,49.91123580932617,50.806222370546415,49.58578615070063,49.97451730421638,31485900
2021-01-27,48.44672393798828,49.58579448607261,48.18455573018247,49.36883030957246,49722900
2021-01-28,50.688690185546875,51.89104529750462,49.450176688296985,49.53153909022331,49202600
2021-01-29,50.18244934082031,51.67409265713031,50.04684759752695,50.607342390022744,37256200
2021-02-01,51.249183654785156,51.8820019389167,50.36323943643387,50.58020698618094,26926600
2021-02-02,52.433467864990234,52.6865938476885,51.420960485614316,51.701206124006575,23580900
2021-02-03,52.14418029785156,52.731798130375516,51.872973393833924,52.33402478580562,21893200
2021-02-04,53.470252990722656,53.55210927330705,52.015030574724065,52.39702771662312,29853800
2021-02-05,52.91544723510742,53.73401002308191,52.860875226070625,53.66124734436619,23432600
2021-02-08,53.8067626953125,53.86133469771935,52.706253334803876,53.097344011598686,34358300
2021-02-09,53.461151123046875,53.94319517479169,52.697160377325716,53.452057523360516,28754100
2021-02-10,53.53391647338867,54.04324134964066,52.86087556896432,53.93410080037459,16325100
2021-02-11,55.17103958129883,55.47118043406535,53.5339174348435,53.75219853729591,27539100
2021-02-12,56.216976165771484,56.853632222738476,54.96184778150815,55.11646326119576,26214200
2021-02-16,56.81725311279297,57.18105607031898,56.1169279959235,56.38978108144681,26326300
2021-02-17,56.25336456298828,56.56259904976036,55.67127693365637,55.92594287362604,21055400
2021-02-18,56.03507995605469,56.37159869532466,55.15285149604656,55.161948566292516,17846100
2021-02-19,57.30839157104492,57.53576973759639,56.25335701702674,56.30792902602466,28290100
2021-02-22,55.21650695800781,57.02643848794606,55.17103202368592,56.28063846261866,32288200
2021-02-23,55.589412689208984,55.9350284707364,53.815862312087425,55.00732514317257,27374600
2021-02-24,57.47210693359375,57.5539632163281,54.91637843730642,55.05280326218657,24669900
2021-02-25,54.93456268310547,57.790431705255216,54.6889938636224,56.76268149101465,36394000
2021-02-26,55.28017044067383,56.10782670385664,54.279708045886686,55.38021737405554,38216800
2021-03-01,57.190155029296875,57.372058248829184,56.071454913018904,56.13512051942791,28495400
2021-03-02,55.69855880737305,57.42663084116816,55.58032118590048,57.11739638698148,23320000
2021-03-03,54.47980880737305,55.95321832037783,54.29790558452317,55.15284622154759,28740400
2021-03-04,53.0518798828125,54.78904908048515,52.6698827271929,54.416148995210364,40210400
2021-03-05,55.243804931640625,55.643989285154035,53.21558848378008,53.897723033562606,39511700
2021-03-08,54.434329986572266,56.1169304482748,54.31609584170488,54.99823032008055,33112400
2021-03-09,56.999149322509766,57.453905593356076,55.33474317536006,55.643977578316154,36387500
2021-03-10,56.61716842651367,58.31795975922497,56.5080278684812,57.49939690019195,27160300
2021-03-11,57.58124923706055,58.29066455037643,56.74449576415567,57.24472704613977,30701800
2021-03-12,57.20834732055664,57.572150300422905,56.608069107737656,56.98096915707195,20173000
2021-03-15,58.01781463623047,58.09967091613539,56.82635177750671,57.854102076420624,21247400
2021-03-16,58.91823196411133,59.78227319793204,58.28157584574345,58.34524145758024,30186600
2021-03-17,59.82775115966797,60.291604632813645,57.94505993223198,58.40891340537766,32394700
2021-03-18,57.9632453918457,59.75498309600088,57.89048617818977,59.69131748298355,30094200
2021-03-19,57.99052810668945,59.10922830905727,57.226537301472945,57.46301254591755,54951700
2021-03-22,59.691307067871094,60.373441490763696,58.718128902105526,58.95460411163674,34380100
2021-03-23,57.73586654663086,60.073317408636306,57.45391635685977,60.02783899741967,35160000
2021-03-24,56.426170349121094,61.33754045692675,56.380695406727945,60.55535895750804,74584700
2021-03-25,56.40797805786133,56.78997172640932,55.462084017386864,56.08055293081127,35401400
2021-03-26,59.000083923339844,59.091033794089796,56.18059282639418,56.20787709371613,34705800
2021-03-29,58.663570404052734,59.23656091925033,57.85410463887126,58.21791111445461,26161600
2021-03-30,57.9996223449707,58.20880983898771,57.43572547111983,57.9996223449707,20709500
2021-03-31,58.20880889892578,58.65446814912957,57.82681525589396,58.21790596824485,33013200
2021-04-01,58.709049224853516,59.018280220884385,57.82682077059976,58.863664722868954,31416300
2021-04-05,60.518978118896484,60.700877889981264,58.84547108098438,59.07284926435609,27947500
2021-04-06,59.62765121459961,60.555358067263,59.382085835383606,60.08240757087699,28771400
2021-04-07,60.255226135253906,60.546269968836484,59.445760256257614,59.72770701843788,17793300
2021-04-08,60.98283004760742,61.201111155316674,60.35526405653312,60.910067365360575,22224200
2021-04-09,62.083335876464844,62.21066709325411,60.60082580536987,60.755448230640454,27177100
2021-04-12,59.49122619628906,62.29251990482872,58.854563173278905,62.02876040174277,51266900
2021-04-13,59.318416595458984,59.69131317650573,58.39980686902733,59.673125976540646,26822000
2021-04-14,58.381622314453125,59.46393770670512,58.06329078839282,59.400272095396176,25768400
2021-04-15,59.13651657104492,59.31842328636863,57.91777280401861,58.18153233696423,24927700
2021-04-16,58.89094543457031,59.59126713791589,58.727232876264324,59.418464449004176,24625500
2021-04-19,57.872291564941406,58.88184770380568,57.362963225984245,58.84546636469828,23997700
2021-04-20,57.02644348144531,57.99052466374325,56.76268398196118,57.881384117910834,19872100
2021-04-21,57.935951232910156,58.00871043414881,56.662632250840225,57.10829493541923,24364200
2021-04-22,56.908206939697266,58.12695404461384,56.644447435237865,57.617625705262796,38257600
2021-04-23,53.87953186035156,54.57075995992379,52.660784749132645,53.80676918170424,77479500
2021-04-26,53.442962646484375,54.134194214524236,53.170109541001466,53.75219709123579,39645900
2021-04-27,52.724456787109375,53.324735081082416,52.542553537826294,53.26106946426072,38167700
2021-04-28,52.4061164855957,52.897254135822116,51.97864791107893,52.31516661089392,30387400
2021-04-29,53.00639343261719,53.02458410103275,52.2696904441207,52.642590472851644,23290600
2021-04-30,52.32426452636719,53.14282734426123,51.90588951700606,52.39702720774248,30731800
2021-05-03,52.07868957519531,52.642589881194304,51.69669595130749,52.624399212983185,22281700
2021-05-04,51.75127029418945,51.824029500806155,50.75990138373999,51.73307962515644,35323600
2021-05-05,51.7057991027832,52.115080539355944,51.35108968092544,51.80584606166941,21001900
2021-05-06,52.335384368896484,52.39029248236478,51.47517820319683,51.81376950904147,25529300
2021-05-07,52.77465057373047,53.08578963767279,52.38115455754446,52.80210638202974,19959000
2021-05-10,51.21895217895508,52.37199474405514,51.136591746384774,52.29878741003945,35046500
2021-05-11,50.3679084777832,50.907826232018586,49.69072213704121,50.377058087803896,35968100
2021-05-12,49.06843566894531,50.011005923123264,48.88541208137491,49.773074212016375,30232300
2021-05-13,49.42532730102539,49.77307175112745,48.92201507825508,49.45278310687846,29192500
2021-05-14,50.65158462524414,51.1091418612116,49.65410971119969,49.96524877129295,28158300
2021-05-17,50.63328552246094,51.14574739373896,50.11166706066274,50.596680105688314,20010200
2021-05-18,50.18487548828125,51.37452354928085,50.14827007326353,51.20065306427348,18703400
2021-05-19,50.660728454589844,50.72478617663276,49.26975429287318,49.480230163997646,23769700
2021-05-20,51.20064926147461,51.46603326431554,50.66073164816014,50.85290482640319,23145200
2021-05-21,51.319618225097656,51.896137794866405,51.228104688788314,51.63075377589602,17723100
2021-05-24,52.12491989135742,52.51841939663843,51.612458017231226,51.84123663700462,19164400
2021-05-25,52.042564392089844,52.673995676809824,51.630762139203995,52.673995676809824,22309900
2021-05-26,52.08830642700195,52.37199312841129,51.78632051081641,52.20727226835221,15173600
2021-05-27,52.82955551147461,52.96682407203346,52.161522397916215,52.26218554354143,32387600
2021-05-28,52.271339416503906,52.75635247673404,52.10661852674799,52.664838931933645,20303900
2021-06-01,52.060855865478516,52.91191250745516,51.786322253105084,52.71973932788218,20326400
2021-06-02,52.60077667236328,52.79294986359009,51.94189317000338,52.079161729956525,18483600
2021-06-03,51.466033935546875,52.25302936493272,51.328765383077695,52.14321661748795,21831300
2021-06-04,52.5001220703125,52.847866585465546,51.740578790058684,51.74972839979834,21493800
2021-06-07,52.2438850402832,52.56417370725438,51.960198298905404,52.53672139033819,17364400
2021-06-08,52.161521911621094,52.74719458156094,51.79547474746646,52.57332409857395,33254500
2021-06-09,52.161521911621094,52.60077641407598,52.13406959611906,52.49096366118337,13904800
2021-06-10,52.50926208496094,53.104084314583154,52.09745993160144,52.29878620455146,26738100
2021-06-11,52.93936538696289,53.021725820643184,52.1157645410443,52.59162443665439,18119700
2021-06-14,53.25050735473633,53.25966045391958,52.371998340907496,53.094939577466114,21784500
2021-06-15,53.06748962402344,53.46098563430737,52.89361564064659,53.26881243351843,20806500
2021-06-16,52.36284637451172,53.41522582570014,51.951044201923054,53.21390303423351,21879700
2021-06-17,52.32624816894531,52.985131735845975,51.88699362130648,52.20728230472495,21498800
2021-06-18,50.94442367553711,51.93274903320342,50.42280867817484,51.86869129604559,55118300
2021-06-21,51.127445220947266,51.28301649841829,50.66988797915028,51.01763246036371,19254600
2021-06-22,51.127445220947266,51.5026420195854,50.78885383946522,51.191502955528065,18682800
2021-06-23,50.569217681884766,51.21895152650021,50.54176536833912,51.127437996541026,20287900
2021-06-24,51.31045913696289,51.337911449209166,50.64242610885898,50.77969465185849,21209700
2021-06-25,51.164039611816406,51.621596755005925,51.01762146563112,51.26470274185954,21101200
2021-06-28,52.60077667236328,52.82955527836219,51.55754678754977,51.575849494935824,22480900
2021-06-29,51.9327507019043,52.921076091327436,51.136602021014525,52.66484164357794,26360000
2021-06-30,51.3745231628418,51.59415216041152,50.68818734540258,51.55754674566915,29891600
2021-07-01,51.25556182861328,51.832084943531115,51.127446356605944,51.36537808252083,24871600
2021-07-02,51.941898345947266,52.152377756418616,51.53924921598413,51.74972513557064,17219400
2021-07-06,51.32876968383789,52.1706733029301,50.97187560657555,52.08831286272459,26186600
2021-07-07,51.209808349609375,51.65821600607473,50.981029716713465,51.585005167923285,14857400
2021-07-08,50.68818664550781,50.9901760766358,50.139119395491676,50.614979307918404,19162000
2021-07-09,51.23725891113281,51.347071666226974,50.614980814125,50.798000908987085,18708000
2021-07-12,51.91444396972656,51.9418962870108,51.34707397024933,51.484339047555196,15392800
2021-07-13,52.042564392089844,52.4360639347491,51.55755478918264,51.813785750584934,15716000
2021-07-14,51.72226333618164,52.582469566056375,51.54839286688646,52.317085567486735,16263600
2021-07-15,51.072540283203125,51.61245796495688,50.852911272453845,51.61245796495688,18917000
2021-07-16,50.3038444519043,52.09746800805684,50.2397867171049,51.29216628229835,25263800
2021-07-19,50.00185775756836,50.157429044163415,49.38873269322618,49.79138183290381,27007700
2021-07-20,50.5509147644043,50.84375105705779,49.66325278867619,50.258074980866844,19867000
2021-07-21,51.45688247680664,51.50263749879311,50.34044178773768,50.49601305155299,18497200
2021-07-22,51.209808349609375,51.740576453552656,50.95357739784912,51.301321897298685,36691000
2021-07-23,48.501060485839844,50.06590518445756,47.87878244939229,49.946942832551564,67742300
2021-07-26,49.699867248535156,49.910343154028155,48.28143705226798,48.32719556767113,32881200
2021-07-27,48.6657829284668,48.68408563494312,47.869634396610145,48.6108748090378,39878000
2021-07-28,48.56512451171875,49.34297041275213,48.44615865349417,48.52851909520586,28478800
2021-07-29,49.14164352416992,49.5076871862575,48.79389907793501,48.94031724094691,16886600
2021-07-30,49.15994644165039,49.32466731210547,48.729841558697196,49.095888713238345,16465700
2021-08-02,49.12334442138672,49.84628568155878,48.995228955712605,49.40703116029699,18098100
2021-08-03,49.47108459472656,49.56259463628998,48.738990298681955,49.31551333500757,16375900
2021-08-04,49.324668884277344,49.818828020509,49.141645301173085,49.64495753654643,17612700
2021-08-05,49.635986328125,49.75572526508348,49.350459611584206,49.72809455408135,15310000
2021-08-06,49.66361618041992,49.85704169479906,49.48861582448303,49.60835475937116,19256000
2021-08-09,49.783355712890625,50.114938297441356,49.58072464399704,49.81098993731621,14670100
2021-08-10,49.682037353515625,50.096515575292926,49.28598077643614,49.95835851041347,16215700
2021-08-11,49.86625289916992,50.06888748789151,49.58993524136663,49.97677925957731,18590800
2021-08-12,49.31361770629883,49.903096314698224,49.05571817994685,49.893883735059056,15070100
2021-08-13,49.26755905151367,49.33203304646829,48.87150250332431,49.276768116406096,15281100
2021-08-16,49.2491340637207,49.267555705823774,48.816234258220824,49.02807787205275,17690300
2021-08-17,48.530704498291016,48.98202594982137,48.09780820259304,48.97281337190518,22014900
2021-08-18,48.07017517089844,48.843866597244194,47.996492113592176,48.447810062711895,15061700
2021-08-19,48.300445556640625,48.51228920001898,47.508335917144386,47.94123226945256,22999400
2021-08-20,47.90439224243164,48.24518742172516,47.36096598508137,48.042552830098714,25728300
2021-08-23,49.0280876159668,49.313617854957734,48.337291710871995,48.43860900579038,23976300
2021-08-24,49.56230163574219,49.70967127887042,49.10177106177027,49.33203634875623,20348800
2021-08-25,49.56230163574219,49.94914563136526,49.488615057393346,49.81098856731535,15048400
2021-08-26,48.93598556518555,49.5070425606907,48.788615904617444,49.5070425606907,19570000
2021-08-27,49.635986328125,49.68203868431839,48.74255586098097,49.147825028049795,16525000
2021-08-30,49.682037353515625,50.53862450733223,49.516246064804704,49.976776641541825,14581300
2021-08-31,49.79256057739258,50.19782616595767,49.42413475973777,50.14256123923875,22350100
2021-09-01,49.433353424072266,49.88467496266799,49.304405416921966,49.83862260490997,18615000
2021-09-02,49.488616943359375,49.635986592103734,49.13861271000294,49.553090945086936,15869500
2021-09-03,49.285980224609375,49.810988308695386,49.110979872293655,49.221506225673615,13456200
2021-09-07,49.41493225097656,49.69124989409053,49.221506738584274,49.341245672242465,13915000
2021-09-08,49.34124755859375,49.663617568956234,48.80703389662597,49.48861720812654,18235100
2021-09-09,49.18467712402344,49.635995214516115,49.12941217855548,49.42415152724422,13495800
2021-09-10,49.58993148803711,50.63994061635902,49.56230077841897,49.5991405533867,20324700
2021-09-13,50.649147033691406,51.109677543672504,50.11492995560024,50.29914286230647,22639200
2021-09-14,50.21625518798828,51.06362977412809,49.98598989650644,50.99915577359874,22072700
2021-09-15,50.76889419555664,50.79652842178301,50.12415062953446,50.354415937858825,18796200
2021-09-16,50.50178909301758,50.61231545718048,49.9583628249928,50.52941980566586,19863100
2021-09-17,49.97677230834961,50.280724149155574,49.43334613437432,50.280724149155574,35359200
2021-09-20,48.797821044921875,49.27677328162395,48.189920804794156,49.009664695345364,35051900
2021-09-21,48.696510314941406,49.23072755948926,48.65967053297642,49.000462232750365,17968900
2021-09-22,49.276763916015625,49.61755550509345,48.81623341212763,49.18465922066559,18594100
2021-09-23,49.76493835449219,50.01362531432685,49.36888173478179,49.5070423281021,16474300
2021-09-24,49.939945220947266,50.124154671605815,49.4886236342657,49.53467599693034,12976200
2021-09-27,50.34519958496094,50.538621572702404,49.57150812042579,49.68203446862531,13899900
2021-09-28,49.7373046875,50.28073093481362,49.70046139632662,49.903095984210566,24691300
2021-09-29,49.26755905151367,49.783351011150636,48.982028849879484,49.73729865955008,20514300
2021-09-30,49.074134826660156,49.71887830650805,49.05571318282801,49.51624373792375,20534100
2021-10-01,49.60835647583008,49.83862177435245,48.862295643732544,49.414934468328,19895100
2021-10-04,49.2491340637207,50.04124710630815,48.88992082663313,49.67282129138456,27353300
2021-10-05,49.69125747680664,50.05047081902647,49.25835754460839,49.32283155405451,18129400
2021-10-06,49.71887969970703,49.801775342489904,48.880714206488875,49.25834913170652,20059600
2021-10-07,49.90309143066406,50.649152197785234,49.847826498946795,50.032039424435034,20704400
2021-10-08,49.56230163574219,50.271519141287264,49.460984347297256,50.24388491762173,16068000
2021-10-11,49.22151184082031,50.114942375951095,49.20309019422722,49.56230703243772,14398800
2021-10-12,48.051753997802734,49.47940145712821,47.904384368180835,49.34124089217119,32784300
2021-10-13,48.13466262817383,48.429405480553555,47.77544927859769,48.245192515405,18534000
2021-10-14,49.64519500732422,49.73729971247516,48.56755168649789,48.72413390153764,26586700
2021-10-15,50.160987854003906,50.188622076887285,49.562300232927385,49.92151350828717,25231100
2021-10-18,50.17020034790039,50.253095989271515,49.479404507664135,49.91230084498504,22407600
2021-10-19,50.851783752441406,50.860996331269305,50.07809226865671,50.31757012821138,18392900
2021-10-20,50.99916076660156,51.10969064710417,50.7320556726449,50.88863439966881,16850300
2021-10-21,51.579429626464844,51.64390363241234,50.50178965828257,50.59389437718762,38390900
2021-10-22,45.55567932128906,46.55963602024984,45.260940062288576,46.41226639074959,109971900
2021-10-25,45.50963592529297,46.117536205787445,45.41753120632131,45.896483474827534,43178800
2021-10-26,44.46882629394531,45.53725696958344,44.146456332421806,45.500417197958654,68405400
2021-10-27,44.109619140625,44.966206315082886,44.09119749548327,44.68988866509604,41081500
2021-10-28,44.28461837768555,44.54251435553826,44.10040545911825,44.33987979375731,31317200
2021-10-29,45.131996154785156,45.38989215132742,44.13724843057452,44.303039717942966,42301000
2021-11-01,45.63858413696289,45.684636496650214,45.132001153262685,45.50042705790092,28013700
2021-11-02,45.92410659790039,45.96094988482787,45.34383712628493,45.6938413249575,27193300
2021-11-03,46.412261962890625,46.46752688626921,45.78594021887514,45.9885747576945,23962100
2021-11-04,46.66083526611328,46.69793123276029,46.12290306269151,46.595912901976654,24806000
2021-11-05,47.226585388183594,47.83871658272342,46.874150718483165,46.88342382536859,36816200
2021-11-08,47.810890197753906,48.21897766088027,47.35643366218569,47.7274180837511,31647800
2021-11-09,47.48628234863281,48.01493793542432,47.08747149712291,47.80162107917544,22508400
2021-11-10,47.07819366455078,47.66249849659056,47.031821051405565,47.282237407994046,25040700
2021-11-11,46.8648796081543,47.36571235119507,46.75358462236873,47.310063089300385,25420000
2021-11-12,46.66083526611328,47.208040576695936,46.540263645000906,46.92979782982067,23884800
2021-11-15,46.67010498046875,46.95762081360317,46.48461100870471,46.75357709086241,24695800
2021-11-16,46.93907928466797,47.43991203475782,46.68866290962305,46.71648577196009,30927800
2021-11-17,46.586639404296875,47.2451397353171,46.35477279157113,46.92980100048994,23546900
2021-11-18,46.07653045654297,46.59591290770332,45.418030169931384,46.59591290770332,30658200
2021-11-19,45.92813491821289,46.122902006161276,45.668445467615044,46.002330387810815,27607600
2021-11-22,46.21564865112305,47.161661188732545,45.82611095504568,45.95595567440371,33389600
2021-11-23,45.53859329223633,46.7906749029209,45.111959649189636,46.5217088304772,44713300
2021-11-24,46.150726318359375,46.169276070843864,45.10269183801208,45.316008684578435,26035800
2021-11-26,45.2418098449707,45.6127978200502,44.62968216269201,45.35310836029668,25269000
2021-11-29,46.373321533203125,46.49389315983048,45.186165634114296,45.72409432413755,31478900
2021-11-30,45.63134765625,46.74430804552508,45.14906470296401,45.90958686906789,49460800
2021-12-01,45.074867248535156,46.660837538549416,45.00067177362425,46.22492718268544,35093500
2021-12-02,45.90959167480469,46.17855780848509,44.82445756982391,45.08414705723731,37240800
2021-12-03,45.67772674560547,46.42897591094054,45.223266587759895,46.07653763779524,32224900
2021-12-06,47.29151153564453,47.49555173022118,45.61279614033454,45.89103534239608,40336000
2021-12-07,48.75690460205078,51.01064806315403,48.4230161577387,50.695309369970765,91731500
2021-12-08,47.99637985229492,49.04441773632889,47.65321832032034,48.75690191667268,37143400
2021-12-09,46.81850051879883,47.84798872448175,46.77212790930029,47.579022636185556,31694200
2021-12-10,46.92052459716797,47.36570803777282,46.41969189973621,47.15239119360821,23783600
2021-12-13,46.373321533203125,47.31933771704091,46.326948919270656,47.16166658406612,35726900
2021-12-14,46.09508514404297,46.62374075896588,45.74264688809307,46.206380131920454,34120400
2021-12-15,46.99471664428711,47.09673850536818,45.7519151743998,46.25274429733826,32590300
2021-12-16,47.14311981201172,47.67177538820513,46.911253207084656,47.05964769271783,33132300
2021-12-17,46.94834518432617,47.319333135876505,46.3825901503134,46.92052232626106,50102300
2021-12-20,46.0023307800293,46.493890364570674,45.40875286617138,46.28984662993073,30140300
2021-12-21,47.087467193603516,47.15238955531079,46.31766842192668,46.31766842192668,31956300
2021-12-22,47.27296829223633,47.31934090929719,46.56809177609723,46.96690265122764,23307900
2021-12-23,47.58830261230469,47.97783680496576,47.34715936522573,47.3749857632755,25198200
2021-12-27,48.172603607177734,48.28390212269013,47.57902567645911,47.62539828892084,20985400
2021-12-28,48.00566101074219,48.33954949267067,47.88509292182642,48.16333214409893,19290400
2021-12-29,48.07058334350586,48.35809565201856,47.9129122218669,48.05203359166578,14174800
2021-12-30,47.98711013793945,48.35809455229415,47.90363802555906,48.15405082469691,18359400
2021-12-31,47.7645149230957,48.376642545638546,47.72741542160748,48.12622621759786,16319000
2022-01-03,49.350486755371094,49.36903650810461,47.8572652713572,47.90364142219277,33857600
2022-01-04,49.285560607910156,50.02753297029807,48.83110408382401,49.684371416069276,45681400
2022-01-05,49.96261215209961,52.095784086568784,49.925516186337504,50.25940110621688,59109300
2022-01-06,50.09244918823242,50.70457675438995,49.54524397469745,50.648931045286545,35757900
2022-01-07,49.56380081176758,50.44489455793817,49.29483825729722,50.25940057905962,30717200
2022-01-10,51.20541763305664,51.298166393210956,49.44323364616595,50.055361311170664,49260800
2022-01-11,51.854644775390625,52.01231589856995,50.76023417215799,51.47438370396257,39795200
2022-01-12,51.69697189331055,52.19780099455663,50.8344279717158,52.067956281714935,29136800
2022-01-13,50.95500183105469,52.13288456255021,50.797334244116065,51.938117471154214,29605400
2022-01-14,51.65987777709961,51.72480014028671,50.57474027896593,50.871529235822244,30151500
2022-01-18,50.788055419921875,51.613503437666665,50.713859952193985,51.29816473931565,35313800
2022-01-19,49.73074722290039,50.87153046679681,49.67510150339549,50.667490265272946,30595100
2022-01-20,48.26535415649414,50.16665964182413,48.172605390134336,49.95334278620211,28582600
2022-01-21,48.26535415649414,49.27629271279209,48.181882035772155,48.30245366303806,46372400
2022-01-24,48.172603607177734,48.34882448773726,46.26202508492762,47.74596991172417,64198400
2022-01-25,47.3007926940918,47.875820947967085,46.60519280153162,47.310065802604164,44095400
2022-01-26,47.940738677978516,48.89603151040661,47.068921504096274,47.42135973949704,54895400
2022-01-27,44.56475830078125,46.42896768283003,44.31434195671484,46.35476867510513,89642800
2022-01-28,44.26797103881836,44.70388138086401,42.94169379804433,44.24942128617774,61945400
2022-01-31,45.278907775878906,45.32528038665073,43.87843511775059,44.22159668306622,51828400
2022-02-01,45.39947509765625,45.47367056026859,44.852269851128305,45.24180399035002,35386100
2022-02-02,45.918861389160156,45.98378729421868,44.601860756899946,44.750255244168756,37962700
2022-02-03,44.778076171875,46.085803640104054,44.75025331233933,45.67771970223237,42145800
2022-02-04,44.86686325073242,45.081808668843806,44.044477959949866,44.72668564125954,32431500
2022-02-07,45.025733947753906,45.47430869966097,44.82013584960496,44.979008079526025,27558500
2022-02-08,45.61448669433594,45.735973230281395,44.76406311794282,44.83882378891271,28051200
2022-02-09,46.6424674987793,46.69854067273571,45.63317532224748,46.100441077019845,35217300
2022-02-10,45.66120529174805,46.66115361588142,45.56775001171655,45.960255057940024,32762700
2022-02-11,44.51174545288086,45.89485192815036,44.390255334829575,45.74532700014705,37208200
2022-02-14,44.46501159667969,45.025729084764606,44.0257806398751,44.78274889229425,28456900
2022-02-15,45.26870346069336,45.28739451802717,44.100539114489884,44.57715216411552,35837900
2022-02-16,45.07244873046875,45.315428889421426,44.48369295372657,44.913580104576454,26022900
2022-02-17,44.455665588378906,45.10049107507641,44.278105877102625,44.72668059371241,32030600
2022-02-18,42.09130096435547,43.18470114321391,41.59599682931479,43.16601008482041,76520100
2022-02-22,41.76421356201172,42.43707741679785,40.979206919746204,41.76421356201172,57093300
2022-02-23,41.726837158203125,42.71743836769913,41.633381859695405,42.2127904506228,38176700
2022-02-24,43.66131591796875,43.72673284241282,40.77361323552689,41.025937186220446,72740100
2022-02-25,44.58649444580078,44.66125867268031,43.22207938984032,43.85756105849812,39266300
2022-02-28,44.5771484375,44.68929120717318,43.78279460951621,43.922975745323455,41946100
2022-03-01,43.754764556884766,44.764060288341724,43.19404708271185,44.427628377856074,53853000
2022-03-02,45.67055892944336,45.78270528977188,44.371560557757064,44.40894267786658,46936500
2022-03-03,44.79209518432617,45.37150371748581,44.50238913526897,45.0257280598693,36389900
2022-03-04,44.92293167114258,45.10983869558079,44.268758868086316,44.268758868086316,38310700
2022-03-07,44.55845642089844,45.36215397696024,44.483692199425576,44.866849922088264,43813700
2022-03-08,44.39023971557617,45.53036911853001,43.820175014099256,44.567799391054955,44813900
2022-03-09,44.51174545288086,45.287404902849445,43.820190432768364,45.240679031277566,36076500
2022-03-10,43.60524368286133,44.212690640059584,43.137977889618085,44.19399958053524,36456000
2022-03-11,42.82958221435547,44.184650096181784,42.773509038539,44.06316356267847,27082100
2022-03-14,41.493202209472656,42.96976020339688,41.399746915581915,42.894999533239236,35993900
2022-03-15,41.87636184692383,41.960469832653445,41.1848069014853,41.58665577053179,34448900
2022-03-16,43.57720184326172,43.57720184326172,42.30623852036414,42.334273322648656,38885500
2022-03-17,44.053810119628906,44.19399125718266,42.736120973450454,43.28749464823176,28555000
2022-03-18,44.34352493286133,44.4837025332556,43.31553803852772,43.754769029331044,46237100
2022-03-21,44.28744888305664,44.754714650660034,43.988399076986866,44.352865805324726,32910900
2022-03-22,45.22197723388672,45.29674146261697,44.296793075555044,44.390244796513215,27923300
2022-03-23,45.10982894897461,46.334066307824166,44.91357821994692,45.287388623101435,37126400
2022-03-24,48.24052047729492,48.26855884962918,45.408890853440674,45.474307780628685,51677900
2022-03-25,48.436767578125,48.5769451590064,47.14711315727927,47.371398712671365,33239800
2022-03-28,48.137718200683594,48.19379137663494,47.24991608699425,47.99754060823761,22932400
2022-03-29,48.82927703857422,48.866659158881994,47.9227802283643,48.595644134083436,27303700
2022-03-30,48.06295394897461,49.07224608619334,47.866703195203556,48.829269471756035,24623300
2022-03-31,46.31538391113281,47.90408466020147,46.268654482667955,47.84801504997144,43698300
2022-04-01,44.96030807495117,46.63312020539288,44.231374693733805,46.567703289896684,46598600
2022-04-04,45.97895050048828,46.006985304695135,44.78274775664432,45.01638063158079,23784900
2022-04-05,44.97900390625,45.77335428728764,44.87620486671351,45.63317669561006,25779200
2022-04-06,44.42762756347656,45.01637983107959,44.14726883152921,44.33417227619098,31518700
2022-04-07,44.446319580078125,44.77340418024935,43.70803883688619,44.324829486462484,24117000
2022-04-08,43.94167709350586,44.46501608281909,43.78280486471488,44.18465374553563,22167300
2022-04-11,43.52113342285156,44.20334101753657,43.483751305756655,43.8295305414522,30352500
2022-04-12,43.45571517944336,44.773404464867,43.37160720101399,44.222030731819956,29861400
2022-04-13,43.93232345581055,44.17530363781252,43.5024398291359,43.689346838763264,22171300
2022-04-14,42.6800537109375,43.689349485086844,42.63332784693908,43.689349485086844,36181800
2022-04-18,43.586551666259766,43.820184557751254,42.53987731056529,42.54922105764474,25593100
2022-04-19,44.79209518432617,44.85751210428187,43.306189953273645,43.549166575258404,31483100
2022-04-20,44.96030807495117,45.558407625176145,44.838817989763434,45.193940934567465,22787100
2022-04-21,44.39023971557617,45.69858504896432,44.296788005314546,45.43691384331415,27316900
2022-04-22,43.49309539794922,44.53042589833809,43.455713283621506,44.34351889165416,28219900
2022-04-25,43.97905349731445,44.05381416323868,43.15666478241954,43.18469958652178,35999300
2022-04-26,42.53987121582031,43.77345242096214,42.53052390512505,43.63327128016918,35356600
2022-04-27,42.25951385498047,43.04452042570612,42.0632595385831,42.50249046653513,28320900
2022-04-28,43.77345657348633,44.17530541259565,42.55856630953121,42.79219918971315,41097000
2022-04-29,40.73622512817383,42.39034618511425,40.65211715697501,42.04457055460999,70765900
2022-05-02,42.01653289794922,42.0445712654592,40.66146159014891,40.85771590290056,45446500
2022-05-03,42.10999298095703,42.51184183317421,41.33433008227342,41.85766903433543,40158400
2022-05-04,43.49309539794922,43.58654711881386,41.50254237193151,42.1099892524156,44625600
2022-05-05,42.00957107543945,43.24348582169498,41.56687174565513,42.951489741643336,52996700
2022-05-06,41.726993560791016,42.527626532416654,41.29371186403417,41.90596039568117,40916600
2022-05-09,40.56843566894531,41.63280474167557,40.38005122170734,41.265457045785475,44925800
2022-05-10,41.45384216308594,42.14144600518928,40.97346518670391,41.774094678385566,42770000
2022-05-11,40.34238052368164,41.717580993258,40.29528171314887,41.463262507547064,40351700
2022-05-12,40.35179901123047,40.41773303565469,39.570004731436356,40.248187374811025,42329600
2022-05-13,41.06765365600586,41.293715723737,40.47424746533912,40.89810800349117,32034100
2022-05-16,40.577857971191406,41.0770737157857,40.304700694923575,40.89810686913147,25071900
2022-05-17,41.821189880371094,41.84002509158528,41.11475088639952,41.27487533366183,28596600
2022-05-18,39.89025115966797,41.42557947939333,39.76780432907177,41.42557947939333,35218400
2022-05-19,39.56999969482422,40.21992584304495,39.296846025463935,39.86199576091863,29181000
2022-05-20,39.23091125488281,39.833738585942484,37.968740183051246,39.796060979467676,44802300
2022-05-23,39.56058883666992,39.79606853212629,38.92950497755165,39.26859272077542,27199500
2022-05-24,39.24974822998047,39.45697148177608,38.71285488954137,39.278008232674544,29837500
2022-05-25,39.748966217041016,40.05037988597635,38.98601084641039,39.03310605846884,26283100
2022-05-26,40.95462417602539,41.143008632495935,39.63594016700088,39.72070939962125,28826700
2022-05-27,41.96247482299805,41.96247482299805,41.0205561800884,41.058233788157054,30553300
2022-05-31,41.840030670166016,42.150865593662076,41.11475636827857,41.67990620155412,41111500
2022-06-01,41.54803466796875,42.32040771890644,41.001720094160056,42.16970086977554,29885500
2022-06-02,42.23563766479492,42.27331527783515,41.38790933706453,41.623389028863535,28727600
2022-06-03,40.86985778808594,41.67990856331413,40.82276256483353,41.5480405009533,33174700
2022-06-06,40.822757720947266,41.482101547651176,40.57786043321227,41.26546067188778,25437100
2022-06-07,41.00172424316406,41.058240664732615,40.18225589266294,40.55902485018314,25168700
2022-06-08,38.835304260253906,39.805479288771856,38.646919817681216,39.796061683553695,59649900
2022-06-09,37.6861686706543,38.948339975019266,37.6861686706543,38.62808744725099,39047200
2022-06-10,36.90437698364258,37.75210529753188,36.90437698364258,37.53546082265525,43066200
2022-06-13,35.576271057128906,36.55586740401901,35.48207702773477,36.310966520729075,50335900
2022-06-14,35.72697830200195,35.98129679444702,35.359630566181806,35.80232993320705,31351700
2022-06-15,36.40515899658203,36.89495355599094,35.71755518731926,36.32038617031228,37652300
2022-06-16,35.17124557495117,35.59510972271717,34.78505903879433,35.51033689316397,45576500
2022-06-17,34.822731018066406,35.90593522811779,34.47421855675341,35.30310791241368,71393200
2022-06-21,35.53859329223633,35.82116819293149,35.16182795568771,35.19008436781679,34004900
2022-06-22,35.208927154541016,35.57627492629269,35.05822028425481,35.16183193128943,32571000
2022-06-23,35.237178802490234,35.43498086926662,34.76621944742186,35.425563263144525,30163000
2022-06-24,36.36748123168945,36.39573764261425,35.54801297665849,35.651621014427626,38159900
2022-06-27,36.386322021484375,36.79134736812814,36.23561516644029,36.61238050748308,29585300
2022-06-28,35.585689544677734,36.75367038614297,35.54801552512201,36.339227425950746,37824200
2022-06-29,35.12415313720703,35.416145667453215,34.86983462841723,35.359632838701096,25437200
2022-06-30,35.237178802490234,35.7929109851963,34.59667379214647,35.04879434183594,35141000
2022-07-01,34.22932052612305,35.0393710605419,33.796038851989195,34.93575944430682,40596300
2022-07-05,34.55900192260742,34.60610074044648,33.47579738188037,33.843145164958905,33215000
2022-07-06,34.84156799316406,35.24658965523526,34.34234872911223,34.681439974691884,26258300
2022-07-07,35.92478561401367,36.10375250134696,35.53859901580266,35.68930589332073,33165400
2022-07-08,35.78348922729492,35.92477486154193,35.21833591090395,35.47265436430974,22566300
2022-07-11,35.03937530517578,35.48207463753453,34.87924726255996,35.472657031796935,25904300
2022-07-12,35.048797607421875,35.51033939937119,34.84157791521622,35.46324417810332,30546300
2022-07-13,35.048797607421875,35.25602089276259,34.49306537293682,34.5495817943393,27059200
2022-07-14,35.51976013183594,35.943624346813706,34.18223704583428,34.84158098100688,36690700
2022-07-15,36.37690353393555,36.42399875593516,35.538596365683055,36.04723338680315,32892300
2022-07-18,36.461673736572266,37.055083551674116,36.2921280751146,36.82902147201894,30814400
2022-07-19,37.88397216796875,38.3643491354545,36.96089225111403,37.03624388048239,53095300
2022-07-20,38.2042236328125,38.30783167121944,37.26230493608459,37.87454993307692,36387900
2022-07-21,38.25132369995117,38.28900131495078,37.50720697281693,38.15712966245214,29661200
2022-07-22,36.923213958740234,38.15712516282148,36.678313083257514,38.025257119008344,41350000
2022-07-25,36.88554000854492,37.12101970818914,36.31096896651142,36.99856925829633,32263400
2022-07-26,36.6971549987793,37.27172603249225,36.621803364414575,36.82902305376882,35925500
2022-07-27,37.846290588378906,38.0723490459156,36.951467177221375,36.98914478452229,42571600
2022-07-28,37.40359115600586,37.78977768383743,36.77250734426379,37.76152127230711,56662300
2022-07-29,34.20106887817383,34.49306137204714,33.19321616877606,33.53230387845462,125292400
2022-08-01,34.81332015991211,35.500920495679956,33.956174142104494,33.956174142104494,52513400
2022-08-02,33.91849136352539,34.53073996584255,33.90907375734986,34.4648059432096,53929400
2022-08-03,34.39887619018555,34.464810221002274,33.212056449214074,33.99385080480554,59513900
2022-08-04,33.92790985107422,34.34653671045325,33.64248228197904,34.26090807678385,54046300
2022-08-05,33.671024322509766,33.95645189476213,33.47122538487396,33.63296634503385,40205100
2022-08-08,33.66151428222656,34.21334048126174,33.490256999565254,33.64248529199656,41534600
2022-08-09,32.84328842163086,33.58540095167881,32.72911810071788,33.50928861420651,48202300
2022-08-10,33.652000427246094,33.68054572937782,32.909887901184135,33.290460474728704,42243300
2022-08-11,33.86130905151367,34.527309109635745,33.76616774152837,33.90887970650632,35569700
2022-08-12,34.35606002807617,34.38460170198567,33.93742945388782,34.061116089844305,37675200
2022-08-15,34.574886322021484,34.660514969011714,33.97548579308986,34.346542053577856,25400600
2022-08-16,34.432167053222656,34.803226903813886,33.965969514088656,34.40362538371896,25000200
2022-08-17,34.04207992553711,34.327511122134965,33.556853424255934,34.070625222841954,29176100
2022-08-18,34.441688537597656,34.56537517304557,33.84228798209842,33.94694562521518,24598200
2022-08-19,33.66151428222656,34.279940132362384,33.48074068974586,34.061112188830435,31425500
2022-08-22,32.196311950683594,33.3570548497633,32.09165432805726,33.29996788394663,51006100
2022-08-23,32.30097198486328,32.71959887721433,32.2629140048108,32.32951365519827,30687100
2022-08-24,32.21533966064453,32.33902626696723,31.967966447999135,32.31999727911694,25105700
2022-08-25,33.1953125,33.23337047977773,32.17728513210235,32.22485579212015,29799100
2022-08-26,31.73963165283203,33.328514319901906,31.730115342463677,33.25240198400004,44851500
2022-08-29,31.340024948120117,31.78719709737878,31.216341968910676,31.61593983295667,32976800
2022-08-30,30.693058013916016,31.46371580794256,30.58840400876969,31.435174136485276,40182500
2022-08-31,30.36957550048828,30.816745913958847,30.226861693185292,30.816745913958847,44074500
2022-09-01,30.21734619140625,30.2839458449501,29.617945680102665,30.036574406998323,36440700
2022-09-02,29.70357322692871,30.807231068816066,29.551344934538257,30.645486466608773,34893300
2022-09-06,28.885347366333008,29.865316797451694,28.85680388024729,29.865316797451694,46989600
2022-09-07,29.16126251220703,29.29446364188381,28.59040545350466,28.942434547694234,37329500
2022-09-08,29.256404876708984,29.351548019736743,28.45720537880301,28.894863110848906,37359500
2022-09-09,29.931917190551758,29.969975172940625,29.570375431379905,29.675033068244815,34069500
2022-09-12,30.02705955505371,30.312488971473055,29.589403657130262,30.19831684196443,38305500
2022-09-13,27.867319107055664,29.427660004910727,27.82926112676438,29.332516868886895,71417900
2022-09-14,27.762662887573242,28.324005422480926,27.600920092520106,28.114690149644826,40767200
2022-09-15,27.439176559448242,27.981490088656386,27.315489935243747,27.734118654951818,39919100
2022-09-16,27.819747924804688,27.895862074220805,27.039577439613396,27.30597786992203,72748000
2022-09-19,28.010034561157227,28.067119720267634,27.496262685050105,27.610434817975406,33151900
2022-09-20,27.553348541259766,27.75314932525788,27.315491588460063,27.658006181197088,31129000
2022-09-21,27.087146759033203,28.15274661271233,27.077632263990022,27.734117904334347,39977300
2022-09-22,26.70657730102539,27.11569153381817,26.678035629242753,27.020548393565633,36092700
2022-09-23,26.18329429626465,26.54483607290654,25.869323185203022,26.54483607290654,43491100
2022-09-26,25.660003662109375,26.354547241886923,25.555347852181903,26.221346133799905,44786400
2022-09-27,25.583890914916992,26.25940554253098,25.3270068086398,26.069119271869596,44121400
2022-09-28,25.812236785888672,25.954952415228984,25.307981186528885,25.555352645426254,40433400
2022-09-29,25.098663330078125,25.479235883108505,24.917893363563564,25.479235883108505,41831300
2022-09-30,24.518291473388672,25.279432882946924,24.489747990016138,25.022546976706916,43821000
2022-10-03,25.660003662109375,25.926404063579138,24.80371912019807,25.051090532697653,44096200
2022-10-04,26.354551315307617,26.44969264545526,25.774179764943327,26.097665368618056,42427500
2022-10-05,26.297462463378906,26.487748739507303,25.58389164995404,26.040578349721315,30120000
2022-10-06,25.85980987548828,26.41163796917598,25.688552568015435,26.1071813402041,33985100
2022-10-07,24.470720291137695,25.003521120620693,24.40412064112841,24.89886349077504,57215500
2022-10-10,23.975980758666992,24.727607760492898,23.871323122262893,24.68003709742075,43409300
2022-10-11,23.823755264282227,24.242382229780254,23.49075513945517,23.795211774255442,48134900
2022-10-12,24.09966278076172,24.28043454597076,23.462206170007562,23.833262380174936,39634100
2022-10-13,25.136722564697266,25.536322313541532,23.395609762169638,23.528809073549557,62447000
2022-10-14,24.651493072509766,25.33652040519587,24.50877927170488,25.174777613695817,48185400
2022-10-17,25.136722564697266,25.450693666310293,24.89886561454483,25.03206492592475,39416500
2022-10-18,24.613433837890625,25.65048829565184,24.299462789372924,25.44117486820811,51126900
2022-10-19,24.737123489379883,24.974980446008537,24.44218137127763,24.489752036721537,33882300
2022-10-20,24.813236236572266,25.64097919719597,24.68955142460546,24.879835890300885,33247700
2022-10-21,25.660003662109375,25.73611780328584,24.53732053343258,24.59440568563886,53058700
2022-10-24,25.85980987548828,26.14523751147326,25.23186762455761,25.450695599793068,43831600
2022-10-25,26.078632354736328,26.221346142652347,25.688547154237217,25.859804425618147,32205300
2022-10-26,25.888349533081055,26.449692079523206,25.679036070648454,25.869322356281373,37111100
2022-10-27,24.994007110595703,26.24989143429279,24.860805993288405,26.116692131689884,56305100
2022-10-28,27.658004760742188,27.800718562151634,26.506778039374286,26.811234632968954,91695700
2022-10-31,27.049091339111328,27.7626621546783,26.68754777632292,27.667519016328484,59507700
2022-11-01,26.925405502319336,27.4486918711954,26.535320256910445,27.40111939327695,44418700
2022-11-02,26.08814811706543,27.44869004504039,26.078633622114737,26.896862040830722,51956100
2022-11-03,26.05960464477539,26.525804009357916,25.850291199872327,26.116691614507065,39678200
2022-11-04,27.19263458251953,27.231204737967765,26.4308542408671,26.585138541087908,43051900
2022-11-07,27.395132064819336,27.452988217657715,26.893707168982882,27.346918910656342,34389800
2022-11-08,27.462629318237305,27.915841028586772,26.93227730224422,27.732627744845203,36258000
2022-11-09,26.53692626953125,27.289061798318503,26.53692626953125,27.211919645642528,30544800
2022-11-10,28.69690704345703,28.764406193994382,27.62655811575354,27.848341564437387,62943900
2022-11-11,29.342975616455078,29.535830085205188,27.838702667662353,27.89655882436598,49826500
2022-11-14,29.26582908630371,29.882966236793685,29.101901800803088,29.256186088425583,39395300
2022-11-15,29.61297035217285,30.220466396071025,29.092261296616932,29.98903994480018,40933200
2022-11-16,28.475122451782227,29.150115769275452,28.388337307656638,29.034403469917226,35582800
2022-11-17,28.8222599029541,28.880117889265293,27.96405333735606,28.031552482172028,31983300
2022-11-18,28.802978515625,29.1790462667312,28.55226606848289,29.1790462667312,27122200
2022-11-21,27.90620231628418,28.65833788435016,27.877273317814684,28.60048172662526,36086800
2022-11-22,28.754762649536133,28.793334642947404,28.021911327646837,28.099053475255506,25584100
2022-11-23,28.610118865966797,29.005472568000013,28.436548589130023,28.667975011841147,23143900
2022-11-25,28.291912078857422,28.619766692824296,28.291912078857422,28.619766692824296,11314900
2022-11-28,27.703702926635742,28.147271705836037,27.52049145449227,28.06048654988846,28267900
2022-11-29,27.867626190185547,28.13762461826266,27.713341899631146,27.819413039092478,24361500
2022-11-30,28.995832443237305,29.005475441707357,27.21191818898294,27.74227206955256,72072500
2022-12-01,28.764406204223633,29.39118639556841,28.46548060636023,29.159759948266366,38896300
2022-12-02,28.35940933227539,28.378695329266066,27.684414151313096,28.127982886029038,31546000
2022-12-05,28.127981185913086,28.687262190341098,27.857982762004674,28.369050616084017,34040400
2022-12-06,27.578346252441406,28.262982627592987,27.327633796421193,28.147270318176886,27701200
2022-12-07,27.317989349365234,27.5301297981923,27.144419055227683,27.26977619619987,28239900
2022-12-08,27.424060821533203,27.578345120565167,27.06727723051309,27.30834667765227,28486100
2022-12-09,27.231203079223633,27.751913940161064,27.182989928046684,27.375844371968313,25641300
2022-12-12,27.665128707885742,27.68441286476634,26.864778262105673,27.125131852525012,35117900
2022-12-13,27.703702926635742,29.015121426097725,27.356564142059522,28.725838799081856,58546800
2022-12-14,27.250490188598633,28.079769665058897,27.00942074443822,27.491559632759046,37141100
2022-12-15,26.180143356323242,26.99977989969243,26.15121619781342,26.941923743458737,45682700
2022-12-16,25.958358764648438,26.170499221106358,25.505148855264444,26.035500916016225,81104200
2022-12-19,25.8330020904541,26.00657054243023,25.553360657044916,25.939071393459425,37662500
2022-12-20,25.495506286621094,25.910146046924293,25.476220288650246,25.591934437261326,31863300
2022-12-21,25.871572494506836,26.00657079375305,25.630503052016383,25.64014605042167,28100900
2022-12-22,25.04229164123535,25.505146343065903,24.444440486825474,25.505146343065903,47478300
2022-12-23,25.158008575439453,25.254436725682798,24.762654814734336,24.994081271789966,23600900
2022-12-27,25.01336669921875,25.167651000403847,24.733725253812043,24.926581549900387,29548100
2022-12-28,24.627656936645508,25.186938010736196,24.589084940191103,24.91693955319744,26176900
2022-12-29,25.273719787597656,25.350863775815828,24.830152890626614,24.849438887681156,30944800
2022-12-30,25.485864639282227,25.514791798558655,24.87836854547992,24.97479670123423,31030100
2023-01-03,25.775144577026367,26.102999168842448,25.428005827443503,26.08371317186176,31308000
2023-01-04,26.691207885742188,26.922634320453884,26.189783024259942,26.43085245698635,37665200
2023-01-05,26.57549476623535,26.7876370522534,26.401924473752903,26.459782464056307,33552600
2023-01-06,27.703702926635742,27.800131082045727,26.401927426636167,26.932281361784042,31788600
2023-01-09,28.262981414794922,28.80297829961147,27.80977151713731,27.80977151713731,37493200
2023-01-10,28.388338088989258,28.455837238674977,27.88691320673265,28.195481799132445,23008100
2023-01-11,28.78369140625,28.812618561855047,27.964054945186252,28.61976411403725,30375400
2023-01-12,29.20797348022461,29.29475678431053,28.41726419246989,28.90904605809714,28963900
2023-01-13,29.034406661987305,29.092262818027177,28.745122203359855,28.899406512275544,31361900
2023-01-17,28.54262351989746,29.179046726826428,28.465481368730735,29.101904575659702,34759100
2023-01-18,27.780841827392578,28.754762588389678,27.6072715358387,28.735476591725053,44199600
2023-01-19,27.404775619506836,27.732630224266018,27.231205318256215,27.58798891962849,36886600
2023-01-20,28.176197052001953,28.18584005084388,27.24084823490285,27.40477553678764,35158500
2023-01-23,29.188688278198242,29.4008287235835,28.13762537116362,28.282266667526926,38795800
2023-01-24,28.851192474365234,29.111547927414794,28.66797917341769,28.870478472194236,24855100
2023-01-25,28.639049530029297,28.822260975860168,28.127981667205173,28.46547924306209,28268000
2023-01-26,29.015119552612305,29.034405550291837,28.28226819371583,28.986190556093007,56088100
2023-01-27,27.15406036376953,27.231202507561513,25.82335792355445,26.102997505095207,148548200
2023-01-30,26.95156478881836,27.49155983268477,26.681566347278196,26.729779500775336,55145800
2023-01-31,27.250490188598633,27.279419184014884,26.546567853061564,26.787637297221977,52621600
2023-02-01,28.03155517578125,28.378695770150827,26.691209630742602,26.893707084648902,63330600
2023-02-02,29.111543655395508,29.21761294946174,27.771196430395044,28.20512212180054,62230700
2023-02-03,29.236902236938477,30.056538724554706,28.4751237408344,28.5619088888887,57603100
2023-02-06,28.002225875854492,28.939211261132034,27.924143760414697,28.84160815142617,48726400
2023-02-07,28.353595733642578,28.56832295693167,27.748459777304095,27.963185138968626,50780800
2023-02-08,27.563013076782227,28.421918216464604,27.53373158510289,28.255993486863996,36479100
2023-02-09,27.065242767333984,28.1291129163864,26.90907851257627,27.99246965887959,43906400
2023-02-10,27.133562088012695,27.319007822872113,26.68459035918154,26.967637348743658,31232500
2023-02-13,27.865583419799805,27.865583419799805,27.055480697189722,27.20188630644277,32347500
2023-02-14,27.95342445373535,28.031506572145943,27.31900700894623,27.699657103494793,27928900
2023-02-15,28.15839195251465,28.187671584208548,27.4849324991859,27.680138731393377,23359400
2023-02-16,27.523975372314453,28.13887185871126,27.45565188571511,27.816782868384426,28972500
2023-02-17,26.948116302490234,27.397087999461537,26.723628592380113,27.32876638136803,32086200
2023-02-21,25.435274124145508,26.616268274114095,25.415754990518632,26.460104035351655,63668400
2023-02-22,24.859416961669922,26.255136427710145,24.693492230847845,25.28886953467257,89195300
2023-02-23,24.996063232421875,25.45479545717064,24.713014382393666,25.161987971011783,56473200
2023-02-24,24.537328720092773,24.742295446145526,24.32260335807878,24.61541083915464,44089900
2023-02-27,24.303081512451172,24.966780432064013,24.283560517962677,24.93749894033127,37657000
2023-02-28,24.33236312866211,24.517808854002507,24.13715690602753,24.34212362595629,50255300
2023-03-01,24.722774505615234,25.298630833078455,24.371404038247963,24.42996702389222,47823400
2023-03-02,25.57192039489746,25.669521652354405,24.517810804390407,24.60565156377673,48309300
2023-03-03,25.767122268676758,25.845204384032996,25.386472189018157,25.5719179110984,36744900
2023-03-06,25.366952896118164,25.903769104117636,25.30839177107945,25.8354456196771,37879800
2023-03-07,24.917980194091797,25.366951904546383,24.888698701904726,25.220548166860084,43164600
2023-03-08,25.357189178466797,25.38647066808027,24.83989589333264,24.94725763199998,36071900
2023-03-09,25.80616569519043,26.33321953780848,25.347431612988608,25.35719211065509,54886100
2023-03-10,26.567466735839844,26.860276090206522,25.689042395989084,25.913528264532957,65187000
2023-03-13,26.303939819335938,26.655308426042993,25.97209034627264,26.09897309226763,50977000
2023-03-14,27.33852767944336,27.42637029431564,26.5967466325355,26.694349744796313,47689800
2023-03-15,27.728939056396484,27.816781673769935,26.99691848603412,27.065240108074672,49322800
2023-03-16,29.456504821777344,29.544347429526134,27.70941502502295,27.70941502502295,75779500
2023-03-17,29.095378875732422,30.256852106897263,28.734249747934122,29.202742495057443,80628500
2023-03-20,28.460960388183594,29.18322048020236,27.943665167769986,29.085617362551254,38780100
2023-03-21,27.777738571166992,28.470718984748284,27.309245871678645,28.304794254309765,55650800
2023-03-22,27.455650329589844,28.421919107429034,27.426370698617145,27.797260296726222,37415500
2023-03-23,28.334077835083008,28.460960585773083,27.543494252082628,27.69965849675871,43785500
2023-03-24,28.65616798400879,29.095379241854463,28.236475861320354,28.343839481996387,55912100
2023-03-27,28.48048210144043,29.017296469606507,28.38287898133078,28.665927843486305,34758200
2023-03-28,28.58784294128418,28.626883068558943,27.943663155817884,28.38287622281206,37407900
2023-03-29,30.76438331604004,31.125512402388914,29.046574912128595,29.056335409276464,85556200
2023-03-30,31.320720672607422,31.798975756041244,31.047432319448752,31.086474310596248,70077600
2023-03-31,31.886812210083008,32.11130178037021,30.9693478278506,31.037669445503603,59765000
2023-04-03,32.10154342651367,32.755483778380075,31.759935295631553,32.15034405617549,57038300
2023-04-04,32.3065071105957,33.02876906193482,32.052741611786914,32.062500248058726,55714100
2023-04-05,32.04298782348633,32.19915209020703,31.56473266232617,32.01370446374195,39615700
2023-04-06,32.02345657348633,32.208900417337865,31.681844789656303,31.818488013888867,28551900
2023-04-10,31.74041175842285,31.974656251348996,31.428083285688604,31.81849201498187,30534400
2023-04-11,31.574481964111328,32.316264804141184,31.54520233627418,31.87705177034044,27059100
2023-04-12,31.252397537231445,32.101540325723725,31.19383455334442,31.98441808119869,37070800
2023-04-13,31.359764099121094,31.65257159963099,30.891269492030702,31.057194238752892,29722300
2023-04-14,31.12551498413086,31.467126827768343,30.9303106098554,31.232878600038376,24623600
2023-04-17,31.36952018737793,31.85753388966632,31.008391090194262,31.18407632087801,29601100
2023-04-18,31.066951751708984,31.681848188343167,31.018151126854903,31.65256855808052,26041400
2023-04-19,30.40325355529785,30.76438451737318,30.334931934219302,30.35445292927733,25746600
2023-04-20,30.120206832885742,30.500856931673162,29.973801230314056,30.022603718379475,30255100
2023-04-21,29.57362937927246,30.100685067139953,29.505307759354345,30.100685067139953,28655800
2023-04-24,28.948974609375,29.64195508107446,28.90017398052806,29.407706850060094,38732500
2023-04-25,28.187671661376953,28.861131116549412,28.177913025202002,28.734248368404405,38289900
2023-04-26,28.353595733642578,29.095376794335365,28.148630869547965,28.5000013355668,41218800
2023-04-27,29.144182205200195,29.23202483051508,27.82654468710169,28.060791067399798,60186200
2023-04-28,30.315410614013672,31.789212215845687,30.071403763279058,31.213355899182034,80252400
2023-05-01,29.57362937927246,30.491095653546697,29.554110246170513,30.3642129110737,36918500
2023-05-02,29.05633544921875,29.84691710303838,29.03681445489617,29.573628767395718,33463400
2023-05-03,29.915241241455078,30.3642148405713,29.524830630239645,29.90548074347161,45554500
2023-05-04,30.615957260131836,31.086368450197742,29.77313580932783,29.831938610021997,46104000
2023-05-05,30.370952606201172,30.78256288390154,30.11614606579161,30.753161482191516,35024600
2023-05-08,30.15534782409668,30.22394922525371,29.78293754746141,30.086746422939655,30882800
2023-05-09,29.49873161315918,29.96914282549875,29.31252647397343,29.773137219066594,30706500
2023-05-10,29.371328353881836,29.792739112805663,28.900917126396287,29.68493770812026,40526500
2023-05-11,28.283498764038086,29.08711830196539,28.244296899140267,29.00871644141755,47144400
2023-05-12,28.371702194213867,28.51870545480219,28.146295200780703,28.45010405781083,24153800
2023-05-15,29.204723358154297,29.234124760049205,28.303100928438564,28.32270186303517,28717500
2023-05-16,28.636310577392578,29.302727428498926,28.62651010967065,29.028321809277315,22812000
2023-05-17,28.29330062866211,28.96951600834132,28.107095499689855,28.930316010753835,41667300
2023-05-18,29.087120056152344,29.165521921428446,28.29330093657583,28.420703266681524,36529200
2023-05-19,29.332128524780273,29.635935543989117,28.91071776338681,29.00872057033265,40683000
2023-05-22,29.67513656616211,29.841740772433006,29.224324414797557,29.25372581681525,28693400
2023-05-23,28.920515060424805,29.59673229804394,28.90091412733489,29.449727169117445,29400900
2023-05-24,28.420705795288086,28.900917496484908,28.244301115410053,28.724512816606875,28045800
2023-05-25,26.852663040161133,27.724885860098915,26.323450937587317,27.724885860098915,78009400
2023-05-26,28.420705795288086,28.508908135227102,26.558659927377448,26.891868351758603,71910600
2023-05-30,29.39093017578125,29.43993251506952,28.42070628885094,29.10672408490176,54874800
2023-05-31,30.811962127685547,31.64498309198206,29.07731880248832,29.106720202139208,136243800
2023-06-01,30.508153915405273,31.301974899480218,30.400352519575563,31.16477023413201,52667400
2023-06-02,30.684560775756836,30.958968256854796,30.21414955323008,30.772763113636607,36521000
2023-06-05,29.263526916503906,30.772763403645975,29.234125513850884,30.684561064934964,48244100
2023-06-06,30.341550827026367,30.82176436940935,29.106721878535176,29.175323279090467,42295300
2023-06-07,30.655160903930664,30.74336324083592,30.312152023660012,30.41015482791563,39098000
2023-06-08,31.184371948242188,31.213773349248747,30.439553279307525,30.802163081396642,35199000
2023-06-09,30.713960647583008,31.35097604666667,30.067144781529084,31.292175114093027,40218000
2023-06-12,32.40940475463867,32.63480990512271,30.73356402375987,30.772764025508007,59881600
2023-06-13,33.23262023925781,33.27182210422168,32.40939976749475,33.095417450379905,51990000
2023-06-14,34.869266510009766,34.88886370620157,33.12482070775246,33.193422109911886,74404300
2023-06-15,35.104469299316406,35.69248237005532,34.51645622857749,34.57525529255383,67676300
2023-06-16,35.64347839355469,36.0648890901967,34.88885932604447,35.63367979668896,110240300
2023-06-20,34.30084991455078,36.36870175041591,34.02644431155308,36.03549334456329,65970200
2023-06-21,32.2427978515625,34.349847649977356,32.17419645626733,34.22244345650248,70973500
2023-06-22,32.05659484863281,32.57601028427737,31.488182682818767,32.03699391346735,45740300
2023-06-23,32.340797424316406,32.78180904598346,31.39017278855582,31.56657743722264,46327100
2023-06-26,32.67401123046875,33.31102853878273,32.43880374691549,32.527006085935945,38952400
2023-06-27,33.41883087158203,33.546235091607585,32.3506041155903,32.55641208286126,33038900
2023-06-28,32.8994140625,33.13462152950488,32.370200065610916,32.93861593008346,33906900
2023-06-29,32.252601623535156,32.67401239853167,31.84099318572252,32.67401239853167,38313000
2023-06-30,32.77200698852539,32.88961258096364,32.49760141649386,32.693606998728754,33811300
2023-07-03,32.94841384887695,33.21302084186965,32.4780026630552,32.87001385382122,15753000
2023-07-05,31.8605899810791,32.66421338768522,31.85079138251512,32.644612452061054,37664700
2023-07-06,31.331375122070312,31.399978390882627,30.753160655387852,31.262773722505944,41693600
2023-07-07,31.213773727416992,31.762586801452922,31.18437232605422,31.360776995734906,28356300
2023-07-10,32.085994720458984,32.174197050108674,31.13537002740073,31.233372823594593,36305700
2023-07-11,32.63480758666992,32.69361038898678,31.850788914924802,32.16439638362285,28148800
2023-07-12,33.30122756958008,33.39923224945889,32.39960694567266,33.017019605675934,37762200
2023-07-13,33.19342041015625,33.61483113812526,32.948414346848494,33.46782974323811,32745800
2023-07-14,32.4878044128418,33.19341930959561,32.34079928433291,33.10521698018942,30438700
2023-07-17,33.68343734741211,33.908842509227924,32.409406383954895,32.49760872888251,34111200
2023-07-18,33.81083679199219,34.00684239065943,33.154222335727155,33.59523025960864,29662200
2023-07-19,33.77163314819336,34.14404339222299,33.64423269348231,33.71283408863307,26486700
2023-07-20,32.70341110229492,33.5266316955034,32.5662082931762,33.02682092821433,37878000
2023-07-21,33.34042739868164,33.56583254084737,32.752410570926834,33.05621945219162,79737000
2023-07-24,32.95821762084961,33.77163583016144,32.88961622025087,33.164021822645815,25225800
2023-07-25,33.41883087158203,33.654038374821795,32.73281677566697,33.026823350844346,31771100
2023-07-26,33.67363357543945,33.840235902211106,33.02681772483363,33.04641865830602,32643200
2023-07-27,33.859840393066406,34.33025163033883,33.428631026857396,34.12444741500018,58890800
2023-07-28,36.094295501708984,36.251099234687665,34.80066003151501,36.0158917659717,90863000
2023-07-31,35.05546951293945,36.447102218638456,34.957464840251916,36.13349474303034,55630700
2023-08-01,35.08486557006836,35.300472090127435,34.575252538062315,35.104466502664245,24702200
2023-08-02,33.703033447265625,34.47725350402442,33.59523018132506,34.44785397276639,39052000
2023-08-03,34.17344284057617,34.3302465631894,33.44822702542588,33.605030748039106,24817900
2023-08-04,34.56195068359375,34.975043685807705,33.91280775321122,33.91280775321122,26674900
2023-08-07,34.65046691894531,34.965202626684565,34.17836335733644,34.82750622354184,22486900
2023-08-08,34.44392395019531,34.52260600489445,33.30300601746458,34.09967917404251,34753600
2023-08-09,33.71609115600586,34.52260181653971,33.666914408791904,34.4242483221118,28720200
2023-08-10,34.10951232910156,34.51276765572121,33.9128015900796,34.12918377819829,30957300
2023-08-11,34.31605529785156,34.37506964235775,33.79477505318806,33.89312854208661,28783700
2023-08-14,35.09306335449219,35.12256865307454,33.90296878702895,34.09967578017183,36896100
2023-08-15,34.198036193847656,35.04388984965245,34.17836474232362,34.82750763483381,27420300
2023-08-16,32.97842788696289,34.060335058987285,32.909579692154864,33.95214396659032,35757300
2023-08-17,32.044063568115234,33.037447503043396,31.817843746867872,33.007942201118006,39906700
2023-08-18,32.21126174926758,32.368629595522066,31.650638562489394,31.699815310954158,23701100
2023-08-21,32.5948486328125,32.6243539342114,31.49327360788662,32.063730695957865,43718200
2023-08-22,32.34896469116211,33.24399520132266,32.28995408184249,32.6735380502047,23425300
2023-08-23,33.42103576660156,33.588241253719055,32.260446215831806,32.33913203375682,32324300
2023-08-24,32.05389404296875,33.52921901502571,31.955540545609786,33.165306572463045,37931000
2023-08-25,32.70304489135742,32.85057892548043,31.817848190512066,31.994887530681137,27324800
2023-08-28,33.066951751708984,33.22431961020821,32.66369637980811,32.94892679582099,22341800
2023-08-29,33.74560546875,33.912807185742764,32.9194232300927,32.93909468243524,29943600
2023-08-30,33.96198272705078,34.089845286735404,33.22432017432113,33.499716745329984,26279200
2023-08-31,34.56195068359375,34.975043685807705,33.73576843111181,33.75543988378352,48157600
2023-09-01,36.00776672363281,36.14546312570516,35.142241658105185,35.20125600982714,43808500
2023-09-05,36.10612106323242,36.794606841531916,35.860233553264436,35.978262259449934,43379400
2023-09-06,36.371681213378906,36.43069556840109,35.437307894562714,35.958591984060924,39643400
2023-09-07,37.551944732666016,37.709312605354064,36.1454677290402,36.22415354135724,67659700
2023-09-08,37.384735107421875,38.19124958635702,37.08967084787984,37.492926211374595,44255200
2023-09-11,37.955196380615234,38.10273038812013,37.217533846982086,37.61095536569803,36349300
2023-09-12,38.22075271606445,39.410847288064396,38.014208121309835,38.014208121309835,55326600
2023-09-13,38.07322311401367,38.50598755520661,37.62079097271727,38.161742772262606,35407800
2023-09-14,38.033878326416016,38.26009813780729,37.66996586139009,38.17157848394199,30616500
2023-09-15,37.25687789916992,37.88634934698742,37.001152778527945,37.78799208829982,68881200
2023-09-18,37.36506652832031,37.758484281127345,36.892959221839014,37.00115032324325,29322200
2023-09-19,35.74220657348633,37.473252894705155,35.42747087871927,37.41424229690223,53288100
2023-09-20,34.119354248046875,35.65369387300653,34.060343638743994,35.624188568355095,57660800
2023-09-21,34.080013275146484,34.67014184838313,33.893136350462974,34.00132746434375,45240600
2023-09-22,33.61773681640625,34.31605636434601,33.57839391884607,34.23737432117086,29232700
2023-09-25,33.72593307495117,33.804615130179045,33.21448658415974,33.44070265186533,21729400
2023-09-26,33.27349853515625,34.20786804017717,33.08662163259565,33.578396636057406,34198300
2023-09-27,34.040672302246094,34.25705454229174,33.32268112166737,33.36202027735607,44369100
2023-09-28,34.60129165649414,35.073395238410804,33.8144523532997,34.080011321617654,32265300
2023-09-29,34.965206146240234,35.319284791074416,34.58162219831852,35.06356340977526,28763700
2023-10-02,34.876686096191406,35.38813260503356,34.404582492324636,35.02422011387612,26086200
2023-10-03,35.10289764404297,35.93891738317694,34.68980845092264,34.68980845092264,45292600
2023-10-04,35.33895492553711,35.919249626936264,34.74882637412426,35.919249626936264,39842200
2023-10-05,35.29961013793945,35.50615474471777,35.01437972746714,35.37829594163346,25771200
2023-10-06,35.59467697143555,35.860235950184574,34.601293015622566,35.27994123779504,33262200
2023-10-09,35.46681594848633,35.57500330172597,34.9160265729728,35.11273733222375,19376100
2023-10-10,35.830726623535156,36.135628472732584,35.220926677085785,35.54549622447423,24044100
2023-10-11,36.27333068847656,36.420860960239764,35.78155561204039,36.01760554763995,19262600
2023-10-12,36.233985900878906,36.6077359901128,35.79138760467375,36.19464299633936,23639200
2023-10-13,35.378299713134766,36.184810527248196,35.27010859749462,36.13563377066977,28390100
2023-10-16,35.95859146118164,36.3323377817168,35.4864878837064,35.54549848592473,29555800
2023-10-17,35.46681594848633,35.75204260985726,34.493099753764234,35.3291157906487,24993600
2023-10-18,35.0537223815918,35.42747244260579,34.8668492270576,34.935697428830494,22086000
2023-10-19,35.083229064941406,35.76188101195215,34.93569880615984,35.36845948464315,29201800
2023-10-20,34.34556579589844,35.68319445840024,34.29638904400115,35.063560630992285,32303300
2023-10-23,33.29316711425781,34.611124308475915,32.84073499957213,34.03082963896319,53924700
2023-10-24,34.020999908447266,34.13902487614475,33.08662651363912,33.08662651363912,52673900
2023-10-25,32.289955139160156,33.88330542604822,32.01455852951492,33.61774641957582,44658500
2023-10-26,31.985048294067383,32.673534084145444,31.62113582363375,32.348960764501015,59142500
2023-10-27,34.95536804199219,35.781550195415,34.03082863700385,34.08984298794316,84128200
2023-10-30,35.10289764404297,35.36845659045408,34.34556370471026,34.886519198480364,36656300
2023-10-31,35.89957809448242,35.96842630026138,35.034052969330894,35.07339587318911,41185200
2023-11-01,36.67658233642578,36.706087637360646,35.68319468290073,35.899576894944936,41710700
2023-11-02,37.079837799072266,37.197862755048476,36.302832355675335,36.961812843096055,35440000
2023-11-03,37.51259994506836,37.68963926195629,37.0503302007559,37.37490353236572,30502700
2023-11-06,37.44845962524414,37.695155665246695,37.34977895067342,37.51753421530223,23877200
2023-11-07,38.257625579833984,38.38590858551384,37.478065123885656,37.73463113524536,32052000
2023-11-08,37.418853759765625,38.37603560514898,37.251102258437705,38.336563335089636,33483400
2023-11-09,37.30044174194336,38.010927565462474,37.270839420724386,37.54713779018939,48955800
2023-11-10,38.346431732177734,38.47471472253525,37.73462662816008,37.73462662816008,38862500
2023-11-13,37.724754333496094,38.06026106599183,37.635943617121264,37.84316736723504,24558300
2023-11-14,38.88916015625,38.96810468892508,37.56686934820241,38.287221269591264,45457400
2023-11-15,40.073307037353516,40.300266952053384,39.05692051407083,39.066786699804304,47392100
2023-11-16,42.777095794677734,42.826438018676825,40.2805328430779,40.45815430948169,86405700
2023-11-17,43.231014251708984,43.231014251708984,41.99753408460766,42.34290702568293,49735000
2023-11-20,44.14872360229492,44.33621123172494,43.20140797728784,43.20140797728784,44564900
2023-11-21,43.063262939453125,44.06978329979618,42.72775615267211,43.911897974504114,37252100
2023-11-22,43.09286117553711,44.04017680174799,42.96458194884538,43.44810406483085,31481200
2023-11-24,43.3790283203125,43.41850058791116,43.0336553895308,43.10272997568714,13037100
2023-11-27,43.49745178222656,43.96123782252361,43.07313425128787,43.07313425128787,33339900
2023-11-28,43.64546585083008,43.793484990397744,43.08299914332588,43.112601465526176,24548900
2023-11-29,44.3460807800293,44.74079596740847,44.010574000041906,44.010574000041906,38982000
2023-11-30,44.1092529296875,44.49409815176386,43.82308461840098,44.05991447429258,46263000
2023-12-01,43.16194152832031,43.77374666363665,42.29357039916354,43.77374666363665,43928400
2023-12-04,41.790306091308594,42.73762170997078,41.13902872088735,42.72775176074531,50417600
2023-12-05,41.365989685058594,41.731102530170645,41.06008900826224,41.35612349986118,31859300
2023-12-06,40.72458267211914,42.027137460168056,40.6259019977016,41.91859060045017,31992300
2023-12-07,41.592952728271484,41.87911726610087,40.6357709143088,41.19823756920078,29118700
2023-12-08,42.135684967041016,42.39224719590146,41.257447654791754,41.28704997543026,42815000
2023-12-11,43.95136642456055,44.138854055701096,42.51066248602941,42.58960325966863,48288200
2023-12-12,43.457977294921875,43.85268871838199,43.05339592141253,43.77374793940317,31452200
2023-12-13,43.9809684753418,44.128987600899464,42.75735825929165,43.497446358514516,35216100
2023-12-14,44.582908630371094,46.44793008966711,44.05991423037119,44.41515336581766,70620800
2023-12-15,45.549957275390625,46.64528830971267,45.06643137433316,45.33286355275876,84583400
2023-12-18,45.08616638183594,45.61903072535941,44.800001839676554,45.540089950920446,27895700
2023-12-19,46.04335021972656,46.06308635526833,44.908546893913886,44.99735762171038,35358800
2023-12-20,45.15523910522461,46.32951460235054,45.09603446791247,46.02361017386815,38159100
2023-12-21,46.457801818847656,46.497270325887236,45.411809214497815,45.865729041858266,28320500
2023-12-22,47.365638732910156,47.52352404478188,46.57621217355154,46.625550627708435,30095700
2023-12-26,49.83259963989258,49.852335774632216,48.06625510566455,48.27347887400653,60287400
2023-12-27,50.08916473388672,50.60229297367966,49.526698036558166,49.96088549715075,52148000
2023-12-28,49.72405242919922,50.19770836675126,49.497092527723204,50.13850372723399,27705200
2023-12-29,49.58590316772461,49.9016737922272,49.11224723097072,49.63524162200012,29288700
2024-01-02,47.16828155517578,48.727402316983216,46.82290860884264,48.54978086907395,45905700
2024-01-03,46.428192138671875,47.178150178605605,46.18149610842996,46.47753059186372,35858400
2024-01-04,46.250572204589844,46.536740512433994,44.64211674522337,45.11577268702602,47797800
2024-01-05,46.27030944824219,47.19788898358277,46.02361340404019,46.408458630710044,34344000
2024-01-08,47.8096923828125,48.115593057371974,46.34925230589207,46.44792921427588,42135100
2024-01-09,47.41497802734375,47.91824005579795,47.16828198790462,47.37550575760561,30097000
2024-01-10,46.84264373779297,47.6616726062049,46.31964559049682,47.60246796769483,31480200
2024-01-11,47.01039505004883,47.207752627642286,46.112421648067155,46.81303747245537,31707900
2024-01-12,46.49726867675781,47.03999921320337,45.994010410234836,46.97092462298027,27587900
2024-01-16,46.43806457519531,46.595949892435485,45.76705103585386,46.35912003443378,43720700
2024-01-17,45.45127868652344,45.80651781369869,45.04669734109243,45.80651781369869,33488000
2024-01-18,46.12229537963867,46.941324312035725,45.559824919872035,46.408459938119755,46681300
2024-01-19,47.51365661621094,48.115591764024586,45.82625291965619,46.37885337888682,55979800
2024-01-22,47.58273696899414,48.52017897988624,47.01040030640689,48.20440832614263,45639500
2024-01-23,48.24387741088867,48.29321586647265,46.6946265669979,47.48405314919019,37224100
2024-01-24,48.44123458862305,49.1122481188933,47.6320718781706,48.520175364034515,49375800
2024-01-25,48.8951530456543,49.63524114553085,48.32282020584345,49.33920665843677,84845100
2024-01-26,43.07312774658203,44.80986611742092,42.77708950325992,43.5961221183612,127665300
2024-01-29,43.260616302490234,43.40863542733626,42.24422985568122,43.1323333119092,51790900
2024-01-30,42.3527717590332,43.2408789546181,42.323169440607906,43.09285983392641,47958800
2024-01-31,42.51066207885742,43.21127790693192,41.80017630149584,42.00740006513206,51584200
2024-02-01,42.78696060180664,42.994184366273146,41.92845946024345,42.579736837340135,38819900
2024-02-02,42.03700256347656,42.56986689876739,41.05021843039699,42.43171772242148,53683500
2024-02-05,42.20475769042969,42.57973671381655,41.869250935669385,42.05673856522146,28890300
2024-02-06,42.29877853393555,42.3383627277486,41.70497032294128,42.259190564805955,34068200
2024-02-07,42.33836364746094,42.65505985674417,42.11073848299591,42.44722867727391,34269200
2024-02-08,42.061256408691406,42.52640562884181,41.89301319520865,42.278986473496566,33206500
2024-02-09,42.862892150878906,43.07072331744834,41.96228665376166,42.1107358690328,51193000
2024-02-12,43.57545852661133,44.57503398469183,42.87278906222066,42.94206612066388,51107300
2024-02-13,42.714439392089844,43.17958857482636,42.31856726525242,42.55609129641815,36622200
2024-02-14,43.73380661010742,43.83277653306883,42.94206610299881,43.36762733344154,36186200
2024-02-15,43.595252990722656,44.802659637413264,43.56556390115373,44.29792246284209,44024500
2024-02-16,43.060829162597656,43.76350244978494,42.67485587510025,43.57546147103312,29975300
2024-02-20,44.060401916503906,44.703689430093235,42.97175541030291,43.80308389081493,61514100
2024-02-21,43.021244049072266,44.22864696301597,42.6352707698016,44.020815778072794,57485200
2024-02-22,42.53630065917969,44.218751667634606,42.090945425277404,44.218751667634606,62809300
2024-02-23,42.54619598388672,43.060824460813436,42.21960091454698,42.68475009500671,33810700
2024-02-26,42.54619598388672,43.22907143525656,42.3779490094436,43.05092935658332,27035400
2024-02-27,42.28887939453125,42.82330564855216,42.07114934097092,42.803511664108804,25126400
2024-02-28,41.5565185546875,42.011768845825976,41.477342621281004,42.001869966492016,26928500
2024-02-29,42.60557556152344,42.704545483662436,41.922700087688604,41.93259519224425,48875100
2024-03-01,43.36763000488281,43.812985247351655,42.684754483308424,42.96186273403715,41426100
2024-03-04,45.13915252685547,46.12882917502045,43.39731951190769,43.812985667301724,59990800
2024-03-05,42.714439392089844,44.406785372452866,42.249290209353326,44.09998806070443,56655100
2024-03-06,44.05050277709961,45.04017935400904,43.11031304928887,43.476492325656736,52652000
2024-03-07,45.67357635498047,45.94078571326764,44.71358885003174,45.07976813297767,50378200
2024-03-08,43.54576873779297,46.14861915352694,43.54576873779297,45.960578190502105,54916600
2024-03-11,44.39689254760742,44.46616960706335,43.20927988143693,43.4171110598047,35051000
2024-03-12,44.772972106933594,44.80266119753635,44.00102177341143,44.59483001268361,31795800
2024-03-13,42.78371810913086,44.51565212448583,42.75402901982607,44.0505029236892,53195900
2024-03-14,42.30867385864258,42.90247829740919,42.07114981794601,42.783718164719176,38100000
2024-03-15,42.199806213378906,42.70454335281141,41.912799116471504,42.011769033672145,66952900
2024-03-18,42.26908874511719,42.93217406267901,42.16022370974758,42.64516692858036,27668300
2024-03-19,41.61589813232422,41.853422165234505,41.01219483335548,41.81383419719672,34673000
2024-03-20,41.76435089111328,42.5659864751525,40.98250551566579,42.54619626656077,74865000
2024-03-21,41.982078552246094,43.149897214242884,41.883112404748005,42.546197673998094,50807600
2024-03-22,42.130531311035156,42.35815646924932,41.65548701015561,41.81383511044879,28503100
2024-03-25,41.39817428588867,41.78414755859529,40.15117964680319,40.46787585904025,47276500
2024-03-26,41.5565185546875,41.83362677097765,41.229923492360136,41.51693058798425,39109700
2024-03-27,43.318145751953125,43.37752770777571,42.061256001916675,42.100843972465064,51017800
2024-03-28,43.714012145996094,44.139573371770645,43.25876183131705,43.30824490459669,54204200
2024-04-01,44.060401916503906,44.94121347108948,43.72391172736055,43.832776755512306,31712600
2024-04-02,43.486385345458984,43.62494323084944,43.05092903160946,43.47649024130356,32748400
2024-04-03,39.91366195678711,41.22003486058666,39.80479691891767,40.97261569281679,83718000
2024-04-04,39.31985092163086,40.3590105980652,39.29016183168939,40.170973402908174,57307200
2024-04-05,38.31038284301758,39.0526403426771,38.11244675471166,38.943775305343,67263000
2024-04-08,37.58791732788086,38.4588338048539,37.518640266960844,38.24110374178147,56967800
2024-04-09,37.934303283691406,38.18172241669127,36.94462675169194,37.65719128751643,78671700
2024-04-10,36.81597137451172,37.82544198969589,36.63782927916647,37.62750590872153,51108400
2024-04-11,37.24153137207031,37.28111556667766,36.697209999223986,37.04359529776712,41909100
2024-04-12,35.321556091308594,36.32113156006494,35.23248504731364,36.311232680000735,80254800
2024-04-15,35.935157775878906,36.32113103584749,35.519491651462836,35.66794464775069,50751600
2024-04-16,35.88566970825195,36.13308884345184,35.390831437852185,35.895568587837126,30607500
2024-04-17,35.31166076660156,35.757015983802184,35.00485966690412,35.727323119111105,41173300
2024-04-18,34.67826843261719,35.29186685801872,34.41105530172058,35.054342816560656,42334400
2024-04-19,33.84693908691406,34.76733858919146,33.82714510268787,34.76733858919146,59070300
2024-04-22,34.054771423339844,34.213119527250065,33.72818011072603,34.06466652813322,39909900
2024-04-23,33.92611312866211,34.242809343199326,33.82714697736298,33.98549508463159,46834000
2024-04-24,34.14384078979492,34.816821142169815,33.9854926936665,34.50012494991297,53261100
2024-04-25,34.74754333496094,34.93558051526241,34.14384005173473,34.203222002242924,66549400
2024-04-26,31.55088996887207,31.907176045518334,30.323691180607266,31.45192381651619,119742500
2024-04-29,31.036258697509766,31.580580070998817,30.74925157819707,31.531096996193742,58533300
2024-04-30,30.155445098876953,30.858116461249818,30.105962024307132,30.719562342327688,72346400
2024-05-01,30.05647850036621,30.719561883042896,29.710091320581384,29.858542429729663,60654800
2024-05-02,30.195032119750977,30.353380218588107,29.87833592207671,30.274206169169542,50899400
2024-05-03,30.581005096435547,30.739353193831782,30.383070918519365,30.660179145133664,36794800
2024-05-06,30.774776458740234,31.003328068462462,30.536289553022886,30.923832433223346,36185600
2024-05-07,30.486604690551758,31.251751344198457,30.417046248461222,30.894020047360957,44683400
2024-05-08,29.81089210510254,29.959946186562956,29.5425936212785,29.81089210510254,63734600
2024-05-09,29.90032386779785,30.198432020098114,29.622088202412307,29.741332600527656,45003400
2024-05-10,29.66183853149414,30.267992059188092,29.65190133984991,30.138812358464122,42931300
2024-05-13,30.317676544189453,30.933767233590086,29.810891166912885,29.84070274039695,51459100
2024-05-14,30.854272842407227,30.913895991776922,30.417047785649103,30.42698497721072,47759900
2024-05-15,31.072887420654297,31.202067120946793,30.615786083174033,31.182192737724716,36992900
2024-05-16,31.828094482421875,32.056644199568396,31.32131098625367,31.430616301444132,47752800
2024-05-17,31.629356384277344,31.907592059017553,31.390869475353796,31.8579079970722,41449800
2024-05-20,31.897653579711914,32.21563613099912,31.55979854046339,31.649231369928607,31989000
2024-05-21,31.5399227142334,32.036772797045785,31.420680210618762,31.77840961678809,42975400
2024-05-22,31.221940994262695,31.867843275827525,30.90395844920465,31.708852003298507,36706400
2024-05-23,29.8903865814209,31.37099393773446,29.68171125454082,31.25175143532453,62014500
2024-05-24,30.526351928710938,30.82446197812326,29.94007091639133,30.099064079939822,42434500
2024-05-28,30.86421012878418,31.172257382164105,30.466731941725964,30.744967620329465,36799100
2024-05-29,29.94007110595703,30.476668061101428,29.920198618797393,30.277928026901556,35848600
2024-05-30,29.99969482421875,30.307740177296864,29.870513230933255,30.019567311756507,33351000
2024-05-31,30.655534744262695,30.76484006095746,29.75127115934644,30.029504942197292,95797500
2024-06-03,30.099063873291016,30.874145826725712,29.86057507726836,30.83439895760554,35544900
2024-06-04,29.8407039642334,30.556164699264862,29.75127113543878,30.556164699264862,51027200
2024-06-05,30.585975646972656,30.645596899838363,29.820828969781854,30.079190259300518,44161700
2024-06-06,30.22824478149414,30.397173246523653,29.96988348819456,30.35742448048119,34248100
2024-06-07,30.546226501464844,30.585975266431074,30.019566737614863,30.059315502581093,34085500
2024-06-10,30.71515464782715,30.75490341238691,30.099063959754154,30.35742334809095,37396500
2024-06-11,30.7250919342041,30.834399141756844,30.337550955172254,30.57603785729381,25326900
2024-06-12,30.56610107421875,31.281561790135704,30.198432577294135,31.26168740752887,51323900
2024-06-13,30.26799201965332,30.387236423902817,29.950009468755333,30.18849638192882,33787200
2024-06-14,30.258056640625,30.36736195761891,30.01956783277801,30.099065365610674,28125900
2024-06-17,30.784713745117188,30.804588127819695,29.989757390271375,30.14874866124054,36235300
2024-06-18,30.436920166015625,31.27162530099019,30.307740466821567,30.79465147966915,33294700
2024-06-20,30.426984786987305,30.913895798509436,30.258056322146935,30.367361637990363,43826300
2024-06-21,30.894020080566406,31.162318553482905,30.476667532249213,30.65553318086021,90795200
2024-06-24,30.37729835510254,31.221940666114026,30.337551485050767,30.943704994449813,40611800
2024-06-25,30.546226501464844,30.635659327313434,30.099064267547327,30.506479631824043,29323600
2024-06-26,30.347488403320312,30.48660529023788,30.079189925414628,30.446856525218326,30743000
2024-06-27,30.397172927856445,30.466731372376067,30.099064766965085,30.228244464597882,30184300
2024-06-28,30.774776458740234,31.11263338233784,30.526352361702315,30.556163935664028,41467700
2024-07-01,30.645597457885742,30.824463115065406,30.417047738300834,30.71515590338328,32401800
2024-07-02,30.874147415161133,31.112634328128223,30.39717358922695,30.66547207706199,35999300
2024-07-03,31.033138275146484,31.14244548620724,30.71515572877935,30.923832959411207,24065700
2024-07-05,31.818159103393555,32.13614164734713,31.112633675586775,31.2020665029894,45309400
2024-07-08,33.77574157714844,33.87510969875,32.613114843025684,32.82179017277948,82315900
2024-07-09,34.3719596862793,34.99798949894323,33.507444853034585,34.79924945469186,97546900
2024-07-10,34.65019226074219,34.7495641747144,33.91485905060243,34.22290250728898,52256200
2024-07-11,33.2888298034668,34.928430399599435,33.10002884981283,34.809184100885474,55213700
2024-07-12,34.27259063720703,35.25634795426933,33.55712801341558,33.55712801341558,62792600
2024-07-15,34.242774963378906,35.00792159998404,34.093722786783545,34.48126375284248,39847900
2024-07-16,34.12353515625,34.232842368767805,33.626686947097056,34.143409539494236,28409900
2024-07-17,34.242774963378906,36.925755839253235,34.18315560900105,35.85256576329393,112304200
2024-07-18,34.65019226074219,36.07117841001198,34.31233533453851,34.73962508799172,84188600
2024-07-19,32.7721061706543,34.362022653681926,32.64292457982029,34.35208356711346,69628700
2024-07-22,33.15964889526367,33.19939766232487,32.55349346485917,33.07021606470152,48503700
2024-07-23,32.7422981262207,33.020531913608885,32.623055616004486,32.75223342263411,29466400
2024-07-24,31.50017547607422,32.59323995949019,31.460426711784343,32.32494148650973,62216700
2024-07-25,30.90395736694336,31.78834652633028,30.754903291082982,31.17225584068728,49774000
2024-07-26,31.152381896972656,31.361057227049322,30.824462167334016,31.23187753157216,38352500
2024-07-29,30.63566017150879,31.27162526588968,30.595913300772725,31.221941203638227,32342200
2024-07-30,29.94007110595703,30.715154964946016,29.820828601697457,30.655533712816226,48256600
2024-07-31,30.546226501464844,30.675408092279664,30.08912707630577,30.34748836260998,56110600
2024-08-01,28.866878509521484,30.516414316046976,28.70788724349436,30.238180548162198,107672500
2024-08-02,21.3445987701416,21.8414469830145,20.291281089542203,21.801700111553938,300895900
2024-08-05,19.983234405517578,20.26146817330116,19.168403693593557,20.072667229540986,147385700
2024-08-06,19.704999923706055,20.4999563012095,19.62550428595571,20.191910941842604,106670400
2024-08-07,18.989999771118164,20.25,18.950000762939453,19.920000076293945,97972300
2024-08-08,20.489999771118164,20.549999237060547,18.84000015258789,19.100000381469727,96836800
2024-08-09,19.709999084472656,20.149999618530273,19.5,20.079999923706055,76394500
2024-08-12,19.360000610351562,19.969999313354492,19.0,19.8700008392334,54677600
2024-08-13,20.469999313354492,20.479999542236328,19.469999313354492,19.479999542236328,77511300
2024-08-14,19.920000076293945,20.5,19.790000915527344,20.489999771118164,56758200
2024-08-15,20.690000534057617,21.059999465942383,20.229999542236328,20.31999969482422,84814900
2024-08-16,20.8700008392334,20.899999618530273,20.40999984741211,20.530000686645508,48582700
2024-08-19,21.520000457763672,21.860000610351562,20.84000015258789,20.889999389648438,65956300
2024-08-20,20.989999771118164,21.229999542236328,20.81999969482422,21.209999084472656,84161300
2024-08-21,21.40999984741211,21.440000534057617,21.06999969482422,21.06999969482422,57028900
2024-08-22,20.100000381469727,21.399999618530273,20.040000915527344,21.389999389648438,81444700
2024-08-23,20.540000915527344,20.93000030517578,20.260000228881836,20.31999969482422,73398400
2024-08-26,20.1299991607666,20.559999465942383,19.950000762939453,20.530000686645508,58534800
2024-08-27,20.06999969482422,20.260000228881836,19.84000015258789,20.1299991607666,43862000
2024-08-28,19.610000610351562,20.110000610351562,19.510000228881836,19.979999542236328,50144900
2024-08-29,20.1299991607666,20.600000381469727,19.75,19.760000228881836,64529700
2024-08-30,22.040000915527344,22.1200008392334,21.0,21.25,177785400
2024-09-03,20.100000381469727,21.690000534057617,19.989999771118164,21.540000915527344,115305500
2024-09-04,19.43000030517578,20.049999237060547,19.280000686645508,19.760000228881836,85871900
2024-09-05,19.399999618530273,19.899999618530273,19.239999771118164,19.280000686645508,65388800
2024-09-06,18.889999389648438,19.489999771118164,18.639999389648438,19.440000534057617,92686500
2024-09-09,19.06999969482422,19.540000915527344,18.950000762939453,19.0,64244100
2024-09-10,18.979999542236328,19.110000610351562,18.510000228881836,19.030000686645508,55621300
2024-09-11,19.639999389648438,19.690000534057617,18.520000457763672,19.010000228881836,71403100
2024-09-12,19.360000610351562,19.540000915527344,19.040000915527344,19.43000030517578,51520600
2024-09-13,19.65999984741211,19.799999237060547,19.489999771118164,19.489999771118164,44236300
2024-09-16,20.90999984741211,21.06999969482422,19.760000228881836,20.030000686645508,149337000
2024-09-17,21.469999313354492,22.579999923706055,21.239999771118164,21.709999084472656,196249800
2024-09-18,20.770000457763672,21.739999771118164,20.719999313354492,21.360000610351562,118727900
2024-09-19,21.139999389648438,21.690000534057617,21.030000686645508,21.280000686645508,99829200
2024-09-20,21.84000015258789,23.139999389648438,20.350000381469727,20.889999389648438,260377900
2024-09-23,22.559999465942383,22.81999969482422,22.030000686645508,22.43000030517578,184439100
2024-09-24,22.809999465942383,23.110000610351562,22.290000915527344,22.530000686645508,113082500
2024-09-25,23.540000915527344,24.059999465942383,22.729999542236328,22.799999237060547,117013400
2024-09-26,23.920000076293945,24.420000076293945,23.25,24.280000686645508,95416900
2024-09-27,23.90999984741211,24.65999984741211,23.700000762939453,24.15999984741211,85883300
2024-09-30,23.459999084472656,23.950000762939453,23.09000015258789,23.739999771118164,66308200
2024-10-01,22.690000534057617,23.719999313354492,22.260000228881836,23.459999084472656,86344400
2024-10-02,22.389999389648438,23.06999969482422,22.350000381469727,22.670000076293945,59033900
2024-10-03,22.260000228881836,22.729999542236328,21.649999618530273,22.139999389648438,49565900
2024-10-04,22.59000015258789,22.90999984741211,22.299999237060547,22.700000762939453,49845500
2024-10-07,22.3799991607666,22.649999618530273,22.020000457763672,22.399999618530273,54928700
2024-10-08,23.31999969482422,23.420000076293945,22.049999237060547,22.25,58650500
2024-10-09,23.459999084472656,23.479999542236328,23.059999465942383,23.25,44759000
2024-10-10,23.219999313354492,23.530000686645508,22.959999084472656,23.190000534057617,44874600
2024-10-11,23.559999465942383,23.81999969482422,22.979999542236328,23.049999237060547,43585300
2024-10-14,23.440000534057617,23.770000457763672,23.270000457763672,23.579999923706055,35403600
2024-10-15,22.65999984741211,23.719999313354492,22.469999313354492,23.40999984741211,68900600
2024-10-16,22.309999465942383,22.540000915527344,21.739999771118164,22.3799991607666,62151800
2024-10-17,22.440000534057617,22.81999969482422,22.399999618530273,22.719999313354492,43807600
2024-10-18,22.770000457763672,22.81999969482422,22.5,22.610000610351562,39971700
2024-10-21,22.84000015258789,22.8799991607666,22.25,22.610000610351562,39727000
2024-10-22,22.399999618530273,22.81999969482422,22.170000076293945,22.729999542236328,50160400
2024-10-23,21.979999542236328,22.43000030517578,21.579999923706055,22.299999237060547,45799100
2024-10-24,22.34000015258789,22.3700008392334,21.969999313354492,22.09000015258789,40554400
2024-10-25,22.68000030517578,23.34000015258789,22.40999984741211,22.420000076293945,67503000
2024-10-28,22.920000076293945,23.270000457763672,22.559999465942383,22.670000076293945,41915000
2024-10-29,22.899999618530273,23.139999389648438,22.40999984741211,22.8700008392334,83422200
2024-10-30,22.299999237060547,22.93000030517578,22.260000228881836,22.420000076293945,50941200
2024-10-31,21.520000457763672,22.25,21.469999313354492,22.149999618530273,112485500
2024-11-01,23.200000762939453,23.579999923706055,21.90999984741211,23.0,173471100
2024-11-04,22.520000457763672,23.0,22.0,22.959999084472656,84616300
2024-11-05,23.31999969482422,23.579999923706055,22.399999618530273,22.579999923706055,59153300
2024-11-06,25.049999237060547,25.1200008392334,24.049999237060547,24.299999237060547,116760500
2024-11-07,26.229999542236328,26.3799991607666,25.190000534057617,25.43000030517578,101489300
2024-11-08,26.200000762939453,26.43000030517578,25.829999923706055,26.0,76428000
2024-11-11,25.049999237060547,26.290000915527344,24.829999923706055,25.959999084472656,80185300
2024-11-12,24.15999984741211,24.959999084472656,23.889999389648438,24.65999984741211,62539700
2024-11-13,24.920000076293945,25.139999389648438,24.020000457763672,24.059999465942383,58202000
2024-11-14,25.030000686645508,25.610000610351562,24.93000030517578,25.1200008392334,49252100
2024-11-15,24.350000381469727,24.81999969482422,24.229999542236328,24.809999465942383,55104900
2024-11-18,24.84000015258789,25.020000457763672,24.15999984741211,24.329999923706055,59589500
2024-11-19,24.200000762939453,24.540000915527344,24.100000381469727,24.5,61190900
2024-11-20,24.010000228881836,24.209999084472656,23.549999237060547,24.06999969482422,50191500
2024-11-21,24.440000534057617,24.770000457763672,23.829999923706055,24.079999923706055,58928400
2024-11-22,24.5,24.68000030517578,24.139999389648438,24.350000381469727,36784700
2024-11-25,24.8700008392334,25.56999969482422,24.760000228881836,25.040000915527344,91128400
2024-11-26,24.049999237060547,24.989999771118164,23.809999465942383,24.950000762939453,69613600
2024-11-27,23.649999618530273,23.93000030517578,23.059999465942383,23.829999923706055,53992300
2024-11-29,24.049999237060547,24.280000686645508,23.600000381469727,23.719999313354492,36616800
2024-12-02,23.93000030517578,25.479999542236328,23.440000534057617,24.84000015258789,150497900
2024-12-03,22.469999313354492,23.75,22.440000534057617,23.68000030517578,138160500
2024-12-04,21.959999084472656,22.540000915527344,21.809999465942383,22.530000686645508,104649000
2024-12-05,20.799999237060547,22.190000534057617,20.65999984741211,22.040000915527344,167993500
2024-12-06,20.920000076293945,21.049999237060547,20.65999984741211,20.950000762939453,78539100
2024-12-09,20.809999465942383,21.059999465942383,20.729999542236328,20.920000076293945,68818200
2024-12-10,20.15999984741211,20.860000610351562,19.959999084472656,20.829999923706055,90004800
2024-12-11,20.1200008392334,20.25,19.8700008392334,20.139999389648438,75209300
2024-12-12,20.780000686645508,20.899999618530273,19.920000076293945,20.020000457763672,77695000
2024-12-13,20.34000015258789,20.799999237060547,20.25,20.600000381469727,55104100
2024-12-16,20.829999923706055,21.100000381469727,20.0,20.170000076293945,73832900
2024-12-17,20.440000534057617,20.770000457763672,20.290000915527344,20.639999389648438,51767200
2024-12-18,19.299999237060547,20.579999923706055,19.209999084472656,20.479999542236328,86041200
2024-12-19,19.059999465942383,19.690000534057617,19.030000686645508,19.530000686645508,69117800
2024-12-20,19.520000457763672,19.760000228881836,18.899999618530273,18.969999313354492,108453700
2024-12-23,20.200000762939453,20.229999542236328,19.520000457763672,19.579999923706055,57988400
2024-12-24,20.399999618530273,20.399999618530273,19.959999084472656,20.219999313354492,29884000
2024-12-26,20.440000534057617,20.670000076293945,20.079999923706055,20.229999542236328,39846200
2024-12-27,20.299999237060547,20.610000610351562,20.09000015258789,20.209999084472656,48260800
2024-12-30,19.81999969482422,20.110000610351562,19.729999542236328,20.010000228881836,59608100
2024-12-31,20.049999237060547,20.399999618530273,19.8799991607666,19.989999771118164,49846700
2025-01-02,20.219999313354492,20.43000030517578,20.0,20.229999542236328,46438500
2025-01-03,20.559999465942383,20.670000076293945,20.059999465942383,20.389999389648438,48983900
2025-01-06,19.8700008392334,20.979999542236328,19.780000686645508,20.829999923706055,83271000
2025-01-07,20.010000228881836,20.34000015258789,19.899999618530273,20.020000457763672,61726100
2025-01-08,19.8799991607666,20.1200008392334,19.709999084472656,19.829999923706055,47897100
2025-01-10,19.149999618530273,19.65999984741211,18.90999984741211,19.65999984741211,71244600
2025-01-13,19.200000762939453,19.25,18.729999542236328,18.920000076293945,50669000
2025-01-14,19.200000762939453,19.520000457763672,18.81999969482422,19.360000610351562,47147500
2025-01-15,19.719999313354492,19.770000457763672,19.170000076293945,19.399999618530273,56306000
2025-01-16,19.670000076293945,19.950000762939453,19.399999618530273,19.75,44898100
2025-01-17,21.489999771118164,21.6200008392334,20.790000915527344,21.260000228881836,166483900
2025-01-21,21.770000457763672,22.40999984741211,21.75,22.030000686645508,96262200
2025-01-22,21.860000610351562,22.290000915527344,21.56999969482422,21.729999542236328,60972600
2025-01-23,21.56999969482422,21.75,21.350000381469727,21.690000534057617,55778200
2025-01-24,20.829999923706055,21.40999984741211,20.75,21.360000610351562,66300600
2025-01-27,20.290000915527344,21.059999465942383,20.139999389648438,20.809999465942383,83582100
2025-01-28,19.799999237060547,20.34000015258789,19.739999771118164,20.34000015258789,73411400
2025-01-29,19.75,20.079999923706055,19.65999984741211,19.8700008392334,86506800
2025-01-30,20.010000228881836,20.100000381469727,19.43000030517578,19.719999313354492,108167000
2025-01-31,19.43000030517578,20.329999923706055,19.3799991607666,20.100000381469727,117081700
2025-02-03,19.3799991607666,19.75,18.780000686645508,18.969999313354492,77523100
2025-02-04,19.290000915527344,19.530000686645508,19.020000457763672,19.100000381469727,54098200
2025-02-05,19.649999618530273,19.770000457763672,18.90999984741211,19.190000534057617,66059200
2025-02-06,19.3799991607666,19.700000762939453,19.219999313354492,19.510000228881836,45553800
2025-02-07,19.100000381469727,19.360000610351562,19.030000686645508,19.350000381469727,58277900
2025-02-10,19.770000457763672,20.079999923706055,19.239999771118164,19.25,73007300
2025-02-11,20.969999313354492,21.8799991607666,19.860000610351562,19.8700008392334,150960700
2025-02-12,22.479999542236328,22.559999465942383,20.93000030517578,21.979999542236328,162631200
2025-02-13,24.1299991607666,24.829999923706055,22.790000915527344,22.84000015258789,248661300
2025-02-14,23.600000381469727,25.190000534057617,22.860000610351562,24.360000610351562,230254100
2025-02-18,27.389999389648438,27.549999237060547,24.489999771118164,24.600000381469727,284292200
2025-02-19,25.719999313354492,26.329999923706055,25.459999084472656,25.979999542236328,151881700
2025-02-20,26.09000015258789,26.1200008392334,24.479999542236328,25.559999465942383,144939600
2025-02-21,24.8700008392334,26.290000915527344,24.84000015258789,25.959999084472656,111630900
2025-02-24,24.270000457763672,24.799999237060547,23.6200008392334,24.549999237060547,91358100
2025-02-25,22.989999771118164,24.280000686645508,22.770000457763672,24.209999084472656,88886500
2025-02-26,23.520000457763672,23.81999969482422,23.209999084472656,23.25,67449300
2025-02-27,23.09000015258789,24.399999618530273,23.06999969482422,23.700000762939453,97871900
2025-02-28,23.729999542236328,24.440000534057617,22.639999389648438,23.020000457763672,104133800
2025-03-03,22.739999771118164,25.040000915527344,22.520000457763672,25.0,141348700
2025-03-04,21.329999923706055,22.6299991607666,20.760000228881836,22.540000915527344,152182200
2025-03-05,20.809999465942383,21.360000610351562,20.18000030517578,21.329999923706055,127219300
2025-03-06,20.75,21.1299991607666,20.0,20.260000228881836,96466400
2025-03-07,20.639999389648438,21.200000762939453,20.110000610351562,20.270000457763672,81099600
2025-03-10,19.93000030517578,20.510000228881836,19.649999618530273,20.239999771118164,82760600
2025-03-11,19.780000686645508,20.059999465942383,19.290000915527344,19.969999313354492,80789000
2025-03-12,20.68000030517578,21.170000076293945,20.209999084472656,20.790000915527344,128671100
2025-03-13,23.700000762939453,24.530000686645508,23.1299991607666,23.5,243261000
2025-03-14,24.049999237060547,24.3700008392334,23.520000457763672,23.68000030517578,116901600
2025-03-17,25.690000534057617,26.149999618530273,24.3700008392334,24.420000076293945,160723600
2025-03-18,25.920000076293945,26.40999984741211,25.389999389648438,25.549999237060547,132488800
2025-03-19,24.1200008392334,25.229999542236328,24.030000686645508,24.899999618530273,135491400
2025-03-20,23.959999084472656,24.309999465942383,23.729999542236328,23.770000457763672,68937600
2025-03-21,24.260000228881836,24.700000762939453,23.489999771118164,23.600000381469727,94110700
2025-03-24,24.219999313354492,24.989999771118164,24.1299991607666,24.719999313354492,69169000
2025-03-25,24.200000762939453,24.75,24.110000610351562,24.18000030517578,51743300
2025-03-26,23.420000076293945,24.420000076293945,23.25,24.25,59496700
2025-03-27,23.6200008392334,23.760000228881836,22.860000610351562,23.290000915527344,57720600
2025-03-28,22.709999084472656,23.579999923706055,22.559999465942383,23.350000381469727,58365300
2025-03-31,22.709999084472656,22.75,21.75,22.3799991607666,65832000
2025-04-01,22.049999237060547,22.6200008392334,21.65999984741211,22.559999465942383,64060400
2025-04-02,21.979999542236328,22.3799991607666,21.700000762939453,21.889999389648438,58878800
2025-04-03,22.43000030517578,23.899999618530273,20.860000610351562,21.399999618530273,242972100
2025-04-04,19.850000381469727,22.200000762939453,19.700000762939453,21.700000762939453,175014700
2025-04-07,19.56999969482422,20.670000076293945,18.559999465942383,19.139999389648438,142491200
2025-04-08,18.1299991607666,20.389999389648438,17.670000076293945,20.059999465942383,163982700
2025-04-09,21.530000686645508,21.729999542236328,17.979999542236328,18.06999969482422,224183500
2025-04-10,19.8799991607666,20.81999969482422,19.15999984741211,20.68000030517578,129064900
2025-04-11,19.739999771118164,19.799999237060547,18.18000030517578,19.25,128425800
2025-04-14,20.309999465942383,21.049999237060547,19.979999542236328,20.59000015258789,101964400
2025-04-15,19.850000381469727,20.469999313354492,19.809999465942383,20.200000762939453,64056900
2025-04-16,19.229999542236328,19.43000030517578,18.719999313354492,19.34000015258789,89469700
2025-04-17,18.93000030517578,19.100000381469727,18.559999465942383,18.90999984741211,85646700
2025-04-21,18.84000015258789,18.989999771118164,18.25,18.93000030517578,72409900
2025-04-22,19.510000228881836,19.739999771118164,19.040000915527344,19.059999465942383,83365600
2025-04-23,20.59000015258789,21.030000686645508,20.309999465942383,20.719999313354492,97188100
2025-04-24,21.489999771118164,21.549999237060547,20.8799991607666,21.040000915527344,117086200
2025-04-25,20.049999237060547,20.18000030517578,19.34000015258789,19.729999542236328,147711200
2025-04-28,20.510000228881836,21.079999923706055,20.049999237060547,20.1200008392334,96624400
2025-04-29,20.34000015258789,20.850000381469727,20.219999313354492,20.309999465942383,70031900
2025-04-30,20.100000381469727,20.18000030517578,19.549999237060547,19.709999084472656,68297300
2025-05-01,19.979999542236328,20.649999618530273,19.940000534057617,20.219999313354492,72607500
2025-05-02,20.6200008392334,20.780000686645508,20.209999084472656,20.260000228881836,63298500
2025-05-05,20.270000457763672,20.579999923706055,20.239999771118164,20.389999389648438,44237000
2025-05-06,19.940000534057617,20.1200008392334,19.770000457763672,19.920000076293945,51330800
2025-05-07,20.309999465942383,20.3700008392334,19.81999969482422,19.969999313354492,61002600
2025-05-08,21.0,21.239999771118164,20.639999389648438,21.010000228881836,71651700
2025-05-09,21.420000076293945,21.450000762939453,20.829999923706055,21.200000762939453,51768600
2025-05-12,22.18000030517578,22.670000076293945,21.8799991607666,22.18000030517578,94578700
2025-05-13,22.559999465942383,22.8799991607666,22.299999237060547,22.360000610351562,76850400
2025-05-14,21.520000457763672,22.459999084472656,21.459999084472656,22.350000381469727,91584800
2025-05-15,21.549999237060547,21.6299991607666,21.190000534057617,21.229999542236328,66705500
2025-05-16,21.65999984741211,21.760000228881836,21.350000381469727,21.530000686645508,55795100
2025-05-19,21.3799991607666,21.559999465942383,21.049999237060547,21.18000030517578,64279100
2025-05-20,21.270000457763672,21.40999984741211,21.1200008392334,21.329999923706055,48497400
2025-05-21,20.690000534057617,21.6299991607666,20.59000015258789,21.190000534057617,62904700
2025-05-22,20.549999237060547,20.899999618530273,20.510000228881836,20.729999542236328,56077500
2025-05-23,20.049999237060547,20.270000457763672,19.940000534057617,20.15999984741211,68206100
2025-05-27,20.549999237060547,20.670000076293945,20.18000030517578,20.440000534057617,69504600
2025-05-28,20.3700008392334,20.639999389648438,20.329999923706055,20.56999969482422,46096500
2025-05-29,20.25,20.600000381469727,20.100000381469727,20.540000915527344,66372200
2025-05-30,19.549999237060547,20.260000228881836,19.309999465942383,20.260000228881836,114281900
2025-06-02,19.739999771118164,19.81999969482422,19.3700008392334,19.479999542236328,67885500
2025-06-03,20.290000915527344,20.40999984741211,19.399999618530273,19.75,80401900
2025-06-04,20.25,20.5,20.010000228881836,20.34000015258789,71166500
2025-06-05,19.989999771118164,20.549999237060547,19.850000381469727,20.270000457763672,72458400
2025-06-06,20.059999465942383,20.440000534057617,20.030000686645508,20.170000076293945,70072800
2025-06-09,20.479999542236328,20.959999084472656,20.219999313354492,20.219999313354492,92893900
2025-06-10,22.079999923706055,22.440000534057617,20.280000686645508,20.5,171457000
2025-06-11,20.68000030517578,21.829999923706055,20.3799991607666,21.780000686645508,146784500
2025-06-12,20.770000457763672,20.979999542236328,20.40999984741211,20.5,78175900
2025-06-13,20.139999389648438,20.600000381469727,20.100000381469727,20.329999923706055,87655900
2025-06-16,20.739999771118164,20.93000030517578,20.299999237060547,20.40999984741211,86745100
2025-06-17,20.799999237060547,21.479999542236328,20.6200008392334,20.6299991607666,87512200
2025-06-18,21.489999771118164,21.600000381469727,20.65999984741211,20.809999465942383,94200600
2025-06-20,21.079999923706055,21.889999389648438,20.8799991607666,21.700000762939453,133472800
2025-06-23,21.190000534057617,21.579999923706055,20.729999542236328,21.06999969482422,81461000
2025-06-24,22.549999237060547,22.690000534057617,21.329999923706055,21.34000015258789,130368700
2025-06-25,22.200000762939453,22.770000457763672,22.1299991607666,22.579999923706055,64975100
2025-06-26,22.5,22.6200008392334,22.209999084472656,22.399999618530273,63229300
2025-06-27,22.690000534057617,23.3799991607666,22.420000076293945,22.709999084472656,95542400
2025-06-30,22.399999618530273,22.969999313354492,22.270000457763672,22.969999313354492,77102400
2025-07-01,22.850000381469727,23.15999984741211,22.280000686645508,22.329999923706055,79094900
2025-07-02,21.8799991607666,22.770000457763672,21.520000457763672,22.530000686645508,138245300
2025-07-03,22.489999771118164,22.6299991607666,21.989999771118164,22.149999618530273,61176000
2025-07-07,22.0,22.389999389648438,21.860000610351562,22.209999084472656,80725200
2025-07-08,23.59000015258789,23.790000915527344,22.1299991607666,22.18000030517578,119545500
2025-07-09,23.440000534057617,23.530000686645508,23.1299991607666,23.290000915527344,70247700
2025-07-10,23.81999969482422,24.040000915527344,23.479999542236328,23.6299991607666,54599800
2025-07-11,23.43000030517578,23.65999984741211,23.15999984741211,23.559999465942383,49367900
2025-07-14,23.299999237060547,23.399999618530273,22.8799991607666,23.239999771118164,48420500
2025-07-15,22.920000076293945,23.780000686645508,22.899999618530273,23.56999969482422,66099400
2025-07-16,22.690000534057617,23.1299991607666,22.25,22.989999771118164,58865900
2025-07-17,22.799999237060547,23.049999237060547,22.59000015258789,22.65999984741211,49384000
2025-07-18,23.100000381469727,23.59000015258789,22.899999618530273,23.219999313354492,60195600
2025-07-21,23.260000228881836,23.829999923706055,23.15999984741211,23.399999618530273,61658000
2025-07-22,23.239999771118164,23.540000915527344,23.079999923706055,23.34000015258789,53969800
2025-07-23,23.489999771118164,23.6200008392334,22.920000076293945,23.260000228881836,68711700
2025-07-24,22.6299991607666,23.579999923706055,22.600000381469727,23.489999771118164,131963300
2025-07-25,20.700000762939453,21.049999237060547,20.360000610351562,20.68000030517578,245077700
2025-07-28,20.68000030517578,21.290000915527344,20.649999618530273,20.81999969482422,86105600
2025-07-29,20.40999984741211,20.850000381469727,20.34000015258789,20.690000534057617,100831500
2025-07-30,20.34000015258789,20.6200008392334,20.079999923706055,20.43000030517578,67420300
2025-07-31,19.799999237060547,20.229999542236328,19.65999984741211,20.170000076293945,90665200
2025-08-01,19.309999465942383,19.549999237060547,18.969999313354492,19.5,86496100
2025-08-04,19.5,19.59000015258789,19.350000381469727,19.520000457763672,69249400
2025-08-05,20.190000534057617,20.540000915527344,19.68000030517578,19.700000762939453,97338200
2025-08-06,20.40999984741211,20.479999542236328,19.8700008392334,20.1200008392334,67074200
2025-08-07,19.770000457763672,20.440000534057617,19.600000381469727,20.0,131382800
2025-08-08,19.950000762939453,20.020000457763672,19.610000610351562,20.0,75415000
2025-08-11,20.649999618530273,21.600000381469727,20.440000534057617,20.450000762939453,175545600
2025-08-12,21.809999465942383,21.860000610351562,20.760000228881836,21.200000762939453,134153600
2025-08-13,22.219999313354492,22.299999237060547,21.360000610351562,21.6200008392334,86024400
2025-08-14,23.860000610351562,24.200000762939453,21.899999618530273,21.989999771118164,188052500
2025-08-15,24.559999465942383,25.649999618530273,24.110000610351562,25.010000228881836,310161100
2025-08-18,23.65999984741211,24.899999618530273,23.209999084472656,24.0,212515600
2025-08-19,25.309999465942383,26.530000686645508,24.940000534057617,24.940000534057617,297659200
2025-08-20,23.540000915527344,24.93000030517578,23.329999923706055,24.899999618530273,161149400
2025-08-21,23.5,23.56999969482422,22.780000686645508,23.530000686645508,97718300
2025-08-22,24.799999237060547,25.229999542236328,23.649999618530273,23.649999618530273,200266800
2025-08-25,24.549999237060547,25.8799991607666,24.440000534057617,25.5,156825600
2025-08-26,24.350000381469727,24.739999771118164,24.100000381469727,24.579999923706055,78558200
2025-08-27,24.850000381469727,24.989999771118164,24.049999237060547,24.190000534057617,90934400
2025-08-28,24.93000030517578,25.139999389648438,24.610000610351562,24.959999084472656,60035100
2025-08-29,24.350000381469727,24.969999313354492,24.280000686645508,24.760000228881836,63734400
2025-09-02,24.209999084472656,24.239999771118164,23.68000030517578,23.8799991607666,57661800
2025-09-03,24.0,24.09000015258789,23.719999313354492,24.09000015258789,47822900
2025-09-04,24.610000610351562,24.639999389648438,23.75,23.850000381469727,59056500
2025-09-05,24.489999771118164,24.709999084472656,24.170000076293945,24.600000381469727,55975300
2025-09-08,24.479999542236328,24.739999771118164,24.1200008392334,24.479999542236328,51122100
2025-09-09,24.440000534057617,24.809999465942383,24.270000457763672,24.530000686645508,42146200
2025-09-10,24.770000457763672,24.8700008392334,24.280000686645508,24.420000076293945,61600700
2025-09-11,24.610000610351562,24.93000030517578,24.56999969482422,24.760000228881836,55536900
2025-09-12,24.079999923706055,24.6299991607666,24.049999237060547,24.610000610351562,52672800
2025-09-15,24.770000457763672,25.459999084472656,24.219999313354492,24.329999923706055,83951600
2025-09-16,25.270000457763672,25.34000015258789,24.690000534057617,24.81999969482422,60336600
2025-09-17,24.899999618530273,25.260000228881836,24.450000762939453,25.079999923706055,63093700
2025-09-18,30.56999969482422,32.380001068115234,30.15999984741211,31.780000686645508,523908000
2025-09-19,29.579999923706055,30.6299991607666,29.329999923706055,30.3799991607666,225702900
2025-09-22,28.760000228881836,30.100000381469727,28.729999542236328,29.670000076293945,130314500
2025-09-23,29.34000015258789,30.200000762939453,28.81999969482422,28.989999771118164,126317900
2025-09-24,31.219999313354492,31.700000762939453,29.229999542236328,29.3799991607666,164458500
2025-09-25,33.9900016784668,34.25,31.209999084472656,31.610000610351562,295709300
2025-09-26,35.5,36.29999923706055,34.4900016784668,35.02000045776367,268583300
2025-09-29,34.47999954223633,35.04999923706055,33.72999954223633,34.52000045776367,152605900
2025-09-30,33.54999923706055,34.2400016784668,33.02000045776367,33.93000030517578,124818400
2025-10-01,35.939998626708984,36.060001373291016,33.5,33.529998779296875,162649700
2025-10-02,37.29999923706055,37.56999969482422,35.439998626708984,35.7599983215332,149361700
2025-10-03,36.83000183105469,38.08000183105469,36.45000076293945,37.95000076293945,125359300
2025-10-06,36.59000015258789,38.68000030517578,36.43000030517578,37.189998626708984,112086100
2025-10-07,37.16999816894531,38.04999923706055,36.349998474121094,36.63999938964844,111140200
2025-10-08,37.43000030517578,37.790000915527344,35.90999984741211,36.54999923706055,103202100
2025-10-09,37.79999923706055,38.099998474121094,36.86000061035156,37.529998779296875,89884700
2025-10-10,36.369998931884766,39.650001525878906,36.29999923706055,38.459999084472656,180853500
