Price,Close,High,Low,Open,Volume
Ticker,JPM,JPM,JPM,JPM,JPM
Date,,,,,
2010-01-04,28.552148818969727,28.64543685789522,27.765881712328955,27.84584288855081,35460500
2010-01-05,29.105192184448242,29.21180450761391,28.50549627799244,28.512160977974325,41208300
2010-01-06,29.265111923217773,29.37838895613866,28.858654153594056,28.951939626682726,27729000
2010-01-07,29.844816207885742,30.064703011767,29.058549373472445,29.17848855443978,44864700
2010-01-08,29.771516799926758,29.784843656691535,29.37172126433547,29.56495433282971,33110100
2010-01-11,29.67156982421875,30.11134597722343,29.524979467776056,30.06470324446826,31878700
2010-01-12,28.978591918945312,29.418368086031354,28.612109661508292,29.31175575891469,47109600
2010-01-13,29.484996795654297,29.671567713402446,28.565463980481933,29.018566959445817,39622000
2010-01-14,29.778169631958008,29.84480389491449,29.385036376945035,29.451670639901522,37938300
2010-01-15,29.105192184448242,29.604937925881984,28.878640679991413,29.518314618985418,69738500
2010-01-19,28.83865737915039,29.151832160895612,28.585454724219144,28.918618520343667,41731500
2010-01-20,28.918638229370117,29.105209268966124,28.458870250594558,28.658768156138823,39934400
2010-01-21,27.012928009033203,28.75204386988055,26.8663350883982,28.678747409563048,137547700
2010-01-22,26.0933837890625,27.45269244652695,25.866832346151757,27.086212844069525,106634900
2010-01-25,26.1267147064209,26.57981785328229,25.880174110635426,26.493194520013155,56572200
2010-01-26,25.613637924194336,26.54649779563736,25.507025585329874,25.986782381139278,52975300
2010-01-27,26.2066707611084,26.31328309590992,25.367096400437703,25.55366735088072,66314300
2010-01-28,26.306612014770508,26.679756366992326,25.800204182747564,26.439878036409585,65047400
2010-01-29,25.946794509887695,26.553152493388907,25.853509057324118,26.419889013634048,53649000
2010-02-01,26.40656280517578,26.606460571550503,25.953459845746135,26.053407458014494,37408200
2010-02-02,27.019590377807617,27.106213699021907,26.453212793969755,26.519844553772312,45968500
2010-02-03,26.846324920654297,27.38604835447939,26.766363822294764,27.03956042893481,37373300
2010-02-04,25.553665161132812,26.599799401051794,25.553665161132812,26.513178633962287,57211800
2010-02-05,25.520355224609375,25.906826583729316,24.674118580662306,25.746906787097874,75224100
2010-02-08,25.120561599731445,25.51369515084545,24.867356293461626,25.51369515084545,58321000
2010-02-09,25.58032989501953,25.786892477014035,25.213850026572036,25.447063795082414,45173500
2010-02-10,25.90015411376953,26.31994122991064,25.66694046137901,25.746899064793162,39331800
2010-02-11,26.000102996826172,26.23331663775707,25.56032688690073,25.88016382667941,33830600
2010-02-12,25.95346450805664,26.106719574536115,25.560331062100264,25.766891022997683,38051100
2010-02-16,26.699750900268555,26.74639363620905,25.820198534192805,26.20666982265803,46425300
2010-02-17,26.679763793945312,26.952958070528524,26.493190294978216,26.826354170901094,34644100
2010-02-18,26.92629051208496,26.992922236289786,26.499841376764447,26.61311581628012,31809500
2010-02-19,26.673093795776367,27.119534622606903,26.58647303536295,26.726401225419835,40290200
2010-02-22,27.219480514526367,27.519328432663066,26.819684984902764,26.919635138227658,43898900
2010-02-23,26.573143005371094,27.486011023403474,26.493181870452492,27.252797401152158,52233100
2010-02-24,27.219480514526367,27.29944165392148,26.653103090586598,26.686418961082236,44645000
2010-02-25,27.07955551147461,27.11287138588029,26.453208430397645,26.759718541871163,46718100
2010-02-26,27.965776443481445,28.192327979851957,27.052905597078674,27.112875196172002,67699100
2010-03-01,27.872493743896484,28.10570746259805,27.592634739615715,28.005757273532296,34606800
2010-03-02,27.732561111450195,28.252298501170802,27.559317009435812,27.972439515653747,33891600
2010-03-03,27.672569274902344,28.025724438140447,27.545968015227814,27.752530373278905,27562500
2010-03-04,27.932451248168945,28.03906610233441,27.759207193826118,27.925789090702615,25450700
2010-03-05,28.525497436523438,28.565475482516483,28.112372321108296,28.198995657158456,34790800
2010-03-08,28.378896713256836,28.67207998483732,28.298938101341875,28.55214079604566,28524900
2010-03-09,28.265623092651367,28.532155220303736,28.019082526768113,28.245634072721003,37107100
2010-03-10,28.605445861816406,28.97859025623393,28.525487256526304,28.565465288252238,40903700
2010-03-11,28.772045135498047,28.78537200139522,28.518839767131283,28.592136258645855,30119600
2010-03-12,28.752046585083008,29.011914029412083,28.552146204670866,28.878647956416962,31367300
2010-03-15,28.698740005493164,28.79202549685413,28.3855651057765,28.598789812269846,29142000
2010-03-16,28.812021255493164,28.905306760436048,28.445538854875597,28.885315193777306,28553800
2010-03-17,29.178491592407227,29.39171626036311,28.83200087151927,28.858654590473392,32918800
2010-03-18,29.078540802001953,29.178490975045882,28.752041648156965,29.151837256655703,26012000
2010-03-19,28.95193862915039,29.24512189759016,28.73871397176903,28.95193862915039,37014400
2010-03-22,29.145174026489258,29.178489902332917,28.678744139162816,28.698733156301333,23257200
2010-03-23,29.704893112182617,29.8115054533699,29.171828864407473,29.218471604811988,33735700
2010-03-24,29.944766998291016,29.96475855845909,29.451685906013413,29.6116031363267,35849200
2010-03-25,29.944766998291016,30.68439117854597,29.911451120462296,29.971420717289412,45019400
2010-03-26,29.99806785583496,30.57777213677267,29.844812817970418,30.011394712410745,39727000
2010-03-29,29.891460418701172,30.237951120650976,29.624928327404895,30.151327809703925,30628400
2010-03-30,29.704893112182617,30.018065434635993,29.558300189860578,29.918117794557187,30296300
2010-03-31,29.818164825439453,29.984746751838557,29.48500097264125,29.524981550038884,39043000
2010-04-01,30.13835906982422,30.22507927442477,30.011616112855428,30.038297099540387,23894600
2010-04-05,30.245075225830078,30.28510050246732,29.878185763036463,30.205049949192837,21342400
2010-04-06,30.578617095947266,30.64532335773063,30.118337782408208,30.171702282898742,28192100
2010-04-07,30.23175048828125,30.718713510480228,30.031629081781663,30.571959169544126,28890100
2010-04-08,30.525257110595703,30.6653443642291,29.89153984304659,30.12501435796665,28869900
2010-04-09,30.67201042175293,30.832109031071308,30.31846261305455,30.605304152267557,22881200
2010-04-12,30.778751373291016,30.998886710203085,30.618655259793,30.705372927653656,24645900
2010-04-13,30.5986328125,30.93884141209644,30.58529104931179,30.71203652725919,27988900
2010-04-14,31.83939552307129,31.97281063845402,31.20567563351456,31.6192627456692,72533100
2010-04-15,31.892749786376953,32.15290775737935,31.67928670531444,31.786018245845696,45412100
2010-04-16,30.38517189025879,31.852732866335103,30.11167208680631,31.79936580971934,121203900
2010-04-19,30.278446197509766,30.485239765003993,29.74478825119768,30.17171460824735,72136600
2010-04-20,30.60531234741211,30.785422376867714,30.391849174282893,30.531933904521114,39310700
2010-04-21,30.251752853393555,30.945509230955285,30.018278372810755,30.712034750372485,46320600
2010-04-22,29.8448429107666,30.098328782677967,29.371219213919186,29.958244083250975,63176900
2010-04-23,29.9782657623291,30.064985982365535,29.517986215394927,29.83818101474245,32483800
2010-04-26,29.277841567993164,29.891550219027682,29.171109960597892,29.871536293172024,42889300
2010-04-27,28.29056739807129,29.598029939899508,28.217188956850435,29.004335344104128,66296100
2010-04-28,28.990985870361328,29.15775408527783,28.53737612221396,28.577401409879087,48578900
2010-04-29,29.351211547851562,29.571346855907574,29.0843813340894,29.277833111832894,36520300
2010-04-30,28.40397834777832,29.384574230727033,28.170501198746848,29.364562848834915,54121100
2010-05-03,29.037691116333008,29.171106244753112,28.61076474113422,28.66413181037503,31230900
2010-05-04,28.330591201782227,28.924285766256933,28.183834327082753,28.66412770269445,48982200
2010-05-05,28.437326431274414,28.930959090978924,27.763581187909814,28.090448120429194,43062100
2010-05-06,27.223251342773438,28.537383484984254,26.20930002911549,28.437324057027187,78226200
2010-05-07,27.18988800048828,27.910327893420902,26.536156918761062,27.369997973721436,72976300
2010-05-10,27.983715057373047,28.88426266024861,27.630164609214216,28.230531374252422,66578300
2010-05-11,27.716880798339844,28.38395375399029,27.450053142888493,27.656844130544048,50771200
2010-05-12,27.810279846191406,27.876988690732276,27.223257282325097,27.843635540802953,47700000
2010-05-13,27.223251342773438,27.750237103916657,27.20323742143669,27.643505520620117,35320800
2010-05-14,26.609539031982422,26.749623737935206,26.155929231551326,26.749623737935206,60719400
2010-05-17,26.57618522644043,26.70960031933578,25.86241740583373,26.636221891009274,56506200
2010-05-18,26.02918243408203,27.096497956597986,25.715657386045063,27.096497956597986,61735000
2010-05-19,26.26933479309082,26.456114414104132,25.695651620342524,25.708993385369403,64600500
2010-05-20,25.235370635986328,26.182612992880443,24.88849240052781,25.71566142419854,76564100
2010-05-21,26.716270446777344,26.78964887652631,24.695040274912753,24.695040274912753,89588800
2010-05-24,25.76235580444336,26.84968539118082,25.682307765477304,26.78964872578596,49141600
2010-05-25,25.97581672668457,26.02251162416283,24.91517075812784,25.12863387365162,66813700
2010-05-26,25.869089126586914,26.349382482335137,25.66229813316978,26.142588944236554,50719600
2010-05-27,26.963085174560547,27.009782618282753,26.282673061481947,26.40274638606785,44843000
2010-05-28,26.402755737304688,26.91639980867701,26.25599883423714,26.90306058538182,41252400
2010-06-01,25.7089900970459,26.656232390663234,25.682306570405114,26.229306143135354,37848600
2010-06-02,26.382741928100586,26.429436843883607,25.795716857951362,26.129253424791276,39618500
2010-06-03,26.082550048828125,26.64289140115319,25.76235535388255,26.589526891002876,30950400
2010-06-04,25.095285415649414,25.815725473311677,25.015237368580785,25.67564075477119,52868900
2010-06-07,24.494915008544922,25.435487592321095,24.45488972286136,25.208682729476017,44528300
2010-06-08,25.202014923095703,25.215356687291443,24.381515510167514,24.588309038179524,51017900
2010-06-09,24.76175308227539,25.455509726042646,24.688374633169747,25.448840114615752,42586000
2010-06-10,25.542226791381836,25.595591310258968,24.95520181564352,25.135311838131923,44302600
2010-06-11,25.40880584716797,25.462170353800722,25.028574512940747,25.208684494103284,31147600
2010-06-14,24.90182876586914,25.528876279780228,24.835119959273847,25.328754949355904,48662200
2010-06-15,25.51554298400879,25.535554360286362,24.855139575351,25.048591361639623,45355600
2010-06-16,25.695650100708008,25.935796767626613,25.342102254789694,25.362113628805798,37217100
2010-06-17,25.642282485961914,25.949137967394755,25.295404257367473,25.749014052861643,34755100
2010-06-18,26.13591194152832,26.19594859401529,25.602254222022328,25.74900850446102,37270800
2010-06-21,25.92913055419922,26.536166970361677,25.789045814626785,26.382740463494454,33665100
2010-06-22,25.56891441345215,26.402755829836337,25.49553596166121,25.969157275443738,42245700
2010-06-23,25.942472457885742,26.089229354218098,25.362119573261676,25.542229615665406,45046000
2010-06-24,25.36878776550293,25.815728040840185,24.96187279002151,25.715666063541487,73843400
2010-06-25,26.309362411499023,26.41609400678105,25.535557709533816,25.869094262875404,70734200
2010-06-28,25.7089900970459,26.442769266899294,25.662295197765108,26.382732604298113,39962900
2010-06-29,24.721723556518555,25.28873452581195,24.601650226250097,25.28873452581195,56694200
2010-06-30,24.421552658081055,25.00857784425565,24.35484380471885,24.69505259515969,35332500
2010-07-01,24.10091781616211,24.508386826530412,23.486369837414745,24.408190531454576,56642900
2010-07-02,23.933908462524414,24.50837353462537,23.60659462720267,24.254541019567178,36796000
2010-07-06,24.267911911010742,24.63530338812042,23.95395794329194,24.508384525512973,35953600
2010-07-07,25.483631134033203,25.543749891538383,24.32133600498668,24.474972263464185,44602900
2010-07-08,25.490314483642578,25.93118460253572,24.815650569942942,25.90446458365462,41498200
2010-07-09,25.951236724853516,25.977956757513297,25.169694880774152,25.21645366384749,30422300
2010-07-12,26.178333282470703,26.27853205958066,25.78422199968469,25.957899540253848,24998900
2010-07-13,27.04004669189453,27.180323003989617,26.54573895932273,26.592497730021094,48564800
2010-07-14,26.953203201293945,26.973244491085037,26.612531852782755,26.819608192881052,37320600
2010-07-15,27.02669334411621,27.28052855347805,26.25851153023007,27.200371005107872,81876200
2010-07-16,26.051424026489258,26.95320306968008,25.957906501792305,26.906444307331604,58507400
2010-07-19,26.078147888183594,26.29190298987675,25.4636000596944,26.07146660791466,35404900
2010-07-20,26.47226905822754,26.478947792787817,25.570487002824674,25.597207037391296,43538200
2010-07-21,25.663990020751953,26.886404153194757,25.610552530087617,26.886404153194757,41115600
2010-07-22,26.285213470458984,26.452209750571587,25.871063409264817,26.02469968118909,35494400
2010-07-23,26.605854034423828,26.692690283239106,26.031386305158268,26.164981318154553,28241000
2010-07-26,26.939842224121094,26.95988096313627,26.385413328530834,26.585808363165935,27209400
2010-07-27,27.180322647094727,27.5477166237033,27.126885144781934,27.21372395272231,44872200
2010-07-28,26.933164596557617,27.320597257776264,26.819608329197198,27.01332211164506,23945400
2010-07-29,26.85968017578125,27.273832771167157,26.65928515603761,27.19367272474096,28994300
2010-07-30,26.906442642211914,27.18031646823049,26.532372566573635,26.532372566573635,26406500
2010-08-02,27.814908981323242,27.854989018818607,27.20704242753366,27.37403876152159,35566700
2010-08-03,27.440841674804688,27.821593151999952,27.300562803078456,27.721394321932948,29967900
2010-08-04,27.58111572265625,27.65459451888772,27.29388181820335,27.53435695199293,23078100
2010-08-05,27.567750930786133,27.674628466368787,27.347314580306094,27.367355870088836,19830500
2010-08-06,27.013328552246094,27.35400253187482,26.69937714823308,27.21372620998632,34906600
2010-08-09,26.599178314208984,27.093488629357246,26.492300752577204,27.086807348414094,37790900
2010-08-10,26.16498565673828,26.53905838037527,26.15830692424564,26.498978340933533,34166500
2010-08-11,25.229799270629883,25.90446314691051,25.216439261930322,25.817626912605025,46201600
2010-08-12,25.25651741027832,25.37675493147394,24.86240610150621,24.955923607289268,35387300
2010-08-13,25.049440383911133,25.410152936998056,25.049440383911133,25.249835397350253,24564100
2010-08-16,25.176362991333008,25.263201786753147,24.902489142541633,24.92920916392652,28334100
2010-08-17,25.036083221435547,25.430194563518256,24.982645734254756,25.363397067501985,33883800
2010-08-18,25.309961318969727,25.510356389121068,24.975968685996968,24.975968685996968,27041700
2010-08-19,24.76221466064453,25.36340244489565,24.715455893887405,25.156326086284338,35384700
2010-08-20,24.808969497680664,24.955927054588905,24.588535710479572,24.78893075743364,30862000
2010-08-23,24.635311126708984,24.98934270064087,24.608591089538994,24.855745062953915,29282800
2010-08-24,24.18775177001953,24.515065751386906,23.99403538407072,24.441586946498585,48709200
2010-08-25,24.20110511779785,24.341381407673023,23.827032463302572,24.014070064630957,36058000
2010-08-26,23.80031394958496,24.461617886177283,23.79363267045739,24.287942851281116,31873200
2010-08-27,24.448251724243164,24.508370480456907,23.746867933856652,23.960622945247575,38448800
2010-08-30,23.9472713470459,24.448260308684194,23.933913883784445,24.314665290776617,27306500
2010-08-31,24.287946701049805,24.474981775685787,23.867115234957062,24.00739154093405,34784400
2010-09-01,25.209766387939453,25.249843875187107,24.488341039541282,24.541781086753755,36770500
2010-09-02,25.490314483642578,25.51703450252368,25.042765634109788,25.276559428916283,31282900
2010-09-03,26.16498565673828,26.16498565673828,25.697397937394495,25.697397937394495,34135600
2010-09-07,25.57047462463379,25.944547282996634,25.530397140347368,25.87106849758951,31885500
2010-09-08,26.131589889526367,26.33866629477208,25.61056205794572,25.61056205794572,30781000
2010-09-09,26.786216735839844,26.933174356890785,26.131591271045696,26.672660427327667,33438800
2010-09-10,26.559097290039062,26.8864112437631,26.49897850458616,26.665974847715123,21928600
2010-09-13,27.467557907104492,27.7013543172567,27.146925232877045,27.146925232877045,41643200
2010-09-14,27.200359344482422,27.54103069013388,27.026681757945262,27.36735565175815,42754100
2010-09-15,27.374042510986328,27.480920077451316,26.94653224512639,27.060088544674482,25399500
2010-09-16,27.38072395324707,27.454200210242057,27.086808732618323,27.200367580996392,25207500
2010-09-17,26.759490966796875,27.440836251369277,26.71273220151695,27.407434949173673,45938300
2010-09-20,27.514310836791992,27.59447089944822,26.739448068245256,26.879726903812927,33337500
2010-09-21,27.11351203918457,27.721378304907933,27.033354550342104,27.594462068560638,33548900
2010-09-22,26.67933464050293,27.28052249006458,26.55241833811189,27.006648591522485,34546000
2010-09-23,26.11821937561035,26.519012010310792,26.044743146668434,26.472253251819925,33471100
2010-09-24,26.552404403686523,26.58580314487665,26.251810636654177,26.392086878549065,28855100
2010-09-27,26.104867935180664,26.49897683388179,26.058106617743743,26.412140575606195,25684900
2010-09-28,26.01802635192871,26.31862022816008,25.79091126190518,26.291900206236946,31442600
2010-09-29,25.657310485839844,25.971264333697416,25.423516693708386,25.91114556598344,40207000
2010-09-30,25.423519134521484,26.018025590013053,25.35671908166984,25.710752991379888,54885200
2010-10-01,25.924495697021484,26.111530659458992,25.57714323238022,25.610541968792596,38973800
2010-10-04,26.051589965820312,26.446209779784883,25.891065570542896,26.071654558436723,38886100
2010-10-05,26.51310157775879,26.63349427323394,26.131858892570644,26.325825185441662,42379500
2010-10-06,26.686988830566406,26.800691563958978,26.36594011539749,26.45958081233315,31559900
2010-10-07,26.432836532592773,26.967913678708197,26.218805674146605,26.827456406249603,26923900
2010-10-08,26.292367935180664,26.60672418793019,26.17197531023046,26.53315063363307,28178500
2010-10-11,26.57329750061035,26.693690194160517,26.352579263401346,26.432840208618305,24601000
2010-10-12,27.02142333984375,27.08161967974166,26.399395344715057,26.399395344715057,38798100
2010-10-13,26.64687156677246,27.235457795459162,26.47297242382726,27.195326046418195,69607700
2010-10-14,25.89775848388672,26.33919743297802,25.483071477582016,26.252246602436838,76504900
2010-10-15,24.847679138183594,26.044913910535396,24.43968186180251,25.99809480191298,142280400
2010-10-18,25.549942016601562,25.590071181852657,24.754012886489043,24.847653558785613,55058700
2010-10-19,25.208833694458008,25.850928528980564,25.081753727426964,25.349293454432022,70595100
2010-10-20,25.483062744140625,25.616832618024578,25.055001188870467,25.41617908292271,43497200
2010-10-21,25.215534210205078,25.683727653915057,24.21895098643028,25.54326783478776,38250300
2010-10-22,25.215534210205078,25.275730546559917,24.961371617656972,25.081764290366653,24876900
2010-10-25,24.794157028198242,25.463003999666117,24.747337944311386,25.396120323098813,37893500
2010-10-26,24.881105422973633,24.92123460442191,24.600188395593353,24.733958287134033,39188100
2010-10-27,25.1085147857666,25.168711112534393,24.74733682515985,24.787468560154576,30777500
2010-10-28,25.08845329284668,25.389434994471305,24.968063163646004,25.215535873226617,30614600
2010-10-29,25.16870880126953,25.24228236627924,24.961365350010205,25.04831615878971,19803300
2010-11-01,25.028255462646484,25.416187977525297,24.814224610109562,25.155338035461487,36941900
2010-11-02,24.72057342529297,25.128570320617687,24.633625191315456,25.10181584026414,39913100
2010-11-03,25.228919982910156,25.302493591256372,24.720594626036217,24.73397187768552,35299600
2010-11-04,26.620101928710938,26.653543758168816,25.322540065029692,25.509816351152253,77569400
2010-11-05,27.382585525512695,27.65012525096762,26.60672338343091,26.68029693550341,75684800
2010-11-08,27.094982147216797,27.5564880619554,26.894328621936015,27.32908005291771,32967000
2010-11-09,26.686988830566406,27.20868852768171,26.573283545725726,27.041476824611614,32800100
2010-11-10,27.168563842773438,27.181941088660327,26.479652264015613,26.666928603534533,35587900
2010-11-11,26.76724624633789,27.048160646202405,26.65354097631099,26.934457927623274,25499700
2010-11-12,26.493030548095703,26.927779574936846,26.339196041541246,26.660242301061263,33504800
2010-11-15,26.807384490966797,27.1819371152532,26.55990930540797,26.633482871306626,28772500
2010-11-16,26.493030548095703,26.73381588059793,26.111787955450126,26.579981374043477,46023000
2010-11-17,26.205419540405273,26.53984296225685,26.071649661374998,26.472959298465824,32027500
2010-11-18,26.526466369628906,26.753874404121873,26.32581282188765,26.4662700501617,30987600
2010-11-19,26.35926628112793,26.513100820631056,26.258938187280517,26.35926628112793,26542000
2010-11-22,25.757295608520508,26.15191542159853,25.556642028461056,26.125163481986316,33249500
2010-11-23,25.16870880126953,25.56332856240931,25.148641659890654,25.42286877855061,35340400
2010-11-24,25.523202896118164,25.576711883912573,25.141960288154408,25.30248470008866,24248300
2010-11-26,25.081758499145508,25.40280470176076,25.081758499145508,25.222215734393103,12819100
2010-11-29,25.35598373413086,25.47637637007246,24.820906769639418,25.061692041522623,30911400
2010-11-30,25.014883041381836,25.27573300716367,24.9078676053829,25.07507938359682,33716700
2010-12-01,25.516510009765625,25.543261946407096,25.1820865629873,25.382740120764613,33157200
2010-12-02,26.292367935180664,26.33918700583374,25.636898394589572,25.703782052251686,41526000
2010-12-03,26.493030548095703,26.53315973588016,25.884379869359005,26.131852549342355,30070200
2010-12-06,26.686988830566406,26.787314321539597,26.285679212329313,26.40607184265563,25364500
2010-12-07,26.252243041992188,27.061547246990003,26.245555695064755,26.98797367354499,40908200
2010-12-08,26.927776336669922,26.974597969202584,26.12516206011469,26.325815629253498,38115900
2010-12-09,27.2956485748291,27.489612277000344,27.13512416286262,27.202007846170087,43001900
2010-12-10,27.710325241088867,27.757144316543076,27.268886421486112,27.349147329200726,28449000
2010-12-13,27.763843536376953,28.084892407437177,27.529748058988606,27.803975283121815,35730400
2010-12-14,27.282272338867188,27.75715314171502,27.068241482613264,27.71702139937401,34010800
2010-12-15,26.89432716369629,27.42271670772929,26.794001682219655,27.242127779333916,30264000
2010-12-16,26.760562896728516,27.208691638952192,26.633482906385165,27.03479001906298,37123200
2010-12-17,26.533157348632812,26.80069714988611,26.43951918362875,26.794009803006663,52004800
2010-12-20,26.720439910888672,26.934470760795072,26.546538250684105,26.640178980036023,22978200
2010-12-21,27.422731399536133,27.58325582792718,26.740507043910352,26.860899727341327,30757800
2010-12-22,28.19858741760254,28.452749973978534,27.529740465048924,27.536427811937056,47280400
2010-12-23,28.14508819580078,28.272168230808266,27.971186514791285,28.1919072903535,18927900
2010-12-27,28.539701461791992,28.546391360883796,27.95780526180247,27.97118250853715,17203200
2010-12-28,28.499561309814453,28.840672040258962,28.40592317014137,28.559757621239715,20386600
2010-12-29,28.332353591918945,28.60658070433957,28.292221861522645,28.47950071859041,13637400
2010-12-30,28.24540138244629,28.405925744611523,28.12500874868441,28.29891035365076,12901900
2010-12-31,28.37248420715332,28.392551349091473,28.118324222788782,28.165143301563745,12199700
2011-01-03,29.148366928100586,29.456036077651763,28.733679759801177,28.760434264488232,43278500
2011-01-04,29.57020378112793,29.663949489810953,29.02111958365967,29.315749318717597,40036800
2011-01-05,29.931800842285156,30.099204647270668,29.396109177207393,29.409499233752406,50032500
2011-01-06,29.784488677978516,29.998765372797234,29.630477463226292,29.73092078146368,31606200
2011-01-07,29.22200584411621,29.858140771586367,28.559088250959736,29.824660523694078,69579400
2011-01-10,29.061302185058594,29.309059106478063,28.7934550696358,28.974251489389275,30098100
2011-01-11,29.19521713256836,29.47645680086405,29.074686211067185,29.262180174723937,28067100
2011-01-12,29.938486099243164,30.065714584310136,29.630463811653094,29.75768974234155,44296900
2011-01-13,29.764387130737305,30.112587235740293,29.576893194579693,30.092497048850746,42133000
2011-01-14,30.07240867614746,30.762111288754653,29.76438639812662,29.80456166215986,86983800
2011-01-18,29.965272903442383,30.413913752096082,29.797869144205276,30.146069269943897,46237700
2011-01-19,29.268882751464844,30.11259941960418,29.195224663283522,29.831359678764557,44989200
2011-01-20,29.965272903442383,30.125981636236613,29.201912170021753,29.349228295551576,46977700
2011-01-21,30.326871871948242,30.494275665605215,30.032239560309296,30.16616310611071,44767400
2011-01-24,30.146089553833008,30.454112065032305,30.03895117800802,30.273315576881316,27826800
2011-01-25,30.04564094543457,30.420626472320684,29.637175160914683,30.012160687800794,36022400
2011-01-26,30.11928939819336,30.454096976058178,30.045631322362446,30.266605549855193,25639400
2011-01-27,30.19965171813965,30.38714575594213,29.925109522679467,30.119298590155662,26740900
2011-01-28,29.824663162231445,30.72194767877352,29.730917438087847,30.16616580795161,38593900
2011-01-31,30.092506408691406,30.199644739371664,29.730916139132606,29.73761116725918,23574500
2011-02-01,30.75542640686035,30.802299266611378,30.239822395219825,30.266607616328773,28255500
2011-02-02,30.434017181396484,30.78891248798563,30.360359086584452,30.66168649518833,24104900
2011-02-03,30.440704345703125,30.634893353783557,30.02554366465942,30.454096955334098,23322400
2011-02-04,29.858135223388672,30.24651062465433,29.663946245566493,30.132677292097075,38172900
2011-02-07,30.467498779296875,30.634902618743563,29.898326746930092,29.965287260956817,36790900
2011-02-08,30.628192901611328,30.68176077626873,30.340258231489187,30.46078914244165,28649500
2011-02-09,30.206340789794922,30.467490297933686,29.89831842400967,30.37374458264071,33491000
2011-02-10,30.48756980895996,30.494267389340827,30.099194441359558,30.19963515766623,22688600
2011-02-11,31.183984756469727,31.39826145114152,30.40053607052217,30.40053607052217,40812800
2011-02-14,31.163904190063477,31.404966164895054,31.117031312110697,31.204079482948558,28699200
2011-02-15,31.351377487182617,31.699577631375675,31.163886084301275,31.177278692275486,35972900
2011-02-16,32.10136032104492,32.382600108251594,31.53888330101152,31.572366113435613,44327800
2011-02-17,32.02101516723633,32.13485113819868,31.806738397121958,31.98753490085232,22932600
2011-02-18,32.14152526855469,32.228575948049794,31.840197958286204,32.020994344447296,23844300
2011-02-22,30.80899429321289,31.652710877449163,30.701855963161538,31.6058380177004,44561900
2011-02-23,30.775514602661133,31.137107431040384,30.3268736356708,30.82908504584887,36264800
2011-02-24,30.742033004760742,30.842476304143453,30.273301864940112,30.554541570584174,31926900
2011-02-25,31.25763702392578,31.378167961513558,30.882651600943905,30.9697022901749,26782100
2011-02-28,31.26433563232422,31.592448234307135,31.083539205237248,31.3446913028381,25985300
2011-03-01,30.534454345703125,31.264335069600364,30.527759317137225,31.11702145173541,33682600
2011-03-02,30.27330780029297,30.7822168705187,30.179562064824992,30.393838761431706,28600000
2011-03-03,30.855880737304688,31.023284597500012,30.60812118506187,30.61481876992259,23043600
2011-03-04,30.48088264465332,30.829082837290997,30.19964294682402,30.788905007778485,27716900
2011-03-07,30.25990867614746,30.567933596321232,29.971973948093627,30.5478434042013,28110800
2011-03-08,31.07015609741211,31.264342625306124,30.333577612559363,30.387148071550868,32941500
2011-03-09,31.177274703979492,31.53886485551221,30.815681998068314,31.02326356354587,25174700
2011-03-10,30.48756980895996,30.96969342124313,30.30677345435377,30.855860098553205,33783700
2011-03-11,30.628192901611328,30.695153383527742,30.30008040971215,30.320168043411346,20337600
2011-03-14,30.33357048034668,30.494279265154297,29.884929486490346,30.41392359556075,24508900
2011-03-15,29.87154197692871,30.125996532009975,29.36263286676618,29.831364135269588,35606000
2011-03-16,29.335853576660156,29.985378821589187,29.23541023811824,29.891633067952846,41962900
2011-03-17,29.838048934936523,29.871529178117495,29.06129554299548,29.771085894195767,46741800
2011-03-18,30.628192901611328,30.922822598173653,29.96527289137279,30.29338538327197,77421000
2011-03-21,30.554534912109375,31.016568368948782,30.346953330665123,30.989783154366556,28985300
2011-03-22,30.447402954101562,30.608109166332483,30.367047293606912,30.574628918315973,19756600
2011-03-23,30.534454345703125,30.594719820314072,29.978675017072824,30.326875253227232,26688900
2011-03-24,30.621511459350586,30.695169560906105,30.192958018714826,30.601423815064532,21748100
2011-03-25,30.70855712890625,31.05675738079828,30.581328590988647,30.601418786353285,20710400
2011-03-28,30.775514602661133,31.137107431040384,30.76881957445233,30.86926032386035,19039400
2011-03-29,30.815704345703125,30.82909696167647,30.48089660951041,30.688478325526805,17913300
2011-03-30,31.103633880615234,31.3714784911067,30.94962265484717,31.157201780961575,26829100
2011-03-31,30.869264602661133,31.029973400120927,30.775518868467785,30.835784348217746,23340500
2011-04-01,31.036670684814453,31.39156855996925,30.922837300558292,31.170594266700423,25387300
2011-04-04,31.19825553894043,31.31944016344345,31.003013358548603,31.05014042716282,15708000
2011-04-05,31.359838485717773,31.487754458493228,31.00301592042567,31.083804820692652,21058400
2011-04-06,32.073455810546875,32.13404808497913,31.393478124790217,31.514662673654733,31203300
2011-04-07,31.91188621520996,32.181183283451695,31.61565610144288,32.07346394250867,29972000
2011-04-08,31.534870147705078,32.086932142009125,31.393488981214702,31.99267803101554,23808000
2011-04-11,31.5483341217041,31.824365107780267,31.47427658940019,31.6425882289157,25641600
2011-04-12,31.400222778320312,31.716649519943218,31.137657000476676,31.339630478184695,27231300
2011-04-13,31.137653350830078,31.891688777734466,30.888552843128345,31.804168574199572,55383900
2011-04-14,30.275897979736328,30.801029463509543,30.23550226243387,30.75390241077255,45214600
2011-04-15,30.222042083740234,30.545200171574553,30.181648927906064,30.457679955112386,32475000
2011-04-18,29.59592628479004,29.858492104342687,29.306429979069808,29.804633700240036,50958800
2011-04-19,30.06046485900879,30.10085801556195,29.461273165070487,29.797896500252076,26705000
2011-04-20,29.99986457824707,30.275895536963283,29.582449904495494,30.228768488028678,35542800
2011-04-21,30.080652236938477,30.188371568520694,29.703633292284984,30.080652236938477,24368100
2011-04-25,30.03353500366211,30.309566041552085,29.87868857442942,30.06046548741535,17358900
2011-04-26,30.37688446044922,30.58559182130838,30.033529840436376,30.195107578713536,25900000
2011-04-27,30.63272476196289,30.720247551816414,30.32976323418712,30.4980749087034,20857200
2011-04-28,30.868350982666016,30.922211935390933,30.57212344737373,30.706773260954435,19859000
2011-04-29,30.72023582458496,30.982801525680593,30.565389451329363,30.84142038943392,23363000
2011-05-02,30.417280197143555,30.96261084267348,30.370153142765492,30.928946459633284,25904000
2011-05-03,30.915475845336914,31.016463840436817,30.201836249833118,30.26242853324678,30025500
2011-05-04,30.63272476196289,30.996278595293816,30.484609666554217,30.955882868846267,22727400
2011-05-05,30.410545349121094,30.774099101520875,30.289363333219605,30.457674970267824,26154500
2011-05-06,30.323026657104492,30.77410063410648,30.13451586782483,30.61252289270322,26332300
2011-05-09,30.2691707611084,30.370158792552186,29.83829328764857,30.127789571672952,22469500
2011-05-10,30.403820037841797,30.63272401231144,30.282635429697148,30.336496396975782,20534200
2011-05-11,29.77770233154297,30.323033103228102,29.696913443667096,30.309567860543382,31519600
2011-05-12,29.683454513549805,29.84503489189613,29.319900588445307,29.69018585220745,29567900
2011-05-13,29.05059051513672,29.69017270188268,28.936137262786318,29.663244790945985,32872500
2011-05-16,28.868812561035156,29.272759460635136,28.761093216593043,28.929404852798328,34951100
2011-05-17,29.494932174682617,29.63631333330186,28.713966282202158,28.734162856795834,36277100
2011-05-18,29.676713943481445,29.784433306126857,29.225637346744147,29.434344735471218,24372100
2011-05-19,29.622848510742188,29.858483778421277,29.454536871476606,29.838287203543583,19518000
2011-05-20,29.03712272644043,29.68343876035564,29.010192249636056,29.508395797590463,29946700
2011-05-23,28.64664649963379,28.88228438498325,28.478334825055175,28.545661035826022,32299500
2011-05-24,28.505260467529297,28.8957421507446,28.067649160663557,28.794756704089977,39341400
2011-05-25,28.458127975463867,28.781285965839917,28.343674742575516,28.35040864533852,26505300
2011-05-26,28.57932472229004,28.67357885528827,28.343686821561956,28.357152064594917,21648100
2011-05-27,28.80821418762207,29.050583303508656,28.639902586948743,28.747621908650423,24747300
2011-05-31,29.11117172241211,29.205425795374325,28.794745133269636,29.11117172241211,28746300
2011-06-01,28.11476707458496,28.942862363643293,28.094570505467317,28.862070950710585,38628700
2011-06-02,28.013784408569336,28.410999905641653,27.488653014153204,28.22922306105961,45964000
2011-06-03,27.986858367919922,28.444666219033916,27.61657328581553,27.663700337997994,31833100
2011-06-06,27.286670684814453,27.76467749158518,27.17895138361909,27.670420855837353,40895900
2011-06-07,27.41459846496582,27.811814005058732,27.367471415143918,27.54924571118178,36312000
2011-06-08,27.192428588867188,27.650236462556816,27.06451266495432,27.320347081011903,38890700
2011-06-09,27.589641571044922,27.76468710121657,27.293414032288087,27.327075844019063,30082300
2011-06-10,27.63676643371582,27.939727851778983,26.99718178852279,27.32707368113188,48545700
2011-06-13,28.054187774658203,28.155175803417663,27.414605486622477,27.798355886736815,31767100
2011-06-14,28.013784408569336,28.5725776108937,27.926261653422873,28.363872860923863,32103500
2011-06-15,27.38766860961914,27.87240692533222,27.098172400871793,27.616572528902356,37336400
2011-06-16,27.172225952148438,27.407861172116355,26.72788341718659,27.354002793937095,50316600
2011-06-17,27.468460083007812,27.64350563286302,27.293417101384502,27.502121898524,31999600
2011-06-20,27.253023147583008,27.4751957672021,27.010653950992026,27.266488388308293,21565400
2011-06-21,27.542509078979492,27.75794771336815,27.098166574523994,27.387662721027088,34241100
2011-06-22,27.394405364990234,27.959932655805666,27.25302418434442,27.380940123752705,27306300
2011-06-23,26.97698974609375,27.098174333665586,26.674028277164165,27.010651560812185,48307500
2011-06-24,26.58650779724121,27.051046999301747,26.552843414639533,26.96352422735464,36136800
2011-06-27,26.849079132080078,27.003925564990098,26.47879396049244,26.525921024063646,30632700
2011-06-28,26.62016487121582,26.976984662812878,26.418191452731286,26.976984662812878,41558700
2011-06-29,27.23282814025879,27.306885684400353,26.876005661052368,26.956797110060734,44775900
2011-06-30,27.562713623046875,27.650236396162278,27.178963283997902,27.414601124196015,28000100
2011-07-01,28.165586471557617,28.260419678423023,27.616905309536374,27.6440012497868,32136800
2011-07-05,27.793025970458984,28.118169527370668,27.752384640852082,28.118169527370668,23805800
2011-07-06,27.474666595458984,27.535631193638732,27.217260227143143,27.494987266848188,23865700
2011-07-07,27.989471435546875,28.307842341614187,27.840446316279344,27.90141090288773,28550800
2011-07-08,27.596576690673828,27.752374426182993,27.474647578708336,27.569480758234754,20680000
2011-07-11,26.709217071533203,27.24435036537596,26.614383846601385,27.224027114310875,38328000
2011-07-12,26.682125091552734,27.176614540766707,26.580519157173185,26.580519157173185,33808300
2011-07-13,26.837915420532227,27.34595270241111,26.695665601768834,26.871784055855237,34020600
2011-07-14,27.3324031829834,27.935276227227146,27.291761856502784,27.894632316735436,65327400
2011-07-15,27.081771850585938,27.60335706721338,26.756628322820333,27.50852386128313,46544900
2011-07-18,26.980161666870117,27.095315517494356,26.370516034122232,26.953065731190065,47603200
2011-07-19,27.359493255615234,27.427233091906817,26.898872704874616,27.041122485071135,34837400
2011-07-20,27.7456111907959,28.016565464741877,27.515300833145254,27.562717443484082,31250900
2011-07-21,28.646526336669922,28.822644771383793,27.928499460351308,28.158809772830036,45552200
2011-07-22,28.578792572021484,28.666853100126232,28.28751762706937,28.632984461320255,19986100
2011-07-25,28.240108489990234,28.389133640991467,27.96915672382058,28.12495457077087,22522300
2011-07-26,28.07074737548828,28.30783294874722,27.96914148752941,28.1113912810783,24350600
2011-07-27,27.549163818359375,28.043655654443896,27.494974525096577,27.908178545270502,32361100
2011-07-28,27.555936813354492,27.935272170828313,27.515292908764568,27.562709505447454,23370200
2011-07-29,27.400144577026367,27.603358972908104,27.02758442057464,27.257894758310275,37793400
2011-08-01,27.393373489379883,28.02334002177466,27.06822988943607,27.881090181301424,34039300
2011-08-02,26.9869441986084,27.352731711628454,26.9869441986084,27.163062676722728,42119000
2011-08-03,27.027578353881836,27.108863577186753,26.655015697045425,26.93274257868033,41110100
2011-08-04,25.686357498168945,26.81758824832295,25.618620243960706,26.62792186933139,59931100
2011-08-05,25.46959686279297,26.248588257590285,24.87350175123739,25.943765425538693,85507800
2011-08-08,23.071666717529297,25.55088848091765,22.821033138271567,24.541586638636968,107650300
2011-08-09,24.65674591064453,24.785447769593745,22.821035743038173,23.965814837525222,78985700
2011-08-10,23.28165054321289,24.28417696792267,23.024246890713776,24.060641945067033,83975700
2011-08-11,24.853185653686523,25.266389768850843,23.457778085243564,23.457778085243564,69583500
2011-08-12,24.324817657470703,25.63893943555365,24.101282664172732,25.151225548353324,44072800
2011-08-15,24.981889724731445,25.158008195692478,24.649970865136453,24.74480408673174,34827900
2011-08-16,24.406108856201172,24.771896299257698,24.229990411772718,24.568681914452217,42266600
2011-08-17,24.771894454956055,25.239287763611692,24.602548716224327,24.69738191647235,30131400
2011-08-18,23.83711051940918,24.02677954581527,23.369717107503245,23.891302408099914,57130300
2011-08-19,23.268098831176758,24.047090107706623,23.20713427402216,23.545825683989857,52960800
2011-08-22,22.63136863708496,23.83033700076071,22.590724721973256,23.789693085649006,50971400
2011-08-23,23.55938148498535,23.572929455970595,21.886247120482288,22.550082194691665,55807900
2011-08-24,24.2706356048584,24.392562174975705,23.49164407392728,23.586477286246982,41959800
2011-08-25,24.196125030517578,26.126665821671025,23.992908034386524,25.598307833357755,55387600
2011-08-26,24.528043746948242,24.710937511299736,23.586481562481126,23.898077197741436,35114200
2011-08-29,25.496694564819336,25.496694564819336,24.704157730634357,24.941240736413377,27943900
2011-08-30,25.10381317138672,25.550885817059047,24.89382352568801,25.334123478794336,28818700
2011-08-31,25.442501068115234,25.76086925414035,25.21219079311274,25.347665297458473,30051100
2011-09-01,24.58901023864746,25.618633037662327,24.582237543448663,25.48315587757923,36862300
2011-09-02,23.4577693939209,23.877746047690653,23.376481589441152,23.74904423328024,41677300
2011-09-06,22.651683807373047,22.692327712624607,22.204611185648933,22.42814878851637,57071200
2011-09-07,23.586475372314453,23.694856546743953,22.94296101863449,23.098758795376206,36145900
2011-09-08,22.699106216430664,23.64744357634839,22.65168960683592,23.329072697059605,44815300
2011-09-09,21.730445861816406,22.489114027821742,21.628837387650236,22.40782879889531,67187400
2011-09-12,21.960750579833984,21.960750579833984,21.14111795809667,21.235952434896582,53377600
2011-09-13,22.008176803588867,22.63136797980065,21.791411846633345,22.22493917653308,50137600
2011-09-14,22.218170166015625,22.482349221058424,21.581430838886515,22.170753545059842,44442500
2011-09-15,22.902328491210938,22.909101186709705,22.441707676934307,22.604278209024873,35847800
2011-09-16,22.644916534423828,23.21391842406219,22.36718957543435,23.064893319820047,52683800
2011-09-19,22.008176803588867,22.27912847776348,21.764318488023804,22.143651348670517,33154800
2011-09-20,21.845598220825195,22.218158293835586,21.838825528884204,22.19783763400195,34085100
2011-09-21,20.551803588867188,21.981082359409196,20.497612991936982,21.832057248846827,57389200
2011-09-22,19.826995849609375,20.070852791142517,19.325732707784585,19.881186424617322,86285600
2011-09-23,20.043764114379883,20.1860139316053,19.549274808778762,19.617012078692422,51731300
2011-09-26,21.439170837402344,21.54755200972369,20.294393251251936,20.36213180695415,58696100
2011-09-27,21.38498306274414,22.44170156981322,21.168220689603505,22.096234761112555,58242900
2011-09-28,20.639863967895508,21.67626064511202,20.605995327439846,21.418855618433874,38725900
2011-09-29,21.263057708740234,21.75077442756319,20.619544459857337,21.391760875319168,51014100
2011-09-30,20.402782440185547,20.9650104414108,20.39600845318212,20.822759298350675,42420600
2011-10-03,19.40703010559082,20.795666561289508,19.400256117962318,20.341819726227953,51002700
2011-10-04,20.67805290222168,20.7942217900075,19.031188924621002,19.30452710077022,69800000
2011-10-05,21.074386596679688,21.2998906801637,20.09036818539544,20.657545201635767,51117200
2011-10-06,22.12674331665039,22.181409638929328,20.787384532962303,20.985554187205214,53214000
2011-10-07,20.978717803955078,22.28390825374904,20.944549729936615,22.263408712716714,49320600
2011-10-10,22.07206153869629,22.08572876299936,21.580053194190036,21.593720418493106,37324800
2011-10-11,22.07206153869629,22.33173358694161,21.463884394370446,21.853391163360175,38161700
2011-10-12,22.68708610534668,23.144926641490724,22.33857821038641,22.386412218438537,55462500
2011-10-13,21.593725204467773,22.201903786966916,21.129049902200038,22.174569332302443,78830000
2011-10-14,21.791900634765625,22.08573958436282,21.45706129554848,21.7782347071449,51899600
2011-10-17,21.2110595703125,21.92857231867498,21.163224257493198,21.621066110303058,40865400
2011-10-18,22.461576461791992,22.837416142917725,21.279388501356355,21.429725416509623,64392400
2011-10-19,22.037900924682617,23.24058832429677,21.88756402219689,22.393241035348833,50119300
2011-10-20,22.639245986938477,22.680245064627215,21.641560489523044,22.085734977325444,41657100
2011-10-21,22.837417602539062,23.261093916548326,22.55724590160138,22.878419292953456,48445300
2011-10-24,23.623262405395508,23.705263165629976,22.939916654341527,22.967251110005407,45697200
2011-10-25,22.885257720947266,23.40459951205138,22.7964220148049,23.356765502611186,38679100
2011-10-26,23.35675811767578,23.51392732853669,22.89208279567084,23.30892412335973,36350900
2011-10-27,25.297456741333008,25.652796798682765,24.395440675274706,24.9831183621702,76438300
2011-10-28,25.07196044921875,25.270131388343447,24.73028749490352,25.017294132042355,39891200
2011-10-31,23.753103256225586,24.600453351989792,23.73260371259477,24.55261934567933,46429800
2011-11-01,22.35224723815918,22.98775923249367,21.757736942631418,22.188245656448554,74052400
2011-11-02,22.987760543823242,23.056096712399334,22.59142119311506,23.03559455844736,34325900
2011-11-03,23.493436813354492,23.58910483873056,22.441083320701352,23.315765389006202,40084700
2011-11-04,23.213260650634766,23.27476188482802,22.857920476046818,23.226927881206343,30858700
2011-11-07,23.397762298583984,23.466095838683604,23.035587237135125,23.254257693562852,25925900
2011-11-08,23.930774688720703,24.040109932826905,23.247428761367484,23.595934037344175,30193100
2011-11-09,22.236082077026367,23.226934414743642,22.126746808456364,23.12443146000245,52990400
2011-11-10,22.37274169921875,22.707579667369952,22.058400663286882,22.495741539835446,30427400
2011-11-11,22.741743087768555,23.13124991154473,22.56407436035149,22.74174308776856,29983400
2011-11-14,22.24290657043457,22.536745490172343,22.017403798750642,22.516245949134944,27596300
2011-11-15,22.345417022705078,22.62558880728963,21.9217431889632,21.928575502693292,31260500
2011-11-16,21.50489616394043,22.201910635733107,21.457062156900474,22.099407702500134,40761800
2011-11-17,20.83521842956543,21.525398014368108,20.732716794934714,21.4570631568213,55130100
2011-11-18,20.924053192138672,21.081222445045885,20.725882244524325,20.958219967682346,39029900
2011-11-21,20.438880920410156,20.630218289891147,20.22704400292066,20.514049405452546,39658100
2011-11-22,20.097204208374023,20.56871327701699,20.076703360735998,20.432043566188057,36466200
2011-11-23,19.393356323242188,19.91953298596437,19.35918954914496,19.892199827362365,44468500
2011-11-25,19.46169090270996,19.9331999382568,19.325022504853006,19.325022504853006,21423200
2011-11-28,19.926362991333008,20.548207551568854,19.69402532010438,20.30220265182592,45280100
2011-11-29,19.516353607177734,19.905860463206864,19.461686001127653,19.80335886478528,45104700
2011-11-30,21.163223266601562,21.183724113992813,20.363708465647964,20.602879805030124,61412600
2011-12-01,20.814720153808594,21.163226797328655,20.520882445785787,21.088059617778246,33189700
2011-12-02,22.092567443847656,22.734911455030005,21.05388037721732,21.101714367052338,90515100
2011-12-05,22.898921966552734,23.302096187116113,22.70075361934135,22.987757671221402,52207600
2011-12-06,22.70758628845215,22.946758942198258,22.331746526003126,22.728085833405984,38782900
2011-12-07,23.23375701904297,23.363591781599098,22.359075236017816,22.427408772782655,44722800
2011-12-08,22.01740837097168,23.028760111372307,21.921740350587008,22.92625717138413,47788900
2011-12-09,22.673416137695312,22.762251830540734,22.11307273376133,22.11307273376133,39104600
2011-12-12,21.89440155029297,22.27707355605728,21.703064244032046,22.242906785079402,35977900
2011-12-13,21.38189125061035,22.297574750134235,21.09488595518677,22.119903377838188,49475100
2011-12-14,21.532230377197266,21.826069335180627,21.06755493697976,21.101721712075022,41291500
2011-12-15,21.70306396484375,22.05840280993043,21.573227890716236,21.93540035058634,33457300
2011-12-16,21.791900634765625,22.277075604841823,21.737233014146067,21.976404343123708,52596800
2011-12-19,20.978717803955078,21.79873202971689,20.787380499587943,21.778232488684566,47388000
2011-12-20,22.010576248168945,22.16774553116582,21.347731030717423,21.457066297443877,49091600
2011-12-21,22.085737228393555,22.147238457952348,21.798731924912108,21.867066769241738,30893000
2011-12-22,22.85792350769043,22.926257062853697,22.236078771375748,22.33857910412065,35543200
2011-12-23,22.939924240112305,23.02875994701751,22.639252948655194,22.974091017611833,21958800
2011-12-27,22.57091522216797,23.021923431466476,22.57091522216797,22.70075261712644,16891600
2011-12-28,22.311241149902344,22.611912359928137,22.256572235302748,22.54357882343597,19242700
2011-12-29,22.837417602539062,22.90575375322972,22.352242663044617,22.352242663044617,19792000
2011-12-30,22.72125816345215,22.837425750938483,22.591423340951213,22.625590125108456,18196900
2012-01-03,23.903444290161133,24.0469463336822,23.240597793766263,23.27476718134981,44102800
2012-01-04,24.05485725402832,24.192510750399823,23.62813377824652,23.703840707004886,36571200
2012-01-05,24.557283401489258,24.7224654504223,23.67630547245617,23.889665837788126,38381400
2012-01-06,24.337039947509766,24.61922836642117,24.185620874989006,24.56416593076946,33160600
2012-01-09,24.295753479003906,24.557294908812015,24.0823930136932,24.39211015695359,23001800
2012-01-10,24.811946868896484,25.018425795059777,24.612349435879104,24.8257124807103,35972800
2012-01-11,25.23179817199707,25.286860639617473,24.54353307987983,24.63988977269257,29852900
2012-01-12,25.362567901611328,25.50022144680722,24.894547423259098,25.341920788764995,39420700
2012-01-13,24.72247886657715,24.72247886657715,24.17875148279309,24.268224047218702,61571500
2012-01-17,24.027334213256836,24.557298648201396,23.74514563106796,23.986037362623232,55115100
2012-01-18,25.149206161499023,25.24556285073097,23.76579190746071,23.772676028418918,55502100
2012-01-19,25.417621612548828,25.56904072264689,25.266202502450767,25.3556776698289,37000400
2012-01-20,25.71357536315918,25.741106587441944,25.204258216016306,25.3143804876253,34716500
2012-01-23,25.920061111450195,26.112774481070808,25.651638167900707,25.679169399424435,27499200
2012-01-24,25.920061111450195,26.07836175442752,25.328152761303755,25.58969420973369,25403800
2012-01-25,25.878753662109375,26.03017274793349,25.54838689573813,25.713571591684588,29860700
2012-01-26,25.803049087524414,26.22288841952799,25.637864376579895,26.071471945477583,33284600
2012-01-27,25.61033821105957,25.92005796428911,25.569043994310586,25.624103825150044,27674600
2012-01-30,25.47267723083496,25.582799485764657,25.025306718848796,25.23178561865177,24423600
2012-01-31,25.67229461669922,25.83747944040238,25.417637196283724,25.830595317256076,29649500
2012-02-01,25.878753662109375,26.174707715935597,25.809928237019328,26.07835107060086,41957800
2012-02-02,25.844348907470703,26.264190956152728,25.754873726885403,25.94070558247527,26784200
2012-02-03,26.34678840637207,26.498207575542565,26.18848774111342,26.33990691028392,41074400
2012-02-06,26.25042724609375,26.37431515880761,26.023301156466783,26.195367410177962,23106200
2012-02-07,26.064592361450195,26.236658595253978,25.947588582714364,26.057710867327888,21091900
2012-02-08,26.360546112060547,26.3949588332187,26.133420051998883,26.188479880747458,23258700
2012-02-09,26.05770492553711,26.62208183368005,26.043939314909018,26.56701939116768,28608400
2012-02-10,25.885643005371094,25.995765283058155,25.54151055940875,25.617220117604017,22618800
2012-02-13,26.360546112060547,26.388077339196,26.002648035866645,26.209129613860213,24828000
2012-02-14,26.0989933013916,26.333003378747847,25.768626596686527,26.31235628017915,27031900
2012-02-15,25.74111557006836,26.429380664182244,25.679171606577192,26.209136044107638,26534900
2012-02-16,26.15406036376953,26.23665139819327,25.500208329570963,25.56903637952545,22139600
2012-02-17,26.477548599243164,26.59455235898335,26.312363886379554,26.56702113591909,28009300
2012-02-21,26.47066307067871,26.82167958224523,26.436250356442454,26.601435060507015,22804200
2012-02-22,26.20224952697754,26.422494126913293,26.085245731927863,26.36055016908619,23416900
2012-02-23,26.4913272857666,26.51197440049436,25.98200990978821,26.195373055560268,31361400
2012-02-24,26.34678840637207,26.622095509314224,26.28484443948624,26.608329891614805,17586400
2012-02-27,26.88362693786621,27.000630706257557,26.00953023236061,26.202243557015596,34030400
2012-02-28,26.98687171936035,27.220881939117945,26.739095883673166,26.931811881164744,37900900
2012-02-29,27.007518768310547,27.48930215028694,26.85609963367653,27.06946272106787,41187700
2012-03-01,27.785259246826172,27.84032171090565,27.165822279068877,27.193350885585815,44376700
2012-03-02,27.96419906616211,28.136265263128735,27.688892100806786,27.82654558348445,34897900
2012-03-05,27.805906295776367,28.019266759652975,27.530599253036982,28.012385265069636,30806900
2012-03-06,27.06257438659668,27.44111953870872,26.924920887959,27.152049554539488,33927500
2012-03-07,27.49618148803711,27.571891042186287,27.103870730647795,27.1589305537877,22875100
2012-03-08,27.833433151245117,28.046796227241636,27.682016650220135,27.85408288474309,22052300
2012-03-09,28.23950958251953,28.52169810224398,27.87473000533295,28.046796239933773,33494200
2012-03-12,27.902254104614258,28.205089654956172,27.66824398032042,28.122498618594143,30763800
2012-03-13,29.863807678222656,30.097817802912207,28.094967445474655,28.232620923325282,77277600
2012-03-14,29.994592666625977,30.283662732457557,29.643576014661512,30.022121273712663,68028700
2012-03-15,30.765432357788086,30.916848805167067,29.54720353391454,30.03587083670227,57117700
2012-03-16,30.67595672607422,30.916848315031928,30.435065137116514,30.882435605969597,48844500
2012-03-19,30.971923828125,31.21281551880141,30.42819386857251,30.586494497520228,41509300
2012-03-20,31.233455657958984,31.384872120356953,30.5383067775293,30.648429034510418,34796200
2012-03-21,31.05451011657715,31.43305526896492,30.875562406083294,31.336698607504992,27267900
2012-03-22,30.73103141784668,31.04074854845754,30.56584667273476,30.77920975485381,27457200
2012-03-23,31.08205223083496,31.143996195692615,30.586500511973696,30.593384633359562,30639300
2012-03-26,31.777189254760742,31.777189254760742,31.247227590852564,31.302287417723104,33529400
2012-03-27,31.584476470947266,31.997436994498127,31.54318225645778,31.60512357819201,33026400
2012-03-28,31.846025466918945,31.873556700158215,31.219704351101537,31.495008806925515,29755800
2012-03-29,31.43305015563965,31.673944395624464,31.15774582847059,31.605116344690938,32262300
2012-03-30,31.646425247192383,31.749666050214383,31.316058353253748,31.71525332438128,25945800
2012-04-02,31.749664306640625,31.901080817095586,31.288525404128467,31.48812287873108,27669300
2012-04-03,31.465612411499023,31.8604937463041,31.153868022891206,31.687301244762935,31036400
2012-04-04,30.76592254638672,31.07766964537296,30.45417544740048,30.952970805778467,41342900
2012-04-05,30.71743392944336,30.987613912366747,30.350266531389412,30.571952806747518,28832300
2012-04-09,30.40568733215332,30.67586731999305,29.837615910872625,29.92074760496741,29376400
2012-04-10,29.761402130126953,30.488810188703475,29.55357163377768,30.398751980667278,38841000
2012-04-11,30.488819122314453,30.627373708048268,30.184001147867196,30.19785687071147,32142200
2012-04-12,31.063817977905273,31.167734572027797,30.481890864778425,30.565022554451183,33631100
2012-04-13,29.934602737426758,31.140024170219068,29.830688782534796,31.140024170219068,58183900
2012-04-16,30.01773452758789,30.34333472989454,29.67827596121998,30.052372509615157,40387600
2012-04-17,30.412622451782227,30.481898436599817,29.89997117891999,30.2671386553302,26887000
2012-04-18,29.990041732788086,30.41955879096026,29.976186002819915,30.218654670487204,20242900
2012-04-19,29.9415225982666,30.26712272680871,29.629775545230085,30.09393021320043,25961800
2012-04-20,29.595149993896484,30.190932913627826,29.588220810527062,30.142436558169308,26178100
2012-04-23,29.685203552246094,29.761408701031094,28.957795333067978,29.040927021420377,25536300
2012-04-24,29.983091354370117,30.00387625598672,29.657491179738606,29.775260837162932,21420400
2012-04-25,29.899967193603516,30.405689214951494,29.77526832338521,30.23942581646647,31694000
2012-04-26,30.343334197998047,30.405683621637635,29.830685730480162,29.94152885664959,28100300
2012-04-27,30.024660110473633,30.474961790609598,29.948454966815987,30.44032116697718,26242900
2012-04-30,29.775257110595703,30.04543701342111,29.47043923302233,30.017728219247587,23518000
2012-05-01,30.336397171020508,30.648144181442536,29.761396835941248,29.789108268580467,26359700
2012-05-02,29.92767333984375,30.156286132943833,29.678275643582857,30.10779243008295,22462200
2012-05-03,29.79605484008789,30.05930834175531,29.560512789692716,30.052381800291975,19536400
2012-05-04,28.923160552978516,29.5674371551562,28.895449106222507,29.324968602813637,31279900
2012-05-07,28.943946838378906,29.373466394650688,28.65991107643628,28.70147825234595,25910100
2012-05-08,28.666826248168945,28.985499846248075,28.36893490653165,28.74995791664435,28049700
2012-05-09,28.1541748046875,28.41742816734403,27.793934056501737,28.20959767796595,38769900
2012-05-10,28.223453521728516,28.680681657475727,28.084898980624622,28.562909372589594,35827100
2012-05-11,25.604780197143555,26.318335139648607,25.369238276427826,25.72947901650529,217294200
2012-05-14,24.794246673583984,25.26533063204586,24.773461770054816,25.009003749285753,96488500
2012-05-15,25.105998992919922,25.8195516175905,25.022864647023184,25.071358360775015,89903700
2012-05-16,24.56562614440918,25.61863697206889,24.56562614440918,25.48701160962697,68729600
2012-05-17,23.505695343017578,24.316235285951848,23.471057358250178,24.274670761314503,95429200
2012-05-18,23.200876235961914,23.54726135201402,22.840635398142677,23.54726135201402,82650100
2012-05-21,22.521961212158203,23.35328609781904,22.3487686377584,23.221660692650417,99554800
2012-05-22,23.561111450195312,23.955992863827582,22.85448822843241,23.083101001894907,84721000
2012-05-23,23.73430061340332,23.845143715056096,23.006892593637723,23.290928206792213,52512900
2012-05-24,23.533401489257812,23.886713082669644,23.290930365061865,23.859001644011553,37843800
2012-05-25,23.20780372619629,23.644249730259347,23.06232260574488,23.554188856438024,28796400
2012-05-29,23.297870635986328,23.554194958814772,23.110822300070602,23.54033923289033,35855200
2012-05-30,22.833707809448242,23.16623722694014,22.826781269435635,23.069249810510282,34203600
2012-05-31,22.965333938598633,23.187020198436382,22.799067922365982,22.833705904957753,42124900
2012-06-01,22.120149612426758,22.61894493252894,22.00930650159385,22.452678944925474,50472200
2012-06-04,21.475879669189453,22.28641966562305,21.358108663310688,22.279493125295925,60492400
2012-06-05,22.161718368530273,22.258707094303233,21.378888629963203,21.399670890136186,46502800
2012-06-06,22.909915924072266,23.076181975661346,22.355700156624053,22.66051816804326,47980500
2012-06-07,22.72979164123535,23.436417575661743,22.722862459188107,23.394850411504198,53888800
2012-06-08,23.332508087158203,23.3325080871582,22.549676768233173,22.702087107150287,34238200
2012-06-11,22.736717224121094,23.859004182077733,22.70900578251512,23.810510480621545,46404900
2012-06-12,23.394851684570312,23.401778224285835,22.521959688722657,22.778286584246292,43334400
2012-06-13,23.76201820373535,24.295451594442124,23.297863421196872,23.33942794338916,72456600
2012-06-14,24.004484176635742,24.170747514863283,23.602676264287638,23.838218195700087,44428000
2012-06-15,24.26775360107422,24.295465059700035,23.838236563214625,24.170766138594,40917100
2012-06-18,23.983705520629883,24.454789506084715,23.900573829875736,24.046054949372692,31084400
2012-06-19,24.510208129882812,24.683400663729085,24.059906484799168,24.24002819991596,32489000
2012-06-20,25.251468658447266,25.59092450044173,24.821951970681457,24.960503865458303,61149700
2012-06-21,24.60026741027832,25.653278378799182,24.54484717125536,25.279184497945927,95637000
2012-06-22,24.93279457092285,25.27917958631784,24.91200967295775,24.953576826180008,44193500
2012-06-25,24.468647003173828,24.572563606185756,23.997562983548683,24.42707983342726,33115800
2012-06-26,24.738821029663086,25.022856680947314,24.648762814342287,24.981292163940285,35053600
2012-06-27,25.480083465576172,25.507794903862298,24.5933385820859,24.690325973379124,34156800
2012-06-28,24.856597900390625,24.891235885171646,24.143042728899196,24.468645599800226,69904800
2012-06-29,24.75267219543457,25.493935896372786,24.420142907017155,25.424659952301276,56063200
2012-07-02,25.133703231811523,25.189126119005156,24.655692721955678,25.126776692266677,34274900
2012-07-03,25.063852310180664,25.2454732504764,24.826346363797775,25.11973465152406,26705900
2012-07-05,24.016033172607422,24.91017197974667,23.904265821715015,24.875245182232266,58519800
2012-07-06,23.68073081970215,23.834409259765945,23.56197651196614,23.69469940673574,32057200
2012-07-09,23.722639083862305,23.834406420021214,23.429250825723976,23.61785870513154,30545000
2012-07-10,23.925216674804688,24.064926502204763,23.617857186319167,23.904261133354836,33175500
2012-07-11,24.162723541259766,24.30941766671934,23.834405833546352,23.89727512513523,35144300
2012-07-12,23.778528213500977,24.14875707917892,23.708671950806302,23.981107378199603,39301500
2012-07-13,25.196575164794922,25.287386967178694,24.35133443457049,24.49104428483543,83001000
2012-07-16,24.511995315551758,25.042889451095817,24.260518164336002,24.98002016329188,52368300
2012-07-17,24.44214630126953,24.784432637338355,23.939191904889817,24.756490134263093,43998300
2012-07-18,24.421186447143555,24.609794333085674,24.20463872475132,24.274492312991992,28944900
2012-07-19,24.07191276550293,24.567880161877984,23.967132384930704,24.46309978130576,34384700
2012-07-20,23.68073081970215,23.84139621802655,23.68073081970215,23.785511210916944,36301200
2012-07-23,24.057941436767578,24.099855187706044,23.121888983756794,23.21968773594654,41248300
2012-07-24,24.260522842407227,24.372290190638903,23.904265252651182,24.155742452358403,29920400
2012-07-25,24.567880630493164,24.763475474497184,24.302434862852174,24.43515774667267,32127700
2012-07-26,25.014949798583984,25.105758920156088,24.68663210826603,24.993991592669186,28900500
2012-07-27,25.769378662109375,25.985929025521735,24.805383794482577,25.154657026909632,63636200
2012-07-30,25.245471954345703,25.510920390143752,25.105762111044434,25.49694913933926,30698200
2012-07-31,25.147672653198242,25.37819426492933,25.084803364975514,25.224513190441936,19681600
2012-08-01,25.147672653198242,25.42709230413109,25.021934076752785,25.280395521782538,22180200
2012-08-02,24.567880630493164,25.035908199822384,24.281476654543138,24.882227107692852,36675000
2012-08-03,25.210542678833008,25.350252508385967,24.798400147260633,25.021934808648023,24516300
2012-08-06,25.35724639892578,25.706519772643063,25.224523476221187,25.3153352995161,18979200
2012-08-07,25.85320281982422,26.45395319034384,25.545843342584444,25.545843342584444,37225800
2012-08-08,25.957984924316406,26.18151956608556,25.67158099800324,25.741434574277427,18672400
2012-08-09,25.79033088684082,26.02783676093899,25.559811968748953,25.65062374363021,23406700
2012-08-10,25.82526206970215,25.846217609640814,25.427090822408754,25.678565295902114,15492700
2012-08-13,25.8392333984375,25.90908697494617,25.60172750766764,25.755405908935337,14453500
2012-08-14,25.916072845458984,26.293288576968596,25.8322480155935,26.1396075015958,18065100
2012-08-15,25.89512062072754,26.132626556384682,25.81129578012609,25.89512062072754,17521300
2012-08-16,25.916072845458984,26.090709462112326,25.706509438423627,25.971957841864835,15894100
2012-08-17,25.832242965698242,25.98592401102823,25.70650441310876,25.98592401102823,17079800
2012-08-20,26.104690551757812,26.195502372778513,25.706519128871122,25.79034399033561,17922100
2012-08-21,26.57271385192871,27.14552186257044,26.237411796778222,26.286309846607846,36880600
2012-08-22,26.42601203918457,26.670502217433192,26.237404188217166,26.460938826828215,16899400
2012-08-23,26.006887435913086,26.467928046990554,25.98593189237343,26.412045709303616,16429500
2012-08-24,25.964967727661133,26.153575570481653,25.615694536825274,25.804302379645794,20019300
2012-08-27,26.006887435913086,26.153581570177828,25.77636846274614,26.062772438343607,17618200
2012-08-28,25.93703269958496,26.188509869904173,25.77636732182401,25.91607449222938,18050500
2012-08-29,26.055795669555664,26.188521269857528,25.88814592619332,26.069766925626627,13681900
2012-08-30,25.7763671875,25.937032564423703,25.643641645665696,25.88813452208794,13700700
2012-08-31,25.944019317626953,26.125642919022802,25.748427129733304,25.944019317626953,16771600
2012-09-04,25.85320281982422,26.013870847538907,25.692537456852754,25.832247279141097,13631400
2012-09-05,25.92306137084961,26.048799955627263,25.804307078673624,25.902105828301153,13537500
2012-09-06,27.026763916015625,27.15250250287198,26.195494516015074,26.25137951672612,41346800
2012-09-07,27.45286750793457,27.613532828099387,27.24330416270839,27.271246652669884,28082400
2012-09-10,27.07565689086914,27.788174528095038,27.054701351896995,27.40397454672873,20853500
2012-09-11,27.662433624267578,27.68339182620946,27.054699062808606,27.103597092768364,22378900
2012-09-12,27.88596534729004,28.116486891564357,27.795156252341823,27.858025522167317,29882200
2012-09-13,28.91982650756836,29.045565092233364,27.655456368322927,27.83009299538616,47018600
2012-09-14,29.038576126098633,29.401820605031276,28.8010702231328,29.311008819112295,43471600
2012-09-17,28.77312469482422,28.947761291413997,28.60547505435411,28.640401840723467,19740100
2012-09-18,28.82203483581543,28.870935554965595,28.40290789383664,28.675340672597265,25186600
2012-09-19,28.877914428710938,29.171302700076453,28.668350997057907,28.870930135711397,22887200
2012-09-20,28.815034866333008,28.835990402609056,28.326051923531555,28.612455799855702,20997400
2012-09-21,28.55658531188965,29.12939330183941,28.47974476072062,29.010638996011707,28287400
2012-09-24,28.801069259643555,28.96872157690521,28.353999966603382,28.367971215103783,20499500
2012-09-25,28.326051712036133,29.024598006610354,28.312080466375534,29.024598006610354,21988200
2012-09-26,28.109516143798828,28.381948889378478,27.73230034311449,28.046646843684773,23782700
2012-09-27,28.4168643951416,28.63341471276777,28.088546773359962,28.221272279055206,20843400
2012-09-28,28.277158737182617,28.381941765988525,28.053624096156913,28.23524499271163,21380700
2012-10-01,28.619449615478516,28.989678390397053,28.500695330381458,28.556580326837317,21956400
2012-10-02,28.584524154663086,28.808061506979875,28.333049629701083,28.73820525164848,26946100
2012-10-03,28.753408432006836,28.851926776859074,28.44377628027288,28.732298125088093,22419100
2012-10-04,29.42897605895996,29.54860743971323,28.788603894479465,28.96453034279196,24326500
2012-10-05,29.351572036743164,29.86527701447153,29.175645564188592,29.583796269039173,22774400
2012-10-08,29.316381454467773,29.443048704294508,28.92934382863027,29.084159952735032,18631300
2012-10-09,29.119333267211914,29.520445172658068,29.0630355407659,29.39377797257788,19947500
2012-10-10,29.393787384033203,29.555639372753088,29.084157842711363,29.238971271160178,25797600
2012-10-11,29.626008987426758,30.00601071085831,29.45008256188521,29.816009849142535,27755000
2012-10-12,29.288217544555664,29.858219876155,28.957477837065408,29.274143114642012,44564000
2012-10-15,29.823047637939453,29.844157949442582,29.365637869594632,29.492305107461686,26268000
2012-10-16,30.139705657958984,30.3367423245901,29.745629640273503,30.111556795747898,28588100
2012-10-17,30.48452377319336,30.639339850984264,30.09748626313969,30.210079042144823,26177500
2012-10-18,30.266382217407227,30.505642272598855,30.0834199090486,30.32267996424023,23630400
2012-10-19,29.78081703186035,30.132669787609576,29.597854780017094,30.11859535524879,29747500
2012-10-22,29.618959426879883,29.921552953759793,29.203773147050917,29.731552179828945,27993000
2012-10-23,29.084157943725586,29.37267717408471,28.88711852181442,29.18267631246906,22896400
2012-10-24,29.351572036743164,29.47120343398124,29.091201609001377,29.330461719052597,18918900
2012-10-25,29.32341766357422,29.75267860569983,29.133419471102506,29.724532415526813,17311700
2012-10-26,28.96452522277832,29.316378057206833,28.760449934548,29.147487515534547,21892700
2012-10-31,29.330448150634766,29.4078561922574,28.95748506036971,29.168596192889105,19423500
2012-11-01,30.146747589111328,30.188970890912486,29.260079726677375,29.344523645855897,23325400
2012-11-02,29.851194381713867,30.308604158587137,29.787863446023678,30.28749384669041,17029200
2012-11-05,29.745630264282227,29.80896386337417,29.457111131624096,29.787853558484624,13252500
2012-11-06,30.174890518188477,30.29451915644501,29.844148096899747,29.956740861786063,17190900
2012-11-07,28.48600196838379,29.56267066234464,28.366373306576488,29.56267066234464,47631200
2012-11-08,28.429712295532227,29.203787517404557,28.429712295532227,29.04897139926037,27830900
2012-11-09,28.58452796936035,29.013788923728185,28.049712758878396,28.36638089606979,27553200
2012-11-12,28.556381225585938,28.78860273208124,28.35934178602311,28.746379419798252,12816000
2012-11-13,28.17637825012207,28.514156680508954,28.148229376483744,28.274896623431868,19793500
2012-11-14,27.648605346679688,28.408606319794007,27.536012510498864,28.296013483613184,30986600
2012-11-15,27.718969345092773,27.95119353347987,27.42341421560857,27.486747841130104,24858700
2012-11-16,27.817481994628906,27.916000350841053,27.324890213568178,27.74711250716991,32458000
2012-11-19,28.563413619995117,28.640821674198417,28.21156078047038,28.21156078047038,26781200
2012-11-20,28.640827178955078,28.978605647688827,28.324159025634483,28.38045677930243,19375900
2012-11-21,28.66192626953125,28.837852654208774,28.39451741318281,28.80970378839871,13030200
2012-11-23,28.915258407592773,29.00674087203317,28.83081450126038,28.922294281277395,8316700
2012-11-26,28.76749038696289,28.76749038696289,28.211562227732717,28.704156765222436,20376600
2012-11-27,28.67599105834961,28.992658981154573,28.598583045616984,28.760434942956703,19875000
2012-11-28,28.7323055267334,28.767490275469672,28.063784563047193,28.493045477132785,26106900
2012-11-29,29.00674057006836,29.098220349133054,28.788590906188656,28.957481401518645,18915000
2012-11-30,28.908227920532227,29.091190199081975,28.746373266969442,28.844894307875798,20066600
2012-12-03,28.718225479125977,29.112298883053395,28.67600217823787,29.04192939933028,18955500
2012-12-04,28.54933738708496,28.795633285478146,28.288967053865882,28.69711492612087,24031100
2012-12-05,28.99268341064453,29.196758764454827,28.500088747263625,28.633791900919533,25515600
2012-12-06,29.182680130004883,29.238975197612163,28.929345614710694,29.027863996341864,20541700
2012-12-07,29.949710845947266,29.956746720693555,29.36563391832539,29.443041962653474,34552900
2012-12-10,29.77379035949707,30.027122167013108,29.562676493263897,29.935642355031337,22394500
2012-12-11,30.00599479675293,30.32266273166322,29.851178765369497,29.977845939333616,21955000
2012-12-12,30.097492218017578,30.52675311178756,30.048233035233235,30.259344202083877,23110600
2012-12-13,30.104522705078125,30.20304105301244,29.90748600920949,30.013042915952628,18457000
2012-12-14,30.12565040588379,30.33676163802116,30.055278205554693,30.09750152575215,16208600
2012-12-17,30.597116470336914,30.618226777461523,30.125635048396727,30.25933813422523,23879800
2012-12-18,30.871572494506836,30.920831685433978,30.4774989670897,30.843426302851736,33858600
2012-12-19,30.632308959960938,31.23749630525839,30.554900901689273,30.9560156294992,34348500
2012-12-20,31.335996627807617,31.343035184191645,30.547847431427975,30.744884059417206,25014900
2012-12-21,30.963048934936523,31.10379060334377,30.49860330828944,30.836381701812407,38973500
2012-12-24,30.906757354736328,30.977129545179924,30.758979781441656,30.76601834269831,8621200
2012-12-26,30.93490219116211,31.08971830549618,30.766014325001514,30.927866315248846,11498900
2012-12-27,30.70267677307129,30.977121533761924,30.188971995599914,30.934898230415715,19567000
2012-12-28,30.4282169342041,30.744882156899088,30.322660070357404,30.329695941883323,15401200
2012-12-31,30.94193458557129,30.963044893528565,30.294524069169913,30.329708810573273,24209600
2013-01-02,31.643386840820312,31.88429047698322,31.33163030696558,31.8701193568719,31413000
2013-01-03,31.579620361328125,31.70715774838883,31.317461378087774,31.700073539269894,24227700
2013-01-04,32.139366149902344,32.18896372027415,31.487508120513837,31.49459503220402,24487700
2013-01-07,32.17479705810547,32.231481548022025,31.898466926925373,31.948064504169736,24456900
2013-01-08,32.23856735229492,32.23856735229492,31.855955135030545,32.16771443926021,19624200
2013-01-09,32.217308044433594,32.734541813800966,31.983488595106746,32.281076739444096,25920600
2013-01-10,32.69911575317383,32.706199962542016,32.25981909212382,32.51489387521993,23413600
2013-01-11,32.69202423095703,32.69911114219096,32.21730388714248,32.57157376862726,19723900
2013-01-14,32.507816314697266,32.72037777646434,32.22439923043075,32.5149005255144,19079500
2013-01-15,32.8408203125,32.925847038869954,32.13228047660688,32.2314783240385,29898000
2013-01-16,33.173831939697266,33.18091885102811,32.28815722387266,32.529060854691544,43453600
2013-01-17,32.90459060668945,33.209262967175334,32.79831124785386,32.87625106605236,41086800
2013-01-18,32.91877365112305,33.01796883644264,32.720383280483865,32.86209184645446,28679100
2013-01-22,32.9754524230957,32.98253663387231,32.684951129673856,32.769975173321185,24257300
2013-01-23,32.75578308105469,32.90457573790778,32.53613484746402,32.75578308105469,19105100
2013-01-24,32.85499954223633,33.15967196309328,32.649524993293205,32.76289128690052,20008200
2013-01-25,33.41474151611328,33.41474151611328,33.02504511238341,33.1171560560209,26009100
2013-01-28,33.046302795410156,33.30137760955886,32.93293651166245,33.188011325811146,19706800
2013-01-29,33.38640213012695,33.41474437719066,32.76997312225125,32.791228456116315,19907400
2013-01-30,33.393497467041016,33.54937445948145,33.27304423806791,33.32972874649435,18631300
2013-01-31,33.33679962158203,33.45725280236551,33.2163491436636,33.30845737870768,19536000
2013-02-01,33.90364074707031,34.00992283708253,33.45017554170108,33.584799882765324,24520000
2013-02-04,33.783180236816406,33.87529117404387,33.57061882256189,33.6839850903553,20822600
2013-02-05,34.56965255737305,34.57673676510156,33.96030798387211,33.967392191600624,28067500
2013-02-06,34.442115783691406,34.59799538502589,34.23663861881677,34.30749150876999,28282600
2013-02-07,34.17287063598633,34.541311617584306,33.93905393206455,34.470458726181235,21429600
2013-02-08,34.456295013427734,34.49880567626108,34.19413331258484,34.24373359066563,15218300
2013-02-11,34.47755432128906,34.64760510083052,34.27916399754524,34.37127224621747,13935900
2013-02-12,34.8176383972168,34.938091544689236,34.43502633281865,34.57673480513622,16388000
2013-02-13,34.49171829223633,35.03729427226059,34.364180909744164,34.96643866928445,21635600
2013-02-14,34.87432861328125,34.923926181334586,34.27206818241755,34.293326213629506,18017800
2013-02-15,34.6334228515625,35.04437449056885,34.413774561645496,34.966434687602664,20016200
2013-02-19,35.037296295166016,35.20026013712264,34.803476846142345,34.803476846142345,20445900
2013-02-20,34.442115783691406,35.10105793114144,34.26498085594386,34.966433656220026,24786700
2013-02-21,34.187049865722656,34.328758385013714,33.8894644077901,34.30041614058246,24437700
2013-02-22,34.654685974121094,34.654685974121094,34.300416028483845,34.456295669481094,23584100
2013-02-25,33.79733657836914,34.86014588773381,33.76191014196309,34.78929031205786,32775500
2013-02-26,33.72649002075195,34.19412613379814,33.19508522397835,34.16578659881395,39401400
2013-02-27,34.91685104370117,35.001877791489974,33.83986989750056,33.90363860690934,31921200
2013-02-28,34.661766052246094,35.10814688734469,34.54131558246187,34.83181679514337,24711500
2013-03-01,34.654685974121094,35.016040129410406,34.27207378414522,34.43503763479453,25923400
2013-03-04,34.78929901123047,34.81764124858791,34.24372580785451,34.5271400728354,17695200
2013-03-05,35.065643310546875,35.50493732269177,34.93810590333297,35.065643310546875,25561100
2013-03-06,35.44824981689453,35.56161609113231,35.15774857023115,35.341970455158275,19607900
2013-03-07,35.87337875366211,36.03634261930992,35.434082034578,35.462424281525124,24245400
2013-03-08,35.56871032714844,36.02925972856195,35.15067159803621,35.84504050856969,32711900
2013-03-11,35.767093658447266,35.97257087716284,35.36322613358712,35.589958684285264,19473000
2013-03-12,35.62539291381836,35.90172310136196,35.46242902636613,35.674990501179224,18003400
2013-03-13,35.54036331176758,35.73166942007012,35.504936855311264,35.632474260846294,16680200
2013-03-14,36.13552474975586,36.13552474975586,35.56160661893441,35.60411997402415,26378700
2013-03-15,35.441158294677734,35.632464349768995,34.82472947462676,35.40573184807519,60880800
2013-03-18,35.079803466796875,35.18608551539196,34.68302291815341,34.85307095246782,28011400
2013-03-19,34.86015701293945,35.4199040765288,34.49171601043246,35.17900044807672,24411500
2013-03-20,34.80348587036133,35.17192701404815,34.746804072875676,35.122329427673556,19385300
2013-03-21,34.257911682128906,34.8814277074253,34.257911682128906,34.569671046210054,23535900
2013-03-22,34.56257247924805,34.718452108734674,34.25081592313978,34.45629312512397,22791500
2013-03-25,34.37835693359375,34.94518832392342,34.123282132229086,34.74679801302435,23581400
2013-03-26,34.463382720947266,34.69720220172365,34.236650153272514,34.53423833763651,16417500
2013-03-27,33.846946716308594,34.229558858646165,33.698154006354486,34.151619047851675,26530100
2013-03-28,33.62730407714844,33.96031870567981,33.4997666748541,33.89655000453264,27506700
2013-04-01,33.889461517333984,34.002827782524705,33.64855786594558,33.691068526101496,17442200
2013-04-02,34.20830535888672,34.27916097029889,33.92489102183365,34.01699926237166,17273700
2013-04-03,33.402652740478516,34.27247725371978,33.174502494344,34.243957793011596,33467400
2013-04-04,33.85894775390625,33.89459571127695,33.438295329496505,33.481071790435415,21514000
2013-04-05,34.158390045166016,34.25107689979159,33.33134501560156,33.359864466219356,22961500
2013-04-08,34.636104583740234,34.643233091299585,33.93026266564598,34.13702474182944,18672300
2013-04-09,34.70738220214844,34.907012945539336,34.55052792104707,34.75016138420287,20066700
2013-04-10,35.113765716552734,35.33478735297,34.84996762904864,34.892744080135465,20388900
2013-04-11,35.15655517578125,35.36331442932431,34.81432986811533,35.08525653683107,22584700
2013-04-12,34.94266128540039,35.34905671994069,34.543399794261035,34.86423686375868,37805900
2013-04-15,34.172672271728516,35.177960449946994,34.151284029564174,34.50063801049113,31527300
2013-04-16,34.57192611694336,34.5933143525703,33.93025185048032,34.529146925924,23865500
2013-04-17,33.35987091064453,34.35089889306029,33.0675532847538,34.30099120472029,43466300
2013-04-18,33.252925872802734,33.744876994938195,32.83227339433589,33.36700098290738,26106800
2013-04-19,33.67356872558594,33.76625557597778,33.29569554133638,33.616532546720144,19746100
2013-04-22,33.75912857055664,33.858946655627534,33.41690329532203,33.79477924653575,15230100
2013-04-23,34.34376907348633,34.39367948363223,33.78765325509207,33.99441524082101,20568500
2013-04-24,34.73590087890625,34.87849270969775,34.336636681301464,34.45071177779357,16459300
2013-04-25,34.93553161621094,35.38470349852495,34.857104477420336,34.949791343242396,19058800
2013-04-26,34.8499755859375,34.99969863845428,34.65747335280245,34.83571585906474,13929000
2013-04-29,34.87849807739258,35.006832920667144,34.68599853224599,34.99257591120575,13496300
2013-04-30,34.94266128540039,35.11377529572078,34.735902035959626,34.907013326515084,13802600
2013-05-01,34.22969055175781,34.87136467806428,34.115615453721645,34.764418083758244,17686400
2013-05-02,34.27959442138672,34.400798000045064,34.01579359766381,34.400798000045064,15529300
2013-05-03,33.91599655151367,34.72165374250106,33.49534397070778,34.671746039673735,43257900
2013-05-06,34.350914001464844,34.50063713233688,33.91600162341788,34.015817043999235,20829500
2013-05-07,35.03533935546875,35.21358182489605,34.40792510155065,34.62894674275564,24291600
2013-05-08,35.47739028930664,35.64137580251058,35.013961365178886,35.092388509815976,23559300
2013-05-09,34.96405792236328,35.513045281720586,34.87849954340721,35.434618127560206,18103100
2013-05-10,34.90701675415039,35.09951901475141,34.67886653116367,34.97118417435073,16199600
2013-05-13,35.4132194519043,35.434610401862194,34.657472974256294,34.82145575185472,23979500
2013-05-14,35.81248092651367,35.94794424041153,35.40608826505552,35.48451539617281,24188400
2013-05-15,36.42564010620117,36.66805003294282,35.75544923568714,35.79109719437402,27467000
2013-05-16,36.34008026123047,36.83202856168604,36.24739340354536,36.26878163233246,21389500
2013-05-17,37.288330078125,37.3097210273482,36.53971212966528,36.54684063289656,26080300
2013-05-20,37.28120040893555,37.52361030768798,37.01027105862056,37.27406918616261,22020000
2013-05-21,37.80167007446289,38.26509894687148,37.39527738830186,37.45231357454942,37112600
2013-05-22,38.23659133911133,39.184840259873,37.99418137023538,38.09399675981394,46968300
2013-05-23,38.03694534301758,38.35065385835488,37.54499706182657,37.65907214383164,25294200
2013-05-24,38.25797653198242,38.25797653198242,37.58778559827032,37.716120437456816,18342300
2013-05-28,38.928165435791016,38.963816115745615,38.52177270614681,38.89964869949837,27162300
2013-05-29,38.97808074951172,39.18484276673231,38.43622457723473,38.56455943483609,20482600
2013-05-30,39.6553955078125,39.855028981765805,38.87825800359601,38.928165692143075,24890800
2013-05-31,38.921043395996094,39.80512764226489,38.921043395996094,39.71956925988162,24990100
2013-06-03,38.84973907470703,39.11353723067816,37.8159319621522,38.9281634953088,28279600
2013-06-04,38.528907775878906,39.49141639589715,38.407701435417884,38.88539285288793,22022600
2013-06-05,37.80878829956055,38.69287206406092,37.57350967563187,38.34351565911955,24326000
2013-06-06,38.143898010253906,38.158157737751026,37.266945167417994,37.673337881908665,23940900
2013-06-07,38.692874908447266,38.84259792738685,38.07972038924989,38.33638997586871,21691000
2013-06-10,38.75704574584961,39.09927098513516,38.51463586138512,38.95667645549174,16007000
2013-06-11,38.13677215576172,38.536033674358194,37.86584275402475,38.11538120314754,17600800
2013-06-12,37.915748596191406,38.57167975607318,37.76602553401383,38.429087917674515,18479100
2013-06-13,38.621585845947266,38.67149625104031,37.766023971884294,37.78741220280641,17090200
2013-06-14,37.880104064941406,38.593074200522196,37.72324976478876,38.528906779529315,17185300
2013-06-17,38.3934326171875,38.6857502023447,38.17241366241294,38.286488751260514,16856600
2013-06-18,38.57881546020508,38.69289057603111,38.30075753536445,38.52177654240941,13259100
2013-06-19,38.17953872680664,38.863989198244866,38.15815049950058,38.493247232705805,20840000
2013-06-20,37.41666793823242,37.915747517727,37.26694488031352,37.84445160055559,31857100
2013-06-21,37.045921325683594,37.773151067336265,36.85341909526687,37.75889134066487,44412200
2013-06-24,36.3044319152832,36.682307873266225,35.726927942876415,36.27591518165968,30736500
2013-06-25,37.13148880004883,37.47371416487109,36.72509328957162,36.72509328957162,20951400
2013-06-26,37.430931091308594,37.64482158216304,36.98889038090738,37.53787769661839,19332000
2013-06-27,37.894351959228516,38.13676183840949,37.7018497563703,37.808793611448614,17093600
2013-06-28,37.637699127197266,37.88010911439884,37.48797603151071,37.87297788902391,18256000
2013-07-01,37.42380905151367,38.23659468902199,37.38102985804695,37.9442769997468,23511100
2013-07-02,37.919342041015625,38.4436053503305,37.43098665214174,37.75416341530809,23935300
2013-07-03,37.897796630859375,37.926524062137624,37.49562081175982,37.56743938995544,10442300
2013-07-05,38.773956298828125,38.78113678540227,38.141966635978555,38.32150893591097,17070200
2013-07-08,39.283851623535156,39.4346664820441,38.81704059718141,39.16894467330008,21786900
2013-07-09,39.42030715942383,39.621393659822445,38.91758816882919,39.549577835279536,20508700
2013-07-10,39.37721633911133,39.60703025103438,39.09712806558205,39.33412520327653,16915000
2013-07-11,39.599857330322266,40.124120624550486,39.17613730627499,40.10257642082561,21322600
2013-07-12,39.47776412963867,40.10975109041175,39.31976601964628,39.865573438422715,32569200
2013-07-15,39.42030715942383,39.85839081209061,39.21203743281206,39.851210325475556,28292000
2013-07-16,39.506500244140625,39.79376912001707,39.34132159937134,39.427503905893694,19222700
2013-07-17,39.69321060180664,39.915844032148165,39.38439763761594,39.53521250675149,19166600
2013-07-18,40.48320388793945,40.59811086980139,39.85121685749806,39.86557783308207,24563100
2013-07-19,40.33238220214844,40.61965097827066,40.15283990197156,40.58374032655682,17762600
2013-07-22,40.619659423828125,40.69865575106831,40.18157568197538,40.33957107605441,15999700
2013-07-23,40.69865798950195,40.85665613186957,40.55502630327555,40.73456865065736,10577100
2013-07-24,40.669918060302734,40.885368248529474,40.49037578018083,40.87818502314984,16665000
2013-07-25,40.576560974121094,40.576560974121094,40.138477311109035,40.54065306100168,13870200
2013-07-26,40.25337600708008,40.37546617412132,39.93019937620338,40.260559231987116,16762300
2013-07-29,39.994834899902344,40.217468299960835,39.77220423944146,40.20310458967342,10049100
2013-07-30,39.73630142211914,40.21029296391231,39.55675912993085,40.124110691151394,14207400
2013-07-31,40.0235710144043,40.411383057612234,39.86557290651998,39.91584727324534,19404900
2013-08-01,40.60528564453125,40.7776447116455,40.361108016454416,40.47601497439658,15979400
2013-08-02,40.56938934326172,40.590933547916634,40.22466563119048,40.411391203528964,11007300
2013-08-05,40.28928756713867,40.634011164405976,40.224652235100784,40.4544688798116,9370200
2013-08-06,39.85121536254883,40.28929633098963,39.72194467035369,40.21030000984677,10588600
2013-08-07,39.714759826660156,39.83685002636302,39.34131147991954,39.54240073714808,12828400
2013-08-08,39.37721633911133,40.02356693904569,38.87449737943042,39.80093351329614,18587100
2013-08-09,39.15458297729492,39.607030315706304,39.01813182299216,39.2766704196293,12652500
2013-08-12,38.84577560424805,39.0109542062371,38.55132631555481,38.80986768896318,15133000
2013-08-13,38.989402770996094,39.28385200505801,38.49386431737149,38.93913115100488,15078100
2013-08-14,38.88886642456055,39.39158271358559,38.781139939999,39.01813711019507,15785800
2013-08-15,38.271240234375,38.55132580532769,37.98397143670141,38.436418834177914,16933200
2013-08-16,38.271240234375,38.62314163494695,38.1132421216947,38.1132421216947,17139000
2013-08-19,37.22270584106445,38.02705446755581,37.201158905095724,37.98396333521605,22793300
2013-08-20,37.43098449707031,37.60334634070162,36.38245793880899,37.186806816691785,18701500
2013-08-21,37.07908630371094,37.50280635260552,36.827725373919925,37.28735334432785,17136200
2013-08-22,37.49559783935547,37.81877439423878,37.2945114228045,37.34478302694224,14658500
2013-08-23,37.57461166381836,37.646427486715744,37.27298192013172,37.53870375236967,11126800
2013-08-26,37.20116424560547,37.732610662364706,37.19398375898355,37.45970559756412,16548400
2013-08-27,36.339359283447266,37.021620549950306,36.30345137249405,36.64099176256985,23596800
2013-08-28,36.32500076293945,36.66253843620344,36.001824063347826,36.14545845645501,18748100
2013-08-29,36.41118240356445,36.75590332315012,36.231640086722024,36.33218334581805,13576000
2013-08-30,36.289085388183594,36.50453831960966,36.116726330560134,36.49735509410995,15863100
2013-09-03,36.720001220703125,37.14372126511268,36.504550954304776,36.80618077934271,15277200
2013-09-04,37.25143051147461,37.41660907599586,36.57635254261414,36.741531107135394,19923800
2013-09-05,37.423797607421875,37.7182468710739,37.280163218899354,37.36634275617363,13913200
2013-09-06,37.74698257446289,37.85470633477961,36.8277239300878,37.639256074547475,22339900
2013-09-09,37.96242904663086,38.19942348735821,37.71825137883996,37.9049741885161,19936400
2013-09-10,38.54413986206055,38.73086538926767,38.27841802367913,38.65904956470991,20233200
2013-09-11,38.249691009521484,38.60877561536963,38.106059358860726,38.328690061143774,16028600
2013-09-12,37.51715087890625,38.57285747731272,37.40224394507978,38.37177102801576,21976700
2013-09-13,37.76851272583008,37.91932757791803,37.50997141390919,37.5530625457619,11942900
2013-09-16,38.163509368896484,38.41487022290237,38.04860241093887,38.386142798513475,17055300
2013-09-17,38.127601623535156,38.29278020509059,37.97678675423645,38.199417445220824,13207000
2013-09-18,38.357421875,38.68777909266785,37.746979071065994,37.840339106755756,20844500
2013-09-19,37.88343048095703,38.60159977917422,37.72543235867774,38.51542023047573,22452200
2013-09-20,37.919342041015625,38.4005169416408,37.919342041015625,38.02706854193732,30792200
2013-09-23,36.95698928833008,37.6177064290146,36.906717659534316,37.40225619994728,28189500
2013-09-24,36.13828659057617,36.82054811761476,36.12392287279021,36.633822525996266,34906900
2013-09-25,37.129356384277344,37.272990803904456,35.95155907461262,36.066466062394575,39175500
2013-09-26,37.26580047607422,37.746975279209394,37.01444234431581,37.294527902446085,22298700
2013-09-27,37.51715087890625,37.63205781273272,36.90670556703026,36.985704597710466,23026000
2013-09-30,37.122169494628906,37.40943830554573,36.94262717270549,37.150896923640275,21350600
2013-10-01,37.31607437133789,37.40943714292406,36.949809251420334,37.086260425586026,19188000
2013-10-02,37.68504333496094,37.94548945824698,37.10627570531514,37.127978628995066,23841200
2013-10-03,37.576515197753906,37.76461636220963,37.25819375915805,37.61992379565473,18614500
2013-10-04,38.104652404785156,38.111888553211536,37.62716872057881,37.67057733179102,17407200
2013-10-07,37.4969367980957,37.88036975252897,37.4969367980957,37.829727768350274,16159300
2013-10-08,36.80241775512695,37.59098944396079,36.780714833345776,37.49694160972133,19536000
2013-10-09,36.71561050415039,37.14245219478697,36.35388035140014,37.01946250776522,24721200
2013-10-10,37.99612045288086,38.02505951593027,37.17137647443922,37.50416742016463,24328700
2013-10-11,37.98888397216797,38.596590491940965,37.73567407217127,38.314441529150095,32498800
2013-10-14,38.133567810058594,38.227618362751784,37.44628040458735,37.57650339761475,18881600
2013-10-15,37.844200134277344,38.37232569438157,37.75014954528358,38.278275105387806,17566500
2013-10-16,39.06685256958008,39.10302502926223,38.03954036374193,38.06124328759486,24864000
2013-10-17,39.218780517578125,39.276658663789654,38.78470546011927,38.91492852931331,17791000
2013-10-18,39.28388214111328,39.48645284196449,38.92215209789901,39.254943075308645,24796600
2013-10-21,39.262168884277344,39.68177418884139,38.98725335107852,39.262168884277344,19471700
2013-10-22,38.791934967041016,39.5588037689206,38.791934967041016,39.53710084615379,24820900
2013-10-23,38.16252517700195,38.60383633625367,38.14082225434421,38.56766387856355,21034400
2013-10-24,37.96718215942383,38.263800662240385,37.69950272024328,38.22762821258588,17759000
2013-10-25,38.1769905090332,38.278274483327586,37.67056787777996,37.735679398366536,20889600
2013-10-28,38.11187744140625,38.40849596542001,37.981654405519116,38.26380339668084,14836800
2013-10-29,38.14805221557617,38.336153394320476,37.800791685334424,38.220399884239896,23363100
2013-10-30,38.05400085449219,38.517017645206195,37.981655947076945,38.34338600371578,16157200
2013-10-31,37.28713607788086,38.13358311244411,37.28713607788086,38.09017727053711,23738000
2013-11-01,37.98888397216797,38.133576526357906,37.11349802100119,37.22201812658888,25794400
2013-11-04,37.64886474609375,38.169754148079996,37.61992567937749,38.15528737450317,18891300
2013-11-05,37.583740234375,37.713963229802964,37.373936212876586,37.51139259259261,14532200
2013-11-06,37.692264556884766,37.8658961696258,37.49693278724979,37.80801804545184,14013000
2013-11-07,37.36672592163086,37.86591253942056,37.316083920976055,37.71398653745614,17348900
2013-11-08,39.037899017333984,39.045135162455324,37.4752256045949,37.496931280178174,31183100
2013-11-11,39.139190673828125,39.17536588699303,38.849808286977925,39.001734247057875,12062800
2013-11-12,39.045143127441406,39.124724181325746,38.77746089896111,39.016204060614136,15964800
2013-11-13,39.16813278198242,39.21154138528235,38.451908766113334,38.719588253675816,22121900
2013-11-14,39.356239318847656,39.4285842410653,38.849816583978516,39.254952564048324,17634000
2013-11-15,39.696258544921875,39.76137007026829,39.20430541114484,39.26218354913344,20530100
2013-11-18,40.32566833496094,40.51376675200575,40.00734411564941,40.144803304818055,22318800
2013-11-19,40.62228775024414,40.97678167149323,40.354605512816086,40.49206470494979,22979900
2013-11-20,40.58610916137695,40.83208569761844,40.347368771373226,40.824852311161855,17682800
2013-11-21,41.39638900756836,41.526612050133444,40.71633472755486,40.71633472755486,22843600
2013-11-22,41.57001876831055,41.613427370008665,41.28063636966733,41.418092802039254,16730600
2013-11-25,41.70747375488281,42.06196764043705,41.533842125379934,41.59895364147087,18649600
2013-11-26,41.3602180480957,41.9317522648338,41.3602180480957,41.69301183542801,16263300
2013-11-27,41.584495544433594,41.837708292099215,41.47597816096137,41.65684322653029,11238900
2013-11-29,41.39638900756836,41.8521668967648,41.381919473974314,41.65683509269852,7128800
2013-12-02,41.22275924682617,41.77982389662157,41.164883869588216,41.30957369257385,12465300
2013-12-03,41.135948181152344,41.396394299577274,40.61505594430249,41.15765110442719,20426800
2013-12-04,41.37468338012695,41.57725409092098,40.665692791801234,40.83208828867327,20287200
2013-12-05,40.383544921875,41.049129687868636,40.33290293269718,41.02742400694855,21324900
2013-12-06,40.55718231201172,41.06360227548386,40.23885803807858,40.92614582251025,18661200
2013-12-09,40.88272476196289,40.89719429362369,40.57887287642892,40.716329287535096,12714000
2013-12-10,41.020179748535156,41.28785915750263,40.7669671099718,40.86825382126556,14543700
2013-12-11,40.56440734863281,41.070829967622956,40.48482629653391,40.904434476771286,17836100
2013-12-12,40.73804473876953,40.9478460987342,40.44865955568623,40.54994354183089,15325300
2013-12-13,40.636756896972656,40.918908684771694,40.54270906082121,40.78144948461232,11461300
2013-12-16,40.817626953125,41.19382662326492,40.75251817846381,40.75975156683219,26379200
2013-12-17,40.31120300292969,40.991254593626024,40.26779439764972,40.991254593626024,18338500
2013-12-18,41.41086196899414,41.43256489129102,40.079695125747705,40.39801661182214,27685900
2013-12-19,41.403621673583984,41.627895300714805,41.10700313952388,41.309571086750886,16790000
2013-12-20,41.743656158447266,41.960693677235234,41.381926040540066,41.389159428594226,22001700
2013-12-23,42.134315490722656,42.242832844837885,41.815991295176595,41.93898094157789,13990600
2013-12-24,42.14155578613281,42.170494855887185,41.98962980959477,42.011332732019746,4532600
2013-12-26,42.105377197265625,42.29347560371415,41.90280649826585,42.213894553369364,6677000
2013-12-27,42.06197738647461,42.21390337262868,42.00410200308429,42.08368031027326,8943700
2013-12-30,41.924522399902344,42.15602946111017,41.75089072410554,42.06197885506266,8815800
2013-12-31,42.30795669555664,42.358598694197326,41.99686855545989,42.1053887009939,11017400
2014-01-02,42.38804244995117,42.599218730851966,42.21327797997415,42.46086329396756,15627600
2014-01-03,42.715728759765625,42.92690503797859,42.38804191044053,42.44629858491216,14214100
2014-01-06,42.963321685791016,43.3055727643975,42.83953039734368,43.07983227755447,17550700
2014-01-07,42.4681510925293,43.27644454040106,42.31523146126481,43.174498119558066,17851200
2014-01-08,42.868656158447266,42.897784500979576,42.45358699977254,42.628354277134775,14687400
2014-01-09,42.78855514526367,42.963322424830956,42.475435181501396,42.948758253381044,13242500
2014-01-10,42.591949462890625,42.78855884990776,42.366208952619814,42.72302146162474,12694900
2014-01-13,42.01668167114258,42.723026067868474,41.892887578669,42.60651545145157,20711600
2014-01-14,42.04580307006836,42.657484399612024,41.914728301035304,42.45358877120963,30272400
2014-01-15,43.32013702392578,43.4366476159268,42.038517734082944,42.038517734082944,35186600
2014-01-16,42.95603942871094,43.560437233456476,42.773991462079024,42.810400499839105,21689400
2014-01-17,42.315216064453125,43.13078991227405,42.25695940069346,43.11622574633413,20997900
2014-01-21,42.358924865722656,42.5555370277328,41.929294277198714,42.30067095355217,19548300
2014-01-22,41.93656921386719,42.475432411039904,41.81277515353324,42.475432411039904,15433500
2014-01-23,41.12099838256836,41.57975728957764,40.93166692883576,41.5724765926641,26234600
2014-01-24,40.116092681884766,41.04089674666185,40.116092681884766,40.77874721298246,26833100
2014-01-27,40.116092681884766,40.63310827451261,39.82481480494506,40.108811984985536,23935000
2014-01-28,40.58940887451172,41.026322808075385,40.22531300393165,40.33454009840705,18041000
2014-01-29,40.43648910522461,40.6840744242976,39.94131846707863,40.02142000822448,25459000
2014-01-30,40.77874755859375,41.062741963209454,40.509317325731644,40.829720770815456,17031100
2014-01-31,40.31269454956055,40.85883834614347,40.18161981615417,40.414640947136405,18174000
2014-02-03,39.548099517822266,40.72048603757707,39.46799797160238,40.41464680055358,28549900
2014-02-04,40.01413345336914,40.30540845926612,39.759264698149615,39.84664969996644,20709300
2014-02-05,40.20347595214844,40.37824323830528,39.7447170344213,40.12337439506954,19491600
2014-02-06,41.128273010253906,41.1792462146218,40.19618838429094,40.30541548886587,20881600
2014-02-07,41.2302131652832,41.45595359169499,40.968063709535535,41.252060805149426,23388500
2014-02-10,41.3176155090332,41.44868751408372,41.06274664105841,41.33946038023628,14715200
2014-02-11,41.82006072998047,41.92200715077354,41.201098730690155,41.22294359862249,18774100
2014-02-12,41.885589599609375,42.02394503145026,41.623440126368905,41.75451486298914,13437900
2014-02-13,42.2569694519043,42.30794265590314,41.47780444468626,41.55790598749337,16605500
2014-02-14,42.34435272216797,42.402606619551015,42.053074901759246,42.15502130555295,13067300
2014-02-18,42.591949462890625,42.70846006674577,42.16231609033128,42.24969834876467,14983800
2014-02-19,41.69625473022461,42.62834197750029,41.667129173927584,42.49726725175576,18669900
2014-02-20,41.92928695678711,42.213281326386486,41.7035464891877,41.89287514297682,12457000
2014-02-21,41.95113754272461,42.1186213533286,41.77637025723293,41.93657337078099,16790100
2014-02-24,42.2569694519043,42.40260836811439,41.929285362720684,41.95841092369768,16151400
2014-02-25,41.52877426147461,42.22055697367525,41.448672725200815,42.162303078641344,17991800
2014-02-26,41.32489776611328,41.783659523512476,40.938956878525474,41.776376047615265,23661700
2014-02-27,41.281192779541016,41.42683169735657,40.880687838921745,41.34673015366645,16277500
2014-02-28,41.375858306884766,41.83461992370146,41.06273560722922,41.193810354891134,18599000
2014-03-03,40.93166732788086,41.084586965041446,40.553007194555796,40.9972047120685,19151000
2014-03-04,41.69625473022461,41.76907556554426,41.24477666256612,41.47051708531078,17157000
2014-03-05,42.35164260864258,42.446308337494074,41.76908961923292,41.85647187318643,17761500
2014-03-06,42.89049530029297,43.028850733142036,42.52639942432386,42.60649818365896,19420600
2014-03-07,43.254600524902344,43.545875621932424,43.014295861466636,43.21818870717086,18602200
2014-03-10,43.108951568603516,43.31284436692141,42.86864696101654,43.06525906417924,16945200
2014-03-11,42.373477935791016,43.291001118101335,42.32978820756843,43.2691534761589,19420000
2014-03-12,42.17687225341797,42.206000595226534,41.812776314305594,42.01667192913399,17932100
2014-03-13,41.81277084350586,42.48270872829009,41.6452870667676,42.23512341097458,17192500
2014-03-14,41.361297607421875,41.892877338500774,41.23022284876335,41.5870380868519,18635800
2014-03-17,41.92928695678711,42.01666919870275,41.54334339748287,41.659853979314185,13581400
2014-03-18,42.278831481933594,42.35164957590217,41.958425201674494,42.10406416744388,12554800
2014-03-19,42.453590393066406,42.91235210220819,42.15503180282566,42.22785266497697,21450700
2014-03-20,43.771610260009766,44.04832392633874,42.32979080571348,42.49727458911933,33736500
2014-03-21,43.815303802490234,44.565343322958405,43.691512517051066,44.39057605064431,35144100
2014-03-24,44.47066879272461,44.558051022657395,43.946369857465896,43.96093402542653,25810500
2014-03-25,44.36874008178711,44.76924513795149,44.099309811688464,44.49981486785285,24053500
2014-03-26,43.61869430541992,44.71098211495967,43.61141083110399,44.594471526388695,22745200
2014-03-27,43.63325500488281,44.09201665539079,42.977883996274336,43.647819175451644,24632600
2014-03-28,43.72063446044922,44.12113937767735,43.45848497925811,43.84442572777216,14708700
2014-03-31,44.208518981933594,44.434259416824595,44.1284174476874,44.29590398901907,15216700
2014-04-01,44.179405212402344,44.63088623103983,43.96094817832428,44.38330085166285,14584400
2014-04-02,44.318634033203125,44.53114138343177,44.11345606489419,44.238027604127424,14012200
2014-04-03,44.450531005859375,44.553119980900966,44.17207321978939,44.44320441993065,11925200
2014-04-04,43.82766342163086,44.743640315446875,43.820334041090135,44.71432838396325,16966900
2014-04-07,43.234107971191406,43.96688946222855,43.11686304443905,43.739726193684795,18685700
2014-04-08,43.12419509887695,43.2487694217297,42.68452726662706,43.08755657874611,16956500
2014-04-09,43.43197250366211,43.563873435746906,42.86773024870835,43.307398158764066,15308400
2014-04-10,42.06165313720703,43.51988654599744,42.04699717388512,43.490574619353616,29977200
2014-04-11,40.5228271484375,41.07241341933496,39.97324087754005,40.4348941277892,47241300
2014-04-14,40.2736701965332,40.991795724448835,39.92193541522797,40.925845278245376,31081500
2014-04-15,40.15642547607422,40.77196204536078,39.82667324336006,40.368932781083295,26691400
2014-04-16,40.49351119995117,40.559461657741814,40.07582589905714,40.30298920818935,27049400
2014-04-17,40.46419143676758,40.720663818990246,40.31030521209466,40.55212442562402,17955400
2014-04-21,40.3249626159668,40.60342035185065,40.295653482194346,40.49350201535088,12384800
2014-04-22,40.896541595458984,41.09439296044765,40.259019598715525,40.332299435011294,16257600
2014-04-23,41.072391510009766,41.12368597763753,40.71333023661543,40.88919618409952,11379000
2014-04-24,41.17500305175781,41.226297547548015,40.749991115876064,41.08707002973751,15360600
2014-04-25,40.81593322753906,41.292239561726674,40.77196532785752,41.26293042394545,15937700
2014-04-28,40.66204833984375,40.8159317903008,40.06849429407265,40.76463730681512,21394100
2014-04-29,41.109039306640625,41.26292553964056,40.72066602244816,40.83791094571416,13453400
2014-04-30,41.0211067199707,41.29223508358687,40.83058476602571,41.211631469255195,14388100
2014-05-01,40.83059310913086,41.17499857263688,40.66938025684715,40.9771471981087,12744600
2014-05-02,40.727996826171875,41.306892082654485,40.62540506880602,40.91119219988728,15153800
2014-05-05,39.73141098022461,40.11245766838707,39.35036429206215,39.48226517624683,25232300
2014-05-06,39.08656311035156,39.61416665500917,39.07190714574003,39.599510690397636,25327400
2014-05-07,39.60683822631836,39.65813270602102,39.013287019661945,39.24044748824818,18502600
2014-05-08,39.83399963378906,39.95857113716434,39.614165760260164,39.71675471488436,16090800
2014-05-09,39.577537536621094,39.79737427816959,39.33572103439415,39.7314238147731,12366500
2014-05-12,40.046512603759766,40.08315112198882,39.592186032632306,39.768054833607415,12825500
2014-05-13,40.0245246887207,40.17841092795354,39.93659169154449,40.11246048123649,12310700
2014-05-14,39.83399963378906,40.083145435878976,39.79003174094754,40.039177543037454,10325800
2014-05-15,39.211143493652344,39.716764603531225,39.09389854555609,39.716764603531225,19763000
2014-05-16,39.06459426879883,39.211148375660905,38.815448373656714,39.14519790943681,19992400
2014-05-19,39.44563293457031,39.50425400611759,38.8813907948111,38.89604676153287,12068900
2014-05-20,39.36503219604492,39.599522106752985,39.13786887208513,39.36503219604492,16888200
2014-05-21,39.65813064575195,40.00986540058571,39.5555416916762,39.606836168714075,13210200
2014-05-22,39.973236083984375,40.00987460524915,39.58486272696581,39.69477829076013,11800900
2014-05-23,39.95857620239258,40.00254410080756,39.687447817182814,39.973232168530906,10876500
2014-05-27,40.405574798583984,40.61808212200985,40.0758225372921,40.11979043724429,14503700
2014-05-28,40.63273239135742,40.74264793281641,40.30298017630162,40.36893061931278,11374900
2014-05-29,40.83059310913086,40.9771471981087,40.58877383070529,40.852575663409525,11741000
2014-05-30,40.720664978027344,40.94782823398985,40.53014303085898,40.72799435792193,11991900
2014-06-02,40.559452056884766,40.77928872770923,40.317635632453,40.77928872770923,9440000
2014-06-03,40.74265670776367,40.78662461102051,40.36893931377068,40.36893931377068,9131500
2014-06-04,40.801273345947266,40.83791186116306,40.48617708348035,40.68402842005303,9727800
2014-06-05,41.4974250793457,41.51940763404929,40.66205445652805,40.96982140373871,16803400
2014-06-06,41.74656295776367,41.86380788597327,41.51207310134447,41.59267671827516,15399800
2014-06-09,42.07630920410156,42.2595045652382,41.695265312835986,41.70259189733213,11999700
2014-06-10,42.42805099487305,42.457360131124226,42.05433085543904,42.11295471862071,11609200
2014-06-11,41.966392517089844,42.347439193275406,41.75388523310071,42.120275945355374,14232200
2014-06-12,41.7978515625,42.07630648076068,41.67327727141354,41.819834109905,11670200
2014-06-13,41.7978515625,42.25950183004021,41.68060665077466,41.79052218313887,12040800
2014-06-16,41.67328643798828,41.731910304415614,41.27758652096299,41.65863047138144,11199100
2014-06-17,42.07630920410156,42.20088350325095,41.53405250052714,41.61465890668156,11200500
2014-06-18,42.34012222290039,42.36210757290997,41.73191491587757,41.98106078504526,13729400
2014-06-19,41.9883918762207,42.27417629894464,41.92244140979668,42.27417629894464,11624400
2014-06-20,42.17156982421875,42.332782629836316,42.02501298232453,42.274158774942926,17124800
2014-06-23,42.640560150146484,42.66254549890159,41.94441986882702,42.16425378899842,16007700
2014-06-24,42.07630920410156,42.58925677435204,41.988376213451,42.41339079305091,12322900
2014-06-25,42.15691375732422,42.310799978373126,41.67327813699439,41.92975330851641,14836600
2014-06-26,42.0543327331543,42.12761256540331,41.47543463741611,42.01769421469968,11854400
2014-06-27,42.15691375732422,42.28148805099817,41.944409272203885,42.01035971112792,10178600
2014-06-30,42.22286605834961,42.3401109776809,42.04700007702236,42.090965174684484,11549000
2014-07-01,42.48114013671875,42.79106133212262,42.11956869277522,42.17122175619572,14472200
2014-07-02,42.03839111328125,42.41472090875857,41.92770438908657,42.25976174679028,19189900
2014-07-03,42.09743881225586,42.54018307130111,42.06054416105578,42.23026180848129,12599800
2014-07-07,41.8170280456543,42.05315997021294,41.617796396454644,41.97936786413804,13916100
2014-07-08,41.14552307128906,41.66943701583444,41.04959758436795,41.58088651499624,18343400
2014-07-09,41.33738708496094,41.41117636733993,41.034846523397974,41.234080963678075,10914300
2014-07-10,40.997947692871094,41.18242369484875,40.55520359919648,40.62899568891578,12436600
2014-07-11,41.175048828125,41.25621873071061,40.72492687006358,40.798718970087215,10230000
2014-07-14,41.53662109375,41.94246777237981,41.47020961434653,41.71371649557215,14004400
2014-07-15,42.99766159057617,43.30757988464006,42.621329016492815,42.761532562276045,36178000
2014-07-16,43.32235336303711,43.521587827724964,43.02719338248109,43.174771965318584,20507500
2014-07-17,42.69514083862305,43.433045096974965,42.62134872385904,43.211674382445665,17013500
2014-07-18,42.9681396484375,43.152615605788625,42.72463284847148,43.04193172030578,12803300
2014-07-21,42.975528717041016,43.100971041574034,42.72464125309471,42.88697821337978,9141400
2014-07-22,43.29283905029297,43.38876738664765,43.07146834822011,43.10836299608538,10375200
2014-07-23,43.536346435546875,43.67654721579569,43.182152768433234,43.35924819454953,11122100
2014-07-24,43.661773681640625,43.794596612693816,43.5289535654675,43.58798441544666,9844100
2014-07-25,43.54370880126953,43.735565395571385,43.41826648681682,43.47729733630043,10500600
2014-07-28,43.676544189453125,43.728197253064764,43.29283370628034,43.49206815801703,12382800
2014-07-29,43.270694732666016,43.63226896984402,43.12311335392233,43.63226896984402,13498800
2014-07-30,43.46992874145508,43.74295245975597,43.248558082971094,43.55109863970469,11815700
2014-07-31,42.55492401123047,43.300208657027675,42.54754620948616,43.27807243691426,15955900
2014-08-01,41.67682647705078,42.42211125244547,41.3004965952803,42.34831914776824,23915400
2014-08-04,41.80226516723633,42.04577203771952,41.57351390052015,41.99411897989337,13543900
2014-08-05,41.36690902709961,41.765375141935955,41.02747096759163,41.639932783440315,16863300
2014-08-06,41.49234390258789,41.83177908599881,41.19718397500991,41.24145641596231,12190600
2014-08-07,41.25620651245117,41.83177064777501,41.08648895498081,41.78749821575315,11743800
2014-08-08,41.573516845703125,41.5882752653962,41.056983415968446,41.24145943981078,12213200
2014-08-11,41.55876159667969,41.750618252446365,41.448074847977296,41.721101410808274,9066800
2014-08-12,41.58089828491211,41.72847967987008,41.418561283851226,41.49235057388972,11289600
2014-08-13,41.853919982910156,41.94246768363387,41.698957988042835,41.83178094656874,7012600
2014-08-14,42.045772552490234,42.06053097131847,41.83916031865607,41.89081337711461,8275900
2014-08-15,41.876068115234375,42.42949632821104,41.61042212262454,42.23764245292697,12727400
2014-08-18,42.23024368286133,42.37782503919976,41.88342791769804,41.957220003307384,8881400
2014-08-19,42.47377014160156,42.59183471039128,42.31143030393519,42.50328417263797,9040500
2014-08-20,42.53278732299805,42.68774649184745,42.3483113177353,42.37044753760509,8121400
2014-08-21,43.16740417480469,43.36663868570498,42.50328913847041,42.54756441251992,12745500
2014-08-22,43.160011291503906,43.59537481547277,43.0419467501673,43.12311383524565,10228600
2014-08-25,43.787227630615234,44.14880186349757,43.433034014766775,43.521581715008736,13996800
2014-08-26,44.08240509033203,44.23736432116947,43.82413689072139,43.956959892833936,10281100
2014-08-27,43.97170639038086,44.23735232255408,43.92743113005838,44.16356022201662,11410900
2014-08-28,43.6544189453125,43.809378175118894,43.39615356230184,43.72083044592689,9096100
2014-08-29,43.868408203125,44.01598961602607,43.70606836744569,43.78723828528535,8897900
2014-09-02,44.030723571777344,44.0602404028189,43.647016027756926,43.875764431129106,8671100
2014-09-03,44.052879333496094,44.547273774250165,43.87578109486596,44.28900844174893,11791800
2014-09-04,44.06025695800781,44.377555973726494,43.85364469284439,44.001226088624406,9811900
2014-09-05,44.20783996582031,44.20783996582031,43.698687087438124,43.99384707488012,9600900
2014-09-08,44.19307327270508,44.43658296127668,44.082389353711186,44.15617863304045,8090000
2014-09-09,43.58061981201172,44.038119593692095,43.37400473731661,44.00122494942255,14868700
2014-09-10,43.69867706298828,43.94956454294515,43.47730360458834,43.64702400666308,9153800
2014-09-11,44.09715270996094,44.15618639570694,43.51421054506503,43.669169747826686,11467000
2014-09-12,44.296382904052734,44.57678725453536,44.08977065363438,44.126665296226115,14359100
2014-09-15,44.22996139526367,44.26685884437219,43.86839003899356,44.111896876804835,10685600
2014-09-16,44.266868591308594,44.4218277781156,43.993842045165835,44.060253527351804,10947900
2014-09-17,44.50298309326172,44.70959527461546,44.14140896101282,44.23733725158985,15091800
2014-09-18,45.24827194213867,45.30730561182959,44.67270773705372,44.67270773705372,16973700
2014-09-19,45.093326568603516,45.6393741057946,44.99739823346626,45.55820700747356,18739300
2014-09-22,44.94573974609375,45.34420864566272,44.864569842676275,44.967875968887306,13225200
2014-09-23,44.96787643432617,45.30731447166539,44.842434084023196,44.87932872735461,14328800
2014-09-24,45.47704315185547,45.48442095636515,45.026921074963795,45.14498565128935,13728200
2014-09-25,44.38492965698242,45.38109899681392,44.38492965698242,45.37372119487408,16340100
2014-09-26,44.68746566772461,44.92359471415568,44.51036747546117,44.5177480915323,11948900
2014-09-29,44.51776123046875,44.6432035918981,44.07501702657912,44.296387721083384,10686500
2014-09-30,44.45135498046875,44.82030711976092,44.37018505944344,44.56941955244699,14384800
2014-10-01,44.104522705078125,44.569403016272815,44.075005869314566,44.45133848809897,18995800
2014-10-02,43.7108039855957,44.19367429855204,43.539942923709276,43.941096460579544,24559100
2014-10-03,44.79540252685547,44.8622614507968,43.86680793536242,44.015383636770466,18321100
2014-10-06,44.706268310546875,45.166850538206134,44.57255043254153,45.15199268133372,11578000
2014-10-07,44.03024673461914,44.51311427940109,43.970815313438884,44.51311427940109,14542000
2014-10-08,44.86969757080078,44.891982937034875,43.96338822599882,44.097106091095704,15834100
2014-10-09,43.88909149169922,44.8176859850018,43.747943315056105,44.8176859850018,19189500
2014-10-10,43.47309875488281,44.438836874703824,43.46566840880103,43.85196422349878,16689400
2014-10-13,43.205650329589844,43.94109851490215,43.16850711159033,43.45822817937079,17169300
2014-10-14,43.07936096191406,43.47308415663475,41.645610705028915,42.113620332541736,29096800
2014-10-15,41.251895904541016,42.62621795602916,40.30844321529084,42.358782191032695,37866900
2014-10-16,40.9175910949707,41.58617746222418,40.323288323395644,40.67244077661915,31965100
2014-10-17,41.7496223449707,42.18048885413493,41.28160977711173,41.40046979693425,20183500
2014-10-20,42.06904983520508,42.15819412180962,41.65303844130759,41.67532380449728,10807600
2014-10-21,43.0347900390625,43.09421862216878,42.40334682009783,42.514776476114335,14020400
2014-10-22,42.678218841552734,43.279946476151615,42.67078849597819,43.11651571351621,13750700
2014-10-23,43.131370544433594,43.53252132806992,43.042223406873234,43.17594127936745,12641900
2014-10-24,43.63650894165039,43.66622180848968,43.08677981436829,43.08677981436829,13758000
2014-10-27,43.562232971191406,43.673665465809144,43.272511885800554,43.42108760067552,11087100
2014-10-28,44.29768371582031,44.342254449120674,43.6885258007148,43.73309653401516,13625000
2014-10-29,44.04509735107422,44.409104827516934,43.6513713350795,44.290244838537284,16712100
2014-10-30,44.119380950927734,44.3348155527085,43.77022851589308,43.78508636779301,14709800
2014-10-31,44.929115295410156,44.97368885094718,44.47596073257627,44.661679629878975,18347600
2014-11-03,45.226280212402344,45.42685702163456,44.839984450234326,45.159421275991605,11841200
2014-11-04,44.75825119018555,44.847395461320026,44.14166313304597,44.75082368169321,15295800
2014-11-05,45.426841735839844,45.48627030718194,44.86225472194041,45.16683358891274,14063800
2014-11-06,45.486270904541016,45.54570231050898,45.04054669516294,45.3748412691192,10421600
2014-11-07,45.664573669433594,45.72400225636734,45.211419004448544,45.367422233226506,12384600
2014-11-10,46.00629806518555,46.00629806518555,45.46399907661657,45.50114229947954,10801000
2014-11-11,45.59028244018555,45.97657815716583,45.530853855797965,45.84286029998627,12539800
2014-11-12,44.988555908203125,45.196560208912764,44.743405553355856,44.88455092400225,17219600
2014-11-13,44.74340057373047,45.040551970684284,44.56511200263477,44.94397734159743,12240400
2014-11-14,44.78055191040039,45.03312979345992,44.70626546461369,44.75826654343363,6803400
2014-11-17,44.85482406616211,44.966253692302544,44.49081381954158,44.57253057901834,9017600
2014-11-18,44.966270446777344,45.18170510496993,44.72112291085003,44.83255257850927,8897800
2014-11-19,45.01826095581055,45.159409135758445,44.68396919747104,44.90683131431256,9210100
2014-11-20,44.661685943603516,44.758260577330205,44.38682273021543,44.7211173593879,10917300
2014-11-21,44.90683364868164,45.36741575860908,44.79540116754556,45.36741575860908,12340500
2014-11-24,45.285701751708984,45.5457099456376,45.09255531762551,45.09255531762551,8335000
2014-11-25,44.79540252685547,45.434276059218014,44.53539717477573,45.434276059218014,14802600
2014-11-26,44.82512664794922,44.99598774479447,44.72112448759527,44.99598774479447,7626600
2014-11-28,44.691410064697266,44.98856153186649,44.5948354127903,44.86970151176808,6759600
2014-12-01,44.57254409790039,44.728547322119994,44.23824945039693,44.557686243139564,12771600
2014-12-02,45.37484359741211,45.45655753404289,44.57253657874877,44.57996408795318,12546600
2014-12-03,45.71657180786133,45.77600039097609,45.17427288040173,45.28570253643413,12115500
2014-12-04,45.597721099853516,45.73886649312937,45.196567455158124,45.389713931948585,11515200
2014-12-05,46.57830810546875,46.84574381747951,45.969150243153564,46.06572204616614,20071100
2014-12-08,46.55601501464844,46.92002532526637,46.25143611549697,46.504013946538116,15528200
2014-12-09,46.3925895690918,46.68973815863094,45.73143062759815,45.946862434014086,19676400
2014-12-10,45.07770538330078,46.23659269294305,44.847412856877725,46.17716126657076,29620600
2014-12-11,45.419429779052734,46.10287704614116,45.397144410009005,45.44171514809646,16886200
2014-12-12,44.60224914550781,45.47884252992954,44.54281774067125,44.96625658167298,17405400
2014-12-15,43.94852828979492,45.1742743838674,43.67366506181872,45.122273309219096,19209900
2014-12-16,43.406227111816406,44.46853958301673,43.16850711598027,43.398796767908216,20709700
2014-12-17,44.40168762207031,44.44626119097375,43.33937498423206,43.510236080925765,17856400
2014-12-18,45.67197799682617,45.67197799682617,44.89938692193502,45.04796256462096,18173400
2014-12-19,46.00629806518555,46.31830453785006,45.590286601119935,45.612574801914725,22756400
2014-12-22,46.01372146606445,46.30344537974723,45.768573949989495,46.17715503267843,17073400
2014-12-23,46.41486740112305,46.77887769400069,46.00628638566342,46.09543066467294,13552600
2014-12-24,46.41486740112305,46.704588433288144,46.258864204395,46.608016645130135,7412500
2014-12-26,46.46686553955078,46.719443342371406,46.3628634149503,46.55600981294472,6086500
2014-12-29,46.77145004272461,47.053743581987334,46.24400901361597,46.3702965133269,10601200
2014-12-30,46.91259765625,47.00916944878615,46.481728426120114,46.59316090531802,7518100
2014-12-31,46.489158630371094,47.16517534533005,46.489158630371094,47.02402716092221,18529400
2015-01-02,46.72093200683594,47.07232769029862,46.40691562672016,46.48915807989514,12600000
2015-01-05,45.27047348022461,46.563915253708146,45.03122429970021,46.399433224644625,20100600
2015-01-06,44.09666061401367,45.42000937763582,43.62563749596076,45.337766929015025,29074100
2015-01-07,44.1639518737793,44.77702834653749,43.86488892762014,44.77702834653749,23843200
2015-01-08,45.15085983276367,45.53216526743965,44.83684627674901,44.83684627674901,16971100
2015-01-09,44.36581802368164,45.449917616154686,44.3284358691982,45.39758202946277,15396200
2015-01-12,43.98451614379883,44.410678985862894,43.56582859191325,44.320958391267375,15455200
2015-01-13,43.99199295043945,44.634976306827085,43.640594406349535,44.30600648612139,21644700
2015-01-14,42.47426223754883,43.99200028383405,41.32287337729567,43.99200028383405,49602300
2015-01-15,41.113525390625,42.32472497574723,40.74717340236925,41.66678816626537,42458100
2015-01-16,41.81631851196289,41.868654101423616,40.85184347405693,40.86679690705652,29368900
2015-01-20,41.65183639526367,42.160241743053476,41.43501588033768,41.898563778195154,23477700
2015-01-21,41.786415100097656,42.18267112507708,41.26305631015302,41.45744810314078,21842400
2015-01-22,43.05742645263672,43.16209763525922,41.83874871479794,42.15276511474127,31423500
2015-01-23,42.37706756591797,43.26677560995253,42.36211413004223,43.154629118998876,15458300
2015-01-26,42.44434356689453,42.608828458939,42.01818075757513,42.175187507940095,12577700
2015-01-27,42.0181884765625,42.324726744001175,41.689218632039875,41.90603914737053,15220500
2015-01-28,40.93408966064453,42.37706327776119,40.93408966064453,42.3322029746734,24354400
2015-01-29,41.621925354003906,41.786410259466024,40.881748983575626,41.32286526016216,20393300
2015-01-30,40.657447814941406,41.494819959691036,40.64996967364238,41.113517463623204,26943700
2015-02-02,41.4724006652832,41.60697871849833,40.57521459454095,40.769603531365085,20308900
2015-02-03,42.4069709777832,42.45182842967434,41.77146283925706,41.80136970856851,18812500
2015-02-04,42.152767181396484,42.66864782907522,42.078000010089156,42.107906878612084,14934100
2015-02-05,42.44434356689453,42.64621061111036,42.212569660111456,42.511632581633144,11293900
2015-02-06,43.28172302246094,43.90975298145995,43.02004506124296,43.17705183797374,25214000
2015-02-09,43.2293815612793,43.438723901832795,42.78826530648765,42.930318630138174,14372400
2015-02-10,43.7078857421875,43.89479938581856,43.40134748071561,43.67797887470832,16367300
2015-02-11,43.64059829711914,43.857418816082905,43.24434227093265,43.408827195950124,13061900
2015-02-12,44.53778076171875,44.64245194108554,43.77517278794905,44.05928231199872,23211300
2015-02-13,44.61253356933594,45.023745742333,44.3658091176127,44.45552684077797,16479100
2015-02-17,44.93403625488281,44.963943120675964,44.35086663229485,44.380773498088004,15308800
2015-02-18,44.388248443603516,44.93403590574714,44.20133481196218,44.93403590574714,14278100
2015-02-19,44.28358459472656,44.47049825730032,43.962092866933595,44.223773705782556,11256500
2015-02-20,44.7097282409668,44.77701724456525,43.625628895024995,44.0816984914062,15379000
2015-02-23,44.373294830322266,44.50787287272265,43.96208541279917,44.48544414968114,16814000
2015-02-24,45.472347259521484,45.79383892832722,44.91908451697833,45.04618441521167,22937700
2015-02-25,45.71160125732422,45.80879715277783,45.42001642303932,45.42749171403917,18307900
2015-02-26,46.04058074951172,46.13029852068771,45.539650585286346,45.62936835646234,15444800
2015-02-27,45.81626510620117,46.29476351168493,45.70411864670837,45.70411864670837,15225900
2015-03-02,46.18262481689453,46.22748511947931,45.62935915998601,45.81627280930868,13047300
2015-03-03,46.332157135009766,46.34711056947201,45.98075855533718,46.09290788776596,13706900
2015-03-04,46.4517822265625,46.48168624371222,45.86860968496466,46.08543020873724,16625500
2015-03-05,46.354576110839844,46.52653629287294,46.05551318864943,46.50410757193505,10931300
2015-03-06,45.524688720703125,47.00504450541294,45.45739969175831,46.47421041711277,22719200
2015-03-09,45.980751037597656,46.07794691967292,45.457392325291195,45.487299189325974,13001500
2015-03-10,44.82935333251953,45.6143898154379,44.82935333251953,45.42747623131091,16357700
2015-03-11,45.0387077331543,45.34524595997564,44.82936253653995,44.95646528292104,13015600
2015-03-12,45.88356399536133,45.94337773495448,45.34525459940336,45.34525459940336,18159600
2015-03-13,45.60692596435547,46.24990931133259,45.180763113838196,45.90598891478807,16506200
2015-03-16,46.242427825927734,46.2947634106586,45.79383628478452,45.98074990227344,15182900
2015-03-17,46.06300354003906,46.100385702202715,45.547120005121656,45.86113644186392,11718300
2015-03-18,46.167667388916016,46.39196317828509,45.67421551147379,45.898511300842856,15697900
2015-03-19,45.7564582824707,46.09290339488626,45.42748846051962,46.03308966286762,11523800
2015-03-20,46.167667388916016,46.429345334500645,45.719075810177884,45.846175711725934,18368300
2015-03-23,45.71160125732422,46.41439839849902,45.69664782324859,46.16767101436508,15112900
2015-03-24,45.203189849853516,45.78636229235444,45.195714559855354,45.58449523749745,12128700
2015-03-25,44.567684173583984,45.33776737816138,44.552730741679746,45.25552492872583,14950900
2015-03-26,44.515357971191406,44.70227163127998,44.01442787907447,44.45554423096653,14039600
2015-03-27,44.522830963134766,44.694791179285595,44.11162150259358,44.47797351235905,11755800
2015-03-30,45.577030181884766,45.950857534791446,45.31535217568063,45.517219288499405,20656500
2015-03-31,45.29291534423828,45.56206859443526,45.17328787471627,45.39758652799419,17346700
2015-04-01,45.11981201171875,45.58643811510657,44.954233803309286,45.46601838290865,18100600
2015-04-02,45.548797607421875,45.68427013563918,45.15743284490879,45.2101162868786,12697800
2015-04-06,45.51116943359375,45.721903212798914,44.89401804789371,45.09722398010874,12025200
2015-04-07,45.797157287597656,46.286363908211044,45.797157287597656,46.02294672543889,11505500
2015-04-08,45.94770050048828,46.331540397342884,45.86491139053795,45.95522834922908,11734000
2015-04-09,46.26380157470703,46.34659068011358,45.78212263892304,46.113276189516306,11728500
2015-04-10,46.43690872192383,46.4971171585136,46.06059666237993,46.173488557623195,9869700
2015-04-13,46.71536636352539,46.86589172134137,46.286370959920916,46.391737849082375,15468700
2015-04-14,47.4454231262207,47.87441862606199,47.21963647436209,47.38521182117412,33775400
2015-04-15,48.325992584228516,48.5292043059962,47.422843093530204,47.47552942167599,28732200
2015-04-16,48.024932861328125,48.371136300789864,47.91203812610803,48.22814166210485,16640500
2015-04-17,47.29487991333008,47.716350276741714,47.031462730592786,47.603455557836035,20221200
2015-04-20,47.5959358215332,47.8066695909167,47.520671710301755,47.580882999286914,12755300
2015-04-21,46.895999908447266,47.86688263335691,46.76052736617474,47.66367669098069,14985100
2015-04-22,47.370140075683594,47.52819325278928,46.68525254499862,47.151881359642985,14484700
2015-04-23,47.2647819519043,47.57335764654875,47.114256592582805,47.25725697590281,12851300
2015-04-24,47.1142578125,47.294888822569305,46.91857685003805,47.13683848315398,9597500
2015-04-27,46.9185905456543,47.528217152677676,46.89601273944233,47.189535704331355,11146400
2015-04-28,47.23469924926758,47.24975207961462,46.48960280880883,47.03149321716707,12307800
2015-04-29,47.866886138916016,48.08514779200988,47.0088952223763,47.08415934639113,17601200
2015-04-30,47.610992431640625,48.07762137344168,47.35510015972906,47.85183475023328,16840900
2015-05-01,47.87440872192383,48.070089680777166,47.66367493992294,47.942144990571606,11640100
2015-05-04,48.7098274230957,48.822722174346495,47.89699210456865,47.927097754373236,14972500
2015-05-05,48.46898651123047,49.161399209746456,48.38619741227036,48.55177561019058,17692400
2015-05-06,48.107730865478516,48.97324972478209,47.73141881726533,48.566832023663906,18087900
2015-05-07,48.54424285888672,48.619504102503036,47.603462958520694,47.919563626948126,15039900
2015-05-08,49.28934860229492,49.409771209358645,48.61951364118432,48.89798661346972,16802600
2015-05-11,49.259246826171875,49.40224724779461,48.98077957404304,49.11625214661553,13798800
2015-05-12,49.19150161743164,49.32697415752508,48.73992839780854,49.15386812326929,12762200
2015-05-13,49.31192398071289,49.394713083481605,48.96571761552814,49.23666272603197,11874100
2015-05-14,49.7108154296875,49.808654478475475,49.45492029445444,49.545237237842315,11855500
2015-05-15,49.58286666870117,49.79360621040338,49.25171601587134,49.771022667243386,11152100
2015-05-18,49.989280700683594,50.07959764059804,49.522657532954725,49.522657532954725,10510900
2015-05-19,50.433326721191406,50.56879924635845,50.10217038365765,50.252692859592415,14282700
2015-05-20,50.0344352722168,50.44837493784079,49.974223987086845,50.38816365271084,12446000
2015-05-21,50.162384033203125,50.184961831450174,49.68070519705043,49.77854423680922,12934500
2015-05-22,50.02693176269531,50.297876935522794,49.9140369836727,50.14734864947032,9296900
2015-05-26,49.46998596191406,49.89145363188972,49.15387946736597,49.82371447517715,15571300
2015-05-27,50.02693176269531,50.16240434910905,49.53772488164198,49.63556396102585,10963700
2015-05-28,49.82371139526367,49.97423965528299,49.47750501031821,49.94413400327913,11797400
2015-05-29,49.50761032104492,49.838766748738635,49.191509590282344,49.8086610969423,14310700
2015-06-01,49.733394622802734,50.16991791497121,49.650605524561634,49.66565547784849,11899300
2015-06-02,49.688236236572266,49.966709196511125,49.357085565961,49.54524157460642,12784200
2015-06-03,50.20002365112305,50.52365223399337,49.87639506825273,49.99681767679332,12927300
2015-06-04,49.92155075073242,50.46344094352135,49.680711303055716,49.906495055340855,13863300
2015-06-05,50.741905212402344,51.05800589256851,50.433332379496804,50.70427746022925,20801100
2015-06-08,50.343013763427734,50.83974830893032,50.28280247147624,50.77200916996867,14558700
2015-06-09,50.561275482177734,50.62900887919775,50.02691318478206,50.3881694530185,13263500
2015-06-10,51.37411880493164,51.554746967550486,50.779545121659446,50.869856331935985,17478900
2015-06-11,51.569801330566406,51.6902239439843,51.29133408565346,51.44938445921476,13739900
2015-06-12,51.36658477783203,51.58484641318858,51.080589742915734,51.411740377538536,11804700
2015-06-15,51.17090606689453,51.33648427182048,50.651599392068015,50.86233320122262,14082300
2015-06-16,51.4568977355957,51.56978672612227,50.892429814704386,51.00531880523095,11692800
2015-06-17,51.28379821777344,51.6902158614097,51.20853696718866,51.487009910624245,14521900
2015-06-18,51.76545715332031,51.79556279035978,51.10315036464152,51.441828732725,16759600
2015-06-19,51.238643646240234,51.68268905306592,51.118221049230606,51.52463870103989,21606400
2015-06-22,51.90094757080078,52.14931485559232,51.74289722831483,51.83321417062043,14306700
2015-06-23,52.49552536010742,52.548208811789785,52.07405774664855,52.194474603894406,15736900
2015-06-24,51.94611740112305,52.510585525517776,51.863334025579846,52.314907376682285,16995000
2015-06-25,51.667625427246094,52.284776718446906,51.660097581408635,52.171881999140815,13314300
2015-06-26,51.89342498779297,52.14932014591906,51.75795243162402,51.88590288171992,14489200
2015-06-29,50.57633972167969,51.374125211695855,50.54623980921098,50.93760183403541,19934400
2015-06-30,50.997802734375,51.26121998021089,50.54622949264701,51.09564178509539,20677400
2015-07-01,51.565956115722656,51.80836966492684,51.346267933694655,51.60383558074624,13964400
2015-07-02,51.1493034362793,51.61140515231058,50.8993186259696,51.47504717414406,12822900
2015-07-06,51.00539016723633,51.1038687124752,50.40693028556199,50.66449222523127,13527100
2015-07-07,50.603878021240234,50.9220447149451,49.46756344692731,50.823560419563975,22421500
2015-07-08,49.566036224365234,50.119045129529745,49.39937584802541,49.99783548143019,17707200
2015-07-09,50.0811767578125,50.52812443004918,49.99026950161053,50.36904106639229,14984700
2015-07-10,50.79326248168945,51.05840138631412,50.626602090326905,50.92204340970791,12356100
2015-07-13,51.581092834472656,51.61897229097794,51.27050325358496,51.429586567638694,16175600
2015-07-14,52.30078125,52.346231990815966,51.33112691528783,51.49778733774069,20185100
2015-07-15,52.41440200805664,52.59621070973061,52.15683438272363,52.44470442160137,16891600
2015-07-16,52.694705963134766,52.990147364581276,52.58107910072939,52.747733758789366,18035700
2015-07-17,52.4295539855957,52.64166511562373,52.20986580675386,52.53560955060971,14040700
2015-07-20,52.46742630004883,52.85376904298165,52.40682147698696,52.64923498964039,11512900
2015-07-21,52.34623718261719,52.6795580605823,52.17200547247818,52.39169370753735,11659900
2015-07-22,53.088623046875,53.24770640795473,52.42198140471768,52.482586241203855,15493000
2015-07-23,52.755313873291016,53.490131784034354,52.61895585088919,53.17196499162897,14331800
2015-07-24,52.20228576660156,52.69468404446555,52.02804835072798,52.60378259235225,12413900
2015-07-27,51.5205192565918,51.67960264926349,51.187198369319816,51.62657485170626,16801600
2015-07-28,51.55081558227539,51.967460862478845,51.33869863754393,51.92958717133077,14932400
2015-07-29,52.22502136230469,52.346225248735045,51.63413868941861,51.75534257584897,13059200
2015-07-30,52.30078125,52.61137094490199,51.92200966427833,52.217451038773575,10197200
2015-07-31,51.9144287109375,52.30077731761165,51.815950186708726,52.27805194891234,11911800
2015-08-03,51.9144287109375,52.149265226957425,51.51293178499557,51.95987944833612,9980600
2015-08-04,51.86140060424805,52.232595109769754,51.74776798185704,51.86897765363285,10964000
2015-08-05,52.065948486328125,52.5886493823468,51.937161745364776,52.30836208755891,11302900
2015-08-06,51.70232391357422,52.225030576237124,51.512938111692996,52.08109551733667,10803400
2015-08-07,51.55081558227539,52.073516445046685,51.172043993220015,51.76292674741108,11453300
2015-08-10,52.1871452331543,52.2780524884851,51.67959272831351,51.67959272831351,12661400
2015-08-11,51.687171936035156,51.81595288510123,51.39930183859852,51.687171936035156,14800300
2015-08-12,50.93718338012695,51.17202561110594,50.050859567227306,51.06597006663557,21069000
2015-08-13,51.17202377319336,51.361409492887496,50.73264751640052,50.944758597722995,11930600
2015-08-14,51.42960739135742,51.444761491932844,51.058412841602966,51.073561162582436,11248800
2015-08-17,51.565956115722656,51.69473704945099,51.0584036501381,51.22506404889002,10326500
2015-08-18,51.672019958496094,51.78565259217229,51.39172689937425,51.497788262508976,10617500
2015-08-19,51.20992660522461,51.74778166182703,51.028117829093446,51.45991728465295,15198200
2015-08-20,49.952396392822266,50.78569268909739,49.952396392822266,50.61145522425295,20972300
2015-08-21,48.17974090576172,49.573623241237634,48.15701553707164,49.30847852759932,28235500
2015-08-24,45.641971588134766,47.66461026975092,37.9301826305242,44.91473090866362,36339100
2015-08-25,45.38440704345703,47.96762890103082,45.248049054158905,47.80096849415587,31772500
2015-08-26,47.65703201293945,47.71005979397943,45.869229995599156,46.816158785309284,33576800
2015-08-27,48.846378326416016,49.03576408860349,47.83126763570184,48.46760391224367,29045700
2015-08-28,48.581233978271484,48.83122457322463,48.17973708433785,48.70244364113174,16687300
2015-08-31,48.55852508544922,48.74791091322367,48.08127488011245,48.1873304812984,14223400
2015-09-01,46.551029205322266,47.611587928372856,46.20256003445412,47.611587928372856,23637300
2015-09-02,47.399471282958984,47.65703605117688,46.619202818856635,47.437347859797406,17757900
2015-09-03,47.482791900634766,48.22518363803369,47.30855737051229,47.634301067201214,17065400
2015-09-04,46.58890151977539,46.907068240612446,46.02074418416837,46.81616387605867,20189000
2015-09-08,47.84642791748047,47.87673033872866,47.2176685704691,47.55098653480542,13385100
2015-09-09,47.10403060913086,48.7403207143294,46.96767261873138,48.437305205506476,13889500
2015-09-10,47.467655181884766,47.7252199767161,46.55102863461361,46.861621220457465,15751100
2015-09-11,47.39189147949219,47.467644624147404,46.96009219740352,47.255533507275004,12766700
2015-09-14,47.255550384521484,47.49038695070252,47.05858751439735,47.45251036484734,10202800
2015-09-15,48.16459655761719,48.39943309290369,47.35402270000266,47.54340849416165,14023500
2015-09-16,48.58880615234375,48.70243875497614,47.88429095153601,48.399420407821175,12235900
2015-09-17,47.4600715637207,48.96758056173949,47.263108759384274,48.588809050105,21249200
2015-09-18,46.1646728515625,46.83888859969765,46.04346607803883,46.83888859969765,31008000
2015-09-21,46.551029205322266,46.89949837619041,46.27073903656292,46.604056996984895,13136400
2015-09-22,46.1419563293457,46.27831433692239,45.77075888876515,45.90711689634185,14811900
2015-09-23,45.93742370605469,46.32377239435978,45.69501008938408,46.05863051438999,11712200
2015-09-24,45.61924743652344,45.740454219667605,45.04351304924042,45.460161185686125,17293400
2015-09-25,46.566184997558594,46.86162640583349,46.1116573088449,46.41467576798736,18384300
2015-09-28,45.43744659423828,46.21771526518878,45.21775834461975,46.14953625288642,17452200
2015-09-29,45.331382751464844,45.55107096113268,44.490509382582836,45.43743833136026,19334900
2015-09-30,46.18740463256836,46.21013000127636,45.53591709149422,45.982867644803385,18743800
2015-10-01,46.52830123901367,46.86919625171361,45.86166531395371,46.301038860479686,16863200
2015-10-02,46.398597717285156,46.43674760108967,44.65893449143354,45.467725417077254,20435100
2015-10-05,47.32183074951172,47.48969370426757,46.71142397401195,46.72668450723059,13471100
2015-10-06,47.34471130371094,47.58124515870978,47.016617177049035,47.390492894866746,12134800
2015-10-07,47.40576171875,48.092468242333055,47.123446223205086,47.726224180958944,12773100
2015-10-08,47.40576171875,47.49732200643126,46.87165470441935,47.1921171666283,13964600
2015-10-09,47.25315475463867,47.72621959125572,46.986102728479565,47.60413824920458,12112000
2015-10-12,47.09292984008789,47.314200301091034,46.84876712331608,47.18449013121503,10857400
2015-10-13,46.96321487426758,47.42865094400721,46.780094299364514,46.84113352078252,15621900
2015-10-14,45.77290725708008,46.52065566354271,45.42955265445742,46.36042157522007,28989400
2015-10-15,47.22263717651367,47.2760475856872,45.85685006044992,46.13916554968031,18147900
2015-10-16,47.634666442871094,47.80252940481231,47.37524318834795,47.634666442871094,17456600
2015-10-19,47.47442626953125,47.89408068476519,47.23789240500184,47.306563339178204,14510400
2015-10-20,47.703330993652344,47.932233149739346,47.36760802543466,47.58124964969602,11545100
2015-10-21,47.35234832763672,48.03905480799285,47.34471660626507,47.978015590264,12113400
2015-10-22,48.214542388916016,48.512118373033715,47.62702505204051,47.62702505204051,15295700
2015-10-23,48.7333984375,48.97756406755646,48.451085838932094,48.550277853269165,16985200
2015-10-26,48.756282806396484,48.824953742036705,48.38240706554441,48.710501212420084,13880200
2015-10-27,48.55791091918945,48.725773894982524,48.30611936614932,48.473979431292925,8831900
2015-10-28,49.97710418701172,50.160224770863174,48.596056443323185,48.60368816552903,17962000
2015-10-29,49.75581359863281,50.22888124964772,49.50401924464279,49.793966375163315,12753700
2015-10-30,49.023338317871094,49.85501550444934,48.931775123400044,49.82450026092355,15731400
2015-11-02,50.00761413574219,50.16784533864838,49.13015255871553,49.17593123917526,15253300
2015-11-03,50.190738677978516,50.4349013620467,49.72530265189579,49.816865841407946,11519500
2015-11-04,50.24415969848633,50.47306480997964,50.07629672623108,50.366243976962444,11388400
2015-11-05,50.6943244934082,50.86981331965027,50.16784637208753,50.19836743345511,12715900
2015-11-06,52.23561096191406,52.670525988286016,51.96092717459509,52.16694292573353,23262700
2015-11-09,51.419193267822266,52.43399697485514,51.182662261408076,52.41873352981631,17143800
2015-11-10,51.64046096801758,51.770171130081266,51.06820408930342,51.26658810388777,13239700
2015-11-11,51.38864517211914,52.01431219978447,51.31234545094934,51.96090181283605,8513900
2015-11-12,50.358604431152344,51.04531383765491,50.320451644730795,51.014792772777255,13576900
2015-11-13,50.022884368896484,50.488320475255414,49.7710957415815,50.23652602664185,11837000
2015-11-16,50.74773025512695,50.80114065231209,49.72529516734421,49.94656847605314,11041100
2015-11-17,50.457794189453125,50.92323024768567,50.2746736190774,50.869819838772,12354800
2015-11-18,51.46495056152344,51.54125611239295,50.64090533231724,50.72483678123672,12911400
2015-11-19,51.62519454956055,51.747272969143715,51.15212684809537,51.564152429120455,12839500
2015-11-20,51.533660888671875,51.96857605866804,51.411576577858746,51.8770128255582,11209600
2015-11-23,51.03004455566406,51.56415439796291,50.953744812849145,51.35813868893569,11339000
2015-11-24,50.95374298095703,51.22842670225305,50.38911791886944,50.488306998833046,10910000
2015-11-25,51.01478576660156,51.2131697504121,50.77825482290634,51.06819616747781,7772000
2015-11-27,51.251319885253906,51.37340413556093,50.846925993382456,51.1216097352758,4052500
2015-11-30,50.877445220947266,51.51837004805032,50.877445220947266,51.33524950049191,15147500
2015-12-01,51.58705139160156,51.75491434347513,51.11398360189407,51.381035652011974,12708800
2015-12-02,50.8621940612793,51.793060358694845,50.724852177841264,51.75491339297749,13440900
2015-12-03,50.20600509643555,51.14450310405487,50.03814214969442,50.99190360045271,14626900
2015-12-04,51.80070495605469,51.88463645131223,50.381507081535425,50.43491750385392,17786000
2015-12-07,51.121620178222656,51.6938771205162,50.663815788647554,51.62520908166432,11686000
2015-12-08,50.32807922363281,51.09108831887521,50.129695228906506,50.549352559808796,13084500
2015-12-09,49.946571350097656,50.80114357553073,49.626108948546644,50.06102387102217,16770200
2015-12-10,50.061031341552734,50.740109026732995,49.656637419063124,50.00762093332388,12839000
2015-12-11,48.8859977722168,49.717680802811756,48.45871158496004,49.44299703319306,17889300
2015-12-14,49.03859329223633,49.4124719501688,48.527378581958345,49.00807805035793,17638200
2015-12-15,50.43491744995117,50.8545749257904,49.64901874183356,49.64901874183356,18126600
2015-12-16,51.52600860595703,51.686239833994584,50.289937469296476,51.05294664355036,21720000
2015-12-17,50.572235107421875,51.88461150634271,50.41963563739246,51.808311771328,18122100
2015-12-18,49.13779067993164,50.335714818812725,49.13779067993164,50.335714818812725,23819600
2015-12-21,50.00761413574219,50.02287175546306,49.465878405545894,49.6108461674341,18869300
2015-12-22,50.114444732666016,50.35860744500197,49.5803406185868,50.297565311593424,12149500
2015-12-23,50.91560363769531,51.00716101095809,50.39675717778059,50.45016758594985,12524500
2015-12-24,50.8163948059082,51.03766809952906,50.60275323173533,50.83165824480415,4468200
2015-12-28,50.64855194091797,50.70196235558879,50.137337140311764,50.57988390261203,6610600
2015-12-29,51.175025939941406,51.350520614324985,50.92323151111639,50.99953126555782,9820800
2015-12-30,50.808780670166016,51.15977003068626,50.70195984611144,51.15213830859713,7190700
2015-12-31,50.38148498535156,50.95374175405623,50.358595646010876,50.50356922356439,14654300
2016-01-04,48.868282318115234,49.20625744339964,48.39972396317406,49.12176585970946,25393200
2016-01-05,48.952781677246094,49.26003102241353,48.422774578964244,48.929738782156626,16566700
2016-01-06,48.24610137939453,48.49190200636967,47.885080426573396,48.17696976992186,22961500
2016-01-07,46.29505157470703,47.6239119932195,46.149108383138945,47.20912237906898,27630900
2016-01-08,45.25808334350586,47.06318522317339,45.2043146381286,46.95564781241888,22373300
2016-01-11,45.1889533996582,45.48852272986712,44.582131821444214,45.1889533996582,20925500
2016-01-12,45.2888069152832,45.74968527737563,44.62821664740624,45.66519076448329,22971600
2016-01-13,44.04445266723633,45.84187202000435,43.714157445091004,45.67288294909038,28808100
2016-01-14,44.70502853393555,45.61141936935504,44.00603250968909,44.67430272557487,31296300
2016-01-15,43.814002990722656,44.221109718080214,43.18413853587059,43.36080754831207,38131700
2016-01-19,43.79096221923828,44.52836709427106,43.40689834001959,44.34401514296915,22818900
2016-01-20,42.638771057128906,43.15341818471269,41.98586362724525,42.73094849889534,34646100
2016-01-21,42.439056396484375,43.41457894943629,42.29311318500642,42.81544026737712,31301100
2016-01-22,43.744876861572266,43.90618298919706,43.24559264158134,43.35313005999787,22732200
2016-01-25,42.75397872924805,43.66804944634518,42.70789002201768,43.38384307719297,21114400
2016-01-26,43.8447265625,43.89849526222972,42.86920411998663,42.899926998279064,17535700
2016-01-27,43.814002990722656,44.75879967300075,43.44530206082202,43.844728800758006,20560000
2016-01-28,43.99835205078125,44.528362019005336,43.49907082280908,44.18270398107105,15497900
2016-01-29,45.70359802246094,45.73432383361711,44.175022614449695,44.42082617352443,26992200
2016-02-01,45.21199035644531,45.818811854984745,44.88937524538131,45.44242804710577,16807900
2016-02-02,43.80632400512695,44.53604594300557,43.5912491759237,44.4592343411972,22448200
2016-02-03,44.09821319580078,44.39778254393977,42.26238837603636,44.06748738312633,31543200
2016-02-04,44.8586540222168,44.95082851584363,43.82936289783179,43.82936289783179,21651300
2016-02-05,44.359371185302734,45.42706813548039,44.10588765776015,44.9969185326315,22001300
2016-02-08,43.4299430847168,43.721829515934715,42.6618153453911,43.54516048751078,28267600
2016-02-09,43.16877365112305,43.545154551184346,42.346877316504184,42.469777620834826,26300000
2016-02-10,42.64645004272461,44.0982109196493,42.60804424395126,43.452983537663364,22389600
2016-02-11,40.764530181884766,41.40975746226661,40.32669769843003,41.40207747579117,44334700
2016-02-12,44.15965270996094,44.22110138828221,42.377594155860514,42.746297946484034,37011400
2016-02-16,44.82024383544922,45.01227573351057,44.274873948196806,44.728069344828555,23730700
2016-02-17,45.14286804199219,45.511569008924525,44.85097867768853,45.20431673806017,21580100
2016-02-18,44.40546417236328,45.21199768550453,43.97531159793976,45.19663477961355,17037800
2016-02-19,44.41312789916992,44.68197132839336,43.84471524019077,44.16732735525889,15658200
2016-02-22,44.989227294921875,45.227347874013496,44.87400699822538,44.943138590208505,14882800
2016-02-23,43.10731887817383,44.62053114523595,42.98441858284018,44.47458796020667,31772500
2016-02-24,43.12269592285156,43.17646463655685,41.732386425364574,42.400656817255424,25560100
2016-02-25,43.79096221923828,43.806325126028014,43.04588028607292,43.11501190153928,14473300
2016-02-26,44.19807052612305,44.63590310017348,43.89081826039391,44.274882127467954,20947500
2016-02-29,43.245574951171875,44.25182296791257,43.237894965930145,44.09819689151475,19554100
2016-03-01,45.47315979003906,45.47315979003906,43.52979474370056,43.598926352940666,23958100
2016-03-02,45.903316497802734,46.01085685222526,45.288814837692094,45.47316680081281,20943100
2016-03-03,46.05692672729492,46.05692672729492,45.396336572171855,45.7650403709828,15790600
2016-03-04,46.12607192993164,46.5101358143277,45.72664513853875,46.164477732336266,18459000
2016-03-07,46.04156494140625,46.12605944192562,45.56532667413917,45.73431567517792,12832400
2016-03-08,45.15053939819336,45.70359220794526,45.07372781024971,45.48083450066472,14132900
2016-03-09,45.41170120239258,45.734316306083024,45.073726125826816,45.43474702205385,13238800
2016-03-10,45.019962310791016,45.83417574946129,44.40546077306596,45.77272706077601,21139200
2016-03-11,45.580684661865234,45.711264926642215,45.0506777569062,45.61909044973059,21055000
2016-03-14,45.41170120239258,45.55764731627541,45.01227451362897,45.43474702205385,13436100
2016-03-15,45.47315979003906,45.48083977765481,44.881701117690355,44.96619563233654,10910500
2016-03-16,45.25808334350586,45.89563075037143,44.912428217559125,45.30417206104694,17423900
2016-03-17,45.12749099731445,45.41938027017131,44.543715381774646,45.14285389906207,19405700
2016-03-18,46.45636749267578,46.832751391802375,45.82650295142305,46.12607231492436,29570200
2016-03-21,46.44099426269531,46.717520669130494,46.05693046046295,46.25664527852137,12684400
2016-03-22,46.272010803222656,46.53317432074075,45.79576955175326,46.07997889122919,12042700
2016-03-23,46.04156494140625,46.47939741666655,45.980116260230226,46.34881713780868,11658700
2016-03-24,45.688228607177734,45.71127149717438,45.219670309418,45.54996540684948,12921200
2016-03-28,45.62678909301758,45.89563263091957,45.45780005195072,45.72664358985271,11159700
2016-03-29,45.342567443847656,45.573008048438346,44.95850367642852,45.573008048438346,15933400
2016-03-30,45.864898681640625,46.26432538864822,45.611418095182,45.672866780012406,13307100
2016-03-31,45.488525390625,46.03389537906843,45.40403087097254,45.6651944180007,14904700
2016-04-01,45.987796783447266,46.133742897020625,44.98155154232138,45.33488952118735,15417500
2016-04-04,45.8098258972168,46.09613647886139,45.624109090393944,45.995539752171155,12305000
2016-04-05,45.159828186035156,45.5235220543045,45.04375479560526,45.33780521999045,12886600
2016-04-06,45.50803756713867,45.56220435284454,44.84255654061696,45.02053354391744,12167900
2016-04-07,44.35505676269531,45.213991520910525,44.16160309469616,45.08244149169937,19226800
2016-04-08,44.6800537109375,45.330058055305564,44.64136062168733,44.65683726701375,13547700
2016-04-11,45.0360107421875,45.562204911382224,44.811603797587416,44.811603797587416,17627800
2016-04-12,45.87172317504883,45.9568432433862,45.036005039824246,45.14433859884705,17779200
2016-04-13,47.814022064208984,48.10033274280983,46.722943203296516,46.80032351042015,37516800
2016-04-14,48.43306350708008,48.680683981658824,47.67472543469905,47.73662907740929,24249900
2016-04-15,47.87590789794922,48.67293893360517,47.55090718676656,48.65746228756765,19290700
2016-04-18,48.18543243408203,48.425316007510276,47.61280836764968,47.69792844053932,13813100
2016-04-19,48.99793243408203,49.12174263229343,48.40209493273093,48.40209493273093,19255600
2016-04-20,49.709842681884766,49.7640094616669,48.866387696172005,49.12174495059236,14594400
2016-04-21,49.214599609375,50.034846970417476,49.01340914396056,49.725319998537444,15395800
2016-04-22,49.500919342041016,49.81818024807029,49.24555911521524,49.24555911521524,12444700
2016-04-25,49.214599609375,49.48543644773702,48.86638545584493,49.214599609375,10687200
2016-04-26,49.469966888427734,49.57830045853953,49.00567931598618,49.3771099643131,12048000
2016-04-27,49.609249114990234,50.01936986405374,49.21460205860963,49.41579548590472,15284100
2016-04-28,49.214599609375,49.84912724504789,49.021145989916974,49.245552896936594,12852500
2016-04-29,48.905086517333984,49.22235040606388,48.51817919196246,48.81996643345327,16376400
2016-05-02,49.36163330078125,49.52413365589123,48.85865263759125,49.28425007082288,10247300
2016-05-03,48.40984344482422,48.68067737970586,47.82174268355479,48.67294053236718,19120300
2016-05-04,47.64375305175781,48.17768393270499,47.411609318818506,47.783039881894936,17030200
2016-05-05,47.3884162902832,47.976514197755925,47.24912940001117,47.66698711895829,14033900
2016-05-06,47.666969299316406,47.72887587268061,46.88541799773464,46.97053806017647,11057900
2016-05-09,47.365196228027344,47.89139045072812,47.24138599632532,47.48900645972936,11197100
2016-05-10,48.007450103759766,48.177687278742454,47.473516233862085,47.62827971719283,11897200
2016-05-11,47.8294792175293,48.44079047908167,47.8294792175293,47.95328942957553,11254000
2016-05-12,47.79852294921875,48.40983712456116,47.4889959624492,48.18543020674664,11071700
2016-05-13,47.357452392578125,48.28603046926953,47.218165533481,47.74435967854385,15122300
2016-05-16,47.71341323852539,47.96877350082749,47.20269566578995,47.36519604078106,10951300
2016-05-17,47.71341323852539,48.10032058004826,47.31876904899432,47.53543621564912,12180900
2016-05-18,49.55509567260742,49.65568946146138,47.73662929864764,47.74436909894035,24007100
2016-05-19,49.05211639404297,49.6943840516573,48.672948820642105,49.16044998644322,16076200
2016-05-20,49.14495849609375,49.67115555374669,49.03662493640889,49.415795347174,11862000
2016-05-23,49.10626983642578,49.42353367869455,48.87412606557247,49.098532989873554,9347500
2016-05-24,49.94199752807617,50.11997158901953,49.37711319562039,49.4777069733824,13839400
2016-05-25,50.70033645629883,51.22653068751368,50.23604881787105,50.25152841793663,18935200
2016-05-26,50.32115936279297,50.74675972781002,50.228305394961254,50.73901992924521,9428400
2016-05-27,50.630680084228516,50.65389357330712,50.336632716339864,50.46043995933769,10116000
2016-05-31,50.50687789916992,50.932478303766445,50.266997254981185,50.86283782141631,15139400
2016-06-01,50.83187484741211,51.00984887090424,49.72531990993446,50.11222714816111,14031000
2016-06-02,50.924747467041016,50.924747467041016,50.4217725960252,50.70034047818964,10637600
2016-06-03,50.01937484741211,50.18961500256595,49.175916822492,49.71758762827097,20261700
2016-06-06,50.514617919921875,50.886051538628834,49.98842373726698,50.01937703080398,13193500
2016-06-07,50.344364166259766,50.87055820686214,50.328890475537115,50.64615131710306,9924100
2016-06-08,50.49140167236328,50.66938162456138,50.23604144241083,50.243781241307296,9428000
2016-06-09,50.104496002197266,50.220569374455536,49.73306239171818,50.1354492950486,10817800
2016-06-10,49.40031814575195,49.57829512778038,49.199127673157925,49.46996156931682,16678400
2016-06-13,48.9592399597168,49.7872182222745,48.95150016227292,49.121740283624355,14314900
2016-06-14,48.038414001464844,49.114015872795854,47.728886966435404,48.50270160214043,19509300
2016-06-15,47.95328903198242,48.73484043556894,47.906859095899435,48.29376637431952,16982100
2016-06-16,48.1467399597168,48.208643585806286,47.125305038361304,47.55090243028141,16791200
2016-06-17,48.19318389892578,48.52592449285815,47.92234990473391,48.208660548860905,15751500
2016-06-20,48.262821197509766,49.408066579946876,48.23960770149977,49.098542476294796,12213200
2016-06-21,48.711631774902344,48.750321916208165,48.08484085902127,48.541391610914474,11611600
2016-06-22,48.525909423828125,49.29972396907253,48.502695932068626,48.71162621350881,12643500
2016-06-23,49.56282043457031,49.64020070280527,49.160433593770875,49.291983592011924,16583600
2016-06-24,46.119346618652344,47.7443589665978,45.918156131772314,46.80030425832096,44108700
2016-06-27,44.57945251464844,45.46160054657241,44.14611534463843,45.43064725902856,37300700
2016-06-28,46.057437896728516,46.08065138637598,45.08243000538347,45.80207770313454,29088700
2016-06-29,47.357452392578125,47.36518923947538,46.42887431588672,46.707448034080976,21483000
2016-06-30,48.0848388671875,48.12352900689065,47.218167339989634,47.690194719225936,21343600
2016-07-01,47.77289962768555,48.3577784344512,47.69491697672244,48.08483618123287,14217800
2016-07-05,46.43938446044922,47.25821433245175,46.088456522491576,47.1412403363645,23357700
2016-07-06,46.938472747802734,47.0164583735797,45.82330358539544,46.01826318756669,20429800
2016-07-07,47.242610931396484,47.6793185243899,46.915077261804065,47.19581955721261,13771400
2016-07-08,48.21741485595703,48.482557084455955,47.827495614261814,47.827495614261814,16998800
2016-07-11,48.560550689697266,49.090841183446265,48.45917083725601,48.67752469650035,13151400
2016-07-12,49.28579330444336,49.56653563762487,49.04404230090423,49.15321921384198,16588100
2016-07-13,49.25460433959961,49.465161112094684,48.84908792311074,49.192218800442596,18526900
2016-07-14,50.00324630737305,50.67390788725254,49.94865785085706,50.48674236517301,28985900
2016-07-15,50.0500373840332,50.53353941733144,49.60552965733974,50.49454511072667,17607100
2016-07-18,49.87846755981445,50.22159838867728,49.83167915576782,50.01103867107679,10824400
2016-07-19,49.80048370361328,49.987643264986964,49.488547134860355,49.605524091854605,9737400
2016-07-20,49.85506820678711,50.0890221022389,49.68350281008176,49.99543935411924,10411100
2016-07-21,49.66790771484375,50.050029848160946,49.62111931371948,49.9096586950932,9808700
2016-07-22,49.94085693359375,49.9798452877456,49.59772609876308,49.83168002245589,8195700
2016-07-25,49.80827713012695,50.04222805212828,49.6601089069905,49.89405982899183,8168300
2016-07-26,50.01103210449219,50.11241489954182,49.6835014197808,49.89405813488695,8067800
2016-07-27,50.16700744628906,50.44774975603756,49.95644773913017,49.97204783950233,11806800
2016-07-28,49.98765563964844,50.05784421109854,49.6913190983061,49.90967296557905,10013400
2016-07-29,49.886260986328125,50.13580902426657,49.71469559467772,49.75368691782174,13210400
2016-08-01,49.75369644165039,50.15141277360568,49.60552819540192,50.026641705600106,11422600
2016-08-02,49.63671875,49.91746106920613,49.426162010595405,49.589927371849775,13550000
2016-08-03,50.42435073852539,50.43214483827193,49.6367123364294,49.6679036096517,13122300
2016-08-04,50.34636306762695,50.54912270895342,50.12020922724255,50.2917746199269,9873000
2016-08-05,51.703285217285156,51.757873664042755,50.74408142460796,50.79866987136556,20752700
2016-08-08,51.54731750488281,51.85145400759074,51.34455785317924,51.523923304627566,11359200
2016-08-09,51.36797332763672,51.68770407600117,51.22760213453372,51.60972140198765,10097000
2016-08-10,50.90785217285156,51.52392525152996,50.81427536829466,51.40694829613873,11556100
2016-08-11,51.048221588134766,51.22758704024254,50.70509078394331,50.90005038638029,9604500
2016-08-12,50.93903732299805,50.962431519957434,50.58031242033467,50.666095108981786,7685400
2016-08-15,51.2509880065918,51.336770718964445,51.048228327375014,51.12621098870588,8371600
2016-08-16,51.24318313598633,51.43814274582482,50.87665811753874,50.97024087215146,10128900
2016-08-17,51.383548736572266,51.45373728236558,51.11060650225268,51.313366140473434,11868100
2016-08-18,51.43034362792969,51.4615378800328,51.10281290538984,51.173001460045654,9313600
2016-08-19,51.36016082763672,51.399155130041116,50.86106469527551,51.25098392053865,9084900
2016-08-22,51.3133659362793,51.37574848266519,51.00922945500566,51.27437163880546,9055600
2016-08-23,51.289974212646484,51.73448190826658,51.28218011162706,51.52392813652882,8949600
2016-08-24,51.43034362792969,51.64870339265149,51.28997246831329,51.4615378800328,10167200
2016-08-25,51.52394104003906,51.5785295093232,51.30558716290252,51.39916994583115,9978700
2016-08-26,51.640907287597656,52.1555976123836,51.352364895870465,51.72669000001126,14038600
2016-08-29,52.21019744873047,52.32717444112381,51.82807815996275,51.851472368502016,14583100
2016-08-30,52.63908386230469,52.71706650031006,52.21017042873427,52.21017042873427,13791200
2016-08-31,52.63908386230469,52.84963757988859,52.13998783943761,52.60788961716376,14952300
2016-09-01,52.4129524230957,52.81067178131691,51.9762447040741,52.748283264400555,12226500
2016-09-02,52.63129806518555,52.70148662318189,52.2335847187565,52.56111545688472,13720700
2016-09-06,52.59230041503906,52.67808310981986,52.02301579964785,52.63908881230333,16649400
2016-09-07,52.373958587646484,52.70928344420339,52.21798731165927,52.373958587646484,10070400
2016-09-08,52.44415283203125,52.7794837126626,52.24919315607574,52.420758622868135,12253000
2016-09-09,51.97622299194336,52.584495903541665,51.968422943163034,52.27255939896219,19686900
2016-09-12,52.29595947265625,52.48312496625407,51.28217315596056,51.57850959628183,16453000
2016-09-13,51.88265609741211,52.140004238495415,51.32897145882716,51.55512534495833,18876100
2016-09-14,51.7812614440918,52.444122772466756,51.633090271390266,51.67987866289865,12648600
2016-09-15,51.968441009521484,52.19459490521961,51.539527422905024,51.69549870426375,12531300
2016-09-16,51.32896041870117,51.67209119967639,51.03262398493726,51.539514157221284,25161500
2016-09-19,51.617496490478516,51.968421328669585,51.352348387430375,51.586302246020274,13466900
2016-09-20,51.82806396484375,52.132200491948694,51.65649854961627,52.054217834944026,10092200
2016-09-21,52.124393463134766,52.350547302958475,51.71108008161696,52.124393463134766,14116800
2016-09-22,52.55330276489258,52.57669696203228,52.124389318351085,52.241366253743685,12781700
2016-09-23,52.44415283203125,52.951049179455,52.38956436075159,52.553329774590566,13967400
2016-09-26,51.29777526855469,52.09321386558511,51.11061569559864,51.93724259670878,16408100
2016-09-27,51.750091552734375,51.78908586380403,50.77529327295818,51.009247239983075,13711400
2016-09-28,52.02302169799805,52.06981010056717,51.461537068388125,51.921644842533254,11278000
2016-09-29,51.19638442993164,52.41293024658387,50.96243056533209,52.01521105664221,18727200
2016-09-30,51.92943572998047,52.295960726613146,51.531722433361615,51.531722433361615,21680100
2016-10-03,51.86704635620117,52.1867769613983,51.67208678361702,51.7422693738942,14901700
2016-10-04,52.31479263305664,52.77038837199963,51.92203892561185,52.00844522068538,17226900
2016-10-05,53.170997619628906,53.46948827302255,52.4718965157483,52.54258930486291,16280000
2016-10-06,53.3123779296875,53.39092745420486,52.668262239933846,53.202407396774284,17485000
2016-10-07,53.50090408325195,53.555889355973825,52.943194604802834,53.24954198038833,18497000
2016-10-10,53.91722106933594,54.24713269994641,53.59516618981957,53.68156648007409,13027500
2016-10-11,53.65801239013672,54.058622870635965,53.359521714381245,53.8072607244876,15657100
2016-10-12,53.51662063598633,53.87795334535157,53.45378459436135,53.61874044040117,11899800
2016-10-13,53.21026611328125,53.312385904078866,52.48760079091498,52.99032501455634,17890000
2016-10-14,53.0374755859375,54.22359385336578,52.86466893149152,54.04293044414336,24163800
2016-10-17,52.762535095214844,53.249551881985994,52.42476664484619,52.95891196187229,14963400
2016-10-18,53.1788444519043,53.57945487280984,53.05316639399879,53.29667175134068,11870300
2016-10-19,53.68943786621094,53.80726519296006,53.265263085682165,53.265263085682165,12705800
2016-10-20,53.61874771118164,53.94865944799778,53.367385531757854,53.47735611069657,14122000
2016-10-21,53.799407958984375,53.83082897869982,53.178856303734435,53.265262609715236,12175700
2016-10-24,54.09790802001953,54.23929962107414,53.8072680642553,54.17645757772829,10197100
2016-10-25,54.042911529541016,54.14502533410386,53.71299386682669,54.105747566916534,9945100
2016-10-26,54.30211639404297,54.39637942559806,53.70513517302899,53.70513517302899,9801300
2016-10-27,54.38068389892578,54.804852652021616,54.27856409400402,54.58491152287672,14210700
2016-10-28,54.286415100097656,54.63204026242269,53.783690860140695,54.6163267588921,12766500
2016-10-31,54.40424346923828,54.655605594134784,54.38067920642702,54.53777828713266,14336300
2016-11-01,54.176448822021484,54.81270792746491,53.673724542396485,54.577059292422895,15564500
2016-11-02,53.94864273071289,54.08217753619563,53.42235426702547,53.92507847009185,12449800
2016-11-03,53.7130012512207,54.34926640804235,53.58732316624574,54.09004749203896,10369700
2016-11-04,53.225990295410156,53.85439270456995,53.13172723721018,53.79940741885664,13571300
2016-11-07,54.89126205444336,54.961960845919734,54.20001761049494,54.262859648930245,16515100
2016-11-08,55.00907516479492,55.41754231613628,54.38852367971696,54.749856317937336,17531700
2016-11-09,57.53841781616211,58.24537568416489,56.02238827425734,56.132358832286,50948400
2016-11-10,60.20915222167969,60.68045553207735,58.300368720564435,58.300368720564435,56192300
2016-11-11,60.24056625366211,60.26413051750658,59.517894869070766,59.93421883779191,27574300
2016-11-14,62.4556884765625,63.18621052136949,60.680440261439415,60.680440261439415,46130700
2016-11-15,62.33785629272461,62.377134052688106,61.09675339039321,61.560205787594455,28126300
2016-11-16,60.798274993896484,61.54450463942536,60.3898077828912,61.44239083314702,26054900
2016-11-17,61.2852783203125,61.6309034580136,60.95536668502249,61.21458553829831,19306700
2016-11-18,61.04179382324219,61.599503490462226,60.916115725744085,61.238170719852654,19770000
2016-11-21,61.308834075927734,61.4030910963239,60.71184697732883,61.269556322133454,11983500
2016-11-22,61.68586730957031,61.709431562058796,61.08102952157417,61.544475801696215,14410100
2016-11-23,61.945091247558594,62.24358179225316,61.18314839108326,61.95294799669214,13373700
2016-11-25,61.921546936035156,62.40855766617971,61.638763805588695,62.13363128739721,6185700
2016-11-28,61.52095413208008,61.95298570321826,61.28529945819611,61.41098354905351,13007200
2016-11-29,61.99222946166992,62.18075551272782,61.5759115865701,61.5759115865701,14144100
2016-11-30,62.97413635253906,63.256919538781645,62.60494685978087,62.777759472812086,25351900
2016-12-01,64.24663543701172,64.63153229195893,63.3511576968806,63.3511576968806,23823600
2016-12-02,64.097412109375,64.27808147495823,63.54755924533342,64.25451720834884,16931500
2016-12-05,65.40135192871094,65.42491619332645,64.63940874376262,64.6472654962832,18529800
2016-12-06,65.7391128540039,65.833369901687,64.74937190271247,65.66841407529603,16130000
2016-12-07,66.03760528564453,66.05331279636954,65.07928532188512,65.62914408439163,18996900
2016-12-08,66.86238098144531,67.16087158659224,65.93548216310555,66.16327999056433,20844900
2016-12-09,67.15300750732422,67.16086425719155,66.0925740071153,66.78381817183467,14567200
2016-12-12,66.5560531616211,67.38868919450024,66.21042794361995,67.05092072953002,14511300
2016-12-13,66.57958984375,67.29439825680568,65.84121118136675,66.7524023811541,16669000
2016-12-14,66.5560531616211,67.64790810800109,65.79410992718037,65.88836699176495,22622600
2016-12-15,67.55362701416016,67.93852390865808,66.6895701928006,67.08232383823177,19438900
2016-12-16,66.72099304199219,67.78142671528609,66.68171527918881,67.78142671528609,23008500
2016-12-19,67.10589599609375,67.11375274795168,66.13186851881122,66.61102850206743,21685100
2016-12-20,67.96995544433594,67.97781219648576,67.2001615361404,67.38868163711437,14587300
2016-12-21,68.14276123046875,68.18988975277036,67.57719499106796,67.89139912328454,11400500
2016-12-22,68.25273895263672,68.47268007042528,67.71859366960194,67.89926301232596,13924200
2016-12-23,68.37841796875,68.45696750602714,67.86783698703026,68.33914020363866,10759400
2016-12-27,68.44126892089844,68.46483918087017,68.14277821700527,68.37843287314773,6946400
2016-12-28,67.94639587402344,68.64549703999676,67.8285685554214,68.46483367869382,9455600
2016-12-29,67.46723175048828,68.07992657854602,66.79955164280858,68.00923378743751,14689000
2016-12-30,67.78144073486328,67.8835545491495,67.28657318308889,67.63219239687491,13617800
2017-01-03,68.51982116699219,68.93613917889857,67.53793680195011,68.60622147760505,20550700
2017-01-04,68.64617156982422,68.85942936642115,68.24334459169216,68.68566062973267,15266600
2017-01-05,68.01431274414062,68.80416656207179,67.34293820412041,68.56720800624988,14300800
2017-01-06,68.02222442626953,68.41715140175067,67.88005047405203,68.23548234154208,12893300
2017-01-09,68.06958770751953,68.53559846786933,67.54828140668235,67.71415597593426,12806600
2017-01-10,68.26704406738281,68.63827620821554,67.70624875769457,67.9826963010473,13989000
2017-01-11,68.78047180175781,68.78047180175781,67.8563442825212,68.26706561570202,14713100
2017-01-12,68.11697387695312,68.93052213391724,67.94320511796955,68.52770113020607,21337400
2017-01-13,68.48031616210938,69.6414021124645,68.00640512807412,68.80415908479868,28296000
2017-01-17,65.99230194091797,67.31135663128762,65.77903799330876,67.08229825568507,30024600
2017-01-18,66.30030059814453,66.52935882204225,65.58153106528229,66.05544193061048,21270100
2017-01-19,65.79481506347656,66.8769107666089,65.65264115763587,66.39509953159909,16555600
2017-01-20,66.08706665039062,66.2134461521659,65.78692437283385,65.89750342383405,18436800
2017-01-23,66.11864471435547,66.34770298350251,65.72371791088224,65.79480786908191,12179200
2017-01-24,66.91642761230469,67.13758575414114,66.00019413771662,66.28454204182276,15175300
2017-01-25,67.95111083984375,68.0616898724893,67.27183619581812,67.80103671292252,17551000
2017-01-26,68.51980590820312,68.67777423184333,67.88792056143177,67.88792056143177,15962800
2017-01-27,68.66199493408203,68.7014900367443,68.14068850425184,68.44873704758297,12535400
2017-01-30,67.95111083984375,68.32234303205605,67.39031545253987,68.07749032064169,13661900
2017-01-31,66.84532928466797,68.04591051359682,66.41880748171482,67.61148848481862,15655100
2017-02-01,67.09807586669922,68.00640891440086,66.88481799864701,67.56409272815564,15430900
2017-02-02,66.81373596191406,67.0664949853431,66.4741045829216,66.61627249444024,11081400
2017-02-03,68.85945129394531,68.96213011372905,67.82474479285095,68.07749775594675,17885200
2017-02-06,68.53559112548828,69.07269179027733,68.4092176887697,68.5513915713934,11828400
2017-02-07,68.4961166381836,69.03321741726201,68.30655342971643,68.82785375952757,9392800
2017-02-08,67.89582824707031,68.17227585687438,67.42981742284431,68.06959703783457,13970900
2017-02-09,68.875244140625,68.97792898416347,67.89582718431855,67.89582718431855,13749100
2017-02-10,68.71729278564453,69.0964253283629,68.6304083701488,69.0964253283629,10992500
2017-02-13,69.6256103515625,70.09162117878593,69.05691467853285,69.06481490346548,18739100
2017-02-14,70.73928833007812,70.84986735486982,69.59400299069063,69.74407710695289,17932100
2017-02-15,71.5528335571289,71.77399762342709,70.57341679651263,71.15001256653551,17381800
2017-02-16,71.5054702758789,71.90829743907999,70.9051796441037,71.40279144161882,17672700
2017-02-17,71.26851654052734,71.45807977988675,70.84199473238864,70.94467356493608,15776600
2017-02-21,71.88459777832031,71.99517683092844,71.4501757672838,71.48967086868944,14068300
2017-02-22,71.92408752441406,72.11365678160149,71.4185815574605,71.49756573490204,11839000
2017-02-23,71.97936248779297,72.14523103469227,71.49755126894513,72.018857581576,11067000
2017-02-24,71.34748077392578,71.51334931525469,70.87356979497103,71.22900152266084,15062300
2017-02-27,71.42646789550781,71.66342640786677,71.10262499702428,71.33958350938322,12361000
2017-02-28,71.57656860351562,71.73453698635029,70.76301395620526,70.96837767477635,15183500
2017-03-01,73.93030548095703,74.2304537451512,73.14835200139355,73.29052590914195,24451400
2017-03-02,72.77710723876953,74.1830456249632,72.69022286424256,74.1435565622447,16862500
2017-03-03,73.29843139648438,73.54328413392436,72.7771250219407,72.7771250219407,12817500
2017-03-06,72.6033706665039,72.9193134387957,71.95569069505395,72.86402390560268,15059200
2017-03-07,72.20052337646484,72.73761806103622,72.04254903443946,72.3821863371628,11156800
2017-03-08,72.04255676269531,73.33791637573633,71.9556723717872,73.20364269018947,17378400
2017-03-09,72.32691192626953,72.77712834936604,71.995174777905,72.35060657599468,13726200
2017-03-10,72.09786987304688,72.66656569921797,71.50547939180325,72.62707059002535,13729900
2017-03-13,72.16105651855469,72.4927937274478,71.82141908294295,72.12156141106902,10004300
2017-03-14,72.2795181274414,72.39009717001274,71.69502201544337,71.89248545233588,10237700
2017-03-15,72.45329284667969,73.10097273165809,71.97937573846096,72.50858237249103,16601400
2017-03-16,72.38219451904297,73.30632192645858,72.32690499961055,72.69023698818151,14492000
2017-03-17,71.62393951416016,72.69814111459267,71.60024486543247,72.53227254739286,21734700
2017-03-20,71.11053466796875,72.01096749278514,70.92097144856164,71.30009788737586,14623600
2017-03-21,69.02530670166016,71.59233094181559,68.76465356331768,71.3711728945328,33089200
2017-03-22,69.13591003417969,69.5624318579536,67.93533477275115,68.63040402661957,21741000
2017-03-23,69.02530670166016,69.90204469346317,68.78834820751158,68.88313281039197,16090100
2017-03-24,68.94632720947266,69.57820652643721,68.53559992864571,69.34125404236497,16093200
2017-03-27,68.9068374633789,69.03321695224287,67.31923581073893,67.5561883132003,16689300
2017-03-28,69.98102569580078,70.3127627517753,68.70146675815494,68.73305559825336,16264400
2017-03-29,69.72037506103516,70.15479695422191,69.57030697383819,69.98102819694721,10207600
2017-03-30,70.3206787109375,70.66031606599161,69.60191492881725,69.66509864925767,11631000
2017-03-31,69.38075256347656,70.09162216476342,69.30966861640091,70.0679275157382,16987600
2017-04-03,69.12798309326172,69.6413891286253,68.40131924147875,69.49921524231085,19831800
2017-04-04,69.35836791992188,69.6443495426725,68.88967951974912,69.02472471362293,14280800
2017-04-05,68.46863555908203,70.33545519629436,68.42096792673898,70.2401259923371,17635500
2017-04-06,68.69903564453125,69.04062451069382,67.7219306355026,68.30183957042273,14379600
2017-04-07,68.46072387695312,68.96118880915034,68.08735855230186,68.26212581581794,13097100
2017-04-10,68.22240447998047,68.86586632596486,67.84109959269452,68.38128656695955,15081600
2017-04-11,68.10321044921875,68.15087201692378,67.36442584614896,67.952274070515,14690500
2017-04-12,67.84107971191406,68.27799168642296,67.54715248268688,68.26210651274616,14730600
2017-04-13,67.04671478271484,69.10418803645149,67.04671478271484,67.92054514554019,30529800
2017-04-17,68.20651245117188,68.38127969892976,67.02286981053622,67.07847702021088,19071700
2017-04-18,67.65042114257812,68.02378026680378,67.31677191855094,67.80929710774949,14127000
2017-04-19,67.0943603515625,68.25417216482795,67.01492234860234,67.92052891595661,17588500
2017-04-20,67.96023559570312,68.14294235516523,67.16584362409107,67.50743241431344,15635800
2017-04-21,67.14201354980469,68.06351123902117,67.13407399301275,67.92052042727138,19820600
2017-04-24,69.50930786132812,69.94622593503445,68.65136294972152,68.75463780026882,25468300
2017-04-25,70.1130599975586,70.80417735958629,70.1130599975586,70.34343447181173,18253800
2017-04-26,70.24809265136719,70.74061792826066,70.01771821833947,70.18453982969113,12832200
2017-04-27,69.59667205810547,70.2004115749437,69.12003814932959,70.2004115749437,13329000
2017-04-28,69.11214447021484,69.7873768534668,69.07242242266268,69.58877873717307,10755600
2017-05-01,69.15977478027344,69.69996165455888,68.762578727438,69.39809483626702,15712300
2017-05-02,68.71490478515625,69.01677154917056,68.33359397627478,68.88172637006387,14414200
2017-05-03,69.11214447021484,69.19158250458563,68.33363718762071,68.36541361351573,11540500
2017-05-04,69.1915512084961,69.69202211405731,68.77052436210577,69.6602457025351,11540100
2017-05-05,69.11214447021484,69.3822349992222,68.65139538583736,69.31074258650857,9436000
2017-05-08,69.1915512084961,69.36631844150281,68.83407718515018,69.14388962157818,8162200
2017-05-09,68.91349792480469,69.77938219419109,68.71489994807614,69.31863949433512,10273900
2017-05-10,69.45370483398438,69.49342686515746,68.69108910916306,68.73875069798595,8334900
2017-05-11,69.23919677734375,69.49340192773036,68.59573525548322,69.1835835293656,10907400
2017-05-12,69.04854583740234,69.15182066827057,68.58779705851356,68.85789346917335,8738800
2017-05-15,69.38221740722656,69.50137745893623,69.00091251463398,69.19156496093028,8835600
2017-05-16,69.59667205810547,69.97797676083458,69.38218285968249,69.39807409105477,9795000
2017-05-17,66.94342041015625,69.59669320783539,66.70510641371159,69.59669320783539,24679700
2017-05-18,66.69718170166016,67.36447443447409,66.22054749864033,66.78456534596594,23350100
2017-05-19,67.34854125976562,67.79339876416948,66.8480765673113,66.89573813971774,13412900
2017-05-22,67.28500366210938,67.75369811936773,66.89575325778758,67.66631450972177,11636000
2017-05-23,68.12705993652344,68.37331951824481,67.13406993186626,67.32472231575605,11753000
2017-05-24,68.08732604980469,68.29386963179356,67.71396090338483,68.22237121233516,9833800
2017-05-25,67.8013687133789,68.38127764894223,67.58688549984412,68.30977920394322,12238500
2017-05-26,67.80931091308594,67.96818691060297,67.53921444443003,67.61071288582427,8113500
2017-05-30,66.64949798583984,67.64248810463742,66.55416875257222,67.62659686872747,12603200
2017-05-31,65.25930786132812,66.58594112500158,64.8541662204273,66.51444874993514,28327900
2017-06-01,65.98219299316406,65.99808422606802,64.86210350261771,65.50555903844797,17123500
2017-06-02,65.64856719970703,65.92660324179117,65.12427152902424,65.37053115762289,14998500
2017-06-05,65.7677230834961,66.33968636866742,65.60090146877626,65.64856305563026,9080200
2017-06-06,65.90277099609375,66.1093146488371,65.2434240674295,65.37052971857342,12196800
2017-06-07,66.65743255615234,66.81630852453596,66.01397094452041,66.18079252954212,13711100
2017-06-08,67.4836196899414,68.10325074033354,66.64156583842697,66.65745707754908,17951000
2017-06-09,69.080322265625,69.15182069169103,67.8331271642309,67.92845637874244,19120200
2017-06-12,69.09623718261719,69.69997089927766,69.02473873204353,69.08034594438678,16053400
2017-06-13,69.32659149169922,69.7873403349749,69.09622313079173,69.54902635656808,12557200
2017-06-14,69.18358612060547,69.35835330442875,68.17471109680164,68.92938096069771,16175700
2017-06-15,68.7705078125,69.17564938599737,68.50835702607644,68.51630264222757,12509700
2017-06-16,68.46072387695312,69.08034885797784,68.33361820867532,68.9929652262198,16936600
2017-06-19,69.96209716796875,70.08920278616469,68.9929380417778,69.08826725542477,15972300
2017-06-20,69.5251693725586,69.84292731248895,69.40601544822223,69.70788215775535,11197800
2017-06-21,69.20742797851562,69.54901675506511,68.92144639532398,69.49340956170727,10005900
2017-06-22,69.12799835205078,69.39809481949361,68.8340771518913,69.05650597170846,12180600
2017-06-23,69.00090026855469,69.90650680365262,68.80230223786249,69.63641639106207,18812000
2017-06-26,69.30278015136719,69.64436907094915,68.81026082131788,69.12007332271408,10082400
2017-06-27,69.94623565673828,70.65324423010664,69.50931752230547,69.67613915707122,15415200
2017-06-28,71.35228729248047,71.55088528717795,70.38312810864001,70.38312810864001,17466200
2017-06-29,72.40885162353516,73.60043994626783,71.74155901122441,73.35417423827224,27697800
2017-06-30,72.60742950439453,73.08406348891538,72.41677712273217,73.05228708185,16892700
2017-07-03,74.08514404296875,74.66824273677226,73.01480634259487,73.13461571646668,13208100
2017-07-05,74.8279800415039,74.91584429693863,73.97330545196616,74.38067553679385,17535400
2017-07-06,74.58837127685547,75.49097596975497,74.18899039513175,74.71617608416,16596100
2017-07-07,74.9637680053711,75.2193714499594,74.46853975939385,75.0516322607671,12817800
2017-07-10,74.43658447265625,74.82797589257638,74.356703449187,74.68419858202479,13987200
2017-07-11,74.14905548095703,74.5484363600822,73.7097340762919,74.5484363600822,13262300
2017-07-12,73.89342498779297,74.14902841336406,73.54196799235783,73.97329991564649,13540100
2017-07-13,74.36471557617188,74.58836788471488,73.75765495722061,74.03722643696771,12820100
2017-07-14,73.68576049804688,73.97331517288173,72.35183003615981,72.53554179870743,22235200
2017-07-17,72.99884033203125,73.4780961926762,72.88701416768305,73.3423081494061,14374200
2017-07-18,72.74322509765625,73.15059525600057,72.14415384470726,72.24799066802063,14719400
2017-07-19,72.84706115722656,73.18254568685234,72.68731126240885,72.95888730241253,11651200
2017-07-20,72.84706115722656,73.26242063426119,72.607436315,72.80712673055606,11561700
2017-07-21,72.59947204589844,72.9748911317507,72.30392793501964,72.73526011276033,10971300
2017-07-24,72.9109878540039,73.11866766174087,72.61544984068156,72.6553842806622,10725100
2017-07-25,74.12508392333984,74.70018719516032,73.70173512773422,73.78161616838256,16447700
2017-07-26,73.43014526367188,74.43658646446377,73.2304548877883,74.36469476023102,11815500
2017-07-27,73.12664031982422,73.53400442275488,72.81512372625679,73.35029263376305,12332400
2017-07-28,72.9109878540039,73.2864069354273,72.61544984068156,73.0467759192639,9351900
2017-07-31,73.32633209228516,73.77363672831183,73.08670112637452,73.09469045032317,11520300
2017-08-01,74.30878448486328,74.39664874107176,73.70971333475111,73.87745252549449,12523700
2017-08-02,74.3727035522461,74.45257850469731,73.89344774347052,74.18100244754952,10165600
2017-08-03,73.88545227050781,74.38866991372905,73.67777253616525,74.04520216211425,11078800
2017-08-04,74.81202697753906,75.40310895472292,74.66026029788397,74.68422217486773,14324000
2017-08-07,75.09954833984375,75.23534241691596,74.85193424211913,74.99571154590966,7978300
2017-08-08,74.8279800415039,76.05807352352336,74.76407765681195,75.04364297225572,13745400
2017-08-09,74.70817565917969,74.82799112470695,74.14904494547606,74.26886041100333,11214400
2017-08-10,73.63784790039062,74.34075604860486,73.54199429624246,74.2049680132797,13252300
2017-08-11,73.02278900146484,74.02124106972181,72.87901165987313,73.58990904494667,10679500
2017-08-14,73.87745666503906,74.20495183726955,73.74965798143569,73.78160917585333,10994800
2017-08-15,74.06917572021484,74.73214330507398,74.00527332112273,74.53245287846224,8812700
2017-08-16,73.55795288085938,74.46854671216903,73.39021367600606,74.31678005793952,11085400
2017-08-17,72.40774536132812,73.45412118096381,72.28792989407135,73.29437128733332,13837500
2017-08-18,72.4796142578125,73.11862587299385,72.04029910468343,72.13614658111415,13040700
2017-08-21,72.39176940917969,72.6393896758089,72.01635653577236,72.56749795515267,11502100
2017-08-22,73.1346206665039,73.25443614255315,72.68731605625953,72.74322913254008,9211800
2017-08-23,73.22248077392578,73.7576496298665,72.5595071257239,72.5834750948238,8811300
2017-08-24,73.10266876220703,73.58193066178588,73.01481058095699,73.43016398731469,8623200
2017-08-25,73.39820861816406,73.8694811675599,73.3263229937518,73.39021929520675,11794600
2017-08-28,73.16654968261719,73.63782212043832,72.79113081538674,73.61386025130726,7292900
2017-08-29,72.76718139648438,72.93492060316788,72.13615899377932,72.24798513156831,10886100
2017-08-30,72.93492126464844,73.39021514236649,72.83907377085569,72.88699751775206,9165300
2017-08-31,72.59947204589844,73.36628277496968,72.5275863966433,73.3343315661663,13217400
2017-09-01,73.24642944335938,73.77361497528845,72.64735829929461,72.88698919454724,9815800
2017-09-05,71.49714660644531,72.77516384188476,71.10574906710224,72.70327213491827,16897300
2017-09-06,71.97642517089844,72.3039143349111,71.60100615566115,71.88856088673359,11845700
2017-09-07,70.71437072753906,71.99238819983745,70.35493040829103,71.97641564758847,14592300
2017-09-08,70.62652587890625,71.42528778052899,70.48274849285137,70.53866158220217,14242200
2017-09-11,71.7208023071289,72.08823189909384,71.04983941749111,71.40129645939982,13219000
2017-09-12,72.59947204589844,72.88702683105889,71.96844938368909,72.02436247557752,14003800
2017-09-13,72.80712127685547,73.08668661887924,72.14414768429384,72.37578928027564,12485400
2017-09-14,72.6633529663086,73.1106575690825,72.47963509355893,72.84706474499009,10562800
2017-09-15,73.18255615234375,73.25444178707139,72.49562053707004,72.75122406177174,18171800
2017-09-18,74.2209243774414,74.39665289968119,73.36624973260294,73.43015212142963,11318700
2017-09-19,75.03569030761719,75.37116882279398,73.90144384657724,74.05321054852024,12626100
2017-09-20,75.56285858154297,76.11400612638317,74.85196112802915,75.16347771579055,15311600
2017-09-21,75.90631866455078,76.1779007946095,75.23536180334884,75.45102476757296,10851500
2017-09-22,75.7465591430664,75.86637459421212,75.42705330470017,75.64271624150885,8358300
2017-09-25,75.179443359375,75.78649778258774,74.64426846034354,75.49095989325366,10463400
2017-09-26,74.84396362304688,75.10755642820608,74.55640894361278,74.90786601715838,9358100
2017-09-27,76.026123046875,76.45745500650595,75.54686734530733,75.85838385602966,15090200
2017-09-28,76.18586730957031,76.58524804716433,75.81045453524774,76.35360648807182,10270400
2017-09-29,76.28973388671875,76.2977171162213,75.89833625463415,76.12199465614034,11438400
2017-10-02,77.35208129882812,77.38403249861032,76.2497923296496,76.49740651037628,13797200
2017-10-03,77.75944519042969,77.82334758482659,77.29616197215378,77.34409181498533,9633500
2017-10-04,76.96867370605469,77.83133775763068,76.90477131095992,77.71951161324873,12166600
2017-10-05,78.0051040649414,78.2541718150888,76.76782585837894,77.12936731579518,14236200
2017-10-06,77.8685073852539,78.44697851021186,77.50696599700028,78.37467268443723,10231900
2017-10-09,77.4587631225586,77.9890242408867,77.24183338302733,77.90064636621698,7765100
2017-10-10,78.03723907470703,78.07741307053561,77.32218608273452,77.49894185687445,10631500
2017-10-11,77.80424499511719,77.94083290594766,77.24184582001973,77.79621509953813,14283600
2017-10-12,77.12132263183594,78.33450488534807,76.82405715168333,78.17382117335696,18251600
2017-10-13,77.0168685913086,77.69978347100168,76.2937797241142,76.71156712724424,13190600
2017-10-16,78.60767364501953,78.6960515313944,77.40252733593421,77.40252733593421,12434000
2017-10-17,78.43089294433594,78.88081209339776,78.18986132608785,78.79243424201938,10335700
2017-10-18,78.72817993164062,79.17810533386266,78.43894436224444,78.8567317979013,10158600
2017-10-19,78.82461547851562,78.89692132587646,78.00511243027394,78.08546043359759,9133900
2017-10-20,79.94940185546875,80.25470335748155,79.32272680256897,79.76461007155928,15326600
2017-10-23,79.81282043457031,80.33505173092263,79.73247857275254,79.94940834232081,9238600
2017-10-24,81.08224487304688,81.29917464844974,80.15026821744989,80.24667600234778,13000800
2017-10-25,81.16258239746094,81.50805791081969,80.49573944537022,81.34737419145371,14632700
2017-10-26,81.74105072021484,82.28738392841446,81.40361124359794,81.42771318768618,13054400
2017-10-27,81.76514434814453,82.1347278855439,81.18667935978887,81.49198083667298,10400400
2017-10-30,81.47592163085938,81.8937029562595,81.04206825658386,81.2509558544386,8839500
2017-10-31,80.83316802978516,81.70890460267111,80.80103006430905,81.44377711445097,8690200
2017-11-01,81.08224487304688,81.70891999364838,80.92959717039479,81.22686268008502,8418200
2017-11-02,81.62053680419922,81.76515460184636,80.47163657749641,81.04207174330156,8731800
2017-11-03,81.47592163085938,81.57232940534905,80.9295884332188,81.22685391081619,7103500
2017-11-06,80.96975708007812,81.70088206872136,80.87334930465491,81.41967637789506,8121500
2017-11-07,79.33879089355469,80.94565248127226,78.9370754966253,80.79299866893813,18822600
2017-11-08,78.44697570800781,79.03348283588684,78.05329636802024,78.9531348594204,18524700
2017-11-09,78.4389419555664,78.91296928574555,77.78012898542012,78.02919668623566,13697800
2017-11-10,78.34253692626953,79.0093798138464,78.33450090217138,78.58356248200045,9314000
2017-11-13,78.62372589111328,78.77637967998099,77.62747357618872,77.68371347792583,9303100
2017-11-14,78.14969635009766,78.55944769645131,77.81225694942495,78.20593625020977,11043800
2017-11-15,78.88887023925781,79.33075349038508,77.08918087891895,77.44269238357309,15384100
2017-11-16,79.11383819580078,79.5878594635306,78.98528631524901,79.16204208616217,9808000
2017-11-17,78.84869384765625,79.06562358424924,78.390738562248,78.59159625110583,9017900
2017-11-20,79.54768371582031,79.66016353531207,78.54339523486502,79.09775830816284,9483200
2017-11-21,79.48340606689453,79.98153534938874,79.4673401486097,79.9413613591412,13389400
2017-11-22,79.25042724609375,79.95744426495315,79.21025324731094,79.56376482158645,7342200
2017-11-24,78.99331665039062,79.4593079892893,78.94511276350131,79.40306807802158,3680000
2017-11-27,78.67997741699219,79.6440919119777,78.67997741699219,78.98527891014315,13076200
2017-11-28,81.43573760986328,81.7089011101992,78.71210798150264,78.90492963642741,16773000
2017-11-29,83.33989715576172,83.7335766144674,81.9178209072479,82.27936852130532,21105500
2017-11-30,83.9745864868164,85.69393407842331,83.58894312640585,84.15134224770902,23945900
2017-12-01,84.19153594970703,84.61735340261882,82.1106464543691,84.27991385084255,19683500
2017-12-04,85.92693328857422,87.09191178474953,85.78231547972803,86.553614546702,23576600
2017-12-05,84.938720703125,86.29652096514481,83.65323241377958,84.826240860913,17193900
2017-12-06,84.30401611328125,84.97086532261872,83.98264248338553,84.80214554610421,15476200
2017-12-07,84.05493927001953,84.51289461770226,83.33988629082528,83.51663593211548,13371800
2017-12-08,85.10740661621094,85.11544263879891,83.8299487310483,84.15935823057394,13506900
2017-12-11,84.85834503173828,85.21185033943506,84.60927736917576,84.93868686850168,10591200
2017-12-12,85.84656524658203,86.26435262460554,84.79407303794696,85.89477525462445,15508800
2017-12-13,84.76997375488281,86.0554616319845,84.74587181495117,85.72605210707952,15020300
2017-12-14,84.08707427978516,85.52521008281168,84.07100223043031,85.260082565365,13034200
2017-12-15,85.276123046875,85.58142446694553,84.52089632444542,84.99492356395622,29350600
2017-12-18,85.93497467041016,86.4732719420104,85.54933124257693,86.1197664881119,12713100
2017-12-19,85.57342529296875,86.3607841277825,85.51718537619634,86.24830429423768,12149900
2017-12-20,85.276123046875,86.55358088311888,85.23594906516274,86.44913098254263,13091500
2017-12-21,86.63394165039062,86.82676331943414,85.61358113691765,85.6376830793368,12323700
2017-12-22,86.32862854003906,87.14009528475462,85.81443336885236,86.93120158093191,14573400
2017-12-26,85.9831771850586,86.76250618380271,85.48505392130257,86.12779500059555,7403700
2017-12-27,86.14385223388672,86.20009214527175,85.70196283751109,85.70196283751109,9496500
2017-12-28,86.60179138183594,86.64195923693174,86.09563227386461,86.2884539155171,7440600
2017-12-29,85.91890716552734,86.99550168889527,85.91890716552734,86.84284784794038,8925700
2018-01-02,86.73035430908203,86.78659422112707,85.81444366738232,86.47325669263458,13578800
2018-01-03,86.81873321533203,87.16420871617429,86.35274799417682,86.65804950178759,11901000
2018-01-04,88.06243133544922,88.86196928637041,87.38403083041015,87.51325232151086,12953700
2018-01-05,87.49711608886719,88.4743368890355,87.0448530922824,88.2401275053409,14155000
2018-01-08,87.62635040283203,87.77172155319101,86.98025503198718,87.3436859886957,12466500
2018-01-09,88.07054901123047,88.53896172405999,87.61827974965276,87.80403418663296,13292300
2018-01-10,89.03968048095703,89.40310528357735,88.3451300994683,88.40974087021661,15834500
2018-01-11,89.51618194580078,89.58887061214449,88.87817053228677,89.37888866246855,13676800
2018-01-12,90.9941177368164,91.13948890241515,89.5161785801663,90.17035190617203,18884200
2018-01-16,90.67105102539062,91.60788859893351,89.7019142321448,90.05726726509162,22703300
2018-01-17,91.25254821777344,91.50291341734419,89.89575282214237,90.36417167385815,14940300
2018-01-18,91.4706039428711,91.84210662057079,90.6710595436263,91.06679588081204,14572900
2018-01-19,91.26869201660156,92.34281668592826,91.09909338460261,92.0197751935235,18785500
2018-01-22,92.33474731445312,92.38320230722418,90.85680841871942,90.98602994827111,12475700
2018-01-23,92.23782348632812,92.5850986160524,91.54327322687955,91.80171010284033,12320800
2018-01-24,93.41698455810547,93.68349944047588,92.60129645624299,92.76281726649079,15904500
2018-01-25,93.44119262695312,93.82077322986592,92.94047452236403,93.71578534120559,13510000
2018-01-26,93.9419174194336,93.9419174194336,92.84355887951597,93.44119315041674,13883900
2018-01-29,93.84497833251953,94.77373798065051,93.69960720358058,93.69960720358058,11679900
2018-01-30,92.96467590332031,94.16802198765276,92.85968804415738,93.3038731359583,14279100
2018-01-31,93.41698455810547,94.21652920521672,93.00510464348642,93.40083494173027,13141400
2018-02-01,94.38611602783203,94.48302603713691,93.26352990148054,93.49773319838279,13800600
2018-02-02,92.29437255859375,94.42647869987256,92.14092351850357,94.07920350919946,16477300
2018-02-05,87.86865234375,92.54474510902158,83.975942181968,91.26063820163957,30097600
2018-02-06,90.54183959960938,90.84065976864032,86.09995114107099,86.29377727582585,33114800
2018-02-07,91.15564727783203,92.4316762549104,89.7665463583975,90.0895940869023,21878300
2018-02-08,87.1256332397461,91.34946866725767,87.09332785242482,91.34946866725767,27425800
2018-02-09,88.87007904052734,89.68577305116995,85.79306357924644,88.11091791211012,28188000
2018-02-12,90.2430419921875,91.04258655098572,88.89432427455569,89.78270095604154,18043300
2018-02-13,90.80028533935547,91.30100957797526,89.48387321349067,89.90383090661328,16358200
2018-02-14,92.90008544921875,93.09391160142621,90.88104505899277,90.96180544227735,15186900
2018-02-15,93.28771209716797,93.6753642693645,92.24588687175702,93.47346029920625,12130200
2018-02-16,92.617431640625,93.74001773330627,92.47206046940468,92.51244374648593,13214300
2018-02-20,92.64163208007812,93.19081121519473,92.04399795591694,92.59317709103352,13461500
2018-02-21,93.02930450439453,94.85451253198916,92.60934066394785,92.87585546712107,14212500
2018-02-22,92.85970306396484,94.030743959132,92.68202653385741,93.2796607301645,17070400
2018-02-23,94.74144744873047,94.80605821874505,93.12621516809881,93.12621516809881,12162500
2018-02-26,95.92056274414062,96.0255567819559,94.74952184842805,95.41176681265028,16511200
2018-02-27,94.78182983398438,96.37283460138684,94.77375194740256,96.03363730441572,17563300
2018-02-28,93.27965545654297,95.69442576431979,93.15043392863521,95.15332447985456,17735600
2018-03-01,91.60790252685547,94.20034969648003,90.97796289930851,93.2635181421242,18690000
2018-03-02,91.51907348632812,91.71289966167261,89.74232019548718,90.76799012504237,18353700
2018-03-05,92.92430114746094,93.62692933221592,90.3641597365595,90.49338126270266,13933000
2018-03-06,93.00507354736328,93.53809697226447,92.32667281557224,93.39272582699653,10674400
2018-03-07,92.65779876708984,92.95661278356388,91.34945845415582,91.86633227026316,13006500
2018-03-08,92.66586303710938,93.06159933449787,91.43021147733157,92.96468319116615,11173700
2018-03-09,95.33099365234375,95.36329903183078,93.41694150867988,94.12764753415226,15366600
2018-03-12,95.02413177490234,95.90443053762654,94.6930061518881,95.29871834475732,12339300
2018-03-13,93.8853759765625,95.67828478752286,93.54617867763004,95.4602249799076,13312300
2018-03-14,92.83547973632812,94.15996981155493,92.55281529861922,94.13574231141168,12905100
2018-03-15,93.06968688964844,93.6834769119118,92.73856745977932,93.57848902666012,8748000
2018-03-16,93.231201171875,94.16803260982915,93.15043463550894,93.15043463550894,19888900
2018-03-19,92.49626922607422,93.23927454545996,91.50290489206586,92.95661014804384,13214900
2018-03-20,92.58512878417969,93.23929599175597,92.43167972102054,92.77088323756303,9921200
2018-03-21,92.66586303710938,94.19225686526094,92.23782752023172,92.72239591364753,13633000
2018-03-22,88.79740905761719,91.74520976294116,88.46628958113264,91.42216201302753,22550400
2018-03-23,86.42302703857422,89.58080375206168,86.2211229517755,89.0558518940603,23081500
2018-03-26,89.088134765625,89.77461341649597,87.74749517224318,88.18360862887259,20217500
2018-03-27,87.35984802246094,90.2026606644684,86.65722583050085,89.70193637278153,18039900
2018-03-28,87.2225341796875,88.16744348784495,86.13225373476571,87.44866568984946,19189300
2018-03-29,88.81355285644531,89.4677199946213,87.04487143945393,87.6263560785537,13274600
2018-04-02,87.1014175415039,89.4273564508087,85.67193938817987,88.80548844345351,18822500
2018-04-03,88.29666900634766,88.4339622634926,86.62490393879034,87.51328040956956,14050700
2018-04-04,89.63733673095703,89.81501331336037,86.43109884383442,86.49570963045812,15302600
2018-04-05,90.81428527832031,91.58541496054396,90.41654835591639,90.61135739239845,16627000
2018-04-06,88.54962158203125,90.54643770555087,87.51875050375513,89.73472604953649,18906000
2018-04-09,89.61294555664062,91.70716258949221,89.19897098203812,89.29637858572897,15974300
2018-04-10,91.32567596435547,91.61789264255025,90.44090707958011,91.01722158577866,13951400
2018-04-11,89.79154968261719,90.75748238585162,89.71037355904612,90.63573058623253,14503300
2018-04-12,92.02375030517578,92.85169344815581,90.50584731803268,90.55454803442318,16435500
2018-04-13,89.53180694580078,93.46860762629285,88.51716727593843,93.36308113719096,39152800
2018-04-16,89.458740234375,90.48149864773279,89.11782282754521,90.05129246394257,16580500
2018-04-17,89.458740234375,90.84676641321208,89.28016268045414,90.40032872127834,15501400
2018-04-18,88.7363052368164,90.15680043072355,88.38726902717023,89.71847545631667,16081400
2018-04-19,90.6844253540039,90.80618333850016,88.88242452349064,88.90677488181622,17911000
2018-04-20,90.48149108886719,91.51236207374309,90.00257803491816,91.15521318860615,15584400
2018-04-23,90.04315185546875,90.87109481383013,89.79963594207996,90.56264669068901,11285800
2018-04-24,89.62110900878906,91.64226979656942,88.9554993416006,90.70879992343656,16453100
2018-04-25,89.28016662597656,89.71849167964348,88.15188787765324,89.50744490724044,13548200
2018-04-26,89.36943817138672,89.95387146356406,88.75253567488092,89.26391790196985,10299500
2018-04-27,88.80123901367188,89.41814148541762,88.58207344146807,88.92299697679985,9384000
2018-04-30,88.2979965209961,89.53180175603714,88.27364616118993,89.08535785002846,13744900
2018-05-01,88.2979965209961,88.4522237235934,87.29147576083956,88.03013017739089,10503400
2018-05-02,87.59992218017578,88.87430925785345,87.44570117360378,87.75414937961638,12162100
2018-05-03,87.0479507446289,87.47815690421457,85.37582682084518,87.33204856766962,15379100
2018-05-04,88.01387786865234,88.26550645100833,86.0251871781215,86.3904548746297,11967900
2018-05-07,88.77690887451172,89.0285375141705,87.95707834182943,88.28176425314734,9356700
2018-05-08,90.09188079833984,90.37597865775976,88.70385451985777,88.90678244699613,12543200
2018-05-09,92.05619812011719,92.2428882848067,90.1243209140129,90.4571255796539,11368100
2018-05-10,92.77052307128906,92.89228105454048,91.52048641611982,91.8776415155591,9159700
2018-05-11,92.42147827148438,93.12766955471236,92.2672510941102,92.93285432238675,10253000
2018-05-14,92.4539566040039,93.10332219725872,92.32407976963195,92.62441530446586,8710700
2018-05-15,91.74775695800781,92.46206709675064,91.37437038224122,92.46206709675064,11536200
2018-05-16,91.9994125366211,92.28351662121692,91.42309790115657,91.63414470338301,7571100
2018-05-17,91.69094848632812,92.05622244951083,91.07404588994534,91.88575755097112,8617200
2018-05-18,90.20551300048828,91.56107615603764,89.97011587997812,91.52048809658581,11806300
2018-05-21,91.03346252441406,91.35002957157467,90.84676612058858,90.95229259822105,9441900
2018-05-22,91.73153686523438,92.77052680409824,91.14710347640633,91.19580419451916,11507600
2018-05-23,91.3094253540039,91.53670358427273,90.19738455692189,91.32566305209015,11453900
2018-05-24,90.28669738769531,91.03347068419743,89.38569688259444,91.02535183298987,14084800
2018-05-25,89.82401275634766,90.16493015772583,89.4506199534649,89.66166671316638,8283500
2018-05-29,85.98461151123047,88.63890576391684,85.19725025486028,88.62267425650023,30643800
2018-05-30,87.94895935058594,88.15188727072706,86.56905197077381,87.37264480052941,17490800
2018-05-31,86.86125946044922,87.81907938966293,86.38234639940836,87.6242641481202,19808200
2018-06-01,87.98954772949219,88.42787278172403,87.50252195796858,87.94084081733175,13594200
2018-06-04,88.03011322021484,88.68760377267286,87.88400489665389,88.46843819089767,9415400
2018-06-05,87.53498077392578,87.9164862377155,86.909965532497,87.85966667031289,10415200
2018-06-06,89.58048248291016,89.88893062639603,88.05446707790543,88.2005753970024,15453600
2018-06-07,89.93763732910156,90.50583290607348,89.31261600156512,90.24608547190526,13444400
2018-06-08,90.18928527832031,90.21363563786622,89.3369855370019,89.79154828904376,10383200
2018-06-11,89.9620132446289,90.83866340635741,89.91330632928683,90.19741039136355,12642900
2018-06-12,89.4425048828125,90.53019547487384,88.89865339391368,90.21362844029669,15294100
2018-06-13,89.263916015625,90.46524558605388,88.94734902119662,89.66165292272548,14979700
2018-06-14,87.68919372558594,89.58048303645354,87.48626584741218,89.51554462914977,20487300
2018-06-15,87.58368682861328,87.97330494617903,86.26059289750597,87.50251690352611,26028600
2018-06-18,87.81096649169922,87.98954404545034,86.60151786793257,87.0641932604385,9786800
2018-06-19,87.29956817626953,87.56742824589445,86.52843858965991,86.77195449971913,12707200
2018-06-20,87.29146575927734,88.18434727612262,87.21029583826741,87.81096068518252,8876900
2018-06-21,87.26710510253906,87.83530067541517,86.47162510764522,86.93430041494928,11048700
2018-06-22,85.83850860595703,87.96519539848765,85.64369954028713,87.79473669191792,19478900
2018-06-25,85.05926513671875,85.79791952305138,84.38554297625657,85.7654565065504,16907600
2018-06-26,85.1160888671875,85.40018672197742,83.6955934003691,84.99433087431503,17086800
2018-06-27,83.80110931396484,85.97649679151834,83.79299665630087,84.96997607589462,16276800
2018-06-28,85.17289733886719,85.60310349046816,84.02026836799895,84.15825785193361,14491300
2018-06-29,84.5803451538086,86.77197016131038,84.53976329005195,86.59339262075083,18972400
2018-07-02,85.29464721679688,85.30275987305708,83.91473392987484,84.1907190644062,11130000
2018-07-03,84.1014404296875,85.86285313756323,84.02838316447684,85.5625238052197,8311700
2018-07-05,84.64822387695312,85.1868614712226,84.49315861463114,84.98283085301804,10723400
2018-07-06,84.92572784423828,85.28482383180668,83.40773909418196,84.15857672514515,12173700
2018-07-09,87.55361938476562,87.7005216814456,85.4561848428198,85.4561848428198,13900800
2018-07-10,87.01496124267578,88.46765793000064,86.94150699841339,88.15752747325558,14575900
2018-07-11,86.8272933959961,87.37409410963024,86.68039106120402,86.76200208575028,10186500
2018-07-12,87.20272064208984,87.78216708760762,86.48453481381209,87.66791039280258,12456800
2018-07-13,86.80279541015625,87.97801388133166,85.80712489724608,87.56995260400919,21289100
2018-07-16,90.24684143066406,90.40190049548906,87.30880122389135,87.36592955862088,24662600
2018-07-17,90.18152618408203,90.53245906897229,89.56943437740274,90.33659143426047,14821900
2018-07-18,91.02214813232422,91.50366368057739,89.93670363301885,90.11625159248543,14244900
2018-07-19,89.68372344970703,90.66306820395572,89.55314705485084,90.63858551907782,16775300
2018-07-20,90.818115234375,91.19353085550742,89.59393142465242,89.77347937965507,13578100
2018-07-23,92.50749969482422,93.23384834391656,90.53248440687699,90.63857810818072,18140000
2018-07-24,93.16040802001953,93.67456308261586,92.56463570570642,92.67073564232939,14000400
2018-07-25,94.00099182128906,94.27847048852855,92.53196879907799,92.94003005785655,13329100
2018-07-26,93.73169708251953,94.33562617725248,93.51134667853671,94.1968868033921,11897800
2018-07-27,94.69471740722656,94.91507402662174,93.69904670097498,94.00101434637784,12802700
2018-07-30,95.26600646972656,95.9841922114087,94.719199523065,94.89874751511607,13411600
2018-07-31,93.81329345703125,95.55163863703305,93.70719975709841,95.55163863703305,15843800
2018-08-01,94.39273071289062,95.23333588607399,94.0826001799737,94.4661787486738,13531600
2018-08-02,94.7926254272461,94.87423642833201,93.30728279200957,93.50315043991982,11058100
2018-08-03,95.5597915649414,95.59243721589155,94.62125556284026,94.67022092600484,11016100
2018-08-06,95.58429718017578,95.9189042644883,94.81713981505962,95.31497518265343,9857400
2018-08-07,95.93521881103516,96.53914782113624,95.75567083401336,96.09027787858176,10562100
2018-08-08,96.13111114501953,96.52284662574411,95.71488674854187,95.75569538160714,8997100
2018-08-09,95.38841247558594,96.07395873495824,95.241510150472,95.90257372674557,9694200
2018-08-10,94.44986724853516,94.62940898267424,93.59293606411953,94.26215631879384,12630600
2018-08-13,92.94819641113281,94.57227853678604,92.89106808188433,94.31111957071857,10336300
2018-08-14,93.56846618652344,93.8867535325105,92.75234350932135,93.25833558421263,10597600
2018-08-15,92.79313659667969,93.30729781670159,92.19737058895183,92.89107354966511,10152100
2018-08-16,93.66638946533203,94.1070964231158,93.2828170678645,93.32361946256289,10118600
2018-08-17,93.66638946533203,93.91122873960792,93.2828170678645,93.56029576729055,8505100
2018-08-20,93.5439682006836,93.89490114353633,93.12774395996968,93.51947929409499,8618700
2018-08-21,94.11526489257812,94.98851588962854,93.75616892972765,94.15607351618269,10976700
2018-08-22,93.82962036132812,94.18871631328825,93.6745550681596,94.10709906855436,8314700
2018-08-23,93.63373565673828,93.9765056068532,93.3888964200731,93.82144034186388,9265400
2018-08-24,93.59294128417969,94.0336482413288,93.40523034396897,93.83778055810299,8845700
2018-08-27,95.24967956542969,95.71486925534737,93.99284986030493,94.03365848591187,13768000
2018-08-28,94.78445434570312,95.5108027782773,94.64571503308103,95.48632010269925,8302600
2018-08-29,94.474365234375,94.97220057812115,94.14791490997263,94.9558746373139,7221700
2018-08-30,94.00916290283203,94.70286585731765,93.83777790653708,94.3356069568103,8991800
2018-08-31,93.51133728027344,93.72352469196159,92.89108230594061,93.71536794833486,13065700
2018-09-04,93.97651672363281,94.04996476740851,92.73600691001535,93.31545319704568,10174200
2018-09-05,93.51949310302734,94.42538975842155,93.2420143859266,93.85410638408366,11462400
2018-09-06,93.11959075927734,93.60926309156068,92.62991842699401,93.44604105630674,9877600
2018-09-07,93.29914093017578,93.66639363140281,92.73601431020745,93.44604325597093,10955600
2018-09-10,92.80130004882812,93.82961626770017,92.76049765476289,93.73167931420525,8276900
2018-09-11,93.38892364501953,93.51134329904016,92.36877023905126,92.6625749180919,9333800
2018-09-12,92.28715515136719,93.75617225541335,92.09944419325826,93.24201720297549,10800800
2018-09-13,92.64624786376953,93.14408321802325,91.95254480134913,92.52383443774171,12470800
2018-09-14,92.62992095947266,93.43788064115563,92.40957058320336,92.88291698898956,10337900
2018-09-17,92.90738677978516,93.38890231521674,92.46668608840143,92.86658438877895,9561300
2018-09-18,93.28282928466797,93.57663396166868,92.67889398943197,93.30731196999766,7944200
2018-09-19,95.99234008789062,96.35142978900664,93.3970700347882,93.3970700347882,16052800
2018-09-20,96.81664276123047,97.31447815315397,96.3677789699458,96.71054904180448,15590000
2018-09-21,96.1800537109375,97.30630696056659,96.09027972070557,97.22468971379449,24788200
2018-09-24,95.25782775878906,96.67787929300906,95.02115146533221,96.10659598226569,12492500
2018-09-25,94.988525390625,96.27800081663588,94.93139704777755,95.51900641793554,9308300
2018-09-26,93.87040710449219,95.38023870900628,93.57660873322234,95.28230176756931,14023600
2018-09-27,93.46234893798828,94.4743453533247,93.16855055702693,94.19686045669351,13283000
2018-09-28,92.09129333496094,93.2338664949515,91.83013428923647,92.75235703392191,15815100
2018-10-01,92.62992095947266,93.53581760089848,92.25450528690762,92.52382725630918,10146300
2018-10-02,93.01348114013672,93.13590075888631,92.06677606342834,92.5156459233367,13753100
2018-10-03,93.8867416381836,94.39273987549285,93.42971498933724,93.8051306261069,17142000
2018-10-04,94.73323822021484,95.99886915487816,93.86209217913316,94.14152028502943,16357400
2018-10-05,94.19904327392578,95.41535960827376,93.70593561771109,95.1934661790766,13777600
2018-10-08,94.77432250976562,95.15236709614594,93.15530125127069,93.89495642902523,14370900
2018-10-09,94.11685180664062,94.53599079444795,93.4182910070445,94.24012871718679,14069500
2018-10-10,91.6102523803711,94.47024415745251,91.6102523803711,94.2647847258181,23086400
2018-10-11,88.86531066894531,91.61025192232098,88.24893237712396,91.19933306110676,33705600
2018-10-12,87.89555358886719,91.08428838861995,86.78607377014009,90.70624373846758,32075700
2018-10-15,87.39422607421875,89.4570406472369,87.37779207755659,88.10100706305963,18903200
2018-10-16,89.26802062988281,89.39951141231641,87.71474774975566,88.06813824085003,19302800
2018-10-17,90.262451171875,91.0596348772441,88.94751188627266,89.07078254576265,18794500
2018-10-18,88.83245086669922,90.27066711504439,88.60233727018404,89.59676032376767,17582500
2018-10-19,88.68450927734375,89.76111465864074,88.1585273804697,88.4708297195628,15234500
2018-10-22,87.4106674194336,89.0379027244226,87.20520797293626,88.88175780876944,16199100
2018-10-23,86.4984359741211,87.24631144683542,85.22458476526441,85.63550370100846,21407500
2018-10-24,84.88761901855469,86.31761489853888,84.57532294158376,86.09572147255611,23168900
2018-10-25,86.17789459228516,87.0326064819716,85.24100019342423,85.6190447517257,17464700
2018-10-26,84.99446105957031,85.93135562007035,84.42739725934636,85.47112847319303,19174900
2018-10-29,86.1697006225586,87.63257104843075,85.22458580479416,85.84918435037876,18445200
2018-10-30,87.69009399414062,87.92021385355376,86.17791539589032,86.87647629769346,18019700
2018-10-31,89.59673309326172,90.79662151634625,88.58587634863186,88.824210006909,20860000
2018-11-01,89.56388854980469,90.58296569287383,89.02147257793119,90.08986425397747,13065000
2018-11-02,89.0707778930664,91.06784398411182,88.3393427577159,90.31997485172946,19009200
2018-11-05,89.65428161621094,89.81865293649619,89.10365180103598,89.2598029877758,10276400
2018-11-06,90.07341766357422,90.13094605623851,88.56123918775606,89.3091082923918,10825000
2018-11-07,91.6185073852539,91.82396689509065,89.86798834856384,90.70626665996866,12679600
2018-11-08,92.35812377929688,92.81013704833701,91.22398994532946,91.23221007843685,11662500
2018-11-09,91.46232604980469,92.34169221168914,91.08428142854007,92.23485555898107,10432200
2018-11-12,89.53923797607422,91.99653784666872,89.25159596099019,91.5691786212933,13279700
2018-11-13,90.0652084350586,91.32262563289203,89.66250963765131,89.66250963765131,13746100
2018-11-14,88.20784759521484,90.98565694502773,87.0983678819238,90.5911783345851,18361400
2018-11-15,90.45967864990234,90.46789878283347,87.78048589566387,88.95571409984407,19100000
2018-11-16,90.39393615722656,91.02675476253134,89.21049401128757,89.95014300120268,13798600
2018-11-19,91.08428192138672,91.3883578846337,90.01589030802673,90.36928080135738,13987000
2018-11-20,89.12830352783203,90.8048533287781,88.74204504335941,90.22134926528271,18936200
2018-11-21,88.4626235961914,90.08164512591335,88.4626235961914,89.60497767927059,10619600
2018-11-23,87.6490249633789,88.257183334747,87.1641372773293,87.72298737457,6488400
2018-11-26,89.79400634765625,90.38573061013179,88.30647555723155,88.52837529072252,13948300
2018-11-27,90.17204284667969,90.42681055379677,89.27623639983705,89.38307932485367,9238200
2018-11-28,91.17469024658203,91.55273489339604,89.47348620085653,90.23779562836364,13977300
2018-11-29,90.45146942138672,91.05963392912217,90.10629903815851,90.62405461300082,11144300
2018-11-30,91.38015747070312,91.48699413971347,90.05699795931285,90.27889143191145,18652700
2018-12-03,92.2430648803711,92.7772606578582,91.83214601616936,92.35812166073764,16034500
2018-12-04,88.12567138671875,91.71709861419845,87.71475248049911,91.71709861419845,23555900
2018-12-06,86.44910430908203,86.58881520458935,84.55065507611279,86.30117328144966,27213900
2018-12-07,84.88761901855469,87.9202022177726,84.57532294158376,86.42445781522899,19248600
2018-12-10,83.30146789550781,85.05197989979638,81.59204401321846,84.54244455016368,23636400
2018-12-11,82.48785400390625,85.19170084824619,82.35635695938097,84.75612159084939,16860700
2018-12-12,83.02205657958984,84.56711574547211,82.23309299855697,83.54803857040362,22621500
2018-12-13,83.10423278808594,83.80279359845206,82.73440205074559,83.45762325970045,17250900
2018-12-14,82.42212677001953,83.77816060883926,82.06873620923773,82.17557288291565,19879500
2018-12-17,81.3701400756836,82.64398455516186,80.90169290862741,81.9947321183431,25113500
2018-12-18,80.98389434814453,82.91521184741741,80.6387239906829,81.70710932617716,20837200
2018-12-19,79.95657348632812,82.66041969351286,79.38950358815897,80.87703377072805,28767900
2018-12-20,79.26626586914062,80.77023078641518,78.64167355660513,79.3977629476486,31825200
2018-12-21,77.39247131347656,80.89350242247247,76.99799264408641,79.45528613881487,41313900
2018-12-24,75.72413635253906,77.43356052566328,75.72413635253906,76.34051471851053,17009300
2018-12-26,78.8635482788086,78.8635482788086,74.87763651906278,76.17614164487358,22542900
2018-12-27,79.7511215209961,79.84152415867916,76.88291005030798,77.92664104429893,20304700
2018-12-28,79.57854461669922,80.80308101284274,79.25802842086382,80.49899881186795,17963300
2018-12-31,80.22779846191406,81.20578106038457,79.5292314014185,80.20313806403117,13237200
2019-01-02,81.61670684814453,82.00297160286637,78.84711757897865,78.85533144218049,15670900
2019-01-03,80.45679473876953,81.93154497583093,80.10882124214605,81.72441699150109,16286400
2019-01-04,83.42286682128906,83.62170791118069,81.42615007018992,82.11381647732696,16935200
2019-01-07,83.48086547851562,84.0691082018593,82.6109254064887,83.20745501918779,15430700
2019-01-08,83.32344818115234,84.35908813881858,82.47836875695636,84.20166884251901,13578800
2019-01-09,83.18260192871094,84.08567692971218,82.7932002967032,83.52228854487974,14230300
2019-01-10,83.17432403564453,83.45602141905239,82.24638826583286,82.86777230215118,14376100
2019-01-11,82.77661895751953,82.99202747953491,81.98124204792401,82.7600451813377,15439900
2019-01-14,83.62998962402344,83.97796309005733,81.74098358436073,81.91497031737768,21258500
2019-01-15,84.24310302734375,84.89762828618247,81.69128447109676,81.93155371707896,26504900
2019-01-16,84.9224624633789,85.70954617242693,84.34250671155864,84.71533450615115,18533000
2019-01-17,85.27043914794922,85.75097754399022,84.44192728762081,84.59934656381725,14247600
2019-01-18,86.65404510498047,86.91088805825805,85.19586890534495,85.97466568984203,16428700
2019-01-22,85.28702545166016,85.82555318313598,84.61592644791519,85.40301662345908,17083700
2019-01-23,85.07160949707031,85.91668892684602,84.48336675575732,85.70128036538135,12146700
2019-01-24,85.12129974365234,85.41127760665547,84.45849410265137,84.6159070448283,11296800
2019-01-25,85.65984344482422,86.42207286340057,85.12130945435726,85.7592671467862,14369400
2019-01-28,86.06581115722656,86.36407593741728,84.99703008171711,85.24558617222404,12283100
2019-01-29,86.30607604980469,87.08487919486605,85.94153514191856,86.06580685992313,9743300
2019-01-30,86.50493621826172,87.19259633662061,85.9829696413688,86.28123445072345,12526300
2019-01-31,85.75098419189453,85.99954029768007,85.11303279124333,85.67642115278547,17520600
2019-02-01,86.06581115722656,86.8694686860158,85.76754637703583,86.16523485763813,13000800
2019-02-04,86.37237548828125,86.37237548828125,85.34502238426045,85.99126072906458,9871500
2019-02-05,85.99124908447266,86.6209198853672,85.57699314302383,86.59605921920328,12763000
2019-02-06,85.94984436035156,86.6789390612538,85.72614887233112,85.92499000846549,8745000
2019-02-07,84.82304382324219,85.75097940249722,84.0442469559642,85.54385143292598,13177500
2019-02-08,83.97795104980469,84.78988902080633,82.90088325197789,84.57448051807535,12892600
2019-02-11,83.58028411865234,84.5165066774583,83.48914729751115,84.30937868778189,10978500
2019-02-12,85.00531768798828,85.27044123694675,84.41707501126932,84.46678370137278,12852300
2019-02-13,85.41129302978516,86.04096387532562,85.25388005918339,85.25388005918339,10754100
2019-02-14,84.85619354248047,85.41958192889462,83.96968599690692,84.89762166895511,11518500
2019-02-15,87.44941711425781,87.57368881903288,85.88353042366234,86.08237147234541,14716900
2019-02-19,87.14289093017578,87.3003102302318,86.0078272339118,86.91919547524155,12764900
2019-02-20,87.56542205810547,87.65655887000425,86.89432314130138,87.16773357699772,10030300
2019-02-21,87.38314819335938,87.81397158574786,86.96060536854324,87.36657441612677,8400100
2019-02-22,86.9937515258789,87.8968264838082,86.81147789226712,87.57370734096705,10647300
2019-02-25,87.90512084960938,88.87447836058094,87.56543422075,87.61514291740141,11230700
2019-02-26,87.23403930664062,87.38317173669454,86.1155492417591,86.57951399257321,15465400
2019-02-27,87.1263198852539,87.3085872049722,86.58778585237584,87.14288734303028,9968800
2019-02-28,86.46348571777344,87.16771943277409,86.31435335168742,87.00201961314204,15156900
2019-03-01,86.52151489257812,87.74771552567005,86.33095433704698,87.0766164570998,13813300
2019-03-04,86.32264709472656,87.75596897940281,85.5604114291707,86.92745717335625,12466300
2019-03-05,86.25636291503906,86.62091012517199,85.5521291581359,86.27293036957087,10856600
2019-03-06,85.9332504272461,86.63748423827353,85.79240492924937,86.04924158101326,9070800
2019-03-07,85.3118667602539,85.72612268794589,84.64077418012693,85.54384906839441,12705700
2019-03-08,85.34500122070312,85.52727482579084,84.49991565548612,84.49991565548612,10582400
2019-03-11,86.45521545410156,86.62092162663856,85.8835465417203,86.14867009673537,9763200
2019-03-12,86.19839477539062,86.81977881530459,85.95812552143178,86.65407261203367,10219100
2019-03-13,86.48835754394531,86.97718285645858,86.12381028180282,86.32265769081376,13022200
2019-03-14,87.27542877197266,87.71454532958163,86.54634067362244,86.57948190368973,10926500
2019-03-15,88.27794647216797,88.48507444951134,87.18431100463667,87.33344340116568,24811700
2019-03-18,88.80818939208984,89.30529525001572,88.23651417890093,88.27794230082974,12935500
2019-03-19,88.48506927490234,89.810686988169,88.27794130967182,89.64498082335825,12889300
2019-03-20,86.59608459472656,88.36081946789255,86.50495407626407,88.17854578887581,14920700
2019-03-21,85.2290267944336,85.74270015930523,84.74020145571512,85.74270015930523,19751000
2019-03-22,82.65235137939453,84.77333988392904,82.45350396631116,84.35908392157187,31115200
2019-03-25,81.96470642089844,83.3234658274316,81.26875293501418,82.51152114740765,21032300
2019-03-26,82.78492736816406,83.18261595671903,81.87356532398913,82.7020774225201,15987100
2019-03-27,82.50322723388672,83.22402863503018,82.08897123008659,82.75177704353982,12753200
2019-03-28,83.4394302368164,83.51399959256655,82.63577270608207,82.85118756363984,12454100
2019-03-29,83.87026977539062,84.49993432347324,83.34001629751596,84.1271064641863,14523400
2019-04-01,86.69549560546875,86.72863684415896,84.60764813634526,84.63250248510168,17499300
2019-04-02,87.1097412109375,87.35829731092629,86.43864859042965,86.6623440235842,10295400
2019-04-03,87.28373718261719,88.120536065289,86.81977248935512,87.66485194080315,11499200
2019-04-04,88.12692260742188,88.26885220366681,87.2002369296551,87.28372717547384,11952100
2019-04-05,87.91822814941406,88.58611203940787,87.65107586729911,88.32731005750635,9933700
2019-04-08,88.20206451416016,88.20206451416016,87.58427617172882,87.75124392825244,8056300
2019-04-09,87.55088806152344,87.82638424397626,87.03327778554193,87.72620613014328,9092200
2019-04-10,87.9432601928711,88.26050786180537,87.21694341275719,87.76794212976043,10882300
2019-04-11,88.68628692626953,89.10371271994235,88.12693152199472,88.252160533979,11183800
2019-04-12,92.84384155273438,93.37814604347744,90.89863588237279,91.36615708883194,25834100
2019-04-15,91.7835922241211,92.66853293283523,91.09901412750187,92.60174327233273,15163800
2019-04-16,92.75200653076172,92.99411424615637,91.71679238550435,91.75018721204967,11583200
2019-04-17,95.42351531982422,95.72406232629693,92.67685351419944,93.25289663543002,17791900
2019-04-18,94.72227478027344,95.9662020516717,94.61374635035718,95.61556586017632,12501900
2019-04-22,94.83911895751953,95.11462145163907,94.05436296286044,94.19628617398476,7975900
2019-04-23,94.95600128173828,95.48196176690988,94.21298400750354,94.33821299775444,9193100
2019-04-24,94.79740905761719,95.29831878246569,94.17961423987173,94.55530131056764,9245700
2019-04-25,94.84747314453125,95.29829368901099,93.92078753133585,94.34656355157966,9311800
2019-04-26,95.5654525756836,95.65728675057436,94.83912947502338,95.13132622721605,7889300
2019-04-29,96.94298553466797,97.81123210136879,95.54877829972165,95.67400733356169,14242200
2019-04-30,96.884521484375,97.44387047435066,96.22498801896916,97.2017627691198,11389100
2019-05-01,96.14151000976562,97.67763384366447,96.09976488343516,96.60902485148927,10412900
2019-05-02,96.35023498535156,96.65912602905017,95.6573065656062,96.14986599713252,8613300
2019-05-03,96.94298553466797,97.41050046696331,96.56729843314785,96.8428010337133,8185400
2019-05-06,96.08308410644531,96.4003318454142,94.93934129422307,95.32337233192085,9387000
2019-05-07,94.51354217529297,95.19812018401345,93.74548028636984,95.19812018401345,15017700
2019-05-08,94.01262664794922,94.89756718772088,93.88739765076743,94.05437177014694,9575800
2019-05-09,93.93749237060547,94.12116072830086,92.31788471606156,92.78539953971402,12205900
2019-05-10,93.92913055419922,94.20462666886763,92.28447231637159,93.29464172191722,13189000
2019-05-13,91.37452697753906,92.2093787776789,90.9821519817809,91.90048768805197,13783700
2019-05-14,92.100830078125,93.26962361511536,91.41625200736688,91.4579971359571,10503600
2019-05-15,91.75018310546875,92.58503462349957,90.67322388287961,91.17413351981577,10142000
2019-05-16,92.92733764648438,93.64531059453205,92.32624342305724,92.35129432354402,9672700
2019-05-17,92.47651672363281,93.29467416313075,91.69176048469173,91.83368373999447,9570100
2019-05-20,92.96072387695312,93.34475484652025,92.14257288030515,92.31789095101544,8518200
2019-05-21,93.27796173095703,93.43657918617444,92.85218567871762,93.03585402946447,7967900
2019-05-22,92.51824188232422,93.32804884686396,92.45980253279102,93.00245727526303,7918900
2019-05-23,90.6982650756836,91.65834556001342,89.74653488966241,91.53311656302928,14558000
2019-05-24,91.59156036376953,91.80027324574952,91.15744037179229,91.43293653525299,8537300
2019-05-28,90.59807586669922,91.69173558913263,90.5312925919564,91.16577510318487,11665500
2019-05-29,90.34764862060547,90.49792217577257,89.37921762743686,89.70480926873012,9966400
2019-05-30,89.37921142578125,91.14909913389826,88.94509139064962,90.70662879922209,10367800
2019-05-31,88.46086120605469,88.98681534041037,87.52582526445556,88.12691934338277,10952800
2019-06-03,88.8783187866211,89.21226076894247,87.909894044244,88.32731992979234,11680700
2019-06-04,91.6166000366211,91.75017933132882,89.43763715463929,90.03873124200136,12858600
2019-06-05,91.94219207763672,92.15090494963033,90.69826514399,91.71678497842463,8340500
2019-06-06,92.14257049560547,92.55999628251594,90.94038219109146,91.95890213025893,8726700
2019-06-07,91.13240814208984,91.8503746931217,90.96543399232804,91.58322242291536,10618900
2019-06-10,92.1175308227539,92.84385407347011,92.01735269811222,92.45982306704713,11380600
2019-06-11,92.4013671875,93.14438453636886,92.14256525255358,92.5182458916314,9847700
2019-06-12,91.2242202758789,92.58503229243057,90.90697900000275,92.41805817138146,9670500
2019-06-13,91.44962310791016,91.96723326882771,91.04054770540071,91.38283346726065,8406900
2019-06-14,91.68341064453125,92.08414225085788,90.6899351136022,91.47469772589324,9077400
2019-06-17,91.1824722290039,92.14255262659402,91.04889294577953,91.58319733985545,8128600
2019-06-18,92.4263916015625,93.01079136446171,90.9821023421926,91.00714686342637,11057300
2019-06-19,91.75852966308594,93.16107404156078,91.58320524636524,92.51824120142648,13126500
2019-06-20,91.9922866821289,92.7436479191121,91.02385590735123,92.56832987252194,13638000
2019-06-21,91.36615753173828,93.22787295929889,91.07395438775535,91.99229620699546,27089500
2019-06-24,90.71497344970703,91.64165282025071,90.61478896964817,91.23257733981461,13039600
2019-06-25,89.96359252929688,90.98211230035096,89.88845258796108,90.7316543217796,18660100
2019-06-26,90.564697265625,91.2576191985111,90.29754502935992,90.41442373463765,10324600
2019-06-27,90.86524963378906,91.45799990453442,90.53131407260794,90.86524963378906,10906600
2019-06-28,93.3364028930664,93.86235705998466,92.58503524788917,92.70191395164878,21634700
2019-07-01,94.90592956542969,95.60720184784572,94.40501988235934,94.53024889547997,12724500
2019-07-02,95.00611114501953,95.3400466772483,94.52189570611102,94.76400342556528,10174900
2019-07-03,94.85477447509766,95.73757719573284,94.38394977849511,95.29196791987067,6849400
2019-07-05,95.4180679321289,96.07386119947274,94.93883389718499,95.43488676255043,7929400
2019-07-08,94.89683532714844,95.40970080124576,94.58575099243976,94.97250084897914,6917200
2019-07-09,95.30037689208984,95.41808306569165,94.29146499993003,94.40076175698731,8947300
2019-07-10,95.0229263305664,95.70394796914128,94.78751397728345,95.31719818667564,9242300
2019-07-11,95.93094635009766,96.14954627398191,95.1070031527347,95.31719366025662,11595200
2019-07-12,96.93985748291016,96.98189173261021,95.78801127744873,95.95616110525846,10783400
2019-07-15,95.7627944946289,97.16686551584641,95.45171024082111,97.1416436817954,12946600
2019-07-16,96.78852081298828,97.10800805407433,94.93884062039827,95.40967168797826,16945000
2019-07-17,95.83845520019531,96.63718292069784,95.61986170635674,96.20839251977563,13120900
2019-07-18,96.4101791381836,96.74648522854137,95.46852978258798,95.78801704045004,9397200
2019-07-19,95.46012878417969,96.78853443025622,95.3424226043507,96.5951563265339,10402800
2019-07-22,96.07389068603516,96.22522813375495,94.81274742653899,94.93046003210445,9061100
2019-07-23,97.83106231689453,97.90672781443912,96.5362881269258,96.58673179195551,12752200
2019-07-24,98.22620391845703,98.26823816030482,97.12480158418633,97.17525165470867,10011000
2019-07-25,97.2845687866211,98.57093360094704,96.95667212471467,98.27666818827524,10138400
2019-07-26,97.71337127685547,97.95719305307229,97.13324338121873,97.33502448706841,12800400
2019-07-29,97.40227508544922,98.52049006964258,97.35183141878046,97.9151404115979,8500400
2019-07-30,97.18367004394531,97.59564801501621,96.48584250533428,96.84737039789378,7121100
2019-07-31,97.52839660644531,97.67973403017346,96.5699283943355,97.61247152751532,13648000
2019-08-01,94.9556884765625,98.2010312032553,94.66982598231407,96.9651096966512,15664500
2019-08-02,94.947265625,95.36764668126679,93.66090061914453,94.50166273167812,11025500
2019-08-05,92.12228393554688,93.30776132965822,91.02929086641603,93.14801451114562,15855300
2019-08-06,92.8453598022461,92.90421289320003,91.08816366175476,92.5258725105685,10203500
2019-08-07,90.8275375366211,91.03772808221709,89.07034765440163,90.8023156974706,17320900
2019-08-08,92.36612701416016,92.5510957068767,91.40765871054346,91.68511174961827,10903300
2019-08-09,92.26522827148438,92.8621685747158,91.04612582910416,91.93733157554747,9980800
2019-08-12,90.53324890136719,91.23108287375298,90.13808975038957,91.17222979261832,9393700
2019-08-13,91.92892456054688,92.76128365460025,89.98676617010048,90.7602657594681,12124700
2019-08-14,88.11188507080078,89.88589390538829,87.81761315602024,89.37302842726545,19491800
2019-08-15,88.4481430053711,89.44024223318684,87.72508730978485,88.128655815381,13365600
2019-08-16,90.56685638427734,90.78545623448849,89.011448435724,89.43182930908993,11830600
2019-08-19,91.38243103027344,92.27363676782663,91.1554216802705,92.17274301065805,8265400
2019-08-20,90.22215270996094,91.17221771247333,90.16329963662419,90.67616488191746,8374000
2019-08-21,90.47440338134766,91.16382799561508,90.33987837636607,90.97885932101804,8189300
2019-08-22,91.40765380859375,91.87006910108109,90.7434509996883,91.11338836528262,9343400
2019-08-23,89.13758850097656,91.45809352333941,88.37249838147068,90.80230015961857,14762300
2019-08-26,89.85222625732422,89.95311357969916,89.12917051261743,89.64203578303747,8209500
2019-08-27,88.90217590332031,90.43236255247942,88.1454887879108,90.25580329463475,14331800
2019-08-28,89.79338073730469,90.13808980860037,88.31363787774293,88.34726912619942,10585500
2019-08-29,91.82803344726562,92.39134248938139,90.8191151240601,90.9200088807323,10002200
2019-08-30,92.36612701416016,92.95465793234376,92.03823030052844,92.34930817963725,10170300
2019-09-03,91.27310943603516,91.63463730812869,90.23056648038337,91.6262343076063,9868800
2019-09-04,92.37452697753906,92.66879240651488,91.27312435122208,92.02140204826283,6929200
2019-09-05,94.47642517089844,95.61145255101486,93.49272878792638,93.53476945235857,13224700
2019-09-06,94.67820739746094,94.98929164032262,94.13171082573308,94.72024806240343,7836600
2019-09-09,97.0239486694336,97.57884832587592,95.51057430730752,95.60305865246555,13985100
2019-09-10,98.2598648071289,98.59616450139224,97.30139656656628,97.78063068684759,14333100
2019-09-11,98.5289077758789,98.53731077802745,97.00712408677687,98.27667659230241,9919200
2019-09-12,99.13426971435547,99.60509447297477,97.46114839160742,97.99083265956038,12283500
2019-09-13,101.0848159790039,101.22774397654865,99.8404854225138,100.05067591814014,16257200
2019-09-16,100.18521881103516,100.7821591555087,99.52941895934711,99.96661886047247,11993900
2019-09-17,99.68916320800781,99.72279446217614,98.57094806130787,99.56304760850306,10735400
2019-09-18,100.68966674804688,100.9587103523938,98.99973320053668,99.47896732123294,10665600
2019-09-19,100.37015533447266,101.17728600498968,100.126333608821,100.63919889131166,9382600
2019-09-20,99.96662139892578,101.17731453888727,99.9413995606254,100.67285852936114,21862800
2019-09-23,99.94979095458984,100.1515784665677,98.94087905272231,99.02495397546036,9135100
2019-09-24,98.6466064453125,100.269277352777,98.40278469694162,99.84048693912442,11696500
2019-09-25,99.20990753173828,99.51258233906327,98.47003934411303,98.59614850174472,9389400
2019-09-26,98.39437103271484,99.25195182299363,98.32710853651558,99.10901741494403,9899200
2019-09-27,98.97451782226562,99.7480174334151,98.6045804367133,99.17629893506421,10207800
2019-09-30,98.94927978515625,99.85729785134349,98.55412062701218,99.5125887740189,9755000
2019-10-01,97.15005493164062,100.05068136334734,97.03234876084416,99.54622542929033,11250300
2019-10-02,95.21630096435547,96.60355961230012,94.94725736832116,96.52788769320952,12548700
2019-10-03,95.0806884765625,95.69088733812481,93.66536360259316,95.14848332104476,12735200
2019-10-04,97.14014434814453,97.41134322968107,95.14852048979198,95.20784504306899,9453100
2019-10-07,96.92825317382812,97.88592264339802,96.67400143774891,96.77570342535864,6771600
2019-10-08,94.76713562011719,95.81803032629864,94.63153943184722,95.81803032629864,10806300
2019-10-09,95.45360565185547,95.9027845914088,94.97900929717619,95.48750631517404,7273700
2019-10-10,96.79263305664062,97.801156570964,95.76716244705233,95.88581151157402,10994100
2019-10-11,98.42830657958984,99.99617482429034,98.19948522175565,98.3350813870935,15076500
2019-10-14,98.6910629272461,99.04701672509968,98.02154571679492,98.18256581503015,8779000
2019-10-15,101.66577911376953,103.04719743643349,99.8945127945113,100.72505655850604,23379000
2019-10-16,101.4284439086914,102.22509317890437,101.17419221559263,101.66574204044272,11087700
2019-10-17,101.99628448486328,103.03023208067879,101.59795977507629,102.3352846505899,10818500
2019-10-18,102.17426300048828,102.56411094664513,101.58101753153018,101.6996666253218,10417400
2019-10-21,104.7082748413086,104.89471878184348,103.38617489842704,103.43702912392754,12714600
2019-10-22,105.75914764404297,106.02186963561344,104.34382925619934,104.62349834217586,12549100
2019-10-23,106.0388412475586,106.06426512644009,105.23371510960199,105.2591389884835,8828300
2019-10-24,105.96255493164062,106.49648221032564,105.14895854104702,106.18290597468348,8020500
2019-10-25,106.8100357055664,107.3354861232558,105.72524068339713,105.93711491322358,9055700
2019-10-28,107.21685791015625,107.81010328261627,107.12363271364258,107.26770566611293,9522200
2019-10-29,107.14907836914062,107.98809884240073,106.73380652401667,106.83550205659915,9797300
2019-10-30,106.5558090209961,107.00498143171967,105.86933200029429,106.82700782365313,8513700
2019-10-31,105.86933135986328,106.5558083764124,104.97098654385042,106.35240442623295,11589100
2019-11-01,108.31011962890625,108.47113966275967,106.80156953139564,106.9541192506545,11682600
2019-11-04,109.17459869384766,109.68308926960226,108.95424113908408,109.39494331682985,9159900
2019-11-05,109.41188049316406,110.42887442411678,109.19152297140835,109.65764896153068,13747600
2019-11-06,109.58136749267578,110.03901019441346,108.97116860250668,109.06439379216523,11231100
2019-11-07,110.17462158203125,111.26788713697773,110.10682026309033,110.53903912308698,13528900
2019-11-08,110.49667358398438,110.5136142147272,109.53899774406806,110.07292504338837,9293400
2019-11-11,110.10682678222656,110.25938299182091,109.62376013736795,109.8356344221856,8679000
2019-11-12,109.46272277832031,110.70006123739947,109.33559046094392,109.8610474288978,9099000
2019-11-13,108.88642120361328,109.1745800389287,107.98807636801253,108.58980498471861,8023300
2019-11-14,108.9881362915039,109.19152732673946,108.13215591228774,108.24233467756031,8483400
2019-11-15,109.77629089355469,109.77629089355469,108.8186150972465,109.5220391944187,10163600
2019-11-18,110.7000732421875,110.7254971220641,109.31866168569866,109.80172833513409,8749300
2019-11-19,110.66617584228516,111.23399736272319,110.3271692341118,111.01365276624539,8824500
2019-11-20,109.86105346679688,110.70006732141024,109.27627839735148,110.42887497330456,11782800
2019-11-21,110.11529541015625,110.78482538171328,109.65765265194882,110.1746264162501,7705500
2019-11-22,110.8441390991211,111.20856957362201,110.2593769676688,110.30174147689362,8167900
2019-11-25,111.43741607666016,111.92896602473455,110.91195899739083,111.2340120848351,10068500
2019-11-26,111.58995056152344,111.7170828957949,110.47973134050069,111.7170828957949,10490700
2019-11-27,111.92045593261719,112.2340256961642,111.57297904600765,112.11537662900221,6607900
2019-11-29,111.6662368774414,112.21711786811649,111.40351478991458,111.75946209544597,5712000
2019-12-02,111.42045593261719,112.49678097833177,111.3187604085997,112.13235046430115,8615600
2019-12-03,109.98817443847656,110.1407306435471,108.97965080356586,109.97970412277586,10361300
2019-12-04,112.15776824951172,112.2679470157296,110.16615773232257,110.49668109919618,10318200
2019-12-05,112.76797485351562,112.97984915255853,112.02217318271467,112.44592178080049,9587400
2019-12-06,114.44601440429688,115.07316697790864,114.11549101874843,114.14939814801437,10170600
2019-12-09,113.91207122802734,114.80194563590372,113.91207122802734,114.0985215966025,8498200
2019-12-10,113.98835754394531,114.21718537701348,112.61541640909464,112.92898619130641,7532900
2019-12-11,113.71717071533203,114.42907820792891,113.57309773981802,113.81039592675654,9011900
2019-12-12,116.97154998779297,117.35292108543297,113.74258819904637,113.979886345657,13717400
2019-12-13,115.94607543945312,117.6580231913889,115.44605525728208,116.91222160999521,10592100
2019-12-16,116.39523315429688,117.6664786354887,116.37829252542764,117.27663726305208,11372000
2019-12-17,117.10714721679688,117.52242546593996,116.30202752964838,116.72577609465074,11546800
2019-12-18,116.9885025024414,117.81905903172795,116.71731013524327,117.08172770749273,10381500
2019-12-19,116.40374755859375,117.14106599687601,116.19187325501551,116.75121158830832,9350400
2019-12-20,116.3105239868164,117.700418920605,116.02236510173549,116.97157078875358,29992600
2019-12-23,116.27662658691406,116.87835535789706,116.00543417634294,116.61563326485607,9738400
2019-12-24,116.59864807128906,116.64102551100997,116.15794597539364,116.38677380446343,3324300
2019-12-26,117.83602142333984,117.88688212512544,116.76817945793306,116.86140468019909,6770900
2019-12-27,117.92074584960938,118.45467316020323,117.52242117849642,118.05634848909027,7868200
2019-12-30,117.48855590820312,118.71742441804905,117.35295323533916,118.56486817813142,6963000
2019-12-31,118.14109802246094,118.20889934655301,117.20037566482644,117.38682607313456,7201600
2020-01-02,119.57337951660156,119.58186276513099,118.02245805412781,118.47163054562344,10803700
2020-01-03,117.9954605102539,118.75457494292249,116.92076312692184,117.27899558803253,10386800
2020-01-06,117.90160369873047,117.93572850343088,116.42602475802902,116.47719895027998,10259000
2020-01-07,115.8971939086914,117.58600713011337,115.8460197224056,117.09130163802044,10531300
2020-01-08,116.80134582519531,117.34722569014001,115.65841189153026,115.74369789288883,9695300
2020-01-09,117.22779846191406,117.90161374194888,116.88661545984517,117.74809115211846,9469000
2020-01-10,116.05924987792969,117.06571021041361,115.83747772583837,117.03159842575215,10190900
2020-01-13,117.02310180664062,117.02310180664062,115.79486889081873,116.16163903239438,12355200
2020-01-14,118.38777923583984,120.0595301766622,117.44101767733363,117.65425214533234,24906000
2020-01-15,116.61368560791016,118.21721322923989,116.12750469577463,117.57750972262019,16293400
2020-01-16,117.06572723388672,117.62013166514012,116.71601956996402,117.23631221159549,10783800
2020-01-17,117.87602233886719,117.95278363097911,117.12544579132785,117.31308016711246,14697700
2020-01-21,116.71603393554688,117.76515705644262,116.5880984402187,117.01456744438084,8474200
2020-01-22,116.57952117919922,117.19363737802809,116.32365027535113,117.05717723424137,7549100
2020-01-23,116.46015930175781,116.63075732899179,114.90781876938573,115.75223215090602,9345700
2020-01-24,113.56866455078125,116.36629953514735,112.86073761928947,116.315125348755,15166400
2020-01-27,112.61339569091797,113.38957234341201,110.63458642878389,111.11222959499557,12860500
2020-01-28,114.66046142578125,115.12105528361133,112.9972347498447,113.30429298346394,13062800
2020-01-29,114.4898452758789,115.60719178984,114.02926455810217,114.98455079633474,9326000
2020-01-30,115.90574645996094,116.11045626910523,113.1763474120435,113.1763474120435,9048900
2020-01-31,112.89486694335938,115.00162470911452,112.13575269274963,114.7116289313086,12785200
2020-02-03,113.75634765625,114.49841263651166,113.15076890725275,113.15076890725275,10021100
2020-02-04,115.39395904541016,116.51131859082992,115.21484938047048,115.61573122173425,9157100
2020-02-05,117.355712890625,117.47512366621727,116.00806955762745,116.48572567479495,10150700
2020-02-06,117.37277221679688,117.95276367882408,116.9463033130246,117.91012720028533,8992300
2020-02-07,116.99749755859375,117.42396653548509,116.25544570353892,116.62220277656132,6379800
2020-02-10,117.48365783691406,117.57748151596884,116.63924472542102,116.80982968330298,5960700
2020-02-11,117.70542907714844,118.40484439558013,117.51778169975455,117.92718824370515,6578600
2020-02-12,117.70542907714844,118.8057132311405,117.53484410173564,118.21719701818623,7958000
2020-02-13,117.60308837890625,117.99543254651105,116.34073084581193,117.49220228098304,7447500
2020-02-14,117.2448501586914,117.8674911852553,116.80131880390637,117.56895771255778,6627600
2020-02-18,115.69248962402344,117.45807722323059,115.189259415333,117.14248136820203,8996400
2020-02-19,117.27043151855469,118.0380703896582,116.28954516681249,116.7757259960306,7071200
2020-02-20,117.27043151855469,118.01248329494135,116.45160544321853,116.99748515517632,7422800
2020-02-21,115.83749389648438,116.78425548427705,115.07837968751905,116.46867262661266,9772800
2020-02-24,112.72425842285156,113.61130797411968,111.56426253901022,112.11014218935924,13618400
2020-02-25,107.69194030761719,112.7839740680663,107.12046697307123,111.73486410269628,20797200
2020-02-26,108.01604461669922,109.98632889146307,107.76016066865755,108.26339736449974,24825600
2020-02-27,103.52106475830078,107.1460504653656,103.46135937165685,104.83458977186628,23005500
2020-02-28,99.03462219238281,101.06461209482144,96.09198897786212,100.23726127307044,45931400
2020-03-02,103.64901733398438,103.7001980362699,97.62727745953447,99.47815125842344,27355400
2020-03-03,99.75961303710938,104.86870908413637,99.14549672618402,103.17989573649118,32547700
2020-03-04,102.22460174560547,102.51460400334564,97.83197044251948,100.92813905498915,25795900
2020-03-05,97.20933532714844,99.30756181960847,96.02375214450721,98.6593271813802,25025600
2020-03-06,92.185546875,94.09612630294272,89.57555199235756,90.63319986965884,38159400
2020-03-09,79.6985092163086,84.63701980354833,79.3232145061698,82.36820215756231,40352000
2020-03-10,85.89086151123047,86.38556715628609,80.67088465929538,84.44086938733763,31102700
2020-03-11,81.84791564941406,85.33643485443656,80.6452766597027,83.3320256925853,38127000
2020-03-12,75.1011734008789,82.70084556285167,73.62558819258766,76.41469184278134,49725200
2020-03-13,88.62877655029297,88.69700663377282,78.47028346896538,81.873503723428,38543300
2020-03-16,75.36560821533203,80.15912250055456,72.11591625835044,72.67032079667565,38589700
2020-03-17,79.97146606445312,83.11027806122485,74.63207253848486,77.52353174252671,35239800
2020-03-18,71.55297088623047,77.43824460047823,68.54210067856391,74.777075601606,41525600
2020-03-19,72.7555923461914,75.15234533039458,65.59944517691558,69.56560049041089,32175100
2020-03-20,71.22032165527344,76.30383125840251,70.35032777495621,73.60855061314096,30150800
2020-03-23,67.4076919555664,71.43356052736755,66.60592811921934,70.52091708898557,32536600
2020-03-24,75.42530059814453,76.84970536413296,70.70855493721042,72.41443077884445,34363200
2020-03-25,78.23999786376953,81.15704397343973,72.10737216803962,76.11617776852907,38111700
2020-03-26,83.69027709960938,84.07409658838002,79.78381958199544,80.24440687296044,29826300
2020-03-27,77.72821807861328,80.89261648309727,77.23351910846401,79.48527434242243,30041500
2020-03-30,79.74968719482422,80.2529173915394,76.16735090774903,77.31881567806612,21656900
2020-03-31,76.78999328613281,80.32115545036916,76.20146408962697,78.51293138036175,23379300
2020-04-01,71.95382690429688,73.83028729380018,71.00706551023521,72.58499899787186,28029600
2020-04-02,74.64058685302734,74.98176326606443,70.75971735610314,71.228835737454,24018000
2020-04-03,72.43437194824219,75.39034944814414,71.33126121728608,74.1148811584552,21199400
2020-04-06,77.09671020507812,78.4152645724909,75.57993873128062,76.69166271704533,26820800
2020-04-07,78.11366271972656,81.44021598324495,77.88959255961318,81.39712329186953,22563800
2020-04-08,81.26786041259766,81.75046700804192,78.03610572877254,79.37189371974054,22903300
2020-04-09,88.55867767333984,89.96341101679096,83.49990314658362,83.52575612606121,42055900
2020-04-13,84.6202621459961,88.8603224827133,83.85325960205819,88.8603224827133,26911900
2020-04-14,82.302001953125,87.90370889234293,80.69905144143947,87.05914095311343,46151300
2020-04-15,78.24292755126953,79.31155914109536,77.67413563368773,78.55317649267397,30118600
2020-04-16,75.26110076904297,78.05333483069313,75.01979748377981,77.76032557716542,32449600
2020-04-17,82.02623748779297,82.4743712133683,78.38943541573678,79.28570944190875,30191900
2020-04-20,79.03578186035156,81.62118528362124,77.9585304339892,79.69075256858574,23679400
2020-04-21,76.74339294433594,78.75138457205212,76.12289508125663,76.3728181969425,23035000
2020-04-22,76.99330139160156,79.1736635354541,76.85541664486747,78.15673805008727,16662400
2020-04-23,77.0363998413086,78.66520339511695,76.9243680652603,77.33802891145447,16638800
2020-04-24,78.17400360107422,78.51010561847588,76.26080345585073,78.11367776654117,15809200
2020-04-27,81.54362487792969,82.41403928084169,78.88927583286022,79.23399759813249,22870200
2020-04-28,82.12102508544922,84.7667541181782,81.89695496532633,84.29276089772985,20238900
2020-04-29,84.33586120605469,85.70612188083639,83.82739510769336,85.38725966281652,20462600
2020-04-30,82.52608489990234,83.45682520054282,81.48330623504876,82.38819355164664,19127600
2020-05-01,80.36295318603516,80.78523388724018,79.147810469786,80.57840346267332,18547700
2020-05-04,79.40636444091797,79.8631180387134,78.25155395404063,79.30294592678594,15725900
2020-05-05,79.28569793701172,81.19027750062662,79.1995191455625,80.7076710084948,18064100
2020-05-06,77.7947769165039,79.94066623815202,77.50176771918207,79.42358692962988,20978000
2020-05-07,78.60487365722656,80.06993939983316,78.0619413580665,78.71690542768236,16771900
2020-05-08,79.88897705078125,81.07826704045114,79.38051744506944,79.97516243990438,20487800
2020-05-11,77.53624725341797,78.51869999705744,76.98469506663864,78.51869999705744,31907600
2020-05-12,75.00255584716797,78.24293013377755,74.89052406047124,77.69137790308076,27962900
2020-05-13,72.41714477539062,74.85604344599969,71.87421245393844,74.44237602845001,35451600
2020-05-14,75.42481994628906,75.93328595071051,71.01240307412343,71.28817912863377,35152500
2020-05-15,74.02872467041016,75.2180079638269,73.51164526349076,74.84743318344742,26099000
2020-05-18,77.94992065429688,78.55318547602651,75.73509169849548,76.43315518399659,30504400
2020-05-19,76.41590881347656,78.59626474005047,76.34696314128722,77.60519864616865,19597300
2020-05-20,78.70829010009766,79.62179709313949,77.88096189554692,78.17397109142068,20552400
2020-05-21,77.70858764648438,79.0788545330217,77.2776871849978,77.79476642377784,14621400
2020-05-22,77.10533905029297,77.87234143944146,76.45898827909909,77.57071239455497,13557900
2020-05-26,82.57779693603516,84.02562332400348,79.81141566483213,80.05271896698987,41233900
2020-05-27,87.36077880859375,88.403557337874,85.14595027160566,87.96403694122844,39402000
2020-05-28,86.05945587158203,88.72241803720094,85.66302816610254,88.71380476046603,24713900
2020-05-29,83.86186218261719,85.47343259212778,83.4051086557292,85.02529891716802,26526400
2020-06-01,84.97360229492188,85.75784459175416,83.92220371346494,84.24107254432342,15176800
2020-06-02,85.25798034667969,86.54206210341664,84.39617927436917,86.42141047929479,21195000
2020-06-03,89.86000061035156,90.42017265785006,87.09361978195895,87.54176004996607,25941100
2020-06-04,91.7301025390625,91.8766071342441,88.5845275056448,89.4721815029474,26784700
2020-06-05,95.8581314086914,99.77070229678324,94.39306571346215,99.04679258797965,42231000
2020-06-08,97.77134704589844,98.40908469097764,96.47003192085167,97.73688078267075,24881800
2020-06-09,95.26349639892578,96.20285646179421,93.94494174002642,95.35829504793352,17031100
2020-06-10,91.40263366699219,95.23765297294173,91.22165620300673,95.19456028269792,24913300
2020-06-11,83.77569580078125,87.54176949890056,83.19829056143064,86.20597497799426,36259200
2020-06-12,86.0680923461914,87.15395717634694,83.87911640401842,86.79200223296176,24856800
2020-06-15,87.25737762451172,87.41250211440061,82.62088921008873,83.09487595834459,22153600
2020-06-16,87.95541381835938,91.07513601330088,85.58546091039831,90.80797978950085,22193600
2020-06-17,85.73198699951172,88.36909658997509,85.49929699151706,88.36047673689565,15639800
2020-06-18,85.2666015625,86.62824228151858,84.56853821174704,85.03391158724219,16591900
2020-06-19,84.29277801513672,86.69720428755012,83.36203766373615,86.6368784631536,40371200
2020-06-22,83.37923431396484,84.4133927297119,83.19825691996004,83.81013474969592,16216900
2020-06-23,84.39617919921875,86.15425417416917,84.32723353549041,85.29245310262604,15381400
2020-06-24,81.57811737060547,83.4568379652797,81.27648164391624,83.37927900128925,22919800
2020-06-25,84.42203521728516,84.63748549292391,81.23337376783991,81.31093271105996,25743600
2020-06-26,79.7941665649414,82.18997932226353,79.2857070345344,81.96590917876871,41896300
2020-06-29,80.14749908447266,81.43158083094937,79.44082247382543,80.4922208256465,18499700
2020-06-30,81.06100463867188,81.57809052855842,79.77692291549945,80.00099302944894,19137000
2020-07-01,80.37157440185547,82.48298451872773,80.17335725097593,81.77630786236446,18755700
2020-07-02,80.63263702392578,82.6340906038801,79.99738887607853,82.44264577469076,27845600
2020-07-06,82.66889953613281,82.84293666899352,81.34620006475475,82.17288640447966,18625300
2020-07-07,80.33675384521484,81.88570666421245,80.05829049167697,81.64205205975306,25757200
2020-07-08,81.18955993652344,81.2243620500854,79.88426158795612,80.31065718954271,18762200
2020-07-09,79.4317398071289,81.90310767738981,78.99664043777427,81.38098312289264,25600800
2020-07-10,83.77404022216797,84.27005330023913,79.94517060011918,80.05829406034934,28954200
2020-07-13,84.97493743896484,86.384655632343,83.73925639765329,85.9147539939448,32079200
2020-07-14,85.46222686767578,86.97637098303046,84.09601496102623,85.60146186816783,42731700
2020-07-15,86.7849349975586,88.1424430910294,85.84511863788323,87.7943622201396,22508400
2020-07-16,87.02860260009766,88.08154257829713,85.75811287501998,85.95825492425674,16886900
2020-07-17,85.4187240600586,87.0895042930494,85.40131636480987,87.01988679023549,16137700
2020-07-20,84.67036437988281,85.61887809218808,84.63555562359298,84.78348785850622,14458100
2020-07-21,86.5064697265625,87.06339645210434,84.96621406444658,85.02712771758115,17798100
2020-07-22,85.87994384765625,87.13302592828448,84.87050979252817,86.71533411443896,14271200
2020-07-23,86.13228607177734,86.45425540091378,85.25338336435674,85.71458769783683,12870200
2020-07-24,85.52314758300781,86.84585364054863,85.22728314116547,86.67180987556125,12744200
2020-07-27,84.32227325439453,84.95751472232836,83.6870251473701,84.8530951051834,11959100
2020-07-28,84.68775939941406,85.18377252276368,83.97419654408496,83.97419654408496,11754300
2020-07-29,86.74140930175781,86.76751420129209,84.40927644974761,84.47019009502405,12743500
2020-07-30,84.42670440673828,85.05324875157503,83.5826169500965,84.87921160649438,14834800
2020-07-31,84.09602355957031,84.34838204444729,82.88644758525399,83.95679518393285,14535000
2020-08-03,83.62611389160156,84.90530735107302,83.40856416418372,84.42669529511744,12962800
2020-08-04,83.14749908447266,83.4955732977588,82.69499198465658,83.46077118770222,13366200
2020-08-05,84.59204864501953,85.68850130425899,83.2954539226655,83.4259851076617,15260900
2020-08-06,84.6181411743164,85.36651277710766,84.0090045855751,84.9140122596271,10482100
2020-08-07,86.4803695678711,86.57609198383813,84.02640878572493,84.34838478844051,14743700
2020-08-10,87.57683563232422,88.7951156826072,87.04601365783729,87.11563117821738,14989900
2020-08-11,90.34406280517578,92.38033198265788,90.07430323105356,90.37887156298054,31518600
2020-08-12,89.57827758789062,92.6152699135887,88.50793001135787,92.38031912995949,19240800
2020-08-13,89.08229064941406,89.94378596128716,88.4470423396295,88.76031456923658,13598600
2020-08-14,89.1170654296875,89.9002390659657,88.25556380723717,88.32518130706774,12134400
2020-08-17,86.76753234863281,88.76028864530156,86.61089627957747,88.32518919115793,14988000
2020-08-18,85.55796813964844,86.9415880460474,85.38393098974157,86.9415880460474,13246500
2020-08-19,85.75811004638672,87.53331007995939,85.57536242263633,86.08007941212816,13533000
2020-08-20,84.73127746582031,85.30560534295766,84.2352643104825,84.63555504644886,13672600
2020-08-21,84.68775939941406,85.77550805931153,84.35708619687797,84.64424679738178,12228300
2020-08-24,87.07210540771484,87.20263657892538,84.77478069513765,85.67108455751018,17898300
2020-08-25,87.45500183105469,88.74289930658298,86.84586517045516,88.12505215771418,13648900
2020-08-26,86.22801971435547,87.25485484744685,86.19321759514514,86.96769420986497,12052400
2020-08-27,89.06485748291016,89.32591981263754,86.14969245004498,86.14969245004498,22163900
2020-08-28,89.43034362792969,89.8480420472672,88.59495342834579,89.75231963115009,13756700
2020-08-31,87.18524932861328,88.91694366625562,87.03731043696351,88.86473384513934,14219400
2020-09-01,87.14173126220703,87.77697948208062,86.1845136468192,86.62831701579687,11595600
2020-09-02,88.4557113647461,88.70806981919105,86.63699237894969,86.97636938756081,14475700
2020-09-03,88.1772689819336,91.36219396779893,87.57682952891246,89.90896318637702,23281200
2020-09-04,90.08299255371094,91.55363090651028,88.2120701189342,90.5442035749225,26325500
2020-09-08,86.95028686523438,90.1265147030002,86.56740380053549,89.61310045390975,22108600
2020-09-09,87.7769775390625,88.49054046991175,86.63701230825954,87.71606387322507,13434000
2020-09-10,86.8719711303711,89.12578344096057,86.70663118945356,88.23818334775918,15922800
2020-09-11,87.95101165771484,88.20337016151723,86.66311423125637,86.99379409648984,13784300
2020-09-14,89.16928100585938,90.03077604497362,88.2120635580557,88.3338908710985,19017400
2020-09-15,86.39334106445312,89.49995070413071,86.27151375615914,89.3955310907875,23683000
2020-09-16,86.75882720947266,88.00321189536834,85.94084476243745,86.52387642893154,19270600
2020-09-17,85.76680755615234,86.44556168414648,85.02713976639183,85.88863487968507,18290100
2020-09-18,85.58405303955078,86.57607916809617,84.79217556178813,85.18376237707545,20121600
2020-09-21,82.93866729736328,83.58261935871995,81.64207260360105,82.84294487308301,28378800
2020-09-22,82.03364562988281,83.24322818301434,81.51152762885135,82.63408498256881,19257000
2020-09-23,80.70226287841797,82.97348306626866,80.63265199595267,82.47746984358244,19952700
2020-09-24,80.63263702392578,82.05976275540314,79.5187768031052,80.33676593179015,18366500
2020-09-25,81.3375015258789,81.55505127570137,79.94518445483341,80.10182054026924,13293100
2020-09-28,83.67833709716797,84.34838739051656,82.10327242890625,82.72111290796806,20894100
2020-09-29,82.97346496582031,83.56520049178955,82.08586499641187,83.56520049178955,12848200
2020-09-30,83.77404022216797,84.5833254168199,82.89514416534614,82.97345887494616,16400600
2020-10-01,84.3832015991211,85.07935684459758,83.56521238061714,84.51373278236412,15778700
2020-10-02,85.18377685546875,85.79291348035748,82.74721707773122,82.88645210004366,15149600
2020-10-05,86.98424530029297,87.16868200978155,85.65804987412506,86.35188703879044,13871900
2020-10-06,86.08840942382812,88.5827109201977,85.64049453490733,87.88887369728113,19220400
2020-10-07,87.59025573730469,88.13478124660377,86.65928088145847,86.91398110706844,16358500
2020-10-08,89.39070129394531,89.5136590830148,87.73954905451428,88.27529657861577,15659000
2020-10-09,88.88130187988281,89.68053421825046,87.92398669729864,89.58392356854235,13689100
2020-10-12,89.97038269042969,90.46221394239792,88.57392367045094,88.79349215089366,16058000
2020-10-13,88.51244354248047,90.65543402625146,88.05574405776932,90.4622126940166,21697300
2020-10-14,88.02062225341797,89.5224700047126,87.91522696008717,88.73202205647887,15204100
2020-10-15,89.3380126953125,89.39070697949468,86.98423862517903,87.03693290936123,17171200
2020-10-16,89.15357208251953,89.87375630438609,88.45973500158634,89.06574604584254,13275000
2020-10-19,87.65171813964844,89.46974443475581,87.44092762666746,89.23260678282634,11725700
2020-10-20,88.15234375,89.38192170988498,87.93277529992092,88.09964276550683,11257100
2020-10-21,87.27407836914062,88.69687777446629,87.23894660965507,88.14356763913942,10730500
2020-10-22,90.35681915283203,90.67299830245156,87.22138150302027,87.23016611848145,14837200
2020-10-23,91.17359924316406,91.73569392806895,90.40072072659412,90.90133651473434,15087600
2020-10-26,88.91643524169922,90.19871415108973,88.04694607930577,90.15480448269042,12410700
2020-10-27,87.23895263671875,88.63540499408123,87.08964767411365,88.27531616069847,10391700
2020-10-28,84.78856658935547,86.33433059298086,84.37577676730508,85.63170876386977,16389500
2020-10-29,85.34186553955078,86.0532718907112,83.64679679776455,84.4196820483391,14208800
2020-10-30,86.10597229003906,86.43971395331475,84.51629870609453,85.9917990975048,15194500
2020-11-02,88.04695129394531,88.60026139356638,85.94787738020032,87.29163526549257,15011600
2020-11-03,90.82229614257812,91.99039519463676,90.18993793956147,90.47976319869638,17482600
2020-11-04,88.04695129394531,89.64540939354815,86.88763010852676,88.70565666522171,18886500
2020-11-05,91.64788055419922,92.30658598228503,88.70566431555557,88.75835860557903,17837400
2020-11-06,90.42707061767578,92.30657603385936,89.92645481431282,92.24509713522522,12552800
2020-11-09,102.67021942138672,104.42676720720789,96.91752274254318,99.38547693809659,47792400
2020-11-10,102.33645629882812,103.1532511694979,100.72922039906253,103.06542513300917,20539300
2020-11-11,100.80828094482422,102.72291838654897,100.08809658788363,102.6614394792747,14443400
2020-11-12,99.56990814208984,100.08808649390002,98.41936484956454,98.83215462850359,22063000
2020-11-13,100.1934814453125,100.87853396956284,99.74555990995741,100.73800693858962,11847900
2020-11-16,103.02153015136719,104.17206680498802,101.64264040976502,103.45188248199895,19858600
2020-11-17,101.97635650634766,102.2661884260314,100.6325988614274,101.34399839092721,14553200
2020-11-18,101.22105407714844,104.17205454118009,101.17713770746515,103.05664307791781,12571200
2020-11-19,101.49332427978516,101.72167735769601,99.73677657428138,100.28130877523873,10202500
2020-11-20,100.62383270263672,101.57237004972635,100.2022583148088,100.50087490216556,12718900
2020-11-23,103.52214050292969,103.78561863596153,101.50210797953056,101.92368237335825,13209200
2020-11-24,108.30872344970703,108.46681299983996,105.13815453365594,105.45433363392178,20121600
2020-11-25,107.1757583618164,107.48315287353192,105.8056532806285,106.59610109696683,11715600
2020-11-27,106.46434020996094,107.45678709011874,106.3413824266032,107.14939263172442,5983600
2020-11-30,103.53089904785156,106.02519978490025,103.43428840693826,105.39284166281195,14411800
2020-12-01,105.16449737548828,106.7805245664074,105.06788672654054,105.69146028748693,12668900
2020-12-02,107.1845474243164,107.42167842870887,104.75172497200705,105.12938301655662,10811300
2020-12-03,106.48190307617188,107.05278232969819,105.70902462106798,107.01765057709848,12904400
2020-12-04,107.44800567626953,108.28236974612342,106.87713310826568,107.57097016398538,13583700
2020-12-07,107.04400634765625,107.29870654901899,105.57729073700962,106.4028702379304,9724300
2020-12-08,107.14940643310547,107.43923840293618,106.06034876850526,106.30626436689587,9592100
2020-12-09,106.31503295898438,108.29114876342129,105.77928547150354,108.17696889516363,13073900
2020-12-10,105.62999725341797,106.07791881118719,105.00642359884017,105.38408163760678,13668400
2020-12-11,105.00641632080078,105.4104214760171,103.96127502604241,104.46189083801673,9981600
2020-12-14,103.89981842041016,106.64002905258165,103.73294421371291,106.5697655233724,12112400
2020-12-15,105.67388916015625,106.18328950393132,104.18082658089432,104.76926833972254,12590200
2020-12-16,105.98127746582031,106.34137287093651,105.26987796879062,105.65632051073072,11169400
2020-12-17,105.10303497314453,106.66636142768728,105.02399353925549,106.49949394479995,11618000
2020-12-18,104.58483123779297,105.28744616013378,103.87342500177628,104.63752551427702,28954800
2020-12-21,108.51072692871094,109.78422121452054,106.35016755859573,108.17697860777265,28323600
2020-12-22,106.85957336425781,108.48437858036873,106.80687907962962,108.37020539677519,11788200
2020-12-23,109.845703125,111.11919744575962,107.45679733369889,107.83445533306924,14973200
2020-12-24,109.36265563964844,110.26728332369215,108.5282981716898,109.86327146056314,4164900
2020-12-28,110.08283996582031,111.23338325349482,109.59979337390295,110.50441435762045,8072600
2020-12-29,109.79300689697266,110.90841164706113,109.68761163133,110.8381481366327,8389200
2020-12-30,110.10041046142578,110.53076277207974,109.69640529418157,110.21458364976728,7398000
2020-12-31,111.60224151611328,111.83059455988432,109.62612564285982,109.86325659934367,8580200
2021-01-04,110.54833984375,112.29610305445911,109.591017794198,111.979923909717,16819900
2021-01-05,111.14987182617188,111.72486255765529,109.48682129517647,110.56603321449344,13731200
2021-01-06,116.36898803710938,117.44819977533642,113.12250494371787,114.89170949331846,24909100
2021-01-07,120.1904525756836,122.24272857699094,119.3500862898361,120.03123124691415,21940400
2021-01-08,120.32316589355469,120.61508519818604,118.6424196091236,120.27893324171778,12035100
2021-01-11,122.1188735961914,122.25155802415269,118.63355197739808,119.04931451555306,15937900
2021-01-12,124.03848266601562,125.31230748638666,122.80889049872341,123.34849647129974,18033500
2021-01-13,124.1534423828125,124.54265450216182,122.1630951564982,122.59653991379126,14816800
2021-01-14,124.8787841796875,126.27645160352398,123.84380542552265,124.27726360375726,18565600
2021-01-15,122.64080047607422,125.30343851251457,121.19889983781613,121.57042978490718,27881000
2021-01-19,122.11002349853516,124.46305975965032,121.91542416294266,123.71999993969008,19843800
2021-01-20,120.27894592285156,122.22506132766462,119.81010945935287,121.91545972798507,16028800
2021-01-21,119.27044677734375,120.44696469212762,118.81930629037312,120.03120221480155,13411700
2021-01-22,118.35049438476562,118.89010031520108,116.94398521291095,117.37744358257534,12933200
2021-01-25,116.87318420410156,117.80201560448204,115.05091291267455,116.89087995876854,14212800
2021-01-26,116.39551544189453,117.80202433932658,116.18320686386619,117.43049445120718,11307800
2021-01-27,113.10480499267578,114.86516149325641,112.65365770745103,114.6351571627635,17603900
2021-01-28,115.0951919555664,116.91746398171442,114.10444526125168,114.90942020142671,13761800
2021-01-29,113.82134246826172,116.51937189877083,113.39673876215308,116.05053554667185,14808100
2021-02-01,114.66170501708984,115.05978532013303,113.65326281172365,114.46709217939566,11080700
2021-02-02,118.19129943847656,118.88128573339752,116.07710789421105,116.71402039689387,12253600
2021-02-03,119.54471588134766,120.09316297670617,118.10281510081565,118.22665842873242,10600800
2021-02-04,122.29580688476562,122.65849569983524,119.8366228424309,119.8366228424309,12419500
2021-02-05,122.05697631835938,123.39272955730948,121.526224973283,123.30426425084141,10051300
2021-02-08,123.9676742553711,124.109213301685,122.23385468279176,122.25155043805759,10136400
2021-02-09,123.4723129272461,123.82614707904304,122.55232253592176,123.33961499689148,8614800
2021-02-10,123.5430908203125,124.613447975595,122.99463030061976,123.84385121949033,10323200
2021-02-11,123.19808959960938,124.33037508436246,122.26925807751614,123.54308262234028,9201000
2021-02-12,124.94959259033203,125.26804872906264,122.95924509774267,123.00347774160399,8324600
2021-02-16,127.95721435546875,128.54990744507236,125.96686700359928,126.98416374885444,12130600
2021-02-17,128.3553009033203,128.6029875060595,126.60378542949795,127.33800410829889,10810100
2021-02-18,128.7887420654297,128.96565913410836,126.85146844331665,127.38223314725974,10587800
2021-02-19,130.9383544921875,131.66371869057232,129.02761731444022,129.02761731444022,11969800
2021-02-22,132.16790771484375,132.8578936873556,129.85024971941849,129.9210192419718,11488400
2021-02-23,133.22946166992188,134.73327733512977,132.3271668716331,134.02559540505837,16234400
2021-02-24,135.57363891601562,136.0159384193931,132.7871574439014,132.7871574439014,15061400
2021-02-25,133.73365783691406,137.0243668890657,133.21174771521092,136.4670787497506,18127700
2021-02-26,130.18641662597656,133.45942980944986,129.60257812085268,132.95521546259403,19829200
2021-03-01,133.1321563720703,133.9106078515838,131.34526252041903,132.2652530867368,14845500
2021-03-02,132.69866943359375,134.26441318699838,132.5482892479311,132.7605978324646,14221700
2021-03-03,135.2640380859375,137.095151020802,133.4152293914285,133.7779047277267,14324100
2021-03-04,133.18521118164062,136.56438553366922,131.46908711786972,134.99864166648848,20093900
2021-03-05,133.49485778808594,135.77712516050482,130.8941341893316,135.53827961627536,18465100
2021-03-08,135.2640380859375,137.51976826481066,133.3533009816278,134.87481236121778,17133300
2021-03-09,134.30865478515625,136.44938253812862,132.5306158265644,134.01673552367254,16238800
2021-03-10,137.2278289794922,138.13896474875366,134.02557184584634,134.37941949763726,14342200
2021-03-11,136.5113067626953,138.13011084824282,135.66208589183546,136.3255350572889,11771500
2021-03-12,138.13014221191406,139.4393585808383,137.17478707489815,138.75821350356523,12849500
2021-03-15,137.4401397705078,138.81127089474856,136.19286546197114,138.3070564929804,12101100
2021-03-16,135.79476928710938,136.75899232526993,134.6271057837545,136.30783825755134,12805600
2021-03-17,137.19241333007812,138.77585261022526,135.38783786608772,137.41356301182674,13952400
2021-03-18,139.45697021484375,143.03075627973143,138.97929288825986,139.41275108116128,21898500
2021-03-19,137.23666381835938,137.9443455915944,133.74250109177612,137.56396107059388,54418800
2021-03-22,133.54788208007812,136.20167848334194,133.2294259717702,135.16669950581783,19944800
2021-03-23,132.21218872070312,134.56521209134934,131.76988916636878,132.98178562591332,17076300
2021-03-24,133.23829650878906,135.50286777974355,132.56600613082117,132.68984945039182,13079800
2021-03-25,134.945556640625,135.31708653615138,132.09714727701555,132.6898268840153,15608300
2021-03-26,137.19241333007812,137.51086941171235,134.9455385025905,136.49358627483085,16754400
2021-03-29,135.06056213378906,135.98939373724446,133.60982038575042,134.5651888780552,17570300
2021-03-30,136.65281677246094,137.88240854589986,136.12206559925283,136.63513451522175,13184300
2021-03-31,134.66250610351562,136.66170854323838,134.56519967062727,135.5913377814664,16736700
2021-04-01,135.97171020507812,136.04246624274225,134.0609732383368,134.37057477132078,16561500
2021-04-05,136.6924591064453,137.86701354545787,135.7848636698356,137.3865090649861,13508000
2021-04-06,135.73141479492188,137.2796868398477,135.12635138862655,135.95386697266045,13071600
2021-04-07,137.85806274414062,138.12500808389296,135.82929988586932,136.2297246841998,16903500
2021-04-08,138.02719116210938,138.37421618791242,135.52682962011687,137.03060925773346,12335500
2021-04-09,139.05938720703125,139.7356373428568,137.89373927278717,138.6411757772383,12122400
2021-04-12,138.7657012939453,139.92245562989643,138.42758312982932,138.43647633135106,12273400
2021-04-13,137.1106414794922,138.09832983918426,135.63355554023997,137.69791857496432,16113600
2021-04-14,134.54800415039062,136.8792990267172,134.29884517753345,134.77934956690817,19939600
2021-04-15,135.4022216796875,135.42891486108562,132.86627440501968,134.58359910286302,17694100
2021-04-16,136.40774536132812,137.4844068290905,135.86496123692731,136.9149295163921,13773400
2021-04-19,135.82937622070312,136.92385137103201,135.44676476137712,136.51453314305826,11900200
2021-04-20,132.82180786132812,135.02853062271333,132.27011698792484,135.01963741960063,13716700
2021-04-21,133.95187377929688,134.0141669417494,130.6150892099127,131.50489842841515,12236700
2021-04-22,131.13116455078125,133.73831231038938,131.03328500532,133.67601915536423,15256100
2021-04-23,133.6404266357422,134.47684933543007,130.52609488514796,130.96209264068943,14041900
2021-04-26,133.9696502685547,135.66029563363563,133.80949115447174,134.16540934848416,10799100
2021-04-27,134.58360290527344,134.86834828477384,133.5692212512655,133.91624619665225,12821200
2021-04-28,135.4556121826172,136.04288934613894,134.71706912741388,135.63357125651277,8943700
2021-04-29,138.0894317626953,138.1695112972306,136.31870733823104,136.6212390758566,12976900
2021-04-30,136.86151123046875,137.46658837142994,136.14966136121137,137.11956342706043,11705100
2021-05-03,136.46109008789062,138.3474805646841,136.25643784760223,137.78691020411972,11801100
2021-05-04,138.3474578857422,138.48983054147618,135.37549997866455,136.02505655152078,12977700
2021-05-05,140.16270446777344,140.8389543571178,137.59115723963413,138.81019111167814,10506700
2021-05-06,142.9833984375,143.09907794260658,139.84237401609494,140.65210339702773,13542400
2021-05-07,143.4728240966797,143.7041695746911,139.71782861045477,139.89578771487965,14257800
2021-05-10,143.4550018310547,145.68841743611455,143.36601550395926,143.7041472540332,14014300
2021-05-11,141.07032775878906,144.4960982009264,140.6254232118834,143.33045046041903,15451700
2021-05-12,140.10043334960938,143.06349913956373,139.72671517485054,142.02242417186227,14381700
2021-05-13,143.7041473388672,144.54946313714376,140.30507058744251,140.7499750683678,15395000
2021-05-14,145.93753051757812,146.3290485461813,144.14012658976063,144.4960446644521,10584000
2021-05-17,146.52484130859375,146.68501398327942,145.06555514240404,145.36808693331238,9886800
2021-05-18,144.46051025390625,147.26340343823222,144.36263071154582,146.53375347201631,11098100
2021-05-19,143.35711669921875,143.4193962638256,141.15928756445305,143.2592371742022,13278900
2021-05-20,143.10797119140625,144.02447329895233,141.94232367078396,143.10797119140625,10426000
2021-05-21,144.736328125,145.2346189682622,143.20585563360487,143.56177378524725,10249000
2021-05-24,145.51934814453125,146.13331848581586,144.25582107840367,145.35918905240842,9440300
2021-05-25,144.01559448242188,147.44135104310163,143.75754226477045,145.79521251209698,12609100
2021-05-26,143.9977569580078,145.69729499182964,143.53505258925222,145.54602912803355,13058300
2021-05-27,146.2401123046875,146.59603046818438,144.6562533955334,145.884180563783,15707500
2021-05-28,146.14219665527344,146.7650600761612,145.27017428862627,146.53370110739985,10291300
2021-06-01,147.75277709960938,148.51801333057284,147.24557948700718,147.5926044302693,9445400
2021-06-02,147.76162719726562,148.9895675201757,147.29002968315726,148.82939489755992,10498600
2021-06-03,147.85955810546875,148.82055344308972,146.515951419649,147.18330816154628,13354400
2021-06-04,148.0998077392578,148.30446000151295,146.8451738278965,147.89515547700265,8510800
2021-06-07,147.40574645996094,148.68707345553798,146.94304202769,148.598087134076,7267200
2021-06-08,146.81846618652344,147.49471605200122,145.18122109489968,146.3646685425404,10370700
2021-06-09,144.9854736328125,146.1244280116337,144.39819646258704,146.05324166578148,12377400
2021-06-10,142.72535705566406,147.0320429008984,142.64527750486664,146.2490066422362,12119400
2021-06-11,142.62745666503906,143.43718598888302,141.5329955653084,142.7520293627531,13683800
2021-06-14,140.2071990966797,142.66306684649484,139.3974697148085,142.50289417943804,19917900
2021-06-15,138.08050537109375,139.62877737254018,137.1462171127516,139.43301837543535,24485500
2021-06-16,139.05047607421875,140.25171024919052,136.23867597439616,137.68016241532618,25321200
2021-06-17,135.03738403320312,140.10930525918968,134.58358641481084,139.78897353520532,29722400
2021-06-18,131.6205596923828,133.204418795161,131.30022787511257,132.8485005881537,43595700
2021-06-21,133.85397338867188,134.5391301819537,132.59935290468937,132.65273927710447,18664800
2021-06-22,133.65821838378906,134.33446834867095,132.27901169230665,134.0052433572349,14251200
2021-06-23,134.46791076660156,135.28653328965845,133.5514087257115,133.6492882435447,12733300
2021-06-24,135.70477294921875,136.24755701130152,134.55692525197932,135.17978886976073,13733200
2021-06-25,137.0750732421875,137.47548455940333,134.95732356892927,135.775946184266,15484900
2021-06-28,137.32424926757812,137.45771521059018,135.3577650502686,136.76366515210688,14125800
2021-06-29,137.15513610839844,139.0860196908247,136.6835385023287,137.92037226535405,14528700
2021-06-30,138.40087890625,138.8813833453661,136.77254046648758,136.80812685063347,12531000
2021-07-01,139.7711944580078,139.8245808237543,138.29410831112043,139.0415445863861,10479400
2021-07-02,139.63694763183594,139.8964868763201,138.82255210081703,139.5653510697592,11424000
2021-07-06,137.29222106933594,139.41321634861913,136.34359049979406,139.41321634861913,15083400
2021-07-07,137.45330810546875,138.07081653982988,135.62764346338474,136.039306649193,12271800
2021-07-08,135.0817108154297,136.504656502713,134.27625981186898,135.68131660210292,17834600
2021-07-09,139.40428161621094,139.7443482471776,136.54943160336532,136.9700529087115,13694500
2021-07-12,141.39996337890625,142.43809296967626,137.7665234668581,138.13345069981688,19940400
2021-07-13,139.29690551757812,140.8541004439238,137.37279688663833,139.65488842598316,22671700
2021-07-14,138.8225555419922,140.7556217990376,136.88054483533344,139.5653545293471,14622800
2021-07-15,139.12684631347656,140.08442135023614,137.55174919783695,137.7307337821646,11539300
2021-07-16,135.94981384277344,139.86068217503228,135.1533208638646,139.57430958153876,14002700
2021-07-19,131.52880859375,134.07938288895875,130.40119360468884,132.94280979595786,22172900
2021-07-20,133.98095703125,135.242807189609,130.95606711968225,131.1261072492411,15385200
2021-07-21,136.80001831054688,137.5070122630306,135.45761332136408,136.0751218012921,12356700
2021-07-22,135.07275390625,137.31905316966308,134.21362254829376,136.81789093491415,9913300
2021-07-23,134.81321716308594,136.78207448878427,134.46419251741963,135.5649604528833,9666100
2021-07-26,135.71714782714844,135.99458968048458,134.39264530804465,134.41054786598744,8208000
2021-07-27,135.5381622314453,136.46890405861012,134.06152211966622,134.5984759531993,11218700
2021-07-28,135.7618865966797,136.71947536352565,135.02804564719685,136.2898959409679,9217300
2021-07-29,136.92530822753906,137.70389874765246,135.94983055085564,137.05059881302455,9063500
2021-07-30,135.8334503173828,137.52487962465932,135.31438554905904,136.54940219285166,9805200
2021-08-02,135.2875518798828,138.22294256847803,135.19806642141018,136.05719783211495,10203200
2021-08-03,136.82681274414062,137.21164246077893,133.81088173041272,135.9855704225841,10394800
2021-08-04,135.35018920898438,137.25639449960622,135.0548585514185,135.35913365716053,10155000
2021-08-05,137.0595245361328,137.54279791100782,136.0392974349662,136.2809341224037,9151500
2021-08-06,140.9525146484375,141.23890091545053,138.81361671841097,138.8852132851642,13328800
2021-08-09,140.8003387451172,141.8921621935712,139.52057265312976,140.97037883792242,9516900
2021-08-10,142.527587890625,143.17194328937342,139.88752783901163,140.27235765065342,8667000
2021-08-11,144.22796630859375,144.53224143425797,142.3664967926204,143.18983671505433,9156500
2021-08-12,144.791748046875,145.31081277568225,143.68203569724477,144.8723026977717,8844200
2021-08-13,143.1719207763672,145.12288922014508,142.80500723238026,144.79175346786033,8980900
2021-08-16,142.2322540283203,142.3217531422392,140.30814597989212,142.24121213310073,8755800
2021-08-17,140.5139923095703,142.1696305013845,138.95681134679376,141.01516828223467,9347200
2021-08-18,139.2342071533203,141.4088960568992,139.01941750066672,139.88750690362875,8065500
2021-08-19,138.07080078125,139.21631839762853,136.93422761375123,137.0684762808306,9517700
2021-08-20,138.46458435058594,138.62566637515656,137.06848551504825,138.13346219631427,6974100
2021-08-23,140.23655700683594,140.58558172096613,138.929957269076,139.01049828257183,7934600
2021-08-24,141.10462951660156,141.89217796845736,140.38867761997327,140.50502372917376,7670900
2021-08-25,144.01319885253906,144.7828448898317,141.22100097568634,141.8563983269616,11335000
2021-08-26,144.7559814453125,146.61745103704274,144.2190140735191,145.21239415238364,11027500
2021-08-27,145.91940307617188,146.01784664010987,144.31745904987625,144.7559828629905,8780200
2021-08-30,143.5836181640625,146.31317729469612,143.0824558952867,146.0625961603082,7937600
2021-08-31,143.1450653076172,144.4158732757858,142.60811169529453,143.5835890316455,12340800
2021-09-01,142.93927001953125,143.869998043629,142.26806759218772,143.38673830442693,8729900
2021-09-02,143.6015167236328,144.63068823583743,142.6797195659178,143.2077424789345,8813300
2021-09-03,142.7334442138672,143.98635000006814,142.42915538951934,143.53888169704652,7959700
2021-09-07,142.48281860351562,144.4248287940652,142.25908452180747,143.18086784599356,9285600
2021-09-08,141.8474578857422,142.81399109865737,141.4357810215628,142.19648263021298,7852700
2021-09-09,142.4649658203125,143.93266136279857,141.47158560428753,141.64162575068855,7904300
2021-09-10,140.8271942138672,143.83418110175086,140.70190366252396,143.6909879986026,8311600
2021-09-13,143.06455993652344,143.23460006890718,141.46262949243373,141.87429266548548,10052800
2021-09-14,140.56768798828125,144.38905715743303,139.84277792480015,143.59256418818256,11685600
2021-09-15,141.54319763183594,142.01751301009628,140.03075236107526,140.25448654537357,11691500
2021-09-16,141.48052978515625,143.9505636449726,140.70193928011815,142.66185270170308,10880900
2021-09-17,141.11355590820312,142.30382288221583,140.50500575010966,140.8450859300118,25581600
2021-09-20,136.88951110839844,138.3214015039202,134.6790165693148,137.72179560849153,15819900
2021-09-21,136.90740966796875,138.31246681218093,136.54944045774465,137.39962757376443,8999900
2021-09-22,139.52957153320312,140.7287833252004,138.80467505678163,138.8941605252842,11236200
2021-09-23,144.245849609375,144.72017848828486,141.1046276043509,141.39995826979447,12336100
2021-09-24,145.91046142578125,146.4026793009791,143.92371468019493,144.47857101824567,10102400
2021-09-27,149.4364776611328,149.81234931400866,147.3154827428884,147.66450739596212,13220900
2021-09-28,148.63107299804688,151.51276995861758,148.25520126262228,150.0808659283487,13387900
2021-09-29,148.51470947265625,149.36489641669158,147.70031398014305,148.7474017023156,7777100
2021-09-30,146.4921875,149.4454812784745,145.68673629369786,149.38282915609153,13161200
2021-10-01,149.5707244873047,150.61779843372545,146.41160009651117,146.76956919326082,11285000
2021-10-04,149.40963745117188,152.53297057466932,148.3178138907812,149.42754000373552,14120000
2021-10-05,151.84954833984375,153.1820319037712,150.05788802459702,150.54407355682503,12292900
2021-10-06,152.1736602783203,152.24568826999482,149.45466197883073,151.24632220965512,8692600
2021-10-07,153.1370086669922,154.41547463551927,152.6418248001139,154.13637474817017,10195400
2021-10-08,153.25405883789062,154.26242328599713,152.42575750724097,153.0739957204338,8190100
2021-10-11,150.0308380126953,154.21736275824694,149.86878537177768,153.77621029935005,12154700
2021-10-12,148.87843322753906,150.0758726812541,148.3472423103225,149.22956105697935,13032600
2021-10-13,144.95301818847656,148.9234737229175,144.59289196144314,147.7170357506271,22753500
2021-10-14,147.1768341064453,147.66300589147187,144.10670784760313,145.62826658682724,15176800
2021-10-15,150.0038604736328,150.50804266760161,147.78004607400047,148.869450537203,14267400
2021-10-18,149.94984436035156,151.8045204794378,149.3736341705584,149.88681471653086,12672900
2021-10-19,151.76849365234375,151.8405078960272,149.97683367171322,150.71509644189734,8053900
2021-10-20,153.81224060058594,153.83924937814297,150.76913717971286,151.52541042717715,8185600
2021-10-21,152.6057891845703,154.25339315883173,151.86751269578252,153.74019895497693,8415200
2021-10-22,154.6586151123047,154.93771508576495,152.78592792574065,153.08303833753553,8817900
2021-10-25,153.90232849121094,155.72099794630526,153.48817087231177,155.49591556901916,10159200
2021-10-26,154.31642150878906,155.29779079112566,153.54213783661473,153.95629531900573,8015100
2021-10-27,151.10227966308594,153.68622055623746,150.66111332657445,153.34410473777933,9847000
2021-10-28,153.380126953125,153.51517087659613,151.21934174996312,151.5254504684559,7212900
2021-10-29,152.95693969726562,155.07271898477526,152.50677506059841,154.11835841517583,8140100
2021-11-01,152.8759002685547,155.15373203599853,152.16463251028517,154.89262887584727,7435500
2021-11-02,153.47911071777344,154.57751337564454,152.0835977929766,152.87589183811184,7173800
2021-11-03,153.5331573486328,154.07336043407602,152.29069849487448,153.17303111696074,8402700
2021-11-04,151.51641845703125,153.2360507920958,149.8958366367367,153.05598767183366,9574200
2021-11-05,151.3003387451172,153.13700443761704,150.72412855355503,152.0656103928527,7975600
2021-11-08,152.20965576171875,153.88426866072862,151.92155755499394,152.2006574151733,6413700
2021-11-09,151.05723571777344,151.67846507881575,149.99485383037572,150.67010074665066,7990300
2021-11-10,150.9132080078125,152.11064774547864,150.4360345299825,150.76015366001195,6999200
2021-11-11,150.90420532226562,151.86755059848315,150.26496542882586,150.8231789765712,5815300
2021-11-12,150.22897338867188,151.021267705095,149.20259835964066,150.94022761332462,8113400
2021-11-15,149.95884704589844,151.066248245927,149.45466483248495,150.5440693377023,6492500
2021-11-16,148.87843322753906,150.41800216458213,148.66234927944774,150.40899008053685,9706100
2021-11-17,148.0771942138672,149.0585500734178,147.1048367036741,148.7434429906489,9909600
2021-11-18,146.7987060546875,148.41930166307063,146.35753971914724,148.00514410950876,8122500
2021-11-19,144.8809814453125,145.95237545224163,143.55749634709818,145.22311095688562,12193600
2021-11-22,147.96913146972656,149.43665894167265,146.74468302653472,147.7980666982759,14549900
2021-11-23,151.50741577148438,151.7595068802208,148.88745417218593,149.0045013790761,12354400
2021-11-24,150.31898498535156,152.55179778806402,149.8508099058049,151.6694789264811,9629800
2021-11-26,145.7903289794922,146.43856722799327,142.99031781396639,145.97940419277833,13619300
2021-11-29,145.16009521484375,148.3562671100349,143.89064129000658,147.03278188509077,12104400
2021-11-30,142.99932861328125,144.61992437564243,142.5131430156043,143.2964389812089,18922600
2021-12-01,142.1529998779297,146.99677615512337,142.07197353390134,144.95302469326103,12253400
2021-12-02,145.14212036132812,146.97878644123048,142.97232303467723,143.89966129266807,12969900
2021-12-03,142.5131072998047,145.7002804566872,141.52275339284643,145.40317016321958,12681800
2021-12-06,144.19676208496094,146.4025663992508,143.5665342434405,144.96203384325838,11186500
2021-12-07,146.36654663085938,147.1048095420635,145.0970789710085,145.74531719144574,9851600
2021-12-08,144.69195556640625,146.99679681787634,144.2057699580239,146.44759529014812,11705700
2021-12-09,144.46682739257812,144.88996947157509,142.8372200242232,143.73754921123486,11189600
2021-12-10,143.89065551757812,145.58326549736745,143.269426015309,145.2411496571417,10405400
2021-12-13,142.18003845214844,143.8636502856707,141.6038280995355,143.60256076533574,12069000
2021-12-14,143.26937866210938,144.85395298314205,141.6217747078532,141.7568185820003,12563600
2021-12-15,142.197998046875,143.9176301401752,141.66680710850486,143.9176301401752,14014200
2021-12-16,144.42181396484375,145.6912814664333,142.88224494875567,144.40380353376153,19542800
2021-12-17,141.13563537597656,143.49450780556813,139.71311323936482,143.4404902382687,28082000
2021-12-20,138.5966796875,139.2809249360233,136.7059828663048,139.10986018940912,15148000
2021-12-21,140.53237915039062,141.51373466466325,139.63204996564147,139.9201618989691,11291300
2021-12-22,141.08160400390625,141.40572311392486,139.76713086845078,140.22629388350407,7273000
2021-12-23,141.5857696533203,143.26038256932688,141.54076418220257,141.90089037874716,8055200
2021-12-27,142.3961181640625,142.43212529965984,140.75751186665383,141.89193583807153,6188100
2021-12-28,142.82821655273438,144.18770863068175,142.32403442416933,142.43206952659537,6342300
2021-12-29,142.75621032714844,143.7195692637006,142.38707202036107,143.01731351504574,6398900
2021-12-30,142.6841583251953,144.26874640458968,142.58512157023316,143.25137007979055,6948200
2021-12-31,142.56715393066406,143.41345195524028,142.2160260438705,142.65717862029035,5805900
2022-01-03,145.58323669433594,146.4295483857598,143.61151344260037,143.92663417466127,13120900
2022-01-04,151.10227966308594,151.77752668990416,147.86108843918416,147.93311643726375,20195800
2022-01-05,148.3397979736328,152.4880245666312,148.29450891116423,151.99893862470245,17539400
2022-01-06,149.91578674316406,151.59137172259832,148.42133039794152,151.17474545928786,14047500
2022-01-07,151.40115356445312,151.7362677444494,149.49912353574283,150.0516169196801,13913300
2022-01-10,151.5460662841797,153.34845200472952,149.92480916175836,153.13108663075081,12922500
2022-01-11,151.7000732421875,152.63297004279735,150.63130923102395,152.39747240595116,11854100
2022-01-12,152.5604705810547,153.6020498227436,151.41924711872815,152.57858896846884,12568000
2022-01-13,152.3703155517578,153.80136461366268,152.0623719590186,152.46994598708932,13623400
2022-01-14,143.00506591796875,145.84904477308868,142.10839227583585,145.604494903365,40158400
2022-01-18,137.0091552734375,141.0939739434792,136.34796544232597,141.0939739434792,32324800
2022-01-19,134.8897705078125,137.87866915964918,134.54560401549648,137.28090048550777,22380000
2022-01-20,133.73953247070312,136.41142196591616,133.46781184977124,134.94414996128276,14860800
2022-01-21,131.4027099609375,133.60361717594236,130.66907422260255,133.59456489260634,20705400
2022-01-24,131.28500366210938,131.76503741958334,126.41220633639274,128.86671648192421,28471400
2022-01-25,132.71603393554688,133.0058728985882,127.51716155332298,130.10753854930456,18915900
2022-01-26,133.97500610351562,136.37518861532604,132.19979064646148,134.69958976406753,20709100
2022-01-27,131.61105346679688,136.20309129100605,130.5423033343082,135.3335881799327,17536800
2022-01-28,132.78848266601562,132.9243360310003,128.76705721909346,130.59662751581453,14117000
2022-01-31,134.5908966064453,134.7629729469696,131.03138604212006,131.90994141655815,13985700
2022-02-01,136.90048217773438,137.19032113741014,134.31917131699825,134.67240391142664,14584900
2022-02-02,135.80458068847656,136.71030683545024,134.11087721612677,136.31178511953635,12441100
2022-02-03,134.6814727783203,137.35336209798922,134.3101217481208,135.85891951147659,12474900
2022-02-04,138.17758178710938,139.02896659509358,134.74488569607752,135.04377698953695,16654400
2022-02-07,138.63949584960938,139.13763413073667,136.62878287321362,138.82063829913594,12572300
2022-02-08,141.2479705810547,143.53945631456727,140.206391182288,140.38753362290623,20411400
2022-02-09,141.83668518066406,142.58842553549394,141.1302200657949,141.82761907644726,9131100
2022-02-10,141.2479705810547,144.0376083914792,140.58679445367102,141.89104213857416,16455600
2022-02-11,139.40936279296875,143.27681719674055,138.548925742649,140.94004214768395,16830000
2022-02-14,138.11419677734375,139.19199937411705,136.14877253106013,138.33156222597046,17026500
2022-02-15,140.13394165039062,141.23892858502452,139.34596437514378,139.94373309070173,9500000
2022-02-16,140.3875274658203,141.3838315759485,139.24631770172218,139.24631770172218,9076500
2022-02-17,137.15406799316406,139.23724035136843,136.46572127648565,138.57606430638256,11367500
2022-02-18,137.79714965820312,139.6086016131264,136.88237139626827,137.7880973737299,11733300
2022-02-22,137.5526123046875,138.7934664046346,136.2302599964942,136.4023501591332,11333500
2022-02-23,134.67242431640625,138.84782244743263,134.0203003786111,138.68478455284168,11799000
2022-02-24,130.9226837158203,131.32120532947806,126.6023672336207,129.46446444054394,25655100
2022-02-25,134.02027893066406,135.97665043096146,131.24875954871717,131.55670307553746,18367700
2022-02-28,128.4319610595703,131.38462310855166,127.59869472342127,130.0169817014402,31315300
2022-03-01,123.58631896972656,127.23639391091335,120.98688958220644,126.83787223053751,36840400
2022-03-02,126.1495132446289,126.83786001334094,123.73122653922604,124.34711357118707,19405600
2022-03-03,125.25285339355469,127.68925875749613,124.13881418597886,126.65673158016857,16640800
2022-03-04,121.72956085205078,122.65340518086465,119.9181089713936,122.21866059918563,21016000
2022-03-07,117.02886199951172,120.18078459525098,116.79336439562074,119.70980320775094,27560100
2022-03-08,116.20464324951172,119.3656179999661,115.27173970765904,117.41831271713765,19207800
2022-03-09,120.86006927490234,122.49037869898984,119.9543433526627,120.37096953753569,17536200
2022-03-10,119.42902374267578,120.86912467934907,118.03421186733988,119.42902374267578,15604200
2022-03-11,116.7390365600586,121.43975723368114,116.31334418713007,119.99965605051455,20061800
2022-03-14,117.89836120605469,120.38910790558103,117.04697648660766,117.25530343389914,15786900
2022-03-15,119.99058532714844,120.95971885128739,118.76786343049186,119.3746982361421,15096600
2022-03-16,125.35247039794922,125.43399623975455,121.75673714329153,122.15525878667148,20354900
2022-03-17,126.93749237060547,126.97372914967754,123.10627529050502,123.95765993503443,17050500
2022-03-18,126.8922119140625,127.5715063807967,125.40682189961495,126.97372393320309,23656500
2022-03-21,126.48465728759766,127.49001391434705,125.65139084871387,127.11867667874144,12676100
2022-03-22,129.17465209960938,130.36115108065087,128.3595041368387,128.8576562564357,13548600
2022-03-23,126.60237121582031,128.2417329615206,126.07704851040963,127.68923958344051,12093200
2022-03-24,127.42657470703125,127.44469309408768,125.9955261757329,127.07334217097078,10017600
2022-03-25,128.5406036376953,129.68181316826528,127.52619516607757,127.7888495666647,8383500
2022-03-28,127.58961486816406,127.68019299462321,124.89960759165174,126.80163768504003,10818100
2022-03-29,127.87036895751953,130.06223767787844,127.01899826696688,129.83580621522216,11316500
2022-03-30,127.29071807861328,128.72176672845208,126.72012013173028,128.5225059151656,8771000
2022-03-31,123.46855163574219,127.11862562077485,123.41419647697072,126.64764432004436,17353900
2022-04-01,122.55377197265625,124.4558019319724,121.1861308093298,124.4467358277965,15721300
2022-04-04,123.09721374511719,124.03011034195295,120.36191758279405,121.475956600517,17416400
2022-04-05,121.66470336914062,123.5443268788965,121.36359660455965,122.33079435869456,12110300
2022-04-06,119.9766845703125,120.9529876744558,119.49309271001968,120.05880079050041,12914700
2022-04-07,119.61170196533203,120.3690284922998,117.45834398585835,119.48396098022441,12994200
2022-04-08,121.80156707763672,122.17565673194143,119.97668787971243,120.1409203246184,13126900
2022-04-11,121.3544692993164,123.08809900593145,120.96212694614327,121.3544692993164,10466400
2022-04-12,120.02229309082031,122.79611713826061,119.25584720510236,120.56976239360327,12989900
2022-04-13,116.15357208251953,117.9328266438588,114.97652407987887,115.82509324637041,30838000
2022-04-14,115.0768814086914,117.06599995552259,114.07319230968737,115.42360594020823,18835200
2022-04-18,117.21200561523438,117.9237074408653,114.54767649999559,114.66629115048,11834400
2022-04-19,119.63906860351562,119.82156765056916,117.00211887717334,117.20285669075422,15015400
2022-04-20,120.05879974365234,121.81980142281215,119.83980923567107,120.91649516317545,13430200
2022-04-21,119.12810516357422,121.18109414664883,118.58064978838787,120.64275815476269,12174200
2022-04-22,115.70646667480469,119.09162381119708,115.59697837502313,118.87263328891018,14318800
2022-04-25,115.66996765136719,115.98932708769678,112.33044225956453,114.97651855182636,17149000
2022-04-26,112.24832153320312,115.34149831955445,112.11146115619104,113.72647625719173,17209500
2022-04-27,110.78841400146484,112.74103417868942,110.6059288669316,111.61873737472287,17215200
2022-04-28,112.54029846191406,112.82315947550909,110.53293409900127,112.05670658111718,13015600
2022-04-29,108.90878295898438,112.78665096509044,108.4890616101574,112.27568705545087,14874800
2022-05-02,109.90335845947266,110.1405947293137,107.86862183833242,109.3832681118658,18545000
2022-05-03,112.25743865966797,113.29761920770723,110.20444963674393,110.88877931105195,15720900
2022-05-04,115.9710693359375,116.24480399474224,111.99283220644797,112.04758331502585,17128500
2022-05-05,113.06951904296875,115.0586377458572,111.46363028129447,114.2830654405292,15055400
2022-05-06,112.88702392578125,113.40711419859433,110.56942659880467,112.96002076159817,14417900
2022-05-09,111.18988800048828,112.53117529961764,109.94896961227073,111.41799789594941,14312300
2022-05-10,108.47994995117188,112.9417793041335,107.26640354013252,112.33044640643233,16382400
2022-05-11,107.79559326171875,112.12968053646466,107.61310816101044,108.854026337636,14630300
2022-05-12,107.7043685913086,107.9598505592568,105.26815658948051,106.75543059509987,16318800
2022-05-13,108.66242218017578,109.72085539487708,107.63136799939507,108.95440951777168,10443200
2022-05-16,107.90509796142578,109.00002258441305,106.96528638377886,108.16057990936541,10269000
2022-05-17,111.48186492919922,112.20269301185418,110.231820234768,110.44168439507973,11160200
2022-05-18,109.5748519897461,111.29024263889363,109.06388811707781,110.6789098681854,12664900
2022-05-19,107.95072937011719,109.17340208258717,107.33027014916865,107.841241070831,12765800
2022-05-20,107.06565856933594,109.19164449310637,104.94879899068258,109.00003301381776,13150100
2022-05-23,113.6899642944336,115.48747128628357,109.90333884437781,109.9124651888789,24376700
2022-05-24,115.2958755493164,116.32692985504482,112.33044666576684,113.47099623636282,19324900
2022-05-25,116.09881591796875,116.66453099147205,114.21006617296362,115.22287471346685,12780400
2022-05-26,118.1061782836914,118.79050795027085,116.9838815288635,117.12986127646452,15990900
2022-05-27,119.77596282958984,119.77596282958984,117.83246182123254,118.76315420980539,11177800
2022-05-31,120.65186309814453,121.49130571114172,118.3525257366517,118.7813594639986,17015000
2022-06-01,118.53502655029297,121.23583985046734,117.40359648400639,121.23583985046734,10768000
2022-06-02,120.44203186035156,120.451151244524,117.40360620405673,118.52590305712003,8374800
2022-06-03,118.76315307617188,120.23218153007608,118.60804000001116,119.72121753267022,8596000
2022-06-06,118.37078857421875,120.79788131655943,118.12443989999359,119.61170702030299,11323500
2022-06-07,118.68102264404297,118.90913253864038,117.3579741171996,117.54959255465957,6722200
2022-06-08,116.79227447509766,118.11530917484106,115.78859225859969,117.70471411943436,8422100
2022-06-09,114.33780670166016,116.8835210414605,114.30130828144978,116.21743705500437,13560100
2022-06-10,109.08216094970703,112.5950521457732,108.8722967710408,111.85597130904597,12945200
2022-06-13,105.83386993408203,107.62225075999282,104.9853008061454,106.62769491226851,16805600
2022-06-14,104.0728530883789,107.04740797750578,103.30640720604265,105.43239303323364,13357900
2022-06-15,105.30465698242188,106.70980783248368,103.26078727779048,105.49626846197576,14083500
2022-06-16,103.4980239868164,104.25535052466779,102.07462044009753,103.89037329281734,16724900
2022-06-17,103.13304138183594,104.59294327181658,102.33922342738217,103.59838750223523,30919900
2022-06-21,105.68788146972656,106.78280621482702,104.96705334401342,105.72437988941148,11680500
2022-06-22,105.09479522705078,106.02548057217425,104.3739670952002,104.82106055776408,9842700
2022-06-23,103.94511413574219,105.09478994303568,101.71876631883785,104.93967688687427,11851500
2022-06-24,107.04741668701172,107.5036365001956,102.95056471380178,103.31554195662126,14841100
2022-06-27,106.18972778320312,108.12410241692119,105.5145243670806,107.72262672883423,11280500
2022-06-28,105.67875671386719,108.84492331519465,105.47801888326195,107.36676862185207,11590900
2022-06-29,105.20429229736328,106.59119747425548,104.68420198585846,105.84299725487378,9338400
2022-06-30,102.74981689453125,104.09110412873183,101.2169181927822,103.26078080799387,15172600
2022-07-01,104.06373596191406,104.40133414825277,101.42678615597688,102.78631916895507,10573600
2022-07-05,103.66791534423828,103.75075793445497,100.61182016654233,101.9649649673222,12514200
2022-07-06,102.99594116210938,104.00850152261526,101.98338080160347,102.84866310275143,10656200
2022-07-07,105.60099029541016,105.76668250494447,104.38591643313825,104.47796610000412,10347400
2022-07-08,105.26960754394531,106.45706722726226,104.57922449710566,106.00601893641675,8807800
2022-07-11,103.88883209228516,105.14993420584102,103.29970584055047,104.52398668550555,7939500
2022-07-12,103.99009704589844,106.02442489207306,103.33653527818129,103.63109842733463,11250900
2022-07-13,103.01435852050781,103.53904935240601,101.6059712131542,102.86707343361876,12979900
2022-07-14,99.4151611328125,99.62688169568881,97.62936802808609,99.40595405887709,26204800
2022-07-15,103.9716796875,104.82775491062128,99.11138436511054,100.4829503505338,18863900
2022-07-18,102.90390014648438,106.6319645630104,102.44364476002882,105.64701831691312,13977900
2022-07-19,105.45370483398438,105.80350339894233,103.71394015154837,104.13737423597276,11862300
2022-07-20,105.435302734375,105.61940207622342,104.45956358128687,105.03027575478082,11667500
2022-07-21,106.1532974243164,106.34660383544937,104.35830430455357,105.34325050772028,11595900
2022-07-22,105.63780212402344,107.00936099966074,104.63444188293715,106.07964329466019,7645500
2022-07-25,106.06123352050781,107.2026647095448,105.64699953258584,106.631945603557,9394000
2022-07-26,104.40433502197266,106.39264175472044,104.04533636571657,105.47213093910169,10675100
2022-07-27,106.07963562011719,106.53989090294667,104.2938498983368,104.94741155720209,9337400
2022-07-28,105.68383026123047,106.76083310789717,104.50557769958613,106.08885721289792,10384800
2022-07-29,106.19010162353516,107.2394831283639,105.66541087112078,106.40181512519199,12944500
2022-08-01,105.13153076171875,105.95999183222055,104.08214908006299,105.39847971904375,14740400
2022-08-02,103.49302673339844,105.30643408415578,103.34574163835994,104.86458582198014,14942900
2022-08-03,104.5792236328125,105.03027191993033,102.83025185735183,104.43193854635965,14394500
2022-08-04,103.4285659790039,104.3122552644151,102.19507818984746,103.87961418216481,18033900
2022-08-05,106.55833435058594,106.95415428358707,103.14324005559477,103.58508131577175,14174600
2022-08-08,105.26038360595703,107.42358206822358,105.10389849258344,107.0093551156609,10332500
2022-08-09,106.2085189819336,106.77003105461303,105.27880825819932,105.62859978587704,10233800
2022-08-10,108.97927856445312,109.88138228419268,108.16002447283455,108.58345861950727,12847300
2022-08-11,110.59015655517578,111.56589566411976,109.82613097748522,110.36923595036457,11684900
2022-08-12,112.4219741821289,112.53243799922076,109.94580506637485,111.07802934407297,9906700
2022-08-15,112.72573852539062,112.96507327178844,111.01358807604326,111.51066469258984,8456200
2022-08-16,113.802734375,114.36424645920825,112.18264061286597,112.56925341817482,9555000
2022-08-17,112.84541320800781,113.37011109490362,112.01695912392793,112.5784712618558,8149300
2022-08-18,111.97093200683594,112.73495764854013,110.96757861609235,112.52323707660837,9531800
2022-08-19,109.20018005371094,111.37258583255228,108.72151758751467,111.03200137371968,13464500
2022-08-22,107.3959732055664,107.84702846947603,106.31897745709078,107.46961574125844,8967600
2022-08-23,106.33740997314453,107.96671810545386,106.2085390163782,107.41441300174951,7607000
2022-08-24,106.59514617919922,107.1566582907383,105.35245106560117,106.12568373679417,9771300
2022-08-25,109.12654113769531,109.30143338683253,106.48467302527152,106.92652123048647,10758900
2022-08-26,105.55496215820312,110.45207888826077,105.49052668897629,109.96420933226625,11276200
2022-08-29,105.29722595214844,105.72986713580282,104.44115065892203,104.93822731527347,8117300
2022-08-30,105.31563568115234,106.39263154658529,104.34909660831384,105.85873363924708,10745400
2022-08-31,104.68968200683594,105.88634166884638,104.3306763829998,105.38006501209011,10738300
2022-09-01,105.40768432617188,105.5181411176942,103.01435786301593,104.28466012609869,9979800
2022-09-02,104.6712646484375,108.11397249590127,104.19260220291001,106.65957101356452,10666600
2022-09-06,104.69889068603516,105.6286085094917,103.16163941981212,105.24199568019124,9751900
2022-09-07,106.68717956542969,106.88048594799007,103.79677685353704,104.13736127964597,10647900
2022-09-08,109.1725845336914,109.34748384113581,105.5181553647008,106.11648881701132,11435000
2022-09-09,109.69725036621094,110.50730421731964,109.23699505005874,109.66963617091201,9299700
2022-09-12,110.99519348144531,111.88809007735043,110.26798910975909,111.03201475604284,8614600
2022-09-13,107.13823699951172,109.46712788572383,106.57672492541246,108.68469521584524,12904600
2022-09-14,106.88972473144531,108.47299752826099,105.74828619635461,107.4236156985045,9345700
2022-09-15,108.50059509277344,109.89056114656883,106.55831701917852,106.8897014218826,10821400
2022-09-16,107.77339172363281,108.06795485928683,106.19931930908112,108.05874778609602,14844100
2022-09-19,108.76753997802734,109.2922307589412,106.32818539124091,106.7792336358661,8201300
2022-09-20,106.62276458740234,108.33491518806623,105.52735451952064,108.07717329513873,9619000
2022-09-21,103.5482406616211,107.33153998069028,103.48380519728163,107.27631158923899,12606300
2022-09-22,102.37000274658203,104.57002294347816,102.24113179953757,104.36750944871117,11684500
2022-09-23,100.46453857421875,101.56914861975497,98.64193129679006,101.30220669338624,18138600
2022-09-26,98.30133819580078,100.89717808096239,97.62936229675792,99.41515529664942,15753600
2022-09-27,97.43606567382812,99.57165042476623,96.33145553549255,99.18503757864278,12793600
2022-09-28,99.40595245361328,100.08713545503974,97.24275362774388,97.52810970867631,12762600
2022-09-29,97.72142028808594,98.75238778800839,96.10131947300002,98.44861756837865,12713900
2022-09-30,96.1933822631836,99.06537859681181,96.10133258426622,97.62937691852754,15973400
2022-10-03,99.16663360595703,99.7465528935808,96.15655929543603,97.22435521632573,12248100
2022-10-04,103.80599212646484,104.00850561111454,101.12730954907546,101.81769259786876,16013600
2022-10-05,102.52432250976562,103.04441826680329,101.07548028043311,101.92992533435878,10943500
2022-10-06,100.43464660644531,102.33857977832898,100.24890013952796,101.66059171111097,11521400
2022-10-07,98.42855834960938,100.03528584554235,97.76914209134485,99.85882174101182,11681100
2022-10-10,97.50908660888672,99.66377806310258,97.07257464900184,99.12511051387837,8931700
2022-10-11,94.69498443603516,97.091151907891,94.5928217626463,96.93326671657108,12739700
2022-10-12,96.22743225097656,97.26763095556824,94.06345105204134,94.5464032342987,13181000
2022-10-13,101.57701110839844,102.06924563834372,94.50924940847696,94.71357477995018,22398700
2022-10-14,103.26731872558594,107.02873754863839,102.83080676593075,103.98245036522299,33387100
2022-10-17,107.60456848144531,108.67262835796275,106.17429804209279,107.18663539687357,22276300
2022-10-18,110.37222290039062,111.57959609982966,108.62618215400421,111.13380177919919,21539700
2022-10-19,108.20825958251953,110.3629512365062,107.42810881712809,109.58280047111477,17072000
2022-10-20,107.8553237915039,110.25149135761384,107.4095294589742,108.8119385968441,12207400
2022-10-21,113.52069091796875,113.6692866774312,108.0410850009257,108.16181949834981,20593300
2022-10-24,113.65999603271484,114.32869465769689,112.68481644276069,113.37208688031508,12624200
2022-10-25,113.95718383789062,114.4865690182181,112.27615507129818,113.16775079154587,11289100
2022-10-26,115.2667236328125,116.27905387229795,114.12436237011123,114.23581449610772,11667000
2022-10-27,115.72180938720703,117.207802330301,115.3595988287583,116.27905585514561,10727600
2022-10-28,117.09635925292969,117.28210571676807,115.21100501045373,116.36264867495325,11859500
2022-10-31,116.91060638427734,118.35016628761669,116.64126905010151,116.7434317315397,13295200
2022-11-01,119.01885223388672,119.13959380762135,117.32854105933296,117.83006499403739,13386900
2022-11-02,117.92294311523438,121.07139315337622,117.61645507256875,118.55449101264836,16546100
2022-11-03,118.13655090332031,119.04671849710228,116.93847416457494,117.30996709261544,12474400
2022-11-04,121.36857604980469,121.5078965165202,119.30677202356372,120.26337970785131,14953200
2022-11-07,122.00940704345703,122.86385200993476,121.18282333457299,121.66577541877172,12011200
2022-11-08,122.083740234375,122.6502762388322,120.8670844309215,121.88871138045049,9884100
2022-11-09,120.49555206298828,122.06512143193332,120.01260001094298,121.96297294192063,9494000
2022-11-10,125.455078125,125.61296332841313,123.08677173070947,123.17965204873923,16351600
2022-11-11,125.6594009399414,126.4674058385417,124.24770232947998,125.55723826079854,10704700
2022-11-14,124.36843872070312,126.05874986603547,124.36843872070312,125.19502248237825,11085600
2022-11-15,123.4675521850586,126.04018375405263,122.22303537493428,125.08356189710051,14038300
2022-11-16,123.63473510742188,124.04338585325455,122.62240477804848,123.52329005730299,7893400
2022-11-17,123.09603881835938,123.42110571957771,121.92582348275452,122.59452200925588,8820200
2022-11-18,124.3034439086914,125.074305301949,122.8546014525634,124.98143914311056,9468500
2022-11-21,123.5697250366211,124.97212715414634,123.29109825146094,124.21056239102535,7800500
2022-11-22,125.41791534423828,125.63153723290664,124.16411612995175,124.45202526423503,9185700
2022-11-23,126.75533294677734,126.77391184694969,125.25076797843435,125.32506940757517,7316200
2022-11-25,126.99679565429688,127.36828856854378,126.36524069422161,126.75531250564474,3220500
2022-11-28,124.77711486816406,126.96895747232355,124.62851200683656,126.37456019856245,9906900
2022-11-29,126.8296127319336,126.90391414839458,124.83281353639953,125.0650001485103,7925300
2022-11-30,128.33419799804688,128.33419799804688,123.69976154783537,126.39312101108118,14761200
2022-12-01,126.53242492675781,128.7799896969334,125.78012837748658,128.3341811851697,8858500
2022-12-02,125.52937316894531,125.70583726131039,123.83904783318094,124.9071147500842,8931900
2022-12-05,122.00940704345703,124.98140678786919,121.29428253649273,124.67491878279374,10154500
2022-12-06,122.21373748779297,125.48292884034701,120.61629251845096,123.88548387100501,13966700
2022-12-07,122.13014221191406,123.59756311169956,121.04351070802835,121.95367814203149,11739400
2022-12-08,123.41183471679688,123.50470086030334,122.06514100626237,122.90102132709893,8907300
2022-12-09,122.74314880371094,124.229134797181,122.59454595289957,122.78029243063985,7957800
2022-12-12,124.64707946777344,125.0557160415977,122.22305042958835,122.9660363249398,8841600
2022-12-13,124.52632904052734,127.32185082789069,123.5975825657366,127.13610436724186,10025400
2022-12-14,123.90406036376953,126.04017991357202,123.3003667021159,124.24769199615004,9966100
2022-12-15,120.82991790771484,122.66883189689494,119.85473130821691,121.8050903356667,12087800
2022-12-16,120.0776138305664,120.64414969203946,119.2788913729412,119.94758990358301,21133700
2022-12-19,120.79275512695312,121.97226702894625,119.89186998067706,120.41196569985799,9017200
2022-12-20,121.37787628173828,122.64097202542649,120.92278541774274,121.63792415500825,8549900
2022-12-21,122.74314880371094,123.50471361391043,122.38093821207565,122.76171353140147,8051700
2022-12-22,121.35002899169922,121.94442622353574,119.26034923065002,121.75867974575205,8648200
2022-12-23,121.92583465576172,122.07443749116744,120.40269102171897,121.27571496529464,5091900
2022-12-27,122.35306549072266,122.79885982986059,121.24785492008051,122.19518029085185,5411000
2022-12-28,123.02178192138672,123.90408836460689,121.67508800265485,122.45524592368979,8827700
2022-12-29,123.72760772705078,123.77404788555819,122.88244502547478,123.45826331063586,6585200
2022-12-30,124.5448989868164,124.75850669263292,123.00317654829865,123.34680818437899,9292500
2023-01-03,125.49224090576172,126.99682009254727,124.34988651165801,125.60370013872114,11054800
2023-01-04,126.66244506835938,127.86980411309565,125.91016271319269,126.30023452062926,11687600
2023-01-05,126.63436126708984,126.97118022011425,125.090601783968,126.92439703403952,8381300
2023-01-06,129.0575714111328,129.4692405824958,125.8297316283614,127.36412581857228,10029100
2023-01-09,128.5242919921875,129.93706729193678,128.06585383105624,129.67509854951157,8482300
2023-01-10,129.6750946044922,129.78736284033732,128.46815396425578,128.91724118386162,9048700
2023-01-11,130.6387939453125,130.75106220314046,129.20731655309373,129.95579064025085,8703700
2023-01-12,130.50778198242188,131.78955857594025,130.25516417944687,130.98493625361903,11001700
2023-01-13,133.80113220214844,134.25023377481583,126.11980785941581,126.86829620430036,20200000
2023-01-17,131.73345947265625,132.42579946866013,130.26454973022734,132.07962947065818,14292900
2023-01-18,127.77581787109375,131.6679310149894,127.62611736811391,129.97448511917898,13392600
2023-01-19,126.072998046875,127.14894000060704,124.98769088971372,126.60630069825113,13303400
2023-01-20,126.38175964355469,126.76536183170458,124.95028247921566,126.45660989560047,13092500
2023-01-23,128.4307403564453,129.07631128701559,126.13850671369528,126.41917731287732,10487100
2023-01-24,129.5347442626953,131.25625715779535,126.30690401532647,127.63546381108138,6945000
2023-01-25,130.16159057617188,130.16159057617188,128.4120107359931,129.16049889971734,8967000
2023-01-26,130.96624755859375,131.04109782242318,129.450568975675,130.4423099880158,7487600
2023-01-27,131.2843475341797,132.16380589734277,130.7510448279102,131.55566721328483,7489900
2023-01-30,130.17095947265625,131.06913387362982,129.96512486488632,130.26451157313593,6729300
2023-01-31,130.94754028320312,131.05045760718295,129.3476462970128,130.87269002246984,9188700
2023-02-01,130.60133361816406,131.80827423544017,129.22599065032387,129.31020610183094,8841800
2023-02-02,129.9932403564453,131.4153670101149,129.1137674821527,130.98498150363315,11822100
2023-02-03,132.00474548339844,133.16490292738285,129.23535765433598,129.2821265682164,11501200
2023-02-06,132.7812957763672,133.0806967608367,131.01299975599014,131.20011823317122,8406200
2023-02-07,134.39991760253906,135.0454886099237,132.08896755279602,132.27610034281807,10447900
2023-02-08,133.45494079589844,134.76478448188698,133.11812180861202,133.46429172357497,6958000
2023-02-09,131.37789916992188,134.1098691885691,130.86331259807156,133.90403455982894,6443100
2023-02-10,131.95797729492188,132.18252806722197,129.66574348140426,130.77911786185686,6582900
2023-02-13,133.3894500732422,133.53913629082413,131.67728815041716,132.2012256025161,7134600
2023-02-14,133.97889709472656,134.54961784014355,132.48193471130134,133.3239751597138,9249400
2023-02-15,134.54026794433594,134.6244691345783,132.20125081830864,132.4912866577396,6728300
2023-02-16,132.68777465820312,134.1566700370946,132.55677598974128,133.70758273175412,8165300
2023-02-17,133.08071899414062,133.63272359072488,131.05045391127624,131.90184526612273,7948800
2023-02-21,130.6387939453125,132.2386737242732,129.81545531796593,131.63053495940102,9996300
2023-02-22,129.63766479492188,130.4516380726529,128.5897898372704,129.97448378505638,11107500
2023-02-23,130.6761932373047,131.14399661294172,129.0575975549438,129.79672060691087,8068000
2023-02-24,131.8550567626953,132.25737510206838,129.9838432011359,130.15225984531403,9126900
2023-02-27,133.005859375,134.0818014299922,132.59419011966264,132.9590761821251,10014700
2023-02-28,134.11924743652344,134.5028353944571,132.76260608528156,133.73564520236226,11019800
2023-03-01,133.37074279785156,134.2221483521554,132.66903774729417,132.9497226227623,7139200
2023-03-02,131.98605346679688,133.25846496467713,130.554561979229,133.08071167098598,11106800
2023-03-03,134.40927124023438,134.48412149455592,131.99540407421262,132.39770813043643,9513100
2023-03-06,133.6233673095703,134.76479444821547,133.47366679832203,134.20343894537422,9261300
2023-03-07,129.69383239746094,133.14622436860034,128.93599304306042,132.86553942498517,11747600
2023-03-08,128.92662048339844,129.66574357723047,128.07521486521995,129.1137389890067,10002500
2023-03-09,121.9469985961914,128.50561203079567,120.89912344795727,127.95359311585331,25888100
2023-03-10,125.04383850097656,126.55016596450942,119.5892564829732,120.65585476272769,37599700
2023-03-13,122.79839324951172,125.2590437169231,121.07688015329873,122.76097525882312,42901100
2023-03-14,125.95137023925781,126.80277576832238,122.83579819399462,126.56887409173707,29648100
2023-03-15,120.00091552734375,122.55513221056388,118.56944549303599,122.54576700636414,34280600
2023-03-16,122.33057403564453,123.45329920214157,117.90515127584176,119.76700657989248,24558500
2023-03-17,117.70869445800781,120.2067630119433,117.37187542398125,120.11321089351937,38396000
2023-03-20,118.95304107666016,121.13300650727749,117.89580802374506,118.81269863718325,22875500
2023-03-21,122.14346313476562,123.24747223874427,121.80664413628934,122.18088112294035,17807800
2023-03-22,118.99046325683594,122.24637779200849,118.89690401220554,122.15281140926528,17250200
2023-03-23,118.67236328125,121.18914786159336,117.90516598951037,119.66411134480128,16677600
2023-03-24,116.86664581298828,117.5870598897171,115.18255076099294,117.5402766956732,22311100
2023-03-27,120.21613311767578,121.04882266959832,118.15779369937182,118.62559713924354,18853900
2023-03-28,120.58100891113281,121.01138004429853,119.51441059243344,120.42195746833445,10820500
2023-03-29,120.8242416381836,121.83469852854883,119.54245796402887,121.72243029947195,14595300
2023-03-30,120.45935821533203,121.74113477901781,119.43019231062934,121.58208335898726,12134700
2023-03-31,121.9189224243164,121.94698948681693,120.55294446186731,121.31078370183562,13105200
2023-04-03,121.77857971191406,122.97615522658911,121.07687463958605,121.54467802113805,11775400
2023-04-04,120.150634765625,122.18089999811643,119.20567694880206,122.09669880454598,11579900
2023-04-05,120.32978820800781,120.83897461536871,119.24539482672081,119.56600140283258,9614700
2023-04-06,120.19776916503906,120.77296891283402,119.62256941724412,119.7545817664954,8760200
2023-04-10,120.59381866455078,120.9144180617974,119.01909462579046,119.32083819725432,9477300
2023-04-11,121.1878662109375,121.5839032496469,120.26377259314896,120.98041618281354,10516300
2023-04-12,121.16900634765625,122.98889191016728,120.7541062806077,121.81020507799164,11821000
2023-04-13,121.63104248046875,121.67817843760622,119.59426842049776,121.13128047338309,12450200
2023-04-14,130.8153839111328,131.18313365129833,127.203885494498,127.43962287635458,43931300
2023-04-17,131.85263061523438,132.0695049720189,129.8064319221143,131.96577995124935,16050500
2023-04-18,133.33303833007812,133.69136370343526,131.0982528743348,132.2675153006867,13760100
2023-04-19,133.16331481933594,133.42733949908558,132.39008940845062,133.17273913351775,9158100
2023-04-20,132.77670288085938,133.36132690535828,131.86204081063403,131.92805417508572,10586200
2023-04-21,132.5220947265625,133.05958276003037,130.86250905774665,131.76774676054222,11842500
2023-04-24,132.7012939453125,133.0501950833495,132.0506564154336,132.4467079113966,7567500
2023-04-25,129.81585693359375,131.97521936257752,129.77814528414237,131.63575696444445,10629300
2023-04-26,127.51506042480469,129.94787192947922,126.35523653606182,129.76870921734252,14416100
2023-04-27,129.231201171875,130.04213812488115,127.92050225357872,128.24110155428104,9041100
2023-04-28,130.35333251953125,130.4287701994448,127.92994561270648,128.76917001787882,9887300
2023-05-01,133.1444549560547,135.19065346670882,132.79556827560816,134.14397903710298,20415800
2023-05-02,130.9945526123047,134.28545179325292,130.53250214296523,133.3330635185194,14113400
2023-05-03,128.22225952148438,130.7587957914702,128.01480949572795,130.54192145118535,12930900
2023-05-04,126.46836853027344,127.97709332088574,124.29015772517307,127.26045695889117,17089200
2023-05-05,128.93890380859375,130.01386552966144,128.15625409412766,128.65601611604632,11261400
2023-05-08,129.25009155273438,130.0987403256374,128.69374042693596,129.6461286059736,7484900
2023-05-09,128.62771606445312,129.13690235006786,127.49617979443701,128.17509004583522,7343600
2023-05-10,128.69375610351562,130.18361818333858,127.1756066870346,130.07989315283606,8133400
2023-05-11,128.28826904296875,129.00490540884266,127.20386859751291,127.29816929303638,7057300
2023-05-12,126.44951629638672,129.17463940067506,125.5348542562513,129.0143397343364,9988600
2023-05-15,127.51506042480469,127.9299605185385,126.31752488584416,126.60983693690174,7639500
2023-05-16,126.65699768066406,128.184571434476,126.31753524778706,127.73195965339636,6477200
2023-05-17,130.5513458251953,130.68335816998533,127.73193623540837,128.14682189884383,12711500
2023-05-18,131.54144287109375,131.75831720696956,129.9007057157215,130.38161912395563,10999600
2023-05-19,131.23968505859375,132.47496080671468,130.24959974090308,131.8148847439004,13492200
2023-05-22,130.1553192138672,133.5593675074113,129.8064325007541,132.9558803988621,11402500
2023-05-23,128.79747009277344,131.09826919885072,128.6748964405192,129.69326924944642,9514900
2023-05-24,127.61875915527344,128.57114718919925,127.3735975086989,127.67533381307794,8578000
2023-05-25,127.92996978759766,128.49574529973074,126.90215818254924,127.12847126505626,8472500
2023-05-26,129.12750244140625,129.74985254342872,127.8922409405316,128.34485265642655,8579900
2023-05-30,129.61782836914062,129.86299002866338,128.2599789570577,128.99547832389166,7399900
2023-05-31,127.96766662597656,129.0331896408175,126.73239085265756,128.92946463353928,14219900
2023-06-01,129.73098754882812,130.34389893834225,127.72250060847747,128.73146343016603,12248100
2023-06-02,132.45611572265625,133.40848952570417,131.39057819703316,131.5980282354424,12922500
2023-06-05,131.15481567382812,132.11662799580233,130.24959239642322,132.11662799580233,8511900
2023-06-06,131.39056396484375,132.10721470654542,130.32504094290516,130.76821391702885,9329500
2023-06-07,132.66355895996094,133.21047136152305,130.90967242676746,131.58859717434342,9281400
2023-06-08,132.7012939453125,132.85216933536802,131.52260693850843,132.64471927110895,7368100
2023-06-09,132.9652862548828,133.7102243189308,132.21093826512137,132.34295060215618,7249100
2023-06-12,132.9558868408203,133.2576376038491,131.78662421648616,133.02190021583348,7596600
2023-06-13,133.91769409179688,134.71919254624376,132.1449444001086,132.4655437818874,7701600
2023-06-14,133.41793823242188,135.41698669250283,132.6730000236622,134.8417868861988,9068700
2023-06-15,134.92665100097656,135.21896306659968,132.0412276085735,132.56927706754024,9343100
2023-06-16,135.0869140625,135.75641440884684,134.3702777608839,134.888902763228,13813500
2023-06-20,134.39859008789062,134.8417775006675,132.993590163527,134.47402777392367,8428600
2023-06-21,134.20057678222656,135.8035880191667,133.60651400610226,134.74747481847157,9926500
2023-06-22,131.6168975830078,134.46460920225428,131.02283477279025,134.1911457801705,10075200
2023-06-23,130.92852783203125,131.23968846733484,129.7686897292003,130.63620143660617,9919500
2023-06-26,131.2491455078125,132.02235662946714,129.8347212330188,130.94739475615467,8429700
2023-06-27,131.25857543945312,131.86206258032288,130.6362252787307,131.06998840573164,8154000
2023-06-28,130.68338012695312,131.26801865633772,130.08933166972128,131.2208682992193,7558600
2023-06-29,135.2472381591797,135.36982619686677,131.8714916537723,132.0789416921963,15423200
2023-06-30,137.14259338378906,137.6706428625085,135.46414423145836,136.35051916570993,14212800
2023-07-03,138.2458038330078,139.06616515764915,137.67060415791332,137.84976683530974,8021600
2023-07-05,137.3248748779297,138.0749144909716,137.05903695276947,137.60970536548143,8934900
2023-07-06,135.9672088623047,136.13809846913594,134.28672195972595,135.7868157303733,9709500
2023-07-07,137.04002380371094,138.46416154045,135.76779756912282,136.63177793964329,8981500
2023-07-10,137.80908203125,138.60661032544056,137.1919613563135,137.1919613563135,9100100
2023-07-11,139.9642791748047,140.3440579957012,138.3407699875993,138.93889808900514,11260900
2023-07-12,140.6573486328125,142.29036126404046,139.56551536188823,139.99275383802905,11323200
2023-07-13,141.34092712402344,141.81563973153297,140.2775755190674,141.17952657591968,11234900
2023-07-14,142.19544982910156,145.15765251653684,140.90423067279448,143.88542592509552,27028400
2023-07-17,145.62281799316406,145.9741006238415,142.7460612666652,142.7460612666652,17262400
2023-07-18,145.88868713378906,146.5912525458151,145.09117340209914,145.62284922322576,13491700
2023-07-19,146.44888305664062,147.36033790897596,144.52155045479705,145.02474480973652,12510000
2023-07-20,148.25277709960938,148.67052661237804,146.6007861008566,146.7147125181271,9935900
2023-07-21,147.11343383789062,148.24325215914703,146.86658849789106,147.9204510636678,10636400
2023-07-24,150.00918579101562,150.75922534565584,146.90456124389533,147.13242851360997,14381400
2023-07-25,148.8888702392578,149.7433471440621,148.07236396901138,149.34459028934816,9944700
2023-07-26,149.78135681152344,150.24658050679957,148.3762111734355,148.78447165849067,8728600
2023-07-27,148.1293487548828,150.74975753368724,147.68311767662203,149.7908431352339,10778400
2023-07-28,148.9743194580078,149.62942519845643,148.52808843153065,149.32560216465086,9103800
2023-07-31,149.97120666503906,151.31938867192284,149.2021601059496,149.23064170216642,8892700
2023-08-01,149.2306671142578,150.0092028423015,148.252760178746,149.46802344786906,6853900
2023-08-02,147.5406951904297,147.8160366576722,146.15454227720755,147.69260672497168,8299400
2023-08-03,148.44264221191406,148.98380706595435,146.54379173008377,147.16091234184682,6084000
2023-08-04,148.1293487548828,149.8193247370734,147.8255256858196,148.49012054054376,6209400
2023-08-07,148.8319091796875,149.72437130580704,148.6800121374116,148.6800121374116,7251800
2023-08-08,147.99642944335938,148.09136328691218,144.87281190272208,146.51532820278783,8623400
2023-08-09,146.01211547851562,147.65463173407502,145.70830690546498,147.46474956503326,6277800
2023-08-10,145.79373168945312,147.5786557049347,145.34750068558273,146.57226730882834,5995100
2023-08-11,146.63873291015625,146.70519963414918,144.9107864183827,145.2905507389474,5180700
2023-08-14,146.9425506591797,147.08495865248776,145.18610814395512,145.84121388733163,5044300
2023-08-15,143.2018280029297,145.51842818657462,142.63216699521723,145.11967127600838,10300300
2023-08-16,142.59417724609375,143.3252387277019,142.10996110830428,142.9834450662949,6978200
2023-08-17,141.1130828857422,143.61006150117097,140.89470464237237,143.24928974883994,9953900
2023-08-18,141.43589782714844,141.93909211178894,139.9832781772117,140.18264939115832,8517500
2023-08-21,141.92010498046875,142.50875858070003,140.53395200684312,142.0815055602974,8327000
2023-08-22,138.97686767578125,142.071988662852,138.47367347055058,141.7112024451096,9673300
2023-08-23,139.9168243408203,140.12569909939927,138.10343273618693,138.94842080968084,7858000
2023-08-24,139.78387451171875,141.8536290753503,139.55602172506246,140.04022338378658,6534000
2023-08-25,139.6129913330078,141.10358150012652,138.47368388616877,139.8313550926076,6695500
2023-08-28,140.09718322753906,141.09408260654033,139.6889373364973,140.1066867514753,5094100
2023-08-29,141.2365264892578,141.32198579100717,139.73643252108698,140.239641343983,6337000
2023-08-30,140.66685485839844,141.60677662654075,139.74591116541438,141.10358238032228,6277300
2023-08-31,138.9293975830078,140.8472406307521,138.5781148788713,140.7617813486793,10933900
2023-09-01,139.39463806152344,140.59090879765037,138.331271808996,138.7015471192554,7903500
2023-09-05,137.85653686523438,140.71431600394544,137.67614375835612,139.71741664130388,7854700
2023-09-06,137.62867736816406,138.179331211536,136.82166018850404,137.38181755519227,8629200
2023-09-07,136.45140075683594,137.92301282052452,136.13808867976056,136.84066859384592,8373700
2023-09-08,136.5558319091797,136.83115885023375,135.4355026099146,136.11908993117618,7107900
2023-09-11,137.15399169921875,137.71414917581293,136.4229301272596,137.42931867492538,6854200
2023-09-12,138.93890380859375,139.8693510927827,136.76472610689626,137.19196462179704,8363200
2023-09-13,139.00535583496094,140.23010804641115,138.445198408293,139.88831437322602,8325900
2023-09-14,141.7017364501953,142.31885714576558,140.05923461673666,140.36304320180648,10034900
2023-09-15,141.28396606445312,142.157435537023,140.80925344976868,141.38840341916688,19863400
2023-09-18,141.5782928466797,141.59728540862577,140.27758485143556,140.6668526923895,6512400
2023-09-19,141.3979034423828,142.14795754462602,139.7649052491013,141.93908281896947,7943400
2023-09-20,140.79978942871094,142.65116605749836,140.64787788812276,142.08150502383367,7332000
2023-09-21,139.69842529296875,141.32194878188113,139.21422364957758,140.11617470471597,8052400
2023-09-22,138.3596954345703,140.04967070526115,137.84701233022346,139.84079605498923,7071700
2023-09-25,139.04331970214844,139.10978642093082,136.43240036347447,137.99896065892628,7044700
2023-09-26,137.6002197265625,138.46420033917693,136.93562482727535,137.28692208532036,7468400
2023-09-27,138.4072265625,138.70154610348905,137.20145230988828,137.84706908209623,6717800
2023-09-28,140.1256561279297,141.3409191758486,138.62556263410642,138.88191148412818,8868100
2023-09-29,137.68563842773438,141.23647919426716,137.53372692780837,141.08458218141917,11917800
2023-10-02,136.49887084960938,138.25529885185617,135.41652665518785,137.50525928635997,9170600
2023-10-03,135.49249267578125,136.32797709928644,135.15069898391258,135.95770180701876,9431100
2023-10-04,136.10012817382812,136.21405457867013,134.75193144348654,135.9482166426515,8128700
2023-10-05,136.67398071289062,136.86527858338553,134.6941761802794,135.85144948928954,8576200
2023-10-06,138.77813720703125,139.52415218333218,135.94709516298244,136.68355108357935,10270600
2023-10-09,138.4625244140625,139.06506603955546,137.2478529186425,137.40088538612426,6964900
2023-10-10,139.30413818359375,140.37535058812693,138.9502634627436,139.0841631890633,11288800
2023-10-11,139.7823944091797,140.81534171137423,138.70163722888586,140.12671017657786,8698200
2023-10-12,139.45718383789062,140.55708810280757,138.80681784665097,139.92584022144413,10484400
2023-10-13,141.5517578125,146.4391197639744,141.39872538258095,142.0299732105152,29427000
2023-10-16,141.4083251953125,143.00556316894136,140.3275535257519,142.93860599572187,12663500
2023-10-17,141.1022491455078,142.80469497559815,140.39448502750164,141.14051455403643,11482700
2023-10-18,139.5528564453125,141.05444558812798,139.03637551146755,140.20322254691933,9620300
2023-10-19,138.9598388671875,140.61447482979764,138.56771329009695,139.14156307299834,11143600
2023-10-20,136.72177124023438,138.81635689397112,135.92793197547718,138.2711989615324,13332900
2023-10-23,134.8567352294922,137.41996262449084,134.59849484167592,136.7122132123666,10133400
2023-10-24,135.01934814453125,135.55494711247462,134.2446414520433,135.03848084880846,8881400
2023-10-25,134.28289794921875,135.02891291384947,133.43167499757715,134.44550405149027,8242600
2023-10-26,134.62721252441406,135.49756817373063,133.35515763556165,133.6707815939065,9109400
2023-10-27,129.77810668945312,133.03953944875872,129.29989125591192,132.89606606231024,17434700
2023-10-30,131.43272399902344,132.02570644847643,130.1128447725879,130.49542586415146,9855500
2023-10-31,133.0012664794922,133.17343161464632,131.4805449898481,131.71009363872827,9672500
2023-11-01,132.8865203857422,134.40724211494657,132.43699666543975,133.18301164935053,9432000
2023-11-02,135.2584686279297,135.31585215219695,133.16388242830206,133.98641366208327,10186200
2023-11-03,136.76963806152344,137.50609404509203,135.66974820841065,135.99493125788996,9538700
2023-11-06,137.80255126953125,137.907759241179,136.56874736620972,136.9321957398976,7625100
2023-11-07,137.73561096191406,137.97471869091854,136.59747043079386,137.2573955039051,6297900
2023-11-08,138.41468811035156,138.52945515416152,137.36260822883332,137.83126464768748,7618200
2023-11-09,138.00338745117188,139.30413386393238,137.43909680732085,139.10329157766856,7992500
2023-11-10,140.0501708984375,140.0979953626484,137.80256702030007,138.6250981852041,7983300
2023-11-13,139.42848205566406,139.87800570304836,138.83549962463627,139.35196583972888,6676300
2023-11-14,141.9726104736328,142.74731719674958,140.13626482780626,140.2892826861417,9927700
2023-11-15,143.21597290039062,143.6176721402416,141.99174247589872,141.99174247589872,8365300
2023-11-16,144.85147094726562,144.92798717797052,143.5507242132401,143.5507242132401,8126200
2023-11-17,146.16177368164062,146.20002449538472,144.93752873217457,145.56877661377965,7812400
2023-11-20,146.6112823486328,147.05124697230633,145.30097672048066,145.45400916297382,7019000
2023-11-21,146.3052215576172,146.93646939211536,145.9226550728173,146.52519655667834,7083500
2023-11-22,146.64956665039062,147.1756066179995,146.23829373244956,146.72608288149544,5174500
2023-11-24,146.8503875732422,147.7111841021639,146.60172080389682,146.89821203495617,3496900
2023-11-27,146.51565551757812,146.84083852903916,146.05657276057562,146.74518959909054,6259100
2023-11-28,146.8503875732422,147.16601150778249,146.0661218582442,146.54433728743072,6582700
2023-11-29,147.59642028808594,148.84934240484264,147.29035540162295,147.452946899815,9126100
2023-11-30,149.2797393798828,149.3275638445614,147.65380973865382,148.1607169574962,9869800
2023-12-01,150.00662231445312,150.98218594127536,149.0310732816086,149.0310732816086,8916000
2023-12-04,151.1065216064453,151.16390512482474,149.0884518442318,149.2223515851095,9607500
2023-12-05,151.08740234375,151.59430959316785,150.13097136839878,150.40832992990008,9135600
2023-12-06,149.49969482421875,152.28291193264224,149.20320361361243,151.9194635614599,9366000
2023-12-07,149.9588165283203,150.4561647560583,149.3467012457118,149.86318218058807,8130900
2023-12-08,151.61343383789062,151.86210062377233,150.14052204542065,150.4083215360556,7369400
2023-12-11,152.1681671142578,152.35945038185653,151.2595460537026,151.613435422437,8093900
2023-12-12,153.5263214111328,153.65064752792048,151.95777501998109,152.29251714238498,10223000
2023-12-13,154.04275512695312,154.97049424764484,152.80896571367018,153.52628887334043,12379100
2023-12-14,156.84510803222656,157.65806553818322,154.66444675487165,154.7792137924238,13643000
2023-12-15,158.0310821533203,158.07890661972826,155.31482175149597,155.9747614435823,20309300
2023-12-18,158.9875030517578,159.8482996107325,158.41365327308523,158.69101181034705,8469600
2023-12-19,161.1107635498047,161.1298962519052,158.33712009823532,158.76751103465463,10345700
2023-12-20,159.2935791015625,162.02897222739736,159.19793016809442,160.67084201722457,10734700
2023-12-21,160.20217895507812,160.766469694813,158.46146767714353,159.57093104589453,7601700
2023-12-22,160.10653686523438,160.90037631330594,159.94394535331296,160.20218579882498,6576300
2023-12-26,161.05337524414062,161.41682360335457,159.89608760210288,160.163901641612,4683600
2023-12-27,162.01939392089844,162.08635109119726,160.278697214841,160.52736400314126,6428600
2023-12-28,162.8802032470703,163.22451899300316,161.6368400204251,161.97159671013,6320100
2023-12-29,162.6888885498047,163.25317923184892,162.2393648962505,162.59323963007887,6435100
