Date,Close,High,Low,Open,Volume
,KWEB,KWEB,KWEB,KWEB,KWEB
2013-08-01,21.676563262939453,21.676563262939453,21.544590404344678,21.552837331421355,600
2013-08-02,21.701309204101562,21.858027578188427,21.701309204101562,21.858027578188427,1200
2013-08-05,21.701309204101562,21.701309204101562,21.701309204101562,21.701309204101562,0
2013-08-06,21.75080108642578,29.693925452832545,21.75080108642578,29.693925452832545,600
2013-08-07,21.367250442504883,21.367250442504883,21.367250442504883,21.367250442504883,100
2013-08-08,21.412616729736328,21.412616729736328,21.412616729736328,21.412616729736328,100
2013-08-09,21.412616729736328,21.412616729736328,21.412616729736328,21.412616729736328,0
2013-08-12,21.80028533935547,21.80028533935547,21.792036839901602,21.792036839901602,500
2013-08-13,21.83327865600586,21.83327865600586,21.800286230082786,21.81678322966456,600
2013-08-14,21.940507888793945,22.03948674119647,21.940507888793945,22.03948674119647,200
2013-08-15,21.38787078857422,21.38787078857422,21.38787078857422,21.38787078857422,100
2013-08-16,21.46210289001465,21.46210289001465,21.32188155778779,21.32188155778779,300
2013-08-19,21.46210289001465,21.46210289001465,21.46210289001465,21.46210289001465,0
2013-08-20,21.701309204101562,21.701309204101562,21.701309204101562,21.701309204101562,100
2013-08-21,21.651817321777344,21.841528105495186,21.643568821627802,21.841528105495186,1800
2013-08-22,21.825027465820312,21.825027465820312,21.77553804641608,21.77553804641608,1600
2013-08-23,22.080730438232422,22.09722743894102,22.080730438232422,22.09722743894102,200
2013-08-26,22.220949172973633,22.311679519672442,22.220949172973633,22.220949172973633,1300
2013-08-27,22.220949172973633,22.220949172973633,22.220949172973633,22.220949172973633,0
2013-08-28,21.858022689819336,21.858022689819336,21.775539270681378,21.775539270681378,700
2013-08-29,22.03123664855957,22.105471569114957,22.03123664855957,22.105471569114957,200
2013-08-30,22.03123664855957,22.03123664855957,22.03123664855957,22.03123664855957,0
2013-09-03,22.03123664855957,22.03123664855957,22.03123664855957,22.03123664855957,0
2013-09-04,22.30343246459961,22.30343246459961,22.30343246459961,22.30343246459961,100
2013-09-05,22.724096298217773,22.724096298217773,22.724096298217773,22.724096298217773,100
2013-09-06,23.004539489746094,23.004539489746094,22.773587782453966,22.88906363610003,3400
2013-09-09,24.052074432373047,24.052074432373047,24.052074432373047,24.052074432373047,200
2013-09-10,23.771629333496094,23.79637483003458,23.771629333496094,23.79637483003458,600
2013-09-11,23.887107849121094,24.002585272674565,23.78812899835008,23.78812899835008,500
2013-09-12,23.96959114074707,24.21704141278413,23.96959114074707,24.21704141278413,1500
2013-09-13,23.713891983032227,23.713891983032227,23.713891983032227,23.713891983032227,100
2013-09-16,24.002586364746094,24.151056220898173,24.002586364746094,24.151056220898173,10000
2013-09-17,24.002586364746094,24.002586364746094,24.002586364746094,24.002586364746094,0
2013-09-18,24.546972274780273,24.546972274780273,24.167549173108046,24.167549173108046,900
2013-09-19,24.843915939331055,25.21508902796295,24.843915939331055,25.21508902796295,700
2013-09-20,24.6212100982666,24.835666385673253,24.6212100982666,24.835666385673253,1000
2013-09-23,24.299524307250977,24.299524307250977,24.299524307250977,24.299524307250977,100
2013-09-24,24.505733489990234,24.52223049109215,24.439747058823205,24.439747058823205,1200
2013-09-25,24.819169998168945,24.819169998168945,24.736686566630464,24.75318356758628,2500
2013-09-26,25.116106033325195,25.140849957883898,24.827414851964143,24.975884692277848,6100
2013-09-27,25.050121307373047,25.050121307373047,25.03362430772411,25.03362430772411,400
2013-09-30,25.165599822998047,25.165599822998047,25.165599822998047,25.165599822998047,300
2013-10-01,25.46253776550293,25.46253776550293,24.678947559931586,25.1985904814461,9000
2013-10-02,25.8667049407959,25.8667049407959,25.817213939878986,25.817213939878986,2700
2013-10-03,25.792469024658203,26.74927298036639,25.56151574894777,26.74927298036639,3900
2013-10-04,26.361604690551758,26.460586701121116,26.056418024166295,26.056418024166295,1400
2013-10-07,26.213132858276367,26.699781758668166,26.180138859204128,26.699781758668166,2500
2013-10-08,24.711938858032227,26.16364177443157,24.711938858032227,26.16364177443157,5100
2013-10-09,24.720190048217773,24.901653915792764,24.217044095168667,24.332519957632293,1800
2013-10-10,25.51202964782715,25.520278148738925,25.41304921012653,25.44604321377363,4800
2013-10-11,25.899696350097656,25.907944849926242,25.404797373065886,25.404797373065886,8900
2013-10-14,26.056415557861328,26.056415557861328,25.578013564742797,25.578013564742797,1600
2013-10-15,25.907949447631836,26.320365072806798,25.693493133751964,26.320365072806798,3100
2013-10-16,26.130647659301758,26.196634079724625,26.056412739670986,26.056412739670986,2700
2013-10-17,26.303863525390625,28.61338999802975,26.12240124803371,28.61338999802975,600
2013-10-18,27.442134857177734,27.524616719954587,27.029719250330725,27.277167985142654,9300
2013-10-21,27.590599060058594,27.706074902819186,27.590599060058594,27.673080905893094,5500
2013-10-22,27.433876037597656,27.79680366967647,27.112192470240796,27.79680366967647,22900
2013-10-23,26.056415557861328,27.3019091813971,26.023421557461173,27.3019091813971,7100
2013-10-24,26.41109275817871,26.905990170053535,26.262622905320065,26.510071611257477,9200
2013-10-25,25.70998764038086,26.006927365116617,25.70998764038086,26.006927365116617,13500
2013-10-28,24.546972274780273,25.01712572228947,24.538723775478662,25.01712572228947,8600
2013-10-29,25.00063133239746,25.00063133239746,24.365512552305184,24.365512552305184,4800
2013-10-30,24.827415466308594,25.69348745858198,24.827415466308594,25.495528191012077,3400
2013-10-31,24.769678115844727,24.827416040232265,24.769678115844727,24.827416040232265,400
2013-11-01,24.95939064025879,24.95939064025879,24.95939064025879,24.95939064025879,200
2013-11-04,25.363557815551758,25.363557815551758,25.074866598938016,25.363557815551758,3200
2013-11-05,24.992382049560547,24.992382049560547,24.992382049560547,24.992382049560547,500
2013-11-06,24.49748420715332,25.01712710597297,24.49748420715332,25.01712710597297,2200
2013-11-07,23.713891983032227,24.093313499605387,23.713891983032227,24.093313499605387,11100
2013-11-08,24.068572998046875,24.068572998046875,23.845868211918468,23.845868211918468,2200
2013-11-11,24.728435516357422,24.802670439763492,24.480986820497474,24.530476245021376,21800
2013-11-12,24.893402099609375,25.008877946692806,24.60471090866037,24.992380947612194,9000
2013-11-13,25.41304588317871,25.43779138267448,25.03362433035311,25.03362433035311,8500
2013-11-14,25.46253776550293,25.5532681203207,25.330563336854247,25.404798264676398,5000
2013-11-15,26.039918899536133,26.09765682775391,25.924443043100585,25.924443043100585,11300
2013-11-18,25.7347354888916,26.609054595373284,25.7347354888916,26.221386049595772,13400
2013-11-19,25.231584548950195,26.196637039961427,25.223336048810207,26.196637039961427,5700
2013-11-20,24.918148040771484,26.180140254200918,24.753182756341587,26.180140254200918,6400
2013-11-21,25.107860565185547,25.149101493255746,25.03362563606674,25.03362563606674,700
2013-11-22,25.338808059692383,25.355305057469312,25.050118464797624,25.140848806090133,26700
2013-11-25,24.843915939331055,25.34706189146415,24.744935505084836,25.338813390840247,13200
2013-11-26,25.289323806762695,25.446042171183905,24.744935354815993,25.446042171183905,2900
2013-11-27,25.52027702331543,25.52027702331543,25.330564657192127,25.45429059217186,800
2013-11-29,25.8089656829834,25.8089656829834,25.50377748601818,25.50377748601818,5700
2013-12-02,26.006925582885742,26.006925582885742,25.775972304669324,25.775972304669324,3300
2013-12-03,26.213132858276367,26.213132858276367,25.9326901591242,26.114152434300117,26900
2013-12-04,26.51007080078125,26.741022499731287,26.03991732992958,26.741022499731287,16600
2013-12-05,26.658540725708008,26.782266648490165,26.559561875370832,26.724528723586737,3100
2013-12-06,26.064664840698242,26.56781077598612,25.883200979528986,26.56781077598612,9500
2013-12-09,25.916194915771484,26.10590570357101,25.907946415444474,25.940940416752518,13700
2013-12-10,26.064664840698242,26.064664840698242,25.78422212183719,25.78422212183719,700
2013-12-11,25.775970458984375,26.51831966679543,25.775970458984375,26.51831966679543,1900
2013-12-12,25.72648048400879,25.775969905720473,25.685237988215427,25.775969905720473,1300
2013-12-13,26.122404098510742,26.5348181241899,25.973934231181104,26.023423662544097,420500
2013-12-16,25.850204467773438,27.55760443902124,25.817210471594578,27.55760443902124,120000
2013-12-17,25.97393035888672,26.0151728565745,25.80896508785685,25.866703011379325,42300
2013-12-18,26.155393600463867,26.17189060015172,25.6604961957522,25.924441897795884,44000
2013-12-19,26.171892166137695,26.270872596946777,25.8172145178293,25.883200947288497,33200
2013-12-20,26.402841567993164,26.41933856722188,26.06466252324709,26.155392872524157,49700
2013-12-23,26.757516860961914,26.79876092869155,26.427586344489058,26.427586344489058,59700
2013-12-24,26.889495849609375,26.905992851179896,26.732779054411413,26.8977459236353,21700
2013-12-26,26.776954650878906,26.96727254939634,26.652832772626,26.96727254939634,39700
2013-12-27,27.34790802001953,27.43893030877853,26.97554554625563,27.066567835014634,82100
2013-12-30,27.455482482910156,27.59615100933198,27.28998768505157,27.59615100933198,30500
2013-12-31,27.60442543029785,27.637525018715593,27.472030233177378,27.596148954918174,41500
2014-01-02,27.927139282226562,27.976788666197614,27.529953680109852,27.81129387617801,57100
2014-01-03,27.538232803344727,28.100913314076156,27.472036767315217,28.100913314076156,52100
2014-01-06,27.844396591186523,27.968515330221344,27.629252393044688,27.90231930071296,21600
2014-01-07,28.514644622802734,28.655316308163396,27.885768168124862,27.894041487710417,54600
2014-01-08,29.42486572265625,29.482788431916227,28.961480892025513,28.961480892025513,168900
2014-01-09,28.349151611328125,29.45796274226857,28.307778697687635,29.424866305286763,87700
2014-01-10,28.56429100036621,28.630487019728417,28.249851227882015,28.589114113058233,26800
2014-01-13,27.927139282226562,28.862182162769344,27.910589487569542,28.738060281116997,85100
2014-01-14,28.572566986083984,28.580843462120825,28.12573513316746,28.208480954231437,296700
2014-01-15,29.019405364990234,29.151800587995435,28.762888239426548,28.92010973687411,204100
2014-01-16,29.284196853637695,29.35866936651409,28.804265336862983,29.085605590334787,116700
2014-01-17,28.986305236816406,29.540712393079687,28.953208799087335,29.35039446079559,121900
2014-01-21,29.275920867919922,29.275920867919922,28.903558337433974,29.151798972240965,62900
2014-01-22,29.664831161499023,29.664831161499023,29.259372179158728,29.39176739983836,86100
2014-01-23,28.20848274230957,28.63049150696732,28.00161501998596,28.58911859381279,241800
2014-01-24,26.992097854614258,27.72854639546495,26.9838245351157,27.72854639546495,297800
2014-01-27,26.760408401489258,27.17414384173705,25.99086023010429,27.074848219911832,141300
2014-01-28,28.026432037353516,28.100904527445078,26.975543857861602,26.975543857861602,61500
2014-01-29,27.59615135192871,28.076085956021757,27.298264499945965,27.786472423586822,42300
2014-01-30,28.04298210144043,28.373971650947393,27.8692140083969,28.034708783150382,36500
2014-01-31,27.968517303466797,28.059539612444727,27.472035999197722,27.61270454467187,24700
2014-02-03,26.735584259033203,28.042986558630396,26.66111175638489,27.836118846446283,54700
2014-02-04,27.07485008239746,27.289991137243522,26.83488275297411,27.099673200423627,44100
2014-02-05,26.4211483001709,26.77696106946569,26.007412815553817,26.77696106946569,53300
2014-02-06,26.8845272064209,27.050018838259803,26.47079023544728,26.47079023544728,27900
2014-02-07,27.67890167236328,27.80302041090382,27.09139810290567,27.165870608650362,55300
2014-02-10,28.009891510009766,28.150563218516798,27.836123361163988,27.943695472780977,34900
2014-02-11,27.99334144592285,28.390527090393427,27.918868940300186,28.07608727148096,62900
2014-02-12,28.282955169677734,28.282955169677734,28.034714534892366,28.1753830705354,75100
2014-02-13,29.284196853637695,29.284196853637695,28.02644061203147,28.051266887357748,73200
2014-02-14,29.168352127075195,29.457965708269608,28.9614843814931,29.457965708269608,55100
2014-02-18,30.550220489501953,30.550220489501953,29.565531371647577,29.623454075253683,117000
2014-02-19,30.326812744140625,30.69917216069179,30.202690834256043,30.566776929872173,56000
2014-02-20,30.459199905395508,30.484023018175513,30.01236493605268,30.161309925833624,34600
2014-02-21,30.301982879638672,30.616422699303616,30.136488071575496,30.616422699303616,32200
2014-02-24,30.144760131835938,30.566768831848854,30.045464524165332,30.566768831848854,57900
2014-02-25,29.58208465576172,30.1364886432567,29.44968943810986,30.053742815930903,86200
2014-02-26,30.10338592529297,30.4509221154103,29.838595545236817,29.838595545236817,42800
2014-02-27,31.179100036621094,31.270122329786243,30.616419639373426,30.66606902379549,110700
2014-02-28,31.584562301635742,31.907278599681476,31.179103333904155,31.865902530012146,241200
2014-03-03,31.534914016723633,31.56801360768513,30.856388184766615,31.013606507007626,77300
2014-03-04,33.26433181762695,33.26433181762695,32.36238838307921,32.60235570891096,263200
2014-03-05,33.818729400634766,33.88492857721177,33.38017090373879,33.462916717909565,169500
2014-03-06,34.6379280090332,34.853069027008,33.942852414463786,34.10834720489471,266200
2014-03-07,34.05043029785156,34.952373744852416,33.76081357616072,34.88617455479127,143000
2014-03-10,32.941619873046875,33.67806851835419,32.743025454855,33.61186932677317,163700
2014-03-11,32.28791046142578,33.33052226332073,32.1886148509002,33.05745854523775,103400
2014-03-12,32.486507415771484,32.50305721320492,31.361149599257867,31.865904216497654,96800
2014-03-13,31.485267639160156,32.81749631544241,31.154281167566776,32.62717838405224,134800
2014-03-14,30.963956832885742,31.34459581230505,30.74881580673631,31.04670580952068,81900
2014-03-17,31.220474243164062,31.791427983274012,30.963957147812835,31.48526465798758,227900
2014-03-18,32.19689178466797,32.19689178466797,31.410793818087072,31.48526632348002,231200
2014-03-19,31.700410842895508,32.42030963133187,31.361147905213922,32.271364619027665,133900
2014-03-20,30.906038284301758,31.601113998767673,30.831565773589297,31.559741083161,84500
2014-03-21,30.781911849975586,31.468710915867593,30.781911849975586,31.071525343445046,61500
2014-03-24,30.020645141601562,30.848116093963686,29.788954285036542,30.765370261347947,156500
2014-03-25,29.755857467651367,30.384737217833266,29.582089309003006,30.20269258121985,79500
2014-03-26,29.093873977661133,30.376453120556935,29.0690508630953,30.177861890928913,103700
2014-03-27,28.233304977416992,29.151798140905594,28.092636445773213,28.961480221095922,136500
2014-03-28,29.027673721313477,29.63172695457145,28.564288992154516,28.564288992154516,69000
2014-03-31,29.813777923583984,30.111667976678948,29.606910181884842,29.739305410310244,94300
2014-04-01,31.046709060668945,31.08808197504355,30.20268834991266,30.20268834991266,120200
2014-04-02,30.6826229095459,31.344599007348993,30.575050807230703,31.187377513991933,67100
2014-04-03,29.46623420715332,30.558495355549784,29.43313461925029,30.484022861043186,201800
2014-04-04,28.299501419067383,29.482784891664316,28.134006631103723,29.482784891664316,139200
2014-04-07,27.397560119628906,28.299503464854787,26.818329898158485,27.993340136747143,167000
2014-04-08,28.680139541625977,28.680139541625977,27.389283878957674,27.45548306211795,84100
2014-04-09,29.664831161499023,29.664831161499023,28.68014190497868,29.044227972709916,43500
2014-04-10,28.64704132080078,30.037192668177163,28.547745697859877,29.987546434982182,66100
2014-04-11,28.084360122680664,28.713239750009418,27.844395969946845,28.282954519876814,47300
2014-04-14,28.22502899169922,28.74633647027363,27.94368879843452,28.233302310670002,35500
2014-04-15,28.05126953125,28.2167612140833,26.801786492618604,28.175388293374972,79100
2014-04-16,28.65531349182129,28.71323619287967,28.026433942401074,28.514641820286318,62700
2014-04-17,28.969757080078125,29.077329189304212,28.34088053590125,28.638770588188116,42000
2014-04-21,29.218000411987305,29.27592312602492,28.688416351920104,29.03595579269698,22200
2014-04-22,29.615184783935547,29.82205251253546,29.31729474970351,29.31729474970351,49200
2014-04-23,29.060773849487305,29.5241586376297,29.052500530302005,29.5241586376297,28000
2014-04-24,28.613941192626953,29.34211320898474,28.134006623320175,29.34211320898474,51800
2014-04-25,27.803024291992188,28.481550258360414,27.645805938607328,28.473276937256518,51900
2014-04-28,26.743858337402344,27.678901306837357,26.37977071171147,27.678901306837357,131500
2014-04-29,27.240337371826172,27.37273573084852,26.735582832531243,26.810055331206005,29800
2014-04-30,26.57836151123047,26.793505689319645,26.106703402447334,26.793505689319645,92200
2014-05-01,27.331363677978516,27.58788080141844,26.553542143831592,26.553542143831592,42100
2014-05-02,27.546506881713867,28.117460663518866,27.33136268111421,27.563056678417762,45600
2014-05-05,27.64579963684082,27.64579963684082,26.934174235166903,27.33963632096389,20600
2014-05-06,27.033466339111328,27.637522729780528,27.016919702823333,27.538223972751215,14700
2014-05-07,25.932937622070312,27.198967064066764,25.502652383749414,27.19069374411196,115700
2014-05-08,25.577125549316406,26.346673743551516,25.535752635373324,25.74262036163973,72400
2014-05-09,26.007410049438477,26.007410049438477,25.56884991420985,25.56884991420985,27900
2014-05-12,27.273441314697266,27.289991112216573,26.412872361275546,26.412872361275546,54300
2014-05-13,26.942453384399414,27.430661337023377,26.876254197883853,27.430661337023377,20000
2014-05-14,27.190696716308594,27.381014661581784,26.975552495355416,27.107947724960734,153300
2014-05-15,27.116222381591797,27.223794484845214,26.710760242591093,27.223794484845214,115800
2014-05-16,27.016925811767578,27.2155170576303,26.743858903017657,27.2155170576303,12500
2014-05-19,27.438940048217773,27.447213369882274,26.89280927836534,26.89280927836534,36000
2014-05-20,27.687171936035156,27.902316109571313,27.36445883228149,27.50513050829368,70700
2014-05-21,28.026432037353516,28.067804941504328,27.6788958546264,27.811291041839148,26100
2014-05-22,28.307775497436523,28.37397467701814,28.026435297315892,28.158830499928506,58900
2014-05-23,28.324329376220703,28.36570229114918,27.67890306499349,28.21675727216581,19600
2014-05-27,28.580846786499023,28.613946381394886,28.340879458330672,28.5146475967073,26200
2014-05-28,28.65531349182129,28.85390470786417,28.506368501513894,28.75460909984273,15600
2014-05-29,28.746339797973633,28.83735894339085,28.423623502845494,28.613944583261155,20100
2014-05-30,28.233304977416992,28.738062709175654,28.14228267738827,28.738062709175654,25000
2014-06-02,28.03471565246582,28.398801720894863,27.976792940591906,28.282956297147035,18600
2014-06-03,27.803024291992188,28.1671135515907,27.72027845474781,28.1671135515907,22200
2014-06-04,27.844396591186523,27.960242010239394,27.579606160051128,27.678901782589172,28000
2014-06-05,28.25813102722168,28.340876850295647,27.645801204201547,27.885768510287196,33100
2014-06-06,28.282955169677734,28.42362370532077,28.216755983574476,28.225032460112846,18400
2014-06-09,28.605667114257812,28.754612120210304,28.340876694020228,28.340876694020228,14500
2014-06-10,28.746339797973633,28.77943623423857,28.613944583261155,28.68841393227045,25500
2014-06-11,29.19316864013672,29.375213225149324,28.59739181413738,28.713237220399737,32000
2014-06-12,28.953210830688477,29.40004275861935,28.820815600829093,29.30902044623766,51300
2014-06-13,29.06905174255371,29.160074040783137,28.762885256409135,28.95320632900745,21300
2014-06-16,29.16007423400879,29.168347553652296,28.72151253568373,29.00285275182496,20000
2014-06-17,29.4827880859375,29.58208370685353,29.00285346450007,29.00285346450007,21000
2014-06-18,29.79722785949707,29.82205413473421,29.32556966515706,29.457964892400728,19600
2014-06-19,29.416593551635742,29.929624690119965,29.292474795005614,29.722756939185043,37100
2014-06-20,29.110427856445312,29.441417494323534,28.853910729262132,29.441417494323534,26600
2014-06-23,29.168352127075195,29.168352127075195,28.804266031209178,29.110429410836314,9800
2014-06-24,29.325565338134766,29.79722346288105,29.01940201216191,29.01940201216191,18700
2014-06-25,29.660133361816406,29.72688062002163,29.109481212361107,29.501613397605674,10900
2014-06-26,30.23581886291504,30.319249757232292,29.81865802595955,29.82699984231743,42500
2014-06-27,30.477767944335938,30.486112942889637,30.15238301979895,30.352621610190244,58500
2014-06-30,30.953330993652344,31.028420067159324,30.5194865497058,30.5194865497058,72400
2014-07-01,31.462263107299805,31.48729491660934,31.12019141845312,31.178593669035436,102300
2014-07-02,31.537357330322266,32.0629808542549,31.537357330322266,31.662506849296292,50200
2014-07-03,31.604097366333008,31.7959909176024,31.462261065065523,31.70421504902057,28700
2014-07-07,31.145227432250977,31.620790498439888,31.070138359553553,31.55404324151578,36700
2014-07-08,29.810306549072266,31.061788787988906,29.434861240860492,31.061788787988906,130600
2014-07-09,29.768596649169922,29.902087985515255,29.451553531843064,29.902087985515255,29500
2014-07-10,29.98551368713379,30.06894774708612,28.80077867996627,29.092789933089545,84500
2014-07-11,29.893749237060547,30.07729785419299,29.726884253834374,29.843688787287245,42300
2014-07-14,30.452735900878906,30.669658098695958,30.227468705443467,30.227468705443467,57700
2014-07-15,30.369306564331055,30.753093724497237,30.03557666168311,30.669659657493135,48000
2014-07-16,30.427709579467773,30.91995944768535,30.411022765650394,30.53616909525427,38800
2014-07-17,29.63509750366211,30.427703496776914,29.534979823456307,30.31089900608953,55300
2014-07-18,30.085634231567383,30.185751919736354,29.91876929616315,29.91876929616315,21600
2014-07-21,30.59457015991211,30.619601971004766,29.918771731409848,30.035576240894972,10200
2014-07-22,31.337116241455078,31.420547117198584,30.81983462725688,30.919955497369763,40300
2014-07-23,31.370492935180664,31.50398427258926,31.29790863169879,31.362151119017113,105600
2014-07-24,31.637468338012695,31.70421558271717,31.362143910316256,31.637468338012695,45500
2014-07-25,32.23818588256836,32.23818588256836,31.745936014806517,31.854398713176906,75400
2014-07-28,32.880611419677734,32.94652162395812,32.33830115128464,32.51351109168928,106200
2014-07-29,32.38836669921875,33.20600154694,32.38836669921875,33.20600154694,258800
2014-07-30,32.304927825927734,32.83889304905319,32.15474970908823,32.805519426936904,71900
2014-07-31,31.370492935180664,32.12138369728185,31.287062042806994,32.12138369728185,156200
2014-08-01,31.295398712158203,32.20480929328235,30.736404823280246,31.462263652147627,109400
2014-08-04,31.962862014770508,32.07966653090412,31.48729895183547,31.520669397384815,78700
2014-08-05,31.428895950317383,31.946177680033568,31.21030598859562,31.854401786610225,120700
2014-08-06,31.55403709411621,31.7876460824698,31.303741294782544,31.462261225067653,54100
2014-08-07,31.74593734741211,32.07966727209113,31.53735694015883,31.645819643082177,33800
2014-08-08,32.288246154785156,32.29658797030026,31.787651291403293,31.854398546261255,73700
2014-08-11,33.19765853881836,33.239373983928836,32.53854368494571,32.621974575166654,134000
2014-08-12,33.18096923828125,33.231029678273906,32.8430700207124,33.164282424950365,102200
2014-08-13,33.45629119873047,33.53972525914336,33.331144882137096,33.364518506302254,189000
2014-08-14,33.23103332519531,33.498016002420925,32.98907927937068,33.28943558692063,96200
2014-08-15,33.239376068115234,33.63985009511847,33.07251109452606,33.289436514997384,136500
2014-08-18,33.70659255981445,33.72327619038243,33.45629354371605,33.48132535493641,85900
2014-08-19,33.673213958740234,34.15711874082885,33.673213958740234,33.84007888392669,68200
2014-08-20,33.5063591003418,33.790028603580474,33.372867756622696,33.52304591614227,76100
2014-08-21,33.089195251464844,33.42292517182828,33.039134808605006,33.37286472896845,85100
2014-08-22,33.2143440246582,33.314461725455025,32.91398773958342,33.09753632726353,81400
2014-08-25,33.38120651245117,33.46464058380345,33.0391347766178,33.10588203369963,86200
2014-08-26,33.58978271484375,33.66487177832523,33.247711021802324,33.58978271484375,48000
2014-08-27,33.014102935791016,33.631502273015585,32.96404249784824,33.631502273015585,51100
2014-08-28,32.46345138549805,32.89729897345095,32.455109570378475,32.580255893276885,69300
2014-08-29,32.38836669921875,32.655349376732445,32.3549930688584,32.43008214582691,37200
2014-09-02,32.84724044799805,32.880614075788586,32.321620132376474,32.321620132376474,59200
2014-09-03,32.89729690551758,33.43960715203997,32.672029719239845,33.3812017191378,79000
2014-09-04,32.964046478271484,33.40623911011742,32.863928772980756,33.13091144221234,73400
2014-09-05,32.94735336303711,33.03912604323935,32.64699715093217,32.939008366765556,68000
2014-09-08,32.97238540649414,33.222681214981954,32.78883366168394,32.86392272249867,100000
2014-09-09,32.02960205078125,33.072503931479694,31.987886612090104,32.99741486876205,123000
2014-09-10,31.428895950317383,32.03795357345691,31.11185600554443,32.03795357345691,145700
2014-09-11,31.370492935180664,31.412211564052036,31.078481629188282,31.32877748899383,44000
2014-09-12,31.47895050048828,31.612441816095995,31.31208556030764,31.38717462425473,64800
2014-09-15,30.494447708129883,31.520662687738348,30.29421234671948,31.495634063232966,233600
2014-09-16,30.753087997436523,30.87823430061069,30.160720554101346,30.511134022209376,168300
2014-09-17,30.786466598510742,30.953328363070398,30.66131709240685,30.86989748079057,160900
2014-09-18,31.120197296142578,31.161912742625347,30.844872803208677,31.02007958804703,287400
2014-09-19,30.757261276245117,31.537349785480615,30.521147519494292,31.42054529314698,338400
2014-09-22,29.793622970581055,30.53616867035853,29.543327132171743,30.51114004132288,116700
2014-09-23,29.918766021728516,30.152374996116947,29.49326032388264,29.71852748462159,53600
2014-09-24,30.27753448486328,30.302563116766024,29.82700001450615,30.119011328986907,51800
2014-09-25,29.55167007446289,30.335934429450415,29.45989737027134,30.335934429450415,159900
2014-09-26,29.601728439331055,29.78528020019911,29.51829755676421,29.51829755676421,71700
2014-09-29,29.242965698242188,29.426517432639667,29.109474395775937,29.20125026297468,88200
2014-09-30,28.859188079833984,29.45990072956859,28.809127631461184,29.276348934886407,92200
2014-10-01,27.958112716674805,28.85918148537836,27.832966398366434,28.78409242131973,143200
2014-10-02,28.28350830078125,28.44202828584846,27.557646094377784,28.03320923226427,77800
2014-10-03,28.75071907043457,29.0093598896955,28.667288190767973,28.69231681813114,69600
2014-10-06,28.742380142211914,29.20125639183241,28.717348329650687,29.009362803179634,22800
2014-10-07,28.50876808166504,28.975989332237916,28.43368219162672,28.74238029829367,28200
2014-10-08,29.001014709472656,29.12616421086842,28.108290935389352,28.450362632162545,24500
2014-10-09,28.450366973876953,29.04273776384138,28.416996526738355,29.009364134018266,32200
2014-10-10,27.382434844970703,28.32521915058093,27.382434844970703,28.18338282261342,122700
2014-10-13,26.931901931762695,27.782910399472513,26.923560115616556,27.507585909066574,94300
2014-10-14,27.06538963317871,27.46586359077245,26.635714548969307,27.06538963317871,104600
2014-10-15,27.68278694152832,27.774562813493134,26.439648128164418,26.72331596713016,64600
2014-10-16,28.158348083496094,28.391957063952255,26.931894570733938,27.12378811649202,24600
2014-10-17,28.175039291381836,28.850840896628807,28.058234782923282,28.69231776427721,118700
2014-10-20,28.65894317626953,28.709003613650363,28.175038345657697,28.200066973006088,18800
2014-10-21,29.34308433532715,29.40148976582477,29.017699473883372,29.017699473883372,74200
2014-10-22,29.184568405151367,29.668476447891337,29.134507964724538,29.418177428441428,33600
2014-10-23,29.418176651000977,29.70184610722127,29.35977439672187,29.426521648860366,28000
2014-10-24,29.426523208618164,29.493267281610283,29.076106481685475,29.268003250413095,28400
2014-10-27,29.034387588500977,29.284683402180033,28.975985338065332,29.234626149054588,45800
2014-10-28,29.835338592529297,29.860370404399667,29.34308872820243,29.34308872820243,74500
2014-10-29,29.401493072509766,29.927113361948823,29.284685381061365,29.927113361948823,63600
2014-10-30,29.918766021728516,29.94379464536054,29.434858080285533,29.451544890268075,592200
2014-10-31,30.494447708129883,30.661312631094347,30.319240971224858,30.561194950389144,249500
2014-11-03,30.586233139038086,31.028422617882946,30.461083612010263,30.49445724357564,76300
2014-11-04,30.869897842407227,30.869897842407227,30.302558924742847,30.619602009951574,69900
2014-11-05,30.27753448486328,31.078482532597317,30.13569814448361,31.03676708519787,187300
2014-11-06,30.411020278930664,30.477764346058184,30.043916770335144,30.152379459936913,77500
2014-11-07,30.577890396118164,30.661321289819348,30.25250227224054,30.427712241308363,534400
2014-11-10,31.54570198059082,31.545701980590817,30.77812442588482,30.77812442588482,310400
2014-11-11,31.312089920043945,31.60410440168969,31.05345225030237,31.60410440168969,92400
2014-11-12,31.629135131835938,31.6958823947061,31.203632470434997,31.203632470434997,92000
2014-11-13,31.35380744934082,31.937830026800494,31.26203156354449,31.729249625512228,79700
2014-11-14,32.14640808105469,32.18812670441391,31.31208653681608,31.503980110068863,92500
2014-11-17,31.428895950317383,32.02126675804497,31.196120763287404,31.92114586557336,59400
2014-11-18,30.90327262878418,31.35380705372635,30.89492763053471,31.35380705372635,71500
2014-11-19,30.32758331298828,30.803146282969323,30.235810627310112,30.803146282969323,475400
2014-11-20,30.37764549255371,30.56953905439896,29.968826559798934,30.27752780434835,43900
2014-11-21,30.803146362304688,31.103502593104984,30.711373676390153,31.103502593104984,58000
2014-11-24,30.853212356567383,30.878240986084457,30.667992859698643,30.78646828362707,29600
2014-11-25,30.67800521850586,30.97836149986399,30.661318404798823,30.97836149986399,104000
2014-11-26,30.836523056030273,30.836523056030273,30.402675477508218,30.60291404555073,804500
2014-11-28,30.50279998779297,30.711380395629583,30.377650470017223,30.711380395629583,34100
2014-12-01,29.22628402709961,30.27753100373348,29.091958837882373,30.260844190155325,92300
2014-12-02,29.251312255859375,29.450713765728036,29.16704433501419,29.393145379874365,62800
2014-12-03,29.217941284179688,29.501610740635186,29.209596286313378,29.476582112404575,220200
2014-12-04,28.95929718017578,29.41817334770733,28.917581743615422,29.41817334770733,71300
2014-12-05,28.83415985107422,29.109484364271168,28.7173521365674,29.034395282002038,90700
2014-12-08,27.782909393310547,28.567173755395437,27.599360800582,28.558828756866987,255800
2014-12-09,28.099950790405273,28.20006848786102,26.906870688219854,27.132137894508453,249700
2014-12-10,27.390777587890625,28.113297798336013,27.380764863756376,27.94977149000231,59600
2014-12-11,27.791250228881836,28.119970556457908,27.41163241981205,27.440833544918654,676700
2014-12-12,27.666109085083008,27.948944743767004,27.44167569424705,27.565991366298505,30200
2014-12-15,27.499238967895508,27.949773392393244,27.248943126291532,27.732851178385612,721300
2014-12-16,26.781721115112305,27.239763478661246,26.75669248647949,27.190540084658814,266700
2014-12-17,26.973621368408203,27.073739078583028,26.56563620931482,26.831785028199633,137200
2014-12-18,27.791250228881836,27.999830603267274,27.37408948011096,27.449178542197075,69000
2014-12-19,28.11663818359375,28.25012951051573,27.924744600061175,27.949773229270207,364000
2014-12-22,27.999834060668945,28.316873977350262,27.950607482162813,28.099951761584926,56500
2014-12-23,27.641075134277344,27.908057788138308,27.641075134277344,27.832968717822144,43300
2014-12-24,27.762882232666016,27.899708994110625,27.674441813810372,27.674441813810372,13600
2014-12-26,28.083263397216797,28.15001064926532,27.96645888881604,27.9998325148403,25900
2014-12-29,27.48255157470703,27.85799692053996,27.45752294587958,27.85799692053996,133200
2014-12-30,27.365747451782227,27.482551964880933,27.190540682134166,27.415807892832078,60600
2014-12-31,27.19887924194336,27.5326091102932,27.173850615756486,27.482548675235556,54900
2015-01-02,27.732847213745117,27.761211292194396,27.35740191367002,27.35740191367002,221100
2015-01-05,27.8162784576416,28.10828970453256,27.63105898598965,27.699473958885214,57000
2015-01-06,27.958112716674805,28.14166446941457,27.491728565908755,28.049888593044688,43900
2015-01-07,28.23343849182129,28.4753924804204,28.150007618427573,28.33355617643051,43900
2015-01-08,28.70066261291504,28.72569124097342,28.358590904485922,28.58385492237961,62800
2015-01-09,28.450366973876953,28.859185982498783,28.44202515776343,28.700666014865774,21800
2015-01-12,27.774564743041992,28.492081774413535,27.674443867024507,28.492081774413535,156800
2015-01-13,27.591012954711914,28.03320235055428,27.407461198241155,27.999831907937484,26900
2015-01-14,27.440837860107422,27.56598737749255,27.257286083325077,27.332375157219268,42400
2015-01-15,26.95693016052246,27.65776038292098,26.940243347764866,27.65776038292098,709800
2015-01-16,27.2656307220459,27.340719794949013,26.915213987603224,26.940245800360525,678300
2015-01-20,27.6744441986084,27.812108017768807,27.432493368710738,27.432493368710738,50000
2015-01-21,28.23343849182129,28.358587984595673,27.799590948269586,27.799590948269586,57400
2015-01-22,28.425334930419922,28.458708556236562,28.200067730183786,28.341904048562448,61200
2015-01-23,28.500425338745117,28.64226166380034,28.275158127905144,28.275158127905144,56600
2015-01-26,28.719850540161133,28.892555709346972,28.642259884854088,28.642259884854088,33900
2015-01-27,28.617229461669922,28.7173471597832,28.3252181827211,28.41699406544337,74600
2015-01-28,28.25012969970703,28.683977310780016,28.241784701458613,28.6255750537783,25000
2015-01-29,27.883028030395508,27.949775290120183,27.489231292221085,27.949775290120183,77200
2015-01-30,27.432491302490234,27.682787111312386,27.432491302490234,27.507580363405268,41300
2015-02-02,27.607704162597656,27.691135056448243,27.307347852440216,27.691135056448243,34600
2015-02-03,28.074922561645508,28.150011631478034,27.74953447058172,27.74953447058172,24000
2015-02-04,28.325218200683594,28.453703163502553,28.041548736945888,28.041548736945888,31900
2015-02-05,28.216753005981445,28.29184206863634,28.116635316669573,28.29184206863634,17300
2015-02-06,27.883028030395508,28.158355702733022,27.842146447753723,28.158355702733022,41000
2015-02-09,27.540950775146484,27.732847517149477,27.524267146235154,27.699473893959055,8300
2015-02-10,27.716167449951172,27.791256529059712,27.607704739531137,27.749537898578012,20600
2015-02-11,27.649415969848633,27.724505037503526,27.599358713201486,27.666102782959072,33000
2015-02-12,27.490894317626953,27.60769881948561,27.40746025723936,27.57432519533057,85400
2015-02-13,27.8162784576416,27.899709333129334,27.540950839701075,27.540950839701075,287600
2015-02-17,28.13332748413086,28.14166930037648,27.883028439178297,27.958117516127153,31700
2015-02-18,28.158348083496094,28.258465763308212,28.114964922561516,28.176702620148554,11500
2015-02-19,27.974802017211914,28.141666972482273,27.94977338786087,28.083264715540295,27500
2015-02-20,28.016517639160156,28.024859453821342,27.801259992157206,27.949770391134816,418900
2015-02-23,27.84964942932129,28.17503426850073,27.832962619275733,28.058229780865403,551700
2015-02-24,27.774564743041992,27.89136924904497,27.766219745365156,27.89136924904497,16600
2015-02-25,27.37826156616211,27.80793985432489,27.36574725166223,27.80793985432489,247700
2015-02-26,27.490894317626953,27.67444288511171,27.474207505549433,27.474207505549433,49800
2015-02-27,27.057048797607422,27.51592502504363,26.99030154425019,27.474209583037467,27400
2015-03-02,26.965272903442383,27.03202015676956,26.930231550250877,26.990301532097966,750500
2015-03-03,26.70663070678711,27.02367377852983,26.698288891889376,26.90686927385726,766000
2015-03-04,26.965272903442383,27.103770589680483,26.698290255502098,26.698290255502098,51600
2015-03-05,27.58266830444336,27.58266830444336,26.973614027386752,26.973614027386752,21100
2015-03-06,27.574323654174805,27.824619455980358,27.5042409569766,27.64107089875431,624500
2015-03-09,27.207229614257812,27.574329995820804,27.157169169310095,27.574329995820804,16100
2015-03-10,26.873497009277344,27.04036195983543,26.750018409899095,26.998646517866963,23400
2015-03-11,26.748350143432617,26.940243718761398,26.63154404386295,26.940243718761398,170800
2015-03-12,26.489709854125977,26.86515519725673,26.473023040799696,26.86515519725673,582300
2015-03-13,26.372905731201172,26.573142720033637,26.24441917631063,26.447994800931113,37400
2015-03-16,26.481367111206055,26.573142995458802,26.281130120298172,26.573142995458802,166500
2015-03-17,26.648231506347656,26.668255364152156,26.364562044016417,26.45633633499974,12000
2015-03-18,26.99030113220215,27.052875885598198,26.62320079239437,26.62320079239437,29300
2015-03-19,27.27396583557129,27.349054890022114,27.098759102747238,27.098759102747238,62000
2015-03-20,27.791250228881836,27.85799429368953,27.507580792410284,27.55763804534507,34800
2015-03-23,28.325218200683594,28.408649085383523,27.891370598338618,27.891370598338618,102000
2015-03-24,28.383621215820312,28.542141174064554,28.258471702738213,28.375276217516532,13900
2015-03-25,28.108291625976562,28.316872011638058,27.90805623804463,28.21675431767209,17100
2015-03-26,28.013179779052734,28.141664734105447,27.874682099982287,27.991486604575663,16600
2015-03-27,28.37527084350586,28.37527084350586,28.016515551496344,28.016515551496344,1046800
2015-03-30,28.55048370361328,28.917584030128374,28.375273763911846,28.917584030128374,27100
2015-03-31,28.59220314025879,28.70066584520046,28.333562284685417,28.333562284685417,9000
2015-04-01,28.633914947509766,28.81746670444383,28.542139069042733,28.70900401328424,33900
2015-04-02,29.201255798339844,29.226284427708013,28.86752588757081,28.892557699623286,28800
2015-04-06,29.434860229492188,29.44320522643456,29.034386308721032,29.117820364725738,744000
2015-04-07,29.718534469604492,30.035577568422788,29.497439755066427,29.509954069823777,26600
2015-04-08,31.912799835205078,31.954515276884194,30.67800430193493,30.703032930405563,154100
2015-04-09,32.129722595214844,32.47179431517297,31.779309059850817,32.20481166460488,148800
2015-04-10,31.921138763427734,32.362497453566554,31.88776832271307,32.121377321135206,66400
2015-04-13,32.03794860839844,32.53854026243924,32.03794860839844,32.1881267411475,45000
2015-04-14,32.13806915283203,32.1630977829485,31.378836606683333,31.854399675002607,167200
2015-04-15,32.113040924072266,32.12138273998721,31.762624184640135,31.929489147099034,220700
2015-04-16,32.288246154785156,32.47179474027598,32.06297894366596,32.22984389812658,57800
2015-04-17,31.654159545898438,31.654159545898438,31.120194244830987,31.37883507995989,62200
2015-04-20,31.47060775756836,31.654156321938313,31.37048688680229,31.654156321938313,101500
2015-04-21,32.129722595214844,32.32996117448303,31.837711315744823,31.837711315744823,22700
2015-04-22,32.6636848449707,32.78883114827966,32.50516173835559,32.50516173835559,62200
2015-04-23,32.97990036010742,33.03913648508581,32.54688657804827,32.54688657804827,42100
2015-04-24,33.239376068115234,33.531387384882805,32.980735199917774,32.980735199917774,46900
2015-04-27,33.79836654663086,34.17798440154448,33.614817959230855,33.614817959230855,33900
2015-04-28,33.5063591003418,33.8534372305484,33.04748280522517,33.84843086753979,38900
2015-04-29,33.32279968261719,33.61898343424734,32.922325743116524,33.28942924133843,52900
2015-04-30,33.08085250854492,33.33949016602787,32.9056425547881,33.07250751029329,48600
2015-05-01,33.239376068115234,33.30695719400344,32.838902041112,33.105884725780825,300800
2015-05-04,33.63984680175781,33.781683129362385,33.35284187604487,33.35617732923301,237000
2015-05-05,32.86392593383789,33.29777352952986,32.663690540554946,33.29777352952986,44900
2015-05-06,32.20480728149414,32.74711750691142,32.169765932726904,32.646999822245576,159900
2015-05-07,32.7137451171875,32.788834179187354,32.26321074518837,32.62196924333391,92700
2015-05-08,32.95570373535156,33.27274683965341,32.838899218683615,33.02245099212432,44500
2015-05-11,33.43960952758789,33.75664942767111,33.214342325307186,33.214342325307186,29500
2015-05-12,32.880611419677734,33.24771174766619,32.76380691453068,33.24771174766619,49000
2015-05-13,33.372859954833984,33.46463582893921,33.134244591770766,33.26439726882927,296300
2015-05-14,34.24055480957031,34.415761559118046,33.639842316625035,33.639842316625035,1079400
2015-05-15,34.43244934082031,34.54925384380908,34.023630397675596,34.357360277086954,115400
2015-05-18,34.40742492675781,34.54091625833066,34.232214968137384,34.45748218691988,56300
2015-05-19,34.48250961303711,34.74114724479727,34.474164615615436,34.5826273033093,39000
2015-05-20,34.44078826904297,34.557592762242116,34.30729696500341,34.507535512404615,64000
2015-05-21,35.03316879272461,35.041510609155075,34.24890437550631,34.24890437550631,108200
2015-05-22,35.75067901611328,36.01766167147613,35.15747758515759,35.18334007779615,61000
2015-05-26,35.333518981933594,36.21790103608976,35.23757377889267,35.950918374964196,88100
2015-05-27,35.216712951660156,35.4920405993703,35.09156662489719,35.33351746304595,42600
2015-05-28,34.782859802246094,34.816233423799964,34.10706147054075,34.64102668466774,64400
2015-05-29,34.290618896484375,34.916360140454415,34.24890345008995,34.916360140454415,35300
2015-06-01,35.066532135009766,35.30848613736227,34.374046934964305,34.374046934964305,96100
2015-06-02,35.22505569458008,35.36688882570133,34.92469943728328,34.99978850160748,30300
2015-06-03,35.441978454589844,35.54209614772223,35.275113510913144,35.275113510913144,11900
2015-06-04,35.291805267333984,35.316837081136676,35.05819622307237,35.15831393022956,44900
2015-06-05,36.13447189331055,36.20956096929673,35.11659845942772,35.11659845942772,26400
2015-06-08,35.86748123168945,36.558298667308286,35.683929490669854,36.18452109730754,36100
2015-06-09,35.525413513183594,35.550442141496966,35.06653410954395,35.550442141496966,27100
2015-06-10,36.15949630737305,36.19286993340466,35.425292448098325,35.467007889295765,26900
2015-06-11,36.52660369873047,36.610037779920106,36.2262473718173,36.2262473718173,27500
2015-06-12,37.20240020751953,37.277489278698155,36.484883123520305,36.484883123520305,29700
2015-06-15,36.151153564453125,36.7602079018211,36.076064499151094,36.65174521134393,271400
2015-06-16,36.067718505859375,36.067718505859375,35.70061818711893,35.97594263050327,96700
2015-06-17,36.793582916259766,37.177373288095275,36.40145391112043,36.44316935643085,36900
2015-06-18,36.668434143066406,37.11062356279768,36.54328463276906,36.96044542351456,186700
2015-06-19,35.792396545410156,36.584999488976536,35.70896247898766,36.50156860523825,927300
2015-06-22,35.600494384765625,36.13446278083468,35.51122328905093,36.13446278083468,144600
2015-06-23,36.12612533569336,36.18452759419769,35.59216001069128,35.975947190200976,25300
2015-06-24,35.97594451904297,36.584998871569894,35.88416863886913,36.38476348090348,141500
2015-06-25,35.71824264526367,36.08638774885297,35.509070451574985,36.08638774885297,25900
2015-06-26,34.279144287109375,35.16603245338693,34.14527419455532,35.140932808443914,147800
2015-06-29,33.124507904052734,33.58468608048662,33.0492057885116,33.459184682394266,77600
2015-06-30,33.994667053222656,34.19547057913574,33.7854948518964,33.91936493307662,89000
2015-07-01,33.52611541748047,34.26240235538499,33.52611541748047,33.9444597607899,33000
2015-07-02,33.26675033569336,33.53449372873147,33.08686208870609,33.53449372873147,40400
2015-07-06,30.898914337158203,32.16231288578394,30.62280553064311,32.02844281975926,158900
2015-07-07,29.384506225585938,29.945089313805404,27.619092559397703,29.945089313805404,360300
2015-07-08,28.907604217529297,29.141879307132825,27.627471073046486,27.660939398949168,265600
2015-07-09,30.965845108032227,31.819267902349267,30.965845108032227,31.66029821004355,189700
2015-07-10,31.166654586791992,32.37148518555961,31.007684880198603,32.11211372699746,64400
2015-07-13,31.802541732788086,31.93557559166158,31.601738196472574,31.71050864047703,188000
2015-07-14,31.81927490234375,32.0117129485373,31.51974206567737,31.585003053362833,16900
2015-07-15,30.463842391967773,31.501338021105298,30.463842391967773,31.501338021105298,274900
2015-07-16,31.2084903717041,31.501333355191598,31.041151979956155,31.049520654986445,31600
2015-07-17,31.978248596191406,32.42169266156869,31.82764434913598,32.42169266156869,973200
2015-07-20,31.777442932128906,32.572297997785654,31.70214080608322,32.572297997785654,234800
2015-07-21,32.14558029174805,32.30204131803886,31.89457430471008,31.89457430471008,18900
2015-07-22,32.17905044555664,32.17905044555664,31.871985171163686,31.87784196722334,12200
2015-07-23,32.2125244140625,32.70617101976479,32.20415892895892,32.2459927379069,113600
2015-07-24,31.55153465270996,32.40495763256259,31.487109894407105,32.38822347314808,28200
2015-07-27,30.028764724731445,30.321607760752098,29.634683683026505,29.9450971097055,163800
2015-07-28,29.836320877075195,29.895725063739064,29.35104305884315,29.811221235772557,493400
2015-07-29,30.06222915649414,30.15426543613944,29.80285447674052,29.90325943183422,445400
2015-07-30,29.945091247558594,30.070592645528954,29.81122117469496,30.02206582131946,19700
2015-07-31,29.836320877075195,30.037127582639204,29.786118402755616,30.037127582639204,227700
2015-08-03,29.434707641601562,29.78611535068832,29.29246890812789,29.55184354463048,65500
2015-08-04,30.246299743652344,30.246299743652344,29.74428457606,29.74428457606,149500
2015-08-05,30.363439559936523,30.765049830584214,30.313237079212545,30.45547584540646,1084500
2015-08-06,30.254669189453125,30.53077804654948,30.204466708604315,30.279768834020167,477100
2015-08-07,30.095699310302734,30.555877544879582,29.9291971292419,30.463841259621272,17700
2015-08-10,30.681381225585938,30.790151679083117,30.363441733386406,30.371807218248524,101500
2015-08-11,28.999631881713867,30.003659017784912,28.823928010622865,30.003659017784912,578600
2015-08-12,28.1964168548584,28.321918276104753,27.736238593525307,28.321918276104753,1041900
2015-08-13,28.53108787536621,28.782097078169432,28.422320625313716,28.706794955671384,121000
2015-08-14,28.648225784301758,28.76536170508751,28.48925287033727,28.48925287033727,8600
2015-08-17,28.53108787536621,28.572924870309812,28.296816023912108,28.43905478494824,36100
2015-08-18,27.861740112304688,28.09601517787146,27.803172143841717,28.0709123401624,153400
2015-08-19,27.317888259887695,27.7897800133113,27.175649516363404,27.72786394945788,93200
2015-08-20,25.862051010131836,26.857709545811552,25.8453168509127,26.857709545811552,96900
2015-08-21,25.426969528198242,26.1046885360994,25.234531506829452,25.401869888106617,93500
2015-08-24,23.536056518554688,24.556817931275326,21.753909980057934,22.841604840717903,144300
2015-08-25,24.79109001159668,25.736549309143292,24.575224772668673,25.560843820171844,81200
2015-08-26,25.01699447631836,25.04209571450136,24.205406925354545,25.04209571450136,78100
2015-08-27,26.322227478027344,26.490402096593346,25.64451003301511,25.64451003301511,49500
2015-08-28,26.037755966186523,26.45107979626569,25.937352608749666,26.146524807207324,40000
2015-08-31,25.401872634887695,25.912251720843443,25.284735116984415,25.895519157592044,82800
2015-09-01,24.422945022583008,25.104845203789594,24.397843785612213,24.565182173703224,142100
2015-09-02,24.807823181152344,24.874758222883848,24.548450093924913,24.874758222883848,16200
2015-09-03,24.86638832092285,25.201065087452825,24.858021242173894,25.02535962543888,16600
2015-09-04,24.079906463623047,24.653037897743484,23.90420096954114,24.598652673877968,43800
2015-09-08,24.732521057128906,25.510641914586877,24.72833831520868,25.209433428898045,93400
2015-09-09,24.86220359802246,25.34413644372542,24.78104469606852,25.201063078992128,81500
2015-09-10,24.6572208404541,24.849660496652906,24.598652873903013,24.849660496652906,43900
2015-09-11,24.78272247314453,24.78272247314453,24.27317803363583,24.640485316094022,8300
2015-09-14,24.314176559448242,24.590283805045306,24.15938957524343,24.590283805045306,33900
2015-09-15,24.739215850830078,24.80782335145793,24.10333215208679,24.20540797173879,8900
2015-09-16,26.004287719726562,26.138157799437963,25.299796544934612,25.299796544934612,74500
2015-09-17,25.68634605407715,25.901375043912935,25.61020611156438,25.669611895556287,33500
2015-09-18,25.519012451171875,25.768346034024738,25.393509430419577,25.393509430419577,8500
2015-09-21,25.41860580444336,25.811850573590302,25.388485594015144,25.661246329734645,30400
2015-09-22,24.799453735351562,25.042094235888875,24.665583664661018,24.9835262794439,45100
2015-09-23,24.406213760375977,24.762643707537038,24.406213760375977,24.62877361952353,5300
2015-09-24,24.573549270629883,24.71578642185392,24.088269859840317,24.130103658965034,85200
2015-09-25,24.64885139465332,25.000260756093827,24.45641335277946,24.816189793761083,982600
2015-09-28,24.11336898803711,24.498246634397454,23.962764761020328,24.305807013288728,385700
2015-09-29,24.314176559448242,24.439679562745585,23.929300469888755,24.146839753670875,48300
2015-09-30,25.11321449279785,25.19688369420643,24.991895826405557,25.02536254945462,48700
2015-10-01,25.08392906188965,25.238717634099142,24.67144147076776,25.20106657543429,56800
2015-10-02,26.6820068359375,26.849345243779407,24.95006117696026,25.033730380881217,118100
2015-10-05,27.083616256713867,27.17565253774789,26.566544135380234,26.874444051350924,49800
2015-10-06,26.89954948425293,27.259325967560688,26.715476904407602,26.91628045358899,24700
2015-10-07,27.426658630371094,27.744601277182763,26.958114931611338,27.468495624944275,71100
2015-10-08,27.426658630371094,27.51869491168878,26.949746256010876,27.2844230623089,58700
2015-10-09,27.451759338378906,27.54379242085091,27.26768679000626,27.40155686380973,376300
2015-10-12,27.627466201782227,27.870106734221523,27.593997881780666,27.593997881780666,197800
2015-10-13,27.55215835571289,27.853366789743806,27.40991962110318,27.46012209067967,75400
2015-10-14,26.89954948425293,27.56053129133277,26.874446646819106,27.543797130281842,114700
2015-10-15,27.794803619384766,27.861737065287507,27.292788412398732,27.443392655323088,568600
2015-10-16,28.564558029174805,28.613088052746104,28.23824987463121,28.280083680546962,90400
2015-10-19,28.63985824584961,28.695917520899993,28.280081793889366,28.405586394978602,608500
2015-10-20,28.50598907470703,28.807197573606093,28.470012066700523,28.690061644415277,53200
2015-10-21,27.937040328979492,28.405587236313824,27.89520652461555,28.405587236313824,55400
2015-10-22,28.34701919555664,28.654084489339205,28.126133389726338,28.30100105336577,24400
2015-10-23,29.083303451538086,29.267376022607635,28.890865396199338,28.982901681734113,57600
2015-10-26,29.819591522216797,30.161797610088147,29.60205381522026,29.60205381522026,66500
2015-10-27,29.978567123413086,30.0789689054506,29.660624423293335,30.0789689054506,46400
2015-10-28,30.15426254272461,30.36343472486052,29.727549503807392,29.97855867574185,527500
2015-10-29,29.87816047668457,30.145900674936364,29.72755621620357,29.995296414455364,75800
2015-10-30,30.3132381439209,30.539144527541367,29.94509618082541,29.94509618082541,110100
2015-11-02,31.007692337036133,31.095544290100012,30.33833865170481,30.43037494302361,423600
2015-11-03,31.200124740600586,31.451130731176377,30.915650433490867,30.940750075034146,46700
2015-11-04,31.459501266479492,31.86111474595237,31.455320120027057,31.752344295607013,37200
2015-11-05,31.35491371154785,31.65612221143539,31.041155389450786,31.58500442443825,72600
2015-11-06,31.844377517700195,31.911310963355316,31.359096471913787,31.359096471913787,49300
2015-11-09,31.342357635498047,31.794170295177736,31.03278371314599,31.752336498921633,50300
2015-11-10,30.936565399169922,31.20012439934901,30.606912379230753,31.20012439934901,28100
2015-11-11,31.038646697998047,31.292164596773294,30.801862959405078,31.292164596773294,20500
2015-11-12,31.275428771972656,31.40093017908797,30.974220288152658,31.041153733604585,15400
2015-11-13,30.137531280517578,30.74831372802776,30.07896331922992,30.74831372802776,821200
2015-11-16,30.560056686401367,30.7315762138145,29.97855828301838,29.97855828301838,1119800
2015-11-17,30.463842391967773,30.815253385860174,30.288138490878982,30.756682227115753,82400
2015-11-18,30.765050888061523,30.806884694245422,30.401090071660473,30.60608114787678,32300
2015-11-19,31.434402465820312,31.919683571393424,31.250329882090522,31.250329882090522,64600
2015-11-20,32.061912536621094,32.26271924029871,31.752338593844293,31.752338593844293,85900
2015-11-23,32.29618835449219,32.52209472714608,32.045182337670525,32.045182337670525,606300
2015-11-24,32.25435256958008,32.26272124493186,31.944778607568,32.0451803697881,424500
2015-11-25,32.31291580200195,32.58902459734873,32.19577989793265,32.19577989793265,66100
2015-11-27,31.861114501953125,31.944782114368902,31.438585718309355,31.852745825682653,48100
2015-11-30,32.51372528076172,32.5973928789347,31.802537929434276,31.81090660428014,194400
2015-12-01,32.722900390625,32.7396345500971,32.37985810073337,32.430057387435106,86200
2015-12-02,32.68943405151367,32.94880875146837,32.59739776470024,32.68943405151367,91400
2015-12-03,32.262718200683594,32.9295566594621,32.17904741363313,32.806563953797806,45600
2015-12-04,32.71452713012695,32.739629961674254,32.16231271179817,32.262717654559125,57900
2015-12-07,32.77309799194336,32.86513426844958,32.63086243131694,32.6894303906001,150800
2015-12-08,32.58818817138672,32.61328781018878,32.070278317687155,32.070278317687155,109700
2015-12-09,32.061912536621094,32.630861140041006,32.061912536621094,32.455157269144514,95500
2015-12-10,32.23762130737305,32.34471929618388,31.969881122918093,32.212521662491255,296400
2015-12-11,31.183391571044922,31.710506402167,31.183391571044922,31.710506402167,54900
2015-12-14,31.46786880493164,31.685406506041314,31.049524371346724,31.049524371346724,51200
2015-12-15,32.2125244140625,32.45516497436186,31.7941799411526,31.95314969184095,1140600
2015-12-16,32.664329528808594,32.8567675580837,32.39658938445068,32.446788666696364,43300
2015-12-17,32.57229232788086,32.957168375467454,32.57229232788086,32.94043421795749,75200
2015-12-18,32.7061653137207,32.89023787103586,32.63086319406582,32.7228994727234,39700
2015-12-21,32.74800109863281,33.02410995132707,32.60576552606765,33.02410995132707,23700
2015-12-22,32.99063491821289,33.032468713883375,32.74799443492448,32.80656238720596,120600
2015-12-23,33.07430648803711,33.16634276461155,32.9488050859292,33.15797728115679,100600
2015-12-24,33.032470703125,33.13287245712323,32.84839816103307,32.932068949126766,76900
2015-12-28,32.63532638549805,32.67721961755286,32.29179676865064,32.67721961755286,28400
2015-12-29,32.70067596435547,32.79451781513789,32.425852944742914,32.72748929154258,12000
2015-12-30,32.28341293334961,32.59761693629682,32.241519705539666,32.58504928757868,11200
2015-12-31,32.19626998901367,32.39819935160062,32.06556262155984,32.06556262155984,13000
2016-01-04,30.745906829833984,31.06011081285824,30.54062778920763,31.06011081285824,95100
2016-01-05,31.102008819580078,31.19836612887053,30.859026797834318,30.859026797834318,76500
2016-01-06,31.00145721435547,31.277958231817653,30.624411825201555,30.624411825201555,81700
2016-01-07,29.359224319458008,30.155208473968578,29.275434663260356,29.769782447956512,529500
2016-01-08,29.296382904052734,30.17196323746766,29.292192622176753,29.962493891148466,37400
2016-01-11,28.550668716430664,29.283811330298118,28.303493258849176,29.283811330298118,90400
2016-01-12,29.015687942504883,29.176558291582634,28.83721905292482,28.856489231037507,23000
2016-01-13,28.219709396362305,29.30057194468089,28.026997989462227,29.258675520193034,29500
2016-01-14,28.948657989501953,29.191643156090276,28.09402282154332,28.295114765400417,39100
2016-01-15,27.842660903930664,28.135919862023123,27.599675731974987,28.0102369948052,45200
2016-01-19,28.286739349365234,28.923527957224845,28.094865349875093,28.64702688364798,22300
2016-01-20,27.842660903930664,28.135919862023123,27.046676869462676,27.6834653755363,52800
2016-01-21,28.094022750854492,28.50793367149387,27.515888607623037,27.82590229055167,32800
2016-01-22,28.44593048095703,28.940278137720266,28.286731773505036,28.88162699168461,62900
2016-01-25,28.412418365478516,28.61099487121923,28.313548821117234,28.39566043637089,32700
2016-01-26,28.19457244873047,28.32863268900051,27.817527024143406,28.32863268900051,222700
2016-01-27,27.61643409729004,28.13592030683874,27.535159899687105,27.985102142292103,17200
2016-01-28,27.373451232910156,28.06051359399832,27.314800074661523,28.06051359399832,77800
2016-01-29,28.177814483642578,28.238977890041102,27.825904355722212,27.825904355722212,50400
2016-02-01,27.98509979248047,27.99347715814158,27.691840854375656,27.884552227059913,10900
2016-02-02,27.31479835510254,27.909693659706917,27.231011904664392,27.909693659706917,595300
2016-02-03,27.064273834228516,27.356695392815993,26.476923260280486,27.356695392815993,38500
2016-02-04,27.222631454467773,27.473993973557253,26.94613044609586,27.04667481448208,11400
2016-02-05,26.284212112426758,27.33155715955492,26.250696252679088,27.33155715955492,17200
2016-02-08,25.463090896606445,25.93397817416309,25.26200053432009,25.856894254442516,1458600
2016-02-09,25.153074264526367,25.706073096084996,25.010635074693145,25.153074264526367,51500
2016-02-10,25.35416603088379,25.923922822293946,25.329029137807208,25.546877416765447,32500
2016-02-11,24.75089454650879,25.13631731151922,24.516288342943298,24.884954777653636,26500
2016-02-12,25.35416603088379,25.471468335659747,24.993878554073007,24.993878554073007,927300
2016-02-16,26.971267700195312,27.02405373715471,26.15852733779647,26.183664230782675,67800
2016-02-17,27.515893936157227,27.658331559918064,27.06343937318405,27.138848467012913,28000
2016-02-18,27.231008529663086,27.757194021395676,27.231008529663086,27.75049148974112,73200
2016-02-19,27.62481117248535,27.633188537792307,27.063431809487497,27.231007881856158,221200
2016-02-22,28.286739349365234,28.378906373890857,27.926455011331083,27.993483540646064,40400
2016-02-23,27.69184112548828,28.202946734512455,27.61643204880852,28.202946734512455,42900
2016-02-24,27.80076789855957,27.80076789855957,26.937755338714435,27.365071337364014,22200
2016-02-25,27.096954345703125,27.26453045939843,26.711529923453636,27.26453045939843,49900
2016-02-26,27.515893936157227,27.85942354221124,27.507516568508965,27.649954192269803,9300
2016-02-29,27.42371940612793,27.649946625706164,27.42371940612793,27.52426377163567,5900
2016-03-01,27.99347686767578,28.127537090597617,27.82590078996153,27.90130986512055,19800
2016-03-02,28.11078453063965,28.32025386871632,27.95158898435082,28.269983273176926,384700
2016-03-03,28.018613815307617,28.084808111868973,27.84266036162811,27.943204735695254,6100
2016-03-04,28.61351203918457,28.764330213974436,28.134244187380737,28.202950741979198,435400
2016-03-07,28.2616024017334,28.48782966794038,28.25322503465095,28.2616024017334,54500
2016-03-08,28.035371780395508,28.228083162713162,27.993478557500023,28.102403494026706,12900
2016-03-09,28.20294952392578,28.226409985824382,28.068051868008837,28.085647214432786,4500
2016-03-10,28.010236740112305,28.404040070649458,27.842660650761513,28.370524213529688,22300
2016-03-11,29.024066925048828,29.03244748730234,28.40403956070487,28.40403956070487,23400
2016-03-14,29.10785675048828,29.246104066065836,28.98217388587448,29.09947618818175,61100
2016-03-15,28.63864517211914,28.890007712358276,28.538100795273106,28.890007712358276,48500
2016-03-16,29.275432586669922,29.283813149819512,28.496206418671626,28.496206418671626,565300
2016-03-17,29.42624282836914,29.484893969612177,29.13298712215397,29.13298712215397,41200
2016-03-18,30.079801559448242,30.125885074631494,29.660862836872354,29.660862836872354,105500
2016-03-21,30.19709014892578,30.465210553663965,30.0881652356736,30.163574299271673,33700
2016-03-22,30.28926658630371,30.28926658630371,29.987630237813807,29.987630237813807,9200
2016-03-23,29.593826293945312,30.205476345877994,29.593826293945312,30.205476345877994,24400
2016-03-24,29.711130142211914,29.711130142211914,29.300572029528904,29.48490287356582,514400
2016-03-28,29.484899520874023,29.711126763796095,29.342461921394246,29.711126763796095,289600
2016-03-29,29.887083053588867,29.903003566789188,29.208404456740166,29.208404456740166,24000
2016-03-30,30.096546173095703,30.27668989106444,30.071410880994673,30.121684661444455,645800
2016-03-31,30.03789710998535,30.213853755635373,30.03789710998535,30.046277672098565,41900
2016-04-01,30.03789710998535,30.03789710998535,29.66085491733746,29.6859902111812,19100
2016-04-04,30.046279907226562,30.113308427878735,29.96081542705306,30.00438668228793,24700
2016-04-05,29.685991287231445,29.8368094482566,29.56030842096113,29.76977773391295,43800
2016-04-06,30.406570434570312,30.481979525497476,30.012767049034192,30.063878258842877,39700
2016-04-07,30.205480575561523,30.33954083590491,30.099908480119087,30.230619071796905,160900
2016-04-08,30.423324584960938,30.649551829630624,30.347915503404376,30.44845988006376,193100
2016-04-11,30.69144630432129,30.984702079965597,30.69144630432129,30.766855388951,18900
2016-04-12,30.967939376831055,31.00145523066637,30.7417121578143,30.7417121578143,14100
2016-04-13,31.814199447631836,31.87285059803519,31.336609682205665,31.336609682205665,113000
2016-04-14,31.847713470458984,31.91474518592997,31.655002082852064,31.814200808971606,29000
2016-04-15,31.663381576538086,31.780683878404385,31.56786170484124,31.780683878404385,35800
2016-04-18,31.730409622192383,31.772302844201228,31.504182387847056,31.504182387847056,13500
2016-04-19,31.579591751098633,31.881228066282585,31.35336451471067,31.830957477917252,43500
2016-04-20,31.54608154296875,31.66338385326958,31.30309635948946,31.33661221850348,19900
2016-04-21,31.26957130432129,31.529314340919044,31.26957130432129,31.462282642604542,18800
2016-04-22,31.219301223754883,31.479044291079628,31.009831936113287,31.328226148277864,204100
2016-04-25,30.800371170043945,31.03497901056016,30.750100572700052,31.03497901056016,44000
2016-04-26,30.59760284423828,30.859020777433283,30.515488035135434,30.859020777433283,10600
2016-04-27,30.414945602416992,30.58252170305324,30.20547627568375,30.431703532105445,28200
2016-04-28,30.47359848022461,30.791992769800686,30.35629616202512,30.35629616202512,19700
2016-04-29,30.406570434570312,30.616039776451483,30.264129620041896,30.582523914650857,8000
2016-05-02,30.171955108642578,30.38980496002138,29.962485818757884,30.38980496002138,45000
2016-05-03,29.61058235168457,29.878702817875702,29.526795904592873,29.861944889207745,41300
2016-05-04,29.694368362426758,29.761400076113567,29.543550202879462,29.543550202879462,55500
2016-05-05,29.711130142211914,30.180342610098084,29.685994844445162,30.079798222782635,66900
2016-05-06,29.535171508789062,29.61895795088222,29.250293130925296,29.47652036007428,38600
2016-05-09,28.311870574951172,29.267050045231045,28.303490013283298,29.267050045231045,859800
2016-05-10,28.965415954589844,29.049202400158585,28.605128485397824,28.621886413761178,76800
2016-05-11,28.454309463500977,28.806219555963686,28.446769514652924,28.806219555963686,43400
2016-05-12,27.91806983947754,28.605128931858292,27.909692473289123,28.605128931858292,316700
2016-05-13,27.792387008666992,28.144297117746554,27.716981124130022,28.094023331807165,54000
2016-05-16,28.554859161376953,28.705674130831344,28.043753510523654,28.043753510523654,915500
2016-05-17,28.621889114379883,28.906767530940535,28.51296416786449,28.521344730960923,50200
2016-05-18,28.177814483642578,28.48615335549978,28.08648488631652,28.33701001993498,423100
2016-05-19,27.608057022094727,28.10240474526722,27.482374151564297,27.959963945582857,46100
2016-05-20,27.825904846191406,27.89293656554757,27.767253689878913,27.767253689878913,440600
2016-05-23,27.75887680053711,27.8761791151797,27.716983573343093,27.8761791151797,12700
2016-05-24,28.69729232788086,28.705669693014478,27.859415179621564,27.859415179621564,98700
2016-05-25,28.512964248657227,28.705675649193086,28.37052663809746,28.672162985457355,68900
2016-05-26,28.705671310424805,28.74756772719654,28.544800960063327,28.571611086999653,13800
2016-05-27,29.359224319458008,29.43463341191161,28.91514713223187,28.91514713223187,214900
2016-05-31,29.58544921875,29.744644758356603,29.401115186180444,29.744644758356603,127000
2016-06-01,29.024066925048828,29.250294162173677,28.959550659187975,29.250294162173677,21200
2016-06-02,29.057580947875977,29.074338875077487,28.91514016478704,28.990549239069935,68800
2016-06-03,28.814598083496094,29.057583252820685,28.70567314616989,29.057583252820685,15500
2016-06-06,29.300569534301758,29.308946900761114,28.965417343460455,28.990552639086694,19700
2016-06-07,29.099475860595703,29.476521253944505,29.0910984946315,29.476521253944505,99900
2016-06-08,28.764328002929688,29.06009601779813,28.750919742119052,29.032448471668925,41400
2016-06-09,28.50458335876465,28.655401513804247,28.45430957500214,28.655401513804247,38100
2016-06-10,27.825904846191406,28.160219633420915,27.825904846191406,28.10240589416313,44900
2016-06-13,27.574539184570312,27.81752434548938,27.48404701288395,27.507510669013843,16900
2016-06-14,27.75887680053711,27.775634730664386,27.507514241124653,27.507514241124653,24500
2016-06-15,27.733732223510742,27.908848239991816,27.716977493307162,27.842657147319944,31700
2016-06-16,27.582916259765625,27.6750832644015,27.18073558192099,27.532645672689988,3300
2016-06-17,27.281282424926758,27.59129608991234,27.223468694324968,27.59129608991234,23000
2016-06-20,27.784011840820312,28.035374397909642,27.691844824096282,27.700225387206643,13200
2016-06-21,27.7756290435791,27.985098332908514,27.742113190186945,27.94320191804447,24700
2016-06-22,27.716983795166016,27.91807256580598,27.716983795166016,27.91807256580598,83700
2016-06-23,28.228086471557617,28.236467034867886,27.915560499050112,28.043755629960952,11300
2016-06-24,27.524267196655273,27.76725237342895,27.08019326384336,27.155602346419737,887600
2016-06-27,26.69477081298828,27.432103718778887,26.644497025236127,27.41534578952817,33100
2016-06-28,27.34831428527832,27.523430332375554,27.163980258334618,27.163980258334618,21500
2016-06-29,27.733732223510742,27.909688853124884,27.641568422400432,27.641568422400432,13700
2016-06-30,28.219709396362305,28.228086763510817,27.90131510849553,27.90131510849553,138000
2016-07-01,28.234786987304688,28.41241526320408,28.22808125939529,28.395657335926206,12700
2016-07-05,27.80076789855957,27.993479285891585,27.63319180636926,27.993479285891585,844300
2016-07-06,27.582916259765625,27.61643211531465,27.38182751896726,27.59967418754014,17000
2016-07-07,27.959962844848633,27.968343407219756,27.608055935214452,27.608055935214452,51600
2016-07-08,28.152677536010742,28.177816029829767,27.892937604452047,28.068891079943118,51800
2016-07-11,28.94028663635254,29.015695731435628,28.278362712428603,28.278362712428603,1489700
2016-07-12,29.174884796142578,29.37597673702477,29.107856280013824,29.2419165085193,77300
2016-07-13,28.848115921020508,29.212593700029295,28.755948905897718,29.174887559184395,18800
2016-07-14,29.22515869140625,29.317325698150256,29.082717900188786,29.183265469135694,35400
2016-07-15,28.99055290222168,29.23353808297469,28.941119727541636,29.23353808297469,17700
2016-07-18,29.141368865966797,29.275429094131905,28.948657487744953,29.074340350008224,1972700
2016-07-19,29.065961837768555,29.21678000462192,28.982175387849214,29.08271976700206,135600
2016-07-20,29.417865753173828,29.46478666662992,29.24191232771349,29.300563469533603,131100
2016-07-21,29.2586727142334,29.535173747343805,29.183266828383065,29.443006736307005,70600
2016-07-22,29.34246253967285,29.40111369319426,29.241918161671595,29.367597835111127,27600
2016-07-25,29.359224319458008,29.44301077940709,29.241921997029863,29.342466388218476,69200
2016-07-26,29.778156280517578,29.786533646119405,29.392733537876705,29.392733537876705,130000
2016-07-27,29.68096351623535,29.803293517989232,29.560308348461533,29.744642366206413,47700
2016-07-28,29.660860061645508,29.694372727166872,29.535177178132777,29.694372727166872,27100
2016-07-29,29.401113510131836,29.56030904066329,29.16650889750693,29.56030904066329,119000
2016-08-01,29.510042190551758,29.577070718548523,29.241921686067634,29.510042190551758,76200
2016-08-02,29.300569534301758,29.48490036264112,29.12461287617358,29.48490036264112,92100
2016-08-03,29.3759765625,29.434627712357198,29.225158406796368,29.233535772669704,73900
2016-08-04,29.501659393310547,29.585449042273407,29.417872940595974,29.510039956330978,92600
2016-08-05,30.01276969909668,30.07980142861669,29.61058891072296,29.61058891072296,71600
2016-08-08,30.23061180114746,30.347914101204907,30.088171010900595,30.197095945060205,84900
2016-08-09,30.6746883392334,30.712391283380395,30.28926554990567,30.389809930545898,124400
2016-08-10,30.967939376831055,31.023240855284097,30.783608573232314,30.783608573232314,163500
2016-08-11,31.49161720275879,31.52932334288804,31.25282230276757,31.37850517486746,541200
2016-08-12,32.08231735229492,32.092369551386945,31.4622868450568,31.579589136528078,120200
2016-08-15,32.6939697265625,32.836407320715914,32.34205962976047,32.34205962976047,602400
2016-08-16,32.55152893066406,33.045876621536024,32.35211502038377,33.045876621536024,760200
2016-08-17,32.44260787963867,32.484501102549245,32.1325909983548,32.434227317307744,97100
2016-08-18,32.409095764160156,32.509640150002106,32.174491131779476,32.509640150002106,73600
2016-08-19,32.56745147705078,32.59342738585234,32.30016842086505,32.39233543282539,417300
2016-08-22,32.45936965942383,32.62694257094898,32.28341298832497,32.62694257094898,74000
2016-08-23,32.66883850097656,32.80289874591812,32.593429413431416,32.593429413431416,159400
2016-08-24,32.12421417236328,32.71910625793991,32.048805091357224,32.643697176933856,74900
2016-08-25,32.14097213745117,32.25827444220495,31.897986965462295,31.956638117839187,48500
2016-08-26,32.56828689575195,32.71910505220626,32.18370155566786,32.28340851092137,108000
2016-08-29,32.652076721191406,32.73586316580844,32.42584948522784,32.42584948522784,50500
2016-08-30,32.96208953857422,33.17993620662241,32.83640667869202,32.83640667869202,40000
2016-08-31,32.85316467285156,32.85316467285156,32.53477363400261,32.819648817315496,46300
2016-09-01,33.23020935058594,33.24696727799772,32.84478660885838,32.86154453627016,98900
2016-09-02,33.4815788269043,33.73294139781979,33.43968559779313,33.4815788269043,785000
2016-09-06,34.40324020385742,34.58757102095205,33.8921345823151,33.8921345823151,857900
2016-09-07,33.9256477355957,34.5037818274059,33.87537395516745,34.35296368236886,567900
2016-09-08,34.1099853515625,34.34459317751017,33.875380721863195,33.875380721863195,56100
2016-09-09,33.104530334472656,33.917272328889325,33.062637109205944,33.90889496233526,96500
2016-09-12,33.68267059326172,33.76645705096634,32.44261248099219,32.50964100790619,138900
2016-09-13,33.27629852294922,33.65753104873262,33.020745679801145,33.347517329400745,69900
2016-09-14,33.5737419128418,33.866160261480765,33.431304311312125,33.431304311312125,54700
2016-09-15,34.30269241333008,34.34458883154483,33.76058638615966,34.07646517921182,441800
2016-09-16,34.36134338378906,34.45099813850246,34.204663309776556,34.28593430614367,141900
2016-09-19,34.30269241333008,34.72163102549397,34.11836159742658,34.51216171941202,282200
2016-09-20,34.1770133972168,34.445133858399466,34.0932237554422,34.445133858399466,274500
2016-09-21,35.14057540893555,35.148955972454054,34.43675829705958,34.43675829705958,573800
2016-09-22,35.70194625854492,35.71032362378644,35.32490089772262,35.37517467791483,231900
2016-09-23,35.37518310546875,35.58465244513401,35.27547613447788,35.55951395092522,156300
2016-09-26,34.730010986328125,35.01488936551716,34.604328126355824,35.01488936551716,106300
2016-09-27,35.358421325683594,35.400314549806524,34.88083153893635,34.88083153893635,100400
2016-09-28,35.2369270324707,35.43801577702494,34.813798137942875,35.425448130021294,117200
2016-09-29,34.68811798095703,35.182465665677725,34.579193048053035,35.182465665677725,276500
2016-09-30,34.6462287902832,34.86575353579392,34.5624423298013,34.77191167725464,58500
2016-10-03,34.86406707763672,34.86406707763672,34.62359739530391,34.66297516477743,43000
2016-10-04,35.43383026123047,35.52431924141242,34.94785991391726,34.97299840528567,81100
2016-10-05,35.651676177978516,35.80249433795806,35.60978295492821,35.75222055254886,59300
2016-10-06,35.54275894165039,35.79412472690857,35.26207077052732,35.79412472690857,87700
2016-10-07,35.014888763427734,35.5678875845507,34.87244797815857,35.492478509113575,78300
2016-10-10,35.86952590942383,35.9549871891577,35.232737415094455,35.232737415094455,57000
2016-10-11,34.730010986328125,35.57626556189821,34.57919283286052,35.551130268402915,76000
2016-10-12,34.69649887084961,34.9646193511938,34.58757392688221,34.721634167054304,58600
2016-10-13,34.2272834777832,34.33620841234871,33.53184704074489,34.24404140588928,272400
2016-10-14,34.24403762817383,34.819659450312116,34.21890233691156,34.60432505208854,40100
2016-10-17,34.059715270996094,34.285939340904484,34.03709222475557,34.21891081551455,43500
2016-10-18,34.37810516357422,34.6772292567899,34.37810516357422,34.637848281510365,216900
2016-10-19,34.57919692993164,34.57919692993164,34.361347039667706,34.56243900019994,67900
2016-10-20,34.47864532470703,34.537296468356786,34.28593077128914,34.537296468356786,35200
2016-10-21,34.420005798339844,34.47027639772239,34.2599696264754,34.39486730239988,29700
2016-10-24,34.62108612060547,34.75514634658442,34.56913750336693,34.65460197616218,26200
2016-10-25,34.5708122253418,34.77190416178311,34.56159744265467,34.70487245088671,26300
2016-10-26,34.31106948852539,34.50964596139051,34.2775536358589,34.461887629276966,107200
2016-10-27,34.059715270996094,34.562440398290036,34.051334707667095,34.394864290442584,43800
2016-10-28,33.9005126953125,34.26918073012186,33.89213532917958,34.051330855689415,74000
2016-10-31,33.42292022705078,33.95916111130439,33.37264964180687,33.85023937911073,161200
2016-11-01,33.01236343383789,33.422921477850636,32.77775564101127,33.422921477850636,385900
2016-11-02,32.21638107299805,33.121286845759144,32.099078768774206,33.08777418472953,226200
2016-11-03,32.07394027709961,32.46355332826335,31.981773267711706,32.19962314376459,55200
2016-11-04,31.965015411376953,32.16777897671656,31.822574629994197,31.965015411376957,239100
2016-11-07,32.96208953857422,33.062633908731236,32.593424717166556,32.593424717166556,72300
2016-11-08,32.82551193237305,33.11290574152632,32.628613484652185,33.11290574152632,47600
2016-11-09,32.526397705078125,32.77022031502426,32.00691465526511,32.05718524948189,132000
2016-11-10,31.487430572509766,32.59342835647382,31.319854472704975,32.59342835647382,215200
2016-11-11,31.319852828979492,31.445532500050987,30.607655241248683,31.194169961659913,197900
2016-11-14,30.25574493408203,31.093622098930616,30.122522132461345,31.001455099397635,204500
2016-11-15,31.210926055908203,31.3785021370687,30.666304591198564,30.775229523390074,207900
2016-11-16,31.462291717529297,31.554458731172573,31.060111000379912,31.060111000379912,61500
2016-11-17,31.629867553710938,31.74716986237797,31.462291457223095,31.462291457223095,96200
2016-11-18,31.504188537597656,31.81420547272525,31.45391793987319,31.81420547272525,58700
2016-11-21,31.72203254699707,31.822576919989302,31.552781627231745,31.579591755364078,52700
2016-11-22,31.74717140197754,31.889612209586833,31.596353227449278,31.889612209586833,74600
2016-11-23,31.847713470458984,31.939880481107533,31.420397471199838,31.6298667876745,29600
2016-11-25,31.91474723815918,32.14097449804879,31.85609608147465,32.14097449804879,96400
2016-11-28,31.98177146911621,32.30016570284633,31.9147429545797,31.9147429545797,38200
2016-11-29,32.166107177734375,32.35881856205387,31.80917256805978,32.01528901674555,284800
2016-11-30,31.85609245300293,32.48450037125884,31.84771189086066,32.48450037125884,45000
2016-12-01,30.984704971313477,31.724550208262077,30.859025282701605,31.688522094784975,100600
2016-12-02,30.70820426940918,31.11038498915098,30.641172551328093,30.842264509323112,81000
2016-12-05,31.00145721435547,31.067648313105,30.6411697531915,30.791987908853066,52600
2016-12-06,30.75009536743164,31.11876020262432,30.616035136793574,31.085244345902797,82200
2016-12-07,31.026594161987305,31.118761172720692,30.636981105135874,30.7836121838016,382500
2016-12-08,31.219301223754883,31.294710295155767,30.959561352677813,31.01821249751765,76100
2016-12-09,31.23606300354004,31.3366105753097,31.118760699390172,31.118760699390172,64900
2016-12-12,30.574138641357422,30.942803437088187,30.470241414390685,30.942803437088187,239600
2016-12-13,30.85902214050293,31.118762054935413,30.716581339081838,30.733339268440098,69300
2016-12-14,30.31439781188965,30.758471711831625,30.272504590503257,30.750094346053512,187200
2016-12-15,29.63572120666504,30.163584836248962,29.635721206665036,30.163584836248962,175800
2016-12-16,29.51841163635254,29.78653206888346,29.51841163635254,29.593820707767343,56800
2016-12-19,29.34246253967285,29.551931858320216,29.29218875254815,29.501658071195518,155200
2016-12-20,29.447601318359375,29.53239335898308,29.337373282791372,29.439123731539816,48500
2016-12-21,29.642623901367188,29.69349913559513,29.422171022018613,29.422171022018613,203500
2016-12-22,29.184751510620117,29.53239403338766,29.150837928081806,29.405207586790475,135700
2016-12-23,29.29497718811035,29.35432999587686,29.099960357665342,29.125396351140864,71600
2016-12-27,29.642623901367188,29.732503805285173,29.278026142282577,29.28650696523036,884800
2016-12-28,29.549345016479492,29.87154826353863,29.434879818364994,29.87154826353863,110900
2016-12-29,29.617183685302734,29.803722949763888,29.583266867312382,29.803722949763888,88500
2016-12-30,29.447601318359375,29.727410200689157,29.354331690916112,29.685012563134496,82800
2017-01-03,29.8206787109375,30.01569880097578,29.71893148945055,29.71893148945055,149400
2017-01-04,30.29549789428711,30.337892291166213,29.947858664702217,29.947858664702217,66000
2017-01-05,31.32146453857422,31.363862179902778,30.575313921583,30.609227506365574,160800
2017-01-06,31.2027530670166,31.262105872387504,30.967884150983757,31.262105872387504,50300
2017-01-09,31.389291763305664,31.516474957846146,31.19427494408872,31.19427494408872,75500
2017-01-10,31.99130630493164,32.11849275653039,31.601272597274708,31.601272597274708,117800
2017-01-11,31.872594833374023,31.97858244545169,31.601266805214028,31.974342035312716,67300
2017-01-12,31.584308624267578,31.85563665436153,31.262105375599045,31.77084785788914,596300
2017-01-13,31.79628562927246,31.923472065583724,31.57583280541643,31.57583280541643,43200
2017-01-17,31.677579879760742,31.753891094327575,31.499521457266606,31.753891094327575,44400
2017-01-18,31.592792510986328,31.796290191384987,31.465609290912326,31.745414962663848,37000
2017-01-19,31.694538116455078,31.723367084868507,31.60126849532083,31.609746081566943,34100
2017-01-20,31.558876037597656,31.8386816837373,31.55887603759766,31.745412056862218,32800
2017-01-23,31.9404296875,31.95738809594094,31.541918409837844,31.541918409837844,35200
2017-01-24,32.432212829589844,32.483088053345185,32.211759995621186,32.211759995621186,344400
2017-01-25,32.64419174194336,32.69506697141068,32.51700528551803,32.62723333212092,143000
2017-01-26,32.38981628417969,32.79680834383976,32.30502425019715,32.79680834383976,98000
2017-01-27,32.305023193359375,32.45764561504963,32.242280648198786,32.4406872088079,31400
2017-01-30,32.05913543701172,32.220235449846214,31.828503692173623,32.220235449846214,41700
2017-01-31,32.321983337402344,32.33894174455584,31.89718542683634,32.05913611273672,77900
2017-02-01,32.321983337402344,32.50004499527136,32.17784172832577,32.43221136665736,33100
2017-02-02,32.3474235534668,32.449170765010344,32.2287146997662,32.3474235534668,67700
2017-02-03,32.40678024291992,32.518703159363255,32.28128865802356,32.35590501381443,47100
2017-02-06,32.61027145385742,32.71202190196984,32.43221302138908,32.50004665346403,59000
2017-02-07,32.80529022216797,32.8561654492139,32.686584593546606,32.745937407857284,55300
2017-02-08,33.29706954956055,33.33946394870553,32.81376628344006,33.008783107095226,84200
2017-02-09,33.517520904541016,33.627748925100605,33.27163210642602,33.38185689250043,115400
2017-02-10,33.704063415527344,33.78885221837598,33.44121295151977,33.59383538423572,147900
2017-02-13,33.80157470703125,33.87364551558169,33.70406466909165,33.84820628619253,42300
2017-02-14,33.644710540771484,33.87364418939723,33.568399324562904,33.856685781963606,113200
2017-02-15,33.941471099853516,34.00082390253468,33.72101829482136,33.805807088798694,54100
2017-02-16,34.17041015625,34.29759660191703,34.06866294040778,34.10257975718375,72800
2017-02-17,33.92451095581055,33.99573754986333,33.72949415206756,33.92451095581055,73500
2017-02-21,34.382389068603516,34.39934747879634,34.10258338663698,34.111060974490385,92700
2017-02-22,34.602840423583984,34.67915164174864,34.3823843557814,34.44173716607773,75500
2017-02-23,34.026268005371094,34.74698256093538,34.00167944566245,34.738504974116594,116400
2017-02-24,33.805809020996094,33.84820342040784,33.559920210613804,33.73797862883436,136400
2017-02-27,33.92451095581055,33.97284386507583,33.68285934742413,33.814286176185156,79300
2017-02-28,33.949954986572266,34.22043559800202,33.916038172123635,34.034743788208395,187600
2017-03-01,34.42478561401367,34.44174402525931,34.153457503055854,34.21281032517249,49100
2017-03-02,33.96691131591797,34.289111330013476,33.96691131591797,34.27215292382657,40700
2017-03-03,34.0432243347168,34.19584676402024,33.99234911345384,34.05170192101791,43500
2017-03-06,33.92451095581055,34.04321978957519,33.814286176185156,34.00082216027389,98600
2017-03-07,34.25519943237305,34.33151064671465,34.08561859667112,34.16192981101272,141600
2017-03-08,34.76394271850586,34.95048198276256,34.300987533453736,34.323033788571884,243300
2017-03-09,34.34846496582031,34.65370981560254,34.1966932105716,34.5604401965596,342800
2017-03-10,34.704586029052734,34.738502843218605,34.551963599791755,34.57739959317344,58100
2017-03-13,35.382904052734375,35.45073767706466,34.89112321428073,35.035264814254745,353800
2017-03-14,35.27267837524414,35.37442881850358,34.9928727424943,35.357470411293676,107100
2017-03-15,35.501609802246094,35.586401832996714,35.1446455414145,35.467696224431094,251400
2017-03-16,35.9594841003418,36.02138245662447,35.77294483067914,35.77294483067914,113300
2017-03-17,36.01883316040039,36.196891589519176,35.832293910188966,36.06970838349956,118200
2017-03-20,36.32407760620117,36.40038882271677,36.11210236415623,36.23080798218371,166200
2017-03-21,35.17941665649414,36.493662662083025,35.12854142811202,36.451268255674194,346800
2017-03-22,35.48465347290039,35.48465347290039,35.07766140493319,35.196367020446274,35400
2017-03-23,35.722068786621094,35.84077440495281,35.46769914241234,35.510093544032884,84800
2017-03-24,35.9594841003418,36.18841777643164,35.781425652656104,35.934048103382665,102100
2017-03-27,35.9594841003418,36.01883691623703,35.39139193834861,35.69663360531585,124500
2017-03-28,35.95099639892578,36.12057397692805,35.89164359972799,35.99339079342635,75500
2017-03-29,36.146018981933594,36.18841338321416,35.83229329658932,36.052749358425054,75800
2017-03-30,35.900123596191406,36.14601562908985,35.84077079300698,36.10362123174172,153500
2017-03-31,35.900123596191406,36.00187079672397,35.73054277231368,35.9170820020277,68900
2017-04-03,36.26472473144531,36.34951353431538,35.99763709136765,36.01883267484242,79500
2017-04-04,35.874691009521484,36.32407748613601,35.739026984440564,36.32407748613601,194400
2017-04-05,35.65423583984375,36.112103148886995,35.59488302954025,35.917086310106114,81300
2017-04-06,35.91708755493164,35.98491795427843,35.56944826775442,35.56944826775442,71000
2017-04-07,35.874691009521484,36.00187421363676,35.52705174309628,35.91708541089324,69900
2017-04-10,36.25624465942383,36.37495351417383,35.82381658067688,35.82381658067688,145500
2017-04-11,35.934043884277344,36.442783170642954,35.7305462290398,36.22233034241399,98000
2017-04-12,35.878929138183594,36.129061611543875,35.845862992098965,36.02731439865294,97300
2017-04-13,35.77294158935547,36.12906168694532,35.76446400263252,35.798380818495474,91900
2017-04-17,35.9594841003418,35.97644250980985,35.76446724318805,35.77294483067914,109900
2017-04-18,35.722068786621094,35.95100243675462,35.51348328485064,35.68815197153046,132700
2017-04-19,35.9594841003418,36.264729001794926,35.88317287497852,35.94252569087375,83300
2017-04-20,36.68019485473633,36.75650607207257,36.332555583423584,36.332555583423584,225700
2017-04-21,36.917606353759766,36.95152316639589,36.55300870413466,36.55300870413466,99400
2017-04-24,37.32460403442383,37.4433096620783,37.20589840676936,37.307645625546655,239500
2017-04-25,37.985965728759766,38.08771294732426,37.64680725538285,37.67224325140254,183900
2017-04-26,37.833343505859375,37.92661313779365,37.68920188158696,37.92661313779365,141700
2017-04-27,38.265769958496094,38.44382837790089,38.028355498137664,38.05379472554218,146000
2017-04-28,38.045310974121094,38.26576701072231,37.80789976653682,38.26576701072231,101100
2017-05-01,38.37599563598633,38.47774607898065,38.06227318963409,38.104667590305674,125500
2017-05-02,38.46079635620117,38.64733564265893,38.384485123967195,38.46927394445554,217000
2017-05-03,38.13011169433594,38.46079259014102,37.95205001356825,38.443834180806675,118400
2017-05-04,37.994449615478516,38.05380243396968,37.704465005723385,38.05380243396968,240800
2017-05-05,38.23185348510742,38.24881189203286,37.83333900857305,38.06227265033841,199300
2017-05-08,38.74907302856445,38.85930105478089,38.46078658387285,38.55405620340327,359100
2017-05-09,39.630897521972656,39.800475148756206,39.174725037502704,39.29173579943376,576900
2017-05-10,40.105712890625,40.156588110267016,39.51218159940943,39.72415682952318,237500
2017-05-11,39.92765426635742,40.105712682452264,39.393475783587576,39.96157107927605,195700
2017-05-12,40.34313201904297,40.36856801456649,40.02092872630698,40.09723994736325,162300
2017-05-15,40.40248489379883,40.59750174024609,40.28377603403964,40.51270969756095,323800
2017-05-16,41.716732025146484,41.793043248510514,40.690772537852304,40.690772537852304,449900
2017-05-17,40.70772933959961,41.386052789721546,40.70772933959961,41.326699973008765,364900
2017-05-18,40.894264221191406,41.01296984187206,39.93613520007737,40.377044101523786,240800
2017-05-19,41.86086654663086,41.97957215516791,41.275816089775994,41.35212730019056,262600
2017-05-22,42.378089904785156,42.55614833142008,42.14915625576076,42.33569550337001,804100
2017-05-23,41.64042282104492,42.54767672365387,41.5556307718143,42.54767672365387,528400
2017-05-24,41.30973815917969,41.67433585150549,41.19103253553605,41.64889662180639,310500
2017-05-25,41.60649871826172,41.79897324011289,41.30973468411707,41.733685152601076,420900
2017-05-26,41.64889907836914,41.82696075882279,41.508147192179585,41.65737990026428,216800
2017-05-30,41.012969970703125,41.725206931509916,40.868828354991145,41.64889571304899,488300
2017-05-31,40.385528564453125,40.953620724505285,40.28377810799248,40.86035108999263,236800
2017-06-01,40.970577239990234,41.01297164431282,40.42113838534205,40.52966831916673,198900
2017-06-02,41.012969970703125,41.19103163676901,40.877305941715434,41.10623959709821,133600
2017-06-05,41.25038146972656,41.47083428798656,41.029925416981214,41.029925416981214,238300
2017-06-06,41.42844009399414,41.72520412667905,41.16558964041224,41.16558964041224,268600
2017-06-07,42.10676574707031,42.132201743373834,41.46236237632336,41.47083996359594,238300
2017-06-08,42.547672271728516,43.522759711694846,41.99653533009788,43.45492607940804,873400
2017-06-09,41.35213088989258,42.86139358856897,40.69924675177788,42.759646377345476,593500
2017-06-12,41.063846588134766,41.479316275922386,40.385526420175395,41.12319940067585,268000
2017-06-13,40.90274429321289,41.589542010139084,40.69755176644361,41.487794799202895,298000
2017-06-14,40.44487762451172,41.2503842070217,40.27529678064348,41.2503842070217,208600
2017-06-15,39.97853469848633,40.10571791178649,39.512186546261894,40.10571791178649,283100
2017-06-16,40.046363830566406,40.18202786114872,39.817430172492706,40.10571664179081,199200
2017-06-19,41.20798873901367,41.224947147741595,40.54662697105343,40.63989660181413,351900
2017-06-20,40.911224365234375,41.258863655331545,40.87730754803326,41.250386068274125,551500
2017-06-21,41.538673400878906,41.58445754710892,40.95361961281216,41.09776447164229,288200
2017-06-22,41.44540023803711,41.63193625162141,41.07232174189749,41.233424995952504,251300
2017-06-23,41.801513671875,41.83034263882614,41.45387443268044,41.547144049083784,107500
2017-06-26,41.767601013183594,42.42981341480929,41.479314549489075,42.18307391816428,174300
2017-06-27,41.055362701416016,41.903263656681794,41.01296830054982,41.80151644770583,131300
2017-06-28,41.36061096191406,41.38605019211278,40.70772678456604,41.292780561850826,108200
2017-06-29,40.639892578125,41.15711267241741,40.23290051240772,41.14863185165025,170200
2017-06-30,40.614463806152344,40.75436502883107,40.22442684364895,40.724688619840315,173200
2017-07-03,40.580535888671875,40.91121670827816,40.39399666346418,40.88578071738079,272400
2017-07-05,40.66533279418945,40.80947765183054,40.26682150785747,40.51271034938631,98200
2017-07-06,40.317691802978516,40.59665324960478,40.232902996983334,40.48727264945451,103700
2017-07-07,40.48727035522461,40.610216381090765,40.317689518357994,40.43639513381899,87400
2017-07-10,41.14015579223633,41.250383824902435,40.61445809215154,40.67381090178278,149600
2017-07-11,41.64042282104492,41.66161840748811,41.19103628082346,41.46236436938955,266100
2017-07-12,42.50103759765625,42.5476724113851,42.01349387607279,42.047410692327524,222000
2017-07-13,42.59854507446289,42.827475484203454,42.36113060944032,42.64093947498946,247000
2017-07-14,43.20479965209961,43.27687046523448,42.666380672831274,42.759650306057964,172500
2017-07-17,42.88683319091797,43.31926126824978,42.67570538078762,43.31926126824978,532000
2017-07-18,43.55667495727539,43.57363336599492,42.573109892942526,42.81052438053028,436600
2017-07-19,44.1247673034668,44.54871778893173,44.023016858125644,44.41305376296238,624200
2017-07-20,43.92127227783203,44.201081167550434,43.77713065669398,44.1502059418328,214700
2017-07-21,43.95518493652344,43.980620929732986,43.630439367572315,43.92974894331389,78800
2017-07-24,44.46392822265625,44.5232810351616,44.09085293912466,44.1586865731226,501300
2017-07-25,44.574153900146484,44.65894270366805,44.23499221708916,44.582634721189955,171900
2017-07-26,45.116817474365234,45.13377588477405,44.514808460039454,44.67590850719414,265000
2017-07-27,44.726776123046875,45.829046736054245,43.836480752328825,45.58315467872211,498100
2017-07-28,45.684906005859375,45.828200185626315,44.58263537157118,44.845482607013835,248100
2017-07-31,45.95623779296875,46.3293130924703,45.667951305108424,46.032549017240186,234600
2017-08-01,46.02406311035156,46.29539115900842,45.77817428996505,46.29539115900842,421100
2017-08-02,45.16769027709961,46.17669138352877,44.69286451464042,46.17669138352877,874300
2017-08-03,45.60011291503906,45.66709910966995,44.862439980297744,45.15072643810827,159300
2017-08-04,45.998626708984375,46.09189633134976,45.72729866273169,45.854485099500025,251100
2017-08-07,47.21536636352539,47.262001175322766,46.26147777864617,46.26147777864617,335800
2017-08-08,47.643558502197266,47.93693283271695,47.41462483215854,47.63508091493026,432400
2017-08-09,47.821617126464844,47.82415943213689,46.79565447042722,47.253521781271886,305500
2017-08-10,45.98167037963867,47.448538706754945,45.82904794241403,47.448538706754945,669700
2017-08-11,46.14277267456055,46.20212872261192,45.07441879589372,45.320310871800274,562600
2017-08-14,46.82109069824219,46.89740191182458,46.532804250762624,46.69390426410973,459900
2017-08-15,46.57520294189453,46.86348941593564,46.37170527543023,46.84653100752314,249200
2017-08-16,47.27048110961914,47.533331586033654,47.143294664857294,47.24504511446103,581700
2017-08-17,46.33778762817383,47.28743577456742,46.33778762817383,47.28743577456742,530700
2017-08-18,46.77021789550781,47.03306836354326,46.10037534548833,46.49041225423122,490300
2017-08-21,47.702911376953125,47.76226742584054,47.05850800581304,47.1432968165337,576200
2017-08-22,47.74530792236328,47.8046607354044,47.34679340524233,47.66051587910046,855200
2017-08-23,48.228607177734375,48.254043171323545,47.48245343242604,47.69442867096365,338000
2017-08-24,47.813133239746094,48.28795892808471,47.64185753539398,48.13533650092178,420900
2017-08-25,46.965232849121094,48.15229546649884,46.93979685579392,48.15229546649884,552900
2017-08-28,45.990150451660156,47.06698184694595,45.765453975611386,47.04154585265141,1549300
2017-08-29,46.24452209472656,46.37509828165512,45.06594020240478,45.19312341385433,654500
2017-08-30,46.9991569519043,47.06613992081352,46.43954237052285,46.47345918987589,540800
2017-08-31,47.643558502197266,47.65203932395007,47.07970676609615,47.3467944305651,587700
2017-09-01,48.0505485534668,48.143818181830845,47.52485083435249,47.94032375129625,504300
2017-09-05,47.37222671508789,47.81313561159893,46.85500660120984,47.80465802499617,502600
2017-09-06,47.66051483154297,47.912342181045624,47.27895873146102,47.54180920806984,437700
2017-09-07,48.41514587402344,48.475349355068616,47.65203691364589,47.736825719970405,317800
2017-09-08,47.91488265991211,48.550808390974126,47.889446665705,48.364272375979425,278100
2017-09-11,48.881492614746094,48.9662814186465,48.45754212627296,48.45754212627296,331300
2017-09-12,49.42838668823242,49.500460730633364,48.85944714193067,49.33935747236893,931400
2017-09-13,49.75482940673828,49.983763057827375,49.34783732740841,49.44110695205421,701800
2017-09-14,49.7802619934082,50.06007084819238,49.39870593437763,49.72090918805737,446900
2017-09-15,49.720909118652344,49.966801160182726,49.44110349874404,49.805701150810386,342200
2017-09-18,50.195735931396484,50.32291913078423,49.88201349152427,50.10246631115425,428800
2017-09-19,49.975284576416016,50.424674313067506,49.77179014446706,50.238135055042896,700600
2017-09-20,49.771785736083984,50.38227221234456,49.280001639208535,50.187255384630795,333300
2017-09-21,49.23760986328125,49.975282813423036,48.754306561345025,49.975282813423036,331300
2017-09-22,49.38175964355469,49.42415405007473,48.95780910938246,49.076514741432945,154400
2017-09-25,47.329830169677734,49.05106804130178,47.05934956305277,49.05106804130178,751700
2017-09-26,47.62659454345703,48.254042666132975,47.39766413458037,47.76226179980679,684800
2017-09-27,48.09294509887695,48.22012830645035,47.8555306226659,48.016633880538684,582600
2017-09-28,47.855525970458984,48.020018953230846,47.45701474408702,47.69442596273289,1063200
2017-09-29,48.26251983642578,48.389706270914715,48.067503008832034,48.07598382952351,356400
2017-10-02,48.61016082763672,48.85604963385794,48.34731038055542,48.72038561734492,407700
2017-10-03,49.41566848754883,49.47417386265917,49.04259321768195,49.084987620135024,468000
2017-10-04,49.195220947265625,49.50046585294755,49.04259849442466,49.415673804432615,232000
2017-10-05,49.339359283447266,49.52589854323832,49.09347044538763,49.40719291772972,428500
2017-10-06,49.4326286315918,49.44958704006575,48.96628371925791,49.12738374803196,143300
2017-10-09,49.51742172241211,49.68699934177082,49.25457123722889,49.551335305592396,332800
2017-10-10,50.1109504699707,50.2805313258823,49.73787517455384,49.73787517455384,349800
2017-10-11,49.949851989746094,50.15334967006792,49.75483513145088,49.83962394480153,353800
2017-10-12,49.568294525146484,50.031249713851246,49.48350571408035,50.00072587124687,511300
2017-10-13,50.255088806152344,50.492500032919686,49.71497503077126,49.89896873151595,276600
2017-10-16,51.22169494628906,51.27257016639888,50.49249963047519,50.780786075460085,741800
2017-10-17,50.390750885009766,51.31496299794317,50.390750885009766,51.31496299794317,523200
2017-10-18,50.975807189941406,51.05127097405064,50.5348982820142,50.83166557256351,540100
2017-10-19,49.65308380126953,50.238134327760264,49.178258076119754,49.98376467426367,704800
2017-10-20,49.619171142578125,50.20846212910865,49.5343790946507,50.11943290464929,240300
2017-10-23,49.23760986328125,49.85657719322615,49.21217386880637,49.85657719322615,286700
2017-10-24,49.10194778442383,49.525898293090755,49.08498937593887,49.36479826421217,423000
2017-10-25,48.04207229614258,49.52250612512587,47.67747459398495,49.39871265220418,955600
2017-10-26,47.24504470825195,47.92336486068313,47.16025266764454,47.92336486068313,700600
2017-10-27,47.20264434814453,47.24504198324563,46.61759385688332,47.22808357610228,1643800
2017-10-30,47.10089874267578,47.830094102228266,46.9482763076771,47.28743799311541,450600
2017-10-31,47.923370361328125,47.956436511647574,47.30949079550323,47.43158617281501,550200
2017-11-01,48.37275314331055,48.720392436437436,48.211653111929806,48.525375587559985,634600
2017-11-02,48.26251983642578,48.864531960589964,48.025108608830855,48.618639912303564,958900
2017-11-03,48.72887420654297,48.84757983560626,48.338837266710414,48.46602371755583,402500
2017-11-06,49.74634552001953,49.76330392659055,49.17825345507421,49.17825345507421,543800
2017-11-07,49.83114242553711,50.0515952635464,49.58525035794108,49.78026720084928,546600
2017-11-08,50.22117233276367,50.2720475536237,49.60220503415098,49.86505549019969,562100
2017-11-09,50.22117233276367,50.22117233276367,50.22117233276367,50.22117233276367,0
2017-11-10,50.22117233276367,50.22117233276367,50.22117233276367,50.22117233276367,0
2017-11-13,50.01768112182617,50.15334515165652,49.4241497783863,49.60220821107258,453500
2017-11-14,49.10194778442383,50.017682435697516,48.86538396985716,49.79722635987873,448900
2017-11-15,49.66156005859375,49.695476874014794,48.32187819431798,48.7712646779474,640800
2017-11-16,50.73839569091797,50.85710131274879,50.03463631222723,50.093992357628245,620600
2017-11-17,50.975807189941406,51.281052067312984,50.7214375369603,50.92493520003656,297500
2017-11-20,51.357357025146484,51.72195466927891,51.2013448645471,51.365837845420394,868600
2017-11-21,51.81523132324219,52.205265012202624,51.6846551367584,51.84914813997413,712400
2017-11-22,51.942413330078125,52.220527339449816,51.83218852998313,52.05264136465872,814800
2017-11-24,51.323448181152344,51.58629866420289,51.12927876814542,51.48455144651605,314500
2017-11-27,50.32292556762695,51.2089838387792,50.314447980377544,51.170826609942395,868900
2017-11-28,49.9837646484375,50.61969039909323,49.79722539320975,50.54337917963512,674300
2017-11-29,48.31339645385742,49.80570395913055,47.525695735190624,49.80570395913055,1202700
2017-11-30,48.033592224121094,48.52537311482036,47.81313615611217,48.491456299051976,411200
2017-12-01,47.185691833496094,47.84705357691474,47.05002780319264,47.457019894103006,816500
2017-12-04,46.65151596069336,48.025962185474796,46.24452384656291,47.94032593934936,688700
2017-12-05,46.52432632446289,46.93979923192228,45.79513095697432,46.295392669473294,754600
2017-12-06,46.481929779052734,46.60063539442988,45.778173673108775,45.78665125942767,418700
2017-12-07,46.965232849121094,47.22808330661507,46.44801275489915,46.61759359087961,346800
2017-12-08,47.32135772705078,48.30492279409955,47.2704825007517,47.914885861444716,1438000
2017-12-11,48.38123321533203,48.38971080233199,47.7368266308217,47.8131378517641,574500
2017-12-12,47.27894973754883,47.948792181991855,47.075455345873124,47.88096179626163,1275300
2017-12-13,48.4744987487793,48.58472678473392,47.66306010304525,47.694431379218955,736600
2017-12-14,47.855525970458984,48.42870910474012,47.787695579910995,48.30491565009116,437200
2017-12-15,48.270999908447266,48.29643590115639,47.60963822212728,48.06750226331824,2899800
2017-12-18,50.02615737915039,50.085510188468504,49.42414846493205,49.58524848529758,870500
2017-12-19,49.811256408691406,50.31440054425888,49.691866826204574,50.11826005115592,560000
2017-12-20,49.54689407348633,49.95623445395983,49.1486435869732,49.87095385256022,177100
2017-12-21,50.29734802246094,50.52674845271713,49.811259971498174,49.913593441931816,417300
2017-12-22,50.20353698730469,50.45084583651793,49.99887006273809,50.39115104575916,165800
2017-12-26,49.879486083984375,50.22059874761857,49.54689660124151,50.11826527384056,158500
2017-12-27,50.12678909301758,50.32037264219422,49.71745196613591,49.922122156137895,278500
2017-12-28,49.94770050048828,50.46790073865983,49.90506182999203,50.40820594934067,128900
2017-12-29,49.981815338134766,50.24617706083655,49.819783827449456,50.24617706083655,186100
2018-01-02,52.29286193847656,52.33550060797508,50.55317689671292,50.55317689671292,780100
2018-01-03,52.608394622802734,52.81306480098377,52.33550322064277,52.74484032388272,604500
2018-01-04,53.111541748046875,53.39296285226211,52.80453809003837,53.0859591942536,629100
2018-01-05,54.058128356933594,54.06665804252117,53.36737346794689,53.39295601846584,530300
2018-01-08,54.70625305175781,54.79153039704129,54.075189636044584,54.10077218900519,945500
2018-01-09,54.77447509765625,55.1752792533112,54.305439960062856,55.03030712214383,510800
2018-01-10,54.0154914855957,54.30543899590467,53.65731950080369,54.23721452142163,417600
2018-01-11,54.27985763549805,54.28838406843451,53.96432431377377,54.14341193666017,323400
2018-01-12,54.64655303955078,54.78299547772238,54.322493302808056,54.5015776626704,453300
2018-01-16,54.35661315917969,55.767970528213496,54.143416533325414,55.192343542153765,681900
2018-01-17,55.26909637451172,55.45074423687795,54.47600784501834,54.7915379699241,555000
2018-01-18,55.20087432861328,55.43112382637512,54.876811286862406,55.388481897856906,769500
2018-01-19,55.524925231933594,55.78928694444544,55.260563519421744,55.618732260162474,320700
2018-01-22,55.70400619506836,55.805490585192835,55.14117056636609,55.52492183565201,544100
2018-01-23,56.24126052856445,56.25831990007652,55.482281152374874,55.77223191188495,453100
2018-01-24,56.41182327270508,57.09404850844714,55.7722334544346,56.47151806216056,1251000
2018-01-25,57.000244140625,57.13669309788592,56.15598736286736,56.49710324977525,823900
2018-01-26,58.27943420410156,58.32207613739221,57.473551112374366,57.503401766926935,1039200
2018-01-29,57.21343994140625,57.980949049451404,57.21343994140625,57.93831363059819,624400
2018-01-30,55.72959518432617,56.113353004193904,55.22645428396486,56.113353004193904,856200
2018-01-31,56.32655334472656,56.88938907563318,56.03660253903623,56.71883437081176,551500
2018-02-01,55.06442642211914,56.190104390469735,54.84270010079776,55.2093985718795,734600
2018-02-02,53.31621170043945,54.93735639624624,53.28209946011872,54.88533897084776,755600
2018-02-05,51.585060119628906,54.11698165658722,51.47419695665552,52.608401382660816,1232800
2018-02-06,52.29286193847656,52.41992888214116,49.53836224891177,50.19500816917908,997700
2018-02-07,51.133079528808594,52.250231053593794,51.11602340784365,51.64475339838944,599900
2018-02-08,48.881717681884766,51.73428931807643,48.822022892309874,51.39743828940549,867800
2018-02-09,49.905067443847656,50.14384662798472,47.77310114798842,49.393393580968,1015200
2018-02-12,51.15012741088867,51.27804667096021,50.1097269714645,50.595818207863175,1024400
2018-02-13,52.4207878112793,52.625454751933034,51.25246795031826,51.43155558979324,948000
2018-02-14,54.8000602722168,54.80858345240343,52.51459227702686,52.540174830075586,1331900
2018-02-15,55.43964385986328,55.934255010828075,54.38218732731658,55.55050374596435,825700
2018-02-16,54.76594543457031,55.524924834816325,54.64655585517729,55.35437015175317,385700
2018-02-20,55.26909637451172,55.60168262145599,54.45042203539925,54.64656581228076,1533900
2018-02-21,55.635780334472656,56.67447609940745,55.43111342971116,55.908671709569184,683500
2018-02-22,55.132652282714844,56.05366332696669,54.90239626852933,55.89163179892837,566500
2018-02-23,56.71030807495117,56.718837762575795,55.576100351953265,55.80635637410083,452000
2018-02-26,56.0792350769043,56.92349178500098,55.88394366153119,56.821155075499256,695100
2018-02-27,54.39925003051758,55.84046125551798,54.365137790762276,55.57609302397548,646200
2018-02-28,54.0666618347168,54.83758020731328,53.94726899996984,54.723304533653405,412800
2018-03-01,53.58058166503906,54.96209174213295,53.02712141233548,54.7318422313657,464500
2018-03-02,54.56980895996094,54.59538826055521,52.25022866473838,52.872762412445724,476800
2018-03-05,54.603919982910156,54.757421817176876,53.50126763415475,53.88757917403961,317500
2018-03-06,55.20939636230469,55.58462450548593,54.551901299929135,55.533459397322915,305400
2018-03-07,55.86604309082031,55.9410861135709,54.748888398485526,54.834172249900014,431900
2018-03-08,56.06218719482422,56.608822396316434,55.67843584147413,56.28391352439625,228700
2018-03-09,57.290191650390625,57.30724451595233,56.318015657273584,56.61648960143338,757000
2018-03-12,57.443702697753906,57.98948557086242,57.16228157392591,57.784818620008,978600
2018-03-13,56.12186813354492,57.81891767032612,56.062173348739385,57.81891767032612,626200
2018-03-14,56.6420783996582,57.11111358238247,56.198632277464576,56.701773195073585,434100
2018-03-15,57.247554779052734,57.44369853466344,56.76146673959834,57.35842118684145,374800
2018-03-16,57.16227722167969,57.247554569189056,56.84675038527055,57.136694668051334,409600
2018-03-19,56.309486389160156,56.991718129082095,55.866040312581745,56.66765512480935,489300
2018-03-20,57.563087463378906,57.59293811320913,56.66937019820239,56.67618874245306,576100
2018-03-21,57.26462173461914,57.64837310375188,56.86381098991646,57.17081468772083,452600
2018-03-22,53.77671432495117,55.567567809064165,53.44412487919836,55.49934333205166,1387100
2018-03-23,52.940982818603516,54.38219070554188,52.881284775989016,53.93874137422499,497300
2018-03-26,54.527164459228516,54.69772239990722,53.051844290633674,54.527164459228516,589400
2018-03-27,52.1734733581543,55.14884381980468,51.90910839722405,54.8426925065315,764100
2018-03-28,51.252464294433594,52.13083654921144,50.67256924874183,51.96880504186918,711200
2018-03-29,52.38666915893555,52.61692187883395,51.24393524524825,51.303630033393546,820900
2018-04-02,51.01368713378906,52.196502870118294,50.42526563186248,52.16494758416089,899300
2018-04-03,50.93693542480469,51.78972189416982,50.51054219012212,51.48271824469882,302600
2018-04-04,51.26952362060547,51.29510942780425,49.08639225615353,49.35928367671003,719600
2018-04-05,51.585060119628906,52.09673075114486,51.16719327649693,51.70444971677446,262100
2018-04-06,50.31439971923828,51.48271622557353,50.07562055817995,50.706680699011855,360100
2018-04-09,51.141605377197266,52.12230786065208,50.77490693678132,51.15013181047853,346700
2018-04-10,52.35255813598633,52.57342885724578,51.781192792454036,52.32697558422281,597100
2018-04-11,52.301395416259766,52.855704666173416,51.80677770547428,52.12230778638649,371600
2018-04-12,51.977333068847656,52.46342106911286,51.8153015666779,52.250224463623844,296900
2018-04-13,50.5872917175293,52.04129416948836,50.33145643434837,52.01997320708906,606400
2018-04-16,50.7152099609375,50.868711778368855,50.27176062759383,50.61287324723523,257100
2018-04-17,51.80678176879883,52.01997840159223,50.885770753632514,50.97957779256121,629800
2018-04-18,51.59358215332031,52.01912307622458,51.184245032395914,51.80677877378858,665600
2018-04-19,51.44008255004883,51.815307447169644,51.19277367886532,51.815307447169644,429800
2018-04-20,50.63846206665039,51.09896429323536,50.39200552486102,51.09043785981363,759400
2018-04-23,50.07562255859375,50.80901944328151,49.9732858399474,50.74079496418394,346000
2018-04-24,49.44456100463867,50.98810574466534,49.077862548461745,50.740796878290695,542900
2018-04-25,48.65999984741211,49.42750576109527,48.01188027252689,49.22283881869539,520700
2018-04-26,49.27399826049805,49.35927885429147,48.873190855596036,48.873190855596036,520800
2018-04-27,49.743038177490234,50.06709470570464,49.104300619629036,49.94770511603382,367200
2018-04-30,50.152374267578125,50.442321802103535,49.74132925666784,49.88800928655952,349100
2018-05-01,50.20353698730469,50.31440013576616,49.708922542000316,49.91358946656691,319900
2018-05-02,50.30587387084961,50.75870196413635,50.203537155102154,50.4167337665595,532800
2018-05-03,49.93064880371094,50.229126029863025,49.10344811283317,50.229126029863025,404200
2018-05-04,50.493492126464844,50.646993969611096,49.48720371167167,49.6662913640907,297300
2018-05-07,51.59358215332031,51.76414010031938,50.44232170404058,50.45084813748552,539200
2018-05-08,52.16495132446289,52.22464937540355,51.34627702313736,51.764143860987005,417800
2018-05-09,51.72150421142578,52.019978194901654,51.31216381534111,52.019978194901654,543100
2018-05-10,52.88982009887695,53.230932753314406,52.10525481273828,52.10525481273828,512000
2018-05-11,52.45489501953125,53.08595844690032,52.156421052404006,53.00920753347871,296500
2018-05-14,53.01773452758789,53.478240012987506,52.693678003600574,52.693678003600574,350800
2018-05-15,51.602108001708984,51.695915034151014,50.99663038719326,51.542413208904456,1216100
2018-05-16,52.46342086791992,52.531642089791326,51.863060452339056,52.02849797264187,1812500
2018-05-17,51.98585891723633,52.574283623768686,51.730023644150165,51.90058157724827,825900
2018-05-18,51.26099395751953,51.93980994081151,51.21835528570424,51.69591361503084,245900
2018-05-21,51.09896469116211,52.019975657748816,50.91988030981101,51.88352995008289,501800
2018-05-22,51.30363464355469,51.54241381759264,51.1757153699645,51.30363464355469,398300
2018-05-23,51.55094528198242,51.64475231876735,50.82607479517675,50.8687167232589,349500
2018-05-24,51.51683044433594,52.13936417611582,51.12454944948103,51.83236052688252,336800
2018-05-25,51.388912200927734,51.591025434777066,51.31216128708384,51.51683147504165,285400
2018-05-29,51.43155288696289,51.849416433159426,51.11175796251521,51.32068973561348,681600
2018-05-30,52.122310638427734,52.19053512080252,51.45713820088541,51.57652779191892,284700
2018-05-31,52.489009857177734,52.749110007027525,52.14789719973972,52.301399034179674,864700
2018-06-01,53.94727325439453,54.168999569002686,52.847181127579404,52.847181127579404,1135300
2018-06-04,54.876808166503906,54.97061519891415,54.25427443238037,54.27133055219334,857000
2018-06-05,55.28615188598633,55.53346075857747,54.96208884302456,55.18381516090711,541500
2018-06-06,55.26056671142578,55.76370761349426,55.06442295755082,55.661370893266735,403400
2018-06-07,54.94503402709961,55.686960618566346,54.441889865895384,55.43112206806206,874000
2018-06-08,55.42258834838867,55.6784268802761,54.12635583556126,54.450412337207084,320100
2018-06-11,55.78929138183594,56.20716145218099,55.516399961531356,55.661372105327146,460500
2018-06-12,56.283905029296875,56.49710163925633,55.976901390455716,56.21568055261124,450100
2018-06-13,55.669898986816406,56.51415575923982,55.465232058462554,56.51415575923982,1058300
2018-06-14,56.60796356201172,56.60796356201172,55.516397920916035,55.74665391141729,707300
2018-06-15,56.283905029296875,56.51415450530564,55.090855030265324,56.05365555328811,487800
2018-06-18,56.37771224975586,56.3862419359316,55.29466982398477,55.959848714563755,508600
2018-06-19,54.782997131347656,55.26056194497298,54.04960355170888,54.714779163324586,1172100
2018-06-20,55.362892150878906,55.405534073857375,54.92370767042534,55.39700438801289,366100
2018-06-21,53.938743591308594,55.1070633836766,53.9046313521616,55.1070633836766,874100
2018-06-22,54.024017333984375,54.48452277239783,53.45350432337162,54.356606763808735,1041200
2018-06-25,51.54241180419922,52.97935814182583,51.09043602724792,52.88128626882134,1081400
2018-06-26,51.6873893737793,52.088200062708495,51.32836504043818,51.934698235166344,745500
2018-06-27,49.359275817871094,52.00291225352096,49.35074613245546,51.909105232679906,1456700
2018-06-28,50.18648147583008,50.254705953593216,48.81349801862945,49.16314033436017,1701400
2018-06-29,50.809017181396484,51.15865948840081,50.45084518832358,50.76637525729771,1656300
2018-07-02,50.391151428222656,50.4508462194345,49.46161406819548,49.67481068055839,1841900
2018-07-03,50.28029251098633,50.94546820966916,50.186485473151414,50.88577016031043,458200
2018-07-05,49.708927154541016,50.53612786886447,49.274004206516366,50.33146092530662,683400
2018-07-06,50.82606887817383,50.88576366679252,49.62364016680566,49.62364016680566,600600
2018-07-09,51.67885971069336,51.819570261524724,51.12881529039306,51.50830501612206,470900
2018-07-10,50.74079132080078,51.56799517829018,50.50201216734899,51.4827145855417,680800
2018-07-11,50.08415603637695,50.44232809577251,49.619388906362474,49.785682031149555,412200
2018-07-12,51.354801177978516,51.37185729739235,50.76637644412853,50.81754480237005,714100
2018-07-13,50.85165786743164,51.57567274410942,50.74079471600145,51.25246529424167,316000
2018-07-16,50.97105026245117,51.09043985374832,50.74932394736585,50.75785363424272,279900
2018-07-17,51.201297760009766,51.26951898241597,50.349363652614805,50.48495703257345,279800
2018-07-18,50.86018371582031,51.17571379366908,50.612022544822246,51.10749256881196,213200
2018-07-19,49.6833381652832,50.50201564645784,49.657755612257255,50.280289343158934,500000
2018-07-20,49.91358947753906,50.26323178911246,49.72597867216545,49.81125601523326,265400
2018-07-23,49.58100128173828,49.819780435177265,49.256941535555384,49.57247484902488,261700
2018-07-24,49.6833381652832,50.732268383058006,49.55542214703125,50.47642984030969,639400
2018-07-25,51.23541259765625,51.23541259765625,49.88800841569938,49.88800841569938,694000
2018-07-26,50.13531494140625,50.65977677349025,49.725977845862964,49.97328343789895,689900
2018-07-27,49.282527923583984,50.45851852132003,48.86466114699505,50.450844406474886,569100
2018-07-30,47.79015350341797,49.14608409087767,47.48400217850456,49.14608409087767,1229700
2018-07-31,47.602542877197266,47.935981414703484,46.93737043831092,47.730462155347276,941900
2018-08-01,47.15909194946289,47.977766193959184,47.00559012197955,47.00559012197955,1952500
2018-08-02,46.57919692993164,46.61330917010303,45.96945446263765,46.30630551480504,2295500
2018-08-03,46.058998107910156,46.55361584664986,45.89696984166217,46.54508941289887,1349000
2018-08-06,45.973716735839844,46.24234329264724,45.794632364634914,45.9310780645704,1363900
2018-08-07,46.53656005859375,46.82650760503543,46.12722292005063,46.34041954969532,1557600
2018-08-08,45.72640609741211,46.860613576870755,45.564377851684576,46.817974907271086,1713900
2018-08-09,45.65818786621094,46.2295532331258,45.632602060278295,46.01635661804613,879800
2018-08-10,45.359710693359375,45.453517724576976,44.90773490998968,45.197682436879454,936500
2018-08-13,44.293731689453125,45.146518228932855,44.18287178156895,44.96743383639151,766200
2018-08-14,42.264095306396484,43.36418729396128,42.19160598976435,43.36418729396128,1335700
2018-08-15,40.839942932128906,40.96786220201202,40.10654605812632,40.217409208483545,2761700
2018-08-16,41.58186340332031,41.982674052036856,41.385722921833185,41.47952994626658,2304700
2018-08-17,42.212928771972656,42.443181501103524,41.18105796051818,41.57333894209428,1411600
2018-08-20,43.06571960449219,43.278916236197595,42.49861578340642,42.545519302631405,1308100
2018-08-21,43.54328155517578,43.82384710141719,43.406835839992254,43.49211319206104,797200
2018-08-22,43.97819900512695,44.08906215964089,43.72236370889058,43.72236370889058,771600
2018-08-23,42.97190856933594,44.51118836733433,42.95485245001116,44.31931271789429,2303500
2018-08-24,43.458003997802734,43.63708840158029,43.30876699465477,43.466533685481295,1501800
2018-08-27,44.805397033691406,44.92905144874583,43.99524932482008,44.097582779198206,1285700
2018-08-28,44.34489822387695,45.10387769220912,44.15728415193063,45.10387769220912,856700
2018-08-29,44.45575714111328,44.48986612565996,43.82042891374115,44.276669519913554,833200
2018-08-30,42.8354606628418,44.029362929141406,42.699014968389434,43.92702621846067,1008400
2018-08-31,43.227745056152344,43.27038698221224,42.37495858490996,42.61374100898094,659700
2018-09-04,42.400543212890625,42.97190857124654,42.17029048167907,42.93779633259546,2030500
2018-09-05,40.71202850341797,41.888871518510115,40.64380402265317,41.786538050485206,1697500
2018-09-06,40.72055435180664,41.37975728476855,40.47751033553855,40.93375097144961,1476100
2018-09-07,40.54999542236328,41.23307950918668,40.430605838757295,40.43913227196251,766000
2018-09-10,39.25375747680664,40.44765975404779,39.14289758556947,40.44765975404779,1588400
2018-09-11,39.458431243896484,39.48401379757221,38.383918445803985,38.60564475473457,846600
2018-09-12,40.055381774902344,40.17477136091218,38.71650726929672,39.29640233259215,2361100
2018-09-13,41.59892654418945,41.82065286721212,41.1043120406633,41.12136816190524,2424800
2018-09-14,40.94227981567383,41.7865399105465,40.68644450766232,41.74390123473165,969900
2018-09-17,39.97863006591797,40.69497082083459,39.893349468236124,40.28563371132826,1176200
2018-09-18,40.28562927246094,40.643797983893386,39.935986993296105,40.14065389893698,893900
2018-09-19,41.59892654418945,41.752428382244375,40.648923688183366,40.660862647740466,1557100
2018-09-20,42.19587326049805,42.34937508212933,41.718311676187156,42.05090112513636,2482200
2018-09-21,42.39201354980469,42.97190859470094,42.37495743046984,42.93779635603125,2612500
2018-09-24,41.36867141723633,41.61598028139316,40.97639041051175,41.61598028139316,1310100
2018-09-25,41.69272994995117,41.820649221553246,41.419838540114135,41.564813931471306,736500
2018-09-26,42.1788215637207,42.68196575335303,41.70637709100921,41.914459817842314,2440000
2018-09-27,42.02531433105469,42.34084765316581,41.74389650009745,42.17881614907576,1159000
2018-09-28,41.633033752441406,42.042370853383666,41.53922672351508,41.91445483922039,673900
2018-10-01,41.52217102050781,42.09353963282127,41.419837557527096,41.93150812555282,1188100
2018-10-02,40.28562927246094,40.89110681023778,39.96156954322076,40.89110681023778,1218300
2018-10-03,40.60969543457031,40.908172685076906,40.49883552304058,40.754670842672965,732300
2018-10-04,38.84442138671875,40.17647402977625,38.571529988308804,40.0639062466041,2747200
2018-10-05,38.33275604248047,39.02351106542985,37.86372409097992,38.97234595446916,1276400
2018-10-08,38.05986022949219,38.18010213016719,37.26676856959387,37.52260385433994,2229300
2018-10-09,37.43732833862305,37.948998933101336,37.41174253171352,37.624939154933195,1557600
2018-10-10,35.936424255371094,37.16443895429529,35.936424255371094,37.113270590799296,3272900
2018-10-11,35.96200180053711,36.32870022169926,35.203022406590065,35.271246881746755,3493500
2018-10-12,37.69316101074219,37.778438352842045,37.01093251457714,37.130322094765766,5032900
2018-10-15,36.84037780761719,37.11326923001179,36.34576007132549,36.797739132828475,1373300
2018-10-16,37.59935760498047,37.6249401594507,36.77215364380417,37.01946251409104,3338800
2018-10-17,36.66128921508789,37.63346520246076,36.55895250359033,37.62493551660831,2288400
2018-10-18,35.28830337524414,36.14961623795003,35.194496347468615,36.14961623795003,3055500
2018-10-19,35.27124786376953,36.27753612849364,35.16038471511427,36.106978188975255,1462200
2018-10-22,36.635704040527344,37.01093214955901,36.35428621187564,36.78920585729084,2163000
2018-10-23,35.68058776855469,35.876728275809995,34.631660749864636,34.964246968824604,2745100
2018-10-24,33.8044548034668,35.44180650069112,33.77887225062838,35.42475038109145,2016300
2018-10-25,35.11774826049805,35.288306210783745,34.29054431614191,34.29054431614191,1812200
2018-10-26,34.8448600769043,35.356530722151646,33.599792454512496,33.80445941136238,3038400
2018-10-29,33.761817932128906,35.23713819842174,33.30131243773766,35.10921892116116,3998000
2018-10-30,34.07734298706055,34.09439910504669,33.25014241002488,33.73623038670335,2245000
2018-10-31,35.578250885009766,35.76586168740456,34.657239979514735,34.810741797097236,2616300
2018-11-01,38.34980773925781,38.51183599381027,35.77439226707881,36.27753640325157,3667900
2018-11-02,37.974586486816406,39.484019168325965,37.49873270623582,39.31346119666923,3777400
2018-11-05,37.69316101074219,38.21336125566869,37.283823913043165,37.88077181398628,2458400
2018-11-06,37.897830963134766,38.47772604452083,37.65052535002315,37.82108004785948,1294400
2018-11-07,38.76767349243164,38.79325929954373,38.102501063719366,38.571532987891416,4045500
2018-11-08,36.738040924072266,37.93364460879868,36.601591972430434,37.838132945147045,2678500
2018-11-09,35.16038131713867,35.76585885344824,34.81926872418989,35.586774498165994,3087700
2018-11-12,34.205265045166016,34.930132226738564,33.966485880059224,34.930132226738564,2042700
2018-11-13,35.211551666259766,35.85881558883099,34.768102342475935,34.844853249537024,3520300
2018-11-14,36.14109420776367,36.60586130711446,35.859673090154146,35.9023117662131,2809500
2018-11-15,37.37763214111328,37.54818683078809,36.35428773745354,36.473677321474774,3566300
2018-11-16,37.03651809692383,37.23265860229944,36.51802244554165,37.06210065102254,2276200
2018-11-19,35.90230941772461,36.84037649527185,35.81703207118497,36.70393078893508,1435900
2018-11-20,35.0410041809082,35.46739751323703,34.580498601243555,34.844863638411695,1690200
2018-11-21,36.50779724121094,37.03652404730579,36.12404260246352,36.12404260246352,1301600
2018-11-23,35.38211441040039,35.7829218656703,35.35652860248609,35.71470063518449,612600
2018-11-26,36.24342346191406,36.498406423624225,35.851142482840295,35.987588182219085,2114500
2018-11-27,36.311649322509766,36.42250922096003,35.603834993476134,35.94495088148886,1836300
2018-11-28,37.15591049194336,37.164440179368434,36.064344726359906,36.968296406062734,2627500
2018-11-29,36.132568359375,36.61013004008948,35.697648612372184,36.516322990920315,1830900
2018-11-30,37.1132698059082,37.18575587948604,36.03023053323279,36.286065839057294,2590900
2018-12-03,38.29863739013672,38.97916122887569,38.06838466998095,38.83589373716684,4322500
2018-12-04,37.03651809692383,38.36942316729772,36.908598820185574,38.2901152977183,2166100
2018-12-06,36.66981887817383,36.703931118344734,35.39916558334703,35.65500413150652,2963900
2018-12-07,35.85967254638672,37.16869972559386,35.757339074772496,36.49073600310631,1732500
2018-12-10,35.67205810546875,36.0899216364946,35.04099471276255,35.54413883908496,1456100
2018-12-11,36.14109420776367,36.661294513801316,35.89378533225029,36.45662431434689,1807400
2018-12-12,36.80626678466797,37.317937405311376,36.618652705641566,36.84037902687685,1656400
2018-12-13,36.558956146240234,37.190019584198254,36.4566226776684,37.08768611562641,3671200
2018-12-14,35.89377975463867,36.44809221663665,35.680583154350515,35.825555281047926,1630100
2018-12-17,34.614601135253906,35.61577221644496,34.4355167666788,35.6123596914198,2441400
2018-12-18,34.256431579589844,34.861912456995704,34.179683918850664,34.810744096713975,3621300
2018-12-19,33.156341552734375,34.57196707758601,32.86639399930103,34.21379503952248,2812600
2018-12-20,32.90050506591797,33.40364598303474,32.59350140229784,33.156340367893954,3844300
2018-12-21,32.712886810302734,33.825773322069516,32.52527276138513,33.55714352418805,3899600
2018-12-24,32.4741096496582,33.088113682899504,32.09035509568105,32.30355170865478,1672400
2018-12-26,33.607906341552734,33.616728149174534,32.08589040757158,33.14027312379501,2551500
2018-12-27,33.44908142089844,33.51966933362701,32.6020466630572,32.840275819790726,2967200
2018-12-28,33.51966857910156,33.81966046981132,33.06085725414447,33.59907829622523,3748500
2018-12-31,33.08732604980469,34.0667114394096,32.93733178730433,33.88142322132674,2424200
2019-01-02,33.11379623413086,33.27261567515254,32.213820523613684,32.42558090024826,1718700
2019-01-03,31.9403018951416,32.7167521490439,31.790304255200226,32.59322329493219,1797900
2019-01-04,33.83730697631836,34.27847136122899,32.787336951925234,32.84027788980868,2236900
2019-01-07,34.66669845581055,34.74169559405875,33.88142638281845,34.1284773633147,3087800
2019-01-08,34.79022216796875,34.984335566047555,34.093181661973944,34.904925845544135,1338700
2019-01-09,35.9372444152832,36.18429535269208,35.14315067397612,35.30196672958427,4525000
2019-01-10,36.07841873168945,36.12694707774281,35.26667797191826,35.50490711641201,1663600
2019-01-11,35.522552490234375,35.69901890592729,35.23579835127743,35.681371927776304,1166600
2019-01-14,34.49905014038086,34.76375143779166,34.37552466335812,34.74610446024315,1991100
2019-01-15,35.01962661743164,35.33726550361884,34.85198536786264,34.86963234663049,1678400
2019-01-16,35.73431396484375,35.95489614981192,35.31961838004214,35.31961838004214,1702100
2019-01-17,36.04312515258789,36.440173730880055,35.160796474523885,35.47843533715762,1712500
2019-01-18,36.89898681640625,37.13897966288833,36.46664762828481,36.59017311060522,2988500
2019-01-22,35.61960983276367,36.31665033618526,35.38138067213286,36.17547787423556,3107800
2019-01-23,35.9372444152832,36.254883258132665,35.67254650151418,36.1754735474203,1800400
2019-01-24,36.528411865234375,36.5637024574732,35.813724360778984,35.95489682718556,1834800
2019-01-25,37.701900482177734,37.84307292282643,37.093094962970845,37.243089208615366,3408900
2019-01-28,37.24309158325195,37.393089204276876,36.70487056714395,37.12839128191038,1507900
2019-01-29,37.09309768676758,37.34897380605031,36.890162498796805,37.34897380605031,718900
2019-01-30,37.61367416381836,37.77249360220992,37.13721584864368,37.65778992652336,4859200
2019-01-31,38.63717269897461,38.77834514946613,37.86954434397375,37.92248527508934,2677100
2019-02-01,38.27541732788086,38.80481316530872,38.206593109045585,38.478352511088765,1093000
2019-02-04,38.65481948852539,38.813638915285125,38.15189242572512,38.34600244057403,511900
2019-02-05,39.54597091674805,39.57243969991828,38.77834591246029,38.822461673016264,1357900
2019-02-06,38.875404357910156,39.51067874335518,38.866579185911,39.47538815280935,1475500
2019-02-07,37.816612243652344,38.619531302945475,37.507795149575166,38.46953365934977,1492500
2019-02-08,38.16071319580078,38.27541685997404,37.58719824075112,37.622492193699294,1599700
2019-02-11,38.76069641113281,39.20186071959932,38.72540245865952,38.91951583144608,2123600
2019-02-12,39.2724494934082,39.413621952707196,39.0615743314026,39.122455227947924,1294900
2019-02-13,39.23716354370117,39.801853447685566,39.22833837067917,39.58127124357808,4225500
2019-02-14,39.387149810791016,39.48420649937601,38.91510412470488,39.18421462821177,2564100
2019-02-15,38.698936462402344,39.343035995221754,38.64599552988221,39.29009506270162,2899200
2019-02-19,39.228336334228516,39.34304001683868,38.56658975625914,38.60188371488029,4233300
2019-02-20,39.63420104980469,40.0488965893045,39.35626873880056,39.49302860147957,1017200
2019-02-21,39.087158203125,39.704788926252256,38.99010151388572,39.695967120783536,1898400
2019-02-22,40.64888381958008,40.64888381958008,39.590088683499076,39.64302961833906,2008900
2019-02-25,41.75178909301758,42.12236885533343,41.472089741981286,42.095896708571686,3699500
2019-02-26,41.345924377441406,41.460628053524836,40.807703319454106,41.037107305804014,1848300
2019-02-27,41.390037536621094,41.56650394276783,41.01063594144147,41.10769263311301,1169400
2019-02-28,41.328277587890625,41.75179497172879,40.8403485646489,41.62826948883645,2796100
2019-03-01,40.99298858642578,41.67238205604808,40.94005102114139,41.67238205604808,2041600
2019-03-04,41.49591827392578,41.78708836465773,40.73888209649319,41.69885347391308,2714100
2019-03-05,42.713531494140625,42.889997904254095,41.734146115536845,41.85767159287123,3965500
2019-03-06,42.15766525268555,42.792943009475266,42.104727683497714,42.78412120321628,1807000
2019-03-07,40.48124694824219,41.85767774462192,40.32242749238033,41.69885828876005,5072100
2019-03-08,39.82831954956055,40.04890173879455,38.88422804890439,38.98128475069808,2649300
2019-03-11,41.328277587890625,41.41650911400888,40.51653341117141,40.631237087778715,3431800
2019-03-12,41.07240295410156,41.389160000987474,40.6753543403953,41.29298514329203,1988600
2019-03-13,40.64888381958008,41.02828543805758,40.64888381958008,40.85181902107459,2087500
2019-03-14,40.234188079833984,40.47241723691323,39.969490138351574,40.44594845251007,3333100
2019-03-15,41.18710708618164,41.24886983056631,40.76358968219367,40.76358968219367,1537900
2019-03-18,41.73414611816406,41.972375266959716,41.4959169693684,41.71649914056992,1427700
2019-03-19,41.548858642578125,41.945907230979884,41.407686185126046,41.822381751436424,1949300
2019-03-20,40.7547607421875,41.20475025632571,40.21654307170642,41.20475025632571,3430300
2019-03-21,40.975341796875,40.98416696834059,40.22536378150308,40.32242047272417,2479500
2019-03-22,39.58126449584961,40.631234396710404,39.537148735712336,40.51653072770009,3297800
2019-03-25,39.92537307739258,39.960667032660346,39.228332607029905,39.29892051756544,2475400
2019-03-26,39.85478591918945,40.24301270282973,39.71361346127033,40.04889931100959,1372000
2019-03-27,40.01360321044922,40.33124206519686,39.801846217828604,40.057722335910505,1325300
2019-03-28,40.29595184326172,40.32242399415361,39.85037825402196,40.02243208864267,1329300
2019-03-29,41.557682037353516,41.557682037353516,40.8077039595587,40.8077039595587,1554200
2019-04-01,42.590003967285156,42.722351244138814,41.93707929103048,42.22824935857851,3631500
2019-04-02,42.201786041259766,42.55471552438851,42.087082360479805,42.54589371778256,3184000
2019-04-03,42.75764846801758,43.16351886671913,42.58118205289871,42.73117968378567,2595900
2019-04-04,42.75764846801758,42.95176186123002,42.40471900359676,42.64294815913469,1853100
2019-04-05,43.41057205200195,43.54291933549612,42.92529194755635,42.95176073109182,1963000
2019-04-08,43.34880447387695,43.534092669573866,42.845877447947366,43.15469110744222,1700300
2019-04-09,43.17234802246094,43.42822417970377,43.12911410017812,43.295873514697554,1652500
2019-04-10,43.10176086425781,43.32234306594965,42.81059410824958,43.27822729877474,1185800
2019-04-11,42.44883346557617,42.91646659037166,42.32530798852203,42.79294111331752,1810900
2019-04-12,43.2693977355957,43.54115377459989,43.06646255031357,43.260572564252264,1802500
2019-04-15,42.17531204223633,43.137050479374984,41.97237684101842,43.12822867315548,3360900
2019-04-16,42.66941833496094,42.83705958359191,42.501773720512944,42.7488280560634,3310200
2019-04-17,42.95176315307617,43.137051379906225,42.74441536151144,43.03999468038086,2235900
2019-04-18,43.03116989135742,43.07528565195197,42.62529950858074,42.95176017596052,1880900
2019-04-22,42.925296783447266,42.98705952919933,42.369428705861495,42.563542115834956,989200
2019-04-23,43.34880447387695,43.39292023011672,42.91646198476771,42.93410896042691,1606000
2019-04-24,42.792945861816406,43.348813936058505,42.61647943252177,43.348813936058505,2441600
2019-04-25,42.48412322998047,42.5282389866029,41.937077077249604,42.47529805916609,1776500
2019-04-26,42.634124755859375,42.642949928180734,42.15590273688015,42.554715034052414,1255600
2019-04-29,42.96940612792969,43.00470008188977,42.519416629480325,42.61647331996221,990500
2019-04-30,43.01353073120117,43.26058172808292,42.775301541714896,42.83706429093533,1254300
2019-05-01,42.99587631225586,43.76350132392224,42.96058235714511,43.23410546052821,1329700
2019-05-02,42.987056732177734,43.42822109645438,42.65177087289872,42.942937603096475,1684100
2019-05-03,43.798797607421875,43.84291337074715,43.222637054585974,43.348811436196904,3479900
2019-05-06,42.37824249267578,42.603237232945,41.46944509218495,41.654733294375326,5259600
2019-05-07,41.00181579589844,42.05178573796842,40.73711449305231,41.9459072363201,3891500
2019-05-08,41.037105560302734,41.27533470858133,40.56065062956235,41.0635777095449,2565300
2019-05-09,40.64888381958008,40.88270039161034,39.59891385554754,40.06654699960807,4525900
2019-05-10,40.45477294921875,41.13416650922521,39.81067334797508,40.82535278459371,3375200
2019-05-13,38.698936462402344,39.140100802619756,38.61952674653054,38.89304984915938,3735800
2019-05-14,39.5547981262207,39.64302965187837,38.778347910328804,39.21068709819511,2733300
2019-05-15,39.7753791809082,39.96948920502695,39.35627103134876,39.55479700718751,3456600
2019-05-16,39.96949005126953,40.34006986119106,38.64599698092407,40.00478400760814,1991600
2019-05-17,38.33718490600586,38.884227789224084,38.27542216269818,38.76952410915964,5021800
2019-05-20,36.687232971191406,37.38427016235075,36.59899807205796,37.38427016235075,6322200
2019-05-21,37.5430908203125,37.71955725842768,37.2166300975807,37.26074586565515,1954900
2019-05-22,36.978397369384766,37.47250267562077,36.86369369072306,37.401914760808324,1757200
2019-05-23,35.92842483520508,36.21959154863917,35.53137625705241,35.849015119574545,2519900
2019-05-24,35.74313735961914,36.528412800287825,35.716668573308205,36.387240330267524,2095200
2019-05-28,36.01665496826172,36.475466266905286,35.92842345021423,36.193121370173344,4668800
2019-05-29,35.92842483520508,36.01665635665376,35.63284217013672,35.8048993588502,1786300
2019-05-30,35.954891204833984,36.09606364916509,35.81371876050288,35.910775447071124,1475900
2019-05-31,35.566673278808594,35.76960848829274,35.41667564043165,35.53137932085907,1572300
2019-06-03,35.40785217285156,35.743134660192524,35.17844482275835,35.64608132910978,3635200
2019-06-04,36.01665496826172,36.025480139556464,35.129913738872865,35.39020243900127,3203500
2019-06-05,35.434322357177734,36.26371016795127,35.00197979003827,36.246066554924155,3565500
2019-06-06,35.4696159362793,35.575494442397144,35.284327709118806,35.407853193892464,1567300
2019-06-07,36.237239837646484,36.449000208931196,35.61960906770106,35.66372483002211,2592400
2019-06-10,37.05780792236328,37.37544681451428,36.784284795051676,36.819578753250035,2962300
2019-06-11,37.64014434814453,38.090130529777994,37.50956074325248,37.71955407029362,2863200
2019-06-12,36.94309997558594,37.14603516306943,36.801927524909736,37.02250968945484,1624600
2019-06-13,36.951927185058594,37.27838786416216,36.81957653270522,37.23427210198334,878600
2019-06-14,36.343116760253906,36.61663986005923,36.285766608311704,36.57252409965625,1541600
2019-06-17,36.65193557739258,36.79310803696153,36.36959065825469,36.431353398952545,2072800
2019-06-18,38.01072311401367,38.34512376230174,37.07545345319405,37.093100431603894,3920800
2019-06-19,38.06365966796875,38.275420037420524,37.671023664821206,38.178363341664166,2075400
2019-06-20,38.645992279052734,39.14009751022707,38.42541012749899,38.8577526255036,3555600
2019-06-21,38.257774353027344,38.584235041395715,38.18630459483021,38.4960035145341,2082400
2019-06-24,38.2401237487793,38.46070591083598,38.01071978119969,38.42541195711091,1384100
2019-06-25,37.24309158325195,37.99307295674318,37.1142716808737,37.99307295674318,2278100
2019-06-26,38.16954040527344,38.26659710671415,37.78131696532768,37.78131696532768,3143000
2019-06-27,38.94599151611328,39.02981382664082,38.4871801500853,38.4871801500853,1961900
2019-06-28,38.77834701538086,38.972457040511344,38.61952758020882,38.972457040511344,2069000
2019-07-01,39.722442626953125,40.42389240112826,39.63420772824676,40.20772278947783,4024200
2019-07-02,39.731258392333984,39.86096013960165,39.5459701819516,39.748905369391835,2221400
2019-07-03,39.457740783691406,39.72243872215569,39.254805585341565,39.72243872215569,771100
2019-07-05,39.12245559692383,39.298922014166116,38.76952276243925,39.28127503586019,1003100
2019-07-08,38.31071472167969,38.646000606719376,38.27101154143647,38.646000606719376,1723100
2019-07-09,38.72540283203125,38.734228003142945,37.906603994819015,38.02836241013767,2064100
2019-07-10,38.45188903808594,39.122457415802295,38.39894810070684,39.00775373438947,1613700
2019-07-11,38.16954040527344,38.60188297555922,38.05219119263194,38.50482627411851,924600
2019-07-12,38.1077766418457,38.40776854471648,38.04601390000322,38.310711845873435,1036000
2019-07-15,38.45188903808594,38.553354960791154,38.30189139842038,38.30189139842038,1400700
2019-07-16,38.21365737915039,38.68129051517492,38.16953825130009,38.52247107920114,910400
2019-07-17,37.860721588134766,38.434236547134425,37.860721588134766,38.18718224061228,1040400
2019-07-18,37.68425750732422,37.77249239573289,37.37985639831061,37.693082679073505,4589300
2019-07-19,37.790138244628906,38.22247740455855,37.75484429031967,38.05483617031476,2453400
2019-07-22,37.59602737426758,37.89601927431097,37.51220506863551,37.790140770124175,1211100
2019-07-23,38.52247619628906,38.575417137251634,37.860729580434935,37.860729580434935,2523600
2019-07-24,38.91069793701172,38.950404482423735,38.51365267779467,38.51365267779467,1917500
2019-07-25,38.416595458984375,38.73423435475967,38.16071930785237,38.73423435475967,961500
2019-07-26,38.18718719482422,38.59306097754638,38.169540215939165,38.47835729770205,553200
2019-07-29,37.96660232543945,38.196009668922265,37.754845325411914,38.09012780309166,820300
2019-07-30,37.58720016479492,37.75749029896102,37.49102868194067,37.62249411954975,937600
2019-07-31,37.251922607421875,37.64014606350026,36.78428605975827,37.50779539861453,2563900
2019-08-01,36.28135299682617,38.019541507261344,36.06959600655167,37.569555378565525,3939000
2019-08-02,35.73431396484375,36.14900954964536,35.56667271596207,35.8754864285907,2592700
2019-08-05,33.784366607666016,34.410819174586806,33.53731228381095,34.322587651235125,3263700
2019-08-06,34.13729476928711,34.67551579239774,34.040241443616125,34.51669636374815,1682500
2019-08-07,34.36670684814453,34.41964442112033,33.67848810710423,33.89907030334929,1339500
2019-08-08,35.16962432861328,35.16962432861328,34.622581448918346,34.81669148414213,1699800
2019-08-09,34.60493469238281,34.93139538783442,34.49023101232038,34.84316385905844,2444500
2019-08-12,34.3314094543457,34.50346328093877,33.978476629335034,34.199058803512486,1280800
2019-08-13,35.38138198852539,35.66372692292967,34.04906703966879,34.17259252774352,1828200
2019-08-14,34.36670684814453,34.69316755615841,34.243181356778045,34.472585359913346,1398300
2019-08-15,34.93138885498047,35.196086757621785,34.76815685487371,35.09020826972855,1055400
2019-08-16,35.99018478393555,36.02547873610625,35.257850422567785,35.31961315595826,1369300
2019-08-19,37.20779800415039,37.25191712983643,36.90780949071239,36.90780949071239,2461100
2019-08-20,36.978397369384766,37.269567469260544,36.91839831495759,37.21662653315121,834200
2019-08-21,37.198978424072266,37.428382408607675,37.101921727062965,37.41956060243271,1211600
2019-08-22,36.58134841918945,37.09310069931735,36.38723838691422,37.09310069931735,865600
2019-08-23,35.74313735961914,36.84604833347062,35.69902159382852,36.14018598336911,2300700
2019-08-26,36.396060943603516,36.5195864300935,36.26371028475449,36.41370792250452,1482100
2019-08-27,36.37841033935547,36.793105887659344,36.22841608237042,36.57252372210481,689400
2019-08-28,36.65193557739258,36.74016710244182,36.04312661077524,36.087245739116796,853600
2019-08-29,37.3577995300293,37.44603105898682,36.99604487599612,37.10192338390856,1703800
2019-08-30,37.38426971435547,37.62249889043507,37.163687517891084,37.5342673581762,935700
2019-09-03,37.048980712890625,37.39308834060082,37.009274174253584,37.11956525317693,738600
2019-09-04,37.4460334777832,37.86955090260683,37.38868331683803,37.719556620526866,856200
2019-09-05,38.32835388183594,38.37423669318336,37.886307729730405,37.92248352611847,1049800
2019-09-06,38.43423843383789,38.62834845428522,38.16953713772617,38.44306023966045,789500
2019-09-09,38.69011306762695,38.70776004594413,38.363652383301705,38.451887274887554,683400
2019-09-10,38.37247848510742,38.43424122780551,37.89602015645045,38.416594249060765,937600
2019-09-11,39.26362991333008,39.28039504838565,38.41659510951278,38.68129306497854,917100
2019-09-12,39.23716354370117,39.63420881844079,38.99010918634501,39.537155475920045,1139300
2019-09-13,39.5547981262207,39.651851458117356,39.28745128548719,39.475388406802026,701700
2019-09-16,39.007747650146484,39.281270735216665,38.910690962998466,39.12245131366838,610700
2019-09-17,39.16657257080078,39.16657257080078,38.54011996774701,38.725408196962846,617200
2019-09-18,39.025394439697266,39.28127054716864,38.7077555981213,39.19303566572166,420300
2019-09-19,39.14010238647461,39.523913223872405,39.07833964561021,39.148924192676546,714200
2019-09-20,38.83128356933594,39.457739487631855,38.593057788614864,39.3518576230705,851700
2019-09-23,38.31071472167969,38.84011401897665,38.18718922872224,38.646000606719376,625800
2019-09-24,37.17251205444336,38.43424246589199,37.0931023304425,38.43424246589199,1804700
2019-09-25,37.825435638427734,37.856317012550114,37.06663231334374,37.1636890222476,1112000
2019-09-26,37.58720016479492,37.913664197551896,37.49896864372463,37.772491744349374,457900
2019-09-27,36.157833099365234,37.96660643014737,35.659318548996374,37.74602423454426,5178100
2019-09-30,36.46664810180664,36.801930596510864,36.36959140277547,36.801930596510864,1047800
2019-10-01,36.29018020629883,36.68722879263365,36.04312588268113,36.669581814816894,1342300
2019-10-02,36.37841033935547,36.4401730764454,35.79607355692417,36.11371241385338,1451200
2019-10-03,37.181331634521484,37.20780041899759,36.1931244128824,36.58134783707209,776700
2019-10-04,37.331329345703125,37.36661993647355,37.066628037114725,37.066628037114725,704800
2019-10-07,36.90781021118164,37.33132757266452,36.78428136899277,37.06662627664802,1644200
2019-10-08,36.20194625854492,36.616641833479484,36.20194625854492,36.43135361031096,935100
2019-10-09,36.687232971191406,36.86899046835353,36.554882305399865,36.72252356502754,362600
2019-10-10,37.26956558227539,37.401912867122334,36.89016397391047,36.89016397391047,1251100
2019-10-11,37.931312561035156,38.41394377838602,37.79896190877652,37.834255864821074,1427700
2019-10-14,37.77249526977539,38.019546244483664,37.640144610000476,37.719554332702,367400
2019-10-15,38.68128967285156,38.76069938910923,38.081305897975156,38.10777468145544,1027500
2019-10-16,38.813636779785156,38.87539951281394,38.53128852988947,38.54011370078874,1204900
2019-10-17,38.787166595458984,39.06951149382426,38.751872641709156,39.06951149382426,404600
2019-10-18,38.037193298339844,39.01657875831312,37.94013659642291,38.840112333538436,864400
2019-10-21,38.90187072753906,38.90187072753906,38.51364732909748,38.6018788487107,742700
2019-10-22,38.17836380004883,38.813641550214676,38.151895015730894,38.62834996253835,382600
2019-10-23,38.11660385131836,38.17836659646203,37.77425985491218,38.010725340474515,386300
2019-10-24,38.99892807006836,38.99892807006836,38.293065803921216,38.37247551922632,584600
2019-10-25,39.56361770629883,39.68714318159583,38.875402420605965,38.875402420605965,912200
2019-10-28,40.445945739746094,40.60476516714669,39.9694874575443,40.013603217196305,1844500
2019-10-29,39.74008560180664,39.98713656165294,39.55126664000259,39.96066777761709,1821200
2019-10-30,39.94301986694336,39.951841672810346,39.45773976465554,39.687143741182155,510200
2019-10-31,39.63420104980469,39.83713959972516,39.40479708345763,39.793020474897524,1260200
2019-11-01,40.260658264160156,40.52535619271759,40.01360394713202,40.08419185651628,1125900
2019-11-04,41.61944580078125,41.71650250246231,40.97534621286347,41.02828714991235,1137400
2019-11-05,41.30180740356445,41.742971750839295,41.16945675305526,41.742971750839295,851400
2019-11-06,41.16946029663086,41.522393151155434,40.97534689006063,41.51356797859289,1228800
2019-11-07,42.17531204223633,42.394130533629664,41.97237684101842,42.04296475404219,2338400
2019-11-08,41.94590759277344,42.13119581368679,41.71650024379956,41.87531968053012,817700
2019-11-11,41.64591598510742,41.72532570402135,40.98416944943035,41.22239860617213,602400
2019-11-12,41.46062469482422,41.76943837562784,41.362686160938395,41.61061894955264,763900
2019-11-13,40.825347900390625,41.17827734834378,40.666528470775845,41.037104895999164,681900
2019-11-14,40.3135986328125,40.60476873053833,40.128310406523525,40.60476873053833,880000
2019-11-15,40.763587951660156,40.9135822199932,40.63123729598759,40.719472188374965,1188400
2019-11-18,40.36654281616211,40.86064815850225,40.34889583616954,40.85182298559732,763300
2019-11-19,40.251834869384766,40.8606438343395,40.11948758217233,40.790055921839325,3425500
2019-11-20,39.28127670288086,39.651853165580945,39.05363639496265,39.50185889234056,1962000
2019-11-21,39.50185775756836,39.5106795639338,39.21068766025381,39.29009738081078,1182300
2019-11-22,40.031253814697266,40.031253814697266,39.563620661622565,39.70479312476684,829400
2019-11-25,41.02828598022461,41.07240174359909,40.26066092689433,40.401833389182855,2110900
2019-11-26,41.14299011230469,41.14299011230469,40.6427085316692,41.019464627164325,997900
2019-11-27,41.52238845825195,41.52238845825195,41.30003923675572,41.31945326787227,1281300
2019-11-29,41.116519927978516,41.19592965305514,40.89593773230091,41.03711020290189,474700
2019-12-02,41.05475616455078,41.240047762346954,40.858879071939455,41.240047762346954,942400
2019-12-03,40.622413635253906,40.66652939652522,39.95184194698927,40.260659007522165,1325800
2019-12-04,40.393009185791016,40.94887724192878,40.36654040029491,40.94887724192878,734300
2019-12-05,41.07240295410156,41.13416569780953,40.54300704637128,40.64888555475392,572300
2019-12-06,41.51356506347656,41.61062175994628,41.328276842479966,41.47827110733905,1618200
2019-12-09,41.037105560302734,41.610620550508635,41.037105560302734,41.3547444246742,501600
2019-12-10,41.14299011230469,41.28416257615324,40.975345497485314,41.16063709101289,578300
2019-12-11,41.51356506347656,41.57532780380876,41.20475136181557,41.38121777668624,558300
2019-12-12,42.02531814575195,42.14443104275697,41.38121857991608,41.592975589217666,2651900
2019-12-13,41.71649932861328,42.44883375589551,41.707677522684854,42.1223730834744,1867100
2019-12-16,42.40471649169922,42.55471074788416,42.13119339617662,42.2988346294098,1826500
2019-12-17,42.83705520629883,42.88117096555513,42.54765219049552,42.770879884506044,875800
2019-12-18,42.88117218017578,42.925291306498444,42.70470913815224,42.83705641966989,765800
2019-12-19,42.84588623046875,42.907648975027804,42.66059463097444,42.810592271915816,658300
2019-12-20,43.06646728515625,43.09293607046324,42.84588509875253,42.92529482049055,1188100
2019-12-23,43.25175094604492,43.309101096758894,43.10175332490704,43.18116303825846,572800
2019-12-24,43.33116149902344,43.463508779962496,43.24292661258063,43.43703999693804,578400
2019-12-26,43.70174026489258,43.744092339489754,43.36910330802301,43.46351110746481,893700
2019-12-27,43.49951934814453,43.86864102464841,43.43770543862113,43.773269067894915,1192000
2019-12-30,43.1109733581543,43.55250319866682,43.08448264567726,43.55250319866682,549700
2019-12-31,42.98734664916992,43.26992548488892,42.91670025593746,43.09331287041319,431800
2020-01-02,45.671852111816406,45.7336660258618,43.68055139905229,43.92339418180609,2968800
2020-01-03,45.177330017089844,45.6453505376599,44.700477013902365,44.700477013902365,2422600
2020-01-06,45.4157600402832,45.43342163828244,44.85943149342601,44.9830593108153,805900
2020-01-07,45.8307991027832,45.96767227631461,45.34511358004847,45.66301560634562,962400
2020-01-08,46.12220764160156,46.404786475591344,45.40692807322439,45.55704997362201,2122200
2020-01-09,46.67853546142578,46.87280966996858,46.448938057037864,46.76684008243322,2373900
2020-01-10,46.863975524902344,47.287843754197276,46.625549014310465,47.08474043819795,2453100
2020-01-13,48.1973991394043,48.36517926656108,47.517442778918365,47.66756130817358,2817800
2020-01-14,47.499778747558594,47.861833064478795,47.12006283364166,47.81768075628953,2321700
2020-01-15,47.60574722290039,47.84417374077733,47.41147301531059,47.64989953318753,3059900
2020-01-16,47.58808898925781,47.923652634652,47.4909518785959,47.923652634652,1598500
2020-01-17,47.649898529052734,47.755868113835156,47.45562769416218,47.755868113835156,2027800
2020-01-21,46.131038665771484,46.3164803880978,45.75132273799551,45.97208765560455,5174600
2020-01-22,45.82196807861328,46.93462520608387,45.82196807861328,46.766841704303516,2531800
2020-01-23,45.133182525634766,45.186163952572095,44.3737506325486,44.72697586562302,4058100
2020-01-24,43.76443862915039,45.26475480454612,43.42004252687429,45.15967116153525,4363600
2020-01-27,42.660614013671875,43.084482252462784,40.97397017305156,41.23888740122021,6001300
2020-01-28,43.47303009033203,43.59665791351722,42.79307369420794,43.155128048652664,3084300
2020-01-29,43.90572738647461,44.15298301339594,43.607252116401526,44.15298301339594,1820200
2020-01-30,43.119808197021484,43.16396050976371,42.422190202435495,42.82839686943283,3954700
2020-01-31,42.46634292602539,42.828397283783254,42.21908727739238,42.67827874528623,3501500
2020-02-03,43.835079193115234,43.94987788743612,42.748916259908825,42.79306856738451,2408500
2020-02-04,45.424591064453125,45.78664541714343,45.195879592668796,45.36277715316006,3764500
2020-02-05,44.87709426879883,46.36063485360255,44.568024717217,46.23700703296982,6727200
2020-02-06,45.63652801513672,45.830802237518576,45.01838551823538,45.49523859029689,2617500
2020-02-07,45.133182525634766,45.56587989911518,44.95833505836734,45.49523687366358,2646500
2020-02-10,45.468746185302734,45.495236898786025,44.88592690843195,44.93890833539853,1906100
2020-02-11,46.086883544921875,46.77567238684662,45.91910341820712,45.99857892425208,5058900
2020-02-12,47.14655685424805,47.18188005072101,46.62555149639084,46.793334995334696,2288100
2020-02-13,46.5107536315918,46.802164954845054,46.01624234646698,46.21934567694403,4788100
2020-02-14,46.12220764160156,46.61672228538638,45.91027520041194,46.56373749078627,5195100
2020-02-18,45.68067932128906,46.13987078404234,45.46874687300634,46.13987078404234,2574400
2020-02-19,46.44011306762695,46.457774667118386,45.972092471223895,46.07805869956681,1308500
2020-02-20,45.89261245727539,46.62555023696173,45.51289652696133,46.448937627972924,2133900
2020-02-21,45.22148513793945,45.75132296398144,44.9963073462618,45.742490480814475,3880600
2020-02-24,43.852745056152344,44.174177389196004,42.793072730617396,43.14629796199753,2514700
2020-02-25,43.534847259521484,44.81528463716155,43.367067111016404,44.66516608880528,3814100
2020-02-26,44.17947769165039,44.81528178207899,43.75472684623951,43.90573132829797,4126300
2020-02-27,43.269920349121094,44.194484530750316,42.70476274476244,43.73794085861716,3690000
2020-02-28,43.155128479003906,43.23460399021629,41.62743553557074,41.84820047020453,5210600
2020-03-02,44.073509216308594,44.09117081443067,42.969684598219715,43.67613168007552,1600500
2020-03-03,43.55250549316406,44.69165335016592,42.890210697503285,44.17064797616856,6155000
2020-03-04,44.53269958496094,44.612175090286,44.05584655301053,44.135322058335596,2759100
2020-03-05,44.78879165649414,45.1817529762693,44.161816673034394,44.356090896242115,2651200
2020-03-06,43.278751373291016,43.94104610174659,42.64295072462519,43.61431497891796,6674900
2020-03-09,41.539127349853516,42.32504991083066,40.18804377501136,40.53243987315896,4236200
2020-03-10,43.06682205200195,43.11980684679681,41.883521917093475,42.87254783969289,2401300
2020-03-11,41.52146911621094,42.51932755930427,41.26538098476658,41.85703275849645,4731200
2020-03-12,38.289466857910156,39.26083112280263,37.63776975425905,38.88994768775085,4521200
2020-03-13,39.65821075439453,40.95630958356255,37.97156687225487,40.815020167154195,2508000
2020-03-16,35.64911651611328,37.98922589593597,34.11259463787472,35.03980658075733,3454400
2020-03-17,37.839111328125,38.13758664736474,35.65353965638345,36.85891777339264,2336400
2020-03-18,35.8698844909668,36.90306610374421,34.43932870341893,35.39303480752115,2786800
2020-03-19,36.58516311645508,37.31810090528191,35.49016762195303,35.86105444231539,2251000
2020-03-20,36.5675048828125,38.280639621190524,36.2584353112462,38.104030362355886,2110100
2020-03-23,37.00019836425781,37.27394468269936,35.66677648988215,36.770600983223915,2871100
2020-03-24,39.24317169189453,39.35797039562603,38.60295475950255,38.81930344189216,1850800
2020-03-25,39.82598876953125,40.85917030916293,39.26083113389915,39.83482125242844,1265400
2020-03-26,41.018123626708984,41.02695274149849,39.94962220109215,39.94962220109215,1927400
2020-03-27,38.99591827392578,39.63083979474487,38.978256674761646,39.49926205998403,1152800
2020-03-30,39.234344482421875,39.52575244468503,38.72216821675158,39.366804790745036,1008300
2020-03-31,39.97611618041992,40.399984465663046,39.28733063797555,39.34914455236898,1435300
2020-04-01,39.00474548339844,40.258692013938266,38.91644086049801,39.12837667150665,2150200
2020-04-02,39.605228424072266,39.82599336148316,38.72216867442869,38.854628984317465,1693000
2020-04-03,38.86345672607422,39.66704093510453,38.63386268146791,39.596397909304706,1909500
2020-04-06,40.55010223388672,40.611919515703306,39.85248758927643,40.48828832067575,2081800
2020-04-07,41.06227493286133,41.79521608085156,40.806186818363145,41.49497565627567,2768600
2020-04-08,40.32050704956055,40.81502170998545,39.88780630061307,40.470628955009666,3200600
2020-04-09,40.55893325805664,41.53471384560208,40.32933584416036,40.92981672397378,2027100
2020-04-13,40.7178840637207,40.920987394267726,40.32227166687907,40.497119134612355,1231700
2020-04-14,41.8393669128418,42.28089673523134,41.51263241887779,41.67158342442644,1805900
2020-04-15,41.96299743652344,42.1307775671785,41.06227613639566,41.238888750488336,1171100
2020-04-16,43.1374626159668,43.26992291109592,42.453093407413625,42.54581426656192,1034800
2020-04-17,43.04033279418945,43.64964279620796,42.7180145100153,43.64964279620796,1250000
2020-04-20,43.22577667236328,43.80859598928614,42.80190838447445,42.82839909977822,1585100
2020-04-21,42.121944427490234,42.810729851170564,41.63714488613591,42.536980157054096,1110000
2020-04-22,43.06682205200195,43.35823000186012,42.98734654411238,43.21694058434592,761600
2020-04-23,42.24557876586914,43.24343723109317,42.121950939286734,43.17279083384286,1242700
2020-04-24,42.166099548339844,42.5873200649899,41.736049917112084,42.48400157082251,949400
2020-04-27,42.978515625,43.15512824547242,42.528156642970615,42.74009246125862,2523900
2020-04-28,42.316219329833984,43.8262539813549,42.24999254702619,43.8262539813549,1977300
2020-04-29,43.411216735839844,43.431526058879314,42.76658352909761,43.04033326152469,2074900
2020-04-30,42.687103271484375,43.50834900884967,42.276480402801724,43.20810859552682,3174000
2020-05-01,40.40880584716797,41.70690453819306,40.17921183316468,41.65391974945151,4939400
2020-05-04,40.65606689453125,40.87683180594559,40.258689380264386,40.47945429167873,5988300
2020-05-05,41.459651947021484,42.06013278873236,41.322775408289765,41.55678904915196,1641300
2020-05-06,41.8393669128418,42.385980374829735,41.742229812939264,42.00714703265194,1008900
2020-05-07,42.38686752319336,42.50166623261157,42.024813164510306,42.27206881377515,1514100
2020-05-08,44.06467819213867,44.11765961560369,42.94319202452398,43.08448143477279,1396400
2020-05-11,44.011695861816406,44.22363167334665,43.817421648630805,43.96754355025753,1635400
2020-05-12,44.11766052246094,45.03604339225855,44.06467909790686,44.258949935614005,1538600
2020-05-13,44.28544616699219,45.30096282065407,43.896897735499394,44.87709456061187,2199700
2020-05-14,44.40024185180664,44.426735934182595,43.000592997510026,43.64080995006934,1270100
2020-05-15,44.71814727783203,44.76229959366144,43.711459655056146,43.852749086873715,1485600
2020-05-18,46.6873664855957,46.837488389774755,45.65418822940922,45.786645166337856,2213900
2020-05-19,46.76683807373047,47.676391800346174,46.76683807373047,47.11123079691482,1234100
2020-05-20,46.5107536315918,47.651669991743084,45.72483102321373,47.64990147386372,3796800
2020-05-21,45.574710845947266,45.848457192174315,45.08019621003865,45.318622729033585,5468900
2020-05-22,43.782100677490234,44.347258335341905,43.53484167572611,44.152984127228386,2969000
2020-05-26,45.698341369628906,46.30765137519263,45.610036743410014,45.610036743410014,2681600
2020-05-27,45.22148513793945,45.8572891817477,44.6033426918598,45.8572891817477,1069400
2020-05-28,44.523868560791016,45.27447132870285,44.47088713457506,44.912416985603635,2335100
2020-05-29,46.45777130126953,46.55490840713201,44.832941320438664,45.071367843390554,3763200
2020-06-01,47.32316970825195,47.39381273295108,46.37829609373865,46.63438421655957,1997900
2020-06-02,48.47998046875,48.56828509420634,47.4732895480778,47.4732895480778,1820200
2020-06-03,49.81339645385742,49.91053355771189,49.053964589473765,49.106949383014026,1534000
2020-06-04,49.31888198852539,50.06948474085374,49.08928795294359,49.416019092711856,1234900
2020-06-05,50.52867889404297,50.70528814538744,50.01650263304849,50.11363974245128,720300
2020-06-08,50.051822662353516,50.789176682717496,49.7250915257225,50.64347102783685,994000
2020-06-09,49.760414123535156,49.85755123219806,49.363039942431286,49.601463103651405,881900
2020-06-10,51.058509826660156,51.20863172216655,50.38738595995211,50.47569057946978,999600
2020-06-11,49.35420227050781,50.33439900054794,49.23940357519186,49.74275066431409,1136500
2020-06-12,50.36972427368164,50.71411700524186,49.504326203231386,50.36972427368164,934400
2020-06-15,51.31460189819336,51.43822972249801,49.36304068628581,49.38069891666741,615000
2020-06-16,52.40076446533203,53.380961303718294,51.71197895451164,53.30148579334629,1166200
2020-06-17,53.51341247558594,53.78716217483724,52.55970982249379,52.66567603536954,1424100
2020-06-18,53.866641998291016,54.21103474422125,53.51341676889283,53.610553875407604,631400
2020-06-19,54.502445220947266,55.30602940522645,54.453876668440934,54.7497008565392,1412000
2020-06-22,54.502445220947266,54.76736245459654,53.98232244298675,54.7497008565392,1142100
2020-06-23,55.65924835205078,55.93299805472647,55.394331132244915,55.50912982931603,983000
2020-06-24,54.890987396240234,55.58860532422733,54.1227264483307,55.3148556215905,1386600
2020-06-25,55.085262298583984,55.11175301031708,54.281678146162584,54.53776288632812,782800
2020-06-26,54.59958267211914,55.20889265023601,54.193372651435816,55.16474033911544,755000
2020-06-29,54.74970626831055,54.87333409832659,53.831323290183185,54.43180420906602,833100
2020-06-30,54.69671630859375,55.291015779907184,54.493612982928155,54.86449980659106,1098800
2020-07-01,54.961639404296875,55.27070896419299,54.687889673670625,54.961639404296875,999400
2020-07-02,56.82489013671875,57.200193202710594,56.109613938280134,56.2685649531788,2492500
2020-07-06,59.129676818847656,59.96858757781018,58.564519148722376,59.62860770622813,2888200
2020-07-07,58.28193664550781,58.85592676294353,57.849239305316146,58.45854587985245,2443100
2020-07-08,61.054752349853516,61.09007554934511,59.60918258084449,60.18052505837363,3292000
2020-07-09,62.36168670654297,62.99748411557208,61.381489770623624,62.91801196589784,2592500
2020-07-10,61.59341049194336,62.017282087658366,61.06357605020744,61.858331081416544,2833900
2020-07-13,60.07455062866211,62.55594624279124,59.977413522174906,62.18506278377332,3002600
2020-07-14,59.00605010986328,59.13851041505619,57.425372405572766,58.76762695028483,4311600
2020-07-15,59.165000915527344,59.85202126612421,58.8117756820223,59.65951220010783,3797800
2020-07-16,57.35472106933594,57.584318462740185,56.51581710408139,56.74541449748563,4103400
2020-07-17,57.734439849853516,58.18480217616817,57.43420279045091,58.078832588443916,2103000
2020-07-20,58.94422912597656,59.03253373977195,57.990523127682,58.14947412739777,2678000
2020-07-21,60.03922653198242,61.05474652453653,59.959754393617445,60.77216769277642,3678400
2020-07-22,58.520362854003906,59.47406893877585,58.149479400107296,59.270968982351384,4077700
2020-07-23,57.672630310058594,59.103189535253534,57.43420714113173,58.979561708815716,3888000
2020-07-24,56.93085479736328,57.01032692932751,55.70340246415181,56.08311500175522,3619800
2020-07-27,57.72561264038086,57.77859406429448,56.295053559817916,56.65711125578919,1239200
2020-07-28,57.460693359375,58.29959736415907,57.42537016355526,58.175969547395326,1764900
2020-07-29,58.396732330322266,58.59100653161267,58.078830316794416,58.237781323558345,1145800
2020-07-30,58.37907791137695,58.42323359171919,57.64613673584564,58.00819445046144,1139400
2020-07-31,59.182655334472656,59.182655334472656,58.39673277756808,58.65282088693853,1425900
2020-08-03,60.82514953613281,61.0618142780504,59.99507800181717,60.04805942775773,2615700
2020-08-04,61.75236511230469,61.75236511230469,61.15188424660411,61.45212131084898,2005900
2020-08-05,62.89150619506836,62.90916442280967,62.12324191272397,62.255702201019226,2144100
2020-08-06,62.93566131591797,62.94891340953851,61.946638772198625,62.69723816333157,1268100
2020-08-07,59.98624038696289,61.61106685744693,59.407837412554606,61.169537046483626,4333200
2020-08-10,59.350440979003906,60.171686760504635,58.81177402892221,59.933263608486705,3278800
2020-08-11,58.855926513671875,59.8537814841927,58.838261547985965,59.55354443963632,1639200
2020-08-12,59.756649017333984,59.83170828429224,58.71463828902433,59.20032382488469,1441900
2020-08-13,59.15616226196289,59.91559407676608,58.98838551488562,59.75664307512796,1190000
2020-08-14,58.04351806640625,58.820608190680005,57.61081395500282,58.820608190680005,5229600
2020-08-17,59.6683464050293,59.6683464050293,58.617503157769406,58.94423768719934,2486800
2020-08-18,60.613216400146484,60.85164628856673,60.16285407318329,60.27765614435257,1733100
2020-08-19,59.80080032348633,60.370370830959104,59.482898311851606,60.233497663740636,1719100
2020-08-20,60.224666595458984,60.268822273693914,59.36810437771246,59.46523474285024,657500
2020-08-21,60.507240295410156,60.89578867189974,59.765473471795524,59.97740588751256,1148000
2020-08-24,61.443294525146484,62.008452184808,61.04591362440244,61.90248259716744,1605600
2020-08-25,62.520633697509766,62.56920225379404,60.975279117642614,61.42563474441176,4119600
2020-08-26,62.82969284057617,62.92241032714506,62.065848161407374,62.741388226678595,2309500
2020-08-27,62.6001091003418,63.30655963993594,62.25571631502286,63.13877612090971,1421500
2020-08-28,63.41251754760742,63.55822321265373,62.591271722844375,62.767887712541935,1360300
2020-08-31,62.1055908203125,62.74580776054915,62.087925853331534,62.69723920716783,1243300
2020-09-01,64.33089447021484,64.36621766485315,62.72372616882975,62.72372616882975,3964000
2020-09-02,64.09247589111328,65.037349519026,63.20941617391595,64.89605673041315,2229900
2020-09-03,61.566917419433594,62.917997552071824,60.67502532210116,62.81202797290424,2675200
2020-09-04,61.59341049194336,61.80534292119563,59.323947464452644,61.29317344527017,4508100
2020-09-08,58.79412078857422,59.56237847254343,58.03468885146554,58.83826973451089,3782300
2020-09-09,59.59769821166992,59.73899099977172,58.767626661810176,59.36810753682092,1787900
2020-09-10,58.15830993652344,59.74782002459904,58.10532851265777,59.56237156664808,4731700
2020-09-11,58.99721145629883,59.677171141146744,58.37907241299188,59.16499494114369,1795400
2020-09-14,60.47193145751953,60.55140359696998,59.80963667992228,59.93326449943023,1602900
2020-09-15,61.15188217163086,61.362049456913155,60.82514766820611,61.2578517574685,1656500
2020-09-16,60.98410415649414,61.58458505576008,60.798662417528206,61.58458505576008,2183500
2020-09-17,60.507240295410156,60.71034696599608,59.82728737376341,59.8891012757313,684200
2020-09-18,60.46309280395508,60.86046693507803,59.70366099749818,60.86046693507803,892400
2020-09-21,60.003902435302734,60.03922563089395,58.723468596871754,59.32394944750113,1105400
2020-09-22,59.8714485168457,60.14519485953429,59.16499808364922,60.14519485953429,707400
2020-09-23,59.323951721191406,60.35712996729282,59.07669607978706,60.048060415537385,955300
2020-09-24,58.714637756347656,59.059030501483875,57.919882676336826,58.352586781527144,1624700
2020-09-25,58.67049026489258,58.741129922588094,57.681460947834005,58.2554511163304,1527400
2020-09-28,59.38576889038086,59.553552400774315,58.64400192546281,59.465241034960094,802000
2020-09-29,58.95306396484375,59.28862420556245,58.7941129587748,59.191487105341956,2856000
2020-09-30,60.20701217651367,60.569063159551156,59.39459884838032,59.55354986798998,2692200
2020-10-01,60.904632568359375,61.12539750779103,60.22467278207155,60.648544430153294,1748300
2020-10-02,59.72133255004883,60.630889813989604,59.509400081978875,59.57121399921643,2602900
2020-10-05,60.28648376464844,60.30414873178247,59.74782353685787,60.08338380308384,1378300
2020-10-06,61.42562484741211,62.09675204324044,60.745671906198695,60.81631829254067,1965200
2020-10-07,62.255706787109375,62.44114850949932,61.84066766390828,62.202725362772426,1376600
2020-10-08,62.352848052978516,62.60010369934029,62.00845529737304,62.4588176459383,1519200
2020-10-09,63.642112731933594,63.650945215411255,62.52945561612934,62.54712058308466,1097000
2020-10-12,64.80774688720703,65.04617676448785,64.29557067554718,64.56049126425688,2613400
2020-10-13,64.65763854980469,64.81658958062793,64.11897154185988,64.72828494955091,2375700
2020-10-14,63.642112731933594,64.692955937816,63.51848491208988,64.66646522459389,1882700
2020-10-15,63.05046081542969,63.17232347919635,62.07909654081596,62.25570577721464,2100800
2020-10-16,63.76573944091797,64.13662289398795,63.4125142172848,63.677434819312374,1241400
2020-10-19,62.94449234008789,64.28674681432067,62.732559905234,63.80106129985276,1905600
2020-10-20,63.82756042480469,64.13663000328886,63.42135373062385,63.46550941492652,1531300
2020-10-21,63.20058059692383,63.898198547829594,63.05046206927859,63.55380581395608,1315500
2020-10-22,62.78553771972656,63.44783243562496,62.149733714510454,63.44783243562496,1466900
2020-10-23,62.67958068847656,62.83411209418777,61.83183744478116,62.78554354103034,1063300
2020-10-26,62.52946472167969,62.856199285823415,61.85834409828827,62.29104153075071,3687700
2020-10-27,63.986507415771484,64.10130275561356,62.60717123951535,62.838533805717404,2842100
2020-10-28,63.0946159362793,63.46550614858342,62.70607423070099,63.20058553082493,1645800
2020-10-29,64.63114166259766,65.1256529391775,63.845219067800045,63.91585872358941,2318100
2020-10-30,63.4301872253418,64.13663102495731,62.9930701977437,63.96002175935634,2249900
2020-11-02,64.0571517944336,64.54283058974536,63.200582802826844,64.48984916336504,1740900
2020-11-03,63.50965118408203,63.774571785533404,62.29986372257396,63.050463110405175,4524700
2020-11-04,67.8896255493164,67.95143945722431,65.28901506977351,65.3287578755227,6097400
2020-11-05,68.28700256347656,69.63808271464765,66.95358064047053,69.34667142084714,6097900
2020-11-06,68.63140106201172,68.72411855780882,67.67769496769071,68.20752944102098,2352700
2020-11-09,66.92709350585938,70.22973480044388,66.81229817362674,70.22973480044388,4483500
2020-11-10,63.739253997802734,65.46121784171305,63.01514526123386,65.45239209487038,5897400
2020-11-11,64.86073303222656,64.9667026228676,62.379337401977736,63.05929715180531,5616500
2020-11-12,65.973388671875,67.34654676015515,65.84976085417608,66.83879013297822,3156300
2020-11-13,68.32233428955078,68.6049131359539,67.25383281605119,67.88963016754983,1458400
2020-11-16,67.8631362915039,68.81684238013342,67.56289922871915,68.60490993950825,2801700
2020-11-17,66.19416046142578,67.589396534152,66.17650223015585,67.3421408731041,2465100
2020-11-18,64.63996887207031,66.48556719201751,64.57374208789021,66.48556719201751,3568400
2020-11-19,66.26480865478516,66.45908289007097,64.60465864479914,64.72828647866982,2490900
2020-11-20,67.324462890625,67.39069640380995,66.41579514331616,66.54737285794356,1395000
2020-11-23,66.70632934570312,67.43043801718021,66.26479950365098,67.41277305066012,1269600
2020-11-24,67.48341369628906,67.6776878882038,66.900597857755,67.55406008193263,1693300
2020-11-25,66.60919189453125,66.803466101976,66.16766205477887,66.49439656159147,2079900
2020-11-27,68.47244262695312,68.49893333716761,67.3862763476885,67.60704124908933,652300
2020-11-30,66.61802673339844,67.50991219044414,65.80119380608858,67.43044005033966,2342800
2020-12-01,65.92040252685547,66.94474819119694,65.7261283308915,66.94474819119694,5388600
2020-12-02,65.50537109375,65.55835252168521,64.40154643035923,65.14331337029651,2222000
2020-12-03,66.40608978271484,66.98007996141293,66.20298981526255,66.21182229908563,1323100
2020-12-04,66.5650405883789,66.9491761555009,66.3001267094515,66.91826583082657,826600
2020-12-07,66.9535903930664,67.47901202554698,66.7063347394782,66.7063347394782,1632200
2020-12-08,67.97794342041016,67.99560165127127,67.05072797573557,67.26266043212556,853700
2020-12-09,66.89176940917969,68.35765168223863,66.59153235790384,68.25168209738274,1269300
2020-12-10,68.20753479003906,68.3046719037753,66.7328265901691,66.89177761835464,1591400
2020-12-11,67.3951187133789,68.38414804208743,67.3200594443607,67.70418827322185,567800
2020-12-14,66.91825866699219,67.65561266041436,66.82112156728766,67.61587659341082,1136300
2020-12-15,66.82996368408203,67.18318893963527,66.30454204281315,67.18318893963527,824600
2020-12-16,67.47459411621094,67.5982219337781,66.9712436254165,67.18318280171229,724200
2020-12-17,68.52542877197266,68.53426125505649,67.67769230061012,67.9955943195224,871700
2020-12-18,68.60491180419922,68.6755514615204,68.23402160151079,68.52543292604777,1039200
2020-12-21,67.9691162109375,68.4283043582851,67.28915636881996,67.30682133826323,862400
2020-12-22,66.73282623291016,68.18987619394191,66.69750303381232,67.95144628433437,1910900
2020-12-23,67.7571792602539,67.95144675080859,67.18318906109363,67.84548388999902,657700
2020-12-24,65.452392578125,66.40609200944914,65.01086269312279,65.72613895091874,1779500
2020-12-28,63.76573944091797,64.7194455235643,63.491993092777385,64.50751308426871,2593600
2020-12-29,66.34422302246094,66.37965465940066,64.9712758120956,65.0864303216231,1512600
2020-12-30,68.71809387207031,68.89524531237787,67.33628695767315,67.54001719613169,1286400
2020-12-31,68.0183334350586,69.18755049856009,67.58430768062469,69.18755049856009,1011700
2021-01-04,67.85889434814453,68.95724813171168,67.46472665416917,68.68266137529343,1188100
2021-01-05,70.914794921875,70.914794921875,68.52321690897098,68.52321690897098,2041600
2021-01-06,68.87752532958984,70.80850555223952,68.73579878654708,70.3301886063105,1663500
2021-01-07,69.53298950195312,69.93778729978592,68.7003630065377,69.59499317132067,1069100
2021-01-08,73.15579223632812,73.19565705021321,70.6313473217931,70.82621793938765,2114800
2021-01-11,70.61363220214844,71.50826238628146,70.45065209027051,71.16280564045537,1186700
2021-01-12,70.82621765136719,71.48168601506137,70.55163092290614,71.41082950177346,633700
2021-01-13,71.30453491210938,71.8359959325464,70.2327532728249,71.1185238928511,1262800
2021-01-14,72.12830352783203,72.93435129660021,72.10173148987943,72.63319252261249,1106200
2021-01-15,71.55254364013672,72.3763105184111,71.18938123030229,72.19029951465792,671200
2021-01-19,75.25506591796875,75.290497551293,74.34714974297749,74.48444309842579,1601900
2021-01-20,78.86016082763672,79.22244475815967,78.15154835393182,78.59443368420757,1789500
2021-01-21,78.93987274169922,79.046160881157,77.61121693533379,78.55013154263963,1181200
2021-01-22,80.0205078125,80.15337474586345,78.54127262385633,78.54127262385633,1583300
2021-01-25,82.41209411621094,84.32535502105934,81.12772274319657,83.01441837027107,3231300
2021-01-26,80.94171905517578,81.80091766153592,80.52541252892438,81.6237662358074,1805500
2021-01-27,78.84244537353516,80.29510866066879,78.51470780881964,78.98416515970027,2201500
2021-01-28,78.04524993896484,78.47927565094469,77.48721688070505,77.88581095690583,2124100
2021-01-29,76.87602996826172,78.19405568112838,76.35342180842828,77.38977853002524,1490200
2021-02-01,80.39253997802734,80.48997528275576,79.11702817641405,79.4093340905993,1359800
2021-02-02,81.95149230957031,82.10207844641356,80.86199826435218,81.75662845569627,1827800
2021-02-03,83.1030044555664,83.59018102995864,82.73098239397267,83.13843609351257,2029500
2021-02-04,83.71418762207031,84.09949569965102,83.40416924022986,84.0419184437757,1770400
2021-02-05,84.75053405761719,84.88340100355309,83.18272301767561,84.25450466787632,1188200
2021-02-08,84.5733871459961,85.15799227824508,84.45823263302577,85.0074128851697,952000
2021-02-09,86.59293365478516,86.85866077362506,85.30856226109942,85.40599756537534,1245000
2021-02-10,88.52391815185547,89.25024979179838,86.68151363564638,88.09874527969431,1644700
2021-02-11,90.60547637939453,91.17679544856145,89.63113006135457,90.12715943972543,1233500
2021-02-12,90.5257568359375,91.36635771581936,89.3919714963586,90.01201499999272,1236100
2021-02-16,91.7038345336914,92.61883983426677,91.06607858289526,92.17329189805697,1718500
2021-02-17,91.73040008544922,92.95276782400234,90.7383413502679,92.61617067494299,2121600
2021-02-18,89.17938232421875,89.33882129904086,87.28383382238545,88.70106539975242,2553600
2021-02-19,90.17145538330078,91.18034810529542,89.7994265721968,90.19802742168811,1998300
2021-02-22,85.12255096435547,87.52565102322119,85.01626282033413,86.75237233757875,2405100
2021-02-23,84.97196960449219,85.39714244433023,80.2330984872097,83.28900419855171,3116900
2021-02-24,82.36781311035156,82.71326313269455,80.56969972279859,82.52725210204017,3054200
2021-02-25,80.10023498535156,83.13842838927972,79.95850844670038,82.65125186003294,2900100
2021-02-26,79.53334045410156,80.32167572238433,77.70865523869111,79.48904922235361,3219700
2021-03-01,82.79298400878906,82.8638472829164,81.37575231571134,81.95149783378801,1621500
2021-03-02,81.02143859863281,82.7486885811524,80.96829452467634,82.2526592031762,1400800
2021-03-03,78.94873809814453,82.21723406252565,78.65643891040082,81.92492811688795,1830300
2021-03-04,75.0867691040039,77.93895145327998,73.8644081362684,77.67322433397742,3536000
2021-03-05,75.13105773925781,75.81753126670789,71.1716623016781,75.74224158094657,3221700
2021-03-08,69.32926940917969,72.51804932140466,69.17869001273965,72.42946684548077,3035800
2021-03-09,75.24620819091797,75.2993590211723,72.06629504730554,72.14601115584718,3519100
2021-03-10,72.60661315917969,76.00796883181414,72.07515218006718,76.00796883181414,3501200
2021-03-11,77.53150177001953,77.53150177001953,75.35250684220114,76.36228481465616,3515900
2021-03-12,74.73246765136719,74.9981947755521,73.87326909159329,74.48444620774391,2428700
2021-03-15,74.84761810302734,74.96276585188262,73.41266725211578,73.87327176332406,2330600
2021-03-16,75.74224853515625,76.95574997435222,75.20192790971366,75.68024486131334,2094200
2021-03-17,75.75110626220703,76.2958601009958,73.77584141244192,74.6704716995077,2090700
2021-03-18,73.970703125,75.11334798564542,73.87326782044079,75.11334798564542,2328400
2021-03-19,75.29935455322266,75.45879351873873,73.60487374737072,74.21871342671295,1840600
2021-03-22,74.58187866210938,75.09562721027277,74.03270523839058,75.04248313904658,1231600
2021-03-23,72.7572021484375,73.50125302386223,72.65090723540713,73.50125302386223,2100200
2021-03-24,66.59223937988281,72.03973036332961,66.5213761042404,71.74742441972508,5727600
2021-03-25,66.26449584960938,68.23976724397617,65.98990912851323,66.25564300936927,5390500
2021-03-26,66.95539855957031,68.17776635186173,63.3857440082425,66.3619338604137,13587800
2021-03-29,65.87477111816406,66.8845492019949,65.12186059711789,66.53909916057353,6395200
2021-03-30,67.16799926757812,67.76146406296691,65.74190778392202,66.14050192819336,4333600
2021-03-31,67.62858581542969,68.1246219604178,67.16798806425525,67.65515785289638,2669400
2021-04-01,69.61270904541016,70.91479292429523,69.44441722475851,70.38333190949754,3846200
2021-04-05,69.07239532470703,70.57820266254859,68.70745556176567,70.57820266254859,2685400
2021-04-06,70.64021301269531,71.35325869335865,69.09897389371959,69.29384452812111,3699400
2021-04-07,67.87660217285156,68.64722506774412,67.63744707189524,68.42578240623526,5020100
2021-04-08,68.7446517944336,69.09896136017943,68.56750039050712,69.08124216505105,2127800
2021-04-09,67.21227264404297,67.78359848202939,67.01740878302313,67.77031246327563,2619700
2021-04-12,66.39736938476562,67.17241873003309,66.01648772191842,67.08826943414101,4354300
2021-04-13,66.51251983642578,67.05284051394547,65.51160135995032,65.7153315981521,5530600
2021-04-14,65.59131622314453,67.14141478708751,65.51159335432288,66.96425661075797,4473700
2021-04-15,65.68875122070312,66.28487175545303,65.47616141011076,66.06077325239964,3338500
2021-04-16,66.2024917602539,66.36193073618166,65.59131465077519,66.21135135833136,3396200
2021-04-19,65.85704803466797,66.49303343082057,65.56474209135499,66.01648702575741,2040900
2021-04-20,65.00670623779297,66.18034962376773,64.20951131623765,65.91904890883653,3650200
2021-04-21,66.3176498413086,66.35308147763767,64.43981366322915,64.71440039741248,3266100
2021-04-22,67.22113800048828,67.9917609436843,66.40623057695093,66.61881365311413,4804000
2021-04-23,68.8952407836914,69.06353937144681,68.09804583892083,68.11576503652341,3317700
2021-04-26,68.709228515625,68.73580055365527,67.77031379645578,68.06261297268243,2187700
2021-04-27,69.27611541748047,69.81643600541202,68.8686617665292,69.17868011422112,1771600
2021-04-28,69.60385131835938,70.11759985834925,69.23182930990862,69.63928295124416,2619000
2021-04-29,67.88545989990234,69.84301216272313,67.35399887851236,69.76329605056672,5312700
2021-04-30,66.55681610107422,67.37172359962624,66.46824037434375,66.98198905043319,3090000
2021-05-03,65.83047485351562,67.25656614965531,65.71532710113001,66.53023448238305,3117700
2021-05-04,64.69668579101562,65.87476231739376,64.0943615093849,65.71532333820053,1940700
2021-05-05,64.28038024902344,65.28129871995516,64.14751329074898,65.02443116062389,1661000
2021-05-06,64.27151489257812,64.71440020855871,63.695769388118244,64.26266205194192,3159700
2021-05-07,63.97921371459961,65.26357838752745,63.85519961275015,64.36894818507864,2108800
2021-05-10,60.755001068115234,62.98005769256126,60.63985332512144,62.97828712453119,4231600
2021-05-11,61.8090705871582,62.0393728323891,59.05609408420334,59.222622090511614,5736100
2021-05-12,60.8347282409668,62.07480849701426,60.506990669086896,61.85336583550199,3598200
2021-05-13,58.61144256591797,61.29532656685342,58.21284847468957,61.00302738696969,6013500
2021-05-14,60.595577239990234,60.71958459819612,58.8771799078598,59.48836385751324,4085600
2021-05-17,61.153602600097656,61.39275768692399,60.613281997308285,61.03845485575806,2148400
2021-05-18,62.1102409362793,62.66827401765837,61.49019742129763,61.844507035873754,3901400
2021-05-19,62.24310302734375,62.49112449563872,60.4556197863306,60.84359048181067,6297900
2021-05-20,63.40346145629883,63.562900435334775,62.464540020690066,62.597406962868924,6221300
2021-05-21,62.127952575683594,63.261737921407814,62.0216576653118,63.252885080630456,3989700
2021-05-24,61.614200592041016,62.12794916042261,61.39275794269309,61.95079774410161,2937400
2021-05-25,62.579689025878906,63.08457795548324,62.23423906130188,62.76570002542863,2487000
2021-05-26,62.313961029052734,63.013720621530844,62.18995368434962,62.93400451046175,2663000
2021-05-27,62.136810302734375,62.41139703222353,61.49019477709667,62.40253743381931,3394800
2021-05-28,62.35825729370117,62.49112424742938,61.38391089618431,61.649638045746734,3238700
2021-06-01,64.86498260498047,65.13514290243822,63.95263323013287,64.74096850640761,5976100
2021-06-02,63.943782806396484,64.70554607529682,63.576187190528834,64.40438055234173,2925600
2021-06-03,61.897647857666016,63.04915235500857,61.81793174647282,62.84542214102577,2753400
2021-06-04,62.384822845458984,62.52654262557601,62.0969501072288,62.4113948818626,1878900
2021-06-07,61.05616760253906,61.74706758785286,60.533559435511094,61.74706758785286,2540500
2021-06-08,60.98529815673828,61.50790627084112,60.53355330520747,61.144737118578995,1748900
2021-06-09,61.02959442138672,61.941937039135446,60.98973636711069,61.339612773355725,1629800
2021-06-10,61.49905776977539,61.64963716149036,61.08274447441549,61.25990266281007,1872300
2021-06-11,61.1624641418457,61.72049720076903,60.77272290570611,61.36618760045064,2234400
2021-06-14,61.56991958618164,61.76479020985111,60.78158425071424,61.25104161252137,2046400
2021-06-15,60.31211471557617,61.44590671895022,60.276689839811375,61.27760814854838,1409100
2021-06-16,59.38206481933594,60.329839138652886,58.87717582227726,59.96666993061212,2860500
2021-06-17,60.05524444580078,60.22353625059742,59.47063265407499,59.52377672317995,2972700
2021-06-18,60.0286750793457,60.498139209097324,59.7718075330753,59.85152364925014,2875200
2021-06-21,59.328922271728516,60.01982231098862,58.797454465011,59.95781863459076,2595400
2021-06-22,58.824031829833984,59.12076418522201,58.43429058316615,58.824031829833984,1939800
2021-06-23,59.975528717041016,60.5512809797583,59.71865442266272,59.895812603903074,3831200
2021-06-24,61.4459114074707,61.578771596459156,60.29883329868583,60.382982590307606,4031200
2021-06-25,62.62398147583008,62.69484474884647,61.809074109822596,62.615128635123284,3492200
2021-06-28,62.54426193237305,63.310451600903,62.27410163196978,62.756844981871154,3292400
2021-06-29,62.872005462646484,62.95172157957908,61.4104824978367,61.99508762902425,7326300
2021-06-30,61.8090705871582,62.331678748502156,61.7382073181805,62.16338017415344,3912100
2021-07-01,60.471561431884766,62.03051972300281,60.12611140684923,61.897652769244374,4374600
2021-07-02,59.16947937011719,59.899352135168485,58.85945425072705,59.76294405610994,6573400
2021-07-06,56.104713439941406,57.53966095537321,56.040939196214445,57.37136236834595,8711500
2021-07-07,54.99749755859375,56.6450314412705,54.85134459633606,56.6450314412705,5565500
2021-07-08,53.15509033203125,53.48282787523678,52.17188783925434,53.11966207728858,9902000
2021-07-09,55.48467254638672,55.652971131111514,54.01429341391288,54.40403128047873,12771800
2021-07-12,54.72290802001953,55.28980067823591,54.31722491240459,55.13036507469098,5829900
2021-07-13,56.47673416137695,57.29607132238974,55.396096285116336,55.75926211005455,14209600
2021-07-14,56.22871780395508,57.14991666849819,55.99841893255597,56.955052811321586,8707100
2021-07-15,56.2641487121582,57.11449105305467,55.84783545041444,56.25528911398039,6131200
2021-07-16,54.74948501586914,56.3172994696363,54.576760009677976,56.10471302719886,5437600
2021-07-19,53.64227294921875,53.81942437992116,52.98680116720022,53.74856448342958,6048200
2021-07-20,53.69541549682617,53.92571775649207,52.468624641539364,53.420828759693485,9107400
2021-07-21,53.978858947753906,54.02757660088929,52.898221117438084,53.296815182805176,5283800
2021-07-22,53.713130950927734,54.3774589294678,53.45625665494501,54.28002361865043,5575500
2021-07-23,48.965396881103516,50.896377027648604,48.3852182289122,50.84323295504887,15556900
2021-07-26,44.25309753417969,46.653535004163125,44.21766589989773,45.59946922637452,20782300
2021-07-27,42.20697021484375,42.809294489923815,40.52400473230593,41.78179735565469,32128000
2021-07-28,46.50295639038086,46.69339720408981,44.33281774970708,44.73141519455683,25119800
2021-07-29,45.88291549682617,47.60131258936888,45.02372032950144,47.5552507890591,16843000
2021-07-30,44.69598388671875,45.33373980314459,44.288530219645224,44.43025338119022,11093400
2021-08-02,45.767765045166016,46.06007096355993,44.67826761823233,45.174300368106856,8560500
2021-08-03,43.92536163330078,44.5985457633941,43.51347819310891,44.50997006012667,8964400
2021-08-04,44.67826843261719,45.431175479844114,44.394822107221344,44.55426108762485,7138900
2021-08-05,43.624202728271484,44.13795130615368,43.22117547711078,43.907649054362786,7107000
2021-08-06,43.11045837402344,44.19995930917714,42.87130325834753,44.14681185072301,7130100
2021-08-09,44.79342269897461,45.014865367401,43.38504719262489,43.65077771894716,13062300
2021-08-10,45.11229705810547,46.16636285871725,44.944001860042086,46.015783478178435,7226900
2021-08-11,44.97057342529297,45.80319656653674,44.66941128842664,45.80319656653674,5266800
2021-08-12,43.61534881591797,44.270817212570286,43.39390615076169,44.270817212570286,7893300
2021-08-13,42.69414520263672,43.53562798009631,42.56127825605743,43.35847317763953,5910300
2021-08-16,40.993465423583984,41.74637251856494,40.86060185078519,41.67550924324803,8009100
2021-08-17,39.71795654296875,40.54172352736265,39.24849917427325,39.753388180327974,15131200
2021-08-18,40.48857498168945,40.984607754528525,39.87739445895215,40.364567633216396,12875300
2021-08-19,38.9384765625,39.36364606465274,38.43358756750945,38.982764418755046,37894400
2021-08-20,39.053627014160156,40.25827560549346,38.70817701084038,38.779036903829336,20459900
2021-08-23,40.27599334716797,40.3291374247113,39.00934102186554,39.81539219442646,17720800
2021-08-24,44.68712615966797,44.846565133394954,42.827005925835294,42.83143572481287,34297300
2021-08-25,43.8987922668457,44.01394001230423,43.26103635192042,43.863360631806145,16599800
2021-08-26,43.24332046508789,43.872216780771915,43.09274108483116,43.438191078546424,8443700
2021-08-27,42.800437927246094,43.18131958052856,42.58785486152145,43.172463360684574,8586500
2021-08-30,43.39390563964844,43.588772885006826,41.6312205590295,42.52584742898691,20838200
2021-08-31,45.18315887451172,45.20087469279116,44.26195997660859,44.563122129465434,13297200
2021-09-01,47.40644073486328,47.82275397895901,45.82091062291448,45.8563422562304,18634000
2021-09-02,46.830692291259766,47.38872873461359,46.5915338155367,47.362156696959964,17883900
2021-09-03,46.6712532043457,46.874980043449355,46.104360542675224,46.29037156373333,10798200
2021-09-07,48.55794143676758,48.983110896660655,47.967132640207936,48.10619994155197,14018200
2021-09-08,46.87498092651367,48.29664578566708,46.50738867672059,48.11506118148945,14099700
2021-09-09,46.511810302734375,46.73325294122928,45.218586104871264,45.59946771339823,7443200
2021-09-10,45.936065673828125,47.53045214111153,45.789912708099216,47.211574171865486,14838700
2021-09-13,45.05029296875,45.5906135719287,44.54540400029209,45.57289775456831,13239400
2021-09-14,43.68620681762695,44.68624328278796,43.544483653229456,44.63398111308774,11672400
2021-09-15,42.97759246826172,43.10159981899028,41.89695119086101,42.8890133756364,11577600
2021-09-16,42.93330001831055,43.13702684113325,42.08295771481365,42.28668791658288,6821900
2021-09-17,43.35847091674805,44.12023416232792,42.8402959342129,43.827928246674254,11728400
2021-09-20,41.04661560058594,42.33098382978216,40.43543501573058,41.799519366521395,21491600
2021-09-21,41.6932258605957,41.914668531781764,41.365491653345494,41.5515026861945,5632400
2021-09-22,42.91558837890625,43.47362483074849,42.08296181099472,42.1803971224692,11439800
2021-09-23,43.03959655761719,43.05731237631266,42.28669284726777,42.88015756830488,11281500
2021-09-24,41.5692138671875,42.18925395311555,41.259195513696795,41.95895170856819,8281400
2021-09-27,42.60556411743164,42.65871156936471,40.904886202933106,41.63121781795185,9768600
2021-09-28,41.58692932128906,42.702998763057984,41.22376351939357,42.52584397163288,9587100
2021-09-29,40.834022521972656,42.09181850680023,40.834022521972656,41.71979310491303,6076300
2021-09-30,41.9146614074707,42.12724782241231,41.25033350682954,41.27690554159233,6864300
2021-10-01,41.00232696533203,42.06967891352978,40.55944161045642,41.77294653671042,8276700
2021-10-04,39.70909881591797,40.53729218933697,39.4522245232338,40.49743413303087,8460600
2021-10-05,40.754302978515625,40.980175422961025,39.88624821389691,39.91282362903242,8456600
2021-10-06,40.7011604309082,40.88274164991247,39.63823501722674,39.85967767095426,7287500
2021-10-07,43.59762954711914,43.97851117136251,42.41069682065191,42.596707833715875,17577800
2021-10-08,44.36825180053711,44.54540660555539,43.47362493466776,43.845646984153966,12886400
2021-10-11,44.27081298828125,45.714619973438325,44.22652513526529,45.714619973438325,18221000
2021-10-12,43.59762954711914,44.704842785280874,43.55333831443535,44.15566258631107,12970100
2021-10-13,45.165443420410156,45.35145443150791,44.058230193952184,44.18223753468402,15064000
2021-10-14,44.38596725463867,45.262878294914316,44.06708928401231,44.93514410463582,9401500
2021-10-15,44.66054916381836,44.91742343227953,44.06708452180097,44.54540142605009,12668800
2021-10-18,45.014862060546875,45.36917165557981,44.341677884720355,44.47454144864767,12781600
2021-10-19,46.919273376464844,47.06099654822092,45.47546624117376,45.741196765848045,20611500
2021-10-20,47.353294372558594,47.86261313159737,46.8749774486467,47.654456504768305,18139400
2021-10-21,47.20271682739258,47.68103376986316,46.95469875780778,46.99013039331229,10152900
2021-10-22,46.750972747802734,48.21249563818324,46.52953009040853,47.69874705113421,11890100
2021-10-25,46.830692291259766,47.05213494889815,46.07778860686799,46.92812760125214,10408500
2021-10-26,44.27967071533203,46.52066909692867,44.160089800400264,46.29922646225876,19021000
2021-10-27,43.943077087402344,44.93513914739255,43.562195484389356,43.87221382221553,13459100
2021-10-28,43.943077087402344,44.04051238756099,42.99087307986988,43.62331386798172,9241800
2021-10-29,42.28669357299805,43.50905467344153,42.056391304951376,43.25218374531606,11636300
2021-11-01,44.55426025390625,44.571976071280325,42.38412162030868,42.38412162030868,14893500
2021-11-02,42.87129592895508,43.571052094760034,42.702997362096646,43.40275690684809,10939700
2021-11-03,43.447052001953125,43.531201299411606,42.74729234053862,43.19017768893559,9325500
2021-11-04,42.375267028808594,44.05823257557829,42.26454570017761,43.93422184919628,17509300
2021-11-05,41.489498138427734,42.57899565233971,41.303487109479896,42.48156033842981,17300300
2021-11-08,42.55242156982422,42.561277789323874,42.100676659566,42.26011564213398,12122300
2021-11-09,42.410701751708984,43.075029771846886,41.92795496668964,42.36641389282253,6908900
2021-11-10,43.38504409790039,44.25309889073847,42.84206763272383,43.128169809901756,16219300
2021-11-11,45.64375686645508,45.767764206915814,44.62512272770863,44.73141425111117,19858400
2021-11-12,45.98920822143555,46.051215272459295,45.19201670375355,45.28945201100225,15498100
2021-11-15,45.29830551147461,46.13978821208794,45.174298174763564,46.095500360254924,11637800
2021-11-16,45.88291549682617,46.45866772701872,45.404598571338205,46.14864599578173,20432400
2021-11-17,44.439109802246094,45.88291684006632,44.16452307616359,45.865201022424436,12908200
2021-11-18,42.91558837890625,43.47362483074849,42.47270305689266,43.15474685826721,25273500
2021-11-19,42.924442291259766,43.81907248584772,42.76943311267671,43.34961177206473,14784300
2021-11-22,41.702083587646484,42.93330424353995,41.330058159701686,42.80929689387397,12399900
2021-11-23,41.33005905151367,42.48156023904775,41.03775648941473,42.17154185819328,11819600
2021-11-24,42.12725067138672,42.15382270794652,41.028893647977405,41.4894947623783,11917100
2021-11-26,40.329139709472656,40.69230556869653,39.664811670969435,40.44606141721765,14212100
2021-11-29,39.788814544677734,40.53286199906803,39.36453371644365,40.39113883532448,8642200
2021-11-30,39.018192291259766,40.04568600041012,38.54696441016617,39.505365420961425,13689900
2021-12-01,38.442447662353516,40.07226579778387,38.40701602531338,39.85967935448996,14752300
2021-12-02,37.93755340576172,39.0669088036666,37.096070726828046,38.53101803871664,24964600
2021-12-03,35.29795837402344,36.980923928328494,34.41218774100958,36.980923928328494,40755600
2021-12-06,36.67975997924805,36.688616198407296,34.81964309271387,35.41310776583643,26137100
2021-12-07,38.28300476074219,38.59302310578129,37.87554773433096,38.30072057745107,20298700
2021-12-08,38.38929748535156,38.90304267022622,37.33877283631751,37.90212433689985,10522800
2021-12-09,37.83126449584961,39.05362896626709,37.733829181541026,38.247577791914665,11333600
2021-12-10,38.28300476074219,38.495587803355704,37.69839632513521,38.07927793700984,7816700
2021-12-13,37.051788330078125,38.05270674304671,36.591187181399725,38.00841888583563,12205600
2021-12-14,36.74176788330078,37.20236904842155,36.01543618648069,36.01543618648069,11363400
2021-12-15,35.7408447265625,36.183730055907496,34.68766414323263,36.09515434161726,17351600
2021-12-16,35.138519287109375,36.88348851031179,35.04462849232616,36.104009409431704,16000500
2021-12-17,35.067657470703125,35.28910011616628,33.72128578081355,34.279322193485754,13474900
2021-12-20,33.136680603027344,34.022451272318584,32.86209047912616,33.99587923350287,22407100
2021-12-21,35.37767791748047,35.42196915235287,33.88869769747647,33.89844258009564,14251400
2021-12-22,34.76649475097656,34.91707412545587,33.97815948706358,34.571624144994814,10171100
2021-12-23,34.4033317565918,34.660206052869,33.59728061019702,34.24389277124366,13340300
2021-12-27,34.208457946777344,35.01450901805457,34.16417009474055,34.19074213017332,13352100
2021-12-28,33.57956314086914,34.102167927381686,33.402408345976525,33.88072527850259,17328200
2021-12-29,32.37248611450195,33.446497239597925,32.206153653121966,33.446497239597925,22186300
2021-12-30,35.25236511230469,35.77511447430474,32.46753253985149,32.543570656497224,32083500
2021-12-31,34.682090759277344,35.508985265393726,34.55853064319666,34.84366630471645,14347100
2022-01-03,34.41596221923828,34.89023961462261,33.64609626842163,34.72961399601305,16747500
2022-01-04,32.89523696899414,34.21636839063205,32.48654116760584,34.21636839063205,25820100
2022-01-05,31.954286575317383,33.227896041323454,31.954286575317383,32.13012200324067,18876100
2022-01-06,33.45600891113281,33.92172972196783,32.09685828852105,32.69564581386332,28359200
2022-01-07,34.349430084228516,34.91495175483559,33.77345552999601,33.9502408760565,23308900
2022-01-10,34.6535758972168,35.10029074588383,33.87420336913609,34.824658025400055,17278200
2022-01-11,36.411922454833984,36.43093198474906,34.61555994767932,34.96723081256249,21158900
2022-01-12,36.96318435668945,37.82809802735941,36.430932021321546,37.56197185967545,20549400
2022-01-13,34.748626708984375,36.193318353413616,34.596554095133776,36.13628976358323,20801300
2022-01-14,35.366416931152344,35.71333447640468,34.740066934862746,35.18583185149991,9562700
2022-01-18,34.54902648925781,35.42914990958598,33.95024264578687,34.23537832730116,18364900
2022-01-19,34.98624038696289,35.566014734472795,34.59560052911169,35.10029394090124,12614400
2022-01-20,36.478450775146484,37.704534527963396,36.33588112622284,37.33385779159804,23596700
2022-01-21,34.98624038696289,36.64002960900877,34.86268025520637,36.29786532149663,23032100
2022-01-24,34.3779411315918,34.42546676213512,32.81919616816001,34.406457235057104,20718100
2022-01-25,34.130828857421875,34.66308480598586,33.533944859436204,33.817180685117705,12590900
2022-01-26,33.018798828125,34.77713862369286,32.96177023922498,34.70110050515951,11074100
2022-01-27,31.96379280090332,33.16136413601569,31.930527031197336,32.97127246953994,14097200
2022-01-28,32.400997161865234,32.42950963938083,31.10837833760891,31.759441037888518,15832000
2022-01-31,35.55651092529297,35.59452998425504,33.17087117372702,33.180374125619025,22232300
2022-02-01,35.79412078857422,35.984212437418286,34.929207230745526,35.45195654579423,15879800
2022-02-02,34.75812911987305,35.922434711627666,34.45303396428002,35.90817847081633,12179700
2022-02-03,34.06429672241211,34.748625269234374,33.81718009478016,34.1403312133385,11307500
2022-02-04,34.63456726074219,34.89119045962433,33.70312210870525,34.05288946022141,11986600
2022-02-07,33.81718063354492,34.6155591166278,33.76015204516885,34.23537940454505,9919400
2022-02-08,35.195335388183594,35.204841965305775,33.712628418445554,33.931232558196754,16457300
2022-02-09,36.55448532104492,36.58300142629348,35.37592357407935,35.708581254505894,13070200
2022-02-10,35.95570373535156,37.05347777481777,35.29038470737018,35.53750133883337,13244600
2022-02-11,34.72010803222656,36.19331567541466,34.56328576676645,35.908176373057714,14941900
2022-02-14,34.48249435424805,35.014750276039805,34.083305132176854,34.56803541979142,11861200
2022-02-15,35.93669128417969,35.974706714293056,34.95772053840185,35.05276817792707,10957300
2022-02-16,36.00322723388672,36.221831393055936,35.41204280834515,35.727594484009245,11777000
2022-02-17,35.63254928588867,36.858633127340795,35.504235867442084,35.946197460219246,16026200
2022-02-18,33.836185455322266,34.66023022123595,33.56055635122763,34.59655210656745,19516600
2022-02-22,32.400997161865234,33.27541364551126,32.220412094772215,32.75266434544491,22612200
2022-02-23,31.96379280090332,33.303933792296746,31.911517501980065,33.09483259660372,11203300
2022-02-24,32.26793670654297,32.334468243253006,30.11990893913453,30.129413703357162,20147300
2022-02-25,32.41050338745117,32.448522445111365,31.369757970305876,32.09685522599682,11634800
2022-02-28,31.802213668823242,32.24417525320051,31.403024431680922,31.821223198072442,14603800
2022-03-01,31.94478416442871,32.8999921865337,31.764195444666303,32.030325235448515,16959800
2022-03-02,31.260456085205078,32.03982868859897,30.623653144306434,31.963794194112737,13502700
2022-03-03,29.76824188232422,31.384015650025763,29.635178800107102,31.174914449000543,18434900
2022-03-04,28.285531997680664,29.76824081726779,28.1619718718868,29.15044562684386,21475200
2022-03-07,26.793317794799805,28.37582388593174,26.793317794799805,27.84832125127162,21505800
2022-03-08,26.660253524780273,27.3730945475054,25.985431560101087,26.964400550602374,22179400
2022-03-09,28.076435089111328,28.123957103001914,27.211519570943977,27.686746961244317,16631600
2022-03-10,25.339120864868164,26.261061224230712,25.12051673009896,26.20403445273622,31395400
2022-03-11,22.8109130859375,25.766827820101753,22.8109130859375,25.671781986340648,37158000
2022-03-14,20.140134811401367,21.898476300070012,19.83598960937513,20.900497816466967,56502200
2022-03-15,21.081085205078125,21.74640239692342,19.398779977407052,19.769456724475834,65256200
2022-03-16,29.454591751098633,29.66369113826345,25.30110561227771,25.823854986614013,103268500
2022-03-17,27.078453063964844,27.582194686727103,25.952164798709273,27.430122086053288,47635300
2022-03-18,29.369050979614258,30.32901048050902,27.04043796414051,27.354087954504262,56261900
2022-03-21,27.43012237548828,28.61819071381888,26.665006075547634,28.038412784602055,35205900
2022-03-22,29.644681930541992,30.105651216885793,28.65620819471709,29.06490399653514,32716700
2022-03-23,29.749231338500977,31.203429492708754,28.475621897457824,28.969858775771264,33165400
2022-03-24,28.931840896606445,29.235986103412817,27.88158709998964,29.08391350000963,29049000
2022-03-25,27.734268188476562,27.952872332441487,27.12597776601818,27.7532777173905,31315000
2022-03-28,28.46611785888672,28.903326133344653,27.753276862215248,28.352062501765985,20619000
2022-03-29,29.739728927612305,30.566623515164896,29.5021152486618,29.929818783063606,24871100
2022-03-30,28.9033260345459,30.081889594138964,28.76550967391022,29.11242540689602,19209600
2022-03-31,27.097463607788086,28.513640887667066,27.049939785266226,28.47562182964958,26727900
2022-04-01,28.71323585510254,29.891801288189235,28.34255909913808,29.511617954755597,28756300
2022-04-04,30.908788681030273,31.132146125772728,29.711215487169483,30.024865479881935,31309400
2022-04-05,29.43558120727539,30.576125751851784,29.36904966878116,30.55711984859365,18887300
2022-04-06,28.570667266845703,29.083913665895167,28.019403623152815,28.979363070640993,16742900
2022-04-07,27.458635330200195,28.3330537148459,27.068949053517173,28.27602694121748,25895100
2022-04-08,27.382598876953125,27.91485480404879,27.15448997084717,27.487149472069852,11703200
2022-04-11,27.030933380126953,27.677242894983,26.48917446704131,27.030933380126953,17527500
2022-04-12,26.51768684387207,27.534673124099196,26.470164832082382,27.392105275881583,16244200
2022-04-13,27.44913101196289,27.677241735881317,26.536695367683084,26.793318572454957,15231500
2022-04-14,26.47966766357422,27.316066974802727,26.470162899340572,27.173499136994828,13150000
2022-04-18,25.975929260253906,26.17552570823638,25.320114949523838,26.023451274471874,20681900
2022-04-19,26.108989715576172,26.127999244484485,25.0777472457544,25.595745124990938,14693300
2022-04-20,24.85439109802246,25.947413686874587,24.816373851089036,25.947413686874587,16960500
2022-04-21,23.561771392822266,24.99695630373633,23.476230330205087,24.740334928733155,25182000
2022-04-22,23.884925842285156,25.111013276937925,23.775623769194542,24.179568104893036,19447100
2022-04-25,23.913440704345703,24.05600855033745,22.810913369831717,23.02951752120896,26834300
2022-04-26,23.45722198486328,23.984724626645864,23.286139851004233,23.951458857600876,17802900
2022-04-27,24.673803329467773,25.10626196159099,24.008486122117368,24.008486122117368,24062400
2022-04-28,25.02547264099121,25.168040486056366,24.04650362927307,24.93613002806513,18866400
2022-04-29,26.869354248046875,28.161971380560384,26.736289360063573,27.65823156020784,32211500
2022-05-02,27.401609420776367,27.496655255053632,26.280072564571366,26.68876838296965,21457600
2022-05-03,27.496654510498047,28.043164870309,27.230526544297636,27.563186048836037,13292700
2022-05-04,27.677242279052734,27.762781536140274,26.185026843973,26.574713134637896,26322700
2022-05-05,25.738313674926758,26.83133623737762,25.32961785638505,26.58421779330941,28728100
2022-05-06,24.464704513549805,25.491195548634114,24.379163442888732,25.386644948304244,29309100
2022-05-09,22.90595817565918,23.941953923021806,22.76339033607271,23.82789856364357,28633100
2022-05-10,23.561771392822266,24.05125495224961,23.01525924975123,23.865916587528513,40583600
2022-05-11,23.30514907836914,24.724177937897768,23.252873781160833,24.141548395156747,25023100
2022-05-12,23.64731216430664,24.236594876606883,22.544784856124167,23.238618165650696,30830200
2022-05-13,25.301103591918945,25.39139613108373,24.331639413403668,24.35064894149574,24586000
2022-05-16,25.358131408691406,25.8856340514774,24.97794989541948,25.291599870474876,31367000
2022-05-17,26.17552375793457,27.026179351286327,25.68983988959926,26.76765627756128,34620200
2022-05-18,25.37714195251465,26.265816615239,25.23932558192653,25.662277645660353,22355900
2022-05-19,26.128000259399414,26.42264071752943,25.472185989375873,25.472185989375873,28813000
2022-05-20,25.60525131225586,26.931134302438185,25.05398763322185,26.55570605630405,26627500
2022-05-23,25.301103591918945,25.728807096900358,25.04448040122107,25.728807096900358,19366300
2022-05-24,23.561771392822266,24.78785693558787,23.262377673662147,24.664298630056592,38821100
2022-05-25,24.2460994720459,24.355401544361705,23.81839413442016,23.970466740498544,18114200
2022-05-26,26.061466217041016,26.185024522188197,24.569252727122006,24.62627949774006,27696300
2022-05-27,26.432144165039062,26.460658458088055,25.462681768402962,26.147008485942877,20736600
2022-05-31,27.68674659729004,28.195241566047752,27.458637670486304,27.886343041273687,27593100
2022-06-01,27.154489517211914,28.10494418319958,26.805672103688526,27.886340045106035,21458600
2022-06-02,28.67521858215332,28.756006362079496,27.354087119560205,27.430123423604805,24522800
2022-06-03,27.895845413208008,28.39483376108415,27.65823174156714,28.247512632041367,15682000
2022-06-06,29.20747184753418,30.233962828232976,28.950848649147375,29.939322385371327,36676600
2022-06-07,30.41455078125,30.47157936921576,29.140941322257277,29.331032989779487,31450100
2022-06-08,32.182395935058594,32.424762892826415,31.11788771228736,31.384013861555957,42801600
2022-06-09,30.024864196777344,31.136894458359453,29.98684513851036,31.051353390107217,35410900
2022-06-10,30.072385787963867,31.18441965975635,29.7539843372302,30.728201843996864,31031400
2022-06-13,27.971881866455078,28.979363332047566,27.51091076087454,28.69422764968033,31503500
2022-06-14,29.83477210998535,30.015359008507364,28.722740051252448,28.85580494046004,32416900
2022-06-15,30.33851432800293,30.5922859233755,29.559141758111913,30.281487553165373,21033200
2022-06-16,28.75125503540039,29.312023460457567,28.390083042526385,28.950849654735066,29947500
2022-06-17,29.673194885253906,30.71869541091352,29.10292351930181,30.55711985331596,29797100
2022-06-21,30.83275032043457,31.11788964169833,30.31000094094615,30.566624154665284,22870700
2022-06-22,29.872793197631836,30.433561647319916,29.625674744138056,29.825269372239624,21786800
2022-06-23,30.6236515045166,31.20342944992976,29.94882772681217,30.481081849655457,27867800
2022-06-24,31.754690170288086,31.821221706693645,31.15590271694126,31.39351638287448,20275000
2022-06-27,31.849735260009766,32.65762392683404,31.70716923106214,32.57208285918669,19670100
2022-06-28,31.67865562438965,32.55307217308401,31.540839263317793,32.258429922616926,19243000
2022-06-29,31.336490631103516,31.61211972108676,30.937297797067586,31.460047123762767,16404600
2022-06-30,31.13689422607422,31.1654103324102,30.086644035586723,30.633154397733993,23841800
2022-07-01,31.53608512878418,31.75468926009321,30.756712616918357,30.92779474154224,15275500
2022-07-05,31.602617263793945,31.621626791968563,30.481080481368974,30.83274768835745,17965300
2022-07-06,30.424053192138672,31.241444809963486,29.939322892987427,31.17491327136816,25690400
2022-07-07,31.260456085205078,31.489516752705782,30.713943879902775,30.899282265728328,18927600
2022-07-08,30.519102096557617,31.018088656615365,30.22445982369227,30.728203298313478,17767300
2022-07-11,28.447111129760742,29.27400575207116,28.39008435201313,29.27400575207116,27231700
2022-07-12,28.59918212890625,28.90332734349792,28.16387370134617,28.61819165803035,11435600
2022-07-13,28.82729148864746,29.159951002104286,27.895846301247154,28.028909381490482,14726300
2022-07-14,27.99089241027832,28.665714395678044,27.672489134336594,28.5801733252966,23774900
2022-07-15,27.734268188476562,27.743772952933533,26.81707926613628,27.56318605394803,18515400
2022-07-18,28.523143768310547,29.21697521566817,28.437602706269377,28.542153296063773,19790500
2022-07-19,29.178958892822266,29.202719896838648,28.49463037492073,28.903326170256726,10995900
2022-07-20,28.893821716308594,29.407068110245383,28.551659266532486,29.04589431906429,16399300
2022-07-21,29.464096069335938,29.663690688670613,29.02213448326802,29.026887772022747,10624200
2022-07-22,28.4281005859375,29.207473167810576,28.295037504988002,29.15995115685676,12242900
2022-07-25,28.80828285217285,28.893823924366007,28.247514406839304,28.570669165602656,7598200
2022-07-26,28.380578994750977,29.181810915860208,28.29503792349009,29.01738374033285,8631800
2022-07-27,28.969858169555664,29.041142995592278,28.09543979270222,28.69422725543418,11487500
2022-07-28,28.46611785888672,28.855804125372583,27.553680440466067,28.703731524443874,19418400
2022-07-29,26.945390701293945,27.259040675050873,26.555704425197412,26.983407946039524,26753200
2022-08-01,26.261062622070312,26.57471260125774,25.747818025603827,26.43214475850863,22985800
2022-08-02,26.726787567138672,27.206766403859085,25.66227748136927,25.671782246126412,29930700
2022-08-03,27.278051376342773,27.363592446757703,26.223046049790977,26.58421804821628,14730700
2022-08-04,27.79129409790039,28.53264938684746,27.53942419259491,28.13345835631418,17931500
2022-08-05,27.135478973388672,27.240029562846484,26.80282130301989,27.134529040858574,15850600
2022-08-08,26.66975975036621,27.292308263610593,26.622237738053812,26.973904980002114,9491300
2022-08-09,26.384620666503906,26.859847980065904,26.251557598818014,26.565207553255,7980800
2022-08-10,26.565210342407227,26.622237118424525,25.838111243580432,26.28957760143465,15222300
2022-08-11,27.297060012817383,28.171478463193704,26.93588800222326,26.992914780138417,14836300
2022-08-12,27.192508697509766,27.2400307058856,26.489172459026594,26.489172459026594,15018200
2022-08-15,27.420618057250977,27.524216907401918,26.897866892173635,26.935885949785856,9123600
2022-08-16,26.831335067749023,27.049939208140128,26.726786286128476,26.88361036498351,15795300
2022-08-17,26.451152801513672,26.831334298434154,26.35610697407146,26.66025217160784,13450700
2022-08-18,26.108989715576172,26.44164922007781,25.81434926889116,26.38462244620133,11027500
2022-08-19,25.956918716430664,26.299083006562352,25.81910415543746,26.080478849133137,9394100
2022-08-22,26.28957748413086,26.5224396888393,25.95691796862531,26.00444179246811,13717800
2022-08-23,26.726787567138672,26.817080113058765,25.852369150815115,26.470164357241337,18210600
2022-08-24,27.059444427490234,27.506159292934687,25.928404649308117,25.97592665876676,22166600
2022-08-25,29.03639030456543,29.159950430525274,27.86733146087535,28.228505261382697,46157000
2022-08-26,28.741750717163086,30.462073264850414,28.646704881925704,30.414551253655986,48184200
2022-08-29,28.2189998626709,29.388058680087788,28.199990334050682,28.827290275730398,25500000
2022-08-30,27.401609420776367,28.323549843714265,27.08795943665535,28.142964752720818,25008200
2022-08-31,28.456615447998047,28.912833288511997,28.123955926138418,28.361569611345505,22299600
2022-09-01,27.8768367767334,28.066928445270328,27.420618947662977,27.74377369646665,13814200
2022-09-02,27.297060012817383,27.781792157217705,27.23528175876287,27.677243366514677,12270500
2022-09-06,26.3085880279541,26.8883660112491,26.270568967414093,26.83133742043909,15667900
2022-09-07,26.926382064819336,26.98340884025176,26.070973181938985,26.261063037663227,10702000
2022-09-08,26.32759666442871,26.48917404054118,26.075724929023423,26.232550829153993,13524000
2022-09-09,27.002418518066406,27.278051257726737,26.835137921317063,26.907372683257723,13108800
2022-09-12,27.601205825805664,27.601205825805664,26.964401093502545,27.10696893834833,10299900
2022-09-13,26.34660530090332,27.025230666834616,26.294331811883577,26.726788655273516,14190900
2022-09-14,26.451152801513672,26.541445340517168,26.099483783831992,26.41313555824581,8297200
2022-09-15,26.299081802368164,26.726787145448807,26.223045498359213,26.3275960961897,6969400
2022-09-16,25.29159927368164,25.84286290813015,25.139526671961253,25.823853379703,15687900
2022-09-19,25.67177963256836,25.681284396357853,25.025470197669307,25.0349749614588,10487800
2022-09-20,25.60525131225586,26.023450094386103,25.51020547528133,25.60525131225586,10255100
2022-09-21,24.388668060302734,25.244076948894275,24.341146049266516,25.18705017308111,21993700
2022-09-22,24.293621063232422,24.86864752121445,24.212833285765846,24.540739497065932,12670100
2022-09-23,23.694835662841797,23.903935041584706,23.490487759885763,23.742357672104315,15893600
2022-09-26,24.14154815673828,24.640536493878706,24.132043392535326,24.25560351432532,16528100
2022-09-27,24.008485794067383,24.996957733396734,23.903935197589373,24.493217905672065,22730000
2022-09-28,24.4552001953125,24.540741267535708,23.50949873762607,23.647313298120295,21101700
2022-09-29,23.343168258666992,23.72334979782797,23.115059335170407,23.580781947248678,16762900
2022-09-30,23.41920280456543,23.723348013011975,23.077040351487284,23.077040351487284,17367000
2022-10-03,23.514249801635742,23.623551878039166,23.029517671814997,23.40019624923588,13566800
2022-10-04,24.987455368041992,25.291600587279497,24.151054202290354,24.17956849641206,28828400
2022-10-05,25.015968322753906,25.405654618883013,24.67380403821185,24.96844631116686,13319400
2022-10-06,24.597766876220703,25.139527578847588,24.55024486628692,24.854390080699467,12493200
2022-10-07,23.514249801635742,24.122540248697764,23.42870873091158,24.094027767022062,17412200
2022-10-10,22.2596492767334,23.06753613902925,22.09332042839976,22.981995070500954,20214300
2022-10-11,21.451763153076172,21.90798099237016,21.057325379368415,21.74640361434747,25889400
2022-10-12,21.41374397277832,21.80343023526322,21.12860648932824,21.470770744328984,19650200
2022-10-13,21.138111114501953,21.370973300480358,20.130629697101007,20.406260601825103,24419600
2022-10-14,20.577342987060547,21.61333870950629,20.567838222936924,21.584824417135422,18434500
2022-10-17,21.404239654541016,21.81293545367166,21.27117476768668,21.290184296215646,17804300
2022-10-18,21.43275260925293,22.22162993219556,21.2521675227728,22.04104484571543,17760400
2022-10-19,19.950042724609375,20.862480123911062,19.854996897808395,20.643874178414304,38354300
2022-10-20,20.282705307006836,21.138114253049153,20.187659465702435,20.254191010760923,29412100
2022-10-21,20.387252807617188,20.41576528667043,19.655402297777965,19.95004272936775,25580100
2022-10-24,17.49787139892578,17.744989845768416,16.36682976491294,17.735485080945793,74385800
2022-10-25,18.0871524810791,18.505351218104668,17.87805129971796,18.098557110118698,36307100
2022-10-26,19.61738395690918,20.02132828242026,18.41030789465382,18.467334667687133,44743100
2022-10-27,18.847517013549805,19.459610810039166,18.72395869767878,18.96157237753334,22095100
2022-10-28,18.125171661376953,18.17269548624244,17.72122912068738,17.944584752585218,25907500
2022-10-31,18.248729705810547,18.533865370994196,17.982601755550352,17.992106519436255,18577800
2022-11-01,19.25621223449707,20.083106799496953,19.21819317673464,19.82648541099436,29201700
2022-11-02,19.37026596069336,20.064099268467672,19.308487710532457,19.645898693467128,30577400
2022-11-03,20.026079177856445,20.30171189641923,19.056615000140162,19.09463405629298,26696800
2022-11-04,21.67987060546875,21.841447972556175,20.938517120001617,21.736899191157317,38307600
2022-11-07,21.5087890625,22.373704507286547,21.451762288099815,22.12658606775446,16709700
2022-11-08,21.366222381591797,21.565818822115663,20.719912860426625,21.195140236242363,16551400
2022-11-09,19.874008178710938,20.577344458518073,19.77896234352651,20.55833492891148,32807900
2022-11-10,21.556312561035156,21.632348863374762,21.1286072273446,21.318698889617835,27654600
2022-11-11,22.896453857421875,23.11981129192992,22.47825328201802,22.744381250520195,34325900
2022-11-14,23.257625579833984,23.808889226765345,23.0770404942321,23.400195233417563,18752700
2022-11-15,25.481689453125,25.842863246577288,24.977949633147215,25.168039481362978,44882500
2022-11-16,24.673803329467773,25.25358128098828,24.574006020292483,25.149030683081698,17304200
2022-11-17,25.624258041381836,25.785835414154057,23.685331380963635,23.837403989120023,25270200
2022-11-18,24.62628173828125,25.21556446444296,24.417182351758587,25.158535875787994,26591200
2022-11-21,23.74235725402832,24.312630419378916,23.618798944412426,24.036999507382653,21298500
2022-11-22,23.28614044189453,23.41920352145098,22.915463684359565,23.1245630683552,14097700
2022-11-23,23.856414794921875,23.989477880966874,23.580782044858854,23.781328419432803,11371400
2022-11-25,22.801408767700195,23.23861888642192,22.801408767700195,23.17208553249256,12664300
2022-11-28,23.694835662841797,24.046502882220707,23.105552958604953,23.18158926113405,22058300
2022-11-29,25.08249855041504,25.4626818745934,24.78785810574041,24.939930710272375,24974600
2022-11-30,27.002418518066406,27.301812263216778,26.166019160016727,26.20403640623109,47137300
2022-12-01,26.68876838684082,26.888364820136875,26.2515600870899,26.460659472251404,17044500
2022-12-02,28.37107276916504,28.608686440912066,26.32759555471027,26.897866916624384,40392900
2022-12-05,28.304540634155273,29.60666251267057,28.123953739838758,29.473599439410197,38793700
2022-12-06,28.846298217773438,29.11242435242553,28.100191482526675,28.85580298156077,18608500
2022-12-07,28.19048500061035,28.44710819325709,27.572689835713245,27.69624814355331,19263700
2022-12-08,29.910808563232422,30.05337821759059,29.445085980781535,29.66559180332179,31358700
2022-12-09,29.492610931396484,30.115157619468462,29.454591872020334,29.808160785115305,18426400
2022-12-12,28.63719940185547,29.178960105322602,28.15246909866397,29.15044581160902,22765100
2022-12-13,29.312023162841797,30.395540943310955,29.03639042901804,30.015359424975152,27114300
2022-12-14,29.397565841674805,29.65418906042924,28.874814639080743,29.131437857835177,15542200
2022-12-15,28.46611785888672,30.15032291123878,28.337806261944046,29.85378079557328,30200300
2022-12-16,28.570667266845703,29.178959496776375,28.561162502472737,28.865309523862294,16979200
2022-12-19,28.551658630371094,28.83679430097279,28.333052682538185,28.83679430097279,15159700
2022-12-20,28.228506088256836,28.57066855689096,27.6962501364286,27.75327872524139,12815700
2022-12-21,29.312023162841797,29.405167317585583,28.028908952216046,28.352063696013595,23702500
2022-12-22,29.15995216369629,29.787252156758456,28.908082233817133,29.54963846808798,12341600
2022-12-23,28.437606811523438,29.24549372917866,28.352065737133557,29.178962185286217,13365100
2022-12-27,29.872793197631836,30.153177422475874,28.998374751749456,29.112428306993614,23369300
2022-12-28,28.4281005859375,29.568646977314234,28.271276499511096,29.559142212553766,22278800
2022-12-29,29.407068252563477,29.473599789985023,28.456613574316354,28.855804611694083,14364300
2022-12-30,28.703733444213867,29.036391147964057,28.430002381664767,28.466119762764574,12574100
2023-01-03,30.224458694458008,30.64266108234502,29.673195041708848,29.720718864354406,24029800
2023-01-04,32.88573455810547,32.91425066751755,31.517080954337036,31.783207137534347,37320600
2023-01-05,33.037803649902344,33.180373304633974,31.93527634716145,32.17289002124955,19675000
2023-01-06,32.85721969604492,32.942760766694704,31.92102120773816,32.420011390811396,16138700
2023-01-09,32.89523696899414,33.59857139996689,32.71464825981982,33.417986316489426,22050700
2023-01-10,33.303932189941406,33.403729494257796,32.69564178704332,33.17086911751955,14579900
2023-01-11,33.132850646972656,33.42748927663358,32.790686382866035,33.01879710083607,14447200
2023-01-12,32.6766357421875,32.79068929846521,31.982804200810886,32.58158809054176,18705200
2023-01-13,33.6270866394043,33.65559911877224,32.9522610802233,33.075821200312326,16158300
2023-01-17,32.49604415893555,33.161363159153325,32.248927537784475,32.904739960825175,27216500
2023-01-18,31.66914939880371,33.03305315914201,31.659646447384972,32.809695730984835,21910700
2023-01-19,32.25843048095703,32.600594745306445,31.911516553717167,31.911516553717167,18652700
2023-01-20,33.12334060668945,33.2611569556399,32.62910741653841,32.89523353826535,18329800
2023-01-23,33.4370002746582,33.70312645939494,33.08533301258504,33.39898121235372,13631100
2023-01-24,33.2849235534668,33.33244556264835,32.800189633002994,32.999787872680564,7607900
2023-01-25,33.408485412597656,33.43699789444769,32.66712825322297,33.104340187206994,9155100
2023-01-26,34.35893630981445,34.39695173946842,33.6194827240188,34.025325081512065,18926000
2023-01-27,34.05479431152344,34.38745201279127,33.6033261447205,34.3209204725377,14556600
2023-01-30,32.42000961303711,32.77167682833693,31.773700142612277,32.562575639171,27137600
2023-01-31,32.191898345947266,32.804942037243954,32.04933232224602,32.10730721400826,21029600
2023-02-01,33.446502685546875,33.67461342998103,32.64812051857326,32.979831937114724,22962300
2023-02-02,32.7431640625,33.37996695020708,32.47988771318686,33.21839139685937,21720000
2023-02-03,31.697660446166992,32.67663118010667,31.659645016513323,32.37248598869726,26848600
2023-02-06,30.984821319580078,31.18916922213923,30.329008891358487,30.748161206314812,25021900
2023-02-07,31.488561630249023,31.70716575120113,30.94680280317282,31.488561630249023,18471300
2023-02-08,30.766216278076172,31.29847219204595,30.614143677755777,31.17491207125538,17977300
2023-02-09,31.479061126708984,32.00181052771831,31.322238844394246,31.792712942732916,17818200
2023-02-10,30.138917922973633,30.6996863457673,29.948828069067204,30.57612621852206,22546200
2023-02-13,31.089372634887695,31.312730071425012,30.66642057979673,30.832749428591438,17866100
2023-02-14,30.709192276000977,30.8707678326342,30.243467883552047,30.462072026718882,12022800
2023-02-15,30.52860450744629,30.5523673256599,30.0248646674514,30.100900972328844,11011100
2023-02-16,30.737703323364258,31.032345568172417,30.348017064461455,30.52860214151997,13470800
2023-02-17,29.673194885253906,30.062881164650452,29.54013180824488,30.015359155103933,19579600
2023-02-21,28.665712356567383,29.164700689731706,28.475620699719833,28.78927247737281,20856000
2023-02-22,28.73224449157715,29.178959350626826,28.513640350639204,28.988867689816523,13749900
2023-02-23,28.54215431213379,29.625672052762877,28.309292120987998,29.606662524332933,21059600
2023-02-24,27.477645874023438,27.895846459392814,27.24953695823519,27.601206003105727,24900400
2023-02-27,27.924358367919922,28.204742577732844,27.781790525083355,28.095440504463195,16049700
2023-02-28,27.743772506713867,28.152468307547966,27.553680846328753,27.65823144082541,14846200
2023-03-01,28.988868713378906,29.407069294218672,28.84059764779522,29.264501450001262,26761200
2023-03-02,29.92981719970703,29.98209249636642,28.76075839620011,28.87481194086749,25618400
2023-03-03,30.081890106201172,30.2102017048894,29.86328596599831,29.86328596599831,15207300
2023-03-06,29.426076889038086,29.910809007652084,29.383308167513324,29.815764987132408,15815100
2023-03-07,28.5611629486084,29.07440935567496,28.43760463552671,29.055399826632094,17186600
2023-03-08,28.266523361206055,28.356815907638456,27.895846597816856,28.104945985114874,14574100
2023-03-09,26.717281341552734,27.572690181590563,26.64124504050156,27.515663409014284,29801100
2023-03-10,26.82183074951172,27.198210720441356,26.508180773737024,26.6887676727735,21824800
2023-03-13,27.249536514282227,27.57269125959616,26.669758563069255,26.793318690138488,21528700
2023-03-14,27.496654510498047,27.544176519925625,26.90737180421444,27.097463467621658,16422800
2023-03-15,26.783811569213867,26.992910933672032,26.31333573312259,26.783811569213867,22224000
2023-03-16,27.515663146972656,27.58219468315278,26.62223525849347,26.688766794673594,18518400
2023-03-17,27.506160736083984,28.03841488390976,27.221023225826617,27.876837505285152,19661000
2023-03-20,27.287553787231445,27.67248859646597,26.5652098047038,26.93588656058621,16119100
2023-03-21,27.696250915527344,27.86733306108123,27.36359320233765,27.610709842750403,13043800
2023-03-22,27.487150192260742,28.03841384967257,27.468140663041737,28.009899555844058,10909300
2023-03-23,28.80828285217285,29.407070357524937,28.413845075147577,28.779770370007505,24520700
2023-03-24,28.82729148864746,29.286360928335448,28.542155798740755,28.5611635153123,15275400
2023-03-27,28.19048500061035,28.4043376611493,27.899646107416736,28.161970708255694,14972000
2023-03-28,29.407068252563477,29.52112179875801,28.855804611694083,29.093418281255865,35692300
2023-03-29,29.597156524658203,29.701707113810283,28.955600376139234,29.27400180623208,22856800
2023-03-30,30.157928466796875,30.414551681694828,29.701710626655107,29.7777469333454,30264200
2023-03-31,29.644681930541992,30.081890212492553,29.511617042812684,29.90130331597677,20932100
2023-04-03,29.568645477294922,29.79485270343356,29.34053657316126,29.549635948738345,23606700
2023-04-04,29.178958892822266,29.39756303033041,28.84629939804773,29.235985665031258,25994200
2023-04-05,28.447111129760742,29.074411123530226,28.257019453470594,29.074411123530226,20122900
2023-04-06,28.92233657836914,29.04589489072176,28.36156816485277,28.570667544545067,15465400
2023-04-10,28.59918212890625,28.775015741182973,28.3900827470866,28.513641060696283,12068700
2023-04-11,28.485124588012695,28.957500292235995,28.45661210935611,28.89382036867485,15094500
2023-04-12,27.18300437927246,28.171476309925914,27.13072908149228,28.028908469610798,20514500
2023-04-13,27.94336700439453,28.123953899737774,27.800799166112355,27.838818223173426,15062500
2023-04-14,27.4681396484375,27.8578259187907,27.35408610303328,27.639221779392255,10625800
2023-04-17,28.266523361206055,28.2855328908282,27.962378138645835,28.104945985114874,11257800
2023-04-18,28.2189998626709,28.527896544931487,28.13821027245919,28.38057723024588,11358500
2023-04-19,27.79129409790039,27.86733039834252,27.61546049303704,27.705753033296943,8771500
2023-04-20,27.477645874023438,28.028909540390497,27.335078028261847,27.810305389366157,11546900
2023-04-21,26.907373428344727,27.173501410608637,26.717283566312133,27.040438325900965,13946900
2023-04-24,26.28957748413086,26.83133638599919,26.118495343993803,26.783814375004905,13536600
2023-04-25,25.38664436340332,25.738313402779646,25.282095578330754,25.738313402779646,22416000
2023-04-26,25.918901443481445,26.318092510624176,25.876130907257277,26.26106392042624,14700000
2023-04-27,26.318092346191406,26.474916436134496,25.871377456674757,26.06146913044974,11985900
2023-04-28,26.574710845947266,26.717280492127855,26.147007345950577,26.24205317245485,16586100
2023-05-01,26.489173889160156,26.80757535073506,26.394128054428606,26.394128054428606,8378700
2023-05-02,25.567232131958008,26.18502735011109,25.310608917189505,26.166019633084513,24418900
2023-05-03,25.538719177246094,25.73831379869453,25.29160073198957,25.51970964772286,11547200
2023-05-04,25.975929260253906,26.232552487867668,25.662279253008855,25.681288783835498,20462500
2023-05-05,26.299081802368164,26.365613341769933,25.923651758202762,26.194531204537675,11788600
2023-05-08,26.089981079101562,26.20403462283089,25.84761412619206,26.194529858712045,11082700
2023-05-09,25.44367218017578,25.53871801060162,25.07299362279985,25.187048981880544,12821200
2023-05-10,25.3486270904541,25.629011301336707,25.072994355449833,25.282095551066448,18367000
2023-05-11,26.194530487060547,26.275320077584475,25.38664364606345,25.424662703450814,24475100
2023-05-12,25.46268081665039,25.833357548189845,25.41515699667843,25.785833728217884,17747500
2023-05-15,26.935888290405273,27.030934129846475,26.028204058796586,26.280073992394456,27310200
2023-05-16,26.660253524780273,26.764804121558136,26.156513695610872,26.327595831120657,17889800
2023-05-17,26.622236251831055,26.688767790493625,26.099485081335146,26.213540442505597,19198200
2023-05-18,25.510204315185547,26.541446795413997,25.371438015881743,26.49867626136291,30802500
2023-05-19,25.282094955444336,25.81434907085466,25.149030066955426,25.453177088609767,15062000
2023-05-22,25.804845809936523,26.261063649725912,25.743065744283207,25.86187258669806,15864600
2023-05-23,24.996957778930664,25.491194655919866,24.968445298274517,25.34862681409372,18102700
2023-05-24,24.5882625579834,25.053985118275445,24.440941434818704,24.759342871946057,13448100
2023-05-25,24.07501792907715,24.583511058066293,24.013237864823292,24.521730993812437,21976600
2023-05-26,24.787858963012695,24.977950631676073,24.293622074766713,24.50272327286613,19461900
2023-05-30,23.884925842285156,24.664300220022145,23.713845518870595,24.49321808375911,23531200
2023-05-31,23.71384620666504,23.770872982790557,23.134068242035248,23.770872982790557,25715700
2023-06-01,24.89240837097168,25.082498217690837,23.78037633205271,23.808888811993956,36050700
2023-06-02,25.63376235961914,26.080477224542005,25.595745114666308,25.719303426823586,28998600
2023-06-05,25.424663543701172,25.519709377462277,25.134774566511624,25.519709377462277,13067600
2023-06-06,26.356107711791992,26.47871608935648,25.29159949061853,25.301104254913632,24981400
2023-06-07,26.070972442626953,26.802822989175397,26.004440904367723,26.16601827421805,22356800
2023-06-08,26.470163345336914,26.646946887085846,26.127999078554094,26.127999078554094,17401300
2023-06-09,26.51768684387207,26.78381482330055,26.34660470087152,26.641246975082936,17616400
2023-06-12,26.432144165039062,26.72678642133335,26.403631684838505,26.631740590685144,14030200
2023-06-13,27.04994010925293,27.586947526666822,26.973903805155707,27.135481177968362,18437900
2023-06-14,27.800798416137695,27.924356722556134,27.049938375073083,27.087957431108524,25421400
2023-06-15,28.333053588867188,28.4898794817086,28.019403616032807,28.333053588867188,23280800
2023-06-16,28.057424545288086,28.675219767800787,27.762782268690124,28.675219767800787,21028400
2023-06-20,26.46065902709961,27.287553601969204,26.4416494979915,27.154490523909377,27373100
2023-06-21,26.194530487060547,26.631740582773038,26.104237945038214,26.204035251407387,15215700
2023-06-22,26.147008895874023,26.27056720865993,25.795339860816743,26.127999366876665,9570000
2023-06-23,25.434165954589844,25.73831114419986,25.253579068440775,25.70029390192277,14370100
2023-06-26,25.557727813720703,25.928406401370143,25.53872009636191,25.6432688868053,11125900
2023-06-27,26.375118255615234,26.446403084148187,26.14225605354295,26.213540882075904,12627700
2023-06-28,26.042457580566406,26.12799864584546,25.738312376395747,26.061467109039178,14200000
2023-06-29,25.500699996948242,25.624258312564752,25.301105376448845,25.519709526381092,14379700
2023-06-30,25.595746994018555,25.80484638873327,25.396150551603455,25.60525175916676,10035000
2023-07-03,26.20403480529785,26.57471154427189,26.089981260774337,26.24205386203796,10778100
2023-07-05,25.994935989379883,26.08047705603163,25.795339562909657,26.070972291642722,10887200
2023-07-06,25.17754554748535,25.61475566539922,25.063491995228535,25.42466399450649,13747200
2023-07-07,26.118494033813477,26.303832405381996,25.44367208473338,25.44367208473338,27596700
2023-07-10,26.194530487060547,26.31809061072104,25.73831267550281,25.75732220419649,13841600
2023-07-11,26.546201705932617,26.641247544391618,26.013947548550235,26.28957848594789,14421600
2023-07-12,27.68674659729004,27.853077269417845,27.17825344138093,27.477647200932097,31247500
2023-07-13,28.656208038330078,28.68472233115541,28.14296345741305,28.266521767292648,31808300
2023-07-14,27.800798416137695,28.133457905054318,27.677240109719257,28.104943613027736,20819900
2023-07-17,27.639223098754883,27.730467389712558,27.09271091132251,27.382599890072804,14698800
2023-07-18,26.574710845947266,27.125976277102374,26.346601950046026,27.097461985296587,25424800
2023-07-19,26.888364791870117,27.534672476103104,26.864601973685957,27.230527256970287,16965200
2023-07-20,26.679264068603516,26.959648287387658,26.517686691459293,26.70777836322257,13810100
2023-07-21,26.774307250976562,27.144983980045083,26.698270952376653,27.078452445376207,10465000
2023-07-24,27.99089241027832,28.390083467775565,26.53669602664224,26.698273402601803,43975300
2023-07-25,28.019405364990234,28.884319035364904,27.957627111998153,28.703733939597747,24394800
2023-07-26,28.665712356567383,28.807330260220642,27.990890419170533,28.00989813457657,23897900
2023-07-27,28.04792022705078,28.79877854589144,28.00990116642665,28.722742237491772,22197500
2023-07-28,30.167430877685547,30.176935641886217,29.359544049112614,29.416572634316637,39066700
2023-07-31,30.376529693603516,30.4715773338644,29.839524122492314,29.99634819680184,22696000
2023-08-01,29.540130615234375,30.043872235186264,29.51636961142073,29.758734750877345,19457600
2023-08-02,28.161970138549805,28.85580340235668,27.984236672964602,28.808279582726975,23609500
2023-08-03,29.312023162841797,29.526825766022736,28.798776753452106,28.903327350812628,24482200
2023-08-04,29.064905166625977,29.6019125892044,29.007878391216746,29.369050385939897,20603800
2023-08-07,28.608686447143555,29.197967338009413,28.333053717689708,29.18846257359565,17632200
2023-08-08,28.04792022705078,28.09544223998235,27.501408014094753,27.791297006383676,20616800
2023-08-09,28.285531997680664,28.55165996544183,27.94336772668038,28.504136142887084,16438300
2023-08-10,28.54215431213379,29.530626223461564,28.40908942597259,28.9318405807056,27408200
2023-08-11,27.37309455871582,27.667736820147102,27.064197869784174,27.63922252660097,26023200
2023-08-14,27.287553787231445,27.449131160050428,26.84084072724884,27.125978227260948,15841800
2023-08-15,26.717281341552734,27.068948554096266,26.565208739450384,27.021426545757436,17937100
2023-08-16,26.261062622070312,26.57471260125774,25.975926936572094,26.242054905792646,20140900
2023-08-17,26.489173889160156,27.04043755518493,26.43214530061212,26.983408966636894,18540400
2023-08-18,25.52921485900879,25.700297002013237,25.329618421220754,25.481691034369472,24940400
2023-08-21,25.624258041381836,25.676533340344683,25.253581285606696,25.405653893763088,16828900
2023-08-22,25.681285858154297,26.06146736713266,25.52445996597348,26.023448309810608,17095500
2023-08-23,26.194530487060547,26.299081082027357,25.82385374177594,25.87137575066171,15462600
2023-08-24,26.3085880279541,26.812327890169087,26.275322256405886,26.60322849574481,14822500
2023-08-25,26.194530487060547,26.308585846374196,25.66607791674557,26.261062024639994,19634300
2023-08-28,26.945390701293945,27.049939483980623,26.498675838806374,26.641245491935525,18446200
2023-08-29,27.77228355407715,28.019401974690226,27.240029470444245,27.534669897277848,26839500
2023-08-30,27.54417610168457,27.686743940650953,27.192508886424058,27.22102136650828,15462900
2023-08-31,27.287553787231445,27.596452292365775,27.106968698023778,27.411113914424572,18781500
2023-09-01,28.238008499145508,28.76075967615524,27.80080020371588,27.867331743207476,31554600
2023-09-05,27.4681396484375,27.67724083642594,27.292306041777746,27.582195006690142,15801000
2023-09-06,27.44913101196289,27.914855411518577,27.30656316915023,27.411113766542137,9928000
2023-09-07,26.299081802368164,26.576614402643255,26.03770712064043,26.574712724582422,26282800
2023-09-08,26.128000259399414,26.365613941437804,25.923652347818518,26.194531800314397,15952700
2023-09-11,26.61273193359375,26.85890044362168,26.446403084148187,26.707777767354855,12865500
2023-09-12,26.574710845947266,26.907370332288043,26.47966683229135,26.518634007723065,11439200
2023-09-13,26.40363121032715,26.527189518955392,26.2990806172082,26.422638925836445,11349200
2023-09-14,26.508180618286133,26.736289525434724,26.373215864308072,26.622235978284653,9924100
2023-09-15,26.32759666442871,26.64124665184132,26.24585713732154,26.432145451667232,11905300
2023-09-18,26.280073165893555,26.34185323151466,25.899891632933958,26.080478540907972,12409600
2023-09-19,26.13750457763672,26.420740400848445,26.070973037858494,26.12799981297576,9485000
2023-09-20,25.747817993164062,26.223045343628,25.738313228612967,26.04245844285413,10118000
2023-09-21,25.215564727783203,25.343876334324133,25.063492115478812,25.130023656755917,16696200
2023-09-22,26.147008895874023,26.370366329471832,25.99968776541719,26.3466035118009,24499100
2023-09-25,25.956918716430664,25.956918716430664,25.386645503827374,25.386645503827374,17672500
2023-09-26,25.60525131225586,25.8333602332856,25.567232252326626,25.60525131225586,12873200
2023-09-27,25.72880744934082,25.833358042431016,25.52065800857193,25.643266384603095,11146000
2023-09-28,25.67177963256836,25.728806402457003,25.329615387539842,25.329615387539842,11970900
2023-09-29,26.013944625854492,26.379868071609568,25.956916041477164,26.270566004158933,13877200
2023-10-02,25.994935989379883,26.147008593905557,25.785834798520746,25.928404451505955,11016100
2023-10-03,25.453176498413086,25.657524395750308,25.36763543381386,25.443671734252238,17138600
2023-10-04,25.215564727783203,25.367637340087594,25.134775132769192,25.291601033935397,12568900
2023-10-05,25.32961654663086,25.348626075079732,25.034976107066985,25.196553473185578,7812300
2023-10-06,26.242053985595703,26.3703655834251,25.481689162849083,25.481689162849083,21685800
2023-10-09,26.185026168823242,26.194530933332015,25.861871426918878,25.899890484953964,13483200
2023-10-10,27.097463607788086,27.192509439983336,26.51768566296068,26.565209485482537,29144500
2023-10-11,27.240032196044922,27.648728016689006,27.063248647395373,27.4111143361144,20480200
2023-10-12,26.223045349121094,27.230526824718115,26.11374327603331,27.21151729561194,23762400
2023-10-13,25.92840576171875,26.289577762505843,25.84761616675478,25.994937302954646,14742100
2023-10-16,26.108989715576172,26.261062321145758,25.49119452884368,25.7002957211382,11162000
2023-10-17,25.757322311401367,25.99398604993194,25.519708640286684,25.576735413756644,11383400
2023-10-18,25.234573364257812,25.546323499836273,25.177546585777687,25.367638264509573,12914700
2023-10-19,24.816373825073242,25.09675804570146,24.797364295202183,24.911417848731446,14463200
2023-10-20,24.369657516479492,24.664299773756237,24.360152752098134,24.50272240497005,14691400
2023-10-23,24.607271194458008,24.759343798906038,24.032246545585878,24.22708968333794,12976600
2023-10-24,25.63376235961914,25.833358787378994,24.74984101992065,24.74984101992065,35866900
2023-10-25,24.958940505981445,25.263085718298147,24.806867899823093,25.015967280078712,18140100
2023-10-26,24.996957778930664,25.225068501270652,24.816372691946835,24.977950062776053,17234200
2023-10-27,25.17754554748535,25.67178244152763,25.111014006527455,25.500700300293875,20847600
2023-10-30,25.310606002807617,25.652770249767226,25.144277167673554,25.595743479556734,22784300
2023-10-31,24.75934410095215,24.996957774906964,24.360153056194125,24.873399462103784,26783100
2023-11-01,24.683305740356445,24.711820031479697,24.41717960793266,24.522680128385893,16308300
2023-11-02,24.977949142456055,25.058736918469783,24.74033547721794,25.025471150364318,14503300
2023-11-03,25.98543357849121,26.085230894340743,25.58624250224447,25.605252032743984,31303100
2023-11-06,26.080476760864258,26.512933564998878,26.009191935178425,26.413136259317447,23492300
2023-11-07,26.042457580566406,26.147008174318227,25.61475406701957,25.994935572232897,14387800
2023-11-08,26.03295135498047,26.284823060984913,25.890383525134514,25.95691505820607,13770900
2023-11-09,25.491193771362305,26.08047646007001,25.453176527523834,25.899889566504168,13332200
2023-11-10,25.538719177246094,25.614755482490523,25.21081113794007,25.367637037233997,13389600
2023-11-13,25.852367401123047,26.099484016689836,25.58623944448015,25.852367401123047,17031100
2023-11-14,26.39412498474121,26.48917080841875,25.980675923671164,26.281019566269272,28615700
2023-11-15,27.297060012817383,27.648729071132806,26.821832633544354,26.992914780138417,45667400
2023-11-16,26.185026168823242,26.622236271984402,25.804844652714714,26.013945846210756,45815300
2023-11-17,26.28957748413086,26.394128083736508,26.00444179246811,26.108990579225242,17497400
2023-11-20,27.26854705810547,27.420619671811682,26.50818217672585,26.565210766502094,34206300
2023-11-21,26.584217071533203,26.964400398453492,26.47016352373588,26.688767667721127,26156600
2023-11-22,26.726787567138672,26.916877423736004,26.493925362709938,26.821831589013083,19352200
2023-11-24,27.14498519897461,27.173499492048126,26.527190018502562,26.56520907593392,16750400
2023-11-27,26.63174057006836,26.8978667202592,26.612731041383746,26.83133518271149,17533000
2023-11-28,26.878860473632812,27.068950332324025,26.707778331816744,26.89786819050796,22173700
2023-11-29,26.422637939453125,26.698270651804922,26.34660164170924,26.37511593318132,22731400
2023-11-30,26.66975975036621,26.69827404546279,26.147010363535568,26.479669888268052,15988600
2023-12-01,26.299081802368164,26.3275960961897,25.95691752790365,26.147009194350264,22908100
2023-12-04,25.595746994018555,25.85237021447429,25.52446216183132,25.766829140989046,21246400
2023-12-05,25.44367218017578,25.462681708830637,25.101507915782133,25.101507915782133,17943600
2023-12-06,25.44367218017578,25.866624222079913,25.44367218017578,25.70029537847102,12135900
2023-12-07,25.63376235961914,25.695542422122006,25.4816897541109,25.56723082131534,11748400
2023-12-08,25.36763572692871,25.557725573796887,25.32011190557535,25.386643442621633,16627200
2023-12-11,25.510204315185547,25.57673585418758,25.0254722002227,25.168040042776838,20332000
2023-12-12,25.814348220825195,25.819101509283517,25.42466195826839,25.538717314239143,12444700
2023-12-13,25.67177963256836,25.67177963256836,25.130020786505426,25.44367074016546,20839800
2023-12-14,25.98543357849121,26.085230894340743,25.68128834189343,25.70980082479409,21423200
2023-12-15,25.98543357849121,26.375119889488193,25.93886149776143,26.23255203643906,18921300
2023-12-18,25.56941032409668,25.8734638528706,25.50184328238332,25.78176414677635,20405600
2023-12-19,25.87828826904297,25.998944221973503,25.6369763631819,25.646629060343994,16761900
2023-12-20,25.15435218811035,25.646628689883745,25.12539593810608,25.501841916671268,24709200
2023-12-21,26.0230770111084,26.0230770111084,25.45840799242777,25.62732560287141,20987000
2023-12-22,24.913042068481445,25.04817799540513,24.36767845565344,24.546248760691643,41317200
2023-12-26,25.13504981994629,25.458406900661124,25.02404471948499,25.279836599983735,18063200
2023-12-27,25.069305419921875,25.223994390022444,24.92428474095734,25.11764503156406,22707600
2023-12-28,25.7557373046875,26.007107340260447,25.62038491785513,25.62038491785513,23376800
2023-12-29,26.103788375854492,26.287482217792988,25.726734244962078,25.726734244962078,24039400
2024-01-02,25.20465850830078,25.56237791412471,25.127314021100748,25.56237791412471,24740600
2024-01-03,25.630054473876953,25.630054473876953,25.030633306536146,25.117646086376556,24618800
2024-01-04,25.330345153808594,25.581713361139442,25.253000664467237,25.36901647646023,14041800
2024-01-05,25.020963668823242,25.349678187415368,25.020963668823242,25.262665412256396,25076200
2024-01-08,24.73092269897461,24.788930601970172,24.286192369278652,24.411876466442035,20731300
2024-01-09,24.37320327758789,24.431213024563927,24.083161918859656,24.2185143070611,21797300
2024-01-10,24.266857147216797,24.5008231681637,24.170176074112728,24.46988574110106,16574200
2024-01-11,24.77926254272461,24.817935707775614,24.45054985998111,24.70191805666061,24900800
2024-01-12,24.58590316772461,25.04513687764596,24.58590316772461,24.817936634581717,25319800
2024-01-16,23.638431549072266,24.121835042149097,23.60942667563398,24.054157004126434,27861600
2024-01-17,23.01967430114746,23.05834746653347,22.594280546129497,22.68129148017197,31017400
2024-01-18,22.922992706298828,23.29038039289287,22.850483288919094,23.20336761680681,24354500
2024-01-19,22.981002807617188,23.16952987736641,22.44925785177173,22.62328340662886,38102200
2024-01-22,22.342910766601562,22.429923545707723,21.92718345399169,22.062535846362145,31089300
2024-01-23,23.435401916503906,23.657767088278476,23.174363578835646,23.300049523952087,44189100
2024-01-24,24.112167358398438,24.469884919625077,23.947810092850567,24.373203849766675,44035500
2024-01-25,23.89946937561035,24.32003176590543,23.82695995400085,24.160507719095968,25039700
2024-01-26,23.667434692382812,23.802788925041607,23.41606465348847,23.512745721376756,17955500
2024-01-29,23.058347702026367,23.570754240357992,22.839849478670374,23.51274633572457,31732400
2024-01-30,22.584611892700195,22.758637446071166,22.526602145551212,22.545938727934207,23459200
2024-01-31,22.565275192260742,22.94716439415597,22.21722408733973,22.226892378480645,24738000
2024-02-01,22.874652862548828,23.072848218502642,22.690959021116186,22.86498457152206,17751800
2024-02-02,22.362245559692383,22.574944284262173,22.246229749961632,22.42992360007971,27357500
2024-02-05,22.603946685791016,22.690959462687243,22.2907017953874,22.507267461717873,19154700
2024-02-06,24.121835708618164,24.131502155993353,23.31938596170103,23.628763910772015,51017400
2024-02-07,23.609426498413086,23.773783758587005,23.31455007480359,23.493408849568805,35719900
2024-02-08,23.164695739746094,23.561088321745377,23.150194224271782,23.47407554082335,28642400
2024-02-09,23.512746810913086,23.538851013939002,22.981003678944536,23.25170846873009,20915200
2024-02-12,24.15083885192871,24.392540606277166,23.638432312894327,23.638432312894327,29283300
2024-02-13,23.474075317382812,24.015486737047883,23.367725954148614,23.688706595742413,19708100
2024-02-14,24.315195083618164,24.315195083618164,23.92847266192992,23.947809244023823,19583300
2024-02-15,24.35386848449707,24.51822574581668,24.25041979773105,24.276523999407722,15696800
2024-02-16,24.566566467285156,25.09347637202151,24.537561592552105,24.88561271319647,20300400
2024-02-20,24.141170501708984,24.498889908650725,23.909137039383815,24.479553325780785,20401900
2024-02-21,24.547229766845703,24.933954051953076,24.45055053960692,24.730923617867898,18317300
2024-02-22,24.895280838012695,25.016131715867125,24.542396495962326,24.827604641460304,16191400
2024-02-23,25.0789737701416,25.233662740606604,24.81793544096767,25.10797679958005,19214200
2024-02-26,24.9339542388916,25.103144731866013,24.809234568026955,24.962957269665463,14341400
2024-02-27,25.28200340270996,25.37868447427672,25.098309551136918,25.262666819588997,19857200
2024-02-28,24.50855827331543,24.846941098398293,24.49888998185157,24.80826793254286,20312400
2024-02-29,24.518226623535156,24.991961842171218,24.489221749074076,24.798599700506763,17448500
2024-03-01,25.1273136138916,25.214326391086278,24.982292933246473,25.011297806990697,17535500
2024-03-04,24.32486343383789,25.0548037353357,24.266855531453036,25.049968667781478,31139600
2024-03-05,23.80278968811035,24.097664280767606,23.672270518882687,23.95747866407542,18961100
2024-03-06,24.20884895324707,24.711587208144614,24.160507495250528,24.57623481383044,24425300
2024-03-07,24.083162307739258,24.092830599058047,23.812455682927183,24.005817821226955,16165000
2024-03-08,24.141170501708984,24.32486435089734,23.918805330818785,24.121835762877083,21249200
2024-03-11,24.846940994262695,25.185321973889334,24.721255049797342,24.750259924067354,24928200
2024-03-12,25.91042709350586,25.953933482655458,25.446360171935506,25.5237046588639,34019100
2024-03-13,26.21013832092285,26.616197334077544,26.116357924044568,26.13279383479996,27130800
2024-03-14,25.5623779296875,25.87175587867599,25.436691985387156,25.833082713033413,21094800
2024-03-15,25.436691284179688,25.649390001274384,25.378683381352946,25.543040642727036,17849100
2024-03-18,25.649391174316406,25.80408015162088,25.53337351931902,25.765406985275728,13491700
2024-03-19,25.5623779296875,25.69289709767415,25.28200301089291,25.48503344244038,18082500
2024-03-20,26.1424617767334,26.28748245577119,25.784742380671396,26.06511544760606,26927500
2024-03-21,25.707399368286133,26.176301373273773,25.707399368286133,26.13279498266628,19647900
2024-03-22,25.349679946899414,25.446361019790757,25.156319645154813,25.301340332472787,18239400
2024-03-25,25.223995208740234,25.470530186578152,25.136982429729663,25.349679309512144,13813000
2024-03-26,25.185321807861328,25.39802052969652,25.17565536053975,25.32067604285773,10987100
2024-03-27,25.214326858520508,25.223995149947818,24.875944034716785,24.914617200426026,18266600
2024-03-28,25.37868309020996,25.591379960826625,25.34967821711034,25.359346508143545,18901100
2024-04-01,25.949100494384766,26.132794344020326,25.755738353290695,25.813748102041743,18658500
2024-04-02,26.0457820892334,26.147296385534148,25.82341506928756,25.88142481920634,13574100
2024-04-03,25.929763793945312,25.97327018329239,25.7073986235216,25.717066914936286,10398600
2024-04-04,25.63972282409668,26.21497234187981,25.6300545325325,26.123126338077213,13603300
2024-04-05,25.697731018066406,25.750905700247582,25.518872232215422,25.620386528722353,13148200
2024-04-08,25.765405654907227,25.944264429923205,25.668724588074433,25.668724588074433,8962200
2024-04-09,26.181133270263672,26.19080156146848,25.862087036657087,25.92009493984792,15072200
2024-04-10,26.08445167541504,26.345490000558488,25.94426422183378,26.065115093395978,16079200
2024-04-11,26.316486358642578,26.509848499802956,26.108622702308487,26.306818067180753,14351800
2024-04-12,25.214326858520508,25.784743144465576,25.16598724542199,25.75573827018364,29369300
2024-04-15,25.069305419921875,25.60104852413783,24.972624352599524,25.543040621359612,14751200
2024-04-16,24.70191764831543,24.943619393774636,24.609105372995703,24.798598715306706,18884000
2024-04-17,24.605239868164062,24.7986001694469,24.53756182647508,24.788931877777046,17084100
2024-04-18,24.80826759338379,24.991961440609693,24.726089883121528,24.759927980763404,15705100
2024-04-19,24.663246154785156,24.68741596035379,24.498888895265303,24.595569961577798,17976300
2024-04-22,25.678394317626953,25.72673577577035,24.97262562507602,25.040301822438703,24219000
2024-04-23,26.422836303710938,26.451841178736405,25.997440690194473,26.0361138568951,25192800
2024-04-24,27.031923294067383,27.08026475131139,26.790221539961465,26.867567871551877,25625200
2024-04-25,27.080265045166016,27.099601628273447,26.56785665704751,26.596861531708655,16110300
2024-04-26,27.84404182434082,28.066408843492045,27.61200835760909,27.737694304612575,21409100
2024-04-29,27.757028579711914,27.853709650243136,27.47665550361321,27.68935238355147,13441700
2024-04-30,26.94491195678711,27.495991652874284,26.91010573928351,27.360637418650093,27587100
2024-05-01,27.04159164428711,27.39931105251805,26.891737736600103,26.94491241766506,14119400
2024-05-02,29.168567657470703,29.482780674327067,28.24719958562996,28.269436840288407,49074900
2024-05-03,29.6519718170166,29.661640108644583,29.12022868574398,29.2652493720876,30545200
2024-05-06,29.458608627319336,29.758320125038637,29.284584916304333,29.661639056227184,14449400
2024-05-07,28.781845092773438,28.868857871083122,28.569146370666193,28.859189579711156,22988400
2024-05-08,28.588483810424805,28.627156977072005,28.201761364143195,28.2307662391286,22541700
2024-05-09,29.158899307250977,29.352261447086175,28.88142506071621,29.226575502981884,19178500
2024-05-10,29.10089111328125,29.42960564130665,28.955870431867226,29.328089504682623,19494800
2024-05-13,30.20305061340332,30.328736556708318,29.69064223692529,29.71868083500552,29199800
2024-05-14,29.942012786865234,30.038693857806262,29.76315400424907,29.84533355996226,17437800
2024-05-15,30.290063858032227,30.367408345858433,29.879171612212645,30.367408345858433,14777900
2024-05-16,31.092514038085938,31.16019023535927,30.12570700495133,30.4254166688924,38192100
2024-05-17,31.189191818237305,31.551744438831587,30.79280294461525,31.102179041771638,37542200
2024-05-20,30.83147430419922,31.194026925251563,30.676785333406592,30.860479177737083,20886100
2024-05-21,30.12570571899414,30.406080631773264,29.9178420682201,30.135374010197353,24042100
2024-05-22,29.72931480407715,30.319067655323355,29.709978221798064,30.038692744390573,17019900
2024-05-23,28.936534881591797,29.64230357527987,28.830185517543043,29.419938399576186,32405000
2024-05-24,28.888193130493164,29.07188698179555,28.723835862283252,28.839853516800037,15432100
2024-05-28,28.868858337402344,29.26524906986581,28.73350410004644,29.042883896832755,15641500
2024-05-29,28.462799072265625,28.53047526835118,28.163087569546693,28.182424152439147,13558800
2024-05-30,28.82051658630371,28.87852633488188,28.317778340225825,28.337113079047178,19521200
2024-05-31,28.23076629638672,28.337113816806056,27.94072307805868,28.08574376520366,20773100
2024-06-03,28.182424545288086,28.66099483633816,27.89238317401039,28.520807374470778,15665000
2024-06-04,28.17275619506836,28.453131118219552,28.020967890042552,28.433794535097803,12369100
2024-06-05,28.578815460205078,28.59815204348906,28.259769212171715,28.4144581903674,10674400
2024-06-06,28.69483184814453,28.73350316896593,28.36611732299166,28.588482488819192,11957400
2024-06-07,27.853710174560547,28.254935979404475,27.810203784204433,28.066408902540683,15159000
2024-06-10,28.114748001098633,28.225930586850136,27.718357271362642,27.892382829595622,8676700
2024-06-11,27.94072151184082,28.26943603443031,27.863377026763175,28.21142813163157,9253700
2024-06-12,28.008398056030273,28.172755319380343,27.931053569985416,28.085742542075128,14114100
2024-06-13,28.20176124572754,28.530475784696197,28.02773568462201,28.2791057346591,15977200
2024-06-14,27.79570198059082,27.955226024922045,27.72802578385808,27.84404159424619,16762800
2024-06-17,27.950389862060547,28.03740263846157,27.737692988656928,27.892381959139193,10966700
2024-06-18,27.834375381469727,28.01806739013963,27.621676653901098,27.679684559584327,8185900
2024-06-20,27.660348892211914,28.056739615149173,27.49599162825954,27.93105367234194,10921400
2024-06-21,27.350971221923828,27.524994934883857,27.268791667102285,27.40897912624384,17126300
2024-06-24,27.46698760986328,27.703856143892608,27.263959018442208,27.263959018442208,11385400
2024-06-25,27.07059669494629,27.350971617282212,27.03192352881524,27.215617379861605,12906200
2024-06-26,27.060928344726562,27.191447514078707,26.988418924445185,27.16727770731825,9249700
2024-06-27,26.316486358642578,26.751550254234406,26.306818067180753,26.73221367131076,20993100
2024-06-28,26.123125076293945,26.41316643305764,26.0844519119052,26.41316643305764,15956000
2024-07-01,26.200469970703125,26.500179623250254,26.14246206725097,26.316485777607433,14909900
2024-07-02,26.403499603271484,26.422836186536045,26.031278673599992,26.17146613621096,11800300
2024-07-03,27.273624420166016,27.321965876296904,26.77088618467076,26.809557505537473,20743100
2024-07-05,26.683874130249023,26.770886909602854,26.413167500699544,26.770886909602854,15153400
2024-07-08,26.422836303710938,26.4663426942301,26.301985423828608,26.451841178736405,14301700
2024-07-09,27.109270095825195,27.13827312663657,26.46150930982543,26.46150930982543,21836600
2024-07-10,27.051259994506836,27.225285553265348,26.906239310220755,27.03192341152521,16552900
2024-07-11,27.68935203552246,27.921385495458132,27.40897896294778,27.4766551582576,26388600
2024-07-12,27.853710174560547,28.414458181351502,27.844041882921623,28.182424714131596,14950600
2024-07-15,26.906238555908203,27.26395795488743,26.89657026468844,27.23495308122814,17803100
2024-07-16,26.819225311279297,26.915906377752947,26.567855276062996,26.654868051485483,23821200
2024-07-17,26.50984764099121,26.790220708148958,26.42283486469171,26.790220708148958,15033700
2024-07-18,26.1908016204834,26.799889215454595,26.132793717161857,26.567855758130424,20165500
2024-07-19,25.978105545043945,26.161797551887968,25.958768961995712,26.045781741674695,11696100
2024-07-22,26.66453742980957,26.79022153052363,26.495346939610247,26.587192942284446,16689100
2024-07-23,26.200469970703125,26.24880958290692,25.978104804104866,26.084452319760814,12809600
2024-07-24,25.649391174316406,26.152129428536906,25.63972288273012,25.871756348686826,12027900
2024-07-25,25.40768814086914,25.72189930347337,25.40768814086914,25.465696043435802,11945400
2024-07-26,25.58171272277832,25.736403541638992,25.27233477313305,25.398020717700213,11034700
2024-07-29,25.620386123657227,25.73640377785808,25.518871828755266,25.591381249097502,6964600
2024-07-30,25.20465850830078,25.398020648319882,25.136982312505506,25.398020648319882,11196500
2024-07-31,25.620386123657227,26.08928812016351,25.61071783213732,25.920095784622184,14196000
2024-08-01,25.069305419921875,25.63005339754593,25.001629226007623,25.57204549476771,12244500
2024-08-02,24.77926254272461,24.817935707775614,24.49888947225686,24.711586347923358,16441600
2024-08-05,24.904949188232422,24.991961968015765,23.976813485222774,24.02515494290133,17546900
2024-08-06,25.194990158081055,25.378684006266585,24.66324704032687,24.66324704032687,15263300
2024-08-07,24.991962432861328,25.610718350351124,24.929119458729367,25.601050058635586,12216900
2024-08-08,25.68806266784668,25.68806266784668,25.19499085788784,25.223995732840034,13638900
2024-08-09,25.475364685058594,25.58461287232835,25.30617235452407,25.5333725884234,7236300
2024-08-12,25.7557373046875,25.871754953428077,25.581711753595616,25.591380044660497,11303000
2024-08-13,25.726734161376953,25.75573719040493,25.494700708963336,25.6397213862171,14219200
2024-08-14,25.136981964111328,25.630053754691918,24.943619826772192,25.47536478243581,20423400
2024-08-15,25.552709579467773,25.707398553606005,25.320676118260426,25.33034440964882,15551200
2024-08-16,26.094120025634766,26.161796218817084,25.82824847640224,25.84274999093046,19220900
2024-08-19,26.422836303710938,26.500180793074104,26.22464093446544,26.239142449959132,15250800
2024-08-20,25.291671752929688,25.953934052035194,25.253000430636128,25.929764245096962,34952100
2024-08-21,25.726734161376953,25.77990883997886,25.27233370353374,25.417356224825465,26337300
2024-08-22,25.28200340270996,25.71706730274136,25.165987592060297,25.68806242805991,18400700
2024-08-23,25.50436782836914,25.62038547965373,25.311007534945503,25.465696507299615,14592500
2024-08-26,24.70191764831543,24.74059081272713,24.392539709173725,24.643909745735854,23855400
2024-08-27,24.68258285522461,25.03063211396557,24.653577981980373,24.982292502596483,12200200
2024-08-28,23.909137725830078,24.469885736891506,23.860798111305407,24.402209538941726,21305900
2024-08-29,24.50855827331543,24.60523934391597,24.416710426427798,24.431213785642605,14400400
2024-08-30,24.83727264404297,25.07897439694013,24.68258366971183,25.05963781413923,17321200
2024-09-03,24.624574661254883,24.730924025817504,24.392541192785778,24.56656675514713,15218300
2024-09-04,24.65357780456543,24.875942965723773,24.576233320508702,24.70191741558665,9986700
2024-09-05,24.643909454345703,24.88561119694702,24.60523813442923,24.750258811182427,8757000
2024-09-06,24.440881729125977,24.701918218781433,24.392540272494955,24.701918218781433,11041900
2024-09-09,24.527894973754883,24.62457420078056,24.286193218114576,24.353869414647775,9620700
2024-09-10,24.411876678466797,24.585902233002937,24.29102580382092,24.460216290709944,6749900
2024-09-11,24.692251205444336,24.745424040462492,24.38770648978338,24.42154458663038,10689500
2024-09-12,24.68258285522461,24.75992733983793,24.537560333041405,24.69225114630602,7319800
2024-09-13,24.576234817504883,24.605239692307144,24.42154583996896,24.605239692307144,12210600
2024-09-16,24.70191764831543,24.721254230521282,24.595570134259205,24.65357803683878,9690000
2024-09-17,25.020963668823242,25.30133857634392,24.92428444668035,24.953287475708034,14508900
2024-09-18,24.875944137573242,25.127314183608565,24.769596619509176,25.127314183608565,12380900
2024-09-19,25.98777198791504,26.04578173704943,25.58654803194481,25.717067201440106,19748400
2024-09-20,25.871755599975586,26.20047012824433,25.83308243474961,26.18113354563134,13083000
2024-09-23,26.326154708862305,26.587193046800017,26.00227524233955,26.045781631995837,19024000
2024-09-24,29.042882919311523,29.110559113692613,27.940721694694663,28.124415539470473,84112800
2024-09-25,28.29844093322754,28.462798194669684,27.979394701491373,28.08574221604477,35086000
2024-09-26,31.56624984741211,31.894964373083443,30.686453785853185,31.372887710886147,82097700
2024-09-27,32.80376052856445,33.03096075481565,32.14633149910069,32.252680855054514,79690500
2024-09-30,32.89077377319336,34.785714561424435,32.78442441571824,34.39899398378646,74382000
2024-10-01,34.86306381225586,34.872730260074846,32.91977956185435,33.06480209567281,51080800
2024-10-02,37.10605239868164,37.41543033284679,35.87820710893051,37.18339503818498,97830100
2024-10-03,35.9652214050293,36.40995174319778,35.133766788754976,35.278789315063676,43390100
2024-10-04,37.13505554199219,37.173728705901055,36.52596611869322,36.961029992478196,35509800
2024-10-07,37.57978820800781,37.86982957927349,36.28426664081673,37.70547415451752,60961000
2024-10-08,33.8382453918457,34.31198245008501,33.364508333606395,33.644883251991374,62355700
2024-10-09,33.46118927001953,33.828576945222586,32.64907128108826,32.774757217776965,41448500
2024-10-10,33.53853225708008,33.93009158543403,32.943948039478265,33.702891358777315,23950200
2024-10-11,33.8479118347168,34.08961358748365,32.697412819253955,32.852101793501696,27990700
2024-10-14,32.919776916503906,33.81890770254354,32.794090976499454,32.977786662985025,42482100
2024-10-15,30.8121395111084,31.885294013569915,30.744461472973683,31.798281237148984,52740100
2024-10-16,31.324548721313477,31.682266283746333,31.087678347525546,31.179526194017846,19706600
2024-10-17,30.135374069213867,30.541433080353958,29.971016806513404,30.541433080353958,28535300
2024-10-18,31.488903045654297,32.03998272924498,31.28587446497898,31.894963895080874,34105500
2024-10-21,31.140851974487305,31.218198303247775,30.851776893685564,30.860478908882506,14621400
2024-10-22,31.56624984741211,31.99744494085408,31.208528604012482,31.218198739280577,19106800
2024-10-23,31.13118553161621,31.856290767501328,31.02483617359424,31.788614573864795,20320700
2024-10-24,30.744462966918945,31.01517144453619,30.45925481791096,30.918488528217118,16734600
2024-10-25,31.044174194335938,31.39222531378121,30.947491278892187,31.179526587881075,13114600
2024-10-28,31.99164390563965,32.22367920932233,31.40189104318571,31.46956723841065,25988200
2024-10-29,31.730606079101562,32.468280306917976,31.662929882795112,32.39770159472634,18052300
2024-10-30,31.33421516418457,31.527577304525536,30.947490883502645,31.073176827935683,12831400
2024-10-31,31.13118553161621,31.285874501082,30.773466137202846,31.227864754503848,12008100
2024-11-01,31.092514038085938,31.49857490980207,31.053840871622278,31.38255541041109,12039300
2024-11-04,31.459901809692383,31.952971774877494,31.392225612276313,31.459901809692383,14642700
2024-11-05,32.16566848754883,32.56205919961226,32.020645966128285,32.31068732089344,15168100
2024-11-06,31.517906188964844,31.7064332557138,30.82180582465224,31.11184902614431,24705800
2024-11-07,33.16147994995117,33.3935152568159,32.69837930023197,32.97778794440382,33530800
2024-11-08,30.937824249267578,31.817618478833083,30.72029230370731,31.585583174210115,47523800
2024-11-11,31.044174194335938,31.363218595110023,30.87981692615768,31.314878981426208,25875400
2024-11-12,29.63263511657715,30.154711798195283,29.453776332261928,30.03869414315634,42139200
2024-11-13,29.47794532775879,30.04836160758539,29.419937423855174,30.009690286328986,21222700
2024-11-14,29.033214569091797,29.30391934606588,28.8253509187507,29.30391934606588,24497400
2024-11-15,29.25558090209961,29.36193026532099,29.042884019694906,29.294252224337708,20013300
2024-11-18,29.816328048706055,29.845332922580347,29.46827693836662,29.5262866861152,16456000
2024-11-19,29.6519718170166,29.709979722746432,29.497282839045,29.497282839045,13713300
2024-11-20,30.164379119873047,30.193382149671663,29.903340787457463,29.961348691092702,12487300
2024-11-21,29.68097496032715,29.84533222033821,29.458607953932436,29.61329692287956,17717300
2024-11-22,28.859189987182617,29.057385353011274,28.752840624627417,28.936534475212383,21889700
2024-11-25,28.984872817993164,29.081553884801302,28.689996394045437,28.86885701305378,12408800
2024-11-26,28.946203231811523,29.197573282956647,28.7557417585142,29.197573282956647,8594300
2024-11-27,29.893672943115234,30.067698500660793,29.792158649226337,29.825996747189304,17796900
2024-11-29,29.77765464782715,29.835664395116535,29.44410689908415,29.75831990943535,10065900
2024-12-02,30.116037368774414,30.145042242327204,29.758319815146592,29.961348397902167,11003200
2024-12-03,30.087034225463867,30.327767852100973,29.990353158024885,30.029024478577686,9377200
2024-12-04,29.622966766357422,29.980686178317928,29.468277789303706,29.95168130360608,17283000
2024-12-05,29.7486515045166,29.884003892931844,29.63263385441926,29.661638727953093,9667500
2024-12-06,30.058029174804688,30.396411986827097,30.0386925926233,30.270726046686043,11045100
2024-12-09,33.074466705322266,33.67388970292016,32.5137205610795,32.61039978620121,58007100
2024-12-10,31.479236602783203,31.885293764187704,31.411560409215788,31.662928601312487,23145900
2024-12-11,31.06351089477539,31.111850508641822,30.754131096300796,31.04417431161359,12124700
2024-12-12,31.10218048095703,31.28587617759354,30.831475691904675,31.00550125288866,11233700
2024-12-13,30.65744972229004,30.725127762689127,30.34323854717978,30.599441817414583,12624100
2024-12-16,29.854999542236328,30.37224298710568,29.84533309492709,30.18371407189112,21308300
2024-12-17,30.469999313354492,30.55500030517578,29.8799991607666,29.989999771118164,15419700
2024-12-18,29.780000686645508,30.454999923706055,29.670000076293945,30.31999969482422,11667400
2024-12-19,29.770000457763672,30.09000015258789,29.739999771118164,29.989999771118164,16405700
2024-12-20,29.959999084472656,30.110000610351562,29.475000381469727,29.579999923706055,13235800
2024-12-23,30.030000686645508,30.079999923706055,29.729999542236328,29.809999465942383,8796200
2024-12-24,30.079999923706055,30.25,30.0,30.219999313354492,4095200
2024-12-26,30.1299991607666,30.360000610351562,29.959999084472656,30.0,4148100
2024-12-27,29.709999084472656,29.80500030517578,29.545000076293945,29.719999313354492,8476000
2024-12-30,29.110000610351562,29.424999237060547,29.100000381469727,29.40999984741211,13490600
2024-12-31,29.239999771118164,29.399999618530273,29.0,29.09000015258789,8617800
2025-01-02,28.719999313354492,29.100000381469727,28.700000762939453,28.850000381469727,16325100
2025-01-03,28.979999542236328,29.0049991607666,28.75,28.979999542236328,10775200
2025-01-06,28.489999771118164,29.420000076293945,28.389999389648438,29.309999465942383,21509700
2025-01-07,28.31999969482422,28.645000457763672,28.290000915527344,28.43000030517578,10553800
2025-01-08,28.200000762939453,28.25,27.8700008392334,27.979999542236328,9436800
2025-01-10,27.290000915527344,27.68000030517578,27.270000457763672,27.6299991607666,14542900
2025-01-13,27.469999313354492,27.600000381469727,27.329999923706055,27.3700008392334,10862700
2025-01-14,28.219999313354492,28.34000015258789,28.114999771118164,28.309999465942383,15658800
2025-01-15,28.59000015258789,28.6200008392334,28.385000228881836,28.59000015258789,11574200
2025-01-16,28.510000228881836,28.56999969482422,28.3700008392334,28.559999465942383,10737100
2025-01-17,29.3799991607666,29.774999618530273,28.75,28.81999969482422,34370000
2025-01-21,29.520000457763672,29.969999313354492,29.270000457763672,29.920000076293945,24179800
2025-01-22,29.399999618530273,29.479999542236328,29.020000457763672,29.3700008392334,14926300
2025-01-23,29.440000534057617,29.479999542236328,29.1299991607666,29.34000015258789,12538400
2025-01-24,30.540000915527344,30.579999923706055,29.75,29.889999389648438,24898300
2025-01-27,30.809999465942383,31.15999984741211,30.559999465942383,30.860000610351562,39539800
2025-01-28,31.56999969482422,31.59000015258789,30.489999771118164,30.979999542236328,36426500
2025-01-29,31.239999771118164,31.96500015258789,31.142000198364258,31.84000015258789,34064200
2025-01-30,32.459999084472656,32.689998626708984,31.385000228881836,31.420000076293945,31046700
2025-01-31,31.280000686645508,32.29999923706055,31.121999740600586,32.22999954223633,36827000
2025-02-03,30.8799991607666,31.44499969482422,30.21500015258789,30.40999984741211,25246700
2025-02-04,31.90999984741211,32.34000015258789,31.524999618530273,31.59000015258789,27565000
2025-02-05,31.260000228881836,31.600000381469727,31.139999389648438,31.360000610351562,21422800
2025-02-06,31.809999465942383,31.920000076293945,31.56999969482422,31.739999771118164,13166800
2025-02-07,32.400001525878906,32.900001525878906,32.099998474121094,32.529998779296875,42116400
2025-02-10,33.459999084472656,33.6150016784668,33.09000015258789,33.38999938964844,34399500
2025-02-11,32.81999969482422,33.209999084472656,32.529998779296875,32.790000915527344,28458300
2025-02-12,33.7400016784668,33.97999954223633,32.974998474121094,33.220001220703125,28940800
2025-02-13,34.34000015258789,34.38999938964844,33.31999969482422,33.334999084472656,32441400
2025-02-14,35.650001525878906,36.18000030517578,35.09000015258789,36.0,50829600
2025-02-18,35.630001068115234,36.119998931884766,35.25,36.119998931884766,30043600
2025-02-19,34.97999954223633,35.529998779296875,34.720001220703125,35.529998779296875,28242800
2025-02-20,35.59000015258789,36.709999084472656,34.8849983215332,36.0099983215332,54822000
2025-02-21,36.650001525878906,37.244998931884766,36.26499938964844,36.61000061035156,56096600
2025-02-24,34.31999969482422,35.5,34.1349983215332,35.45000076293945,52160700
2025-02-25,34.43000030517578,34.709999084472656,34.119998931884766,34.709999084472656,27366900
2025-02-26,35.2400016784668,35.869998931884766,35.03499984741211,35.75,28383900
2025-02-27,34.72999954223633,35.22999954223633,34.43000030517578,34.96099853515625,25617600
2025-02-28,33.93000030517578,34.0260009765625,33.45000076293945,33.61000061035156,31524000
2025-03-03,33.34000015258789,34.27000045776367,33.22999954223633,34.119998931884766,25988600
2025-03-04,34.2400016784668,34.5099983215332,33.435001373291016,33.72999954223633,26299400
2025-03-05,36.68000030517578,36.79499816894531,35.275001525878906,35.290000915527344,40513800
2025-03-06,36.91999816894531,37.845001220703125,36.60499954223633,37.53499984741211,34360200
2025-03-07,36.9900016784668,37.66999816894531,36.63999938964844,37.06999969482422,29293300
2025-03-10,35.40999984741211,36.27000045776367,35.125,36.130001068115234,34485300
2025-03-11,36.20000076293945,36.849998474121094,35.72999954223633,36.439998626708984,25562500
2025-03-12,35.75,36.0099983215332,35.21500015258789,35.86000061035156,19628400
2025-03-13,35.720001220703125,36.0,35.060001373291016,35.18000030517578,14822900
2025-03-14,36.779998779296875,36.88999938964844,36.369998931884766,36.83000183105469,27897100
2025-03-17,38.290000915527344,38.38999938964844,36.779998779296875,36.779998779296875,31928300
2025-03-18,37.83000183105469,38.349998474121094,37.45500183105469,38.20000076293945,20394200
2025-03-19,37.63999938964844,38.22999954223633,37.400001525878906,38.22999954223633,14536500
2025-03-20,36.29999923706055,36.63999938964844,35.970001220703125,36.13999938964844,29948100
2025-03-21,35.58000183105469,35.81999969482422,35.290000915527344,35.65999984741211,26295800
2025-03-24,35.72999954223633,36.0099983215332,35.52000045776367,36.0099983215332,19551100
2025-03-25,35.16999816894531,35.810001373291016,35.095001220703125,35.290000915527344,17640000
2025-03-26,35.36000061035156,35.73500061035156,34.939998626708984,35.349998474121094,19733100
2025-03-27,36.16999816894531,36.52000045776367,35.54999923706055,35.58000183105469,17940000
2025-03-28,35.040000915527344,35.540000915527344,34.91999816894531,35.52000045776367,21015500
2025-03-31,34.90999984741211,34.96900177001953,34.369998931884766,34.65999984741211,17316000
2025-04-01,35.02000045776367,35.17499923706055,34.755001068115234,35.0,10568700
2025-04-02,34.959999084472656,35.150001525878906,34.724998474121094,35.02000045776367,13383700
2025-04-03,34.560001373291016,34.73500061035156,34.02000045776367,34.029998779296875,25663700
2025-04-04,31.309999465942383,32.21799850463867,30.424999237060547,31.719999313354492,73247700
2025-04-07,29.350000381469727,31.479999542236328,28.549999237060547,29.260000228881836,72814500
2025-04-08,28.280000686645508,30.610000610351562,27.825000762939453,30.549999237060547,40865000
2025-04-09,30.010000228881836,30.18000030517578,28.290000915527344,28.899999618530273,68571500
2025-04-10,29.6200008392334,30.649999618530273,29.260000228881836,30.360000610351562,51366300
2025-04-11,30.530000686645508,30.6299991607666,29.40999984741211,30.18000030517578,44648900
2025-04-14,31.290000915527344,32.14500045776367,31.084999084472656,31.09000015258789,33102000
2025-04-15,31.110000610351562,31.3700008392334,30.94499969482422,31.165000915527344,14599600
2025-04-16,30.170000076293945,30.524999618530273,29.940000534057617,30.31999969482422,22911500
2025-04-17,30.209999084472656,30.934999465942383,30.209999084472656,30.709999084472656,16634600
2025-04-21,30.270000457763672,30.320999145507812,29.815000534057617,30.274999618530273,17011200
2025-04-22,31.270000457763672,31.71500015258789,30.860000610351562,30.940000534057617,34165700
2025-04-23,32.0099983215332,32.84000015258789,31.959999084472656,32.150001525878906,31739100
2025-04-24,32.06999969482422,32.21500015258789,31.434999465942383,31.719999313354492,14483000
2025-04-25,32.0099983215332,32.040000915527344,31.649999618530273,31.729999542236328,16756300
2025-04-28,32.02000045776367,32.244998931884766,31.799999237060547,31.959999084472656,6903400
2025-04-29,32.18000030517578,32.27000045776367,32.02000045776367,32.029998779296875,9413000
2025-04-30,32.099998474121094,32.189998626708984,31.825000762939453,32.15999984741211,13822900
2025-05-01,32.13999938964844,32.43000030517578,32.04999923706055,32.43000030517578,6503100
2025-05-02,33.599998474121094,33.68000030517578,33.18000030517578,33.415000915527344,27902000
2025-05-05,33.63999938964844,33.810001373291016,33.189998626708984,33.2599983215332,14721500
2025-05-06,33.97999954223633,34.220001220703125,33.709999084472656,33.7599983215332,17860400
2025-05-07,33.02000045776367,33.529998779296875,32.95500183105469,33.529998779296875,18026700
2025-05-08,33.380001068115234,33.59000015258789,33.0,33.47999954223633,18731300
2025-05-09,32.93000030517578,33.529998779296875,32.869998931884766,33.290000915527344,14446800
2025-05-12,34.7599983215332,34.90999984741211,34.375,34.54999923706055,36711700
2025-05-13,34.68000030517578,35.060001373291016,34.16999816894531,34.349998474121094,26622100
2025-05-14,35.220001220703125,35.290000915527344,34.90999984741211,35.220001220703125,17013300
2025-05-15,34.290000915527344,34.5,34.02000045776367,34.48500061035156,24911100
2025-05-16,34.29999923706055,34.51499938964844,34.2400016784668,34.36000061035156,16385400
2025-05-19,34.34000015258789,34.400001525878906,33.84000015258789,34.0099983215332,9273500
2025-05-20,34.310001373291016,34.47999954223633,34.16999816894531,34.33000183105469,13073700
2025-05-21,33.88999938964844,34.56999969482422,33.775001525878906,34.349998474121094,17628800
2025-05-22,33.709999084472656,33.83000183105469,33.5,33.61000061035156,11694500
2025-05-23,33.83000183105469,33.849998474121094,33.40999984741211,33.439998626708984,11024400
2025-05-27,33.529998779296875,33.61000061035156,33.310001373291016,33.404998779296875,12590800
2025-05-28,33.220001220703125,33.560001373291016,33.220001220703125,33.41999816894531,10706000
2025-05-29,33.70000076293945,34.09000015258789,33.595001220703125,34.09000015258789,15326500
2025-05-30,32.7400016784668,33.1150016784668,32.38999938964844,33.09000015258789,25380600
2025-06-02,33.15999984741211,33.220001220703125,32.77000045776367,32.93000030517578,13023000
2025-06-03,33.11000061035156,33.28499984741211,32.994998931884766,33.279998779296875,15031700
2025-06-04,33.93000030517578,34.04999923706055,33.439998626708984,33.5,24714900
2025-06-05,34.220001220703125,34.47999954223633,33.95000076293945,34.27000045776367,23917300
2025-06-06,34.2400016784668,34.310001373291016,33.724998474121094,33.875,22945100
2025-06-09,35.0099983215332,35.150001525878906,34.73500061035156,34.7599983215332,20124700
2025-06-10,34.880001068115234,35.0099983215332,34.58100128173828,34.97999954223633,14426300
2025-06-11,34.869998931884766,35.345001220703125,34.83000183105469,35.13999938964844,14519400
2025-06-12,34.849998474121094,34.970001220703125,34.7400016784668,34.869998931884766,10367000
2025-06-13,34.0,34.40999984741211,33.90999984741211,34.209999084472656,21573900
2025-06-16,34.83000183105469,35.09000015258789,34.650001525878906,34.67499923706055,18136700
2025-06-17,34.380001068115234,34.75,34.34000015258789,34.68000030517578,10127900
2025-06-18,33.95000076293945,34.11000061035156,33.77000045776367,33.95000076293945,11794100
2025-06-20,33.29999923706055,33.66999816894531,33.220001220703125,33.630001068115234,15143000
2025-06-23,33.650001525878906,33.689998626708984,33.21500015258789,33.45000076293945,12185300
2025-06-24,34.66999816894531,34.72999954223633,33.959999084472656,34.05500030517578,13816300
2025-06-25,34.43000030517578,34.77000045776367,34.349998474121094,34.75,12102700
2025-06-26,34.34000015258789,34.47999954223633,34.21799850463867,34.470001220703125,9189600
2025-06-27,34.47999954223633,34.59000015258789,34.29499816894531,34.349998474121094,12576100
2025-06-30,34.33000183105469,34.349998474121094,33.93199920654297,34.20000076293945,10808200
2025-07-01,34.34000015258789,34.474998474121094,34.16999816894531,34.23500061035156,11802100
2025-07-02,33.90999984741211,33.90999984741211,33.63999938964844,33.834999084472656,17480000
2025-07-03,33.630001068115234,33.689998626708984,33.43000030517578,33.47999954223633,9599800
2025-07-07,33.869998931884766,34.16999816894531,33.59000015258789,33.59000015258789,14496800
2025-07-08,34.4900016784668,34.7599983215332,34.380001068115234,34.380001068115234,16872700
2025-07-09,34.02000045776367,34.220001220703125,33.810001373291016,34.20000076293945,15953300
2025-07-10,34.060001373291016,34.165000915527344,33.77000045776367,34.04999923706055,12264400
2025-07-11,33.86000061035156,34.18000030517578,33.83000183105469,34.099998474121094,7496300
2025-07-14,34.279998779296875,34.40999984741211,34.10200119018555,34.209999084472656,9112900
2025-07-15,35.63999938964844,35.77000045776367,34.93000030517578,35.220001220703125,44238500
2025-07-16,35.33000183105469,35.439998626708984,34.95000076293945,35.40999984741211,21004700
2025-07-17,35.709999084472656,35.79999923706055,35.224998474121094,35.26499938964844,20793700
2025-07-18,36.220001220703125,36.72999954223633,36.150001525878906,36.369998931884766,28238800
2025-07-21,36.09000015258789,36.42499923706055,35.8849983215332,36.17499923706055,14622400
2025-07-22,36.40999984741211,36.47999954223633,35.72999954223633,36.10499954223633,18026500
2025-07-23,37.060001373291016,37.2400016784668,36.933998107910156,37.04999923706055,20438700
2025-07-24,36.59000015258789,37.029998779296875,36.5099983215332,36.959999084472656,21722000
2025-07-25,36.310001373291016,36.31999969482422,35.96500015258789,36.25,17814500
2025-07-28,36.0,36.459999084472656,35.88999938964844,36.275001525878906,14453400
2025-07-29,35.7599983215332,36.25,35.689998626708984,36.16999816894531,20222900
2025-07-30,35.130001068115234,35.69499969482422,35.060001373291016,35.5,15954600
2025-07-31,35.439998626708984,35.630001068115234,35.09000015258789,35.29499816894531,24206200
2025-08-01,34.5,34.685001373291016,34.20000076293945,34.6349983215332,28286700
2025-08-04,35.2599983215332,35.3849983215332,35.04999923706055,35.22999954223633,14322500
2025-08-05,35.5,35.654998779296875,35.404998779296875,35.56999969482422,13283500
2025-08-06,35.959999084472656,35.970001220703125,35.529998779296875,35.779998779296875,10654600
2025-08-07,35.86000061035156,36.1150016784668,35.744998931884766,35.880001068115234,10777500
2025-08-08,35.83000183105469,35.869998931884766,35.63999938964844,35.72999954223633,9461400
2025-08-11,35.4900016784668,35.880001068115234,35.334999084472656,35.7400016784668,15865700
2025-08-12,36.31999969482422,36.400001525878906,35.54999923706055,35.56999969482422,21429200
2025-08-13,37.630001068115234,37.77000045776367,37.40999984741211,37.599998474121094,30944000
2025-08-14,36.619998931884766,37.064998626708984,36.54999923706055,36.869998931884766,29585600
2025-08-15,37.16999816894531,37.279998779296875,36.9900016784668,37.04999923706055,15396800
2025-08-18,37.5099983215332,37.900001525878906,37.43000030517578,37.68000030517578,15397000
2025-08-19,37.13999938964844,37.630001068115234,37.040000915527344,37.5099983215332,18207600
2025-08-20,37.150001525878906,37.19900131225586,36.78499984741211,37.060001373291016,13692700
2025-08-21,37.400001525878906,37.53499984741211,36.96500015258789,37.0,14972100
2025-08-22,38.380001068115234,38.47999954223633,37.790000915527344,37.880001068115234,23725400
2025-08-25,38.5099983215332,39.13999938964844,38.4900016784668,38.7599983215332,19272200
2025-08-26,38.52000045776367,38.970001220703125,38.400001525878906,38.79999923706055,14978000
2025-08-27,37.470001220703125,37.470001220703125,37.209999084472656,37.380001068115234,21755000
2025-08-28,37.529998779296875,37.650001525878906,37.15999984741211,37.29999923706055,17681100
2025-08-29,38.18000030517578,38.290000915527344,37.79499816894531,37.939998626708984,29268100
2025-09-02,38.220001220703125,38.22600173950195,37.439998626708984,37.560001373291016,15717400
2025-09-03,38.2599983215332,38.345001220703125,37.93000030517578,38.0,10383700
2025-09-04,37.939998626708984,38.064998626708984,37.650001525878906,37.880001068115234,15564600
2025-09-05,38.439998626708984,38.68000030517578,38.130001068115234,38.56999969482422,18134200
2025-09-08,39.040000915527344,39.06999969482422,38.61000061035156,38.959999084472656,19262900
2025-09-09,39.970001220703125,40.18000030517578,39.52000045776367,39.540000915527344,43061200
2025-09-10,39.810001373291016,40.209999084472656,39.64500045776367,40.150001525878906,23908300
2025-09-11,40.7400016784668,40.814998626708984,40.064998626708984,40.13999938964844,28983500
2025-09-12,40.630001068115234,40.869998931884766,40.38999938964844,40.869998931884766,18640800
2025-09-15,40.939998626708984,41.220001220703125,40.869998931884766,41.13999938964844,20445100
2025-09-16,41.43000030517578,41.560001373291016,40.79999923706055,40.86000061035156,22925300
2025-09-17,42.59000015258789,42.66999816894531,42.119998931884766,42.43000030517578,29411300
2025-09-18,41.959999084472656,42.2599983215332,41.779998779296875,41.93000030517578,21545600
2025-09-19,41.720001220703125,42.13999938964844,41.689998626708984,42.1349983215332,23281700
2025-09-22,41.439998626708984,41.939998626708984,41.400001525878906,41.61000061035156,17700900
2025-09-23,40.619998931884766,41.2400016784668,40.599998474121094,41.02199935913086,19949600
2025-09-24,41.560001373291016,41.96500015258789,41.39500045776367,41.529998779296875,31907000
2025-09-25,41.68000030517578,41.72999954223633,41.16999816894531,41.560001373291016,17340900
2025-09-26,41.06999969482422,41.165000915527344,40.709999084472656,40.93299865722656,20630000
2025-09-29,41.95000076293945,42.26499938964844,41.83000183105469,42.099998474121094,18645400
2025-09-30,42.0099983215332,42.529998779296875,41.83000183105469,42.52000045776367,22008000
2025-10-01,42.439998626708984,42.5,42.05500030517578,42.060001373291016,17231600
2025-10-02,42.939998626708984,43.3650016784668,42.75,43.27000045776367,20181800
2025-10-03,42.650001525878906,42.95000076293945,42.45000076293945,42.95000076293945,17928100
2025-10-06,42.869998931884766,43.07500076293945,42.369998931884766,42.439998626708984,16221900
2025-10-07,42.119998931884766,43.04999923706055,41.98699951171875,42.959999084472656,25192900
2025-10-08,42.290000915527344,42.40999984741211,41.959999084472656,42.25,15811900
2025-10-09,41.34000015258789,42.2400016784668,41.16999816894531,42.22999954223633,24935500
2025-10-10,38.41999816894531,41.310001373291016,38.084999084472656,40.88999938964844,102282200
