Date,Close,High,Low,Open,Volume
,T,T,T,T,T
2010-01-04,6.82269287109375,6.829854165569501,6.751075706363068,6.78210999193569,38576858
2010-01-05,6.789273262023926,6.858502538789446,6.7677881685458665,6.851340640012282,46650478
2010-01-06,6.722576141357422,6.8248392109171165,6.707967307099125,6.805360560280785,50172450
2010-01-07,6.647098064422607,6.742056432521229,6.603270936107565,6.715273665676668,44486797
2010-01-08,6.598398685455322,6.669008547998466,6.544831946758106,6.64466008630661,36586622
2010-01-11,6.566747188568115,6.627618051004851,6.537528904053117,6.6178790327504045,34147549
2010-01-12,6.564311504364014,6.6008338945338325,6.520484390209929,6.537528131297461,34831527
2010-01-13,6.4863972663879395,6.5983999659557035,6.4596138918416885,6.574051499538729,56390352
2010-01-14,6.376830577850342,6.537528992798881,6.350047201254334,6.486397762798324,55933836
2010-01-15,6.279438495635986,6.396311053738938,6.245350999247133,6.391441235718812,84760229
2010-01-19,6.379265785217285,6.391439712490256,6.281871907530047,6.311090193811392,44965291
2010-01-20,6.289178371429443,6.3378753237350764,6.25752516796797,6.3378753237350764,51751188
2010-01-21,6.250220775604248,6.325700494909008,6.184480077398809,6.3110916558220245,53059168
2010-01-22,6.182043075561523,6.289175960641765,6.174738965928739,6.21369565201379,50814723
2010-01-25,6.228307247161865,6.306221875931151,6.1650014575678185,6.2648296525379665,39589586
2010-01-26,6.1674323081970215,6.211259411759029,6.101691652854011,6.184476045165445,45239226
2010-01-27,6.238044738769531,6.359787084965684,6.111433805502083,6.138216568276961,78105143
2010-01-28,6.218564033508301,6.367089093448892,6.15769318794257,6.257521325480314,68925984
2010-01-29,6.174736499786377,6.269694806093359,6.172301592589332,6.235606720210283,51531404
2010-02-01,6.179610729217529,6.259960272618546,6.1552628671801735,6.250221250778815,48689306
2010-02-02,6.255087852478027,6.29161086009455,6.152825398754323,6.177173250664272,41202615
2010-02-03,6.228307247161865,6.284308309730288,6.18448011476014,6.240481177328562,30391228
2010-02-04,6.094390392303467,6.2063924960572425,6.094390392303467,6.191783659671075,42811010
2010-02-05,6.1455206871032715,6.162564429426186,6.077345717811613,6.116303018799932,67369357
2010-02-08,6.082214832305908,6.15282532363492,6.077345630908845,6.133346673419294,35977184
2010-02-09,6.150391578674316,6.189348886473261,6.099260342766668,6.130912924774845,46259501
2010-02-10,6.116305351257324,6.147957939802645,6.089521966035567,6.143088121603047,35283938
2010-02-11,6.1333465576171875,6.1796079667084785,6.045692325863954,6.099259074102388,36339828
2010-02-12,6.104126930236816,6.123605575792148,6.052995716232438,6.094387914896973,45165744
2010-02-16,6.164997577667236,6.206389775010514,6.118736180247287,6.160127762714939,34296499
2010-02-17,6.184478759765625,6.213696431714626,6.135782434891998,6.186913668240688,25826341
2010-02-18,6.1455206871032715,6.216130564566175,6.126042036609111,6.18447798809159,35785734
2010-02-19,6.111435890197754,6.184480707956186,6.0919572311371,6.1357843677425885,45942270
2010-02-22,6.091953277587891,6.126040755102962,6.079778739278456,6.118736646992974,41185403
2010-02-23,6.045693874359131,6.094390818889499,6.045693874359131,6.087086092747162,37754919
2010-02-24,6.065170764923096,6.074910396946422,6.038387391734707,6.0578660409056,38357339
2010-02-25,6.031086444854736,6.0530000135213395,5.992128511210492,6.028651535572216,39168157
2010-02-26,6.040822982788086,6.0651714507237715,6.0164745148524,6.0529975241938425,38639484
2010-03-01,6.0870842933654785,6.104128034450086,6.0456920872132525,6.065170736292197,32975544
2010-03-02,6.05786657333374,6.101693691539173,6.016474363348144,6.087084857095967,44224248
2010-03-03,6.060300350189209,6.0943884440273886,6.040821702942692,6.0943884440273886,27400312
2010-03-04,6.077346324920654,6.087085343702733,6.038388405164753,6.062736874433743,38040109
2010-03-05,6.084648132324219,6.099257577281636,6.043255934696129,6.09438776229583,37017848
2010-03-08,6.155261993408203,6.174740649198623,6.062737917246735,6.099260934870244,32679895
2010-03-09,6.223433494567871,6.264825691792095,6.160127744996962,6.169867374873544,57545277
2010-03-10,6.213697910308838,6.262394861646134,6.177175504243878,6.235611476923018,31161267
2010-03-11,6.233175277709961,6.233175277709961,6.16013048069904,6.189348768428947,28811034
2010-03-12,6.238044738769531,6.264828116420271,6.186913506755422,6.255088482774235,23591164
2010-03-15,6.277000904083252,6.28187072002221,6.22343477338196,6.252652439264211,26904077
2010-03-16,6.294046401977539,6.32813388998421,6.259958299095007,6.296480695512991,23329410
2010-03-17,6.306219100952148,6.328132657510204,6.294045176142448,6.31839302576185,23969961
2010-03-18,6.345176696777344,6.352481420932345,6.306219397702207,6.32082823113644,22520710
2010-03-19,6.389002799987793,6.406046538774099,6.3281319529648865,6.389002799987793,47487511
2010-03-22,6.427962303161621,6.462049792455293,6.350047690561295,6.376831069221114,32488842
2010-03-23,6.464484214782715,6.469354031422961,6.410918076367522,6.447440471417691,24012461
2010-03-24,6.393874645233154,6.452310603142183,6.359787156838521,6.4328319505058404,27038728
2010-03-25,6.367093563079834,6.437704088644224,6.357354540687971,6.435269179327235,31899132
2010-03-26,6.389002799987793,6.452308554676696,6.357350230081178,6.371959061201487,23911175
2010-03-29,6.454744338989258,6.469353172093655,6.403612500810232,6.415787040793694,26903415
2010-03-30,6.318395614624023,6.410919694640692,6.291612846093719,6.386571220169148,69180324
2010-03-31,6.29161262512207,6.340308957478871,6.269699060354919,6.306221463341513,48599406
2010-04-01,6.357353687286377,6.381702162311667,6.308656737235797,6.342744233345599,27218395
2010-04-05,6.40604829788208,6.418222839555208,6.362221177610504,6.403613389547454,31740517
2010-04-06,6.40604829788208,6.418222839555208,6.367090994279755,6.39630927941942,28293350
2010-04-07,6.3801984786987305,6.474720309880759,6.337912528570392,6.467257861686744,41533615
2010-04-08,6.47223424911499,6.482183554074025,6.367762464054905,6.370249947332749,48399747
2010-04-09,6.576706409454346,6.5941181669034865,6.482184543084098,6.494621961370941,52618408
2010-04-12,6.561779022216797,6.633914136501778,6.551829719508089,6.609039937501708,30372163
2010-04-13,6.517006874084473,6.574217097839359,6.472233437005948,6.546855413368647,50332787
2010-04-14,6.52695369720459,6.52695369720459,6.4722309772129805,6.50954195121417,36690688
2010-04-15,6.52695369720459,6.54187796117466,6.4772053131016545,6.507054469193821,37060614
2010-04-16,6.449848175048828,6.554319342440898,6.444873207993871,6.517008345833531,42343506
2010-04-19,6.561779022216797,6.579190773071185,6.454820406223039,6.4896445360840165,44089597
2010-04-20,6.6314287185668945,6.651327958332393,6.556806726484373,6.5717309992703985,45651123
2010-04-21,6.551830768585205,6.6538138073258,6.502082362619367,6.65132695236458,59248735
2010-04-22,6.53441858291626,6.544367886560243,6.415022542122642,6.489645146137686,43619048
2010-04-23,6.529440879821777,6.539390179294931,6.464768234714293,6.509541652723474,37099672
2010-04-26,6.53441858291626,6.571729570847652,6.519494313374156,6.524468651120017,23540720
2010-04-27,6.454823017120361,6.544369918480362,6.437411259223128,6.517008853850048,44845336
2010-04-28,6.444872856140137,6.492133784277238,6.375225205630325,6.4672595785128495,45223471
2010-04-29,6.502080917358398,6.541879382023877,6.45233315060263,6.487156650146884,33938092
2010-04-30,6.482182502746582,6.591628608459248,6.479695019872175,6.519494117710433,44673084
2010-05-03,6.536906719207764,6.574217710868267,6.484670828361201,6.526956786417058,35849154
2010-05-04,6.442383766174316,6.574216584143008,6.405072780908374,6.546854901810283,41520640
2010-05-05,6.410046577453613,6.502080919619641,6.402584757921342,6.442383222600662,44335994
2010-05-06,6.253341197967529,6.402585778377953,5.979726866726059,6.39512332950414,89717682
2010-05-07,6.243394374847412,6.340403107988152,6.16130991723159,6.270755441951011,68006068
2010-05-10,6.385175704956055,6.472235118769134,6.318015531887185,6.410049284771996,54065408
2010-05-11,6.377712726593018,6.4199986881958715,6.303090737012627,6.342889215209151,42857880
2010-05-12,6.422484874725342,6.439896626901361,6.357812203677091,6.400098156741246,38826168
2010-05-13,6.402585983276367,6.459796208683013,6.372736814978131,6.417510253349343,30376400
2010-05-14,6.318013668060303,6.412534876673245,6.263290929195151,6.400098090434151,50045876
2010-05-17,6.410046577453613,6.439895740039184,6.290651183415653,6.330449648094973,39622024
2010-05-18,6.3652777671813965,6.442387262330437,6.2956300962436,6.43243732584537,50265925
2010-05-19,6.360299587249756,6.3951230910579415,6.293139434346334,6.350349655788994,40770991
2010-05-20,6.208568572998047,6.293139855310511,6.183694370834484,6.288165517399623,54600833
2010-05-21,6.181207656860352,6.186182623542499,6.0593247420618965,6.0593247420618965,71851097
2010-05-24,6.076735496520996,6.156332437717118,6.0443988465649126,6.1463825059914745,39734564
2010-05-25,6.049375057220459,6.066786813170933,5.915055348350818,5.992164822482508,69160861
2010-05-26,6.002114295959473,6.07424879767271,5.974752608334278,6.046887110047515,49869916
2010-05-27,6.126484394073486,6.1339468442360685,6.0319631661093,6.071761644004996,36486130
2010-05-28,6.044395923614502,6.151354497180832,6.041908441885988,6.119017862862106,40159700
2010-06-01,6.0518622398376465,6.168770186945552,5.999626974582738,6.036937968072294,39376952
2010-06-02,6.1637959480285645,6.166283431641864,6.066787227872012,6.079224645938511,33929883
2010-06-03,6.168769836425781,6.201106489591034,6.121508912343198,6.18866907369966,31180730
2010-06-04,6.012061595916748,6.104095304806299,5.977238098299311,6.0991203399603435,48815615
2010-06-07,6.049375057220459,6.13145949823868,6.022013367496924,6.051862540663724,49481455
2010-06-08,6.211058139801025,6.225983044507167,6.056839149724668,6.071763426278255,54909987
2010-06-09,6.193643569946289,6.270753030010771,6.168769368203862,6.243391973431144,43932041
2010-06-10,6.32796573638916,6.34786434983014,6.263293044172385,6.268268011608857,43788917
2010-06-11,6.290652751922607,6.303090167831132,6.22598070180755,6.270753514621285,31432025
2010-06-14,6.260804653167725,6.355325880000852,6.255829686452201,6.310552435865869,32941650
2010-06-15,6.352836608886719,6.352836608886719,6.2707521937894715,6.303088840188131,27788906
2010-06-16,6.347864151000977,6.350351634641299,6.298116362651828,6.330452393671153,26409298
2010-06-17,6.360299587249756,6.360299587249756,6.248366627229625,6.355324621519375,31427788
2010-06-18,6.32547664642334,6.38268687295784,6.275728240996291,6.372736940611512,53698527
2010-06-21,6.32796573638916,6.3702510751418115,6.30557901107749,6.3627892521395575,22227312
2010-06-22,6.3080620765686035,6.367759131384064,6.290649702736745,6.325473822248449,34142120
2010-06-23,6.32796573638916,6.367763591423575,6.30557901107749,6.318015801516216,34205672
2010-06-24,6.230956554412842,6.347863883514721,6.218519136735316,6.30557854786836,36343270
2010-06-25,6.1662821769714355,6.255829056220167,6.1389211190972235,6.250854718158137,68545069
2010-06-28,6.206081390380859,6.263291618419801,6.181207187013224,6.188669008316897,28913644
2010-06-29,6.084197521209717,6.193643633101023,6.036937228384703,6.183694329193964,69971944
2010-06-30,6.017037868499756,6.079223058133093,5.997138632943179,6.056836339612911,49244591
2010-07-01,6.054347038269043,6.069271303416013,5.969775155516091,6.034447808689059,67766027
2010-07-02,6.041910648345947,6.076734777110696,5.994650362700944,6.074247294473772,30718124
2010-07-06,6.071761131286621,6.094147851731592,6.017038385839089,6.086685402199163,47660293
2010-07-07,6.1929426193237305,6.210760275421902,6.078400268923012,6.111490109848791,42102935
2010-07-08,6.254031181335449,6.256576652272224,6.159851970653237,6.208213990064884,31021055
2010-07-09,6.320211887359619,6.332938600033238,6.248940625118456,6.2616673377920735,25998329
2010-07-12,6.322757244110107,6.32784818620578,6.264212695601306,6.299848647475298,22948495
2010-07-13,6.350756645202637,6.4093005496469155,6.340574761231959,6.345665703217298,34648550
2010-07-14,6.353302478790283,6.391483260267961,6.310030112240974,6.327848410206584,27872980
2010-07-15,6.363481044769287,6.37620839510729,6.2998462214656845,6.360935574701686,49598099
2010-07-16,6.284574508666992,6.388936228649667,6.274393269397698,6.355845754734394,44056100
2010-07-19,6.3329386711120605,6.353302440091576,6.299848832111825,6.315121016050723,25086490
2010-07-20,6.310029983520508,6.312575454606526,6.236213893208895,6.284575915456054,31848688
2010-07-21,6.3431196212768555,6.40675446157738,6.2947569626656765,6.335483209034361,38378920
2010-07-22,6.493298053741455,6.574750548459933,6.4551172771916265,6.462753046824197,63500761
2010-07-23,6.500933647155762,6.597658964108803,6.478025053287706,6.577295840981159,43278912
2010-07-26,6.6078410148620605,6.640931495750984,6.534024925517658,6.549297109037927,34750631
2010-07-27,6.656207084655762,6.722387437496444,6.623117229633445,6.623117229633445,34548059
2010-07-28,6.668930530548096,6.70711130786122,6.623113340654078,6.679111771193615,44451579
2010-07-29,6.623115062713623,6.719839766575731,6.595115518765928,6.704567580238733,43189410
2010-07-30,6.602747917175293,6.643474151165896,6.564566510363086,6.5671119803369296,33896651
2010-08-02,6.768198490142822,6.793651904918523,6.70456366761264,6.745289902608319,46503779
2010-08-03,6.7936553955078125,6.844563536806815,6.7656564963095756,6.7707467962028405,32333801
2010-08-04,6.7809271812438965,6.808926074247143,6.717292340097783,6.775836239681251,34640606
2010-08-05,6.806381702423096,6.847107952062417,6.747837798916033,6.747837798916033,31128696
2010-08-06,6.755471706390381,6.783471236345906,6.676564699819513,6.752926236140286,34955321
2010-08-09,6.8369269371032715,6.8623810070615185,6.7682017838505155,6.788564911257957,29709236
2010-08-10,6.875108242034912,6.89292589785232,6.786019320152107,6.798746033508608,35279436
2010-08-11,6.758020401000977,6.81910978776343,6.747839157938479,6.786019944315535,38547201
2010-08-12,6.786020278930664,6.859836383860029,6.719839945975733,6.735112132720453,40419072
2010-08-13,6.801290512084961,6.842016760236652,6.755473322215389,6.775836446291235,31433746
2010-08-16,6.783473968505859,6.7987461533620435,6.740202242416857,6.778383025955206,26310528
2010-08-17,6.864924907684326,6.898015383897882,6.796199127359829,6.796199127359829,36432773
2010-08-18,6.943833827972412,6.971832725073552,6.834381139538742,6.859835208281752,39374568
2010-08-19,6.864924907684326,6.9489228693712795,6.821653191494342,6.923468805236766,35274670
2010-08-20,6.732565402984619,6.842017446925661,6.7020210352031455,6.8216543208061005,47114805
2010-08-23,6.742748737335205,6.819110316004652,6.74020326567344,6.7682028111569785,44923452
2010-08-24,6.801290512084961,6.834380347659834,6.668930526989797,6.689293651065643,45200036
2010-08-25,6.8445634841918945,6.870017554645728,6.730021131343331,6.765656444301223,50415934
2010-08-26,6.796199321746826,6.8725615163345015,6.780927139947551,6.86492510403704,34302324
2010-08-27,6.857289791107178,6.872562618150656,6.773291813551047,6.8038368248422545,28114346
2010-08-30,6.778378963470459,6.854740484781418,6.778378963470459,6.834377369578803,20955478
2010-08-31,6.880197048187256,6.880197048187256,6.74529160182807,6.755472841744035,43498431
2010-09-01,6.961649417877197,6.9972847178677124,6.898014586296674,6.933649886287189,37736648
2010-09-02,6.974377155303955,6.994740278700026,6.923469025415955,6.964195915003746,22981992
2010-09-03,6.984560489654541,6.9972872033730775,6.887835151328843,6.951470005513093,30687540
2010-09-07,6.941288471221924,6.987105024359577,6.908197988471902,6.974378311176188,24154791
2010-09-08,6.971834659576416,6.992197791661916,6.933653867265596,6.9514715274909165,19996902
2010-09-09,7.078737735748291,7.116918509030175,7.004921016980459,7.010011958163537,36309111
2010-09-10,7.083828449249268,7.106737043119966,7.032920962822104,7.09655580295279,26142910
2010-09-13,7.109281063079834,7.147462473603133,7.076191235794553,7.124553884407358,25789137
2010-09-14,7.109281063079834,7.157643711692638,7.096554354769074,7.1118265333010875,26936383
2010-09-15,7.1296467781066895,7.165282731384525,7.071102870087328,7.104192709421306,25481969
2010-09-16,7.1551008224487305,7.167828178145993,7.076193788308671,7.127101282710495,27985918
2010-09-17,7.170372009277344,7.208552782044938,7.12709965259965,7.188189660382514,41198643
2010-09-20,7.264550685882568,7.287459276462325,7.183098205063677,7.231460856598225,37741547
2010-09-21,7.2823686599731445,7.351094434772557,7.206007116504183,7.274732891303596,40306929
2010-09-22,7.277280330657959,7.361277665521923,7.269643917126802,7.3052792280140295,40452304
2010-09-23,7.256917476654053,7.318006858810963,7.241644649017993,7.26200777640363,31562306
2010-09-24,7.274733543395996,7.330731970773115,7.254370420459258,7.305277906403284,35256664
2010-09-27,7.348550319671631,7.419821578104892,7.2594614073289785,7.27982453219624,41081337
2010-09-28,7.361276149749756,7.389275684136149,7.2976419546094755,7.374003503014307,36338239
2010-09-29,7.3078227043151855,7.376548478947706,7.282368642288818,7.3587301855723455,36059405
2010-09-30,7.279823303222656,7.396911733539408,7.272187534433807,7.325640487138099,37470789
2010-10-01,7.333278656005859,7.371459437486178,7.295097874525542,7.343459897762599,29398493
2010-10-04,7.346002578735352,7.402000994117399,7.30527634158559,7.3409116383927575,35103742
2010-10-05,7.473273754119873,7.491092048951609,7.3765490818685935,7.386730321833956,38103661
2010-10-06,7.425556659698486,7.537121757016339,7.326964629048632,7.537121757016339,64920751
2010-10-07,7.329557418823242,7.454094896619375,7.269882637408024,7.433338650320019,42096050
2010-10-08,7.321774482727051,7.363286980439678,7.228371035270986,7.360692367431976,33076433
2010-10-11,7.347718238830566,7.381446889630327,7.313988932825653,7.313988932825653,19050506
2010-10-12,7.365880012512207,7.394420094266084,7.298422054406329,7.334745973512672,32228808
2010-10-13,7.386637210845947,7.441122113734059,7.371070189335809,7.407393457927882,27429573
2010-10-14,7.394421577453613,7.428150235669331,7.355503693295387,7.391826964482359,23544030
2010-10-15,7.350314617156982,7.4489066360475436,7.316585303048544,7.44112279697514,46679076
2010-10-18,7.425556659698486,7.446312911161897,7.365882518641854,7.365882518641854,20950182
2010-10-19,7.3191819190979,7.386639910570554,7.264696341090742,7.384045296836357,42080957
2010-10-20,7.42296028137207,7.4385279576720675,7.342529907976342,7.345124520693008,29850242
2010-10-21,7.352906703948975,7.420363998578985,7.288042711041502,7.321772013561591,41232670
2010-10-22,7.339934349060059,7.371069042441212,7.3010164737374765,7.350312798588825,23927460
2010-10-25,7.35809850692749,7.3996103499837345,7.332153031712688,7.391827166063013,23710986
2010-10-26,7.345122814178467,7.402202315067977,7.332150408814285,7.360689831656501,28256411
2010-10-27,7.355504035949707,7.371071059297123,7.28545144807834,7.332153173325918,32898487
2010-10-28,7.394421577453613,7.430744848640585,7.371070715917619,7.4047993741333356,28825069
2010-10-29,7.399611473083496,7.428151565672074,7.3606935819570625,7.373666649136149,28039275
2010-11-01,7.451501369476318,7.495608481188687,7.428150507087105,7.480040802792332,34391694
2010-11-02,7.508580207824707,7.552687315522106,7.503390982164952,7.511174820654585,24743574
2010-11-03,7.539714336395264,7.552686744358367,7.461877923001011,7.52674127322695,25442778
2010-11-04,7.638306140899658,7.651279203729054,7.550091934480537,7.583821242631774,30305036
2010-11-05,7.594200134277344,7.646091082677491,7.557876863520414,7.643496469736954,23969564
2010-11-08,7.570846080780029,7.583819140012635,7.52673898979919,7.550089841212871,20107853
2010-11-09,7.570846080780029,7.594196932193709,7.539712049031797,7.5734406926265505,25995681
2010-11-10,7.537120342254639,7.544903525589102,7.448906126292122,7.54230956794779,28461366
2010-11-11,7.480036735534668,7.552683896266594,7.459281152702647,7.5111714201926265,28328569
2010-11-12,7.384045124053955,7.4618809134365955,7.313992520486295,7.454097727621615,34971342
2010-11-15,7.428149223327637,7.495607185770891,7.386636731855665,7.409987590209299,30658014
2010-11-16,7.326964855194092,7.394422838333602,7.272479283917584,7.384044384678874,33728238
2010-11-17,7.2543182373046875,7.326965453200828,7.246534396428347,7.311398426653605,32129111
2010-11-18,7.378854274749756,7.3840428452900255,7.31399026334105,7.31399026334105,25935704
2010-11-19,7.347718238830566,7.38923072683265,7.293232688824612,7.36328525803006,25675802
2010-11-22,7.339934349060059,7.350312798588825,7.277665617502898,7.347718186206634,26210169
2010-11-23,7.2724809646606445,7.303615677614966,7.241346251706324,7.290642607548349,25019628
2010-11-24,7.301019191741943,7.324370056669522,7.285452166858689,7.298424578393836,23219650
2010-11-26,7.246530532836914,7.288043018300172,7.238747351315748,7.26469216332645,10568830
2010-11-29,7.186859607696533,7.230966724984504,7.132374692037783,7.225777498196413,32401193
2010-11-30,7.210207462310791,7.246530724249319,7.142749507849859,7.207612850000163,33843161
2010-12-01,7.337340354919434,7.3451241927218724,7.2724770055147205,7.295827863716833,31224554
2010-12-02,7.407394886016846,7.4333403636726665,7.319180655110283,7.319180655110283,29761269
2010-12-03,7.39182710647583,7.3944217194969255,7.319179907501073,7.363287018449085,30402615
2010-12-06,7.342534065246582,7.399613611715421,7.33215626370934,7.36588493771238,30540178
2010-12-07,7.4047980308532715,7.4592835829549795,7.35031313395674,7.371069378756158,33081199
2010-12-08,7.428149223327637,7.448905469063622,7.3814475066203675,7.443716243828324,22840589
2010-12-09,7.477447509765625,7.477447509765624,7.420367327647853,7.43593500742836,27701258
2010-12-10,7.495610237121582,7.516366491307128,7.4592869560982455,7.5007988092638636,34787173
2010-12-13,7.467071533203125,7.524151079047252,7.461882304888497,7.511178663466277,31504183
2010-12-14,7.612360000610352,7.612360000610352,7.474849489785597,7.480038058809017,35191920
2010-12-15,7.557875633239746,7.669440695495656,7.521551713190382,7.609766573193019,46097443
2010-12-16,7.583820819854736,7.614954858499265,7.555280738426289,7.5812262074335,22834101
2010-12-17,7.578633785247803,7.5942008090689574,7.4982033977655975,7.576039172076719,47943894
2010-12-20,7.557875633239746,7.65906290062811,7.5189577558773815,7.653873675591747,36551271
2010-12-21,7.542311191558838,7.596796107449943,7.537121964748618,7.578634468819574,22095839
2010-12-22,7.557875633239746,7.565659470794292,7.521551713190382,7.526740938226745,22334821
2010-12-23,7.576038360595703,7.586416812168386,7.5397150905018675,7.557876725548786,16809769
2010-12-27,7.589012622833252,7.627930511962658,7.563067145011854,7.570850329714508,15423806
2010-12-28,7.583820819854736,7.627927920605448,7.578631595012263,7.617549470920501,18108480
2010-12-29,7.604576110839844,7.638304757677961,7.578630645084712,7.599386886647802,16192520
2010-12-30,7.609766483306885,7.617549665564314,7.578631788661645,7.591604195894144,17091781
2010-12-31,7.622740745544434,7.661658631917827,7.599389882679332,7.617551519306559,20158562
2011-01-03,7.697982311248779,7.713549334253277,7.656469813099914,7.700576269078436,27251760
2011-01-04,7.75246524810791,7.760248430028432,7.692791129093224,7.7317090043112735,27522253
2011-01-05,7.778412818908691,7.8095468654156,7.672036958800329,7.739494277967072,37266893
2011-01-06,7.709469795227051,7.831128369381796,7.590455391911697,7.820549682358524,53978818
2011-01-07,7.630125999450684,7.698889796965764,7.5798760714842315,7.696244958458816,62936472
2011-01-10,7.495241165161133,7.566649107136508,7.4397009126377665,7.548135912258141,54728996
2011-01-11,7.381518363952637,7.466151190644891,7.328623598644536,7.4370586355979125,75910746
2011-01-12,7.41589879989624,7.460859706858056,7.363003379509988,7.381516576278676,47702926
2011-01-13,7.426478385925293,7.455570266958002,7.370938125974925,7.44234674538753,47543781
2011-01-14,7.51904296875,7.524331975187817,7.381514775715153,7.407962479456924,45258027
2011-01-18,7.492598533630371,7.561362326201693,7.474085333301258,7.550782972934506,41326939
2011-01-19,7.492598533630371,7.529624934288597,7.471440494984461,7.495243371947168,41898112
2011-01-20,7.466152667999268,7.540206155550034,7.444994624111711,7.534916477605987,39320814
2011-01-21,7.492598533630371,7.532269772605393,7.466150818350868,7.487308856996777,50337686
2011-01-24,7.532272815704346,7.553430862898277,7.4873118819311495,7.526983136933679,26452328
2011-01-25,7.606322288513184,7.606322288513183,7.511111452123376,7.5322694899753815,36592447
2011-01-26,7.598389625549316,7.65657407173514,7.585165432401259,7.63541603058679,32290904
2011-01-27,7.439704418182373,7.471441815705666,7.355072248638369,7.426480892149341,77328617
2011-01-28,7.270438194274902,7.410609938285218,7.249280157374001,7.4053202620878915,54335371
2011-01-31,7.278371334075928,7.294240361127296,7.19373919468867,7.251924291433667,38726206
2011-02-01,7.370941638946533,7.3841651668193045,7.310112342109907,7.3841651668193045,34941154
2011-02-02,7.3180460929870605,7.418546630803047,7.2889535332480575,7.415901791927809,30986366
2011-02-03,7.402677536010742,7.407966545351455,7.29424249225379,7.318045371896881,27917070
2011-02-04,7.397386074066162,7.421188947966502,7.3603590102832035,7.421188947966502,24257401
2011-02-07,7.394743919372559,7.407967446165137,7.328624949632427,7.397388758308799,43549935
2011-02-08,7.381518363952637,7.405321242102255,7.344491961448116,7.3973873946447135,26248565
2011-02-09,7.397386074066162,7.407964758083881,7.307464254417855,7.347135488288961,24671813
2011-02-10,7.468796730041504,7.521692168202348,7.352427166820784,7.400032927587832,46705159
2011-02-11,7.529623985290527,7.561361373203595,7.4291228134728,7.439702165406615,29461780
2011-02-14,7.526982307434082,7.545495513202461,7.460863333753496,7.511113940759566,30305963
2011-02-15,7.468796730041504,7.495244449121926,7.405321937093068,7.489954771728129,31318690
2011-02-16,7.48466682434082,7.508469710226144,7.4291265346454916,7.455574259839042,30192364
2011-02-17,7.537559509277344,7.550783033078192,7.444992839006001,7.47408539283403,25016450
2011-02-18,7.556074142456055,7.558718981295404,7.497889691656153,7.545494787098656,26106764
2011-02-22,7.458214282989502,7.516399374419911,7.4185430547613125,7.489951666305023,34396461
2011-02-23,7.4132585525512695,7.482022374478232,7.410613713105376,7.47144368458341,32786080
2011-02-24,7.384165287017822,7.418547528668577,7.302177943516977,7.40796817188721,37251534
2011-02-25,7.439704418182373,7.452928612103988,7.344492893501078,7.349782571069723,21257085
2011-02-28,7.505821704864502,7.511111381249701,7.447637268292614,7.471440144137576,28047616
2011-03-01,7.426478385925293,7.545492083724611,7.41589903435823,7.524334048478842,29408820
2011-03-02,7.450281620025635,7.5428476112804335,7.413254555635326,7.426478745734861,35584618
2011-03-03,7.439704418182373,7.5084682229090225,7.41590153701205,7.492599858091667,28930459
2011-03-04,7.384165287017822,7.497890700862765,7.3497837132557535,7.463508459212011,35097784
2011-03-07,7.3788743019104,7.431769067996401,7.333913383398621,7.392097826459774,31607455
2011-03-08,7.52433443069458,7.564005665309543,7.431767771334071,7.4423471234385365,39843662
2011-03-09,7.614253997802734,7.640701702345573,7.5031741730333685,7.537556389305516,38104323
2011-03-10,7.566650867462158,7.6195462947531665,7.54549283012344,7.593098581107662,45656551
2011-03-11,7.526982307434082,7.595746120208531,7.468797851035084,7.534916824715671,28960779
2011-03-14,7.455572128295898,7.516402079216437,7.392098006711813,7.489954361584271,33465424
2011-03-15,7.355071067810059,7.389452630709265,7.27572858857283,7.323333675382083,50984724
2011-03-16,7.228121757507324,7.336556774665344,7.212253397600593,7.331267098733642,49162768
2011-03-17,7.336560249328613,7.381520512376556,7.2889544791735075,7.318047042688003,34519725
2011-03-18,7.38945198059082,7.418544532099551,7.3365572217157995,7.3920968187178335,35114863
2011-03-21,7.474086284637451,7.6962453847527055,7.429124695417452,7.60896838074325,82085087
2011-03-22,7.431769371032715,7.4846648071640764,7.405321652967035,7.479375129973233,38217128
2011-03-23,7.442348480224609,7.46350652040239,7.392097884344186,7.413255924521968,28914704
2011-03-24,7.548137664794922,7.608966938629625,7.513756104593523,7.537558980074654,43139627
2011-03-25,7.630125999450684,7.643350191985418,7.569296717456445,7.577231232977285,31312070
2011-03-28,7.765007495880127,7.836416120314069,7.643348951634215,7.675085672790364,66838962
2011-03-29,7.9474992752075195,7.955433124841766,7.749142348132469,7.754432026481087,55647455
2011-03-30,8.122050285339355,8.19081407453327,7.955430154784136,7.963364669344815,69942021
2011-03-31,8.095602989196777,8.159077105292994,8.069155273851237,8.100892665843578,154437848
2011-04-01,8.098245620727539,8.180232914857346,8.029481846722826,8.164364557129575,161523234
2011-04-04,8.137919425964355,8.156432627157235,8.103537862018792,8.129985578532262,49849262
2011-04-05,8.11940860748291,8.198751112418575,8.09825056164082,8.111474757722558,38599102
2011-04-06,8.210843086242676,8.232400905277004,8.146169629139692,8.170422260616835,33295025
2011-04-07,8.229706764221191,8.237791202209173,8.08149615082436,8.213538568753478,39700272
2011-04-08,8.275516510009766,8.278211322441726,8.216232678031222,8.24048530941067,34604991
2011-04-11,8.262042999267578,8.31054758076042,8.256653374487868,8.28629563026809,30168002
2011-04-12,8.210843086242676,8.237790530162634,8.183895642322717,8.20275864891423,29039160
2011-04-13,8.132695198059082,8.232400531888235,8.116527004643709,8.221621282605879,28050264
2011-04-14,8.162338256835938,8.200064272022804,8.086885545953976,8.105748553547409,25714993
2011-04-15,8.259347915649414,8.267431672045335,8.167727019435812,8.229705660842614,30026996
2011-04-18,8.167725563049316,8.213536002987661,8.14347293716972,8.197367132062574,28447596
2011-04-19,8.167725563049316,8.20275675570427,8.132693689886327,8.167725563049316,31453606
2011-04-20,8.119223594665527,8.218928950325132,8.059939071648563,8.130002165799686,41339517
2011-04-21,8.267435073852539,8.286298767723915,8.143477740034125,8.159645939986866,33859976
2011-04-25,8.232400894165039,8.280906157053854,8.200063825403099,8.26473796292698,17548958
2011-04-26,8.337495803833008,8.350969186534066,8.26204377189389,8.267432716669367,27804530
2011-04-27,8.46684455871582,8.488402384004768,8.32941316730814,8.342887233431474,37685806
2011-04-28,8.453369140625,8.574632304037303,8.431811320519282,8.472232148153974,31843127
2011-04-29,8.38599967956543,8.569241464755633,8.37252561859078,8.45606275510922,33815622
2011-05-02,8.410253524780273,8.547684883542983,8.394084649272969,8.515347813036604,36507049
2011-05-03,8.585413932800293,8.606971760587017,8.423729884145624,8.493792994579596,61224673
2011-05-04,8.566547393798828,8.598883781919701,8.520736943537434,8.542294762454079,34708263
2011-05-05,8.412948608398438,8.601580066586207,8.361749205025781,8.547685850324205,41676475
2011-05-06,8.423727989196777,8.536906729744222,8.388696782114426,8.504570335592561,32335125
2011-05-09,8.447976112365723,8.466839112296098,8.36982930115303,8.407555301013781,20358221
2011-05-10,8.53959846496582,8.553072524763165,8.458756828214035,8.477619831422247,22636163
2011-05-11,8.456061363220215,8.553071864237005,8.415639867457875,8.520734803728736,26783593
2011-05-12,8.526124954223633,8.566545771976331,8.442587826292257,8.469535264963408,29171427
2011-05-13,8.464147567749023,8.53151652001555,8.394084483459393,8.520737269890278,23454925
2011-05-16,8.369832992553711,8.458759088950803,8.35635892915521,8.439895400192903,42626710
2011-05-17,8.38599967956543,8.426420501473121,8.326715852801359,8.359052238124258,27778844
2011-05-18,8.407557487487793,8.421030867939683,8.332104787636068,8.396778238719778,23507488
2011-05-19,8.461453437805176,8.477622314297433,8.39139034786354,8.429117045837202,19483984
2011-05-20,8.439892768859863,8.5611558990985,8.404861575962057,8.447977204378454,22301191
2011-05-23,8.375222206115723,8.396780027736732,8.337496188406023,8.353664384494712,23978170
2011-05-24,8.396780014038086,8.434506712194512,8.361748809151699,8.375222192452247,22956571
2011-05-25,8.353668212890625,8.415646893391655,8.332110381389894,8.33480519539106,24066348
2011-05-26,8.383302688598633,8.423723500001188,8.337492254206948,8.348271500185206,26718188
2011-05-27,8.431812286376953,8.447980483181238,8.350969941338914,8.41294859617893,22837014
2011-05-31,8.50456714630127,8.528819773074213,8.439893021234711,8.483009331448436,31365428
2011-06-01,8.399476051330566,8.509960668636976,8.383307852911148,8.469539151825874,29328056
2011-06-02,8.345582962036133,8.418340205048917,8.297077679688634,8.39947719091566,23083146
2011-06-03,8.259347915649414,8.318631744754857,8.224316036239895,8.245873854142616,28872600
2011-06-06,8.18120288848877,8.245876361865324,8.178508075367867,8.232402976769178,23787249
2011-06-07,8.167725563049316,8.248567195642615,8.167725563049316,8.208146379345965,21177115
2011-06-08,8.175812721252441,8.227012806144936,8.113834065097924,8.140781514015464,27651078
2011-06-09,8.173114776611328,8.22970446570548,8.140778394707292,8.167725833299361,22113845
2011-06-10,8.175812721252441,8.232402432030106,8.140781514015464,8.15694971116266,31355762
2011-06-13,8.232400894165039,8.310547732868425,8.151558562514284,8.159642999831817,30908515
2011-06-14,8.297074317932129,8.334800330913055,8.259348304951203,8.283600936298424,26567384
2011-06-15,8.178506851196289,8.280907012429694,8.143475646884816,8.253959565762573,32109118
2011-06-16,8.200064659118652,8.208149097258145,8.130001570101166,8.14617044638015,25047564
2011-06-17,8.29168701171875,8.340192287976949,8.248571361824434,8.259350614552202,36906632
2011-06-20,8.342886924743652,8.386002573726262,8.251266000528517,8.26204525302835,23149081
2011-06-21,8.383302688598633,8.44528131144975,8.345576688690642,8.38869231158776,47697762
2011-06-22,8.321328163146973,8.396780200115336,8.321328163146973,8.356359368809672,23608774
2011-06-23,8.27821159362793,8.283601218668407,8.162338057798706,8.25126414893375,32439589
2011-06-24,8.20275592803955,8.29707161022056,8.20275592803955,8.291681987122681,26714348
2011-06-27,8.28899097442627,8.337496243521255,8.218928564076045,8.259349394819106,24829502
2011-06-28,8.359053611755371,8.364443237030901,8.288990524698216,8.32132759584315,22791468
2011-06-29,8.423727989196777,8.456065063856755,8.377917530391661,8.396780540398183,26446238
2011-06-30,8.464147567749023,8.488400200022673,8.437200122944056,8.458758623194601,53799548
2011-07-01,8.536907196044922,8.550381261434355,8.456065525741742,8.466844097544934,26518926
2011-07-05,8.523430824279785,8.56385164526662,8.504567819853136,8.553073077240585,27652534
2011-07-06,8.569893836975098,8.613800442278349,8.536964749224348,8.602823617707198,23921502
2011-07-07,8.569893836975098,8.591846793136048,8.525987924653197,8.575382249260674,29117805
2011-07-08,8.545197486877441,8.586359889950318,8.512268395996838,8.520501015207696,24681743
2011-07-11,8.451899528503418,8.498549660202617,8.424458152271852,8.48208441867475,25590404
2011-07-12,8.443668365478516,8.545200574188112,8.421715399299549,8.421715399299549,28536834
2011-07-13,8.457386016845703,8.531476814926608,8.429944646861738,8.468362149050456,20852603
2011-07-14,8.39153003692627,8.487573825500846,8.380553207956817,8.465620860543568,28750660
2011-07-15,8.317434310913086,8.424454874294513,8.287248739505493,8.424454874294513,43644733
2011-07-18,8.265297889709473,8.281762436040685,8.185717978642613,8.279018229488575,29087221
2011-07-19,8.322921752929688,8.328410164454283,8.224133810393228,8.27627164093313,28359683
2011-07-20,8.295482635498047,8.333900137405555,8.254320234332708,8.322923312299762,26278752
2011-07-21,8.309205055236816,8.435435110665354,8.298228227381484,8.358599394622699,50205948
2011-07-22,8.320181846618652,8.331157981444312,8.182975656917813,8.243346130912823,36445483
2011-07-25,8.207672119140625,8.279019420817843,8.191207570440206,8.235113495629024,28135397
2011-07-26,8.215902328491211,8.259808240792985,8.199437784623381,8.207669710066622,23598049
2011-07-27,8.221393585205078,8.289996683534513,8.199440621458923,8.204929035640859,35769714
2011-07-28,8.029303550720215,8.268042605647828,7.982653422423163,8.21315985718724,65698998
2011-07-29,8.029303550720215,8.051257204489646,7.894841579271419,7.955212048192869,36404439
2011-08-01,8.10064697265625,8.254316918556754,8.012834486028513,8.248828508208563,37703548
2011-08-02,8.007349014282227,8.122602208985262,7.985396057814095,8.08418470841137,38673510
2011-08-03,8.095163345336914,8.103395272741931,7.95795647046896,8.010095013620631,36434626
2011-08-04,7.897586822509766,8.018328469180876,7.897586822509766,8.007351640855507,58761371
2011-08-05,7.938750743865967,8.034795246415898,7.741174016063478,7.971680544990604,71205382
2011-08-08,7.601219654083252,7.933258237031963,7.560057943640718,7.76861139526183,95320321
2011-08-09,7.916793346405029,7.930514377942136,7.499687154323419,7.686286946395549,101431640
2011-08-10,7.6506147384643555,7.952468466453519,7.614941437357054,7.933259019569522,82072642
2011-08-11,7.804285049438477,7.870143228922664,7.631404902857614,7.689031156396974,69705025
2011-08-12,7.74391508102417,7.94149172863983,7.68354391896104,7.94149172863983,56385320
2011-08-15,7.905817031860352,7.916793163855552,7.776843496273834,7.820749410217387,34676752
2011-08-16,7.900326251983643,7.933255331083189,7.8070260395663125,7.82623478453791,29005000
2011-08-17,8.004607200622559,8.040281198659335,7.930516383510731,7.941492518534808,34004424
2011-08-18,7.809774398803711,7.971677753935304,7.738427098832031,7.944236378102883,60700898
2011-08-19,7.680800914764404,7.85368040627438,7.680800914764404,7.735682974030036,50331860
2011-08-22,7.807027816772461,7.870142476898437,7.757634186879083,7.870142476898437,47512005
2011-08-23,7.952467918395996,7.952467918395996,7.796052998276324,7.804285617802101,39287449
2011-08-24,8.075955390930176,8.095164147420473,7.9003309894869185,7.922283953044628,33160507
2011-08-25,7.974421501159668,8.133580640235705,7.9442359201857915,8.070465964546234,31502329
2011-08-26,7.968934059143066,8.01558419316149,7.8070306936074525,7.925028132182383,30105774
2011-08-29,8.029303550720215,8.08693050590198,8.001862869471415,8.054000718229329,30866544
2011-08-30,8.128092765808105,8.177487104138608,8.023816368318245,8.043025123673097,29977743
2011-08-31,7.815265655517578,8.204931393737953,7.6835471422031585,8.19395456221934,149624710
2011-09-01,7.757632255554199,7.875628928290372,7.752143844827543,7.845444055256073,49874286
2011-09-02,7.697264671325684,7.785076511501553,7.689032051441144,7.700008877953864,35030127
2011-09-06,7.636893272399902,7.680799884094837,7.551825641515208,7.667078851383467,44342216
2011-09-07,7.719217300415039,7.719217300415039,7.636893184043631,7.702752754333334,32483546
2011-09-08,7.672571182250977,7.719221331327323,7.65610662757162,7.675315390194503,29022610
2011-09-09,7.557314872741699,7.645126719675027,7.538106117847724,7.62866217162041,47628384
2011-09-12,7.6506147384643555,7.661590872273721,7.488711394169663,7.4914556008673765,33830583
2011-09-13,7.716471195220947,7.749400972263232,7.612194838386045,7.6478681282823535,31846040
2011-09-14,7.7548933029174805,7.820752197302981,7.606710270813889,7.732940338122314,30588769
2011-09-15,7.831727027893066,7.861912609323487,7.735682563053869,7.743915183348031,28870350
2011-09-16,7.941492557525635,7.941492557525634,7.831727741838113,7.908563459310162,45362888
2011-09-19,7.842702388763428,7.867399552047287,7.768610898911849,7.831725563756655,28662614
2011-09-20,7.916793346405029,8.00734938262437,7.867399711815619,7.89484038892705,27336098
2011-09-21,7.765867233276367,7.955211240991859,7.757635306929604,7.936002488874179,34224738
2011-09-22,7.614937782287598,7.702749582539981,7.535357905195653,7.661587194813165,166822279
2011-09-23,7.642382621765137,7.669823997568314,7.549083052804789,7.620429659718902,137437952
2011-09-26,7.77684211730957,7.798795070388722,7.683541200496614,7.700006435041916,93473208
2011-09-27,7.867403507232666,7.957958894156624,7.828985293376326,7.89484419758212,38971543
2011-09-28,7.834470748901367,7.982653054138072,7.823494615504538,7.900329628226732,28658774
2011-09-29,7.914048671722412,7.9469784524812015,7.812516509263731,7.941490040191178,45249951
2011-09-30,7.826237678527832,7.95795542959501,7.8207499586361005,7.883864627733113,36753578
2011-10-03,7.727450370788574,7.916794394228666,7.727450370788574,7.859168133089895,42563422
2011-10-04,7.768611431121826,7.787820183218248,7.560057978538029,7.697264142634099,57329200
2011-10-05,7.928044319152832,7.936445894054994,7.813226331506336,7.8412301667736575,42669872
2011-10-06,7.956052303314209,7.96165335567193,7.824431108925674,7.914045825038465,29346990
2011-10-07,7.964452266693115,8.045664680596206,7.928046140954521,8.031662052541579,29641050
2011-10-10,8.1688814163208,8.1688814163208,8.059664482229525,8.076466924273587,27591366
2011-10-11,8.056863784790039,8.121273733915427,8.040061343105858,8.087668850547066,29290190
2011-10-12,8.118476867675781,8.18568807910757,8.017661464935209,8.09607336626637,34291070
2011-10-13,8.149279594421387,8.15488064495747,8.037262119716479,8.073667533794318,26529650
2011-10-14,8.1688814163208,8.241693648652653,8.112873040439514,8.22489049940534,31511068
2011-10-17,8.126875877380371,8.227691955461253,8.10167185786015,8.174483391229307,24479701
2011-10-18,8.18008804321289,8.219293998749249,8.056868416551081,8.135281034827441,26388776
2011-10-19,8.146482467651367,8.219294033385463,8.104475985513448,8.19689052909833,26117621
2011-10-20,8.118476867675781,8.135280024135506,8.017661464935209,8.06246846775403,41550562
2011-10-21,8.157684326171875,8.22489483699641,8.115677845306994,8.191289935185955,40020416
2011-10-24,8.087672233581543,8.160483787607363,8.0568671549389,8.152082209649315,32050598
2011-10-25,7.956052303314209,8.079271211962583,7.930848274908047,8.04566631222342,44631378
2011-10-26,8.05126667022705,8.059667540835546,7.970053539654792,8.037264040540359,37064983
2011-10-27,8.252898216247559,8.308907320881584,8.135279662278926,8.177286137152683,49974910
2011-10-28,8.328511238098145,8.345313688508917,8.208092144546477,8.25569967671333,32215700
2011-10-31,8.208091735839844,8.303306795432498,8.205291209710229,8.25009821337694,34869526
2011-11-01,8.037262916564941,8.152080927921437,8.014859419402782,8.129677430759278,41759357
2011-11-02,8.14367961883545,8.208090294095788,8.101673148676754,8.166083823937093,28810240
2011-11-03,8.244494438171387,8.258497064194753,8.143678359616482,8.205288499712628,27520664
2011-11-04,8.166084289550781,8.188487788726384,8.107274662212646,8.16048323795601,24383181
2011-11-07,8.244494438171387,8.24729496337606,8.135277491205796,8.177283954869228,19871254
2011-11-08,8.250097274780273,8.261299378024296,8.163283803453057,8.208090802022168,27589115
2011-11-09,8.096070289611816,8.191286018422542,8.065265928882317,8.157680425477386,35978641
2011-11-10,8.166084289550781,8.216492339496758,8.107274662212646,8.140880264577792,26310660
2011-11-11,8.238897323608398,8.275302751128972,8.210892767790629,8.233296271004123,20008553
2011-11-14,8.174484252929688,8.210890377053625,8.135278310522436,8.194087224133312,29037836
2011-11-15,8.191291809082031,8.224896718580176,8.126881102670312,8.18008970111346,37964244
2011-11-16,8.059666633605957,8.182886224961146,8.037263135832598,8.154881675943589,35149684
2011-11-17,8.012059211730957,8.079269705883974,7.961651871518781,8.068068310460196,36409073
2011-11-18,8.020461082458496,8.051266158608188,7.964452688881345,8.031662478292537,29234185
2011-11-21,7.942050933837891,7.978456362296368,7.883241294385113,7.9504518057571225,29501103
2011-11-22,7.863637447357178,7.961653030803527,7.841233238840479,7.94765040048059,49514290
2011-11-23,7.715212345123291,7.844032276428238,7.7068107685238045,7.835631407032169,40018430
2011-11-25,7.6760053634643555,7.762818814432418,7.6760053634643555,7.701209382649167,15936723
2011-11-28,7.8272294998168945,7.87203649204804,7.774020931341138,7.818827923572284,32069134
2011-11-29,7.858032703399658,7.91964212626484,7.835629212612026,7.844030079655376,24059463
2011-11-30,8.115676879882812,8.115676879882812,7.998058323130631,8.000858849148962,44269529
2011-12-01,8.076469421386719,8.10727449732797,8.028862605409833,8.10167344584711,28916690
2011-12-02,8.110074996948242,8.154881994243858,8.084870972569025,8.118475866939002,29346460
2011-12-05,8.163284301757812,8.205290777080085,8.118476593250053,8.168884646518194,28945288
2011-12-06,8.1688814163208,8.210888582235832,8.13807705710723,8.171681941195354,22535407
2011-12-07,8.233294486999512,8.233294486999512,8.115675943813557,8.160482940531686,54021848
2011-12-08,8.082069396972656,8.188486532128707,8.068067477337934,8.185686006761086,29880297
2011-12-09,8.129677772521973,8.149280744962523,8.065267803873468,8.143679693635665,32249330
2011-12-12,8.12407398223877,8.143676948070361,8.098869966968664,8.126874506958027,34153772
2011-12-13,8.132479667663574,8.191289302091988,8.107275639651906,8.138080719933626,29004074
2011-12-14,8.068068504333496,8.174484945832067,8.059666927161189,8.124076897205152,30023156
2011-12-15,8.062464714050293,8.12687466221407,8.040061223071447,8.118473087895794,34224076
2011-12-16,8.079269409179688,8.079269409179688,7.984055076362166,7.995256471374582,59486393
2011-12-19,8.048462867736816,8.138076832435463,8.023258851764918,8.115673341260802,25176390
2011-12-20,8.154879570007324,8.166081669602866,8.056864027359369,8.076466994448309,44495933
2011-12-21,8.205290794372559,8.205290794372559,8.129678714310998,8.16328431896176,36556037
2011-12-22,8.30610466003418,8.350911649343372,8.205288580486826,8.244494519331534,40174132
2011-12-23,8.364913940429688,8.39571901215143,8.322907474484003,8.322907474484003,24006106
2011-12-27,8.412520408630371,8.446125294317367,8.356511322880998,8.37891481574009,21796085
2011-12-28,8.387316703796387,8.446125609545149,8.37611460334711,8.415321247716264,22120995
2011-12-29,8.448929786682129,8.454530839327804,8.387320329190542,8.415324885215306,23497690
2011-12-30,8.468531608581543,8.485334764226524,8.423724607935304,8.429325659816962,20770647
2012-01-03,8.507739067077637,8.552546071950484,8.485335564641213,8.53014256951406,43699017
2012-01-04,8.52173900604248,8.591750023250007,8.499335508824208,8.563746182129734,49271204
2012-01-05,8.513340950012207,8.541345507590636,8.451730781898931,8.538544981112427,45621068
2012-01-06,8.474098205566406,8.591159505830804,8.451256993832393,8.585449022642148,60348979
2012-01-09,8.468385696411133,8.522633106044685,8.422703287761632,8.511212864392494,35470092
2012-01-10,8.49693775177002,8.542620166283593,8.491227990721171,8.508358715908644,38481001
2012-01-11,8.562607765197754,8.574028731514094,8.488374368223948,8.488374368223948,31379594
2012-01-12,8.599724769592285,8.636841466287548,8.56831783475898,8.588303803827241,35100696
2012-01-13,8.585448265075684,8.594013989102839,8.51121487425583,8.579738503411454,29256163
2012-01-17,8.636838912963867,8.69965276406071,8.613997709206929,8.651115115949674,31114265
2012-01-18,8.659680366516113,8.665390847875159,8.608287476325447,8.656825846856965,29147860
2012-01-19,8.685379028320312,8.693944752545052,8.651117573462471,8.656828056278965,33793776
2012-01-20,8.711073875427246,8.713929116309568,8.665391463350947,8.685377428506774,35013312
2012-01-23,8.679668426513672,8.725350842583394,8.639695771687299,8.7110746369238,25402661
2012-01-24,8.591156959533691,8.62256388674212,8.542619308857208,8.62256388674212,32227616
2012-01-25,8.625421524047852,8.633986527651455,8.482663773101494,8.58259362194747,37253123
2012-01-26,8.408427238464355,8.559750670525826,8.388441274441599,8.536909465782621,74148237
2012-01-27,8.325631141662598,8.431271481283103,8.322775899913307,8.419851235306588,48138654
2012-01-30,8.377023696899414,8.388443942393044,8.285658127847318,8.31420982311231,38969822
2012-01-31,8.397005081176758,8.4341217600352,8.34561220197259,8.4341217600352,38887469
2012-02-01,8.451255798339844,8.5454758735421,8.445546036979481,8.539765391161236,40535319
2012-02-02,8.505505561828613,8.539767020610128,8.485519590702623,8.528346774689837,34024284
2012-02-03,8.551185607910156,8.585447057157328,8.525489160464558,8.556896089791499,34813786
2012-02-06,8.556894302368164,8.559749542712412,8.476949735790072,8.516921658568974,31203105
2012-02-07,8.576879501342773,8.608285700297174,8.508355902232866,8.522631381664846,32015114
2012-02-08,8.571170806884766,8.60828749375296,8.571170806884766,8.576881288255372,26632525
2012-02-09,8.562607765197754,8.582593735230748,8.53120154986902,8.582593735230748,23929844
2012-02-10,8.519779205322266,8.556896618825347,8.47980727172247,8.514069444108355,33100265
2012-02-13,8.576879501342773,8.599720701046076,8.539762101187266,8.542617341277706,30508535
2012-02-14,8.585448265075684,8.608289474794224,8.52263511860483,8.59972447178761,28635869
2012-02-15,8.52834415435791,8.58544680845587,8.49979246679872,8.55975108277506,30492117
2012-02-16,8.571170806884766,8.61685321580887,8.522633157275356,8.536909360701875,31175831
2012-02-17,8.568315505981445,8.608287433254022,8.56546026531621,8.605432913609155,41467680
2012-02-21,8.66253662109375,8.67966806717602,8.585447276784903,8.594012999826038,33614771
2012-02-22,8.645406723022461,8.671103173583445,8.622565513748311,8.636840999161956,20829036
2012-02-23,8.696799278259277,8.702509760605832,8.628275653162117,8.628275653162117,29748824
2012-02-24,8.66253662109375,8.70536451527897,8.648261137045647,8.688233069196698,24194379
2012-02-27,8.668248176574707,8.688234145125243,8.648262208024171,8.653972690758765,40556636
2012-02-28,8.716785430908203,8.733916878312352,8.668247771970808,8.682523978140933,26874552
2012-02-29,8.733917236328125,8.748192722062909,8.699655061135886,8.705365543838015,35125323
2012-03-01,8.74533748626709,8.753903210325726,8.691089342603476,8.719641035111723,28574568
2012-03-02,8.813860893249512,8.85097758785918,8.736771541728825,8.756758230694595,31170138
2012-03-05,8.848119735717773,8.885237140395542,8.779596849279487,8.808147811622003,51997717
2012-03-06,8.773890495300293,8.84241413498975,8.753904523851782,8.793876466748802,33692755
2012-03-07,8.816713333129883,8.842409775472055,8.76246520807193,8.76246520807193,21902270
2012-03-08,8.850979804992676,8.893806992892026,8.816718343081478,8.870965777944324,24819174
2012-03-09,8.902369499206543,8.902369499206543,8.850976603906041,8.850976603906041,25423448
2012-03-12,8.976601600646973,8.999442802243367,8.902367515203617,8.908077995857788,27235739
2012-03-13,9.03084945678711,9.033704697029451,8.976601334223139,8.999442535141611,31464330
2012-03-14,8.979458808898926,9.079389358166392,8.97089308604042,9.02228598115057,32445944
2012-03-15,9.033707618713379,9.036562859879163,8.950907787967111,8.968038513941323,26484237
2012-03-16,9.019431114196777,9.053693286031072,8.996589906647406,9.050838044959841,37954181
2012-03-19,9.03656005859375,9.062256500099558,8.950905013234303,8.982311935301462,26143704
2012-03-20,9.076534271240234,9.087954514224933,8.996589686265532,9.02228613425667,24010872
2012-03-21,9.090811729431152,9.127929149488043,9.087956487809805,9.093666971052498,27916937
2012-03-22,9.053695678710938,9.096522864056674,9.010868493365201,9.079392134122513,106260930
2012-03-23,8.999443054199219,9.056546420299062,8.959471130541512,9.039415698877232,102966288
2012-03-26,9.076534271240234,9.087954514224933,9.019430893255382,9.025141375257958,100051635
2012-03-27,9.033707618713379,9.122217210770721,9.02228665405024,9.076534794159159,36945955
2012-03-28,8.953761100769043,9.013719710296296,8.90807869399606,9.00229874809288,41556653
2012-03-29,8.910935401916504,8.910935401916504,8.78530840209355,8.865252987620968,38019322
2012-03-30,8.916643142700195,8.959471027291677,8.896657181101661,8.942339585046966,28791307
2012-04-02,8.979458808898926,9.019430740197734,8.928065913788775,8.93092115474161,28726563
2012-04-03,8.973750114440918,9.02228777826627,8.945198420245903,8.973750114440918,29136474
2012-04-04,9.013723373413086,9.039419827793298,8.959475222941457,8.959475222941457,35226212
2012-04-05,8.999923706054688,9.063917742024422,8.944656430043635,9.043556036696586,28431046
2012-04-09,8.912657737731934,8.973742844757327,8.886478196270867,8.92138449641084,25451649
2012-04-10,8.764305114746094,8.906837731027307,8.711946044566165,8.877749277085629,46030978
2012-04-11,8.85738754272461,8.874840321186575,8.805028472763249,8.839934764262644,28589926
2012-04-12,8.970832824707031,8.982468501518172,8.924291586613581,8.956288963268662,26054864
2012-04-13,8.883567810058594,8.976650282296662,8.877749971899833,8.94465364157453,33139058
2012-04-16,8.903928756713867,8.935926129307953,8.871932118695245,8.889384897121353,19510464
2012-04-17,8.985376358032227,9.002829136609263,8.921382346866109,8.950470066302682,28736758
2012-04-18,8.944653511047363,8.973741232265645,8.918473974290498,8.944653511047363,17028096
2012-04-19,8.94174575805664,8.982469160733173,8.901021620804498,8.95628962056237,22168791
2012-04-20,8.976651191711426,9.043554133588461,8.93010995087735,8.941745628373669,29220415
2012-04-23,8.903928756713867,8.98828519916174,8.903928756713867,8.979558442660956,36186244
2012-04-24,9.22680950164795,9.284985676509505,9.055188426841708,9.081367228055342,68722220
2012-04-25,9.232626914978027,9.299529843551499,9.226809077386738,9.238444017993864,37678922
2012-04-26,9.436246871948242,9.46242641278271,9.244264062212565,9.247172981702576,46000924
2012-04-27,9.503149032592773,9.526419652017676,9.439155012818183,9.444972851318301,31908400
2012-04-30,9.572958946228027,9.584594620864605,9.459514791398483,9.462423710057628,35286454
2012-05-01,9.616591453552246,9.695129314653776,9.578776247674307,9.578776247674307,37497534
2012-05-02,9.61077880859375,9.648593300324846,9.555510796455279,9.61077880859375,36978393
2012-05-03,9.63113784790039,9.642772790374808,9.529328612015266,9.54678212759025,32713657
2012-05-04,9.558418273925781,9.631139060920521,9.546783329985969,9.6107773580941,25303361
2012-05-07,9.599146842956543,9.625326399122677,9.444979161729375,9.45079626954047,34121069
2012-05-08,9.61077880859375,9.657320060528534,9.540966930691575,9.54387585075947,35298237
2012-05-09,9.543872833251953,9.607866850785207,9.514784376345732,9.561325613565469,28592045
2012-05-10,9.636956214904785,9.671861778817792,9.581688215037644,9.61950269837267,31629168
2012-05-11,9.77076244354248,9.866753849533259,9.698041659168386,9.709676602688909,55588140
2012-05-14,9.753308296203613,9.762034318979074,9.613684586040906,9.721310920492167,39728474
2012-05-15,9.70095157623291,9.77367236808482,9.671863112577004,9.689315896940261,37104306
2012-05-16,9.654407501220703,9.759124911312734,9.648589663277953,9.735854294117226,29845343
2012-05-17,9.683496475219727,9.75039941141966,9.631137400080462,9.648590180268371,30980541
2012-05-18,9.791125297546387,9.834758360964717,9.715495584750528,9.7184045046168,51472883
2012-05-21,9.782397270202637,9.872570829296848,9.76203483530665,9.805667889793902,32660167
2012-05-22,9.756218910217285,9.834757536293738,9.727130448569453,9.762036014886322,37108145
2012-05-23,9.703859329223633,9.788215055649195,9.622411787695826,9.69804149027687,34060165
2012-05-24,9.785306930541992,9.802760448799148,9.703860116978001,9.70967722182137,31885362
2012-05-25,9.799850463867188,9.846391705009303,9.750400303331737,9.79112370568719,29504148
2012-05-29,9.872572898864746,9.88420857838733,9.802761025456421,9.858029034037243,30334296
2012-05-30,9.843482971191406,9.922021592565237,9.802759568068213,9.808577406964561,39932899
2012-05-31,9.939473152160645,10.009285006603358,9.828937899603565,9.837663922299198,42710916
2012-06-01,9.860936164855957,9.951109726492959,9.826029867196953,9.919112348186838,38517543
2012-06-04,9.933655738830566,9.968562034832589,9.846391100688852,9.863843881402083,35351330
2012-06-05,9.90747356414795,9.96564972492349,9.87547619824745,9.91619958424786,32338568
2012-06-06,10.052916526794434,10.052916526794434,9.90456680697481,9.945290201860551,36714255
2012-06-07,9.936562538146973,10.105274674582773,9.936562538146973,10.099456837394372,56160902
2012-06-08,10.050007820129395,10.082005193686905,9.922019795050318,9.92783763289268,37018246
2012-06-11,10.0616455078125,10.180907534552002,10.052918749303892,10.099459992198543,34678208
2012-06-12,10.175090789794922,10.177998974824959,10.012195699329926,10.073280807322556,36824280
2012-06-13,10.175090789794922,10.198361412064827,10.099460349198157,10.16345511137214,35146904
2012-06-14,10.381617546081543,10.448520493771877,10.146002402064125,10.157637345995823,41854553
2012-06-15,10.387431144714355,10.4717875816931,10.358342692839773,10.451425885753517,55059599
2012-06-18,10.364160537719727,10.46596975206761,10.355434516353752,10.372887293661115,29958413
2012-06-19,10.317622184753418,10.413613588566506,10.23617537823057,10.407796484226031,35534704
2012-06-20,10.30016803741455,10.364162053283081,10.239082940618527,10.291441280197038,30919504
2012-06-21,10.1896333694458,10.369980485671544,10.175089507825378,10.308895385375084,37606896
2012-06-22,10.230360984802246,10.276902242654417,10.178001886074588,10.241996666553224,115368594
2012-06-25,10.166362762451172,10.195451220302903,10.114003685233172,10.169271681693901,116229988
2012-06-26,10.175090789794922,10.215814195123341,10.13727556949654,10.160546191766445,27126642
2012-06-27,10.236173629760742,10.262353165835748,10.186723476571895,10.195450233455396,21429072
2012-06-28,10.294347763061523,10.297256681445617,10.166359761613453,10.18963037411086,28368818
2012-06-29,10.372888565063477,10.3932502635137,10.308894550709136,10.384523506502672,40327451
2012-07-02,10.5299654006958,10.5299654006958,10.367070349869646,10.384523128681206,32837318
2012-07-03,10.471790313720703,10.532876152051797,10.410704475389611,10.532876152051797,20495255
2012-07-05,10.40488338470459,10.463059546766956,10.335070814909228,10.460151363052866,30209973
2012-07-06,10.479565620422363,10.497307343026002,10.319887876778841,10.361286225169897,29193670
2012-07-09,10.509136199951172,10.509136199951172,10.417469750713837,10.461824436039192,23056136
2012-07-10,10.479565620422363,10.565317901954055,10.464780229305227,10.556446667283772,28607536
2012-07-11,10.426340103149414,10.491393586332773,10.379028343245707,10.47365186305312,27386543
2012-07-12,10.311019897460938,10.379030472935595,10.245965654192041,10.361288746015491,31966126
2012-07-13,10.452953338623047,10.452953338623047,10.305103898319135,10.32875977889828,25407692
2012-07-16,10.473652839660645,10.515050446752236,10.405642271799593,10.414512760898065,23423281
2012-07-17,10.591933250427246,10.615589134818212,10.423384980799476,10.44999794408145,28238802
2012-07-18,10.701342582702637,10.701342582702637,10.535750639035234,10.568277761315816,33695668
2012-07-19,10.491395950317383,10.606719044462796,10.408600725198452,10.600804886457981,40182738
2012-07-20,10.435213088989258,10.49730950425512,10.379030084650802,10.449997736413392,35320745
2012-07-23,10.46182632446289,10.4973105271705,10.31693467472351,10.349461051573572,36082575
2012-07-24,10.24005126953125,10.541664354179078,10.124728926998824,10.48548134898301,51145723
2012-07-25,10.447043418884277,10.503226438072709,10.269623869214733,10.302150998229711,42284191
2012-07-26,10.733867645263672,10.772308920845282,10.594889429610774,10.59784650825067,46010589
2012-07-27,10.98225212097168,11.044349263879823,10.775263386997187,10.784133874029173,60338520
2012-07-30,11.068010330200195,11.144891405298091,10.949730891506665,10.964515541316906,32957405
2012-07-31,11.212900161743164,11.269083162250842,11.029566513804067,11.029566513804067,48580605
2012-08-01,11.13010311126709,11.319350897950388,11.13010311126709,11.27795254790941,37076766
2012-08-02,11.100533485412598,11.165586971117488,11.038437078158426,11.09462007524814,32646662
2012-08-03,11.112364768981934,11.236558363417851,11.079837644068162,11.198117080022087,32162608
2012-08-06,11.121233940124512,11.227685793218168,11.109406371301379,11.112363450191436,21663950
2012-08-07,11.070967674255371,11.177418798256568,11.062096436114764,11.153762909952167,28822818
2012-08-08,11.068010330200195,11.0916662179389,10.949730891506665,11.038440283842514,29719563
2012-08-09,11.008872032165527,11.05618381535577,10.955646089392175,11.035485003552203,28015443
2012-08-10,11.085752487182617,11.088709566606235,10.952687646805911,10.994086011999347,21964498
2012-08-13,11.056182861328125,11.091667069027567,11.035484051310641,11.062097020400909,17367570
2012-08-14,11.01478385925293,11.094622756506235,10.99112797266719,11.070966869920495,26845027
2012-08-15,10.970426559448242,11.020695399844756,10.931985286166622,10.973383637911212,27865301
2012-08-16,11.01182746887207,11.035483356937474,10.831450855662613,10.964515692741264,30598170
2012-08-17,10.991127014160156,11.020697056497896,10.961556971822418,10.970428208544869,23599638
2012-08-20,10.908332824707031,10.952687522081765,10.884676936324691,10.949731189429041,33479723
2012-08-21,10.819621086120605,10.908330461653108,10.81370692862189,10.899459225405035,32967600
2012-08-22,10.810750007629395,10.861018853627913,10.77822288764886,10.804835850044375,28702599
2012-08-23,10.810750007629395,10.852147617250386,10.772309476800912,10.813707086421903,27732504
2012-08-24,10.92607593536377,10.952688906499931,10.778226427601684,10.781183507365403,30732291
2012-08-27,10.90241527557373,10.937899470481236,10.866931827403214,10.890587708429221,29137665
2012-08-28,10.834404945373535,10.940856785662197,10.819620299438778,10.861017905445701,26878656
2012-08-29,10.887635231018066,10.955645824366643,10.840323448972333,10.840323448972333,21085627
2012-08-30,10.849189758300781,10.893545190261786,10.813706308816396,10.85214683688065,20909402
2012-08-31,10.834404945373535,10.93198555005914,10.810749063835722,10.911286747055678,26671715
2012-09-04,10.884675025939941,10.917202146783236,10.804836136635723,10.816664452119499,31543241
2012-09-05,10.920160293579102,10.946773259283093,10.852148966370477,10.87580485291434,30194879
2012-09-06,11.070967674255371,11.10053697458296,10.973387041657562,10.994085850581762,32233310
2012-09-07,11.02956771850586,11.0768794882893,10.914245373000858,11.0768794882893,27554558
2012-09-10,11.065051078796387,11.130104570623383,11.005910997690352,11.03548103824337,24202455
2012-09-11,11.124188423156738,11.177414337283162,11.070963255767232,11.070963255767232,24853731
2012-09-12,11.153759956359863,11.269083034700541,11.088706467433674,11.13306115291685,31127770
2012-09-13,11.280912399291992,11.298654126963944,11.12714876816938,11.14489049584133,35081101
2012-09-14,11.017741203308105,11.201074142071004,10.955644032816865,11.159676526234966,54434009
2012-09-17,11.11827564239502,11.13306028749446,10.973383282820032,10.982253771184913,38289418
2012-09-18,11.136019706726074,11.15967559189998,11.008869043889908,11.094622094356017,30499267
2012-09-19,11.165589332580566,11.224729420628817,11.094622421702091,11.103492912193332,27928324
2012-09-20,11.218812942504883,11.269082529666496,11.118276008392614,11.153759456494125,30787766
2012-09-21,11.260213851928711,11.408063328320644,11.248385535383521,11.248385535383521,47788191
2012-09-24,11.310482025146484,11.381449679948119,11.301610788269862,11.32526667320374,26647089
2012-09-25,11.254300117492676,11.405106678700276,11.248385958997353,11.337096096215628,23426459
2012-09-26,11.260213851928711,11.34892323906901,11.236557965575487,11.260213851928711,32688104
2012-09-27,11.233598709106445,11.322308825789815,11.206985748775136,11.274996315516477,37777427
2012-09-28,11.147846221923828,11.227685106863474,11.118276928305038,11.209943381344791,79320708
2012-10-01,11.16263198852539,11.227685482092681,11.118277299877825,11.127147789565095,70860612
2012-10-02,11.180373191833496,11.266126233047702,11.14193266259967,11.215856642397483,27154578
2012-10-03,11.286824226379395,11.334135988224805,11.138974783928244,11.204028269781436,28562520
2012-10-04,11.337096214294434,11.363709181063378,11.30161200969011,11.334139135015974,26907255
2012-10-05,11.367888450622559,11.497001671291562,11.334860227820165,11.469978097379663,27572035
2012-10-08,11.307839393615723,11.37389661348359,11.259797641301153,11.322852156867027,19880257
2012-10-09,11.151700019836426,11.316843399771875,11.148697316422888,11.307836047789703,30961872
2012-10-10,11.08564567565918,11.154705597188054,11.064627504607666,11.136690130323702,26340318
2012-10-11,10.887470245361328,11.139689744535026,10.887470245361328,11.112666172605099,38947843
2012-10-12,10.698305130004883,10.890472834859585,10.629245228354144,10.884467428213847,49086241
2012-10-15,10.572196006774902,10.638253204270386,10.458096314977313,10.62924509441529,61213022
2012-10-16,10.62924575805664,10.710316477038969,10.542170390387751,10.578201315540928,37465096
2012-10-17,10.72533130645752,10.773373054774241,10.64125862603256,10.68930037434928,30005018
2012-10-18,10.815410614013672,10.980554036105671,10.755358046930056,10.764366159470189,35630164
2012-10-19,10.605230331420898,10.83943449815016,10.596222974639016,10.83943449815016,36516052
2012-10-22,10.58720874786377,10.62624237398941,10.524154253755029,10.581203341303393,27540259
2012-10-23,10.509142875671387,10.650265409004309,10.482119298909552,10.51214557956254,31423948
2012-10-24,10.422063827514648,10.503135293421622,9.908617528923374,10.353003932076936,47688229
2012-10-25,10.35901165008545,10.494129526321826,10.274938220620758,10.49112682259896,29581735
2012-10-26,10.398045539855957,10.449090746152171,10.313972866564628,10.350003795615617,24943101
2012-10-31,10.38603687286377,10.473113019864165,10.337995122194116,10.434078623533424,27263014
2012-11-01,10.536164283752441,10.545172393571747,10.425067295681275,10.461098976700097,31638039
2012-11-02,10.488123893737793,10.623241008815226,10.482118486420974,10.557183803105715,37508126
2012-11-05,10.458098411560059,10.491127396058474,10.33799404737294,10.473111930995046,23401303
2012-11-06,10.449088096618652,10.48812171956938,10.386032849380289,10.449088096618652,25392996
2012-11-07,10.100788116455078,10.253921478054782,9.992694558700116,10.148830624440043,60847333
2012-11-08,9.968673706054688,10.190866988598895,9.962668297760855,10.151833351206228,48550021
2012-11-09,10.070760726928711,10.124807874928457,9.821543912019806,9.914624690097991,42197601
2012-11-12,10.16984748840332,10.220891935711006,10.073763243038217,10.10679222607805,26474572
2012-11-13,10.193869590759277,10.337994838817599,10.136819729055878,10.16984871608289,30480069
2012-11-14,10.142823219299316,10.292953847201945,10.109794238518026,10.22389394034877,33299792
2012-11-15,10.034728050231934,10.190864071628432,9.962665446108566,10.10378795106786,34491656
2012-11-16,9.950655937194824,10.028723958125477,9.87859408188469,10.007705790616937,42832856
2012-11-19,10.15483570098877,10.175854630853184,9.821546143045648,10.046741380434971,28772903
2012-11-20,10.112798690795898,10.160840439371555,10.043738772000719,10.15783773530325,27128495
2012-11-21,10.163841247558594,10.178854765099613,10.079767824104277,10.14282308125963,36898424
2012-11-23,10.316975593566895,10.316975593566895,10.166844952913522,10.196871232695903,28727622
2012-11-26,10.199872970581055,10.274937525540658,10.14882852726243,10.250916655641214,46145107
2012-11-27,10.094779014587402,10.21488333593668,10.076762797691295,10.187859768850807,35094076
2012-11-28,10.094779014587402,10.109791770409204,9.971671990422106,10.049739230605422,40816934
2012-11-29,10.187859535217285,10.229895857160962,10.139817807779293,10.14582321327361,39114402
2012-11-30,10.247915267944336,10.313972474197202,10.187862710799182,10.193868118165398,47836914
2012-12-03,10.250917434692383,10.328985457363219,10.217889209982104,10.277941010165307,25966023
2012-12-04,10.184858322143555,10.244910869353678,10.154832048538493,10.223892705307648,28189152
2012-12-05,10.181857109069824,10.301961462808936,10.139820774825758,10.142823478451547,38622272
2012-12-06,10.103788375854492,10.226896182781687,10.088775617044522,10.163840927611249,31001460
2012-12-07,10.130810737609863,10.151829658993712,10.03472727288851,10.118800683648868,29575115
2012-12-10,10.127809524536133,10.172849318726476,10.049741508400253,10.112796765311657,27595602
2012-12-11,10.253920555114746,10.277941427815836,10.151832414829034,10.151832414829034,31412959
2012-12-12,10.356008529663086,10.416061085187005,10.28094321438743,10.283945917989474,31827239
2012-12-13,10.304964065551758,10.398044844006021,10.286948602231881,10.359011213769874,25075633
2012-12-14,10.211884498596191,10.325983457502987,10.202877144996897,10.283947118683416,34676619
2012-12-17,10.277939796447754,10.289950610021156,10.19686983786102,10.23290076206436,32847116
2012-12-18,10.310968399047852,10.340994673626621,10.19987216884233,10.250915849890312,46151992
2012-12-19,10.181857109069824,10.310969573686304,10.172849756450947,10.28995140656427,33372082
2012-12-20,10.25992488861084,10.26893299927753,10.154833297200012,10.172849518533392,33650652
2012-12-21,10.109793663024902,10.250916172247022,10.064754628869625,10.19086437945946,73284062
2012-12-24,10.130810737609863,10.193865985244717,10.055745436014012,10.055745436014012,12807714
2012-12-26,10.142823219299316,10.19386766311655,10.088776071933014,10.148828626397455,17730611
2012-12-27,10.106794357299805,10.169849632921554,9.968674505023367,10.1638442241464,32105411
2012-12-28,10.004701614379883,10.097783140015231,9.995694262921127,10.046737943209786,27011983
2012-12-31,10.121803283691406,10.12780793148162,9.938643707018926,9.947651816091755,35630826
2013-01-02,10.509142875671387,10.509142875671387,10.271936850855745,10.325983246120856,50740314
2013-01-03,10.515145301818848,10.560184330897954,10.440080000600886,10.536163464838541,38306895
2013-01-04,10.578201293945312,10.59021210781082,10.509141388994,10.539167665399317,27984858
2013-01-07,10.626241683959961,10.659270659638846,10.539166327522473,10.58420535728382,36410662
2013-01-08,10.490584373474121,10.70131252851194,10.466152179501808,10.695204287208213,38674437
2013-01-09,10.456991195678711,10.560828226556426,10.456991195678711,10.518072074280669,25974762
2013-01-10,10.496692657470703,10.573042589107452,10.484476174813565,10.521124080299797,31331268
2013-01-11,10.466151237487793,10.533339572053668,10.423395094695191,10.518069741411317,35846506
2013-01-14,10.389803886413574,10.45088399988804,10.37147992949551,10.432560042969977,29092649
2013-01-15,10.310393333435059,10.39285225075317,10.261528961226327,10.37758242365382,32224306
2013-01-16,10.157698631286621,10.285967885168077,10.127158185840019,10.2706980480662,44705522
2013-01-17,10.13936996459961,10.188234346128308,10.047749442043923,10.166856275614814,51598134
2013-01-18,10.212667465209961,10.212667465209961,10.00499343921447,10.023318162385289,51187164
2013-01-22,10.264586448669434,10.334828910360498,10.154641189505965,10.227937771867413,39368610
2013-01-23,10.316505432128906,10.365369822617582,10.243208846395895,10.255424558396749,33708113
2013-01-24,10.307344436645508,10.408127351799452,10.307344436645508,10.337884877561828,35465061
2013-01-25,10.389803886413574,10.456992242608317,10.32872300169634,10.42034432877219,35874442
2013-01-28,10.423396110534668,10.475313848275452,10.359261118852801,10.38369331300718,31326237
2013-01-29,10.591367721557617,10.637177990803412,10.420342356460091,10.42339647724216,41011430
2013-01-30,10.530287742614746,10.649395378259367,10.524179500531906,10.576098015750668,32013923
2013-01-31,10.624964714050293,10.673829115277375,10.530289261835373,10.545559098002785,34741098
2013-02-01,10.844847679138184,10.881495571321281,10.701308687476812,10.73795657965991,38637762
2013-02-04,10.759339332580566,10.83263592012051,10.689096865926786,10.8051496033877,37381684
2013-02-05,10.795984268188477,10.881496538376854,10.78987602853434,10.8051458564273,27709069
2013-02-06,10.82042121887207,10.838745174658573,10.719638305182222,10.719638305182222,46276978
2013-02-07,10.771554946899414,10.857067239840822,10.707420727193357,10.823473455289234,25228423
2013-02-08,10.771554946899414,10.850958998561412,10.73796039110524,10.808202852090707,24196762
2013-02-11,10.759339332580566,10.783771528427215,10.707421591243758,10.768501695239053,18122647
2013-02-12,10.872336387634277,10.893714458007894,10.75933702406197,10.765445264523713,22453716
2013-02-13,10.817366600036621,10.93647346403334,10.792934403031072,10.893717312084298,23040910
2013-02-14,10.777665138244629,10.82347541364376,10.698260300972866,10.817367171259148,34695288
2013-02-15,10.799040794372559,10.857066770289672,10.734905806197654,10.78682431234208,32913713
2013-02-19,10.893716812133789,10.899825053915519,10.802096270378435,10.802096270378435,22348590
2013-02-20,10.832637786865234,10.988393351444335,10.829583665452768,10.896772794041468,47209603
2013-02-21,10.82042121887207,10.878447207403116,10.689097864709572,10.79904314191403,33305750
2013-02-22,10.896768569946289,10.902876039160901,10.756282895645533,10.82652534717467,27556942
2013-02-25,10.747121810913086,11.018930040351243,10.747121810913086,10.924255393790062,43061379
2013-02-26,10.838743209838867,10.9028774290869,10.811256895520401,10.854013041685755,34773006
2013-02-27,10.948684692382812,10.963954518965192,10.829577114319465,10.857063419161598,31148821
2013-02-28,10.967012405395508,11.070849421299306,10.918148018057554,10.933417849884698,42169135
2013-03-01,10.997552871704102,11.018930944820196,10.881499373013048,10.899824096749056,31115986
2013-03-04,11.064742088317871,11.076958571776435,10.96701330561992,10.994499622159049,24700544
2013-03-05,11.177741050720215,11.208280715721205,11.147200614476612,11.156362205479864,29933522
2013-03-06,11.083066940307617,11.24492994928699,11.080012819408033,11.189957315579786,27073152
2013-03-07,11.113607406616211,11.153310209925385,11.040310813479321,11.107499935620167,25457342
2013-03-08,11.202169418334961,11.22049413782781,11.159413282003118,11.159413282003118,28459380
2013-03-11,11.177741050720215,11.229658789718943,11.116660178233008,11.19301088322071,26505156
2013-03-12,11.214385986328125,11.251034654360087,11.153305901264732,11.165521609780447,25968406
2013-03-13,11.177741050720215,11.244929393462053,11.165524567725729,11.21744307796707,19954004
2013-03-14,11.257144927978516,11.260199048679052,11.174686754034427,11.199118948396121,25836271
2013-03-15,11.125823974609375,11.208282160480653,11.067797215391078,11.174688370400768,67626610
2013-03-18,11.040308952331543,11.098335701332259,11.031147361760562,11.046417193540583,27398062
2013-03-19,11.03725528717041,11.11055109461142,11.003660732724484,11.073903190890915,26283783
2013-03-20,11.052525520324707,11.125822101672947,11.031147447170126,11.0922275460057,39565886
2013-03-21,11.040308952331543,11.07084938713416,11.000606926957945,11.025039120551524,27440959
2013-03-22,11.125823974609375,11.153310293647372,11.049473259779985,11.049473259779985,31659488
2013-03-25,11.113607406616211,11.174688286518306,11.086121087784539,11.138039604328508,31388862
2013-03-26,11.220498085021973,11.229659676748897,11.101391222630552,11.159417207709991,24400261
2013-03-27,11.183850288391113,11.235768806837289,11.147202376101305,11.162472211014936,23005559
2013-03-28,11.205227851867676,11.247984775901829,11.147201864862906,11.205227851867676,49502771
2013-04-01,11.376253128051758,11.39763120279856,11.211335229303316,11.211335229303316,32048214
2013-04-02,11.473982810974121,11.510630721632698,11.397632097318937,11.44649649235884,34725475
2013-04-03,11.385416984558105,11.48314577979136,11.364038907006174,11.455659459726666,32161284
2013-04-04,11.577818870544434,11.593088703495507,11.397631139757095,11.40679350227332,96455386
2013-04-05,11.61141300201416,11.620575364802407,11.480090429505253,11.498414383839087,101271966
2013-04-08,11.672160148620605,11.724905201212163,11.62872332302313,11.638031550017216,31269173
2013-04-09,11.715601921081543,11.755936804899681,11.638036464128993,11.690781538991935,29851831
2013-04-10,11.845915794372559,11.883147156605084,11.715603675995,11.728014652420002,25243119
2013-04-11,11.957609176635742,12.038278162796418,11.836606089155302,11.836606089155302,33753526
2013-04-12,11.973118782043457,11.98863171179386,11.920373723962868,11.920373723962868,26116297
2013-04-15,11.77454948425293,11.9607085706793,11.762139296368996,11.873834904929003,38726073
2013-04-16,11.771446228027344,11.876937129805192,11.765241526116437,11.8676289016575,32393778
2013-04-17,11.72180461883545,11.790063395661727,11.650443882627009,11.728010104641644,29754384
2013-04-18,11.709392547607422,11.830395583763513,11.690776876703595,11.824190882476111,26744800
2013-04-19,11.87693977355957,11.901760937290943,11.71560103402405,11.746627684568534,32475072
2013-04-22,12.01655387878418,12.025861321883482,11.895550850327176,11.920372004459914,28468780
2013-04-23,12.10033130645752,12.10033130645752,11.89865923554473,12.03827799993614,33244051
2013-04-24,11.492209434509277,11.560468215723796,11.365000884908929,11.507723150022116,80932016
2013-04-25,11.566676139831543,11.616318472893745,11.501520087986684,11.557367908561949,47409130
2013-04-26,11.492209434509277,11.575981147715648,11.442567111910165,11.56667370192893,43960507
2013-04-29,11.572877883911133,11.585288855762993,11.486004215031912,11.517030861140613,25042533
2013-04-30,11.622517585754395,11.672159894935655,11.566670575566057,11.594594472420614,31967583
2013-05-01,11.653550148010254,11.780758727883498,11.62252349312189,11.62252349312189,28908216
2013-05-02,11.653550148010254,11.740423841472271,11.607010557438292,11.672165827534805,21773312
2013-05-03,11.585286140441895,11.752828736527276,11.548054017133605,11.74972599429152,26797628
2013-05-06,11.50772476196289,11.582188256292008,11.501519274888523,11.56977806566437,16037612
2013-05-07,11.641135215759277,11.641135215759277,11.507721202531894,11.538747844785844,19453797
2013-05-08,11.737318992614746,11.743523695248513,11.591494769104088,11.613213187124721,20093289
2013-05-09,11.582188606262207,11.721807368527648,11.541854506102268,11.696986203001272,31254212
2013-05-10,11.591501235961914,11.644245547140184,11.53255065164546,11.619424372194532,24073762
2013-05-13,11.47979736328125,11.579081992199805,11.461181691239235,11.57287650701218,24570924
2013-05-14,11.551159858703613,11.551159858703613,11.436361499261789,11.476696375628231,25789931
2013-05-15,11.64423942565918,11.737319370413474,11.569776723489351,11.585289655854565,30531970
2013-05-16,11.597700119018555,11.67216360646846,11.582187186286873,11.610111092020716,18096962
2013-05-17,11.616315841674805,11.625623287315012,11.538749615894544,11.588391937712233,22127880
2013-05-20,11.548054695129395,11.61631346128199,11.520130796888933,11.603902491610313,19402161
2013-05-21,11.461182594299316,11.554261745364226,11.41774497808423,11.554261745364226,32924702
2013-05-22,11.361899375915527,11.532545563966123,11.309154304484773,11.461184815418944,37864017
2013-05-23,11.399129867553711,11.42084828497342,11.278126808489066,11.284332294472113,23991145
2013-05-24,11.40223217010498,11.411539615199072,11.309152234517587,11.33397339397004,19123724
2013-05-28,11.225380897521973,11.526337542735812,11.219175412007239,11.49220815592567,38963996
2013-05-29,11.141609191894531,11.188148766205968,11.014400656466847,11.185046806969984,38052554
2013-05-30,11.014402389526367,11.19435601309403,11.014402389526367,11.119892525775102,33224853
2013-05-31,10.85616397857666,11.014399136211969,10.853062019768823,10.961654083666867,47398935
2013-06-03,10.88098430633545,10.924421912112624,10.728954644917165,10.85616315311452,39401446
2013-06-04,11.067146301269531,11.129199592645339,10.905808370509181,10.91821934219272,53578308
2013-06-05,10.939933776855469,11.082655198138262,10.936831035064017,11.064039530910215,30271671
2013-06-06,11.11058235168457,11.126096065195082,10.890294671523284,10.924424057725522,30529719
2013-06-07,10.99888801574707,11.1850478981966,10.977169597850917,11.160225953719882,34489273
2013-06-10,11.16643238067627,11.203664517007395,11.073353215130014,11.129201027866184,28932313
2013-06-11,11.095072746276855,11.231589548471486,11.082661771749562,11.12609939907397,34427840
2013-06-12,11.051630973815918,11.212969664551814,11.036118044996355,11.169532053519557,22449214
2013-06-13,11.262614250183105,11.290538156453602,11.048531229949647,11.048531229949647,26668802
2013-06-14,11.141609191894531,11.265714984565331,11.135403706380766,11.231586381281423,31739855
2013-06-17,11.095072746276855,11.212973870201667,11.008198275149159,11.191254664778903,30934466
2013-06-18,11.222278594970703,11.278126399752207,11.104377499649543,11.116788471165846,20333860
2013-06-19,10.936835289001465,11.212971580638618,10.936835289001465,11.188149636652394,32390998
2013-06-20,10.657597541809082,10.92132287392282,10.648289312374127,10.859269578065119,42099890
2013-06-21,10.694829940795898,10.775498919909548,10.58003235078418,10.719651104867708,129015988
2013-06-24,10.691725730895996,10.812729574730419,10.589339128723815,10.645186152584742,94294618
2013-06-25,10.868575096130371,10.924422891765824,10.716544637557947,10.763084989601358,88913882
2013-06-26,10.961657524108887,11.011299849906175,10.887194035412955,10.989581430309991,29010958
2013-06-27,11.054734230041504,11.154019643071692,11.014400143123662,11.023707587439624,24164986
2013-06-28,10.98337173461914,11.073348905346009,10.955447839119127,11.029911299278915,31662004
2013-07-01,10.952350616455078,11.070251742098362,10.918222003049816,10.983377269704423,26352102
2013-07-02,11.02370834350586,11.107480049220198,10.9058080337575,10.949245649787667,24672608
2013-07-03,11.051630973815918,11.08886309991202,10.92132049128162,11.005091403836408,15358400
2013-07-05,11.116788864135742,11.138507281536072,10.936835255434636,11.107480635169477,22692168
2013-07-08,11.225892066955566,11.260598572450503,11.16594468385614,11.2385121073728,20990166
2013-07-09,11.23220157623291,11.304768993874788,11.213270321984625,11.285838536396463,19181450
2013-07-10,11.16594409942627,11.257442773934741,11.121772765122861,11.229046688519698,23616320
2013-07-11,11.317390441894531,11.361561777321986,11.257443060407269,11.279528728120997,30551830
2013-07-12,11.29845905303955,11.330010348016128,11.219581213983107,11.320544720492157,25242987
2013-07-15,11.216424942016602,11.282682734866276,11.124927071701235,11.257441860630665,22740494
2013-07-16,11.320545196533203,11.326855615147878,11.232202523007878,11.238512144852525,23304916
2013-07-17,11.34578800201416,11.456216354929037,11.326856744282948,11.34578800201416,22250482
2013-07-18,11.276372909545898,11.355250745272452,11.235355988776911,11.314234621273426,25919154
2013-07-19,11.29845905303955,11.311079889738178,11.206961174054472,11.304769471388864,28007234
2013-07-22,11.225892066955566,11.32370036807672,11.213271229768308,11.285839450054993,25422389
2013-07-23,11.29845905303955,11.342631184714755,11.200650755705157,11.279528594761603,30388051
2013-07-24,11.169096946716309,11.200648234591117,11.020806929505463,11.165941738251846,40962971
2013-07-25,11.188031196594238,11.22273770470869,11.093378097625841,11.099688516695757,29238819
2013-07-26,11.23220157623291,11.263752073106799,11.140702904342746,11.172254197986595,18745060
2013-07-29,11.320545196533203,11.358406911451219,11.222736895085866,11.244822563467197,22012030
2013-07-30,11.175411224365234,11.380493471245632,11.172256014810754,11.358407801134371,25276881
2013-07-31,11.128084182739258,11.225892487524721,11.112308135664149,11.178565939839501,28235756
2013-08-01,11.270063400268555,11.301614696457431,11.159635058762527,11.24797773196735,24409529
2013-08-02,11.28583812713623,11.288993336063193,11.203805085344987,11.232201168917722,28798854
2013-08-05,11.254288673400879,11.31108084982525,11.222737375746222,11.263753504958235,13556436
2013-08-06,11.194340705871582,11.25113287934501,11.17225503769192,11.238512042230905,16952761
2013-08-07,11.229044914245605,11.273216241569612,11.175407961022232,11.175407961022232,17596754
2013-08-08,11.134394645690918,11.270063870454143,11.080757678963108,11.251133410659051,23774141
2013-08-09,10.979791641235352,11.14070170767201,10.96401559772302,11.124926460929553,28521078
2013-08-12,11.017653465270996,11.03342951009085,10.957706088495431,10.964016506423373,21168509
2013-08-13,10.954548835754395,11.039737071578315,10.907222303664367,11.027117034846878,21459127
2013-08-14,10.970328330993652,10.976638749730732,10.888295277721756,10.967173121625112,23042631
2013-08-15,10.837814331054688,10.951397892957683,10.837814331054688,10.916692180850983,23558859
2013-08-16,10.78417682647705,10.847278625122469,10.698988561697172,10.81257291473701,32519823
2013-08-19,10.661127090454102,10.784176268702927,10.610645335440736,10.758935391196244,27966587
2013-08-20,10.686367988586426,10.755780202671268,10.657971901740348,10.68005757000507,21386969
2013-08-21,10.56331729888916,10.680056847668569,10.557006880734605,10.66428159905215,27207538
2013-08-22,10.67059326171875,10.727385442434146,10.471821425984984,10.569629739011432,34312519
2013-08-23,10.818881034851074,10.831501073190644,10.648504541492688,10.667435794156882,39360799
2013-08-26,10.67059326171875,10.856745055499161,10.664283639127135,10.825193755460594,18436965
2013-08-27,10.629578590393066,10.746318177550032,10.579096822100926,10.591716865788847,24718815
2013-08-28,10.594866752624512,10.676899784075164,10.594866752624512,10.632728458205516,22056516
2013-08-29,10.616952896118164,10.746313264592816,10.604332858199824,10.613797687446112,29444568
2013-08-30,10.673745155334473,10.69267640753822,10.591712119427855,10.616952992262979,26995168
2013-09-03,10.512835502624512,10.76208984774306,10.487594626883263,10.730538553874007,40735376
2013-09-04,10.645349502563477,10.648504711391183,10.47812901208432,10.481283424142122,24784353
2013-09-05,10.519148826599121,10.70214542546729,10.497063153820749,10.65481886997504,26264982
2013-09-06,10.541232109069824,10.594869072270486,10.484439936649125,10.569628195280174,26069428
2013-09-09,10.61064624786377,10.639042337096857,10.490751471819607,10.560163691739325,25146070
2013-09-10,10.717917442321777,10.758933562509906,10.64850444339895,10.689521360356965,36663281
2013-09-11,10.717917442321777,10.806260100194633,10.686366151608665,10.721072651070077,27920512
2013-09-12,10.847281455993652,10.869367131121864,10.708456984681956,10.708456984681956,32619653
2013-09-13,10.828346252441406,10.957705833099466,10.79364054818651,10.88829362781975,18838666
2013-09-16,10.907227516174316,10.957709280764634,10.840970498938338,10.907227516174316,21010688
2013-09-17,10.96401596069336,10.995567251992673,10.900913378094735,10.91353421332242,23565611
2013-09-18,11.027120590209961,11.04605104979557,10.825192766473288,10.957707577112647,30211562
2013-09-19,10.982948303222656,11.027120437336768,10.941932175227452,11.027120437336768,20776473
2013-09-20,10.825190544128418,10.995567035731801,10.790484841474678,10.986101409497207,48633300
2013-09-23,10.796795845031738,10.853588016173388,10.635885755823715,10.853588016173388,30743412
2013-09-24,10.755781173706055,10.818883771676484,10.730540293871902,10.758936383281586,25464492
2013-09-25,10.743160247802734,10.844123758828083,10.711608951414805,10.76209070692748,25303361
2013-09-26,10.799952507019043,10.86305510494738,10.755781166531264,10.78102204634858,21838321
2013-09-27,10.721076965332031,10.774713145327175,10.67059440181446,10.762093102025437,18533220
2013-09-30,10.67059326171875,10.692679729484832,10.626421919726829,10.657973219765395,27565283
2013-10-01,10.746309280395508,10.80310062512743,10.651655445636495,10.661121068143267,22189975
2013-10-02,10.708452224731445,10.746313934386034,10.648504849765814,10.717917851337571,28479240
2013-10-03,10.613800048828125,10.705298730364856,10.61064563622414,10.698988311616796,29706985
2013-10-04,10.648507118225098,10.661127956388558,10.60118056865229,10.626421448209127,92311796
2013-10-07,10.727384567260742,10.768401492995627,10.610645802443115,10.626421052790343,83900556
2013-10-08,10.632905960083008,10.806320530583438,10.626482987958203,10.78384093912795,43425082
2013-10-09,10.838436126708984,10.950834911005382,10.64575261234108,10.671443693524706,44262909
2013-10-10,10.966888427734375,10.966888427734375,10.783839424752326,10.947620325047112,31535164
2013-10-11,10.982950210571289,10.99900683401365,10.896242497626853,10.96047061335937,31309158
2013-10-14,10.893026351928711,10.950831469169131,10.876969735353567,10.912295264996311,24586150
2013-10-15,10.825589179992676,10.957256050397554,10.825589179992676,10.876971333761345,21651240
2013-10-16,10.982950210571289,10.982950210571289,10.883397361069271,10.88660884795405,24758535
2013-10-17,11.060019493103027,11.060019493103027,10.96046667933337,11.037539903959678,29458470
2013-10-18,11.114614486694336,11.201322179111816,11.037541252650357,11.085711922555175,40337514
2013-10-21,11.310508728027344,11.336199806213699,11.201322253971345,11.24628143805213,38991006
2013-10-22,11.313719749450684,11.361890417698772,11.259126920155815,11.352256770637945,31757994
2013-10-23,11.329778671264648,11.34904677890457,11.21095691702538,11.262339078052786,36089062
2013-10-24,11.121036529541016,11.243069757047202,10.992581140835558,11.243069757047202,44898429
2013-10-25,11.300871849060059,11.316928464217098,11.127456512654666,11.127456512654666,28183326
2013-10-28,11.422904014587402,11.422904014587402,11.316928248024539,11.326562703523383,31584814
2013-10-29,11.647706031799316,11.711933327234771,11.44859955069214,11.451811037111126,59911397
2013-10-30,11.644491195678711,11.689450370648533,11.548149874748754,11.663759297668465,28925560
2013-10-31,11.625224113464355,11.718353957068592,11.560996019889446,11.641280731367454,38116636
2013-11-01,11.638069152832031,11.817906678034664,11.612378077803083,11.721565349421423,54930774
2013-11-04,11.7055082321167,11.727988632973766,11.61880135845025,11.7055082321167,26511776
2013-11-05,11.410059928894043,11.666971485133574,11.406849254186895,11.641280410607745,44541876
2013-11-06,11.503190994262695,11.560996116768258,11.471076947206132,11.487134376225045,27613741
2013-11-07,11.27518081665039,11.503188969759307,11.249489745722892,11.503188969759307,38780357
2013-11-08,11.294453620910645,11.294453620910645,11.098558616640718,11.23985997108041,39438385
2013-11-11,11.249490737915039,11.320140986451653,11.230222635765271,11.288026942214577,16377350
2013-11-12,11.294453620910645,11.342624297588745,11.230226322333664,11.288030647758509,26359119
2013-11-13,11.262334823608398,11.294448864864528,11.19168458162981,11.239855238023443,29561213
2013-11-14,11.291240692138672,11.361890954843844,11.259127452442637,11.271972586124779,18338989
2013-11-15,11.377949714660645,11.394006336384136,11.271973902733833,11.27839687581581,23415602
2013-11-18,11.432538986206055,11.445384116469967,11.358677256990426,11.390790488140777,19909915
2013-11-19,11.471077919006348,11.506403454859383,11.419695763755387,11.445386841380868,16541659
2013-11-20,11.36830997467041,11.538513816397586,11.34583039030629,11.519245717082779,23092414
2013-11-21,11.336201667785645,11.426120861694626,11.29766544966857,11.38437234592273,30475435
2013-11-22,11.374736785888672,11.374736785888672,11.255915853844957,11.323354629710632,21290450
2013-11-25,11.35867691040039,11.416481211295908,11.34261948433404,11.387578655357592,18626826
2013-11-26,11.329778671264648,11.413274074698117,11.326567184827757,11.368314886544493,18775512
2013-11-27,11.371526718139648,11.374738204674017,11.30408793386225,11.332990501690121,15188001
2013-11-29,11.307297706604004,11.410061205221192,11.304086220556385,11.394004585964423,12292943
2013-12-02,11.175628662109375,11.307295509571983,11.175628662109375,11.297661053301121,31383699
2013-12-03,11.15636157989502,11.172419009647525,11.085711321927894,11.165996037746524,23237524
2013-12-04,11.11139965057373,11.12745626537395,10.98294429922867,11.027903469454166,36041398
2013-12-05,10.999003410339355,11.098556228853436,10.986158277780095,11.0535970484241,33241271
2013-12-06,11.088921546936035,11.10497897603697,11.015059806015536,11.088921546936035,25877448
2013-12-09,11.140303611755371,11.15314874302021,11.005425273077952,11.082498493610592,23879267
2013-12-10,11.047174453735352,11.210955373580044,11.043962967740596,11.172419163605595,24347168
2013-12-11,10.902663230895996,11.063231865267316,10.893028772221541,11.047175245124594,36398614
2013-12-12,10.883389472961426,10.960462669390095,10.838429500142324,10.934771603913873,29031348
2013-12-13,10.8705472946167,10.90266134031476,10.790262585862164,10.880181751620487,32918347
2013-12-16,10.966888427734375,11.082498665820392,10.937986679194086,10.937986679194086,28265679
2013-12-17,10.8705472946167,11.011848609099427,10.841644734586568,10.982946049069296,31077987
2013-12-18,11.040753364562988,11.06002228381752,10.799899983695854,10.880184714312048,34225003
2013-12-19,11.063231468200684,11.069654440419795,10.960467967601602,11.011850123391813,26536932
2013-12-20,11.01506233215332,11.117826658041677,11.002217196908003,11.076078954767578,45045393
2013-12-23,11.140303611755371,11.16599468526625,11.053595934538201,11.066441065803039,26420288
2013-12-24,11.223801612854004,11.233436071091752,11.14351689381677,11.156362027152433,10539040
2013-12-26,11.291240692138672,11.29766366447042,11.220590429433498,11.233436374096996,14596306
2013-12-27,11.297664642333984,11.32014423645946,11.227014373513715,11.259128426970719,18683758
2013-12-30,11.304083824157715,11.336197055863442,11.243067224150758,11.249490194884364,19151130
2013-12-31,11.291240692138672,11.32977771514781,11.227013401765248,11.294452178304546,24395230
2014-01-02,11.223801612854004,11.332988895623151,11.223801612854004,11.316931465226904,26784388
2014-01-03,11.175628662109375,11.29123808245388,11.11461206102292,11.288026597030258,32594629
2014-01-06,11.227010726928711,11.255913284554188,11.17562858247923,11.243067342951237,27527946
2014-01-07,11.223801612854004,11.288028901494993,11.210955668537007,11.281606740317827,34060032
2014-01-08,11.190803527832031,11.308464136489105,11.145046991293894,11.259438332639238,49975042
2014-01-09,10.962019920349121,11.19080342632882,10.952214594595258,11.19080342632882,47772833
2014-01-10,10.988162994384766,11.050261719549406,10.952210970547787,11.027382633694334,33552940
2014-01-13,10.883578300476074,10.997970459163,10.850895534020442,10.978360634216806,38768044
2014-01-14,10.94240951538086,10.96528778395788,10.837822673106404,10.893384536235226,30297886
2014-01-15,11.043728828430176,11.112363634704426,10.965287870739397,11.001239907567326,34141194
2014-01-16,11.099287986755371,11.138507630677562,11.05026301917066,11.076409723573436,21500436
2014-01-17,11.014312744140625,11.122168020138785,11.007775860658537,11.122168020138785,31672331
2014-01-21,10.97182559967041,11.11236449042285,10.850897362532876,11.060071064844855,38954066
2014-01-22,10.89665412902832,11.00124098234825,10.886848802017992,10.981631153691819,23053091
2014-01-23,11.04699420928955,11.04699420928955,10.834551314572206,10.857429576990649,37685409
2014-01-24,10.922798156738281,11.207144316482525,10.922798156738281,11.056800132777516,43935748
2014-01-27,10.952217102050781,11.02738880728155,10.926070386085108,10.958753987383277,43409061
2014-01-28,11.014312744140625,11.050264777928037,10.899920584660377,10.948945560047889,33705862
2014-01-29,10.886844635009766,10.965284744976268,10.461960499683569,10.589425575208645,110077095
2014-01-30,10.899922370910645,10.978362509458043,10.788798634960777,10.962021123438914,38497948
2014-01-31,10.890114784240723,11.01104382192625,10.71035627387568,10.775723455116081,45296556
2014-02-03,10.442351341247559,10.890113767227014,10.42600996014558,10.890113767227014,90045902
2014-02-04,10.605768203735352,10.605768203735352,10.458692475828396,10.484839180193639,47584692
2014-02-05,10.484840393066406,10.599232547408558,10.471767452053495,10.589427222625845,39446594
2014-02-06,10.458697319030762,10.560015742194011,10.373721109515987,10.560015742194011,60006460
2014-02-07,10.556742668151855,10.576353315926706,10.442351349618374,10.51752302333008,38621874
2014-02-10,10.60250186920166,10.609038752932813,10.53059779888718,10.605770311067237,27302204
2014-02-11,10.769186019897461,10.798601167411434,10.625378723758477,10.661330754134221,34726931
2014-02-12,10.765918731689453,10.808406824114208,10.723430639264697,10.756113406346469,21918423
2014-02-13,10.945676803588867,10.948945245235935,10.690746608758102,10.729967083158863,37154353
2014-02-14,10.834552764892578,10.909724444433968,10.805138441677101,10.909724444433968,24195835
2014-02-18,10.726701736450195,10.860702930458565,10.66460297796687,10.860702930458565,29540956
2014-02-19,10.736504554748535,10.792066419336331,10.65479597890555,10.694016458470413,25700032
2014-02-20,10.844359397888184,10.909725760668033,10.677673810948757,10.736504115205511,27127304
2014-02-21,10.720162391662598,10.860700438606468,10.713625507982204,10.811675461731713,25589213
2014-02-24,10.6123046875,10.743038204415008,10.609036246406637,10.729965265405463,44353073
2014-02-25,10.514256477355957,10.628648641873971,10.475036825464365,10.625380199988985,54347684
2014-02-26,10.458697319030762,10.553479682098946,10.422746099732764,10.540405911180166,48646673
2014-02-27,10.533866882324219,10.556745151412565,10.396597267794142,10.45542674886525,72718052
2014-02-28,10.435815811157227,10.563280911291415,10.390059277850403,10.540402644638004,57551632
2014-03-03,10.412939071655273,10.452159552644638,10.380255475058169,10.393329243842688,40357771
2014-03-04,10.507719993591309,10.530598262293013,10.468500340206713,10.491378608908418,37659988
2014-03-05,10.501178741455078,10.53712993505018,10.461958282103279,10.53712993505018,31967450
2014-03-06,10.569817543029785,10.579622867946645,10.491377419787069,10.507718802617783,25860103
2014-03-07,10.635187149047852,10.651528535603088,10.543673238391515,10.615576494744483,35884372
2014-03-10,10.625382423400879,10.635187751107644,10.52079556265252,10.550210720408531,33014867
2014-03-11,10.533866882324219,10.631917668171049,10.504451729106586,10.631917668171049,27448638
2014-03-12,10.582895278930664,10.61557805685048,10.510991186632609,10.54040634705193,33132306
2014-03-13,10.573089599609375,10.674408023601494,10.556747385827206,10.622114590227218,28741922
2014-03-14,10.618843078613281,10.651526671367693,10.543671393033001,10.553476718468554,29616026
2014-03-17,10.749578475952148,10.749578475952148,10.631917860948203,10.680942842078455,31226408
2014-03-18,10.778993606567383,10.79860343390456,10.736504684411967,10.762651395982926,34421617
2014-03-19,10.772456169128418,10.896652836371477,10.726699632570048,10.792065995458557,42107702
2014-03-20,11.141777992248535,11.158119375805322,10.788797009290773,10.808406834631736,82903452
2014-03-21,11.21041202545166,11.373829976642066,11.154850995020162,11.223485791692504,67527575
2014-03-24,11.262704849243164,11.360755614817126,11.18753317339125,11.24636346766283,71237555
2014-03-25,11.34768295288086,11.403245636531311,11.233291619965417,11.236559236308088,44232854
2014-03-26,11.311731338500977,11.449001758432619,11.311731338500977,11.409781284724705,51099118
2014-03-27,11.42612361907959,11.449001885093962,11.308463022018197,11.32807284640708,44198695
2014-03-28,11.462077140808105,11.494760738298853,11.364027173700078,11.465345583093601,32762777
2014-03-31,11.462077140808105,11.602616032263368,11.435930427888351,11.537248837281874,40364126
2014-04-01,11.46861457824707,11.484955965098107,11.324807237573784,11.44246786406686,38096379
2014-04-02,11.560128211975098,11.59607942725385,11.452272915410378,11.49149257305342,37186923
2014-04-03,11.645103454589844,11.658177222972157,11.553590377370316,11.586273147597767,33626820
2014-04-04,11.618953704833984,11.726808964327262,11.602612323993528,11.710467583486805,38859665
2014-04-07,11.599348068237305,11.697398039388087,11.599348068237305,11.615689454974351,43259449
2014-04-08,11.728713035583496,11.728713035583496,11.608998065205057,11.655554353560584,38782211
2014-04-09,11.612326622009277,11.728716113781925,11.552469121110473,11.722065093731999,40372732
2014-04-10,11.678836822509766,11.781924289007733,11.628955844512388,11.688812514244015,46902170
2014-04-11,11.705437660217285,11.745342098501009,11.642254653196982,11.682159931255912,45746318
2014-04-14,11.758646011352539,11.761971521701923,11.658884059972372,11.732042768332805,20464538
2014-04-15,11.865059852600098,11.865059852600098,11.748670340946957,11.755321362132943,35065213
2014-04-16,12.004728317260742,12.008053828191317,11.87171123913972,11.891664304723166,32063176
2014-04-17,11.98477554321289,12.04795772867709,11.944870253646942,11.98145003243444,33512823
2014-04-21,11.991424560546875,12.028004335782233,11.924916870762567,11.998075581457917,24833606
2014-04-22,12.067911148071289,12.107815599034737,11.958172648258593,12.004728120974441,42369324
2014-04-23,11.612326622009277,11.755319354206364,11.459357359737304,11.64225537245868,78961639
2014-04-24,11.472661018371582,11.672185769590966,11.456033465900997,11.638931504425173,48484748
2014-04-25,11.469334602355957,11.489286823970023,11.412802607970008,11.44938238074189,29107743
2014-04-28,11.665534973144531,11.68881270727603,11.492613462774262,11.529193239138271,39225354
2014-04-29,11.778600692749023,11.798552919235512,11.655560983010911,11.745346422087867,27449036
2014-04-30,11.871708869934082,11.885010911001727,11.725391456841917,11.781923451828765,29860569
2014-05-01,11.831804275512695,11.97147150606662,11.775272281246218,11.888336269779172,36856718
2014-05-02,11.848432540893555,11.904964542574737,11.811853603176615,11.871710275743085,21109062
2014-05-05,11.891664505004883,11.891664505004883,11.785251512536226,11.831806986797387,21102839
2014-05-06,11.801877975463867,11.891664250856197,11.798552464548358,11.891664250856197,28449715
2014-05-07,11.891664505004883,11.958173045185543,11.81185476065339,11.825155964824221,26833508
2014-05-08,12.104488372802734,12.257456812777557,11.904963626934192,11.934892380803241,48291708
2014-05-09,12.117790222167969,12.141067954857839,12.031329472337497,12.097837160054931,19880522
2014-05-12,12.16102123260498,12.217553233947438,12.024679495210009,12.214227723306657,31752300
2014-05-13,12.037981033325195,12.151044191496819,11.934892727107096,12.131091968263636,45350045
2014-05-14,12.101162910461426,12.161020418437268,11.974797713448819,12.004726467436738,32013658
2014-05-15,12.144394874572754,12.174322791664776,11.83180610272118,12.104489585490992,26926850
2014-05-16,12.217548370361328,12.23417507717103,12.141064175396577,12.154365372889322,31800891
2014-05-19,12.09783935546875,12.220879901726144,11.894989905377527,11.968148627075534,102751933
2014-05-20,11.805201530456543,12.087861513688097,11.778598287315653,12.087861513688097,52932196
2014-05-21,11.728713035583496,11.875030399629324,11.668855550394277,11.86172920279563,43272027
2014-05-22,11.76529598236084,11.805201266066124,11.722066028140828,11.74534376039586,23866689
2014-05-23,11.745345115661621,11.821829341832137,11.722067380720631,11.758647158356714,23002911
2014-05-27,11.70876407623291,11.771946248367971,11.672184305162412,11.735367317072745,29727375
2014-05-28,11.751994132995605,11.805200615152074,11.708764181159204,11.735367422237438,27146899
2014-05-29,11.768623352050781,11.78525090612813,11.638932629124758,11.7619731701953,18756314
2014-05-30,11.795223236083984,11.81517545551314,11.735366577796517,11.735366577796517,21402063
2014-06-02,11.785249710083008,11.821828645789983,11.738693403166733,11.805201933175482,21478722
2014-06-03,11.705437660217285,11.838453854121708,11.688810111119729,11.781921866740428,29475285
2014-06-04,11.655558586120605,11.705439561966884,11.622304322297973,11.705439561966884,35623544
2014-06-05,11.672189712524414,11.682166247376896,11.572427723102232,11.66221317767193,29479257
2014-06-06,11.64558219909668,11.672185442528798,11.602352243435243,11.662208911325996,22681047
2014-06-09,11.642256736755371,11.678836511541295,11.618979003628095,11.655558778414019,23382237
2014-06-10,11.618980407714844,11.672186901228418,11.592377160958057,11.612329386081782,23427121
2014-06-11,11.575748443603516,11.652233505146656,11.572423772896547,11.622304750580943,21620390
2014-06-12,11.582401275634766,11.595703319644095,11.512567224136804,11.585726786637098,25238618
2014-06-13,11.648906707763672,11.68881114959264,11.565771474215497,11.612326936274386,26449151
2014-06-16,11.632280349731445,11.668859282554765,11.605676268004949,11.628954839515634,18681243
2014-06-17,11.64558219909668,11.688812154758116,11.622304466065494,11.64558219909668,22918837
2014-06-18,11.705437660217285,11.708763170036796,11.628953453694143,11.645580163016493,26878656
2014-06-19,11.758646011352539,11.768621702625351,11.705439525313071,11.722066237284652,25836536
2014-06-20,11.768623352050781,11.888338382305854,11.755322148564362,11.848433092295677,38374816
2014-06-23,11.768623352050781,11.828480867178317,11.725393391000594,11.828480867178317,19208062
2014-06-24,11.735371589660645,11.831808057899691,11.708768339135158,11.76862502298582,28023916
2014-06-25,11.725391387939453,11.735367918681561,11.672184903532177,11.712089346949977,20224630
2014-06-26,11.725391387939453,11.742018099400983,11.672184903532177,11.742018099400983,20905695
2014-06-27,11.775272369384766,11.78192338988362,11.672184910753801,11.695462642724472,27727605
2014-06-30,11.758646011352539,11.821828188664819,11.748669480304386,11.771947212974736,25313159
2014-07-01,11.79854965209961,11.815176362938328,11.688811177148326,11.715414418355447,28829570
2014-07-02,11.861736297607422,11.861736297607422,11.781926549543865,11.798553265474611,18834959
2014-07-03,11.918265342712402,11.928241873654448,11.868384367552835,11.921590853026418,15465909
2014-07-07,11.97812557220459,12.004728820989992,11.921593563563667,11.938220279138724,25919948
2014-07-08,12.028534889221191,12.086039181193085,11.977796009062146,12.021769477408343,26664698
2014-07-09,12.058979034423828,12.082657122819091,12.0116228576333,12.07589171064367,21064972
2014-07-10,12.075891494750977,12.099570436941617,11.967648318754252,11.967648318754252,19322456
2014-07-11,12.096192359924316,12.119870456957473,12.031922629249303,12.082661530637358,15304646
2014-07-14,12.130014419555664,12.157075214631448,12.079274681347183,12.130014419555664,16635266
2014-07-15,12.258554458618164,12.295763376659577,12.150311265281866,12.160459384989206,46323053
2014-07-16,12.329590797424316,12.363417014557857,12.289000020239246,12.329590797424316,26775252
2014-07-17,12.18752384185791,12.33635785026392,12.170610303935122,12.26870626123003,25345332
2014-07-18,12.234874725341797,12.24164013757233,12.17737042981969,12.238257431457065,21359430
2014-07-21,12.16384220123291,12.231493770568656,12.136780548436004,12.201050265390977,27694638
2014-07-22,12.157079696655273,12.21120130676018,12.099575379141429,12.187523209116664,24077867
2014-07-23,12.136777877807617,12.163839524649761,12.109717085184123,12.143543289518153,20098055
2014-07-24,12.008241653442383,12.082658634023376,11.849259572748016,11.984563562085649,59780983
2014-07-25,12.021772384643555,12.075893983797295,11.960886226259749,11.964268932984217,24710209
2014-07-28,12.058979034423828,12.099570653257643,12.008240151545591,12.025152827765433,27265132
2014-07-29,12.376948356628418,12.677999907747962,12.332974016264592,12.661087225588957,122407772
2014-07-30,12.29914379119873,12.390473434669556,12.201047881631789,12.329586436209892,27070901
2014-07-31,12.038683891296387,12.24840569337014,12.011623096275779,12.194284103328926,45815166
2014-08-01,11.950736045837402,12.116483521449032,11.933823369349598,12.102953551102532,31726218
2014-08-04,11.994709968566895,12.018388058228254,11.906763022458627,11.964267320587112,28201465
2014-08-05,11.876324653625488,11.994715153104831,11.84249843053748,11.960889784235947,25824752
2014-08-06,11.710570335388184,11.845875159449523,11.622623395654482,11.839109747402718,47586016
2014-08-07,11.57188606262207,11.768077058708482,11.558355236717377,11.754546232803786,27471941
2014-08-08,11.659831047058105,11.66997916477459,11.561735992673409,11.60232675510202,24852936
2014-08-11,11.659831047058105,11.757926955661466,11.6395356658438,11.734248868541666,19495768
2014-08-12,11.717341423034668,11.737637669006102,11.663219808882396,11.697046031282342,20287520
2014-08-13,11.734248161315918,11.781604332701352,11.669978461422392,11.754543541307017,21118594
2014-08-14,11.80866813659668,11.815433549725835,11.70380764997007,11.781607338298883,19315571
2014-08-15,11.751165390014648,11.828965942867876,11.65645215631708,11.815435114817248,35684580
2014-08-18,11.720720291137695,11.80528539232556,11.693659492926333,11.795138126883066,24488836
2014-08-19,11.663216590881348,11.734251723743826,11.612477698390359,11.734251723743826,27113402
2014-08-20,11.68012523651123,11.69027335319227,11.649682594905265,11.683507942071577,16615538
2014-08-21,11.717341423034668,11.754550353096521,11.67336793186811,11.680132492972815,21093836
2014-08-22,11.669981956481934,11.713955435335428,11.619243064199017,11.690277342551326,18913870
2014-08-25,11.673365592956543,11.724104489280709,11.653069351051728,11.676748299940678,22933666
2014-08-26,11.669981956481934,11.720720848764849,11.656451129623093,11.703808169410166,19602614
2014-08-27,11.754547119140625,11.768077946065594,11.683511986222282,11.700425519878493,19665902
2014-08-28,11.751165390014648,11.754548097027307,11.690278372224707,11.724104588132334,13954563
2014-08-29,11.825583457946777,11.825583457946777,11.710573980013319,11.74778290363241,16826716
2014-09-02,11.784988403320312,11.839109992377253,11.737632226450167,11.81543190394218,16803149
2014-09-03,11.828965187072754,11.839112453243438,11.778225439343787,11.822199773479706,17247218
2014-09-04,11.818817138671875,11.839112525355748,11.778225511085234,11.832347965940386,16528684
2014-09-05,11.889851570129395,11.927060491371316,11.798521901782987,11.822199995584608,23565876
2014-09-08,11.84249496459961,11.87970388452841,11.805286044670806,11.87970388452841,14281061
2014-09-09,11.724102020263672,11.859406854259074,11.686893105493061,11.852641441715553,24867765
2014-09-10,11.737638473510742,11.764699282441644,11.632777091461735,11.747785742972852,23461015
2014-09-11,11.788373947143555,11.798522067866632,11.669982622249993,11.707191544015691,21216835
2014-09-12,11.669981956481934,11.808668660690708,11.622625770913727,11.781607861191894,26758172
2014-09-15,11.734248161315918,11.764691658411872,11.642917670028057,11.707187369921582,19449428
2014-09-16,11.822200775146484,11.842496163426318,11.697044029946428,11.707192151195825,20727617
2014-09-17,11.845876693725586,11.903380995133995,11.781606979394116,11.845876693725586,22689653
2014-09-18,11.893231391906738,11.920292186003975,11.842492509751755,11.879701421967468,22813182
2014-09-19,11.998091697692871,12.001474403685966,11.91690931651464,11.9575009342131,28988053
2014-09-22,12.008241653442383,12.02515433177753,11.93720737937218,11.994710827399212,21741669
2014-09-23,11.927059173583984,12.011624273085786,11.916911054124997,11.99471074065414,22247437
2014-09-24,11.97441291809082,12.004856416050998,11.899995953198514,11.950734831725933,17625485
2014-09-25,11.866172790527344,11.984564106911977,11.832347432319324,11.981181400247404,28120436
2014-09-26,11.93382453918457,11.954119923803173,11.825581348926951,11.906763741620166,19001121
2014-09-29,11.916912078857422,11.930442905966252,11.828965119525563,11.886468572081439,19824252
2014-09-30,11.920291900634766,11.97441348753358,11.87293572565297,11.927057312551787,26500522
2014-10-01,11.825583457946777,11.916913132127974,11.815435336718219,11.869556941499283,38207860
2014-10-02,11.828965187072754,11.879704080582835,11.778225439343787,11.852643280429533,32870021
2014-10-03,11.960886001586914,12.231493992272528,11.866172777737523,11.9270597891965,27509542
2014-10-06,12.004860877990723,12.086043284652014,11.96088739471463,12.02853897315623,29290720
2014-10-07,11.950736045837402,12.045448400919064,11.943970633554793,12.018387606007343,28325126
2014-10-08,12.098408699035645,12.10529278330883,11.915985681011586,12.01924433750169,33299527
2014-10-09,11.929753303527832,12.122501569936935,11.909101920856058,12.081198804593386,28608330
2014-10-10,11.788637161254883,11.977944306802078,11.785195118331906,11.964176135110169,38318149
2014-10-13,11.640636444091797,11.819617503652669,11.640636444091797,11.76110449838096,31301743
2014-10-14,11.647515296936035,11.723238486904812,11.606212528955409,11.661283465731294,29970858
2014-10-15,11.657845497131348,11.695707105345711,11.392815978036568,11.592448410907325,64291719
2014-10-16,11.578676223754883,11.644073287310155,11.444440923638474,11.575235050749017,38686088
2014-10-17,11.730121612548828,11.771425249416707,11.585560187315105,11.619979739837909,32399074
2014-10-20,11.79896068572998,11.802402727893222,11.647515176560178,11.73012158087028,20202519
2014-10-21,11.915986061096191,11.929754230081727,11.733563906455968,11.7955189284857,28822024
2014-10-22,11.874685287475586,11.974501921782007,11.833381642782614,11.971059878957366,33051144
2014-10-23,11.585563659667969,11.740451257841249,11.513283359988991,11.716357824614922,73984061
2014-10-24,11.657845497131348,11.681938931739442,11.468538325262413,11.5717970197008,39501672
2014-10-27,11.740449905395508,11.785194723489598,11.654401442812256,11.661285528427571,33575051
2014-10-28,11.816174507141113,11.843709985683846,11.730126028044712,11.809290420204706,34478814
2014-10-29,11.8402681350708,11.926316615568767,11.76110374162137,11.8402681350708,29961590
2014-10-30,11.878124237060547,11.891891535571173,11.74388894787003,11.795517838389266,24470433
2014-10-31,11.991707801818848,11.995149843648946,11.902217321843729,11.96417233638054,31816117
2014-11-03,11.991707801818848,12.057104858185758,11.912543447334023,12.03645347640765,29410542
2014-11-04,11.974499702453613,12.074315449057664,11.922869938855666,12.036454723409094,23619630
2014-11-05,12.019245147705078,12.033013317179547,11.946963996369362,12.026129232442312,20637850
2014-11-06,11.95040512084961,12.029570350842025,11.881566886372463,12.012360140320826,23095459
2014-11-07,12.015802383422852,12.036454636393758,11.885008258084042,11.94696327859163,23810419
2014-11-10,12.08808422088623,12.094967436400468,11.929754618411671,12.067432835938284,23728331
2014-11-11,12.081205368041992,12.098414718084172,11.977947529382929,12.098414718084172,16276726
2014-11-12,12.184459686279297,12.198227857697436,12.033015015896222,12.063992532384292,24825000
2014-11-13,12.256741523742676,12.35655817149918,12.146600484526521,12.174135961631272,27672659
2014-11-14,12.356558799743652,12.442607278721319,12.25330097265161,12.267068277302531,27213893
2014-11-17,12.33934211730957,12.356551455194975,12.263618944528089,12.342784158727127,17157451
2014-11-18,12.294596672058105,12.346226425059626,12.26017712645789,12.31180687945941,22670190
2014-11-19,12.174135208129883,12.273950980505576,12.108738128102692,12.263624851279348,25610000
2014-11-20,12.143155097961426,12.198226037008693,12.112177586097012,12.167248525144279,16227076
2014-11-21,12.143155097961426,12.218877421850765,12.043338477686623,12.211993337169204,37419682
2014-11-24,11.943526268005371,12.081203656446442,11.778312532673214,12.039900874515556,48569086
2014-11-25,11.984825134277344,11.995151260987768,11.805844153178835,11.926312154656777,38848940
2014-11-26,12.091527938842773,12.115621369487922,11.998595389894854,12.00892151840109,18725200
2014-11-28,12.177577018737793,12.242974102184435,12.125948108312693,12.143158324589622,16749262
2014-12-01,12.067431449890137,12.174131273935517,12.015801689646471,12.143153765470323,26415124
2014-12-02,11.802404403686523,12.05022365180405,11.761100761065592,12.008920878385807,48895982
2014-12-03,11.702589988708496,11.792080506984675,11.675054511485277,11.788638463681416,40703335
2014-12-04,11.671611785888672,11.737008866421938,11.616540834661542,11.730124780217848,30441540
2014-12-05,11.681936264038086,11.685378306653625,11.606213934104284,11.661284877547537,25014862
2014-12-08,11.661286354064941,11.73356665053512,11.650960224910863,11.695705915375747,22613920
2014-12-09,11.320533752441406,11.471978421183891,11.151878000409955,11.465094335549397,78454282
2014-12-10,11.182854652404785,11.320532877644627,11.155319181197349,11.320532877644627,46031111
2014-12-11,11.258577346801758,11.375603311502267,11.210389622441026,11.22759983442794,37104703
2014-12-12,11.069273948669434,11.213835431909006,11.069273948669434,11.193184039789902,39813210
2014-12-15,11.100249290466309,11.165646366730957,11.038294257079034,11.124342721405194,39714307
2014-12-16,11.062389373779297,11.293000197286291,11.055506156178382,11.096808938595396,38332580
2014-12-17,11.244811058044434,11.289556747492048,11.069272081632628,11.089923470268497,38316163
2014-12-18,11.533933639526367,11.533933639526367,11.306765763545785,11.365278753977314,49812455
2014-12-19,11.544260025024414,11.619982362301979,11.478862947392155,11.52360776732827,53222549
2014-12-22,11.650959014892578,11.695704700710369,11.55458442707193,11.585561942114184,30042487
2014-12-23,11.71291446685791,11.757659285084639,11.671610822246311,11.726681768926623,25684541
2014-12-24,11.688819885253906,11.76798425466063,11.678493757817211,11.70947127092465,11693436
2014-12-26,11.761102676391602,11.781754066463854,11.695706462962326,11.719799896247093,15208523
2014-12-29,11.740449905395508,11.79552085191257,11.709472389329319,11.726681734164877,16825524
2014-12-30,11.730121612548828,11.771425249416707,11.71291227088871,11.733563654721365,16377483
2014-12-31,11.561469078063965,11.730123963098922,11.54425973295534,11.69570527288167,32011804
2015-01-02,11.657845497131348,11.692265061944143,11.561470889496098,11.561470889496098,27226736
2015-01-05,11.54770278930664,11.675054919162786,11.537377528239173,11.657845571248416,40288128
2015-01-06,11.564911842346191,11.63719300855736,11.478863373029867,11.623424836249404,39184839
2015-01-07,11.632342338562012,11.779631637874626,11.478039937837881,11.776124644366657,41917840
2015-01-08,11.748068809509277,11.776123870124081,11.625327587217873,11.656889641110073,30186935
2015-01-09,11.712995529174805,11.81469564065101,11.709488537164862,11.790147582185456,28456070
2015-01-12,11.744560241699219,11.839246390681735,11.741053248891987,11.779629284167289,26704948
2015-01-13,11.744560241699219,11.89535650438895,11.66740905675286,11.825219305057054,32120637
2015-01-14,11.68844985961914,11.730532886735427,11.586750612961474,11.67091578158982,29251794
2015-01-15,11.663908004760742,11.807690355069129,11.635852933617757,11.744566223596237,34160392
2015-01-16,11.85327434539795,11.87431541660778,11.621819019672822,11.621819019672822,49685616
2015-01-20,11.905877113342285,11.909384106040687,11.765600947823115,11.877822057359294,26821460
2015-01-21,11.923415184020996,12.004073386281558,11.800673940891501,11.856784957251582,46140473
2015-01-22,11.84976577758789,11.898861899086652,11.674421474401885,11.867299853664841,46017076
2015-01-23,11.70247745513916,11.853274606545375,11.69195736210459,11.853274606545375,33695800
2015-01-26,11.635848999023438,11.691959122336097,11.59025985593355,11.684945135520916,37778354
2015-01-27,11.50609302520752,11.614806262875613,11.50609302520752,11.604285284157694,40787276
2015-01-28,11.460503578186035,11.797164286803742,11.446476491462453,11.737547175618818,60702355
2015-01-29,11.558697700500488,11.607793836571645,11.365818378384226,11.460504542753789,41138534
2015-01-30,11.544670104980469,11.723521459444022,11.474532891954484,11.492066973809875,74515912
2015-02-02,11.769107818603516,11.790149774575944,11.502585232328162,11.681435658864352,49371298
2015-02-03,12.042644500732422,12.042644500732422,11.800669107456894,11.804176099893253,55119974
2015-02-04,12.067194938659668,12.18642916256088,12.004070833582047,12.039139879247871,39537685
2015-02-05,12.112785339355469,12.13382730030857,12.035634139340683,12.095251257498969,25257154
2015-02-06,12.228513717651367,12.291637830591661,12.06719644173679,12.095251504643095,36686981
2015-02-09,12.147857666015625,12.2425438590365,12.130323579428644,12.172405741479261,26626434
2015-02-10,12.221497535705566,12.29864872344147,12.200456463705644,12.2250045286396,26313308
2015-02-11,12.06017780303955,12.21448103231221,12.011081683290833,12.200453949071475,42241293
2015-02-12,12.137332916259766,12.140839023749603,12.007577714193365,12.067194825585336,26302054
2015-02-13,12.154869079589844,12.179417149852378,12.053169804844417,12.116293034546164,21293098
2015-02-17,12.172404289245605,12.179418277285453,12.081225101541229,12.13382912623554,25493090
2015-02-18,12.09524917602539,12.179414348540544,12.046153046792618,12.179414348540544,22638546
2015-02-19,11.954977989196777,12.091746330746501,11.93393691025172,12.091746330746501,25044784
2015-02-20,11.951467514038086,11.951467514038086,11.860288351027554,11.94445441350213,28177368
2015-02-23,11.870808601379395,11.940946687267013,11.832232565580778,11.912891630032817,31006491
2015-02-24,11.940948486328125,11.965496554406004,11.783138212106914,11.835741341645855,25661768
2015-02-25,11.99705696105957,12.000563068356682,11.916398781140625,11.969001903452794,23617777
2015-02-26,12.09875774383545,12.130319798337664,11.944455350273925,11.965496424740609,30658809
2015-02-27,12.119797706604004,12.126811692650994,12.05667360338968,12.070701575483662,26299406
2015-03-02,12.147857666015625,12.151364660453952,11.99706221879548,12.119802596113662,28648182
2015-03-03,12.067194938659668,12.151360116895054,12.046153865501902,12.109277084975199,26747978
2015-03-04,11.923415184020996,12.081224594669333,11.912895088007147,12.081224594669333,30971405
2015-03-05,11.923415184020996,11.99355329026771,11.919908190148208,11.976018320903774,19229908
2015-03-06,11.74105453491211,11.842754680648499,11.7024784954115,11.77612358122136,52644226
2015-03-09,11.695466995239258,11.779632186537446,11.681439020553995,11.730536046347952,25771925
2015-03-10,11.495574951171875,11.66390533956641,11.485053969795532,11.66390533956641,42989618
2015-03-11,11.439465522766113,11.534151704142495,11.40439646830028,11.530644710135459,38424598
2015-03-12,11.618317604064941,11.646372672208376,11.467521280692253,11.516617428542114,35770243
2015-03-13,11.488561630249023,11.58324781131711,11.432451497528204,11.569219835334632,35493792
2015-03-16,11.593766212463379,11.6077932997188,11.460504012712976,11.499080052472989,27183706
2015-03-17,11.537652969360352,11.614804142393684,11.492062955510209,11.520118008031794,31647837
2015-03-18,11.779629707336426,11.779629707336426,11.464010084994023,11.548175258578379,63352473
2015-03-19,11.642863273620605,11.751576529525453,11.635849286632057,11.751576529525453,26365739
2015-03-20,11.653383255004883,11.78313847061167,11.646370153689052,11.66741122884536,51174983
2015-03-23,11.670919418334961,11.811194743093038,11.670919418334961,11.70248059150159,31754551
2015-03-24,11.597272872924805,11.720014098881549,11.597272872924805,11.653382995829993,26648413
2015-03-25,11.439465522766113,11.611302915483689,11.439465522766113,11.579740855024895,38611944
2015-03-26,11.509599685668945,11.618312920196953,11.43595460797922,11.442968593588573,40546441
2015-03-27,11.485051155090332,11.555189242534505,11.467517076031427,11.551682249601868,27608975
2015-03-30,11.562202453613281,11.586750516892486,11.502585348961976,11.50959933435724,25029293
2015-03-31,11.449984550476074,11.583245871975414,11.449984550476074,11.562204797129075,36939865
2015-04-01,11.534148216247559,11.541161316536344,11.411407005536027,11.43946206350401,33583260
2015-04-02,11.618317604064941,11.653385775040784,11.509604325709706,11.53765939385314,25518644
2015-04-06,11.68844985961914,11.71650491582859,11.593764598414891,11.625325761746826,30415590
2015-04-07,11.628833770751953,11.730533911901723,11.628833770751953,11.695464867174069,31782620
2015-04-08,11.668963432312012,11.740442005138787,11.640370920131598,11.697555041951006,28308709
2015-04-09,11.683258056640625,11.718997792093997,11.593909169277875,11.643944257387778,27901579
2015-04-10,11.711848258972168,11.733292639195499,11.668961303608016,11.711848258972168,19944206
2015-04-13,11.751161575317383,11.81906606897093,11.686830242347733,11.70827371915721,30095844
2015-04-14,11.683258056640625,11.7690328802039,11.658240512585673,11.765458816404427,24182992
2015-04-15,11.754739761352539,11.779757310161687,11.665390857010422,11.69040840581957,26289344
2015-04-16,11.70469856262207,11.758308603449995,11.686829150706853,11.708272625513342,23298825
2015-04-17,11.618925094604492,11.686830492251302,11.568890013465388,11.668961078284834,39344249
2015-04-20,11.733297348022461,11.747592704700462,11.668965986617406,11.668965986617406,32192530
2015-04-21,11.672534942626953,11.740440344366876,11.643943337032452,11.736866280849902,26109810
2015-04-22,11.744014739990234,11.754736930844366,11.633222377996134,11.715423133587198,39422762
2015-04-23,12.233647346496582,12.294404629049428,11.911991516380917,11.95487938158233,120977720
2015-04-24,12.155021667480469,12.265814049955798,12.137152248628201,12.226501147972511,55670096
2015-04-27,12.183611869812012,12.258664503359498,12.165742453026814,12.16931651689213,32396824
2015-04-28,12.458803176879883,12.505264189040034,12.212200059537668,12.251513848509346,64463442
2015-04-29,12.423068046569824,12.591043648109672,12.344440439538927,12.358736696286893,53916590
2015-04-30,12.380180358886719,12.473103321475309,12.348014683277533,12.40162474432049,39313797
2015-05-01,12.301548957824707,12.408767233903081,12.197904744621095,12.35158403298913,45237902
2015-05-04,12.340863227844238,12.405194561719616,12.240793066296968,12.297976273621474,28207820
2015-05-05,12.051375389099121,12.358734937483206,12.029931007028976,12.326569266919321,42109820
2015-05-06,11.929861068725586,12.076394083339363,11.82264275832093,12.047802473728693,40648786
2015-05-07,11.926283836364746,11.994189229603341,11.833361806721843,11.883396884612818,29979994
2015-05-08,12.040654182434082,12.090689272938983,12.004914445269977,12.051376374345734,36650174
2015-05-11,11.9691743850708,12.044227921343946,11.929860584997183,12.026357601973492,28439123
2015-05-12,12.029932975769043,12.130004067516035,11.804774147515161,11.904844336720673,54656838
2015-05-13,12.115708351135254,12.201482280725827,11.99776694159458,12.019211326533679,46007411
2015-05-14,12.197909355163574,12.222926902201872,12.151447422771191,12.180039034035168,31655119
2015-05-15,12.26938533782959,12.290828816108224,12.15501891695517,12.190758649113745,37421668
2015-05-18,12.462382316589355,12.515991476318062,12.24437071081226,12.25151883945382,78926156
2015-05-19,12.283679962158203,12.455229570712087,12.212200507323505,12.433786095278142,50670407
2015-05-20,12.373030662536621,12.40519633406987,12.255091070303187,12.305126158225415,36118852
2015-05-21,12.533860206604004,12.587469363386711,12.337292997553595,12.34801428738527,55046624
2015-05-22,12.405198097229004,12.5195654470142,12.373032421124027,12.46953035198045,34886341
2015-05-26,12.390901565551758,12.42306723860124,12.24436945612252,12.365884020411361,53827220
2015-05-27,12.490972518920898,12.544581672599437,12.365883891976711,12.419493045655251,48502886
2015-05-28,12.437365531921387,12.498122824019129,12.380181401822144,12.494548759479079,25939411
2015-05-29,12.344437599182129,12.44450866576796,12.344437599182129,12.419491124756815,39567872
2015-06-01,12.27653694152832,12.365885845958049,12.23722313476595,12.340867394582835,37384067
2015-06-02,12.280111312866211,12.340867702956734,12.251519698835912,12.283685377437694,25829651
2015-06-03,12.519562721252441,12.569597805392542,12.280107686017072,12.312272452577641,51789452
2015-06-04,12.605340003967285,12.680392644859833,12.430216272676542,12.480251366604906,74433956
2015-06-05,12.35516357421875,12.569601123999547,12.330146025543606,12.566027059540021,48608277
2015-06-08,12.362310409545898,12.408771437574984,12.326570671231982,12.330144735317518,34329731
2015-06-09,12.33371639251709,12.433787459759213,12.330142329129023,12.362307997080373,31758258
2015-06-10,12.408773422241211,12.423069680869903,12.362312386781122,12.362312386781122,41457485
2015-06-11,12.465953826904297,12.501693560248297,12.430214093560298,12.44450944537311,40303619
2015-06-12,12.383755683898926,12.494548978962039,12.380181619296092,12.419495427385685,34250688
2015-06-15,12.29797649383545,12.355159702183908,12.294402430496016,12.344437512165603,32392322
2015-06-16,12.390901565551758,12.419493174646696,12.24436945612252,12.258664809399288,39362255
2015-06-17,12.437365531921387,12.455234952080083,12.344441658963198,12.408773015600989,40323612
2015-06-18,12.515990257263184,12.544581866503108,12.423067301598072,12.43736355748874,49429157
2015-06-19,12.505270957946777,12.530289411542476,12.465958050236768,12.480253406892695,47215164
2015-06-22,12.523136138916016,12.562449030480925,12.508839885589687,12.544579616364262,31228526
2015-06-23,12.834074020385742,12.955588604203452,12.691115951935949,12.71255943656803,92641472
2015-06-24,12.787610054016113,12.84836733199153,12.751870319464453,12.83764514086363,44278797
2015-06-25,12.930571556091309,13.027067691945597,12.880536455830448,12.912702135295739,63002805
2015-06-26,12.909126281738281,13.009196468392712,12.834072739206,13.00204834004841,39727812
2015-06-29,12.784035682678223,12.948437194101903,12.776887555431632,12.81977541636986,38394941
2015-06-30,12.694687843322754,12.91984664976964,12.673243459820085,12.876959687847087,41560492
2015-07-01,12.712562561035156,12.734006050937575,12.605344208981295,12.719710691849885,48951193
2015-07-02,12.769742012023926,12.841221493870409,12.737576335447159,12.812629881640117,29464693
2015-07-06,12.726852416992188,12.74472273630183,12.676817328007951,12.723279255671638,33947757
2015-07-07,12.784035682678223,12.812627289123268,12.641077650452997,12.791182907383496,35938524
2015-07-08,12.653923034667969,12.846695670015531,12.635736330423585,12.83214722514044,41827411
2015-07-09,12.508438110351562,12.744858931062241,12.486614974993316,12.737584246435896,43786401
2015-07-10,12.60300350189209,12.675748495223313,12.566631005226478,12.592091477336231,41042941
2015-07-13,12.686659812927246,12.719394966250361,12.610277482333132,12.639375294340287,35487437
2015-07-14,12.77394962310791,12.777586963391425,12.606636562667598,12.635734366415443,33288538
2015-07-15,12.63210391998291,12.777593936642205,12.613918127160886,12.766681909836525,38455448
2015-07-16,12.788503646850586,12.799415672463331,12.675749722934919,12.675749722934919,24430845
2015-07-17,12.733943939208984,12.817600037371475,12.693934101600586,12.766679093884841,28995997
2015-07-20,12.69393253326416,12.75212907101372,12.62482489098443,12.744854388979967,29415043
2015-07-21,12.573906898498535,12.61027939866499,12.508436581903052,12.61027939866499,36902131
2015-07-22,12.4647855758667,12.493883381229143,12.37385481929402,12.457510894896007,68577639
2015-07-23,12.341120719909668,12.490247099852384,12.315660252873654,12.468423973610143,49059893
2015-07-24,12.472061157226562,12.763039231857437,12.472061157226562,12.606638172298195,115520192
2015-07-27,12.482975006103516,12.606640944647333,12.373858433751014,12.446602509145817,66893246
2015-07-28,12.486610412597656,12.577541181640038,12.446600580292465,12.573903840655888,70106727
2015-07-29,12.61755084991455,12.697569594964223,12.501159614016684,12.537531186344438,56913596
2015-07-30,12.657565116882324,12.690300278263981,12.613917928866528,12.679388251629844,34369451
2015-07-31,12.635740280151367,12.726671074235535,12.628465596179664,12.708485282826983,39562312
2015-08-03,12.606642723083496,12.737583363194947,12.548447087149679,12.712122887288992,39293142
2015-08-04,12.577544212341309,12.65756389623334,12.548446395977118,12.653926554372731,34754868
2015-08-05,12.573906898498535,12.668475031523046,12.552083765806932,12.65392658256887,30236982
2015-08-06,12.453874588012695,12.58117784148397,12.348395379264772,12.566628478335069,43340081
2015-08-07,12.442968368530273,12.461154161084643,12.38113538791635,12.406595864900773,33930942
2015-08-10,12.650291442871094,12.650291442871094,12.439332007406511,12.475703595383882,38634055
2015-08-11,12.60300350189209,12.715758333407546,12.573905688263718,12.584817712819577,46873175
2015-08-12,12.373857498168945,12.392043286012479,12.166535475262366,12.315661874845011,82054238
2015-08-13,12.297477722167969,12.428417432797303,12.290203038655049,12.370221801735234,47029936
2015-08-14,12.38476848602295,12.38476848602295,12.28656303543333,12.33384663098364,30133710
2015-08-17,12.450241088867188,12.450241088867188,12.330213398455065,12.352036531391752,27870994
2015-08-18,12.493886947631836,12.522984761300304,12.410230848150064,12.424779295724004,27192577
2015-08-19,12.497525215148926,12.548446163211542,12.3920450587099,12.4757011643901,27988433
2015-08-20,12.34839916229248,12.533897169626904,12.34839916229248,12.428417928564597,50793142
2015-08-21,12.141077041625977,12.348400033517805,12.141077041625977,12.257469235125525,55126991
2015-08-24,11.773716926574707,11.890108196631969,11.264504660813826,11.704609265532941,102254241
2015-08-25,11.566391944885254,12.042868930958264,11.55547992162417,12.042868930958264,67092641
2015-08-26,11.890107154846191,11.948302784775846,11.642775268384844,11.770078553301198,65711709
2015-08-27,12.162897109985352,12.18108289629781,11.937389318220923,12.006496041024615,56389028
2015-08-28,12.108343124389648,12.166538763441778,12.039235458569955,12.12652891714815,31979896
2015-08-31,12.075604438781738,12.104702249816665,12.006496793128598,12.075604438781738,29507326
2015-09-01,11.755531311035156,11.926481808553488,11.6973356705883,11.85737414107755,43755552
2015-09-02,11.937392234802246,11.991950525589916,11.8210000509957,11.991950525589916,31899132
2015-09-03,12.017410278320312,12.090154355494821,11.973763097199114,11.991949805383204,30231422
2015-09-04,11.84282398223877,11.922842746682587,11.766441641092737,11.886470247018794,38818224
2015-09-08,12.053781509399414,12.071968217058068,11.933753831455245,11.984674775858297,24958724
2015-09-09,11.922843933105469,12.184724303406886,11.901020798543872,12.148351800123724,29868248
2015-09-10,11.911927223205566,11.944662371438007,11.839183163760447,11.919201904706195,33897445
2015-09-11,11.901016235351562,11.922839361545543,11.842820619820678,11.904653576137292,23338016
2015-09-14,11.839187622070312,11.922843735268948,11.824638253590164,11.908295285309539,24500223
2015-09-15,11.951939582824707,11.977400054945777,11.835548328259481,11.886469272501621,29620131
2015-09-16,11.981038093566895,12.039233724235544,11.915567779434504,11.95194027823257,31132801
2015-09-17,11.922843933105469,12.053783658995801,11.788265946513992,11.904658140724264,50208860
2015-09-18,11.839187622070312,11.926481077388985,11.788265750910533,11.886471232589317,59086413
2015-09-21,11.84282398223877,11.890107588837239,11.80281414075653,11.839186640420325,26308277
2015-09-22,11.737340927124023,11.802811226650148,11.686419991279456,11.755526713205532,33786759
2015-09-23,11.711885452270508,11.762806409823952,11.653689809774908,11.744620615989387,20838701
2015-09-24,11.679146766662598,11.722793026112196,11.6209511417161,11.646411612815124,32757614
2015-09-25,11.759167671203613,11.893745652571951,11.697334693578277,11.737344537489,35885961
2015-09-28,11.602764129638672,11.762801622102343,11.595489447657473,11.733703812697998,47564568
2015-09-29,11.664600372314453,11.704610219101484,11.584581597261174,11.635502552429553,44731605
2015-09-30,11.850099563598633,11.897384095964979,11.726433596900067,11.77008078689048,46095722
2015-10-01,11.831913948059082,11.87192379627486,11.700973294640768,11.813727235906086,40799722
2015-10-02,11.871918678283691,11.871918678283691,11.70824293207151,11.762801207968765,37741812
2015-10-05,12.159262657165527,12.181085789628137,11.991950444084416,11.995587785914962,36908751
2015-10-06,12.115614891052246,12.191997228778975,12.093791759639162,12.184722545467741,36895908
2015-10-07,12.275839805603027,12.357381898724915,12.235068291038749,12.257306873525323,27817637
2015-10-08,12.379618644714355,12.38332523058003,12.183176145879324,12.272131398635919,22912085
2015-10-09,12.28325080871582,12.424097334333272,12.231360476123378,12.387032409907281,25621121
2015-10-12,12.342555046081543,12.346261632344833,12.257306370045779,12.305491055461912,18806361
2015-10-13,12.312902450561523,12.338848552631486,12.253599882421314,12.301783628538107,29324746
2015-10-14,12.331439018249512,12.375916191476584,12.268428909505456,12.316612669835925,31356160
2015-10-15,12.412976264953613,12.416682850605325,12.305489025079932,12.353672766539209,25381610
2015-10-16,12.538999557495117,12.550119317221018,12.431512290838262,12.509347800899429,44005788
2015-10-19,12.464868545532227,12.487107125251262,12.38703211250577,12.464868545532227,37404059
2015-10-20,12.509345054626465,12.546409976235605,12.424096390129993,12.45004155445444,26593864
2015-10-21,12.453749656677246,12.579769843889578,12.353674636948638,12.55753126261876,36032660
2015-10-22,12.587187767028809,12.661316711245155,12.40186306647051,12.40186306647051,44087479
2015-10-23,12.50564193725586,12.876289384131882,12.461164767794525,12.861463972980358,61210374
2015-10-26,12.47598934173584,12.513054271137525,12.409272656014144,12.509347684596687,33655021
2015-10-27,12.309199333190918,12.457458124062287,12.29066639932777,12.44263177697177,32379744
2015-10-28,12.387031555175781,12.453748227337659,12.27954431136449,12.364792976457327,36829443
2015-10-29,12.43521499633789,12.4796930887009,12.335140926532473,12.409269832462172,23622543
2015-10-30,12.420392990112305,12.509348263186745,12.420392990112305,12.46116450794062,32546303
2015-11-02,12.45745849609375,12.52046860109667,12.375915456674212,12.487110255153548,33813239
2015-11-03,12.464868545532227,12.509345704970299,12.401857520316275,12.435215857898106,23438507
2015-11-04,12.409272193908691,12.520466977973,12.394446784304117,12.513053805167377,22900036
2015-11-05,12.357381820678711,12.438923913285597,12.331436651940459,12.412978744547345,21372935
2015-11-06,12.290665626525879,12.331437142454444,12.179471774365593,12.312904209756596,28458718
2015-11-09,12.17205810546875,12.220242792513696,12.138699763978146,12.21653620612511,27055013
2015-11-10,12.153523445129395,12.194294950458879,12.109045354223916,12.1794686081549,25504609
2015-11-11,12.20171070098877,12.231362458133114,12.157233533275615,12.172058943844425,18587504
2015-11-12,12.116461753845215,12.17947185341345,12.094223170470164,12.172058680286195,23048722
2015-11-13,11.975614547729492,12.172058008723166,11.975614547729492,12.09792908956064,31282016
2015-11-16,12.246186256408691,12.249892842281275,11.942254638915653,11.990439319252705,31248518
2015-11-17,12.32773208618164,12.424100540152764,12.253603154208575,12.257308805201433,26966835
2015-11-18,12.431514739990234,12.446340153205501,12.2387778161435,12.324026516150246,29437551
2015-11-19,12.46115779876709,12.509341528070761,12.40555996402392,12.424092887607058,23783277
2015-11-20,12.47598934173584,12.520467444219204,12.435217825793314,12.505641098055849,27081890
2015-11-23,12.401860237121582,12.483403273965475,12.390741412829604,12.475990100432984,20222379
2015-11-24,12.375911712646484,12.450041555873213,12.305489391188246,12.338847727039624,23457970
2015-11-25,12.398153305053711,12.41668530096296,12.320316863020203,12.361088377228548,19332651
2015-11-27,12.442632675170898,12.52046913100139,12.409274327815949,12.416687501896343,12349080
2015-11-30,12.479696273803711,12.509348030944691,12.387034415737304,12.45004451666273,32970645
2015-12-01,12.516759872436523,12.590889725404853,12.446336605717272,12.520466458685602,22192226
2015-12-02,12.438926696777344,12.583479854390836,12.43151445834109,12.513056569194871,34227518
2015-12-03,12.268425941467285,12.475988216995102,12.235067601613773,12.457456221968314,38062749
2015-12-04,12.642778396606445,12.665016975166846,12.294369631129793,12.301782802652095,47248132
2015-12-07,12.702079772949219,12.74655692263332,12.557527632466364,12.557527632466364,44958009
2015-12-08,12.54641056060791,12.639072400943407,12.464868478075031,12.583475483943419,37627948
2015-12-09,12.442632675170898,12.68725993176931,12.40556774077575,12.509349369880796,33169113
2015-12-10,12.479696273803711,12.61312964894149,12.435218170088875,12.464870863236584,36691880
2015-12-11,12.294371604919434,12.450043551847479,12.264719850076313,12.383326869448794,35682992
2015-12-14,12.453749656677246,12.472281651735157,12.27213254828456,12.286957957129566,34951217
2015-12-15,12.531590461730957,12.576067639770535,12.383330705580512,12.498232110197801,33575978
2015-12-16,12.75026798248291,12.779919738014048,12.564945212418305,12.568650862853854,41299135
2015-12-17,12.613130569458008,12.828106058420888,12.613130569458008,12.757682779068986,36701942
2015-12-18,12.453749656677246,12.602008425160395,12.453749656677246,12.553824676405855,67810381
2015-12-21,12.635364532470703,12.642777703586649,12.50934436752544,12.572354449998072,26999538
2015-12-22,12.753971099853516,12.77991626188536,12.605712362524102,12.709493946657902,27045745
2015-12-23,12.891112327575684,12.94300265691526,12.761385568220225,12.761385568220225,25565910
2015-12-24,12.846635818481445,12.891113917692103,12.802157719270788,12.891113917692103,9085818
2015-12-28,12.883700370788574,12.928178468706813,12.824396864235329,12.83180910054953,18441202
2015-12-29,12.9467134475708,12.968952033652355,12.894823101378234,12.95042003458553,19023364
2015-12-30,12.876287460327148,12.954123899265339,12.854048878919077,12.946710726793773,18210826
2015-12-31,12.753971099853516,12.846632927685203,12.746557928985439,12.809568009351244,26826623
2016-01-04,12.731738090515137,12.731738090515137,12.602011287623318,12.631663048055149,42076058
2016-01-05,12.820694923400879,12.85775986242806,12.64649092678216,12.731739631339813,40656465
2016-01-06,12.860535621643066,12.917173148769736,12.732156718275508,12.769914434009403,35631223
2016-01-07,12.652863502502441,12.8756386037534,12.652863502502441,12.694398134319824,46487494
2016-01-08,12.664189338684082,12.822774962139924,12.615102790207496,12.751033597034127,37192219
2016-01-11,12.819000244140625,12.875637767971439,12.66041460529888,12.747258872074514,35004971
2016-01-12,12.800122261047363,12.909621354124052,12.709501072501766,12.875638646800912,31940308
2016-01-13,12.739706039428711,12.951153224963155,12.73593007763917,12.841654147169242,53279481
2016-01-14,12.951153755187988,13.04554994321405,12.743482522940953,12.79256907468892,48097478
2016-01-15,12.834102630615234,12.966257483337605,12.690620845690715,12.709499701711453,59476860
2016-01-19,13.030448913574219,13.064431622408465,12.87941518182528,12.917173853143986,48662031
2016-01-20,12.800122261047363,12.970034844137226,12.622656799798557,12.890741542541287,66901190
2016-01-21,13.04177188873291,13.170151713657763,12.758584323617583,12.834100689806474,54250503
2016-01-22,13.268324851989746,13.283428699571335,13.102188249746659,13.170153656812346,43877095
2016-01-25,13.215461730957031,13.37782330564569,13.12861747820167,13.287203091441103,40070066
2016-01-26,13.366497993469238,13.4306874434071,13.189033492359053,13.226792160591762,55180480
2016-01-27,13.39670181274414,13.517528761890684,13.177702729034632,13.211685427672796,66548212
2016-01-28,13.4155855178833,13.513757687951406,13.294759478564167,13.506206716043042,34668146
2016-01-29,13.61570930480957,13.61570930480957,13.472227452472497,13.483554389996419,57303382
2016-02-01,13.66101360321045,13.74408190528306,13.547737605628805,13.608152043121127,44156062
2016-02-02,13.61570930480957,13.66857184285054,13.51376114593718,13.645917014276513,38592482
2016-02-03,13.864906311035156,13.895113047436357,13.555287024541444,13.638356264788925,50302335
2016-02-04,13.793167114257812,13.90266714681127,13.694995920726338,13.868684443848178,41099078
2016-02-05,13.925320625305176,13.985734101758196,13.79316578799209,13.815821556806188,45893282
2016-02-08,14.012171745300293,14.015947708362798,13.740310033008067,13.819603350268642,54324514
2016-02-09,13.838478088378906,13.925322352360071,13.653461674604614,13.857356944539772,46674045
2016-02-10,13.755410194396973,13.872461203823349,13.691220746609778,13.838478498905083,35586737
2016-02-11,13.672342300415039,13.725203863641445,13.559066296111002,13.615703821500121,55944164
2016-02-12,13.770511627197266,13.785615473791196,13.611926959114996,13.725201994466808,35019800
2016-02-16,13.838478088378906,13.876236754226378,13.664789560416578,13.849805020665128,36663678
2016-02-17,13.834702491760254,13.89134001526416,13.7931678628787,13.87623712064181,34427707
2016-02-18,13.966856002807617,13.970631964480713,13.78561556365303,13.827149235005743,29001823
2016-02-19,13.808271408081055,13.96308108057398,13.789392551835867,13.932874338466233,32715510
2016-02-22,13.917766571044922,13.917766571044922,13.800715597532713,13.87245694740654,28311224
2016-02-23,13.872458457946777,13.93664789302849,13.785614208579043,13.898889233534733,27244478
2016-02-24,14.008392333984375,14.012168296117403,13.830926881360952,13.857357662766367,30137153
2016-02-25,14.110337257385254,14.159422846953438,13.989509357052846,14.008389163444898,30186008
2016-02-26,14.019715309143066,14.155646093456191,13.993284535198963,14.155646093456191,29357184
2016-02-29,13.951756477355957,14.117894074801193,13.951756477355957,14.015946892154451,38657490
2016-03-01,14.117888450622559,14.117888450622559,13.9932855405585,14.008389385912004,25830975
2016-03-02,14.231165885925293,14.231165885925293,14.012167719429065,14.053701394131435,28480034
2016-03-03,14.344440460205078,14.389751045911266,14.155648101226333,14.231164472702437,36671887
2016-03-04,14.321786880493164,14.401080179222093,14.272701279204439,14.314235909658917,27459098
2016-03-07,14.397300720214844,14.419956487792348,14.200956455696579,14.272697812640862,29141372
2016-03-08,14.382206916809082,14.506809903119724,14.291585696286639,14.33689630654786,32579138
2016-03-09,14.340668678283691,14.469047596088162,14.28403114478782,14.39353024907638,29355198
2016-03-10,14.465267181396484,14.503025843281359,14.348216187726454,14.370871003447121,33385719
2016-03-11,14.484146118164062,14.555886522553337,14.412404760249204,14.518127862938908,27586202
2016-03-14,14.469043731689453,14.529457211753247,14.397302366541568,14.48792354016294,23336559
2016-03-15,14.544561386108398,14.544561386108398,14.385975758987815,14.389751720767554,19557201
2016-03-16,14.638952255249023,14.680486868926435,14.484143589554622,14.552108020764816,27863315
2016-03-17,14.771110534667969,14.797541311936312,14.620076840616253,14.638955694800602,36703266
2016-03-18,14.559662818908691,14.82397248876631,14.559662818908691,14.812644604563634,54419180
2016-03-21,14.695594787597656,14.752233263278836,14.55966492512976,14.597423591075298,27379261
2016-03-22,14.58609676361084,14.706923740583253,14.58609676361084,14.688044883003494,29169309
2016-03-23,14.55211353302002,14.59742412451562,14.487925038150403,14.574769305530708,27549660
2016-03-24,14.68049144744873,14.684267409281173,14.491699076980916,14.491699076980916,23560712
2016-03-28,14.752232551574707,14.831524888061802,14.654060406262804,14.725801772745674,28523859
2016-03-29,14.895716667175293,14.952354191855468,14.706923329031733,14.774888740058257,34284848
2016-03-30,14.865506172180176,14.997661007242828,14.756007105545823,14.956126385316551,34087174
2016-03-31,14.78999137878418,14.941025083419557,14.72957694340432,14.884387563372004,35881989
2016-04-01,14.744678497314453,14.771109272324015,14.578540971292915,14.601196738608735,36708032
2016-04-04,14.861732482910156,14.861732482910156,14.752232453034793,14.786215155166754,23883239
2016-04-05,14.797542572021484,14.861732970175945,14.725802157191389,14.835301237131164,32950918
2016-04-06,14.830368041992188,14.941672084190696,14.772796918838239,14.887939165146138,29482038
2016-04-07,14.811178207397461,14.818853646485083,14.669168530246015,14.71906421515469,29506267
2016-04-08,14.776632308959961,14.930155597882107,14.726737603526491,14.864908078934784,23253280
2016-04-11,14.734414100646973,14.849556333308072,14.711385847963422,14.841880895242452,23462074
2016-04-12,14.841880798339844,14.887937303406241,14.73057580081659,14.765118664238058,23363834
2016-04-13,14.680683135986328,14.907129427701754,14.657654880247105,14.884101171962529,29930344
2016-04-14,14.745923042297363,14.807332338672579,14.6768373415645,14.680675543743321,18223139
2016-04-15,14.768957138061523,14.815014613213872,14.738252477707745,14.76128073066224,20894838
2016-04-18,14.834205627441406,14.891776748194355,14.719063385935513,14.76895809878982,22947568
2016-04-19,14.937830924987793,14.941669128337889,14.788145840550458,14.8917744232732,21100058
2016-04-20,14.861071586608887,14.972375620426376,14.838043332929988,14.964700182029004,22222148
2016-04-21,14.530991554260254,14.807334395578852,14.527153351548261,14.78814338201889,42681258
2016-04-22,14.611594200134277,14.649975264124624,14.52715566550686,14.52715566550686,32173465
2016-04-25,14.665327072143555,14.673003478771417,14.530993833129015,14.59624135097932,23280024
2016-04-26,14.619271278381348,14.74208991339806,14.546347350373933,14.707547051144195,27672792
2016-04-27,14.861071586608887,14.933995520709345,14.481101039311842,14.530995750490016,54837035
2016-04-28,14.830368041992188,14.9224820328872,14.795825174251126,14.861072705623858,26750361
2016-04-29,14.89944839477539,14.9224766418689,14.768953379173643,14.830362684251746,33557972
2016-05-02,15.006915092468262,15.026106107231032,14.8840964749592,14.91863933228902,29211809
2016-05-03,14.933998107910156,14.99924564567349,14.845722312478456,14.976216418761569,28897624
2016-05-04,14.922479629516602,14.968537102167959,14.807337401753173,14.872584922617332,20496579
2016-05-05,14.868745803833008,14.964697977476991,14.83804114703666,14.945506961202247,21501098
2016-05-06,14.964701652526855,14.964701652526855,14.765120849715688,14.884101302865487,20738739
2016-05-09,14.914804458618164,15.010756646120955,14.903290816433596,14.964700138895912,17867777
2016-05-10,15.087518692016602,15.114385149274964,14.96086184405333,14.976213689953802,23005427
2016-05-11,15.037619590759277,15.102867097583612,14.97620931735717,15.072162445504107,19085195
2016-05-12,15.179630279541016,15.22568774846053,15.045297045205928,15.083678107764985,24805008
2016-05-13,15.026107788085938,15.168117436243294,15.010754974558319,15.156602826097581,21833819
2016-05-16,15.076004028320312,15.08368043586559,14.930157131176932,14.949347180796748,19936527
2016-05-17,15.010753631591797,15.095192159952683,14.968535336654545,15.060649301849264,29202541
2016-05-18,14.75744342803955,15.026109949472188,14.68835866495781,15.003081695111607,33592263
2016-05-19,14.753604888916016,14.765118530456624,14.49645203277801,14.688357366293685,36297195
2016-05-20,14.75744342803955,14.845720180034709,14.703710511450392,14.830367364298711,26803718
2016-05-23,14.707550048828125,14.780473991698853,14.684521792379714,14.772797583134881,20364312
2016-05-24,14.776632308959961,14.799660559987462,14.73441304104014,14.761279495446106,18710371
2016-05-25,14.822685241699219,14.861066296998382,14.757437738463553,14.841876253970321,19475378
2016-05-26,14.907129287719727,14.964701380392388,14.830368112895293,14.849558164290535,21206508
2016-05-27,14.964701652526855,14.964701652526855,14.815016535040222,14.903292323853185,20749331
2016-05-31,15.026107788085938,15.045297835752182,14.945507455552496,14.98005031674636,36992560
2016-06-01,14.864909172058105,15.014594268609207,14.818851697372885,15.00691786128778,22581747
2016-06-02,14.907129287719727,14.907129287719728,14.807339857372309,14.864910980801502,16287451
2016-06-03,15.049137115478516,15.072166337417041,14.941670320828782,14.957023135454465,25480248
2016-06-06,15.099034309387207,15.152767227484029,15.037624983206994,15.052976830130325,22162568
2016-06-07,15.271745681762695,15.310126747924752,15.095194134357879,15.110545979276711,32984150
2016-06-08,15.298608779907227,15.30244698260544,15.214171228275818,15.24487588061843,19100554
2016-06-09,15.386887550354004,15.417592208715304,15.21801241398851,15.287098137612254,27396738
2016-06-10,15.47900390625,15.55576507453164,15.306289581440387,15.33315603880113,34245922
2016-06-13,15.42526912689209,15.528897715762515,15.402240874668662,15.425269126892092,22097163
2016-06-14,15.498188972473145,15.532731826327604,15.32547470320085,15.41758865706505,30471860
2016-06-15,15.463644981384277,15.571111737610678,15.455968576816035,15.5212160771601,25792182
2016-06-16,15.540416717529297,15.567283180921793,15.406083431323223,15.42911169005342,26619417
2016-06-17,15.632526397705078,15.68242110602679,15.479003099895966,15.5596024677795,36100184
2016-06-20,15.651717185974121,15.755345780357745,15.555764999154478,15.751507576575754,26784123
2016-06-21,15.763021469116211,15.855136422860733,15.567279857828433,15.670908453858475,26398044
2016-06-22,15.851296424865723,15.951086805757873,15.759182450790647,15.759182450790647,26803453
2016-06-23,16.073904037475586,16.077742240549735,15.881999699227352,15.947247213001479,25202340
2016-06-24,15.9357271194458,16.208230720738545,15.851289588603587,15.908860676416136,75662893
2016-06-27,16.131473541259766,16.154501788171917,15.84745526519955,15.84745526519955,49590950
2016-06-28,16.127639770507812,16.18521088823052,16.070068652785107,16.173697246232003,45570756
2016-06-29,16.32721519470215,16.32721519470215,16.15066272645125,16.204396592045725,31341066
2016-06-30,16.584369659423828,16.664969986082504,16.327217805525624,16.38478891357142,42253342
2016-07-01,16.68415641784668,16.714862037795506,16.50760491859926,16.584367029985213,30766185
2016-07-05,16.638105392456055,16.845362579741632,16.630428984946953,16.695676510287594,47114937
2016-07-06,16.788272857666016,16.788272857666016,16.531190293577914,16.7415291425023,35025361
2016-07-07,16.476654052734375,16.71036570190958,16.41043576852913,16.64025210879063,31389260
2016-07-08,16.5974063873291,16.62856886366417,16.242945022985992,16.410438414966865,37659591
2016-07-11,16.558452606201172,16.593510386461077,16.44159727332362,16.5428713705301,28590059
2016-07-12,16.519502639770508,16.59351154705674,16.449388058010555,16.51560733058029,24727818
2016-07-13,16.58962059020996,16.69868534149377,16.496135112446417,16.53898155745183,19664445
2016-07-14,16.65972900390625,16.733737916235793,16.535085003309135,16.535085003309135,22051617
2016-07-15,16.706470489501953,16.780479391962125,16.63246158704178,16.714261107374366,22040098
2016-07-18,16.690889358520508,16.710365903323787,16.620775764556463,16.694784667481162,16339087
2016-07-19,16.65972900390625,16.690891479551535,16.624673186133315,16.667519622817572,18093254
2016-07-20,16.636356353759766,16.675307474524573,16.56234745371172,16.651937588996763,18653042
2016-07-21,16.56235122680664,16.66362534426316,16.492237619595155,16.574037155896576,28652022
2016-07-22,16.79216766357422,16.920708941762616,16.554559687270082,16.566245615710486,40678973
2016-07-25,16.725948333740234,16.737634262831328,16.636360145364765,16.722054991371333,19319278
2016-07-26,16.5078182220459,16.741528925523127,16.468866110245017,16.702577797386272,26584066
2016-07-27,16.655832290649414,16.71815526199785,16.503919187281777,16.503919187281777,26229896
2016-07-28,16.585718154907227,16.624669272967388,16.496128025843042,16.62077396442862,17887770
2016-07-29,16.86228370666504,16.901234839774137,16.538980842347794,16.60130383571934,33425307
2016-08-01,16.81943130493164,16.944077262096233,16.792166108423796,16.846698468767325,27340865
2016-08-02,16.8116397857666,16.87006745209841,16.718156306566804,16.86227880160487,25943780
2016-08-03,16.80385398864746,16.835016468872464,16.718161102685297,16.784379405835132,18049430
2016-08-04,16.78048324584961,16.842806235814564,16.729844218048925,16.819434376829633,15747656
2016-08-05,16.8116397857666,16.83501163923042,16.659726672907265,16.8116397857666,25981117
2016-08-08,16.72205352783203,16.815537017722715,16.671414506202623,16.815537017722715,18580486
2016-08-09,16.78048324584961,16.784378555680433,16.66362591825315,16.729844218048925,19539857
2016-08-10,16.827226638793945,16.86617777357552,16.772694263168386,16.772694263168386,15535154
2016-08-11,16.90123176574707,16.93628758243641,16.850594711716706,16.870069291065033,15861123
2016-08-12,16.858386993408203,16.928498633703157,16.823329205932584,16.909024052433733,13956681
2016-08-15,16.757110595703125,16.87396595045424,16.757110595703125,16.831119511666326,21512352
2016-08-16,16.344219207763672,16.753213899199416,16.324743644805388,16.749318589874967,41899966
2016-08-17,16.305269241333008,16.390963106742543,16.102719031822357,16.363696921551515,38844439
2016-08-18,16.12609100341797,16.297478735433504,16.013129968364716,16.258527604125316,43099510
2016-08-19,15.9741792678833,16.06766376189627,15.849533275866008,16.059874125143335,39007556
2016-08-22,15.935229301452637,15.966390801741634,15.795002058320016,15.939123628282527,23398655
2016-08-23,15.911852836608887,15.981966437897592,15.88458665469972,15.966386184091203,19930834
2016-08-24,15.919641494750977,15.966384217741476,15.814472089434103,15.931327421414565,21407624
2016-08-25,15.997550964355469,16.040398395178766,15.872905949622023,15.919647707189034,22380499
2016-08-26,15.845636367797852,16.083242382496678,15.814474874870266,16.020919396641506,23645978
2016-08-29,15.970281600952148,15.989758149120833,15.861216865863717,15.892378359269562,17139048
2016-08-30,15.927433967590332,16.024813750137135,15.8651109854535,15.970280403019423,14852102
2016-08-31,15.923539161682129,15.989757455254047,15.837845304450706,15.950805344271034,24812422
2016-09-01,15.954700469970703,15.970280723986052,15.833949812611769,15.911853050016504,20795936
2016-09-02,15.950806617736816,16.11830001977115,15.86900806343954,16.00533898726834,25244708
2016-09-06,16.059873580932617,16.110510644599664,15.89627547603762,15.97807403665304,20565295
2016-09-07,16.075448989868164,16.10271516851759,15.966384275270455,16.071553680966268,17915441
2016-09-08,16.044286727905273,16.12219093485531,15.98975437323854,16.075448213952527,17906438
2016-09-09,15.467799186706543,16.00143977349024,15.456114243894422,15.962488652564714,50974132
2016-09-12,15.857320785522461,15.91185315041626,15.405478661266407,15.413269280155236,35568201
2016-09-13,15.569076538085938,15.759940796407694,15.491172317534044,15.7560454870137,33801058
2016-09-14,15.537917137145996,15.682038685794641,15.487279091874976,15.561288012990403,35138298
2016-09-15,15.756046295166016,15.822264590932368,15.432745435521824,15.502859040881969,30367132
2016-09-16,15.658665657043457,15.740465186748459,15.541810310223724,15.713199004734786,54748194
2016-09-19,15.604131698608398,15.674245293001725,15.526227486246059,15.658664057063703,21426027
2016-09-20,15.565177917480469,15.7482525017324,15.534016432621552,15.643082121459644,18797887
2016-09-21,15.802787780761719,15.8261586528179,15.569076109208027,15.60023759983759,25329312
2016-09-22,16.01312828063965,16.044289772600358,15.853425511383014,15.86511143974228,29503089
2016-09-23,16.079349517822266,16.12219694598675,15.865114344328202,16.028711469325295,24980702
2016-09-26,16.024816513061523,16.129986932424416,16.01313058302204,16.079348885917476,22040893
2016-09-27,16.14946174621582,16.242946231182593,15.993654271271197,16.059872571080675,24414825
2016-09-28,15.911852836608887,15.99754669170398,15.806683418339814,15.974175819162406,34874425
2016-09-29,15.86510944366455,15.997545030087107,15.75214843472923,15.87290006159055,22569963
2016-09-30,15.818368911743164,15.98586230204247,15.814474585904405,15.935225245834408,25661238
2016-10-03,15.880695343017578,15.985865771425438,15.775525898273948,15.82226765512351,21954171
2016-10-04,15.541810989379883,15.876796790611404,15.467802075205837,15.861216536064463,43930188
2016-10-05,15.500454902648926,15.686491704474566,15.369833105710665,15.678574989609166,29923592
2016-10-06,15.480660438537598,15.516284649686476,15.401496302328454,15.488577152034024,20853794
2016-10-07,15.38566780090332,15.551913839625078,15.322336071826971,15.524206333102345,25383728
2016-10-10,15.441078186035156,15.516284966617274,15.124419635560537,15.409412330987694,25183407
2016-10-11,15.476704597473145,15.58753560568318,15.278793724988052,15.413372878377468,29544928
2016-10-12,15.567745208740234,15.631076929424234,15.460872555241522,15.496496773074426,22746188
2016-10-13,15.583576202392578,15.627117131193037,15.44503770132441,15.547951987844044,23231698
2016-10-14,15.524203300476074,15.666700162854026,15.524203300476074,15.599410088907234,17896508
2016-10-17,15.543999671936035,15.63108055819615,15.456917786090465,15.476708578554208,18383740
2016-10-18,15.579620361328125,15.615244579344218,15.49649685276216,15.528162713266996,21234974
2016-10-19,15.587532997131348,15.662739775816167,15.55982549961195,15.61919885137995,15506026
2016-10-20,15.298578262329102,15.46878256270847,15.239204924881246,15.45690749538498,41218106
2016-10-21,14.839431762695312,15.30650402612468,14.629644780088029,15.199631355763305,109580860
2016-10-24,14.590060234069824,14.776098042521028,14.36839920654663,14.45152271660861,133176129
2016-10-25,14.526728630065918,14.669225505853806,14.467355265016051,14.590060352730479,53603994
2016-10-26,14.419858932495117,14.554438111757918,14.356527201223662,14.502981454944383,43531399
2016-10-27,14.455476760864258,14.60193094979044,14.431726622455997,14.48714261249032,57172968
2016-10-28,14.451522827148438,14.570269557190704,14.423815323444261,14.506937834556794,30748708
2016-10-31,14.562347412109375,14.574222480519852,14.455475794754609,14.491099000816275,41552019
2016-11-01,14.471315383911133,14.720684946890302,14.40798365353857,14.633603067938996,36561201
2016-11-02,14.396106719970703,14.52672751328746,14.36839821879802,14.487145939353985,34488611
2016-11-03,14.499017715454102,14.641514557719605,14.404020153805442,14.471310218254704,33824096
2016-11-04,14.447562217712402,14.57422564323823,14.447562217712404,14.558392215254951,30791341
2016-11-07,14.570272445678711,14.59402159647827,14.50298235209208,14.562355728883706,28326186
2016-11-08,14.641518592834473,14.681101170993058,14.570270152066076,14.570270152066076,23581499
2016-11-09,14.819640159606934,14.855263381523237,14.419858006877211,14.633602336301674,46028066
2016-11-10,14.475273132324219,14.831514350561719,14.407983046689388,14.831514350561719,50308558
2016-11-11,14.451522827148438,14.47527197323984,14.368399316450647,14.45152282714844,33519443
2016-11-14,14.301106452941895,14.49901728413367,14.28923138324469,14.491100571002201,34594531
2016-11-15,14.554435729980469,14.554435729980467,14.305068203440712,14.312983918865223,27656771
2016-11-16,14.704852104187012,14.736517970643131,14.586105354872911,14.61381286307384,27586467
2016-11-17,14.80776309967041,14.918593107622334,14.75234809569445,14.764222168212044,28048808
2016-11-18,14.867138862609863,14.8869296530596,14.76422455318345,14.823597924118015,22484433
2016-11-21,14.938384056091309,14.938384056091309,14.827553054774226,14.910676555658322,22835558
2016-11-22,15.259001731872559,15.33420852212704,14.970050642454263,15.037340718032446,34625248
2016-11-23,15.330252647399902,15.425250240144047,15.203589190407712,15.207547548386886,28258662
2016-11-25,15.520245552062988,15.520245552062987,15.33025039449602,15.346082824500666,14357986
2016-11-28,15.650866508483887,15.702324152306023,15.504412290558127,15.508370647743304,35293206
2016-11-29,15.627123832702637,15.686497215883396,15.544001296166684,15.666706421351662,26290933
2016-11-30,15.290669441223145,15.52024719751936,15.286711083406018,15.52024719751936,43267393
2016-12-01,15.38962459564209,15.401499668482145,15.104631843748052,15.290668654064058,36275482
2016-12-02,15.282751083374023,15.484621312843602,15.227336079059505,15.373790304629363,21319313
2016-12-05,15.290669441223145,15.42920796648136,15.290669441223145,15.318376946357727,27503982
2016-12-06,15.575657844543457,15.603365340138115,15.318371672113152,15.35003752416204,31206415
2016-12-07,16.01106834411621,16.02690177515831,15.611287204911974,15.631077994129308,43643542
2016-12-08,15.995232582092285,16.12981271958636,15.908150728663719,15.931900870281556,29126808
2016-12-09,15.983355522155762,15.999188947930516,15.90023203600821,15.94377295730383,22647285
2016-12-12,16.276268005371094,16.371265579373564,16.042731927770586,16.054606999365326,42248972
2016-12-13,16.371265411376953,16.450430555359222,16.31585041034045,16.335641196543445,28015708
2016-12-14,16.268354415893555,16.446475526103438,16.201064329768194,16.34751957589469,34865422
2016-12-15,16.426681518554688,16.497929948683876,16.16939529873593,16.189187084652453,32420258
2016-12-16,16.493968963623047,16.525634816459217,16.395013048561882,16.486052250517755,37011758
2016-12-19,16.672094345092773,16.695843492422014,16.406892367896088,16.49397424074549,27226604
2016-12-20,16.810626983642578,16.92541732785373,16.68000621151321,16.69188028193314,28021666
2016-12-21,16.767091751098633,16.85021526522223,16.75521667777089,16.790841897754113,18208972
2016-12-22,16.909584045410156,16.93333218645258,16.68792206760386,16.71958792163547,23250234
2016-12-23,16.913543701171875,16.9412502010444,16.810628418183363,16.9372918440383,12770510
2016-12-27,16.881879806518555,16.957086603657007,16.83042315558295,16.913546668122347,15136895
2016-12-28,16.83042335510254,16.949170089183355,16.81063156636554,16.88188000664815,14599616
2016-12-29,16.885835647583008,16.941250647960132,16.83437900431641,16.83437900431641,16403301
2016-12-30,16.834383010864258,16.953129754101038,16.802718145614126,16.925423246903513,22076376
2017-01-03,17.028335571289062,17.03229392911232,16.830423677638088,16.897713761462832,34432738
2017-01-04,16.92937469482422,17.020414904454057,16.905626552568286,16.996664763027972,30720772
2017-01-05,16.881879806518555,16.976878392159378,16.83438151328342,16.96104496135748,34041629
2017-01-06,16.608062744140625,16.881379530607298,16.563849271833167,16.873341547935453,43278780
2017-01-09,16.399059295654297,16.6402221861114,16.399059295654297,16.596008701937116,33741743
2017-01-10,16.403078079223633,16.503562527940286,16.173973698553695,16.34278761299868,28494996
2017-01-11,16.32268524169922,16.358859713640662,16.190045849588888,16.230239820082147,32486194
2017-01-12,16.483461380004883,16.523655353598276,16.278474043226026,16.30660952023391,26347997
2017-01-13,16.463367462158203,16.551793405801355,16.395038000925954,16.44728946420938,18446233
2017-01-17,16.523656845092773,16.53571534276673,16.382978432330166,16.479443368646653,29837399
2017-01-18,16.399059295654297,16.575911202300972,16.391020295799837,16.539736717981143,25786886
2017-01-19,16.47943687438965,16.487475869670927,16.36287550290975,16.435224430391937,22101929
2017-01-20,16.660314559936523,16.82912844010064,16.59600460701924,16.61208158773607,33318328
2017-01-23,16.881378173828125,16.90951364848069,16.636196883980855,16.664332358633423,33379761
2017-01-24,16.6241397857666,16.776876682468835,16.499539381106857,16.64021778121945,38000124
2017-01-25,16.636201858520508,16.668356841313372,16.435232962308813,16.612084860156973,28413702
2017-01-26,16.7889347076416,16.821089684563486,16.463365439429406,16.547771873214977,37253785
2017-01-27,16.885398864746094,17.001961285137845,16.78089595580687,16.873341383343465,25180229
2017-01-30,16.809030532836914,16.933630929153562,16.74472058538155,16.857262485915985,21019956
2017-01-31,16.945690155029297,16.957748652053333,16.712567332764593,16.752761307819714,33636750
2017-02-01,16.905498504638672,17.06627238726403,16.825110548300913,16.993924444590142,42477230
2017-02-02,16.551786422729492,16.909510560893363,16.45934101860114,16.889414086961008,38600293
2017-02-03,16.57992935180664,16.688452795926978,16.55983286883257,16.67237581255275,25355924
2017-02-06,16.503559112548828,16.587965544790915,16.47140413621494,16.587965544790915,15060368
2017-02-07,16.527673721313477,16.547770199222295,16.407092823810775,16.511595726966508,22921220
2017-02-08,16.56385040283203,16.608063878158436,16.507578430137052,16.5477724063406,20771309
2017-02-09,16.604045867919922,16.652277831669114,16.531696907271012,16.56385188811218,15043818
2017-02-10,16.632177352905273,16.652273830467813,16.55982840964034,16.579924887202875,16067534
2017-02-13,16.33876609802246,16.535715471412324,16.27445613997781,16.40709555532303,45494096
2017-02-14,16.37895965576172,16.39101713819539,16.24230074466316,16.266416724555544,26089817
2017-02-15,16.527673721313477,16.535712718486963,16.30258890563015,16.34278287647268,30878990
2017-02-16,16.57992935180664,16.624142832379775,16.49150340568552,16.527677887058967,21951523
2017-02-17,16.672372817993164,16.696488796235556,16.395035515618257,16.54777139785337,31983074
2017-02-21,16.772857666015625,16.780896663973266,16.60806328300901,16.62815976287811,23175826
2017-02-22,16.716581344604492,16.792948755614347,16.660309391988424,16.752755808777444,20729206
2017-02-23,16.86128807067871,16.877366070858436,16.69649364396284,16.756784114586285,25445294
2017-02-24,17.026077270507812,17.026077270507812,16.89745736865647,16.925592845308334,22565197
2017-02-27,16.809030532836914,17.001960375202994,16.77285606051516,17.001960375202994,22956174
2017-02-28,16.796974182128906,16.829129159962967,16.736683725568163,16.772858202509614,25604306
2017-03-01,16.8974609375,16.95373190268848,16.704531043975056,16.792956991417697,31644924
2017-03-02,16.909517288208008,16.921575786379613,16.817071847300983,16.841188843644197,17454557
2017-03-03,16.885398864746094,16.90549635879206,16.784914439591113,16.901476859982868,22745526
2017-03-06,16.865304946899414,16.881381929552695,16.76482050648481,16.813053484494866,18770348
2017-03-07,16.833148956298828,16.877362432235746,16.76883899949516,16.84118795465555,21516192
2017-03-08,16.7889347076416,16.833148181543567,16.75276124675136,16.833148181543567,23674444
2017-03-09,16.857267379760742,16.9336358451689,16.780899929377775,16.825112396698128,23398522
2017-03-10,17.022062301635742,17.054218300680937,16.889422865675208,16.893442365555856,26128213
2017-03-13,17.030101776123047,17.050199276086527,16.953733306312333,16.969811306283116,19706681
2017-03-14,16.917552947998047,17.058232353825822,16.90147596863409,17.03411536224254,13324471
2017-03-15,17.1185245513916,17.138620016380624,16.91755467612635,16.937652171165375,27878012
2017-03-16,17.05823516845703,17.146660092086364,17.018040175852672,17.12254512657388,19332783
2017-03-17,17.126558303833008,17.142636296845573,17.030094405856858,17.118521337376347,32767544
2017-03-20,17.050195693969727,17.16273761002,17.01000070248743,17.126562117685936,15691783
2017-03-21,16.913532257080078,17.086365609451864,16.881377285594034,17.062250649618363,26875876
2017-03-22,16.740703582763672,16.929613954701512,16.664335128139843,16.92157495631478,24556360
2017-03-23,16.740703582763672,16.845207516716002,16.64423864719807,16.73266458437694,19410370
2017-03-24,16.752761840820312,16.837168277599016,16.69648986794281,16.78491580385741,18803448
2017-03-27,16.676395416259766,16.780899361432656,16.632181935410614,16.71658939748398,17457205
2017-03-28,16.704530715942383,16.72462719882215,16.583948773588325,16.64424025227793,20635996
2017-03-29,16.660314559936523,16.78089648292517,16.640218080284242,16.696489035330618,18673961
2017-03-30,16.784914016723633,16.813050507679137,16.612080647407318,16.636197639654892,19560644
2017-03-31,16.700511932373047,16.837170863884953,16.700511932373047,16.796976881377006,23214354
2017-04-03,16.708545684814453,16.788932609560863,16.628157745043172,16.72060418028761,23804990
2017-04-04,16.756778717041016,16.764817714541426,16.640217313384785,16.708546762088417,16619775
2017-04-05,16.684429168701172,16.77687458592763,16.668351175257524,16.772855087566718,26421479
2017-04-06,16.57776641845703,16.77375847153469,16.57776641845703,16.76150954823412,27131805
2017-04-07,16.57367706298828,16.683922488238867,16.5450948775107,16.577760379648016,26924732
2017-04-10,16.487930297851562,16.610426710332185,16.45934811094827,16.577761206565476,24116660
2017-04-11,16.4593505859375,16.492016094616112,16.361354059901654,16.48793277713869,25964567
2017-04-12,16.56142807006836,16.565511386964065,16.361351729022623,16.418516103281224,29387239
2017-04-13,16.447093963623047,16.643086936212608,16.434845047298925,16.541008165236693,23244409
2017-04-17,16.45526695251465,16.532847920814575,16.42260144446322,16.45526695251465,16045026
2017-04-18,16.434850692749023,16.508348340501993,16.406267472180094,16.422600741076625,21078345
2017-04-19,16.434850692749023,16.516513943809546,16.410350789404227,16.463432882177244,31510538
2017-04-20,16.479761123657227,16.541009836025943,16.30010036506595,16.328682547563105,28751587
2017-04-21,16.304189682006836,16.47976718898493,16.255191931446948,16.426686120688245,31641084
2017-04-24,16.3409366607666,16.394018754195443,16.27560564665474,16.373602167822533,31820751
2017-04-25,16.308271408081055,16.43485115214527,16.206191568046474,16.365435788535382,50812207
2017-04-26,16.512428283691406,16.561427052288018,16.271519819634257,16.340934140314122,45482445
2017-04-27,16.296024322509766,16.496100707773806,16.283774369115328,16.483850754379365,29983436
2017-04-28,16.18169403076172,16.357271535095528,16.136779598615064,16.283773879221762,33093380
2017-05-01,15.965282440185547,16.210274252938294,15.948950202610405,16.202108649721076,32767146
2017-05-02,15.904030799865723,16.014277242929474,15.875448617843366,15.981611744741004,32904710
2017-05-03,15.679457664489746,15.916282814889982,15.577377840504463,15.899949548104859,44675335
2017-05-04,15.520214080810547,15.683541599396898,15.365052164798048,15.683541599396898,41639403
2017-05-05,15.744790077209473,15.806037770849146,15.528380459799246,15.548797045106252,28901861
2017-05-08,15.748875617980957,15.83462219495561,15.646795770454473,15.83462219495561,26664963
2017-05-09,15.605962753295898,15.740708103256877,15.581463879977747,15.732541468437239,28587014
2017-05-10,15.699875831604004,15.781540116849436,15.569213800123912,15.593713704381992,29933257
2017-05-11,15.695792198181152,15.740706623184408,15.601877968867441,15.69987448406636,21902800
2017-05-12,15.716206550598145,15.765204288881185,15.642708912033001,15.716206550598145,18231612
2017-05-15,15.757041931152344,15.797873044415615,15.68354427745318,15.728459739411734,28332276
2017-05-16,15.59371566772461,15.82645653835384,15.59371566772461,15.793792057511915,28597738
2017-05-17,15.295639991760254,15.593713915136124,15.291556674328719,15.593713915136124,39277519
2017-05-18,15.495712280273438,15.573293228770169,15.295635965637022,15.311969231063909,34084924
2017-05-19,15.614128112792969,15.634544698174489,15.471216139685046,15.532463833548249,26944194
2017-05-22,15.618213653564453,15.659045799000426,15.58554814344384,15.614130335906774,19624328
2017-05-23,15.64271354675293,15.687629012770703,15.601881398658673,15.622297988276246,17920737
2017-05-24,15.57738208770752,15.66312969942751,15.548799894181142,15.642713110379482,20659564
2017-05-25,15.610042572021484,15.654958022321814,15.56104483636706,15.565127121721154,19717670
2017-05-26,15.565132141113281,15.6182142415206,15.520217707469625,15.601880970275007,18173092
2017-05-30,15.740706443786621,15.793788533377302,15.593712188233875,15.593712188233875,27178013
2017-05-31,15.73254108428955,15.87136974827051,15.724375480810055,15.781539860870192,31829490
2017-06-01,15.871371269226074,15.879537904628913,15.728460305380558,15.793791326321603,23423149
2017-06-02,15.871371269226074,15.957118878674219,15.826455805651293,15.924453368203695,24532396
2017-06-05,15.846872329711914,15.867287886995152,15.74887579869888,15.846872329711914,18300196
2017-06-06,15.814201354980469,15.891781270762694,15.781535855929935,15.834616905209376,21473029
2017-06-07,15.82645034790039,15.871365795986081,15.736620482869487,15.863199163399505,21752526
2017-06-08,15.720292091369629,15.859119723572865,15.687626584179329,15.826454216382563,26840128
2017-06-09,15.838702201843262,15.842785518627688,15.740705692438862,15.773371195573661,24359349
2017-06-12,15.953033447265625,16.075528837514774,15.838703660196574,15.838703660196574,30160588
2017-06-13,15.793787002563477,15.928531294118121,15.752954867868452,15.928531294118121,24946940
2017-06-14,15.810125350952148,15.846874183273039,15.720295444801605,15.838707546948184,21655609
2017-06-15,15.859116554260254,15.883616453112428,15.777453318174585,15.789703267600672,22092529
2017-06-16,15.90811824798584,15.92445151689268,15.785622855747397,15.91220156521255,39368743
2017-06-19,15.887701988220215,15.916284176398577,15.797871075498891,15.916284176398577,27748127
2017-06-20,15.785621643066406,15.89178375824244,15.76112277272891,15.83053606682838,28782171
2017-06-21,15.57738208770752,15.78970842696183,15.45488564684194,15.769291837913803,32567355
2017-06-22,15.556968688964844,15.659048554950143,15.503886581213525,15.593717523210833,21450124
2017-06-23,15.495712280273438,15.581459861483612,15.442631229917039,15.581459861483612,30328338
2017-06-26,15.57738208770752,15.630464188091526,15.458968964651545,15.491634475987528,24366631
2017-06-27,15.393635749816895,15.577379869378367,15.352804639817203,15.577379869378367,26297288
2017-06-28,15.491632461547852,15.544714555029381,15.426301447371145,15.467133589016768,26937045
2017-06-29,15.360971450805664,15.507966758011552,15.360971450805666,15.463051296111798,31402500
2017-06-30,15.40588092803955,15.463045289239501,15.32829998702505,15.40588092803955,29843887
2017-07-03,15.561050415039062,15.569216019815169,15.426304015831182,15.450802892441297,14728573
2017-07-05,15.565132141113281,15.601880970275007,15.454885653628113,15.561049854442746,26592408
2017-07-06,15.44415283203125,15.66015421397349,15.44415283203125,15.614462158616906,27549395
2017-07-07,15.361076354980469,15.464923568026165,15.294614222550706,15.44415454501444,27593219
2017-07-10,15.29876708984375,15.40261429510294,15.294613075754167,15.352767175021407,30154365
2017-07-11,15.203226089477539,15.311226246880658,15.17830200792913,15.298765255099783,28583174
2017-07-12,15.29876708984375,15.327844139477369,15.20738087785985,15.265536026120547,23151861
2017-07-13,15.04122257232666,15.203223833384376,15.032914546376732,15.178299755534592,40024652
2017-07-14,15.078608512878418,15.111839571920243,15.024608435307949,15.049531467340987,31195294
2017-07-17,15.115997314453125,15.140920352634534,15.057843209031983,15.086920261742554,27203963
2017-07-18,14.949841499328613,15.132612887788756,14.899995424562642,15.132612887788756,38589172
2017-07-19,15.007996559143066,15.007996559143068,14.875071246270267,14.966457464432413,34796441
2017-07-20,15.169997215270996,15.253074352087904,15.020456900409691,15.091073043650477,42225670
2017-07-21,15.165843963623047,15.207382009623302,15.061996750635343,15.12845888302799,26679659
2017-07-24,15.049534797668457,15.182459063250699,15.028765774543809,15.165844054549689,29662234
2017-07-25,15.045382499694824,15.16169176984518,15.007998463604215,15.07446060397766,38987828
2017-07-26,15.797229766845703,15.82630785943738,15.045376450540727,15.045376450540727,95899703
2017-07-27,16.370466232299805,16.407851301037528,15.867846384370955,15.867846384370955,82070788
2017-07-28,16.200164794921875,16.478475414345088,16.129548636292295,16.30401202531869,47681080
2017-07-31,16.200164794921875,16.254164893170987,16.08385551923971,16.18770274963652,37709241
2017-08-01,16.150310516357422,16.312312837407106,16.079694388975057,16.304004810893122,38891838
2017-08-02,15.896927833557129,16.19600741737024,15.801387604191966,16.19185340313754,45824302
2017-08-03,15.90108585357666,15.992471042737298,15.847084703941105,15.88031577718077,24960313
2017-08-04,15.963388442993164,16.00077351853356,15.801386099320322,15.967542456830252,21603708
2017-08-07,16.000774383544922,16.050620454297896,15.93846627060698,15.967543320045122,22277227
2017-08-08,15.934313774108887,16.092161078517744,15.896928692986927,16.01739091627382,20436999
2017-08-09,15.934313774108887,15.950928782944455,15.809696487371166,15.867851640779524,26091671
2017-08-10,15.86369800567627,16.009083270189937,15.859543991119656,15.896929073135619,28208350
2017-08-11,15.826314926147461,15.926008141139587,15.813852880900807,15.909392080810711,17581396
2017-08-14,15.99246597290039,16.017389007680748,15.859541722080591,15.884464756860948,22724606
2017-08-15,15.85123348236084,16.013234779758726,15.788925371745762,15.992465759218168,19622210
2017-08-16,15.880309104919434,15.926002204798245,15.768153886485974,15.85123205917594,19824649
2017-08-17,15.61861515045166,15.876155605949759,15.610307123114728,15.851232572932313,29120056
2017-08-18,15.523083686828613,15.622775868373479,15.452467517406108,15.57708379333106,30475700
2017-08-21,15.610309600830078,15.739079849017928,15.539693455244446,15.572924520873359,22917248
2017-08-22,15.776464462280273,15.780618476485193,15.602001110641016,15.656001197318018,19512847
2017-08-23,15.75153923034668,15.818001350373907,15.722461134965593,15.722461134965593,26393808
2017-08-24,15.651846885681152,15.77646310513493,15.635230830290839,15.768155077439772,14486943
2017-08-25,15.780618667602539,15.838772769188761,15.685078437719248,15.710002523250628,18784780
2017-08-28,15.759849548339844,15.81385068792641,15.680926419703422,15.784773635376826,13410134
2017-08-29,15.722464561462402,15.797234725036509,15.680926514137738,15.680926514137738,12698484
2017-08-30,15.647690773010254,15.709998874379762,15.622766693267847,15.709998874379762,16462086
2017-08-31,15.56046199798584,15.73077133520566,15.556307983786152,15.676771248596674,27457774
2017-09-01,15.568767547607422,15.618614661073806,15.543844515370887,15.614460647535497,16906686
2017-09-05,15.40676498413086,15.547997236722333,15.340302871028195,15.53553519714312,30195541
2017-09-06,15.190764427185059,15.435843892230652,15.174148372405458,15.423381851145953,37562542
2017-09-07,14.787837028503418,15.28214890129466,14.779529001483402,15.203225791584448,64373807
2017-09-08,14.783684730529785,14.854300870407767,14.580144338879931,14.787838744521833,54351524
2017-09-11,14.845989227294922,14.870912256184814,14.754604088703205,14.821066198405033,30516611
2017-09-12,15.061993598937988,15.13260973095306,14.879222248606041,14.937377389025894,37449737
2017-09-13,15.182456970214844,15.23230408743309,15.070302792212235,15.09522582632466,34069433
2017-09-14,15.086918830871582,15.203228079676451,15.045379738513166,15.203228079676451,23678548
2017-09-15,15.410922050476074,15.415076064492123,15.115995447284204,15.1243034753163,63476400
2017-09-18,15.543845176696777,15.57707623742377,15.377689873061808,15.415074947503847,42333973
2017-09-19,15.87199878692627,15.967538986427684,15.481534159024767,15.539688242117935,61327680
2017-09-20,15.963388442993164,16.09215867596931,15.876156250401111,15.917695339778595,35574821
2017-09-21,15.8761568069458,16.00908105841874,15.842925744077567,15.992466051481339,22218309
2017-09-22,16.02985191345215,16.054774949575663,15.872003570351767,15.950927741901957,30733482
2017-09-25,16.25000762939453,16.2790846802536,15.992467136934087,16.004928130734545,47901128
2017-09-26,16.08384895324707,16.328928400853002,16.075540926448465,16.2500042442528,29930212
2017-09-27,16.104623794555664,16.162778954181082,15.996623603094884,16.046469683923913,31469494
2017-09-28,16.216773986816406,16.270775114680582,16.029849668577345,16.067234742023825,22996424
2017-09-29,16.27077865600586,16.29154767955501,16.121238329672583,16.179392434805052,29076894
2017-10-02,16.245853424072266,16.328931610401284,16.22923841620256,16.283238503020975,20660093
2017-10-03,16.39954948425293,16.39954948425293,16.237548157712872,16.2790862062662,21273502
2017-10-04,16.407854080200195,16.474316202770567,16.29985286877499,16.353852949990902,23717209
2017-10-05,16.41201400756836,16.53247625475965,16.36632088846455,16.453552062396817,29930609
2017-10-06,16.297452926635742,16.49172113144765,16.276336121870127,16.40303268444265,29699836
2017-10-09,16.174983978271484,16.33124411890798,16.11163567615072,16.322797394223702,25484220
2017-10-10,16.259450912475586,16.30590577042879,16.162316767248438,16.196102603262478,22928370
2017-10-11,16.128528594970703,16.305903408471845,16.069402590631384,16.267895281654177,35718872
2017-10-12,15.144515037536621,15.84979412763264,15.131844950948949,15.832901745354683,108536754
2017-10-13,15.076939582824707,15.220530672005259,14.886894717405548,15.136065576370914,74257070
2017-10-16,15.275434494018555,15.393684365567376,15.098058620189752,15.127621088076957,41172560
2017-10-17,15.300775527954102,15.32611570348397,15.199418025351738,15.275436418929937,28682606
2017-10-18,15.081164360046387,15.32188958525145,14.996700322988142,15.300772776107753,48676595
2017-10-19,15.072720527648926,15.343007185365952,15.030487970754228,15.17407802429281,43542918
2017-10-20,15.009374618530273,15.136072318416623,14.95024966515351,15.114955501849288,50094202
2017-10-23,14.886892318725586,15.060044777021591,14.86155322072026,14.958687318495047,40914645
2017-10-24,14.722187995910645,14.933349654748065,14.701071190123697,14.912232848961118,69160199
2017-10-25,14.143609046936035,14.506807556089248,14.07603738009437,14.468798360177601,127603413
2017-10-26,14.223851203918457,14.312539685724907,14.190065369541168,14.25341367568537,59740866
2017-10-27,14.34632396697998,14.36743971124017,14.16472472692221,14.223849664055216,69268105
2017-10-30,14.164722442626953,14.498357333866265,14.101373087051325,14.367437394253782,68444974
2017-10-31,14.211179733276367,14.291421482054188,14.11826896440588,14.206956371076943,48162354
2017-11-01,14.168943405151367,14.333650221051442,14.05914028322508,14.29986439895751,50106383
2017-11-02,14.008464813232422,14.536369093082023,13.90710731948197,14.177393969483171,96609897
2017-11-03,14.06336784362793,14.101377041028787,13.915555483186514,14.080261294253077,53276833
2017-11-06,13.877545356750488,13.970456129451694,13.74662538919296,13.966232767078141,63217028
2017-11-07,13.966232299804688,13.987349110965937,13.814196591971763,13.864875872253148,39800764
2017-11-08,14.122493743896484,14.147832853130373,13.843760342806572,13.873322814663727,115981341
2017-11-09,14.358993530273438,14.549038435323164,14.08448351197563,14.118269343973735,92568652
2017-11-10,14.45190715789795,14.561711400219766,14.401228933137629,14.430791408665456,76099018
2017-11-13,14.430790901184082,14.511032665156245,14.418120812186643,14.477246827668882,38213023
2017-11-14,14.240743637084961,14.443458628867926,14.181617631269038,14.439235266559244,40065829
2017-11-15,14.278754234313965,14.44346004800756,14.211181497241329,14.367441651993367,43536165
2017-11-16,14.578601837158203,14.637726775983586,14.278752714251622,14.299868459116224,52915249
2017-11-17,14.574378967285156,14.730639110681635,14.506807301628749,14.540593134456952,48944573
2017-11-20,14.62928581237793,14.73909007522662,14.544821733152354,14.591276603449305,41394463
2017-11-21,14.498359680175781,14.675735558180842,14.481467298059183,14.612387258858805,46892108
2017-11-22,14.726409912109375,14.743302288576109,14.443453274370789,14.477239093809489,35024964
2017-11-24,14.701078414916992,14.760204433672378,14.671515938792234,14.726418594314673,12184904
2017-11-27,14.646174430847168,14.78554112872064,14.591271784302826,14.713746098512749,35474462
2017-11-28,14.958693504333496,15.009371721301012,14.595494994541694,14.595494994541694,45612330
2017-11-29,15.406354904174805,15.435917372930172,14.954469015472808,15.359900053204484,70407804
2017-11-30,15.36412239074707,15.583730825679105,15.216310046567434,15.414801670541234,65976641
2017-12-01,15.414803504943848,15.52038437278262,15.16985593421812,15.351455197541728,41622720
2017-12-04,15.739990234375,15.854016742264939,15.520381809577502,15.541497553055681,53598698
2017-12-05,15.435919761657715,15.748440079306052,15.423250739662356,15.54994735865056,43765350
2017-12-06,15.25009536743164,15.393684344616126,15.216309537534306,15.271211111177884,41271993
2017-12-07,15.275434494018555,15.372568621792393,15.123397726020848,15.258542112299681,32475866
2017-12-08,15.511933326721191,15.52038004975693,15.266985824222811,15.372566662653242,33771798
2017-12-11,15.583727836608887,15.600621282135192,15.423245436635979,15.495039380606581,31334711
2017-12-12,16.09052085876465,16.120083330358607,15.617518113744177,16.060957320664983,61433468
2017-12-13,16.0651798248291,16.128529193723402,15.782224145260159,16.05251080425476,52524934
2017-12-14,15.938481330871582,16.115857196438927,15.913142226220682,15.989159540173384,45395326
2017-12-15,16.14964485168457,16.170761663370357,16.018723818749606,16.107412294818634,61974586
2017-12-18,16.242555618286133,16.42415486619646,16.212993148441317,16.25944906762925,41702293
2017-12-19,16.06940460205078,16.335468988617183,16.060957876587082,16.242557141527953,38636703
2017-12-20,16.280567169189453,16.403040428630813,16.124308072677458,16.162317272695145,35706824
2017-12-21,16.4199275970459,16.59308007908627,16.246775115005526,16.28478430047833,42343771
2017-12-22,16.44527244567871,16.51706748038372,16.34391493783148,16.377700773780557,26427702
2017-12-26,16.49595069885254,16.609978287972833,16.44949477739486,16.44949477739486,17977537
2017-12-27,16.42415428161621,16.529735136735873,16.348135895289158,16.504396030128724,21633233
2017-12-28,16.5466251373291,16.555070793434428,16.419927497684647,16.470606766843503,20690678
2017-12-29,16.4199275970459,16.605750163079,16.4199275970459,16.563517616275288,35059388
2018-01-02,16.276336669921875,16.49594504784711,16.200319369721907,16.49594504784711,42626974
2018-01-03,15.900470733642578,16.255222433386024,15.84979146231976,16.24677571041465,51851150
2018-01-04,16.04828643798828,16.12852818479737,15.735767241449118,15.94270558510996,36894187
2018-01-05,16.107406616210938,16.115853337907392,15.963816613392279,16.107406616210938,29386048
2018-01-08,16.153873443603516,16.251007609286994,15.984943161451053,16.1116408730654,35276524
2018-01-09,16.11174774169922,16.32662839157652,16.10744999846703,16.17191397637248,37152896
2018-01-10,15.737857818603516,16.068774340550693,15.703476951731659,16.068774340550693,54388066
2018-01-11,15.677687644958496,15.802317849160364,15.630414643159192,15.759342590304382,54813997
2018-01-12,15.858185768127441,15.896864365294547,15.608924300433037,15.677686009777112,41285233
2018-01-16,15.780834197998047,15.909763262934202,15.703476976094136,15.858191419901962,32739342
2018-01-17,15.836705207824707,15.879680481375422,15.681990750117352,15.802323252521745,29194465
2018-01-18,15.965631484985352,16.064476340002408,15.819512531791062,15.832405763645458,36623296
2018-01-19,15.991418838500977,16.060180574972748,15.875383001221506,16.060180574972748,36965815
2018-01-22,16.275056838989258,16.287950068908366,15.89256962289825,15.987117805060945,41918634
2018-01-23,15.98282241821289,16.425475935279117,15.914060685750393,16.309440104765322,43739664
2018-01-24,15.909762382507324,16.068773476253536,15.892571407351607,16.025798208941914,37823767
2018-01-25,16.094562530517578,16.094562530517578,15.832408781814273,15.939849145215863,30981997
2018-01-26,16.253572463989258,16.253572463989258,16.05588274402337,16.098858015119305,28609654
2018-01-29,16.01290512084961,16.193404935155478,15.892571549549412,15.95703553638247,40884590
2018-01-30,16.090261459350586,16.24497480223244,16.030094134346008,16.05588059590031,39565357
2018-01-31,16.094562530517578,16.29655110829758,16.0429917638467,16.0816703814944,54843258
2018-02-01,16.829448699951172,16.8853171898793,16.50282999074803,16.55010407973321,79392071
2018-02-02,16.361011505126953,16.777879632589517,16.2492734215693,16.77358188876551,61034679
2018-02-05,15.742156982421875,16.464156337137478,15.742156982421873,16.249275628485883,60368442
2018-02-06,15.828104972839355,15.931247551953291,15.25652250194421,15.505784006125054,83286617
2018-02-07,15.871085166931152,16.094560266551284,15.789430198351122,15.819513322225625,47180078
2018-02-08,15.28661060333252,15.879680897953994,15.286610603332521,15.853895516089327,60563732
2018-02-09,15.492897033691406,15.621825029298833,15.05454011216371,15.398348823976201,66489162
2018-02-12,15.630419731140137,15.72926459514646,15.458514298603431,15.613228753770876,36741927
2018-02-13,15.729259490966797,15.77653249281412,15.458509282282813,15.596033800742962,30289413
2018-02-14,15.647610664367676,15.802324044540331,15.518682666675621,15.643312919739401,32880481
2018-02-15,15.901167869567871,15.901167869567873,15.57025134513679,15.673393946526561,36419533
2018-02-16,15.961332321166992,16.068772654529443,15.840998757097084,15.892570594638125,26349718
2018-02-20,15.802324295043945,15.939848869461681,15.759349018658034,15.849598401415324,29222666
2018-02-21,15.604631423950195,15.918356956323043,15.591739277733325,15.802321128638123,27529402
2018-02-22,15.673392295837402,15.896868451290317,15.647606919527849,15.673392295837404,24543650
2018-02-23,15.780834197998047,15.793727430078333,15.596037716580684,15.707774720120897,23098901
2018-02-26,16.098859786987305,16.12034851018929,15.819515067673905,15.871086918069619,26309734
2018-02-27,15.845297813415527,16.176214328056915,15.845297813415527,16.081667217568892,28360874
2018-02-28,15.600332260131836,15.978522830320532,15.600332260131836,15.978522830320532,38768971
2018-03-01,15.471405982971191,15.793727008780312,15.415537482691379,15.604631703091412,37798744
2018-03-02,15.621822357177734,15.643309991007158,15.449918030675816,15.47140566450524,28285936
2018-03-05,15.772235870361328,15.823807704108741,15.514379957490371,15.557356304731766,25551876
2018-03-06,15.845297813415527,15.85819104519116,15.686286714627085,15.828107923003556,23119820
2018-03-07,15.862486839294434,15.914058674768864,15.712070161556806,15.724963391747599,24475464
2018-03-08,15.948440551757812,15.948440551757812,15.712071161614373,15.86248784892587,26170581
2018-03-09,15.92265510559082,15.99571458207248,15.823810250730006,15.974226947637998,24918077
2018-03-12,16.05588150024414,16.1461308649011,15.918356953408205,15.922654697242658,29531820
2018-03-13,16.068771362304688,16.24927115124965,16.01290287097613,16.137533083303847,25399351
2018-03-14,15.9140625,16.154728591055385,15.883978288990205,16.154728591055385,24633285
2018-03-15,15.918355941772461,16.025797360228008,15.905463796377266,15.93984465957908,28967928
2018-03-16,15.901167869567871,16.047286826192273,15.858191514333242,15.93984648075015,49124372
2018-03-19,15.720662117004395,15.944138211712733,15.673388035546113,15.892566387822928,26000580
2018-03-20,15.617527961730957,15.823813197760535,15.548766216387765,15.763645856618433,26701240
2018-03-21,15.471405982971191,15.68628666684394,15.471405982971191,15.61752493482777,23086853
2018-03-22,15.200657844543457,15.488598024153253,15.196360100335676,15.449919411572166,37332696
2018-03-23,14.912714958190918,15.467106495746382,14.84824989206392,15.20065508553794,46377072
2018-03-26,14.90842056274414,15.166277629292804,14.800980208789614,15.067432764123996,41696070
2018-03-27,14.998669624328613,15.127598697541421,14.90842024983972,14.977181988104297,44831567
2018-03-28,15.28231143951416,15.406942763315213,15.144787968622598,15.16627668925498,40707969
2018-03-29,15.320991516113281,15.42413412914281,15.050242292571896,15.333884749725359,36494868
2018-04-02,15.084619522094727,15.325285561065892,14.96858370346463,15.290904698355725,38704360
2018-04-03,15.200657844543457,15.22214548029342,14.977181657472492,15.110407386757938,28969385
2018-04-04,15.419832229614258,15.445618689890049,15.033048348942152,15.110404473903333,27224220
2018-04-05,15.531569480895996,15.561652595570617,15.33387873615212,15.441319051583536,22644769
2018-04-06,15.312398910522461,15.557363883547197,15.222149514110109,15.475708892538952,33255438
2018-04-09,15.400848388671875,15.63293330450385,15.352680426314597,15.431501029945153,28968590
2018-04-10,15.681100845336914,15.935081270079662,15.348299824640836,15.466531271488291,52696259
2018-04-11,15.435876846313477,15.646067289526815,15.405224211574215,15.615414654787553,27864639
2018-04-12,15.39647102355957,15.53221892419748,15.352682162978743,15.510324493907065,29062065
2018-04-13,15.387713432312012,15.488430690898372,15.335166355152799,15.418367184129288,19032235
2018-04-16,15.60666275024414,15.685484474761704,15.422745761648239,15.488431269303037,32964025
2018-04-17,15.484052658081055,15.663590544866071,15.462157119549175,15.628558789050343,27255599
2018-04-18,15.418367385864258,15.562872402860409,15.396471848565437,15.536598863937037,28599724
2018-04-19,15.24758529663086,15.444639586063742,15.24320618955067,15.431502264823175,31172124
2018-04-20,15.181900024414062,15.35268076732789,14.954193104418994,15.265100842457462,42967507
2018-04-23,15.278239250183105,15.278239250183104,15.146869353528793,15.199416427522408,28084556
2018-04-24,15.326404571533203,15.47091065882502,15.221309335851421,15.392088955604947,28561593
2018-04-25,15.413986206054688,15.431501527703665,15.208173712292513,15.269480102651599,33485549
2018-04-26,14.494404792785645,14.75714352553805,14.218529842188582,14.643290037817497,175073050
2018-04-27,14.468127250671387,14.695833057314111,14.459369037306468,14.511916105825934,71773908
2018-04-30,14.319244384765625,14.630151057467952,14.306107062573268,14.568845765574018,61108955
2018-05-01,14.249178886413574,14.41120030829695,14.170357175947045,14.341136811401157,47421840
2018-05-02,14.03898811340332,14.288589454304498,13.9689246179165,14.288589454304498,53196466
2018-05-03,13.986442565917969,14.078400506328576,13.841936441104709,14.030232535280977,53352169
2018-05-04,14.074016571044922,14.130943843439825,13.933890707653635,13.98643776819601,33814298
2018-05-07,14.030234336853027,14.122192289071625,13.947033494963318,14.109054964825237,34776581
2018-05-08,13.881348609924316,14.012717424546928,13.828801526409405,13.99958120658587,44372404
2018-05-09,13.74997329711914,13.885722272272346,13.649257171684107,13.850690528389077,49642586
2018-05-10,13.960171699523926,14.025856113227112,13.79377000525138,13.828802872117553,39600046
2018-05-11,14.1397066116333,14.148463720655549,14.008336706277069,14.012715813705796,36426285
2018-05-14,14.095917701721191,14.222907403349842,14.056506837738263,14.183496539366914,35608980
2018-05-15,14.052123069763184,14.117807452672864,13.92951251655443,14.07401749545477,35095003
2018-05-16,14.144081115722656,14.192250179692367,14.034607880415477,14.052123199964049,25230541
2018-05-17,13.982064247131348,14.192254784928426,13.96892802966609,14.179118567463167,33656874
2018-05-18,14.0346097946167,14.056504223497361,13.916377224656912,13.986440724077138,28969650
2018-05-21,14.271073341369629,14.297347982131296,13.968924925125895,14.082777278419591,37984104
2018-05-22,14.201005935668945,14.367407524685742,14.187868618904016,14.288585835765653,38908785
2018-05-23,14.157218933105469,14.244798851436018,14.03460837444467,14.196629785770718,34379249
2018-05-24,14.354273796081543,14.36741111613043,14.10467245599785,14.183493058786105,46677223
2018-05-25,14.236039161682129,14.327998176973473,14.183490994967809,14.319239964881945,28884781
2018-05-29,14.157218933105469,14.227282425435918,14.074018121274944,14.214146211770817,35691200
2018-05-30,14.262317657470703,14.292971410462997,14.13532796127218,14.170359715999556,31955799
2018-05-31,14.15284252166748,14.253559778677237,14.082779015995152,14.24042245667548,38948770
2018-06-01,14.218525886535645,14.279831168316202,14.170356818945196,14.222903887375669,31463933
2018-06-04,14.192254066467285,14.310486652681034,14.174738742121864,14.26669668306462,24333399
2018-06-05,14.310486793518066,14.323624116282852,14.144085128505091,14.192254206140728,30999209
2018-06-06,14.617011070251465,14.695832777364162,14.275451813876439,14.349894414390098,45205729
2018-06-07,14.80530834197998,14.875371836421355,14.406821802656534,14.481263297894863,56352882
2018-06-08,14.814067840576172,14.90164777568184,14.704593474611679,14.739625227486908,43935086
2018-06-11,14.967328071594238,15.098696832409777,14.805306673644068,14.87537016019034,49197060
2018-06-12,15.04177188873291,15.12059248813758,14.923539330873444,15.1118353809826,78647321
2018-06-13,14.109049797058105,14.51191542886601,14.104671796414895,14.450610149841427,258289495
2018-06-14,14.24041748046875,14.441850818263715,14.056500565888477,14.275449221063335,117442904
2018-06-15,14.51629638671875,14.568844565323813,14.078398953071959,14.28421145462042,150914551
2018-06-18,14.095917701721191,14.468130802762564,14.056506837738263,14.459372587247405,104138823
2018-06-19,14.18349838256836,14.275457445757397,13.995203359534496,14.012718687005709,115643059
2018-06-20,14.012716293334961,14.26669679204804,13.990821861277121,14.231665037254347,73886085
2018-06-21,13.837555885314941,14.144083427103658,13.798145027596588,14.056504603379075,68087230
2018-06-22,13.87696647644043,13.964546404317616,13.79814476251798,13.894482904349905,82958662
2018-06-25,13.885722160339355,13.990817391141986,13.828795991676015,13.859448629097422,64377382
2018-06-26,13.846311569213867,13.929512376508262,13.749973443135648,13.894480632252977,59108126
2018-06-27,13.859452247619629,14.034611011355684,13.855073140296831,14.003958365931272,61469348
2018-06-28,14.095917701721191,14.152843890899147,13.8638327314165,13.903243595399427,55928276
2018-06-29,14.060884475708008,14.227285023925694,14.0346109377442,14.122189766235286,55645999
2018-07-02,14.104670524597168,14.14845937376059,14.012711508517267,14.082774994180586,50002449
2018-07-03,14.323626518249512,14.35865827899493,14.091540412163969,14.122193064586781,44857650
2018-07-05,14.275453567504883,14.363033498574172,14.214148279257461,14.341137962889281,46895286
2018-07-06,14.310486793518066,14.33676143904764,14.209770636493777,14.30172857834154,54541518
2018-07-09,14.369479179382324,14.467809177459417,14.351601716176752,14.409704882468592,57539848
2018-07-10,14.525915145874023,14.525915145874023,14.360543782350822,14.409707662174347,51435414
2018-07-11,14.244339942932129,14.458876369865191,14.239870292950254,14.427589948691557,51941182
2018-07-12,14.405241012573242,14.440997082025476,14.257748213694793,14.329260352599256,58851800
2018-07-13,14.154946327209473,14.266683030365842,14.078963427700568,14.248805564192525,70635135
2018-07-16,14.257742881774902,14.297967457254009,14.146005065435462,14.172821825321202,43981029
2018-07-17,14.195171356201172,14.351604551474992,14.172824240604571,14.244336364952739,48245236
2018-07-18,14.172821998596191,14.28009016814962,14.168352350444087,14.221986999570316,59012004
2018-07-19,13.976164817810059,14.204110129008358,13.967225520422085,14.181763014237593,68428822
2018-07-20,13.90018367767334,14.025330460681866,13.873366912992662,14.002982216198621,48517053
2018-07-23,13.855486869812012,13.944877581007196,13.766097287315928,13.918059690429182,49376329
2018-07-24,14.159419059753418,14.159419059753418,13.85996153614192,13.967229751192374,67484015
2018-07-25,13.520275115966797,13.935940057118014,13.466641585385554,13.900183993830773,127781491
2018-07-26,13.564970016479492,13.658830384857307,13.542622900946263,13.56943966532598,58705498
2018-07-27,13.891244888305664,13.949349197389528,13.564970665201448,13.609666027104593,60943985
2018-07-30,14.302440643310547,14.360544954251623,14.056617838034805,14.105782850569671,84792932
2018-07-31,14.28902816772461,14.454399490849896,14.275619224485157,14.365008793318063,62956068
2018-08-01,14.257742881774902,14.423114217885828,14.217517177596783,14.391827809902626,41515609
2018-08-02,14.235397338867188,14.347135176380727,14.199641276010823,14.235397338867188,41306020
2018-08-03,14.423114776611328,14.427584424881935,14.195169487004797,14.257743434094216,35197746
2018-08-06,14.351605415344238,14.445464660938697,14.30244040363327,14.396300777927003,39835585
2018-08-07,14.481220245361328,14.499098841281652,14.28903211141327,14.342665641775767,36200146
2018-08-08,14.46334171295166,14.539323482618697,14.436523821046244,14.516975239364182,29064448
2018-08-09,14.521446228027344,14.525915877090696,14.409708387541277,14.48122051515642,22388046
2018-08-10,14.41865062713623,14.485693119364981,14.3739552560839,14.476753819414618,28441506
2018-08-13,14.3962984085083,14.454401580213474,14.382889463330603,14.418645521772039,30159926
2018-08-14,14.409703254699707,14.472277190598108,14.396295440984867,14.409703254699709,23881650
2018-08-15,14.512511253356934,14.548267325035779,14.360547666546966,14.427590159857361,39232106
2018-08-16,14.789613723754883,14.811960835012604,14.539321337132657,14.539321337132657,49497475
2018-08-17,14.762796401977539,14.865594915764357,14.731509995929287,14.776205345440625,34647226
2018-08-20,14.798556327819824,14.861129156288218,14.753860966614154,14.811964146092057,31105394
2018-08-21,14.928171157836914,15.00862257970248,14.88794544690413,14.896884744600127,37627153
2018-08-22,14.606368064880371,14.838783056104832,14.59742876628728,14.838783056104832,45223736
2018-08-23,14.521446228027344,14.655532313830175,14.485690164219772,14.610836951895898,28404566
2018-08-24,14.588489532470703,14.633184893477257,14.508038108398754,14.508038108398754,21492889
2018-08-27,14.673407554626465,14.762797129354505,14.624242554871692,14.633181850954196,23296972
2018-08-28,14.601896286010742,14.6734095356265,14.584018820131167,14.664470238337136,21825743
2018-08-29,14.405241012573242,14.615308908217113,14.396302841734762,14.597430309141279,33315018
2018-08-30,14.284566879272461,14.445468648810591,14.24434115471303,14.39183510186441,33840646
2018-08-31,14.275619506835938,14.297966617311426,14.177290640565262,14.280089154670824,41386784
2018-09-04,14.239867210388184,14.275623273803435,14.07002619134056,14.204111146972934,33314753
2018-09-05,14.311380386352539,14.324789334378453,14.096843990133879,14.190704368916622,35382046
2018-09-06,14.382891654968262,14.440994835527087,14.302440229041222,14.36054453829931,33955436
2018-09-07,14.35607624053955,14.476752262089882,14.342667292056461,14.373953709817634,34103327
2018-09-10,14.476752281188965,14.610838380098654,14.391832326782136,14.427588394084845,34780156
2018-09-11,14.601896286010742,14.660000589692455,14.51250669921456,14.51697521916009,34892431
2018-09-12,14.937115669250488,15.039914242538117,14.677883846477565,14.677883846477565,65719388
2018-09-13,15.053319931030273,15.057789580469604,14.789618515005213,14.946051730584387,45818079
2018-09-14,15.017560005187988,15.039907117942805,14.883473942561894,15.022029653478764,43936675
2018-09-17,15.02650260925293,15.111423688071527,14.941581530434332,15.017563310703748,33820653
2018-09-18,15.071198463439941,15.160588065740917,14.919233769259653,14.999685201420075,44568356
2018-09-19,14.914762496948242,15.178465011835506,14.86112896714345,15.165056065034694,41038704
2018-09-20,14.946049690246582,14.986275401009856,14.816433260298437,14.968396805693201,32803159
2018-09-21,15.098014831542969,15.303611927221477,15.098014831542969,15.218691976588694,172328000
2018-09-24,15.156116485595703,15.321488978269828,15.084604361385054,15.30808003171813,48180625
2018-09-25,15.089072227478027,15.281261461849397,15.057785817919726,15.098011524122992,40622306
2018-09-26,14.905824661254883,15.156117106241677,14.901355012221284,15.120361042672135,43533782
2018-09-27,14.937115669250488,15.093548918735785,14.870073170528105,14.941585319658595,32880878
2018-09-28,15.008622169494629,15.053317528053821,14.887945039994563,14.932640398553755,29197113
2018-10-01,14.968399047851562,15.084606548719265,14.923703681564081,15.04438083193047,29813567
2018-10-02,15.160587310791016,15.16505695998839,14.963928389602913,14.986276635589796,39724502
2018-10-03,15.160587310791016,15.24997803733996,15.093544830228954,15.232099440550453,35349608
2018-10-04,15.24997615814209,15.258914326736134,14.986274788886867,15.1203597334882,36434097
2018-10-05,15.191871643066406,15.330426234386586,15.133768468867341,15.281262357356344,37956167
2018-10-08,15.245508193969727,15.276794609253592,15.098014287132013,15.20081283126451,37166931
2018-10-09,15.269206047058105,15.360365967175893,15.269206047058107,15.355807856066187,36894716
2018-10-10,14.972940444946289,15.492549080612593,14.9683823331024,15.32846280942438,60268612
2018-10-11,14.471566200256348,15.068660515384675,14.430544339190275,14.963827382010713,84334960
2018-10-12,14.69946002960205,14.749598102836565,14.517141332892276,14.672112512855135,57132718
2018-10-15,14.749597549438477,14.890894390207384,14.681228184617273,14.708575700338121,44013202
2018-10-16,14.763273239135742,14.79973813434086,14.653882006635461,14.75415816637282,37136479
2018-10-17,14.845319747924805,14.913690288276115,14.713139082058666,14.772392245852748,39605606
2018-10-18,14.813413619995117,14.972942957144017,14.694906145285607,14.84531925721719,40679900
2018-10-19,14.982057571411133,15.018521317321088,14.726810199003026,14.79062261762426,46516092
2018-10-22,14.890898704528809,15.023080512379746,14.85443495599036,15.000289950144154,30573676
2018-10-23,15.050426483154297,15.168933941436542,14.608303433863073,14.904571504049496,70738937
2018-10-24,13.838004112243652,14.494352601982248,13.792424148185454,14.462446972452987,157361240
2018-10-25,13.664804458618164,13.997536308351894,13.56452828672578,13.97018878467147,101822750
2018-10-26,13.259139060974121,13.642008855170761,13.149747855637663,13.623777563133721,102825150
2018-10-29,13.509833335876465,13.81977577659709,13.350304003030436,13.487043924486391,65233480
2018-10-30,13.888145446777344,13.942841646689741,13.591877337434726,13.605550524133927,65072879
2018-10-31,13.98386287689209,14.12060280622946,13.728616620249666,13.988420989640526,59387755
2018-11-01,13.897257804870605,14.152503981013496,13.847119731488924,14.1251553131481,46842988
2018-11-02,13.910933494567871,14.088694112535029,13.833447890395806,13.961071576984626,44376640
2018-11-05,13.961071968078613,14.0659050969427,13.933724445557209,13.961071968078613,36206766
2018-11-06,14.111482620239258,14.116040731708427,13.90637335931794,13.965627657378876,32187234
2018-11-07,14.175292015075684,14.188966347685396,13.988415224600123,14.125153946544842,40827261
2018-11-08,14.147947311401367,14.202642350629251,14.07501982507197,14.166178607464552,39121022
2018-11-09,13.98841667175293,14.166177258878665,13.874467341331156,14.12059844754053,52952983
2018-11-12,14.029439926147461,14.234548050800612,13.970186774857885,13.992976182806569,34338337
2018-11-13,13.824328422546387,14.084133846898494,13.801539018270413,14.061343291584373,33948684
2018-11-14,13.906375885009766,14.002093941170221,13.724057148321352,13.924608334197837,41432594
2018-11-15,13.728614807128906,13.84256415767495,13.62833979302222,13.833447933382045,51526638
2018-11-16,13.806099891662598,13.865353045258413,13.651128688672463,13.705823730293465,38302658
2018-11-19,13.833451271057129,13.992980630519826,13.769639987687532,13.828893157810915,37015995
2018-11-20,13.409553527832031,13.75595844271384,13.40043730611459,13.660241567794994,54806053
2018-11-21,13.569087028503418,13.687594504666208,13.405000727772174,13.446022590714623,40125806
2018-11-23,13.382206916809082,13.564525623952813,13.377648805250704,13.564525623952813,17742924
2018-11-26,13.651130676269531,13.74228947592333,13.509833788631086,13.514391901269558,47387946
2018-11-27,13.874469757080078,13.897260317755535,13.546296042699268,13.600991086243527,42574147
2018-11-28,14.011208534240723,14.070461685125352,13.833446779510187,13.874468634368132,45639472
2018-11-29,13.933723449707031,13.997534714709165,13.765077912294917,13.842563513099666,40881545
2018-11-30,14.239105224609375,14.325707040978552,13.983859038037242,13.997533372528666,106538705
2018-12-03,14.453330993652344,14.53993281172241,14.271011134338877,14.467005328412336,57899712
2018-12-04,14.006650924682617,14.590070835068207,13.979303404142884,14.462448305190541,59356641
2018-12-06,13.915491104125977,13.929165440028978,13.605548698631644,13.89270169532602,68847073
2018-12-07,13.7377290725708,14.075018963968601,13.678474774154362,13.774192813504664,49616370
2018-12-10,13.632896423339844,13.714940137908423,13.295606492032215,13.710382025872569,54352980
2018-12-11,13.53718090057373,13.979305151597826,13.487043965156682,13.874470866187247,65621809
2018-12-12,13.746846199035645,13.806100506307827,13.642013072062923,13.724056789185376,54156499
2018-12-13,13.632896423339844,13.760520107228567,13.468810145241081,13.714940137908423,65005487
2018-12-14,13.774194717407227,13.856238433608263,13.53717979305721,13.596432948625505,56589614
2018-12-17,13.61011028289795,13.783312826665952,13.49160279461935,13.73317588430711,58284731
2018-12-18,13.559971809387207,13.683036245861626,13.491601271187648,13.505275609035268,58914160
2018-12-19,13.591876029968262,13.810658506495077,13.496157977088767,13.6374548492992,68079550
2018-12-20,13.058592796325684,13.61010709016646,12.848925396698084,13.600990866043869,101572381
2018-12-21,12.903621673583984,13.32751343659488,12.826136070119214,12.917296009856027,105470767
2018-12-24,12.470613479614258,12.894504045433019,12.470613479614258,12.85804030371619,54429772
2018-12-26,12.798787117004395,12.807902189127784,12.215366100231869,12.534424702583994,75985949
2018-12-27,12.830694198608398,12.835252310704904,12.38401302561161,12.675722991480793,77548269
2018-12-28,12.971989631652832,13.12696082160369,12.839808999658443,12.848924071802749,66978909
2018-12-31,13.008455276489258,13.054035248032287,12.803345980064845,13.0221296132637,69988626
2019-01-02,13.464250564575195,13.487041122268554,12.899061999353897,12.990221928050799,52025256
2019-01-03,13.48248291015625,13.58731602164889,13.313837388636486,13.455135392166486,49787166
2019-01-04,13.828887939453125,13.847120385557933,13.623779827003633,13.655685456648781,55703858
2019-01-07,14.079578399658203,14.252780897624294,13.865352894365241,14.006650910931603,54377872
2019-01-08,14.257335662841797,14.302915620356265,14.143386344574674,14.27100884436947,57683105
2019-01-09,14.022195816040039,14.385562196561082,13.961635340836922,14.385562196561082,58660217
2019-01-10,14.161952018737793,14.199220273277517,13.89175687921628,13.99890296396373,42388654
2019-01-11,14.38090705871582,14.418175324118147,14.120029200899532,14.16195614653145,38308086
2019-01-14,14.264435768127441,14.338972258100517,14.157289710845369,14.30170401311398,32395897
2019-01-15,14.255121231079102,14.255121231079102,14.082756005101585,14.21785297872445,35397670
2019-01-16,14.236486434936523,14.324998967619068,14.138656545880261,14.222510400375947,32430586
2019-01-17,14.273754119873047,14.32499840146934,14.166608055111556,14.23182719428223,34777508
2019-01-18,14.422825813293457,14.45543537994647,14.217849881774,14.35760667998743,57261808
2019-01-22,14.245805740356445,14.436804513545923,14.171268055602685,14.404194938210303,49859854
2019-01-23,14.390219688415527,14.394878367113586,14.250464033209829,14.311024503416562,36879490
2019-01-24,14.255121231079102,14.338975092985565,14.101389543061915,14.338975092985565,32297391
2019-01-25,14.283069610595703,14.460093469412355,14.273752255807013,14.292385788950705,40353402
2019-01-28,14.287731170654297,14.292388672554644,14.175925243499666,14.264437778982948,41081866
2019-01-29,14.301706314086914,14.301706314086914,14.185242882712197,14.264438063104363,41497735
2019-01-30,13.682124137878418,14.16195401199183,13.514416380628251,13.956977994956537,123070434
2019-01-31,14.003558158874512,14.017534193186687,13.57963256861152,13.742681596518127,69082348
2019-02-01,13.975606918334961,14.143314620165427,13.929022491323241,14.073436803214012,54384889
2019-02-04,13.793926239013672,13.989584859005172,13.770634022333207,13.989584859005172,51681413
2019-02-05,13.803243637084961,13.84051188974433,13.72404845312955,13.821878351631646,38762616
2019-02-06,13.770630836486816,13.877776890723027,13.751997302740126,13.835849969250818,30356937
2019-02-07,13.719390869140625,13.770635161798706,13.472487940301068,13.761317803781948,50163315
2019-02-08,13.765975952148438,13.770634630977236,13.556341287022684,13.696098122584536,32148838
2019-02-11,13.840514183044434,13.901074662487712,13.724050727132273,13.779953703601155,38471865
2019-02-12,13.887097358703613,13.989584758367991,13.849829106422568,13.905730896627142,39705568
2019-02-13,13.90107250213623,13.919707216874588,13.742683309030253,13.887097642516474,39773092
2019-02-14,13.877779960632324,13.980267359994711,13.765975204118634,13.835853029885442,34220369
2019-02-15,14.194561958312988,14.21785417683469,13.943000351395003,13.989585964872493,49237839
2019-02-19,14.269096374511719,14.292388589613978,14.120023374415865,14.189901196156557,32719218
2019-02-20,14.37158489227295,14.413511823884136,14.189902306247152,14.273756169469523,32767808
2019-02-21,14.362268447875977,14.469415711267668,14.269098397821825,14.376244484779436,35192450
2019-02-22,14.511338233947754,14.529972945664605,14.357607744452832,14.418168204664958,30924933
2019-02-25,14.502022743225098,14.576559240764604,14.450778460003981,14.55792452816279,32325063
2019-02-26,14.543952941894531,14.641782860107018,14.4228319786741,14.5066846817265,39276195
2019-02-27,14.469413757324219,14.567242473135442,14.338974293142,14.548607759780586,34886738
2019-02-28,14.497367858886719,14.567245696562086,14.427490021211355,14.46941695910341,37371224
2019-03-01,14.3576078414917,14.553265257238108,14.273753991066766,14.534631721829138,40505000
2019-03-04,13.966291427612305,14.41816909752304,13.821877108599002,14.41816909752304,65515095
2019-03-05,13.952314376831055,13.998899979181452,13.882436561522363,13.984923945546191,34463455
2019-03-06,13.887097358703613,14.040829046417175,13.868462644346097,13.975608722599855,32544317
2019-03-07,13.938339233398438,14.008217053170029,13.882437448154715,13.910388340776576,32869756
2019-03-08,13.956974029541016,14.003558458711318,13.854486638358907,13.905729745733016,29797812
2019-03-11,14.078095436096191,14.120022361419474,13.952314660126339,13.966290694045378,34448494
2019-03-12,14.269096374511719,14.394877159505315,14.078096446084666,14.092071304572455,43009610
2019-03-13,14.106046676635742,14.31102263035246,14.073437106451374,14.27841306016809,36677713
2019-03-14,14.106046676635742,14.203876563622712,14.073437106451374,14.106046676635744,29249014
2019-03-15,14.287731170654297,14.292388672554644,14.115364778022002,14.213193493739901,70650758
2019-03-18,14.348292350769043,14.366925888600269,14.250463630178645,14.2923893844074,30882432
2019-03-19,14.292387008666992,14.464753381232779,14.236485228031558,14.380899533845843,38039182
2019-03-20,14.213194847106934,14.329658287251451,14.161951733418489,14.250464277329852,32656328
2019-03-21,14.469413757324219,14.511339509504799,14.185242613700133,14.185242613700133,34878529
2019-03-22,14.474071502685547,14.599852290644709,14.441461930199974,14.441461930199974,43918934
2019-03-25,14.33431625366211,14.51134015625331,14.278414463973931,14.488047939955566,33938489
2019-03-26,14.623150825500488,14.637125689232542,14.413516105176102,14.427492145342514,32179688
2019-03-27,14.627803802490234,14.739609736354025,14.557925976150859,14.58587687139981,35408526
2019-03-28,14.446120262145996,14.674388440504242,14.380901118739045,14.637120190495423,35743234
2019-03-29,14.609171867370605,14.623147904745514,14.427489263667425,14.51600063773947,41847006
2019-04-01,14.884024620056152,14.902658158769027,14.69302467197051,14.720975568256838,50012511
2019-04-02,14.734952926635742,14.884025955449696,14.697684669432254,14.86539123863088,42296239
2019-04-03,14.846755981445312,14.888682913005294,14.739609901429361,14.814146407217327,38104720
2019-04-04,14.897997856140137,14.967875671938513,14.870045788673734,14.884021822406934,37352688
2019-04-05,15.070366859436035,15.075025538522642,14.87004954088249,14.939927374313372,52865599
2019-04-08,15.089001655578613,15.149563312312436,14.995831595391964,15.116953732425399,49321648
2019-04-09,15.105767250061035,15.17237498374201,15.005854448058034,15.153343516129421,35455396
2019-04-10,15.167618751525879,15.243742227217338,15.101011010666268,15.105768878082193,26990932
2019-04-11,15.319863319396973,15.343651451293898,15.167616391701104,15.186646656922345,33008512
2019-04-12,15.319863319396973,15.376955316542183,15.205678123625072,15.367439583190821,34451936
2019-04-15,15.234228134155273,15.343655492069358,15.196166392207687,15.324625221836465,25769939
2019-04-16,15.343652725219727,15.343652725219728,15.196163651954075,15.281802856263674,28733316
2019-04-17,15.200918197631836,15.319861243965821,15.200918197631836,15.262768053073728,29610995
2019-04-18,15.238983154296875,15.272287022092122,15.153343950548193,15.200921419462079,30872370
2019-04-22,15.262770652770996,15.310348119704694,15.186647186269695,15.23422465320339,29444568
2019-04-23,15.272286415100098,15.357925615445078,15.167616948834862,15.25325614917984,41937700
2019-04-24,14.64902400970459,15.029641315079868,14.520565218584892,14.782239465845215,95658073
2019-04-25,14.43492603302002,14.582416290236202,14.296952710295631,14.577658423731023,58284201
2019-04-26,14.59669017791748,14.729906849213393,14.406381505695865,14.496778575556718,46593943
2019-04-29,14.691849708557129,14.896430844236988,14.663303699168626,14.706122112510409,42053815
2019-04-30,14.729903221130371,14.815541201425665,14.634748307716134,14.720387489492694,46341721
2019-05-01,14.64902400970459,14.84884839539697,14.644266143202218,14.772724934321914,35810228
2019-05-02,14.568142890930176,14.753693679774917,14.55387049269994,14.72990554840355,39338026
2019-05-03,14.606204986572266,14.649024585294635,14.544355122574116,14.587174721296485,37370694
2019-05-06,14.553871154785156,14.577659287238694,14.453958355220973,14.49202008803554,33340968
2019-05-07,14.525323867797852,14.55387106835037,14.406380803273539,14.520566001039098,34121069
2019-05-08,14.415895462036133,14.511050387154055,14.354044400265058,14.458715058191057,33120125
2019-05-09,14.453959465026855,14.487263333611555,14.335016390663442,14.401624127832841,35851802
2019-05-10,14.568142890930176,14.615720355154368,14.349287036091482,14.392106633745108,29145609
2019-05-13,14.496776580810547,14.582415771896773,14.434925519923206,14.439683386259263,36692409
2019-05-14,14.791757583618164,14.92973212998724,14.56814503084393,14.606206767517877,49683365
2019-05-15,14.867883682250977,14.8916730227988,14.69660643771589,14.767972056395664,31685041
2019-05-16,15.043916702270508,15.16761764158734,14.915457895885924,14.915457895885924,31292608
2019-05-17,15.129555702209473,15.22470943783478,14.929731295470294,14.944003694999228,40897698
2019-05-20,15.315108299255371,15.738545295796577,15.205680949820497,15.357927905813662,70774685
2019-05-21,15.419778823852539,15.529207382168941,15.26753185756407,15.338897472826567,30867074
2019-05-22,15.357929229736328,15.438810582265246,15.281805745177557,15.33889775785573,26465171
2019-05-23,15.291315078735352,15.376954270106715,15.191403489789696,15.310346544142945,32657122
2019-05-24,15.353164672851562,15.391226398548591,15.272283355560212,15.376952800856722,21391471
2019-05-28,15.191405296325684,15.424533566403499,15.181889562490294,15.381713965625783,32468584
2019-05-29,15.18188762664795,15.324620011534376,15.077218172249681,15.18188762664795,35680344
2019-05-30,15.158101081848145,15.25801268038441,15.053431616503271,15.205678548452731,32077342
2019-05-31,14.549115180969238,14.825061878666865,14.453960235811548,14.77748560756969,65422282
2019-06-03,14.791757583618164,14.915458528178899,14.596691032978981,14.615722502056773,48092446
2019-06-04,14.97730827331543,14.986822805529133,14.739422139823782,14.93448867316841,41391153
2019-06-05,15.072463989257812,15.086737591678972,14.948763039386163,15.043917985897181,27050379
2019-06-06,15.272286415100098,15.305590281571696,15.081977748489882,15.129555215512818,32321091
2019-06-07,15.457837104797363,15.557749904982284,15.291316572143506,15.305590172593215,42087842
2019-06-10,15.191405296325684,15.700481437259029,15.158101429383361,15.552992368736646,40947745
2019-06-11,15.277043342590332,15.434048133074985,15.23898161160864,15.253255211282319,25967082
2019-06-12,15.310347557067871,15.372197420771698,15.23898196003069,15.277043691882618,25530560
2019-06-13,15.362683296203613,15.381713561893353,15.281801963688816,15.32937822865392,22340382
2019-06-14,15.391231536865234,15.434051142754752,15.310350192571892,15.386473669379546,26279414
2019-06-17,15.367441177368164,15.410260780409805,15.305591307131133,15.343653043003524,22262001
2019-06-18,15.434049606323242,15.5577505441919,15.415018138275032,15.434049606323242,27187148
2019-06-19,15.419778823852539,15.505418042760251,15.376959214398683,15.481629904833348,28081510
2019-06-20,15.481626510620117,15.510172510170294,15.372197976294979,15.500656776493061,35835384
2019-06-21,15.43880844116211,15.557751519475008,15.42453483923117,15.552993652164695,51925426
2019-06-24,15.500655174255371,15.552990502588948,15.443563181056376,15.457835578615425,28790910
2019-06-25,15.486385345458984,15.510173479657459,15.438807875580437,15.510173479657459,25460123
2019-06-26,15.476871490478516,15.600572446590586,15.472113622764775,15.505417495279227,37020232
2019-06-27,15.690961837768555,15.714749963193505,15.49113749916303,15.586291202343991,37316013
2019-06-28,15.94312572479248,15.962155991320255,15.66241998202564,15.7195131845721,53981201
2019-07-01,15.905061721801758,16.12867543161088,15.890788122830516,16.085855836178553,42843978
2019-07-02,16.100130081176758,16.114403681785912,15.876516345707705,15.924093812923346,35260636
2019-07-03,16.166738510131836,16.19528450897561,16.114403177683666,16.15722277669008,26660726
2019-07-05,16.31898307800293,16.352288142682088,16.147705895631447,16.166737361162394,32447268
2019-07-08,16.295194625854492,16.347529953549934,16.20955543561882,16.238102633351634,42167017
2019-07-09,16.27832794189453,16.33656815367458,16.210379393957453,16.302594492528673,41013548
2019-07-10,16.385099411010742,16.42392662013866,16.317152101448148,16.375392302317504,33566180
2019-07-11,16.239500045776367,16.511291795371065,16.142432614331383,16.49673112911393,38215804
2019-07-12,16.331716537475586,16.336570093307728,16.205527762776125,16.273476318780705,30785251
2019-07-15,16.3608341217041,16.375393560217326,16.292885581276906,16.336566348106842,26817752
2019-07-16,16.297739028930664,16.365687568911483,16.263765371762815,16.346273350161212,23658953
2019-07-17,16.142436981201172,16.297745894043732,16.13758342446914,16.28803878057966,24888817
2019-07-18,16.05992317199707,16.113311051136048,15.938587974423173,16.10845749615567,42533500
2019-07-19,15.914319038391113,16.147282288639115,15.904611929886194,16.127868071629273,42575603
2019-07-22,15.593996047973633,15.894906640912057,15.56487471912528,15.894906640912057,47022787
2019-07-23,15.57458209991455,15.608555758517335,15.297938050554547,15.603702203624769,60340506
2019-07-24,16.132726669311523,16.205527554567485,15.618265691104607,15.618265691104607,63928943
2019-07-25,16.40937042236328,16.49673074091442,16.234647333970443,16.2977411016427,51661421
2019-07-26,16.574384689331055,16.61321190498787,16.302594179733344,16.375395055884216,45213673
2019-07-29,16.666601181030273,16.719987840998268,16.472465086498133,16.535558857604073,40963368
2019-07-30,16.588945388793945,16.81220157286656,16.540411062712213,16.715134146348344,44919083
2019-07-31,16.525848388671875,16.734543866383948,16.44819397239645,16.525848388671875,53799151
2019-08-01,16.559823989868164,16.79278726608875,16.51128966757759,16.73454583421103,54361984
2019-08-02,16.584087371826172,16.666595336273538,16.278323283371183,16.40451200697568,48294621
2019-08-05,16.254058837890625,16.4724626783385,16.108457094688823,16.35598103864802,49077502
2019-08-06,16.4821720123291,16.487025567843506,16.156993598026705,16.263768142407592,41916119
2019-08-07,16.530704498291016,16.579237596731883,16.190965455333775,16.307447097753208,50243814
2019-08-08,16.763668060302734,16.763668060302734,16.535558309987568,16.62291985604517,37732014
2019-08-09,16.763668060302734,16.787935837343905,16.574385527608136,16.710281402102773,30275643
2019-08-12,16.73454475402832,16.7830790731861,16.632623786877545,16.729691199548036,31324781
2019-08-13,16.91897201538086,16.96750632620148,16.681155240569158,16.681155240569158,41333294
2019-08-14,16.545265197753906,16.807348606748207,16.51129153599958,16.792789166365086,45830657
2019-08-15,16.666601181030273,16.724841396567243,16.48217219763608,16.6180668509859,32262702
2019-08-16,16.972362518310547,16.986921955868688,16.700570825721247,16.73454448088365,41180372
2019-08-19,17.171350479125977,17.20047180482727,16.982067990292688,16.991775098859783,34603667
2019-08-20,16.97721290588379,17.132520489522445,16.938384477918095,17.127668161671554,28856448
2019-08-21,17.064577102661133,17.10825786848829,16.97236324204389,17.079137766485218,29013606
2019-08-22,17.17620086669922,17.229588728330317,17.025745614228157,17.103400017158048,28412643
2019-08-23,16.899564743041992,17.200476613226883,16.812203192806205,17.13252805990718,44827992
2019-08-26,16.952951431274414,17.054872415582558,16.84617566602366,16.972365652463743,30713225
2019-08-27,16.85102653503418,17.006336602854404,16.807345769966783,16.991775939283578,42475509
2019-08-28,16.96750831604004,16.977215424471524,16.75881038734318,16.826758920718554,32261114
2019-08-29,17.059728622436523,17.147090180076365,17.01119551321036,17.040315623875152,30840594
2019-08-30,17.113113403320312,17.15679417420194,17.020898306387405,17.074286187608337,28610448
2019-09-03,17.171350479125977,17.176204033409526,16.948094335952867,17.025748753199604,27196284
2019-09-04,17.336368560791016,17.384902883968646,17.200473926667854,17.244153469318032,27455656
2019-09-05,17.41887664794922,17.462557416509004,17.3509293304763,17.42373020286088,28784687
2019-09-06,17.59360122680664,17.651842665082263,17.428585248278537,17.447999469585504,38748316
2019-09-09,17.855688095092773,18.51089858084821,17.8168608706,18.355589682877106,156054584
2019-09-10,18.23910140991211,18.30704872177759,17.94304316424952,18.059526021226173,63577950
2019-09-11,18.802101135253906,18.806954690942415,18.302199607081832,18.408974155292935,72914534
2019-09-12,18.62738037109375,18.675914708425342,18.311909016906693,18.622528040441566,56491108
2019-09-13,18.399263381958008,18.612813647297834,18.3167554084616,18.44779770030502,51934430
2019-09-16,18.10805892944336,18.36043640756416,18.010991517151176,18.297341425211425,65127428
2019-09-17,18.03525733947754,18.07893810223048,17.855680734199336,17.97701591392528,46375748
2019-09-18,17.841129302978516,17.94790386781859,17.710086955916445,17.841129302978516,49625374
2019-09-19,18.030405044555664,18.064378701148637,17.8605355359457,17.972164840580596,35751178
2019-09-20,18.399263381958008,18.44779770030502,18.0449649416214,18.103205143121777,102573987
2019-09-23,18.248807907104492,18.370141863234128,18.190566480568833,18.25851379015624,28592972
2019-09-24,18.142030715942383,18.370140398255298,18.122617725742,18.341020300132254,36647790
2019-09-25,18.142030715942383,18.22939223595646,18.07408341177363,18.117764171780667,29563331
2019-09-26,18.142030715942383,18.18085792198809,18.044963313650584,18.151737823865044,25490045
2019-09-27,18.16629981994629,18.311901546899964,18.04496463893655,18.253660120731478,32070987
2019-09-30,18.36528968811035,18.40411812581348,18.214834394591247,18.24395572286859,37524676
2019-10-01,18.15659523010254,18.42353217509705,18.13718223578331,18.418678620105943,30502974
2019-10-02,17.99643325805664,18.127475569085416,17.918778827590383,18.127475569085416,34764268
2019-10-03,18.049823760986328,18.05467731680127,17.792592656666777,17.95760865179322,26973322
2019-10-04,18.205129623413086,18.2099831784226,18.020699435632334,18.064380205072762,29014268
2019-10-07,18.277931213378906,18.379852195636282,18.20998389187399,18.239103997426774,27852194
2019-10-08,18.190568923950195,18.30219701202212,18.142034599592126,18.287637572666338,37298007
2019-10-09,18.31177520751953,18.395796917544605,18.23269609786433,18.390855565306136,32517572
2019-10-10,18.494640350341797,18.558891637770927,18.272229647450587,18.287057443687,30928905
2019-10-11,18.5737247467041,18.68245820581282,18.519357393084064,18.57866734686332,36655734
2019-10-14,18.519359588623047,18.628093060622525,18.440280472963156,18.573726948688538,27506894
2019-10-15,18.73188018798828,18.81590188200169,18.49464290423201,18.509469454384796,30063141
2019-10-16,18.67751693725586,18.78130905173651,18.63303478078293,18.692344738790652,29173148
2019-10-17,18.687400817871094,18.71211257055156,18.588551310886515,18.71211257055156,24521672
2019-10-18,19.013601303100586,19.043255654164753,18.677514497269122,18.687399697000938,49864620
2019-10-21,18.89498519897461,19.087740379084423,18.875216044976103,18.988892112828996,35278112
2019-10-22,18.865331649780273,18.959238567646075,18.583612144314372,18.692345616279535,26683631
2019-10-23,18.65280532836914,18.850503109718357,18.59843797044881,18.786251798829156,32027692
2019-10-24,18.198097229003906,18.667629237171415,18.059708177599852,18.628089686503298,53057976
2019-10-25,18.24258041381836,18.371084272808325,18.148673507608123,18.25740821420882,44063779
2019-10-28,19.023487091064453,19.206357051101214,18.76647937887792,18.929580186971044,82403244
2019-10-29,18.810962677001953,19.023488250099597,18.771423122574348,19.023488250099597,35364040
2019-10-30,18.880159378051758,19.21130239339368,18.835677219664916,18.9740650474182,45040891
2019-10-31,19.023487091064453,19.023487091064453,18.721997226840585,18.88509803493371,52278140
2019-11-01,19.25084114074707,19.285438096229132,19.147050274300888,19.25084114074707,46648095
2019-11-04,19.22118377685547,19.5226736242286,19.206355977628,19.324974627054008,47480891
2019-11-05,19.359575271606445,19.42876918048243,19.17176145018391,19.181646650918026,39343322
2019-11-06,19.39911460876465,19.41394116156807,19.27061074505713,19.39911460876465,29127073
2019-11-07,19.483135223388672,19.5622143276695,19.39911351907388,19.418882671078425,33818138
2019-11-08,19.463363647460938,19.488076646137845,19.320033247659843,19.443594496650654,24672872
2019-11-11,19.45842170715332,19.463364307056203,19.374400005066903,19.404055604484196,17987334
2019-11-12,19.359575271606445,19.51279089045958,19.31015051606728,19.448539581950655,21912332
2019-11-13,19.354639053344727,19.428775587033954,19.30027167951111,19.36946561120348,21974296
2019-11-14,19.25084114074707,19.31509369932642,19.122337271719815,19.260726341779502,36368956
2019-11-15,19.522672653198242,19.527615252694893,19.3052045160015,19.339801464346873,41675283
2019-11-18,19.586929321289062,19.621526279121206,19.37934632616466,19.423828485700714,34383883
2019-11-19,18.781307220458984,19.26072444576085,18.469933403640518,19.23601144561251,85473203
2019-11-20,18.376028060913086,18.588552391460922,17.990516459020604,18.331545904997363,92496494
2019-11-21,18.583608627319336,18.633032129139025,18.301889175169553,18.301889175169553,41518654
2019-11-22,18.657743453979492,18.74670649815084,18.628087857791225,18.657743453979492,26317280
2019-11-25,18.415569305419922,18.7318857781602,18.376029746327387,18.7318857781602,42985116
2019-11-26,18.484758377075195,18.504528775505552,18.173383338715567,18.42544967804655,71535058
2019-11-27,18.61326789855957,18.6923470201336,18.484764013968874,18.50453441842818,22600018
2019-11-29,18.474876403808594,18.761538494185125,18.464992450998768,18.652805028225554,24060390
2019-12-02,18.445222854614258,18.524301969334843,18.400740696567492,18.524301969334843,32951182
2019-12-03,18.558897018432617,18.558897018432617,18.24258059206286,18.385912252843756,32927880
2019-12-04,18.830734252929688,18.959238124868232,18.539129552786736,18.578669109680792,50625656
2019-12-05,18.87521743774414,18.95923915673336,18.78625311785773,18.840619231463783,28815933
2019-12-06,18.880159378051758,19.06797196491614,18.8505037737062,18.924641536438596,29930476
2019-12-09,18.80108070373535,18.993837156773253,18.796138102567035,18.840620264950275,27278637
2019-12-10,18.810962677001953,18.914754787456534,18.69234401371914,18.81590527732183,28833410
2019-12-11,18.865331649780273,18.904871207597743,18.781309933401715,18.79119388675746,24529351
2019-12-12,18.954294204711914,19.063027666568072,18.88015769671311,18.88015769671311,31237662
2019-12-13,18.909809112548828,18.91969431158132,18.756592271938757,18.885096114967595,32957538
2019-12-16,19.072912216186523,19.10256656874768,18.96417875804139,18.96417875804139,31833064
2019-12-17,19.028430938720703,19.12727920118272,19.00371793700665,19.077855694017412,45994833
2019-12-18,19.147052764892578,19.2409584425213,19.072916243768784,19.077858844927917,37645954
2019-12-19,19.240957260131836,19.240957260131836,19.107512029562084,19.171763344419258,33199697
2019-12-20,19.349693298339844,19.404060663314368,19.221189411756544,19.379347657357034,64039497
2019-12-23,19.310152053833008,19.488080688690793,19.295324251551023,19.3991163712619,38581095
2019-12-24,19.25578498840332,19.334864105521593,19.226130631516853,19.324978903848926,11515093
2019-12-26,19.354639053344727,19.37440821320034,19.260732111668066,19.27061731566178,26239032
2019-12-27,19.394168853759766,19.453478799720145,19.374398455729242,19.394168853759766,20430247
2019-12-30,19.29532241821289,19.413941080803735,19.265668064598025,19.40899972864408,23389652
2019-12-31,19.315095901489258,19.329922456596872,19.206361173998296,19.280497693931125,26766646
2020-01-02,19.206357955932617,19.384286572464358,19.132221448421518,19.354632219086195,43165445
2020-01-03,19.305206298828125,19.374400201908898,19.06302638991411,19.067968989867207,36296666
2020-01-06,19.324975967407227,19.349688967833735,19.186588157544126,19.270609862731582,51229797
2020-01-07,19.39911460876465,19.423826362191278,19.265668144745526,19.31509289973017,37337462
2020-01-08,19.45842170715332,19.54738600914262,19.418882156061553,19.43865255567308,53645832
2020-01-09,19.51802635192871,19.61863526558854,19.392265845027246,19.578390683847292,52228887
2020-01-10,19.402324676513672,19.59348006525391,19.402324676513672,19.52305459629906,39350339
2020-01-13,19.165895462036133,19.39226358587949,19.125650884983273,19.38723301374788,43780576
2020-01-14,19.16086769104004,19.211172149363648,19.090440941248314,19.14577597243895,35129295
2020-01-15,19.05019187927246,19.130678480160544,19.00994857882842,19.100496322414088,34526213
2020-01-16,19.130678176879883,19.18098261922403,18.99988713492362,19.11055716214999,36172077
2020-01-17,19.30674934387207,19.336932781263528,19.105532779662465,19.140745519605808,44477926
2020-01-21,19.37717056274414,19.43753487960222,19.206136214402363,19.291653388573252,57931090
2020-01-22,19.63875389099121,19.68905834168605,19.437537358558348,19.457659646974882,47842475
2020-01-23,19.432504653930664,19.613600148420062,19.39226135186039,19.598508433763826,38406592
2020-01-24,19.367109298706055,19.50796021739165,19.231287681105247,19.41741374267076,45632057
2020-01-27,19.24135398864746,19.402327236265197,19.12062405293416,19.125653355368886,46633398
2020-01-28,19.407358169555664,19.51802696176196,19.251415491822538,19.276567085850026,40842487
2020-01-29,18.637699127197266,19.397292591488394,18.62763925409298,19.367110431482754,76732420
2020-01-30,18.828859329223633,18.8389192042288,18.27048227670472,18.345938326149987,67100717
2020-01-31,18.924434661865234,18.994860132169922,18.73830984167527,18.773522576827613,54495840
2020-02-03,18.592424392700195,19.100496869320338,18.51193778950753,19.095466297827507,53993382
2020-02-04,18.929462432861328,18.984797448681583,18.582364434569726,18.652789894452717,42313451
2020-02-05,19.02001190185547,19.09043736811908,18.87413039740278,18.9797685967982,32620050
2020-02-06,19.336931228637695,19.357052248269728,19.045165646027222,19.045165646027222,34705482
2020-02-07,19.34195899963379,19.477780635197778,19.296686391458948,19.34195899963379,33363079
2020-02-10,19.286624908447266,19.387232537568853,19.16589499129348,19.326868214165195,24552653
2020-02-11,19.20111083984375,19.528087910638064,19.065289184632572,19.362084088828848,42338872
2020-02-12,19.135709762573242,19.281592526070188,19.125648619501792,19.21116706526275,41453646
2020-02-13,19.271533966064453,19.331899562237908,19.040133996137136,19.05522571276713,32606942
2020-02-14,19.24135398864746,19.35202277879799,19.170928510401367,19.256445706991624,36262904
2020-02-18,19.246381759643555,19.276563921591457,19.135711715257116,19.206138453597525,32138644
2020-02-19,19.336931228637695,19.44256943998569,19.196079009827113,19.236322319437765,29923989
2020-02-20,19.422447204589844,19.4526306396426,19.271535110712435,19.316808992944974,35981156
2020-02-21,19.392263412475586,19.45765957925522,19.3017169259558,19.3771729665622,37691897
2020-02-24,19.14073944091797,19.372139369031384,19.10552671215743,19.110557283458405,46190256
2020-02-25,18.788616180419922,19.256445469505994,18.743342296292454,19.170928273970404,64725329
2020-02-26,18.662853240966797,19.00492070817756,18.572305484513823,18.708127119193282,53306756
2020-02-27,17.97368621826172,18.56727597075696,17.78756139302975,18.401272164580032,87815227
2020-02-28,17.717134475708008,17.96865546866758,16.60541229659303,17.103423710211402,160070673
2020-03-02,18.703096389770508,18.823826307243213,17.752347495706392,17.792590801530626,90605027
2020-03-03,18.260419845581055,19.095469444049762,18.044112857827894,18.74334081465076,84481792
2020-03-04,19.20613670349121,19.226257719507515,18.47169484714208,18.622608183822983,55701210
2020-03-05,18.703096389770508,19.075347286231306,18.597456918015343,18.813765163200536,59974684
2020-03-06,18.627639770507812,18.738308540494167,18.200053865463936,18.466665281873436,64721224
2020-03-09,17.45052146911621,18.184962092838234,17.294577552835705,17.611494686899317,89990559
2020-03-10,18.0340518951416,18.05417291428481,17.224153879763193,17.863017515864836,75018634
2020-03-11,17.365005493164062,17.641678071631084,17.183909975420406,17.53100929431358,59972036
2020-03-12,15.760300636291504,16.816688999077808,15.624480273491201,16.026913330578143,111500925
2020-03-13,17.339855194091797,17.41028194492332,16.02691630750655,16.560140524777392,85647971
2020-03-16,16.001766204833984,17.048093715495984,15.55405787478972,15.59430119172492,77820218
2020-03-17,16.972633361816406,17.13360787123402,16.10237099412208,16.157706021432716,78966008
2020-03-18,16.524927139282227,16.555109305404805,15.217017606361834,16.097341159434663,100669546
2020-03-19,15.66975212097168,16.343828411663516,15.342776389498052,15.775391587300664,80521973
2020-03-20,14.311539649963379,15.342776371867926,14.175719293905617,15.322654084839279,154553565
2020-03-23,13.466431617736816,13.939291480959465,13.119333532181452,13.778318234844518,128274548
2020-03-24,14.13044261932373,14.236082074102233,13.501640272904416,14.085168748753839,101022392
2020-03-25,14.286392211914062,15.056045777772963,13.768258414558334,14.12541895030558,90068675
2020-03-26,15.393078804016113,15.574174297126778,14.427238291336481,14.427238291336481,84786312
2020-03-27,15.010766983032227,15.503749023515388,14.698881708189088,14.93531095010865,61415064
2020-03-30,15.20695686340332,15.297504626950415,14.829675362188146,15.040953053682507,55117988
2020-03-31,14.663673400878906,15.15665431972567,14.6133689403065,15.111380432245177,92432942
2020-04-01,14.110322952270508,14.376935629936881,13.93425802439069,14.276326736763732,72351304
2020-04-02,14.467484474182129,14.522819501506874,14.085172396117693,14.085172396117693,44775562
2020-04-03,13.813530921936035,14.45742517433244,13.707892705948487,14.351785687998248,70758797
2020-04-06,14.809551239013672,14.93028115201522,14.241114406504746,14.28638828267363,70836648
2020-04-07,15.131499290466309,15.579207528157177,15.126468718093765,15.312594814491675,71847522
2020-04-08,15.388134002685547,15.444763934007312,14.981421158998536,15.419023174325059,54010329
2020-04-09,15.820578575134277,15.928691264210205,15.439606708601126,15.444755117619497,66599583
2020-04-13,15.542579650878906,15.815437657478604,15.393280919040361,15.702176505735435,45209039
2020-04-14,16.026514053344727,16.041957985710326,15.624949710075567,15.799990477646451,42290546
2020-04-15,15.491094589233398,15.93899331998347,15.424167850208256,15.7691009669618,49706800
2020-04-16,15.527132987976074,15.588912619672783,15.29546229434693,15.588912619672783,43074884
2020-04-17,16.077991485595703,16.088288304631686,15.805134881866072,15.88235842442911,45884809
2020-04-20,15.949289321899414,16.175811580886695,15.805137729731797,15.882361286209445,40492157
2020-04-21,15.377835273742676,15.712471608676893,15.259425713706607,15.707323197357429,57214144
2020-04-22,15.171899795532227,15.908100244308867,15.089527844630279,15.908100244308867,67184129
2020-04-23,15.187346458435059,15.470499903893758,15.099826089821793,15.156455998851422,45031226
2020-04-24,15.295461654663086,15.419019612785304,15.007159752377914,15.233683325653843,47061315
2020-04-27,15.722764015197754,15.79483915321847,15.310904226360083,15.43960927278129,44116607
2020-04-28,15.779398918151855,16.0213664382332,15.763953684915416,15.959586805391258,40944435
2020-04-29,16.180957794189453,16.407481322521722,15.99562024372637,16.026510702205865,43903972
2020-04-30,15.686729431152344,15.98532815990469,15.58891222515134,15.959586105639293,53955516
2020-05-01,15.393279075622559,15.851473339285254,15.316055513222652,15.841176517604268,48791121
2020-05-04,15.23883056640625,15.316055428482638,15.043197456068627,15.316055428482638,46557268
2020-05-05,15.310905456542969,15.537427708552283,15.300608635968834,15.310905456542969,32604956
2020-05-06,14.821820259094238,15.377831649194423,14.821820259094238,15.352090898768056,59704721
2020-05-07,14.873306274414062,15.032901821776576,14.842415807102212,15.017456588120652,42122133
2020-05-08,15.336644172668457,15.367533330188193,15.038045516368502,15.079231493095964,31824326
2020-05-11,15.125569343566895,15.264572534396128,15.00715979586958,15.264572534396128,38691782
2020-05-12,14.873306274414062,15.274870648533511,14.87330627441406,15.192498669242934,46632472
2020-05-13,14.461441040039062,14.888746050838883,14.415106652112282,14.826967733672161,65226860
2020-05-14,14.713705062866211,14.724000581236291,14.214323668042034,14.404809609386962,52730948
2020-05-15,14.57470417022705,14.651927720526704,14.451146229726895,14.559258940125702,42699397
2020-05-18,15.161608695983887,15.285166668945987,14.893899104514063,14.924788272728616,46244540
2020-05-19,14.909343719482422,15.197646944524529,14.878454552550709,15.166756477488981,46628367
2020-05-20,15.233685493469238,15.35209505767356,14.935085427052217,15.068940225758633,50178408
2020-05-21,15.326350212097168,15.475648918042287,15.202792258869032,15.336647033225432,51200272
2020-05-22,15.382981300354004,15.398425231814372,15.151310627515498,15.331498495244226,35269109
2020-05-26,15.866917610168457,16.02136472560777,15.738211247267806,15.7742488208634,54791357
2020-05-27,16.397186279296875,16.464114313149132,16.2324423499738,16.340556366156825,57514957
2020-05-28,15.990478515625,16.510451173679748,15.944144112415543,16.489858827866605,52532745
2020-05-29,15.887510299682617,15.938993105989683,15.614652336327753,15.727914770224038,57900771
2020-06-01,15.923548698425293,16.0831442361461,15.753656338889268,15.830881202399633,33027445
2020-06-02,15.954437255859375,16.0110684735815,15.810286956353917,15.985327720128016,37650588
2020-06-03,16.222145080566406,16.29936993289077,16.103735547154297,16.11403236747802,36888361
2020-06-04,16.371442794799805,16.371442794799805,16.10373330428993,16.16036450807947,40729947
2020-06-05,16.870824813842773,16.989234344127645,16.592818473065904,16.752415283557905,61816766
2020-06-08,17.10764503479004,17.112793445165135,16.82963997526018,16.989235496473682,45385793
2020-06-09,16.793601989746094,16.91715993539898,16.654598813347746,16.891419184260148,42645378
2020-06-10,16.546485900878906,16.793603108754443,16.525893558616428,16.76786105579674,36133549
2020-06-11,15.532279968261719,16.124328975362427,15.506539215819645,16.062550649459983,66021525
2020-06-12,15.70217514038086,16.000772578093944,15.449909501440725,15.969883412141519,48034323
2020-06-15,15.70217514038086,15.779398705313813,15.197646462708173,15.439612679421987,53309006
2020-06-16,15.846321105957031,16.201550967431697,15.630094403333771,16.17580891943879,55119444
2020-06-17,15.578612327575684,15.866915477802523,15.552871578496339,15.846321838456252,41680314
2020-06-18,15.62494945526123,15.655839919696144,15.419019526213749,15.47564944413698,37554730
2020-06-19,15.604357719421387,15.830881300237294,15.434465358835396,15.799990834600735,99288878
2020-06-22,15.501391410827637,15.599208614115065,15.44476019311854,15.537428985695712,39136646
2020-06-23,15.573466300964355,15.794841457296595,15.547725547945872,15.59920835408653,51520812
2020-06-24,15.146159172058105,15.465350159382988,15.012304425723881,15.460201749896664,86849104
2020-06-25,15.300612449645996,15.346946853674844,15.038051260183844,15.182202883840691,48420401
2020-06-26,14.971122741699219,15.218239988826568,14.888750759358066,15.218239988826568,101387551
2020-06-29,15.39842414855957,15.408720968877894,15.079233119520122,15.099826760156771,49695678
2020-06-30,15.56317138671875,15.619801305588483,15.295461824430717,15.449908948771798,57979814
2020-07-01,15.393279075622559,15.691877803644948,15.367537021420093,15.511688624642666,41007987
2020-07-02,15.485947608947754,15.702175678334022,15.455058441937075,15.501392842505012,49947900
2020-07-06,15.697023391723633,15.75365330057793,15.568315744064009,15.722764141193448,44639852
2020-07-07,15.609503746032715,15.67643047781476,15.563169354759156,15.599206925726685,36422181
2020-07-08,15.6815767288208,15.727911113714724,15.521979936362445,15.6815767288208,51547292
2020-07-09,15.559633255004883,15.738721934417441,15.480623856480365,15.733454463826561,52120187
2020-07-10,15.870399475097656,15.923072833467016,15.5122222343887,15.53855957865783,48846464
2020-07-13,15.675511360168457,15.891470972448902,15.6123043825186,15.886203502616556,54274864
2020-07-14,15.78085994720459,15.85460187316735,15.55436536869691,15.654444646910159,40519034
2020-07-15,15.807190895080566,15.870399190022185,15.722914055270994,15.838794377466936,40985612
2020-07-16,16.007352828979492,16.065293667619702,15.75978839491253,15.786125744371336,43674920
2020-07-17,15.933609962463379,16.08109513245923,15.896739002506717,16.054759112538523,30634712
2020-07-20,15.722916603088379,15.896737779633556,15.696580585193603,15.896737779633556,42896938
2020-07-21,15.933609962463379,16.023154292430647,15.728185282608145,15.743987692662085,45341572
2020-07-22,15.88620662689209,15.944147476273741,15.77559372916648,15.886206626892092,40393519
2020-07-23,15.749253273010254,15.880934686983206,15.559629695791694,15.880934686983206,68190502
2020-07-24,15.575431823730469,15.91253921701494,15.517490991696318,15.696579626920949,51274813
2020-07-27,15.427946090698242,15.54382775038464,15.385807668131088,15.538560281292625,44346850
2020-07-28,15.638639450073242,15.743986179972687,15.380541425005582,15.412144911907786,49871240
2020-07-29,15.570165634155273,15.628106470951595,15.43848288155936,15.628106470951595,40350092
2020-07-30,15.575431823730469,15.659708672051586,15.464817628953366,15.522758460987516,35281820
2020-07-31,15.580700874328613,15.601769423462661,15.417413300236277,15.543829915717165,51205965
2020-08-03,15.601765632629395,15.791389179607869,15.49115278367117,15.775586773970055,51608461
2020-08-04,15.807190895080566,15.886200266130931,15.570162781929474,15.591231326797427,45074786
2020-08-05,15.722916603088379,15.91254018847188,15.691313115580828,15.880935370795234,30387521
2020-08-06,15.717647552490234,15.849330289056788,15.63337070750116,15.64917311474997,29007119
2020-08-07,15.812461853027344,15.833530402544298,15.580701157495001,15.664978015901157,40278860
2020-08-10,15.907273292541504,15.907273292541502,15.796659087022222,15.82826390583867,47021066
2020-08-11,15.907273292541504,16.207509760113755,15.854599924683233,16.017887498060784,41026656
2020-08-12,15.896738052368164,16.07055923189553,15.859867094615257,15.991549846686565,28046160
2020-08-13,15.754521369934082,15.870403050487043,15.717650409819667,15.80192727012953,32958464
2020-08-14,15.807190895080566,15.880932797371724,15.675508166607,15.712379117752578,29853155
2020-08-17,15.722916603088379,15.844064413674907,15.696580585193603,15.844064413674907,33125686
2020-08-18,15.691314697265625,15.765056618939466,15.680779756978156,15.728185658102547,29013606
2020-08-19,15.659711837768555,15.743988703126812,15.633374485988297,15.701850270447682,32808588
2020-08-20,15.628108024597168,15.738720909292976,15.538563690723263,15.564899711792954,30355348
2020-08-21,15.638639450073242,15.691312815022965,15.554362598221315,15.659709328120758,32945886
2020-08-24,15.817726135253906,15.828261072973898,15.622836438278599,15.64917245240967,34932813
2020-08-25,15.749253273010254,15.87566854776628,15.712380987308505,15.84933120083646,27839880
2020-08-26,15.796658515930176,15.865134290721084,15.643907217849623,15.712381662471437,36860557
2020-08-27,15.749253273010254,15.891469625755136,15.707114848091576,15.807192775917784,39206950
2020-08-28,15.822991371154785,15.844059913452647,15.70184359497812,15.770318020157061,35535366
2020-08-31,15.701848030090332,15.886202815401772,15.696580560485849,15.880935345797289,54923492
2020-09-01,15.5227632522583,15.670248447427683,15.443753848841261,15.664980976510623,61591818
2020-09-02,15.643909454345703,15.717651379122172,15.44375223130845,15.470088252965965,46510531
2020-09-03,15.58597183227539,15.896741980194337,15.496427485535184,15.686049790855455,58690669
2020-09-04,15.49642276763916,15.733450909668488,15.412144587392708,15.607035634552371,59361805
2020-09-08,15.543829917907715,15.591234486008293,15.285730547252914,15.538562448081173,61477424
2020-09-09,15.470087051391602,15.643908239270505,15.470087051391602,15.607037279746068,39217145
2020-09-10,15.227788925170898,15.475353343424219,15.222522785784687,15.475353343424219,62779578
2020-09-11,15.275193214416504,15.343668981264216,15.169847824897708,15.254124668580321,39282550
2020-09-14,15.348938941955566,15.433215799319374,15.27519569413537,15.327869062530038,38028987
2020-09-15,15.338404655456543,15.454286336893675,15.306801165141513,15.375275615852281,34307091
2020-09-16,15.401612281799316,15.559631056521237,15.338403973809056,15.343671443655674,40870556
2020-09-17,15.312065124511719,15.401609435014828,15.248856828204678,15.354203545326776,41904600
2020-09-18,15.238320350646973,15.391072942021678,15.227785413965522,15.296261172226174,60721023
2020-09-21,15.080309867858887,15.180389160724083,14.88542008351927,15.169854218281536,60207576
2020-09-22,15.017096519470215,15.238322236141107,14.969690628706756,15.027630127286255,37268482
2020-09-23,14.679990768432617,15.11191001102018,14.664188358276045,15.038168090627925,57973723
2020-09-24,14.769535064697266,14.885416745238052,14.616783754215144,14.679990734356297,43760980
2020-09-25,14.769535064697266,14.806406024807806,14.616783754215144,14.701059284346947,47569731
2020-09-28,14.94862174987793,15.090839431654874,14.874879839402045,14.917018263983842,40415232
2020-09-29,14.906484603881836,14.964425441464995,14.816940277693837,14.938089422655816,33695138
2020-09-30,15.017096519470215,15.101373363012156,14.901214861973342,14.948620752736801,51752777
2020-10-01,15.00656509399414,15.085574487036913,14.92755570095137,15.022366174501146,37920022
2020-10-02,15.106643676757812,15.21725789583191,14.859080546707112,14.890685369396456,37996284
2020-10-05,15.101375579833984,15.143514007790708,14.938089337772821,15.006563784389073,44305806
2020-10-06,15.122442245483398,15.359471704577668,15.096106230103576,15.14351212192243,51851282
2020-10-07,15.169848442077637,15.264660227620196,15.111907610875186,15.23305541232668,54847362
2020-10-08,15.4388427734375,15.449635722954177,15.239180021109739,15.282350456430295,42511786
2020-10-09,15.282350540161133,15.482013293582831,15.233783629816147,15.44963580760156,43291755
2020-10-12,15.179819107055664,15.271556446082625,15.115062777200023,15.271556446082625,67800584
2020-10-13,14.974763870239258,15.179823137527345,14.936988539525014,15.115066790477918,71511756
2020-10-14,14.834457397460938,15.082687071890668,14.829060922441219,14.953175759656084,64131912
2020-10-15,14.812871932983398,14.812871932983398,14.629397227902421,14.737324005978145,42483188
2020-10-16,14.748119354248047,14.877630691348553,14.742722878192216,14.829063769592555,38827756
2020-10-19,14.50528621673584,14.823668797097987,14.472908719863291,14.80748073003502,69017472
2020-10-20,14.440526962280273,14.634794630022643,14.38656493257081,14.564643173752534,55064895
2020-10-21,14.4189453125,14.52687211904013,14.321811459163207,14.445926332761724,63219941
2020-10-22,15.26076889038086,15.379488643280052,14.947782804754286,15.01793427103846,118508460
2020-10-23,15.012537956237793,15.330920492678944,14.974763987972985,15.298543000272883,56442782
2020-10-26,14.775101661682129,14.920802439670151,14.61860929338679,14.91000948661624,54978438
2020-10-27,14.52686882019043,14.71574000737233,14.516075869438023,14.699550581243718,46561108
2020-10-28,14.30022144317627,14.505280661835688,14.27323907049339,14.408146845669506,64808211
2020-10-29,14.440526962280273,14.59702066412748,14.219279642429516,14.300224049740056,58489289
2020-10-30,14.580832481384277,14.5916254333454,14.402754225011593,14.4297366049144,64109669
2020-11-02,14.753512382507324,14.89381527618517,14.575434165266497,14.785889868529429,63620980
2020-11-03,14.818268775939941,15.001743485574622,14.785891286812141,14.845251152501683,44069208
2020-11-04,14.591626167297363,14.812874879896786,14.494492320254393,14.683363538088333,60219095
2020-11-05,14.845250129699707,15.028723463947225,14.667171907646535,14.67256838258708,46498086
2020-11-06,14.807473182678223,14.953172525715168,14.775094339562527,14.83445418919538,34735537
2020-11-09,15.271557807922363,15.535976899815841,15.190613410444143,15.23918032148031,93572376
2020-11-10,15.56835651397705,15.63311285845755,15.374090206028285,15.406467696895351,58510208
2020-11-11,15.503602027893066,15.64930142282606,15.34171320563578,15.633113358248176,52587691
2020-11-12,15.34710693359375,15.422654855421179,15.212197788872224,15.37948441969891,40346649
2020-11-13,15.600732803344727,15.643903242091474,15.363296071610742,15.417259460730742,36370545
2020-11-16,15.6331148147583,15.773419109734846,15.595340843562028,15.70866275715085,66132476
2020-11-17,15.665487289428711,15.719450672164214,15.476616131227495,15.530579513962998,37833830
2020-11-18,15.444241523742676,15.741038139958087,15.438845048189224,15.676283158809364,39135984
2020-11-19,15.26076889038086,15.384885119570608,15.169031518934457,15.384885119570608,54788444
2020-11-20,15.282350540161133,15.336313925294027,15.196009669046969,15.22838715502824,37358778
2020-11-23,15.444241523742676,15.487411965423941,15.29854213478487,15.320126674252329,36832091
2020-11-24,15.77341365814209,15.88673553256471,15.600730565182852,15.611523514007692,58266592
2020-11-25,15.643909454345703,15.805799685992913,15.595343883873023,15.800403208663326,32423701
2020-11-27,15.665487289428711,15.751828156707077,15.584542896698503,15.687073187621351,20720335
2020-11-30,15.514391899108887,15.660091265113728,15.487409525592332,15.579146870056341,57382822
2020-12-01,15.579148292541504,15.72484903459598,15.514393315681469,15.552167279307533,55682012
2020-12-02,15.697864532470703,15.757224388841157,15.535975749500837,15.552165172896254,39041053
2020-12-03,15.77341365814209,15.77881013255451,15.595335453516496,15.665486895385824,46284260
2020-12-04,15.940702438354492,16.059420813437587,15.816587587665841,15.848965078552801,49948562
2020-12-07,15.994668006896973,16.070215950156324,15.929913016316544,16.070215950156324,45853562
2020-12-08,16.62603187561035,16.690786847555938,15.897529583372492,15.913719007731968,97456992
2020-12-09,16.976791381835938,17.20883297773361,16.712372300829276,16.728560362010708,93587470
2020-12-10,16.561277389526367,16.787922542126882,16.447955494599263,16.766336640571446,62270236
2020-12-11,16.733959197998047,16.777129638483892,16.39938862491932,16.42097316378909,41708913
2020-12-14,16.485729217529297,16.874263175105828,16.404784813377475,16.852677273867318,56451785
2020-12-15,16.501916885375977,16.56667185670005,16.340026731573502,16.534294371038012,44250331
2020-12-16,16.345422744750977,16.507312893982046,16.31844037183941,16.47493404648817,45926250
2020-12-17,15.983869552612305,16.253685100236247,15.940699119502318,16.210514667126258,81662996
2020-12-18,15.865155220031738,16.016251092808062,15.78960592089715,15.92991156746904,98528240
2020-12-21,15.654699325561523,15.762626125401752,15.51439639361437,15.63851125950806,63319903
2020-12-22,15.325522422790527,15.654696513964872,15.282351983157188,15.64930003866742,84593405
2020-12-23,15.514391899108887,15.611524355530069,15.379484119764529,15.379484119764529,52034656
2020-12-24,15.48201847076416,15.519792444164942,15.37948950374679,15.503604377134101,25358704
2020-12-28,15.406468391418457,15.627717087352298,15.379487374937325,15.611527659815764,55104218
2020-12-29,15.40107250213623,15.584547236885713,15.384884436729585,15.48201691740889,48481570
2020-12-30,15.374092102050781,15.476621062898689,15.341714607190733,15.401073120643066,45476487
2020-12-31,15.519789695739746,15.541375598287003,15.320126910909487,15.352504401984,51135925
2021-01-04,15.886739730834961,15.91372211002749,15.660094559349824,15.859758714388853,86700816
2021-01-05,15.789603233337402,16.054023691181627,15.751829271572856,15.919115906167558,83054520
2021-01-06,16.097196578979492,16.188933949033903,15.848966849859629,15.870552754694321,73455520
2021-01-07,16.14036750793457,16.23750135709856,16.016252639667947,16.199727385256242,71265359
2021-01-08,16.0290584564209,16.134004465111634,15.87992626969107,16.095340513187093,72471656
2021-01-11,15.946205139160156,16.02905665466459,15.841259142265942,15.874400864350614,40833484
2021-01-12,15.879922866821289,15.94620351453059,15.747360176549211,15.94620351453059,57515222
2021-01-13,15.802595138549805,15.907541135071204,15.725267243667517,15.902017514743381,51383116
2021-01-14,16.178192138671875,16.443317577678823,15.75840949615065,15.82469155332928,84548919
2021-01-15,16.111907958984375,16.178190007431315,15.918588223625818,15.990392497494195,53824704
2021-01-19,15.990389823913574,16.227898481761233,15.962773122009445,16.1726636830996,53971536
2021-01-20,15.995918273925781,16.023534984169974,15.874402796056023,16.01801136315038,43086270
2021-01-21,15.924107551574707,16.06219384876452,15.890967230808092,15.968295110881312,37102320
2021-01-22,15.979347229003906,16.045629285630916,15.780503848830438,15.913066567230675,45975370
2021-01-25,16.078767776489258,16.117431723907963,15.73631447519189,15.885446644542101,68733209
2021-01-26,16.432266235351562,16.481976018044666,16.05667129160227,16.073240754215533,66887024
2021-01-27,16.0953369140625,16.680822472684376,15.995914548572216,16.04010211158418,97381127
2021-01-28,15.907539367675781,16.415697037987215,15.89649212824753,16.034578436540272,69698670
2021-01-29,15.81364631652832,16.04010783208595,15.780505981163634,15.896497852367022,66272688
2021-02-01,15.824689865112305,16.006963759340874,15.647939591297163,15.984869277687162,56774709
2021-02-02,15.763933181762695,15.918590385910846,15.675558035064837,15.896495901809484,56673026
2021-02-03,15.747359275817871,15.852303861163795,15.71421755900541,15.747359275817871,53468813
2021-02-04,15.957252502441406,15.957252502441406,15.725267420334669,15.752884127430429,42001782
2021-02-05,15.979347229003906,16.05667652754438,15.94068327716056,16.006965333787566,36503739
2021-02-08,15.890966415405273,16.012481848549857,15.808114920313363,16.00143600543001,42459356
2021-02-09,15.808117866516113,15.896492997065305,15.77497754127355,15.830212346580181,43411312
2021-02-10,15.769457817077637,15.830216257410564,15.730793862267188,15.819169014649326,55965612
2021-02-11,15.846783638000488,15.852307258653061,15.71974454755239,15.747362650815258,44673216
2021-02-12,15.907539367675781,15.929632451678819,15.791547538239538,15.7970697631002,38015880
2021-02-16,16.00143814086914,16.117429970506613,15.868875452060545,15.907539395273036,51239727
2021-02-17,16.332849502563477,16.426748270823847,15.907543234863335,15.918590476977213,67769867
2021-02-18,16.145048141479492,16.343892873010244,16.134000901982567,16.321798394016394,35751575
2021-02-19,16.018007278442383,16.200282541046196,16.00696143407375,16.178188062602057,39326772
2021-02-22,16.194761276245117,16.33284760203919,16.006963761576888,16.012485987137445,46173044
2021-02-23,16.117435455322266,16.46541385235979,16.078771498952307,16.37703869641304,62175305
2021-02-24,16.227903366088867,16.34389661767566,16.128480977544125,16.183715792830515,45852636
2021-02-25,15.81364631652832,16.161623324992448,15.791553224569851,16.106389897669292,77501929
2021-02-26,15.404906272888184,15.902016734614984,15.404906272888184,15.841258308843264,102619798
2021-03-01,15.515376091003418,15.714220854160853,15.476712141468072,15.55404143539246,58790102
2021-03-02,15.587180137634277,15.71974283428719,15.509852246633464,15.509852246633464,47299370
2021-03-03,15.863350868225098,15.979342690813045,15.565085185246533,15.565085185246533,75820581
2021-03-04,15.9738187789917,16.194757971053605,15.824686637659276,15.890967279395163,80437237
2021-03-05,16.360462188720703,16.426744230246417,16.00696168685946,16.02353115110079,77737336
2021-03-08,16.564834594726562,16.785773875953755,16.249999327141825,16.316279995626846,74116593
2021-03-09,16.37151527404785,16.6476879884559,16.354944409035944,16.515125252922513,63488580
2021-03-10,16.564834594726562,16.658733370791946,16.332850860175064,16.537217882000125,57977033
2021-03-11,16.316272735595703,16.57035084315779,16.294179654215792,16.520639666486375,48327854
2021-03-12,16.465410232543945,17.05089586068935,16.415699043895845,16.515121421192045,92827229
2021-03-15,16.53169059753418,16.6090184919177,16.393604274790125,16.58140178531033,56121050
2021-03-16,16.564834594726562,16.59245270230692,16.399131528660085,16.432273257756517,50311735
2021-03-17,16.65320587158203,16.697394833421217,16.465409758033452,16.63663640574593,52881354
2021-03-18,16.575876235961914,16.84652662451387,16.56482899666317,16.609016559004694,41438817
2021-03-19,16.437793731689453,16.603496780087344,16.360465828417606,16.57588007030562,97559734
2021-03-22,16.564834594726562,16.575881837758708,16.338374481691133,16.448842727450813,41525936
2021-03-23,16.570354461669922,16.719488024250865,16.465409861205053,16.542737755200978,48880756
2021-03-24,16.564834594726562,16.730539055646958,16.55378874654834,16.55931236806441,44403518
2021-03-25,16.614545822143555,16.67530426407111,16.465413620368345,16.570358244792768,49001902
2021-03-26,16.7415828704834,16.90176228223366,16.61454239133583,16.72501200932842,83378238
2021-03-29,16.879669189453125,16.929380378046478,16.691871675845704,16.791294053032413,49355145
2021-03-30,16.97356414794922,16.979087767096154,16.791290295513647,16.90728211303932,46516092
2021-03-31,16.7194881439209,16.929380136060143,16.6808241966462,16.929380136060143,59981040
2021-04-01,16.829959869384766,16.83548349038102,16.586927519818634,16.702919376178556,42999548
2021-04-05,16.9625186920166,17.034322958765053,16.90176026986936,16.912807509324033,50996905
2021-04-06,17.11165428161621,17.11165428161621,16.95147347497331,16.962520715745985,44574314
2021-04-07,17.08403778076172,17.205553256088407,17.012233498717258,17.128225353139946,53821262
2021-04-08,16.947595596313477,17.13966850903844,16.908051424859902,17.117072451040205,66037678
2021-04-09,16.970190048217773,17.054927747133423,16.89674966297789,16.975839418359968,44111311
2021-04-12,16.925003051757812,17.037986218420805,16.891108244419833,16.95324848677127,32913051
2021-04-13,16.738576889038086,16.868508152628706,16.670787284820783,16.868508152628706,54794270
2021-04-14,16.79507064819336,16.83461482521898,16.552154787482728,16.72163023948085,41425180
2021-04-15,16.80636215209961,16.857203624509854,16.766816565500697,16.823308834033536,35073819
2021-04-16,16.919347763061523,16.96454129924524,16.85720611583066,16.896750281665327,39935944
2021-04-19,16.94194793701172,16.992790855906126,16.84026352583193,16.947597308734323,39439974
2021-04-20,16.885454177856445,16.958893144440538,16.862856694840552,16.930647717279452,35799239
2021-04-21,17.009735107421875,17.083174069916485,16.896750551851575,16.924997404048497,45489198
2021-04-22,17.71588706970215,18.015295178093115,17.59725312992125,17.681992269739975,143684584
2021-04-23,17.738483428955078,17.913609656055264,17.738483428955078,17.783678398484586,53428961
2021-04-26,17.461671829223633,17.727185127400276,17.45037451407837,17.727185127400276,60190761
2021-04-27,17.382585525512695,17.44472718582753,17.30349717719125,17.42212969967342,44211273
2021-04-28,17.48992156982422,17.597255354373875,17.456026765577437,17.495570941633524,37193014
2021-04-29,17.704587936401367,17.811923131620787,17.574656683909286,17.58595542585003,50944740
2021-04-30,17.74413299560547,17.755431738112307,17.540762763526907,17.715887565947277,41484362
2021-05-03,17.794973373413086,17.992695632659704,17.778026688677663,17.95315146613212,49589228
2021-05-04,18.088733673095703,18.12262847216591,17.82322179826289,17.851467226386593,68700639
2021-05-05,18.094385147094727,18.179122867923457,17.970103251653192,18.083086403888498,41937965
2021-05-06,18.309051513671875,18.31470088446617,17.91360839755017,18.10003192732682,38556072
2021-05-07,18.16782569885254,18.28081028748629,18.11133483114478,18.190423187222933,38330065
2021-05-10,18.433338165283203,18.585866924600925,18.224317114372727,18.26386129050494,54262286
2021-05-11,18.224315643310547,18.455932736196623,18.122629811973454,18.35424690485953,44221335
2021-05-12,18.060489654541016,18.246911777281284,18.037892168991323,18.162174059687818,41682300
2021-05-13,18.19607162475586,18.275159976771995,17.885366161884715,17.981401202699143,35838562
2021-05-14,18.2130184173584,18.388144664405168,18.201719673689112,18.26386133726113,28044703
2021-05-17,17.72153663635254,19.139485998621883,17.64809623791375,18.930464972229426,227010260
2021-05-18,16.693382263183594,16.947595402452464,16.320535184302166,16.87980580262431,327097378
2021-05-19,16.36008071899414,16.484362613444485,16.196254650246367,16.410923636407684,162369932
2021-05-20,16.74422836303711,16.778123169401876,16.331835608061056,16.38832790307509,108488825
2021-05-21,16.953243255615234,17.083174499159732,16.86850555011268,16.953243255615234,98754380
2021-05-24,16.80636215209961,17.037977742528174,16.795063413071347,16.975837531089667,63020282
2021-05-25,16.676435470581055,16.80636672493358,16.512607989920944,16.78376924072852,77290883
2021-05-26,16.693382263183594,16.74422517635914,16.59734580791966,16.665136834356673,43765747
2021-05-27,16.78376579284668,16.89110096755318,16.704677467593765,16.74987100011094,62823932
2021-05-28,16.625591278076172,16.78376794890149,16.59169505437754,16.78376794890149,54191320
2021-06-01,16.563451766967773,16.68208428540739,16.50695948011651,16.642540112594187,52162290
2021-06-02,16.727277755737305,16.744225869700557,16.467415234620944,16.55215295121937,53003692
2021-06-03,16.51260757446289,16.704680478937906,16.490010090826388,16.642538825546335,60788150
2021-06-04,16.535205841064453,16.574751442712753,16.49001229436112,16.51825915268133,45228105
2021-06-07,16.427867889404297,16.56909930420336,16.388323720968415,16.552151192041364,43812219
2021-06-08,16.371379852294922,16.40527465584212,16.23014983980442,16.39962528414942,81796720
2021-06-09,16.388324737548828,16.484361192539794,16.31488576684226,16.354429937731094,38698004
2021-06-10,16.48436164855957,16.546503305451875,16.38267581968449,16.388325190911875,46019327
2021-06-11,16.563451766967773,16.580398454396903,16.456116564611264,16.50695948011651,41163954
2021-06-14,16.433517456054688,16.540852647809476,16.36007848902801,16.512607220478166,36006312
2021-06-15,16.54085350036621,16.552152242524613,16.40527287429195,16.41657161645035,34705350
2021-06-16,16.41657066345215,16.57474876466082,16.3770250681934,16.54085254015332,40251454
2021-06-17,16.235795974731445,16.46741303491201,16.218847863032114,16.405271385289854,47283350
2021-06-18,16.184955596923828,16.25274520110329,16.04937496195595,16.173656854024266,86995009
2021-06-21,16.3431339263916,16.354432670421726,16.196255960436364,16.22450139390258,44495668
2021-06-22,16.258390426635742,16.38267228701197,16.25274105662656,16.34877749356547,41524215
2021-06-23,16.184955596923828,16.337482919632095,16.179306225474047,16.26969331545263,31479689
2021-06-24,16.26404571533203,16.29229114904821,16.162359871379206,16.218852165420675,47503266
2021-06-25,16.320537567138672,16.35443237200147,16.19060629299039,16.21320235402923,37039297
2021-06-28,16.258390426635742,16.331829383537926,16.241443743216788,16.331829383537926,35873515
2021-06-29,16.19060707092285,16.40527608084716,16.18495769873943,16.26969542827247,42715947
2021-06-30,16.258390426635742,16.303583960100607,16.18495146973356,16.190600839742743,43623814
2021-07-01,16.4448184967041,16.50696015745126,16.303588487085275,16.320536601818766,34947642
2021-07-02,16.51260757446289,16.58039717215477,16.43916717925307,16.444816550162194,37964376
2021-07-06,16.39397430419922,16.569100529665956,16.354430132838623,16.54085367397348,53233538
2021-07-07,16.3431339263916,16.422223707993375,16.30358974889526,16.39962621993313,44484282
2021-07-08,16.307531356811523,16.417481740691393,16.255447519318288,16.359613732917623,52985421
2021-07-09,16.463777542114258,16.5158599198602,16.34225296829851,16.348040061535524,45214865
2021-07-12,16.481136322021484,16.539005784226998,16.33646339720119,16.400119951765944,35588988
2021-07-13,16.359617233276367,16.56215822659518,16.330681761811217,16.481141829267656,38431218
2021-07-14,16.35382652282715,16.41169599157391,16.295957054080386,16.35382652282715,42322852
2021-07-15,16.45220184326172,16.492710027211707,16.324888737833852,16.34225001440681,36102832
2021-07-16,16.400123596191406,16.56794346635456,16.3769752216104,16.49271417174086,34673177
2021-07-19,16.08184051513672,16.319104022591034,15.914020662702095,16.267021646673047,76367393
2021-07-20,16.151281356811523,16.307529932873674,16.000822796072875,16.035543889982794,46026477
2021-07-21,16.145498275756836,16.37697470736195,16.116562808439173,16.24966303532595,40798133
2021-07-22,16.209152221679688,16.405909001204545,16.052906554889134,16.353826625145317,48904588
2021-07-23,16.29016876220703,16.32488985634497,16.168642740643712,16.18600401840619,40029948
2021-07-26,16.307531356811523,16.34225245375321,16.20915223626699,16.249661887650618,48400144
2021-07-27,16.31910514831543,16.434844094203104,16.133924004004935,16.20915329586086,45261337
2021-07-28,16.209152221679688,16.37118644290697,16.122348748710017,16.290170062986896,42069835
2021-07-29,16.371185302734375,16.463775862305162,16.26702055787048,16.313315837655875,42129018
2021-07-30,16.232301712036133,16.43484413717554,16.20915333824318,16.417482856830823,49652913
2021-08-02,16.26702308654785,16.521647895641973,16.220727799565942,16.342253841260487,43086667
2021-08-03,16.313318252563477,16.348040813582877,16.151284018634684,16.249663146802405,37982515
2021-08-04,16.116561889648438,16.272809020094595,16.09341497850113,16.226513736412826,38980149
2021-08-05,16.16864013671875,16.209148316920427,16.122344864861578,16.128131956517073,27837762
2021-08-06,16.180217742919922,16.255447027582377,16.151282278521215,16.151282278521215,30562686
2021-08-09,16.116561889648438,16.203365363878362,16.09341497850113,16.18600554586467,33359504
2021-08-10,16.255447387695312,16.2670215737112,16.07026625698957,16.099201722029292,29472770
2021-08-11,16.295957565307617,16.330678663090076,16.214939721965656,16.249662281135283,27142927
2021-08-12,16.21494483947754,16.330683817129717,16.174436635715566,16.319109627086974,25167519
2021-08-13,16.313318252563477,16.35382790708611,16.203366398776538,16.22651477278947,29052135
2021-08-16,16.31910514831543,16.37118752782616,16.19179347694877,16.28438404910402,27148223
2021-08-17,16.313318252563477,16.359615000589343,16.20915349227977,16.249663146802405,26361502
2021-08-18,16.104984283447266,16.29016684023752,16.087624469119973,16.238084474481955,36599729
2021-08-19,15.931380271911621,16.116561401024356,15.914020454424245,16.087627397620658,49881700
2021-08-20,15.954529762268066,16.110775437543904,15.873513377948209,15.925594295448679,36754240
2021-08-23,15.925593376159668,16.041332313981876,15.914020651487151,15.983462845070772,37017584
2021-08-24,15.885087013244629,15.948743582506548,15.838791725068859,15.931382301420399,38782343
2021-08-25,15.873514175415039,15.925595095531994,15.821431793910797,15.885086901336981,29708309
2021-08-26,15.636249542236328,15.867727448217618,15.630463909835385,15.85615326064109,49257302
2021-08-27,15.699905395507812,15.74041358878834,15.555232441570356,15.647823015179348,42686157
2021-08-30,15.757779121398926,15.798287325610083,15.653614332634438,15.694122536845596,40268666
2021-08-31,15.86772346496582,15.914018742263178,15.694115079060516,15.734624725409288,52696392
2021-09-01,15.734624862670898,15.890870511545648,15.705689400740786,15.879297788160569,37546257
2021-09-02,15.995036125183105,16.128134873169035,15.71726444380715,15.728838629211243,80611740
2021-09-03,15.948741912841797,16.05869375876869,15.809856062854369,15.995037196170939,35800298
2021-09-07,15.86772346496582,15.942952742553919,15.838788003288126,15.896657465256562,34935329
2021-09-08,15.971891403198242,16.052909258148603,15.890875009635261,15.890875009635261,37976292
2021-09-09,15.86772346496582,16.01239638919343,15.861936372630282,15.954526927224997,39806590
2021-09-10,15.728841781616211,15.908235845785974,15.717267593892398,15.902448751924068,38245594
2021-09-13,15.925593376159668,16.058693593071347,15.815642992754412,15.821430085784236,51168760
2021-09-14,15.815644264221191,15.977677036534024,15.769348977647917,15.94295593695088,38046729
2021-09-15,15.954529762268066,16.00082504779187,15.804069718968892,15.827218092424403,44541081
2021-09-16,15.971891403198242,16.052909258148603,15.879302282974392,15.948744488489124,38041698
2021-09-17,15.931380271911621,16.1686437762607,15.867725172146061,15.867725172146061,89996517
2021-09-20,15.746196746826172,15.838787297293775,15.589949644892005,15.809853298292733,64631457
2021-09-21,15.60152816772461,15.873514264074183,15.589953980350733,15.804070601218232,47120101
2021-09-22,15.630460739135742,15.746198207261271,15.618886553907082,15.636246370363047,41950675
2021-09-23,15.734624862670898,15.792492863757193,15.636245753495478,15.65939412303957,45047776
2021-09-24,15.699905395507812,15.844578349445268,15.68254557632316,15.71147958255575,32406489
2021-09-27,15.856152534484863,16.000825488403997,15.717266674088968,15.723053767612203,42571764
2021-09-28,15.763559341430664,16.052905201187844,15.734625340009751,15.879298269888341,43597466
2021-09-29,15.856152534484863,15.954530201605364,15.723053767612203,15.786710334980542,41619543
2021-09-30,15.630460739135742,15.919806601530102,15.630460739135742,15.902445323687111,58751838
2021-10-01,15.717267036437988,15.856152900035786,15.630463554362775,15.705692849124683,41759490
2021-10-04,15.76934814453125,15.890872717345562,15.676757576276392,15.763561051341926,57892430
2021-10-05,15.827218055725098,15.90244734650664,15.723053298191262,15.798282588972805,42649350
2021-10-06,15.804067611694336,15.821428889471058,15.607312309106211,15.775133610120148,73923686
2021-10-07,16.082183837890625,16.165295434206026,16.010944255919565,16.028754526207578,64402935
2021-10-08,15.892212867736816,16.099993367495212,15.880339353652092,16.064374324422108,51635868
2021-10-11,15.452906608581543,15.892211602943222,15.452906608581543,15.844719049565127,85460890
2021-10-12,15.09671401977539,15.45290897423063,15.055158216605495,15.446972216751904,101515979
2021-10-13,15.019535064697266,15.114520169507339,14.847375124421854,15.007663050981696,80546996
2021-10-14,15.20950984954834,15.322305257633566,15.049223373953028,15.061095391239864,75032669
2021-10-15,15.256998062133789,15.399477220728235,15.227315778615496,15.251061305593941,63061723
2021-10-18,15.037345886230469,15.227316102826538,15.0076636020802,15.173886792011272,59807596
2021-10-19,15.191697120666504,15.197632378174694,15.001726903336943,15.114520782888256,46242686
2021-10-20,15.381669998168945,15.488528638692667,15.173889474837402,15.203571764235663,63927222
2021-10-21,15.292619705200195,15.607257330256157,15.197633092887411,15.506336959337116,73916007
2021-10-22,15.13233757019043,15.316371110090865,15.120464051698368,15.29262557228837,49159193
2021-10-25,15.221383094787598,15.233256611044233,15.031412831406838,15.096715671636979,65704956
2021-10-26,15.0610933303833,15.257000328576668,15.04922131472095,15.215444525805523,48187774
2021-10-27,14.877060890197754,15.126397223488988,14.86518887370295,15.07296790212792,52952056
2021-10-28,15.167951583862305,15.221380900132246,14.894869744421396,14.91861677351076,70281362
2021-10-29,14.995792388916016,15.150142089189917,14.930489554751608,15.06109372389922,71775496
2021-11-01,15.0610933303833,15.185762237877897,15.04922131472095,15.114522647997962,53318010
2021-11-02,14.977978706359863,15.126393114450678,14.918614142468229,15.078900563828851,45810003
2021-11-03,14.948299407958984,15.037347770750545,14.906743605268334,14.912680362678593,48160500
2021-11-04,14.722708702087402,14.989855291076605,14.568357506135994,14.9186172001336,83532616
2021-11-05,14.900809288024902,15.025476716512479,14.740521309242524,14.752394826007459,58867158
2021-11-08,14.770200729370117,14.91861666170409,14.68115236931463,14.877059361109152,61161253
2021-11-09,14.669281959533691,14.752395079132896,14.592107097600254,14.734584803679901,60057567
2021-11-10,14.811758995056152,14.918617633757783,14.639597521774364,14.65740629543716,62271427
2021-11-11,14.793950080871582,14.900808729386991,14.770203048232002,14.835505888809497,40223517
2021-11-12,14.805821418762207,14.88893302240955,14.788011146903004,14.811758176048608,36217358
2021-11-15,14.722708702087402,14.871124639777872,14.6870896566159,14.823630580240971,53290206
2021-11-16,14.639595985412598,14.776136898676992,14.621785714437697,14.716770827941716,48162354
2021-11-17,14.639595985412598,14.67521502818134,14.580229914677322,14.621785714437697,42762155
2021-11-18,14.479310989379883,14.65740773863084,14.479310989379883,14.62178868861692,49734868
2021-11-19,14.324960708618164,14.449628128346498,14.224038821569907,14.437754612415809,66821750
2021-11-22,14.66334342956543,14.758330054657927,14.289339683687565,14.307149956988892,71414574
2021-11-23,14.698965072631836,14.835506013916811,14.657407765162118,14.657407765162118,58975991
2021-11-24,14.526800155639648,14.675214578337918,14.50305462758205,14.64553229347067,44597748
2021-11-26,14.378388404846191,14.437754484793572,14.253720986219852,14.283403276602897,38851588
2021-11-29,14.182479858398438,14.402133880721454,14.158734328493347,14.396197123449898,69449493
2021-11-30,13.553203582763672,14.057812977866194,13.386978870500139,14.034065947893753,184492383
2021-12-01,13.197011947631836,13.772861078346208,13.191075188645119,13.65412889697499,106323952
2021-12-02,13.683807373046875,13.808474765765343,13.226690601383867,13.226690601383867,105952835
2021-12-03,13.927206993103027,13.968762795423944,13.600695832711985,13.665998664462654,93399859
2021-12-06,13.820352554321289,14.212166622899062,13.79066876174331,14.004386071578985,78265347
2021-12-07,13.701618194580078,13.873778167317111,13.636316859698338,13.832222363524766,82646331
2021-12-08,13.755046844482422,13.992509639732557,13.642251454545685,13.665998483661262,64794044
2021-12-09,13.61850643157959,13.695681280715903,13.464155234125775,13.671935749897493,68283976
2021-12-10,13.5591402053833,13.683809113136158,13.505710887657958,13.64225181109776,52988731
2021-12-13,13.321677207946777,13.535394475704075,13.232627346927137,13.481965158764751,87574921
2021-12-14,13.232625961303711,13.493835761301643,13.20888043358444,13.291992029373375,102318985
2021-12-15,13.161391258239746,13.29793220043108,13.07234288286198,13.226694099801417,93643342
2021-12-16,14.075623512268066,14.182482162151544,13.446346628620372,13.446346628620372,150436190
2021-12-17,14.117180824279785,14.152799874524822,13.820351907481273,14.129052841573882,142867941
2021-12-20,14.360580444335938,14.41994502846718,14.099370577269232,14.265595310708294,102088344
2021-12-21,14.526800155639648,14.73458064725343,14.366513718503084,14.437751801856887,96523307
2021-12-22,14.710835456848145,14.746456002153733,14.390261043366246,14.508993196022475,67746697
2021-12-23,14.764266014099121,14.853314377428276,14.728645469422519,14.75239249920692,57348266
2021-12-27,14.710835456848145,14.89487044338342,14.621787091946572,14.764266274806527,67853676
2021-12-28,14.734582901000977,14.912681134988759,14.657406549851897,14.687090338440482,55695649
2021-12-29,14.627721786499023,14.793946476938258,14.603974759644423,14.728643652269096,44728560
2021-12-30,14.710835456848145,14.81175883603278,14.639597364599368,14.645534122150298,53706074
2021-12-31,14.60397720336914,14.740519632269143,14.586168429429186,14.675216796672673,59608069
2022-01-03,15.09671401977539,15.185762383593904,14.710835277926524,14.710835277926524,76970210
2022-01-04,15.221383094787598,15.36386079232317,15.102652429765296,15.227319852915915,72918108
2022-01-05,15.559768676757812,15.921898914326487,15.435099759523695,15.435099759523695,125367971
2022-01-06,15.500401496887207,15.904087511820435,15.399479618358605,15.856594951288223,93758133
2022-01-07,16.029943466186523,16.17018227083723,15.712880615841812,15.798244638493308,98164670
2022-01-10,16.13359832763672,16.243350969555024,15.975068444624554,16.090917086842456,77030717
2022-01-11,16.0604305267334,16.298226885119657,15.938482807683476,16.24944810545625,60054124
2022-01-12,16.127498626708984,16.164083862301773,15.944578607875608,16.02384507854401,48477730
2022-01-13,16.340909957885742,16.50553893513547,16.048237247074884,16.1579898985747,65005487
2022-01-14,16.57261085510254,16.603097019337053,16.139697776317668,16.231157808804237,72617163
2022-01-18,16.651872634887695,16.74943018959943,16.407978748108363,16.59089877824718,80247772
2022-01-19,16.633581161499023,16.75552733210699,16.32871188552236,16.737234713613578,67442309
2022-01-20,16.47504997253418,16.71284787919832,16.438466271425415,16.54212137438597,55659239
2022-01-21,16.225059509277344,16.46285743036205,16.127501940549294,16.365298321851043,79715392
2022-01-24,16.0604305267334,16.20676686572362,15.725075069237516,15.968970507337362,102910548
2022-01-25,16.145793914794922,16.225058858789996,15.67019963147577,15.950678785161289,115467364
2022-01-26,14.786083221435547,16.45066081484574,14.670233041958618,16.45066081484574,188252808
2022-01-27,14.706818580627441,14.956808484946475,14.36536557520495,14.670233340186059,116707158
2022-01-28,15.371427536010742,15.389720154618127,14.597064651488235,14.676329585888139,102063320
2022-01-31,15.548253059387207,15.572641680094556,15.011684926431215,15.2250926715891,129691758
2022-02-01,14.889737129211426,14.999488220171253,14.706817104495688,14.749498340943846,172591344
2022-02-02,14.962905883789062,15.06046344447957,14.676330741733553,14.761693222392038,93834925
2022-02-03,14.975099563598633,15.188507285073335,14.901932169813568,14.9385158667061,63825671
2022-02-04,14.6824312210083,14.962908879196293,14.621457348424737,14.944617795269423,69719192
2022-02-07,14.59096908569336,14.682429111536779,14.414145034584216,14.658040489877228,73169536
2022-02-08,14.597064018249512,14.706816645567184,14.523895086776848,14.560480322404503,42150732
2022-02-09,14.938515663146973,14.969001820178217,14.621452854978301,14.639745473066647,53029907
2022-02-10,14.786083221435547,15.029977120505807,14.761693061637112,14.914126941028877,58431827
2022-02-11,14.71291732788086,14.9141284679034,14.639748380777503,14.798279816348964,60084576
2022-02-14,14.664137840270996,14.798279107118082,14.53609257392264,14.65804029998937,57458290
2022-02-15,14.840960502624512,14.914127907194104,14.70072169404703,14.737305396331825,43586610
2022-02-16,14.597064018249512,14.840957890187314,14.499506469474392,14.737302802140917,60662502
2022-02-17,14.487314224243164,14.60316441348915,14.389756656388526,14.5299954677067,61712434
2022-02-18,14.554384231567383,14.609260550687441,14.35926757481673,14.456825133300658,62595410
2022-02-22,14.481215476989746,14.694623216306072,14.371462837353759,14.493410556901036,62168288
2022-02-23,14.334883689880371,14.59097275043226,14.273909810742627,14.511706245618198,50233222
2022-02-24,14.164155006408691,14.20073871247698,13.81050840832704,13.999527559209858,92965719
2022-02-25,14.578774452209473,14.700722183597005,14.29219774538366,14.298295285931335,59026965
2022-02-28,14.44463062286377,14.481214319891665,14.27390413709577,14.383656767962147,62788449
2022-03-01,14.347073554992676,14.487313902983935,14.127569802078755,14.395853877621226,57663378
2022-03-02,14.523896217346191,14.664136551936831,14.347072184062794,14.365364803300555,45624775
2022-03-03,14.578774452209473,14.694624643049332,14.438535638961886,14.603164614400166,49218641
2022-03-04,14.554384231567383,14.566577771540775,14.292196175940482,14.45072913320536,48190952
2022-03-07,14.371463775634766,14.554385366898225,14.316587452234018,14.432437639389251,50113532
2022-03-08,14.023913383483887,14.408046069967344,14.023913383483887,14.33487867243848,67277074
2022-03-09,14.18244743347168,14.340978877289007,14.14586372790862,14.200738516361683,58010928
2022-03-10,14.139763832092285,14.158054911935976,13.987329954553273,14.158054911935976,53623059
2022-03-11,14.139763832092285,14.450729127045802,14.1153736725903,14.389755268073639,72142244
2022-03-14,13.9568452835083,14.17025150299725,13.90806649908469,14.158056421945608,65683375
2022-03-15,14.078791618347168,14.145863025032694,13.969038967328297,14.011720211661641,47089252
2022-03-16,14.139763832092285,14.200736151281651,14.00562257417976,14.1153736725903,49791138
2022-03-17,14.139763832092285,14.188542611313457,13.987329954553273,14.097082592746608,41109008
2022-03-18,14.15805721282959,14.237323704310219,14.036111014849999,14.145863670879764,89500414
2022-03-21,14.121472358703613,14.334880112537064,14.078791115893507,14.158056061143286,50990418
2022-03-22,14.151960372924805,14.322686906292155,14.133669289202565,14.182448078767075,39631954
2022-03-23,14.151960372924805,14.298296741618339,14.12757174803411,14.151960372924805,38180320
2022-03-24,14.225127220153809,14.237322300684397,14.121472115209606,14.17025089754906,37218434
2022-03-25,14.536090850830078,14.536090850830078,14.22512557202601,14.26780680915511,42137094
2022-03-28,14.554384231567383,14.676330409780892,14.456825133300658,14.633649170417025,50968704
2022-03-29,14.62755012512207,14.670231360093334,14.542187655179545,14.597063968651923,43979838
2022-03-30,14.719013214111328,14.725110754637731,14.584871941879353,14.664138428939626,42385080
2022-03-31,14.408047676086426,14.71901299970549,14.401950135648843,14.633650513145215,69574611
2022-04-01,14.621455192565918,14.633650273241155,14.261711091126779,14.462923763136558,53381429
2022-04-04,14.74340534210205,14.755600424780948,14.371466098877853,14.542192637032914,47195569
2022-04-05,14.566577911376953,14.725109330380903,14.542189291413244,14.615358230869994,43936808
2022-04-06,14.65194320678711,14.719013072365726,14.389756665591484,14.49950931444388,49327209
2022-04-07,14.469023704528809,14.621457618916114,14.389758746552005,14.578776369252976,62815724
2022-04-08,14.719013214111328,14.779987079592393,14.353171561007898,14.432438048068171,73121078
2022-04-11,15.84709358215332,15.960115169009505,15.217408702992062,15.249699485106216,157485300
2022-04-12,15.790583610534668,16.242666879880503,15.750219747813597,15.943969060483528,104795900
2022-04-13,15.903599739074707,15.960924513738364,15.584217959101212,15.657921687092474,64100500
2022-04-14,16.001873016357422,16.042818840557555,15.73162495349749,15.821707641117468,52731100
2022-04-18,15.936356544494629,16.026439228417942,15.79714012313388,15.911789675775912,54812700
2022-04-19,15.960922241210938,16.083761249712147,15.879029048215882,15.960922241210936,57496000
2022-04-20,15.91179084777832,16.042819363872567,15.805329202212295,15.985494583329224,48751400
2022-04-21,16.550548553466797,16.665199635528378,16.075569962019,16.116517334891906,81259800
2022-04-22,15.985490798950195,16.41952207001686,15.96911184782016,16.41952207001686,68483600
2022-04-25,15.977303504943848,16.288495808991293,15.649732247529967,16.190225212758612,71861400
2022-04-26,15.805323600769043,16.091948963888186,15.805323600769043,15.928164157807652,50825900
2022-04-27,15.616974830627441,15.854464975940797,15.551460577089793,15.748003337702736,66767000
2022-04-28,15.903599739074707,16.04281771839343,15.641542733764869,15.764381759755985,67479400
2022-04-29,15.44499683380127,15.862650686685798,15.4040494588228,15.854461211690104,70195400
2022-05-02,15.657917976379395,15.879027545970267,15.44499631952894,15.55964584168588,67551600
2022-05-03,15.8298921585083,16.11651752405255,15.592403640988266,15.707053162412933,62675300
2022-05-04,16.33763313293457,16.36220000169874,15.731624337034905,15.788950675444989,60771800
2022-05-05,16.33763313293457,16.370389478614467,16.11652194215899,16.16565724167034,55503900
2022-05-06,16.40314483642578,16.468659079584462,16.100140485577654,16.214790020609655,51506800
2022-05-09,16.010059356689453,16.41133589189562,15.944545107224085,16.36219903330941,51563300
2022-05-10,15.854463577270508,16.255738540036262,15.756191424642033,16.100141615867376,42465900
2022-05-11,15.91179084777832,16.100144144415907,15.797141286691636,15.969115628321664,50074200
2022-05-12,16.149276733398438,16.16565568565334,15.879030269123946,15.887219745251398,52687000
2022-05-13,16.24755096435547,16.2639299187066,16.001872897020718,16.165657754582867,34107300
2022-05-16,16.607873916625977,16.68976553367862,16.116516404397757,16.32124857099431,40027000
2022-05-17,16.845365524291992,16.927258718429957,16.575119077024628,16.706147562852273,42938400
2022-05-18,16.566930770874023,16.894502008566427,16.485037570955207,16.79623141825014,43342800
2022-05-19,16.550548553466797,16.657010160953796,16.304870564159597,16.31306003873418,41588100
2022-05-20,16.70615005493164,16.722529008599057,16.452282521018656,16.550553119057167,47415800
2022-05-23,16.98458480834961,17.123802780630463,16.722527816287506,16.812610493052436,46775100
2022-05-24,17.328536987304688,17.385861765641575,16.86993719862651,17.033722056448614,49841200
2022-05-25,17.443185806274414,17.50051214416993,17.246643048010203,17.2957799090635,40179400
2022-05-26,17.45956039428711,17.631536241006003,17.41861458229731,17.50869568107139,28495500
2022-05-27,17.434995651245117,17.533266236759236,17.320344552168255,17.451373040842274,34169600
2022-05-31,17.434995651245117,17.549645188339184,17.172937111914287,17.35310245532816,61515300
2022-06-01,17.377670288085938,17.582402508283863,17.295778649593075,17.557835641529156,35928900
2022-06-02,17.353103637695312,17.410428410148214,17.14837141494472,17.410428410148214,27085200
2022-06-03,17.115612030029297,17.32034423508224,17.033718835611566,17.24664051630456,27796900
2022-06-06,17.14837074279785,17.238451855128922,17.05828806848394,17.131991790743896,22002900
2022-06-07,17.31215476989746,17.353102148122435,17.009151980946466,17.11561204036587,24977700
2022-06-08,17.238449096679688,17.3612896554449,17.189313810363156,17.271206995545768,20732900
2022-06-09,17.099233627319336,17.32853426664875,17.09104571339937,17.21388472797545,24934500
2022-06-10,16.94363784790039,17.074666335106446,16.894500993711034,16.935448372202163,33572700
2022-06-13,16.18203353881836,16.779851197672645,16.116519296231353,16.706147479514417,56215900
2022-06-14,15.928165435791016,16.345817740095036,15.805324868896394,16.280303500009826,42638300
2022-06-15,15.919976234436035,16.141085822288623,15.707054560000113,16.0510047168608,38941900
2022-06-16,15.526885032653809,15.797132961913869,15.289396558128404,15.78894348872578,67896400
2022-06-17,15.870840072631836,15.903597975654788,15.559647803827707,15.674297340442472,97645400
2022-06-21,16.3458194732666,16.419523196425214,15.944544514949085,16.091951961266307,49307700
2022-06-22,16.6406307220459,16.82898394577007,16.231166377263342,16.255734800264,46607400
2022-06-23,16.87812614440918,17.01734412826539,16.444093238979114,16.73071868362225,51713600
2022-06-24,17.189313888549805,17.2466386498436,16.796228472264403,16.95182536862085,47641700
2022-06-27,17.017345428466797,17.230267158984645,16.927262737329173,17.156563422959884,32339900
2022-06-28,16.87812614440918,17.246643234393492,16.869936667478463,17.14018315826016,26754000
2022-06-29,17.15656280517578,17.213887584023492,16.82080204736799,16.92726212780187,26585700
2022-06-30,17.16474723815918,17.320344150595606,16.992772936505308,17.025530838905716,37655700
2022-07-01,17.451374053955078,17.516888302095417,17.09104647017466,17.17293810886292,32762500
2022-07-05,17.336721420288086,17.35310036989968,17.017339712775076,17.3039635210649,36960500
2022-07-06,17.271209716796875,17.385859256927155,17.107423320625475,17.336723962868867,27645000
2022-07-07,17.320344924926758,17.45956289238692,17.222074337297716,17.336723876859207,27015400
2022-07-08,17.260595321655273,17.476352961024364,17.219104137571193,17.368474932733427,22366300
2022-07-11,17.14442253112793,17.310390469739094,17.119526865499985,17.185913724386936,23326400
2022-07-12,17.094633102416992,17.310390793532253,16.97015793752408,17.119527185723015,26448000
2022-07-13,16.97015380859375,17.09462894320119,16.78758880056811,16.97015380859375,25213100
2022-07-14,16.870576858520508,16.887173969252128,16.638222056640583,16.704608916779478,26621000
2022-07-15,17.06973648071289,17.08633359051282,16.770994835464194,17.044842398800505,23838000
2022-07-18,17.036542892456055,17.169316597865425,17.01994578358303,17.119525271246346,22507400
2022-07-19,17.260595321655273,17.310386641900827,17.036540711699136,17.094629002531736,21813100
2022-07-20,16.99504852294922,17.285491569779445,16.928661676484076,17.277193016122894,34207200
2022-07-21,15.700508117675781,15.86647606637609,15.136218991439918,15.8000892034535,123409000
2022-07-22,15.268987655639648,15.509640943200147,15.144512526771557,15.484745284311673,72016300
2022-07-25,15.37686824798584,15.476447724354717,15.210900343654728,15.252391528343887,39493100
2022-07-26,15.186005592346191,15.310482319440494,15.08642611001555,15.268989549479947,38885000
2022-07-27,15.26069164276123,15.343675603414704,15.127917938830633,15.227499008172282,36607400
2022-07-28,15.41835880279541,15.576028147190044,15.1777070924125,15.186004062781588,41940100
2022-07-29,15.584324836730957,15.642413119091266,15.335373020174938,15.360268676666635,40819800
2022-08-01,15.542837142944336,15.659015328326534,15.443257650088166,15.642418218588006,37087800
2022-08-02,15.235796928405762,15.551134066419817,15.202602712410949,15.53453695842241,43625200
2022-08-03,15.24409294128418,15.360269512325257,15.194301625591944,15.285584121573972,35524300
2022-08-04,15.161111831665039,15.25239276192122,15.119619060832804,15.194304465543459,28287800
2022-08-05,15.227498054504395,15.23579660832876,15.011740403432796,15.161111206696772,32726400
2022-08-08,14.937055587768555,15.27728839397807,14.937055587768555,15.235797206015881,44042500
2022-08-09,15.020039558410645,15.11961904271394,14.970249816258995,14.970249816258995,33257500
2022-08-10,14.945351600646973,15.144512118017962,14.928754495169283,15.119616459801428,50229500
2022-08-11,14.970247268676758,15.078125288778267,14.945351610443904,14.986842791378232,40798900
2022-08-12,15.161111831665039,15.161111831665039,15.01174102224373,15.020039576410177,25822300
2022-08-15,15.26069164276123,15.318779940382441,15.094725304241685,15.094725304241685,28845400
2022-08-16,15.410061836242676,15.517941455594082,15.244095504391238,15.244095504391238,34241000
2022-08-17,15.2855863571167,15.44325571429405,15.2026024016135,15.285586357116701,23772300
2022-08-18,15.293885231018066,15.376869188257965,15.086426129311988,15.152812978546441,33817400
2022-08-19,15.293885231018066,15.36027208025252,15.202602719775445,15.25239246100445,27161400
2022-08-22,15.044930458068848,15.210898340543784,14.99514072644118,15.194301235738884,32057100
2022-08-23,14.986845970153809,15.094725595924153,14.953653334923462,15.02833874267603,27298200
2022-08-24,14.945351600646973,14.995141334292946,14.82087647513849,14.995141334292946,30647700
2022-08-25,15.011741638183594,15.020040192690535,14.887266486154342,14.97854742015583,25198600
2022-08-26,14.845769882202148,15.011737763932878,14.812577255528218,14.95364948016323,30590700
2022-08-29,14.754491806030273,14.870668395886572,14.696401928314797,14.779385885121007,25465400
2022-08-30,14.787684440612793,14.854071289507175,14.729596145678624,14.779385886652578,32481900
2022-08-31,14.555333137512207,14.820880567327077,14.530437472421738,14.787686347206451,46669900
2022-09-01,14.522139549255371,14.66321182533107,14.447454133521907,14.513840993864141,30623200
2022-09-02,14.264890670776367,14.613422083453214,14.239995004589591,14.580227861870846,36489600
2022-09-06,13.932952880859375,14.298079730132484,13.924654327541276,14.273185652965392,57232600
2022-09-07,13.99934196472168,14.223396609013626,13.841672592022752,13.908059446403227,55566600
2022-09-08,13.916357040405273,14.049130740000878,13.858268744680615,13.99104244427622,49770900
2022-09-09,14.132115364074707,14.165307999144497,13.991043103756391,14.040832847754789,55081300
2022-09-12,14.422557830810547,14.439154940860496,14.132116318874118,14.165308956186482,43425000
2022-09-13,13.966146469116211,14.37276611286501,13.924655282467535,14.256589524018871,42274600
2022-09-14,13.916357040405273,14.040832185927735,13.858268744680615,14.015936523708303,41000300
2022-09-15,13.908058166503906,14.040831863046261,13.80017854882117,13.966146460892773,38637300
2022-09-16,13.891459465026855,13.949547752751482,13.73379012492635,13.83337117730223,69825900
2022-09-19,13.908058166503906,13.991042122539707,13.758687362196929,13.80017854882117,33805300
2022-09-20,13.742087364196777,13.816772750642437,13.659103425614157,13.816772750642437,36187500
2022-09-21,13.484842300415039,13.825075117987133,13.484842300415039,13.758688265358124,38815600
2022-09-22,13.476541519165039,13.592718096372282,13.39355757139394,13.49313862527669,37800400
2022-09-23,13.285680770874023,13.38526025114104,13.15290707532647,13.360366172467936,46225600
2022-09-26,13.00353717803955,13.260786033235954,12.928851771242625,13.202697735235548,46841200
2022-09-27,13.053325653076172,13.302277512467759,13.003535914312758,13.119713290416772,41183400
2022-09-28,13.136309623718262,13.210995023356572,13.036729354665058,13.094817647097686,42670800
2022-09-29,12.887359619140625,13.069923856504252,12.787779341867836,13.00353700498906,51308300
2022-09-30,12.729687690734863,13.011832131034357,12.729687690734863,12.887356223693912,63932700
2022-10-03,13.1943998336792,13.426754619964852,12.995239266628992,13.053327567503533,59540500
2022-10-04,13.352068901062012,13.401858645977631,13.186101765687072,13.269084937677679,46876200
2022-10-05,13.219294548034668,13.393559438133867,13.07822229199787,13.252487973490757,38250100
2022-10-06,12.938895225524902,13.352737795029856,12.930450083434918,13.209159908651586,52923900
2022-10-07,12.617955207824707,12.871327970565726,12.584172226489226,12.862882023869403,53446900
2022-10-10,12.584173202514648,12.778425964347223,12.465933161394696,12.668631065128789,43852600
2022-10-11,12.508162498474121,12.592619558378228,12.398367595693875,12.541945483525744,49661500
2022-10-12,12.356138229370117,12.617956152969045,12.347692282041153,12.46593312829704,46719600
2022-10-13,12.769978523254395,12.795315556894941,12.212558950463691,12.23789598410424,60354500
2022-10-14,12.660183906555176,12.8966655770702,12.64329281891827,12.829098810173198,47185600
2022-10-17,12.930449485778809,13.006460593774694,12.73619672858972,12.786871606036827,44240700
2022-10-18,13.175375938415527,13.259832991147139,13.048689151143364,13.141592956232916,49420200
2022-10-19,13.124701499938965,13.310508310862255,13.00646065563326,13.057135533321379,47349100
2022-10-20,14.138189315795898,14.49291098081871,13.614553569414252,13.690563858941099,117495700
2022-10-21,14.44223690032959,14.695608827516306,14.163527136064433,14.214201199321892,81050700
2022-10-24,14.788512229919434,15.075667932317822,14.687162495173197,14.720946277055072,69196500
2022-10-25,14.94053840637207,15.109452509988534,14.780068638671736,14.805406479119043,58235100
2022-10-26,15.320595741271973,15.40505359518706,14.999657829474142,15.075669736907761,65157700
2022-10-27,15.227694511413574,15.497958372254024,15.193910723358679,15.497958372254024,53975500
2022-10-28,15.60775089263916,15.700654689551142,15.396607071220666,15.438836802044074,55833900
2022-10-31,15.39660930633545,15.53174124278833,15.31215144332746,15.497959064124984,47573900
2022-11-01,15.497960090637207,15.692212060792095,15.40505627408493,15.683766112841901,48025700
2022-11-02,15.565522193908691,15.878014135884266,15.43039028209772,15.43039028209772,49201100
2022-11-03,15.34593391418457,15.481065839025302,15.261476058434209,15.34593391418457,41249400
2022-11-04,15.472620964050293,15.548632878400518,15.278369009999595,15.489512858550281,39458700
2022-11-07,15.506403923034668,15.540186099326654,15.329042262077923,15.489512029438858,39985200
2022-11-08,15.68376636505127,15.818898312627704,15.455730599428582,15.523296573216799,43210400
2022-11-09,15.523295402526855,15.810451172195883,15.523295402526855,15.607753266117703,41838400
2022-11-10,15.911803245544434,16.021597356555624,15.692213412622058,15.90335729686665,46482700
2022-11-11,16.089160919189453,16.15672688756627,15.861126782730047,15.894908961468577,52519500
2022-11-14,16.097606658935547,16.35098024525483,16.080716375234047,16.11449855353678,37316500
2022-11-15,16.06382179260254,16.376313735936012,15.886460150767771,16.148279640576263,49339300
2022-11-16,15.987812995910645,16.089161144444912,15.861127004792925,16.046933017705598,32155400
2022-11-17,16.00470733642578,16.038489520799068,15.641539591737805,15.802007786585962,36007800
2022-11-18,16.02159309387207,16.148280679432492,15.979364972618308,16.080714718886732,34211300
2022-11-21,15.911803245544434,16.11450118111124,15.844237267022164,16.030043305233406,31911400
2022-11-22,16.046932220458984,16.080716008891805,15.954028413168425,15.96247436027663,33771000
2022-11-23,16.122947692871094,16.139839590816596,15.954031935216165,15.98781573110717,21486000
2022-11-25,16.148284912109375,16.291862817265212,16.106055168887078,16.190513044431686,13782700
2022-11-28,15.89490795135498,16.17361775455994,15.852679827890455,16.131389631095416,27780200
2022-11-29,16.055377960205078,16.072269854203324,15.83578817092693,15.86957195892342,24088000
2022-11-30,16.283411026000977,16.283411026000977,15.878013691026705,15.996255318723097,59293400
2022-12-01,16.207401275634766,16.384761324349917,16.122943419194378,16.291859132075153,31615500
2022-12-02,16.06382179260254,16.09760396525235,15.928689880204365,16.08915801936503,33479600
2022-12-05,15.83578872680664,16.0300406819062,15.785114653932784,15.979366609032343,28698000
2022-12-06,16.190509796142578,16.198955743092533,15.886462149542824,15.954028114242806,45858100
2022-12-07,16.300308227539062,16.401658007041213,16.04693619513383,16.08916433023467,45381000
2022-12-08,16.148284912109375,16.486114803387817,16.063827036564767,16.410102876487667,45761100
2022-12-09,16.122947692871094,16.342537533462483,16.072273609934637,16.10605579492559,29815600
2022-12-12,16.300308227539062,16.30875417673925,16.106056228635044,16.16517626213626,31333500
2022-12-13,16.148284912109375,16.469222906098896,16.106055168887078,16.39321097919875,54142100
2022-12-14,15.962474822998047,16.131390548259297,15.844234781855016,16.089160811494114,44027700
2022-12-15,15.599306106567383,15.886461853923763,15.506403913645945,15.742883980245573,47277400
2022-12-16,15.616199493408203,15.633091388609026,15.38816374089645,15.506405396402428,76412500
2022-12-19,15.08411693572998,15.472620840735038,14.898309319510423,15.430392715721345,62216900
2022-12-20,15.26147747039795,15.278369365290752,15.058779564383617,15.075671459276418,40922700
2022-12-21,15.3290433883667,15.430393146488521,15.261477419918737,15.354381230622094,42316200
2022-12-22,15.430395126342773,15.438841074844927,15.134793372367248,15.210805297986667,32615000
2022-12-23,15.464171409606934,15.472617354886815,15.286811391427461,15.345931397487284,25164100
2022-12-27,15.590861320495605,15.641537005025102,15.388163415076892,15.41350125734164,30382500
2022-12-28,15.388163566589355,15.666873390646744,15.362827334974902,15.58241713739887,26632300
2022-12-29,15.582415580749512,15.666871825560388,15.405053922667522,15.430391762650553,23765900
2022-12-30,15.54863166809082,15.607751683339139,15.388161904631387,15.55707761468338,26204200
2023-01-03,15.82734203338623,15.92024583835845,15.548632229369224,15.633090087444002,42149200
2023-01-04,16.16517448425293,16.359428072692584,15.88646463490029,15.937140324527983,43926800
2023-01-05,16.22429084777832,16.317194646884666,16.01314702137267,16.165170834128666,31081800
2023-01-06,16.494558334350586,16.714148134220306,16.33408855542661,16.342534502833107,36050300
2023-01-09,16.31292152404785,16.484274753001312,16.261514084616838,16.484274753001312,51981100
2023-01-10,16.681331634521484,16.689899541058832,16.45000469465744,16.578520024395484,32869500
2023-01-11,16.629924774169922,16.69846638795816,16.492841546593453,16.681330575970854,30010200
2023-01-12,16.629924774169922,16.767008001746394,16.59565478435629,16.689898481964505,31740400
2023-01-13,16.7498722076416,16.784143831652795,16.52711318821275,16.61278897991878,25480000
2023-01-17,16.561384201049805,16.767009055335365,16.509978396018685,16.7498732422713,38801000
2023-01-18,16.295787811279297,16.56138641259505,16.2529482728985,16.527116416051708,38023700
2023-01-19,16.22724151611328,16.295783123644625,16.098726206262118,16.21867361090176,40180800
2023-01-20,16.475706100463867,16.475706100463867,16.08159222097011,16.24437753598135,37836600
2023-01-23,16.36432647705078,16.621357124175155,16.26151323770443,16.475705988361742,32890800
2023-01-24,16.41573143005371,18.446279320225653,16.021617573638746,16.25294449041405,32858500
2023-01-25,17.495264053344727,17.546669856273212,16.912659506285173,16.921227412466756,73582100
2023-01-26,17.135417938232422,17.409584363778414,16.97263101025419,17.366746472597153,47400900
2023-01-27,17.09258270263672,17.22109803030806,16.97263364720389,17.09258270263672,37094000
2023-01-30,17.272502899169922,17.358180324364728,17.041174341392235,17.066878059198967,37246000
2023-01-31,17.452428817749023,17.460995091075784,17.195396495592206,17.272506028823127,36575900
2023-02-01,17.289636611938477,17.56380303194705,17.195391292250243,17.538099317260958,40172500
2023-02-02,17.37531852722168,17.555239674144524,17.16969365895506,17.22109946748142,34968800
2023-02-03,16.989770889282227,17.35818272465114,16.938365080721344,17.32391109616976,31599900
2023-02-06,16.77557945251465,16.92979852466578,16.698469916439084,16.921230616861685,30929800
2023-02-07,16.492841720581055,16.741306094535137,16.355758491558454,16.698466564114955,36534400
2023-02-08,16.41573143005371,16.467137229985898,16.295784018824968,16.35575772443934,29805200
2023-02-09,16.252946853637695,16.492843345137715,16.184405232375,16.458571717425787,28320900
2023-02-10,16.338623046875,16.372894671981975,16.132998198716233,16.304353055929052,24931200
2023-02-13,16.501413345336914,16.552819159264686,16.270084731419903,16.287220547449614,21668700
2023-02-14,16.40716552734375,16.578520393584444,16.304353914928225,16.535680859943714,23195200
2023-02-15,16.492841720581055,16.50997753274913,16.270081064879083,16.287216877047154,31145400
2023-02-16,16.501413345336914,16.638496605251877,16.218678917492134,16.312924271494182,35161100
2023-02-17,16.655628204345703,16.715601911103956,16.390028025614946,16.5014091674468,29997500
2023-02-21,16.45857048034668,16.587087440445497,16.39002886423579,16.46713838663067,28220300
2023-02-22,16.60422134399414,16.647060874704945,16.46713811404157,16.46713811404157,25308800
2023-02-23,16.578519821166992,16.775576766627097,16.501410297437204,16.63849353203215,24845800
2023-02-24,16.484277725219727,16.50998144956978,16.261517016670105,16.501413541453093,29138100
2023-02-27,16.30435562133789,16.569954221063448,16.287219806088167,16.535682590564,22981100
2023-02-28,16.201539993286133,16.30435323557888,16.141566282849134,16.29578532920773,34154800
2023-03-01,15.987348556518555,16.158703429767716,15.901671119893974,16.132999708531987,23339900
2023-03-02,15.987348556518555,16.06445808606456,15.8502653115837,15.875969032819429,24184800
2023-03-03,16.115863800048828,16.150135428162542,15.995916369973175,16.021620091058463,23501500
2023-03-06,16.081592559814453,16.244377878255634,16.081592559814453,16.150134176568912,24072100
2023-03-07,16.030183792114258,16.218674448176735,15.935940098243929,16.107293308837832,27944000
2023-03-08,15.944510459899902,15.970212546659491,15.576098630841619,15.910238832005568,31510300
2023-03-09,15.696044921875,16.021618826615963,15.68747701552276,16.021618826615963,24711100
2023-03-10,15.790290832519531,15.841696638343638,15.62750387422191,15.661775500878715,32018500
2023-03-13,15.678908348083496,15.98734642514775,15.61036673475377,15.653206264435452,39835000
2023-03-14,15.798857688903809,15.85883139740517,15.601799117049485,15.738883980402447,32076200
2023-03-15,15.687478065490723,15.713181786267802,15.47328529483185,15.593234357630402,34436400
2023-03-16,15.756017684936523,15.790289308285093,15.481851234791737,15.61893445986413,31731800
2023-03-17,15.533255577087402,15.721746219483459,15.447579795082786,15.696042504385598,58728600
2023-03-20,15.84169864654541,15.918808182137052,15.610370039770489,15.653209578522128,27382100
2023-03-21,15.884535789489746,16.038753203251662,15.790290452612135,16.004483211580478,24313200
2023-03-22,15.756017684936523,16.03875204091845,15.74744977909938,15.944508345031771,21071100
2023-03-23,15.815991401672363,15.910236731779795,15.713179799883298,15.77315350662041,28957800
2023-03-24,15.944510459899902,15.987348360606658,15.721749781070216,15.80742721664489,32058000
2023-03-27,16.167268753051758,16.235810364565115,16.021617624315763,16.05588761299198,26650500
2023-03-28,16.038753509521484,16.270082085823315,16.038753509521484,16.141566754820442,21547200
2023-03-29,16.278648376464844,16.32148627115959,16.132997246677405,16.158700963990814,23149400
2023-03-30,16.347192764282227,16.39859857347699,16.26151532618348,16.28721904786147,19736300
2023-03-31,16.492841720581055,16.492841720581055,16.30435268921523,16.381462209810564,27130900
2023-04-03,16.612791061401367,16.689900590926936,16.450005729435105,16.509979444808064,31102500
2023-04-04,16.826982498168945,16.835550404564145,16.612789740772044,16.72417088974862,34207600
2023-04-05,17.03260612487793,17.07544565377466,16.784143393920612,16.80984711125865,38673200
2023-04-06,17.074317932128906,17.195968145983578,16.95266937561152,17.074317932128906,29722600
2023-04-10,17.004804611206055,17.030872869896104,16.87446663243044,16.917912072909875,23617500
2023-04-11,17.109073638916016,17.300235871044066,17.013491694183443,17.022181112553415,24664800
2023-04-12,17.178585052490234,17.27416532722196,17.074313703202954,17.195963886927593,28179500
2023-04-13,17.34368133544922,17.36106017221911,17.08300541324922,17.248101047889,25253900
2023-04-14,17.31761360168457,17.36974845123737,17.178586231319112,17.3349924373145,24948400
2023-04-17,17.19596290588379,17.308922008608466,17.074312729099393,17.291543175162584,23443900
2023-04-18,17.222030639648438,17.265477726141444,17.07431386024599,17.23072005694704,28517400
2023-04-19,17.11776351928711,17.230722646471246,17.039560409183807,17.18727721078592,31537200
2023-04-20,15.336472511291504,16.266218758398132,15.258269401036074,16.257529339776735,129904800
2023-04-21,15.831759452819824,15.988165689942369,15.492880377279187,15.527638055456338,76810200
2023-04-24,15.232202529907227,15.744866618034804,15.214823692975452,15.718798362637141,60001400
2023-04-25,15.214827537536621,15.440747502724982,15.162692670904699,15.214827537536621,46691800
2023-04-26,14.94545841217041,15.34516171924443,14.93676899366831,15.11055239169901,42482900
2023-04-27,15.301715850830078,15.319093030005163,15.08448536643936,15.101862545614445,36926900
2023-04-28,15.353852272033691,15.423365967848817,15.101864088868089,15.136621765444271,40675800
2023-05-01,15.206133842468262,15.432053744151094,15.19744442424926,15.414674907713094,35510200
2023-05-02,14.832498550415039,15.14531100657502,14.797742531584607,15.084486730618849,39398100
2023-05-03,14.849874496459961,14.988901859380304,14.832495661760694,14.902009343220866,32213100
2023-05-04,14.693471908569336,14.841188725128742,14.64133704900052,14.789053865559923,27422700
2023-05-05,14.884634017944336,14.884634017944336,14.66740350499669,14.754296041643205,23712300
2023-05-08,14.875944137573242,14.919389571041298,14.72822734350998,14.780362195139057,32091000
2023-05-09,14.78905200958252,14.867255117790167,14.693470064587153,14.858565699396307,29058400
2023-05-10,14.806427955627441,14.858562798474926,14.650021769748216,14.823805131685422,32892400
2023-05-11,14.736915588378906,14.771673262164633,14.667401898144556,14.72822782726958,21332600
2023-05-12,14.797740936279297,14.936768311287288,14.728227248775301,14.771672681963908,27280600
2023-05-15,14.728228569030762,14.85856653761727,14.719539150146703,14.771674006113868,28697300
2023-05-16,14.363280296325684,14.719538159919637,14.345901459726692,14.71084874162014,31200300
2023-05-17,14.476239204406738,14.554442310602912,14.380657261869848,14.476239204406738,34154700
2023-05-18,14.380659103393555,14.467551638887162,14.22425452830978,14.42410619980899,39142000
2023-05-19,14.17211627960205,14.467549869751442,14.154739100498075,14.415415017765392,46679400
2023-05-22,14.232941627502441,14.276388721894776,14.041779384187738,14.20687502820423,42251600
2023-05-23,13.989645004272461,14.163428415743468,13.963576746750048,14.128672396384165,45314800
2023-05-24,13.859304428100586,14.007022049141069,13.859304428100586,13.998332631079537,34236900
2023-05-25,13.164168357849121,13.616008208972739,13.033830385461949,13.616008208972739,102758200
2023-05-26,13.468289375305176,13.572559903286674,13.19023463402118,13.233680065845434,50164900
2023-05-30,13.589940071105957,13.633385507188953,13.398777003400191,13.459601276851245,35346700
2023-05-31,13.668143272399902,13.789792656151157,13.57256214645375,13.607318994858591,70109400
2023-06-01,13.737656593322754,13.789791447024372,13.581250374880787,13.68552091095258,31363800
2023-06-02,13.216302871704102,13.398776514061694,12.903491268520462,13.103342918942873,105292900
2023-06-05,13.372708320617676,13.45960001329505,13.251058956467155,13.320572642076455,39528300
2023-06-06,13.616005897521973,13.68551958148365,13.346639750669118,13.433532269955453,39037200
2023-06-07,13.989645004272461,14.007023842620734,13.529115732066664,13.581251418442864,43584200
2023-06-08,13.96357536315918,13.97226478147232,13.798480558552225,13.93750876555684,32833700
2023-06-09,13.859304428100586,14.015709809865568,13.824547584522977,13.911440107801257,24666300
2023-06-12,13.841927528381348,13.90275180234265,13.746345579392349,13.859305537226613,27517900
2023-06-13,13.746345520019531,13.876684314804686,13.624696972622345,13.728967511249325,41578200
2023-06-14,13.763725280761719,13.920131513528577,13.74634644215712,13.815860139238248,26782400
2023-06-15,13.928818702697754,13.989642970738053,13.720276816175222,13.79847992003761,30535200
2023-06-16,13.954886436462402,14.015710709460079,13.86799473627552,13.98964411093944,64149000
2023-06-20,13.711588859558105,13.972265623991165,13.70290026938959,13.920130768305707,35360500
2023-06-21,13.563871383666992,13.659453328814264,13.4596008487806,13.642074491998924,40676400
2023-06-22,13.53780460357666,13.58994028784374,13.442223482533699,13.529115184754048,30272800
2023-06-23,13.424844741821289,13.668142669931001,13.398777313833826,13.581250967083259,37408500
2023-06-26,13.58124828338623,13.598626289054392,13.40746408336245,13.433531506198909,28616600
2023-06-27,13.763725280761719,13.807171548604584,13.494359083070869,13.511737921675468,31457000
2023-06-28,13.711588859558105,13.763724543912154,13.563872054001658,13.737657116069425,26156400
2023-06-29,13.885374069213867,13.911442327558001,13.676832974472694,13.676832974472694,27298300
2023-06-30,13.859304428100586,13.93750836198585,13.75503389736776,13.902750689739726,40465300
2023-07-03,14.0070219039917,14.0070219039917,13.859304284481958,13.859304284481958,18424200
2023-07-05,13.96357536315918,14.102602741495257,13.902751092304282,13.97226478147232,32988100
2023-07-06,13.789791107177734,13.928819313849027,13.763723680969353,13.911440477264414,33325300
2023-07-07,13.805712699890137,13.929531057373135,13.73495959374087,13.743803942870416,28998300
2023-07-10,13.505009651184082,13.752645471927123,13.460788758047693,13.726113273422643,45305500
2023-07-11,13.469634056091309,13.575764551132702,13.363504404493412,13.522699303612006,39688000
2023-07-12,13.372347831726074,13.505010519666534,13.354659979400076,13.47847747601238,46478300
2023-07-13,13.372347831726074,13.416568727706228,13.275062535324487,13.39003652749551,40508200
2023-07-14,12.824010848999023,13.098179727920321,12.638283761586129,13.089335380080794,101745400
2023-07-17,11.9661283493042,12.567530499333108,11.921907454135589,12.48793305671829,160933400
2023-07-18,11.895376205444336,12.372960055872532,11.877688352028805,11.96612930599344,132538700
2023-07-19,12.903607368469238,12.947828261056193,12.620595005422121,12.664815054565704,142144700
2023-07-20,12.965517044067383,12.965517044067383,12.779789956605644,12.90360829606128,76867900
2023-07-21,13.05395793914795,13.071645790173548,12.91245175716966,12.92129526096077,49225400
2023-07-24,13.221996307373047,13.345814638213241,13.071645778296876,13.071645778296876,49475700
2023-07-25,13.089333534240723,13.363501531055787,13.01858044838888,13.336969334722175,59669800
2023-07-26,13.168932914733887,13.239686011052067,12.850543137858633,13.186620767091712,63191500
2023-07-27,12.832855224609375,13.195465052380342,12.824010876750709,13.168932852247778,65496000
2023-07-28,12.779788970947266,12.974360391244273,12.770944623787544,12.903607300853247,51420600
2023-07-31,12.84170150756836,12.903610265021108,12.744415353349968,12.788636255863459,47585600
2023-08-01,12.647128105163574,12.885919592646292,12.611751557260822,12.877076088253178,46296400
2023-08-02,12.6913480758667,12.877075149679888,12.567529745510116,12.638282836158629,41739100
2023-08-03,12.461400985717773,12.611751524778086,12.408335742278604,12.594062829150552,40781600
2023-08-04,12.381804466247559,12.479089769128416,12.381804466247559,12.426025365172855,38965000
2023-08-07,12.390647888183594,12.461400983795954,12.284518244765051,12.390647888183594,38109900
2023-08-08,12.540998458862305,12.558686311088307,12.32873832804625,12.32873832804625,39075100
2023-08-09,12.62059497833252,12.69134806894243,12.514464498974283,12.532153193348446,33951700
2023-08-10,12.53215503692627,12.691349935939066,12.53215503692627,12.638284688453634,33556400
2023-08-11,12.709037780761719,12.735569982764503,12.487934129370366,12.51446633137315,31237100
2023-08-14,12.6117525100708,12.709037813292355,12.540999408919944,12.65597340915096,26901400
2023-08-15,12.505622863769531,12.567531616442512,12.470246313178755,12.558687267933944,26393600
2023-08-16,12.470246315002441,12.549842921260703,12.390648865300685,12.514466370664755,29440300
2023-08-17,12.390647888183594,12.523309731595912,12.372959192558788,12.496777531602135,36036700
2023-08-18,12.426023483276367,12.50562092059833,12.337581698820104,12.355270393088704,32213600
2023-08-21,12.470246315002441,12.50562286559839,12.311051415598927,12.399493213810546,47841400
2023-08-22,12.6117525100708,12.664816914212196,12.408336711679468,12.461401959264357,43191500
2023-08-23,12.523309707641602,12.69134894198211,12.50562185549406,12.611751498709598,29371100
2023-08-24,12.51446533203125,12.62943932278673,12.417180036827425,12.417180036827425,29780100
2023-08-25,12.47908878326416,12.567530574127737,12.426024383500755,12.532154026470993,22107700
2023-08-28,12.567530632019043,12.620595875470316,12.479088840748066,12.540998432015122,30173700
2023-08-29,13.062804222106934,13.098180772843815,12.77979097276838,12.77979097276838,45429000
2023-08-30,13.027425765991211,13.257373748758399,13.000893565962206,13.160088453023095,26065300
2023-08-31,13.080490112304688,13.160087550375561,13.000892674233814,13.0893344595222,45406200
2023-09-01,12.956673622131348,13.142400722865458,12.947830117100956,13.098180667383021,20292900
2023-09-05,12.80632209777832,13.045114427749288,12.79747859342058,12.956672636624464,28402900
2023-09-06,12.921297073364258,13.04511542168431,12.664816871692611,12.762103018031041,43010100
2023-09-07,12.921297073364258,13.053959770159347,12.868232669401017,12.912453568332714,30699100
2023-09-08,12.73556900024414,12.921296086822192,12.700192452488483,12.921296086822192,28281300
2023-09-11,12.84170150756836,12.903610265021108,12.770947557480637,12.797480605054869,28625000
2023-09-12,12.78863525390625,12.885920557059022,12.717882152805418,12.850544006508606,27383300
2023-09-13,12.93014144897461,12.983206696492708,12.797479595344608,12.868232696406409,30916600
2023-09-14,13.319283485412598,13.407724434288747,13.151244248694065,13.177776449012566,55155000
2023-09-15,13.469634056091309,13.531543652106038,13.230842550856915,13.266219101389547,80594200
2023-09-18,13.345816612243652,13.460790612863635,13.283907859388083,13.416569713633871,29972500
2023-09-19,13.451946258544922,13.48732280922482,13.310440055825325,13.319284404356175,33190500
2023-09-20,13.752647399902344,13.911841456689924,13.505011544443386,13.513855049555723,45303600
2023-09-21,13.540387153625488,13.743802095603295,13.522698457743884,13.628828102703189,33709200
2023-09-22,13.372347831726074,13.584607120298685,13.310439083419922,13.558074920087968,33964400
2023-09-25,13.319283485412598,13.363503538128953,13.13355639629621,13.31043913749195,30428700
2023-09-26,13.283905982971191,13.336970379796501,12.974360575531161,13.089334559910505,35412000
2023-09-27,13.151244163513184,13.275062503269949,13.089335415356517,13.275062503269949,27561600
2023-09-28,13.275062561035156,13.283906908937004,13.160088568641456,13.168932916543303,27817600
2023-09-29,13.283905982971191,13.354659074367191,13.186619849719158,13.301593834098501,29640900
2023-10-02,12.97436237335205,13.3458165763741,12.96551802484117,13.301595677263188,36600200
2023-10-03,13.071646690368652,13.107023238299474,12.894763950714541,12.974361394419748,36830800
2023-10-04,12.956673622131348,13.027426723035438,12.779790869871121,12.965517970605232,37089000
2023-10-05,13.11586856842041,13.1600894675066,12.938985815519144,12.938985815519144,32171500
2023-10-06,13.023934364318848,13.078013363435405,12.726502018069118,12.996895294538836,53313500
2023-10-09,13.276300430297852,13.294327049053175,13.032947093996423,13.041960403374086,30659800
2023-10-10,13.483601570129395,13.501627328421735,13.240247386509429,13.240247386509429,35746800
2023-10-11,13.31235408782959,13.564720741471158,13.231236019984243,13.474589363963766,31793500
2023-10-12,13.023934364318848,13.222222881670845,12.87071153630456,13.195183811890832,38543700
2023-10-13,12.942815780639648,13.186169977650277,12.906763402514722,13.050972915014428,34104500
2023-10-16,12.987881660461426,13.06899972733253,12.825645526719214,12.978868350907634,31727900
2023-10-17,13.141104698181152,13.150118007881403,12.87972473376957,12.906763803313796,34771800
2023-10-18,12.906764030456543,13.096039239710178,12.897751580154209,13.041961099670019,36230900
2023-10-19,13.753995895385742,14.114519684960047,13.663864518213908,13.853139722629548,97636500
2023-10-20,13.862152099609375,14.339846303545086,13.690902666415893,13.690902666415893,68058400
2023-10-23,13.474588394165039,13.862152086173797,13.393470332157955,13.853138777160463,53938600
2023-10-24,13.997349739074707,14.033402119321552,13.681891626803955,13.681891626803955,66404200
2023-10-25,13.690903663635254,14.051428314769828,13.582746526161838,13.970310246775636,42605800
2023-10-26,13.627812385559082,13.781035213786568,13.501628627149232,13.672878074959495,41165100
2023-10-27,13.35741901397705,13.681891287713514,13.285314255270398,13.609786529006861,35849200
2023-10-30,13.753995895385742,13.862153032258034,13.438536934840839,13.474589313798269,41832200
2023-10-31,13.880178451538086,13.916230829611308,13.744982248652626,13.77202131731842,33688400
2023-11-01,14.042413711547852,14.15057083905817,13.907217517049064,13.961295651026003,41502800
2023-11-02,14.177611351013184,14.222677040291305,14.024389382758015,14.078467522246537,35788800
2023-11-03,14.3128080368042,14.457018410556172,14.267742348728989,14.330833796300379,42807500
2023-11-06,14.195637702941895,14.330833908671117,14.096493876044232,14.267742460605016,32805500
2023-11-07,14.276754379272461,14.384911505229805,14.15958394459623,14.15958394459623,26425500
2023-11-08,14.10550594329834,14.276755382768375,14.042414496944374,14.276755382768375,28224500
2023-11-09,14.087479591369629,14.195636720378115,14.015374838697303,14.132545276678945,26080800
2023-11-10,14.096494674682617,14.186625197089615,13.934258530970835,14.13254705555673,23755800
2023-11-13,14.042413711547852,14.186623214894944,13.97932226872261,14.069452778536322,23876000
2023-11-14,14.087479591369629,14.195636720378115,13.988335771334295,14.150571035068799,31504200
2023-11-15,14.204648971557617,14.240701345209027,14.096491850603389,14.105504299348949,25233500
2023-11-16,14.3128080368042,14.35787372487941,14.195637591631256,14.3128080368042,26214200
2023-11-17,14.330833435058594,14.384912431296963,14.276755298376711,14.339846744357736,27162600
2023-11-20,14.511096954345703,14.574188403681191,14.285769367225779,14.330834197004538,30868000
2023-11-21,14.592215538024902,14.646293679489805,14.438992704613407,14.484057535981973,25680000
2023-11-22,14.574186325073242,14.673330999381921,14.511094884736018,14.646291073903331,21301600
2023-11-24,14.610238075256348,14.70938275116193,14.601226485731152,14.610238075256348,12431000
2023-11-27,14.610238075256348,14.66431792708458,14.502081809825569,14.592213177093113,29976200
2023-11-28,14.583202362060547,14.601228982419025,14.448006147598232,14.574189051881307,24258400
2023-11-29,14.691357612609863,14.718397541245618,14.556161407657113,14.592214645838121,26623500
2023-11-30,14.934710502624512,14.961750428887791,14.68234473395203,14.68234473395203,50630000
2023-12-01,15.10595989227295,15.114973201004428,14.889645640056047,14.961750390795014,35407200
2023-12-04,15.015830993652344,15.114975686891597,14.916686300413092,14.961752851482363,40542500
2023-12-05,15.520563125610352,15.628721120657644,15.28622223560206,15.304248854628776,72091000
2023-12-06,15.26819896697998,15.574644646723536,15.196094202282273,15.47549995059674,45867500
2023-12-07,15.40339469909668,15.439446220749579,15.232145243684272,15.34030324686925,31309100
2023-12-08,15.250168800354004,15.421418221362915,15.151024127278404,15.403391604601389,42137200
2023-12-11,14.979780197143555,15.26819926149788,14.898662120404746,15.241159329547202,43835000
2023-12-12,14.79050064086914,14.943723447740155,14.727409200236279,14.92569683066996,41348800
2023-12-13,14.826554298400879,14.871619123250428,14.511095367115416,14.71839631200394,53889700
2023-12-14,15.006815910339355,15.15102541849596,14.88063302048056,14.88063302048056,54485000
2023-12-15,14.889647483825684,15.015830383465758,14.826556034005646,14.889647483825684,65906500
2023-12-18,14.835566520690918,15.09694732948001,14.790501693919738,14.961751130053525,34621800
2023-12-19,14.970766067504883,14.979779377662028,14.790503302588244,14.808529922902533,28077400
2023-12-20,14.781489372253418,14.970765439385866,14.781489372253418,14.93471220026995,33476300
2023-12-21,14.862607955932617,14.880634576114947,14.736425052882554,14.844581335750288,36327900
2023-12-22,14.916685104370117,15.07892123698486,14.871620276027357,14.871620276027357,26740400
2023-12-26,14.934710502624512,14.970763737642217,14.817540927042698,14.871619060456391,22750400
2023-12-27,14.943723678588867,14.979776913286205,14.826554104048224,14.86260561963271,27728700
2023-12-28,15.087935447692871,15.205106758963609,14.898661094412136,14.907674404441662,32112900
2023-12-29,15.123988151550293,15.169052980986926,14.970765324707473,14.988790225014297,33285400
2024-01-02,15.547602653503418,15.664772235931709,15.169052259262294,15.178065568543389,47624300
2024-01-03,15.52957534790039,15.664771542909682,15.520562039018053,15.610693408728544,33612400
2024-01-04,15.457470893859863,15.592667091474734,15.457470893859863,15.556615574363466,35703700
2024-01-05,15.745891571044922,15.790958121087272,15.412407696297059,15.466485837234774,33311400
2024-01-08,15.610694885253906,15.763917712520335,15.538590126488119,15.727866192693968,41215100
2024-01-09,15.526422500610352,15.55390177499978,15.416500161583715,15.544741434484536,30338400
2024-01-10,15.453141212463379,15.480620486299456,15.352379215981042,15.480620486299456,26893800
2024-01-11,14.86689281463623,15.389020023899194,14.793611833461718,15.389020023899194,59137500
2024-01-12,15.095894813537598,15.224137830038302,14.95849320393194,14.967653544193151,32658900
2024-01-16,15.059256553649902,15.205818516694382,14.967654889957998,15.040935871480238,39033400
2024-01-17,15.031773567199707,15.233295803277343,14.976813275025114,15.004292547534318,39261000
2024-01-18,15.022613525390625,15.040934205531073,14.8302516253846,14.921853278930612,35127800
2024-01-19,15.269936561584473,15.370698549233929,15.022612635802787,15.260776222056695,52563000
2024-01-22,15.389020919799805,15.48062258838981,15.242458948918397,15.315739934359101,44093400
2024-01-23,15.74626636505127,15.80122666424485,15.553902697139131,15.60886474348912,59713000
2024-01-24,15.279098510742188,15.608863779858043,15.077574514213032,15.169176171984802,79217000
2024-01-25,15.737105369567871,15.746265710245272,15.288259159313291,15.361540137576155,54457900
2024-01-26,15.83786678314209,15.920306351872005,15.682144491707763,15.709623765565645,38567300
2024-01-29,15.801225662231445,15.828706683663768,15.618022346995229,15.773744640799123,38264800
2024-01-30,16.057710647583008,16.112670945664814,15.737105705652455,15.80122634460729,54946400
2024-01-31,16.20427131652832,16.32335224407987,16.030228348116452,16.039388688259837,52968100
2024-02-01,16.52487564086914,16.634796224339073,16.32335165924731,16.570675592788916,71660400
2024-02-02,16.3325138092041,16.469915427347903,16.26839317054742,16.424115470352092,33248500
2024-02-05,16.24091148376465,16.369154502988938,16.1035098712409,16.222590802853137,31496900
2024-02-06,16.130990982055664,16.27755293584787,16.07602893901636,16.176790937432113,25734200
2024-02-07,15.874505996704102,16.140150618334545,15.847024976383501,16.12182993812081,33871800
2024-02-08,15.407341957092285,15.847027879842841,15.334060969967192,15.847027879842841,66974900
2024-02-09,15.425661087036133,15.462300703330172,15.17833712521497,15.37986112987949,44427100
2024-02-12,15.590543746948242,15.627183363286225,15.35238012570405,15.425661105536388,31151200
2024-02-13,15.480620384216309,15.755425350858838,15.343218774473174,15.590542720304573,29734600
2024-02-14,15.48978042602539,15.654663053402652,15.425659792524506,15.544740719432403,26468100
2024-02-15,15.654664993286133,15.773745934950217,15.517263369164054,15.517263369164054,25926700
2024-02-16,15.544740676879883,15.636342330411635,15.352378776903803,15.52642174389851,28848800
2024-02-20,15.48978042602539,15.691302666621919,15.453140812806124,15.46229940574377,29103900
2024-02-21,15.572223663330078,15.581384004555517,15.425661698035958,15.498942680683019,22644500
2024-02-22,15.196656227111816,15.3615388511849,15.040933942949035,15.3615388511849,59974500
2024-02-23,15.389020919799805,15.443982969247713,15.1508590274849,15.233298607343746,32270900
2024-02-26,15.205814361572266,15.4164969074833,15.13253340007469,15.389015891738234,26815900
2024-02-27,15.416500091552734,15.434820772500002,15.15085720644256,15.214977842601696,28350800
2024-02-28,15.535581588745117,15.60886431520098,15.398179970953098,15.40734031176008,33531100
2024-02-29,15.508103370666504,15.68214636355095,15.489782687803618,15.590544696393005,46155200
2024-03-01,15.553900718688965,15.618021350784755,15.398178434817964,15.453140474176804,27552700
2024-03-04,15.389020919799805,15.563063915405166,15.30657959278445,15.453143310822364,32690500
2024-03-05,15.72794246673584,15.901985416941365,15.572220194900591,15.599701212456008,43337900
2024-03-06,15.737105369567871,15.773744985121136,15.590543413042145,15.663824391305008,35356700
2024-03-07,15.618021011352539,15.847024262235456,15.58138139973247,15.746264019913154,27325100
2024-03-08,15.755426406860352,15.865347003159743,15.553902401717508,15.627183381635895,30812900
2024-03-11,15.874505996704102,15.975267990723404,15.773744002684799,15.773744002684799,29541600
2024-03-12,15.755426406860352,15.883667684928433,15.727945384207317,15.847026321391052,38700600
2024-03-13,15.74626636505127,15.966109308981995,15.691304318701281,15.819547346361512,32339800
2024-03-14,15.581382751464844,15.727944704972113,15.416500116980089,15.70962402399463,37237700
2024-03-15,15.618021011352539,15.700462321442881,15.471459070559963,15.471459070559963,93104700
2024-03-18,15.847025871276855,15.865346552525171,15.508102003964655,15.663824300262682,35177000
2024-03-19,15.72794246673584,15.865344060200812,15.718782127550702,15.847023381830533,26144600
2024-03-20,15.764581680297852,15.856183322692056,15.645500768194593,15.682142124014678,28961700
2024-03-21,15.718783378601074,15.819545370501142,15.62718172661521,15.74626439834369,34446700
2024-03-22,15.553900718688965,15.755424702025664,15.553900718688965,15.746264362132523,26169900
2024-03-25,15.682145118713379,15.691303712261337,15.544741755305203,15.608864140235312,30944600
2024-03-26,15.737105369567871,15.828707029185535,15.618022687918009,15.691303666180872,33048600
2024-03-27,16.076025009155273,16.112666362224324,15.837863202829963,15.837863202829963,37488400
2024-03-28,16.121829986572266,16.213431640759996,16.04854901265333,16.076028285900282,33461500
2024-04-01,16.030227661132812,16.066869020136075,15.709622758478925,15.746264117482186,31980100
2024-04-02,16.04854965209961,16.21343228677594,16.011908290102067,16.011908290102067,40169500
2024-04-03,16.130990982055664,16.22259089280856,16.021068643133358,16.112670301042563,38155900
2024-04-04,16.094350814819336,16.378314402977683,16.085190473632753,16.140152520752252,31850300
2024-04-05,15.956948280334473,16.066870621141458,15.828707005356604,16.048549939814237,37769000
2024-04-08,15.801225662231445,15.993587570788804,15.773744640799123,15.93862727508046,27372200
2024-04-09,15.734192848205566,15.901776255205544,15.65040114470558,15.827294938291628,32785000
2024-04-10,15.575918197631836,15.63178051130178,15.37109504149882,15.613159740078466,39046800
2024-04-11,15.28730583190918,15.547991344089796,15.28730583190918,15.520060182714268,40831200
2024-04-12,15.184891700744629,15.324543940911248,15.129031159832898,15.277993786113901,41785200
2024-04-15,15.119721412658691,15.399027680569635,15.017308936847213,15.324544588506994,40249900
2024-04-16,14.98006820678711,15.110410057996157,14.840415081779497,15.101099672084862,56368800
2024-04-17,15.008000373840332,15.129031847277703,14.952138054615705,14.998689987302894,27177500
2024-04-18,15.203513145446777,15.222133918499171,14.980069196142022,14.998689969194416,29566500
2024-04-19,15.371095657348633,15.380406043333315,15.13834133505524,15.203512261173461,45820400
2024-04-22,15.184891700744629,15.57591903867591,15.054549846692396,15.538679269992947,54178100
2024-04-23,15.361786842346191,15.389718003156634,15.166274043997294,15.250063974879154,47805000
2024-04-24,15.650400161743164,15.85522510222289,15.250062442559578,15.734191859980406,74197800
2024-04-25,15.43626594543457,15.827293261755992,15.361784636410228,15.547988796858325,46680400
2024-04-26,15.5945405960083,15.715572070039453,15.259373782114857,15.333855099005103,37852700
2024-04-29,15.845914840698242,16.08797955131018,15.817983682474898,15.817983682474898,42383300
2024-04-30,15.72488021850586,15.80867191005318,15.64108852695854,15.7435009890218,31822800
2024-05-01,15.752811431884766,15.920394815592225,15.622469589345375,15.669019740031038,39350700
2024-05-02,15.659712791442871,15.817985824593148,15.575921081200088,15.817985824593148,32205000
2024-05-03,15.687642097473145,15.7528130253351,15.575919238442221,15.659710938771763,24023200
2024-05-06,15.817983627319336,15.864535557529255,15.74350231475803,15.780743858925966,24182300
2024-05-07,15.901774406433105,16.022805866431355,15.827293098178536,15.883153635425847,28086800
2024-05-08,15.929706573486328,16.013498272560067,15.827294102224073,15.855225260506845,25292100
2024-05-09,15.994876861572266,16.004187247294688,15.864535013007373,15.920395551567399,22547700
2024-05-10,15.985566139221191,16.032116291078527,15.939015987363854,16.013497295800274,19229600
2024-05-13,16.06936264038086,16.143843971098587,15.96695014472836,15.994881309663132,28014800
2024-05-14,16.106597900390625,16.14383944319175,16.032116590562875,16.08797890476456,23545300
2024-05-15,16.134531021118164,16.2369435005107,15.994878770166796,16.15315179478494,30877900
2024-05-16,16.106597900390625,16.171770600292593,15.966945666435405,16.115908286090907,24686200
2024-05-17,16.19969940185547,16.209009787222545,16.069357558265274,16.19969940185547,25891200
2024-05-20,16.311424255371094,16.34866402564221,16.16246162273731,16.181080619985543,28266600
2024-05-21,16.078670501708984,16.31142484559322,15.957637248455338,16.302114458744885,31173300
2024-05-22,16.292802810668945,16.302113196796565,15.994877557683504,16.00418794381112,30647500
2024-05-23,16.26487159729004,16.302113141674585,16.12521935739714,16.199700670391657,32477700
2024-05-24,16.292802810668945,16.39521528229816,16.218321497422586,16.28349242454133,24996000
2024-05-28,16.078670501708984,16.31142484559322,16.013499569545353,16.255562524503205,25458300
2024-05-29,15.93901538848877,16.115907379519875,15.929705003312225,16.06004684423502,23503800
2024-05-30,16.404523849487305,16.42314284390348,15.976255013976372,15.985565399071652,33262600
2024-05-31,16.963136672973633,17.009688609218568,16.264873611272787,16.320735934766706,67619500
2024-06-03,16.767620086669922,17.065545308350828,16.721068160923284,16.879341156913064,38332700
2024-06-04,17.08416748046875,17.09347786638203,16.66520899324388,16.730379918862297,30089100
2024-06-05,17.03761863708496,17.056239412284473,16.90727676223809,17.04692902468472,28101800
2024-06-06,17.018997192382812,17.177270207288394,16.96313487481053,17.02830757864486,22319200
2024-06-07,16.85141372680664,16.963134809974974,16.730380481637244,16.963134809974974,36626700
2024-06-10,16.62796974182129,16.795553141916287,16.52555726936888,16.758311597106466,32414600
2024-06-11,16.62796974182129,16.711761441868788,16.506936496963966,16.609348969416377,29957000
2024-06-12,16.39521598815918,16.79555373000952,16.357974442045354,16.74900179736724,35652200
2024-06-13,16.45107650756836,16.46038689408324,16.218322172020294,16.33935364516444,30692000
2024-06-14,16.423147201538086,16.525559688985386,16.283494939603038,16.37659703948469,22652300
2024-06-17,16.45107650756836,16.479007667113002,16.283493101849807,16.34866403167932,27451600
2024-06-18,16.804861068725586,16.94451508030672,16.62796906539866,16.646588061271558,33711100
2024-06-20,16.86072540283203,16.907275561750698,16.66521082866922,16.702452376423942,32100600
2024-06-21,17.130720138549805,17.17727207492149,16.823484461595875,16.916586558564447,72558200
2024-06-24,17.36347198486328,17.41002391451036,17.130717663951508,17.149338435810343,42162200
2024-06-25,17.400711059570312,17.437950822229432,17.251748457385247,17.354159136528548,32354000
2024-06-26,17.465885162353516,17.512435318113127,17.326232919300065,17.354162302445985,32029700
2024-06-27,17.456575393676758,17.49381694022178,17.326233532318536,17.484506553585526,28916300
2024-06-28,17.7917423248291,17.810361322447644,17.484506666939534,17.503125664558077,52825200
2024-07-01,17.67070770263672,17.987253722664946,17.531055464571217,17.912772410645044,36095700
2024-07-02,17.521745681762695,17.689329083519983,17.391403825184636,17.67070831093037,31606900
2024-07-03,17.39140510559082,17.614849065792928,17.372784331630292,17.577607517871872,19463000
2024-07-05,17.475194931030273,17.50312431318908,17.363472075071392,17.410024004960324,30727800
2024-07-08,17.512434005737305,17.596225700444975,17.40071292997673,17.54036516256469,23277400
2024-07-09,17.503124237060547,17.6707076323827,17.410023929236722,17.52174500893513,27803600
2024-07-10,17.709135055541992,17.718585183931413,17.444536867921315,17.54848647777724,33408200
2024-07-11,17.822534561157227,17.831984689423297,17.595736890054525,17.671336113755423,23623400
2024-07-12,17.77528190612793,17.81308241490993,17.567384515109328,17.690232563795895,37919400
2024-07-15,17.55793571472168,17.8319840168179,17.510686877601174,17.813083760998655,33910900
2024-07-16,17.81308364868164,17.822533776531678,17.548485476163417,17.576835859713523,23923600
2024-07-17,18.106027603149414,18.134377982316582,17.813080894797928,17.860329724315896,40611500
2024-07-18,18.09657859802246,18.26667727871014,17.94538017128395,18.04932976557696,34793900
2024-07-19,18.0682315826416,18.181629511292034,17.935931595979326,18.0682315826416,29910300
2024-07-22,17.529584884643555,17.737484088506367,17.302787227870308,17.671334997250945,44083600
2024-07-23,17.208288192749023,17.586286099444848,17.142139099805533,17.548485587804226,70161800
2024-07-24,18.106027603149414,18.172176685445496,17.728031559723735,17.87922997709401,64465000
2024-07-25,18.134380340576172,18.654124742572485,18.04933099444186,18.096579830104236,54049700
2024-07-26,17.96428108215332,18.238327564727953,17.85088135673891,18.106029387100715,30844200
2024-07-29,17.860332489013672,17.97373222080879,17.784733268626123,17.954831965105004,30788300
2024-07-30,17.935930252075195,17.983180887495458,17.803632077753342,17.90758167325048,27855000
2024-07-31,18.19108009338379,18.25722918715313,17.841432566053193,17.86033282210947,39522000
2024-08-01,18.398977279663086,18.550175721425013,18.077680140312093,18.247778837901162,44379300
2024-08-02,18.304481506347656,18.890375078414696,18.134382791093422,18.559627776801218,45240100
2024-08-05,17.869781494140625,18.068230561707,17.614633465452776,17.765831896728358,50898400
2024-08-06,18.134380340576172,18.23832813951891,17.822533338892878,17.850881919319285,33776000
2024-08-07,18.19108009338379,18.446228142860633,18.049331777816974,18.143831255670726,30036700
2024-08-08,18.332828521728516,18.408427743991055,18.15327969294462,18.20053033337598,25588100
2024-08-09,18.417877197265625,18.521826799978374,18.209979794267692,18.323377722292904,22819600
2024-08-12,18.361177444458008,18.484025494945705,18.23832759154282,18.46512704270509,22979900
2024-08-13,18.44622802734375,18.484026736791968,18.295029584695655,18.351728550081788,21508000
2024-08-14,18.5501766204834,18.578527005598147,18.351729331963217,18.408428299765028,19158600
2024-08-15,18.03988265991211,18.50292814465283,17.92648291965239,18.474577758980967,42608100
2024-08-16,18.2761287689209,18.29502902427986,18.03043085653709,18.068231367255013,24724400
2024-08-19,18.417877197265625,18.436777452745684,18.276128886020324,18.285579013760355,20506700
2024-08-20,18.417877197265625,18.50292654449832,18.323377722292904,18.38952681404554,20260900
2024-08-21,18.46512794494629,18.51237678149773,18.351728213824227,18.446227689354682,20055500
2024-08-22,18.436777114868164,18.50292620540853,18.332827514060423,18.484025950274845,17596700
2024-08-23,18.64467430114746,18.67302468352425,18.43677690433355,18.465127286710338,21519300
2024-08-26,18.673023223876953,18.843121899986254,18.61632426598298,18.673023223876953,22599700
2024-08-27,18.569074630737305,18.710822934306947,18.521825797023247,18.654123973364584,20321900
2024-08-28,18.729726791381836,18.814776150368157,18.58797846054724,18.597428589593257,20435500
2024-08-29,18.673023223876953,18.758072561931606,18.54072505464855,18.71082192833048,20775600
2024-08-30,18.80532455444336,18.814774682752233,18.61632739554892,18.673026362974486,29362700
2024-09-03,19.306167602539062,19.325067856280867,18.82422194668748,18.833672073558382,50352600
2024-09-04,19.438465118408203,19.721963507693435,19.13606827844583,19.36286590841761,57532400
2024-09-05,19.514066696166992,19.68416538989184,19.39121864093658,19.570765659932754,44199100
2024-09-06,19.816465377807617,19.84481576348658,19.51406847360959,19.51406847360959,53079500
2024-09-09,20.31730842590332,20.411807895346502,19.77866379323288,19.80701237236661,58958400
2024-09-10,20.515756607055664,20.657506718773522,20.15666077002503,20.270060498913807,60944500
2024-09-11,20.27005958557129,20.430708142842374,20.07161051956467,20.430708142842374,37328500
2024-09-12,20.402359008789062,20.449607845170036,20.005462654935133,20.15666109426734,34564800
2024-09-13,20.449607849121094,20.477958232411698,20.26061070113311,20.383458757203922,31451300
2024-09-16,21.044954299926758,21.111103395045923,20.591358959885902,20.638607798563118,53733400
2024-09-17,20.581907272338867,20.88430414278925,20.51575637980376,20.855953760274208,29304400
2024-09-18,20.534658432006836,20.789806489690225,20.449609079445707,20.638608041232146,27825600
2024-09-19,20.18501091003418,20.50630803518847,20.014912219961023,20.459057397708413,40942200
2024-09-20,20.35511016845703,20.430709388108458,20.062161615183623,20.128310707075176,94156500
2024-09-23,20.307861328125,20.411810940261848,20.185013261222327,20.3551119711089,25550300
2024-09-24,20.402359008789062,20.468508100693455,20.13776083874392,20.20390993064831,25905500
2024-09-25,20.374008178710938,20.54410686983637,20.336209470920583,20.43070894403777,28334800
2024-09-26,20.45905876159668,20.563008368555007,20.251161350107672,20.30786031643601,25497500
2024-09-27,20.6953067779541,20.733107290860822,20.487409364250126,20.525208074729186,23577700
2024-09-30,20.789806365966797,20.85595546147008,20.4779593425744,20.789806365966797,26260200
2024-10-01,20.91265296936035,20.931553224593145,20.63860647819501,20.72365582431504,32705500
2024-10-02,20.96935272216797,21.01660155554013,20.789803910984325,20.837052744356487,29820100
2024-10-03,20.837053298950195,21.007151987501217,20.76145408208613,20.91265251581426,28894700
2024-10-04,20.704755783081055,20.77090487465199,20.298409303513807,20.50630850836825,24539300
2024-10-07,20.581907272338867,20.704755325049014,20.477957672211225,20.704755325049014,23116300
2024-10-08,20.657506942749023,20.770904870439754,20.525206957206418,20.71420590659439,22716400
2024-10-09,20.723657608032227,20.789806704613017,20.59135941487064,20.66695863988122,25365400
2024-10-10,20.310176849365234,20.750454973638977,20.300605387362577,20.67388510318742,28738500
2024-10-11,20.453746795654297,20.530316665513695,20.31017669229444,20.38674656215384,25249800
2024-10-14,20.34846305847168,20.49203133991984,20.34846305847168,20.444175854627037,33512200
2024-10-15,20.587743759155273,20.683456553558322,20.319748299940677,20.47288804075767,35942600
2024-10-16,20.77916717529297,20.82702448447993,20.55902902974198,20.59731487709155,23926900
2024-10-17,20.798311233520508,20.83659708295858,20.606887463039484,20.635600024548257,25471200
2024-10-18,20.913166046142578,21.114161270235986,20.70259753453649,20.798310328396557,27277400
2024-10-21,20.731311798095703,21.028019814299245,20.721740336209177,20.941878482890203,29366200
2024-10-22,20.57817268371582,20.69302840427097,20.147466013596198,20.338891605998196,47781900
2024-10-23,21.525724411010742,21.61186574054707,20.14746496399913,20.32931908475023,71932600
2024-10-24,21.248159408569336,21.516153034345997,21.114160770111347,21.439583166185574,38783100
2024-10-25,20.894023895263672,21.449155929506393,20.874880970669498,21.343871669808195,26050400
2024-10-28,21.162019729614258,21.20030375389631,20.88445279489773,20.980165593957558,27923800
2024-10-29,21.229019165039062,21.401301846541003,20.980166605710693,21.04716502061258,32711100
2024-10-30,21.075878143310547,21.305587762990662,20.9610224206856,21.181160578016154,36264900
2024-10-31,21.57358169555664,21.631008639994164,21.085448103913553,21.11416066334749,59566700
2024-11-01,21.171592712402344,21.755437360010383,21.12373539665091,21.56401357371444,37170000
2024-11-04,20.980165481567383,21.29601643887396,20.85574012135501,21.19073217791517,24318500
2024-11-05,21.104591369628906,21.219447095872052,20.894024668014616,20.961023081002352,26461800
2024-11-06,21.363014221191406,21.430012630530793,21.02802034892473,21.16201899317324,32259200
2024-11-07,21.095020294189453,21.430012336286797,21.018448598201818,21.430012336286797,31471800
2024-11-08,21.382158279418945,21.468299617586446,21.104591339641473,21.104591339641473,29901600
2024-11-11,21.353445053100586,21.516156275649344,21.29601809972159,21.324732489196055,23465000
2024-11-12,21.20030403137207,21.334302682037563,20.855740506044654,21.25773098133167,39579500
2024-11-13,21.343870162963867,21.430011491986445,21.114160560760205,21.2194448130255,29345600
2024-11-14,21.296018600463867,21.4970138548014,21.26730421031423,21.343874091809955,20825100
2024-11-15,21.707578659057617,21.77457706562995,21.24815944921621,21.286443470584828,40207300
2024-11-18,22.004287719726562,22.20528477459686,21.80329249042601,21.812863952616954,35656400
2024-11-19,21.755435943603516,21.937290080479325,21.707580456537688,21.899004230370814,24727700
2024-11-20,21.85114860534668,21.918147017043765,21.765007268716197,21.822434217946583,20423100
2024-11-21,21.994714736938477,22.15742593179602,21.75543367541677,21.822432080551707,23080900
2024-11-22,22.186140060424805,22.29142431046198,21.956430463082455,22.06171288755003,35732900
2024-11-25,22.109573364257812,22.320140068949268,21.96600507353319,22.15742885264273,64729800
2024-11-26,22.10000228881836,22.119145214735795,21.889435580436253,21.956433995577385,30080300
2024-11-27,22.27228355407715,22.377565988785676,22.023431009691002,22.205285143198143,33206300
2024-11-29,22.16699981689453,22.31056810439028,22.023431529398778,22.272284079657332,19673900
2024-12-02,21.726722717285156,22.16699902665248,21.669293943878305,22.157427564418008,44160600
2024-12-03,22.722131729125977,22.999698665423765,22.377566380775566,22.40628076832804,63128700
2024-12-04,22.521137237548828,22.80827382028744,22.367997483345587,22.655134066084198,41534200
2024-12-05,22.808273315429688,22.8657002655923,22.56899222658734,22.597706614453564,40155600
2024-12-06,22.856128692626953,22.875271617778683,22.549849192478558,22.808273205317448,34218800
2024-12-09,22.367996215820312,22.961412273338347,22.33928182894566,22.875270938284153,38385900
2024-12-10,22.50199317932129,22.645561463464585,22.11914381308258,22.406280381369168,32851500
2024-12-11,22.47327995300293,22.53070873008225,22.14785751849961,22.425424464340036,38518100
2024-12-12,22.35842514038086,22.722131585903924,22.35842514038086,22.568991837728973,22015000
2024-12-13,22.616846084594727,22.655131932324544,22.262711120942416,22.367995376629715,33693900
2024-12-16,21.860719680786133,22.78912961678147,21.640581524658852,22.693416819378808,48018100
2024-12-17,21.85114860534668,21.994716891207553,21.698008857019108,21.822434217946583,39844700
2024-12-18,21.51615333557129,22.00428693651648,21.497010411870768,21.822432812500896,38897400
2024-12-19,21.602296829223633,21.707581094546647,21.449157075428268,21.544869877942837,43160800
2024-12-20,21.774578094482422,21.774578094482422,21.554439940894724,21.62143835063274,93984000
2024-12-23,21.860719680786133,21.88943406767786,21.621438600064366,21.69800847287254,24655600
2024-12-24,21.96600341796875,22.00428744067727,21.784149289786534,21.8607191607733,9605900
2024-12-26,21.975574493408203,22.157428633498053,21.899004617407716,21.946861930889174,16440500
2024-12-27,21.87986183166504,22.08085705609024,21.841575983829934,21.89900293001289,18547500
2024-12-30,21.640581130981445,21.803292335935055,21.477869926027836,21.803292335935055,25420000
2024-12-31,21.79372215270996,21.870292028618476,21.631010938208142,21.65015386357773,22342800
2025-01-02,21.85114860534668,22.176571026935218,21.822434217946583,21.85114860534668,27108200
2025-01-03,21.698007583618164,21.97557267658362,21.678864659808216,21.918145730723474,26874900
2025-01-06,21.631011962890625,21.793723185100237,21.564013546493126,21.784151721962033,34416000
2025-01-07,21.248159408569336,21.678864232383113,21.209873561704295,21.573581804643563,37143500
2025-01-08,21.229019165039062,21.296017579940955,20.731314046382323,21.181161850416363,35517800
2025-01-10,21.023530960083008,21.36277686486368,20.829675629139352,21.207691490863887,41572400
2025-01-13,20.897523880004883,21.013837445200554,20.74244035890492,20.96537268939344,37865600
2025-01-14,21.130151748657227,21.149537653353523,20.72305699374313,20.85875647787558,25627300
2025-01-15,21.236770629882812,21.4112400603232,21.207691775228923,21.304619442000412,50559900
2025-01-16,21.34339141845703,21.450010188888818,21.16892198662494,21.3240055151998,25639600
2025-01-17,21.60509490966797,21.682636671599056,21.304618964536257,21.411239580469537,33638000
2025-01-21,21.798948287963867,21.84741304440706,21.527551198106256,21.527551198106256,36777600
2025-01-22,21.634172439575195,21.789255967198272,21.343391287467302,21.69232830024848,31676400
2025-01-23,21.83772087097168,21.96372554472938,21.537244916545287,21.65355848741058,32125200
2025-01-24,22.021883010864258,22.08973367724687,21.847415414962416,21.857106518561164,44409200
2025-01-27,23.39824867248535,23.62118285842111,22.63252399511404,22.777914569425914,92445200
2025-01-28,23.65026092529297,23.82473036179274,23.185010327121272,23.3207079560693,55731400
2025-01-29,23.485485076904297,24.212439849518894,23.45640806919433,23.950735687679657,34420400
2025-01-30,23.281938552856445,23.485485001135892,23.049313248219256,23.42732913716199,45653000
2025-01-31,23.0008487701416,23.3982505682041,22.932999953215067,23.272245886589342,40341800
2025-02-03,23.50486946105957,23.679338891002153,22.94269121387873,22.96207711692601,59555800
2025-02-04,23.50486946105957,23.679338891002153,23.330400031116987,23.46609765496501,30540200
2025-02-05,23.718109130859375,23.824729750147895,23.5339485959411,23.708416179220283,29511700
2025-02-06,23.6987247467041,23.8053435157682,23.553332322881435,23.747187655484012,24522500
2025-02-07,23.785959243774414,23.97011977444552,23.5048691989478,23.69872452977591,26290100
2025-02-10,24.096126556396484,24.17366831982349,23.84411536307334,23.8538083145944,31913400
2025-02-11,24.377216339111328,24.4062951955635,24.03797040880234,24.134898081567993,35150300
2025-02-12,24.58076286315918,24.600146917320377,24.28997986584378,24.377214580164253,38970300
2025-02-13,24.842466354370117,24.94908697673057,24.580764047540477,24.68738282115939,35115100
2025-02-14,25.075092315673828,25.133248175688905,24.8133881724938,24.881236983968297,31687800
2025-02-18,25.268945693969727,25.375566310840274,24.920006837841715,24.920006837841715,52442500
2025-02-19,25.43372344970703,25.540344071939657,25.26894696477549,25.414337545893545,30551500
2025-02-20,25.34648895263672,25.472495479783234,25.142942507042193,25.39495371259367,32753900
2025-02-21,25.802047729492188,25.898973549206893,25.17201880889756,25.278639429073543,58421500
2025-02-24,25.918359756469727,26.29637563426452,25.782662128285242,25.802048031952037,54549600
2025-02-25,25.83112335205078,26.325452770827237,25.453107498938778,26.04436458097871,52497200
2025-02-26,25.753583908081055,26.00559511574144,25.617886276549147,25.743890956008553,39296500
2025-02-27,26.073442459106445,26.14129127104089,25.753582453743014,25.82143126567746,32943300
2025-02-28,26.567771911621094,26.645313675130815,26.170370142541085,26.170370142541085,62510800
2025-03-03,26.86824607849121,27.003945551514395,26.35453258728676,26.43207435098223,45078600
2025-03-04,25.414337158203125,27.11056489243511,25.317411338097365,26.945788410017197,89479700
2025-03-05,25.375566482543945,25.579112917501615,25.0363205755397,25.26894586495195,42010100
2025-03-06,25.908668518066406,25.966826232912954,25.259255492213182,25.41433903432067,32211600
2025-03-07,26.286684036254883,26.373916903629993,25.782661642857054,25.85051045567186,35341900
2025-03-10,26.4417667388916,26.616234316931276,25.860202599201717,26.276990263458494,57820800
2025-03-11,25.210790634155273,26.00559418834091,24.803695905335616,25.656655321140775,74574300
2025-03-12,24.92970085144043,25.06540032835054,24.125204336778136,24.84246613369162,62383200
2025-03-13,25.288333892822266,25.64696388418934,24.96847386191089,24.997552718808876,37698500
2025-03-14,25.763277053833008,25.831125870109023,24.958780513182987,25.00724342516826,37591300
2025-03-17,26.00559425354004,26.102521922309922,25.443415993164542,25.75358305423495,45570000
2025-03-18,25.792356491088867,26.150986484835716,25.743891729270626,25.976517039773302,30365600
2025-03-19,26.01528549194336,26.112213154329655,25.63726964225233,25.831123118283536,30145700
2025-03-20,25.966825485229492,26.10252311848088,25.86020485982249,26.0734442618949,27272300
2025-03-21,26.189756393432617,26.373916928750642,25.82143162531358,25.986208106052835,91268600
2025-03-24,26.1315975189209,26.383608704629008,26.01528580166572,26.034671704122054,26863300
2025-03-25,26.470844268798828,26.713162511076806,26.14129131140146,26.14129131140146,42339700
2025-03-26,26.800397872924805,26.98456025914776,26.51930966644489,26.56777257657337,42589400
2025-03-27,27.333499908447266,27.54673930733892,26.790705686055023,26.916712213973124,43000100
2025-03-28,27.31411361694336,27.63397363511498,27.197800042725703,27.478890101985805,35085300
2025-03-31,27.411041259765625,27.682436518097955,27.343190596441,27.39165535595859,50156500
2025-04-01,27.60489273071289,27.7308992474924,27.352881545895286,27.527350969902965,43986400
2025-04-02,27.275341033935547,27.71151461392574,27.149336360128096,27.53704518192966,41574800
2025-04-03,27.721208572387695,28.137996264240012,27.575817990024262,27.663052709190634,48912300
2025-04-04,25.82143211364746,27.55643167005196,25.71481334085263,27.13964398449148,61361000
2025-04-07,26.00559425354004,26.393303079878056,24.328752424164684,24.406294189432288,74875400
2025-04-08,25.579113006591797,26.354532489408154,25.23017599562883,26.189756011074557,55717100
2025-04-09,25.65665626525879,26.034674001549803,24.425680930516844,25.288333329792874,77738700
2025-04-10,25.850608825683594,26.213047142523763,25.37062425952939,25.703675079859075,51467900
2025-04-11,26.242435455322266,26.35018587581779,25.821224000723024,26.036726710078078,32057600
2025-04-14,26.644054412841797,26.790988158647846,26.03672589691579,26.08570318939649,27042800
2025-04-15,26.93792152404785,27.06526360371777,26.702827160405285,26.93792152404785,25721300
2025-04-16,26.46773338317871,27.212199818723104,26.389368593561613,27.173016489732575,27835900
2025-04-17,26.595073699951172,26.928124500802678,26.4579357943172,26.624461194742953,24870300
2025-04-21,25.791833877563477,26.722417315933807,25.625308479171853,26.604869206566384,46226000
2025-04-22,26.40895652770996,26.80078231653344,25.44898745549287,25.46857911860681,50906800
2025-04-23,26.634258270263672,26.761600350247754,25.586128529134953,25.997544133615413,43351000
2025-04-24,26.967308044433594,27.261175521263382,26.58527808251825,26.61466557754677,43640800
2025-04-25,26.26202392578125,26.957513049465337,26.085702686865176,26.89873805758404,37050300
2025-04-28,26.70282745361328,26.71262328575144,26.252228517077665,26.350184970095313,24156000
2025-04-29,26.74201011657715,26.87914990431557,26.497119907200567,26.546099070094296,25015800
2025-04-30,27.133834838867188,27.319950045175435,26.76160068952279,27.03587838544161,38877100
2025-05-01,27.07505989074707,27.212199673116153,26.71262344134381,26.93792197674194,37367600
2025-05-02,27.045673370361328,27.212198775458884,26.800783178651034,27.03587753848925,22928400
2025-05-05,26.947717666625977,27.12403890848082,26.604871015059775,26.99669495897946,21335300
2025-05-06,27.584430694580078,27.662795480197936,26.937920746141785,26.977104073132647,32491700
2025-05-07,27.525657653808594,27.81952513365311,27.378723913886336,27.466884531512466,28352900
2025-05-08,26.908533096313477,27.466884292542424,26.88894330129445,27.427700965776665,30141500
2025-05-09,27.270973205566406,27.447294450988032,26.859557589037276,26.996695505092326,29206900
2025-05-12,26.457937240600586,26.74200889899414,26.124886421543355,26.536302029298525,57106100
2025-05-13,25.90938377380371,26.575483544944788,25.772243992023068,26.497118756083253,58767100
2025-05-14,25.899587631225586,26.046521375034366,25.76244785108866,25.889791799189812,31519500
2025-05-15,26.77139663696289,26.839965594146822,26.056317700096212,26.056317700096212,35278700
2025-05-16,27.153423309326172,27.20240246782994,26.565688354191778,26.810578541619062,31106000
2025-05-19,27.447294235229492,27.466885899758772,27.143629040117542,27.19260820144074,30996600
2025-05-20,27.212200164794922,27.682388908477137,27.182812667678288,27.476680165388675,24966600
2025-05-21,26.908533096313477,27.20240244196511,26.84975997452869,27.114241825106006,29684200
2025-05-22,26.673439025878906,27.143627741909967,26.653847362286644,27.01628566528801,25901600
2025-05-23,26.859556198120117,26.967308479934285,26.604870175518194,26.918329320762446,31766300
2025-05-27,26.830169677734375,27.065264045211848,26.761600720765603,26.80078404952716,33329200
2025-05-28,26.93792152404785,27.055469640051093,26.75180445219435,26.82037340804461,32270200
2025-05-29,26.82037353515625,26.947717483793618,26.712623119036856,26.91832998756255,27189100
2025-05-30,27.231788635253906,27.231788635253906,26.79098741015103,26.830168869368133,47964900
2025-06-02,27.359132766723633,27.3885183942444,27.035877785447834,27.084855076891717,26935200
2025-06-03,27.388519287109375,27.555044699156777,27.08485595985728,27.319950329507027,26085900
2025-06-04,26.800783157348633,27.398313954159363,26.663643379612427,27.38851812229507,33913500
2025-06-05,27.192607879638672,27.28076850061316,26.771396439063658,26.86935289218686,29186800
2025-06-06,27.506067276000977,27.5256589404701,27.20240395018533,27.20240395018533,22403100
2025-06-09,27.290563583374023,27.5060662796363,27.26117608773485,27.26117608773485,23353600
2025-06-10,27.8391170501709,28.025234118891003,27.280767712374473,27.33954083520465,39959100
2025-06-11,27.760753631591797,28.02523549990646,27.672593008820243,27.897891547741335,32164500
2025-06-12,27.692184448242188,27.888095488524375,27.545250700939558,27.888095488524375,23311700
2025-06-13,27.613819122314453,27.76075286676426,27.535454334050296,27.65300058226457,22428200
2025-06-16,27.3983154296875,27.809731048325006,27.21220021933443,27.574636676012716,32761400
2025-06-17,27.084856033325195,27.398315193708456,27.026082907844327,27.280768942746718,35258600
2025-06-18,27.094650268554688,27.26117567123805,27.026081314808103,27.192606717491465,27985500
2025-06-20,27.202404022216797,27.53545484561804,27.05547027503718,27.114243400236234,51495200
2025-06-23,27.623615264892578,27.721569850050876,27.23178945080359,27.23178945080359,32957200
2025-06-24,27.701980590820312,27.770549549105365,27.45709038645142,27.58443247064309,26007000
2025-06-25,27.349336624145508,27.77054805188913,27.310153296744296,27.564839319760527,26189400
2025-06-26,27.427703857421875,27.525660316299764,27.231790939666098,27.408112191973487,25118500
2025-06-27,27.506067276000977,27.604023729982654,27.329746032506744,27.427702486488425,37337200
2025-06-30,28.34848976135254,28.426854549750562,27.525658548991338,27.545250213181827,42590800
2025-07-01,28.289714813232422,28.593380003570342,28.11339544033277,28.397467098085485,25976400
2025-07-02,27.731365203857422,28.436650162359868,27.711775408182067,28.221145594655713,47012300
2025-07-03,27.780344009399414,27.82932130050859,27.555043612551096,27.711775054501015,21085200
2025-07-07,27.829322814941406,27.888095941143543,27.64320573554331,27.839118647369094,22448700
2025-07-08,27.711774826049805,27.878298361793757,27.506066094686542,27.662795666980514,24955400
2025-07-09,27.525657653808594,27.799933470099774,27.388517877299133,27.75095617958031,34453800
2025-07-10,27.3258113861084,27.52367998999161,27.18730128765401,27.464319597529933,25053100
2025-07-11,26.68273162841797,27.25655375310332,26.336461120702207,27.25655375310332,42713300
2025-07-14,26.870708465576172,27.216980861237086,26.732200262124906,26.732200262124906,30747000
2025-07-15,26.732200622558594,26.831135863657487,26.50465088895407,26.643159094272864,32266200
2025-07-16,26.662946701049805,26.82124233307041,26.59369071088711,26.732200804179723,21934400
2025-07-17,26.7025203704834,26.761880762300038,26.484864342467162,26.514543594859067,24546400
2025-07-18,26.653053283691406,26.751988526559447,26.51454318886303,26.68273253562886,27427900
2025-07-21,27.08836555480957,27.42474425109489,26.959751058951216,27.16751337234536,36229500
2025-07-22,27.127939224243164,27.464317905861474,26.93006874551496,27.157620362162216,35255800
2025-07-23,27.454425811767578,27.454425811767578,25.57466370116123,26.019869473997215,65616300
2025-07-24,27.62261390686035,27.869951065092614,27.395064174174532,27.474211989327546,47332700
2025-07-25,27.701763153076172,28.048035569896197,27.454425982066564,27.612721620550083,33987800
2025-07-28,27.30602264404297,27.632507617401878,27.246662254441194,27.632507617401878,29164400
2025-07-29,27.118045806884766,27.632507547553754,27.029004279190797,27.385170389966675,34202400
2025-07-30,27.207088470458984,27.414850785730362,26.94985758938525,27.048792833957123,30096100
2025-07-31,27.118045806884766,27.424743353923574,27.019110566443384,27.05868541743304,34120000
2025-08-01,27.454425811767578,27.63250887571511,27.04879300479058,27.3455968533479,38817000
2025-08-04,27.385169982910156,27.622613424220432,27.276341031339005,27.493998934481308,29972400
2025-08-05,27.474212646484375,27.672081245583353,27.37527740341848,27.424744081435023,25317400
2025-08-06,27.197195053100586,27.76112350015097,27.157622087061135,27.64240271499976,39247200
2025-08-07,27.76112174987793,27.81059031309944,26.999324746594077,27.15762037483743,35331400
2025-08-08,27.78091049194336,27.949099840802955,27.731443813409935,27.77101677883011,23598200
2025-08-11,27.84027099609375,27.97878109320615,27.7809106042072,27.879845848706672,20602400
2025-08-12,28.17664909362793,28.394307004286556,27.84027040173078,27.84027040173078,30755100
2025-08-13,28.097501754760742,28.285478529788797,28.057928789352786,28.196436998829867,26382700
2025-08-14,28.44377326965332,28.463560695250507,28.10739458263219,28.275583926142755,24530200
2025-08-15,28.562496185302734,28.770258494786844,28.344838275900962,28.43387980483209,37020400
2025-08-18,28.611963272094727,28.839513010604538,28.562496593995313,28.67132366322059,20420600
2025-08-19,28.671323776245117,28.849406837357527,28.493240715132703,28.562496706590835,18890600
2025-08-20,28.968128204345703,29.067061556485275,28.710897337310804,28.7900451512421,34843000
2025-08-21,29.12642478942871,29.24514557071097,28.89887316574426,28.938448017526877,32991000
2025-08-22,28.46356201171875,29.334188020901916,28.374520479445913,29.156104956356238,34012000
2025-08-25,28.433879852294922,28.671323300830018,28.414092426492132,28.463560990999103,19405000
2025-08-26,28.255796432495117,28.651535508321956,27.909524033509346,28.522921016315518,49407900
2025-08-27,28.750471115112305,28.770258540913787,28.196436401900286,28.196436401900286,28026200
2025-08-28,28.631750106811523,28.710897922355624,28.443773337257,28.710897922355624,24658100
2025-08-29,28.978023529052734,29.017596494703515,28.641644829373337,28.71089893453683,26562400
2025-09-02,28.7702579498291,29.08684920801732,28.69111013528205,28.987913968075315,31571100
2025-09-03,28.73068618774414,28.77025915315645,28.146970323408187,28.701005048410288,27245400
2025-09-04,29.26493263244629,29.383655299284026,28.720791636435862,28.869193554708453,31845400
2025-09-05,29.274826049804688,29.47269653019293,29.10663670758451,29.264932337082,25105900
2025-09-08,28.59217643737793,28.82961989382493,27.97878131331472,28.196437343299593,40649300
2025-09-09,29.106637954711914,29.264933590991873,28.52292208829225,28.592176193285628,35105500
2025-09-10,28.888980865478516,29.12642431117704,28.59217514308079,28.938447542361757,25689400
2025-09-11,29.175891876220703,29.185785589305084,28.809833927262716,28.97802327563155,23581000
2025-09-12,29.25503921508789,29.28472035385529,28.97802280139004,29.1066372953165,22794000
2025-09-15,29.304508209228516,29.47269755731006,29.18578553945156,29.294614496161035,31486400
2025-09-16,29.017595291137695,29.334186551343993,28.898872625043953,29.30450730009513,28118200
2025-09-17,29.225360870361328,29.264933836246545,28.938448847803915,29.017596666607194,25967200
2025-09-18,28.888980865478516,29.15610356249388,28.82961858877931,29.037382783161,30142900
2025-09-19,28.701004028320312,28.997807862978526,28.621856213275937,28.948341186213074,62155700
2025-09-22,28.611963272094727,28.760365193425788,28.433880211684333,28.631750698147616,25835300
2025-09-23,28.483348846435547,28.70100487245091,28.255797220336742,28.611963342028076,28805800
2025-09-24,28.018354415893555,28.443774651740497,27.869952490769307,28.38441425909737,28858700
2025-09-25,27.998565673828125,28.44377331531574,27.988673848046417,28.196436156052126,25658500
2025-09-26,28.008459091186523,28.265689960551136,27.949098701958615,28.077713193124545,25455100
2025-09-29,27.77101707458496,28.038141670389045,27.583040297496954,27.94910013845435,28739600
2025-09-30,27.939205169677734,28.048034123159002,27.751228401037203,27.840269928970468,34049500
2025-10-01,27.256553649902344,27.86005691026376,27.226874399086363,27.75122795851787,38415100
2025-10-02,26.722307205200195,27.137833712783603,26.593690824239758,27.108152574015936,39597200
2025-10-03,26.771774291992188,26.930069927107088,26.702520187508522,26.73220132672987,34891700
2025-10-06,25.594449996948242,26.435394826388737,25.56476885859056,26.25731365734096,63474300
2025-10-07,25.88136100769043,26.019869217380116,25.57466344893491,25.643917553779755,43249600
2025-10-08,25.970401763916016,26.06933700518511,25.742852029920044,25.950614338255644,36913200
2025-10-09,25.82200050354004,26.19795216550348,25.812106790457737,25.970402425708954,33129200
2025-10-10,25.8700008392334,26.239999771118164,25.709999084472656,25.84000015258789,35155400
